customer_id,state,signup_date
1,AZ,2023-03-28
2,TX,2025-05-30
3,TX,2025-07-18
4,PA,2023-06-09
5,MI,2024-03-21
6,WA,2023-03-23
7,DE,2025-10-27
8,NJ,2023-07-01
9,MA,2025-05-19
10,WA,2025-08-23
11,FL,2024-04-22
12,MI,2023-07-02
13,MA,2023-06-23
14,CA,2023-01-14
15,WA,2023-03-14
16,OH,2024-05-28
17,NY,2024-08-24
18,NY,2023-12-09
19,PA,2023-11-29
20,PA,2023-12-21
21,NC,2025-04-26
22,MO,2023-06-12
23,MI,2023-04-26
24,GA,2026-01-07
25,MI,2025-10-28
26,FL,2025-11-12
27,FL,2025-03-01
28,TX,2024-06-26
29,TX,2024-02-18
30,NC,2024-11-12
31,CA,2024-10-03
32,WA,2024-10-30
33,WA,2023-01-22
34,IL,2025-08-26
35,WA,2023-11-26
36,FL,2025-11-11
37,WA,2025-06-20
38,KY,2024-12-24
39,NE,2023-09-09
40,IL,2023-07-24
41,GA,2025-04-11
42,CA,2025-03-01
43,FL,2025-12-20
44,WA,2024-04-09
45,NV,2024-01-29
46,TX,2025-10-17
47,MA,2024-10-21
48,SD,2025-06-30
49,IL,2024-06-13
50,GA,2025-11-24
51,NY,2023-02-26
52,TN,2024-06-05
53,GA,2023-12-27
54,PA,2023-08-22
55,FL,2023-08-11
56,TX,2023-11-23
57,WA,2026-01-26
58,NJ,2025-04-15
59,UT,2024-05-03
60,IL,2024-04-22
61,VA,2025-09-11
62,CO,2025-03-02
63,GA,2024-05-26
64,VA,2025-10-09
65,IN,2024-01-17
66,CA,2024-03-27
67,MN,2026-02-16
68,TX,2023-08-02
69,NY,2024-07-18
70,CO,2025-01-01
71,CA,2024-03-14
72,KY,2025-01-24
73,NC,2024-09-20
74,MI,2025-06-21
75,CA,2025-12-01
76,CO,2024-01-30
77,PA,2023-09-04
78,NY,2025-06-23
79,NY,2023-09-05
80,NJ,2024-08-21
81,FL,2025-05-14
82,NJ,2023-03-25
83,PA,2025-02-11
84,WA,2023-02-20
85,OK,2024-07-03
86,IN,2025-02-09
87,FL,2025-09-07
88,CA,2024-04-09
89,TX,2024-02-23
90,WA,2023-03-28
91,AZ,2023-09-16
92,WY,2023-11-07
93,FL,2023-06-22
94,MN,2025-07-28
95,CO,2024-05-19
96,NJ,2023-11-25
97,NY,2023-07-15
98,WA,2023-03-03
99,TX,2025-11-14
100,FL,2024-07-15
101,IL,2025-06-15
102,VA,2025-12-11
103,CA,2025-04-23
104,NY,2023-02-09
105,FL,2024-12-28
106,VA,2024-04-01
107,MO,2025-05-27
108,PA,2025-02-26
109,MO,2023-01-02
110,WA,2026-02-03
111,FL,2023-08-04
112,FL,2025-02-15
113,NY,2024-11-09
114,TN,2024-02-18
115,FL,2023-07-29
116,PA,2025-12-17
117,CO,2023-02-12
118,IL,2023-05-18
119,CA,2024-09-29
120,ND,2024-04-13
121,AL,2024-12-26
122,NY,2023-07-21
123,TX,2023-07-11
124,IL,2023-04-17
125,LA,2023-11-23
126,SD,2025-01-19
127,TX,2024-10-05
128,PA,2023-12-23
129,MD,2024-08-17
130,WA,2024-05-15
131,MI,2024-04-12
132,NY,2024-05-22
133,GA,2023-04-16
134,NV,2025-12-25
135,SD,2023-07-14
136,CA,2023-02-16
137,WA,2025-10-05
138,NY,2024-06-20
139,MA,2025-04-26
140,PA,2024-12-09
141,CA,2025-03-18
142,TX,2024-09-03
143,OK,2023-04-25
144,CO,2024-11-10
145,MA,2024-09-22
146,OH,2023-08-07
147,OH,2023-07-16
148,CA,2024-02-05
149,AZ,2025-01-18
150,IN,2024-11-11
151,NY,2023-03-17
152,OR,2023-10-14
153,TX,2025-05-10
154,TX,2025-01-11
155,VA,2023-10-21
156,CA,2025-03-19
157,VA,2025-06-04
158,KY,2024-02-18
159,AZ,2024-03-06
160,MA,2026-01-24
161,MA,2023-06-20
162,MN,2024-06-27
163,PA,2025-09-15
164,CA,2023-03-13
165,CO,2025-10-19
166,MD,2024-06-15
167,FL,2023-08-27
168,OK,2024-12-11
169,OH,2024-07-30
170,CO,2026-01-17
171,OH,2024-12-13
172,CA,2024-10-03
173,WI,2024-08-12
174,CT,2023-07-09
175,AL,2025-03-22
176,NY,2025-10-11
177,CA,2024-09-16
178,NY,2024-09-20
179,WA,2025-06-07
180,WA,2025-11-24
181,PA,2025-02-22
182,NY,2024-11-01
183,NY,2024-12-22
184,MD,2024-06-09
185,MA,2024-06-20
186,MD,2025-04-26
187,CA,2025-09-22
188,PA,2026-01-29
189,KS,2025-07-02
190,CO,2023-06-27
191,NY,2023-10-03
192,MI,2023-11-08
193,WA,2025-03-01
194,VA,2024-11-28
195,CA,2023-01-27
196,NC,2025-07-01
197,CA,2024-02-26
198,OH,2025-11-03
199,MA,2024-05-15
200,NY,2025-06-26
201,PA,2023-11-21
202,CA,2023-10-12
203,NC,2026-01-17
204,WV,2025-12-04
205,MN,2024-05-12
206,CO,2025-06-30
207,CA,2023-05-25
208,AZ,2025-08-05
209,VA,2023-03-23
210,CA,2025-09-06
211,OR,2026-02-02
212,IL,2024-05-02
213,WA,2023-03-23
214,OR,2023-04-04
215,WA,2023-12-09
216,MA,2025-03-07
217,NY,2023-12-27
218,FL,2025-12-25
219,MO,2024-09-15
220,NY,2025-05-17
221,WA,2024-03-04
222,ND,2023-06-20
223,TX,2024-07-31
224,SC,2023-03-09
225,SC,2025-11-23
226,CA,2023-01-01
227,MA,2023-05-31
228,IL,2025-06-20
229,FL,2023-09-15
230,CA,2025-01-19
231,TX,2024-09-19
232,CA,2025-03-05
233,TX,2023-01-19
234,MD,2023-02-04
235,LA,2024-01-06
236,CA,2024-05-05
237,TX,2025-03-27
238,DE,2023-01-07
239,PA,2024-07-02
240,NC,2024-01-06
241,CA,2025-01-26
242,MA,2026-02-12
243,ND,2024-07-27
244,FL,2024-11-11
245,CA,2023-03-29
246,MA,2024-04-07
247,NH,2025-12-07
248,FL,2024-04-25
249,MD,2025-04-02
250,MD,2024-06-07
251,NY,2023-07-30
252,MA,2023-09-01
253,AZ,2023-08-27
254,WA,2025-02-07
255,NY,2023-08-23
256,ME,2023-07-06
257,NC,2024-12-13
258,NV,2024-05-11
259,CA,2023-07-06
260,TX,2025-07-24
261,IL,2023-11-09
262,CA,2025-03-29
263,AK,2023-01-22
264,TX,2023-03-09
265,FL,2024-01-27
266,NY,2025-12-24
267,CA,2024-12-29
268,TX,2024-06-24
269,TX,2024-07-21
270,NC,2025-06-18
271,TX,2023-07-31
272,FL,2023-07-19
273,CA,2025-09-13
274,FL,2023-06-27
275,PA,2025-07-19
276,NY,2023-02-13
277,GA,2023-06-17
278,TX,2023-10-14
279,NC,2024-12-09
280,CA,2023-12-03
281,KY,2024-08-08
282,CA,2023-07-02
283,NY,2023-01-16
284,OR,2025-06-05
285,CA,2025-04-16
286,AZ,2023-04-20
287,RI,2023-11-02
288,NV,2025-09-06
289,AZ,2023-01-06
290,ID,2025-04-22
291,WA,2023-12-27
292,NV,2024-10-17
293,FL,2026-01-28
294,KS,2026-01-18
295,NY,2025-09-10
296,NE,2024-12-24
297,TN,2026-01-09
298,MO,2023-04-25
299,NY,2023-10-03
300,GA,2023-03-21
301,CA,2023-06-28
302,MI,2024-07-14
303,CA,2024-05-23
304,CA,2023-09-17
305,TX,2023-10-19
306,UT,2025-06-03
307,FL,2023-10-18
308,PA,2024-06-25
309,CO,2025-02-02
310,TX,2025-12-22
311,CO,2024-08-16
312,VA,2025-08-05
313,TX,2024-04-24
314,WA,2024-01-16
315,MA,2023-11-06
316,KS,2025-12-15
317,CO,2025-04-26
318,AR,2024-02-29
319,PA,2024-10-22
320,IL,2023-08-14
321,CA,2023-01-25
322,MA,2023-04-05
323,OK,2024-05-22
324,NY,2024-07-18
325,CA,2024-10-05
326,WA,2024-05-04
327,FL,2024-04-03
328,WI,2025-06-19
329,CA,2023-12-04
330,SC,2025-08-20
331,NJ,2023-12-11
332,LA,2024-07-29
333,GA,2025-07-31
334,MD,2023-12-12
335,FL,2023-11-21
336,FL,2024-04-11
337,WA,2023-04-01
338,OH,2023-10-21
339,FL,2024-06-07
340,TX,2025-04-29
341,NM,2023-09-16
342,AL,2026-01-15
343,FL,2023-07-05
344,NC,2023-12-10
345,TX,2025-03-31
346,NY,2025-01-10
347,FL,2024-07-22
348,FL,2025-08-07
349,UT,2024-05-23
350,CT,2023-01-16
351,AZ,2024-06-08
352,NH,2023-07-19
353,WA,2023-11-05
354,TX,2023-09-16
355,CA,2024-02-29
356,TX,2025-02-17
357,NY,2025-11-10
358,CA,2024-09-30
359,GA,2025-07-08
360,FL,2025-10-08
361,PA,2023-12-16
362,NY,2025-08-18
363,NJ,2024-03-13
364,NY,2024-03-31
365,TX,2024-09-15
366,OH,2026-01-08
367,PA,2024-10-04
368,FL,2024-01-27
369,PA,2024-07-27
370,NJ,2023-02-02
371,AL,2025-07-09
372,CO,2024-02-14
373,TX,2025-10-19
374,OH,2026-01-19
375,OR,2024-02-17
376,NY,2023-10-26
377,CT,2023-03-14
378,MA,2023-09-18
379,OR,2024-11-20
380,TX,2025-08-16
381,FL,2025-01-01
382,MS,2024-11-15
383,VA,2025-04-19
384,MN,2023-12-01
385,NJ,2025-01-01
386,NY,2025-03-14
387,MA,2024-01-25
388,MD,2025-01-29
389,VA,2025-06-01
390,CA,2025-08-29
391,CA,2025-12-30
392,FL,2025-07-29
393,AR,2026-01-20
394,IL,2025-06-21
395,TX,2023-01-24
396,FL,2024-07-10
397,NY,2024-12-01
398,WA,2024-02-07
399,NY,2024-03-16
400,MO,2025-05-31
401,MA,2025-07-14
402,TX,2024-04-29
403,KS,2025-12-26
404,FL,2023-01-31
405,AL,2023-11-18
406,CA,2024-07-19
407,AZ,2023-01-10
408,MA,2024-11-08
409,MA,2025-04-30
410,CA,2025-07-15
411,CA,2023-10-12
412,FL,2023-06-02
413,AR,2024-01-06
414,GA,2023-10-28
415,FL,2023-05-26
416,GA,2025-12-11
417,NY,2024-12-02
418,NY,2023-05-21
419,FL,2026-01-16
420,WI,2023-03-25
421,IL,2026-02-03
422,TX,2023-01-21
423,MS,2025-10-26
424,CT,2025-08-24
425,FL,2026-01-15
426,RI,2024-03-28
427,ND,2023-12-08
428,WA,2024-01-28
429,NC,2025-09-29
430,WA,2026-02-10
431,TX,2025-08-28
432,CA,2023-06-07
433,TX,2025-03-21
434,TX,2024-11-29
435,WA,2023-06-15
436,NY,2023-02-03
437,MS,2023-09-12
438,CA,2023-10-29
439,GA,2023-08-08
440,MA,2025-11-21
441,WA,2025-07-23
442,FL,2024-05-23
443,NV,2025-08-10
444,TX,2023-08-03
445,CA,2023-09-02
446,SC,2023-01-20
447,WI,2023-07-29
448,TX,2024-03-01
449,IL,2025-09-26
450,CA,2025-09-07
451,CA,2023-03-13
452,IN,2023-06-27
453,WA,2023-10-26
454,VA,2023-09-23
455,NE,2024-06-03
456,TX,2023-10-02
457,CA,2025-08-05
458,CA,2023-02-22
459,AZ,2025-03-22
460,OK,2024-05-03
461,MA,2024-05-16
462,FL,2023-11-03
463,PA,2024-02-21
464,WI,2024-05-23
465,NC,2025-07-09
466,TX,2024-09-29
467,MN,2024-10-27
468,NY,2023-01-06
469,NY,2024-02-26
470,GA,2024-01-25
471,TX,2023-11-30
472,AZ,2023-12-04
473,FL,2025-04-27
474,TX,2026-01-16
475,IA,2023-09-26
476,CA,2023-03-06
477,NC,2024-11-08
478,CA,2025-12-23
479,MN,2024-10-18
480,TX,2025-02-19
481,CA,2023-11-25
482,NC,2024-06-01
483,MI,2025-05-11
484,NJ,2024-02-25
485,CA,2023-11-05
486,TX,2025-03-24
487,MA,2025-04-25
488,TX,2025-08-19
489,MD,2024-12-21
490,NY,2025-12-01
491,GA,2024-08-12
492,ND,2023-11-16
493,LA,2025-10-07
494,TX,2024-03-20
495,CA,2023-10-13
496,DE,2023-06-20
497,UT,2023-09-20
498,SC,2025-07-30
499,WA,2023-05-22
500,OH,2024-09-19
501,NY,2024-08-15
502,WA,2024-02-20
503,MO,2023-01-25
504,NY,2024-09-18
505,KY,2023-04-04
506,IL,2023-11-01
507,WA,2023-07-04
508,TX,2023-10-10
509,SC,2024-11-16
510,IL,2025-05-12
511,MD,2024-11-15
512,WI,2024-10-27
513,SC,2025-11-03
514,TX,2025-06-08
515,FL,2025-03-26
516,CO,2023-12-07
517,MA,2024-08-26
518,KS,2025-01-03
519,WA,2025-03-29
520,MA,2025-06-25
521,GA,2026-02-05
522,WA,2024-06-23
523,AK,2024-03-14
524,CA,2025-09-14
525,TX,2024-10-27
526,FL,2024-01-19
527,NY,2024-08-04
528,TX,2023-06-09
529,OR,2024-03-07
530,IL,2024-09-06
531,CA,2024-05-02
532,DE,2023-12-09
533,GA,2023-04-19
534,CA,2025-04-28
535,VA,2023-10-28
536,WA,2024-12-05
537,NY,2025-12-30
538,PA,2023-09-26
539,MI,2024-04-22
540,VA,2023-06-25
541,TX,2023-08-27
542,IL,2025-06-11
543,PA,2024-09-01
544,MI,2025-05-08
545,FL,2024-05-06
546,MD,2023-04-09
547,NC,2023-11-25
548,CA,2024-03-20
549,PA,2025-09-24
550,WI,2023-10-22
551,CO,2024-03-17
552,NY,2025-03-05
553,IL,2025-06-09
554,MN,2023-01-31
555,CA,2026-02-28
556,CT,2024-03-13
557,NY,2023-10-13
558,PA,2023-10-18
559,WA,2024-01-03
560,TX,2024-04-30
561,NC,2024-07-08
562,CA,2023-06-17
563,MN,2025-02-09
564,PA,2023-03-19
565,UT,2025-04-30
566,IL,2026-01-13
567,CA,2025-06-10
568,NY,2024-10-22
569,MD,2024-08-11
570,IL,2025-01-31
571,MA,2024-07-18
572,FL,2025-03-22
573,TX,2023-10-29
574,ME,2023-10-20
575,WA,2023-10-21
576,UT,2023-04-19
577,NC,2023-12-31
578,WI,2024-08-22
579,MO,2024-11-08
580,ID,2023-04-03
581,AZ,2025-12-23
582,MD,2024-03-03
583,MI,2024-09-29
584,GA,2024-01-03
585,MI,2023-04-15
586,MI,2023-07-28
587,CA,2025-10-08
588,IL,2024-04-18
589,OR,2025-12-20
590,TX,2023-01-12
591,MA,2024-04-10
592,WA,2024-10-10
593,WA,2026-01-02
594,NY,2025-05-24
595,IL,2024-01-21
596,MA,2025-06-02
597,VA,2024-07-08
598,PA,2025-11-28
599,CA,2024-10-15
600,CA,2025-05-14
601,AZ,2025-09-15
602,AZ,2023-12-19
603,NH,2024-05-28
604,UT,2025-03-14
605,MA,2023-12-09
606,GA,2023-12-02
607,MA,2023-01-24
608,TX,2025-06-03
609,FL,2023-04-14
610,CA,2024-07-27
611,VA,2025-02-13
612,NY,2025-06-05
613,MA,2023-08-31
614,ME,2023-12-08
615,CA,2024-09-24
616,NY,2025-05-14
617,TX,2023-06-22
618,NE,2023-04-13
619,AL,2023-06-09
620,NY,2024-12-14
621,DE,2024-07-10
622,OH,2024-07-29
623,PA,2023-07-15
624,KS,2025-09-15
625,UT,2025-07-22
626,WA,2023-03-11
627,VA,2025-04-22
628,NC,2023-09-04
629,FL,2023-11-25
630,NY,2023-06-07
631,MA,2025-07-06
632,TX,2024-11-28
633,FL,2025-01-12
634,MS,2024-08-07
635,MA,2023-02-24
636,NJ,2024-04-30
637,FL,2024-02-14
638,WY,2025-08-17
639,VA,2025-06-23
640,NY,2024-12-27
641,CA,2025-11-04
642,NE,2023-05-27
643,AR,2025-11-14
644,GA,2023-11-29
645,CA,2023-10-17
646,TX,2024-07-23
647,MD,2025-03-01
648,UT,2025-06-27
649,MA,2026-02-19
650,FL,2023-01-27
651,TX,2025-12-25
652,CA,2026-01-29
653,CA,2025-07-14
654,MS,2024-01-23
655,MD,2026-01-22
656,NY,2025-12-26
657,NY,2023-09-07
658,NC,2023-05-22
659,MN,2023-09-24
660,MD,2023-08-03
661,NY,2024-05-03
662,SD,2024-05-10
663,TX,2024-04-24
664,CO,2024-10-04
665,CO,2023-01-01
666,ME,2025-10-29
667,VA,2025-04-20
668,CO,2024-01-15
669,IL,2025-04-23
670,MN,2023-10-29
671,CA,2024-10-11
672,CA,2025-03-19
673,MS,2023-12-05
674,IL,2025-09-25
675,FL,2024-10-27
676,FL,2024-02-08
677,MD,2023-09-04
678,WA,2024-07-12
679,MN,2025-02-16
680,MA,2023-04-21
681,IN,2025-09-14
682,CA,2025-03-23
683,MA,2025-07-18
684,MA,2025-06-04
685,TX,2025-06-27
686,NE,2025-03-01
687,AL,2023-10-19
688,MA,2023-06-24
689,CA,2023-04-19
690,NY,2025-08-19
691,TX,2025-04-27
692,MA,2025-11-03
693,FL,2024-11-23
694,MN,2025-08-21
695,MA,2023-02-12
696,NV,2024-04-05
697,WY,2026-01-30
698,TX,2024-12-05
699,GA,2025-10-29
700,MO,2023-05-29
701,AR,2023-12-04
702,TX,2025-09-29
703,MI,2023-08-12
704,CA,2026-02-07
705,UT,2023-12-20
706,CA,2026-01-12
707,MI,2024-07-08
708,WY,2023-03-07
709,IL,2024-09-12
710,NY,2026-01-14
711,CO,2023-03-25
712,GA,2023-08-15
713,VA,2025-06-10
714,NY,2025-10-09
715,LA,2023-01-20
716,GA,2025-11-24
717,CA,2025-01-24
718,NJ,2025-07-29
719,NY,2023-09-27
720,CA,2024-02-10
721,PA,2023-10-31
722,MD,2025-10-05
723,WI,2025-03-20
724,CA,2025-11-18
725,VA,2024-01-26
726,AZ,2025-06-27
727,TX,2023-05-22
728,RI,2024-10-07
729,TX,2025-03-19
730,CA,2025-08-05
731,IL,2023-09-02
732,NJ,2025-02-04
733,TX,2025-05-25
734,FL,2025-06-30
735,PA,2025-10-25
736,KY,2025-07-08
737,OH,2025-07-27
738,NY,2024-03-24
739,TX,2023-09-23
740,IL,2023-09-07
741,MN,2025-08-12
742,GA,2024-06-26
743,IL,2024-09-23
744,GA,2026-01-07
745,MN,2025-06-25
746,PA,2024-06-04
747,LA,2025-06-02
748,AR,2025-01-03
749,SC,2023-05-24
750,OH,2026-02-17
751,TX,2025-08-01
752,WA,2024-07-18
753,TX,2023-03-11
754,VA,2024-09-24
755,FL,2025-06-07
756,OH,2025-03-11
757,CA,2023-06-29
758,OR,2024-08-15
759,CO,2024-07-20
760,IN,2024-11-21
761,WA,2026-02-07
762,GA,2024-10-26
763,PA,2024-02-10
764,HI,2025-09-12
765,MN,2024-09-28
766,PA,2026-01-19
767,NY,2025-11-26
768,LA,2024-05-31
769,NY,2025-04-29
770,NC,2025-06-26
771,NM,2023-11-12
772,TX,2023-01-27
773,TX,2023-02-24
774,MO,2023-09-06
775,TN,2023-09-30
776,FL,2023-07-10
777,TX,2024-07-28
778,NY,2025-05-06
779,ND,2024-09-07
780,IN,2025-10-14
781,LA,2024-11-03
782,IL,2024-11-13
783,CA,2023-04-19
784,CA,2024-10-13
785,FL,2025-09-07
786,SC,2026-01-31
787,AR,2023-08-14
788,IN,2023-12-19
789,NY,2023-05-25
790,WA,2025-07-03
791,TX,2026-03-01
792,NY,2026-01-21
793,NJ,2023-09-30
794,MA,2024-06-17
795,FL,2024-04-04
796,CA,2025-07-29
797,PA,2025-10-31
798,FL,2023-06-30
799,WA,2023-01-29
800,FL,2024-06-15
801,WA,2025-10-25
802,PA,2023-05-20
803,CA,2025-11-17
804,MO,2023-04-08
805,SC,2023-09-19
806,PA,2023-01-19
807,TX,2023-01-12
808,VT,2024-06-20
809,WA,2023-09-16
810,NJ,2023-01-24
811,NJ,2025-10-28
812,WA,2023-08-16
813,NY,2024-01-11
814,ME,2026-02-20
815,CA,2026-01-18
816,MA,2023-08-12
817,TX,2025-01-05
818,TX,2023-09-14
819,TN,2024-05-29
820,FL,2025-04-12
821,CA,2024-12-01
822,NY,2025-06-29
823,WI,2024-11-29
824,HI,2024-03-13
825,TX,2023-02-06
826,VA,2023-04-16
827,CA,2024-09-06
828,MI,2023-08-20
829,WA,2025-05-16
830,SC,2025-11-06
831,FL,2025-08-17
832,NE,2023-10-05
833,IL,2023-05-05
834,FL,2024-11-05
835,NC,2024-12-15
836,TX,2024-10-28
837,TX,2025-07-01
838,NY,2024-01-30
839,NH,2025-02-11
840,IL,2023-07-05
841,OH,2024-04-10
842,MA,2025-12-16
843,CO,2024-04-02
844,CO,2025-09-27
845,MT,2023-03-15
846,VA,2026-01-13
847,TX,2024-09-23
848,CA,2025-11-03
849,NY,2025-04-19
850,MA,2025-06-30
851,WA,2025-03-04
852,MD,2023-02-18
853,OR,2025-08-23
854,CA,2023-12-25
855,MS,2023-08-30
856,PA,2025-12-12
857,CO,2025-12-28
858,WA,2023-02-25
859,NC,2025-05-28
860,NV,2023-09-12
861,VA,2023-01-05
862,RI,2025-12-11
863,AZ,2023-11-25
864,CT,2023-04-08
865,CA,2025-09-07
866,VA,2025-09-29
867,NC,2025-02-21
868,CA,2024-07-30
869,IN,2023-11-23
870,GA,2023-08-31
871,CA,2024-01-02
872,CO,2025-02-12
873,MA,2024-12-24
874,TX,2023-08-22
875,CA,2024-10-13
876,FL,2023-11-29
877,GA,2024-05-09
878,FL,2026-02-12
879,TX,2024-01-04
880,OH,2026-02-27
881,MN,2023-04-05
882,MI,2025-06-25
883,CA,2026-01-29
884,IL,2025-03-12
885,PA,2023-07-27
886,OH,2024-08-29
887,LA,2024-04-17
888,FL,2025-10-28
889,WA,2023-05-16
890,MI,2024-09-01
891,VA,2025-06-29
892,PA,2023-09-18
893,FL,2024-04-02
894,NY,2023-08-20
895,NY,2023-04-11
896,CA,2023-05-27
897,CA,2024-12-17
898,MO,2024-05-21
899,WA,2024-07-11
900,CA,2023-04-14
901,LA,2023-12-02
902,TX,2024-03-21
903,TX,2025-01-03
904,NY,2024-03-19
905,ME,2023-04-28
906,CA,2025-07-17
907,MI,2024-12-23
908,KS,2024-07-20
909,VA,2023-03-29
910,WI,2024-04-20
911,TX,2023-10-22
912,VA,2024-12-20
913,AZ,2025-09-21
914,MA,2025-04-23
915,NV,2024-11-16
916,NJ,2024-09-30
917,LA,2025-08-18
918,OH,2025-07-23
919,IL,2025-06-08
920,IL,2025-07-02
921,MA,2026-01-15
922,CA,2024-02-10
923,PA,2025-12-23
924,WA,2023-04-29
925,NY,2023-12-07
926,CA,2023-11-09
927,MA,2023-06-12
928,CA,2023-10-20
929,ND,2024-11-20
930,WA,2024-11-03
931,WA,2024-02-03
932,CA,2025-06-27
933,WA,2024-05-01
934,CA,2025-11-13
935,CA,2025-12-18
936,FL,2025-01-18
937,CT,2023-08-28
938,MA,2023-11-07
939,CA,2023-11-17
940,NY,2024-11-02
941,OH,2024-07-25
942,OH,2024-02-18
943,OH,2024-02-06
944,FL,2023-02-28
945,FL,2023-02-22
946,MD,2025-12-23
947,WA,2024-09-24
948,MI,2026-02-16
949,CO,2023-10-13
950,FL,2023-01-18
951,CA,2025-10-25
952,CA,2023-06-09
953,KY,2023-05-22
954,MA,2024-02-01
955,AK,2025-11-07
956,FL,2024-08-02
957,TX,2026-02-11
958,FL,2024-06-17
959,FL,2025-06-29
960,NC,2024-04-05
961,CA,2023-10-13
962,MN,2025-10-25
963,WA,2023-05-09
964,WA,2025-08-13
965,MA,2024-11-01
966,MA,2024-05-13
967,IL,2023-10-03
968,FL,2026-01-11
969,MA,2026-02-15
970,WA,2023-01-29
971,IL,2025-10-01
972,GA,2024-10-11
973,TX,2023-01-31
974,IL,2025-04-22
975,CO,2023-12-02
976,CA,2024-07-23
977,IL,2023-11-09
978,TX,2024-08-21
979,WA,2026-02-20
980,TN,2025-05-14
981,FL,2024-01-06
982,MA,2025-03-15
983,CA,2023-11-10
984,FL,2023-01-28
985,NC,2025-08-23
986,FL,2025-10-26
987,NY,2024-04-17
988,TX,2025-11-22
989,ID,2023-03-30
990,CA,2023-02-09
991,MA,2024-11-11
992,CA,2024-01-10
993,PA,2025-09-24
994,NY,2024-01-28
995,NC,2025-11-07
996,TX,2023-05-12
997,NJ,2023-10-17
998,FL,2025-03-16
999,CA,2023-07-28
1000,TX,2023-11-23
1001,CA,2025-09-18
1002,IL,2024-05-17
1003,TX,2023-10-06
1004,NC,2025-02-26
1005,IL,2025-10-03
1006,CA,2025-08-09
1007,FL,2023-10-04
1008,IL,2026-01-04
1009,CO,2023-10-25
1010,CA,2024-03-08
1011,NC,2025-10-06
1012,FL,2026-02-09
1013,NY,2025-12-31
1014,MD,2023-11-13
1015,CA,2025-11-10
1016,KS,2023-05-01
1017,AZ,2024-10-14
1018,MA,2023-10-31
1019,CA,2025-07-24
1020,WA,2024-12-21
1021,NC,2024-05-10
1022,WI,2023-07-04
1023,GA,2025-06-06
1024,WA,2025-03-18
1025,MA,2023-11-28
1026,NV,2024-12-13
1027,FL,2024-07-29
1028,CA,2023-12-16
1029,MA,2025-04-17
1030,IA,2023-11-16
1031,WA,2024-06-20
1032,NY,2024-02-16
1033,CA,2025-06-24
1034,NY,2024-06-16
1035,FL,2024-05-16
1036,CO,2025-07-02
1037,VA,2025-12-27
1038,CA,2025-11-30
1039,NM,2024-06-10
1040,TX,2024-12-11
1041,NY,2025-01-19
1042,PA,2025-08-13
1043,NJ,2023-04-22
1044,TX,2024-04-07
1045,VA,2023-02-21
1046,TX,2023-09-12
1047,LA,2023-10-27
1048,UT,2025-08-15
1049,CA,2024-03-02
1050,NY,2025-09-16
1051,AZ,2023-11-03
1052,CA,2023-04-09
1053,CT,2023-05-01
1054,FL,2025-11-19
1055,OH,2023-08-18
1056,CA,2024-10-12
1057,NY,2025-11-20
1058,CA,2024-09-20
1059,NY,2025-08-05
1060,WA,2024-05-31
1061,IL,2025-04-24
1062,SC,2025-04-12
1063,NC,2025-03-30
1064,AZ,2025-03-21
1065,CA,2025-01-31
1066,TX,2023-11-15
1067,VT,2023-04-21
1068,PA,2025-03-17
1069,OR,2025-11-06
1070,CA,2024-05-01
1071,CA,2025-03-21
1072,CA,2024-05-31
1073,CA,2026-02-26
1074,SC,2025-04-14
1075,TX,2024-09-15
1076,WV,2025-11-13
1077,OH,2026-03-01
1078,TX,2024-07-09
1079,VT,2024-05-11
1080,NV,2025-06-06
1081,NY,2024-01-17
1082,NY,2023-08-04
1083,NJ,2025-01-25
1084,CA,2024-06-26
1085,CO,2025-07-04
1086,CA,2025-10-31
1087,TX,2023-03-23
1088,AR,2025-09-20
1089,IL,2023-06-15
1090,CO,2023-07-27
1091,TX,2023-01-24
1092,MA,2025-03-17
1093,NY,2025-06-05
1094,IL,2024-11-21
1095,CA,2023-11-28
1096,CA,2025-09-28
1097,NJ,2023-08-29
1098,CA,2025-04-15
1099,IL,2023-06-30
1100,TX,2026-01-11
1101,NY,2023-03-31
1102,CO,2024-03-14
1103,TX,2024-06-26
1104,MA,2023-07-12
1105,NY,2024-05-02
1106,NY,2024-09-03
1107,CA,2026-01-17
1108,CA,2025-08-12
1109,PA,2026-02-20
1110,MN,2025-12-06
1111,OR,2023-05-26
1112,ID,2025-10-23
1113,NY,2023-11-23
1114,NY,2025-09-14
1115,MA,2026-01-09
1116,WI,2023-06-02
1117,MN,2024-02-06
1118,PA,2025-03-30
1119,NY,2024-05-02
1120,WA,2023-03-08
1121,MI,2023-03-30
1122,FL,2023-07-21
1123,CA,2024-03-03
1124,CO,2025-07-28
1125,MI,2023-12-05
1126,AZ,2023-03-20
1127,NY,2024-01-13
1128,FL,2023-06-14
1129,WA,2025-01-18
1130,WA,2025-07-25
1131,CA,2023-06-04
1132,WA,2026-02-20
1133,IL,2025-11-29
1134,AZ,2023-06-18
1135,CO,2025-12-29
1136,WA,2025-03-02
1137,OK,2025-09-29
1138,GA,2023-12-20
1139,HI,2023-11-24
1140,NV,2024-05-12
1141,VA,2023-12-11
1142,LA,2024-10-04
1143,VT,2025-02-27
1144,TX,2024-01-12
1145,NJ,2024-03-09
1146,SC,2024-05-15
1147,CA,2026-01-13
1148,MD,2024-06-04
1149,CA,2024-07-15
1150,SC,2024-05-27
1151,GA,2024-05-30
1152,NY,2024-05-11
1153,CA,2024-08-24
1154,TN,2025-10-11
1155,NY,2024-10-28
1156,NE,2023-12-31
1157,CA,2025-08-24
1158,IN,2023-12-30
1159,WA,2023-04-18
1160,NV,2025-11-03
1161,MN,2025-11-12
1162,MO,2024-09-14
1163,MA,2023-11-17
1164,AZ,2024-05-24
1165,FL,2024-11-02
1166,CA,2025-11-30
1167,TX,2023-10-31
1168,CA,2025-08-26
1169,FL,2023-12-31
1170,IL,2025-01-07
1171,CA,2025-09-15
1172,CA,2025-10-17
1173,NJ,2023-06-01
1174,CA,2023-09-16
1175,CA,2024-12-07
1176,IL,2023-08-11
1177,MI,2023-08-18
1178,MT,2024-03-14
1179,TX,2023-05-30
1180,CA,2025-06-28
1181,CA,2025-09-04
1182,NY,2024-09-26
1183,CA,2024-02-03
1184,CA,2024-09-13
1185,TX,2023-05-23
1186,NY,2025-08-05
1187,CA,2025-12-29
1188,FL,2023-02-23
1189,TN,2025-04-23
1190,TX,2025-07-26
1191,AZ,2024-07-05
1192,MI,2025-11-16
1193,CA,2023-10-26
1194,NH,2024-11-22
1195,NY,2024-07-11
1196,MI,2024-03-20
1197,WA,2023-04-08
1198,NV,2026-02-23
1199,WY,2023-02-27
1200,NY,2023-06-26
1201,CT,2024-12-19
1202,IL,2024-10-27
1203,ME,2025-11-16
1204,VA,2023-11-19
1205,CO,2024-11-05
1206,TX,2025-04-25
1207,MI,2023-03-31
1208,TX,2023-05-11
1209,MO,2025-11-18
1210,MT,2024-10-23
1211,CA,2026-01-14
1212,ID,2023-02-27
1213,FL,2025-12-16
1214,IL,2025-09-20
1215,SC,2025-11-14
1216,OR,2023-07-09
1217,TX,2025-08-16
1218,CA,2023-03-17
1219,IN,2024-01-06
1220,OH,2025-06-17
1221,WI,2025-04-30
1222,WA,2024-05-20
1223,IL,2023-07-02
1224,MA,2023-06-03
1225,FL,2025-06-21
1226,FL,2025-11-12
1227,MI,2024-06-09
1228,OH,2024-08-28
1229,WI,2025-05-28
1230,IN,2025-12-11
1231,OH,2023-12-05
1232,FL,2025-11-30
1233,AZ,2024-06-01
1234,RI,2024-02-11
1235,SC,2023-05-18
1236,RI,2026-01-27
1237,CA,2023-12-07
1238,GA,2024-06-25
1239,NY,2023-08-13
1240,TX,2023-09-18
1241,IN,2026-01-07
1242,OH,2024-11-27
1243,FL,2025-03-21
1244,IL,2024-04-17
1245,NY,2023-03-18
1246,CA,2023-09-19
1247,LA,2025-10-22
1248,AZ,2023-01-17
1249,PA,2023-12-10
1250,CA,2025-11-01
1251,WA,2025-07-28
1252,WA,2024-11-24
1253,NY,2025-04-25
1254,NY,2025-10-27
1255,NY,2023-09-03
1256,GA,2025-09-12
1257,NY,2023-06-23
1258,TX,2025-04-25
1259,AR,2024-11-23
1260,TX,2025-10-05
1261,MN,2023-10-08
1262,GA,2025-09-16
1263,WA,2023-08-25
1264,CO,2023-06-06
1265,NY,2025-10-19
1266,MA,2023-12-04
1267,RI,2023-12-03
1268,WA,2025-02-09
1269,TX,2024-05-09
1270,OK,2024-06-30
1271,GA,2023-06-10
1272,MI,2024-08-27
1273,PA,2024-01-22
1274,CA,2025-09-14
1275,MN,2023-08-22
1276,MT,2024-12-11
1277,MI,2024-04-03
1278,MD,2024-02-17
1279,MO,2025-11-07
1280,IA,2023-03-13
1281,TX,2024-01-13
1282,MA,2024-11-12
1283,PA,2025-04-13
1284,NY,2023-05-31
1285,MA,2026-01-08
1286,TX,2026-02-03
1287,IN,2024-12-20
1288,FL,2023-05-10
1289,CA,2024-02-10
1290,CA,2025-11-22
1291,WI,2024-06-19
1292,WI,2023-07-16
1293,KS,2025-07-05
1294,CA,2025-12-05
1295,WA,2023-10-01
1296,WA,2023-05-13
1297,WI,2023-09-21
1298,TX,2024-01-02
1299,TX,2025-04-04
1300,MI,2023-01-05
1301,NY,2023-09-26
1302,NC,2025-04-30
1303,OH,2025-01-02
1304,NY,2023-03-10
1305,TX,2025-03-10
1306,AZ,2023-12-24
1307,OR,2023-11-21
1308,MS,2025-01-20
1309,FL,2023-09-13
1310,PA,2024-02-23
1311,NY,2023-07-30
1312,WA,2025-06-29
1313,TX,2024-08-06
1314,FL,2024-07-30
1315,MD,2023-06-15
1316,MD,2023-08-02
1317,AZ,2024-06-12
1318,NY,2026-02-26
1319,TX,2023-01-03
1320,NM,2025-06-13
1321,MA,2025-06-14
1322,GA,2025-12-29
1323,CA,2023-02-21
1324,IL,2024-03-12
1325,NJ,2025-10-18
1326,CA,2023-04-04
1327,CA,2024-08-09
1328,FL,2024-08-25
1329,AR,2023-03-27
1330,TX,2024-06-01
1331,CA,2025-01-11
1332,MD,2024-03-05
1333,MO,2025-05-12
1334,PA,2025-04-08
1335,KY,2023-02-12
1336,NY,2024-02-08
1337,TX,2023-06-18
1338,CA,2023-07-22
1339,CO,2024-12-06
1340,KY,2024-06-26
1341,GA,2023-04-12
1342,CA,2023-12-12
1343,NJ,2024-08-25
1344,VA,2024-03-17
1345,NY,2023-09-07
1346,TN,2025-05-27
1347,AL,2026-01-17
1348,WA,2024-11-01
1349,FL,2026-02-27
1350,CO,2023-09-05
1351,RI,2024-10-13
1352,MI,2025-06-19
1353,OR,2023-04-01
1354,MN,2024-07-21
1355,ID,2024-07-01
1356,CT,2023-03-21
1357,TX,2025-07-22
1358,TX,2025-09-07
1359,TX,2025-05-19
1360,NY,2023-06-18
1361,NY,2026-01-21
1362,NM,2024-09-15
1363,MS,2024-01-14
1364,CA,2023-07-13
1365,CA,2023-09-21
1366,WI,2024-06-04
1367,PA,2025-07-07
1368,NY,2024-04-23
1369,MA,2026-02-26
1370,CA,2024-07-27
1371,DE,2025-04-22
1372,NY,2026-01-16
1373,MD,2025-06-14
1374,ID,2026-01-11
1375,AZ,2024-05-31
1376,CA,2025-10-20
1377,CO,2025-06-14
1378,NY,2024-04-09
1379,NV,2024-09-04
1380,VA,2024-08-27
1381,NE,2024-09-12
1382,NY,2025-09-26
1383,MA,2024-07-08
1384,PA,2023-05-16
1385,CA,2023-11-26
1386,NJ,2025-08-12
1387,PA,2024-01-30
1388,FL,2023-06-05
1389,WA,2025-11-28
1390,MD,2025-05-19
1391,FL,2024-06-21
1392,RI,2025-12-05
1393,SC,2024-10-29
1394,CA,2023-09-01
1395,MO,2024-06-30
1396,VA,2024-03-25
1397,CA,2023-10-05
1398,ID,2025-01-23
1399,TN,2024-02-10
1400,TN,2025-02-09
1401,SC,2025-12-05
1402,SC,2025-01-18
1403,TX,2025-02-10
1404,NM,2023-08-26
1405,CA,2023-07-20
1406,UT,2025-01-15
1407,MA,2023-08-20
1408,TN,2024-12-24
1409,TX,2024-12-25
1410,OH,2023-03-28
1411,MD,2024-12-03
1412,CA,2025-03-30
1413,AL,2023-02-23
1414,CT,2025-12-01
1415,CO,2025-01-11
1416,AZ,2024-11-24
1417,FL,2024-03-11
1418,MA,2024-08-16
1419,NY,2024-03-17
1420,IL,2023-06-16
1421,OR,2024-07-19
1422,PA,2023-03-14
1423,NY,2024-12-25
1424,TN,2025-08-05
1425,OH,2023-09-27
1426,CA,2023-08-07
1427,MD,2024-06-30
1428,NV,2026-01-06
1429,IL,2023-11-04
1430,WA,2024-02-25
1431,CA,2025-04-28
1432,TN,2025-06-04
1433,CA,2024-04-06
1434,FL,2024-08-07
1435,FL,2025-07-04
1436,AL,2023-02-07
1437,MA,2024-03-01
1438,KY,2024-03-09
1439,CA,2025-11-20
1440,MO,2023-07-24
1441,GA,2024-12-05
1442,PA,2025-01-11
1443,TX,2023-02-09
1444,IL,2025-04-20
1445,TX,2025-06-24
1446,MA,2023-06-17
1447,MN,2024-10-03
1448,GA,2026-01-10
1449,NJ,2024-11-17
1450,KY,2024-08-22
1451,CA,2023-04-12
1452,NY,2025-01-29
1453,MI,2024-12-18
1454,WA,2023-03-30
1455,NC,2023-12-11
1456,LA,2025-03-10
1457,OH,2024-08-30
1458,KS,2023-06-08
1459,NY,2026-02-11
1460,MN,2024-06-19
1461,AZ,2023-06-12
1462,CA,2023-10-13
1463,CA,2025-05-14
1464,CA,2023-02-24
1465,PA,2024-07-29
1466,OR,2023-02-02
1467,WA,2024-07-11
1468,CA,2024-12-31
1469,NY,2025-09-19
1470,AR,2025-03-11
1471,TX,2023-07-15
1472,MO,2024-03-23
1473,FL,2025-07-13
1474,IL,2023-04-02
1475,IL,2024-08-30
1476,NY,2023-10-13
1477,FL,2025-05-23
1478,IA,2023-04-12
1479,PA,2023-05-20
1480,MA,2025-04-14
1481,PA,2023-09-23
1482,TX,2024-07-26
1483,PA,2024-06-18
1484,MI,2024-06-06
1485,CA,2023-01-16
1486,TX,2024-07-14
1487,NY,2025-05-27
1488,OH,2023-12-02
1489,NM,2025-06-28
1490,WA,2023-06-19
1491,NC,2025-07-01
1492,CA,2023-04-29
1493,NY,2025-12-01
1494,WA,2025-10-09
1495,VA,2023-01-10
1496,NC,2024-03-05
1497,NY,2023-02-18
1498,NY,2023-07-26
1499,NM,2024-05-28
1500,FL,2023-02-06
1501,MA,2023-08-06
1502,CA,2023-06-29
1503,AL,2023-05-10
1504,VA,2024-09-02
1505,IL,2024-10-20
1506,WA,2023-12-25
1507,CA,2024-09-18
1508,NY,2025-10-24
1509,WI,2026-01-11
1510,GA,2024-05-20
1511,NY,2025-03-28
1512,NY,2025-03-04
1513,FL,2025-04-18
1514,GA,2024-09-14
1515,PA,2024-09-20
1516,PA,2023-04-07
1517,NV,2025-03-29
1518,WI,2024-08-21
1519,MO,2025-07-22
1520,AZ,2024-03-04
1521,WA,2026-02-23
1522,TX,2024-06-26
1523,ID,2024-01-02
1524,CA,2025-12-04
1525,GA,2023-02-21
1526,MO,2024-07-17
1527,TX,2024-05-13
1528,MT,2025-09-03
1529,KY,2023-11-19
1530,NY,2024-07-09
1531,TX,2023-08-07
1532,LA,2024-06-17
1533,CA,2024-10-03
1534,NY,2024-06-02
1535,GA,2023-02-13
1536,NY,2023-03-06
1537,CO,2023-09-03
1538,CO,2025-09-13
1539,CO,2025-12-30
1540,TX,2023-06-07
1541,CT,2025-07-26
1542,RI,2025-11-14
1543,TX,2025-04-04
1544,NV,2023-06-09
1545,TX,2025-03-28
1546,FL,2025-10-01
1547,OR,2023-03-16
1548,NY,2023-05-18
1549,CA,2024-04-23
1550,WA,2024-07-06
1551,NY,2024-01-22
1552,CA,2024-04-16
1553,CO,2023-11-05
1554,NY,2025-06-05
1555,TX,2024-12-01
1556,MI,2025-09-26
1557,CA,2025-08-09
1558,AK,2025-12-14
1559,FL,2025-02-24
1560,PA,2023-11-01
1561,OR,2023-04-12
1562,TX,2025-02-13
1563,FL,2025-12-08
1564,NY,2024-07-25
1565,WA,2023-05-28
1566,MI,2024-08-19
1567,AZ,2025-09-04
1568,NY,2025-12-06
1569,MA,2024-05-13
1570,NJ,2023-06-04
1571,OH,2023-08-18
1572,NC,2023-06-07
1573,NY,2025-07-11
1574,NV,2024-07-21
1575,TX,2023-10-26
1576,FL,2025-12-13
1577,PA,2025-02-04
1578,WI,2024-07-18
1579,NC,2024-04-11
1580,AZ,2024-04-30
1581,NY,2024-03-19
1582,FL,2025-06-23
1583,NY,2025-05-12
1584,OH,2025-07-14
1585,AR,2023-10-19
1586,MI,2025-01-21
1587,NY,2025-05-24
1588,NJ,2024-10-24
1589,WA,2026-02-21
1590,CA,2025-07-08
1591,IA,2025-06-27
1592,MI,2023-05-04
1593,GA,2023-03-09
1594,NV,2024-04-19
1595,FL,2023-12-24
1596,VA,2024-06-04
1597,MA,2025-04-12
1598,NY,2024-09-15
1599,PA,2024-03-02
1600,NC,2025-10-05
1601,MA,2024-03-18
1602,NY,2024-08-23
1603,CA,2026-01-23
1604,VA,2025-01-31
1605,IN,2025-08-12
1606,SC,2024-05-01
1607,WA,2025-01-08
1608,NM,2024-10-09
1609,CT,2025-06-14
1610,WA,2023-01-05
1611,WA,2024-09-23
1612,FL,2025-05-26
1613,CA,2025-09-12
1614,CA,2023-01-26
1615,TX,2023-06-11
1616,TX,2025-01-14
1617,MI,2026-02-27
1618,NY,2024-06-16
1619,NJ,2025-06-01
1620,MI,2024-02-14
1621,MA,2026-01-01
1622,CA,2025-05-04
1623,MI,2026-02-03
1624,AL,2025-06-19
1625,FL,2023-01-09
1626,MN,2023-02-19
1627,OH,2024-03-17
1628,CA,2023-02-05
1629,CA,2023-04-28
1630,NJ,2024-12-02
1631,TN,2025-01-23
1632,SC,2023-08-18
1633,NY,2024-07-13
1634,CO,2023-07-27
1635,TX,2025-12-20
1636,TX,2026-02-14
1637,OH,2023-08-27
1638,WA,2025-05-16
1639,MA,2023-02-17
1640,IN,2025-01-26
1641,TX,2024-05-31
1642,PA,2023-07-24
1643,TN,2023-03-31
1644,NY,2024-05-14
1645,CO,2026-02-05
1646,IN,2025-11-09
1647,MN,2023-01-07
1648,UT,2023-11-18
1649,CA,2023-09-25
1650,NJ,2023-10-23
1651,NY,2024-07-23
1652,PA,2023-09-21
1653,MN,2023-03-31
1654,WA,2025-05-02
1655,AZ,2024-05-02
1656,IN,2024-02-05
1657,AR,2023-12-23
1658,PA,2025-01-24
1659,FL,2024-05-13
1660,WA,2025-04-13
1661,NV,2024-03-10
1662,TX,2023-04-29
1663,UT,2025-12-06
1664,CA,2025-10-19
1665,RI,2023-12-14
1666,CA,2024-06-22
1667,UT,2024-06-13
1668,PA,2023-10-30
1669,PA,2023-07-21
1670,DE,2023-06-05
1671,MS,2023-01-14
1672,MD,2025-11-09
1673,NC,2025-01-25
1674,NJ,2025-06-07
1675,NY,2024-03-20
1676,MA,2023-05-02
1677,WA,2023-07-03
1678,CA,2024-11-01
1679,CA,2023-02-18
1680,CA,2023-06-30
1681,OH,2023-05-21
1682,MA,2024-06-13
1683,IL,2024-08-06
1684,TX,2024-04-15
1685,PA,2023-05-23
1686,NY,2024-12-07
1687,NY,2023-10-21
1688,CT,2024-02-26
1689,CA,2024-07-17
1690,SC,2024-02-21
1691,FL,2024-10-22
1692,KS,2025-07-01
1693,CA,2026-02-04
1694,FL,2023-02-28
1695,CO,2025-10-12
1696,NM,2023-09-15
1697,CA,2025-03-03
1698,MD,2024-06-14
1699,GA,2023-06-15
1700,NC,2025-11-14
1701,AK,2023-01-04
1702,FL,2023-01-03
1703,FL,2024-02-22
1704,PA,2023-12-28
1705,GA,2025-06-24
1706,FL,2024-01-04
1707,AZ,2024-06-22
1708,CA,2025-05-29
1709,NY,2023-12-12
1710,CA,2024-12-31
1711,OH,2025-06-15
1712,AR,2025-12-03
1713,MN,2024-12-24
1714,NY,2024-07-17
1715,TX,2023-07-21
1716,VA,2023-11-17
1717,FL,2024-04-08
1718,WA,2025-10-31
1719,TX,2024-09-24
1720,PA,2023-11-29
1721,NV,2023-01-15
1722,TX,2025-12-16
1723,PA,2025-12-23
1724,VA,2023-08-18
1725,CA,2023-01-11
1726,TX,2024-06-25
1727,CO,2024-06-05
1728,TN,2025-12-13
1729,TX,2025-02-05
1730,LA,2024-10-02
1731,CT,2024-07-23
1732,WA,2024-02-09
1733,MD,2024-12-07
1734,MO,2025-07-17
1735,TX,2026-01-17
1736,CA,2024-08-15
1737,CA,2023-07-05
1738,UT,2025-06-13
1739,IL,2023-03-20
1740,VA,2023-05-25
1741,WA,2023-01-14
1742,OR,2023-01-02
1743,CT,2024-05-30
1744,KY,2025-01-25
1745,NC,2023-03-07
1746,KY,2023-09-03
1747,NV,2024-07-25
1748,TX,2024-03-11
1749,CO,2023-12-19
1750,TX,2024-11-09
1751,NC,2024-01-18
1752,LA,2025-12-19
1753,MA,2024-04-14
1754,CT,2026-01-11
1755,CA,2023-03-15
1756,NV,2023-01-26
1757,NE,2025-04-14
1758,FL,2024-09-19
1759,AZ,2025-02-12
1760,CT,2025-10-05
1761,NY,2023-09-23
1762,WA,2024-07-03
1763,NY,2023-03-18
1764,OH,2025-12-08
1765,WA,2025-10-10
1766,CA,2025-12-31
1767,TX,2024-03-22
1768,NY,2024-05-20
1769,CA,2025-09-22
1770,PA,2025-05-19
1771,FL,2023-10-26
1772,TX,2025-01-03
1773,NM,2025-12-19
1774,FL,2023-06-06
1775,NY,2023-12-08
1776,IL,2025-08-31
1777,KY,2025-06-12
1778,OR,2025-11-24
1779,NY,2025-07-05
1780,TX,2025-11-17
1781,TX,2023-11-10
1782,OK,2024-04-19
1783,TX,2024-08-19
1784,NY,2024-09-27
1785,MA,2024-03-20
1786,GA,2024-02-21
1787,NY,2024-03-14
1788,CA,2023-06-14
1789,CA,2024-02-24
1790,NC,2025-09-14
1791,NY,2024-04-26
1792,TX,2024-05-31
1793,VA,2023-03-23
1794,NV,2023-04-29
1795,MS,2023-01-28
1796,WA,2025-02-19
1797,TX,2024-05-12
1798,OH,2024-06-20
1799,AZ,2024-06-02
1800,HI,2023-07-13
1801,CA,2024-08-14
1802,UT,2024-03-17
1803,NY,2025-11-25
1804,OH,2023-09-15
1805,WY,2023-04-23
1806,TX,2023-01-14
1807,OH,2025-06-29
1808,MN,2023-05-20
1809,TX,2026-01-25
1810,SC,2024-11-27
1811,CA,2025-05-19
1812,TX,2023-07-08
1813,TX,2023-03-23
1814,CA,2025-08-15
1815,TX,2025-06-16
1816,OR,2025-08-24
1817,TX,2026-02-02
1818,IL,2024-01-16
1819,NY,2024-12-22
1820,CO,2023-11-25
1821,GA,2023-03-13
1822,NY,2023-05-13
1823,CA,2026-01-06
1824,AZ,2024-07-23
1825,NC,2024-04-05
1826,MA,2023-05-05
1827,LA,2025-10-31
1828,MT,2025-07-29
1829,MI,2023-01-27
1830,NH,2023-07-26
1831,NY,2023-11-08
1832,NY,2024-01-17
1833,IA,2023-10-23
1834,FL,2024-02-06
1835,PA,2023-05-02
1836,AR,2025-01-20
1837,GA,2023-04-16
1838,NV,2025-03-01
1839,AZ,2025-11-25
1840,WI,2023-03-13
1841,MA,2024-07-21
1842,MS,2023-03-17
1843,NY,2024-12-22
1844,MD,2025-10-06
1845,TX,2023-08-16
1846,GA,2024-03-28
1847,OR,2025-02-04
1848,AZ,2024-05-01
1849,MA,2024-10-29
1850,KS,2025-04-09
1851,NY,2025-03-01
1852,MI,2025-08-28
1853,TX,2024-05-04
1854,NJ,2024-01-11
1855,NY,2023-08-19
1856,CA,2024-12-02
1857,OR,2024-04-19
1858,CT,2026-01-08
1859,NY,2026-01-17
1860,MD,2023-08-14
1861,FL,2023-05-23
1862,CO,2024-12-08
1863,GA,2023-02-23
1864,AL,2023-07-15
1865,CO,2025-04-24
1866,NV,2023-10-25
1867,WA,2024-06-20
1868,NC,2024-08-01
1869,NY,2024-05-14
1870,AZ,2024-09-15
1871,OK,2025-04-20
1872,WA,2023-07-25
1873,NC,2025-05-29
1874,PA,2024-02-12
1875,CA,2023-10-06
1876,AL,2024-11-07
1877,MD,2025-07-29
1878,WA,2023-09-28
1879,CA,2024-03-16
1880,FL,2023-05-07
1881,IL,2024-05-01
1882,TX,2024-07-01
1883,TN,2025-09-12
1884,TX,2025-07-25
1885,NY,2025-02-10
1886,NY,2023-01-19
1887,MI,2024-02-29
1888,PA,2025-07-24
1889,AZ,2023-02-27
1890,TX,2024-02-27
1891,WA,2025-04-23
1892,LA,2026-01-30
1893,FL,2026-01-04
1894,LA,2023-03-07
1895,ME,2025-03-25
1896,CA,2025-06-20
1897,IL,2024-03-12
1898,GA,2025-02-28
1899,CA,2025-12-27
1900,FL,2023-08-23
1901,CA,2024-11-05
1902,GA,2023-04-08
1903,MA,2025-10-29
1904,TX,2025-07-15
1905,OR,2025-01-30
1906,PA,2024-03-02
1907,FL,2023-08-15
1908,NM,2023-01-17
1909,HI,2024-07-16
1910,NY,2023-08-16
1911,MT,2024-12-06
1912,CO,2024-10-30
1913,UT,2023-09-11
1914,TX,2023-04-28
1915,CA,2023-02-19
1916,CA,2024-06-26
1917,WA,2023-11-23
1918,CA,2025-08-01
1919,MA,2024-08-24
1920,OH,2023-04-12
1921,VA,2024-01-23
1922,MI,2024-10-10
1923,CO,2023-12-05
1924,MS,2023-07-03
1925,TX,2023-02-25
1926,LA,2025-09-05
1927,DE,2024-07-25
1928,CA,2026-02-25
1929,WA,2024-12-17
1930,NJ,2025-10-04
1931,GA,2023-08-04
1932,VT,2026-01-18
1933,VA,2025-08-01
1934,GA,2023-11-10
1935,OK,2023-08-21
1936,LA,2025-01-14
1937,TN,2024-07-28
1938,WA,2025-06-06
1939,AZ,2023-09-04
1940,ID,2024-03-17
1941,TX,2023-05-15
1942,IL,2025-10-12
1943,MN,2025-10-22
1944,GA,2023-06-10
1945,OR,2023-05-20
1946,TX,2023-10-31
1947,NY,2023-05-05
1948,MA,2025-07-25
1949,VA,2024-02-11
1950,GA,2023-06-13
1951,GA,2025-05-11
1952,CA,2023-08-28
1953,IL,2023-05-29
1954,NY,2024-08-06
1955,AZ,2026-01-31
1956,PA,2024-05-19
1957,GA,2024-06-08
1958,CO,2025-02-13
1959,TX,2025-11-13
1960,CA,2024-12-01
1961,WA,2025-10-14
1962,TX,2023-02-19
1963,CO,2025-08-15
1964,TX,2024-11-25
1965,TX,2023-01-26
1966,FL,2024-10-11
1967,NY,2023-01-11
1968,WA,2025-03-18
1969,CT,2026-01-30
1970,MO,2023-01-11
1971,CA,2026-02-09
1972,FL,2025-02-10
1973,GA,2025-02-08
1974,TX,2025-08-30
1975,SC,2024-02-11
1976,AZ,2025-12-04
1977,TX,2025-04-21
1978,CA,2024-12-17
1979,CA,2023-12-25
1980,NY,2024-07-07
1981,WA,2023-10-12
1982,OH,2024-02-04
1983,NY,2024-01-23
1984,CA,2025-02-22
1985,KY,2024-02-29
1986,FL,2025-10-26
1987,FL,2024-03-16
1988,IL,2023-12-22
1989,WA,2025-07-07
1990,TX,2025-02-03
1991,AZ,2024-07-07
1992,OR,2023-09-25
1993,TN,2025-09-18
1994,MN,2023-03-05
1995,NJ,2024-03-17
1996,NY,2024-06-24
1997,MI,2024-04-14
1998,TX,2025-05-27
1999,MI,2024-12-12
2000,CA,2023-01-13
2001,WA,2023-08-10
2002,WA,2025-05-30
2003,CA,2025-04-18
2004,UT,2025-01-21
2005,NJ,2023-09-27
2006,OR,2025-01-01
2007,VA,2025-04-23
2008,FL,2024-09-07
2009,IL,2023-03-06
2010,NY,2025-11-27
2011,NY,2023-01-28
2012,FL,2023-08-25
2013,NC,2026-02-23
2014,GA,2024-01-19
2015,MN,2023-11-22
2016,PA,2023-03-26
2017,VA,2025-01-18
2018,CA,2023-09-03
2019,KS,2024-01-23
2020,MO,2025-07-17
2021,NM,2023-09-23
2022,NY,2025-01-30
2023,NY,2025-03-14
2024,PA,2023-08-16
2025,IN,2023-08-28
2026,OH,2026-01-01
2027,TX,2024-01-23
2028,MA,2024-01-13
2029,TX,2023-07-31
2030,PA,2025-03-05
2031,CO,2024-11-06
2032,CA,2024-10-10
2033,NC,2023-06-20
2034,CA,2025-03-19
2035,CA,2023-04-14
2036,WI,2024-01-07
2037,TX,2023-05-09
2038,MA,2023-08-08
2039,NM,2024-04-16
2040,GA,2025-09-14
2041,FL,2024-08-30
2042,MO,2025-12-11
2043,NY,2023-04-04
2044,IL,2025-11-10
2045,PA,2023-04-16
2046,CO,2024-09-03
2047,CA,2025-04-28
2048,FL,2025-08-05
2049,IL,2025-05-03
2050,MA,2024-03-04
2051,CT,2025-11-27
2052,MI,2023-10-29
2053,KS,2024-09-30
2054,TX,2023-03-12
2055,NY,2024-10-07
2056,NY,2024-06-08
2057,VA,2023-06-23
2058,TX,2023-03-31
2059,VA,2024-01-03
2060,NJ,2025-03-11
2061,CA,2025-12-21
2062,OH,2023-11-15
2063,FL,2025-04-03
2064,TX,2024-07-04
2065,TX,2023-03-01
2066,LA,2026-02-02
2067,GA,2023-05-07
2068,NC,2023-03-24
2069,NY,2025-08-03
2070,FL,2024-08-08
2071,MD,2024-10-08
2072,FL,2025-06-08
2073,MD,2024-07-27
2074,NY,2024-05-27
2075,MI,2026-01-07
2076,CA,2023-03-06
2077,CT,2023-07-02
2078,VA,2025-12-25
2079,ID,2025-04-14
2080,CA,2023-02-23
2081,NY,2023-08-24
2082,CA,2025-06-07
2083,CA,2024-09-03
2084,MO,2025-08-16
2085,NC,2024-03-13
2086,NC,2025-09-30
2087,FL,2026-01-31
2088,CA,2024-11-24
2089,WA,2025-08-20
2090,NY,2026-02-05
2091,NM,2024-06-07
2092,UT,2024-02-08
2093,TX,2023-12-09
2094,CA,2025-03-10
2095,CA,2023-08-02
2096,PA,2025-10-20
2097,CT,2023-11-18
2098,FL,2026-01-06
2099,VA,2025-12-14
2100,WI,2025-02-22
2101,NC,2025-05-05
2102,CA,2025-12-30
2103,PA,2025-12-27
2104,NY,2023-06-29
2105,MD,2024-01-15
2106,WA,2025-07-21
2107,MA,2024-03-25
2108,TX,2023-05-11
2109,TX,2025-06-22
2110,NY,2023-11-26
2111,WA,2024-09-28
2112,PA,2023-02-22
2113,LA,2024-04-12
2114,WA,2024-10-01
2115,FL,2024-02-17
2116,CT,2025-11-03
2117,AZ,2024-05-10
2118,CA,2024-01-03
2119,AZ,2024-06-22
2120,MS,2024-09-28
2121,IL,2024-05-29
2122,IL,2024-04-25
2123,MI,2024-02-18
2124,NY,2023-08-16
2125,FL,2023-05-17
2126,FL,2025-03-01
2127,WY,2025-04-14
2128,NY,2024-04-16
2129,NY,2024-06-01
2130,MA,2023-11-01
2131,TX,2024-10-16
2132,NV,2023-06-30
2133,WA,2023-01-30
2134,NJ,2025-08-29
2135,CT,2025-02-03
2136,TX,2023-02-09
2137,MI,2023-07-06
2138,WA,2023-11-15
2139,TX,2025-01-01
2140,KY,2025-06-10
2141,PA,2023-11-20
2142,IL,2025-07-31
2143,NY,2025-12-02
2144,LA,2024-10-17
2145,NC,2023-06-23
2146,AR,2024-11-15
2147,CA,2025-11-30
2148,CA,2024-02-13
2149,UT,2023-06-29
2150,MA,2025-05-03
2151,MA,2023-02-06
2152,TX,2024-02-10
2153,IL,2024-06-22
2154,MA,2024-01-11
2155,MI,2023-09-13
2156,NC,2023-10-05
2157,MD,2023-09-06
2158,OR,2024-11-23
2159,WA,2025-11-06
2160,TX,2023-05-05
2161,FL,2023-07-31
2162,VT,2024-04-16
2163,WA,2025-01-18
2164,OH,2024-05-14
2165,CA,2025-03-21
2166,WA,2025-06-07
2167,FL,2023-06-24
2168,NY,2023-11-13
2169,CA,2025-09-27
2170,TX,2025-04-03
2171,OR,2025-05-19
2172,TX,2025-07-19
2173,NV,2025-06-05
2174,CO,2023-09-26
2175,MD,2024-04-14
2176,IA,2023-08-12
2177,NC,2025-12-23
2178,FL,2025-09-01
2179,FL,2025-06-25
2180,RI,2025-04-09
2181,AZ,2026-02-21
2182,IL,2023-08-26
2183,NY,2023-03-16
2184,IL,2024-05-14
2185,MN,2023-09-25
2186,HI,2025-09-13
2187,VA,2025-12-09
2188,CA,2025-12-18
2189,MA,2024-12-23
2190,TN,2025-12-31
2191,IL,2023-07-09
2192,FL,2025-09-22
2193,WI,2024-07-19
2194,CO,2025-09-19
2195,IL,2025-01-05
2196,MA,2023-06-05
2197,NJ,2024-11-03
2198,MA,2026-01-13
2199,CO,2023-03-10
2200,TX,2024-01-08
2201,NY,2023-02-24
2202,CT,2023-03-26
2203,FL,2025-07-29
2204,NY,2025-04-20
2205,NY,2024-08-14
2206,WA,2025-01-01
2207,TX,2024-09-13
2208,NJ,2025-10-05
2209,FL,2023-11-13
2210,CO,2024-09-16
2211,NY,2023-09-09
2212,NY,2023-06-01
2213,AL,2025-06-28
2214,WI,2025-05-15
2215,LA,2024-08-22
2216,IL,2025-10-03
2217,CA,2025-08-28
2218,FL,2025-10-01
2219,UT,2026-01-28
2220,WA,2026-02-17
2221,FL,2023-10-30
2222,TX,2025-10-23
2223,PA,2024-02-04
2224,MA,2023-03-09
2225,FL,2023-06-03
2226,WA,2025-10-11
2227,TX,2023-07-01
2228,NY,2024-06-08
2229,NY,2023-07-08
2230,CA,2023-01-20
2231,AR,2025-04-30
2232,ID,2025-06-16
2233,CA,2023-01-10
2234,CA,2024-11-30
2235,WA,2024-10-16
2236,MN,2023-08-29
2237,TN,2023-06-01
2238,CA,2025-02-22
2239,TX,2023-07-07
2240,PA,2024-04-08
2241,NY,2024-12-22
2242,RI,2025-06-18
2243,TX,2024-12-06
2244,PA,2025-05-30
2245,CA,2024-02-19
2246,FL,2024-07-31
2247,NY,2023-11-06
2248,AL,2025-10-22
2249,MS,2023-11-13
2250,PA,2025-10-16
2251,FL,2024-01-03
2252,FL,2024-07-08
2253,SC,2024-08-27
2254,GA,2025-07-24
2255,WA,2024-04-24
2256,MN,2025-09-07
2257,PA,2025-12-22
2258,NY,2025-07-28
2259,TX,2023-01-14
2260,TX,2023-01-28
2261,CA,2023-05-22
2262,TX,2024-08-12
2263,GA,2024-04-17
2264,OH,2023-11-13
2265,CA,2024-03-20
2266,RI,2023-10-23
2267,IL,2024-02-08
2268,CA,2025-01-21
2269,NE,2023-09-20
2270,TX,2025-04-26
2271,FL,2024-01-12
2272,MA,2024-08-07
2273,FL,2025-12-27
2274,NY,2025-03-09
2275,NY,2024-04-15
2276,IL,2025-01-01
2277,CA,2025-08-29
2278,AZ,2023-02-16
2279,FL,2025-08-04
2280,AK,2025-12-17
2281,CA,2023-01-24
2282,CA,2025-04-10
2283,TX,2024-02-07
2284,FL,2025-11-13
2285,MD,2025-12-23
2286,TN,2023-10-10
2287,MI,2023-04-03
2288,TN,2024-11-16
2289,MI,2023-11-06
2290,NV,2025-06-06
2291,MA,2023-01-07
2292,TX,2025-12-02
2293,NC,2025-02-26
2294,FL,2023-02-12
2295,CA,2024-12-25
2296,WI,2023-07-20
2297,TN,2025-06-13
2298,IL,2024-10-28
2299,MA,2024-07-01
2300,CA,2023-08-14
2301,NY,2024-09-24
2302,MD,2025-08-03
2303,MO,2023-07-13
2304,CA,2024-06-21
2305,OR,2024-04-25
2306,PA,2026-01-26
2307,WA,2024-03-05
2308,MA,2025-08-02
2309,AZ,2025-06-29
2310,CA,2024-07-31
2311,CA,2023-04-21
2312,IN,2023-07-31
2313,WV,2025-04-30
2314,TX,2025-05-27
2315,WA,2025-09-13
2316,AZ,2025-09-22
2317,VA,2024-07-24
2318,OR,2025-11-19
2319,AL,2024-10-27
2320,TX,2023-12-16
2321,PA,2025-07-18
2322,NY,2024-11-11
2323,RI,2023-09-08
2324,MN,2023-11-15
2325,NY,2025-06-03
2326,OH,2023-07-08
2327,MD,2024-12-25
2328,NY,2026-02-24
2329,IL,2025-11-12
2330,CT,2023-03-20
2331,FL,2024-06-29
2332,CA,2025-07-12
2333,FL,2024-09-10
2334,OR,2023-11-01
2335,CA,2023-07-18
2336,FL,2024-07-07
2337,MO,2025-11-13
2338,NY,2023-07-02
2339,WA,2024-08-29
2340,PA,2023-03-24
2341,NY,2023-04-03
2342,AZ,2024-09-08
2343,OR,2026-01-13
2344,NC,2024-07-26
2345,WI,2024-08-03
2346,NY,2025-09-27
2347,CA,2025-02-12
2348,TX,2025-05-02
2349,IN,2024-10-12
2350,NY,2025-03-02
2351,MN,2024-04-20
2352,OK,2024-05-18
2353,PA,2023-08-19
2354,UT,2025-05-27
2355,TX,2025-11-08
2356,MI,2024-11-20
2357,OR,2023-07-28
2358,IL,2023-05-11
2359,GA,2025-01-12
2360,CA,2024-01-19
2361,TX,2026-01-20
2362,CA,2023-12-28
2363,TX,2025-01-30
2364,KY,2026-02-21
2365,CA,2025-07-31
2366,IL,2024-10-09
2367,IL,2023-12-21
2368,TX,2023-04-10
2369,OR,2024-12-31
2370,CO,2023-10-28
2371,NY,2024-08-31
2372,MA,2025-05-31
2373,CA,2023-07-22
2374,CA,2025-11-10
2375,MI,2023-04-22
2376,NY,2024-01-16
2377,ME,2025-01-24
2378,FL,2025-08-11
2379,AZ,2025-03-06
2380,MA,2023-12-03
2381,WA,2023-08-10
2382,VA,2025-10-08
2383,GA,2025-01-29
2384,UT,2024-11-19
2385,CA,2023-04-28
2386,IL,2023-06-23
2387,GA,2023-11-15
2388,NC,2026-01-16
2389,GA,2026-01-06
2390,FL,2024-03-16
2391,CA,2024-02-19
2392,AZ,2025-10-24
2393,CA,2025-08-07
2394,MA,2023-03-24
2395,MI,2025-09-15
2396,TX,2024-05-07
2397,CA,2023-01-06
2398,CA,2024-12-05
2399,NY,2023-12-13
2400,VA,2024-06-17
2401,NC,2024-10-18
2402,MT,2025-08-12
2403,FL,2024-03-26
2404,NY,2025-10-22
2405,NY,2025-07-06
2406,CA,2025-08-11
2407,CT,2023-08-02
2408,CA,2025-06-18
2409,KY,2024-01-08
2410,CA,2024-10-14
2411,MD,2024-05-21
2412,NY,2025-09-09
2413,CA,2024-07-29
2414,AZ,2023-11-29
2415,CA,2023-07-31
2416,TX,2023-10-16
2417,CA,2024-09-01
2418,NY,2023-06-15
2419,NY,2023-05-06
2420,MI,2025-11-21
2421,RI,2023-10-01
2422,TX,2025-11-10
2423,WA,2024-09-06
2424,FL,2023-10-03
2425,TX,2025-10-27
2426,AZ,2025-10-12
2427,TX,2026-02-27
2428,IL,2023-04-07
2429,NY,2023-10-04
2430,MO,2025-03-10
2431,NJ,2023-11-28
2432,PA,2023-07-24
2433,GA,2023-04-13
2434,TX,2025-09-30
2435,IN,2025-08-12
2436,NY,2023-12-26
2437,UT,2026-02-28
2438,GA,2023-02-08
2439,NE,2023-11-03
2440,TX,2025-06-02
2441,NM,2024-06-03
2442,NC,2025-05-27
2443,CA,2023-02-15
2444,CA,2023-07-13
2445,CO,2026-02-19
2446,CA,2023-09-06
2447,OH,2025-10-09
2448,VA,2023-07-26
2449,NY,2023-04-25
2450,NC,2023-08-27
2451,CO,2024-07-19
2452,TX,2026-01-04
2453,AZ,2025-12-07
2454,TX,2025-01-05
2455,WI,2025-12-29
2456,WA,2024-05-22
2457,IL,2023-06-04
2458,VA,2024-04-05
2459,UT,2025-03-01
2460,MA,2024-10-15
2461,NC,2023-11-13
2462,GA,2024-03-26
2463,CA,2024-07-30
2464,NC,2026-01-24
2465,CA,2024-05-10
2466,IL,2023-12-28
2467,CA,2024-04-01
2468,GA,2023-05-09
2469,MI,2025-11-28
2470,OR,2025-03-22
2471,CO,2025-05-22
2472,VT,2023-12-16
2473,FL,2024-10-06
2474,CA,2024-03-27
2475,CT,2023-04-19
2476,MA,2024-07-30
2477,PA,2023-08-29
2478,MO,2024-08-13
2479,TX,2026-01-16
2480,FL,2024-07-31
2481,CA,2023-11-21
2482,NJ,2024-01-06
2483,NY,2023-04-15
2484,MO,2023-04-08
2485,GA,2023-04-06
2486,AL,2023-02-15
2487,CA,2025-06-08
2488,VT,2023-01-31
2489,WA,2024-02-12
2490,PA,2024-12-16
2491,NC,2024-10-05
2492,MA,2024-11-28
2493,PA,2025-08-30
2494,WA,2024-12-01
2495,NY,2025-05-25
2496,RI,2025-06-24
2497,MD,2025-03-19
2498,GA,2024-08-21
2499,CA,2025-08-24
2500,LA,2024-09-24
2501,CA,2023-05-15
2502,OR,2023-11-24
2503,CA,2023-07-18
2504,MN,2024-11-13
2505,IN,2023-05-04
2506,MA,2025-01-23
2507,PA,2024-01-17
2508,IN,2024-07-24
2509,RI,2026-02-06
2510,CA,2025-11-30
2511,NY,2025-03-08
2512,WI,2025-06-09
2513,NJ,2023-06-25
2514,TX,2024-01-15
2515,MA,2023-06-14
2516,CA,2025-02-02
2517,CA,2024-09-06
2518,MI,2023-06-22
2519,MI,2025-02-01
2520,NJ,2025-12-08
2521,UT,2026-02-08
2522,TX,2024-09-10
2523,WA,2024-10-26
2524,TX,2025-05-08
2525,GA,2024-07-09
2526,NC,2024-09-28
2527,WA,2023-08-03
2528,NM,2023-05-24
2529,IL,2024-09-10
2530,SC,2025-10-04
2531,MI,2023-12-20
2532,NM,2023-10-08
2533,MN,2025-04-16
2534,TX,2024-01-25
2535,NJ,2025-12-23
2536,TX,2023-09-22
2537,TX,2023-01-06
2538,TX,2025-07-01
2539,IL,2023-06-17
2540,WA,2023-12-21
2541,AL,2023-06-22
2542,CO,2025-04-29
2543,FL,2023-04-29
2544,GA,2023-06-23
2545,FL,2025-08-16
2546,IN,2023-05-09
2547,CA,2023-07-06
2548,TX,2025-12-22
2549,CA,2025-06-11
2550,NV,2024-08-20
2551,TX,2023-07-29
2552,WY,2025-10-05
2553,NY,2025-01-19
2554,FL,2024-06-15
2555,KY,2025-08-09
2556,NC,2024-07-13
2557,IL,2023-08-16
2558,NY,2024-07-19
2559,OR,2024-09-05
2560,FL,2023-03-30
2561,OH,2025-03-25
2562,CO,2023-09-07
2563,GA,2023-08-13
2564,FL,2025-06-21
2565,CA,2025-08-28
2566,CO,2024-11-03
2567,OH,2023-06-17
2568,CO,2023-04-20
2569,GA,2023-10-24
2570,AZ,2023-08-31
2571,CA,2023-07-28
2572,TX,2026-01-10
2573,GA,2025-10-24
2574,NY,2025-12-15
2575,TX,2023-09-18
2576,CA,2024-01-15
2577,NY,2023-04-06
2578,CA,2025-02-07
2579,CT,2025-04-08
2580,CO,2025-07-14
2581,PA,2026-02-22
2582,CA,2024-09-11
2583,MO,2023-09-17
2584,CA,2025-04-10
2585,OR,2024-07-03
2586,TX,2024-11-30
2587,CT,2024-12-09
2588,NY,2025-10-28
2589,PA,2024-07-16
2590,CA,2024-01-08
2591,PA,2023-08-10
2592,NY,2024-06-14
2593,MD,2023-12-16
2594,TX,2023-01-31
2595,CA,2023-01-22
2596,CA,2025-01-23
2597,CO,2023-08-02
2598,VA,2024-12-12
2599,LA,2023-05-20
2600,CA,2025-08-22
2601,WA,2024-02-13
2602,NY,2024-03-13
2603,IL,2025-03-07
2604,TX,2023-01-13
2605,WA,2024-05-15
2606,FL,2025-11-15
2607,NJ,2024-06-17
2608,OH,2025-05-10
2609,WA,2023-03-17
2610,TX,2024-01-01
2611,OR,2026-01-20
2612,MO,2025-04-20
2613,PA,2025-06-05
2614,TX,2024-05-13
2615,OR,2024-11-29
2616,FL,2024-11-10
2617,SC,2023-07-22
2618,TX,2024-03-21
2619,NE,2024-06-01
2620,WA,2023-05-12
2621,OH,2023-04-01
2622,NY,2026-02-23
2623,GA,2024-04-16
2624,CO,2024-05-16
2625,WA,2025-01-30
2626,MI,2024-01-22
2627,CT,2025-10-27
2628,MI,2026-01-16
2629,MD,2024-08-20
2630,OH,2025-06-26
2631,NY,2025-05-16
2632,MN,2024-10-18
2633,NY,2023-12-08
2634,CA,2025-10-21
2635,LA,2026-02-17
2636,GA,2024-04-08
2637,NY,2024-04-06
2638,NC,2025-12-08
2639,FL,2025-03-29
2640,NY,2024-04-18
2641,MD,2025-06-06
2642,CA,2025-07-27
2643,NH,2024-01-03
2644,MN,2025-11-13
2645,AZ,2024-12-23
2646,TX,2023-10-20
2647,MN,2025-12-22
2648,CA,2024-07-21
2649,PA,2025-05-23
2650,FL,2025-08-18
2651,TN,2024-08-11
2652,MN,2023-09-17
2653,IL,2025-06-26
2654,MA,2023-07-03
2655,CA,2025-12-07
2656,TX,2023-05-27
2657,AZ,2024-08-14
2658,CA,2025-10-14
2659,OR,2024-03-15
2660,MT,2023-08-17
2661,CA,2025-01-01
2662,MA,2025-08-04
2663,CO,2025-01-09
2664,MD,2024-01-13
2665,NY,2026-01-31
2666,FL,2025-08-11
2667,IN,2024-08-22
2668,IL,2023-01-23
2669,NY,2023-10-20
2670,NV,2024-04-20
2671,NM,2025-08-09
2672,OH,2024-03-26
2673,RI,2025-06-16
2674,OK,2023-10-12
2675,NY,2024-08-12
2676,WA,2023-05-02
2677,GA,2026-02-09
2678,MI,2024-05-25
2679,PA,2023-01-02
2680,NC,2025-06-10
2681,CA,2025-03-09
2682,WA,2024-09-20
2683,CA,2024-04-05
2684,NC,2025-08-09
2685,NY,2025-08-29
2686,WA,2025-09-08
2687,IL,2025-03-24
2688,VA,2023-02-23
2689,MN,2023-04-19
2690,AZ,2023-10-07
2691,CO,2025-12-16
2692,PA,2025-04-19
2693,WI,2025-04-16
2694,NV,2025-11-17
2695,CA,2023-07-23
2696,TX,2024-06-28
2697,SC,2023-11-05
2698,CO,2024-06-11
2699,NY,2025-10-05
2700,CA,2024-09-08
2701,CA,2026-01-15
2702,MN,2023-01-31
2703,TX,2023-04-10
2704,TX,2024-10-28
2705,NY,2025-03-14
2706,GA,2024-05-09
2707,IL,2024-04-15
2708,TX,2025-01-11
2709,VA,2025-01-03
2710,OR,2025-09-24
2711,MT,2023-11-27
2712,MA,2023-09-09
2713,WA,2025-10-21
2714,TX,2026-01-18
2715,OR,2024-06-01
2716,RI,2026-02-13
2717,GA,2023-03-14
2718,NC,2023-06-05
2719,NJ,2024-12-23
2720,WA,2023-03-10
2721,TX,2024-04-15
2722,TX,2024-05-06
2723,GA,2023-10-27
2724,NC,2025-07-06
2725,MA,2024-12-13
2726,CA,2025-01-20
2727,UT,2024-02-11
2728,TX,2025-07-27
2729,CO,2024-08-02
2730,OH,2024-08-04
2731,NY,2025-03-09
2732,MA,2024-06-12
2733,CA,2023-05-17
2734,CA,2023-08-07
2735,TX,2024-06-01
2736,VA,2023-05-12
2737,KY,2025-11-07
2738,WA,2024-07-13
2739,CA,2025-07-16
2740,TX,2023-11-28
2741,ID,2023-11-15
2742,CA,2025-09-06
2743,MN,2025-10-30
2744,OH,2023-06-16
2745,CO,2023-05-27
2746,KS,2025-07-27
2747,NC,2024-03-20
2748,ME,2023-03-11
2749,TN,2025-04-12
2750,OR,2025-07-07
2751,MS,2024-09-07
2752,GA,2023-11-15
2753,FL,2023-02-05
2754,CA,2023-09-12
2755,NJ,2025-08-19
2756,IL,2023-12-01
2757,WA,2025-11-09
2758,MS,2023-10-25
2759,AL,2025-11-10
2760,WA,2024-04-22
2761,AR,2024-04-16
2762,WA,2025-08-19
2763,NY,2024-04-14
2764,GA,2025-02-05
2765,CA,2024-08-12
2766,NY,2025-03-02
2767,MD,2024-01-21
2768,CT,2025-07-30
2769,TX,2024-03-21
2770,OH,2023-04-09
2771,RI,2024-10-16
2772,ID,2025-12-14
2773,MA,2025-10-23
2774,WI,2025-07-22
2775,PA,2025-03-27
2776,PA,2024-10-22
2777,TX,2023-08-20
2778,WA,2024-08-22
2779,NY,2025-07-08
2780,OH,2023-12-26
2781,NC,2025-05-21
2782,MD,2024-07-09
2783,GA,2023-09-07
2784,TX,2024-08-18
2785,MS,2023-05-19
2786,NC,2025-09-16
2787,MA,2025-06-28
2788,OR,2023-01-12
2789,TX,2025-09-06
2790,MD,2023-09-30
2791,FL,2024-05-02
2792,CA,2026-01-18
2793,OR,2025-11-14
2794,NY,2024-06-21
2795,NC,2025-09-11
2796,TX,2025-12-19
2797,NJ,2024-08-10
2798,NY,2025-02-26
2799,GA,2025-07-09
2800,NY,2025-10-30
2801,IL,2023-08-31
2802,NV,2025-03-08
2803,MA,2023-09-14
2804,MN,2023-11-06
2805,NY,2024-05-30
2806,VA,2025-11-19
2807,NY,2025-12-24
2808,MN,2024-09-27
2809,AZ,2025-03-07
2810,WA,2023-02-09
2811,MA,2025-11-15
2812,NY,2024-08-03
2813,NC,2023-01-01
2814,AL,2023-03-20
2815,PA,2024-09-11
2816,FL,2024-05-15
2817,WA,2026-02-21
2818,NY,2025-09-04
2819,MA,2024-04-30
2820,IL,2024-04-22
2821,NE,2023-11-29
2822,WA,2023-01-30
2823,WI,2024-12-27
2824,NY,2023-06-22
2825,PA,2025-03-02
2826,CO,2024-04-12
2827,CO,2024-12-23
2828,IL,2024-02-01
2829,MN,2023-05-05
2830,NY,2026-01-08
2831,CA,2024-11-26
2832,NY,2024-06-10
2833,PA,2026-01-17
2834,TX,2025-10-23
2835,OH,2024-06-19
2836,CA,2024-08-23
2837,AL,2025-09-14
2838,MS,2024-08-28
2839,OR,2025-12-30
2840,UT,2024-11-30
2841,WA,2023-05-19
2842,NY,2023-01-10
2843,NY,2023-05-10
2844,IL,2024-02-05
2845,VA,2024-10-03
2846,CO,2024-03-12
2847,CA,2026-02-10
2848,MI,2023-02-27
2849,OR,2026-02-10
2850,CA,2024-11-30
2851,MA,2026-02-19
2852,MA,2024-02-12
2853,CA,2026-01-13
2854,NY,2024-02-04
2855,MD,2023-12-22
2856,CO,2023-04-09
2857,TX,2024-06-01
2858,MA,2023-04-18
2859,MO,2023-06-01
2860,CA,2025-06-24
2861,ID,2025-04-29
2862,NY,2025-01-18
2863,TX,2023-01-27
2864,NY,2023-04-29
2865,MA,2024-12-23
2866,FL,2023-04-10
2867,ND,2023-01-03
2868,CA,2025-03-16
2869,FL,2026-02-03
2870,CO,2023-10-31
2871,FL,2023-06-26
2872,MA,2023-03-25
2873,WA,2023-09-20
2874,CA,2024-04-02
2875,NC,2024-02-13
2876,TN,2026-01-09
2877,PA,2023-07-25
2878,NY,2025-03-30
2879,MA,2025-10-11
2880,CA,2025-03-12
2881,AL,2025-06-13
2882,TX,2025-05-22
2883,LA,2024-01-23
2884,CO,2025-06-12
2885,SD,2025-02-05
2886,MO,2025-10-28
2887,CA,2024-03-25
2888,CA,2023-12-08
2889,OH,2026-01-01
2890,IL,2025-05-09
2891,OH,2023-05-01
2892,CO,2023-10-29
2893,TX,2025-08-18
2894,OR,2025-06-02
2895,CA,2025-05-30
2896,MD,2023-08-22
2897,VA,2023-03-07
2898,VA,2023-08-18
2899,CA,2025-07-10
2900,NY,2023-02-20
2901,IL,2024-10-20
2902,MA,2024-01-22
2903,CA,2025-11-27
2904,FL,2025-01-22
2905,ME,2024-05-07
2906,TX,2023-02-10
2907,NC,2025-08-03
2908,NJ,2026-02-26
2909,GA,2025-12-13
2910,TX,2023-03-27
2911,CO,2023-10-23
2912,AZ,2025-11-10
2913,WA,2024-02-29
2914,TX,2023-07-08
2915,TX,2023-06-10
2916,SC,2024-12-13
2917,NC,2024-01-16
2918,OH,2023-09-01
2919,CO,2023-07-02
2920,NC,2024-06-27
2921,TX,2025-02-17
2922,KY,2025-08-05
2923,IL,2023-04-03
2924,MD,2024-01-03
2925,IL,2023-06-08
2926,CA,2024-02-02
2927,CA,2024-03-13
2928,MA,2024-01-08
2929,WA,2023-11-02
2930,AL,2025-09-11
2931,NY,2025-09-08
2932,NJ,2023-11-25
2933,SC,2023-12-09
2934,WA,2024-12-24
2935,KY,2023-06-07
2936,NY,2026-02-07
2937,CA,2023-12-16
2938,TX,2024-12-26
2939,IL,2023-12-31
2940,NC,2023-01-15
2941,MN,2023-06-02
2942,MN,2024-06-15
2943,CA,2025-08-24
2944,NV,2025-12-11
2945,CA,2025-05-04
2946,LA,2024-04-13
2947,ID,2025-05-28
2948,CO,2024-08-18
2949,NJ,2024-01-02
2950,FL,2024-10-02
2951,PA,2025-05-11
2952,TN,2025-06-12
2953,NY,2025-11-05
2954,IL,2024-08-11
2955,WA,2023-04-02
2956,NV,2024-04-02
2957,NY,2025-12-11
2958,KY,2026-02-18
2959,TX,2025-12-09
2960,GA,2024-01-22
2961,WA,2024-01-06
2962,KS,2023-07-03
2963,NY,2025-02-10
2964,IL,2023-07-24
2965,TX,2025-08-11
2966,MD,2023-06-21
2967,TX,2025-04-04
2968,MS,2023-08-10
2969,SC,2025-12-15
2970,MA,2024-09-06
2971,CA,2023-06-16
2972,ME,2023-05-22
2973,NJ,2023-05-05
2974,IL,2023-03-31
2975,GA,2023-11-07
2976,CA,2025-08-09
2977,NY,2023-08-04
2978,NC,2025-06-01
2979,CA,2025-01-30
2980,AZ,2023-04-06
2981,SC,2024-12-10
2982,AZ,2023-05-29
2983,PA,2025-07-16
2984,OR,2024-12-15
2985,OH,2025-06-01
2986,CO,2023-12-24
2987,NY,2024-08-10
2988,CA,2023-11-12
2989,MA,2025-06-03
2990,TX,2025-11-25
2991,TX,2024-03-25
2992,IL,2025-04-24
2993,FL,2023-03-31
2994,IL,2024-06-24
2995,TX,2023-06-25
2996,GA,2024-10-09
2997,GA,2025-06-19
2998,NY,2024-11-17
2999,CO,2024-01-29
3000,MA,2024-05-18
3001,RI,2025-08-13
3002,MI,2025-11-15
3003,NY,2023-04-10
3004,UT,2024-02-29
3005,MA,2025-11-19
3006,MO,2025-06-24
3007,TN,2024-05-10
3008,CA,2024-10-12
3009,TX,2025-09-24
3010,AL,2023-05-20
3011,MN,2023-11-16
3012,NY,2024-01-04
3013,NY,2023-10-24
3014,GA,2025-03-06
3015,TX,2026-01-08
3016,NY,2024-05-15
3017,SD,2023-09-16
3018,MA,2026-02-18
3019,IL,2025-12-14
3020,NC,2023-01-18
3021,CA,2023-04-20
3022,WA,2023-11-27
3023,AL,2025-08-03
3024,NE,2023-09-25
3025,IL,2024-03-10
3026,KY,2024-03-25
3027,IL,2023-10-24
3028,SD,2024-12-19
3029,OR,2025-10-17
3030,TN,2023-07-03
3031,NY,2024-02-16
3032,CA,2023-11-16
3033,IL,2025-01-10
3034,DE,2025-03-15
3035,ME,2024-02-21
3036,GA,2025-05-31
3037,NY,2025-03-01
3038,CA,2023-03-31
3039,IL,2025-01-28
3040,TX,2026-01-03
3041,FL,2024-07-27
3042,TN,2025-08-20
3043,CA,2025-07-24
3044,CA,2025-11-17
3045,MA,2024-03-01
3046,WA,2025-06-01
3047,CA,2025-02-24
3048,PA,2024-06-18
3049,WA,2023-10-12
3050,AK,2024-09-13
3051,CA,2026-02-03
3052,CA,2024-05-18
3053,NY,2023-02-15
3054,FL,2024-06-20
3055,VA,2023-03-03
3056,ME,2026-01-10
3057,AL,2023-12-02
3058,MA,2023-07-30
3059,CA,2024-02-04
3060,NC,2024-12-09
3061,WA,2023-12-13
3062,CA,2024-01-12
3063,CT,2025-03-31
3064,PA,2025-07-07
3065,MA,2023-02-13
3066,MI,2025-03-10
3067,WI,2025-02-25
3068,KS,2025-01-02
3069,FL,2025-08-25
3070,NY,2025-12-28
3071,FL,2024-10-13
3072,HI,2024-06-05
3073,CA,2023-04-21
3074,MS,2024-08-30
3075,GA,2025-12-14
3076,CA,2025-06-14
3077,WI,2024-06-07
3078,NJ,2023-05-26
3079,NY,2023-09-21
3080,FL,2024-04-12
3081,NV,2025-05-21
3082,MI,2025-08-16
3083,FL,2026-01-27
3084,OR,2024-11-09
3085,TX,2025-01-27
3086,PA,2025-07-07
3087,KS,2026-01-24
3088,WA,2024-07-28
3089,PA,2024-12-06
3090,OR,2025-04-13
3091,NY,2025-03-24
3092,MA,2024-02-03
3093,SC,2024-08-24
3094,NC,2023-11-24
3095,AZ,2024-01-30
3096,NH,2024-07-01
3097,CO,2025-11-07
3098,NV,2025-07-07
3099,AK,2023-03-18
3100,NJ,2025-12-08
3101,NJ,2025-10-14
3102,NY,2023-05-09
3103,MA,2024-06-02
3104,OH,2023-10-31
3105,FL,2026-02-09
3106,CA,2024-12-25
3107,CA,2025-06-30
3108,VA,2025-03-26
3109,CA,2025-08-31
3110,IL,2025-03-29
3111,UT,2023-12-29
3112,CT,2025-12-25
3113,MI,2025-11-20
3114,WI,2025-03-19
3115,OH,2025-11-03
3116,CA,2024-07-23
3117,MA,2025-08-27
3118,CA,2023-12-19
3119,PA,2024-09-01
3120,TX,2024-04-12
3121,MA,2025-07-12
3122,NY,2024-01-23
3123,CT,2025-01-28
3124,NY,2024-03-17
3125,FL,2024-05-30
3126,CA,2025-04-22
3127,FL,2023-02-14
3128,CA,2024-12-23
3129,MA,2025-01-25
3130,CA,2023-07-22
3131,WA,2024-06-22
3132,GA,2024-01-21
3133,AL,2024-09-21
3134,PA,2025-08-25
3135,IL,2025-01-07
3136,CA,2023-12-26
3137,FL,2025-09-09
3138,WA,2023-07-24
3139,FL,2025-09-17
3140,KY,2025-12-08
3141,WA,2024-01-01
3142,NY,2023-09-10
3143,OR,2023-03-19
3144,MD,2025-02-07
3145,FL,2024-09-23
3146,CT,2025-09-13
3147,AZ,2024-02-21
3148,CA,2025-11-24
3149,FL,2023-11-08
3150,MO,2023-07-16
3151,FL,2025-09-23
3152,NV,2023-09-17
3153,MA,2024-08-18
3154,PA,2024-06-17
3155,WA,2023-01-24
3156,GA,2025-07-31
3157,IL,2026-01-03
3158,IN,2025-07-11
3159,ME,2024-11-09
3160,TX,2023-04-20
3161,NY,2023-03-31
3162,FL,2023-02-06
3163,AZ,2025-04-01
3164,NY,2025-09-19
3165,FL,2024-07-25
3166,NM,2024-08-06
3167,OH,2023-11-03
3168,MS,2023-03-03
3169,CA,2023-11-01
3170,IL,2023-06-28
3171,AL,2024-06-23
3172,MA,2025-07-20
3173,NJ,2025-07-20
3174,NY,2025-04-24
3175,TX,2025-11-25
3176,WA,2025-01-19
3177,FL,2026-01-01
3178,NC,2025-11-19
3179,TN,2025-01-08
3180,FL,2025-03-07
3181,MN,2025-12-24
3182,TX,2025-01-16
3183,WA,2024-09-18
3184,CA,2024-03-28
3185,NY,2025-04-10
3186,CA,2025-01-27
3187,CO,2025-05-10
3188,NC,2025-03-29
3189,CA,2025-11-26
3190,PA,2024-01-16
3191,OH,2024-10-10
3192,IL,2023-09-03
3193,MA,2023-09-08
3194,NC,2024-07-18
3195,WA,2025-06-27
3196,GA,2025-03-31
3197,OK,2024-12-15
3198,WI,2024-04-16
3199,OH,2023-05-02
3200,NV,2025-02-19
3201,TX,2025-01-17
3202,OH,2023-05-01
3203,TX,2023-05-19
3204,IL,2023-03-28
3205,IL,2023-05-10
3206,CA,2023-09-09
3207,CO,2025-02-25
3208,IL,2023-02-16
3209,IL,2024-05-15
3210,CA,2024-02-29
3211,FL,2025-08-22
3212,WA,2024-12-31
3213,OH,2023-04-21
3214,MI,2025-11-28
3215,WA,2023-05-15
3216,WA,2024-09-01
3217,AZ,2025-11-23
3218,WA,2025-09-13
3219,GA,2024-03-03
3220,TX,2025-12-27
3221,CA,2023-07-18
3222,NJ,2024-07-13
3223,VA,2023-09-16
3224,CA,2024-12-25
3225,CA,2024-11-04
3226,CA,2023-05-17
3227,NY,2025-07-04
3228,NY,2025-07-24
3229,WI,2024-01-16
3230,WA,2023-08-26
3231,NC,2024-11-18
3232,RI,2024-04-02
3233,MA,2023-03-23
3234,MD,2024-08-17
3235,WA,2024-10-15
3236,OH,2024-02-07
3237,TX,2025-04-01
3238,KY,2023-07-07
3239,CA,2024-05-07
3240,MA,2023-09-12
3241,ND,2024-02-29
3242,NY,2024-04-29
3243,CA,2024-03-11
3244,FL,2023-06-29
3245,NY,2025-12-30
3246,NJ,2025-06-19
3247,GA,2024-10-05
3248,IL,2023-05-19
3249,RI,2025-02-25
3250,FL,2023-04-12
3251,MA,2024-04-12
3252,MA,2023-10-10
3253,AZ,2025-11-18
3254,TX,2023-01-18
3255,MN,2025-01-25
3256,NY,2024-11-17
3257,HI,2024-08-23
3258,MS,2025-11-09
3259,WA,2024-03-08
3260,UT,2025-11-07
3261,WA,2024-01-11
3262,PA,2025-10-07
3263,OH,2024-12-16
3264,MN,2026-02-01
3265,KY,2025-10-20
3266,MA,2025-01-06
3267,CO,2023-08-09
3268,CO,2025-11-15
3269,IL,2025-12-23
3270,NJ,2023-09-11
3271,TX,2025-01-05
3272,CA,2025-04-05
3273,IL,2026-02-28
3274,WA,2023-01-30
3275,PA,2025-02-25
3276,GA,2023-01-10
3277,FL,2026-01-17
3278,TX,2024-03-05
3279,VA,2026-02-24
3280,WA,2024-11-28
3281,TN,2023-05-04
3282,MN,2023-02-20
3283,LA,2024-02-02
3284,CA,2023-11-10
3285,NY,2024-10-09
3286,GA,2024-05-28
3287,AZ,2024-05-16
3288,NY,2024-06-13
3289,CA,2024-11-27
3290,WI,2025-01-03
3291,OR,2025-05-09
3292,SC,2024-02-23
3293,TX,2023-07-13
3294,IL,2023-11-08
3295,MI,2025-09-22
3296,GA,2024-12-22
3297,CA,2024-04-20
3298,IL,2024-08-06
3299,DE,2023-04-27
3300,TX,2023-09-21
3301,MA,2023-01-21
3302,MD,2024-04-21
3303,TX,2024-07-02
3304,WA,2025-08-05
3305,NJ,2025-10-17
3306,MA,2025-12-21
3307,MS,2023-07-25
3308,MO,2024-09-22
3309,TX,2023-06-28
3310,CA,2025-06-06
3311,PA,2023-12-08
3312,MO,2024-03-15
3313,AL,2026-01-03
3314,NY,2023-10-17
3315,KY,2024-07-10
3316,IL,2024-10-10
3317,MT,2023-07-27
3318,MD,2023-09-29
3319,NY,2024-02-19
3320,PA,2024-01-19
3321,UT,2025-06-09
3322,MD,2025-11-07
3323,ME,2024-10-21
3324,TN,2023-09-04
3325,VT,2024-02-18
3326,IL,2024-12-15
3327,CO,2023-06-30
3328,CA,2025-08-01
3329,WA,2025-06-11
3330,FL,2023-03-02
3331,SC,2023-06-15
3332,FL,2025-10-05
3333,KY,2024-10-16
3334,TX,2023-12-17
3335,CO,2025-12-20
3336,PA,2023-09-20
3337,CA,2023-05-04
3338,FL,2025-07-20
3339,SD,2026-01-18
3340,CO,2023-05-19
3341,TN,2025-05-09
3342,MI,2026-01-21
3343,LA,2023-05-14
3344,FL,2025-03-29
3345,TX,2025-11-27
3346,CA,2025-10-14
3347,IN,2024-04-01
3348,IL,2024-03-13
3349,MI,2024-11-10
3350,CA,2024-10-08
3351,MO,2024-09-13
3352,CO,2026-02-04
3353,CA,2023-01-24
3354,IL,2025-03-19
3355,GA,2025-07-23
3356,FL,2024-01-05
3357,AZ,2025-09-23
3358,CO,2023-06-20
3359,IN,2023-08-10
3360,WI,2024-03-18
3361,CA,2025-05-11
3362,NC,2024-01-11
3363,MI,2023-10-08
3364,NY,2024-12-13
3365,UT,2025-08-15
3366,WI,2025-03-21
3367,NY,2025-04-06
3368,UT,2024-04-30
3369,NC,2023-12-01
3370,OR,2025-01-11
3371,MD,2024-02-14
3372,NY,2023-02-23
3373,CA,2024-12-01
3374,NC,2026-01-03
3375,FL,2023-12-15
3376,TX,2025-09-01
3377,NY,2024-01-28
3378,WI,2024-07-07
3379,CO,2025-04-26
3380,IN,2023-03-22
3381,PA,2025-04-05
3382,CA,2026-01-14
3383,TX,2025-01-13
3384,CT,2023-06-26
3385,NY,2024-05-25
3386,AL,2023-05-19
3387,FL,2026-01-30
3388,WA,2024-04-17
3389,VA,2024-06-25
3390,MD,2023-07-13
3391,MN,2024-04-30
3392,CT,2025-03-15
3393,IL,2023-09-04
3394,FL,2024-09-21
3395,NY,2024-03-13
3396,ID,2023-03-14
3397,CO,2025-12-28
3398,ME,2025-01-23
3399,IL,2025-04-10
3400,FL,2023-04-04
3401,GA,2024-03-10
3402,AK,2024-04-01
3403,WI,2023-08-17
3404,WA,2023-01-30
3405,CA,2023-12-01
3406,WA,2024-10-21
3407,MN,2024-07-22
3408,CA,2023-06-26
3409,TN,2025-04-03
3410,TX,2024-07-21
3411,FL,2024-02-13
3412,SC,2025-02-15
3413,FL,2023-03-18
3414,MA,2025-07-21
3415,MA,2024-09-27
3416,FL,2024-06-23
3417,CA,2023-01-12
3418,WA,2023-06-18
3419,IL,2025-04-10
3420,NY,2024-03-24
3421,TN,2024-03-24
3422,IL,2026-02-03
3423,TX,2024-03-02
3424,CA,2025-08-13
3425,CO,2025-07-04
3426,MA,2026-01-26
3427,AZ,2024-09-22
3428,ND,2023-08-14
3429,NY,2024-03-22
3430,MI,2023-07-22
3431,WA,2025-08-25
3432,WA,2024-11-05
3433,TX,2024-09-25
3434,FL,2023-01-16
3435,CA,2024-09-09
3436,MA,2025-11-09
3437,CO,2024-03-15
3438,TX,2025-08-28
3439,MA,2024-01-27
3440,MA,2024-12-24
3441,VA,2025-01-05
3442,CO,2023-08-08
3443,NE,2025-10-28
3444,IL,2024-03-21
3445,GA,2023-01-14
3446,PA,2024-01-22
3447,FL,2024-10-03
3448,NY,2025-11-11
3449,CA,2023-08-13
3450,TX,2023-08-23
3451,PA,2025-09-26
3452,CA,2024-12-11
3453,FL,2025-03-02
3454,CA,2024-03-12
3455,NJ,2025-12-10
3456,IL,2024-08-03
3457,KY,2025-12-03
3458,NC,2024-11-17
3459,AZ,2023-12-31
3460,UT,2023-09-26
3461,LA,2023-03-19
3462,FL,2023-07-08
3463,CO,2025-11-14
3464,WA,2024-11-01
3465,PA,2023-12-24
3466,NE,2025-08-16
3467,AK,2026-01-22
3468,MA,2023-12-02
3469,CA,2025-06-21
3470,NH,2023-12-07
3471,CA,2025-04-13
3472,CA,2024-07-20
3473,AZ,2023-03-13
3474,MO,2025-12-01
3475,GA,2024-02-15
3476,CO,2025-06-16
3477,FL,2025-04-17
3478,GA,2024-10-05
3479,CT,2023-01-21
3480,FL,2025-10-21
3481,MA,2024-11-08
3482,NC,2026-01-04
3483,OR,2024-08-25
3484,NC,2023-03-29
3485,NY,2023-01-17
3486,PA,2025-07-31
3487,WA,2025-04-03
3488,NC,2024-01-18
3489,NC,2024-10-01
3490,CA,2024-03-28
3491,NY,2025-03-26
3492,CA,2023-11-06
3493,CA,2025-07-19
3494,IL,2024-05-06
3495,CA,2025-01-29
3496,OR,2023-01-01
3497,CO,2023-02-10
3498,MI,2024-11-02
3499,MA,2023-07-31
3500,AL,2023-10-31
3501,CT,2024-11-21
3502,IL,2024-09-07
3503,TX,2024-06-06
3504,NY,2023-01-25
3505,IN,2025-03-18
3506,NJ,2023-01-25
3507,TX,2024-08-18
3508,MI,2026-02-03
3509,TX,2026-02-16
3510,TX,2023-04-18
3511,OH,2023-06-29
3512,OH,2025-05-30
3513,CT,2023-05-11
3514,MO,2024-08-25
3515,PA,2025-01-22
3516,TX,2025-01-28
3517,GA,2023-06-17
3518,TX,2023-08-11
3519,OR,2024-04-13
3520,CA,2023-10-05
3521,FL,2023-07-09
3522,CA,2024-06-14
3523,MA,2024-09-12
3524,NY,2023-08-06
3525,RI,2023-08-24
3526,FL,2023-06-17
3527,OR,2025-02-18
3528,TN,2023-07-12
3529,CA,2023-08-30
3530,VA,2025-03-01
3531,FL,2024-03-30
3532,TX,2023-07-12
3533,OH,2024-01-27
3534,TX,2024-08-23
3535,FL,2025-12-01
3536,MN,2023-04-03
3537,FL,2023-12-15
3538,WA,2024-05-27
3539,OH,2025-07-12
3540,NY,2023-04-16
3541,NJ,2025-09-18
3542,FL,2024-12-17
3543,IN,2025-02-26
3544,GA,2025-04-02
3545,CA,2025-07-05
3546,NY,2025-12-12
3547,OH,2025-05-03
3548,TX,2024-11-13
3549,CA,2025-10-19
3550,OH,2025-08-08
3551,VA,2023-02-13
3552,TX,2024-08-25
3553,GA,2024-09-24
3554,NC,2023-04-02
3555,NE,2025-01-28
3556,CA,2024-12-31
3557,NY,2025-08-11
3558,TX,2023-12-03
3559,MN,2024-11-30
3560,MA,2025-07-13
3561,FL,2024-11-10
3562,WA,2025-08-24
3563,IL,2023-09-21
3564,FL,2023-04-15
3565,NJ,2023-08-12
3566,CA,2025-09-04
3567,GA,2023-04-25
3568,FL,2025-06-09
3569,MA,2024-12-29
3570,OH,2023-02-03
3571,CA,2025-06-13
3572,NY,2024-04-06
3573,IL,2024-03-24
3574,GA,2025-04-08
3575,NY,2025-12-05
3576,NY,2024-02-09
3577,GA,2023-11-29
3578,MI,2023-08-28
3579,MA,2023-08-16
3580,MA,2025-01-02
3581,WA,2025-06-09
3582,TX,2023-06-15
3583,SD,2024-08-07
3584,GA,2025-01-06
3585,FL,2024-08-20
3586,TX,2024-08-15
3587,TX,2024-12-27
3588,FL,2025-07-13
3589,PA,2024-10-10
3590,CO,2024-03-22
3591,VA,2023-04-07
3592,CA,2024-01-14
3593,CO,2024-10-31
3594,CO,2024-09-22
3595,SC,2024-12-08
3596,TX,2024-05-17
3597,CA,2023-10-15
3598,AR,2024-01-04
3599,PA,2023-03-06
3600,CA,2023-06-11
3601,FL,2024-08-19
3602,WA,2025-07-15
3603,MN,2024-07-24
3604,TX,2025-08-31
3605,MS,2024-10-23
3606,CO,2024-04-25
3607,CA,2023-09-26
3608,IL,2025-01-05
3609,CO,2024-07-20
3610,ID,2024-02-10
3611,AL,2025-02-03
3612,NE,2025-05-15
3613,NC,2026-01-22
3614,NC,2024-01-25
3615,NJ,2024-06-30
3616,CA,2025-01-11
3617,TX,2025-11-03
3618,TX,2024-08-08
3619,OR,2025-05-23
3620,NY,2023-02-12
3621,OH,2025-05-29
3622,WA,2025-06-29
3623,TX,2024-08-29
3624,LA,2023-08-26
3625,TX,2024-12-19
3626,MN,2025-01-11
3627,MN,2024-02-08
3628,FL,2023-08-02
3629,FL,2025-04-25
3630,CA,2023-05-12
3631,MA,2023-01-09
3632,NY,2023-06-02
3633,CA,2024-03-06
3634,GA,2024-04-27
3635,NY,2023-11-01
3636,TX,2023-10-11
3637,AZ,2024-04-16
3638,OH,2025-09-19
3639,MS,2023-07-09
3640,AL,2024-05-26
3641,IL,2023-12-09
3642,AR,2024-12-15
3643,FL,2024-11-10
3644,PA,2025-11-23
3645,PA,2024-04-15
3646,CA,2025-01-10
3647,CA,2024-05-27
3648,TX,2026-02-12
3649,KS,2023-05-25
3650,LA,2024-07-12
3651,NC,2025-03-02
3652,CA,2023-12-26
3653,MS,2023-10-12
3654,CA,2025-02-03
3655,IL,2024-08-06
3656,GA,2024-12-27
3657,AZ,2025-08-17
3658,OK,2025-01-12
3659,FL,2024-10-15
3660,FL,2023-12-24
3661,PA,2024-08-09
3662,TX,2023-02-09
3663,PA,2025-06-20
3664,FL,2023-09-30
3665,OK,2025-12-29
3666,TX,2025-04-08
3667,NC,2024-09-14
3668,WA,2024-04-02
3669,SD,2023-08-22
3670,KY,2023-07-16
3671,FL,2024-06-19
3672,CA,2025-07-26
3673,TX,2023-05-27
3674,IL,2024-07-27
3675,FL,2025-12-26
3676,VA,2023-01-30
3677,FL,2023-04-17
3678,FL,2024-01-25
3679,LA,2025-05-28
3680,TX,2024-02-10
3681,CO,2026-02-18
3682,IL,2025-10-31
3683,TX,2024-08-06
3684,NY,2023-12-13
3685,FL,2025-03-07
3686,FL,2023-04-29
3687,FL,2024-06-03
3688,MD,2025-01-02
3689,PA,2023-03-21
3690,RI,2024-02-23
3691,TX,2024-08-06
3692,TX,2024-12-12
3693,CA,2023-08-22
3694,WI,2023-09-18
3695,MA,2025-07-21
3696,TX,2024-10-18
3697,CA,2025-11-11
3698,GA,2023-03-19
3699,TX,2025-01-11
3700,NC,2024-11-02
3701,CA,2025-11-03
3702,IL,2023-01-30
3703,NY,2024-03-13
3704,NC,2023-03-04
3705,OH,2023-06-06
3706,MD,2024-07-22
3707,OR,2025-07-31
3708,UT,2025-02-15
3709,WI,2023-09-11
3710,MD,2025-10-03
3711,TX,2025-05-22
3712,UT,2023-07-18
3713,MA,2025-05-30
3714,NY,2023-01-06
3715,MD,2025-03-31
3716,MD,2023-09-05
3717,MA,2023-01-04
3718,AZ,2024-05-27
3719,CA,2025-04-17
3720,NY,2024-05-20
3721,WA,2023-01-31
3722,TX,2024-12-09
3723,NV,2025-06-04
3724,WI,2025-01-17
3725,NY,2023-03-20
3726,FL,2023-08-31
3727,MA,2024-05-15
3728,NY,2023-07-24
3729,NY,2024-12-23
3730,MA,2023-11-29
3731,GA,2024-08-25
3732,NY,2023-06-15
3733,NY,2023-06-10
3734,AZ,2023-01-06
3735,SC,2023-07-24
3736,CA,2024-06-15
3737,MN,2026-01-28
3738,CA,2023-02-14
3739,NE,2024-04-01
3740,FL,2023-08-15
3741,MN,2023-02-21
3742,IL,2026-02-20
3743,FL,2024-04-15
3744,WA,2025-06-15
3745,NJ,2024-09-05
3746,UT,2024-05-26
3747,MD,2025-02-24
3748,FL,2024-02-19
3749,MN,2024-09-05
3750,NY,2024-06-03
3751,CA,2024-11-04
3752,NJ,2026-01-01
3753,CA,2023-12-11
3754,WA,2025-11-16
3755,CT,2025-02-13
3756,WA,2024-08-07
3757,CA,2025-05-29
3758,CA,2025-06-16
3759,AL,2025-04-27
3760,CT,2024-12-25
3761,NC,2024-10-18
3762,CA,2024-09-02
3763,MN,2025-10-20
3764,WA,2025-08-04
3765,CA,2023-06-29
3766,MN,2024-10-08
3767,NJ,2024-03-13
3768,NY,2024-01-30
3769,FL,2024-08-16
3770,NH,2023-02-26
3771,CA,2023-11-22
3772,CT,2023-11-18
3773,NC,2023-07-02
3774,TX,2023-08-23
3775,CO,2024-09-10
3776,CO,2023-09-23
3777,CA,2025-10-05
3778,NJ,2025-04-21
3779,CA,2023-11-25
3780,PA,2024-11-13
3781,CA,2023-01-24
3782,OR,2023-07-15
3783,ME,2024-09-02
3784,CA,2024-09-04
3785,UT,2024-09-23
3786,OR,2023-11-17
3787,WA,2023-07-22
3788,NY,2026-01-18
3789,OH,2023-06-26
3790,MI,2024-09-18
3791,VA,2023-02-01
3792,FL,2025-08-03
3793,MA,2024-12-27
3794,CA,2025-08-11
3795,FL,2025-03-30
3796,IL,2025-03-01
3797,TX,2023-08-31
3798,PA,2023-03-11
3799,TX,2025-10-11
3800,NC,2025-12-30
3801,CO,2023-06-07
3802,WI,2024-07-02
3803,NY,2023-11-22
3804,MN,2025-11-24
3805,NV,2024-04-04
3806,CA,2024-02-20
3807,WA,2024-07-24
3808,FL,2025-06-04
3809,CA,2024-05-25
3810,MN,2024-01-03
3811,UT,2025-06-30
3812,MN,2025-06-01
3813,MI,2023-07-26
3814,FL,2024-07-31
3815,TX,2024-10-30
3816,IL,2023-04-16
3817,CA,2024-10-27
3818,NC,2025-11-07
3819,GA,2023-09-17
3820,LA,2023-11-09
3821,AL,2024-09-22
3822,ME,2026-01-30
3823,CA,2024-06-20
3824,MI,2024-11-04
3825,FL,2023-12-16
3826,MI,2023-08-03
3827,PA,2026-02-21
3828,DE,2023-11-24
3829,MA,2025-04-26
3830,CA,2023-04-08
3831,NC,2024-10-20
3832,MA,2023-10-27
3833,FL,2023-01-30
3834,GA,2026-01-02
3835,MO,2023-06-21
3836,TX,2025-10-14
3837,VA,2025-07-11
3838,MI,2023-03-25
3839,NH,2025-09-11
3840,NY,2024-09-30
3841,IL,2023-03-26
3842,AZ,2024-10-25
3843,CA,2024-06-02
3844,NV,2023-07-03
3845,FL,2025-08-30
3846,VA,2023-12-07
3847,WA,2023-08-15
3848,LA,2025-04-16
3849,MD,2023-09-21
3850,MA,2024-03-25
3851,AR,2023-06-19
3852,MN,2024-07-19
3853,WA,2023-05-12
3854,KY,2025-04-06
3855,PA,2024-08-28
3856,PA,2025-12-05
3857,CA,2023-12-16
3858,KY,2023-04-09
3859,WA,2025-11-26
3860,MA,2025-10-05
3861,ND,2023-03-16
3862,TN,2023-02-27
3863,CA,2025-11-08
3864,MN,2024-02-06
3865,TX,2023-07-07
3866,NY,2023-05-19
3867,CT,2023-05-23
3868,PA,2023-04-18
3869,MA,2023-08-09
3870,CA,2023-05-25
3871,CA,2025-05-07
3872,WA,2024-05-24
3873,NE,2024-01-11
3874,TX,2023-01-05
3875,MI,2024-01-23
3876,PA,2024-07-21
3877,PA,2025-09-10
3878,MS,2024-07-13
3879,WI,2023-12-31
3880,MO,2024-02-21
3881,CA,2023-01-21
3882,ND,2024-09-05
3883,NE,2024-05-31
3884,CA,2024-10-22
3885,PA,2023-11-26
3886,CA,2024-01-13
3887,CA,2023-06-09
3888,NV,2024-10-19
3889,CA,2023-12-20
3890,TX,2023-03-20
3891,IL,2023-06-01
3892,TX,2024-05-31
3893,KS,2024-01-18
3894,FL,2024-11-23
3895,AZ,2023-12-18
3896,MN,2025-08-08
3897,CA,2023-05-13
3898,WA,2024-09-25
3899,NY,2023-06-18
3900,TX,2025-05-15
3901,WA,2024-01-26
3902,CA,2025-03-30
3903,GA,2023-04-08
3904,NY,2025-09-18
3905,CA,2025-02-18
3906,MA,2023-12-06
3907,FL,2023-05-12
3908,HI,2023-07-29
3909,MD,2025-10-25
3910,TX,2024-01-12
3911,CO,2024-10-01
3912,PA,2025-12-13
3913,NY,2024-03-16
3914,MN,2023-08-29
3915,AZ,2024-05-15
3916,NY,2023-01-23
3917,MI,2024-09-23
3918,NC,2025-10-13
3919,CA,2023-06-24
3920,CA,2023-07-17
3921,PA,2023-04-09
3922,CA,2025-01-14
3923,GA,2024-03-28
3924,NY,2025-08-31
3925,NJ,2024-05-13
3926,FL,2023-05-21
3927,OH,2025-02-11
3928,NY,2023-06-24
3929,NC,2024-02-24
3930,RI,2024-11-06
3931,IL,2024-06-15
3932,TX,2025-07-06
3933,FL,2023-12-27
3934,NY,2024-03-21
3935,CO,2024-07-09
3936,IL,2024-12-08
3937,PA,2024-07-14
3938,NJ,2025-09-23
3939,CA,2023-02-28
3940,NY,2025-06-03
3941,NY,2025-08-24
3942,CA,2025-08-02
3943,NY,2023-09-20
3944,MO,2023-07-15
3945,NC,2023-12-20
3946,NY,2025-06-04
3947,CA,2025-07-29
3948,TX,2025-07-03
3949,AZ,2023-02-16
3950,MA,2025-01-22
3951,PA,2023-08-18
3952,PA,2025-01-26
3953,TX,2023-11-12
3954,NY,2025-01-31
3955,NY,2026-01-05
3956,ME,2023-03-03
3957,NE,2023-08-26
3958,OH,2023-03-19
3959,NC,2025-01-03
3960,TX,2024-07-12
3961,CA,2025-08-01
3962,NM,2024-10-11
3963,TX,2025-11-13
3964,NY,2025-11-18
3965,OK,2023-12-17
3966,NY,2025-07-01
3967,TX,2023-12-16
3968,NY,2024-04-20
3969,CA,2023-10-19
3970,NY,2025-06-06
3971,MA,2024-04-12
3972,PA,2023-11-02
3973,NY,2024-04-22
3974,MI,2026-02-25
3975,PA,2024-03-24
3976,GA,2023-08-18
3977,FL,2025-11-30
3978,NY,2025-03-03
3979,MD,2024-11-04
3980,FL,2025-04-03
3981,IL,2025-04-15
3982,OH,2025-11-10
3983,UT,2023-12-13
3984,MA,2023-01-10
3985,RI,2023-03-28
3986,PA,2024-06-28
3987,OR,2025-05-22
3988,CA,2024-12-15
3989,CA,2023-01-04
3990,GA,2025-11-12
3991,WA,2025-06-19
3992,MN,2023-09-30
3993,CO,2026-02-04
3994,GA,2025-05-30
3995,NY,2025-07-24
3996,PA,2023-01-02
3997,PA,2026-02-18
3998,OH,2023-05-29
3999,AZ,2025-08-05
4000,GA,2023-06-01
4001,NY,2023-11-02
4002,ME,2025-05-31
4003,GA,2024-04-19
4004,NY,2025-03-17
4005,MD,2025-12-30
4006,NY,2023-02-02
4007,TX,2025-02-16
4008,PA,2025-03-05
4009,NY,2024-01-02
4010,CA,2023-09-19
4011,NJ,2024-10-07
4012,CA,2024-06-21
4013,FL,2025-12-02
4014,TX,2023-01-16
4015,NM,2023-04-15
4016,CO,2025-03-01
4017,CA,2024-12-20
4018,WA,2025-12-18
4019,FL,2025-10-05
4020,NY,2023-02-17
4021,MI,2024-10-21
4022,NY,2025-03-11
4023,MO,2023-04-24
4024,NM,2023-10-23
4025,CA,2024-03-13
4026,VA,2023-09-23
4027,NC,2023-06-11
4028,IL,2024-05-18
4029,NC,2025-11-25
4030,LA,2024-08-09
4031,MN,2024-04-02
4032,NC,2025-10-02
4033,WA,2023-09-29
4034,TX,2024-04-24
4035,NY,2025-08-14
4036,NY,2023-06-08
4037,WI,2025-01-24
4038,NY,2023-07-23
4039,CA,2025-03-05
4040,CA,2024-05-26
4041,MI,2023-04-26
4042,CA,2024-01-27
4043,SC,2024-11-18
4044,RI,2025-07-18
4045,TX,2024-12-26
4046,CA,2024-01-04
4047,NH,2024-07-22
4048,NY,2025-06-19
4049,PA,2025-01-10
4050,NC,2023-11-23
4051,CO,2023-02-06
4052,MO,2025-09-12
4053,MA,2024-01-15
4054,IL,2025-03-06
4055,IA,2024-01-04
4056,PA,2023-08-12
4057,NY,2025-03-24
4058,NY,2026-01-28
4059,NV,2026-01-03
4060,FL,2024-12-24
4061,AR,2024-12-03
4062,MD,2023-03-04
4063,AR,2023-04-09
4064,PA,2025-02-15
4065,CA,2023-03-16
4066,MO,2023-07-03
4067,CO,2025-12-16
4068,NV,2024-04-13
4069,TX,2023-05-20
4070,WI,2023-12-25
4071,NY,2025-09-06
4072,TX,2023-10-27
4073,NY,2024-03-01
4074,NY,2025-09-21
4075,CA,2023-06-10
4076,PA,2024-02-05
4077,VA,2025-01-10
4078,NY,2025-05-11
4079,SC,2024-05-08
4080,CA,2024-05-03
4081,CA,2024-06-09
4082,UT,2026-01-28
4083,NJ,2025-01-06
4084,NY,2023-12-24
4085,SD,2024-07-18
4086,CA,2025-10-26
4087,CA,2023-03-31
4088,TX,2023-03-05
4089,MI,2026-01-16
4090,AZ,2025-11-22
4091,MD,2025-12-31
4092,PA,2023-09-10
4093,GA,2023-04-17
4094,FL,2025-07-18
4095,WA,2024-05-28
4096,CA,2023-05-16
4097,CA,2024-09-20
4098,AZ,2024-02-13
4099,CA,2023-05-01
4100,MA,2025-03-10
4101,VA,2025-04-03
4102,MA,2026-01-22
4103,CA,2024-05-19
4104,MN,2023-01-07
4105,MA,2025-08-01
4106,TX,2023-07-10
4107,NY,2024-04-01
4108,GA,2024-01-21
4109,SC,2025-03-13
4110,TX,2025-05-15
4111,NV,2025-10-19
4112,VA,2023-10-05
4113,CA,2025-04-06
4114,MO,2025-08-02
4115,WA,2023-02-21
4116,IN,2024-01-31
4117,NY,2025-02-17
4118,IL,2024-11-24
4119,NY,2023-07-30
4120,IL,2025-06-08
4121,SC,2023-09-27
4122,IL,2024-06-28
4123,AK,2025-10-03
4124,TX,2025-04-24
4125,GA,2025-10-12
4126,ME,2024-02-02
4127,OH,2025-03-24
4128,NJ,2024-09-30
4129,OH,2024-05-07
4130,FL,2025-08-08
4131,TX,2023-05-08
4132,NY,2023-03-15
4133,GA,2024-03-27
4134,SC,2024-03-13
4135,MN,2024-03-23
4136,SD,2026-01-30
4137,VT,2024-07-12
4138,WA,2025-08-27
4139,IL,2025-07-25
4140,CT,2023-10-10
4141,MN,2025-01-29
4142,MN,2023-03-27
4143,PA,2023-06-13
4144,CO,2025-05-26
4145,IN,2025-12-16
4146,NE,2023-07-25
4147,OR,2023-05-28
4148,MN,2025-03-01
4149,NY,2025-11-10
4150,WI,2025-08-04
4151,AR,2024-07-10
4152,TX,2025-01-30
4153,NY,2023-01-30
4154,NY,2023-08-13
4155,CA,2024-03-04
4156,WA,2024-06-12
4157,NY,2025-11-17
4158,NY,2023-05-06
4159,MI,2025-03-23
4160,MN,2024-05-13
4161,AZ,2024-10-15
4162,VA,2023-05-18
4163,IL,2025-09-20
4164,CA,2025-01-10
4165,MT,2023-08-02
4166,SD,2023-10-18
4167,UT,2025-08-01
4168,MN,2024-01-06
4169,MN,2024-06-13
4170,CO,2024-11-22
4171,CA,2024-07-02
4172,CT,2025-02-12
4173,NJ,2025-10-13
4174,CA,2024-02-23
4175,GA,2023-12-27
4176,NY,2026-01-03
4177,PA,2025-07-08
4178,TX,2024-07-20
4179,NC,2024-12-18
4180,OR,2024-12-27
4181,CA,2026-02-03
4182,CA,2024-01-02
4183,WV,2024-02-06
4184,NJ,2023-04-13
4185,FL,2025-02-25
4186,TX,2023-11-21
4187,WA,2024-01-08
4188,AR,2023-12-04
4189,NJ,2025-06-09
4190,AK,2025-11-22
4191,PA,2026-02-05
4192,WA,2026-01-01
4193,NY,2025-12-27
4194,PA,2025-09-23
4195,NC,2023-02-01
4196,IL,2025-07-15
4197,NY,2024-09-11
4198,NY,2026-01-07
4199,OR,2025-05-27
4200,NY,2023-06-24
4201,CA,2023-01-15
4202,NY,2025-12-10
4203,LA,2023-04-17
4204,GA,2024-04-13
4205,MN,2023-07-21
4206,TX,2025-11-30
4207,NC,2025-07-05
4208,NY,2023-12-02
4209,IL,2023-04-15
4210,CA,2023-07-22
4211,IL,2026-01-23
4212,TX,2023-03-06
4213,TX,2024-07-06
4214,IL,2023-08-12
4215,CO,2024-01-15
4216,AZ,2023-09-12
4217,TX,2023-06-20
4218,TX,2024-09-04
4219,CA,2024-10-13
4220,FL,2024-12-18
4221,FL,2025-04-11
4222,IL,2025-03-29
4223,WA,2023-03-14
4224,AZ,2025-12-19
4225,MA,2024-03-30
4226,IN,2023-12-02
4227,PA,2024-10-29
4228,CO,2026-02-21
4229,AZ,2023-01-14
4230,VA,2023-01-27
4231,KS,2025-12-09
4232,OH,2023-07-06
4233,ID,2025-12-16
4234,FL,2025-02-09
4235,RI,2024-10-28
4236,GA,2025-09-16
4237,FL,2025-11-23
4238,NY,2024-06-21
4239,IL,2025-07-24
4240,NH,2024-01-06
4241,IN,2023-03-27
4242,OH,2023-06-09
4243,CA,2024-02-29
4244,MN,2026-02-03
4245,NJ,2023-10-02
4246,IN,2023-09-15
4247,CA,2025-08-20
4248,WA,2025-08-31
4249,FL,2024-06-10
4250,MN,2024-06-16
4251,MN,2025-12-18
4252,IL,2023-04-23
4253,FL,2023-09-14
4254,CA,2023-11-25
4255,NY,2025-02-15
4256,CA,2023-02-20
4257,MN,2023-08-09
4258,SC,2025-02-21
4259,CA,2024-08-18
4260,OR,2023-08-10
4261,TX,2025-07-31
4262,IL,2025-12-13
4263,NJ,2023-07-17
4264,FL,2023-05-08
4265,DE,2025-10-29
4266,SD,2025-09-13
4267,VA,2023-08-15
4268,SD,2024-07-11
4269,CA,2025-11-05
4270,CA,2023-08-03
4271,MO,2026-02-09
4272,NJ,2025-05-04
4273,FL,2024-02-29
4274,IL,2023-11-14
4275,WA,2023-12-26
4276,MA,2025-07-24
4277,CO,2025-08-15
4278,IL,2025-07-08
4279,GA,2025-06-20
4280,FL,2023-07-17
4281,PA,2024-02-02
4282,WI,2024-08-12
4283,FL,2023-08-30
4284,TX,2024-03-04
4285,IL,2024-09-02
4286,FL,2023-01-06
4287,LA,2026-01-12
4288,GA,2024-12-10
4289,OH,2023-12-26
4290,CA,2025-11-09
4291,CA,2024-05-17
4292,WA,2023-08-15
4293,WA,2023-04-19
4294,CA,2025-01-12
4295,OR,2025-03-21
4296,PA,2026-01-15
4297,IL,2025-02-24
4298,VA,2023-08-16
4299,NJ,2025-05-01
4300,FL,2025-04-07
4301,MA,2024-01-14
4302,CO,2024-01-20
4303,CA,2023-04-23
4304,NY,2023-10-18
4305,WA,2026-02-02
4306,CA,2023-10-18
4307,CA,2024-11-07
4308,IL,2023-03-01
4309,GA,2023-04-16
4310,TX,2024-09-14
4311,LA,2023-03-30
4312,MD,2025-01-11
4313,WI,2026-02-16
4314,MA,2025-06-18
4315,CT,2024-03-20
4316,VA,2025-10-03
4317,CA,2023-11-02
4318,CA,2024-09-06
4319,NE,2023-07-21
4320,PA,2025-08-01
4321,MI,2025-11-12
4322,NY,2026-01-18
4323,AZ,2024-04-15
4324,NC,2026-01-21
4325,LA,2025-09-05
4326,TX,2023-11-05
4327,FL,2025-01-02
4328,GA,2024-06-19
4329,UT,2024-01-11
4330,TX,2024-05-13
4331,CA,2024-09-27
4332,FL,2023-05-22
4333,NC,2025-12-11
4334,WV,2025-12-29
4335,NY,2023-09-17
4336,MD,2024-01-13
4337,TX,2025-11-28
4338,IL,2023-12-14
4339,OH,2025-04-07
4340,CA,2024-05-20
4341,MD,2024-01-17
4342,CA,2024-02-29
4343,FL,2023-11-18
4344,CA,2023-09-07
4345,IN,2023-06-29
4346,GA,2025-09-30
4347,NY,2023-01-29
4348,CA,2025-01-07
4349,MA,2023-07-06
4350,CA,2023-02-24
4351,OR,2025-05-27
4352,ME,2024-05-28
4353,CA,2023-01-17
4354,CO,2023-03-29
4355,GA,2025-12-17
4356,CA,2024-12-04
4357,MN,2024-12-25
4358,TX,2025-12-05
4359,NC,2025-06-13
4360,NY,2024-03-27
4361,CA,2024-03-02
4362,TX,2023-04-28
4363,UT,2024-11-18
4364,MN,2025-10-18
4365,IL,2024-08-02
4366,CA,2023-09-08
4367,NY,2024-02-07
4368,NH,2025-07-09
4369,NY,2023-07-19
4370,TX,2025-12-10
4371,PA,2025-07-02
4372,FL,2023-11-16
4373,TX,2023-07-18
4374,NJ,2023-05-25
4375,NY,2025-12-18
4376,MA,2023-05-23
4377,CA,2026-01-28
4378,TX,2025-11-15
4379,FL,2024-06-09
4380,NC,2023-05-02
4381,MA,2023-09-22
4382,TX,2025-10-27
4383,NJ,2024-12-31
4384,MA,2024-01-31
4385,MI,2025-07-01
4386,WA,2023-04-18
4387,MI,2025-05-08
4388,CO,2024-09-27
4389,TX,2025-07-21
4390,PA,2025-02-07
4391,NY,2025-10-29
4392,CA,2026-02-22
4393,NJ,2023-02-05
4394,NY,2025-10-24
4395,CO,2024-02-17
4396,MA,2026-01-15
4397,WA,2024-04-27
4398,FL,2025-06-30
4399,IL,2024-08-25
4400,RI,2025-12-17
4401,MN,2023-06-21
4402,WA,2023-09-17
4403,NV,2023-01-25
4404,IL,2023-07-17
4405,SD,2024-08-01
4406,RI,2024-02-27
4407,CA,2026-02-15
4408,NY,2025-03-02
4409,IN,2023-01-06
4410,FL,2026-01-25
4411,TX,2023-03-13
4412,PA,2025-07-17
4413,VA,2024-03-07
4414,FL,2025-08-20
4415,WI,2024-01-15
4416,IL,2024-07-03
4417,TX,2025-03-18
4418,VA,2023-02-25
4419,MA,2024-09-06
4420,NY,2026-01-31
4421,CA,2023-08-04
4422,GA,2023-01-21
4423,CA,2023-07-29
4424,RI,2023-10-18
4425,NY,2024-12-15
4426,ND,2025-04-14
4427,FL,2023-07-07
4428,OK,2023-07-10
4429,NC,2024-02-11
4430,CA,2023-08-02
4431,TX,2024-07-07
4432,WA,2025-08-17
4433,WA,2024-08-15
4434,PA,2023-02-10
4435,CO,2024-01-05
4436,FL,2023-01-20
4437,CA,2025-10-29
4438,NJ,2025-04-04
4439,MA,2023-01-18
4440,NJ,2025-01-17
4441,CO,2023-11-15
4442,CA,2025-05-10
4443,MD,2025-08-25
4444,MN,2023-09-09
4445,WA,2023-12-06
4446,OR,2025-01-20
4447,CA,2025-08-25
4448,WA,2024-04-06
4449,WA,2024-09-22
4450,NY,2024-02-05
4451,TX,2024-01-06
4452,CA,2023-10-09
4453,VA,2024-01-25
4454,ID,2023-12-03
4455,OK,2023-09-30
4456,NY,2025-10-16
4457,PA,2024-10-01
4458,OR,2025-03-28
4459,FL,2023-01-06
4460,NY,2024-08-08
4461,CA,2025-12-15
4462,OH,2025-04-01
4463,TX,2023-08-26
4464,NY,2024-05-04
4465,LA,2025-11-11
4466,TN,2024-03-16
4467,OR,2025-11-30
4468,CA,2025-05-07
4469,OK,2023-09-15
4470,MA,2023-02-17
4471,TX,2024-05-17
4472,MI,2023-05-19
4473,CA,2024-05-23
4474,NY,2024-10-15
4475,WA,2024-04-05
4476,RI,2024-10-31
4477,CA,2025-11-28
4478,CA,2024-03-08
4479,CA,2024-04-29
4480,TX,2025-12-17
4481,TX,2024-05-10
4482,NY,2025-05-24
4483,AZ,2024-08-23
4484,MI,2024-10-16
4485,WA,2024-08-29
4486,PA,2023-06-05
4487,CO,2023-07-20
4488,CT,2025-10-18
4489,WA,2024-05-13
4490,LA,2024-05-02
4491,MD,2023-06-09
4492,PA,2025-12-29
4493,TX,2025-04-10
4494,MI,2025-08-29
4495,AZ,2024-03-06
4496,NY,2023-04-27
4497,AL,2024-11-27
4498,NY,2023-07-22
4499,CA,2025-08-19
4500,CA,2024-04-06
4501,MN,2025-08-01
4502,CA,2024-11-30
4503,TX,2023-07-20
4504,RI,2024-05-30
4505,CA,2024-08-28
4506,CO,2025-01-13
4507,CA,2025-05-24
4508,MA,2023-12-13
4509,GA,2023-12-15
4510,PA,2025-05-07
4511,VA,2024-01-29
4512,NY,2025-09-20
4513,AZ,2025-09-04
4514,CA,2023-06-16
4515,TX,2025-09-02
4516,OK,2024-03-27
4517,NY,2025-05-09
4518,NY,2023-07-29
4519,WA,2025-02-06
4520,WA,2023-08-02
4521,TX,2025-08-30
4522,NY,2023-10-31
4523,TX,2026-02-06
4524,NJ,2025-05-06
4525,CA,2025-05-10
4526,CA,2025-03-18
4527,NY,2023-04-30
4528,AL,2024-03-02
4529,MO,2025-08-02
4530,AR,2023-11-26
4531,NM,2024-09-26
4532,CA,2024-07-17
4533,MD,2023-06-29
4534,FL,2023-10-17
4535,MD,2023-07-06
4536,AR,2024-04-30
4537,AZ,2026-02-05
4538,MO,2026-02-23
4539,PA,2025-02-11
4540,IL,2025-11-23
4541,AR,2023-07-01
4542,WA,2023-05-26
4543,CA,2025-12-03
4544,NY,2024-05-13
4545,NJ,2025-03-13
4546,WA,2024-06-14
4547,MN,2023-07-30
4548,PA,2025-06-11
4549,NY,2023-01-05
4550,VA,2023-11-07
4551,MS,2023-06-11
4552,IL,2023-08-04
4553,UT,2025-02-24
4554,RI,2025-04-15
4555,TX,2023-09-09
4556,IL,2025-11-27
4557,CA,2023-08-16
4558,IL,2025-06-27
4559,NY,2023-10-12
4560,WA,2024-10-10
4561,CA,2024-01-01
4562,OR,2025-12-27
4563,CO,2026-02-01
4564,NC,2023-07-11
4565,WA,2024-10-05
4566,CA,2025-06-25
4567,FL,2024-12-31
4568,GA,2023-01-26
4569,PA,2024-12-12
4570,OH,2024-09-06
4571,FL,2023-07-12
4572,AR,2024-01-16
4573,NJ,2025-10-22
4574,PA,2025-12-04
4575,CA,2025-07-27
4576,CO,2023-01-03
4577,CT,2025-07-18
4578,FL,2023-10-05
4579,MD,2023-06-25
4580,NV,2023-10-09
4581,MN,2026-02-17
4582,WA,2024-04-03
4583,CA,2025-08-08
4584,CO,2023-12-07
4585,WA,2024-11-27
4586,FL,2024-12-26
4587,NY,2023-05-01
4588,VA,2024-07-28
4589,MA,2023-10-03
4590,FL,2025-08-26
4591,NE,2025-09-13
4592,WA,2023-01-29
4593,NY,2024-11-15
4594,CA,2023-11-17
4595,ND,2024-10-04
4596,FL,2023-12-18
4597,IN,2024-06-15
4598,CA,2026-01-09
4599,IL,2023-10-21
4600,WA,2024-04-02
4601,TX,2025-01-16
4602,OH,2025-01-02
4603,NC,2025-12-19
4604,CA,2024-06-26
4605,TX,2024-01-15
4606,TX,2023-11-20
4607,AL,2025-12-21
4608,TX,2025-08-02
4609,IL,2025-04-22
4610,NH,2023-12-28
4611,AK,2023-02-22
4612,IL,2024-02-06
4613,FL,2024-11-11
4614,MA,2025-09-19
4615,TX,2025-05-18
4616,WY,2024-12-07
4617,FL,2026-01-11
4618,NY,2024-01-14
4619,CA,2024-10-07
4620,NV,2025-07-21
4621,TX,2023-03-22
4622,FL,2024-12-31
4623,TX,2024-05-28
4624,OH,2025-07-09
4625,UT,2025-02-01
4626,TX,2024-05-08
4627,NY,2025-07-29
4628,AZ,2025-11-26
4629,MA,2025-01-10
4630,CA,2023-11-21
4631,WA,2025-12-15
4632,CA,2026-02-18
4633,DE,2023-11-10
4634,AL,2023-04-13
4635,MS,2024-03-14
4636,WI,2025-03-27
4637,CA,2025-01-16
4638,NY,2023-02-07
4639,VA,2025-03-23
4640,NY,2025-10-13
4641,MA,2023-06-04
4642,NY,2025-11-21
4643,NY,2024-05-03
4644,CA,2025-11-06
4645,IN,2023-08-28
4646,IN,2023-12-12
4647,IL,2023-01-16
4648,GA,2024-08-09
4649,TX,2025-08-07
4650,SC,2023-09-17
4651,CO,2023-12-27
4652,NC,2024-04-04
4653,MA,2025-07-19
4654,VA,2026-01-13
4655,NC,2025-12-22
4656,RI,2023-04-10
4657,GA,2025-01-24
4658,NY,2023-10-22
4659,MI,2025-07-17
4660,TX,2023-11-24
4661,TX,2025-02-02
4662,MA,2025-12-01
4663,PA,2023-08-30
4664,CA,2026-01-19
4665,CO,2025-11-17
4666,VA,2024-04-03
4667,AL,2024-10-28
4668,PA,2023-08-08
4669,CA,2025-05-08
4670,CO,2023-09-21
4671,WI,2023-05-01
4672,VA,2025-12-05
4673,MO,2026-02-12
4674,NY,2024-03-10
4675,IL,2024-04-28
4676,PA,2023-10-07
4677,IN,2025-11-11
4678,FL,2024-12-14
4679,MI,2023-03-09
4680,CO,2025-01-12
4681,FL,2025-12-17
4682,CO,2025-10-18
4683,TN,2023-10-18
4684,MA,2023-06-18
4685,CA,2024-07-09
4686,TX,2023-12-19
4687,WA,2023-10-10
4688,NJ,2025-12-25
4689,SC,2024-03-31
4690,FL,2025-08-16
4691,TX,2025-10-01
4692,CA,2024-04-21
4693,MI,2023-10-12
4694,AZ,2023-01-31
4695,NC,2024-03-23
4696,MD,2023-08-02
4697,MA,2025-11-14
4698,CA,2024-02-01
4699,FL,2023-12-03
4700,NY,2025-07-24
4701,NM,2025-08-25
4702,LA,2025-05-04
4703,NC,2025-06-21
4704,NM,2024-11-02
4705,MS,2025-02-07
4706,AL,2024-09-14
4707,TX,2024-07-12
4708,CA,2024-07-01
4709,IL,2025-07-11
4710,NC,2024-07-07
4711,MA,2024-04-23
4712,MT,2025-04-23
4713,NJ,2023-03-11
4714,CO,2024-05-19
4715,OR,2023-04-20
4716,PA,2024-02-01
4717,NV,2023-12-17
4718,MA,2025-09-21
4719,CA,2025-02-27
4720,NY,2024-02-25
4721,MA,2025-07-10
4722,MA,2023-04-21
4723,OK,2023-07-28
4724,WA,2025-07-19
4725,CA,2024-02-29
4726,MA,2023-11-24
4727,AZ,2023-01-11
4728,TX,2025-05-05
4729,NV,2023-09-11
4730,CA,2023-05-09
4731,AZ,2023-04-10
4732,TX,2023-10-17
4733,MI,2026-02-22
4734,GA,2024-10-07
4735,LA,2024-10-26
4736,CA,2024-11-28
4737,IL,2023-07-02
4738,GA,2023-12-17
4739,NV,2024-12-08
4740,CA,2024-11-08
4741,OR,2025-03-12
4742,MA,2023-12-06
4743,LA,2023-04-21
4744,CA,2023-09-18
4745,TX,2024-01-06
4746,IL,2024-08-26
4747,NJ,2024-03-24
4748,NY,2025-05-10
4749,GA,2025-12-06
4750,WA,2024-10-17
4751,FL,2023-05-29
4752,AZ,2023-12-16
4753,PA,2023-11-19
4754,CA,2025-05-14
4755,WA,2026-02-17
4756,CA,2025-10-01
4757,WA,2024-02-02
4758,SC,2024-10-07
4759,NC,2024-02-17
4760,AZ,2023-02-06
4761,TX,2023-07-06
4762,NJ,2024-02-24
4763,NH,2024-12-25
4764,OH,2026-02-07
4765,WI,2023-07-06
4766,NY,2024-04-15
4767,IL,2026-01-06
4768,NY,2025-03-20
4769,CO,2023-11-26
4770,NC,2026-02-22
4771,CA,2025-08-15
4772,HI,2023-11-16
4773,OH,2024-04-19
4774,NC,2025-04-05
4775,FL,2024-05-28
4776,FL,2023-11-30
4777,CA,2025-12-30
4778,NY,2024-04-09
4779,FL,2024-12-24
4780,MN,2023-01-08
4781,MI,2023-06-13
4782,NY,2025-02-19
4783,TX,2023-12-24
4784,CA,2023-03-22
4785,MI,2025-02-12
4786,OK,2025-07-09
4787,WA,2025-06-17
4788,TX,2025-07-10
4789,TX,2025-12-06
4790,OR,2025-04-04
4791,NC,2025-10-14
4792,ND,2026-01-07
4793,MS,2024-11-10
4794,CA,2025-11-12
4795,NY,2024-03-13
4796,NY,2025-08-03
4797,IL,2025-02-14
4798,WA,2024-11-06
4799,OR,2023-01-10
4800,NY,2023-06-07
4801,CA,2025-05-17
4802,NC,2025-02-22
4803,NY,2023-11-16
4804,MD,2023-05-01
4805,TX,2023-05-19
4806,WA,2024-11-04
4807,FL,2023-02-13
4808,AR,2025-03-26
4809,TX,2023-04-08
4810,WA,2023-08-27
4811,WA,2024-04-19
4812,MO,2024-06-07
4813,CT,2024-07-10
4814,MO,2023-01-09
4815,GA,2025-12-13
4816,TX,2024-09-07
4817,NY,2023-06-01
4818,CA,2024-02-14
4819,CO,2023-01-10
4820,WA,2025-08-14
4821,CA,2024-07-05
4822,AZ,2024-07-09
4823,MA,2025-05-29
4824,CA,2023-09-25
4825,MA,2025-10-10
4826,AR,2024-10-28
4827,NY,2024-03-26
4828,NC,2024-08-16
4829,WA,2024-02-02
4830,FL,2025-07-09
4831,NY,2025-12-11
4832,WA,2025-12-18
4833,CA,2023-10-21
4834,FL,2025-02-26
4835,PA,2025-08-09
4836,FL,2025-05-18
4837,NY,2023-04-20
4838,WA,2023-04-17
4839,FL,2025-10-09
4840,SD,2023-10-24
4841,PA,2025-04-18
4842,MA,2026-01-23
4843,NH,2025-09-11
4844,OR,2025-04-24
4845,FL,2023-03-20
4846,MA,2024-12-30
4847,IL,2023-12-05
4848,NY,2023-02-26
4849,NY,2025-07-08
4850,NY,2023-05-27
4851,FL,2025-01-15
4852,CA,2025-11-06
4853,NY,2024-01-03
4854,CA,2024-12-09
4855,CA,2023-09-05
4856,WA,2023-05-30
4857,MA,2024-12-14
4858,OH,2023-08-05
4859,CO,2025-10-26
4860,WI,2024-10-31
4861,NJ,2025-05-10
4862,CT,2023-10-31
4863,PA,2024-02-07
4864,PA,2025-05-09
4865,ME,2024-01-15
4866,WA,2024-03-27
4867,IL,2024-11-24
4868,AZ,2023-05-25
4869,MA,2023-02-19
4870,WA,2026-01-28
4871,VA,2023-12-09
4872,CA,2025-05-31
4873,WI,2025-06-08
4874,MT,2025-11-02
4875,GA,2025-01-31
4876,MA,2025-04-27
4877,MA,2025-07-12
4878,PA,2026-02-03
4879,MI,2023-07-08
4880,TX,2025-12-09
4881,FL,2024-02-14
4882,NY,2023-08-15
4883,MI,2023-08-01
4884,FL,2025-10-01
4885,IN,2024-02-23
4886,MA,2026-01-12
4887,CA,2025-07-07
4888,IA,2025-02-15
4889,CT,2023-08-09
4890,TX,2023-06-25
4891,CA,2024-08-06
4892,CA,2024-06-18
4893,OR,2024-12-25
4894,CA,2023-11-20
4895,TX,2023-03-26
4896,CA,2025-10-16
4897,NH,2025-06-05
4898,FL,2023-04-22
4899,TX,2024-09-19
4900,MI,2025-08-06
4901,NC,2025-01-19
4902,FL,2023-02-21
4903,PA,2023-03-25
4904,NC,2024-12-12
4905,WA,2024-12-31
4906,MD,2025-01-10
4907,OH,2025-04-08
4908,MO,2024-02-29
4909,CA,2025-11-10
4910,CO,2023-02-25
4911,MI,2025-03-22
4912,CA,2025-03-17
4913,GA,2025-10-05
4914,FL,2024-10-16
4915,UT,2025-10-03
4916,TN,2025-06-26
4917,TX,2023-01-08
4918,OR,2023-05-04
4919,NY,2026-01-29
4920,OR,2025-09-16
4921,NJ,2025-04-14
4922,TN,2026-01-21
4923,IL,2025-02-04
4924,MN,2026-01-08
4925,MI,2023-01-31
4926,CA,2024-01-13
4927,IL,2023-11-26
4928,PA,2023-10-09
4929,LA,2025-11-01
4930,PA,2024-09-30
4931,LA,2025-05-21
4932,TX,2024-11-29
4933,WA,2023-03-10
4934,IL,2025-04-20
4935,FL,2023-01-23
4936,FL,2023-12-03
4937,NY,2024-03-02
4938,NY,2025-04-24
4939,MO,2023-07-28
4940,OH,2023-08-03
4941,MA,2024-09-26
4942,OR,2024-02-27
4943,NY,2023-03-14
4944,NY,2025-04-02
4945,CO,2025-02-24
4946,CA,2025-07-26
4947,VA,2025-11-30
4948,FL,2023-10-16
4949,LA,2024-07-08
4950,NC,2024-03-14
4951,MA,2023-01-28
4952,PA,2023-09-27
4953,TX,2023-03-15
4954,CA,2024-11-04
4955,CA,2023-09-03
4956,WA,2024-02-14
4957,MO,2024-05-12
4958,NJ,2025-10-08
4959,NC,2023-07-30
4960,MS,2025-03-02
4961,KY,2023-12-26
4962,WA,2024-08-04
4963,OH,2025-11-09
4964,IL,2024-02-27
4965,AZ,2023-05-01
4966,MA,2023-06-22
4967,CO,2023-02-03
4968,NY,2025-07-06
4969,OH,2023-03-12
4970,CA,2024-06-28
4971,CA,2025-02-12
4972,PA,2025-02-22
4973,NC,2025-08-25
4974,TX,2024-06-18
4975,LA,2023-01-14
4976,IL,2023-09-28
4977,NY,2025-12-12
4978,LA,2024-04-07
4979,CO,2024-06-06
4980,NJ,2025-02-08
4981,FL,2025-05-04
4982,WI,2025-03-02
4983,GA,2024-03-18
4984,GA,2023-09-08
4985,FL,2023-06-09
4986,OK,2023-02-05
4987,ME,2025-05-29
4988,VA,2024-01-28
4989,CA,2023-02-13
4990,MD,2023-11-11
4991,IL,2024-02-12
4992,RI,2025-06-13
4993,TX,2023-07-25
4994,CA,2023-02-10
4995,IN,2024-08-10
4996,IL,2024-12-14
4997,FL,2025-06-16
4998,WA,2023-04-05
4999,NE,2024-06-23
5000,CA,2023-02-28
5001,PA,2025-05-03
5002,TX,2024-05-23
5003,IN,2024-05-27
5004,CO,2025-03-09
5005,IL,2025-11-11
5006,GA,2025-01-07
5007,FL,2024-11-29
5008,MD,2025-06-05
5009,CO,2024-04-15
5010,MO,2023-10-11
5011,CO,2024-01-07
5012,NY,2025-11-16
5013,MN,2025-05-04
5014,WI,2023-05-09
5015,OR,2024-05-21
5016,MA,2026-01-23
5017,VA,2024-07-31
5018,MN,2024-04-17
5019,TX,2025-10-04
5020,NY,2024-10-29
5021,ID,2023-11-16
5022,NM,2023-02-27
5023,NJ,2023-09-30
5024,CO,2026-01-07
5025,NH,2025-09-08
5026,OR,2023-02-10
5027,WA,2025-01-07
5028,NV,2025-11-12
5029,TN,2024-12-09
5030,PA,2023-08-24
5031,FL,2023-05-06
5032,FL,2025-02-16
5033,PA,2025-04-15
5034,NV,2023-05-20
5035,WA,2025-05-28
5036,CA,2024-01-29
5037,FL,2025-04-07
5038,CA,2023-05-07
5039,UT,2026-02-11
5040,TX,2025-04-16
5041,ID,2024-06-08
5042,WA,2023-05-26
5043,PA,2025-01-04
5044,MN,2024-12-28
5045,CA,2023-06-18
5046,WA,2026-02-22
5047,WA,2023-10-27
5048,CA,2025-07-26
5049,AZ,2024-06-05
5050,MN,2023-04-15
5051,CO,2024-09-09
5052,WA,2025-08-26
5053,NY,2024-05-20
5054,NY,2023-10-29
5055,VA,2024-10-14
5056,MA,2023-03-05
5057,NC,2024-08-12
5058,SC,2023-08-20
5059,NC,2023-11-15
5060,CA,2025-04-08
5061,VA,2023-04-02
5062,CA,2025-08-18
5063,MS,2023-03-05
5064,TX,2025-04-23
5065,PA,2023-08-07
5066,GA,2024-12-04
5067,NY,2024-09-10
5068,NY,2023-09-04
5069,MD,2025-08-21
5070,NJ,2025-10-10
5071,GA,2023-02-26
5072,NY,2025-12-04
5073,MN,2026-01-14
5074,NC,2025-11-27
5075,CO,2023-07-01
5076,MA,2023-06-13
5077,NY,2025-01-26
5078,NY,2023-05-06
5079,TN,2023-09-24
5080,TX,2023-12-20
5081,AL,2026-02-19
5082,NY,2024-09-01
5083,VA,2024-04-13
5084,WA,2025-03-11
5085,GA,2023-05-13
5086,CA,2025-10-08
5087,FL,2025-04-28
5088,NY,2025-10-16
5089,CA,2023-11-14
5090,CA,2024-12-11
5091,CA,2026-02-22
5092,AZ,2024-03-26
5093,IL,2024-09-24
5094,FL,2023-05-22
5095,CA,2025-09-30
5096,NY,2025-05-08
5097,TX,2024-07-22
5098,MA,2023-10-31
5099,NM,2024-10-18
5100,FL,2024-10-05
5101,FL,2024-08-15
5102,AZ,2023-01-30
5103,MA,2024-11-25
5104,TX,2023-06-07
5105,NY,2023-05-26
5106,CA,2023-12-06
5107,TX,2025-05-15
5108,SC,2023-04-02
5109,AK,2023-11-25
5110,MD,2023-06-21
5111,MA,2024-12-02
5112,AZ,2025-11-20
5113,CT,2024-09-12
5114,FL,2023-09-29
5115,NY,2026-01-23
5116,NY,2025-09-15
5117,CO,2023-03-18
5118,CA,2023-05-31
5119,AK,2023-05-22
5120,MA,2023-08-19
5121,TX,2025-08-11
5122,IL,2023-05-08
5123,TX,2025-05-09
5124,GA,2024-11-26
5125,CT,2024-05-11
5126,WA,2025-03-20
5127,OH,2023-05-11
5128,CO,2023-09-26
5129,NY,2024-09-09
5130,NY,2025-08-19
5131,PA,2025-12-10
5132,MO,2025-03-19
5133,MA,2025-10-25
5134,GA,2024-10-09
5135,MN,2025-01-07
5136,MD,2024-05-16
5137,NC,2024-02-13
5138,OR,2026-01-19
5139,GA,2025-03-30
5140,OK,2025-06-21
5141,FL,2023-07-08
5142,IN,2025-09-07
5143,NC,2025-03-25
5144,CO,2024-01-18
5145,MI,2025-04-29
5146,CA,2024-05-04
5147,OR,2024-03-01
5148,TX,2023-09-07
5149,NY,2025-12-20
5150,VA,2025-10-16
5151,LA,2024-11-14
5152,PA,2023-11-15
5153,TX,2025-10-16
5154,OH,2023-08-13
5155,LA,2024-02-27
5156,MI,2025-06-26
5157,MD,2023-03-20
5158,NM,2025-05-04
5159,IL,2025-09-30
5160,LA,2023-12-31
5161,MD,2023-01-22
5162,FL,2024-07-01
5163,FL,2023-11-26
5164,NY,2023-02-25
5165,VA,2025-07-13
5166,KY,2023-09-18
5167,CA,2024-03-10
5168,CO,2024-06-21
5169,AZ,2024-06-18
5170,CT,2024-01-16
5171,PA,2023-04-13
5172,VA,2023-01-29
5173,IL,2025-12-16
5174,NY,2025-12-21
5175,CA,2025-08-12
5176,TX,2025-12-07
5177,MD,2024-06-30
5178,NY,2023-11-23
5179,CA,2023-09-23
5180,TX,2024-12-29
5181,TX,2025-12-03
5182,WA,2023-08-07
5183,TN,2023-05-06
5184,GA,2025-05-31
5185,OH,2023-11-15
5186,KY,2023-03-26
5187,MN,2025-11-30
5188,TX,2024-12-23
5189,PA,2023-12-28
5190,MA,2024-01-02
5191,CT,2025-09-14
5192,TX,2025-12-29
5193,GA,2024-08-10
5194,CA,2025-08-20
5195,FL,2024-05-03
5196,MA,2025-04-10
5197,NY,2024-10-27
5198,VA,2026-01-27
5199,FL,2025-05-25
5200,NY,2023-12-27
5201,NV,2023-12-24
5202,NY,2026-02-27
5203,CO,2025-01-05
5204,MA,2023-03-05
5205,MA,2023-06-30
5206,TX,2024-08-09
5207,CT,2023-07-08
5208,NC,2024-08-02
5209,MD,2023-06-19
5210,MI,2023-11-18
5211,MN,2023-10-11
5212,NY,2024-01-01
5213,GA,2023-04-21
5214,OR,2023-03-19
5215,IL,2023-09-10
5216,GA,2023-08-24
5217,TX,2023-04-03
5218,MA,2025-11-23
5219,IN,2023-08-10
5220,NY,2025-06-14
5221,AZ,2025-08-18
5222,NC,2025-09-11
5223,CA,2025-04-22
5224,VA,2023-09-09
5225,MA,2023-05-22
5226,NY,2023-11-07
5227,WA,2024-08-04
5228,NY,2023-12-12
5229,AR,2023-10-29
5230,HI,2024-05-21
5231,WA,2023-09-04
5232,NY,2024-05-02
5233,MD,2025-07-16
5234,FL,2025-03-01
5235,FL,2025-06-30
5236,WA,2023-06-03
5237,AZ,2025-08-01
5238,GA,2024-08-17
5239,VT,2023-03-03
5240,IN,2025-05-19
5241,HI,2025-12-18
5242,MN,2024-04-10
5243,WA,2023-11-07
5244,SC,2025-12-21
5245,WA,2025-03-26
5246,CA,2023-04-13
5247,TX,2023-01-28
5248,MT,2024-05-22
5249,NY,2023-05-14
5250,WA,2023-02-28
5251,TN,2026-01-18
5252,IL,2023-03-11
5253,NC,2023-07-04
5254,NV,2024-07-25
5255,CA,2023-06-17
5256,MA,2024-07-31
5257,FL,2026-02-21
5258,NC,2023-07-01
5259,IL,2023-03-12
5260,FL,2024-07-09
5261,NY,2025-05-01
5262,NY,2025-12-16
5263,OH,2024-11-13
5264,TN,2023-11-14
5265,OR,2026-01-11
5266,VA,2025-04-08
5267,GA,2023-04-04
5268,WA,2023-09-24
5269,NC,2024-09-05
5270,CA,2024-05-16
5271,CO,2026-02-09
5272,CO,2024-07-31
5273,IL,2024-09-23
5274,MD,2023-10-06
5275,FL,2025-01-23
5276,FL,2023-08-30
5277,CA,2025-02-21
5278,FL,2025-08-19
5279,FL,2025-09-11
5280,CA,2023-01-04
5281,OH,2023-11-16
5282,CA,2025-10-28
5283,AL,2025-12-11
5284,CA,2025-10-20
5285,TX,2025-02-17
5286,NY,2025-04-06
5287,NC,2023-10-07
5288,VT,2026-01-16
5289,TN,2025-09-11
5290,CA,2023-01-28
5291,CA,2025-03-20
5292,PA,2023-09-29
5293,OR,2026-01-28
5294,AZ,2023-07-09
5295,IL,2024-06-29
5296,CA,2023-10-21
5297,SD,2025-04-27
5298,MN,2025-02-09
5299,GA,2025-02-07
5300,AZ,2023-02-22
5301,GA,2024-11-14
5302,AZ,2025-12-06
5303,FL,2025-10-07
5304,MD,2024-12-03
5305,CA,2025-06-01
5306,MA,2024-04-09
5307,ID,2024-07-06
5308,CO,2025-07-05
5309,TX,2025-10-04
5310,PA,2023-07-13
5311,TX,2023-03-07
5312,FL,2024-07-08
5313,CA,2024-08-23
5314,KY,2025-11-15
5315,NY,2026-01-27
5316,OR,2024-04-20
5317,OH,2024-07-26
5318,CA,2025-01-31
5319,CA,2025-06-05
5320,FL,2025-04-09
5321,FL,2023-03-23
5322,IL,2024-11-30
5323,CA,2023-02-13
5324,PA,2025-04-03
5325,OR,2024-09-01
5326,MN,2026-01-19
5327,CT,2024-12-20
5328,NJ,2024-11-21
5329,TX,2024-11-29
5330,TN,2025-04-16
5331,GA,2023-04-20
5332,TX,2023-08-07
5333,FL,2024-04-07
5334,IL,2025-05-09
5335,CA,2024-05-29
5336,NV,2024-09-28
5337,WA,2024-09-18
5338,FL,2023-03-11
5339,NY,2024-04-03
5340,MA,2023-04-07
5341,TX,2023-08-12
5342,TN,2025-04-10
5343,WV,2024-10-02
5344,FL,2024-05-10
5345,NY,2025-11-27
5346,CA,2025-02-07
5347,CO,2025-01-29
5348,OH,2024-05-02
5349,LA,2024-07-09
5350,CA,2025-09-18
5351,ID,2024-05-03
5352,FL,2023-02-26
5353,CA,2024-05-26
5354,CA,2023-04-14
5355,AZ,2024-07-10
5356,FL,2023-03-01
5357,CO,2025-01-04
5358,WI,2024-01-06
5359,WA,2023-01-26
5360,CO,2024-01-28
5361,NV,2024-08-28
5362,ND,2023-04-20
5363,OH,2025-02-11
5364,VA,2023-09-11
5365,FL,2025-07-05
5366,AR,2025-02-04
5367,PA,2026-01-25
5368,WA,2024-06-21
5369,WA,2026-02-01
5370,CA,2024-09-06
5371,MI,2024-08-09
5372,MI,2024-08-19
5373,FL,2023-04-23
5374,TX,2024-07-22
5375,MN,2025-08-12
5376,TX,2025-06-14
5377,NC,2026-01-29
5378,CT,2025-01-31
5379,FL,2025-07-26
5380,CA,2024-10-14
5381,FL,2023-03-25
5382,VA,2024-12-19
5383,MA,2025-05-17
5384,SC,2025-08-06
5385,IL,2023-10-29
5386,RI,2024-07-21
5387,VA,2024-06-24
5388,CT,2023-04-02
5389,NC,2024-10-15
5390,IL,2024-09-05
5391,CO,2023-03-12
5392,CT,2024-10-30
5393,PA,2023-03-22
5394,SC,2026-01-28
5395,TX,2024-08-17
5396,WA,2023-08-06
5397,MA,2025-06-02
5398,VA,2025-01-18
5399,OR,2023-05-05
5400,NC,2023-07-20
5401,NV,2025-10-22
5402,ME,2024-07-27
5403,CA,2025-11-09
5404,CA,2025-09-09
5405,TX,2024-12-22
5406,CA,2025-08-09
5407,MD,2023-06-29
5408,MD,2025-12-21
5409,NY,2023-09-30
5410,IL,2025-03-17
5411,SC,2025-02-01
5412,NY,2025-10-30
5413,NC,2024-11-29
5414,OH,2025-07-09
5415,AL,2024-09-13
5416,CO,2024-06-23
5417,IL,2025-09-12
5418,MA,2024-04-04
5419,FL,2025-12-20
5420,MA,2025-12-17
5421,NY,2023-10-27
5422,NJ,2024-05-11
5423,NY,2024-08-13
5424,CA,2023-12-07
5425,MA,2024-02-07
5426,MD,2023-10-15
5427,TX,2025-09-15
5428,MD,2023-08-02
5429,MI,2024-06-15
5430,NC,2025-05-19
5431,CO,2025-01-11
5432,TX,2023-07-30
5433,MA,2023-06-20
5434,TX,2024-06-21
5435,NY,2025-03-12
5436,CO,2024-11-06
5437,MN,2024-01-25
5438,MA,2024-02-25
5439,OH,2023-03-03
5440,AZ,2023-03-27
5441,MA,2025-10-09
5442,OH,2024-05-05
5443,FL,2025-06-14
5444,MD,2023-03-01
5445,FL,2024-04-21
5446,NJ,2023-11-16
5447,NJ,2024-11-20
5448,WA,2023-02-21
5449,AZ,2024-10-18
5450,KY,2025-04-07
5451,CA,2026-01-05
5452,TX,2023-04-29
5453,CA,2024-12-21
5454,NY,2024-05-20
5455,NY,2024-09-28
5456,ME,2023-06-02
5457,AZ,2025-11-07
5458,CO,2025-12-23
5459,CO,2024-05-11
5460,CA,2023-03-20
5461,FL,2023-02-28
5462,KY,2025-02-01
5463,CA,2025-04-05
5464,CA,2025-12-20
5465,TX,2026-01-07
5466,NC,2023-09-01
5467,NV,2023-07-27
5468,CA,2025-05-05
5469,IL,2026-01-15
5470,NC,2024-08-22
5471,CA,2024-10-06
5472,MA,2023-02-08
5473,LA,2024-04-22
5474,FL,2023-01-20
5475,MA,2023-08-09
5476,CO,2023-10-02
5477,NY,2024-04-07
5478,MA,2023-09-08
5479,IL,2023-07-31
5480,NY,2024-11-17
5481,OH,2024-02-23
5482,NY,2024-05-21
5483,TX,2024-10-07
5484,NC,2025-05-18
5485,TX,2024-05-06
5486,CA,2023-10-22
5487,MA,2024-04-01
5488,FL,2025-01-09
5489,MA,2024-02-28
5490,NY,2025-10-04
5491,RI,2023-10-19
5492,NY,2023-06-05
5493,TX,2023-12-16
5494,IL,2023-08-31
5495,SC,2025-08-29
5496,CA,2023-09-15
5497,GA,2024-08-07
5498,NY,2023-02-04
5499,NC,2026-02-26
5500,CO,2024-03-05
5501,MD,2023-04-05
5502,CA,2023-08-08
5503,CA,2023-10-28
5504,AZ,2025-11-26
5505,NY,2025-02-13
5506,CA,2024-02-04
5507,UT,2024-11-20
5508,RI,2025-09-19
5509,TX,2023-05-14
5510,FL,2024-10-22
5511,TX,2023-09-15
5512,NC,2025-11-28
5513,WA,2023-11-01
5514,CA,2024-06-09
5515,NC,2024-02-11
5516,MN,2025-06-04
5517,NE,2024-01-13
5518,WA,2024-04-13
5519,CA,2025-05-22
5520,NY,2025-09-16
5521,MA,2023-01-11
5522,NJ,2024-11-05
5523,NC,2024-11-25
5524,OR,2025-08-30
5525,PA,2023-01-09
5526,IN,2023-01-28
5527,NY,2025-04-02
5528,FL,2024-11-16
5529,NY,2024-05-25
5530,WA,2024-05-16
5531,PA,2024-08-04
5532,MA,2025-02-16
5533,FL,2024-10-22
5534,NY,2023-01-03
5535,MI,2023-02-12
5536,IL,2025-02-13
5537,OH,2023-02-11
5538,GA,2026-01-25
5539,CO,2024-12-30
5540,ND,2024-10-09
5541,TN,2024-10-18
5542,PA,2025-05-30
5543,TX,2024-05-24
5544,NY,2023-02-06
5545,ID,2025-04-02
5546,ND,2024-08-01
5547,NM,2025-04-16
5548,NY,2024-05-31
5549,AZ,2025-02-23
5550,NC,2025-10-17
5551,WA,2025-05-28
5552,TX,2025-12-17
5553,TN,2025-08-16
5554,MN,2023-06-04
5555,VA,2023-04-23
5556,NC,2025-04-15
5557,TN,2024-08-23
5558,FL,2024-03-17
5559,OH,2023-08-16
5560,TX,2025-05-23
5561,NM,2026-02-19
5562,FL,2024-11-01
5563,MN,2024-11-25
5564,MI,2025-05-18
5565,MD,2025-10-24
5566,MO,2023-05-01
5567,GA,2025-01-11
5568,NY,2024-11-24
5569,TX,2023-09-14
5570,NY,2023-02-12
5571,OH,2025-05-19
5572,PA,2025-07-04
5573,MA,2024-08-10
5574,KY,2025-07-01
5575,CA,2024-08-16
5576,WA,2025-10-30
5577,NY,2025-03-02
5578,CA,2023-07-31
5579,FL,2025-07-10
5580,IL,2023-12-02
5581,CA,2025-10-25
5582,WA,2025-07-10
5583,TX,2023-03-24
5584,MA,2025-10-26
5585,MN,2023-06-01
5586,WA,2023-03-19
5587,NY,2024-02-16
5588,PA,2024-01-16
5589,NY,2025-08-05
5590,MO,2025-02-28
5591,NC,2023-11-09
5592,CA,2025-05-13
5593,IL,2024-01-30
5594,MA,2024-06-26
5595,IN,2023-01-04
5596,IN,2023-04-19
5597,MI,2025-07-06
5598,CT,2025-06-04
5599,GA,2023-04-03
5600,CO,2026-01-27
5601,FL,2023-07-11
5602,WA,2023-11-29
5603,PA,2024-09-18
5604,MA,2025-09-12
5605,VA,2024-07-26
5606,FL,2023-12-22
5607,NJ,2024-08-13
5608,FL,2023-07-15
5609,PA,2023-09-19
5610,CT,2023-11-18
5611,OR,2024-02-24
5612,FL,2023-11-28
5613,OH,2024-11-11
5614,WA,2023-01-07
5615,CA,2024-06-17
5616,CA,2023-03-13
5617,UT,2024-09-09
5618,CA,2023-05-19
5619,MN,2024-06-25
5620,WA,2023-11-20
5621,NY,2025-08-06
5622,TX,2024-08-23
5623,IL,2023-03-14
5624,NE,2025-04-19
5625,PA,2025-09-14
5626,IL,2025-10-28
5627,FL,2024-02-15
5628,NY,2023-09-15
5629,NY,2024-10-12
5630,PA,2025-12-05
5631,WA,2023-05-06
5632,FL,2025-11-10
5633,TX,2024-06-27
5634,OR,2024-03-30
5635,VT,2024-10-23
5636,TX,2025-11-10
5637,OH,2025-07-06
5638,NY,2025-12-24
5639,AZ,2023-03-29
5640,TX,2025-12-02
5641,UT,2024-05-30
5642,NY,2024-05-14
5643,PA,2023-11-22
5644,NJ,2024-07-06
5645,NY,2025-06-06
5646,MI,2025-09-22
5647,LA,2025-09-19
5648,MI,2025-07-17
5649,FL,2025-07-09
5650,TX,2023-11-04
5651,CA,2024-10-18
5652,AZ,2024-04-14
5653,RI,2024-09-16
5654,MO,2023-10-18
5655,CA,2023-09-06
5656,IN,2023-11-20
5657,GA,2024-08-26
5658,CA,2023-02-28
5659,VA,2025-10-17
5660,CA,2023-09-26
5661,CA,2023-04-04
5662,MI,2024-11-17
5663,CT,2024-05-29
5664,FL,2024-06-16
5665,NY,2026-02-01
5666,WA,2024-02-06
5667,CO,2025-08-24
5668,PA,2024-12-21
5669,AZ,2025-05-26
5670,MO,2024-08-30
5671,HI,2023-04-03
5672,MA,2024-07-27
5673,TX,2025-08-28
5674,FL,2024-03-12
5675,NY,2025-10-30
5676,NC,2024-03-31
5677,WA,2024-02-19
5678,VA,2024-12-04
5679,NY,2025-05-31
5680,NC,2025-01-31
5681,KY,2023-09-22
5682,MO,2024-05-21
5683,MT,2024-10-07
5684,MA,2025-06-15
5685,NY,2025-05-10
5686,TX,2024-11-19
5687,MD,2025-05-16
5688,WA,2026-01-27
5689,AZ,2025-11-19
5690,NJ,2024-05-01
5691,NJ,2023-01-28
5692,CA,2023-10-15
5693,NJ,2024-08-03
5694,GA,2025-08-07
5695,TX,2023-09-09
5696,CA,2025-07-15
5697,WA,2023-04-20
5698,PA,2024-10-05
5699,OH,2024-02-02
5700,MO,2023-10-03
5701,KS,2024-11-19
5702,TX,2023-09-04
5703,NY,2025-11-07
5704,MA,2024-02-12
5705,FL,2023-05-05
5706,CA,2023-06-02
5707,ME,2024-10-19
5708,NJ,2023-01-20
5709,MI,2023-09-04
5710,OR,2025-10-29
5711,CA,2024-06-14
5712,KY,2023-04-13
5713,NC,2024-08-19
5714,NY,2023-12-17
5715,MA,2023-08-22
5716,FL,2023-02-06
5717,NM,2023-10-19
5718,IL,2023-01-17
5719,AL,2023-03-31
5720,FL,2024-11-07
5721,KY,2025-09-03
5722,OH,2023-09-10
5723,OK,2025-03-27
5724,TX,2023-07-03
5725,FL,2023-10-17
5726,LA,2025-01-30
5727,CA,2023-06-07
5728,NY,2025-07-11
5729,CA,2024-11-21
5730,OR,2024-01-28
5731,RI,2025-11-09
5732,MI,2024-03-06
5733,SC,2025-09-23
5734,SC,2025-10-01
5735,NJ,2025-12-27
5736,GA,2026-01-05
5737,FL,2023-04-12
5738,IL,2024-10-13
5739,IL,2025-06-11
5740,AR,2024-08-07
5741,CA,2023-07-26
5742,KY,2023-08-01
5743,NY,2023-03-20
5744,AZ,2026-02-10
5745,PA,2023-05-13
5746,CA,2025-11-14
5747,CA,2024-04-16
5748,NY,2023-10-17
5749,FL,2025-10-03
5750,CA,2025-12-27
5751,WA,2024-09-25
5752,CA,2024-02-26
5753,MN,2024-07-11
5754,TN,2024-08-03
5755,PA,2024-06-22
5756,NY,2024-04-06
5757,NJ,2025-10-02
5758,NY,2023-10-28
5759,ID,2025-10-22
5760,NY,2025-11-09
5761,VA,2025-08-11
5762,OH,2025-09-12
5763,PA,2025-03-16
5764,CA,2023-09-14
5765,MO,2024-03-28
5766,OR,2024-03-13
5767,AZ,2024-02-02
5768,NY,2024-10-10
5769,NY,2023-08-10
5770,GA,2023-05-16
5771,NY,2024-09-17
5772,OR,2025-02-14
5773,FL,2024-08-07
5774,NY,2024-04-29
5775,TX,2025-11-07
5776,TX,2025-05-26
5777,FL,2024-05-15
5778,NC,2023-04-03
5779,AZ,2023-10-06
5780,MO,2025-09-08
5781,CO,2024-09-12
5782,PA,2024-04-20
5783,NY,2025-05-31
5784,CA,2024-11-02
5785,NE,2025-03-11
5786,TX,2023-06-20
5787,TX,2024-01-07
5788,DE,2025-01-01
5789,CA,2023-07-04
5790,OK,2025-07-27
5791,NY,2025-04-14
5792,IL,2023-07-28
5793,CA,2025-09-20
5794,CA,2025-03-10
5795,CO,2024-01-04
5796,IL,2026-02-03
5797,TX,2024-12-24
5798,CO,2025-10-01
5799,OR,2025-04-16
5800,NJ,2023-09-21
5801,TX,2024-11-12
5802,GA,2025-07-01
5803,TX,2023-03-11
5804,PA,2024-03-07
5805,WA,2025-12-13
5806,IL,2023-06-19
5807,PA,2023-02-05
5808,TX,2023-09-16
5809,MA,2023-09-08
5810,NV,2023-01-13
5811,UT,2024-11-01
5812,NY,2024-06-24
5813,VA,2023-02-26
5814,PA,2025-09-30
5815,NJ,2024-03-12
5816,NY,2025-02-16
5817,PA,2023-08-18
5818,TN,2025-04-10
5819,OH,2025-04-20
5820,NH,2024-09-11
5821,MO,2023-12-23
5822,OR,2023-12-18
5823,MD,2025-05-14
5824,WA,2024-09-13
5825,WA,2024-09-26
5826,NY,2025-08-22
5827,LA,2024-09-19
5828,PA,2023-10-20
5829,ND,2025-04-08
5830,CA,2023-08-22
5831,CT,2024-06-20
5832,CA,2025-03-15
5833,NJ,2024-06-22
5834,TX,2025-05-01
5835,UT,2023-06-27
5836,MA,2024-07-09
5837,PA,2025-12-31
5838,GA,2025-08-05
5839,IN,2025-04-02
5840,TN,2023-08-16
5841,OR,2023-09-11
5842,MD,2024-11-05
5843,GA,2023-01-06
5844,CA,2023-02-16
5845,NY,2025-06-01
5846,NJ,2024-08-02
5847,NY,2023-09-11
5848,MA,2023-02-28
5849,CA,2024-07-13
5850,CA,2025-10-11
5851,CA,2023-09-22
5852,NY,2023-09-03
5853,IL,2024-03-12
5854,WA,2024-11-18
5855,MN,2024-04-20
5856,MA,2025-07-26
5857,GA,2025-05-27
5858,TX,2024-10-18
5859,NV,2024-06-30
5860,PA,2024-02-19
5861,WI,2026-03-01
5862,TX,2024-02-02
5863,VT,2023-06-17
5864,TX,2025-03-13
5865,NC,2023-08-18
5866,NY,2024-12-03
5867,CA,2023-05-24
5868,NC,2023-03-09
5869,NV,2025-10-14
5870,CA,2023-04-08
5871,PA,2023-01-07
5872,WI,2025-03-25
5873,MI,2023-06-26
5874,GA,2023-10-26
5875,NC,2023-08-17
5876,NJ,2025-06-14
5877,SC,2024-09-22
5878,TX,2023-09-27
5879,CT,2023-03-22
5880,AZ,2025-03-30
5881,NY,2024-05-15
5882,MD,2024-12-06
5883,NY,2025-09-16
5884,NY,2024-12-03
5885,PA,2023-04-16
5886,CA,2024-10-02
5887,NV,2024-08-31
5888,FL,2025-09-22
5889,WA,2025-10-05
5890,TX,2024-01-17
5891,CT,2025-04-17
5892,WA,2023-04-14
5893,VA,2024-10-25
5894,NY,2026-02-11
5895,CA,2025-12-14
5896,CO,2023-05-01
5897,PA,2025-10-23
5898,NC,2026-01-20
5899,MD,2024-02-11
5900,FL,2024-11-06
5901,WI,2024-03-16
5902,CA,2024-03-07
5903,NY,2025-06-27
5904,IL,2023-03-02
5905,IL,2024-12-26
5906,MA,2025-07-27
5907,NY,2025-05-18
5908,VA,2025-11-13
5909,WA,2024-02-10
5910,TX,2024-09-04
5911,NY,2023-08-03
5912,LA,2023-09-19
5913,MD,2025-07-03
5914,NY,2023-05-03
5915,CA,2025-02-02
5916,NY,2023-11-16
5917,CA,2023-06-07
5918,MN,2025-12-24
5919,WA,2024-01-04
5920,FL,2025-05-19
5921,WA,2025-10-24
5922,OH,2024-11-16
5923,VA,2025-07-02
5924,MI,2025-12-19
5925,CO,2025-12-04
5926,TX,2024-08-06
5927,TX,2024-06-26
5928,TX,2023-06-05
5929,NM,2025-06-06
5930,CA,2025-01-21
5931,TX,2023-03-05
5932,TN,2024-02-25
5933,SD,2023-11-19
5934,NY,2026-02-06
5935,RI,2024-06-30
5936,MI,2023-09-08
5937,WA,2025-05-15
5938,FL,2024-05-24
5939,NV,2024-03-16
5940,TX,2024-03-29
5941,FL,2024-10-05
5942,CA,2025-03-27
5943,IL,2024-11-09
5944,NY,2023-10-01
5945,AK,2023-03-01
5946,NY,2023-12-08
5947,UT,2023-04-23
5948,NY,2023-03-09
5949,WA,2024-04-11
5950,NC,2025-05-07
5951,AL,2023-09-20
5952,KY,2026-02-28
5953,NY,2024-02-28
5954,NY,2024-12-20
5955,MI,2024-07-16
5956,TX,2025-09-09
5957,MS,2025-07-07
5958,CA,2023-10-15
5959,NY,2024-02-29
5960,CA,2024-07-07
5961,VA,2025-01-28
5962,CA,2023-09-01
5963,PA,2025-09-26
5964,OR,2023-11-24
5965,NY,2024-12-15
5966,NY,2026-02-03
5967,NY,2025-03-11
5968,NY,2026-01-07
5969,OH,2024-09-22
5970,FL,2025-12-16
5971,IL,2025-08-17
5972,CA,2025-08-17
5973,MD,2025-12-11
5974,CA,2025-12-31
5975,NH,2025-01-22
5976,RI,2023-11-20
5977,CA,2023-06-04
5978,CA,2023-02-28
5979,PA,2023-07-20
5980,FL,2023-10-22
5981,NC,2025-09-24
5982,NC,2024-09-01
5983,CA,2023-12-15
5984,TX,2025-08-20
5985,VA,2024-01-17
5986,NY,2024-05-06
5987,CA,2023-11-27
5988,PA,2025-05-24
5989,NY,2023-06-07
5990,LA,2024-03-07
5991,TN,2026-02-13
5992,MN,2024-09-10
5993,TN,2024-09-10
5994,MD,2024-09-17
5995,OR,2024-03-10
5996,WV,2025-03-06
5997,OH,2025-07-20
5998,MA,2024-07-25
5999,VA,2023-09-23
6000,NY,2023-04-12
6001,CA,2025-12-22
6002,TX,2025-09-23
6003,MA,2024-12-09
6004,NY,2025-10-11
6005,OR,2025-04-03
6006,LA,2023-08-10
6007,NY,2025-07-03
6008,OH,2024-03-11
6009,TX,2024-10-01
6010,FL,2025-08-02
6011,TX,2023-11-30
6012,NY,2025-06-25
6013,TX,2023-12-17
6014,FL,2024-07-23
6015,NY,2024-12-28
6016,WI,2023-04-25
6017,CA,2025-06-27
6018,VA,2024-01-02
6019,MA,2025-03-14
6020,PA,2026-01-14
6021,LA,2025-06-14
6022,NY,2025-08-26
6023,TX,2024-01-13
6024,WA,2025-10-08
6025,TX,2023-04-28
6026,MD,2025-10-10
6027,NY,2024-06-10
6028,CO,2025-03-24
6029,CA,2023-07-25
6030,CA,2025-03-26
6031,CA,2023-03-07
6032,CO,2023-01-04
6033,PA,2023-01-03
6034,IL,2023-11-21
6035,TX,2024-08-27
6036,PA,2025-03-06
6037,IL,2024-06-18
6038,NC,2024-08-21
6039,FL,2025-12-10
6040,TX,2025-04-11
6041,MI,2025-12-02
6042,AZ,2023-12-13
6043,NY,2025-12-17
6044,MI,2023-02-28
6045,VA,2024-11-10
6046,AL,2024-05-25
6047,AZ,2023-07-26
6048,AR,2023-04-21
6049,OH,2023-01-23
6050,CA,2025-02-25
6051,TN,2025-10-31
6052,TX,2024-07-25
6053,NJ,2025-01-16
6054,IL,2024-05-29
6055,MO,2023-05-24
6056,CA,2025-09-18
6057,VA,2025-03-19
6058,FL,2023-10-21
6059,TX,2023-11-21
6060,NY,2023-07-12
6061,FL,2024-04-04
6062,CA,2025-12-07
6063,MN,2026-02-04
6064,MA,2024-06-09
6065,OH,2025-07-07
6066,TX,2023-01-29
6067,AZ,2024-06-21
6068,VA,2023-05-23
6069,MD,2024-09-18
6070,TX,2025-04-20
6071,RI,2023-08-06
6072,IL,2024-08-15
6073,FL,2024-12-13
6074,MA,2023-03-08
6075,AL,2025-01-30
6076,GA,2023-05-24
6077,NC,2024-04-09
6078,WI,2023-04-06
6079,NY,2024-02-12
6080,FL,2026-02-15
6081,OH,2025-03-14
6082,MI,2025-01-26
6083,SD,2024-12-13
6084,WA,2023-10-05
6085,CA,2023-12-27
6086,VA,2023-07-31
6087,AZ,2026-01-25
6088,GA,2025-02-16
6089,CO,2023-01-21
6090,TX,2024-12-29
6091,FL,2024-09-07
6092,NE,2024-01-06
6093,VA,2024-09-15
6094,WA,2024-09-23
6095,MI,2025-01-30
6096,MA,2025-04-26
6097,PA,2025-08-05
6098,AL,2026-01-24
6099,WI,2023-07-07
6100,NY,2024-05-15
6101,NC,2025-05-25
6102,NM,2024-01-10
6103,TN,2024-03-09
6104,FL,2024-05-13
6105,IL,2023-01-06
6106,OH,2026-02-19
6107,SC,2024-09-08
6108,CO,2024-12-11
6109,FL,2024-04-19
6110,MA,2024-07-27
6111,NV,2025-03-06
6112,PA,2024-05-22
6113,WA,2024-08-14
6114,MA,2023-06-24
6115,NY,2024-11-22
6116,NJ,2025-02-26
6117,FL,2024-07-25
6118,FL,2023-07-05
6119,MD,2024-08-09
6120,CO,2026-01-22
6121,PA,2024-05-28
6122,NY,2024-10-15
6123,OR,2024-07-09
6124,KY,2023-10-22
6125,MA,2026-01-21
6126,MS,2023-02-13
6127,PA,2024-06-22
6128,NY,2023-02-08
6129,CA,2023-10-16
6130,MI,2023-09-05
6131,WA,2023-12-25
6132,WI,2023-07-28
6133,OH,2023-05-04
6134,TX,2025-09-01
6135,TX,2024-02-07
6136,CA,2023-10-11
6137,MI,2024-10-24
6138,CT,2024-07-29
6139,MA,2023-08-29
6140,GA,2023-06-16
6141,NY,2024-07-14
6142,ME,2023-05-28
6143,FL,2024-12-01
6144,OH,2024-09-14
6145,PA,2023-09-22
6146,CO,2024-05-15
6147,HI,2023-10-06
6148,NH,2025-01-18
6149,TX,2025-06-21
6150,NC,2023-06-08
6151,NY,2025-12-19
6152,MN,2024-05-13
6153,GA,2024-05-02
6154,SC,2024-04-09
6155,NJ,2023-08-16
6156,MA,2024-10-27
6157,TX,2025-04-01
6158,NY,2025-03-09
6159,TX,2025-01-22
6160,CT,2023-09-19
6161,NM,2025-05-09
6162,MO,2023-12-30
6163,CT,2023-04-08
6164,FL,2025-11-01
6165,NC,2025-02-22
6166,PA,2024-08-05
6167,OR,2025-07-15
6168,VA,2023-05-15
6169,CA,2023-09-16
6170,GA,2025-07-04
6171,CA,2024-05-31
6172,VA,2023-05-31
6173,FL,2025-05-17
6174,OH,2025-08-31
6175,NC,2023-05-22
6176,PA,2023-09-08
6177,TN,2025-08-15
6178,MA,2025-06-25
6179,KY,2024-10-05
6180,IN,2025-12-06
6181,CA,2023-04-04
6182,LA,2025-01-30
6183,GA,2023-12-22
6184,ME,2024-06-15
6185,MI,2024-11-22
6186,OR,2024-10-09
6187,PA,2024-12-02
6188,ME,2024-12-24
6189,AZ,2025-07-05
6190,WA,2023-03-05
6191,CA,2025-07-14
6192,MT,2024-12-27
6193,UT,2025-02-04
6194,NC,2025-07-11
6195,PA,2024-10-14
6196,GA,2025-06-23
6197,UT,2025-11-06
6198,SC,2024-08-29
6199,TX,2025-01-15
6200,TX,2025-07-28
6201,CA,2023-03-29
6202,VT,2024-07-16
6203,ME,2026-02-10
6204,OR,2024-03-17
6205,MA,2025-10-28
6206,CO,2024-07-12
6207,MN,2026-01-28
6208,TX,2025-01-22
6209,NY,2025-06-19
6210,PA,2024-04-25
6211,NJ,2024-12-03
6212,IL,2025-07-31
6213,TX,2025-03-03
6214,WA,2023-05-06
6215,CO,2024-11-20
6216,CA,2024-04-21
6217,HI,2024-11-15
6218,RI,2024-01-07
6219,IN,2026-02-17
6220,FL,2024-06-25
6221,VA,2024-07-13
6222,NC,2023-06-28
6223,WA,2026-01-22
6224,UT,2024-07-20
6225,PA,2025-01-17
6226,CA,2025-08-08
6227,TX,2023-10-29
6228,OH,2024-08-08
6229,MO,2026-02-19
6230,GA,2023-02-26
6231,VA,2025-10-20
6232,OR,2024-12-21
6233,WA,2024-02-14
6234,NY,2024-10-07
6235,TX,2026-01-18
6236,IL,2023-03-03
6237,AZ,2023-09-05
6238,FL,2024-05-11
6239,TX,2023-02-25
6240,WA,2024-04-03
6241,MD,2025-07-07
6242,NC,2024-07-10
6243,MA,2025-08-21
6244,TX,2026-01-09
6245,TX,2024-03-19
6246,TX,2025-03-02
6247,CO,2024-05-05
6248,NY,2024-08-17
6249,MD,2024-02-12
6250,MA,2023-11-23
6251,NH,2025-07-30
6252,TX,2025-08-06
6253,NJ,2024-01-18
6254,FL,2025-10-10
6255,DE,2023-12-13
6256,NC,2023-09-29
6257,NJ,2024-01-31
6258,NY,2023-06-03
6259,FL,2025-12-26
6260,AZ,2025-04-20
6261,FL,2023-12-14
6262,OR,2025-12-22
6263,MI,2023-12-22
6264,CA,2025-11-30
6265,NY,2024-01-02
6266,NY,2025-10-11
6267,CA,2023-10-04
6268,FL,2023-08-09
6269,NJ,2023-03-02
6270,IL,2026-01-31
6271,NY,2023-03-16
6272,PA,2024-04-17
6273,LA,2025-10-21
6274,CA,2024-02-20
6275,WA,2023-01-17
6276,NY,2025-12-18
6277,CA,2026-02-12
6278,CA,2023-07-22
6279,PA,2024-04-16
6280,IL,2026-02-03
6281,TX,2025-05-28
6282,VA,2025-08-22
6283,TX,2025-03-28
6284,FL,2026-02-23
6285,CA,2024-02-18
6286,NY,2024-05-15
6287,WA,2023-05-01
6288,MA,2024-08-29
6289,NY,2023-12-16
6290,OR,2025-03-30
6291,PA,2024-10-15
6292,AZ,2025-02-22
6293,FL,2024-05-11
6294,CO,2024-01-27
6295,NY,2026-02-06
6296,FL,2025-07-17
6297,CO,2024-04-14
6298,TX,2023-12-16
6299,TX,2025-02-13
6300,IL,2023-05-29
6301,GA,2023-09-13
6302,MN,2023-12-10
6303,MN,2024-11-07
6304,NY,2023-04-18
6305,CA,2024-08-17
6306,GA,2026-01-08
6307,MS,2023-01-25
6308,OK,2023-10-10
6309,MN,2025-06-05
6310,TX,2025-07-26
6311,TX,2024-09-11
6312,PA,2023-08-26
6313,TX,2025-07-26
6314,NC,2023-11-12
6315,TN,2025-04-19
6316,TX,2024-04-07
6317,LA,2024-08-14
6318,WA,2025-04-19
6319,MA,2025-09-22
6320,VA,2023-05-30
6321,MD,2023-12-18
6322,MI,2024-03-17
6323,PA,2024-01-30
6324,TN,2023-01-06
6325,AR,2024-06-17
6326,KS,2023-08-08
6327,TX,2025-05-20
6328,WA,2023-01-12
6329,MN,2025-03-05
6330,AZ,2024-12-04
6331,NJ,2024-04-02
6332,OR,2023-08-13
6333,AZ,2023-12-02
6334,TX,2023-06-16
6335,PA,2026-02-13
6336,FL,2024-05-12
6337,TX,2023-05-28
6338,FL,2023-02-05
6339,WA,2025-09-16
6340,WA,2023-11-04
6341,TX,2024-10-03
6342,NC,2023-08-28
6343,MN,2025-07-05
6344,PA,2025-06-23
6345,VA,2025-05-05
6346,NY,2023-10-31
6347,NJ,2024-09-08
6348,AK,2024-07-07
6349,FL,2025-02-04
6350,NY,2025-06-16
6351,TX,2025-08-29
6352,TX,2023-07-14
6353,CO,2025-11-28
6354,AR,2024-10-07
6355,CA,2023-09-09
6356,TN,2023-07-26
6357,FL,2024-05-14
6358,FL,2023-01-19
6359,FL,2025-03-29
6360,GA,2024-11-17
6361,NY,2023-01-20
6362,SC,2024-03-23
6363,WA,2026-01-29
6364,MI,2025-01-08
6365,DE,2023-10-21
6366,GA,2023-03-06
6367,TN,2024-05-13
6368,NY,2023-03-17
6369,CA,2025-06-19
6370,WA,2024-09-26
6371,FL,2026-02-22
6372,CA,2023-01-27
6373,IL,2024-11-10
6374,MN,2023-03-24
6375,TX,2024-04-30
6376,FL,2023-01-06
6377,CA,2025-08-26
6378,MA,2024-01-03
6379,AR,2024-04-15
6380,NY,2024-11-19
6381,CA,2024-01-05
6382,NY,2023-10-05
6383,PA,2023-12-06
6384,FL,2025-03-25
6385,MI,2024-09-05
6386,TN,2026-01-08
6387,CA,2025-03-03
6388,HI,2024-08-25
6389,PA,2023-03-08
6390,AZ,2023-08-03
6391,LA,2024-02-20
6392,TX,2024-07-05
6393,MA,2024-07-24
6394,SC,2024-06-23
6395,FL,2025-12-06
6396,ID,2023-04-27
6397,NC,2023-05-31
6398,NC,2026-01-11
6399,CA,2025-12-16
6400,WA,2025-09-10
6401,TX,2025-09-30
6402,MA,2024-03-09
6403,MN,2023-11-16
6404,MI,2023-08-30
6405,AZ,2024-04-09
6406,TX,2023-07-22
6407,AZ,2024-07-02
6408,MA,2025-01-27
6409,IL,2025-05-07
6410,GA,2025-02-24
6411,NY,2024-06-24
6412,KS,2024-05-01
6413,GA,2024-07-25
6414,FL,2025-04-19
6415,CO,2024-10-22
6416,NJ,2024-02-09
6417,WI,2024-10-18
6418,IL,2026-01-08
6419,NJ,2025-08-06
6420,FL,2023-01-15
6421,WA,2025-09-01
6422,CA,2025-11-29
6423,NC,2026-01-09
6424,VA,2023-11-03
6425,CA,2024-12-05
6426,WA,2024-02-01
6427,CA,2024-11-08
6428,PA,2025-08-27
6429,FL,2025-05-14
6430,MN,2023-07-30
6431,WA,2024-02-03
6432,WY,2023-09-15
6433,AZ,2023-04-25
6434,TX,2023-11-30
6435,NY,2023-12-15
6436,MI,2023-08-21
6437,FL,2024-03-24
6438,CA,2026-01-05
6439,CO,2025-04-07
6440,CA,2024-08-30
6441,TX,2023-04-08
6442,MA,2024-07-21
6443,OR,2024-04-06
6444,WA,2024-05-14
6445,TX,2024-09-22
6446,NY,2025-11-27
6447,FL,2025-12-10
6448,CA,2023-05-07
6449,FL,2026-01-31
6450,TX,2024-04-21
6451,CA,2024-12-23
6452,NY,2024-03-11
6453,KS,2023-03-26
6454,FL,2025-02-24
6455,AZ,2023-01-27
6456,SC,2025-05-09
6457,NY,2023-03-13
6458,GA,2026-01-23
6459,AL,2024-08-10
6460,AR,2025-10-26
6461,WA,2026-01-18
6462,WA,2023-06-01
6463,ME,2024-08-05
6464,MI,2023-02-26
6465,NV,2024-03-01
6466,MN,2023-05-22
6467,VA,2024-07-21
6468,WA,2025-11-04
6469,WA,2025-10-28
6470,NJ,2025-12-12
6471,TN,2023-05-17
6472,CA,2023-06-23
6473,NV,2025-05-09
6474,PA,2023-08-07
6475,PA,2023-09-12
6476,OR,2025-03-22
6477,TN,2023-09-27
6478,TX,2023-08-12
6479,MD,2025-06-01
6480,CA,2024-08-26
6481,AZ,2024-12-01
6482,PA,2025-07-08
6483,MI,2023-03-14
6484,IN,2025-06-16
6485,NH,2025-08-04
6486,MA,2024-06-26
6487,IL,2024-09-22
6488,FL,2025-03-05
6489,TX,2025-05-27
6490,CO,2025-01-26
6491,FL,2024-09-09
6492,WA,2023-07-17
6493,CA,2024-05-07
6494,CA,2023-03-23
6495,AL,2024-01-09
6496,NY,2024-05-15
6497,TN,2023-12-23
6498,AZ,2024-08-02
6499,MA,2023-10-27
6500,NY,2024-10-07
6501,CA,2023-04-30
6502,NV,2023-07-05
6503,VA,2024-08-06
6504,NY,2023-11-04
6505,CA,2023-08-22
6506,SC,2025-10-31
6507,TX,2023-06-24
6508,TX,2025-02-11
6509,GA,2024-10-04
6510,IL,2025-06-29
6511,TX,2025-10-22
6512,NY,2025-01-30
6513,LA,2023-07-01
6514,TX,2025-07-30
6515,CA,2023-12-16
6516,GA,2024-09-30
6517,WI,2023-08-13
6518,CA,2023-10-13
6519,NY,2023-07-12
6520,TX,2024-11-01
6521,NJ,2024-11-22
6522,TX,2024-06-21
6523,NV,2024-09-03
6524,TX,2025-06-19
6525,CO,2023-02-20
6526,CA,2023-05-08
6527,OR,2025-12-05
6528,VT,2023-08-22
6529,VA,2024-03-23
6530,NC,2024-08-06
6531,TX,2024-05-17
6532,MI,2024-08-29
6533,IL,2025-07-10
6534,NY,2023-10-12
6535,MI,2026-03-01
6536,PA,2025-07-24
6537,SC,2024-06-27
6538,MA,2023-12-22
6539,SC,2025-11-26
6540,MD,2023-05-18
6541,NY,2024-09-03
6542,CO,2024-04-01
6543,OH,2023-04-09
6544,CA,2023-02-05
6545,CA,2024-09-21
6546,AL,2024-10-31
6547,WA,2025-02-25
6548,NE,2024-11-11
6549,TX,2023-02-24
6550,NC,2026-01-12
6551,MA,2025-10-26
6552,SC,2025-06-09
6553,OH,2025-10-03
6554,WA,2025-02-06
6555,OH,2025-07-06
6556,MN,2024-10-25
6557,CA,2025-04-09
6558,GA,2023-06-19
6559,CA,2023-09-06
6560,OR,2024-10-23
6561,CA,2023-07-29
6562,CT,2025-06-30
6563,VA,2025-01-09
6564,SD,2023-05-21
6565,NY,2024-09-23
6566,MA,2025-03-15
6567,WA,2023-06-29
6568,NY,2025-07-08
6569,WA,2024-09-28
6570,TX,2025-01-23
6571,CA,2025-09-13
6572,MA,2025-11-06
6573,FL,2025-11-05
6574,IL,2024-01-20
6575,WA,2025-06-11
6576,SC,2025-09-13
6577,TX,2025-02-07
6578,NV,2025-03-02
6579,NY,2023-02-15
6580,MA,2024-05-18
6581,CA,2025-04-09
6582,NC,2024-06-08
6583,KY,2025-09-05
6584,GA,2024-07-10
6585,NJ,2023-02-16
6586,IL,2024-06-11
6587,MA,2023-04-17
6588,HI,2025-10-23
6589,HI,2024-09-07
6590,VA,2025-08-23
6591,CT,2026-01-23
6592,NV,2025-05-09
6593,TX,2023-07-20
6594,MD,2023-09-11
6595,NY,2023-07-02
6596,NC,2025-09-07
6597,NM,2024-05-04
6598,CO,2024-05-19
6599,FL,2024-02-17
6600,NV,2024-02-08
6601,MA,2023-08-24
6602,IN,2025-05-08
6603,PA,2025-08-23
6604,NY,2024-09-24
6605,TX,2023-07-27
6606,OR,2023-05-20
6607,RI,2024-08-10
6608,NE,2024-08-09
6609,IL,2025-07-05
6610,NY,2025-08-24
6611,CA,2024-07-23
6612,MA,2026-01-26
6613,CA,2023-05-05
6614,KY,2023-05-14
6615,NC,2025-09-22
6616,MI,2024-10-11
6617,TX,2024-12-06
6618,VA,2024-07-21
6619,CA,2023-12-05
6620,TX,2025-04-18
6621,MO,2023-11-18
6622,FL,2026-01-15
6623,NY,2023-04-05
6624,TX,2023-07-15
6625,NC,2023-07-11
6626,CO,2024-10-17
6627,CA,2024-06-05
6628,NV,2025-01-22
6629,LA,2025-09-14
6630,NY,2025-10-02
6631,FL,2023-01-13
6632,MI,2023-09-11
6633,MA,2023-03-22
6634,FL,2024-01-08
6635,MS,2024-01-29
6636,FL,2024-02-22
6637,MD,2025-12-18
6638,FL,2023-05-08
6639,IL,2025-03-27
6640,NH,2025-02-12
6641,NC,2025-06-10
6642,FL,2023-10-09
6643,TX,2023-07-26
6644,IL,2024-02-07
6645,GA,2023-08-06
6646,CO,2023-11-22
6647,NY,2025-01-25
6648,WA,2025-10-08
6649,VA,2023-05-10
6650,NC,2023-01-03
6651,FL,2024-07-08
6652,PA,2023-09-23
6653,NY,2025-07-11
6654,CA,2023-01-24
6655,NY,2024-06-17
6656,TX,2023-01-03
6657,OH,2025-05-29
6658,CO,2024-03-02
6659,CA,2023-01-04
6660,PA,2025-03-18
6661,FL,2025-02-22
6662,FL,2024-05-17
6663,MD,2023-08-20
6664,IL,2025-05-22
6665,NY,2025-01-19
6666,TX,2023-03-13
6667,FL,2023-03-29
6668,FL,2024-06-11
6669,WA,2025-06-04
6670,UT,2024-08-25
6671,FL,2024-03-25
6672,CO,2024-03-14
6673,CA,2026-01-12
6674,NY,2023-05-06
6675,MN,2024-07-16
6676,WA,2025-11-07
6677,FL,2025-04-28
6678,TX,2025-05-14
6679,MA,2025-07-12
6680,CA,2023-12-11
6681,FL,2024-04-12
6682,MS,2025-09-07
6683,NY,2023-05-21
6684,CA,2025-10-26
6685,CA,2024-10-30
6686,AZ,2024-09-22
6687,CO,2025-12-24
6688,WY,2025-12-15
6689,FL,2025-03-08
6690,NY,2026-01-24
6691,PA,2025-08-12
6692,NY,2023-08-03
6693,AZ,2025-01-12
6694,NY,2023-02-27
6695,FL,2025-06-24
6696,PA,2024-02-09
6697,OH,2024-12-21
6698,OR,2026-01-17
6699,FL,2025-02-21
6700,IL,2023-04-07
6701,CO,2024-08-09
6702,FL,2026-01-16
6703,MI,2024-06-01
6704,CA,2024-10-29
6705,IL,2025-12-22
6706,WA,2024-06-24
6707,TX,2025-03-26
6708,TX,2023-07-10
6709,FL,2025-07-05
6710,WI,2024-12-16
6711,NY,2024-06-22
6712,NC,2023-03-26
6713,WA,2024-03-16
6714,NC,2025-02-28
6715,TX,2023-12-05
6716,TN,2025-09-30
6717,CA,2024-11-04
6718,OR,2024-12-30
6719,NY,2023-11-13
6720,NY,2023-03-17
6721,CA,2025-08-31
6722,TN,2025-09-25
6723,OH,2023-07-23
6724,CA,2024-02-28
6725,AL,2023-07-12
6726,ID,2025-06-15
6727,AR,2025-02-19
6728,NY,2023-10-28
6729,NC,2023-09-17
6730,NY,2025-09-30
6731,FL,2024-09-07
6732,RI,2024-03-07
6733,NC,2024-12-16
6734,MI,2024-11-26
6735,HI,2026-01-19
6736,NY,2023-07-17
6737,CO,2025-09-09
6738,CA,2023-02-08
6739,MA,2024-12-09
6740,UT,2024-04-15
6741,CA,2023-03-20
6742,IL,2024-12-29
6743,IN,2026-01-22
6744,FL,2024-11-14
6745,SC,2023-02-12
6746,NC,2023-05-12
6747,CA,2023-03-18
6748,NC,2023-02-08
6749,WA,2023-05-31
6750,NY,2025-09-02
6751,OK,2023-11-14
6752,MT,2024-03-12
6753,MN,2024-09-18
6754,MO,2024-07-04
6755,VT,2023-12-06
6756,CA,2024-10-19
6757,CA,2025-07-06
6758,KS,2023-12-27
6759,CO,2025-09-22
6760,WA,2025-02-09
6761,NY,2023-07-09
6762,CA,2024-02-17
6763,MN,2023-11-25
6764,CA,2023-04-02
6765,WA,2024-03-15
6766,CA,2026-02-03
6767,OH,2023-09-02
6768,PA,2025-06-27
6769,TX,2025-04-12
6770,TX,2023-04-07
6771,CO,2025-07-26
6772,NY,2025-08-11
6773,NC,2024-07-28
6774,NM,2023-04-13
6775,MA,2025-04-08
6776,AZ,2024-05-27
6777,TX,2024-10-27
6778,IL,2023-02-04
6779,IL,2024-02-01
6780,WA,2023-01-27
6781,NY,2023-11-02
6782,NC,2024-11-29
6783,MS,2024-08-03
6784,MA,2023-06-14
6785,CA,2023-04-12
6786,FL,2024-03-30
6787,NJ,2023-07-12
6788,IL,2025-07-04
6789,TX,2025-06-16
6790,WI,2025-03-20
6791,GA,2023-10-26
6792,UT,2023-01-21
6793,RI,2023-02-14
6794,GA,2024-05-10
6795,NY,2024-11-13
6796,CO,2023-08-11
6797,CA,2023-10-26
6798,OR,2025-11-13
6799,CA,2026-01-12
6800,MA,2025-12-19
6801,MI,2023-10-15
6802,SC,2024-05-31
6803,LA,2025-06-16
6804,CA,2023-06-03
6805,ND,2023-10-08
6806,MA,2024-03-09
6807,NY,2023-12-08
6808,MT,2023-03-27
6809,NV,2025-02-17
6810,NC,2023-07-10
6811,GA,2025-12-27
6812,WA,2025-09-17
6813,CA,2025-05-25
6814,CO,2024-10-23
6815,MA,2024-07-27
6816,AL,2023-05-11
6817,PA,2025-04-18
6818,OH,2025-08-16
6819,NH,2025-04-18
6820,CA,2023-08-09
6821,IL,2024-10-04
6822,KY,2024-05-02
6823,KY,2025-05-01
6824,FL,2023-12-20
6825,GA,2025-08-05
6826,NC,2023-06-10
6827,MD,2024-04-08
6828,MI,2025-12-19
6829,AZ,2023-08-03
6830,AZ,2024-08-02
6831,WA,2024-05-02
6832,CO,2023-08-13
6833,OR,2024-12-09
6834,TX,2023-06-10
6835,FL,2024-03-30
6836,PA,2026-02-08
6837,TX,2025-12-18
6838,MA,2024-06-28
6839,IL,2023-01-29
6840,NY,2025-02-05
6841,TX,2023-07-04
6842,NY,2023-12-23
6843,MI,2024-05-06
6844,CA,2025-01-02
6845,TX,2024-07-31
6846,MI,2023-04-24
6847,SC,2024-01-13
6848,TX,2023-04-07
6849,LA,2025-04-21
6850,FL,2023-05-04
6851,MO,2023-06-05
6852,IL,2023-04-20
6853,CO,2023-02-22
6854,MA,2024-08-10
6855,MN,2024-12-26
6856,WA,2023-02-14
6857,NC,2025-07-24
6858,GA,2026-02-14
6859,TX,2023-05-02
6860,OR,2024-04-26
6861,IL,2024-11-08
6862,MA,2024-05-14
6863,CO,2023-03-15
6864,WI,2025-08-28
6865,TX,2023-05-29
6866,FL,2025-06-10
6867,FL,2025-12-20
6868,NY,2025-12-13
6869,OR,2024-04-17
6870,MA,2023-06-19
6871,CA,2024-12-01
6872,NJ,2023-02-01
6873,NY,2023-02-22
6874,NJ,2025-07-28
6875,WA,2023-05-19
6876,GA,2025-12-06
6877,TX,2023-03-31
6878,GA,2025-04-07
6879,CA,2023-02-05
6880,NH,2025-10-12
6881,WI,2025-07-17
6882,TX,2024-07-07
6883,TX,2025-01-09
6884,OK,2023-09-26
6885,TX,2025-06-28
6886,IL,2023-07-05
6887,CO,2025-05-18
6888,TX,2026-02-19
6889,CO,2024-02-28
6890,VA,2025-04-12
6891,NV,2025-07-14
6892,CO,2026-02-14
6893,LA,2025-05-18
6894,PA,2025-10-12
6895,NC,2024-03-17
6896,ID,2023-02-08
6897,CT,2025-06-26
6898,MT,2023-06-15
6899,PA,2024-03-18
6900,TX,2023-11-27
6901,UT,2025-09-19
6902,NJ,2026-02-09
6903,MS,2024-12-14
6904,FL,2025-04-14
6905,OH,2023-05-19
6906,WA,2025-02-07
6907,NY,2023-05-04
6908,NY,2025-05-31
6909,TX,2025-01-30
6910,IL,2026-01-26
6911,MN,2025-12-19
6912,NM,2025-11-08
6913,CA,2026-02-21
6914,CT,2023-08-14
6915,FL,2024-09-03
6916,WA,2023-11-20
6917,PA,2025-11-06
6918,MI,2026-01-08
6919,NY,2024-08-19
6920,FL,2024-06-24
6921,MA,2024-10-07
6922,CO,2025-09-16
6923,CT,2024-12-06
6924,IL,2024-09-22
6925,NY,2025-05-28
6926,FL,2023-07-10
6927,NC,2025-05-04
6928,TX,2024-05-05
6929,TX,2024-02-09
6930,TX,2025-05-24
6931,WA,2024-03-05
6932,TX,2024-06-03
6933,OH,2025-06-11
6934,MD,2025-03-31
6935,CA,2025-06-05
6936,MA,2024-03-10
6937,TX,2023-03-04
6938,WA,2023-05-14
6939,NY,2025-08-15
6940,CA,2024-09-10
6941,NC,2024-02-29
6942,NH,2023-12-24
6943,MI,2025-10-29
6944,MT,2025-10-07
6945,ME,2023-07-16
6946,FL,2026-02-14
6947,OH,2025-10-30
6948,MD,2025-05-11
6949,MA,2024-06-02
6950,FL,2023-12-15
6951,KS,2024-07-28
6952,CA,2025-10-24
6953,WA,2023-11-24
6954,MT,2024-05-26
6955,NY,2025-07-19
6956,CA,2023-05-10
6957,FL,2024-08-09
6958,CA,2024-04-28
6959,CO,2023-12-24
6960,GA,2024-01-20
6961,CT,2023-09-11
6962,WY,2025-04-14
6963,CA,2025-03-06
6964,CO,2024-04-13
6965,TN,2024-05-07
6966,NJ,2025-07-08
6967,NY,2023-02-20
6968,GA,2025-12-15
6969,NY,2023-03-14
6970,SC,2024-08-22
6971,RI,2023-02-21
6972,NC,2023-05-05
6973,PA,2023-09-19
6974,NY,2025-08-12
6975,OR,2023-11-26
6976,MD,2023-08-29
6977,FL,2023-10-18
6978,NC,2023-07-30
6979,TX,2024-12-19
6980,SC,2023-11-18
6981,CA,2023-12-24
6982,AZ,2025-07-05
6983,OH,2023-04-04
6984,AZ,2024-12-11
6985,MN,2023-06-18
6986,NH,2024-05-30
6987,WA,2023-04-08
6988,NY,2023-12-16
6989,NY,2025-01-05
6990,CA,2024-08-01
6991,MA,2025-04-20
6992,CA,2024-02-05
6993,TN,2025-01-20
6994,MA,2025-03-31
6995,CT,2025-10-24
6996,NC,2024-01-04
6997,SC,2024-07-09
6998,IN,2026-02-16
6999,TX,2025-10-01
7000,AZ,2025-08-23
7001,LA,2025-10-11
7002,IL,2025-03-24
7003,OH,2023-04-16
7004,CA,2023-06-14
7005,NC,2024-09-29
7006,OH,2026-01-26
7007,PA,2025-10-20
7008,TX,2023-11-27
7009,NM,2026-02-17
7010,MA,2023-10-26
7011,PA,2025-05-05
7012,CA,2024-12-07
7013,MD,2026-01-21
7014,WA,2024-03-22
7015,FL,2024-04-24
7016,SC,2025-01-03
7017,TX,2025-05-23
7018,NY,2024-06-05
7019,MA,2026-01-29
7020,OH,2024-09-13
7021,CA,2025-01-28
7022,MI,2023-09-01
7023,IL,2023-01-23
7024,NJ,2024-04-10
7025,NJ,2025-05-14
7026,FL,2023-09-26
7027,NY,2024-06-16
7028,CA,2023-11-10
7029,CA,2023-04-30
7030,NV,2025-09-07
7031,IL,2026-02-17
7032,FL,2024-12-10
7033,AL,2023-05-16
7034,OK,2026-01-05
7035,PA,2025-12-17
7036,PA,2025-07-24
7037,NC,2026-01-14
7038,AZ,2023-01-01
7039,FL,2023-03-18
7040,OH,2025-08-18
7041,CA,2024-08-03
7042,MD,2023-05-28
7043,VA,2024-07-27
7044,NV,2023-07-05
7045,GA,2024-06-05
7046,GA,2023-06-11
7047,TX,2023-07-15
7048,WA,2023-02-03
7049,OR,2024-02-12
7050,IL,2024-06-20
7051,OH,2023-02-05
7052,DE,2023-04-24
7053,MA,2024-08-27
7054,NY,2024-03-18
7055,MA,2023-02-07
7056,FL,2023-04-02
7057,NY,2024-09-22
7058,VT,2024-11-02
7059,MA,2023-04-11
7060,DE,2024-05-21
7061,AZ,2023-06-28
7062,WA,2023-10-11
7063,CA,2023-12-21
7064,WA,2024-05-02
7065,FL,2025-10-02
7066,MA,2023-10-06
7067,CO,2024-06-27
7068,NC,2024-10-11
7069,NY,2025-07-19
7070,GA,2023-12-21
7071,PA,2023-07-14
7072,NY,2025-03-14
7073,NY,2023-04-03
7074,PA,2024-03-08
7075,VA,2024-07-11
7076,NY,2025-11-16
7077,VA,2023-06-11
7078,FL,2023-04-11
7079,TN,2024-11-29
7080,WA,2023-06-07
7081,MD,2024-05-06
7082,TX,2025-07-07
7083,OH,2025-10-29
7084,PA,2025-04-03
7085,NC,2024-11-09
7086,MA,2025-02-24
7087,SD,2025-09-18
7088,NJ,2023-04-21
7089,WA,2025-04-20
7090,OH,2023-07-22
7091,MI,2025-12-24
7092,NY,2024-02-18
7093,TX,2024-11-20
7094,AZ,2023-09-23
7095,FL,2024-07-25
7096,WA,2023-07-24
7097,IL,2024-08-06
7098,OR,2023-06-22
7099,MA,2023-11-04
7100,TX,2024-03-25
7101,NJ,2023-03-03
7102,WI,2024-04-19
7103,IL,2023-03-27
7104,AZ,2025-10-27
7105,TN,2023-10-22
7106,NY,2025-01-08
7107,GA,2024-06-09
7108,MI,2023-02-03
7109,NY,2025-01-21
7110,MA,2025-02-18
7111,NY,2024-09-29
7112,MA,2025-11-23
7113,CA,2025-03-05
7114,OH,2024-02-10
7115,CT,2025-11-07
7116,TN,2024-03-03
7117,MD,2025-07-02
7118,CA,2023-10-20
7119,TX,2024-08-02
7120,TX,2026-01-08
7121,MA,2026-01-14
7122,SC,2023-02-17
7123,NY,2023-03-25
7124,OR,2024-08-29
7125,FL,2023-11-04
7126,CA,2023-09-09
7127,FL,2023-06-29
7128,NY,2024-03-01
7129,NY,2023-02-08
7130,ND,2025-03-26
7131,TX,2024-09-16
7132,MD,2024-01-11
7133,CA,2023-02-10
7134,CA,2023-02-16
7135,GA,2023-07-04
7136,NJ,2023-03-13
7137,NC,2024-07-22
7138,NV,2024-07-27
7139,TX,2023-12-08
7140,FL,2024-07-22
7141,PA,2025-08-21
7142,NY,2023-11-24
7143,IL,2023-06-02
7144,GA,2024-12-29
7145,MA,2023-08-20
7146,OR,2023-06-25
7147,CT,2024-07-04
7148,TX,2023-05-23
7149,TX,2023-01-17
7150,CA,2023-09-06
7151,ND,2025-11-24
7152,NY,2025-03-11
7153,NY,2025-09-26
7154,PA,2025-09-25
7155,MD,2023-05-26
7156,CA,2025-07-14
7157,TX,2024-12-27
7158,KS,2023-06-14
7159,IL,2026-02-08
7160,NY,2024-10-08
7161,TX,2026-01-02
7162,OH,2024-10-29
7163,MA,2023-12-20
7164,CO,2025-07-31
7165,AZ,2025-11-20
7166,NY,2024-06-09
7167,TN,2024-05-24
7168,CA,2023-06-27
7169,NY,2023-11-25
7170,LA,2025-03-11
7171,CA,2024-11-18
7172,IL,2025-07-26
7173,TX,2025-09-06
7174,VA,2025-01-04
7175,KY,2025-11-24
7176,MO,2023-10-24
7177,OH,2024-09-13
7178,VA,2025-06-27
7179,ME,2025-11-28
7180,NY,2024-12-06
7181,NC,2024-09-19
7182,OK,2024-11-03
7183,NY,2024-02-24
7184,TX,2024-10-14
7185,MN,2025-04-03
7186,MN,2024-12-13
7187,NC,2025-05-16
7188,CA,2025-03-24
7189,MA,2025-05-17
7190,VA,2023-04-23
7191,MD,2025-07-28
7192,MO,2023-06-23
7193,NJ,2025-10-07
7194,CO,2023-03-15
7195,FL,2024-09-28
7196,MI,2023-02-01
7197,FL,2024-05-11
7198,IL,2026-02-10
7199,CA,2023-07-14
7200,NY,2024-06-11
7201,FL,2024-03-16
7202,MA,2024-12-24
7203,CO,2023-01-24
7204,NY,2023-10-17
7205,PA,2025-06-14
7206,NC,2023-11-04
7207,MA,2023-10-31
7208,PA,2024-09-22
7209,FL,2025-08-08
7210,TX,2023-02-07
7211,OR,2024-01-21
7212,TX,2025-01-14
7213,CA,2023-03-23
7214,OH,2026-02-15
7215,TX,2023-02-19
7216,TX,2024-10-30
7217,WA,2023-03-15
7218,MA,2025-09-28
7219,MD,2024-11-25
7220,NY,2026-02-03
7221,PA,2024-11-14
7222,CA,2023-12-22
7223,CA,2025-10-10
7224,NC,2023-07-04
7225,OK,2023-06-03
7226,CA,2025-05-03
7227,TX,2023-04-28
7228,CA,2023-09-24
7229,CA,2025-04-16
7230,CO,2023-09-12
7231,UT,2023-06-20
7232,NY,2024-09-08
7233,CO,2025-09-28
7234,NY,2024-07-01
7235,WA,2024-12-02
7236,TX,2024-10-28
7237,NY,2025-06-11
7238,FL,2024-02-14
7239,AZ,2025-01-08
7240,NY,2023-05-26
7241,WA,2025-11-27
7242,CO,2024-05-04
7243,NH,2023-09-19
7244,TX,2026-02-23
7245,CO,2023-12-11
7246,CA,2025-05-28
7247,TX,2026-02-05
7248,IL,2024-05-28
7249,IL,2025-08-02
7250,IA,2024-12-13
7251,NY,2026-01-18
7252,NC,2023-08-03
7253,CA,2024-08-26
7254,UT,2025-04-17
7255,CA,2025-02-10
7256,MA,2024-10-31
7257,OH,2025-12-16
7258,PA,2024-07-12
7259,TX,2023-08-10
7260,MO,2024-04-19
7261,OR,2026-02-05
7262,LA,2025-05-12
7263,CO,2025-03-22
7264,MA,2023-06-29
7265,MD,2023-06-26
7266,NJ,2024-05-01
7267,TX,2024-02-18
7268,FL,2024-11-22
7269,CO,2025-11-26
7270,CA,2024-07-28
7271,NY,2023-09-25
7272,WA,2025-02-23
7273,TX,2025-07-12
7274,MD,2024-01-23
7275,MA,2023-12-20
7276,MD,2025-03-24
7277,TX,2025-10-20
7278,CA,2023-09-26
7279,NH,2025-12-26
7280,FL,2023-10-04
7281,NC,2023-11-03
7282,WA,2024-09-22
7283,OH,2024-06-21
7284,NC,2024-06-01
7285,GA,2026-02-11
7286,NY,2023-05-14
7287,NJ,2025-04-04
7288,GA,2025-11-14
7289,WA,2025-03-23
7290,FL,2023-03-13
7291,IN,2025-10-14
7292,NY,2025-08-09
7293,NJ,2023-02-02
7294,FL,2023-04-07
7295,FL,2023-09-20
7296,WA,2025-05-23
7297,LA,2025-07-02
7298,CA,2025-12-29
7299,CA,2023-10-20
7300,NC,2025-07-05
7301,CA,2024-12-30
7302,NJ,2023-06-21
7303,GA,2025-01-27
7304,OH,2025-07-14
7305,CA,2025-06-19
7306,FL,2024-05-31
7307,FL,2025-10-30
7308,CA,2023-09-28
7309,NY,2025-01-11
7310,MA,2024-07-20
7311,NY,2024-07-06
7312,NY,2024-10-11
7313,GA,2024-01-26
7314,TX,2025-08-16
7315,FL,2026-02-12
7316,FL,2024-07-28
7317,TX,2023-12-10
7318,FL,2024-03-31
7319,TX,2024-03-19
7320,WA,2023-07-16
7321,NY,2025-05-17
7322,NY,2023-12-29
7323,MN,2025-05-17
7324,KY,2024-07-19
7325,LA,2024-11-01
7326,TX,2023-01-25
7327,MD,2023-08-25
7328,MA,2024-04-05
7329,TX,2023-04-10
7330,NY,2025-01-09
7331,CA,2024-02-12
7332,IL,2025-09-04
7333,NC,2025-01-20
7334,MN,2023-05-23
7335,OH,2024-06-12
7336,TN,2025-10-25
7337,TX,2024-06-06
7338,OR,2024-12-20
7339,NY,2024-02-22
7340,NC,2026-01-09
7341,MO,2024-06-28
7342,CA,2025-10-06
7343,VT,2025-03-27
7344,CA,2023-06-08
7345,NC,2024-09-18
7346,NY,2025-02-11
7347,IA,2025-12-04
7348,CA,2023-05-08
7349,SD,2025-05-26
7350,WA,2024-08-28
7351,NY,2024-06-24
7352,TX,2023-06-13
7353,CO,2024-10-10
7354,CA,2023-05-11
7355,UT,2024-11-26
7356,FL,2024-05-18
7357,TX,2023-07-03
7358,MA,2025-04-05
7359,NY,2024-11-01
7360,LA,2025-09-08
7361,AK,2025-10-19
7362,WA,2024-07-07
7363,CA,2023-05-11
7364,VT,2024-11-27
7365,CT,2025-11-03
7366,GA,2025-03-24
7367,MO,2024-10-20
7368,NJ,2024-01-15
7369,NC,2025-12-19
7370,NY,2025-07-15
7371,TN,2024-06-21
7372,KY,2024-07-30
7373,NJ,2025-12-29
7374,CA,2024-11-15
7375,MA,2023-02-09
7376,ID,2024-01-01
7377,KY,2023-09-05
7378,WI,2023-01-12
7379,PA,2025-01-06
7380,NY,2024-05-24
7381,WA,2023-06-20
7382,OR,2025-11-21
7383,TN,2024-12-21
7384,AR,2025-09-21
7385,MA,2025-03-25
7386,VA,2024-03-04
7387,NY,2025-11-24
7388,NC,2023-07-24
7389,PA,2025-06-08
7390,WA,2025-06-23
7391,CA,2024-11-27
7392,CA,2025-01-19
7393,MA,2025-09-11
7394,IL,2025-09-12
7395,CA,2026-02-06
7396,TX,2023-09-06
7397,MI,2025-10-25
7398,OR,2023-08-18
7399,MI,2024-09-19
7400,TX,2025-04-07
7401,ME,2023-11-17
7402,FL,2026-02-24
7403,MO,2023-01-28
7404,NJ,2025-04-30
7405,WA,2024-05-24
7406,FL,2023-08-16
7407,GA,2024-10-02
7408,TX,2024-06-24
7409,MA,2024-11-02
7410,CO,2025-06-28
7411,OH,2025-03-19
7412,TX,2024-06-03
7413,CA,2026-02-26
7414,NY,2024-05-28
7415,NC,2025-10-30
7416,MD,2023-12-13
7417,TX,2023-04-27
7418,PA,2024-02-15
7419,WA,2025-10-31
7420,CA,2026-01-21
7421,CA,2026-01-30
7422,CA,2023-04-08
7423,MA,2023-10-09
7424,MI,2025-03-17
7425,CA,2025-05-09
7426,TX,2024-10-18
7427,CA,2023-07-30
7428,NY,2024-05-22
7429,GA,2026-01-04
7430,WA,2024-03-27
7431,TX,2024-11-17
7432,TX,2024-09-14
7433,NY,2025-08-28
7434,NC,2025-07-18
7435,OR,2023-01-18
7436,CO,2025-02-24
7437,WA,2023-07-17
7438,NY,2024-02-21
7439,MI,2024-01-19
7440,CA,2023-07-19
7441,TX,2025-06-13
7442,AZ,2025-09-06
7443,CA,2025-12-02
7444,PA,2023-03-23
7445,NY,2025-06-02
7446,GA,2024-04-24
7447,KS,2024-12-28
7448,WA,2023-05-04
7449,CA,2024-06-11
7450,CA,2024-06-09
7451,NE,2023-02-08
7452,MA,2023-04-18
7453,AL,2023-09-25
7454,WA,2023-11-07
7455,TX,2023-02-09
7456,TX,2025-02-19
7457,IL,2024-08-03
7458,OH,2023-06-01
7459,GA,2023-07-06
7460,GA,2024-03-05
7461,NY,2024-04-01
7462,CO,2025-01-22
7463,NY,2023-07-23
7464,OR,2025-02-17
7465,NY,2023-04-28
7466,TX,2023-08-10
7467,CA,2025-06-15
7468,AL,2023-03-04
7469,TX,2024-01-31
7470,CA,2023-01-05
7471,TX,2024-05-22
7472,WA,2023-05-25
7473,NY,2025-08-11
7474,MA,2024-10-23
7475,SD,2025-02-19
7476,NH,2025-08-16
7477,NY,2025-08-20
7478,MI,2023-01-11
7479,TX,2023-03-10
7480,ID,2025-08-21
7481,WA,2023-07-21
7482,WA,2023-09-23
7483,DE,2023-04-18
7484,IL,2025-12-13
7485,NY,2025-08-08
7486,CO,2023-07-09
7487,MI,2023-08-27
7488,AZ,2025-08-08
7489,OH,2023-12-09
7490,MN,2023-10-18
7491,NE,2023-11-17
7492,CO,2023-02-11
7493,PA,2025-08-12
7494,MD,2025-06-07
7495,CA,2024-09-24
7496,FL,2025-04-25
7497,GA,2023-10-11
7498,WA,2025-03-17
7499,MI,2023-07-01
7500,PA,2025-10-31
7501,OH,2025-01-14
7502,OR,2024-03-17
7503,IL,2024-09-20
7504,OH,2024-01-23
7505,NY,2024-07-29
7506,FL,2024-03-29
7507,MN,2025-07-15
7508,CA,2025-10-22
7509,TX,2025-03-21
7510,FL,2025-03-19
7511,WI,2025-12-19
7512,CA,2024-01-03
7513,TX,2025-07-30
7514,MA,2023-02-09
7515,WA,2024-07-10
7516,WA,2025-07-05
7517,FL,2025-10-17
7518,CA,2024-10-04
7519,MA,2024-03-25
7520,FL,2024-01-30
7521,MI,2025-03-02
7522,HI,2023-03-29
7523,GA,2024-06-16
7524,NC,2025-01-13
7525,CA,2024-01-16
7526,NC,2024-03-06
7527,MA,2023-10-04
7528,NY,2023-07-13
7529,AL,2023-06-28
7530,MA,2023-08-06
7531,AR,2025-09-14
7532,MN,2025-12-18
7533,GA,2024-07-10
7534,ID,2025-02-06
7535,CA,2023-03-18
7536,MA,2024-08-21
7537,PA,2024-06-07
7538,WA,2025-03-23
7539,OR,2024-01-19
7540,TX,2024-05-18
7541,TX,2023-08-30
7542,CA,2024-01-04
7543,OH,2023-10-15
7544,FL,2024-02-03
7545,NY,2023-04-14
7546,PA,2023-05-07
7547,NM,2023-02-09
7548,ME,2025-12-31
7549,TX,2025-05-31
7550,WA,2025-08-02
7551,NY,2023-09-04
7552,IL,2023-11-08
7553,CO,2023-02-03
7554,MA,2023-05-09
7555,IL,2023-01-10
7556,VA,2025-07-30
7557,FL,2025-07-23
7558,MD,2025-11-07
7559,OR,2023-12-06
7560,NY,2024-11-11
7561,WA,2026-01-18
7562,KS,2024-06-17
7563,NY,2025-03-19
7564,CA,2024-03-08
7565,NC,2025-01-27
7566,NC,2024-10-12
7567,IL,2025-12-11
7568,KY,2025-12-26
7569,CO,2024-08-19
7570,GA,2023-09-07
7571,IN,2025-06-22
7572,CA,2024-02-19
7573,MI,2026-02-20
7574,CA,2023-01-06
7575,WA,2025-04-28
7576,IL,2023-01-13
7577,NJ,2023-01-06
7578,CA,2026-02-18
7579,OR,2024-06-21
7580,VA,2023-01-04
7581,NY,2023-10-11
7582,NC,2024-12-22
7583,AZ,2025-10-12
7584,MA,2024-11-23
7585,MA,2024-10-18
7586,OR,2025-08-09
7587,WI,2024-09-19
7588,CA,2025-09-06
7589,CA,2025-11-19
7590,IN,2024-01-09
7591,NM,2026-02-21
7592,MA,2025-10-07
7593,PA,2024-10-11
7594,CA,2024-12-25
7595,TX,2025-03-22
7596,AZ,2025-12-15
7597,MA,2023-05-12
7598,MD,2025-02-19
7599,TX,2023-05-02
7600,WA,2023-07-21
7601,MD,2024-12-02
7602,MO,2024-07-11
7603,WA,2025-11-29
7604,MA,2024-08-01
7605,TX,2026-02-10
7606,WA,2025-12-21
7607,IL,2023-08-15
7608,TX,2023-06-23
7609,NY,2025-10-16
7610,FL,2026-02-05
7611,GA,2023-05-23
7612,NY,2024-07-22
7613,IN,2023-10-04
7614,PA,2023-10-03
7615,FL,2023-08-22
7616,MA,2023-02-01
7617,NY,2025-01-29
7618,TX,2026-03-01
7619,NY,2025-03-03
7620,MA,2025-01-31
7621,FL,2023-09-22
7622,FL,2023-08-03
7623,KY,2023-10-09
7624,TX,2024-06-13
7625,NY,2023-01-02
7626,NY,2024-05-27
7627,CA,2025-03-26
7628,FL,2024-04-08
7629,NC,2023-06-13
7630,NC,2024-06-21
7631,VT,2024-05-25
7632,SC,2024-07-08
7633,NY,2024-10-02
7634,MO,2025-12-30
7635,CA,2023-09-16
7636,WA,2024-03-20
7637,IL,2025-02-04
7638,AR,2023-03-06
7639,CO,2024-10-19
7640,MD,2026-01-30
7641,RI,2025-09-27
7642,CT,2023-02-11
7643,TX,2025-05-28
7644,NY,2023-07-15
7645,FL,2026-01-27
7646,WI,2024-01-23
7647,VA,2023-03-06
7648,WA,2023-08-11
7649,FL,2025-07-03
7650,FL,2024-03-17
7651,GA,2026-02-13
7652,CA,2025-06-21
7653,NY,2024-03-28
7654,MD,2023-11-16
7655,NY,2025-02-08
7656,IN,2025-06-01
7657,FL,2025-10-12
7658,ME,2024-03-26
7659,NY,2025-06-14
7660,CA,2026-01-07
7661,CT,2025-01-12
7662,TX,2023-12-23
7663,NY,2026-02-16
7664,KY,2025-02-20
7665,VA,2024-07-19
7666,CA,2025-12-04
7667,NY,2024-06-11
7668,OH,2024-12-24
7669,KY,2023-08-29
7670,MA,2024-09-05
7671,ME,2023-04-05
7672,WA,2023-12-31
7673,NM,2023-01-25
7674,FL,2023-11-14
7675,IL,2023-11-29
7676,CA,2025-07-02
7677,AZ,2024-07-15
7678,NC,2024-11-11
7679,FL,2023-04-10
7680,CA,2024-01-05
7681,OK,2025-11-01
7682,MA,2024-12-20
7683,CO,2023-03-18
7684,WA,2024-08-09
7685,WA,2025-08-31
7686,NY,2024-11-12
7687,IL,2024-11-21
7688,LA,2023-03-29
7689,ND,2024-04-09
7690,MN,2024-05-08
7691,MT,2026-02-15
7692,GA,2023-05-16
7693,NY,2025-09-04
7694,NV,2023-07-06
7695,MO,2024-06-25
7696,MA,2024-08-01
7697,CO,2025-07-18
7698,PA,2025-03-21
7699,GA,2024-02-16
7700,MI,2023-08-05
7701,MI,2024-10-31
7702,CT,2025-12-30
7703,NY,2025-04-09
7704,PA,2026-02-07
7705,CA,2023-10-12
7706,NJ,2025-06-01
7707,IN,2025-02-08
7708,VA,2024-07-22
7709,GA,2025-08-10
7710,TX,2024-07-14
7711,KY,2024-11-27
7712,WA,2024-12-11
7713,MS,2024-06-13
7714,RI,2024-05-03
7715,TX,2023-01-27
7716,MI,2026-02-15
7717,CA,2025-12-13
7718,AL,2024-05-18
7719,NY,2023-06-01
7720,NY,2025-01-06
7721,TN,2024-04-23
7722,NY,2025-04-10
7723,MA,2025-04-29
7724,NY,2024-07-07
7725,NC,2023-10-14
7726,AZ,2024-03-30
7727,WA,2024-09-18
7728,MI,2023-07-31
7729,CA,2023-12-29
7730,WI,2024-08-20
7731,MI,2023-05-13
7732,NY,2023-10-04
7733,NY,2024-08-27
7734,FL,2024-10-18
7735,NC,2024-10-28
7736,AZ,2023-05-16
7737,NM,2025-02-03
7738,FL,2024-03-03
7739,WA,2025-04-09
7740,AZ,2025-11-18
7741,FL,2024-08-17
7742,NJ,2025-07-08
7743,PA,2025-11-23
7744,NY,2024-05-18
7745,WA,2023-04-14
7746,CA,2024-05-08
7747,MD,2024-01-23
7748,NE,2025-01-04
7749,UT,2025-06-23
7750,WA,2026-01-18
7751,NY,2023-11-29
7752,WA,2024-01-12
7753,TX,2023-08-28
7754,AR,2024-12-30
7755,GA,2023-07-01
7756,IL,2025-01-13
7757,PA,2025-04-20
7758,NY,2025-12-04
7759,AL,2025-10-05
7760,CA,2025-04-07
7761,FL,2024-08-20
7762,WA,2025-10-13
7763,MD,2023-07-20
7764,TX,2023-12-09
7765,IL,2024-09-22
7766,MD,2023-10-25
7767,AR,2024-11-28
7768,FL,2024-12-13
7769,WA,2025-07-18
7770,CA,2025-02-16
7771,TX,2024-01-14
7772,CO,2025-01-17
7773,FL,2024-12-06
7774,CA,2024-01-02
7775,CA,2025-02-09
7776,CA,2025-12-30
7777,TX,2025-11-17
7778,CO,2023-12-15
7779,MA,2026-02-15
7780,MA,2023-04-03
7781,OH,2023-05-21
7782,TX,2023-12-21
7783,OK,2025-12-28
7784,CA,2024-08-04
7785,MO,2025-06-01
7786,NJ,2023-05-04
7787,NY,2024-08-25
7788,NY,2025-08-31
7789,CA,2023-11-01
7790,FL,2025-03-13
7791,IL,2026-01-16
7792,CO,2025-07-25
7793,WA,2023-12-31
7794,CA,2025-09-18
7795,FL,2023-09-23
7796,CO,2023-03-25
7797,MO,2025-05-02
7798,WA,2025-01-18
7799,TX,2023-05-31
7800,MO,2024-11-16
7801,MA,2023-05-20
7802,AL,2023-02-24
7803,WA,2023-03-15
7804,CA,2025-09-23
7805,GA,2025-06-26
7806,OR,2025-04-08
7807,OH,2024-10-03
7808,NM,2025-01-13
7809,CA,2023-01-26
7810,MS,2024-03-10
7811,NY,2023-03-03
7812,IL,2024-05-04
7813,UT,2024-05-07
7814,FL,2024-11-09
7815,FL,2024-04-12
7816,GA,2026-02-13
7817,CA,2024-10-12
7818,VT,2024-03-23
7819,WA,2023-07-27
7820,NY,2025-09-28
7821,NV,2026-01-30
7822,CA,2023-01-10
7823,UT,2026-02-20
7824,TX,2025-02-25
7825,WA,2023-01-04
7826,TX,2024-04-11
7827,CA,2023-09-16
7828,MS,2024-12-21
7829,CA,2023-10-14
7830,CA,2023-01-31
7831,OH,2024-06-04
7832,MI,2024-12-16
7833,FL,2023-05-04
7834,CA,2025-07-10
7835,CA,2023-05-10
7836,NY,2025-01-15
7837,GA,2024-05-30
7838,TX,2025-02-12
7839,TX,2025-08-08
7840,NH,2023-03-18
7841,LA,2024-01-01
7842,NY,2023-10-19
7843,GA,2023-06-06
7844,TX,2026-01-28
7845,CA,2025-06-26
7846,NY,2025-07-06
7847,CA,2023-04-20
7848,MD,2023-05-18
7849,CA,2025-10-16
7850,CA,2023-03-05
7851,GA,2024-05-21
7852,OK,2025-04-19
7853,CA,2025-10-11
7854,MI,2025-09-03
7855,FL,2025-02-27
7856,WA,2023-12-16
7857,FL,2023-05-27
7858,GA,2025-05-11
7859,NY,2024-02-11
7860,CA,2023-12-10
7861,FL,2024-10-13
7862,CA,2024-12-05
7863,NV,2025-02-09
7864,VT,2023-02-08
7865,ME,2023-10-14
7866,PA,2025-08-25
7867,MD,2025-06-09
7868,RI,2024-10-23
7869,AZ,2025-10-25
7870,SC,2023-08-24
7871,NY,2023-08-24
7872,AR,2025-08-26
7873,NY,2024-05-15
7874,CA,2026-02-02
7875,DE,2023-08-27
7876,ND,2025-04-08
7877,CA,2023-02-21
7878,WA,2023-04-18
7879,NC,2025-11-22
7880,MO,2023-01-22
7881,FL,2023-11-03
7882,SC,2023-01-11
7883,NY,2024-07-15
7884,CA,2023-07-17
7885,WA,2025-12-03
7886,PA,2024-01-24
7887,SC,2024-07-04
7888,KY,2024-05-10
7889,WA,2024-05-19
7890,WI,2023-05-17
7891,NY,2025-09-15
7892,NY,2023-06-13
7893,IL,2025-05-01
7894,CA,2025-11-12
7895,MN,2024-12-11
7896,PA,2024-05-21
7897,NY,2024-11-16
7898,IL,2024-12-08
7899,IL,2023-05-22
7900,NC,2023-10-08
7901,CA,2025-08-24
7902,FL,2023-10-29
7903,MD,2024-02-01
7904,CA,2023-11-14
7905,NC,2025-06-26
7906,FL,2025-05-29
7907,VA,2025-05-07
7908,TX,2025-12-07
7909,LA,2024-11-03
7910,TX,2025-09-01
7911,MO,2024-11-07
7912,NY,2024-01-14
7913,DE,2023-08-05
7914,FL,2025-04-28
7915,IL,2025-05-17
7916,IN,2024-03-09
7917,CA,2025-01-25
7918,NY,2025-07-30
7919,FL,2024-12-07
7920,WA,2024-08-21
7921,MD,2023-08-24
7922,TX,2023-04-10
7923,MD,2025-01-08
7924,MI,2023-04-29
7925,CT,2024-12-08
7926,IN,2023-03-29
7927,OH,2023-02-05
7928,NY,2023-11-10
7929,MA,2024-07-04
7930,OR,2024-03-02
7931,TX,2024-05-31
7932,MD,2024-10-14
7933,NJ,2023-01-09
7934,OR,2023-02-26
7935,CA,2023-10-10
7936,PA,2024-04-05
7937,OH,2024-08-16
7938,PA,2025-07-18
7939,CA,2023-03-06
7940,AR,2025-05-04
7941,NC,2025-03-12
7942,IL,2023-05-16
7943,FL,2025-01-31
7944,TX,2025-10-06
7945,IL,2025-12-07
7946,CA,2024-09-03
7947,NE,2025-04-29
7948,NY,2023-04-27
7949,FL,2025-02-17
7950,TN,2025-03-30
7951,NH,2025-10-19
7952,IL,2024-04-23
7953,OH,2024-06-19
7954,NM,2024-05-08
7955,CA,2024-02-09
7956,CA,2023-04-06
7957,MD,2023-09-11
7958,MA,2024-02-18
7959,AZ,2024-08-06
7960,WA,2024-07-29
7961,NY,2023-08-31
7962,CA,2024-09-30
7963,LA,2023-02-08
7964,TN,2023-12-19
7965,MD,2024-03-01
7966,TX,2026-01-05
7967,RI,2025-09-08
7968,UT,2024-05-24
7969,IL,2023-05-20
7970,NH,2023-09-09
7971,MI,2024-10-30
7972,CA,2023-11-13
7973,RI,2024-02-24
7974,PA,2025-05-28
7975,CA,2025-01-18
7976,FL,2026-01-03
7977,WA,2025-06-16
7978,IN,2025-11-18
7979,CA,2025-11-30
7980,NC,2024-06-24
7981,LA,2026-01-28
7982,VA,2024-07-23
7983,WA,2024-12-23
7984,MA,2025-09-27
7985,OK,2025-05-25
7986,CA,2023-07-08
7987,MA,2024-03-25
7988,CO,2023-04-04
7989,CA,2023-10-10
7990,GA,2024-07-23
7991,CA,2023-01-25
7992,HI,2023-09-17
7993,TX,2024-05-11
7994,IL,2023-04-25
7995,VT,2024-03-27
7996,TX,2024-11-30
7997,MA,2025-02-10
7998,NJ,2024-01-20
7999,SC,2024-09-04
8000,WA,2025-09-15
8001,TX,2023-08-07
8002,WA,2025-05-29
8003,WA,2024-07-10
8004,PA,2025-12-22
8005,NY,2023-12-16
8006,CA,2024-01-25
8007,CA,2025-03-14
8008,TX,2024-01-12
8009,FL,2025-05-20
8010,ME,2023-03-07
8011,NY,2026-02-16
8012,PA,2025-01-15
8013,NV,2023-01-08
8014,OH,2023-01-27
8015,CA,2023-10-17
8016,FL,2023-01-28
8017,VA,2024-04-11
8018,CA,2023-04-18
8019,MS,2025-06-09
8020,TX,2024-03-14
8021,MA,2023-07-22
8022,CA,2025-02-15
8023,NY,2025-09-16
8024,FL,2023-10-28
8025,CA,2024-03-13
8026,TX,2025-10-31
8027,IL,2025-04-16
8028,CO,2024-08-29
8029,TN,2024-10-03
8030,TX,2026-01-31
8031,OR,2023-04-20
8032,DE,2024-10-04
8033,KS,2024-12-03
8034,NY,2026-01-21
8035,WA,2025-03-11
8036,NC,2025-05-19
8037,CA,2025-07-07
8038,WA,2025-04-28
8039,AL,2024-05-21
8040,WI,2023-06-26
8041,CA,2024-10-29
8042,MN,2024-05-25
8043,MN,2023-04-19
8044,CA,2025-05-21
8045,NC,2025-12-31
8046,MN,2024-05-03
8047,NY,2025-01-02
8048,MI,2023-10-08
8049,NV,2025-06-21
8050,PA,2024-02-22
8051,NY,2025-01-23
8052,NM,2024-10-23
8053,MA,2024-11-18
8054,MN,2023-04-14
8055,MD,2026-02-16
8056,VA,2024-12-12
8057,NY,2024-08-04
8058,SC,2023-02-26
8059,IN,2024-07-31
8060,CO,2025-12-17
8061,PA,2023-04-27
8062,FL,2025-03-29
8063,SC,2025-11-10
8064,PA,2023-03-20
8065,PA,2024-07-12
8066,GA,2025-06-04
8067,WA,2023-04-18
8068,FL,2025-03-09
8069,MN,2024-11-18
8070,MN,2023-03-11
8071,CO,2024-01-22
8072,VA,2025-05-04
8073,GA,2025-12-17
8074,MA,2023-09-02
8075,CT,2025-12-04
8076,NY,2024-11-14
8077,OR,2025-02-23
8078,TX,2023-03-12
8079,CA,2023-04-18
8080,NE,2024-12-22
8081,GA,2023-10-29
8082,GA,2026-02-04
8083,SC,2024-06-11
8084,TX,2025-08-09
8085,IL,2023-09-13
8086,IA,2025-08-11
8087,WA,2025-07-12
8088,AL,2024-07-15
8089,NJ,2023-12-26
8090,NC,2023-10-23
8091,NY,2023-04-03
8092,MN,2026-02-27
8093,CA,2025-05-10
8094,NY,2025-09-16
8095,MD,2024-04-28
8096,IL,2025-05-25
8097,IL,2023-12-07
8098,PA,2023-11-26
8099,NY,2025-03-09
8100,TX,2023-07-20
8101,LA,2025-01-12
8102,IL,2023-04-08
8103,PA,2026-01-31
8104,NY,2025-04-18
8105,MD,2023-12-18
8106,OH,2024-04-11
8107,NY,2025-11-05
8108,IL,2024-03-31
8109,KY,2023-09-15
8110,CA,2023-03-03
8111,GA,2024-04-26
8112,GA,2025-09-26
8113,CA,2024-09-26
8114,AZ,2025-12-01
8115,CA,2025-12-11
8116,TX,2025-07-04
8117,SC,2023-11-08
8118,MI,2024-08-01
8119,FL,2023-02-28
8120,WA,2023-10-31
8121,CA,2023-02-04
8122,CA,2024-10-09
8123,UT,2025-10-07
8124,CA,2024-05-07
8125,MN,2024-05-05
8126,CA,2023-08-09
8127,CO,2023-05-03
8128,NY,2024-12-07
8129,MS,2026-01-30
8130,HI,2025-06-05
8131,FL,2024-05-08
8132,CT,2025-01-28
8133,TX,2024-09-24
8134,OH,2023-11-26
8135,NY,2025-08-29
8136,NC,2023-01-10
8137,ID,2023-05-07
8138,NY,2025-09-11
8139,NY,2024-10-30
8140,MA,2023-08-19
8141,ID,2025-11-04
8142,MA,2024-05-01
8143,NY,2024-03-17
8144,CA,2025-05-27
8145,FL,2023-10-01
8146,OH,2024-09-09
8147,TX,2025-10-23
8148,MA,2023-11-22
8149,NY,2023-09-10
8150,AZ,2025-12-14
8151,MA,2025-06-04
8152,CA,2024-03-23
8153,FL,2024-01-08
8154,MI,2024-04-13
8155,VA,2025-01-29
8156,MN,2025-04-12
8157,AL,2023-03-11
8158,IL,2024-04-25
8159,NY,2024-06-13
8160,IL,2024-05-04
8161,CA,2024-05-17
8162,PA,2025-10-05
8163,SC,2023-04-27
8164,SD,2024-08-29
8165,RI,2025-07-07
8166,NY,2025-06-22
8167,NJ,2024-03-03
8168,TX,2026-02-12
8169,TX,2024-05-08
8170,WA,2023-03-03
8171,NC,2024-05-11
8172,NY,2024-09-27
8173,CO,2023-03-21
8174,MO,2024-04-29
8175,NC,2025-11-11
8176,IL,2024-08-17
8177,TX,2023-09-18
8178,NY,2023-05-09
8179,NY,2024-09-17
8180,WA,2023-10-11
8181,NJ,2025-12-06
8182,WA,2023-01-19
8183,VA,2024-08-21
8184,HI,2024-10-15
8185,AR,2025-02-01
8186,FL,2025-04-17
8187,WA,2025-10-28
8188,NY,2025-11-26
8189,FL,2023-03-13
8190,OR,2025-12-26
8191,IN,2024-10-14
8192,CA,2023-03-05
8193,PA,2023-01-30
8194,AZ,2024-07-10
8195,NC,2024-10-07
8196,NJ,2025-11-05
8197,MT,2023-10-05
8198,CA,2023-10-04
8199,MI,2023-08-09
8200,IN,2024-10-31
8201,MD,2025-11-13
8202,GA,2025-04-11
8203,OH,2023-05-21
8204,NY,2025-01-03
8205,GA,2023-01-26
8206,WA,2023-04-08
8207,MI,2023-10-03
8208,TN,2024-07-26
8209,IL,2025-06-10
8210,CA,2024-03-08
8211,FL,2023-01-09
8212,PA,2025-06-14
8213,CA,2025-05-18
8214,CA,2025-07-21
8215,TX,2023-09-29
8216,WI,2023-02-01
8217,NC,2025-05-01
8218,MI,2024-08-27
8219,MN,2026-02-25
8220,NC,2023-01-17
8221,GA,2023-10-28
8222,PA,2023-02-11
8223,MN,2023-02-21
8224,GA,2023-07-07
8225,IL,2023-05-31
8226,MN,2026-02-24
8227,TX,2024-02-13
8228,CA,2023-12-10
8229,KY,2024-08-13
8230,RI,2026-01-26
8231,NJ,2025-12-27
8232,OR,2025-04-25
8233,CA,2025-06-18
8234,NY,2023-01-28
8235,NV,2025-11-18
8236,WA,2024-09-25
8237,CA,2023-07-31
8238,NY,2024-11-18
8239,CO,2023-03-13
8240,IL,2023-04-20
8241,TX,2026-02-10
8242,RI,2023-08-20
8243,OH,2023-02-12
8244,AZ,2023-09-22
8245,GA,2023-02-15
8246,MN,2026-01-29
8247,NY,2023-08-26
8248,AL,2024-08-23
8249,MD,2024-11-21
8250,NE,2025-09-02
8251,CA,2025-01-12
8252,CA,2026-01-27
8253,OR,2024-12-27
8254,SD,2023-07-19
8255,OH,2025-10-09
8256,KS,2024-03-12
8257,WA,2024-05-08
8258,NY,2024-12-07
8259,LA,2023-01-24
8260,CA,2023-09-27
8261,CO,2025-02-28
8262,NJ,2025-01-07
8263,CA,2023-05-08
8264,AL,2024-06-26
8265,SC,2025-12-17
8266,ID,2023-11-21
8267,CT,2024-10-20
8268,MA,2026-02-03
8269,PA,2023-03-26
8270,MN,2025-10-22
8271,IL,2024-03-26
8272,GA,2025-09-20
8273,MO,2025-11-14
8274,CA,2025-11-24
8275,AL,2024-10-30
8276,TX,2025-08-29
8277,CA,2023-12-09
8278,CA,2025-09-14
8279,KY,2025-08-09
8280,MI,2024-04-01
8281,NV,2025-06-17
8282,PA,2024-02-02
8283,CO,2025-06-17
8284,NY,2023-12-09
8285,MS,2025-03-23
8286,WA,2025-07-28
8287,PA,2023-02-16
8288,FL,2025-07-03
8289,TX,2023-06-11
8290,IL,2023-10-22
8291,IL,2023-04-02
8292,DE,2025-01-19
8293,PA,2024-07-10
8294,OR,2023-11-05
8295,MD,2026-02-26
8296,NC,2024-07-22
8297,TX,2023-06-25
8298,NV,2025-08-30
8299,CO,2025-07-26
8300,AL,2025-10-15
8301,CA,2023-08-06
8302,CA,2025-03-23
8303,OR,2023-06-13
8304,NY,2023-02-17
8305,WA,2025-03-11
8306,TX,2024-12-18
8307,IL,2023-03-25
8308,NY,2024-09-04
8309,UT,2025-12-06
8310,NE,2023-08-22
8311,CO,2025-08-19
8312,NY,2025-04-27
8313,AZ,2023-05-27
8314,OH,2023-07-15
8315,FL,2025-06-24
8316,FL,2025-10-10
8317,WA,2025-11-11
8318,CA,2024-01-21
8319,WA,2023-12-30
8320,TX,2023-10-01
8321,TX,2023-07-27
8322,NY,2023-10-02
8323,MA,2025-10-03
8324,WA,2024-05-10
8325,NY,2025-06-20
8326,TX,2023-06-08
8327,CA,2025-07-28
8328,FL,2024-04-04
8329,TX,2024-01-29
8330,IL,2025-07-05
8331,TX,2025-07-31
8332,MA,2024-03-14
8333,CT,2023-06-13
8334,NJ,2024-09-30
8335,MA,2024-07-23
8336,CA,2023-05-27
8337,CA,2025-09-09
8338,AZ,2025-08-17
8339,TX,2025-02-06
8340,NV,2023-04-20
8341,CA,2024-01-29
8342,PA,2024-03-18
8343,MA,2025-01-16
8344,MN,2025-01-23
8345,KY,2023-05-10
8346,FL,2024-05-19
8347,CA,2024-12-20
8348,NY,2023-01-22
8349,NY,2025-11-06
8350,CA,2025-05-24
8351,TX,2025-04-10
8352,CO,2024-09-25
8353,WA,2023-10-09
8354,WI,2024-01-08
8355,MA,2025-10-05
8356,TX,2023-10-13
8357,AR,2026-02-13
8358,CA,2024-02-08
8359,NC,2023-03-31
8360,NY,2026-02-16
8361,IL,2024-11-26
8362,SC,2025-06-26
8363,NY,2026-01-21
8364,FL,2024-09-20
8365,FL,2025-09-28
8366,MS,2024-03-22
8367,NC,2023-11-08
8368,TX,2023-05-01
8369,OH,2023-11-13
8370,NY,2023-05-18
8371,NY,2025-03-28
8372,TX,2024-01-26
8373,AR,2025-10-25
8374,TX,2025-02-07
8375,VA,2024-01-02
8376,IL,2025-04-20
8377,NY,2024-05-06
8378,AZ,2025-01-27
8379,FL,2024-06-05
8380,KY,2023-07-07
8381,CA,2024-02-08
8382,FL,2024-03-02
8383,WA,2024-02-17
8384,GA,2023-06-03
8385,CO,2023-07-22
8386,AZ,2023-08-05
8387,RI,2024-04-26
8388,KY,2025-10-21
8389,TX,2025-02-04
8390,FL,2024-05-17
8391,FL,2025-03-09
8392,TN,2025-03-16
8393,CA,2025-07-31
8394,CA,2025-02-07
8395,CA,2025-01-31
8396,NY,2023-03-29
8397,PA,2024-03-09
8398,NY,2024-02-24
8399,MD,2024-03-04
8400,MD,2023-06-11
8401,FL,2024-05-21
8402,NY,2023-09-22
8403,NY,2023-04-20
8404,PA,2025-06-18
8405,MA,2026-03-01
8406,CA,2024-01-29
8407,TX,2024-09-11
8408,IL,2024-11-14
8409,NY,2024-07-05
8410,TX,2025-03-14
8411,OH,2025-11-24
8412,WA,2024-12-22
8413,NY,2023-01-31
8414,MD,2025-03-27
8415,NC,2023-04-16
8416,NC,2026-01-24
8417,CA,2025-10-13
8418,WA,2025-11-19
8419,TX,2025-03-04
8420,GA,2023-06-10
8421,CA,2023-07-15
8422,NJ,2024-08-30
8423,CO,2023-12-04
8424,WA,2025-02-28
8425,WA,2024-03-22
8426,MA,2023-12-03
8427,TX,2023-05-12
8428,MA,2023-09-06
8429,WA,2024-05-13
8430,AZ,2023-03-04
8431,MA,2025-03-29
8432,PA,2023-09-14
8433,MA,2024-04-11
8434,NC,2025-04-28
8435,FL,2023-12-27
8436,CA,2025-05-29
8437,TX,2023-06-28
8438,MI,2025-08-06
8439,TX,2024-05-13
8440,OR,2024-11-07
8441,FL,2023-10-19
8442,CA,2024-08-10
8443,NY,2025-03-28
8444,AZ,2023-04-09
8445,TN,2023-06-30
8446,AL,2025-08-10
8447,MA,2024-01-09
8448,NJ,2024-09-15
8449,MA,2023-09-10
8450,GA,2025-05-12
8451,PA,2023-05-02
8452,CO,2024-03-17
8453,CA,2023-09-02
8454,CA,2025-05-20
8455,WA,2025-04-06
8456,GA,2025-12-05
8457,TX,2024-03-27
8458,TX,2023-10-23
8459,NV,2025-12-25
8460,MT,2024-04-27
8461,NE,2023-11-05
8462,MA,2024-08-15
8463,VA,2025-10-15
8464,TN,2024-02-02
8465,OH,2024-04-13
8466,GA,2024-09-08
8467,CA,2024-01-27
8468,CA,2023-04-07
8469,CA,2025-07-29
8470,IL,2025-05-09
8471,MN,2023-07-14
8472,TN,2025-08-15
8473,PA,2023-03-24
8474,NY,2023-09-08
8475,IL,2025-12-29
8476,GA,2023-12-06
8477,WA,2024-11-30
8478,NV,2026-01-03
8479,CO,2023-04-10
8480,AZ,2025-01-02
8481,MD,2023-11-19
8482,FL,2023-01-10
8483,PA,2025-10-09
8484,NJ,2025-12-05
8485,NM,2025-03-16
8486,PA,2025-06-26
8487,UT,2025-11-20
8488,NC,2023-05-10
8489,NY,2025-11-14
8490,FL,2024-07-17
8491,CO,2023-05-29
8492,PA,2024-08-01
8493,PA,2025-10-16
8494,RI,2023-04-29
8495,IL,2023-08-16
8496,PA,2024-09-06
8497,OK,2023-08-28
8498,NY,2025-07-01
8499,GA,2025-08-23
8500,MO,2023-06-08
8501,TX,2024-07-16
8502,NY,2024-04-20
8503,NY,2024-07-01
8504,AR,2025-11-02
8505,CA,2025-05-02
8506,CA,2023-08-06
8507,NY,2025-01-24
8508,MA,2025-01-04
8509,OR,2025-09-17
8510,CA,2025-02-19
8511,WI,2023-08-10
8512,NY,2023-10-15
8513,AR,2024-06-07
8514,TX,2024-11-29
8515,TX,2024-11-11
8516,CA,2023-11-20
8517,CA,2024-09-09
8518,IL,2025-05-10
8519,WI,2023-02-10
8520,CA,2024-01-28
8521,CA,2026-02-10
8522,WA,2023-07-22
8523,WA,2025-05-02
8524,WI,2025-02-12
8525,NY,2025-02-20
8526,OR,2023-02-04
8527,TX,2023-02-22
8528,CA,2024-05-17
8529,FL,2023-05-30
8530,WA,2024-03-12
8531,NC,2024-03-25
8532,TX,2024-06-08
8533,CA,2023-09-24
8534,NY,2023-03-27
8535,TX,2023-11-05
8536,NE,2023-09-22
8537,TX,2024-05-06
8538,LA,2025-11-06
8539,CO,2024-06-05
8540,TX,2025-05-27
8541,VA,2023-04-04
8542,CA,2023-02-03
8543,TN,2025-03-11
8544,CO,2024-02-20
8545,MA,2024-06-07
8546,IL,2023-08-21
8547,KY,2024-08-27
8548,CA,2023-04-17
8549,NY,2024-06-05
8550,MI,2024-09-28
8551,WA,2025-02-25
8552,FL,2025-10-15
8553,PA,2026-02-25
8554,WA,2023-12-07
8555,VA,2024-11-27
8556,TX,2023-02-28
8557,CA,2024-08-08
8558,NY,2023-08-31
8559,MA,2023-08-16
8560,IL,2024-07-13
8561,GA,2024-06-01
8562,OK,2024-07-08
8563,FL,2023-05-07
8564,IN,2023-12-01
8565,CA,2025-01-27
8566,MO,2023-05-01
8567,NY,2024-12-01
8568,VA,2023-08-30
8569,TX,2023-03-19
8570,ND,2024-03-25
8571,MD,2023-09-22
8572,OH,2024-11-12
8573,IL,2023-10-22
8574,WA,2025-08-22
8575,WA,2025-06-08
8576,CA,2023-09-04
8577,MD,2024-02-28
8578,NY,2025-12-18
8579,TX,2025-04-12
8580,LA,2023-01-11
8581,NY,2023-12-13
8582,TX,2025-05-01
8583,CA,2025-10-25
8584,TN,2023-09-02
8585,WA,2023-09-06
8586,WA,2025-08-02
8587,CA,2024-03-10
8588,LA,2023-04-15
8589,FL,2023-08-30
8590,NC,2024-06-02
8591,WA,2024-12-29
8592,VA,2025-12-03
8593,NY,2025-11-15
8594,CA,2023-06-30
8595,MN,2024-08-26
8596,NC,2024-03-03
8597,WA,2023-09-25
8598,CA,2025-05-07
8599,MD,2024-08-02
8600,UT,2025-05-25
8601,TX,2023-05-31
8602,WA,2024-08-22
8603,LA,2023-04-05
8604,MN,2024-01-17
8605,MN,2024-05-29
8606,FL,2025-07-18
8607,CT,2023-07-18
8608,TX,2023-01-08
8609,TX,2025-03-15
8610,CO,2023-11-23
8611,NY,2025-05-20
8612,CA,2025-11-10
8613,WA,2023-09-12
8614,PA,2025-11-16
8615,NY,2024-06-03
8616,LA,2025-07-18
8617,CA,2024-06-13
8618,NC,2025-08-04
8619,MO,2024-05-14
8620,PA,2024-05-24
8621,MD,2024-02-28
8622,MD,2023-05-30
8623,FL,2024-10-29
8624,TN,2025-08-03
8625,GA,2025-12-06
8626,AR,2023-11-08
8627,TX,2023-05-19
8628,CA,2025-07-10
8629,MN,2023-01-14
8630,CA,2025-02-09
8631,OH,2023-07-04
8632,NY,2026-02-12
8633,NC,2023-04-20
8634,FL,2025-01-12
8635,WI,2023-10-08
8636,NY,2024-06-26
8637,NY,2023-03-27
8638,TX,2023-05-18
8639,MN,2023-03-18
8640,MA,2025-09-01
8641,CA,2025-02-14
8642,NY,2025-10-13
8643,CA,2023-04-07
8644,IL,2025-09-21
8645,IL,2025-03-08
8646,TX,2025-10-29
8647,CA,2023-03-24
8648,MI,2023-02-16
8649,CA,2024-03-05
8650,PA,2026-01-18
8651,NC,2024-05-27
8652,KS,2024-05-27
8653,HI,2024-10-19
8654,GA,2024-11-03
8655,TX,2024-10-08
8656,IA,2025-03-08
8657,PA,2023-03-18
8658,NY,2023-03-22
8659,NV,2024-07-07
8660,IL,2024-09-27
8661,MD,2025-01-11
8662,TX,2025-04-25
8663,LA,2023-04-17
8664,IL,2025-08-22
8665,IL,2024-11-16
8666,GA,2025-07-29
8667,NC,2023-11-08
8668,CA,2024-08-21
8669,NY,2024-11-14
8670,MD,2024-09-24
8671,CA,2024-10-29
8672,TX,2024-08-21
8673,IL,2024-02-19
8674,OR,2025-02-10
8675,NY,2024-01-19
8676,NC,2025-11-21
8677,FL,2024-06-23
8678,FL,2024-05-01
8679,CA,2023-09-21
8680,GA,2023-01-30
8681,AZ,2025-06-17
8682,NY,2023-05-10
8683,TX,2025-12-29
8684,OR,2023-04-29
8685,ND,2023-11-23
8686,CA,2025-12-29
8687,IL,2023-07-27
8688,IL,2023-04-01
8689,CO,2023-04-30
8690,WA,2025-09-08
8691,NY,2023-07-26
8692,WA,2024-02-10
8693,WA,2025-02-06
8694,GA,2024-06-30
8695,MN,2023-05-04
8696,NM,2023-04-22
8697,OK,2025-10-06
8698,CA,2025-09-09
8699,CA,2024-09-05
8700,CO,2025-08-02
8701,FL,2024-12-06
8702,FL,2023-05-27
8703,MA,2023-05-12
8704,MO,2025-01-01
8705,TX,2025-04-29
8706,MD,2023-04-14
8707,TX,2024-07-06
8708,NY,2024-07-21
8709,FL,2025-01-31
8710,MD,2025-07-15
8711,TX,2024-10-23
8712,FL,2025-08-01
8713,TX,2025-04-27
8714,WA,2025-06-14
8715,IL,2023-06-18
8716,VA,2024-07-10
8717,CO,2025-09-11
8718,TX,2026-01-12
8719,IL,2024-06-03
8720,CA,2023-04-17
8721,WA,2025-06-03
8722,NY,2024-10-19
8723,NY,2023-01-31
8724,IN,2023-09-04
8725,LA,2025-07-14
8726,UT,2023-01-24
8727,OH,2024-05-12
8728,AZ,2025-05-03
8729,WA,2023-10-31
8730,NC,2023-11-12
8731,MT,2023-10-05
8732,NC,2024-06-25
8733,ME,2025-02-27
8734,TX,2023-12-22
8735,MN,2023-09-07
8736,PA,2023-04-13
8737,MD,2023-02-04
8738,FL,2024-06-15
8739,CA,2024-07-12
8740,CO,2025-12-12
8741,NJ,2025-02-23
8742,CA,2023-01-18
8743,MD,2026-02-01
8744,FL,2023-06-01
8745,TX,2025-10-12
8746,NV,2025-05-22
8747,NY,2026-01-12
8748,CA,2024-07-02
8749,IL,2024-01-14
8750,NY,2024-04-02
8751,CO,2023-12-19
8752,NC,2024-01-11
8753,AZ,2023-07-27
8754,MN,2024-04-04
8755,PA,2024-06-13
8756,MI,2024-04-29
8757,IL,2023-05-02
8758,NJ,2025-03-04
8759,FL,2026-02-17
8760,CA,2023-09-08
8761,CA,2023-02-16
8762,TN,2025-06-14
8763,MN,2023-09-02
8764,MA,2024-12-24
8765,RI,2023-08-06
8766,GA,2025-02-01
8767,LA,2024-08-26
8768,VA,2023-10-17
8769,NY,2024-08-24
8770,PA,2025-09-22
8771,CA,2024-11-26
8772,AL,2024-09-01
8773,VA,2023-11-02
8774,LA,2024-06-19
8775,CA,2025-01-26
8776,FL,2025-10-10
8777,MO,2023-12-20
8778,KS,2025-01-04
8779,CA,2023-08-23
8780,CA,2023-11-02
8781,NY,2026-02-07
8782,AZ,2023-11-10
8783,FL,2025-08-05
8784,MA,2025-11-02
8785,NV,2025-04-06
8786,WA,2023-06-16
8787,CA,2023-02-22
8788,LA,2023-10-03
8789,FL,2024-03-22
8790,IA,2023-12-18
8791,NY,2023-01-10
8792,IL,2024-02-14
8793,CO,2023-05-27
8794,MI,2025-04-08
8795,VA,2024-09-21
8796,CA,2025-05-01
8797,TX,2024-03-03
8798,MA,2024-05-02
8799,NY,2026-02-09
8800,OR,2024-08-06
8801,CO,2024-10-17
8802,NC,2024-09-07
8803,FL,2023-08-03
8804,FL,2025-09-18
8805,WI,2024-05-24
8806,FL,2024-05-25
8807,AZ,2023-01-26
8808,CO,2023-07-12
8809,DE,2023-04-13
8810,NY,2024-02-15
8811,TX,2025-01-14
8812,KS,2023-02-20
8813,NY,2026-02-28
8814,PA,2023-12-09
8815,NY,2023-07-21
8816,WA,2023-10-27
8817,ME,2023-05-26
8818,NY,2025-02-08
8819,CA,2024-04-06
8820,SD,2025-07-04
8821,CA,2025-04-03
8822,KS,2024-05-18
8823,VA,2023-05-31
8824,CT,2023-07-18
8825,WA,2024-03-04
8826,CA,2023-10-30
8827,NC,2025-06-22
8828,NC,2024-05-12
8829,CA,2025-06-19
8830,TX,2025-03-01
8831,FL,2023-04-15
8832,OR,2023-01-10
8833,GA,2025-11-16
8834,CA,2024-09-02
8835,CA,2025-02-07
8836,FL,2023-11-23
8837,MA,2025-06-01
8838,OH,2025-06-25
8839,CA,2025-01-07
8840,NY,2023-05-07
8841,MD,2026-02-13
8842,CA,2025-07-12
8843,CA,2023-06-20
8844,AZ,2023-07-31
8845,CA,2025-07-12
8846,MN,2023-07-08
8847,TX,2025-07-21
8848,IL,2024-01-22
8849,ND,2025-02-15
8850,NY,2025-10-08
8851,VA,2024-12-26
8852,WA,2026-02-27
8853,AZ,2023-01-23
8854,NJ,2024-02-05
8855,NY,2024-05-19
8856,MA,2025-07-09
8857,MI,2023-11-25
8858,OH,2024-04-15
8859,CA,2024-02-16
8860,NY,2025-01-23
8861,PA,2023-01-29
8862,MA,2023-09-02
8863,CT,2025-07-26
8864,MI,2025-04-05
8865,GA,2025-12-19
8866,MA,2023-05-19
8867,NE,2023-12-23
8868,GA,2023-07-31
8869,NH,2024-04-30
8870,WA,2023-06-27
8871,AK,2024-05-27
8872,HI,2023-04-23
8873,NC,2023-10-10
8874,TX,2026-02-13
8875,TX,2024-06-27
8876,CO,2023-02-10
8877,CA,2025-07-20
8878,NY,2025-05-04
8879,IL,2025-07-14
8880,NV,2023-11-09
8881,WA,2024-04-15
8882,MI,2026-02-28
8883,MO,2023-02-17
8884,NV,2023-05-14
8885,PA,2024-06-02
8886,TX,2025-09-25
8887,NJ,2023-11-13
8888,PA,2023-03-27
8889,NY,2025-12-07
8890,KY,2025-10-06
8891,OH,2024-05-04
8892,NY,2024-02-28
8893,CO,2024-01-22
8894,WI,2025-07-14
8895,NY,2023-08-28
8896,PA,2023-09-15
8897,IL,2023-02-13
8898,LA,2024-10-25
8899,PA,2025-10-03
8900,CO,2025-01-23
8901,NY,2023-04-15
8902,TX,2025-08-11
8903,IL,2025-07-15
8904,NY,2025-08-11
8905,NC,2024-11-25
8906,CT,2023-02-26
8907,FL,2023-08-28
8908,OR,2025-09-07
8909,ND,2024-03-02
8910,OR,2024-09-08
8911,MA,2024-07-30
8912,WI,2025-09-28
8913,FL,2023-05-20
8914,GA,2023-03-03
8915,CA,2023-06-01
8916,TX,2023-05-10
8917,TX,2024-03-06
8918,TX,2024-02-04
8919,TX,2024-11-04
8920,GA,2024-06-24
8921,WI,2023-07-01
8922,MA,2025-12-10
8923,IL,2024-06-09
8924,NM,2023-12-16
8925,CO,2025-12-17
8926,MN,2024-02-23
8927,CA,2024-10-01
8928,CA,2023-02-06
8929,NY,2024-05-08
8930,IN,2023-12-25
8931,CO,2026-01-13
8932,CO,2024-10-12
8933,TN,2024-06-22
8934,TN,2023-12-10
8935,NC,2025-01-14
8936,RI,2023-06-20
8937,AR,2025-05-15
8938,WA,2023-01-20
8939,TX,2023-10-30
8940,TX,2025-02-14
8941,OH,2025-09-23
8942,TX,2023-11-23
8943,CA,2024-07-29
8944,NY,2025-11-01
8945,PA,2023-12-27
8946,WA,2025-02-10
8947,VT,2023-10-23
8948,NY,2025-02-07
8949,CA,2025-01-28
8950,VA,2024-10-14
8951,CA,2025-03-28
8952,OR,2024-11-23
8953,NY,2024-05-14
8954,FL,2025-12-03
8955,NM,2026-02-06
8956,TX,2026-01-26
8957,NY,2026-01-09
8958,MA,2023-05-29
8959,TX,2025-08-04
8960,NY,2026-01-04
8961,FL,2024-07-17
8962,IL,2023-03-04
8963,CA,2024-01-29
8964,CA,2023-02-28
8965,NY,2024-06-03
8966,CA,2025-03-29
8967,NY,2024-01-24
8968,OH,2024-08-10
8969,IL,2025-10-10
8970,TX,2024-09-27
8971,WA,2024-06-07
8972,CO,2023-10-07
8973,OH,2025-12-04
8974,ME,2024-07-18
8975,WY,2023-08-22
8976,CA,2023-07-05
8977,AZ,2025-03-15
8978,CA,2023-03-16
8979,FL,2025-07-26
8980,NJ,2024-12-10
8981,TX,2023-08-21
8982,MN,2024-06-18
8983,OH,2025-06-14
8984,NJ,2025-08-29
8985,NY,2024-10-08
8986,WA,2023-10-20
8987,NJ,2023-02-07
8988,AR,2023-06-17
8989,GA,2023-04-13
8990,NY,2023-05-25
8991,NY,2025-01-24
8992,CA,2024-10-21
8993,FL,2024-01-01
8994,SD,2023-06-02
8995,MD,2025-04-07
8996,NY,2024-02-26
8997,NC,2023-11-15
8998,WA,2024-04-29
8999,IL,2023-03-24
9000,MA,2023-03-20
9001,ID,2023-05-31
9002,CA,2025-01-25
9003,FL,2024-12-30
9004,UT,2023-01-15
9005,CA,2023-04-11
9006,NJ,2025-02-18
9007,CA,2025-11-24
9008,MI,2023-12-17
9009,IL,2025-08-14
9010,NY,2023-10-10
9011,FL,2024-09-28
9012,NY,2024-06-08
9013,OH,2023-06-14
9014,TX,2024-03-03
9015,NY,2025-07-22
9016,CA,2024-03-18
9017,WI,2024-09-17
9018,MA,2026-02-17
9019,TX,2023-03-10
9020,IL,2023-10-01
9021,NY,2024-07-13
9022,CA,2025-04-28
9023,MD,2024-07-23
9024,PA,2024-08-12
9025,NY,2024-05-13
9026,MA,2023-07-23
9027,NY,2025-02-13
9028,WA,2026-02-06
9029,TX,2024-01-23
9030,NJ,2024-02-20
9031,MA,2025-06-19
9032,CA,2023-11-08
9033,FL,2023-09-09
9034,AZ,2023-07-22
9035,CA,2023-04-20
9036,TX,2023-03-23
9037,NY,2025-02-07
9038,AL,2023-07-12
9039,FL,2023-05-19
9040,MA,2023-08-09
9041,FL,2025-05-10
9042,TX,2023-12-06
9043,ID,2024-04-22
9044,OR,2025-08-16
9045,CA,2025-03-23
9046,AZ,2023-07-17
9047,MA,2023-07-18
9048,TX,2025-03-26
9049,MO,2023-06-24
9050,LA,2024-05-03
9051,MO,2023-11-12
9052,ME,2025-03-30
9053,MN,2024-01-15
9054,PA,2024-03-17
9055,NY,2025-05-14
9056,GA,2023-05-13
9057,CA,2025-09-07
9058,IL,2025-11-16
9059,MS,2025-07-25
9060,AZ,2024-10-17
9061,IL,2023-08-24
9062,NY,2025-09-15
9063,NC,2025-03-25
9064,NC,2025-07-07
9065,IL,2024-03-14
9066,WA,2024-08-10
9067,CA,2024-09-02
9068,DE,2023-08-18
9069,TX,2023-12-06
9070,CA,2023-06-13
9071,NY,2023-04-26
9072,IL,2023-03-12
9073,NY,2025-04-29
9074,NY,2025-12-12
9075,WA,2023-12-08
9076,GA,2025-07-23
9077,TX,2024-08-10
9078,IL,2025-02-17
9079,WA,2023-11-28
9080,MD,2026-01-07
9081,CA,2025-08-25
9082,MN,2023-04-17
9083,PA,2023-03-23
9084,NY,2024-01-27
9085,NY,2023-08-18
9086,GA,2023-01-20
9087,CA,2025-02-18
9088,MD,2024-10-13
9089,GA,2024-04-16
9090,NJ,2024-08-14
9091,GA,2023-03-15
9092,LA,2024-10-15
9093,CA,2024-04-06
9094,CO,2023-11-11
9095,MI,2024-10-01
9096,TX,2023-10-01
9097,MA,2024-04-26
9098,NY,2023-03-23
9099,WA,2023-01-31
9100,NY,2025-01-15
9101,IN,2026-01-12
9102,TX,2025-09-22
9103,MA,2023-02-11
9104,MA,2023-09-08
9105,MO,2024-01-22
9106,NC,2025-09-22
9107,PA,2023-09-23
9108,CA,2023-01-22
9109,CA,2023-03-17
9110,TX,2024-11-10
9111,OR,2025-06-09
9112,CA,2025-05-14
9113,OR,2023-08-28
9114,TN,2023-02-20
9115,IL,2025-08-17
9116,NE,2024-04-20
9117,GA,2025-05-13
9118,ND,2025-06-12
9119,MN,2024-06-08
9120,CA,2023-06-06
9121,TX,2023-07-18
9122,NM,2025-10-20
9123,PA,2024-10-27
9124,NY,2025-01-05
9125,OR,2026-02-15
9126,LA,2023-03-16
9127,CA,2025-08-09
9128,NY,2024-12-25
9129,VA,2025-10-05
9130,OR,2024-01-02
9131,TX,2025-01-25
9132,NJ,2023-04-18
9133,WA,2024-11-19
9134,KS,2023-04-03
9135,MI,2025-08-23
9136,TX,2023-04-10
9137,WA,2023-06-30
9138,WA,2024-11-01
9139,CT,2023-04-06
9140,NE,2023-08-20
9141,CO,2023-09-08
9142,IL,2025-06-22
9143,KY,2023-01-19
9144,CO,2023-07-26
9145,CA,2023-11-07
9146,PA,2023-04-13
9147,TX,2023-06-08
9148,VA,2024-01-13
9149,SC,2024-12-14
9150,NY,2023-04-02
9151,FL,2024-10-28
9152,PA,2023-06-25
9153,NC,2026-02-07
9154,WA,2025-01-04
9155,OK,2023-06-28
9156,NY,2025-01-07
9157,WA,2024-03-28
9158,NJ,2026-01-03
9159,MN,2024-08-05
9160,AZ,2024-05-06
9161,MA,2025-08-14
9162,ID,2023-04-13
9163,PA,2023-02-10
9164,WA,2024-03-10
9165,OR,2025-08-03
9166,TX,2024-12-02
9167,WA,2026-01-07
9168,MO,2024-03-12
9169,OH,2024-12-08
9170,SC,2025-11-20
9171,MA,2023-01-30
9172,CA,2026-02-10
9173,NM,2025-09-12
9174,OR,2024-11-14
9175,NY,2024-01-25
9176,CA,2023-10-03
9177,MO,2023-01-12
9178,UT,2023-02-18
9179,MN,2023-01-10
9180,CO,2023-09-18
9181,WA,2023-11-16
9182,VA,2023-07-05
9183,WA,2023-08-17
9184,PA,2024-10-31
9185,NY,2025-02-23
9186,WA,2025-04-14
9187,VA,2023-01-21
9188,IN,2023-01-16
9189,WA,2024-04-24
9190,TX,2023-01-06
9191,TX,2023-10-25
9192,OK,2025-06-30
9193,NY,2025-07-29
9194,NY,2023-09-16
9195,GA,2025-10-10
9196,WA,2025-11-29
9197,NJ,2023-10-03
9198,MN,2025-01-13
9199,ND,2024-06-02
9200,IL,2025-04-06
9201,WA,2024-08-27
9202,MN,2025-08-06
9203,OR,2024-04-24
9204,AR,2024-02-18
9205,FL,2025-09-25
9206,MA,2025-12-09
9207,GA,2025-02-15
9208,DE,2023-02-14
9209,MN,2025-04-09
9210,ND,2023-10-02
9211,TN,2025-11-24
9212,NY,2024-10-14
9213,MD,2023-05-24
9214,CO,2025-04-14
9215,FL,2025-01-26
9216,NY,2023-07-12
9217,NY,2024-06-30
9218,NY,2025-02-22
9219,WA,2023-06-27
9220,SC,2025-02-20
9221,NC,2023-11-14
9222,IL,2023-05-31
9223,MA,2024-09-02
9224,NY,2024-06-24
9225,MN,2023-05-30
9226,TX,2023-09-19
9227,MI,2024-02-17
9228,CA,2026-01-17
9229,MN,2024-05-06
9230,MN,2026-01-24
9231,CA,2025-09-27
9232,MO,2023-02-06
9233,NY,2024-04-25
9234,UT,2023-06-29
9235,FL,2024-08-04
9236,MT,2025-09-05
9237,WA,2023-12-20
9238,ND,2025-08-24
9239,CA,2023-12-30
9240,NY,2023-03-10
9241,IL,2023-11-04
9242,CA,2024-02-27
9243,NM,2024-05-28
9244,NC,2023-08-07
9245,MI,2025-12-04
9246,MA,2024-01-02
9247,MO,2023-05-02
9248,MA,2024-05-09
9249,IL,2024-07-30
9250,PA,2025-06-02
9251,FL,2025-06-13
9252,LA,2024-08-01
9253,FL,2023-12-16
9254,NJ,2023-04-25
9255,VA,2024-09-19
9256,NY,2023-08-25
9257,OR,2023-02-16
9258,LA,2023-10-01
9259,FL,2023-04-23
9260,IN,2024-06-28
9261,GA,2024-02-03
9262,OH,2025-03-02
9263,CA,2023-11-12
9264,NY,2026-01-18
9265,MD,2023-02-20
9266,FL,2023-05-24
9267,CA,2024-06-11
9268,TX,2024-01-25
9269,GA,2025-03-29
9270,MO,2025-01-18
9271,FL,2024-02-16
9272,FL,2024-01-19
9273,NY,2025-05-24
9274,IL,2025-06-15
9275,CO,2024-12-08
9276,PA,2023-08-02
9277,OK,2026-01-22
9278,CA,2024-07-23
9279,CA,2023-08-07
9280,CA,2023-08-07
9281,NJ,2023-01-13
9282,WA,2024-02-27
9283,WA,2024-04-30
9284,RI,2025-08-25
9285,NC,2025-02-24
9286,MI,2023-04-29
9287,CT,2023-09-28
9288,CA,2025-06-30
9289,MO,2026-01-25
9290,TX,2025-04-21
9291,GA,2025-12-06
9292,PA,2024-10-25
9293,OH,2025-10-20
9294,WI,2023-06-22
9295,MS,2025-02-25
9296,MI,2023-12-13
9297,CA,2023-08-25
9298,MD,2025-07-25
9299,CA,2024-06-26
9300,UT,2024-02-11
9301,TX,2023-03-19
9302,MD,2023-01-12
9303,TX,2023-08-17
9304,AZ,2025-04-22
9305,IL,2025-08-22
9306,GA,2024-11-02
9307,AZ,2025-04-18
9308,IL,2023-06-13
9309,NY,2024-01-17
9310,KY,2024-12-31
9311,GA,2024-08-04
9312,VT,2025-02-10
9313,TX,2025-07-30
9314,NY,2025-12-22
9315,CA,2025-09-21
9316,FL,2023-09-03
9317,WA,2025-09-24
9318,VA,2023-02-19
9319,NY,2024-10-30
9320,VA,2023-08-08
9321,WA,2025-06-25
9322,MA,2023-12-30
9323,TX,2025-09-18
9324,AZ,2025-07-08
9325,MI,2024-07-16
9326,NY,2023-02-11
9327,WI,2024-02-27
9328,ND,2023-05-15
9329,TX,2025-02-24
9330,MI,2025-01-17
9331,ID,2023-03-14
9332,CA,2026-01-02
9333,IA,2024-09-26
9334,NE,2024-02-05
9335,MI,2026-01-07
9336,CO,2025-09-19
9337,CA,2024-04-14
9338,VA,2024-08-01
9339,PA,2024-03-31
9340,NY,2025-07-02
9341,AL,2023-05-09
9342,IL,2024-01-14
9343,NY,2026-02-12
9344,OR,2024-01-24
9345,FL,2025-02-24
9346,FL,2024-04-08
9347,FL,2025-09-15
9348,NH,2024-06-30
9349,CA,2024-02-13
9350,IL,2024-09-09
9351,MN,2025-01-30
9352,IN,2024-10-14
9353,PA,2025-09-28
9354,MN,2024-05-05
9355,RI,2025-03-17
9356,PA,2023-05-27
9357,FL,2023-09-13
9358,WY,2024-01-05
9359,WI,2024-10-12
9360,FL,2023-03-17
9361,UT,2024-07-22
9362,OR,2024-05-19
9363,VA,2024-10-23
9364,GA,2025-10-12
9365,CA,2023-12-13
9366,OH,2023-07-01
9367,NY,2023-08-28
9368,OR,2023-03-07
9369,MI,2023-06-20
9370,MA,2023-06-14
9371,NY,2025-08-11
9372,MA,2023-03-04
9373,CA,2023-12-21
9374,TX,2023-02-20
9375,TX,2024-08-06
9376,MA,2023-02-12
9377,CA,2025-08-20
9378,FL,2024-10-31
9379,VA,2023-03-31
9380,AZ,2024-09-07
9381,CA,2024-07-16
9382,GA,2026-02-04
9383,TX,2025-04-14
9384,WA,2023-12-22
9385,CA,2024-09-08
9386,CA,2025-02-05
9387,OR,2023-10-31
9388,TX,2024-08-06
9389,NY,2026-02-14
9390,MA,2024-01-02
9391,UT,2024-04-03
9392,IL,2023-04-30
9393,NY,2023-12-30
9394,TX,2024-04-28
9395,FL,2025-05-01
9396,CA,2025-08-07
9397,CT,2023-09-03
9398,PA,2025-02-02
9399,LA,2024-09-22
9400,GA,2023-12-31
9401,CA,2025-06-20
9402,KY,2023-07-05
9403,CA,2023-10-07
9404,GA,2025-01-11
9405,FL,2023-12-18
9406,MI,2024-08-11
9407,CA,2023-03-23
9408,OR,2023-07-15
9409,MD,2023-03-01
9410,TX,2023-05-31
9411,NY,2025-12-20
9412,NC,2024-03-03
9413,NC,2025-08-08
9414,TX,2023-11-27
9415,PA,2025-11-28
9416,UT,2025-06-08
9417,IL,2025-08-12
9418,CA,2023-12-20
9419,UT,2025-06-19
9420,NY,2023-08-05
9421,CO,2023-12-14
9422,MD,2024-02-15
9423,MD,2024-12-31
9424,TX,2025-06-16
9425,PA,2025-07-03
9426,PA,2023-08-31
9427,MA,2023-01-08
9428,NH,2024-09-14
9429,WA,2025-07-12
9430,TX,2024-08-02
9431,NC,2023-06-15
9432,OH,2023-12-30
9433,CA,2024-10-19
9434,CO,2024-05-29
9435,CA,2026-01-05
9436,CA,2025-01-01
9437,OH,2025-06-28
9438,MD,2023-04-28
9439,NY,2025-10-06
9440,MI,2025-02-10
9441,CA,2025-07-18
9442,ME,2024-11-26
9443,CA,2024-06-05
9444,CA,2023-12-03
9445,TX,2024-03-23
9446,FL,2024-10-14
9447,MA,2025-06-08
9448,FL,2024-08-26
9449,CA,2026-01-25
9450,AZ,2024-10-14
9451,FL,2025-01-28
9452,VA,2024-03-17
9453,NC,2024-02-13
9454,MI,2025-03-20
9455,PA,2023-03-26
9456,MA,2025-08-10
9457,NY,2024-11-27
9458,WA,2023-04-08
9459,FL,2024-06-25
9460,NY,2023-07-10
9461,NY,2025-08-25
9462,TX,2023-09-15
9463,CT,2023-06-04
9464,CO,2025-08-01
9465,VA,2023-08-16
9466,CA,2024-05-31
9467,FL,2024-10-02
9468,CT,2023-03-15
9469,GA,2023-12-31
9470,CA,2023-01-24
9471,IL,2024-04-07
9472,MA,2024-04-25
9473,MA,2026-01-17
9474,VA,2023-02-13
9475,PA,2025-11-26
9476,MI,2024-04-05
9477,NY,2023-03-11
9478,KY,2023-08-01
9479,MO,2025-07-02
9480,NY,2023-03-13
9481,NY,2025-04-07
9482,OH,2023-06-29
9483,MA,2023-07-27
9484,NY,2023-06-26
9485,MN,2024-12-07
9486,NY,2025-06-02
9487,TX,2025-01-20
9488,WI,2023-06-03
9489,OR,2023-01-30
9490,MO,2025-11-16
9491,PA,2025-09-02
9492,WA,2024-10-05
9493,MA,2024-11-21
9494,NY,2023-04-08
9495,GA,2023-11-22
9496,NJ,2023-08-25
9497,IL,2023-05-18
9498,NY,2024-09-21
9499,SD,2024-09-09
9500,CO,2025-12-05
9501,CO,2024-01-25
9502,MA,2023-12-26
9503,NC,2024-08-04
9504,ID,2023-07-26
9505,NM,2024-08-23
9506,NY,2025-09-05
9507,WA,2024-05-29
9508,KY,2025-03-20
9509,NY,2024-03-13
9510,OH,2024-04-13
9511,MN,2024-09-21
9512,NY,2024-01-30
9513,CA,2023-04-24
9514,CO,2024-04-07
9515,NY,2024-06-25
9516,GA,2023-09-04
9517,VT,2023-09-30
9518,NJ,2024-06-28
9519,IL,2024-09-14
9520,WA,2024-12-18
9521,CO,2025-02-16
9522,NY,2025-10-17
9523,MA,2024-05-04
9524,WI,2023-08-03
9525,MA,2026-01-31
9526,NY,2024-08-12
9527,OH,2023-06-24
9528,FL,2023-02-21
9529,RI,2023-10-24
9530,NY,2023-06-24
9531,MO,2025-08-26
9532,IL,2023-12-09
9533,IL,2024-08-22
9534,CA,2023-06-20
9535,MI,2025-11-26
9536,NY,2025-12-23
9537,CA,2024-03-30
9538,FL,2024-12-27
9539,NC,2025-06-05
9540,TX,2025-10-02
9541,TX,2025-01-24
9542,MD,2023-05-30
9543,MI,2024-09-27
9544,NY,2025-08-24
9545,IL,2024-12-10
9546,IL,2023-10-05
9547,CO,2023-02-04
9548,IN,2023-06-24
9549,ID,2025-11-22
9550,SC,2024-12-15
9551,NY,2023-09-11
9552,IN,2024-07-21
9553,GA,2023-11-19
9554,NY,2023-01-13
9555,GA,2023-02-19
9556,FL,2025-08-10
9557,CA,2025-09-20
9558,OR,2024-09-07
9559,NY,2025-05-15
9560,VA,2023-04-06
9561,VA,2023-12-09
9562,IA,2025-05-05
9563,TX,2023-07-12
9564,CA,2024-05-25
9565,TX,2026-02-22
9566,CO,2026-01-09
9567,MD,2023-01-07
9568,OH,2023-11-26
9569,TX,2023-03-24
9570,SC,2025-06-23
9571,ID,2024-09-17
9572,PA,2024-06-10
9573,WA,2026-02-10
9574,MA,2024-03-15
9575,CT,2025-06-08
9576,CA,2025-01-31
9577,OR,2025-10-20
9578,AZ,2023-01-19
9579,NH,2023-01-09
9580,CA,2025-11-27
9581,WV,2024-12-23
9582,AZ,2025-06-22
9583,MA,2023-05-14
9584,TN,2026-01-30
9585,WA,2023-04-03
9586,MA,2025-03-12
9587,IL,2025-05-13
9588,PA,2025-02-12
9589,OK,2024-06-27
9590,CA,2023-07-07
9591,NY,2023-05-16
9592,MI,2023-06-15
9593,ME,2025-09-17
9594,NM,2023-09-02
9595,IN,2025-10-29
9596,MO,2025-04-09
9597,MD,2024-11-18
9598,NY,2023-04-24
9599,MN,2023-06-16
9600,IL,2024-05-02
9601,MA,2024-03-12
9602,TX,2023-08-11
9603,CT,2023-07-10
9604,CA,2024-07-29
9605,ND,2025-03-04
9606,OH,2023-06-22
9607,OH,2024-03-25
9608,CA,2023-03-18
9609,MD,2024-09-06
9610,KY,2023-08-14
9611,IL,2025-01-08
9612,WA,2025-07-29
9613,WA,2023-03-17
9614,IL,2025-11-22
9615,NC,2023-03-10
9616,OH,2024-02-19
9617,MA,2024-12-31
9618,GA,2023-12-28
9619,TX,2025-05-19
9620,FL,2026-02-17
9621,NY,2025-12-07
9622,NY,2023-03-09
9623,MA,2026-01-13
9624,FL,2025-07-24
9625,TX,2024-01-12
9626,MN,2023-10-03
9627,NY,2025-02-06
9628,RI,2025-08-07
9629,LA,2023-07-24
9630,NM,2025-01-14
9631,WA,2025-12-24
9632,GA,2025-06-29
9633,TX,2026-01-07
9634,RI,2023-11-21
9635,NY,2024-01-13
9636,MI,2025-03-27
9637,GA,2024-11-11
9638,DE,2024-11-01
9639,FL,2024-09-19
9640,PA,2025-10-14
9641,PA,2024-03-10
9642,NE,2025-06-03
9643,MD,2025-11-04
9644,IL,2024-03-21
9645,GA,2023-02-23
9646,GA,2024-11-22
9647,NC,2023-01-04
9648,TX,2023-09-14
9649,NY,2025-04-13
9650,WA,2024-04-26
9651,CA,2024-04-05
9652,NY,2025-04-28
9653,NY,2024-04-17
9654,MA,2023-07-12
9655,CA,2023-11-03
9656,TX,2025-01-28
9657,CA,2025-06-24
9658,IN,2023-08-09
9659,AL,2023-06-21
9660,FL,2023-06-21
9661,MN,2025-12-22
9662,NY,2025-12-24
9663,ND,2023-03-22
9664,TX,2025-01-28
9665,CO,2023-03-14
9666,MD,2023-11-28
9667,PA,2025-11-14
9668,AZ,2023-08-16
9669,CA,2026-02-15
9670,NY,2026-02-05
9671,FL,2023-08-30
9672,TX,2024-05-17
9673,ND,2025-12-15
9674,WA,2024-07-05
9675,NY,2025-07-12
9676,CA,2023-05-01
9677,RI,2023-01-26
9678,NY,2026-02-09
9679,TX,2024-05-25
9680,AZ,2025-05-30
9681,UT,2023-01-23
9682,NY,2023-04-26
9683,MD,2024-04-24
9684,LA,2023-11-03
9685,AZ,2023-08-19
9686,PA,2024-12-01
9687,CO,2024-05-06
9688,TX,2025-02-07
9689,TN,2026-02-17
9690,IN,2023-10-13
9691,WA,2025-09-14
9692,MI,2025-06-08
9693,WY,2024-08-20
9694,VA,2025-05-06
9695,FL,2025-04-18
9696,WA,2025-07-06
9697,AZ,2025-07-28
9698,CA,2025-03-15
9699,OH,2023-06-11
9700,IL,2024-09-03
9701,IL,2025-08-10
9702,NY,2023-10-03
9703,TX,2025-09-23
9704,TX,2024-06-12
9705,TN,2025-08-16
9706,VA,2023-02-19
9707,CA,2024-08-06
9708,MA,2025-07-02
9709,WA,2024-04-21
9710,NY,2024-05-02
9711,AL,2023-03-21
9712,WA,2024-07-14
9713,GA,2026-01-26
9714,WA,2024-02-10
9715,CA,2024-06-20
9716,NV,2023-09-12
9717,IL,2025-08-17
9718,PA,2024-05-01
9719,WI,2024-05-30
9720,TN,2024-04-08
9721,NY,2025-02-18
9722,AZ,2023-02-05
9723,NY,2023-01-16
9724,WI,2025-07-07
9725,IN,2024-10-10
9726,FL,2025-04-02
9727,MN,2023-03-14
9728,TX,2025-01-09
9729,IN,2025-01-27
9730,NC,2025-06-24
9731,CA,2025-10-15
9732,WA,2026-01-17
9733,KY,2025-03-08
9734,MA,2025-08-10
9735,GA,2024-04-28
9736,AZ,2024-01-22
9737,PA,2024-04-02
9738,WA,2024-02-26
9739,WI,2023-08-20
9740,MO,2024-06-22
9741,MA,2024-12-20
9742,WA,2023-06-04
9743,TX,2024-06-02
9744,VA,2026-02-12
9745,NH,2026-01-20
9746,TX,2024-08-06
9747,IL,2026-01-19
9748,WA,2024-11-30
9749,VA,2023-04-15
9750,NY,2025-03-22
9751,PA,2025-08-23
9752,LA,2024-08-18
9753,CA,2025-10-10
9754,FL,2024-06-23
9755,CA,2023-01-12
9756,PA,2023-12-30
9757,NV,2024-10-23
9758,PA,2024-06-21
9759,MO,2023-11-10
9760,NY,2024-08-02
9761,CA,2023-09-19
9762,OR,2024-05-10
9763,NY,2024-09-14
9764,OR,2023-05-10
9765,MI,2025-03-02
9766,DE,2023-03-30
9767,CA,2025-08-25
9768,PA,2024-09-21
9769,MI,2024-05-20
9770,NY,2026-02-27
9771,IL,2023-07-26
9772,NY,2025-12-18
9773,NY,2026-01-24
9774,CA,2024-06-17
9775,CA,2025-06-02
9776,FL,2025-08-08
9777,TX,2023-10-12
9778,PA,2024-12-19
9779,FL,2024-05-16
9780,TX,2023-09-15
9781,FL,2025-03-20
9782,TX,2023-02-21
9783,CA,2024-07-03
9784,MD,2024-10-26
9785,CA,2024-10-16
9786,VA,2025-08-23
9787,TN,2026-02-02
9788,IL,2024-06-05
9789,PA,2025-08-26
9790,TX,2025-09-27
9791,CA,2025-06-06
9792,CA,2026-02-11
9793,CA,2025-01-14
9794,TX,2025-12-28
9795,FL,2025-12-03
9796,MA,2023-07-30
9797,NY,2023-10-03
9798,IL,2026-02-04
9799,NY,2024-04-23
9800,MI,2023-07-24
9801,TX,2023-04-29
9802,NY,2024-04-30
9803,TN,2023-04-19
9804,OH,2024-03-29
9805,NY,2025-10-28
9806,MD,2024-05-26
9807,TX,2025-12-02
9808,GA,2023-05-12
9809,MI,2025-01-20
9810,UT,2024-01-29
9811,CA,2023-07-17
9812,VT,2026-02-18
9813,NY,2023-08-08
9814,MI,2025-05-17
9815,TN,2023-04-04
9816,MA,2023-06-02
9817,PA,2024-06-08
9818,TX,2024-12-19
9819,FL,2025-02-05
9820,CA,2025-03-28
9821,NY,2023-09-14
9822,CO,2024-12-01
9823,NY,2024-05-29
9824,NC,2024-03-20
9825,TX,2023-06-20
9826,MA,2023-09-27
9827,NY,2024-08-23
9828,IL,2024-09-28
9829,CA,2023-03-08
9830,NY,2025-02-13
9831,NJ,2023-01-08
9832,PA,2023-05-15
9833,WI,2025-03-26
9834,AR,2025-04-09
9835,NY,2023-01-25
9836,FL,2024-04-09
9837,MN,2024-01-09
9838,CA,2023-07-15
9839,MA,2024-12-04
9840,NY,2024-02-06
9841,PA,2023-05-02
9842,VA,2025-02-10
9843,VT,2024-07-12
9844,MI,2025-08-11
9845,PA,2025-06-26
9846,CA,2025-11-28
9847,CA,2024-09-10
9848,TX,2025-01-10
9849,CA,2025-08-04
9850,CO,2025-03-07
9851,NC,2023-07-25
9852,WA,2024-08-05
9853,PA,2024-11-27
9854,WA,2024-02-16
9855,CA,2023-07-27
9856,NV,2024-02-09
9857,MN,2024-01-23
9858,WA,2025-05-16
9859,GA,2023-09-28
9860,NY,2024-03-12
9861,PA,2025-05-07
9862,UT,2023-12-11
9863,CA,2023-05-29
9864,FL,2024-09-19
9865,CA,2023-07-06
9866,NY,2023-01-20
9867,CA,2024-01-08
9868,NC,2025-09-05
9869,TX,2023-03-08
9870,NY,2025-12-21
9871,NY,2025-02-24
9872,PA,2024-09-13
9873,WA,2023-03-26
9874,FL,2023-06-25
9875,CT,2023-12-25
9876,CA,2025-04-10
9877,NY,2023-10-18
9878,OH,2023-05-10
9879,AR,2024-04-23
9880,WI,2024-10-09
9881,MI,2024-06-15
9882,CA,2023-09-21
9883,WY,2025-08-16
9884,IL,2024-05-17
9885,MS,2025-06-27
9886,TX,2026-01-09
9887,NY,2024-04-19
9888,TN,2025-06-06
9889,FL,2023-01-18
9890,WA,2025-12-28
9891,NY,2025-06-26
9892,MO,2023-05-10
9893,CO,2025-07-26
9894,TX,2025-03-25
9895,CO,2023-01-15
9896,TX,2025-10-03
9897,MN,2024-12-07
9898,NY,2024-12-03
9899,FL,2025-01-15
9900,AR,2024-03-07
9901,OR,2025-12-25
9902,NV,2026-01-09
9903,FL,2023-02-05
9904,NC,2025-01-16
9905,CA,2023-01-17
9906,NC,2024-05-28
9907,TX,2023-02-02
9908,NY,2023-12-15
9909,FL,2024-05-22
9910,NC,2024-10-07
9911,CA,2025-07-27
9912,WA,2025-05-05
9913,TX,2024-05-31
9914,AZ,2025-03-08
9915,UT,2024-04-29
9916,WA,2024-10-25
9917,WA,2024-03-18
9918,KY,2024-01-13
9919,CA,2025-10-10
9920,MI,2025-08-20
9921,ID,2024-07-26
9922,IL,2023-12-24
9923,CA,2024-06-21
9924,MA,2024-09-12
9925,PA,2025-03-16
9926,NY,2025-12-01
9927,CO,2025-03-26
9928,NY,2023-01-13
9929,NY,2025-04-03
9930,SC,2024-05-03
9931,CA,2025-12-22
9932,MN,2024-07-08
9933,CO,2025-01-14
9934,NY,2023-03-16
9935,AK,2025-02-03
9936,TX,2025-04-04
9937,NY,2023-07-26
9938,TX,2024-11-23
9939,MA,2024-11-06
9940,VA,2024-07-28
9941,WA,2025-06-12
9942,CO,2023-05-05
9943,MN,2023-09-14
9944,FL,2026-01-20
9945,LA,2025-01-06
9946,MS,2023-10-15
9947,CT,2024-09-29
9948,TX,2025-02-05
9949,IL,2024-05-26
9950,TX,2024-07-26
9951,MD,2024-01-03
9952,NY,2023-10-12
9953,TX,2023-03-04
9954,TX,2024-10-07
9955,NM,2025-01-20
9956,WI,2025-02-02
9957,MA,2023-12-27
9958,ME,2024-01-06
9959,FL,2025-11-10
9960,VA,2025-07-29
9961,CA,2025-07-29
9962,CA,2025-05-04
9963,TX,2025-03-13
9964,LA,2023-02-15
9965,IL,2023-07-13
9966,TX,2025-12-16
9967,FL,2023-11-29
9968,NY,2025-01-16
9969,WA,2025-05-15
9970,WA,2025-11-05
9971,NJ,2024-10-06
9972,MD,2025-01-13
9973,NJ,2023-05-30
9974,NY,2025-10-02
9975,FL,2025-03-12
9976,FL,2025-05-31
9977,WY,2025-04-05
9978,OR,2024-01-26
9979,TX,2023-10-08
9980,CA,2024-06-22
9981,WA,2023-12-08
9982,NY,2024-11-04
9983,AZ,2025-10-15
9984,VT,2026-01-03
9985,NY,2023-04-03
9986,CA,2025-10-16
9987,WI,2023-04-25
9988,NV,2023-04-23
9989,MN,2025-12-19
9990,AZ,2023-08-25
9991,FL,2024-09-29
9992,NY,2025-12-04
9993,MA,2024-12-24
9994,NY,2024-05-13
9995,PA,2024-03-24
9996,FL,2023-07-14
9997,CO,2024-07-28
9998,SD,2024-08-04
9999,TX,2023-11-06
10000,GA,2024-08-13
10001,VA,2024-07-01
10002,IN,2024-01-24
10003,CT,2025-03-10
10004,FL,2024-10-22
10005,NY,2025-02-23
10006,CA,2024-06-17
10007,NJ,2023-10-24
10008,ID,2025-04-06
10009,NH,2024-12-27
10010,FL,2023-11-27
10011,FL,2024-09-25
10012,PA,2025-05-04
10013,IL,2025-12-14
10014,NY,2025-02-10
10015,AL,2025-05-24
10016,CA,2025-01-11
10017,NY,2024-09-29
10018,CA,2024-03-17
10019,NY,2025-06-11
10020,MA,2023-05-26
10021,CA,2024-01-26
10022,NY,2024-01-08
10023,TX,2025-12-04
10024,PA,2023-09-19
10025,MI,2025-07-19
10026,OR,2025-01-15
10027,WA,2024-07-18
10028,CA,2024-05-30
10029,TX,2024-11-15
10030,NY,2024-04-30
10031,MN,2025-04-13
10032,TN,2024-04-10
10033,LA,2024-04-10
10034,NV,2023-01-22
10035,TX,2024-01-31
10036,IL,2023-05-25
10037,PA,2024-02-24
10038,MI,2023-11-01
10039,MN,2025-09-27
10040,MA,2023-02-13
10041,TX,2023-04-17
10042,TX,2023-05-30
10043,PA,2023-04-20
10044,OH,2025-11-07
10045,HI,2025-01-19
10046,CO,2023-08-27
10047,NY,2024-12-24
10048,CT,2025-01-12
10049,NC,2023-11-24
10050,FL,2025-05-11
10051,LA,2024-04-05
10052,GA,2026-01-09
10053,NC,2025-01-13
10054,NY,2023-12-29
10055,OR,2025-06-16
10056,OK,2024-03-18
10057,AR,2025-06-04
10058,CA,2025-09-10
10059,WA,2023-09-18
10060,FL,2023-10-07
10061,TX,2025-07-14
10062,CA,2025-08-03
10063,FL,2023-06-01
10064,NC,2025-03-04
10065,AR,2025-11-01
10066,TX,2023-01-14
10067,FL,2025-08-08
10068,CO,2025-05-16
10069,MD,2024-03-20
10070,MD,2025-03-09
10071,PA,2025-01-01
10072,WA,2023-08-26
10073,WA,2024-06-22
10074,MI,2025-02-07
10075,RI,2025-03-19
10076,NE,2025-01-31
10077,PA,2023-03-15
10078,OH,2023-10-23
10079,MA,2023-01-14
10080,FL,2024-09-03
10081,NJ,2024-01-30
10082,KY,2023-07-10
10083,MA,2025-03-27
10084,MO,2023-04-16
10085,CO,2023-01-07
10086,FL,2026-01-09
10087,NY,2025-02-03
10088,CA,2024-10-13
10089,HI,2024-04-29
10090,CA,2025-07-20
10091,VT,2024-05-20
10092,AZ,2024-06-02
10093,NC,2025-03-12
10094,MA,2024-03-24
10095,AR,2023-10-12
10096,CO,2023-03-15
10097,WA,2023-02-14
10098,MA,2025-01-14
10099,CT,2024-11-06
10100,UT,2024-07-28
10101,GA,2023-04-03
10102,CA,2023-11-18
10103,CA,2024-04-10
10104,MS,2024-08-26
10105,PA,2025-06-03
10106,ME,2025-10-03
10107,PA,2024-07-07
10108,OR,2025-01-22
10109,VA,2023-11-23
10110,NJ,2024-12-28
10111,PA,2024-08-13
10112,MN,2025-04-30
10113,IL,2024-03-15
10114,MD,2024-12-14
10115,TX,2024-03-07
10116,CA,2025-08-05
10117,NY,2023-11-24
10118,WA,2025-05-10
10119,UT,2026-01-02
10120,UT,2023-08-17
10121,FL,2025-01-13
10122,WA,2025-09-28
10123,PA,2025-03-21
10124,VA,2023-06-23
10125,MA,2026-01-03
10126,AZ,2026-01-27
10127,IL,2024-05-27
10128,NY,2026-02-21
10129,IN,2026-02-14
10130,WA,2023-05-09
10131,CA,2024-01-09
10132,TX,2023-08-24
10133,MA,2025-01-11
10134,PA,2023-07-09
10135,LA,2023-06-17
10136,FL,2023-10-18
10137,UT,2023-05-19
10138,NY,2024-07-21
10139,NY,2025-12-10
10140,NY,2025-09-17
10141,CO,2023-10-25
10142,PA,2025-12-31
10143,FL,2023-09-13
10144,OR,2023-11-05
10145,CO,2023-04-01
10146,NJ,2023-05-29
10147,TX,2025-11-19
10148,CO,2024-04-06
10149,TN,2024-09-26
10150,WA,2024-09-28
10151,UT,2024-10-07
10152,TX,2024-06-01
10153,MS,2023-07-09
10154,NC,2023-03-20
10155,NV,2025-03-26
10156,WA,2023-03-13
10157,WA,2023-02-12
10158,CO,2025-03-13
10159,CA,2026-02-03
10160,ID,2023-12-23
10161,LA,2023-01-08
10162,FL,2024-03-12
10163,FL,2023-03-21
10164,OH,2024-11-19
10165,FL,2024-07-29
10166,IL,2025-06-18
10167,VA,2023-10-15
10168,MA,2026-02-10
10169,TX,2025-08-20
10170,IL,2024-12-20
10171,MA,2025-08-13
10172,AL,2023-08-14
10173,MN,2023-10-05
10174,WI,2025-06-13
10175,MS,2025-03-02
10176,SC,2025-10-23
10177,NV,2024-06-28
10178,CA,2024-04-22
10179,CA,2025-11-19
10180,GA,2024-02-23
10181,IL,2025-11-17
10182,TX,2024-08-31
10183,TX,2023-03-28
10184,MN,2025-11-15
10185,AZ,2023-04-30
10186,NY,2024-12-13
10187,FL,2024-01-27
10188,VT,2023-12-19
10189,PA,2023-01-15
10190,CO,2023-11-01
10191,OK,2024-09-14
10192,TN,2024-06-03
10193,VA,2025-05-02
10194,NY,2024-10-01
10195,NM,2024-01-22
10196,NJ,2025-06-23
10197,CA,2023-01-14
10198,WA,2023-04-01
10199,FL,2023-01-04
10200,MI,2025-10-18
10201,OH,2025-03-06
10202,PA,2023-08-04
10203,ID,2024-12-04
10204,IL,2024-12-31
10205,FL,2023-01-17
10206,MI,2024-05-09
10207,TX,2024-03-19
10208,TX,2026-01-09
10209,MA,2025-02-17
10210,VA,2023-06-15
10211,CA,2023-12-23
10212,PA,2023-08-22
10213,CA,2023-06-24
10214,HI,2024-11-27
10215,NY,2023-08-26
10216,LA,2025-09-14
10217,TX,2025-10-10
10218,NY,2025-06-30
10219,CO,2024-09-21
10220,TN,2024-08-10
10221,NY,2025-03-04
10222,MO,2025-07-08
10223,AZ,2024-02-11
10224,NV,2023-06-26
10225,GA,2023-04-29
10226,NY,2024-09-05
10227,AZ,2023-12-31
10228,TX,2024-04-30
10229,CA,2026-01-07
10230,IL,2023-11-18
10231,NY,2023-05-19
10232,NJ,2023-11-29
10233,TX,2023-08-12
10234,PA,2024-07-25
10235,NY,2025-02-14
10236,SC,2025-08-24
10237,AL,2024-08-15
10238,MI,2025-03-19
10239,TX,2025-09-13
10240,TX,2025-10-20
10241,TX,2025-05-10
10242,FL,2023-07-06
10243,CA,2023-09-06
10244,CO,2026-02-24
10245,CO,2026-01-16
10246,CA,2025-12-04
10247,PA,2025-10-20
10248,NY,2023-09-03
10249,CO,2025-07-15
10250,PA,2023-01-15
10251,TX,2025-04-05
10252,TX,2024-11-19
10253,GA,2024-12-27
10254,WA,2024-06-20
10255,KY,2024-05-06
10256,ME,2023-10-19
10257,DE,2023-04-27
10258,NY,2024-08-14
10259,MO,2024-11-17
10260,NY,2025-01-13
10261,CA,2025-08-05
10262,CA,2024-11-13
10263,NV,2024-09-20
10264,CA,2024-08-15
10265,CO,2024-01-22
10266,CO,2024-10-13
10267,AZ,2023-07-12
10268,WA,2023-04-11
10269,TX,2025-12-29
10270,MA,2024-03-19
10271,PA,2024-03-08
10272,TX,2024-06-20
10273,NY,2024-08-23
10274,ND,2024-12-08
10275,GA,2023-11-15
10276,TX,2023-08-13
10277,NC,2024-01-23
10278,CO,2025-04-25
10279,NY,2023-03-12
10280,FL,2026-02-26
10281,CA,2024-03-19
10282,MN,2024-08-21
10283,MA,2024-01-22
10284,CA,2023-01-18
10285,WA,2026-01-04
10286,CA,2024-07-06
10287,MA,2025-05-23
10288,MO,2023-10-07
10289,IL,2025-02-09
10290,CA,2025-08-11
10291,IL,2023-11-25
10292,NY,2024-05-22
10293,FL,2024-03-25
10294,OH,2025-04-18
10295,IN,2024-01-28
10296,CA,2023-04-19
10297,WA,2023-12-25
10298,CA,2025-08-13
10299,IL,2025-07-23
10300,VA,2023-11-14
10301,NC,2023-12-07
10302,NY,2023-12-15
10303,OH,2023-01-27
10304,GA,2024-09-29
10305,NY,2024-02-05
10306,CO,2023-11-12
10307,IA,2024-01-03
10308,GA,2023-12-09
10309,WA,2024-11-23
10310,NY,2025-06-22
10311,FL,2026-01-01
10312,MI,2026-02-19
10313,NY,2023-07-05
10314,OH,2025-04-15
10315,MN,2023-11-15
10316,CO,2025-08-12
10317,CA,2024-08-16
10318,VA,2025-09-18
10319,NC,2025-03-03
10320,PA,2023-12-19
10321,MD,2023-12-21
10322,NY,2023-04-16
10323,MI,2024-02-22
10324,AZ,2024-10-03
10325,NJ,2023-07-24
10326,NV,2024-07-18
10327,NC,2023-07-08
10328,VA,2024-06-26
10329,CT,2023-09-15
10330,NY,2024-03-28
10331,NY,2023-03-19
10332,MD,2025-11-12
10333,PA,2024-05-17
10334,FL,2023-07-04
10335,NY,2024-06-30
10336,CA,2023-02-18
10337,MD,2023-06-17
10338,CA,2023-01-21
10339,TX,2024-01-27
10340,CA,2025-06-21
10341,NY,2026-02-02
10342,NC,2023-08-17
10343,OR,2023-12-18
10344,CO,2023-08-13
10345,IN,2023-08-22
10346,PA,2023-09-23
10347,NJ,2025-05-07
10348,CA,2023-11-10
10349,MN,2024-05-13
10350,NY,2025-05-26
10351,FL,2023-07-30
10352,IL,2023-04-09
10353,CA,2023-12-11
10354,MD,2025-06-22
10355,TN,2024-06-07
10356,CA,2023-04-28
10357,IL,2024-08-22
10358,WI,2025-05-05
10359,TX,2023-07-28
10360,OK,2024-04-25
10361,NY,2025-07-11
10362,CA,2023-11-25
10363,NY,2024-02-21
10364,NY,2026-01-11
10365,TX,2023-09-11
10366,CA,2025-08-02
10367,MO,2023-01-05
10368,NH,2023-10-30
10369,NY,2025-09-06
10370,TX,2024-08-29
10371,PA,2025-08-21
10372,MA,2025-01-05
10373,VA,2024-01-25
10374,CA,2025-04-29
10375,MA,2025-03-29
10376,NY,2023-01-12
10377,KS,2023-12-03
10378,MD,2024-08-29
10379,TX,2023-05-09
10380,NY,2023-01-11
10381,NC,2024-05-04
10382,CA,2023-09-29
10383,CA,2025-05-30
10384,TX,2026-01-20
10385,MI,2023-01-09
10386,WA,2025-06-05
10387,TX,2026-02-20
10388,IL,2025-02-14
10389,AZ,2023-10-08
10390,PA,2024-04-02
10391,LA,2025-07-24
10392,MI,2024-03-26
10393,NM,2025-03-01
10394,CA,2025-03-22
10395,LA,2023-02-25
10396,FL,2024-12-08
10397,OR,2024-01-14
10398,MT,2025-10-06
10399,CA,2023-01-23
10400,SD,2025-02-10
10401,CO,2023-08-19
10402,UT,2023-07-29
10403,NC,2025-05-15
10404,NC,2025-06-17
10405,NY,2025-05-22
10406,NJ,2023-12-29
10407,MI,2024-04-19
10408,CA,2023-07-14
10409,CA,2025-07-21
10410,MA,2025-11-01
10411,FL,2025-02-22
10412,MO,2025-12-21
10413,VA,2024-06-12
10414,NY,2023-09-28
10415,NY,2024-06-21
10416,TX,2024-10-18
10417,CO,2023-03-06
10418,IL,2025-05-11
10419,MA,2024-05-04
10420,CA,2025-12-27
10421,PA,2023-12-28
10422,CA,2024-07-25
10423,MA,2025-09-21
10424,NY,2025-02-07
10425,TX,2025-11-08
10426,NC,2024-06-28
10427,WA,2025-09-05
10428,CO,2025-07-20
10429,OH,2023-04-01
10430,MI,2025-08-30
10431,PA,2023-08-26
10432,NV,2024-04-06
10433,KY,2025-11-13
10434,VA,2025-04-30
10435,CA,2025-07-09
10436,CA,2025-06-25
10437,GA,2025-02-15
10438,TX,2025-10-26
10439,MS,2024-07-23
10440,TX,2024-09-03
10441,IL,2024-09-25
10442,CA,2025-09-09
10443,GA,2024-04-07
10444,MN,2024-10-24
10445,AZ,2025-09-16
10446,WA,2024-03-06
10447,FL,2025-05-27
10448,TX,2024-02-29
10449,TX,2023-04-15
10450,OR,2023-09-09
10451,MN,2024-10-06
10452,OR,2026-01-27
10453,NE,2023-06-27
10454,CO,2026-03-01
10455,NY,2024-12-20
10456,TX,2025-12-16
10457,MA,2025-06-10
10458,CA,2024-02-13
10459,FL,2025-08-11
10460,WA,2023-09-19
10461,CA,2025-01-11
10462,MD,2024-10-15
10463,NJ,2024-07-28
10464,MI,2023-04-28
10465,CA,2025-08-28
10466,PA,2023-11-04
10467,IL,2024-05-04
10468,PA,2025-01-26
10469,GA,2024-10-09
10470,TX,2024-08-30
10471,OH,2025-01-06
10472,MA,2023-01-24
10473,NY,2025-01-22
10474,NC,2025-09-27
10475,FL,2023-12-15
10476,FL,2023-01-25
10477,TX,2025-10-11
10478,IL,2024-08-21
10479,MA,2025-03-11
10480,WA,2025-06-28
10481,WA,2025-08-16
10482,NY,2025-11-17
10483,IL,2024-06-24
10484,FL,2024-05-05
10485,CO,2024-05-02
10486,CA,2025-03-01
10487,NY,2023-06-21
10488,IL,2023-02-07
10489,IL,2023-10-26
10490,TX,2025-11-16
10491,WA,2024-10-09
10492,PA,2025-01-17
10493,WA,2026-01-13
10494,IL,2025-07-14
10495,NY,2023-01-13
10496,OR,2023-09-16
10497,NY,2025-09-06
10498,IL,2026-01-28
10499,VA,2024-09-07
10500,OH,2023-10-05
10501,FL,2025-08-11
10502,VA,2025-12-25
10503,IL,2025-03-18
10504,IL,2024-10-17
10505,NY,2026-02-14
10506,CA,2025-02-21
10507,CA,2024-05-13
10508,NY,2023-07-24
10509,MA,2024-08-09
10510,NY,2026-01-08
10511,NY,2025-11-07
10512,FL,2024-09-05
10513,OH,2025-09-26
10514,WI,2024-10-05
10515,TX,2025-03-31
10516,CA,2023-02-27
10517,MA,2026-02-09
10518,TX,2024-08-19
10519,MA,2023-11-11
10520,MA,2023-06-11
10521,IN,2023-11-20
10522,CA,2024-12-18
10523,IA,2024-08-02
10524,CA,2025-06-17
10525,MD,2025-01-29
10526,MI,2024-05-16
10527,NY,2023-02-26
10528,TX,2023-10-24
10529,MS,2025-10-24
10530,PA,2024-02-14
10531,IL,2025-03-17
10532,CO,2026-02-03
10533,MT,2024-09-11
10534,FL,2025-02-17
10535,CO,2025-02-17
10536,GA,2024-07-19
10537,NY,2025-09-24
10538,RI,2023-06-15
10539,WA,2025-02-26
10540,WA,2024-10-27
10541,AL,2023-05-08
10542,OH,2023-03-17
10543,FL,2025-06-05
10544,TX,2025-02-20
10545,CA,2024-03-09
10546,TX,2024-09-26
10547,NY,2024-09-06
10548,TX,2025-09-12
10549,ID,2024-06-09
10550,NY,2024-03-16
10551,CA,2024-08-09
10552,NY,2024-01-26
10553,GA,2023-09-01
10554,KY,2025-02-06
10555,WA,2024-02-19
10556,IN,2024-03-02
10557,GA,2023-09-06
10558,NY,2025-11-24
10559,CO,2025-04-18
10560,CO,2023-09-10
10561,TX,2025-05-11
10562,CO,2025-03-29
10563,OK,2025-05-11
10564,NY,2023-07-29
10565,SC,2023-04-20
10566,WY,2023-11-26
10567,TX,2023-05-22
10568,NY,2024-11-06
10569,CA,2023-03-28
10570,PA,2023-05-20
10571,TX,2024-11-04
10572,RI,2023-01-26
10573,PA,2024-10-07
10574,IL,2025-06-29
10575,TX,2023-12-28
10576,NY,2023-12-26
10577,NY,2025-09-22
10578,UT,2023-03-18
10579,AZ,2023-04-05
10580,CA,2025-08-14
10581,MN,2025-09-23
10582,MD,2023-08-06
10583,MI,2024-01-03
10584,NY,2023-02-21
10585,WA,2024-11-17
10586,CO,2025-04-04
10587,SC,2023-02-02
10588,OK,2025-05-21
10589,FL,2024-10-05
10590,CA,2024-02-29
10591,NH,2025-02-25
10592,AR,2025-10-27
10593,PA,2024-05-09
10594,MI,2025-01-08
10595,TX,2025-02-05
10596,WA,2024-11-26
10597,NY,2023-07-18
10598,TX,2024-12-15
10599,FL,2024-03-10
10600,TX,2023-10-15
10601,WA,2024-12-19
10602,RI,2024-07-20
10603,WA,2025-03-21
10604,CA,2024-02-12
10605,CA,2025-07-05
10606,GA,2025-06-28
10607,NC,2024-12-17
10608,NY,2025-04-04
10609,NY,2025-10-22
10610,AZ,2023-07-04
10611,NE,2024-11-04
10612,MA,2024-08-24
10613,NY,2025-02-01
10614,GA,2023-01-22
10615,CA,2023-07-31
10616,FL,2024-04-21
10617,NY,2024-04-10
10618,TX,2025-09-15
10619,PA,2023-06-21
10620,MA,2024-11-05
10621,TN,2025-03-07
10622,MA,2023-09-01
10623,WA,2024-02-25
10624,IL,2024-01-14
10625,VA,2023-12-07
10626,PA,2025-08-11
10627,CA,2024-11-01
10628,IL,2023-05-03
10629,CA,2025-05-21
10630,OH,2024-03-09
10631,TX,2023-07-07
10632,CA,2025-11-03
10633,WA,2023-03-11
10634,MN,2024-10-12
10635,CA,2025-04-16
10636,TX,2024-08-13
10637,GA,2023-11-14
10638,NY,2024-03-12
10639,WA,2023-08-15
10640,NC,2023-06-29
10641,MA,2024-06-19
10642,GA,2026-01-27
10643,PA,2023-09-27
10644,OR,2025-08-03
10645,VA,2026-01-22
10646,NV,2024-10-20
10647,FL,2023-10-12
10648,IL,2025-11-11
10649,CA,2023-01-02
10650,CA,2023-04-13
10651,IL,2025-11-25
10652,MA,2023-10-01
10653,SC,2025-12-10
10654,FL,2025-06-14
10655,WA,2023-01-17
10656,FL,2024-03-11
10657,MO,2025-05-07
10658,WA,2024-11-16
10659,VA,2026-03-01
10660,CA,2023-09-20
10661,SD,2024-01-29
10662,MI,2023-07-27
10663,TX,2025-03-18
10664,NC,2024-04-09
10665,NC,2023-12-24
10666,NY,2023-12-20
10667,CA,2024-01-11
10668,KS,2025-09-15
10669,IN,2023-01-18
10670,MO,2024-12-16
10671,CO,2024-04-29
10672,MN,2025-10-22
10673,CA,2025-08-07
10674,CA,2024-01-11
10675,MS,2025-07-02
10676,UT,2024-07-19
10677,MN,2025-05-14
10678,MI,2026-01-20
10679,NY,2024-09-03
10680,WA,2025-11-28
10681,IL,2024-03-11
10682,NJ,2024-10-09
10683,TX,2023-12-28
10684,TX,2024-07-15
10685,TX,2023-03-24
10686,CO,2025-11-16
10687,WA,2023-01-21
10688,FL,2025-12-04
10689,PA,2025-08-11
10690,GA,2024-11-24
10691,WA,2025-03-08
10692,MO,2024-04-23
10693,MN,2025-05-12
10694,UT,2024-10-17
10695,LA,2025-02-01
10696,IN,2024-09-09
10697,FL,2024-12-11
10698,CA,2023-12-03
10699,CA,2025-02-06
10700,FL,2025-03-29
10701,CA,2024-01-20
10702,IL,2026-01-29
10703,CA,2026-02-11
10704,TX,2025-10-17
10705,NV,2025-12-13
10706,TX,2024-08-14
10707,WA,2025-04-10
10708,NV,2025-12-17
10709,OH,2024-05-17
10710,LA,2023-07-08
10711,UT,2025-05-19
10712,NY,2024-08-01
10713,IL,2025-03-09
10714,RI,2023-05-11
10715,CA,2024-11-08
10716,TX,2025-08-06
10717,IL,2023-06-01
10718,CA,2025-07-10
10719,FL,2026-02-02
10720,TX,2026-01-20
10721,WA,2024-12-13
10722,FL,2025-03-15
10723,NH,2024-03-07
10724,GA,2023-01-28
10725,CO,2023-12-21
10726,FL,2024-11-08
10727,MN,2023-05-16
10728,HI,2025-12-27
10729,CO,2023-06-03
10730,IL,2023-11-22
10731,FL,2025-03-26
10732,GA,2026-01-24
10733,GA,2023-04-18
10734,MA,2025-12-05
10735,IL,2024-03-29
10736,WA,2023-11-19
10737,GA,2023-10-12
10738,NJ,2026-01-11
10739,LA,2024-10-11
10740,WA,2025-01-18
10741,TX,2024-03-24
10742,SC,2023-11-17
10743,FL,2023-10-05
10744,SC,2024-09-03
10745,GA,2025-11-03
10746,MD,2024-02-18
10747,TN,2024-05-08
10748,TX,2023-02-16
10749,WA,2024-10-17
10750,TX,2025-02-07
10751,MO,2024-03-07
10752,NV,2025-08-13
10753,IL,2024-01-12
10754,GA,2026-01-12
10755,MI,2025-11-13
10756,KY,2025-06-27
10757,CA,2023-11-21
10758,TX,2023-11-12
10759,OR,2023-08-09
10760,TX,2023-08-02
10761,WI,2025-04-24
10762,TX,2026-01-13
10763,IL,2024-01-20
10764,OR,2025-10-24
10765,NY,2026-02-11
10766,NY,2025-05-26
10767,TX,2024-10-14
10768,CA,2023-10-14
10769,NY,2024-01-19
10770,NY,2025-10-14
10771,NY,2025-04-26
10772,NJ,2024-05-31
10773,CA,2023-05-07
10774,KY,2026-01-14
10775,NY,2025-12-04
10776,AZ,2024-09-14
10777,FL,2023-10-17
10778,IL,2024-11-27
10779,VA,2023-06-06
10780,CO,2024-02-10
10781,TX,2026-02-19
10782,CA,2025-05-26
10783,OH,2025-11-12
10784,PA,2023-07-16
10785,TX,2024-04-23
10786,NC,2023-10-12
10787,TN,2023-11-04
10788,IL,2023-12-11
10789,PA,2025-10-17
10790,OH,2025-09-17
10791,OH,2024-02-02
10792,CA,2025-02-23
10793,CA,2025-03-06
10794,GA,2026-02-12
10795,WI,2024-09-27
10796,TN,2024-03-25
10797,ND,2025-02-10
10798,CA,2024-11-11
10799,NY,2024-07-01
10800,NY,2023-08-17
10801,WA,2023-09-01
10802,NC,2023-03-06
10803,MN,2025-08-03
10804,FL,2025-10-23
10805,TX,2025-11-26
10806,NY,2025-09-28
10807,NY,2023-01-03
10808,IL,2025-08-12
10809,IL,2023-05-23
10810,IL,2025-12-15
10811,VA,2023-03-02
10812,GA,2023-03-09
10813,FL,2023-03-20
10814,CA,2024-01-02
10815,TX,2025-08-15
10816,TX,2024-06-09
10817,TX,2024-01-25
10818,OR,2024-06-04
10819,NY,2023-09-10
10820,CA,2026-01-23
10821,IL,2023-01-03
10822,TX,2024-11-26
10823,OK,2023-02-15
10824,MI,2024-10-14
10825,ND,2024-06-08
10826,MT,2024-02-22
10827,PA,2025-09-28
10828,MA,2025-12-02
10829,TX,2025-06-14
10830,MI,2024-11-26
10831,OK,2024-07-12
10832,OR,2025-07-19
10833,WA,2024-08-17
10834,NY,2026-01-25
10835,NC,2025-05-16
10836,OH,2024-01-19
10837,NC,2025-12-31
10838,CA,2023-08-05
10839,IL,2025-04-12
10840,OR,2025-03-16
10841,WA,2025-11-22
10842,TX,2025-02-19
10843,FL,2023-08-04
10844,TX,2023-04-11
10845,WI,2024-04-14
10846,CO,2023-06-29
10847,MN,2024-09-30
10848,NY,2024-01-12
10849,MA,2024-11-11
10850,UT,2025-03-27
10851,WA,2023-10-07
10852,FL,2025-04-28
10853,NY,2025-01-22
10854,GA,2026-01-26
10855,WA,2023-09-07
10856,MA,2025-07-02
10857,MA,2026-02-02
10858,CO,2025-02-11
10859,MI,2024-10-02
10860,CO,2023-11-23
10861,CA,2025-06-08
10862,CA,2025-02-09
10863,MN,2024-01-12
10864,OR,2025-11-04
10865,TX,2024-11-26
10866,FL,2024-04-25
10867,PA,2025-11-05
10868,UT,2024-07-28
10869,NY,2024-04-29
10870,WI,2025-07-28
10871,NY,2023-09-14
10872,CA,2023-01-27
10873,MN,2025-11-14
10874,IL,2025-12-21
10875,GA,2023-08-21
10876,FL,2023-12-15
10877,OR,2024-02-18
10878,IL,2024-02-10
10879,TX,2025-08-16
10880,TN,2024-05-30
10881,NY,2025-10-06
10882,SD,2023-10-14
10883,NC,2023-11-03
10884,NJ,2024-07-15
10885,NY,2025-02-20
10886,MA,2025-10-28
10887,NC,2023-12-23
10888,CA,2024-08-03
10889,OR,2023-05-19
10890,FL,2024-02-27
10891,VA,2024-02-01
10892,MA,2025-04-11
10893,GA,2023-11-01
10894,GA,2025-11-08
10895,WI,2023-08-14
10896,NJ,2025-04-30
10897,CA,2024-05-09
10898,TX,2024-09-18
10899,CA,2026-01-06
10900,CA,2023-11-23
10901,FL,2024-05-19
10902,HI,2024-08-29
10903,TX,2024-08-29
10904,OR,2025-09-30
10905,NJ,2024-05-23
10906,NJ,2024-10-18
10907,IL,2024-06-14
10908,GA,2023-02-06
10909,IN,2023-11-10
10910,MI,2023-08-08
10911,PA,2024-10-01
10912,FL,2024-02-08
10913,NY,2024-04-23
10914,MN,2024-12-22
10915,TX,2025-07-25
10916,MA,2025-04-03
10917,IL,2023-08-08
10918,FL,2024-01-02
10919,FL,2025-09-10
10920,NJ,2024-11-14
10921,WA,2025-08-26
10922,KY,2025-11-21
10923,KS,2025-10-15
10924,IL,2025-12-13
10925,TX,2024-02-27
10926,CA,2025-09-30
10927,CA,2023-08-22
10928,OR,2025-04-08
10929,MN,2025-01-12
10930,SD,2026-02-07
10931,AZ,2025-09-13
10932,TX,2025-05-28
10933,CT,2026-01-28
10934,CA,2025-01-02
10935,OH,2024-11-05
10936,PA,2024-10-16
10937,TN,2023-09-15
10938,WA,2025-09-28
10939,CA,2024-09-15
10940,LA,2023-04-09
10941,NC,2026-01-31
10942,MT,2023-01-12
10943,NC,2025-03-23
10944,MA,2023-06-28
10945,NY,2025-10-27
10946,CA,2023-06-01
10947,NJ,2025-04-14
10948,PA,2024-08-04
10949,AZ,2024-07-18
10950,NC,2023-07-15
10951,CA,2023-11-21
10952,MI,2024-04-26
10953,AZ,2023-07-27
10954,OH,2025-07-24
10955,CA,2025-08-14
10956,GA,2024-03-01
10957,NC,2025-12-21
10958,MI,2024-07-20
10959,CA,2024-09-09
10960,WA,2025-08-02
10961,WA,2026-01-06
10962,FL,2025-06-05
10963,IL,2025-07-17
10964,CA,2023-10-11
10965,TX,2025-12-16
10966,ME,2024-11-11
10967,CA,2024-01-11
10968,NY,2024-01-11
10969,FL,2025-02-10
10970,TX,2025-02-26
10971,KS,2024-01-08
10972,CO,2025-05-06
10973,MA,2023-09-01
10974,FL,2025-01-31
10975,IL,2025-11-28
10976,CA,2024-09-24
10977,MA,2023-03-27
10978,CT,2023-04-09
10979,MA,2024-01-09
10980,NY,2025-01-27
10981,TX,2024-09-16
10982,CA,2025-09-09
10983,MI,2023-03-24
10984,WA,2023-01-01
10985,NY,2024-03-12
10986,KS,2024-11-16
10987,MD,2023-09-07
10988,NY,2024-02-14
10989,FL,2025-01-07
10990,WA,2026-01-12
10991,SC,2024-05-04
10992,TN,2023-08-27
10993,MA,2025-07-11
10994,TX,2024-06-23
10995,NC,2024-01-15
10996,WA,2025-03-09
10997,CA,2025-07-31
10998,NY,2024-11-25
10999,TN,2023-05-15
11000,MS,2023-12-27
11001,OR,2024-07-22
11002,NY,2026-02-12
11003,MD,2023-07-05
11004,NY,2024-04-22
11005,NY,2025-06-06
11006,MA,2023-01-01
11007,CA,2025-04-29
11008,NH,2025-08-25
11009,MA,2024-06-24
11010,CA,2025-09-18
11011,FL,2024-12-02
11012,NY,2023-09-27
11013,FL,2025-06-16
11014,NV,2024-02-23
11015,CA,2023-07-14
11016,NC,2023-09-12
11017,FL,2023-03-20
11018,FL,2026-01-26
11019,TN,2025-02-24
11020,KY,2025-03-24
11021,OH,2024-03-22
11022,AZ,2023-05-03
11023,VA,2024-11-06
11024,TX,2023-12-25
11025,ME,2023-08-27
11026,CO,2025-03-15
11027,MA,2024-11-13
11028,PA,2024-10-30
11029,OH,2023-07-23
11030,CA,2023-05-23
11031,TX,2023-07-06
11032,NJ,2023-05-02
11033,CA,2026-01-28
11034,WI,2023-10-11
11035,GA,2025-08-06
11036,KS,2024-06-10
11037,WA,2024-01-19
11038,OH,2025-06-16
11039,MA,2023-07-06
11040,NE,2025-10-28
11041,UT,2024-09-15
11042,NY,2024-06-28
11043,TX,2025-07-02
11044,NY,2023-03-31
11045,WA,2024-05-10
11046,CA,2025-08-17
11047,CA,2023-04-26
11048,NC,2024-11-15
11049,FL,2025-11-09
11050,UT,2023-05-12
11051,PA,2023-08-11
11052,IN,2024-03-11
11053,CA,2025-11-28
11054,VA,2023-11-23
11055,CA,2023-04-16
11056,UT,2024-10-13
11057,FL,2024-07-20
11058,CO,2024-09-21
11059,TN,2024-11-18
11060,OH,2024-04-14
11061,OH,2024-12-25
11062,CA,2023-09-22
11063,CO,2025-04-16
11064,LA,2025-04-30
11065,IL,2025-02-23
11066,PA,2024-06-17
11067,CA,2024-01-04
11068,CA,2024-11-29
11069,IL,2025-08-03
11070,FL,2023-06-03
11071,CA,2024-09-11
11072,NY,2023-11-12
11073,CA,2025-03-21
11074,GA,2023-05-31
11075,MA,2023-06-24
11076,OH,2025-12-14
11077,PA,2025-02-17
11078,NY,2023-06-03
11079,AR,2024-05-15
11080,NC,2024-05-20
11081,MA,2023-05-29
11082,WA,2023-01-08
11083,OR,2024-08-15
11084,CA,2024-08-13
11085,TN,2024-04-13
11086,GA,2023-11-17
11087,CA,2024-07-25
11088,NC,2024-03-26
11089,KY,2023-05-08
11090,MA,2025-05-02
11091,MN,2023-03-28
11092,MN,2026-01-09
11093,NC,2024-06-17
11094,GA,2023-07-09
11095,FL,2025-04-03
11096,TX,2024-01-14
11097,FL,2024-03-31
11098,GA,2025-10-28
11099,NJ,2023-11-14
11100,CA,2023-11-30
11101,FL,2023-08-18
11102,GA,2024-10-25
11103,PA,2024-05-22
11104,WI,2025-02-28
11105,NM,2025-07-12
11106,NJ,2025-08-26
11107,AZ,2025-01-29
11108,FL,2024-03-21
11109,CA,2023-11-21
11110,MO,2025-05-26
11111,CA,2023-06-16
11112,CA,2024-08-03
11113,MS,2025-04-18
11114,IN,2026-01-14
11115,WA,2025-03-16
11116,CO,2025-02-10
11117,WA,2025-07-16
11118,NC,2025-05-10
11119,FL,2025-08-13
11120,FL,2023-02-28
11121,MA,2024-08-28
11122,IL,2023-01-05
11123,NY,2023-03-24
11124,NY,2025-04-19
11125,TX,2024-07-02
11126,WA,2025-11-16
11127,NM,2024-06-08
11128,TX,2025-09-28
11129,CT,2024-02-18
11130,FL,2024-12-15
11131,WA,2023-06-29
11132,NY,2025-02-21
11133,TX,2025-06-19
11134,PA,2024-06-10
11135,IL,2023-01-01
11136,FL,2023-09-28
11137,PA,2024-04-28
11138,WV,2025-08-13
11139,MO,2025-12-07
11140,CA,2024-11-24
11141,VA,2025-04-19
11142,CO,2024-01-08
11143,AZ,2024-06-22
11144,CA,2024-10-31
11145,TX,2024-07-25
11146,CA,2023-03-07
11147,NJ,2023-02-21
11148,CA,2024-04-14
11149,SD,2023-08-31
11150,OR,2023-12-03
11151,NC,2025-01-25
11152,TX,2026-02-18
11153,CA,2024-07-07
11154,MA,2025-12-04
11155,MO,2023-02-21
11156,OH,2024-02-17
11157,IL,2024-07-22
11158,NC,2023-01-08
11159,NV,2025-08-03
11160,NY,2023-09-04
11161,NY,2025-04-13
11162,ID,2024-02-16
11163,PA,2025-08-09
11164,SD,2025-04-22
11165,NJ,2023-08-23
11166,RI,2024-10-03
11167,CA,2024-08-10
11168,NY,2023-08-21
11169,PA,2025-01-11
11170,PA,2025-09-23
11171,GA,2023-11-06
11172,AK,2025-08-01
11173,CO,2025-06-26
11174,UT,2024-12-01
11175,DE,2024-04-22
11176,MS,2023-12-02
11177,CA,2023-02-21
11178,NY,2024-06-29
11179,CA,2023-10-28
11180,NC,2024-10-02
11181,IL,2023-12-22
11182,TX,2025-03-30
11183,CA,2025-04-14
11184,IL,2024-08-10
11185,GA,2025-05-26
11186,TN,2024-12-31
11187,NM,2026-02-16
11188,VA,2025-01-06
11189,WA,2026-01-01
11190,NY,2025-04-03
11191,AZ,2023-06-05
11192,TX,2025-02-09
11193,TX,2025-07-22
11194,FL,2024-07-29
11195,CT,2025-11-25
11196,CO,2023-09-05
11197,NC,2025-12-03
11198,FL,2024-03-28
11199,CA,2026-02-16
11200,WA,2024-11-23
11201,NC,2025-06-27
11202,VA,2025-07-28
11203,VA,2025-12-29
11204,FL,2025-08-04
11205,WI,2024-03-29
11206,MD,2023-09-24
11207,FL,2024-12-31
11208,NY,2024-01-01
11209,WA,2023-03-02
11210,MI,2023-06-17
11211,PA,2023-05-12
11212,IL,2023-06-04
11213,MN,2025-02-22
11214,NY,2024-12-22
11215,PA,2023-01-07
11216,NV,2024-06-06
11217,IL,2023-09-08
11218,TX,2024-11-22
11219,OR,2023-04-30
11220,MI,2023-02-17
11221,NC,2025-12-28
11222,NY,2025-01-11
11223,MD,2023-08-12
11224,CA,2024-04-01
11225,OH,2024-12-19
11226,PA,2025-05-02
11227,GA,2025-08-06
11228,TN,2023-01-28
11229,GA,2025-05-26
11230,MI,2025-06-19
11231,IN,2025-04-28
11232,NY,2023-04-11
11233,NH,2023-02-27
11234,PA,2025-11-13
11235,MA,2024-02-19
11236,NC,2023-12-29
11237,RI,2024-02-25
11238,CA,2023-01-21
11239,AZ,2024-09-27
11240,GA,2024-04-08
11241,PA,2023-04-07
11242,CO,2026-01-23
11243,NY,2023-01-24
11244,FL,2024-01-15
11245,CA,2024-01-31
11246,TX,2023-02-23
11247,WA,2025-10-10
11248,MA,2026-02-09
11249,TX,2024-02-26
11250,AL,2023-05-11
11251,CA,2024-02-24
11252,WA,2025-02-14
11253,CA,2025-02-13
11254,PA,2025-12-27
11255,CA,2025-05-24
11256,LA,2023-06-24
11257,AK,2024-04-08
11258,ME,2024-01-25
11259,CA,2025-01-17
11260,TX,2023-05-16
11261,OH,2024-02-13
11262,PA,2023-08-12
11263,NC,2024-08-23
11264,OK,2025-08-27
11265,MA,2024-09-10
11266,NY,2025-05-27
11267,MA,2023-01-09
11268,MD,2024-08-16
11269,CA,2024-08-28
11270,KS,2023-04-26
11271,CO,2023-09-02
11272,NC,2024-03-26
11273,WA,2025-11-14
11274,NY,2023-08-21
11275,CT,2024-11-15
11276,NJ,2023-07-03
11277,CA,2023-09-08
11278,FL,2023-10-18
11279,CA,2025-08-06
11280,MO,2025-03-08
11281,VA,2024-09-15
11282,OH,2023-11-01
11283,WA,2023-12-16
11284,MI,2024-04-23
11285,ME,2025-10-12
11286,MT,2023-05-10
11287,NC,2023-07-06
11288,FL,2024-10-31
11289,CA,2023-08-23
11290,LA,2023-10-05
11291,CA,2026-01-30
11292,NY,2025-02-25
11293,FL,2025-04-14
11294,SC,2023-10-01
11295,TX,2023-12-31
11296,TX,2024-04-12
11297,NY,2024-10-12
11298,CA,2025-04-05
11299,NY,2025-05-10
11300,CA,2023-07-03
11301,FL,2025-07-06
11302,MA,2023-09-29
11303,CA,2023-07-15
11304,ID,2025-02-20
11305,NJ,2025-06-23
11306,MN,2023-11-27
11307,NY,2024-09-11
11308,TX,2024-05-13
11309,CO,2026-01-28
11310,IL,2023-03-22
11311,MN,2025-05-10
11312,LA,2025-10-14
11313,TX,2025-11-06
11314,TX,2023-05-06
11315,WA,2023-05-10
11316,OH,2023-08-02
11317,FL,2026-02-26
11318,MS,2025-08-27
11319,CA,2025-12-16
11320,TX,2024-08-20
11321,TX,2024-09-06
11322,VA,2024-02-27
11323,IL,2023-11-30
11324,KY,2024-11-18
11325,FL,2023-09-21
11326,TX,2023-05-27
11327,NY,2023-01-12
11328,FL,2023-02-24
11329,GA,2023-08-18
11330,NY,2026-02-19
11331,IL,2025-05-10
11332,OH,2023-06-11
11333,TX,2025-03-13
11334,NY,2023-06-28
11335,NV,2025-06-23
11336,SD,2024-07-05
11337,SC,2024-12-26
11338,TX,2023-10-20
11339,VT,2024-03-11
11340,MD,2024-01-31
11341,PA,2023-06-15
11342,NJ,2025-09-20
11343,MN,2025-02-22
11344,CA,2025-08-14
11345,CO,2024-02-05
11346,TN,2023-04-25
11347,CA,2023-12-17
11348,NJ,2025-03-28
11349,TN,2025-05-25
11350,WA,2024-09-05
11351,MI,2023-05-11
11352,NJ,2023-09-21
11353,CA,2025-04-13
11354,AZ,2023-06-30
11355,FL,2023-12-15
11356,AZ,2024-04-15
11357,NC,2023-06-10
11358,CA,2023-04-24
11359,NY,2023-01-18
11360,CO,2026-02-01
11361,CA,2023-05-23
11362,WA,2024-10-16
11363,MO,2025-08-21
11364,LA,2024-03-28
11365,CA,2024-03-26
11366,HI,2023-03-03
11367,IL,2024-08-18
11368,CO,2025-07-28
11369,PA,2026-02-26
11370,OR,2023-12-30
11371,TX,2025-12-26
11372,WI,2023-02-16
11373,LA,2025-08-26
11374,CA,2025-04-01
11375,VA,2024-10-21
11376,CO,2025-01-31
11377,TX,2026-01-23
11378,NV,2023-08-26
11379,NE,2025-03-06
11380,IN,2023-02-04
11381,MN,2025-05-19
11382,FL,2024-05-06
11383,FL,2023-09-15
11384,NY,2024-01-22
11385,KS,2023-09-27
11386,OR,2025-05-16
11387,NM,2025-12-06
11388,CA,2024-08-28
11389,AZ,2024-11-24
11390,IN,2025-08-11
11391,MA,2024-02-15
11392,NY,2025-04-24
11393,UT,2023-05-05
11394,PA,2023-07-31
11395,NY,2025-08-02
11396,IL,2025-07-08
11397,CA,2023-05-15
11398,NJ,2025-02-23
11399,CO,2025-02-28
11400,GA,2023-11-11
11401,CA,2023-10-27
11402,NV,2023-10-06
11403,NC,2024-01-09
11404,CA,2024-12-26
11405,FL,2023-03-03
11406,NC,2025-05-28
11407,WY,2025-12-13
11408,TX,2023-12-04
11409,NY,2025-05-26
11410,MD,2024-04-18
11411,WA,2023-04-22
11412,CA,2025-09-16
11413,SD,2023-11-20
11414,MD,2024-09-10
11415,CA,2025-03-05
11416,FL,2025-06-01
11417,AR,2025-01-17
11418,TX,2026-01-13
11419,WA,2024-01-07
11420,TX,2026-01-03
11421,NY,2024-08-18
11422,CA,2024-05-22
11423,CA,2023-08-16
11424,FL,2024-08-17
11425,LA,2023-01-15
11426,TX,2025-10-01
11427,FL,2025-03-23
11428,OR,2023-06-30
11429,OK,2023-12-04
11430,NY,2025-07-14
11431,CA,2023-03-19
11432,CO,2023-08-17
11433,NY,2025-11-19
11434,ND,2024-01-09
11435,NM,2023-06-04
11436,CA,2025-03-27
11437,WA,2024-03-23
11438,IN,2025-05-18
11439,NY,2024-03-22
11440,MN,2024-03-07
11441,PA,2025-02-05
11442,TX,2026-01-09
11443,CO,2025-03-08
11444,TX,2025-09-14
11445,CA,2024-07-02
11446,MA,2025-12-13
11447,NY,2024-04-13
11448,WA,2024-01-04
11449,MA,2025-05-03
11450,NY,2026-01-28
11451,MO,2025-09-10
11452,CA,2024-12-25
11453,NY,2025-09-08
11454,LA,2024-08-20
11455,CA,2024-02-18
11456,NY,2023-04-03
11457,MA,2025-08-22
11458,NC,2024-07-14
11459,FL,2025-11-28
11460,CO,2024-06-29
11461,NY,2025-02-16
11462,NC,2025-10-29
11463,FL,2023-07-07
11464,NC,2024-08-30
11465,GA,2024-10-06
11466,MN,2024-11-05
11467,MA,2023-05-19
11468,WA,2023-10-25
11469,CA,2026-01-08
11470,CA,2023-06-28
11471,NY,2023-08-06
11472,FL,2023-09-24
11473,CA,2024-08-13
11474,DE,2024-11-09
11475,UT,2024-09-07
11476,SD,2025-04-29
11477,NJ,2024-12-27
11478,CO,2023-03-16
11479,PA,2025-01-06
11480,IL,2023-12-02
11481,MA,2025-03-14
11482,WA,2025-05-04
11483,NV,2023-12-29
11484,MA,2023-07-09
11485,MA,2026-02-03
11486,SC,2023-03-11
11487,NV,2024-06-05
11488,MD,2025-09-09
11489,IL,2024-05-31
11490,PA,2023-01-28
11491,CA,2025-06-23
11492,CO,2023-04-02
11493,PA,2023-12-29
11494,FL,2023-02-07
11495,TN,2024-10-25
11496,MA,2024-12-04
11497,FL,2024-05-05
11498,MO,2026-02-07
11499,PA,2023-05-24
11500,IL,2025-04-13
11501,IL,2025-12-05
11502,NY,2023-05-18
11503,SC,2024-05-04
11504,CO,2024-02-06
11505,MA,2024-08-24
11506,VA,2024-12-24
11507,WA,2024-11-11
11508,IL,2025-07-20
11509,MI,2024-09-16
11510,KY,2023-12-07
11511,TX,2023-10-29
11512,IN,2023-04-28
11513,PA,2023-05-31
11514,OR,2024-08-29
11515,WA,2025-02-10
11516,TX,2025-09-23
11517,OR,2024-03-12
11518,OH,2024-09-23
11519,WA,2026-01-02
11520,CA,2023-12-28
11521,FL,2023-04-06
11522,MA,2023-10-19
11523,CA,2023-01-27
11524,IL,2025-03-31
11525,FL,2023-11-01
11526,NY,2024-12-23
11527,TX,2025-05-19
11528,TX,2025-02-07
11529,TX,2025-09-12
11530,GA,2025-07-30
11531,TX,2023-07-24
11532,TX,2025-05-16
11533,OH,2025-10-11
11534,OH,2024-07-31
11535,CA,2024-10-23
11536,NY,2024-11-09
11537,MA,2023-08-08
11538,AZ,2023-10-27
11539,CA,2023-09-15
11540,MA,2024-12-15
11541,NJ,2023-08-28
11542,WA,2023-08-06
11543,NH,2024-04-09
11544,TX,2023-07-14
11545,CT,2023-09-27
11546,CA,2024-07-16
11547,CO,2023-12-22
11548,NY,2024-06-23
11549,NJ,2024-04-20
11550,ID,2024-07-18
11551,MN,2023-11-04
11552,WA,2024-09-19
11553,FL,2024-02-13
11554,IN,2024-06-04
11555,PA,2024-04-29
11556,NC,2024-11-24
11557,CA,2025-07-18
11558,CA,2024-10-12
11559,CA,2025-03-07
11560,NY,2023-04-21
11561,TX,2024-08-26
11562,PA,2023-08-08
11563,CT,2025-10-25
11564,OH,2024-10-30
11565,FL,2025-06-13
11566,ID,2024-05-27
11567,SD,2023-04-29
11568,PA,2024-01-20
11569,KY,2023-09-17
11570,VA,2023-05-14
11571,PA,2023-04-12
11572,NY,2024-01-20
11573,OH,2024-03-30
11574,CA,2025-12-21
11575,WI,2025-08-17
11576,TX,2025-06-19
11577,PA,2024-07-19
11578,TX,2023-01-07
11579,OK,2025-05-17
11580,VA,2024-05-29
11581,MA,2023-11-28
11582,PA,2024-03-20
11583,AZ,2023-12-01
11584,VT,2024-10-22
11585,NH,2023-10-15
11586,NY,2025-11-01
11587,CA,2025-09-23
11588,VA,2026-02-01
11589,IL,2023-06-22
11590,OR,2023-11-17
11591,IA,2025-12-04
11592,CA,2023-07-30
11593,NY,2025-06-25
11594,OR,2025-01-06
11595,CA,2024-02-21
11596,OK,2023-09-21
11597,AR,2023-10-28
11598,DE,2023-04-14
11599,NC,2025-09-13
11600,NY,2023-08-09
11601,TX,2023-11-30
11602,GA,2024-02-22
11603,WV,2024-09-26
11604,SD,2025-08-18
11605,NE,2024-03-11
11606,CA,2024-01-29
11607,MA,2025-01-03
11608,VT,2023-02-12
11609,CA,2023-07-29
11610,MN,2025-08-23
11611,AK,2023-01-11
11612,CA,2023-08-04
11613,NY,2023-08-13
11614,WA,2024-10-19
11615,CA,2025-02-11
11616,CA,2023-01-16
11617,KY,2025-10-29
11618,CA,2024-05-28
11619,MD,2023-10-20
11620,NY,2026-01-12
11621,NY,2023-02-27
11622,RI,2025-09-11
11623,PA,2025-04-30
11624,NJ,2024-10-09
11625,CO,2024-04-05
11626,FL,2025-08-26
11627,CA,2026-02-22
11628,OH,2024-11-22
11629,MD,2023-10-17
11630,CO,2026-01-25
11631,CO,2025-07-08
11632,GA,2023-09-06
11633,IL,2025-01-02
11634,ND,2024-06-08
11635,WY,2026-01-19
11636,WV,2024-12-05
11637,OH,2025-02-10
11638,MS,2024-07-29
11639,WA,2025-04-21
11640,MO,2025-01-13
11641,UT,2023-06-16
11642,MA,2023-09-06
11643,MI,2023-12-06
11644,CA,2023-04-19
11645,FL,2025-04-09
11646,CT,2024-02-21
11647,TX,2024-03-01
11648,MI,2025-12-03
11649,TN,2023-12-08
11650,TX,2025-09-29
11651,PA,2023-07-20
11652,GA,2024-01-13
11653,LA,2026-02-01
11654,CA,2024-04-02
11655,TX,2025-09-17
11656,PA,2025-06-19
11657,VA,2024-09-23
11658,CA,2025-11-17
11659,NY,2026-02-04
11660,UT,2024-06-23
11661,NY,2023-07-14
11662,NY,2025-02-10
11663,TX,2025-05-21
11664,LA,2024-11-19
11665,WA,2023-05-08
11666,TX,2023-04-16
11667,CA,2023-12-18
11668,AZ,2025-04-13
11669,CA,2023-11-10
11670,WA,2025-09-27
11671,OH,2024-01-19
11672,CA,2025-09-28
11673,NY,2023-01-17
11674,VA,2025-12-25
11675,CA,2025-06-04
11676,TX,2026-02-10
11677,MA,2023-03-12
11678,FL,2025-12-20
11679,UT,2024-03-19
11680,MA,2025-08-26
11681,CO,2024-04-27
11682,NE,2024-05-31
11683,KY,2023-11-13
11684,TX,2025-11-10
11685,TX,2024-11-28
11686,PA,2024-12-21
11687,WA,2023-08-19
11688,MA,2025-05-13
11689,MA,2026-01-06
11690,IL,2024-07-16
11691,SD,2025-02-07
11692,TX,2025-03-18
11693,CA,2024-06-13
11694,CT,2023-10-17
11695,PA,2023-04-10
11696,NC,2023-05-29
11697,KS,2024-01-30
11698,WA,2024-01-11
11699,TX,2023-04-12
11700,TX,2025-02-20
11701,NY,2023-04-02
11702,OR,2024-02-15
11703,CA,2024-02-10
11704,WA,2023-01-21
11705,AL,2024-09-23
11706,CA,2023-01-19
11707,PA,2023-06-02
11708,CA,2023-10-28
11709,PA,2024-02-17
11710,MD,2023-07-21
11711,OR,2023-05-19
11712,NY,2023-01-24
11713,FL,2023-01-12
11714,CA,2023-05-15
11715,AR,2025-07-24
11716,NY,2023-03-22
11717,MA,2025-12-29
11718,GA,2024-08-13
11719,NY,2025-09-18
11720,WI,2024-12-11
11721,TX,2025-03-07
11722,CA,2024-12-31
11723,NY,2023-10-04
11724,CA,2023-02-18
11725,WA,2024-09-01
11726,WA,2023-10-20
11727,FL,2025-11-10
11728,AL,2024-04-16
11729,WA,2023-08-18
11730,WA,2025-04-17
11731,TX,2023-12-23
11732,CA,2024-06-24
11733,RI,2025-04-06
11734,OH,2025-07-24
11735,TN,2025-11-10
11736,MA,2025-03-24
11737,MA,2024-10-06
11738,CA,2024-06-10
11739,TX,2025-10-18
11740,IL,2026-02-02
11741,TX,2024-09-14
11742,TN,2025-04-30
11743,NY,2024-02-28
11744,CT,2024-09-14
11745,PA,2023-01-04
11746,KY,2024-04-13
11747,MI,2024-10-25
11748,WI,2025-06-05
11749,NY,2024-06-21
11750,WA,2023-12-26
11751,MA,2024-06-03
11752,MA,2026-01-01
11753,NY,2026-01-06
11754,NC,2023-03-09
11755,VT,2024-11-25
11756,NY,2023-03-26
11757,PA,2023-03-20
11758,TN,2023-01-20
11759,VA,2023-06-05
11760,OH,2026-02-14
11761,CA,2025-05-29
11762,PA,2025-07-27
11763,TX,2023-01-28
11764,AL,2024-09-01
11765,FL,2025-08-31
11766,TX,2024-02-23
11767,ME,2023-01-22
11768,FL,2023-09-18
11769,FL,2023-03-01
11770,TX,2025-07-25
11771,SC,2023-06-12
11772,CA,2026-02-11
11773,TX,2023-12-20
11774,MI,2023-07-15
11775,AZ,2025-12-04
11776,FL,2024-09-16
11777,NY,2025-06-23
11778,CO,2023-06-28
11779,TX,2023-11-21
11780,LA,2024-01-05
11781,CA,2024-07-21
11782,MA,2025-02-17
11783,IN,2025-07-14
11784,WA,2023-04-25
11785,PA,2023-12-23
11786,PA,2023-04-25
11787,NJ,2025-03-08
11788,FL,2023-11-19
11789,MS,2023-02-11
11790,NC,2026-02-16
11791,TN,2024-07-27
11792,TX,2024-03-16
11793,MI,2023-10-12
11794,FL,2023-04-14
11795,CA,2024-07-22
11796,CT,2024-04-01
11797,WA,2023-11-07
11798,NY,2024-02-11
11799,NY,2025-04-24
11800,MA,2024-08-03
11801,AZ,2025-12-17
11802,GA,2024-12-19
11803,NY,2024-08-19
11804,NJ,2023-07-06
11805,PA,2025-06-14
11806,MA,2024-04-08
11807,IL,2023-11-26
11808,PA,2023-12-15
11809,AZ,2024-05-14
11810,MN,2024-05-04
11811,NY,2025-10-01
11812,NM,2023-10-07
11813,VA,2025-05-04
11814,CA,2025-10-01
11815,NJ,2024-02-02
11816,CA,2025-12-27
11817,MA,2024-03-03
11818,NC,2024-01-10
11819,TX,2025-10-12
11820,FL,2024-09-23
11821,CA,2025-09-15
11822,GA,2024-11-27
11823,MA,2025-07-16
11824,TX,2023-03-19
11825,WI,2024-05-02
11826,NY,2025-11-27
11827,CA,2024-07-20
11828,WA,2025-08-08
11829,CT,2024-07-11
11830,UT,2023-06-20
11831,CA,2024-10-03
11832,NY,2023-10-19
11833,PA,2024-08-03
11834,CA,2024-02-26
11835,TX,2023-04-15
11836,OR,2024-07-19
11837,NY,2025-05-29
11838,NY,2025-05-24
11839,TX,2023-09-05
11840,CO,2025-07-15
11841,NY,2023-11-05
11842,MA,2026-02-03
11843,NY,2023-11-11
11844,CA,2024-08-31
11845,WA,2025-08-02
11846,ID,2024-06-22
11847,TX,2023-03-13
11848,MN,2024-01-13
11849,TX,2023-05-14
11850,MD,2024-01-28
11851,NY,2025-12-23
11852,TX,2025-09-22
11853,WA,2024-02-19
11854,CA,2024-02-07
11855,FL,2026-02-10
11856,NY,2023-03-06
11857,IL,2025-05-15
11858,AL,2024-02-05
11859,GA,2023-10-17
11860,MN,2026-01-17
11861,CO,2025-01-28
11862,DE,2025-04-23
11863,PA,2024-10-22
11864,NE,2023-12-23
11865,WI,2025-05-27
11866,MI,2025-09-24
11867,VA,2025-01-21
11868,MA,2025-01-18
11869,TX,2023-12-31
11870,NC,2023-09-24
11871,FL,2024-02-10
11872,VA,2023-05-19
11873,TX,2024-10-27
11874,VA,2026-02-03
11875,IL,2023-07-04
11876,NY,2025-02-21
11877,IL,2025-05-20
11878,MD,2024-12-03
11879,NY,2025-06-25
11880,FL,2023-07-20
11881,NC,2024-09-09
11882,MD,2023-08-08
11883,FL,2025-05-06
11884,CA,2025-10-08
11885,VA,2025-11-18
11886,NC,2023-03-05
11887,OR,2025-07-25
11888,CA,2026-01-24
11889,MA,2024-06-23
11890,NH,2024-05-24
11891,NY,2023-09-08
11892,NY,2023-02-08
11893,IL,2023-03-10
11894,OH,2023-10-04
11895,MI,2026-02-17
11896,PA,2026-01-14
11897,IA,2023-06-26
11898,OR,2025-08-28
11899,PA,2024-08-28
11900,MA,2026-01-20
11901,TX,2023-03-22
11902,FL,2023-12-07
11903,FL,2024-02-25
11904,FL,2023-08-16
11905,MI,2024-04-17
11906,MD,2023-03-29
11907,NM,2023-07-09
11908,CA,2025-05-16
11909,TX,2025-09-07
11910,AZ,2025-09-07
11911,MI,2023-05-16
11912,UT,2023-02-09
11913,NY,2023-09-13
11914,CA,2025-08-04
11915,WI,2024-06-22
11916,WA,2025-05-07
11917,CA,2023-05-12
11918,WI,2025-05-17
11919,WA,2025-01-10
11920,MA,2024-06-22
11921,KY,2023-10-09
11922,AR,2024-05-06
11923,NJ,2023-10-07
11924,MN,2025-06-27
11925,TX,2024-10-27
11926,CA,2024-07-08
11927,IL,2026-02-07
11928,CA,2024-04-15
11929,CA,2024-02-16
11930,WA,2024-05-27
11931,NC,2025-05-27
11932,ME,2024-11-20
11933,FL,2025-08-06
11934,CA,2023-03-01
11935,WA,2024-02-23
11936,TX,2025-08-14
11937,WA,2025-04-04
11938,CA,2025-06-26
11939,KS,2025-01-02
11940,PA,2024-01-26
11941,CA,2025-01-05
11942,FL,2024-10-22
11943,AZ,2023-01-27
11944,OR,2024-09-14
11945,LA,2025-06-02
11946,WI,2023-05-07
11947,CA,2023-10-08
11948,MA,2023-11-15
11949,WA,2024-03-16
11950,MN,2023-12-07
11951,LA,2024-11-24
11952,VT,2023-04-29
11953,NY,2025-02-16
11954,NJ,2024-11-20
11955,TX,2024-12-13
11956,KY,2024-01-20
11957,TX,2024-05-24
11958,NV,2023-03-27
11959,IL,2023-12-27
11960,OH,2025-10-02
11961,CA,2025-03-02
11962,FL,2026-01-13
11963,KS,2023-12-25
11964,NC,2024-12-27
11965,MA,2024-03-22
11966,OH,2026-01-04
11967,MA,2026-01-26
11968,CA,2025-12-14
11969,NY,2023-11-01
11970,NE,2025-02-09
11971,WA,2024-06-17
11972,WA,2023-02-04
11973,IL,2024-11-12
11974,AZ,2025-10-11
11975,CA,2024-10-02
11976,IL,2026-01-28
11977,GA,2025-09-16
11978,FL,2025-01-28
11979,NY,2025-11-12
11980,CO,2023-10-11
11981,NY,2023-04-23
11982,TX,2024-01-08
11983,OR,2023-07-16
11984,CO,2025-06-11
11985,CO,2025-04-01
11986,NY,2023-01-10
11987,CA,2024-02-02
11988,MN,2023-06-01
11989,NY,2023-07-10
11990,FL,2023-10-04
11991,VA,2024-05-07
11992,WA,2024-05-02
11993,MA,2023-10-03
11994,TX,2023-07-09
11995,CA,2025-05-13
11996,WA,2023-10-23
11997,MI,2023-12-07
11998,MD,2024-08-15
11999,VA,2025-06-01
12000,GA,2025-08-07
12001,NC,2023-09-15
12002,CT,2025-09-03
12003,WA,2023-01-14
12004,TX,2025-11-03
12005,OR,2024-07-09
12006,CT,2025-10-04
12007,FL,2023-07-29
12008,NY,2025-11-29
12009,FL,2025-11-23
12010,LA,2025-01-16
12011,SD,2025-05-04
12012,NY,2025-04-27
12013,TN,2025-08-08
12014,IN,2024-10-01
12015,CT,2024-02-12
12016,CA,2025-03-26
12017,OK,2026-01-08
12018,WA,2023-06-25
12019,WA,2025-10-11
12020,CA,2025-04-27
12021,NY,2023-11-14
12022,MA,2024-02-14
12023,MA,2023-09-04
12024,TX,2023-06-26
12025,CA,2025-03-21
12026,SC,2023-09-21
12027,PA,2023-06-17
12028,WA,2025-11-14
12029,GA,2024-12-03
12030,AL,2024-06-11
12031,NY,2023-01-28
12032,PA,2024-10-25
12033,PA,2024-08-02
12034,CO,2023-02-06
12035,NH,2025-06-06
12036,MA,2024-06-30
12037,WA,2024-10-07
12038,NY,2025-05-27
12039,NY,2024-11-03
12040,SC,2024-01-07
12041,NY,2025-01-05
12042,PA,2023-04-12
12043,MS,2024-04-09
12044,NY,2024-11-24
12045,CA,2024-04-24
12046,CA,2025-06-28
12047,FL,2023-08-04
12048,TX,2025-09-25
12049,MD,2024-11-30
12050,WA,2024-08-22
12051,CT,2025-10-09
12052,TN,2026-01-16
12053,WA,2023-11-30
12054,TX,2024-10-25
12055,PA,2025-02-17
12056,NY,2025-09-28
12057,KY,2024-03-25
12058,CA,2023-08-04
12059,MD,2025-07-29
12060,WA,2024-08-08
12061,CA,2024-11-02
12062,WA,2025-10-13
12063,IL,2024-05-19
12064,MO,2024-03-13
12065,FL,2024-04-14
12066,WA,2023-01-06
12067,ID,2023-08-07
12068,FL,2024-07-29
12069,CA,2024-05-27
12070,CO,2025-05-18
12071,CA,2025-09-01
12072,IL,2025-02-07
12073,CA,2025-09-03
12074,IA,2024-11-16
12075,FL,2024-09-12
12076,WA,2024-07-08
12077,LA,2024-07-03
12078,TX,2023-12-29
12079,TX,2024-08-16
12080,CA,2024-09-14
12081,CO,2024-03-09
12082,CO,2023-11-14
12083,GA,2024-06-18
12084,CA,2025-12-18
12085,MA,2025-02-16
12086,CO,2023-05-20
12087,WA,2025-06-11
12088,TX,2024-09-19
12089,MN,2023-06-07
12090,WA,2025-08-31
12091,MD,2023-07-15
12092,CA,2024-12-24
12093,CA,2024-07-06
12094,NY,2025-05-11
12095,TX,2025-06-02
12096,TX,2024-04-02
12097,IL,2025-03-30
12098,PA,2025-12-04
12099,CT,2023-02-07
12100,IN,2024-11-06
12101,PA,2023-12-07
12102,AL,2023-10-29
12103,CO,2024-09-26
12104,CA,2025-06-16
12105,WA,2024-09-07
12106,NH,2023-05-12
12107,MO,2025-08-02
12108,MA,2025-06-03
12109,NJ,2024-04-15
12110,TX,2023-12-15
12111,LA,2023-02-12
12112,NC,2025-02-14
12113,NV,2024-04-26
12114,FL,2023-03-19
12115,NY,2025-11-25
12116,OH,2025-03-26
12117,WA,2025-07-16
12118,MA,2024-10-08
12119,CA,2024-10-13
12120,WA,2025-12-14
12121,NY,2025-02-02
12122,TX,2023-10-06
12123,CA,2024-04-03
12124,CA,2024-11-22
12125,TX,2024-06-08
12126,CA,2024-05-06
12127,TX,2023-03-15
12128,OH,2025-03-29
12129,NY,2023-06-04
12130,AL,2024-06-02
12131,NY,2024-01-10
12132,NC,2023-12-09
12133,CA,2024-10-26
12134,NY,2023-02-13
12135,IL,2024-07-01
12136,WA,2026-01-25
12137,AZ,2023-06-14
12138,FL,2025-01-15
12139,SD,2026-01-31
12140,CA,2024-03-11
12141,CA,2024-03-22
12142,TN,2025-10-27
12143,TX,2026-01-22
12144,NY,2024-03-19
12145,GA,2024-04-23
12146,TX,2023-02-06
12147,AZ,2023-04-08
12148,KY,2025-03-24
12149,TX,2025-11-10
12150,NC,2024-04-12
12151,CA,2023-12-20
12152,CO,2023-03-13
12153,WA,2025-12-11
12154,OR,2025-10-20
12155,MN,2025-09-16
12156,MD,2024-04-04
12157,FL,2024-05-15
12158,FL,2024-12-17
12159,WI,2024-01-02
12160,IL,2025-11-25
12161,LA,2024-08-29
12162,IL,2024-06-11
12163,CA,2025-09-25
12164,CA,2025-01-18
12165,CA,2024-08-24
12166,TX,2024-09-11
12167,MI,2023-09-12
12168,OR,2025-07-18
12169,AZ,2024-11-07
12170,TX,2025-04-15
12171,MO,2024-10-30
12172,CA,2025-11-20
12173,TX,2024-08-23
12174,NC,2024-04-30
12175,MA,2023-09-16
12176,AR,2023-09-10
12177,NH,2024-05-08
12178,MI,2026-02-04
12179,NY,2025-02-28
12180,UT,2023-12-02
12181,CO,2023-02-22
12182,PA,2024-11-17
12183,FL,2025-12-01
12184,NJ,2023-07-29
12185,MA,2025-12-01
12186,WA,2025-10-09
12187,GA,2024-11-12
12188,AZ,2025-06-12
12189,CA,2023-12-03
12190,CA,2024-12-16
12191,PA,2025-04-28
12192,CA,2024-11-05
12193,TX,2023-04-15
12194,MO,2024-12-03
12195,NY,2026-02-21
12196,CA,2026-01-27
12197,TX,2023-01-06
12198,PA,2025-03-10
12199,MA,2025-12-02
12200,FL,2024-10-14
12201,NY,2024-07-04
12202,NJ,2025-07-30
12203,MD,2024-11-04
12204,FL,2025-07-16
12205,MI,2023-11-20
12206,TX,2024-09-07
12207,WA,2025-01-26
12208,MO,2025-12-24
12209,NY,2023-07-20
12210,MA,2023-08-30
12211,NY,2025-10-27
12212,OR,2023-01-03
12213,TX,2025-05-03
12214,WA,2025-08-25
12215,GA,2025-08-22
12216,MD,2023-11-01
12217,GA,2023-11-10
12218,CA,2024-04-22
12219,OK,2025-03-06
12220,TX,2025-06-01
12221,OR,2024-05-12
12222,TX,2023-03-12
12223,CA,2025-11-02
12224,TX,2024-02-10
12225,MN,2025-11-11
12226,NY,2025-06-13
12227,AZ,2023-01-31
12228,CA,2025-12-21
12229,CA,2023-06-11
12230,CA,2024-07-17
12231,OR,2023-06-07
12232,CA,2023-01-13
12233,ND,2025-01-03
12234,TX,2025-01-22
12235,TX,2023-11-05
12236,OH,2023-05-28
12237,IL,2025-10-17
12238,AR,2025-12-14
12239,CO,2025-07-15
12240,WA,2024-07-24
12241,CA,2024-10-29
12242,AZ,2024-11-22
12243,SD,2024-05-24
12244,AZ,2024-08-08
12245,WA,2025-07-25
12246,TX,2023-02-14
12247,CA,2023-03-27
12248,FL,2023-09-21
12249,WA,2025-10-04
12250,MS,2023-08-04
12251,MA,2023-08-19
12252,NY,2024-10-15
12253,MD,2024-12-02
12254,CA,2024-12-07
12255,OR,2024-05-27
12256,RI,2026-02-01
12257,UT,2026-01-29
12258,NV,2023-11-01
12259,KY,2023-12-17
12260,PA,2025-03-13
12261,CA,2024-03-26
12262,IL,2025-07-21
12263,NY,2025-11-27
12264,IL,2025-06-20
12265,CT,2025-01-31
12266,CA,2025-01-02
12267,VA,2023-03-04
12268,CO,2024-05-19
12269,NC,2025-08-02
12270,AR,2023-09-22
12271,CT,2024-06-18
12272,UT,2026-01-07
12273,MD,2025-08-03
12274,NY,2024-05-09
12275,CA,2025-06-21
12276,WA,2025-02-02
12277,NJ,2025-05-04
12278,CA,2023-11-27
12279,NY,2025-06-22
12280,OH,2023-10-19
12281,NY,2024-03-01
12282,VA,2023-10-22
12283,TX,2025-04-12
12284,TX,2024-05-14
12285,GA,2025-04-24
12286,NY,2024-10-14
12287,FL,2025-11-26
12288,CT,2024-09-25
12289,MA,2025-01-19
12290,IL,2024-01-31
12291,MA,2025-11-11
12292,TX,2024-05-09
12293,CA,2025-07-14
12294,NY,2025-08-07
12295,MI,2025-11-04
12296,MA,2025-11-19
12297,WI,2025-11-18
12298,NC,2023-06-09
12299,MD,2024-10-31
12300,NC,2024-09-11
12301,CA,2024-09-18
12302,NC,2023-09-29
12303,CA,2024-02-24
12304,GA,2025-04-29
12305,MA,2024-05-03
12306,CA,2023-06-25
12307,VA,2025-03-06
12308,GA,2025-01-31
12309,CO,2024-04-11
12310,PA,2024-03-15
12311,AL,2025-12-15
12312,OR,2023-09-30
12313,MI,2024-12-02
12314,ID,2025-11-10
12315,NY,2023-06-14
12316,OH,2025-06-01
12317,CA,2025-09-18
12318,TN,2025-08-13
12319,FL,2025-06-03
12320,TX,2023-07-07
12321,PA,2023-07-27
12322,TX,2023-03-15
12323,IN,2024-11-04
12324,TX,2024-11-03
12325,NY,2024-05-04
12326,CA,2024-07-25
12327,CA,2025-11-15
12328,MS,2025-05-23
12329,FL,2024-05-29
12330,AZ,2023-10-07
12331,FL,2025-03-28
12332,MS,2025-07-27
12333,NY,2025-01-29
12334,FL,2024-07-09
12335,OR,2025-11-22
12336,CA,2023-10-18
12337,TX,2025-02-23
12338,LA,2025-04-05
12339,ID,2025-12-02
12340,MO,2025-08-28
12341,KY,2025-01-11
12342,IN,2023-03-24
12343,VA,2024-10-03
12344,MS,2023-03-24
12345,OH,2024-10-09
12346,MA,2024-09-10
12347,TX,2023-05-31
12348,GA,2025-08-01
12349,TX,2025-05-09
12350,NC,2023-11-15
12351,OR,2025-11-26
12352,MD,2023-04-25
12353,CA,2026-01-09
12354,NY,2024-12-05
12355,CO,2024-12-26
12356,CA,2026-01-12
12357,IL,2025-06-05
12358,TN,2025-02-16
12359,NV,2025-03-20
12360,CA,2023-06-03
12361,MI,2023-09-10
12362,CO,2024-05-16
12363,TX,2024-03-23
12364,TX,2025-07-18
12365,NY,2025-04-04
12366,IN,2025-05-03
12367,MD,2024-05-21
12368,NH,2023-05-12
12369,TX,2023-12-17
12370,AZ,2026-01-11
12371,NE,2025-03-28
12372,NC,2023-05-06
12373,TX,2025-04-14
12374,NM,2025-06-14
12375,OH,2025-08-12
12376,MD,2024-04-06
12377,PA,2024-09-16
12378,TX,2023-04-15
12379,FL,2023-03-04
12380,FL,2025-08-20
12381,AZ,2025-01-20
12382,MD,2023-01-26
12383,WA,2023-01-01
12384,NC,2023-04-04
12385,MA,2025-06-01
12386,CA,2024-03-27
12387,LA,2025-11-01
12388,ME,2023-10-25
12389,MA,2023-09-11
12390,MA,2023-07-28
12391,OH,2025-06-25
12392,FL,2023-10-11
12393,FL,2026-02-08
12394,CA,2023-12-16
12395,NY,2026-01-08
12396,NY,2023-07-03
12397,SC,2023-07-31
12398,CA,2023-06-16
12399,TX,2025-05-24
12400,NY,2024-02-11
12401,FL,2024-03-13
12402,TX,2026-01-15
12403,IL,2024-02-09
12404,NC,2023-10-02
12405,TX,2024-07-15
12406,CA,2023-04-22
12407,HI,2025-03-02
12408,NJ,2023-10-29
12409,CA,2023-05-16
12410,HI,2023-11-29
12411,WA,2025-10-23
12412,LA,2023-03-18
12413,AZ,2023-07-04
12414,CA,2024-07-23
12415,GA,2025-11-10
12416,MA,2025-08-10
12417,NY,2023-10-26
12418,CA,2024-04-16
12419,SD,2024-02-14
12420,TX,2024-11-17
12421,OR,2023-06-14
12422,TX,2026-01-10
12423,MI,2024-10-19
12424,NY,2023-06-13
12425,CA,2023-04-14
12426,OH,2026-02-27
12427,TX,2024-08-18
12428,OR,2023-04-30
12429,PA,2023-09-16
12430,FL,2026-02-01
12431,CA,2023-12-30
12432,TX,2024-01-04
12433,CA,2025-08-15
12434,NC,2024-01-29
12435,TX,2024-06-13
12436,NY,2023-05-15
12437,FL,2023-02-14
12438,IL,2024-09-15
12439,AL,2025-07-13
12440,VA,2024-08-17
12441,CT,2025-02-04
12442,TX,2023-10-20
12443,NY,2024-06-19
12444,OH,2024-09-25
12445,WA,2024-04-10
12446,AZ,2023-02-18
12447,CA,2024-10-22
12448,MO,2024-04-03
12449,TX,2024-11-27
12450,IL,2025-01-31
12451,OR,2024-02-29
12452,NY,2025-01-24
12453,MN,2025-05-26
12454,LA,2024-10-22
12455,IL,2023-03-09
12456,IL,2024-05-23
12457,AZ,2025-01-05
12458,NV,2023-07-29
12459,IL,2024-12-04
12460,CA,2023-05-04
12461,PA,2025-03-06
12462,KY,2023-10-19
12463,TX,2024-02-25
12464,CA,2025-03-22
12465,MO,2023-02-19
12466,MI,2023-07-02
12467,NY,2023-09-04
12468,CA,2026-01-16
12469,CT,2024-10-11
12470,CA,2024-07-03
12471,WA,2024-07-14
12472,NJ,2023-03-13
12473,NV,2025-02-08
12474,NC,2024-07-09
12475,FL,2024-05-18
12476,FL,2024-09-19
12477,NY,2024-10-22
12478,FL,2024-05-22
12479,CA,2025-12-30
12480,SD,2023-06-10
12481,OH,2023-05-07
12482,MI,2024-05-04
12483,NY,2023-08-27
12484,NY,2023-06-25
12485,VA,2023-07-29
12486,CO,2023-12-25
12487,MN,2024-09-25
12488,OK,2025-11-22
12489,PA,2024-05-15
12490,NJ,2023-11-08
12491,NC,2023-04-21
12492,AZ,2026-03-01
12493,CT,2024-06-03
12494,AZ,2025-11-18
12495,GA,2025-04-29
12496,GA,2025-07-21
12497,GA,2024-02-12
12498,AZ,2024-09-15
12499,CT,2026-02-02
12500,CA,2024-12-19
12501,MA,2024-07-05
12502,FL,2025-02-18
12503,TX,2023-11-16
12504,FL,2025-12-05
12505,CA,2024-10-28
12506,IL,2024-09-19
12507,NJ,2025-11-26
12508,TX,2026-02-07
12509,PA,2023-03-17
12510,CA,2024-09-01
12511,MA,2024-04-23
12512,VA,2024-08-10
12513,GA,2024-08-15
12514,FL,2023-12-30
12515,GA,2023-11-05
12516,NY,2025-12-22
12517,GA,2023-09-24
12518,NY,2023-02-02
12519,GA,2023-02-09
12520,TX,2024-11-16
12521,VA,2023-09-17
12522,TX,2025-01-05
12523,VA,2023-09-24
12524,TX,2024-10-28
12525,CA,2024-09-30
12526,WA,2025-10-25
12527,ID,2025-10-17
12528,MD,2024-03-21
12529,NY,2023-10-15
12530,OR,2025-12-17
12531,CA,2025-12-31
12532,NY,2025-03-04
12533,NY,2026-01-10
12534,SD,2025-02-13
12535,NH,2023-10-04
12536,CO,2025-08-20
12537,PA,2025-01-05
12538,WA,2025-01-05
12539,AL,2023-04-24
12540,CA,2025-02-10
12541,FL,2023-06-06
12542,GA,2025-10-09
12543,AL,2023-09-12
12544,MN,2025-11-20
12545,WA,2023-04-18
12546,MD,2023-10-09
12547,CO,2024-09-12
12548,PA,2024-01-25
12549,NY,2024-06-12
12550,NY,2025-05-27
12551,CA,2026-01-02
12552,WA,2024-03-29
12553,IL,2024-05-23
12554,TX,2023-04-06
12555,SC,2023-07-21
12556,CA,2025-11-26
12557,VA,2023-04-01
12558,GA,2023-08-21
12559,MA,2024-10-20
12560,NV,2025-10-07
12561,OH,2025-03-19
12562,FL,2025-06-30
12563,TX,2023-09-10
12564,MD,2024-12-24
12565,NY,2024-03-16
12566,OH,2025-09-22
12567,NY,2023-03-05
12568,TX,2023-01-05
12569,NV,2023-03-13
12570,NJ,2024-09-08
12571,MA,2023-11-26
12572,CA,2023-12-15
12573,NY,2023-12-31
12574,FL,2025-03-01
12575,FL,2024-02-20
12576,MA,2024-09-16
12577,CA,2024-05-21
12578,CA,2024-06-06
12579,CA,2024-12-06
12580,NY,2023-09-07
12581,AR,2025-06-19
12582,NY,2023-09-06
12583,NY,2025-05-03
12584,NY,2024-03-23
12585,MI,2023-03-24
12586,FL,2023-12-05
12587,MI,2026-01-08
12588,MA,2023-04-05
12589,CA,2025-06-30
12590,VA,2023-09-16
12591,CA,2023-05-02
12592,MA,2026-02-21
12593,WA,2024-06-18
12594,IL,2025-08-10
12595,IL,2025-06-23
12596,AZ,2025-08-04
12597,CO,2023-04-02
12598,NY,2025-11-13
12599,HI,2026-02-04
12600,FL,2023-02-21
12601,TN,2024-12-11
12602,NY,2023-10-21
12603,CA,2023-10-27
12604,KS,2023-12-11
12605,NV,2023-07-13
12606,HI,2024-03-11
12607,CA,2024-01-20
12608,OH,2025-05-04
12609,FL,2025-01-20
12610,AZ,2023-11-16
12611,CA,2023-08-27
12612,KY,2024-01-27
12613,IL,2024-10-09
12614,IL,2023-01-13
12615,NY,2024-06-24
12616,AR,2024-11-20
12617,CA,2023-09-14
12618,FL,2023-04-18
12619,WA,2023-07-02
12620,MN,2024-01-02
12621,WA,2025-10-16
12622,NY,2025-04-10
12623,SC,2025-05-11
12624,MA,2025-05-23
12625,TX,2023-06-22
12626,TX,2025-01-29
12627,TX,2025-02-09
12628,FL,2024-03-27
12629,TX,2024-04-15
12630,CO,2026-01-09
12631,TX,2023-11-17
12632,MA,2024-03-16
12633,WA,2024-02-03
12634,PA,2023-07-07
12635,CA,2025-06-03
12636,FL,2025-04-29
12637,SC,2025-01-12
12638,MO,2025-05-11
12639,NJ,2024-05-29
12640,FL,2023-06-30
12641,IL,2024-02-14
12642,NY,2024-05-30
12643,OH,2025-06-30
12644,WA,2025-05-09
12645,UT,2025-12-31
12646,NH,2023-07-01
12647,OR,2023-04-14
12648,NY,2023-10-14
12649,OR,2023-03-28
12650,GA,2024-01-21
12651,MA,2026-01-01
12652,CA,2024-08-25
12653,CA,2024-11-29
12654,NC,2024-03-18
12655,ND,2024-08-07
12656,NJ,2023-09-11
12657,NY,2025-08-09
12658,KY,2023-12-21
12659,WA,2024-02-14
12660,OR,2024-03-04
12661,FL,2024-04-19
12662,UT,2024-08-10
12663,MA,2025-09-03
12664,NY,2025-07-05
12665,CO,2023-12-08
12666,CA,2024-04-18
12667,OK,2024-02-01
12668,NY,2025-12-04
12669,OK,2024-11-21
12670,WA,2025-01-03
12671,MD,2025-11-06
12672,TX,2023-08-07
12673,CO,2024-08-18
12674,CA,2023-07-10
12675,CA,2024-10-05
12676,WA,2023-04-04
12677,IN,2026-01-23
12678,OH,2026-01-10
12679,FL,2023-12-06
12680,NC,2025-03-18
12681,IL,2023-12-26
12682,PA,2023-04-22
12683,LA,2023-10-30
12684,NJ,2023-02-20
12685,OH,2025-03-16
12686,CO,2024-12-01
12687,TX,2024-10-22
12688,MA,2026-02-10
12689,MA,2023-02-05
12690,NY,2024-09-14
12691,FL,2024-11-13
12692,CA,2026-01-06
12693,NY,2025-04-28
12694,MD,2025-08-17
12695,TX,2023-02-14
12696,FL,2025-05-22
12697,NC,2025-08-09
12698,CO,2024-10-15
12699,TX,2023-01-15
12700,MD,2024-10-01
12701,WA,2023-06-16
12702,TX,2023-03-04
12703,MD,2023-07-22
12704,NJ,2023-10-05
12705,AL,2026-01-29
12706,NE,2025-06-13
12707,WA,2024-02-07
12708,NY,2023-12-13
12709,CO,2025-02-25
12710,MA,2025-09-02
12711,NC,2025-04-13
12712,SC,2023-07-12
12713,NY,2025-06-17
12714,FL,2023-06-01
12715,CA,2024-01-21
12716,IL,2025-09-15
12717,LA,2026-01-06
12718,IL,2023-06-21
12719,RI,2023-12-03
12720,NY,2025-06-10
12721,TX,2024-08-27
12722,MA,2024-05-03
12723,AL,2024-10-27
12724,FL,2023-04-16
12725,CA,2025-05-19
12726,NY,2023-12-18
12727,WA,2025-04-27
12728,WA,2023-02-17
12729,PA,2023-01-31
12730,CT,2024-04-19
12731,FL,2024-04-21
12732,OR,2026-02-23
12733,MA,2023-08-07
12734,NY,2023-09-02
12735,FL,2024-03-18
12736,NC,2024-05-15
12737,NJ,2025-06-16
12738,MA,2025-02-07
12739,CA,2023-09-12
12740,TX,2023-03-11
12741,KS,2024-03-30
12742,VA,2024-07-31
12743,PA,2025-10-22
12744,GA,2024-05-09
12745,WI,2023-11-21
12746,DE,2025-02-19
12747,TX,2024-02-07
12748,LA,2025-04-30
12749,TX,2023-05-09
12750,CA,2023-05-26
12751,NC,2026-01-24
12752,OR,2024-05-15
12753,AZ,2023-01-08
12754,FL,2023-08-08
12755,CA,2024-12-25
12756,TX,2023-04-12
12757,FL,2025-02-12
12758,IA,2023-01-02
12759,PA,2024-11-25
12760,CO,2025-02-09
12761,NY,2025-04-13
12762,CT,2025-01-09
12763,CA,2023-07-19
12764,NC,2023-01-26
12765,WA,2025-08-01
12766,NC,2023-04-12
12767,TX,2025-08-20
12768,NV,2025-05-06
12769,PA,2024-01-07
12770,TX,2023-07-16
12771,IL,2024-05-24
12772,MD,2025-10-11
12773,UT,2025-11-19
12774,IN,2025-07-11
12775,WI,2023-10-26
12776,WI,2023-01-21
12777,NY,2025-11-30
12778,NC,2025-08-21
12779,TX,2025-08-24
12780,MA,2024-04-03
12781,KS,2024-05-28
12782,AZ,2025-12-03
12783,WA,2023-02-10
12784,NY,2025-04-17
12785,NJ,2023-09-20
12786,GA,2024-11-15
12787,NC,2025-10-29
12788,WA,2025-12-12
12789,CA,2025-10-19
12790,CT,2023-05-08
12791,MN,2024-06-14
12792,CO,2024-10-05
12793,TX,2024-06-08
12794,FL,2025-01-26
12795,CO,2025-08-23
12796,NM,2025-06-12
12797,NJ,2025-01-28
12798,TX,2023-08-20
12799,NY,2025-07-21
12800,MD,2023-03-29
12801,PA,2025-02-04
12802,TX,2024-09-28
12803,TX,2023-07-20
12804,LA,2025-09-12
12805,ME,2023-12-27
12806,TX,2023-05-12
12807,PA,2023-06-26
12808,CA,2025-12-11
12809,PA,2023-01-22
12810,CO,2024-10-14
12811,CA,2025-02-21
12812,MS,2023-06-17
12813,OH,2025-11-27
12814,NY,2025-05-22
12815,KY,2025-07-28
12816,TX,2024-09-23
12817,NC,2025-04-13
12818,PA,2024-12-22
12819,FL,2026-01-03
12820,IL,2024-03-15
12821,OR,2023-08-31
12822,NH,2024-08-23
12823,NY,2025-01-31
12824,IL,2024-06-26
12825,HI,2023-10-04
12826,WA,2024-07-03
12827,VA,2024-02-07
12828,GA,2024-10-11
12829,WA,2025-09-23
12830,OR,2023-03-17
12831,CA,2023-12-05
12832,NH,2025-02-03
12833,PA,2026-01-07
12834,CA,2023-02-07
12835,OR,2023-11-14
12836,NC,2024-10-01
12837,CA,2024-10-31
12838,VA,2023-11-25
12839,WA,2024-04-20
12840,CA,2024-06-21
12841,NY,2023-12-09
12842,FL,2023-05-20
12843,NH,2023-03-14
12844,RI,2024-03-03
12845,NJ,2025-09-09
12846,LA,2024-08-22
12847,RI,2023-04-07
12848,CA,2024-04-22
12849,GA,2025-10-18
12850,AL,2024-05-05
12851,UT,2024-02-10
12852,PA,2024-12-15
12853,WA,2024-03-22
12854,FL,2024-11-29
12855,OR,2025-11-09
12856,IN,2024-08-07
12857,NY,2024-03-02
12858,FL,2025-08-11
12859,FL,2025-04-29
12860,AZ,2024-08-16
12861,TX,2023-12-22
12862,CO,2023-01-27
12863,MO,2025-12-06
12864,TX,2024-03-31
12865,PA,2023-04-22
12866,TX,2025-01-16
12867,NJ,2024-01-10
12868,OR,2025-04-24
12869,TX,2023-05-06
12870,NY,2025-10-27
12871,VA,2024-07-15
12872,KY,2024-07-31
12873,FL,2023-12-28
12874,NC,2024-11-09
12875,WA,2025-09-09
12876,TX,2025-02-02
12877,FL,2025-02-13
12878,NY,2025-03-10
12879,NY,2023-10-02
12880,IL,2024-01-31
12881,MI,2025-06-24
12882,CA,2024-05-06
12883,FL,2024-01-12
12884,CA,2024-10-20
12885,OR,2024-06-24
12886,UT,2025-04-18
12887,MN,2023-11-16
12888,AZ,2023-08-13
12889,NY,2024-03-31
12890,CT,2024-10-12
12891,AR,2024-02-21
12892,GA,2025-03-14
12893,CA,2025-02-17
12894,CA,2025-03-08
12895,NY,2024-08-31
12896,CA,2025-03-03
12897,NY,2025-10-11
12898,NY,2025-12-16
12899,GA,2026-02-20
12900,PA,2024-08-20
12901,PA,2025-08-30
12902,ND,2023-01-06
12903,FL,2023-11-06
12904,WA,2025-02-23
12905,PA,2025-05-05
12906,PA,2025-06-23
12907,CO,2025-10-22
12908,MN,2025-02-12
12909,RI,2025-01-23
12910,CA,2025-04-02
12911,NJ,2023-02-27
12912,OH,2024-06-01
12913,WV,2023-01-30
12914,NJ,2023-05-31
12915,CA,2024-07-01
12916,MA,2023-04-20
12917,OH,2026-02-18
12918,CA,2023-08-29
12919,CA,2025-11-19
12920,AL,2024-04-10
12921,CA,2024-04-09
12922,CA,2023-08-25
12923,CO,2024-01-09
12924,FL,2024-08-22
12925,WY,2024-05-30
12926,FL,2023-09-09
12927,TX,2024-07-16
12928,IL,2024-06-19
12929,GA,2025-12-05
12930,NH,2024-09-19
12931,CA,2024-08-29
12932,CA,2024-03-10
12933,CA,2024-09-02
12934,TX,2023-10-03
12935,WA,2025-04-27
12936,AZ,2026-01-23
12937,MA,2025-06-22
12938,MA,2024-10-28
12939,NC,2025-02-20
12940,MS,2025-04-12
12941,MI,2024-05-18
12942,NY,2023-10-03
12943,CA,2023-11-22
12944,CA,2024-07-10
12945,TX,2024-05-27
12946,MA,2023-10-22
12947,MN,2024-01-10
12948,CA,2023-02-25
12949,VA,2025-06-30
12950,MA,2023-01-20
12951,TX,2025-05-01
12952,LA,2024-08-13
12953,MA,2025-07-09
12954,CA,2024-01-01
12955,MO,2023-01-01
12956,MN,2025-07-01
12957,NV,2025-04-27
12958,MA,2024-12-25
12959,FL,2025-01-29
12960,TX,2026-02-16
12961,TX,2023-08-15
12962,PA,2025-11-13
12963,NC,2024-12-02
12964,TX,2023-11-04
12965,LA,2025-08-19
12966,NY,2024-07-22
12967,CA,2026-01-17
12968,MI,2024-09-12
12969,NY,2024-10-14
12970,TX,2025-03-07
12971,FL,2024-04-24
12972,WA,2025-06-20
12973,MN,2025-06-15
12974,FL,2025-07-08
12975,CA,2024-08-08
12976,CO,2023-09-19
12977,AZ,2024-02-08
12978,CA,2024-11-25
12979,TX,2025-02-24
12980,RI,2023-10-04
12981,NE,2024-11-07
12982,MD,2023-08-05
12983,MO,2023-07-09
12984,NY,2025-11-07
12985,CA,2025-01-13
12986,NY,2023-08-31
12987,IL,2023-02-22
12988,MA,2024-07-15
12989,NJ,2025-02-10
12990,NH,2023-11-15
12991,CA,2024-12-07
12992,TX,2023-09-05
12993,NM,2023-06-26
12994,CA,2023-01-13
12995,FL,2023-10-16
12996,VA,2024-03-06
12997,AZ,2024-07-29
12998,FL,2023-02-03
12999,NY,2024-10-02
13000,TX,2023-05-13
13001,NH,2025-06-15
13002,CA,2025-09-08
13003,ND,2024-02-05
13004,IN,2024-08-28
13005,CA,2024-09-02
13006,MO,2025-12-19
13007,TX,2024-10-02
13008,TX,2023-05-12
13009,IN,2024-01-28
13010,PA,2025-03-23
13011,MN,2025-07-16
13012,NY,2024-08-03
13013,CO,2023-01-14
13014,DE,2024-03-10
13015,MN,2024-04-18
13016,AZ,2023-05-31
13017,NC,2024-04-14
13018,MI,2024-02-15
13019,WA,2023-12-11
13020,GA,2025-03-14
13021,CA,2024-06-27
13022,FL,2026-01-01
13023,ME,2023-07-13
13024,NY,2025-07-26
13025,NJ,2024-09-20
13026,NY,2024-03-05
13027,CO,2023-08-05
13028,IL,2025-10-17
13029,CA,2025-08-27
13030,CA,2024-04-29
13031,WA,2024-08-23
13032,MA,2023-12-26
13033,NC,2024-10-30
13034,MI,2024-02-25
13035,NY,2024-08-03
13036,TX,2025-02-20
13037,MN,2024-05-31
13038,TX,2023-08-31
13039,IL,2024-09-21
13040,GA,2025-10-13
13041,FL,2023-06-21
13042,TX,2024-10-16
13043,NH,2025-02-07
13044,MI,2024-04-04
13045,CA,2026-01-06
13046,NM,2024-06-15
13047,WA,2023-10-18
13048,NY,2024-10-20
13049,NY,2025-05-01
13050,ND,2024-07-07
13051,PA,2024-03-03
13052,NY,2024-04-15
13053,WA,2025-05-15
13054,CT,2024-05-27
13055,MN,2023-11-20
13056,NY,2023-09-12
13057,TX,2024-12-21
13058,FL,2024-08-12
13059,GA,2023-02-20
13060,CA,2025-03-10
13061,WI,2023-04-10
13062,AZ,2024-04-08
13063,OH,2024-05-13
13064,GA,2025-07-03
13065,CA,2023-08-25
13066,VA,2024-04-16
13067,NC,2023-06-06
13068,OH,2023-10-25
13069,RI,2025-11-03
13070,CA,2023-04-26
13071,MA,2023-05-19
13072,IL,2023-03-16
13073,CA,2025-03-25
13074,FL,2025-11-13
13075,PA,2024-02-10
13076,CA,2025-08-08
13077,TX,2024-07-20
13078,CA,2023-11-22
13079,AL,2023-11-25
13080,PA,2023-03-30
13081,OH,2023-01-15
13082,MI,2024-09-25
13083,GA,2023-06-27
13084,VA,2023-09-26
13085,HI,2026-02-02
13086,NY,2023-12-05
13087,NE,2024-01-27
13088,NY,2023-05-21
13089,TX,2023-06-18
13090,NY,2025-11-06
13091,FL,2023-01-05
13092,CA,2024-09-10
13093,NY,2025-02-07
13094,NH,2024-11-10
13095,FL,2024-04-07
13096,MD,2024-01-17
13097,NY,2024-04-26
13098,VA,2024-09-16
13099,WA,2024-04-20
13100,CA,2024-04-09
13101,MA,2024-05-08
13102,PA,2024-06-18
13103,MN,2024-09-22
13104,GA,2023-10-09
13105,TX,2025-04-10
13106,TX,2024-03-05
13107,VA,2024-08-03
13108,FL,2025-05-07
13109,OH,2023-09-10
13110,WA,2024-07-16
13111,NC,2025-12-02
13112,OR,2024-06-20
13113,CA,2025-06-16
13114,IL,2023-09-27
13115,TX,2024-09-07
13116,WI,2025-07-24
13117,FL,2023-10-22
13118,MN,2025-06-01
13119,NE,2024-04-16
13120,TX,2025-03-27
13121,NY,2023-02-14
13122,DE,2025-03-09
13123,VA,2025-05-29
13124,NY,2024-11-08
13125,FL,2023-07-26
13126,WA,2026-02-05
13127,OR,2025-07-24
13128,MA,2024-03-17
13129,TN,2025-12-24
13130,OH,2023-09-24
13131,NY,2024-02-03
13132,MA,2023-08-12
13133,PA,2024-10-26
13134,CO,2025-07-23
13135,MD,2023-08-14
13136,CA,2023-07-19
13137,MI,2024-05-18
13138,WA,2023-01-11
13139,NV,2025-06-27
13140,MD,2025-04-16
13141,CA,2025-09-05
13142,PA,2023-10-04
13143,CT,2025-10-23
13144,CA,2025-07-17
13145,MN,2025-02-28
13146,VT,2023-01-05
13147,CA,2024-06-04
13148,GA,2023-10-07
13149,CA,2025-08-29
13150,MD,2023-11-13
13151,IL,2023-05-07
13152,FL,2023-10-31
13153,TX,2025-01-18
13154,ND,2024-12-31
13155,OR,2024-05-04
13156,NY,2024-03-12
13157,CA,2025-11-27
13158,MO,2024-04-27
13159,FL,2025-09-18
13160,CA,2023-11-11
13161,IL,2026-01-25
13162,CO,2025-07-27
13163,MA,2023-01-17
13164,MN,2025-07-28
13165,CA,2025-09-06
13166,IL,2024-03-22
13167,IA,2023-10-06
13168,TX,2024-03-27
13169,NY,2024-10-27
13170,OR,2024-08-28
13171,PA,2023-01-29
13172,PA,2025-10-30
13173,ID,2025-03-12
13174,MI,2023-04-11
13175,GA,2024-10-14
13176,CA,2023-03-28
13177,CT,2024-04-14
13178,CA,2024-10-01
13179,UT,2026-01-10
13180,MA,2023-04-29
13181,NJ,2025-02-26
13182,IL,2024-01-12
13183,NH,2024-03-03
13184,NY,2024-12-20
13185,NY,2023-11-10
13186,PA,2023-08-31
13187,CA,2025-09-11
13188,NJ,2024-09-18
13189,TX,2023-01-16
13190,MS,2024-05-30
13191,PA,2023-09-23
13192,NY,2024-07-13
13193,NJ,2025-01-04
13194,AL,2024-12-16
13195,WA,2023-01-20
13196,TX,2025-04-07
13197,CA,2023-01-11
13198,CA,2025-11-09
13199,NY,2023-10-06
13200,OR,2025-06-13
13201,CA,2023-11-29
13202,NY,2025-02-16
13203,PA,2025-01-13
13204,OH,2023-02-07
13205,IL,2025-08-31
13206,TX,2026-01-11
13207,PA,2023-02-01
13208,CA,2025-12-13
13209,FL,2025-01-06
13210,CO,2024-09-10
13211,MO,2025-09-11
13212,CA,2025-06-28
13213,WA,2023-02-14
13214,NY,2024-09-21
13215,MN,2023-10-21
13216,CO,2026-02-22
13217,CA,2023-12-10
13218,ID,2025-09-27
13219,FL,2025-06-10
13220,NC,2024-02-27
13221,AZ,2023-06-16
13222,CA,2023-09-26
13223,MN,2025-07-18
13224,NV,2026-02-21
13225,NM,2025-12-17
13226,WA,2025-05-29
13227,FL,2023-02-28
13228,CA,2024-03-25
13229,NC,2023-08-05
13230,MN,2023-09-01
13231,IL,2023-04-13
13232,WA,2024-05-31
13233,VA,2023-09-21
13234,WA,2023-08-29
13235,TX,2025-05-10
13236,AR,2025-01-03
13237,WA,2025-07-19
13238,NV,2024-03-30
13239,FL,2025-09-12
13240,MD,2024-06-27
13241,NC,2025-05-14
13242,NV,2024-01-09
13243,TX,2025-11-13
13244,GA,2024-01-09
13245,CA,2025-08-18
13246,VA,2024-10-01
13247,MN,2023-04-22
13248,MS,2024-05-07
13249,TX,2023-10-21
13250,CA,2024-02-26
13251,CA,2023-05-29
13252,TX,2023-05-31
13253,RI,2023-06-17
13254,NC,2026-01-10
13255,FL,2023-03-11
13256,NY,2024-03-01
13257,MD,2024-06-08
13258,PA,2023-07-31
13259,MD,2023-04-12
13260,FL,2023-11-29
13261,FL,2023-07-24
13262,TX,2023-08-17
13263,KS,2026-01-27
13264,TX,2025-08-11
13265,UT,2024-04-04
13266,OH,2024-07-08
13267,TX,2025-06-08
13268,FL,2024-09-27
13269,IL,2025-11-09
13270,AZ,2025-07-19
13271,MI,2023-11-07
13272,NY,2025-04-21
13273,NY,2024-11-10
13274,DE,2025-09-22
13275,AL,2023-03-20
13276,CT,2023-09-03
13277,NC,2025-02-21
13278,VA,2024-04-16
13279,FL,2026-01-27
13280,TX,2023-11-18
13281,NC,2023-05-21
13282,CA,2026-02-06
13283,NY,2023-11-09
13284,MA,2026-02-18
13285,TX,2023-04-09
13286,NY,2024-05-08
13287,NC,2023-04-20
13288,FL,2024-04-28
13289,CA,2023-05-10
13290,FL,2025-04-19
13291,FL,2024-05-20
13292,NC,2025-02-07
13293,OH,2023-07-29
13294,CO,2023-12-27
13295,GA,2023-06-03
13296,PA,2024-06-16
13297,TX,2023-11-06
13298,NY,2024-04-18
13299,HI,2025-01-05
13300,NC,2024-09-27
13301,OH,2025-05-25
13302,TX,2023-10-27
13303,TX,2023-12-07
13304,NE,2025-10-24
13305,NY,2024-09-26
13306,NY,2024-07-07
13307,CA,2024-02-24
13308,WI,2025-01-06
13309,GA,2024-01-24
13310,WA,2023-01-11
13311,NY,2024-08-30
13312,NV,2023-10-05
13313,GA,2025-10-14
13314,FL,2026-01-14
13315,UT,2023-08-19
13316,CA,2023-05-18
13317,CA,2025-09-23
13318,NC,2024-06-14
13319,CA,2024-08-29
13320,CA,2025-11-06
13321,NY,2025-03-02
13322,NY,2023-03-22
13323,NV,2024-11-27
13324,IL,2023-08-01
13325,WA,2023-07-25
13326,KY,2025-06-18
13327,NC,2025-01-17
13328,NV,2025-05-26
13329,FL,2024-08-04
13330,TX,2024-01-30
13331,KY,2023-12-03
13332,CA,2025-03-09
13333,CA,2025-02-19
13334,WA,2023-10-06
13335,WA,2023-09-06
13336,VT,2025-04-12
13337,IL,2025-11-19
13338,PA,2025-06-30
13339,TX,2025-07-27
13340,OR,2026-02-28
13341,NY,2024-06-07
13342,GA,2024-04-04
13343,TX,2024-01-30
13344,IN,2024-02-17
13345,FL,2023-04-27
13346,CA,2023-04-19
13347,GA,2023-08-24
13348,MA,2025-04-05
13349,NC,2025-10-06
13350,VA,2025-06-27
13351,MA,2024-01-31
13352,MN,2025-09-03
13353,MA,2023-01-01
13354,OR,2023-01-08
13355,CA,2023-05-24
13356,WA,2023-10-02
13357,CA,2023-10-14
13358,KY,2024-05-04
13359,MA,2024-09-24
13360,MA,2024-12-29
13361,IL,2023-01-31
13362,CO,2025-08-21
13363,HI,2023-09-01
13364,TX,2023-05-20
13365,TX,2024-02-05
13366,CA,2024-12-25
13367,TX,2025-09-08
13368,WA,2023-06-13
13369,MA,2023-04-14
13370,OR,2023-03-04
13371,GA,2023-01-15
13372,AR,2023-06-28
13373,NV,2024-03-16
13374,MI,2024-06-08
13375,MD,2024-12-27
13376,UT,2023-11-07
13377,CA,2025-01-07
13378,IN,2023-05-10
13379,CA,2025-08-25
13380,TX,2025-07-15
13381,CA,2025-11-14
13382,NY,2025-10-08
13383,CA,2024-03-24
13384,NY,2023-06-09
13385,CA,2024-11-18
13386,AZ,2025-04-27
13387,MN,2024-05-04
13388,CA,2023-10-07
13389,GA,2023-03-22
13390,ME,2026-02-22
13391,PA,2023-06-19
13392,NY,2026-01-18
13393,TX,2024-01-15
13394,OR,2025-05-09
13395,NJ,2023-04-21
13396,TX,2023-06-13
13397,CA,2024-02-19
13398,UT,2024-10-01
13399,CA,2023-06-04
13400,NE,2023-07-13
13401,OH,2024-11-15
13402,MT,2025-04-04
13403,CA,2023-01-21
13404,UT,2025-04-02
13405,NY,2025-10-19
13406,NV,2023-04-19
13407,NY,2024-02-03
13408,WA,2025-07-18
13409,TX,2025-05-21
13410,CA,2023-05-09
13411,CA,2023-10-07
13412,MA,2024-03-02
13413,FL,2025-11-16
13414,KY,2025-06-23
13415,OH,2023-12-10
13416,NY,2024-08-26
13417,NC,2023-07-15
13418,FL,2025-06-11
13419,GA,2025-01-02
13420,CA,2023-06-05
13421,OH,2024-03-15
13422,MI,2023-04-11
13423,TN,2025-01-17
13424,NY,2024-05-14
13425,WA,2025-12-28
13426,SD,2024-01-21
13427,NJ,2023-05-18
13428,CO,2023-09-05
13429,TX,2023-04-13
13430,TX,2024-05-24
13431,SC,2024-12-27
13432,GA,2023-03-28
13433,GA,2025-05-29
13434,GA,2025-07-19
13435,NH,2025-10-03
13436,PA,2025-10-10
13437,NY,2023-09-15
13438,GA,2023-09-30
13439,IL,2025-05-12
13440,GA,2025-04-27
13441,NM,2025-11-13
13442,MD,2025-04-04
13443,NC,2024-08-17
13444,NC,2024-02-04
13445,ND,2023-12-19
13446,PA,2025-03-14
13447,CA,2023-01-10
13448,NY,2025-12-02
13449,CA,2025-12-10
13450,AR,2024-12-19
13451,CO,2023-04-17
13452,MA,2025-02-09
13453,UT,2024-05-04
13454,NY,2024-11-05
13455,OR,2024-04-19
13456,WA,2024-08-03
13457,IL,2025-04-26
13458,TX,2024-04-04
13459,TX,2024-02-29
13460,IL,2023-11-25
13461,WA,2025-02-05
13462,MA,2024-05-20
13463,RI,2024-09-19
13464,FL,2024-04-22
13465,WA,2023-01-14
13466,CA,2025-06-08
13467,AL,2024-12-27
13468,MA,2026-01-21
13469,CT,2025-10-07
13470,GA,2025-01-15
13471,CA,2023-06-29
13472,CO,2024-07-19
13473,VA,2023-11-01
13474,OH,2024-04-19
13475,WA,2025-06-17
13476,TX,2024-06-07
13477,AL,2026-02-08
13478,SC,2024-02-25
13479,CA,2024-02-15
13480,MD,2024-11-11
13481,PA,2024-09-07
13482,TX,2024-06-06
13483,NJ,2023-11-25
13484,MA,2023-09-29
13485,CT,2023-01-14
13486,CO,2023-06-24
13487,NY,2023-06-07
13488,NC,2024-09-13
13489,NJ,2023-08-22
13490,NC,2023-05-21
13491,TN,2023-04-29
13492,WI,2024-01-17
13493,TX,2024-11-19
13494,AZ,2023-02-18
13495,NH,2023-05-29
13496,CA,2023-06-06
13497,CA,2024-08-26
13498,CA,2023-06-01
13499,VA,2024-01-11
13500,NC,2024-11-12
13501,SC,2024-08-18
13502,WA,2025-12-07
13503,CA,2024-08-11
13504,VA,2025-10-19
13505,MD,2025-02-14
13506,LA,2024-09-23
13507,TX,2023-09-19
13508,FL,2025-04-21
13509,MN,2025-12-11
13510,PA,2024-05-03
13511,WA,2023-09-08
13512,NY,2023-11-10
13513,IL,2025-12-15
13514,TN,2025-01-22
13515,VA,2025-10-03
13516,OH,2023-06-13
13517,NY,2025-09-01
13518,AZ,2023-05-13
13519,CA,2023-03-22
13520,IL,2023-12-16
13521,VA,2023-05-14
13522,CA,2025-09-01
13523,NY,2025-12-11
13524,IL,2024-05-08
13525,IL,2023-07-21
13526,NC,2024-12-10
13527,OK,2024-09-09
13528,NY,2025-01-25
13529,MD,2025-08-30
13530,CA,2025-11-03
13531,NY,2023-06-14
13532,TX,2024-07-14
13533,CO,2024-08-04
13534,UT,2023-04-29
13535,ID,2024-11-23
13536,NY,2023-12-01
13537,PA,2024-09-28
13538,NC,2023-08-19
13539,PA,2023-11-07
13540,FL,2023-01-03
13541,WA,2024-11-15
13542,FL,2023-03-22
13543,AZ,2024-01-23
13544,NY,2025-04-06
13545,TX,2023-08-07
13546,CO,2024-10-13
13547,ND,2023-03-04
13548,TN,2024-03-15
13549,MD,2025-11-16
13550,WA,2024-12-08
13551,CA,2023-07-29
13552,NC,2025-11-11
13553,CT,2025-11-08
13554,HI,2024-05-23
13555,OR,2024-11-04
13556,NY,2024-10-12
13557,CT,2025-06-06
13558,CO,2023-02-06
13559,CA,2024-02-11
13560,GA,2024-02-28
13561,NJ,2024-11-13
13562,MN,2023-12-04
13563,CO,2025-07-07
13564,NC,2025-02-05
13565,AL,2024-10-13
13566,MA,2025-08-05
13567,WA,2025-12-17
13568,CA,2024-01-11
13569,KY,2024-02-11
13570,NY,2023-02-25
13571,WA,2024-04-19
13572,LA,2023-01-17
13573,ID,2024-03-08
13574,NY,2023-08-25
13575,CA,2023-11-03
13576,FL,2024-03-08
13577,TN,2023-01-24
13578,TX,2025-10-10
13579,TX,2024-11-11
13580,TX,2025-08-09
13581,AZ,2024-02-19
13582,FL,2025-01-22
13583,MD,2024-02-20
13584,NY,2025-05-25
13585,FL,2025-03-20
13586,WI,2025-06-08
13587,WA,2024-11-07
13588,OH,2024-02-04
13589,CT,2025-05-02
13590,GA,2023-05-21
13591,PA,2024-01-13
13592,GA,2026-02-17
13593,MI,2024-03-25
13594,VT,2025-06-06
13595,NY,2026-02-02
13596,OR,2025-04-29
13597,MA,2023-04-02
13598,LA,2024-04-29
13599,CA,2024-02-25
13600,MA,2024-12-16
13601,TX,2024-07-05
13602,CA,2025-06-22
13603,CA,2025-12-13
13604,TX,2024-08-23
13605,AR,2026-01-25
13606,AZ,2023-07-04
13607,TX,2025-08-22
13608,IL,2026-02-22
13609,LA,2025-05-01
13610,MO,2023-07-10
13611,NY,2023-07-18
13612,CA,2023-12-10
13613,NJ,2023-06-23
13614,NY,2023-08-05
13615,MI,2023-06-23
13616,NY,2023-03-19
13617,PA,2024-07-29
13618,WA,2025-04-20
13619,WI,2024-03-12
13620,PA,2023-07-18
13621,GA,2024-08-24
13622,MN,2025-10-27
13623,IL,2025-09-30
13624,MA,2024-09-25
13625,WY,2024-09-19
13626,PA,2024-06-08
13627,TX,2025-08-20
13628,PA,2025-11-09
13629,CA,2023-09-11
13630,NY,2024-08-20
13631,MA,2024-07-26
13632,MA,2025-06-11
13633,OH,2023-08-03
13634,IL,2025-06-02
13635,MN,2024-08-24
13636,NY,2024-07-21
13637,CT,2024-08-28
13638,CA,2024-07-05
13639,TX,2023-12-03
13640,NC,2023-11-15
13641,LA,2024-04-10
13642,NC,2024-12-29
13643,LA,2025-06-18
13644,NY,2023-12-17
13645,CA,2025-12-21
13646,IL,2025-08-07
13647,NY,2023-07-09
13648,NJ,2025-12-19
13649,MA,2024-11-17
13650,OR,2023-03-14
13651,TN,2024-02-20
13652,CA,2023-06-28
13653,PA,2025-12-26
13654,NC,2023-03-18
13655,OH,2023-09-05
13656,TX,2024-12-07
13657,NY,2025-09-14
13658,TX,2023-03-09
13659,OR,2025-04-29
13660,NY,2026-01-27
13661,PA,2024-08-10
13662,TX,2025-04-22
13663,AZ,2025-02-19
13664,WA,2025-05-31
13665,CO,2024-12-22
13666,GA,2023-11-20
13667,WA,2026-02-20
13668,CO,2025-11-22
13669,IL,2024-10-16
13670,NC,2023-05-25
13671,PA,2025-02-12
13672,IL,2023-11-06
13673,TX,2023-05-24
13674,PA,2025-07-30
13675,AL,2024-10-25
13676,MA,2025-06-11
13677,CA,2024-05-31
13678,WA,2023-07-14
13679,PA,2025-03-28
13680,MD,2024-12-29
13681,VA,2026-02-10
13682,CA,2024-04-20
13683,MD,2024-03-09
13684,CA,2024-02-21
13685,LA,2024-12-11
13686,IL,2023-05-18
13687,VA,2025-03-19
13688,AZ,2023-05-14
13689,TN,2025-02-22
13690,FL,2025-03-02
13691,SD,2025-01-03
13692,MD,2024-01-12
13693,LA,2024-01-30
13694,TX,2024-04-14
13695,NY,2025-02-09
13696,GA,2026-02-17
13697,TN,2023-01-19
13698,IN,2025-03-18
13699,TX,2023-09-04
13700,WV,2025-12-26
13701,GA,2023-12-08
13702,CO,2023-12-11
13703,IL,2025-07-12
13704,GA,2024-01-22
13705,GA,2023-12-08
13706,NY,2023-04-18
13707,NY,2024-11-07
13708,NY,2024-09-24
13709,CA,2025-09-24
13710,SD,2024-08-18
13711,CO,2026-02-04
13712,ND,2024-08-07
13713,TX,2024-04-21
13714,NY,2023-12-03
13715,MA,2023-11-09
13716,OH,2024-08-31
13717,NC,2025-02-28
13718,IL,2024-08-16
13719,NC,2023-10-27
13720,CA,2024-11-22
13721,TX,2024-12-28
13722,CA,2023-08-24
13723,VA,2025-08-22
13724,WA,2025-06-15
13725,WA,2023-07-30
13726,NC,2023-10-13
13727,MT,2024-02-27
13728,CO,2024-05-08
13729,WI,2025-10-14
13730,WA,2025-04-16
13731,HI,2025-02-05
13732,WA,2023-12-11
13733,NC,2024-06-06
13734,NE,2025-03-29
13735,WA,2023-11-15
13736,FL,2025-10-13
13737,GA,2024-11-25
13738,CA,2024-08-12
13739,CA,2024-09-26
13740,TX,2023-07-27
13741,IL,2023-07-05
13742,WY,2025-09-03
13743,FL,2023-01-17
13744,FL,2023-09-11
13745,PA,2025-08-28
13746,MO,2024-09-02
13747,SD,2024-03-21
13748,WY,2025-09-22
13749,SC,2025-06-02
13750,IL,2026-02-11
13751,LA,2026-01-25
13752,NY,2025-09-09
13753,MO,2024-05-20
13754,GA,2023-11-24
13755,CA,2023-12-15
13756,FL,2023-11-03
13757,FL,2023-07-18
13758,OH,2026-02-21
13759,WA,2024-08-29
13760,CT,2024-09-02
13761,ME,2025-07-09
13762,CA,2023-08-23
13763,HI,2025-02-23
13764,FL,2025-04-21
13765,TX,2025-11-07
13766,MD,2025-08-16
13767,VA,2024-01-16
13768,TX,2026-02-17
13769,MA,2025-02-06
13770,AZ,2023-04-06
13771,WA,2023-01-31
13772,MD,2023-04-07
13773,GA,2024-12-05
13774,ME,2025-12-05
13775,CA,2023-08-24
13776,NY,2023-12-03
13777,AZ,2024-11-04
13778,FL,2023-10-12
13779,NE,2023-05-14
13780,MO,2025-02-07
13781,MA,2024-11-25
13782,IA,2024-06-22
13783,OK,2023-09-17
13784,TX,2024-05-17
13785,MN,2024-08-14
13786,FL,2025-06-14
13787,NY,2025-10-18
13788,NY,2023-03-25
13789,MN,2024-02-14
13790,VA,2023-11-24
13791,MD,2023-12-12
13792,CA,2025-07-11
13793,FL,2023-04-07
13794,NC,2024-09-28
13795,AZ,2023-07-02
13796,WA,2025-03-24
13797,CO,2025-06-14
13798,CA,2024-10-22
13799,NY,2025-08-02
13800,NY,2025-03-12
13801,PA,2024-01-13
13802,WA,2026-01-15
13803,IL,2024-11-10
13804,NY,2023-03-31
13805,NC,2024-05-02
13806,NY,2025-03-30
13807,LA,2025-05-12
13808,NY,2025-01-12
13809,IA,2026-01-17
13810,CA,2024-03-21
13811,TX,2025-05-13
13812,IL,2025-11-06
13813,TX,2024-11-16
13814,FL,2025-10-24
13815,NY,2023-10-08
13816,PA,2025-08-26
13817,RI,2024-06-16
13818,IL,2024-08-27
13819,AL,2024-04-22
13820,WA,2023-03-30
13821,MA,2026-02-10
13822,WA,2024-09-01
13823,CA,2023-05-22
13824,NY,2024-10-23
13825,CA,2024-07-13
13826,TX,2023-02-20
13827,MI,2023-07-27
13828,GA,2024-06-06
13829,GA,2024-12-09
13830,WA,2025-03-18
13831,NC,2023-03-22
13832,AZ,2024-02-13
13833,FL,2025-08-31
13834,NV,2025-06-09
13835,AZ,2024-11-12
13836,MA,2023-03-27
13837,CT,2023-04-14
13838,NJ,2024-04-04
13839,WA,2025-01-09
13840,OR,2024-04-05
13841,MS,2026-02-18
13842,MS,2024-03-15
13843,FL,2024-07-22
13844,CA,2025-05-18
13845,CA,2024-07-03
13846,KS,2023-08-17
13847,TX,2026-02-28
13848,NV,2023-06-20
13849,MD,2023-02-04
13850,FL,2023-12-07
13851,FL,2024-07-23
13852,TX,2024-06-20
13853,NC,2024-06-27
13854,IL,2023-12-22
13855,MN,2025-01-14
13856,CA,2025-10-16
13857,ME,2024-06-16
13858,CA,2024-01-08
13859,CA,2025-10-12
13860,PA,2023-01-14
13861,WA,2023-08-03
13862,WA,2024-06-19
13863,NY,2025-11-09
13864,CT,2025-07-16
13865,FL,2024-03-11
13866,NY,2025-09-17
13867,TX,2025-12-11
13868,WA,2023-12-23
13869,KY,2024-12-19
13870,IN,2025-05-21
13871,VA,2024-08-29
13872,OK,2025-02-16
13873,GA,2023-11-22
13874,OH,2024-06-10
13875,FL,2024-11-17
13876,TX,2023-08-07
13877,GA,2024-06-05
13878,MO,2024-02-09
13879,FL,2025-11-08
13880,IL,2024-08-02
13881,CA,2025-02-28
13882,RI,2023-10-21
13883,UT,2023-01-15
13884,WA,2023-11-22
13885,GA,2025-08-28
13886,TX,2023-06-07
13887,IA,2026-02-01
13888,CA,2025-06-18
13889,TX,2025-03-16
13890,PA,2023-05-27
13891,CA,2024-05-28
13892,CO,2025-12-27
13893,MN,2024-05-18
13894,NY,2025-12-28
13895,CO,2024-02-17
13896,NY,2025-12-23
13897,NY,2024-08-14
13898,WA,2025-02-04
13899,VA,2023-08-25
13900,CA,2024-01-31
13901,NC,2023-05-12
13902,TX,2023-08-14
13903,ME,2023-04-28
13904,WA,2024-09-29
13905,CO,2023-12-05
13906,OH,2024-02-23
13907,NY,2024-04-06
13908,SC,2024-11-06
13909,NC,2024-12-18
13910,IN,2026-02-01
13911,MA,2023-04-24
13912,NY,2024-07-16
13913,WA,2023-11-02
13914,FL,2024-09-14
13915,NY,2023-02-24
13916,SC,2024-06-07
13917,VA,2024-03-09
13918,CT,2023-07-09
13919,UT,2024-01-24
13920,KY,2024-10-28
13921,TX,2023-12-12
13922,CA,2023-09-22
13923,NV,2025-05-21
13924,IL,2026-02-01
13925,TX,2023-05-21
13926,OR,2025-01-18
13927,FL,2024-07-09
13928,CO,2023-08-27
13929,MN,2026-01-26
13930,CA,2025-04-15
13931,NY,2025-08-27
13932,CA,2024-07-18
13933,WA,2024-09-12
13934,VT,2023-09-14
13935,ME,2025-10-31
13936,NE,2023-06-27
13937,UT,2025-09-09
13938,FL,2024-02-01
13939,MN,2024-06-20
13940,KY,2024-09-29
13941,MA,2023-09-23
13942,KY,2025-09-11
13943,GA,2026-01-29
13944,AZ,2024-02-08
13945,NC,2023-05-19
13946,OH,2023-03-10
13947,IN,2025-03-15
13948,OK,2023-06-26
13949,PA,2024-06-28
13950,TX,2023-10-28
13951,OR,2025-10-11
13952,KY,2024-10-07
13953,NC,2024-02-03
13954,MA,2025-01-26
13955,WA,2024-07-26
13956,OH,2023-02-25
13957,WA,2024-01-17
13958,FL,2024-04-15
13959,FL,2024-09-26
13960,OH,2025-01-12
13961,WA,2023-02-04
13962,KS,2025-09-02
13963,IL,2023-01-21
13964,MS,2023-09-22
13965,NY,2024-04-01
13966,UT,2026-02-17
13967,MO,2025-08-07
13968,FL,2024-01-18
13969,VA,2024-06-18
13970,UT,2025-11-28
13971,FL,2025-09-10
13972,NM,2025-11-11
13973,VA,2023-02-16
13974,NY,2025-01-15
13975,RI,2024-06-22
13976,NJ,2025-12-07
13977,NY,2024-11-09
13978,CO,2025-09-10
13979,MD,2026-01-09
13980,OR,2023-02-14
13981,OR,2023-10-02
13982,FL,2025-09-11
13983,NY,2023-08-20
13984,PA,2023-03-27
13985,NV,2026-02-02
13986,PA,2023-06-26
13987,CA,2024-09-29
13988,NJ,2025-12-19
13989,WY,2024-08-10
13990,MA,2024-08-25
13991,MA,2026-02-13
13992,MA,2024-09-29
13993,IL,2023-04-24
13994,GA,2025-09-25
13995,NY,2024-09-03
13996,MN,2023-05-31
13997,CT,2024-08-06
13998,IL,2025-09-14
13999,NY,2024-01-05
14000,GA,2025-09-01
14001,IL,2023-03-13
14002,NJ,2025-05-09
14003,NY,2023-12-19
14004,NY,2025-10-31
14005,FL,2025-03-20
14006,CA,2025-01-10
14007,GA,2024-09-29
14008,IN,2023-06-02
14009,OH,2024-01-21
14010,IN,2024-11-21
14011,MA,2023-05-19
14012,GA,2023-07-25
14013,IN,2023-04-06
14014,GA,2024-12-26
14015,NY,2023-11-14
14016,CA,2024-05-26
14017,NY,2023-01-19
14018,AL,2024-02-11
14019,CA,2025-08-26
14020,CO,2025-05-12
14021,NY,2023-04-11
14022,TX,2024-08-15
14023,TX,2024-11-25
14024,CO,2023-01-18
14025,VA,2023-05-09
14026,OH,2025-09-18
14027,CT,2024-01-01
14028,CA,2024-04-06
14029,WA,2025-07-23
14030,WA,2023-11-28
14031,IL,2024-11-15
14032,GA,2025-06-29
14033,GA,2023-01-20
14034,IL,2024-06-29
14035,DE,2024-07-25
14036,NJ,2024-04-06
14037,FL,2025-06-27
14038,TX,2024-08-27
14039,NY,2023-11-19
14040,NY,2023-03-30
14041,CA,2023-06-22
14042,ME,2023-02-09
14043,CT,2025-07-22
14044,AZ,2023-07-22
14045,PA,2023-08-31
14046,CO,2023-03-29
14047,CA,2024-11-04
14048,GA,2024-06-15
14049,PA,2024-10-21
14050,GA,2024-12-13
14051,MA,2026-01-28
14052,TX,2023-09-04
14053,TX,2024-09-16
14054,OR,2024-12-31
14055,CA,2025-09-11
14056,TX,2024-05-10
14057,NE,2024-02-19
14058,KY,2025-08-27
14059,MA,2024-09-06
14060,MI,2023-03-20
14061,AZ,2024-06-11
14062,CA,2025-12-18
14063,NY,2024-12-06
14064,CA,2024-09-28
14065,VA,2025-06-17
14066,TX,2025-06-29
14067,LA,2024-06-27
14068,NC,2025-10-12
14069,NY,2024-11-20
14070,ME,2023-08-07
14071,NC,2026-01-28
14072,MS,2025-09-21
14073,MA,2023-04-13
14074,MN,2025-06-02
14075,VA,2024-09-21
14076,WI,2025-01-24
14077,TX,2026-02-16
14078,OK,2023-01-07
14079,NC,2024-01-23
14080,NY,2025-04-07
14081,NE,2023-02-11
14082,VT,2023-04-06
14083,FL,2023-09-03
14084,WA,2023-04-24
14085,TX,2024-06-27
14086,CO,2023-11-26
14087,WA,2023-09-29
14088,OH,2023-09-18
14089,CA,2024-12-17
14090,CA,2023-09-21
14091,CA,2025-03-11
14092,GA,2023-11-14
14093,AL,2026-02-13
14094,GA,2023-06-09
14095,FL,2024-04-21
14096,TN,2024-10-02
14097,WA,2025-05-08
14098,MA,2023-05-28
14099,WA,2026-01-06
14100,MN,2025-09-01
14101,UT,2023-02-21
14102,CO,2023-09-15
14103,MA,2025-10-16
14104,CO,2023-09-05
14105,NY,2023-10-15
14106,NY,2025-08-04
14107,IL,2023-08-02
14108,TX,2026-01-20
14109,NV,2024-06-27
14110,CA,2023-08-20
14111,NY,2024-10-04
14112,NY,2023-01-13
14113,PA,2025-04-17
14114,CA,2024-06-16
14115,MN,2025-04-18
14116,LA,2024-09-10
14117,IN,2024-02-10
14118,TX,2023-10-15
14119,NY,2024-03-01
14120,OR,2024-03-11
14121,CA,2025-09-16
14122,TX,2023-03-22
14123,WA,2023-12-24
14124,NY,2024-12-02
14125,CA,2023-09-12
14126,CA,2025-06-17
14127,PA,2023-06-15
14128,CA,2024-04-09
14129,LA,2023-09-13
14130,LA,2024-02-27
14131,NY,2023-07-17
14132,IL,2024-07-10
14133,NY,2025-06-01
14134,VA,2024-06-08
14135,NY,2025-12-11
14136,MA,2024-07-08
14137,CA,2023-01-07
14138,CA,2023-02-13
14139,SC,2026-01-30
14140,MD,2025-01-04
14141,NY,2024-08-11
14142,NY,2025-03-22
14143,MA,2024-05-05
14144,CO,2023-11-14
14145,VT,2023-08-06
14146,KY,2024-05-15
14147,NY,2023-11-29
14148,MA,2024-07-06
14149,GA,2025-11-12
14150,CO,2023-08-04
14151,CA,2025-12-02
14152,NY,2025-01-12
14153,OH,2025-07-24
14154,MA,2024-02-18
14155,TX,2024-09-13
14156,KY,2024-09-08
14157,NY,2023-11-12
14158,WA,2025-02-05
14159,NY,2024-05-13
14160,NY,2023-12-15
14161,VT,2023-03-16
14162,CO,2023-08-21
14163,OH,2025-07-01
14164,NC,2024-12-24
14165,PA,2024-07-23
14166,VA,2023-02-07
14167,TX,2023-09-19
14168,FL,2023-07-31
14169,KS,2025-09-17
14170,FL,2025-02-23
14171,FL,2023-07-25
14172,NY,2023-01-05
14173,CA,2023-05-28
14174,IL,2025-09-01
14175,WA,2024-01-22
14176,PA,2024-03-03
14177,UT,2024-01-04
14178,UT,2025-09-27
14179,CO,2024-10-09
14180,PA,2025-11-11
14181,CA,2024-07-03
14182,NJ,2024-06-22
14183,CA,2026-02-17
14184,NC,2024-04-21
14185,AZ,2025-12-24
14186,OK,2023-06-23
14187,MN,2023-03-14
14188,TX,2026-01-07
14189,MA,2025-12-03
14190,CA,2025-01-14
14191,MT,2025-10-23
14192,TX,2024-03-18
14193,MN,2023-03-20
14194,NC,2023-05-19
14195,OH,2025-03-25
14196,DE,2025-10-27
14197,AL,2025-06-01
14198,IL,2024-12-25
14199,SC,2024-05-27
14200,WA,2024-11-26
14201,KY,2024-12-27
14202,NJ,2023-03-18
14203,MI,2025-12-02
14204,CT,2024-06-13
14205,NY,2025-10-09
14206,SC,2023-07-09
14207,NY,2025-05-24
14208,TX,2023-09-19
14209,CA,2023-05-24
14210,MA,2024-10-02
14211,MA,2023-10-05
14212,VA,2025-03-24
14213,WI,2023-11-03
14214,NY,2024-08-29
14215,NY,2024-07-03
14216,FL,2023-10-27
14217,PA,2023-12-13
14218,MT,2024-03-01
14219,MI,2023-02-11
14220,MO,2023-11-12
14221,PA,2024-09-29
14222,NC,2023-03-18
14223,MA,2023-04-06
14224,TX,2025-03-29
14225,VA,2025-01-06
14226,KY,2025-01-19
14227,TX,2023-07-24
14228,MA,2025-07-24
14229,SC,2024-10-16
14230,IL,2023-11-11
14231,FL,2025-01-13
14232,MD,2023-10-22
14233,IL,2025-04-10
14234,MD,2024-10-03
14235,TN,2023-10-12
14236,WI,2024-05-26
14237,NY,2025-10-04
14238,MA,2023-01-29
14239,TX,2025-10-27
14240,TX,2024-06-25
14241,MD,2023-08-03
14242,NY,2024-09-18
14243,FL,2023-08-03
14244,CO,2023-08-09
14245,PA,2025-10-20
14246,TX,2023-09-18
14247,WA,2025-10-20
14248,AL,2024-07-19
14249,FL,2025-03-11
14250,TX,2024-10-07
14251,TX,2025-11-13
14252,NY,2025-09-15
14253,IL,2025-09-18
14254,OH,2024-09-20
14255,NC,2024-04-22
14256,DE,2024-01-17
14257,NY,2025-03-29
14258,CO,2024-01-09
14259,WA,2024-07-06
14260,UT,2025-01-31
14261,MA,2026-01-17
14262,VT,2023-04-02
14263,MA,2024-01-12
14264,CA,2026-01-09
14265,FL,2024-08-25
14266,IL,2023-04-10
14267,NH,2026-02-20
14268,TN,2025-03-10
14269,NY,2023-01-23
14270,TX,2024-10-17
14271,KY,2025-02-08
14272,TN,2024-06-02
14273,NC,2026-01-23
14274,CA,2025-07-07
14275,WA,2024-01-12
14276,NY,2025-11-14
14277,OH,2023-10-18
14278,CA,2025-12-28
14279,IL,2025-05-12
14280,GA,2023-12-08
14281,NC,2025-05-19
14282,GA,2023-11-13
14283,PA,2024-06-27
14284,TX,2023-03-16
14285,NY,2025-02-14
14286,MA,2023-08-05
14287,AL,2024-09-24
14288,RI,2024-06-15
14289,TN,2024-03-24
14290,CA,2025-10-27
14291,WA,2025-06-07
14292,RI,2024-01-28
14293,CO,2023-11-12
14294,WA,2024-03-29
14295,OR,2025-03-23
14296,MO,2023-11-14
14297,NY,2024-01-29
14298,MI,2024-01-14
14299,WA,2024-12-05
14300,MD,2025-03-04
14301,TX,2025-11-07
14302,VA,2025-04-06
14303,FL,2023-05-29
14304,MN,2024-07-11
14305,SD,2025-11-01
14306,GA,2025-01-11
14307,SD,2024-04-06
14308,NC,2025-09-03
14309,WA,2024-11-25
14310,VA,2024-07-20
14311,RI,2023-09-23
14312,TX,2024-06-30
14313,NY,2023-03-21
14314,MN,2024-06-01
14315,IL,2025-12-27
14316,NC,2024-12-02
14317,PA,2023-09-01
14318,PA,2023-01-09
14319,NC,2024-04-08
14320,FL,2024-10-07
14321,CA,2023-09-06
14322,CO,2023-11-19
14323,FL,2024-07-09
14324,WA,2024-01-28
14325,CA,2025-07-07
14326,SD,2024-07-22
14327,NY,2023-09-01
14328,CA,2025-12-16
14329,MN,2023-07-11
14330,CA,2024-06-02
14331,CA,2025-08-17
14332,AR,2025-11-28
14333,AZ,2023-07-12
14334,OH,2023-11-23
14335,ND,2024-04-27
14336,CA,2023-01-25
14337,CA,2023-04-12
14338,AR,2024-10-24
14339,CA,2023-08-05
14340,UT,2025-01-11
14341,NY,2023-09-24
14342,AZ,2023-06-11
14343,WA,2023-10-14
14344,NY,2024-11-08
14345,CA,2025-06-04
14346,CA,2023-09-04
14347,TX,2023-06-23
14348,CA,2025-10-29
14349,NC,2025-06-27
14350,PA,2025-10-14
14351,FL,2025-02-26
14352,ID,2024-08-19
14353,MO,2024-10-23
14354,VA,2026-02-22
14355,MA,2023-02-10
14356,TN,2023-12-03
14357,MA,2023-11-22
14358,TX,2026-01-22
14359,WA,2025-07-07
14360,WA,2025-12-22
14361,NY,2025-10-12
14362,SC,2025-01-02
14363,VA,2024-06-03
14364,CA,2023-03-26
14365,CA,2023-07-26
14366,IL,2023-06-10
14367,ME,2024-03-25
14368,WA,2023-04-26
14369,NY,2023-12-28
14370,MO,2025-06-30
14371,FL,2023-07-02
14372,FL,2024-11-06
14373,IL,2024-08-14
14374,IL,2025-10-27
14375,WA,2025-07-19
14376,TX,2025-02-01
14377,NY,2024-09-03
14378,CA,2023-03-20
14379,TX,2024-11-12
14380,AZ,2026-01-25
14381,NY,2024-01-28
14382,AR,2024-04-12
14383,OR,2025-05-19
14384,SD,2023-01-18
14385,CT,2023-03-03
14386,OH,2023-06-12
14387,CO,2024-07-05
14388,VA,2023-06-28
14389,IL,2025-12-19
14390,TX,2023-08-27
14391,WA,2024-07-21
14392,IN,2025-01-15
14393,PA,2023-03-25
14394,AL,2025-11-30
14395,VA,2024-03-13
14396,PA,2024-06-12
14397,OK,2023-04-15
14398,TX,2024-06-20
14399,IN,2024-01-17
14400,CO,2026-01-21
14401,NJ,2023-08-05
14402,KS,2024-05-03
14403,TX,2023-05-31
14404,WA,2025-03-23
14405,CO,2024-09-22
14406,GA,2024-02-26
14407,FL,2024-10-07
14408,MA,2023-07-26
14409,WY,2025-02-13
14410,AL,2025-04-13
14411,ME,2024-08-10
14412,MN,2024-07-17
14413,CA,2023-08-14
14414,TX,2025-03-14
14415,LA,2024-11-20
14416,WA,2023-04-16
14417,WA,2026-01-04
14418,CA,2024-05-30
14419,NC,2025-08-05
14420,NV,2023-07-06
14421,OH,2024-06-15
14422,MS,2023-10-02
14423,CA,2024-06-22
14424,OR,2024-10-09
14425,TN,2023-01-18
14426,FL,2023-10-12
14427,TX,2025-07-20
14428,WA,2025-10-10
14429,FL,2025-06-23
14430,NY,2024-10-11
14431,TX,2025-05-01
14432,UT,2023-09-14
14433,FL,2024-10-05
14434,TX,2023-12-23
14435,MN,2023-09-13
14436,CA,2024-08-30
14437,FL,2023-11-30
14438,CA,2023-01-15
14439,IL,2023-06-28
14440,IL,2023-03-29
14441,WA,2023-04-04
14442,KY,2025-04-24
14443,NJ,2023-01-28
14444,NC,2024-11-27
14445,WA,2023-03-16
14446,RI,2023-02-23
14447,WA,2023-11-17
14448,TX,2025-01-29
14449,FL,2024-09-21
14450,CA,2023-11-28
14451,NJ,2023-11-13
14452,KY,2023-04-11
14453,MA,2023-09-05
14454,IL,2025-05-10
14455,NC,2025-05-19
14456,AZ,2023-08-09
14457,MN,2023-05-28
14458,GA,2025-10-09
14459,MD,2024-08-03
14460,NY,2024-04-22
14461,MN,2025-11-13
14462,NY,2025-06-01
14463,GA,2023-06-19
14464,CA,2024-03-13
14465,TX,2025-10-13
14466,LA,2023-10-28
14467,NY,2024-11-18
14468,FL,2025-09-14
14469,ND,2023-05-24
14470,CA,2024-06-06
14471,SC,2024-10-20
14472,NY,2024-04-29
14473,OR,2025-04-01
14474,CA,2023-07-14
14475,MI,2024-04-10
14476,WA,2025-09-04
14477,FL,2026-01-04
14478,NY,2024-05-04
14479,NJ,2023-04-10
14480,SC,2023-04-26
14481,WA,2024-01-15
14482,NY,2025-04-03
14483,NY,2023-03-04
14484,VA,2023-05-12
14485,RI,2024-01-30
14486,OH,2024-10-04
14487,CA,2025-09-02
14488,SC,2025-07-02
14489,NY,2024-10-31
14490,AZ,2024-12-28
14491,IL,2024-06-29
14492,VA,2024-01-10
14493,NY,2025-04-23
14494,NC,2023-10-25
14495,CA,2025-09-22
14496,CA,2023-10-23
14497,OH,2023-04-25
14498,PA,2024-05-07
14499,TX,2025-12-16
14500,MO,2025-05-28
14501,CA,2024-12-19
14502,IL,2024-10-13
14503,NY,2024-09-10
14504,MD,2024-02-13
14505,GA,2026-01-06
14506,FL,2025-10-22
14507,NY,2025-02-24
14508,CA,2023-02-04
14509,NJ,2024-01-30
14510,PA,2025-12-26
14511,MI,2025-12-28
14512,CO,2023-12-27
14513,IL,2024-04-02
14514,WY,2023-10-21
14515,AR,2024-08-15
14516,WI,2025-08-12
14517,TX,2023-10-24
14518,ME,2025-08-03
14519,MD,2023-09-18
14520,OH,2025-02-27
14521,MD,2026-03-01
14522,AR,2025-12-27
14523,OH,2026-02-23
14524,VA,2024-02-06
14525,HI,2025-04-06
14526,NJ,2023-12-02
14527,FL,2025-08-19
14528,GA,2023-01-29
14529,SC,2025-03-14
14530,MN,2025-04-23
14531,WA,2023-02-14
14532,CA,2026-01-29
14533,OR,2024-02-23
14534,MN,2024-09-07
14535,NH,2023-09-19
14536,CA,2025-02-03
14537,MS,2023-10-19
14538,TN,2024-06-17
14539,NC,2025-12-28
14540,WA,2024-07-28
14541,RI,2023-08-25
14542,MS,2023-12-29
14543,TX,2024-06-14
14544,TN,2025-01-12
14545,NM,2024-04-09
14546,LA,2024-01-17
14547,MA,2023-05-07
14548,MA,2024-10-19
14549,TX,2026-02-11
14550,TX,2023-08-31
14551,NJ,2024-07-06
14552,VA,2024-03-14
14553,FL,2024-02-12
14554,MO,2024-08-11
14555,WA,2025-03-06
14556,PA,2024-10-03
14557,MA,2024-07-17
14558,WA,2025-03-21
14559,TX,2026-01-24
14560,AL,2024-01-05
14561,CA,2025-06-25
14562,GA,2025-02-08
14563,VA,2024-10-19
14564,CA,2025-09-19
14565,MD,2025-09-15
14566,WA,2025-12-13
14567,UT,2023-05-02
14568,NY,2026-02-21
14569,NY,2023-06-16
14570,CO,2025-08-01
14571,VA,2025-04-13
14572,CA,2023-01-22
14573,MD,2024-02-12
14574,FL,2024-04-26
14575,TX,2023-10-26
14576,TX,2023-10-04
14577,LA,2025-03-26
14578,TX,2023-11-18
14579,VA,2023-04-25
14580,NC,2023-09-29
14581,CA,2023-09-21
14582,NY,2023-09-07
14583,NY,2025-05-27
14584,MA,2024-03-14
14585,OK,2025-12-17
14586,NY,2023-01-05
14587,NY,2025-05-12
14588,IL,2023-09-22
14589,NJ,2023-04-05
14590,TN,2025-03-29
14591,TX,2024-11-27
14592,IL,2025-01-10
14593,MI,2023-11-13
14594,NY,2025-02-12
14595,KY,2023-04-29
14596,NJ,2025-03-04
14597,AR,2023-07-21
14598,OH,2025-12-12
14599,NJ,2023-11-13
14600,FL,2026-01-22
14601,WA,2026-01-20
14602,RI,2025-03-23
14603,TX,2023-02-07
14604,NY,2024-02-17
14605,FL,2023-08-31
14606,CA,2025-12-23
14607,CT,2025-05-04
14608,CA,2023-07-20
14609,NJ,2023-11-03
14610,AZ,2023-06-24
14611,TX,2025-08-29
14612,NC,2025-10-12
14613,LA,2025-09-20
14614,IL,2024-08-19
14615,NY,2024-11-02
14616,CA,2024-11-24
14617,PA,2024-07-01
14618,PA,2026-01-27
14619,NJ,2024-07-02
14620,CA,2023-09-30
14621,AK,2025-09-02
14622,TX,2025-02-22
14623,MS,2025-07-28
14624,CA,2024-03-27
14625,KY,2024-07-14
14626,TX,2023-04-04
14627,PA,2024-05-31
14628,MA,2025-08-11
14629,CA,2023-06-23
14630,NY,2024-11-25
14631,FL,2026-01-01
14632,MO,2025-06-26
14633,MO,2023-02-25
14634,SC,2024-11-25
14635,FL,2024-09-25
14636,HI,2023-09-01
14637,NH,2025-06-12
14638,IL,2023-07-23
14639,NE,2023-01-16
14640,IL,2023-05-06
14641,NJ,2024-08-21
14642,CO,2024-04-10
14643,PA,2025-02-28
14644,IN,2023-03-20
14645,MO,2025-02-27
14646,TX,2023-09-21
14647,UT,2023-11-01
14648,ID,2025-01-09
14649,CA,2023-05-05
14650,GA,2024-09-09
14651,TX,2025-01-11
14652,UT,2023-03-22
14653,NY,2025-05-21
14654,SC,2023-06-24
14655,FL,2024-11-06
14656,AZ,2026-02-22
14657,MA,2023-12-14
14658,CO,2025-05-27
14659,IN,2025-04-22
14660,MA,2024-07-27
14661,CA,2024-12-24
14662,IL,2024-08-30
14663,MS,2024-07-22
14664,SC,2023-08-22
14665,MD,2023-12-24
14666,CA,2025-12-24
14667,IL,2023-10-20
14668,TN,2025-09-17
14669,RI,2024-06-12
14670,FL,2023-05-15
14671,CT,2025-03-30
14672,CA,2023-05-10
14673,CA,2024-07-22
14674,WA,2024-06-05
14675,AL,2024-04-04
14676,TX,2024-08-15
14677,WA,2025-07-30
14678,CA,2025-06-19
14679,TX,2024-09-05
14680,MN,2024-06-22
14681,NE,2023-09-18
14682,TX,2024-08-31
14683,TX,2023-08-16
14684,CO,2025-01-30
14685,CA,2023-09-15
14686,PA,2025-04-05
14687,TX,2025-11-09
14688,AR,2024-02-28
14689,NY,2024-02-17
14690,NY,2023-12-11
14691,CA,2024-10-11
14692,FL,2024-04-11
14693,ND,2023-07-08
14694,CO,2026-01-26
14695,FL,2025-08-10
14696,NC,2023-09-27
14697,TX,2024-10-26
14698,PA,2023-01-21
14699,TX,2024-12-14
14700,WA,2024-03-04
14701,NY,2024-07-29
14702,CT,2024-08-18
14703,NY,2024-08-07
14704,NY,2025-10-14
14705,GA,2025-09-17
14706,NY,2024-10-20
14707,CA,2025-12-06
14708,NC,2023-08-11
14709,FL,2025-08-17
14710,DE,2023-06-07
14711,TN,2025-12-06
14712,VA,2025-03-11
14713,WA,2024-12-22
14714,CA,2023-11-15
14715,MA,2023-10-25
14716,WV,2024-03-20
14717,TN,2023-04-15
14718,NV,2025-06-01
14719,NJ,2025-12-27
14720,TX,2024-06-21
14721,NY,2024-11-03
14722,FL,2025-03-11
14723,TX,2025-03-27
14724,MS,2025-11-30
14725,FL,2025-08-25
14726,CA,2025-05-12
14727,NC,2023-08-30
14728,CT,2025-07-31
14729,MO,2023-01-20
14730,SC,2025-06-12
14731,IL,2025-04-20
14732,NY,2025-01-13
14733,ME,2025-11-05
14734,TX,2023-10-28
14735,PA,2023-06-14
14736,NJ,2025-02-19
14737,CA,2023-12-19
14738,NY,2026-01-15
14739,NV,2025-10-17
14740,CT,2025-05-20
14741,CA,2025-01-28
14742,MN,2025-05-27
14743,AZ,2025-01-22
14744,MA,2025-05-15
14745,MN,2025-10-29
14746,NV,2023-08-16
14747,IN,2025-11-21
14748,UT,2024-03-06
14749,SC,2025-02-27
14750,NY,2023-06-19
14751,MS,2023-03-11
14752,GA,2026-02-08
14753,OK,2026-01-17
14754,AR,2023-01-02
14755,VA,2025-12-15
14756,CA,2024-10-31
14757,FL,2023-09-28
14758,MA,2024-06-27
14759,NY,2023-09-27
14760,FL,2023-07-09
14761,MD,2024-12-22
14762,NY,2023-01-22
14763,WV,2023-01-14
14764,CA,2024-07-21
14765,PA,2024-07-28
14766,CA,2024-08-14
14767,VA,2024-07-05
14768,TX,2025-03-16
14769,CO,2025-07-02
14770,NJ,2023-10-06
14771,MA,2025-02-06
14772,OR,2026-02-07
14773,NC,2023-02-17
14774,GA,2025-01-13
14775,CA,2026-01-10
14776,PA,2024-11-16
14777,CO,2024-09-16
14778,CA,2024-01-16
14779,PA,2023-11-06
14780,MA,2024-07-05
14781,AZ,2024-06-25
14782,MO,2025-02-05
14783,CO,2023-07-03
14784,VA,2024-04-10
14785,FL,2024-09-30
14786,NY,2024-08-16
14787,TN,2024-12-04
14788,VA,2023-01-01
14789,TX,2025-10-04
14790,AL,2023-12-28
14791,FL,2024-12-19
14792,FL,2023-10-10
14793,FL,2025-04-10
14794,CA,2023-06-18
14795,TX,2025-06-07
14796,IL,2023-05-02
14797,NC,2024-03-16
14798,PA,2024-09-30
14799,VA,2024-04-18
14800,NJ,2026-02-19
14801,RI,2025-01-01
14802,CO,2025-07-29
14803,CA,2024-10-21
14804,VA,2023-10-19
14805,FL,2025-07-26
14806,CO,2023-09-04
14807,WA,2023-07-07
14808,AL,2024-07-10
14809,NY,2026-02-21
14810,MA,2025-06-08
14811,NJ,2023-09-04
14812,NY,2025-08-16
14813,CA,2023-10-19
14814,WA,2025-06-13
14815,NY,2023-05-31
14816,OR,2023-05-31
14817,CA,2023-05-04
14818,NY,2023-09-29
14819,TX,2024-10-20
14820,CA,2024-08-30
14821,CA,2025-09-07
14822,NY,2024-07-08
14823,CO,2024-06-14
14824,MA,2026-02-10
14825,OR,2024-12-25
14826,FL,2024-10-07
14827,CO,2023-03-05
14828,NY,2024-06-01
14829,MD,2023-11-25
14830,GA,2024-11-20
14831,AZ,2024-04-23
14832,CA,2024-01-26
14833,TN,2024-07-28
14834,FL,2024-02-16
14835,MA,2025-05-18
14836,TX,2024-05-21
14837,TN,2025-08-15
14838,PA,2023-10-21
14839,CA,2025-02-01
14840,CA,2024-05-22
14841,CA,2023-04-29
14842,CA,2024-04-22
14843,OK,2024-07-17
14844,CT,2025-04-21
14845,WA,2025-12-07
14846,FL,2024-04-19
14847,NY,2025-08-03
14848,TN,2025-01-21
14849,KY,2024-07-03
14850,KY,2024-12-28
14851,MA,2023-05-16
14852,MI,2024-06-01
14853,GA,2025-01-28
14854,FL,2023-11-20
14855,FL,2023-04-21
14856,VA,2026-02-12
14857,NY,2024-12-24
14858,TX,2024-05-02
14859,UT,2023-12-31
14860,NY,2025-02-05
14861,WA,2025-04-11
14862,CO,2023-04-23
14863,CA,2023-11-16
14864,MS,2023-06-24
14865,SC,2025-11-08
14866,AL,2023-05-06
14867,CA,2025-09-21
14868,CA,2023-09-11
14869,NY,2025-07-17
14870,IL,2025-02-05
14871,FL,2023-10-19
14872,WI,2023-07-18
14873,LA,2024-11-17
14874,WA,2025-02-20
14875,MN,2025-07-29
14876,FL,2023-08-06
14877,SC,2024-09-21
14878,NY,2025-03-28
14879,MI,2025-04-12
14880,NV,2023-01-23
14881,IL,2024-09-28
14882,TX,2026-01-12
14883,WI,2024-12-11
14884,MO,2024-11-29
14885,LA,2023-11-25
14886,KS,2024-12-11
14887,WA,2024-04-17
14888,TX,2024-04-22
14889,NY,2025-07-10
14890,PA,2024-07-09
14891,CA,2024-08-10
14892,CA,2024-11-24
14893,FL,2023-04-29
14894,TX,2025-11-29
14895,MD,2023-09-17
14896,CA,2025-08-06
14897,IN,2025-01-25
14898,AZ,2023-01-06
14899,OH,2023-11-07
14900,CA,2023-03-07
14901,WI,2024-12-31
14902,NC,2023-01-29
14903,WA,2024-10-21
14904,CO,2025-06-18
14905,LA,2025-06-22
14906,FL,2023-12-27
14907,OH,2025-08-19
14908,MD,2023-01-26
14909,IL,2023-03-12
14910,AR,2026-01-17
14911,MD,2023-06-26
14912,NY,2023-01-27
14913,GA,2025-04-19
14914,FL,2025-03-27
14915,MN,2024-07-28
14916,MD,2025-09-26
14917,WA,2024-06-14
14918,UT,2024-05-07
14919,WA,2023-10-05
14920,KY,2025-09-25
14921,WA,2025-04-18
14922,NY,2025-04-26
14923,NY,2025-06-18
14924,MA,2023-10-20
14925,TX,2025-11-17
14926,VA,2023-09-13
14927,MA,2025-06-23
14928,AZ,2024-10-26
14929,CA,2023-09-22
14930,TX,2024-02-05
14931,AZ,2024-04-04
14932,AZ,2025-02-15
14933,WA,2025-10-17
14934,GA,2026-02-21
14935,MS,2024-02-07
14936,GA,2025-09-21
14937,NY,2023-10-28
14938,CO,2025-12-30
14939,CA,2023-08-02
14940,FL,2025-05-23
14941,TX,2024-01-09
14942,HI,2023-12-10
14943,CA,2025-05-11
14944,PA,2023-10-28
14945,MO,2025-01-18
14946,WA,2024-03-12
14947,AL,2023-04-12
14948,MS,2023-01-10
14949,LA,2025-11-30
14950,NE,2024-01-05
14951,WA,2023-05-06
14952,TX,2025-02-23
14953,CA,2024-01-18
14954,MD,2023-11-23
14955,TX,2024-03-25
14956,MD,2024-06-06
14957,NY,2025-10-06
14958,CA,2025-07-30
14959,OR,2025-09-09
14960,NY,2023-09-30
14961,OR,2024-05-16
14962,UT,2025-05-15
14963,NY,2023-12-07
14964,NV,2023-09-29
14965,NE,2024-01-30
14966,CA,2026-02-21
14967,NY,2025-06-28
14968,OR,2023-07-14
14969,NJ,2025-11-22
14970,MS,2023-07-30
14971,FL,2025-03-23
14972,VA,2024-11-24
14973,TX,2025-01-22
14974,FL,2025-09-27
14975,NJ,2025-12-10
14976,OR,2025-06-10
14977,FL,2024-06-24
14978,NY,2024-06-01
14979,TX,2025-07-23
14980,CA,2023-05-13
14981,GA,2023-04-06
14982,GA,2024-02-28
14983,NY,2025-05-07
14984,NY,2025-08-31
14985,PA,2023-03-23
14986,MO,2025-02-27
14987,IL,2023-11-11
14988,CA,2025-07-04
14989,NY,2026-01-14
14990,IL,2024-01-01
14991,CA,2024-01-01
14992,CA,2026-01-21
14993,NV,2023-03-12
14994,RI,2023-11-22
14995,FL,2025-04-23
14996,TX,2023-08-02
14997,SD,2025-12-06
14998,NJ,2023-03-30
14999,TX,2025-09-22
15000,CA,2023-08-05
15001,NE,2023-10-28
15002,AZ,2025-07-14
15003,IL,2025-05-02
15004,OR,2025-06-12
15005,MA,2023-06-19
15006,NY,2024-09-11
15007,CA,2024-11-12
15008,WA,2024-10-04
15009,AK,2023-02-06
15010,MA,2025-02-09
15011,PA,2025-10-07
15012,AK,2024-09-27
15013,WA,2024-03-01
15014,NC,2024-02-12
15015,CA,2025-02-13
15016,FL,2025-05-14
15017,TX,2023-08-05
15018,GA,2023-06-19
15019,NY,2024-09-01
15020,CO,2023-12-24
15021,IN,2023-07-05
15022,WA,2024-12-25
15023,AL,2025-05-19
15024,PA,2025-04-03
15025,HI,2024-11-09
15026,CA,2023-10-11
15027,LA,2023-07-03
15028,MA,2023-05-22
15029,MA,2023-08-19
15030,VA,2024-01-23
15031,MN,2025-01-04
15032,CA,2023-06-07
15033,FL,2024-07-30
15034,MN,2025-12-11
15035,IL,2025-10-23
15036,FL,2023-03-18
15037,WI,2024-08-04
15038,GA,2024-08-30
15039,TX,2025-11-05
15040,UT,2023-08-18
15041,MI,2025-06-22
15042,WA,2025-07-05
15043,GA,2025-06-07
15044,MD,2025-10-26
15045,CA,2026-02-07
15046,MN,2023-05-23
15047,TX,2023-07-26
15048,WA,2024-03-04
15049,NY,2023-06-15
15050,FL,2023-09-17
15051,NC,2024-01-29
15052,NV,2023-05-01
15053,MD,2025-08-07
15054,OK,2024-02-17
15055,IL,2023-06-17
15056,AK,2026-01-12
15057,MA,2024-02-25
15058,OK,2025-02-26
15059,NY,2023-09-25
15060,CA,2023-02-07
15061,FL,2025-07-14
15062,NY,2023-12-04
15063,CO,2023-11-26
15064,IL,2023-07-18
15065,UT,2025-03-20
15066,VA,2023-01-05
15067,NY,2025-09-15
15068,WA,2025-06-13
15069,OR,2023-04-13
15070,FL,2024-03-10
15071,NH,2024-10-11
15072,CA,2024-01-16
15073,NY,2023-03-07
15074,CA,2024-08-01
15075,WA,2023-09-27
15076,LA,2023-02-16
15077,NY,2025-07-04
15078,WA,2023-12-31
15079,NY,2023-03-09
15080,WA,2026-02-12
15081,NY,2025-11-15
15082,CA,2023-07-26
15083,GA,2023-03-14
15084,CA,2023-01-30
15085,CO,2025-10-23
15086,AL,2024-06-04
15087,NY,2025-06-06
15088,CA,2024-02-05
15089,MN,2024-10-15
15090,CO,2025-08-07
15091,MD,2025-04-27
15092,MN,2025-07-23
15093,NY,2024-03-06
15094,MA,2024-06-22
15095,CO,2023-03-12
15096,WA,2023-09-13
15097,NC,2026-01-31
15098,CT,2023-05-27
15099,GA,2025-06-20
15100,OR,2024-10-31
15101,TX,2023-05-20
15102,CO,2024-10-16
15103,FL,2024-09-12
15104,TX,2025-05-20
15105,RI,2023-03-05
15106,NJ,2025-05-17
15107,CA,2025-04-14
15108,MI,2024-05-27
15109,TN,2025-10-27
15110,MA,2025-10-21
15111,AZ,2023-02-16
15112,AL,2025-05-17
15113,IA,2025-02-16
15114,PA,2025-10-22
15115,NC,2024-06-18
15116,WA,2023-12-25
15117,OH,2025-03-25
15118,TX,2024-08-18
15119,FL,2023-07-23
15120,VA,2025-08-28
15121,TN,2023-08-15
15122,KS,2025-08-05
15123,NY,2025-03-27
15124,UT,2023-05-31
15125,MN,2023-01-17
15126,CA,2023-10-31
15127,MN,2025-02-19
15128,NY,2025-12-20
15129,NJ,2023-09-24
15130,TX,2026-01-25
15131,FL,2023-02-04
15132,TX,2025-02-24
15133,TX,2023-03-09
15134,WA,2023-07-08
15135,MN,2023-02-10
15136,SD,2024-08-30
15137,NJ,2024-11-13
15138,NY,2025-08-02
15139,DE,2025-06-25
15140,WA,2025-12-26
15141,VA,2025-08-04
15142,FL,2026-02-16
15143,WA,2025-05-02
15144,VA,2025-08-31
15145,MD,2025-12-29
15146,TX,2025-10-07
15147,CA,2025-01-26
15148,PA,2025-10-03
15149,TX,2024-07-01
15150,GA,2025-07-03
15151,CA,2024-04-28
15152,NE,2024-08-10
15153,FL,2026-01-26
15154,CO,2023-10-09
15155,OR,2024-09-21
15156,OH,2024-02-23
15157,MA,2023-08-11
15158,CA,2023-03-21
15159,CO,2025-04-05
15160,MA,2024-11-12
15161,NY,2024-02-17
15162,WA,2023-11-30
15163,WA,2025-06-07
15164,CA,2025-10-22
15165,MD,2023-09-15
15166,TN,2025-02-01
15167,KY,2025-04-16
15168,OH,2024-03-30
15169,AL,2023-01-19
15170,OR,2025-08-11
15171,CA,2025-09-05
15172,ID,2024-03-08
15173,CO,2023-09-09
15174,FL,2025-03-06
15175,PA,2025-06-25
15176,CA,2024-10-10
15177,NY,2025-06-28
15178,AZ,2025-01-07
15179,FL,2023-08-09
15180,CA,2023-04-23
15181,TX,2024-07-13
15182,FL,2025-12-17
15183,CO,2023-07-16
15184,MA,2025-11-07
15185,CO,2025-02-18
15186,GA,2023-08-03
15187,NV,2024-09-27
15188,TX,2025-11-05
15189,CA,2024-11-07
15190,MO,2024-10-21
15191,NV,2023-08-21
15192,NY,2023-01-25
15193,CA,2025-07-26
15194,WA,2025-10-15
15195,AZ,2023-03-12
15196,MA,2023-01-25
15197,CA,2024-04-02
15198,UT,2023-07-30
15199,CA,2024-06-24
15200,MA,2025-02-09
15201,AL,2025-11-28
15202,WA,2024-11-07
15203,TX,2023-04-05
15204,IL,2023-08-08
15205,OR,2025-06-24
15206,WA,2025-12-25
15207,KY,2023-07-12
15208,LA,2023-06-24
15209,FL,2023-04-22
15210,IA,2026-01-08
15211,OH,2023-04-21
15212,NE,2024-03-28
15213,AK,2024-02-17
15214,NY,2024-08-26
15215,TX,2025-08-17
15216,NC,2023-07-05
15217,IN,2026-01-15
15218,AL,2023-02-20
15219,VA,2026-02-23
15220,WA,2025-11-30
15221,OH,2023-12-21
15222,HI,2023-12-29
15223,NY,2024-06-19
15224,TX,2023-02-05
15225,IN,2023-10-04
15226,IL,2025-10-06
15227,AZ,2023-07-01
15228,NY,2024-04-15
15229,CA,2024-02-21
15230,VA,2025-06-07
15231,UT,2024-02-08
15232,AZ,2024-05-28
15233,MA,2024-07-19
15234,TX,2024-03-16
15235,CA,2025-09-18
15236,WA,2025-12-05
15237,NY,2023-03-16
15238,MA,2024-02-10
15239,CO,2023-01-03
15240,MT,2025-10-29
15241,NY,2024-05-28
15242,GA,2024-06-23
15243,TX,2023-10-17
15244,CA,2023-06-30
15245,AL,2023-09-23
15246,LA,2023-03-24
15247,CO,2023-09-15
15248,NY,2025-08-07
15249,ID,2023-07-18
15250,CA,2024-10-09
15251,MT,2026-01-11
15252,CA,2023-09-23
15253,FL,2025-09-23
15254,MA,2025-05-19
15255,NY,2024-12-31
15256,TX,2025-05-10
15257,AL,2023-01-19
15258,CA,2024-01-06
15259,CO,2025-11-12
15260,GA,2024-09-10
15261,WA,2024-10-04
15262,SD,2024-01-14
15263,NY,2025-03-27
15264,OR,2025-04-03
15265,FL,2023-03-31
15266,NV,2023-05-24
15267,ID,2024-09-12
15268,WA,2025-05-13
15269,WA,2023-07-23
15270,NY,2025-05-14
15271,NY,2023-06-02
15272,NY,2024-06-12
15273,CO,2023-12-05
15274,KY,2025-01-18
15275,CA,2025-12-15
15276,SC,2024-07-09
15277,IL,2025-01-22
15278,IL,2025-07-19
15279,OH,2024-07-04
15280,CA,2026-02-27
15281,IL,2023-04-08
15282,OR,2025-03-03
15283,TX,2024-02-26
15284,TX,2023-03-21
15285,CA,2023-10-15
15286,AZ,2025-04-26
15287,CO,2023-06-18
15288,LA,2026-01-07
15289,SC,2023-03-12
15290,CO,2023-09-20
15291,OH,2024-12-12
15292,CA,2024-12-23
15293,CA,2024-06-13
15294,TN,2025-02-23
15295,WA,2023-07-29
15296,FL,2023-04-27
15297,TX,2024-09-07
15298,WI,2026-01-05
15299,TX,2023-11-11
15300,WA,2023-01-11
15301,PA,2025-12-10
15302,CA,2025-10-27
15303,TN,2025-08-12
15304,MD,2023-09-18
15305,NY,2023-07-19
15306,TX,2023-11-26
15307,WA,2023-03-31
15308,PA,2024-08-13
15309,TX,2023-02-24
15310,WA,2023-04-02
15311,CA,2023-02-25
15312,CA,2023-03-02
15313,WA,2023-04-27
15314,TX,2024-08-12
15315,FL,2023-08-24
15316,NJ,2023-02-02
15317,TX,2025-02-24
15318,CA,2026-01-02
15319,TX,2023-01-21
15320,NY,2025-07-06
15321,KS,2023-10-29
15322,NY,2023-10-24
15323,TX,2025-02-11
15324,LA,2025-12-03
15325,AZ,2024-02-23
15326,MA,2023-03-03
15327,WA,2025-05-07
15328,NC,2024-06-21
15329,CA,2024-11-26
15330,CA,2025-03-28
15331,TX,2025-11-25
15332,TN,2025-07-08
15333,PA,2025-09-01
15334,CO,2024-06-25
15335,GA,2025-02-28
15336,FL,2023-02-02
15337,CA,2024-08-03
15338,NY,2023-12-18
15339,MI,2023-09-12
15340,MA,2025-12-09
15341,VA,2025-11-12
15342,CO,2023-09-30
15343,MA,2024-11-23
15344,CA,2023-09-07
15345,TX,2025-06-22
15346,NC,2023-08-20
15347,WV,2024-03-03
15348,FL,2025-08-14
15349,WI,2024-09-25
15350,MN,2023-08-30
15351,WA,2023-05-14
15352,MA,2025-12-30
15353,WI,2025-10-20
15354,CO,2023-08-07
15355,IL,2024-11-27
15356,ND,2023-11-03
15357,ME,2023-11-10
15358,MN,2025-07-11
15359,AR,2023-10-08
15360,PA,2023-02-04
15361,NY,2023-03-11
15362,CA,2023-12-26
15363,TX,2024-02-12
15364,TX,2024-08-02
15365,OR,2024-06-02
15366,IL,2024-08-28
15367,HI,2023-03-22
15368,CA,2023-09-07
15369,NY,2025-11-27
15370,TX,2023-02-14
15371,PA,2023-05-17
15372,AZ,2025-04-02
15373,AK,2025-09-05
15374,NC,2025-03-30
15375,GA,2024-01-02
15376,FL,2023-08-17
15377,LA,2023-07-02
15378,CO,2024-04-11
15379,WA,2025-04-17
15380,NY,2023-07-23
15381,PA,2025-09-01
15382,MI,2024-09-14
15383,NY,2025-12-27
15384,VT,2025-05-18
15385,MI,2024-07-03
15386,WA,2024-08-26
15387,WA,2025-01-24
15388,IL,2024-09-19
15389,NY,2025-10-12
15390,MO,2023-04-05
15391,NJ,2024-11-15
15392,NJ,2025-03-07
15393,VA,2026-01-07
15394,NJ,2024-01-04
15395,MN,2023-10-06
15396,MN,2023-12-17
15397,NJ,2024-02-10
15398,NY,2024-03-21
15399,CO,2023-11-19
15400,MA,2024-09-21
15401,NY,2023-03-14
15402,WA,2024-06-01
15403,WA,2023-01-22
15404,FL,2023-06-28
15405,FL,2024-12-08
15406,NY,2026-02-06
15407,NY,2025-07-26
15408,NY,2025-10-15
15409,TX,2025-08-05
15410,AL,2024-06-14
15411,CT,2023-12-30
15412,SD,2024-02-29
15413,WI,2025-08-16
15414,IL,2025-12-07
15415,FL,2024-11-02
15416,CA,2025-11-19
15417,MN,2025-10-09
15418,FL,2025-05-28
15419,TN,2025-08-04
15420,IN,2025-09-14
15421,CO,2023-06-01
15422,NY,2023-09-12
15423,HI,2024-12-03
15424,CA,2024-10-15
15425,TX,2025-01-27
15426,AZ,2025-11-23
15427,NY,2023-07-06
15428,FL,2025-05-28
15429,WA,2026-01-14
15430,NY,2024-11-03
15431,ND,2025-05-25
15432,NC,2023-04-28
15433,TX,2025-12-17
15434,MO,2025-11-07
15435,FL,2025-05-20
15436,CA,2024-04-02
15437,MA,2024-12-06
15438,NC,2024-10-03
15439,NY,2025-08-23
15440,MD,2023-07-31
15441,TX,2024-04-30
15442,WA,2026-02-17
15443,KS,2025-06-09
15444,IL,2025-10-23
15445,CA,2025-09-28
15446,LA,2025-09-11
15447,AZ,2023-12-09
15448,LA,2025-12-16
15449,WA,2026-02-11
15450,UT,2023-10-21
15451,NY,2023-01-28
15452,OR,2025-05-08
15453,MO,2024-07-26
15454,MI,2025-07-16
15455,MD,2025-11-21
15456,CO,2024-02-01
15457,WA,2025-11-06
15458,VA,2024-08-23
15459,CA,2025-12-11
15460,VA,2024-01-05
15461,TX,2023-06-13
15462,MD,2024-03-25
15463,NY,2024-06-27
15464,WA,2024-12-10
15465,NY,2023-12-17
15466,IL,2024-01-14
15467,CO,2023-07-20
15468,MI,2026-02-04
15469,NY,2024-05-19
15470,MN,2025-10-08
15471,WA,2025-11-17
15472,VA,2023-12-03
15473,NY,2023-10-14
15474,TX,2024-09-22
15475,NY,2025-11-20
15476,FL,2024-10-27
15477,AR,2023-04-17
15478,TX,2024-05-20
15479,NY,2023-04-27
15480,NY,2023-03-20
15481,MI,2025-01-10
15482,GA,2023-01-23
15483,MN,2023-12-27
15484,MA,2024-11-30
15485,NJ,2023-08-05
15486,NV,2025-09-16
15487,NJ,2024-12-07
15488,GA,2024-09-19
15489,TX,2024-07-20
15490,CA,2024-03-18
15491,MS,2024-04-03
15492,NY,2023-05-24
15493,MS,2023-11-10
15494,NY,2025-05-24
15495,KY,2024-12-29
15496,KS,2024-09-30
15497,MI,2024-04-18
15498,FL,2024-11-15
15499,OR,2024-08-28
15500,MD,2025-06-20
15501,KY,2023-10-02
15502,CA,2025-01-21
15503,OR,2023-08-05
15504,WI,2026-01-02
15505,OH,2024-11-06
15506,MN,2024-12-10
15507,CA,2025-07-11
15508,RI,2024-02-12
15509,WA,2023-05-28
15510,AZ,2026-01-14
15511,FL,2024-05-17
15512,WA,2023-08-20
15513,CO,2024-05-12
15514,CA,2024-02-27
15515,CA,2023-09-04
15516,FL,2023-04-15
15517,FL,2023-08-22
15518,CO,2024-04-19
15519,IL,2025-09-30
15520,WA,2025-01-28
15521,GA,2025-05-24
15522,MN,2023-04-22
15523,NY,2023-01-23
15524,CA,2025-07-25
15525,CA,2023-11-11
15526,CA,2023-07-21
15527,ID,2024-09-09
15528,FL,2024-08-28
15529,CO,2025-09-21
15530,KS,2023-01-25
15531,MN,2024-10-18
15532,TX,2024-06-14
15533,PA,2023-02-15
15534,TX,2025-11-24
15535,CA,2023-07-21
15536,MN,2023-12-31
15537,NJ,2024-04-14
15538,WI,2025-02-15
15539,FL,2024-02-20
15540,WA,2024-11-29
15541,OH,2025-03-20
15542,VT,2023-07-09
15543,VA,2023-12-15
15544,CA,2024-01-08
15545,SC,2025-09-11
15546,FL,2025-09-13
15547,AZ,2023-04-21
15548,OH,2024-10-07
15549,TX,2025-11-02
15550,NY,2024-06-06
15551,VA,2026-01-30
15552,VA,2023-07-16
15553,OR,2023-02-24
15554,VA,2023-07-02
15555,NJ,2025-11-08
15556,PA,2023-12-29
15557,IL,2024-04-17
15558,CO,2023-01-09
15559,WA,2024-10-21
15560,PA,2023-01-25
15561,MS,2025-12-16
15562,MA,2025-04-03
15563,CO,2023-03-09
15564,WA,2025-10-21
15565,UT,2023-02-17
15566,WA,2025-08-02
15567,MA,2025-12-07
15568,WA,2023-12-21
15569,IL,2025-10-06
15570,MO,2024-03-12
15571,MN,2024-11-30
15572,IN,2024-09-17
15573,OK,2023-03-31
15574,MO,2024-01-04
15575,CA,2025-07-27
15576,MI,2025-08-12
15577,GA,2024-05-14
15578,IL,2024-12-04
15579,OR,2023-05-13
15580,MN,2023-06-21
15581,VA,2025-02-01
15582,FL,2024-03-16
15583,MA,2025-09-11
15584,IL,2023-04-22
15585,VA,2025-11-29
15586,AR,2023-04-12
15587,NJ,2023-12-07
15588,WA,2025-07-08
15589,OR,2025-03-24
15590,NY,2023-07-15
15591,TX,2026-02-10
15592,NH,2024-05-19
15593,WA,2025-12-30
15594,NY,2023-08-07
15595,MI,2023-06-14
15596,TX,2024-01-16
15597,KY,2024-01-04
15598,NY,2023-01-08
15599,NY,2024-03-23
15600,CO,2023-02-03
15601,CA,2024-05-11
15602,CA,2025-05-13
15603,KY,2023-01-22
15604,PA,2024-10-24
15605,FL,2024-08-12
15606,NY,2024-11-07
15607,AR,2026-01-27
15608,FL,2023-09-28
15609,MN,2023-01-01
15610,PA,2023-10-14
15611,OR,2025-07-27
15612,FL,2025-05-03
15613,MN,2023-02-19
15614,CO,2024-09-08
15615,KY,2023-07-09
15616,WI,2025-12-02
15617,MA,2025-01-29
15618,OK,2023-03-07
15619,UT,2024-01-31
15620,WA,2023-05-08
15621,CA,2024-11-27
15622,CA,2023-07-07
15623,MI,2024-07-31
15624,NJ,2025-04-20
15625,NY,2025-01-31
15626,WA,2024-10-28
15627,LA,2025-07-21
15628,PA,2023-03-20
15629,MA,2025-11-08
15630,CA,2023-02-14
15631,WA,2023-05-09
15632,VA,2024-09-09
15633,CA,2025-02-01
15634,NJ,2025-03-03
15635,WA,2024-02-01
15636,CA,2023-10-02
15637,TX,2023-05-18
15638,NC,2025-02-21
15639,MI,2023-08-03
15640,IL,2023-08-16
15641,CO,2023-04-17
15642,MI,2023-06-08
15643,MA,2023-01-30
15644,IL,2026-01-26
15645,IL,2024-08-31
15646,WA,2025-02-07
15647,MA,2025-02-22
15648,IL,2025-05-31
15649,OR,2025-07-11
15650,CT,2023-12-08
15651,CA,2023-06-17
15652,AZ,2024-11-14
15653,OH,2024-09-23
15654,FL,2024-03-07
15655,FL,2023-02-08
15656,SC,2025-09-06
15657,TX,2024-01-22
15658,FL,2025-02-07
15659,WI,2025-03-01
15660,NJ,2025-01-11
15661,CA,2026-02-12
15662,PA,2024-02-05
15663,MA,2026-01-31
15664,NY,2023-04-12
15665,OK,2024-10-16
15666,MA,2026-01-18
15667,NE,2026-02-15
15668,ME,2025-06-21
15669,VA,2025-01-21
15670,CA,2023-03-28
15671,IL,2025-05-08
15672,GA,2023-11-15
15673,OK,2025-08-24
15674,CA,2025-06-05
15675,TX,2024-09-24
15676,TX,2026-01-18
15677,TX,2024-10-13
15678,NY,2026-02-09
15679,UT,2025-08-07
15680,NJ,2023-08-28
15681,AZ,2023-05-23
15682,CA,2025-08-11
15683,NJ,2023-04-29
15684,WA,2024-08-18
15685,CA,2023-06-12
15686,CA,2024-10-15
15687,MI,2023-12-16
15688,MA,2023-01-31
15689,NY,2024-04-02
15690,NY,2023-04-01
15691,MA,2023-05-08
15692,CO,2025-02-17
15693,WA,2025-08-27
15694,VA,2025-04-27
15695,SC,2025-03-02
15696,SC,2024-05-23
15697,CA,2025-07-24
15698,IL,2025-01-14
15699,TX,2025-01-09
15700,MD,2023-08-25
15701,NY,2025-10-09
15702,TN,2025-09-03
15703,TX,2025-10-19
15704,NY,2025-12-10
15705,CA,2024-04-13
15706,NY,2024-01-23
15707,MA,2025-12-21
15708,VA,2025-01-05
15709,TX,2024-10-15
15710,NJ,2023-02-10
15711,MS,2025-08-10
15712,NJ,2025-03-19
15713,TX,2024-01-17
15714,KY,2023-04-06
15715,TN,2025-06-30
15716,NJ,2025-02-25
15717,OR,2023-10-20
15718,FL,2023-12-07
15719,WA,2024-12-19
15720,MA,2025-08-14
15721,WA,2024-06-21
15722,GA,2025-05-21
15723,NY,2025-08-17
15724,OR,2024-01-16
15725,TN,2025-05-08
15726,WA,2024-08-21
15727,NC,2025-07-18
15728,CT,2025-11-12
15729,WV,2025-01-31
15730,AZ,2023-12-30
15731,NC,2024-07-19
15732,MA,2025-08-26
15733,WA,2025-04-06
15734,CO,2024-05-19
15735,SD,2023-08-06
15736,FL,2024-04-26
15737,WA,2025-07-25
15738,PA,2025-01-18
15739,NY,2025-04-15
15740,AL,2024-05-03
15741,UT,2025-03-10
15742,GA,2023-07-30
15743,WA,2024-10-27
15744,TX,2023-09-16
15745,NY,2024-01-07
15746,DE,2025-09-18
15747,MA,2023-03-29
15748,TX,2024-02-04
15749,IL,2023-11-05
15750,MI,2023-01-04
15751,FL,2023-08-14
15752,MA,2023-12-05
15753,VA,2026-01-30
15754,MO,2023-02-27
15755,PA,2024-07-09
15756,WA,2025-07-07
15757,NY,2024-06-07
15758,GA,2024-06-09
15759,FL,2025-12-04
15760,WA,2023-01-24
15761,MA,2025-02-01
15762,CA,2023-08-30
15763,FL,2023-07-22
15764,IN,2023-08-25
15765,MI,2025-08-08
15766,FL,2025-10-18
15767,TX,2023-10-21
15768,RI,2026-01-15
15769,NY,2023-07-29
15770,WA,2025-02-26
15771,OR,2025-10-22
15772,VA,2023-08-17
15773,MT,2024-02-14
15774,OH,2025-02-08
15775,OH,2025-08-20
15776,AZ,2024-04-02
15777,WA,2024-07-07
15778,MN,2023-08-01
15779,FL,2024-01-21
15780,AR,2024-06-11
15781,IN,2025-09-16
15782,PA,2023-04-12
15783,SC,2024-01-25
15784,WA,2025-04-20
15785,AL,2023-08-23
15786,CA,2023-04-24
15787,MI,2025-09-08
15788,OR,2025-12-26
15789,KY,2025-03-19
15790,RI,2025-11-29
15791,NJ,2023-04-13
15792,CT,2024-02-15
15793,NY,2025-03-18
15794,NY,2025-11-26
15795,KS,2023-03-08
15796,NY,2024-02-07
15797,DE,2023-07-25
15798,IL,2023-12-07
15799,MA,2025-12-11
15800,OH,2024-03-01
15801,CA,2025-08-13
15802,IL,2023-07-28
15803,IN,2024-11-06
15804,WA,2025-11-11
15805,IL,2024-01-04
15806,CA,2025-09-20
15807,WA,2023-03-23
15808,NC,2024-01-12
15809,AZ,2023-01-03
15810,MD,2024-11-14
15811,FL,2026-02-15
15812,IN,2025-02-02
15813,NC,2023-09-23
15814,WA,2024-03-10
15815,IL,2024-11-12
15816,FL,2024-12-25
15817,TN,2025-03-03
15818,NY,2024-01-11
15819,WA,2024-01-01
15820,FL,2025-02-05
15821,CO,2024-03-03
15822,NY,2025-10-28
15823,WA,2025-11-30
15824,WA,2024-10-04
15825,NY,2024-07-17
15826,CA,2026-01-30
15827,VA,2023-09-01
15828,MI,2025-04-24
15829,WA,2025-07-27
15830,IL,2023-10-30
15831,CA,2024-01-05
15832,NV,2025-04-30
15833,NY,2023-10-02
15834,AL,2023-03-11
15835,WA,2023-02-16
15836,FL,2023-04-27
15837,CO,2024-05-31
15838,NY,2025-04-11
15839,MD,2024-09-10
15840,NY,2025-01-25
15841,AR,2025-08-17
15842,MD,2023-02-05
15843,NV,2025-06-23
15844,NE,2024-02-11
15845,WA,2024-02-16
15846,MA,2024-05-02
15847,PA,2025-02-17
15848,NY,2025-04-11
15849,CA,2026-01-01
15850,CA,2024-10-05
15851,GA,2024-02-17
15852,OH,2023-05-04
15853,WI,2025-10-02
15854,NY,2024-10-14
15855,MO,2023-08-20
15856,KY,2024-03-08
15857,NC,2024-05-05
15858,RI,2023-03-27
15859,FL,2025-11-19
15860,CA,2025-05-24
15861,TX,2023-06-05
15862,CA,2025-01-26
15863,MA,2025-06-16
15864,NY,2024-06-15
15865,CA,2023-06-01
15866,CA,2026-01-05
15867,TX,2023-06-21
15868,TX,2025-01-31
15869,MN,2026-02-25
15870,WA,2024-11-23
15871,PA,2023-07-14
15872,GA,2023-04-10
15873,CA,2025-09-28
15874,NY,2025-06-27
15875,OR,2024-03-03
15876,MD,2024-08-09
15877,IL,2025-07-08
15878,SC,2023-09-13
15879,AZ,2024-12-21
15880,NC,2024-02-08
15881,KY,2025-08-17
15882,MA,2024-08-02
15883,VA,2025-12-13
15884,NC,2024-02-11
15885,GA,2023-08-30
15886,NJ,2023-02-16
15887,WA,2023-04-25
15888,CA,2025-10-13
15889,WA,2025-03-16
15890,CO,2023-05-10
15891,AL,2025-09-20
15892,IL,2024-05-09
15893,NY,2023-03-23
15894,PA,2025-08-22
15895,OR,2024-10-30
15896,FL,2025-11-14
15897,MD,2025-03-19
15898,CA,2025-11-30
15899,CA,2024-03-20
15900,CA,2025-05-18
15901,WA,2024-07-14
15902,GA,2023-02-26
15903,NY,2023-01-06
15904,MA,2025-08-02
15905,CA,2024-08-01
15906,PA,2025-07-03
15907,CA,2023-06-11
15908,PA,2025-02-13
15909,TX,2023-02-26
15910,MD,2024-06-11
15911,TX,2025-12-18
15912,TX,2024-06-29
15913,NH,2023-02-15
15914,FL,2025-07-21
15915,FL,2025-03-21
15916,FL,2023-02-16
15917,WA,2023-09-09
15918,NY,2023-06-15
15919,FL,2024-01-03
15920,TX,2026-03-01
15921,AZ,2024-08-04
15922,VA,2024-07-25
15923,GA,2023-12-14
15924,FL,2025-04-24
15925,KS,2024-09-09
15926,NC,2024-05-11
15927,WA,2024-11-26
15928,VT,2024-05-25
15929,PA,2024-03-27
15930,NJ,2024-06-26
15931,IL,2023-08-04
15932,WA,2024-04-14
15933,NC,2025-05-02
15934,NE,2023-10-31
15935,TX,2023-10-25
15936,MA,2023-10-13
15937,FL,2025-10-08
15938,AZ,2023-05-06
15939,WA,2023-02-20
15940,CA,2025-12-10
15941,PA,2024-04-15
15942,CA,2024-10-31
15943,MN,2024-03-13
15944,OK,2025-04-30
15945,WA,2023-12-08
15946,TX,2026-03-01
15947,NY,2025-01-18
15948,NY,2024-06-07
15949,MA,2024-10-16
15950,SD,2024-05-20
15951,MN,2024-02-03
15952,OH,2025-06-24
15953,WA,2026-02-15
15954,CA,2023-03-02
15955,PA,2023-11-09
15956,NY,2023-09-22
15957,OH,2025-11-18
15958,NY,2024-12-12
15959,WA,2025-07-01
15960,WA,2023-12-05
15961,AR,2023-03-30
15962,WA,2023-11-28
15963,WA,2023-06-01
15964,MD,2024-12-08
15965,WA,2023-05-06
15966,CA,2025-12-02
15967,LA,2024-02-25
15968,WV,2023-09-10
15969,NY,2025-09-25
15970,FL,2023-10-20
15971,PA,2023-06-18
15972,CA,2025-01-03
15973,CO,2023-01-16
15974,WA,2023-02-06
15975,FL,2023-10-23
15976,CA,2024-03-10
15977,FL,2023-11-16
15978,CA,2024-06-17
15979,MA,2024-07-27
15980,NY,2025-07-11
15981,NY,2025-11-05
15982,OR,2025-09-07
15983,CA,2024-01-30
15984,IL,2023-10-04
15985,PA,2024-10-10
15986,NY,2023-10-10
15987,MA,2025-09-25
15988,OH,2023-03-27
15989,TX,2023-07-26
15990,AL,2024-07-16
15991,TX,2024-04-21
15992,NH,2024-08-14
15993,TX,2023-05-11
15994,MD,2024-02-04
15995,OR,2023-05-16
15996,PA,2023-06-19
15997,NY,2025-08-26
15998,GA,2023-07-18
15999,CA,2025-01-08
16000,OR,2025-12-07
16001,MS,2025-02-03
16002,PA,2023-04-13
16003,NY,2024-07-01
16004,NY,2023-01-06
16005,ME,2024-12-11
16006,OH,2023-01-12
16007,MS,2023-04-13
16008,TX,2024-11-29
16009,NY,2024-03-02
16010,CA,2023-06-20
16011,KY,2023-03-30
16012,NY,2024-12-16
16013,GA,2025-05-04
16014,RI,2024-08-22
16015,TN,2024-03-01
16016,TX,2025-10-07
16017,WV,2025-09-22
16018,IL,2026-02-17
16019,GA,2023-06-27
16020,CA,2026-02-26
16021,NY,2024-07-16
16022,LA,2024-02-22
16023,FL,2024-07-07
16024,MA,2023-08-30
16025,OR,2024-02-12
16026,GA,2025-11-07
16027,CO,2025-12-06
16028,AL,2025-04-01
16029,CT,2024-06-13
16030,CT,2024-05-14
16031,FL,2023-07-11
16032,AZ,2023-02-18
16033,MI,2023-04-04
16034,OH,2025-07-19
16035,CA,2023-06-16
16036,MD,2023-09-11
16037,FL,2023-02-26
16038,CA,2023-01-06
16039,MA,2023-08-26
16040,MA,2025-01-02
16041,NY,2024-08-12
16042,NY,2023-01-20
16043,AL,2025-02-15
16044,NE,2023-05-22
16045,UT,2024-01-11
16046,TX,2024-02-11
16047,TX,2025-03-26
16048,CO,2023-03-21
16049,IN,2023-07-29
16050,CA,2025-02-06
16051,CA,2024-01-12
16052,VA,2023-02-09
16053,NE,2024-03-28
16054,AZ,2024-12-14
16055,TN,2023-03-27
16056,OR,2023-08-24
16057,UT,2024-10-05
16058,NV,2024-10-28
16059,IN,2023-12-27
16060,VA,2025-05-17
16061,NY,2025-01-19
16062,MD,2023-06-24
16063,CA,2025-04-07
16064,WI,2025-03-14
16065,PA,2023-03-02
16066,WI,2025-02-13
16067,NC,2024-02-18
16068,NV,2023-04-26
16069,CT,2026-02-25
16070,CT,2025-10-25
16071,FL,2024-11-28
16072,NY,2025-03-10
16073,OR,2024-09-18
16074,WA,2024-02-28
16075,MA,2024-06-06
16076,PA,2023-06-24
16077,NY,2025-06-16
16078,CO,2025-09-13
16079,PA,2024-01-09
16080,WA,2024-09-23
16081,FL,2023-08-25
16082,CA,2025-10-06
16083,CO,2025-08-25
16084,TX,2024-03-18
16085,FL,2025-11-27
16086,NY,2025-02-22
16087,OR,2025-10-16
16088,WA,2025-06-05
16089,TX,2025-04-25
16090,WA,2025-04-21
16091,CA,2024-09-26
16092,TX,2023-06-05
16093,NY,2024-12-29
16094,TN,2025-03-23
16095,IL,2024-10-01
16096,IL,2026-02-23
16097,ID,2025-11-30
16098,IA,2023-07-05
16099,WA,2024-04-05
16100,CA,2024-06-29
16101,UT,2024-11-29
16102,NY,2023-11-03
16103,PA,2025-08-02
16104,IL,2023-05-17
16105,MT,2025-06-11
16106,WI,2024-10-16
16107,OH,2024-09-12
16108,IL,2023-06-06
16109,MA,2023-06-30
16110,TX,2024-02-13
16111,FL,2025-05-02
16112,CA,2025-09-03
16113,VA,2025-11-17
16114,FL,2025-05-20
16115,OR,2024-09-03
16116,CO,2023-03-10
16117,PA,2024-08-24
16118,WA,2023-01-17
16119,GA,2025-04-28
16120,MD,2025-05-28
16121,NY,2025-04-14
16122,NY,2024-06-29
16123,FL,2023-03-01
16124,VA,2023-07-03
16125,NC,2025-04-17
16126,KY,2025-10-18
16127,TX,2025-01-22
16128,CA,2024-12-23
16129,MA,2026-02-16
16130,GA,2023-11-26
16131,NY,2025-02-19
16132,AZ,2025-10-25
16133,GA,2024-02-06
16134,HI,2024-09-19
16135,FL,2023-07-22
16136,NY,2025-11-26
16137,CT,2023-02-23
16138,WI,2023-10-15
16139,NY,2025-12-04
16140,TX,2023-10-11
16141,VA,2025-04-12
16142,CA,2024-08-04
16143,VA,2023-02-11
16144,CA,2023-09-29
16145,MI,2025-07-05
16146,MA,2024-07-24
16147,MD,2025-01-21
16148,TN,2023-02-16
16149,AL,2023-05-06
16150,KY,2024-04-16
16151,IL,2025-03-21
16152,LA,2024-09-12
16153,TX,2024-11-07
16154,AR,2024-01-05
16155,GA,2025-02-09
16156,CA,2024-08-10
16157,OK,2023-01-07
16158,MA,2024-11-28
16159,NY,2023-03-06
16160,MO,2023-07-21
16161,IN,2023-05-22
16162,NM,2026-01-26
16163,NJ,2025-03-27
16164,GA,2023-08-05
16165,MD,2025-09-17
16166,IL,2023-09-19
16167,MS,2023-10-11
16168,MN,2023-04-12
16169,CA,2024-01-12
16170,TX,2023-07-25
16171,NY,2025-11-02
16172,CA,2025-01-30
16173,OH,2026-02-20
16174,NY,2023-01-10
16175,TX,2023-05-31
16176,PA,2025-11-26
16177,NE,2025-02-14
16178,TX,2025-10-25
16179,CA,2025-06-08
16180,OR,2026-02-21
16181,IL,2024-02-07
16182,PA,2025-07-27
16183,NY,2025-03-21
16184,CA,2025-11-24
16185,VT,2024-05-13
16186,OH,2024-05-26
16187,NY,2023-11-13
16188,NY,2023-10-30
16189,NY,2026-01-30
16190,CA,2023-03-23
16191,ME,2024-10-19
16192,OH,2023-07-12
16193,VA,2023-08-12
16194,PA,2023-02-22
16195,CT,2025-10-11
16196,CO,2023-12-11
16197,OK,2026-01-13
16198,NH,2025-09-13
16199,CA,2024-10-02
16200,MI,2023-07-30
16201,NC,2025-05-13
16202,IL,2025-02-14
16203,PA,2025-07-03
16204,MA,2023-07-02
16205,CA,2024-05-20
16206,VA,2023-01-12
16207,LA,2023-04-03
16208,TX,2023-11-26
16209,MA,2023-07-09
16210,UT,2025-05-15
16211,IN,2025-08-11
16212,MA,2025-10-18
16213,OH,2023-10-20
16214,MA,2023-09-18
16215,MD,2024-12-10
16216,FL,2023-11-19
16217,UT,2023-01-10
16218,NJ,2025-08-22
16219,MA,2023-03-29
16220,PA,2023-12-06
16221,MD,2024-11-17
16222,CA,2023-07-28
16223,CA,2025-12-08
16224,WA,2025-07-10
16225,MI,2023-09-20
16226,IN,2024-10-31
16227,TX,2023-01-20
16228,FL,2024-07-21
16229,CA,2025-08-27
16230,NY,2026-02-05
16231,MN,2023-05-20
16232,IN,2026-01-19
16233,CO,2023-09-28
16234,TX,2023-10-11
16235,MI,2024-01-01
16236,RI,2024-04-28
16237,RI,2023-01-03
16238,CA,2025-09-30
16239,NJ,2025-02-22
16240,KS,2023-06-13
16241,CA,2024-01-23
16242,MD,2025-09-21
16243,CA,2025-10-29
16244,WA,2025-10-12
16245,NC,2023-01-12
16246,CA,2023-03-15
16247,WA,2023-08-26
16248,IL,2026-02-05
16249,OR,2025-07-03
16250,TX,2023-08-22
16251,TX,2026-01-20
16252,MN,2025-05-21
16253,TX,2026-02-13
16254,NY,2023-06-02
16255,NY,2026-02-05
16256,OR,2024-06-11
16257,MD,2025-03-21
16258,WA,2023-02-25
16259,NY,2024-09-06
16260,TX,2025-07-22
16261,TN,2024-10-24
16262,WA,2023-10-27
16263,FL,2025-09-02
16264,CA,2024-09-21
16265,FL,2023-05-24
16266,OR,2023-08-17
16267,NY,2024-04-10
16268,CT,2023-05-17
16269,NY,2023-08-28
16270,FL,2024-03-24
16271,CO,2023-05-31
16272,TX,2025-03-13
16273,WA,2023-12-19
16274,IL,2026-02-07
16275,NY,2024-04-10
16276,CA,2025-11-29
16277,MA,2024-10-15
16278,AZ,2023-02-22
16279,WA,2026-01-08
16280,NH,2023-12-17
16281,TX,2025-01-08
16282,GA,2023-12-06
16283,NY,2026-02-18
16284,TX,2023-03-06
16285,MA,2023-10-23
16286,CA,2025-07-30
16287,VA,2023-07-24
16288,VA,2024-10-08
16289,CA,2023-05-15
16290,PA,2024-01-13
16291,CO,2025-12-11
16292,DE,2025-05-17
16293,FL,2024-08-02
16294,CA,2025-10-13
16295,NY,2024-12-10
16296,AL,2023-03-08
16297,ME,2023-01-03
16298,CO,2024-05-24
16299,WA,2025-02-15
16300,TX,2023-04-12
16301,IL,2025-03-09
16302,CO,2025-01-03
16303,CA,2025-11-10
16304,MD,2024-01-22
16305,CA,2024-06-16
16306,HI,2023-04-02
16307,TX,2025-04-18
16308,MN,2024-05-19
16309,NC,2025-04-20
16310,NY,2024-11-17
16311,DE,2024-12-25
16312,PA,2023-05-28
16313,CA,2025-07-22
16314,CT,2025-06-02
16315,MI,2023-11-10
16316,FL,2024-10-18
16317,AZ,2023-10-25
16318,AL,2023-08-11
16319,GA,2023-12-19
16320,PA,2024-02-20
16321,MA,2023-03-03
16322,GA,2024-08-30
16323,SC,2024-09-15
16324,TX,2024-01-11
16325,OK,2024-08-21
16326,MI,2024-02-09
16327,FL,2025-07-17
16328,OR,2024-01-25
16329,UT,2025-02-04
16330,NJ,2023-12-14
16331,CA,2025-12-23
16332,MA,2025-08-15
16333,CO,2024-05-31
16334,IL,2023-11-26
16335,MA,2025-08-31
16336,CO,2023-04-02
16337,CA,2023-07-09
16338,MN,2024-07-25
16339,MA,2023-07-24
16340,AZ,2023-07-31
16341,NY,2025-02-08
16342,NJ,2023-03-30
16343,CO,2025-08-12
16344,HI,2023-12-29
16345,WA,2023-11-28
16346,MD,2025-07-09
16347,TX,2024-12-08
16348,VA,2025-04-23
16349,MN,2024-11-25
16350,TX,2024-02-26
16351,NC,2025-02-01
16352,OH,2025-01-05
16353,CA,2024-12-10
16354,NJ,2023-09-06
16355,MD,2023-06-30
16356,MA,2024-04-27
16357,GA,2025-02-27
16358,LA,2023-09-05
16359,MA,2023-11-15
16360,CO,2025-08-21
16361,FL,2024-11-30
16362,GA,2024-06-14
16363,OK,2026-02-10
16364,NY,2024-07-16
16365,IL,2023-05-03
16366,FL,2025-01-19
16367,NC,2023-11-15
16368,MA,2024-08-08
16369,CA,2023-09-02
16370,PA,2024-06-27
16371,MI,2023-06-02
16372,FL,2024-10-17
16373,PA,2023-01-15
16374,GA,2023-09-02
16375,MN,2025-03-01
16376,WA,2024-07-20
16377,FL,2024-07-07
16378,WA,2025-06-17
16379,CA,2023-02-21
16380,IL,2023-01-11
16381,NY,2025-04-02
16382,PA,2023-08-15
16383,NJ,2023-04-24
16384,NY,2024-08-26
16385,TX,2026-01-15
16386,MA,2024-08-15
16387,MN,2025-07-25
16388,VA,2023-07-29
16389,GA,2025-08-08
16390,PA,2025-10-01
16391,IL,2024-09-02
16392,GA,2025-12-16
16393,NY,2025-12-22
16394,NJ,2023-12-04
16395,MA,2024-12-25
16396,MT,2025-03-25
16397,MO,2024-06-15
16398,CA,2025-01-28
16399,NY,2023-01-06
16400,CA,2024-08-07
16401,FL,2024-09-10
16402,WA,2025-03-07
16403,CA,2023-12-22
16404,NM,2023-08-07
16405,NY,2024-01-02
16406,NJ,2025-06-07
16407,FL,2024-07-14
16408,MA,2023-12-30
16409,OH,2024-05-19
16410,TX,2023-06-26
16411,TN,2025-03-23
16412,FL,2024-07-30
16413,TX,2025-03-28
16414,MA,2025-12-13
16415,OR,2025-03-29
16416,PA,2024-04-23
16417,CA,2024-12-22
16418,MI,2024-08-03
16419,AZ,2025-01-15
16420,NJ,2025-11-04
16421,FL,2025-05-27
16422,MA,2023-05-14
16423,NE,2024-12-18
16424,MT,2025-11-13
16425,OR,2024-01-12
16426,CA,2024-10-13
16427,ID,2026-02-19
16428,TX,2023-06-15
16429,FL,2025-11-30
16430,CO,2026-01-03
16431,CA,2023-09-29
16432,MO,2025-09-16
16433,TX,2023-06-15
16434,NY,2025-01-31
16435,OH,2026-01-14
16436,WA,2024-10-10
16437,FL,2025-04-24
16438,NC,2024-07-04
16439,FL,2024-08-21
16440,GA,2023-06-04
16441,KY,2024-02-21
16442,NV,2023-03-08
16443,WA,2024-05-31
16444,CT,2025-12-18
16445,OH,2025-10-03
16446,NJ,2024-08-10
16447,AZ,2025-02-10
16448,MD,2025-01-29
16449,VA,2025-11-05
16450,MD,2023-06-25
16451,CO,2023-11-18
16452,FL,2023-05-16
16453,PA,2024-03-03
16454,MI,2025-07-19
16455,AK,2025-06-29
16456,FL,2024-11-10
16457,MI,2023-11-18
16458,TX,2025-02-19
16459,NY,2023-06-20
16460,GA,2025-07-12
16461,TX,2023-05-09
16462,NJ,2024-11-10
16463,MA,2024-02-01
16464,NY,2023-03-02
16465,NJ,2026-02-14
16466,OH,2024-04-17
16467,OH,2025-01-07
16468,AL,2024-02-01
16469,AZ,2025-03-14
16470,GA,2025-08-14
16471,OK,2024-10-16
16472,WA,2024-08-24
16473,CA,2023-09-25
16474,NY,2023-03-17
16475,CA,2025-12-28
16476,CO,2025-06-16
16477,UT,2025-10-28
16478,WA,2025-04-01
16479,WA,2023-03-29
16480,CA,2024-06-08
16481,NV,2025-04-05
16482,VA,2024-07-28
16483,CA,2024-11-17
16484,CO,2025-09-01
16485,TX,2024-05-20
16486,ME,2023-03-15
16487,PA,2025-03-16
16488,FL,2024-08-03
16489,CA,2025-12-28
16490,IL,2023-08-11
16491,CA,2025-06-15
16492,NY,2024-01-21
16493,IN,2023-05-02
16494,FL,2025-01-02
16495,GA,2025-04-02
16496,CA,2024-04-01
16497,CA,2023-06-13
16498,DE,2023-04-02
16499,KS,2023-12-02
16500,TX,2024-08-08
16501,IL,2025-07-23
16502,MA,2023-11-10
16503,MI,2024-08-24
16504,NY,2025-09-20
16505,NY,2025-06-28
16506,PA,2024-07-14
16507,OR,2024-04-29
16508,WA,2024-10-17
16509,TN,2024-09-18
16510,GA,2023-03-07
16511,IL,2023-07-20
16512,PA,2024-04-12
16513,NY,2024-03-09
16514,TX,2023-05-18
16515,ME,2025-10-12
16516,CA,2025-12-11
16517,ME,2025-03-12
16518,CO,2025-05-11
16519,VA,2023-05-16
16520,MA,2026-01-03
16521,NY,2024-03-24
16522,TX,2023-03-10
16523,KY,2025-08-10
16524,MD,2025-03-23
16525,IL,2025-10-11
16526,NY,2026-02-18
16527,GA,2023-04-07
16528,CA,2024-01-12
16529,CA,2025-12-12
16530,CA,2023-01-09
16531,OH,2025-10-01
16532,MA,2023-11-27
16533,AZ,2023-09-08
16534,UT,2023-12-26
16535,NY,2023-12-15
16536,CA,2023-05-04
16537,MN,2024-09-25
16538,SC,2023-07-18
16539,TX,2025-04-08
16540,WA,2025-07-06
16541,TX,2026-01-23
16542,AZ,2023-01-30
16543,IL,2026-01-20
16544,CA,2024-08-18
16545,TX,2025-11-04
16546,VA,2024-10-16
16547,GA,2025-03-31
16548,FL,2024-04-04
16549,CA,2023-01-23
16550,OR,2023-11-22
16551,FL,2025-05-26
16552,NY,2026-01-15
16553,AZ,2024-11-15
16554,NJ,2023-09-20
16555,KY,2025-03-17
16556,CA,2024-03-08
16557,MA,2024-07-13
16558,WA,2024-05-22
16559,MN,2023-02-18
16560,NE,2023-06-17
16561,SC,2024-03-16
16562,NC,2024-08-16
16563,CO,2023-08-16
16564,OH,2023-08-02
16565,NY,2025-05-29
16566,MA,2024-08-30
16567,IL,2025-01-19
16568,PA,2025-11-07
16569,NJ,2024-04-11
16570,GA,2023-12-10
16571,CA,2023-11-20
16572,MA,2025-12-19
16573,IL,2025-05-11
16574,NY,2025-12-08
16575,MA,2024-11-08
16576,AZ,2024-11-10
16577,OH,2025-04-27
16578,CA,2024-07-29
16579,TX,2024-06-28
16580,NY,2023-02-27
16581,GA,2023-03-05
16582,OH,2025-06-17
16583,FL,2023-05-05
16584,WA,2023-03-02
16585,DE,2024-01-15
16586,ND,2025-09-04
16587,NY,2023-03-07
16588,FL,2025-03-08
16589,VA,2025-01-24
16590,IL,2024-09-23
16591,CA,2025-08-15
16592,CA,2023-08-15
16593,FL,2023-07-11
16594,CO,2025-01-21
16595,CO,2026-02-23
16596,CA,2025-08-13
16597,VA,2023-04-09
16598,AZ,2023-12-10
16599,MA,2023-08-31
16600,GA,2023-01-20
16601,TX,2023-12-25
16602,AZ,2024-03-08
16603,FL,2025-09-26
16604,GA,2024-09-02
16605,TX,2024-05-01
16606,ND,2023-11-26
16607,FL,2023-07-04
16608,SD,2023-12-01
16609,CA,2024-05-20
16610,FL,2024-04-07
16611,NY,2025-09-21
16612,MO,2023-01-03
16613,KY,2024-10-30
16614,TN,2023-06-24
16615,TX,2025-09-26
16616,GA,2023-10-25
16617,IL,2023-04-28
16618,CA,2025-02-27
16619,OR,2024-10-03
16620,NY,2023-07-25
16621,NY,2025-11-24
16622,FL,2023-01-30
16623,TX,2025-07-30
16624,NJ,2025-04-02
16625,MI,2023-09-14
16626,TX,2023-07-01
16627,PA,2023-07-27
16628,TX,2025-05-28
16629,TX,2023-12-08
16630,VA,2024-01-13
16631,IL,2024-02-15
16632,MI,2024-01-18
16633,CA,2025-04-16
16634,MD,2024-07-24
16635,ME,2024-01-04
16636,SC,2026-02-04
16637,FL,2023-10-07
16638,IL,2023-03-13
16639,MI,2024-09-14
16640,TX,2024-05-19
16641,WA,2025-08-07
16642,ND,2023-04-16
16643,TX,2023-06-08
16644,NM,2023-01-14
16645,IL,2023-01-05
16646,FL,2025-10-15
16647,TX,2023-07-30
16648,GA,2023-11-23
16649,PA,2025-05-07
16650,CA,2024-04-10
16651,WA,2026-01-07
16652,GA,2025-01-15
16653,VA,2023-06-26
16654,CA,2023-05-12
16655,NJ,2025-02-15
16656,TX,2024-02-20
16657,MA,2023-12-10
16658,CA,2024-04-29
16659,ID,2024-07-31
16660,GA,2023-12-11
16661,KS,2024-04-19
16662,NY,2024-06-08
16663,CA,2023-02-15
16664,MN,2025-09-07
16665,ME,2023-01-23
16666,NY,2023-03-08
16667,WA,2024-09-17
16668,CA,2023-07-25
16669,WA,2023-09-15
16670,TX,2024-06-29
16671,IL,2025-03-18
16672,CA,2023-09-10
16673,CA,2023-06-02
16674,CA,2023-03-18
16675,AR,2024-12-03
16676,SC,2024-06-23
16677,PA,2024-12-25
16678,NY,2024-01-04
16679,MA,2024-07-21
16680,PA,2024-09-15
16681,NY,2023-06-04
16682,NY,2025-03-04
16683,CO,2023-09-28
16684,OR,2024-07-15
16685,PA,2025-12-27
16686,AL,2023-05-12
16687,NC,2025-04-24
16688,OH,2023-09-22
16689,UT,2023-08-08
16690,FL,2025-06-17
16691,AZ,2025-07-25
16692,FL,2025-09-15
16693,NY,2023-10-16
16694,TX,2026-01-07
16695,NJ,2025-01-20
16696,IL,2023-11-16
16697,CA,2023-11-14
16698,NY,2024-05-01
16699,NC,2024-08-10
16700,CO,2023-02-08
16701,MD,2025-07-31
16702,NY,2023-04-15
16703,FL,2024-05-21
16704,TX,2024-07-23
16705,CA,2023-11-25
16706,NY,2025-09-10
16707,FL,2023-11-04
16708,MA,2023-08-10
16709,WA,2024-10-17
16710,VA,2025-11-16
16711,AL,2024-11-03
16712,PA,2023-05-31
16713,TX,2023-06-22
16714,WV,2024-12-23
16715,NJ,2025-09-05
16716,UT,2025-11-11
16717,IN,2025-03-20
16718,NY,2025-05-26
16719,TX,2024-09-12
16720,CA,2023-02-16
16721,OK,2026-02-22
16722,TX,2025-06-08
16723,SC,2025-04-19
16724,AR,2024-07-23
16725,FL,2024-06-21
16726,AR,2023-02-13
16727,NY,2024-08-19
16728,PA,2023-01-22
16729,SC,2023-08-14
16730,NY,2024-07-02
16731,PA,2024-01-09
16732,WA,2024-09-04
16733,TX,2024-10-15
16734,WA,2025-10-24
16735,CA,2023-01-24
16736,MD,2025-04-12
16737,FL,2024-06-22
16738,CA,2024-01-07
16739,FL,2025-07-01
16740,TX,2025-12-28
16741,PA,2025-12-31
16742,IL,2025-01-27
16743,PA,2026-01-01
16744,IA,2025-02-24
16745,TX,2025-10-10
16746,IL,2023-02-09
16747,NY,2025-11-28
16748,IL,2025-12-15
16749,MA,2025-06-03
16750,NY,2025-01-14
16751,OH,2024-07-19
16752,CA,2023-10-29
16753,IL,2025-08-19
16754,TX,2025-07-22
16755,MA,2024-07-08
16756,MA,2023-01-04
16757,WV,2025-05-30
16758,FL,2024-02-14
16759,FL,2023-09-22
16760,WA,2023-01-15
16761,WA,2023-03-29
16762,ME,2023-04-09
16763,MA,2025-10-04
16764,ME,2023-08-05
16765,WV,2024-02-14
16766,ID,2023-07-10
16767,MA,2024-09-08
16768,MA,2025-11-16
16769,AL,2024-08-17
16770,PA,2023-08-18
16771,WA,2025-03-10
16772,TN,2024-06-13
16773,CA,2023-03-12
16774,GA,2023-04-27
16775,MA,2023-04-10
16776,NJ,2024-08-22
16777,LA,2025-05-09
16778,OK,2023-10-22
16779,KY,2026-03-01
16780,TX,2025-10-01
16781,GA,2024-09-25
16782,IL,2023-02-26
16783,FL,2025-11-02
16784,WA,2023-07-12
16785,WI,2025-09-20
16786,TX,2025-11-12
16787,OH,2023-01-30
16788,PA,2023-11-06
16789,CA,2024-07-25
16790,UT,2023-03-07
16791,FL,2023-06-15
16792,PA,2024-07-17
16793,SC,2023-06-29
16794,MN,2024-06-27
16795,NM,2024-12-26
16796,TX,2025-02-15
16797,NY,2025-11-06
16798,PA,2023-05-06
16799,PA,2023-03-23
16800,MA,2025-11-29
16801,CA,2025-08-28
16802,CA,2024-03-13
16803,TX,2025-08-25
16804,CA,2024-06-13
16805,WI,2025-07-22
16806,NY,2025-01-03
16807,TN,2024-07-10
16808,WA,2023-08-29
16809,WY,2023-11-30
16810,VT,2023-02-17
16811,PA,2026-02-08
16812,CO,2026-02-01
16813,TX,2024-04-07
16814,NY,2026-01-02
16815,PA,2023-11-13
16816,TX,2023-01-02
16817,MI,2024-01-07
16818,OH,2025-10-30
16819,MA,2024-08-10
16820,KY,2024-02-27
16821,CO,2025-04-12
16822,IN,2025-08-19
16823,NY,2024-12-27
16824,CA,2024-04-20
16825,NY,2023-09-02
16826,NC,2024-11-22
16827,CA,2024-05-02
16828,GA,2025-05-02
16829,AL,2026-01-01
16830,NC,2025-01-22
16831,CO,2025-07-16
16832,NY,2025-10-25
16833,OR,2023-08-05
16834,OR,2025-08-16
16835,MA,2023-11-06
16836,OH,2023-02-07
16837,SC,2025-06-23
16838,LA,2025-12-20
16839,AZ,2026-01-23
16840,MI,2023-08-21
16841,MA,2024-05-27
16842,RI,2023-05-30
16843,NJ,2023-08-03
16844,MA,2024-02-03
16845,IL,2025-10-26
16846,NY,2026-01-09
16847,MN,2023-07-08
16848,GA,2024-10-21
16849,SC,2023-01-28
16850,MA,2024-11-07
16851,MA,2023-05-15
16852,IL,2023-11-01
16853,LA,2024-05-09
16854,FL,2024-12-24
16855,IN,2026-01-08
16856,OR,2025-05-09
16857,AR,2024-01-26
16858,WA,2025-11-04
16859,KY,2024-08-21
16860,GA,2025-07-07
16861,SC,2025-06-10
16862,NY,2023-08-11
16863,CA,2025-04-07
16864,WA,2023-09-23
16865,CA,2026-02-03
16866,MI,2023-09-10
16867,NJ,2023-07-18
16868,MI,2025-12-15
16869,PA,2025-07-16
16870,IL,2024-02-11
16871,TX,2024-04-30
16872,MA,2025-05-02
16873,CO,2023-12-29
16874,NC,2023-07-31
16875,KS,2024-12-01
16876,AL,2025-05-26
16877,CA,2024-09-05
16878,NC,2025-07-04
16879,PA,2023-05-23
16880,RI,2025-12-29
16881,TX,2025-08-15
16882,CA,2025-05-14
16883,CA,2023-03-01
16884,IN,2024-06-05
16885,WA,2023-11-05
16886,NC,2023-12-07
16887,IL,2025-06-18
16888,IL,2026-01-12
16889,OH,2025-01-31
16890,NY,2023-08-28
16891,FL,2026-02-01
16892,WA,2023-08-13
16893,NC,2023-10-06
16894,SD,2024-03-04
16895,GA,2024-02-06
16896,NM,2023-02-15
16897,CA,2024-05-28
16898,NY,2025-10-20
16899,CA,2023-10-31
16900,MA,2023-06-01
16901,WA,2023-12-17
16902,TX,2024-12-05
16903,ME,2023-04-02
16904,AZ,2023-04-16
16905,NJ,2025-01-10
16906,KS,2026-01-31
16907,MI,2023-05-12
16908,NV,2025-02-07
16909,UT,2024-04-02
16910,CA,2025-06-17
16911,MA,2026-01-29
16912,CA,2025-11-10
16913,PA,2023-09-06
16914,TX,2023-07-11
16915,SC,2024-08-07
16916,GA,2023-06-17
16917,MN,2023-06-20
16918,TX,2024-06-19
16919,NC,2024-02-12
16920,FL,2024-05-15
16921,NY,2023-04-09
16922,CA,2025-04-15
16923,TX,2025-12-16
16924,CA,2023-09-04
16925,AZ,2024-11-14
16926,MA,2024-12-13
16927,CO,2023-04-17
16928,PA,2025-12-07
16929,MN,2025-04-24
16930,GA,2023-02-15
16931,NE,2024-01-31
16932,WA,2026-02-17
16933,FL,2025-12-19
16934,MO,2024-09-07
16935,WA,2025-08-07
16936,OH,2024-11-04
16937,FL,2026-02-15
16938,GA,2023-08-25
16939,TX,2026-02-21
16940,MS,2024-09-20
16941,NC,2023-06-19
16942,SC,2025-03-31
16943,NY,2024-01-27
16944,PA,2024-05-15
16945,PA,2023-06-23
16946,CA,2024-08-15
16947,IL,2023-06-21
16948,TX,2025-08-15
16949,NC,2024-11-06
16950,LA,2025-03-19
16951,MN,2024-09-14
16952,FL,2024-12-19
16953,IL,2023-12-04
16954,IL,2025-12-29
16955,TX,2026-01-26
16956,NC,2025-07-25
16957,NY,2024-01-13
16958,NJ,2025-11-01
16959,WA,2024-02-22
16960,SC,2023-11-27
16961,CA,2025-09-09
16962,CO,2023-10-07
16963,MD,2026-02-12
16964,CA,2025-05-30
16965,CA,2024-03-22
16966,AZ,2025-04-10
16967,WI,2025-01-04
16968,DE,2025-11-17
16969,MA,2023-07-12
16970,NJ,2025-03-23
16971,TX,2025-08-19
16972,CA,2024-02-28
16973,IL,2024-12-06
16974,NC,2023-04-01
16975,NH,2024-10-09
16976,MS,2025-03-05
16977,WA,2025-01-10
16978,NJ,2023-05-25
16979,CO,2024-03-27
16980,CO,2023-08-30
16981,PA,2025-11-20
16982,UT,2025-02-11
16983,AL,2025-12-19
16984,CA,2024-04-20
16985,NY,2023-04-11
16986,NY,2025-03-20
16987,WA,2025-03-01
16988,MA,2024-09-24
16989,NV,2025-05-26
16990,MA,2024-08-11
16991,RI,2023-09-30
16992,NY,2025-05-31
16993,FL,2023-02-27
16994,CA,2025-01-28
16995,MN,2025-09-09
16996,MA,2025-08-02
16997,MA,2024-01-22
16998,MA,2023-02-14
16999,ID,2023-10-18
17000,IN,2025-03-25
17001,CA,2023-08-28
17002,NY,2026-02-25
17003,TX,2023-10-03
17004,TX,2024-02-22
17005,NY,2023-07-26
17006,NY,2023-12-31
17007,SD,2025-04-12
17008,NC,2024-07-21
17009,NY,2023-06-09
17010,KY,2023-04-06
17011,FL,2024-02-29
17012,CO,2026-02-13
17013,CA,2024-08-21
17014,SC,2023-09-25
17015,AZ,2023-02-13
17016,CO,2024-08-17
17017,MA,2025-10-08
17018,HI,2023-01-09
17019,TN,2024-10-30
17020,IN,2024-01-16
17021,CA,2024-12-27
17022,CA,2023-04-25
17023,MA,2024-01-23
17024,CT,2024-03-14
17025,OH,2025-06-28
17026,NY,2025-04-24
17027,NY,2025-07-23
17028,AL,2025-05-25
17029,CA,2023-01-28
17030,MD,2024-09-27
17031,TX,2023-03-18
17032,LA,2024-08-09
17033,MA,2023-08-22
17034,TX,2023-11-25
17035,IL,2025-10-25
17036,OR,2023-12-14
17037,CA,2025-01-26
17038,OH,2024-02-23
17039,IL,2024-01-26
17040,ID,2024-08-12
17041,VA,2023-04-25
17042,MA,2023-01-04
17043,MN,2024-10-04
17044,MO,2026-02-25
17045,WI,2023-01-09
17046,ND,2023-04-28
17047,FL,2025-05-05
17048,MT,2024-11-30
17049,CO,2025-07-20
17050,MN,2023-05-05
17051,CA,2023-08-11
17052,AZ,2023-11-24
17053,PA,2025-10-13
17054,WA,2025-03-28
17055,MN,2023-09-16
17056,CA,2023-03-08
17057,NE,2025-06-01
17058,NH,2025-12-21
17059,TX,2025-08-29
17060,NV,2023-10-06
17061,MA,2026-02-20
17062,NV,2024-08-11
17063,AZ,2023-09-29
17064,UT,2024-05-16
17065,WA,2024-10-19
17066,NM,2025-06-11
17067,CA,2024-07-21
17068,FL,2023-08-06
17069,MN,2024-11-15
17070,NY,2023-06-08
17071,MS,2023-12-26
17072,FL,2024-06-27
17073,GA,2023-10-18
17074,NY,2023-02-05
17075,OR,2025-09-05
17076,LA,2025-05-09
17077,MA,2023-03-07
17078,NV,2025-03-07
17079,VA,2023-06-06
17080,CA,2023-05-01
17081,TX,2023-07-11
17082,MD,2023-12-23
17083,NV,2024-06-14
17084,FL,2024-04-24
17085,SC,2025-03-07
17086,CA,2026-01-01
17087,PA,2025-08-11
17088,AR,2026-01-04
17089,MA,2023-07-07
17090,TX,2024-04-20
17091,CA,2025-07-05
17092,PA,2024-10-10
17093,FL,2023-06-11
17094,TX,2025-03-12
17095,NJ,2023-02-16
17096,FL,2023-01-24
17097,AZ,2023-06-23
17098,CT,2025-05-28
17099,NY,2025-02-12
17100,OR,2023-08-18
17101,IL,2024-12-03
17102,FL,2023-04-28
17103,NY,2023-02-22
17104,MI,2025-08-05
17105,MA,2024-07-25
17106,WA,2024-06-06
17107,CO,2025-02-10
17108,TX,2025-02-20
17109,MA,2024-10-16
17110,PA,2023-04-23
17111,VT,2023-04-09
17112,AZ,2024-04-17
17113,TX,2025-11-12
17114,NY,2023-08-27
17115,SC,2024-09-12
17116,CO,2024-11-02
17117,TX,2024-01-22
17118,CA,2024-08-28
17119,MT,2023-05-02
17120,NY,2024-07-16
17121,IA,2023-11-13
17122,MO,2023-01-20
17123,CA,2024-06-25
17124,MI,2026-01-14
17125,MA,2024-02-09
17126,CA,2025-09-04
17127,NY,2024-11-23
17128,FL,2023-04-22
17129,KY,2025-10-30
17130,CA,2024-01-14
17131,TX,2025-07-28
17132,NY,2023-08-26
17133,LA,2024-10-05
17134,SD,2023-11-26
17135,AL,2023-07-04
17136,TX,2024-04-26
17137,CO,2024-08-23
17138,CO,2023-12-28
17139,NY,2025-11-25
17140,TX,2024-05-30
17141,NY,2023-11-26
17142,FL,2023-09-26
17143,IL,2025-12-29
17144,UT,2025-08-12
17145,TX,2024-01-13
17146,FL,2023-10-20
17147,CO,2023-12-26
17148,PA,2024-06-07
17149,TX,2024-09-15
17150,GA,2025-11-25
17151,MI,2023-12-10
17152,CA,2024-09-09
17153,AR,2024-07-28
17154,MA,2024-02-01
17155,PA,2024-02-25
17156,CA,2024-10-22
17157,TX,2024-02-06
17158,PA,2023-02-15
17159,TN,2024-11-17
17160,NC,2023-06-03
17161,PA,2023-09-18
17162,NM,2024-10-06
17163,MA,2023-10-14
17164,NY,2025-04-24
17165,NY,2024-09-30
17166,NY,2024-12-05
17167,CA,2023-06-06
17168,MI,2024-09-05
17169,CO,2024-03-04
17170,TX,2025-09-08
17171,WA,2025-05-01
17172,GA,2023-09-24
17173,TX,2023-02-28
17174,NY,2024-09-08
17175,CO,2023-06-20
17176,MN,2024-10-18
17177,IN,2025-04-16
17178,ND,2025-10-20
17179,CA,2025-04-01
17180,SC,2025-01-03
17181,MA,2024-02-02
17182,MD,2025-11-04
17183,NY,2025-08-26
17184,CA,2024-04-06
17185,VA,2023-05-18
17186,MO,2025-01-31
17187,NY,2023-05-30
17188,IN,2025-05-12
17189,NY,2025-02-19
17190,FL,2024-08-15
17191,CA,2023-10-27
17192,WV,2025-01-28
17193,AZ,2025-06-03
17194,CA,2024-05-18
17195,TX,2025-03-12
17196,MI,2025-03-28
17197,GA,2023-11-06
17198,TX,2024-07-27
17199,WA,2024-08-18
17200,IL,2023-01-27
17201,TX,2024-01-16
17202,MI,2023-05-11
17203,TN,2024-09-30
17204,FL,2025-10-16
17205,WA,2023-10-12
17206,NY,2025-01-06
17207,NY,2025-12-27
17208,NY,2023-08-21
17209,GA,2024-09-02
17210,MA,2023-08-10
17211,UT,2024-03-28
17212,MA,2023-10-31
17213,TX,2025-07-24
17214,CA,2023-09-21
17215,GA,2023-12-31
17216,PA,2025-01-11
17217,CO,2024-03-31
17218,TX,2024-05-19
17219,ID,2023-11-24
17220,OR,2025-03-29
17221,NC,2025-01-05
17222,IL,2024-05-06
17223,AZ,2024-04-05
17224,WA,2024-07-19
17225,TX,2025-03-30
17226,NY,2024-05-30
17227,IL,2024-02-22
17228,DE,2026-01-29
17229,WV,2024-02-12
17230,MA,2026-02-27
17231,IL,2025-04-23
17232,HI,2023-02-04
17233,MT,2023-06-03
17234,FL,2025-12-23
17235,VA,2025-06-08
17236,LA,2024-07-21
17237,TX,2023-08-17
17238,OR,2025-09-02
17239,TX,2025-09-27
17240,MA,2025-03-15
17241,MI,2024-07-17
17242,IL,2025-07-03
17243,FL,2023-01-15
17244,OR,2025-06-13
17245,TN,2025-05-03
17246,CA,2023-12-06
17247,TN,2023-12-29
17248,MA,2023-06-29
17249,AL,2024-08-11
17250,MD,2023-08-03
17251,NJ,2025-12-04
17252,NY,2023-12-18
17253,OH,2023-01-21
17254,NY,2025-09-15
17255,KY,2024-07-18
17256,IL,2024-10-30
17257,IL,2025-08-01
17258,WI,2024-01-04
17259,CA,2024-10-20
17260,IL,2024-11-24
17261,GA,2026-01-06
17262,CA,2025-10-19
17263,CA,2026-02-16
17264,WA,2023-12-25
17265,IN,2024-05-17
17266,FL,2023-02-01
17267,MI,2023-12-24
17268,KY,2023-03-03
17269,TN,2026-01-25
17270,NY,2024-03-27
17271,RI,2026-01-12
17272,NY,2024-02-10
17273,NJ,2025-10-02
17274,NY,2026-02-04
17275,OH,2023-12-23
17276,NC,2023-05-11
17277,ID,2025-11-11
17278,CO,2024-08-18
17279,MN,2023-08-14
17280,CA,2026-02-03
17281,MA,2025-08-10
17282,WA,2024-01-29
17283,MA,2025-05-20
17284,UT,2026-01-29
17285,MA,2023-03-28
17286,CA,2024-06-06
17287,NV,2023-04-03
17288,WA,2025-03-14
17289,GA,2023-06-02
17290,WA,2023-12-20
17291,CA,2025-05-28
17292,TN,2024-08-30
17293,CO,2025-09-09
17294,WA,2025-07-05
17295,CA,2025-07-03
17296,PA,2024-02-13
17297,TN,2026-01-15
17298,WA,2023-07-30
17299,NY,2024-01-18
17300,MD,2025-05-20
17301,CA,2025-10-25
17302,FL,2026-01-04
17303,GA,2024-02-15
17304,MN,2023-01-04
17305,CA,2026-01-11
17306,NY,2025-07-29
17307,CA,2024-03-06
17308,FL,2024-02-16
17309,PA,2023-02-04
17310,PA,2025-06-26
17311,NY,2023-03-21
17312,CT,2023-03-16
17313,NC,2025-03-21
17314,MA,2023-10-11
17315,CA,2024-12-27
17316,NE,2023-12-03
17317,PA,2024-08-08
17318,NY,2024-07-20
17319,AL,2023-03-24
17320,FL,2023-11-14
17321,FL,2025-05-24
17322,MO,2024-11-09
17323,IN,2024-11-30
17324,MA,2025-04-13
17325,FL,2025-08-12
17326,CA,2025-09-13
17327,CT,2023-01-19
17328,CA,2025-03-24
17329,OH,2023-01-04
17330,GA,2024-04-11
17331,GA,2023-07-09
17332,CA,2023-03-04
17333,CA,2025-10-10
17334,PA,2025-10-22
17335,SC,2023-03-08
17336,NJ,2025-05-27
17337,KS,2023-05-12
17338,MN,2025-12-07
17339,ID,2024-08-27
17340,MA,2025-07-29
17341,CA,2025-09-19
17342,WA,2025-12-06
17343,VA,2023-10-11
17344,AL,2024-07-02
17345,NV,2025-11-17
17346,NY,2025-06-20
17347,CO,2025-10-29
17348,NY,2025-06-20
17349,WI,2025-12-29
17350,IA,2023-12-08
17351,MN,2023-03-07
17352,OR,2024-08-29
17353,GA,2025-12-29
17354,GA,2025-01-15
17355,AZ,2024-06-15
17356,FL,2023-12-24
17357,UT,2024-01-11
17358,FL,2023-03-05
17359,LA,2023-06-27
17360,NY,2023-08-23
17361,CO,2025-05-14
17362,CT,2025-01-31
17363,KY,2023-02-09
17364,FL,2023-12-17
17365,CA,2024-06-24
17366,TX,2025-08-23
17367,NY,2025-08-19
17368,CA,2026-02-05
17369,PA,2025-04-10
17370,NJ,2023-01-30
17371,NY,2023-11-05
17372,PA,2023-02-15
17373,TX,2023-05-17
17374,CA,2025-02-13
17375,SC,2024-07-09
17376,MO,2024-03-08
17377,IL,2025-04-26
17378,GA,2023-07-26
17379,MN,2024-03-21
17380,CA,2025-12-18
17381,VA,2023-11-27
17382,FL,2024-08-18
17383,GA,2024-06-08
17384,WI,2025-01-18
17385,CO,2026-02-01
17386,FL,2023-12-25
17387,WA,2025-05-01
17388,TX,2024-07-08
17389,KY,2023-12-24
17390,MD,2025-01-24
17391,NY,2024-07-02
17392,NC,2026-02-17
17393,CA,2025-03-17
17394,AZ,2025-12-21
17395,NJ,2023-02-21
17396,NY,2023-11-09
17397,IL,2024-01-23
17398,TX,2023-05-19
17399,NE,2023-01-19
17400,NV,2023-11-17
17401,NC,2023-04-05
17402,CA,2023-05-10
17403,MN,2026-02-02
17404,WA,2025-08-02
17405,DE,2023-09-17
17406,NJ,2025-09-13
17407,TX,2025-11-28
17408,CA,2025-03-27
17409,FL,2026-02-28
17410,NY,2023-06-03
17411,WA,2024-07-06
17412,MI,2023-05-02
17413,CO,2025-01-26
17414,GA,2024-06-30
17415,CT,2024-02-04
17416,GA,2025-11-22
17417,CA,2024-02-10
17418,NC,2023-12-30
17419,NM,2025-09-06
17420,TX,2023-06-12
17421,OR,2025-02-02
17422,CA,2024-07-04
17423,OR,2023-05-11
17424,CA,2026-01-24
17425,MD,2024-10-14
17426,MO,2025-10-04
17427,MA,2023-09-27
17428,AZ,2025-06-22
17429,NE,2025-02-25
17430,WA,2023-12-31
17431,CA,2024-09-02
17432,WA,2025-12-20
17433,NY,2025-07-20
17434,NY,2024-08-11
17435,NV,2023-07-27
17436,FL,2023-12-14
17437,AR,2023-02-14
17438,MA,2023-12-13
17439,TX,2024-12-14
17440,TX,2024-10-08
17441,NC,2024-01-04
17442,VA,2024-06-17
17443,AZ,2023-12-24
17444,IL,2024-05-09
17445,NY,2025-06-23
17446,CA,2023-03-01
17447,NY,2023-10-25
17448,OR,2023-02-28
17449,FL,2023-08-19
17450,AZ,2025-03-07
17451,CA,2024-03-23
17452,CA,2024-09-04
17453,GA,2024-01-03
17454,NY,2024-07-07
17455,TX,2025-11-18
17456,PA,2025-09-14
17457,TX,2023-10-04
17458,FL,2024-08-31
17459,CA,2024-12-03
17460,FL,2025-04-10
17461,OH,2023-02-07
17462,NJ,2023-10-16
17463,MN,2025-09-01
17464,IN,2024-03-27
17465,NY,2023-01-28
17466,CA,2024-12-02
17467,ID,2025-01-26
17468,NY,2023-11-30
17469,MD,2024-07-14
17470,WA,2023-07-23
17471,PA,2024-01-14
17472,NY,2025-06-20
17473,MA,2026-02-12
17474,NJ,2025-11-09
17475,NJ,2025-10-04
17476,CA,2025-06-30
17477,ID,2024-01-31
17478,MA,2025-12-11
17479,TX,2023-12-19
17480,NY,2026-02-11
17481,MD,2024-05-28
17482,CA,2024-06-29
17483,CA,2023-10-09
17484,IL,2024-11-03
17485,MS,2024-08-28
17486,CO,2025-01-29
17487,MA,2024-01-01
17488,NY,2024-06-03
17489,CA,2023-04-20
17490,NJ,2025-06-24
17491,WI,2025-08-10
17492,HI,2024-11-10
17493,DE,2025-08-16
17494,SC,2023-11-20
17495,OR,2023-01-12
17496,TX,2025-11-12
17497,NY,2023-09-21
17498,NY,2024-01-15
17499,UT,2023-03-21
17500,GA,2024-02-29
17501,HI,2024-09-07
17502,IL,2024-03-11
17503,NY,2025-07-10
17504,TX,2026-01-06
17505,SC,2025-03-05
17506,MD,2026-02-08
17507,GA,2025-09-17
17508,CA,2024-03-27
17509,WA,2023-09-17
17510,NJ,2025-04-01
17511,WI,2024-12-08
17512,NJ,2025-05-01
17513,MD,2024-10-19
17514,GA,2023-06-24
17515,FL,2024-12-12
17516,TX,2024-08-07
17517,GA,2023-07-05
17518,NY,2024-10-13
17519,CA,2023-06-16
17520,CA,2023-05-23
17521,NY,2024-05-07
17522,WA,2023-03-13
17523,VA,2024-05-13
17524,CO,2023-05-27
17525,MA,2026-01-13
17526,WI,2025-06-09
17527,PA,2025-03-17
17528,KY,2025-04-25
17529,OH,2025-06-09
17530,PA,2025-03-23
17531,NJ,2025-08-28
17532,NC,2023-03-08
17533,TN,2025-04-17
17534,OR,2025-07-15
17535,WA,2023-12-07
17536,WA,2023-04-12
17537,FL,2025-08-09
17538,TX,2026-02-07
17539,CO,2025-06-25
17540,CA,2023-12-08
17541,GA,2025-04-07
17542,NY,2024-11-09
17543,NY,2023-05-14
17544,CA,2025-11-19
17545,WA,2025-05-24
17546,MN,2025-09-22
17547,TX,2024-01-20
17548,NJ,2024-08-20
17549,WA,2023-01-09
17550,MS,2023-05-16
17551,TX,2025-09-02
17552,WA,2025-09-05
17553,NY,2023-02-12
17554,TX,2026-02-02
17555,CA,2025-11-20
17556,TX,2025-02-25
17557,NY,2023-04-23
17558,MA,2025-01-01
17559,CO,2023-01-12
17560,NY,2025-05-21
17561,OH,2023-09-03
17562,HI,2024-05-23
17563,NY,2023-02-13
17564,SC,2024-08-29
17565,CO,2024-05-23
17566,RI,2023-11-04
17567,NY,2025-05-16
17568,CA,2025-06-30
17569,NY,2023-02-05
17570,NY,2024-12-11
17571,KS,2025-07-29
17572,NY,2025-08-18
17573,NY,2023-08-24
17574,FL,2023-12-27
17575,CA,2025-05-17
17576,CA,2023-01-25
17577,IL,2025-03-25
17578,OH,2025-08-09
17579,WA,2025-09-10
17580,NY,2025-10-21
17581,NY,2023-12-24
17582,MA,2023-04-28
17583,FL,2024-04-23
17584,TX,2024-11-07
17585,NY,2024-04-03
17586,WA,2023-04-23
17587,GA,2025-11-09
17588,MA,2024-04-02
17589,CO,2024-10-01
17590,CO,2026-01-13
17591,NJ,2024-07-29
17592,TN,2025-03-10
17593,WA,2024-02-07
17594,FL,2023-09-10
17595,SD,2025-08-15
17596,MA,2024-10-23
17597,TX,2024-10-30
17598,FL,2024-12-28
17599,TX,2024-09-03
17600,LA,2026-02-19
17601,OR,2025-09-05
17602,CO,2024-11-09
17603,TN,2024-07-22
17604,TX,2024-06-26
17605,CA,2024-06-02
17606,NJ,2023-01-12
17607,TX,2023-01-10
17608,MA,2023-06-06
17609,CA,2025-10-08
17610,WI,2024-12-25
17611,NY,2023-05-21
17612,TN,2024-09-30
17613,MA,2023-05-17
17614,MN,2024-11-21
17615,WA,2024-03-18
17616,AL,2024-11-06
17617,MA,2023-10-04
17618,NY,2025-07-21
17619,NY,2026-01-21
17620,CA,2024-10-02
17621,OH,2023-04-21
17622,NC,2025-12-03
17623,NV,2025-06-09
17624,IL,2023-07-30
17625,PA,2023-12-09
17626,NY,2023-12-27
17627,MD,2024-02-15
17628,OH,2025-01-28
17629,NY,2024-05-22
17630,TX,2023-08-20
17631,CO,2025-03-14
17632,MI,2023-08-22
17633,FL,2024-06-03
17634,OH,2023-10-29
17635,CA,2023-04-10
17636,NY,2023-09-10
17637,CA,2023-11-04
17638,FL,2025-03-04
17639,MO,2025-03-13
17640,NY,2024-01-22
17641,CA,2026-02-20
17642,TX,2023-05-12
17643,PA,2023-08-09
17644,AL,2023-03-03
17645,OR,2025-04-11
17646,FL,2025-01-01
17647,WA,2024-02-07
17648,FL,2023-06-20
17649,CA,2023-01-14
17650,AL,2023-09-27
17651,CA,2025-12-13
17652,NY,2026-02-28
17653,IL,2024-12-13
17654,NM,2025-05-21
17655,AR,2024-09-20
17656,TX,2023-10-28
17657,TX,2024-12-04
17658,FL,2024-03-02
17659,GA,2023-04-26
17660,SD,2023-08-24
17661,IL,2023-01-13
17662,CA,2023-03-09
17663,NC,2025-01-12
17664,NY,2025-04-16
17665,NC,2024-01-26
17666,IL,2026-01-20
17667,NY,2023-04-14
17668,VA,2024-09-05
17669,IN,2025-02-11
17670,CA,2023-10-31
17671,CA,2024-01-14
17672,LA,2023-03-29
17673,IA,2024-09-21
17674,MA,2024-09-16
17675,MN,2024-01-01
17676,MD,2026-01-17
17677,IL,2025-05-26
17678,PA,2025-01-01
17679,MA,2025-09-25
17680,WA,2024-03-31
17681,NY,2024-02-19
17682,PA,2024-03-30
17683,OH,2024-05-25
17684,IL,2025-07-23
17685,CA,2023-07-28
17686,CA,2024-01-06
17687,NV,2025-03-13
17688,CA,2023-03-27
17689,MN,2024-10-08
17690,MA,2025-03-31
17691,MO,2023-10-22
17692,MN,2024-05-20
17693,NY,2026-02-24
17694,NC,2025-04-06
17695,OH,2023-04-27
17696,MA,2024-10-10
17697,TX,2023-12-22
17698,CA,2025-02-14
17699,AL,2025-10-19
17700,GA,2023-08-24
17701,NY,2025-07-30
17702,AZ,2023-03-10
17703,NY,2023-09-24
17704,IL,2025-03-25
17705,HI,2024-01-17
17706,MA,2024-01-09
17707,OR,2024-11-15
17708,NC,2024-05-20
17709,NY,2023-08-25
17710,CT,2023-11-21
17711,NY,2024-08-12
17712,WA,2025-02-28
17713,TN,2025-01-23
17714,AL,2025-01-01
17715,NV,2023-01-21
17716,UT,2023-11-01
17717,TX,2024-08-26
17718,NC,2025-03-17
17719,MO,2025-10-06
17720,VA,2024-03-20
17721,TX,2023-09-23
17722,WA,2025-09-23
17723,MA,2025-12-17
17724,CA,2024-08-23
17725,NY,2024-09-24
17726,FL,2025-01-26
17727,NC,2023-11-20
17728,AZ,2025-12-21
17729,MI,2023-03-30
17730,NV,2024-02-20
17731,TX,2024-11-12
17732,VA,2026-01-04
17733,CA,2024-02-09
17734,TX,2023-12-31
17735,CO,2024-01-20
17736,SC,2023-01-09
17737,TX,2024-05-29
17738,FL,2023-11-05
17739,TX,2023-06-19
17740,NJ,2023-05-27
17741,OR,2023-03-21
17742,TX,2025-03-14
17743,WA,2024-03-27
17744,NV,2025-09-04
17745,CA,2025-03-17
17746,IL,2025-01-26
17747,WA,2023-10-22
17748,WA,2026-02-27
17749,TN,2024-09-04
17750,MN,2025-06-01
17751,NJ,2024-03-25
17752,WA,2023-03-10
17753,AZ,2024-07-09
17754,AZ,2025-06-27
17755,NY,2024-05-14
17756,NJ,2025-04-09
17757,NY,2024-05-16
17758,CA,2025-08-31
17759,IL,2024-12-30
17760,WA,2025-06-19
17761,CO,2024-10-21
17762,IL,2025-01-30
17763,TX,2023-02-23
17764,MA,2023-11-28
17765,GA,2025-08-16
17766,NJ,2024-10-17
17767,CA,2023-11-09
17768,TX,2023-12-21
17769,NY,2023-08-13
17770,MN,2024-09-05
17771,CA,2023-04-09
17772,GA,2023-11-03
17773,OR,2025-03-05
17774,IL,2024-01-26
17775,SD,2026-01-19
17776,WA,2024-01-09
17777,FL,2023-07-23
17778,PA,2024-08-31
17779,TX,2024-09-24
17780,MS,2026-02-14
17781,FL,2023-03-07
17782,PA,2023-05-11
17783,VA,2025-02-17
17784,WA,2025-06-19
17785,TX,2025-04-07
17786,NJ,2023-04-02
17787,OR,2026-01-05
17788,NY,2025-01-08
17789,GA,2024-10-14
17790,AZ,2023-02-23
17791,FL,2024-10-19
17792,MA,2024-11-09
17793,NY,2026-01-14
17794,NY,2023-02-14
17795,FL,2023-04-27
17796,OR,2023-05-27
17797,AZ,2024-10-20
17798,FL,2025-11-10
17799,MI,2024-06-19
17800,FL,2025-12-07
17801,NY,2024-02-23
17802,VA,2026-02-07
17803,ME,2025-10-09
17804,CA,2024-07-24
17805,WY,2025-09-24
17806,AL,2024-04-26
17807,NY,2026-01-05
17808,GA,2023-09-27
17809,GA,2025-07-10
17810,TX,2024-11-22
17811,CA,2026-01-13
17812,AZ,2025-03-22
17813,NY,2023-08-30
17814,KS,2025-07-19
17815,NY,2025-12-23
17816,AL,2026-01-23
17817,OR,2024-02-02
17818,LA,2025-06-06
17819,WA,2023-02-18
17820,DE,2023-05-25
17821,VA,2025-07-05
17822,MN,2024-02-02
17823,MA,2025-02-09
17824,CA,2024-11-01
17825,AR,2024-03-03
17826,CO,2025-11-06
17827,FL,2023-03-22
17828,NY,2023-07-03
17829,FL,2024-04-11
17830,CA,2023-10-10
17831,NY,2025-12-30
17832,FL,2023-03-31
17833,NC,2024-12-09
17834,OR,2024-10-03
17835,CA,2023-07-22
17836,PA,2024-08-21
17837,MN,2023-01-06
17838,PA,2023-12-23
17839,WA,2023-02-24
17840,WI,2025-12-26
17841,AL,2023-05-27
17842,GA,2024-08-08
17843,OK,2025-09-06
17844,TN,2025-01-05
17845,AK,2024-11-25
17846,GA,2026-01-24
17847,LA,2025-05-03
17848,NY,2023-09-05
17849,FL,2023-05-12
17850,SC,2025-12-29
17851,KS,2023-12-15
17852,MA,2024-03-17
17853,WA,2023-09-13
17854,NY,2024-05-19
17855,NY,2024-02-20
17856,HI,2023-11-15
17857,FL,2023-11-12
17858,PA,2025-09-12
17859,TX,2025-09-24
17860,LA,2023-11-26
17861,CA,2026-03-01
17862,IL,2025-12-22
17863,TX,2025-03-11
17864,NY,2023-05-03
17865,OR,2023-09-27
17866,CA,2023-01-08
17867,TX,2024-12-30
17868,IL,2023-12-08
17869,WA,2024-11-16
17870,NY,2025-04-07
17871,FL,2023-12-02
17872,CT,2025-01-17
17873,CA,2025-05-10
17874,TX,2023-09-13
17875,CA,2023-04-26
17876,CA,2025-03-01
17877,CO,2026-01-13
17878,TX,2023-02-19
17879,CA,2024-07-08
17880,AZ,2024-05-20
17881,OH,2023-08-22
17882,CA,2025-02-13
17883,MN,2026-02-12
17884,ME,2023-07-08
17885,NY,2024-07-03
17886,AZ,2024-06-07
17887,NY,2025-03-31
17888,TX,2023-01-14
17889,CT,2025-08-24
17890,OK,2025-05-09
17891,WA,2024-03-08
17892,NY,2024-09-03
17893,NV,2024-04-06
17894,TX,2025-05-27
17895,TX,2023-10-11
17896,NY,2024-09-14
17897,MN,2025-03-10
17898,NC,2024-12-17
17899,OR,2024-06-17
17900,WA,2024-11-12
17901,NV,2025-10-17
17902,TX,2025-01-03
17903,TX,2023-06-10
17904,NC,2023-06-23
17905,CA,2025-06-23
17906,CA,2023-01-26
17907,FL,2024-03-12
17908,OH,2025-01-28
17909,ID,2023-01-11
17910,TX,2024-09-10
17911,NY,2025-10-21
17912,WA,2024-06-06
17913,MA,2023-03-29
17914,LA,2023-08-30
17915,WI,2025-10-05
17916,WA,2026-03-01
17917,KS,2024-08-20
17918,CA,2023-04-21
17919,CO,2023-10-16
17920,FL,2023-03-15
17921,PA,2023-04-18
17922,RI,2025-03-11
17923,CA,2025-01-06
17924,PA,2026-02-02
17925,IL,2023-03-18
17926,NY,2023-07-22
17927,OR,2025-04-30
17928,FL,2025-03-10
17929,MO,2024-12-07
17930,FL,2024-02-16
17931,TX,2024-03-16
17932,TX,2023-02-22
17933,WA,2026-01-16
17934,TX,2024-11-02
17935,WA,2023-01-09
17936,CA,2024-11-21
17937,VA,2023-03-24
17938,TX,2025-11-14
17939,KY,2023-08-13
17940,CA,2024-03-05
17941,WA,2026-02-15
17942,TX,2025-04-14
17943,FL,2025-06-13
17944,VT,2025-01-29
17945,GA,2025-09-21
17946,DE,2023-03-19
17947,PA,2025-12-15
17948,FL,2023-12-23
17949,IL,2024-06-18
17950,AZ,2024-11-04
17951,NY,2024-07-24
17952,ID,2024-07-31
17953,PA,2024-02-10
17954,CA,2023-04-25
17955,TX,2024-04-18
17956,TX,2025-01-23
17957,MN,2023-11-27
17958,NC,2024-12-25
17959,OH,2025-09-09
17960,NY,2023-03-29
17961,SC,2025-06-26
17962,WA,2024-07-27
17963,FL,2023-01-03
17964,WA,2024-06-07
17965,TN,2024-05-20
17966,IL,2024-10-07
17967,WA,2023-03-25
17968,FL,2023-07-03
17969,AL,2023-06-18
17970,TX,2023-04-18
17971,ID,2023-07-12
17972,MA,2025-05-01
17973,IL,2026-01-23
17974,CA,2023-09-29
17975,FL,2024-07-09
17976,TX,2025-06-24
17977,CO,2025-01-07
17978,WA,2025-02-03
17979,CA,2025-01-14
17980,CA,2025-02-09
17981,TX,2025-03-09
17982,OH,2023-04-26
17983,RI,2025-08-18
17984,NY,2025-10-25
17985,ND,2025-02-11
17986,TX,2023-03-07
17987,VA,2024-06-10
17988,FL,2024-03-24
17989,WA,2023-04-11
17990,CA,2024-12-30
17991,CA,2024-07-07
17992,WA,2023-03-07
17993,CA,2023-04-30
17994,NY,2023-09-02
17995,PA,2024-01-24
17996,IL,2023-10-14
17997,TX,2025-12-07
17998,VA,2025-03-10
17999,WA,2025-04-04
18000,FL,2024-02-22
18001,CO,2025-08-27
18002,CA,2023-12-17
18003,FL,2023-06-04
18004,AZ,2023-07-22
18005,FL,2025-08-22
18006,CA,2024-03-15
18007,TN,2024-01-14
18008,NY,2023-02-17
18009,TX,2023-08-17
18010,WA,2025-09-16
18011,FL,2024-11-11
18012,CA,2025-11-11
18013,WI,2026-02-10
18014,NY,2025-06-16
18015,NC,2025-08-26
18016,OR,2025-08-12
18017,MN,2026-01-17
18018,MO,2024-10-07
18019,MA,2023-01-11
18020,CA,2025-11-16
18021,FL,2024-03-31
18022,IL,2025-11-20
18023,NM,2024-08-25
18024,FL,2025-08-22
18025,MD,2024-08-13
18026,PA,2024-05-28
18027,MI,2024-02-03
18028,CO,2024-01-22
18029,CA,2024-09-09
18030,CA,2023-05-18
18031,GA,2024-10-14
18032,TX,2024-04-26
18033,HI,2023-10-27
18034,NY,2023-02-01
18035,NY,2024-04-01
18036,IN,2024-06-25
18037,TX,2023-02-13
18038,CA,2024-06-30
18039,MI,2025-09-10
18040,CA,2024-02-28
18041,FL,2023-02-14
18042,PA,2024-01-15
18043,PA,2024-05-11
18044,FL,2025-06-02
18045,MD,2025-08-16
18046,CA,2023-05-18
18047,NY,2024-02-12
18048,KS,2023-07-04
18049,FL,2024-05-03
18050,CA,2023-01-18
18051,NH,2025-12-31
18052,NY,2024-09-26
18053,TN,2023-06-20
18054,RI,2026-01-05
18055,KY,2024-02-04
18056,FL,2025-06-28
18057,FL,2023-08-27
18058,NJ,2023-11-16
18059,NY,2024-06-05
18060,AZ,2024-06-11
18061,CO,2024-04-21
18062,AZ,2025-01-28
18063,FL,2023-02-11
18064,TX,2023-08-22
18065,FL,2024-07-09
18066,TX,2024-03-12
18067,AR,2024-11-06
18068,PA,2025-01-12
18069,WA,2025-06-26
18070,LA,2025-03-13
18071,NY,2025-04-30
18072,WA,2025-09-23
18073,CA,2025-04-25
18074,MA,2024-05-24
18075,OH,2023-01-22
18076,VA,2025-10-04
18077,CA,2023-08-30
18078,TX,2025-04-22
18079,MA,2024-07-31
18080,LA,2024-03-28
18081,TX,2024-05-21
18082,MN,2023-08-01
18083,PA,2025-09-19
18084,AZ,2024-02-13
18085,CA,2024-09-13
18086,WA,2024-07-12
18087,CT,2025-05-21
18088,MI,2024-10-29
18089,NC,2024-08-14
18090,FL,2025-12-04
18091,PA,2024-12-07
18092,CA,2024-12-23
18093,TX,2025-02-18
18094,CA,2026-02-10
18095,PA,2024-05-21
18096,TX,2024-03-25
18097,VA,2025-01-19
18098,SD,2024-06-21
18099,OH,2024-05-12
18100,MS,2024-12-16
18101,MN,2024-02-04
18102,NH,2024-08-06
18103,NC,2025-07-09
18104,TX,2023-12-05
18105,FL,2024-04-01
18106,CA,2024-10-06
18107,NJ,2023-10-09
18108,IL,2024-02-18
18109,TX,2026-01-25
18110,NC,2023-06-12
18111,WA,2025-04-22
18112,LA,2023-06-10
18113,FL,2023-09-12
18114,CA,2025-12-29
18115,TX,2024-02-16
18116,WA,2024-12-14
18117,NY,2023-02-05
18118,PA,2024-12-30
18119,NJ,2024-04-14
18120,AZ,2023-11-05
18121,CA,2024-04-25
18122,NV,2024-12-04
18123,IN,2025-02-27
18124,AR,2023-10-18
18125,WA,2024-03-05
18126,MA,2024-08-20
18127,CA,2024-03-07
18128,TX,2024-10-07
18129,PA,2024-05-19
18130,TX,2024-11-03
18131,MN,2025-03-17
18132,NY,2023-02-10
18133,GA,2024-01-19
18134,NY,2025-06-04
18135,WA,2023-07-02
18136,OK,2025-02-02
18137,TX,2025-11-29
18138,WY,2023-05-18
18139,CA,2023-12-01
18140,FL,2023-05-18
18141,NC,2024-05-02
18142,CA,2024-07-29
18143,AZ,2024-09-20
18144,WA,2025-06-16
18145,NC,2024-02-13
18146,AL,2026-01-13
18147,WA,2025-10-29
18148,VA,2025-05-08
18149,MD,2026-01-17
18150,CA,2026-01-17
18151,CA,2023-08-07
18152,NY,2025-04-21
18153,CA,2023-12-16
18154,CO,2024-02-09
18155,PA,2023-02-12
18156,HI,2023-09-15
18157,CA,2026-03-01
18158,CA,2025-05-01
18159,CA,2025-12-04
18160,CA,2025-10-10
18161,NC,2024-03-10
18162,CA,2024-06-13
18163,NY,2023-03-10
18164,MA,2025-11-14
18165,TX,2024-07-21
18166,NY,2024-05-27
18167,MA,2023-07-02
18168,FL,2023-02-23
18169,MO,2026-01-09
18170,CA,2023-06-09
18171,CA,2025-01-07
18172,HI,2023-09-21
18173,CA,2024-09-12
18174,MA,2025-10-02
18175,MI,2025-12-03
18176,PA,2023-07-20
18177,CA,2023-05-27
18178,AR,2024-12-11
18179,CO,2024-06-30
18180,CA,2025-05-21
18181,FL,2024-07-28
18182,WA,2023-03-23
18183,TX,2023-09-20
18184,CA,2025-07-11
18185,MN,2025-11-28
18186,NY,2023-10-13
18187,MA,2023-01-23
18188,CO,2023-10-30
18189,CA,2023-07-25
18190,FL,2023-04-05
18191,PA,2024-04-19
18192,GA,2023-05-17
18193,CA,2023-05-31
18194,CA,2024-12-03
18195,CA,2023-07-21
18196,CO,2025-07-31
18197,WA,2023-03-15
18198,NC,2024-07-02
18199,FL,2024-09-28
18200,FL,2025-09-26
18201,OH,2025-09-24
18202,CA,2025-10-21
18203,IL,2023-10-18
18204,WA,2023-03-12
18205,NY,2023-04-18
18206,FL,2024-08-20
18207,OK,2025-11-14
18208,NY,2023-07-22
18209,WA,2024-07-22
18210,OH,2026-01-10
18211,CA,2023-06-13
18212,TX,2025-07-18
18213,VA,2023-06-29
18214,NM,2024-08-20
18215,OH,2024-04-16
18216,MA,2026-02-08
18217,NY,2025-12-04
18218,MA,2024-06-15
18219,WI,2024-08-31
18220,MN,2024-03-06
18221,VA,2025-12-18
18222,NC,2025-09-01
18223,CA,2025-09-01
18224,CO,2023-08-12
18225,FL,2025-03-20
18226,NC,2023-07-08
18227,PA,2023-02-28
18228,LA,2025-10-28
18229,LA,2025-04-04
18230,AL,2024-02-10
18231,FL,2024-09-05
18232,MI,2025-11-10
18233,NY,2024-01-19
18234,MD,2024-02-16
18235,GA,2024-12-28
18236,IL,2023-08-19
18237,IL,2023-08-24
18238,MD,2024-10-24
18239,TX,2023-02-15
18240,MD,2023-08-10
18241,FL,2025-01-21
18242,IL,2023-06-05
18243,WA,2026-01-23
18244,CA,2025-03-28
18245,NY,2026-01-11
18246,RI,2024-07-28
18247,FL,2023-01-10
18248,FL,2023-03-30
18249,NY,2025-06-27
18250,NE,2023-11-22
18251,IL,2023-10-13
18252,GA,2023-08-03
18253,TX,2025-09-22
18254,CA,2025-12-31
18255,IN,2025-09-08
18256,UT,2024-02-06
18257,IL,2024-09-03
18258,AL,2024-06-06
18259,SC,2023-12-06
18260,SC,2025-04-08
18261,CA,2025-06-24
18262,WA,2023-12-23
18263,TX,2024-01-13
18264,CA,2023-03-16
18265,GA,2026-01-27
18266,GA,2023-09-22
18267,MA,2025-06-29
18268,OH,2025-10-10
18269,NY,2026-01-11
18270,CA,2023-08-16
18271,NY,2023-05-11
18272,ID,2025-10-30
18273,FL,2024-06-28
18274,IL,2023-09-01
18275,NV,2023-08-16
18276,VA,2023-09-02
18277,CA,2024-03-19
18278,MA,2024-09-06
18279,MI,2025-06-05
18280,MA,2025-04-04
18281,CA,2025-07-24
18282,NY,2024-01-17
18283,CA,2024-09-30
18284,FL,2024-06-05
18285,FL,2025-04-21
18286,WA,2023-06-07
18287,OR,2024-06-30
18288,CA,2024-05-20
18289,MA,2025-03-31
18290,SC,2023-06-16
18291,IL,2023-01-22
18292,NY,2023-03-08
18293,WA,2024-12-10
18294,WA,2024-09-03
18295,FL,2025-04-27
18296,CA,2024-08-09
18297,TX,2025-06-06
18298,TX,2023-01-17
18299,CA,2024-10-20
18300,FL,2025-01-31
18301,FL,2023-09-12
18302,CA,2023-11-24
18303,NV,2023-12-12
18304,NE,2023-08-28
18305,FL,2023-11-03
18306,TX,2023-06-25
18307,DE,2023-11-09
18308,MI,2025-06-24
18309,NY,2024-06-27
18310,GA,2023-12-01
18311,NY,2025-04-15
18312,GA,2025-06-18
18313,AZ,2024-12-01
18314,NY,2023-09-26
18315,NJ,2025-03-16
18316,NY,2023-07-05
18317,AL,2023-04-20
18318,ND,2025-02-05
18319,WA,2023-02-04
18320,OR,2025-03-08
18321,IL,2026-01-27
18322,NC,2024-09-22
18323,NJ,2023-01-10
18324,RI,2023-07-28
18325,FL,2023-02-07
18326,TN,2023-04-04
18327,IN,2025-06-05
18328,WA,2025-04-18
18329,FL,2024-10-13
18330,PA,2023-08-30
18331,VA,2024-11-12
18332,IL,2023-04-08
18333,GA,2024-08-01
18334,WA,2024-09-07
18335,NY,2023-05-21
18336,NJ,2023-07-22
18337,OR,2024-02-21
18338,GA,2025-03-12
18339,VA,2025-08-03
18340,IL,2023-05-17
18341,WA,2025-02-13
18342,PA,2025-06-23
18343,NC,2024-09-09
18344,NC,2025-07-10
18345,TX,2026-02-27
18346,CA,2024-09-16
18347,AZ,2025-04-13
18348,MA,2026-02-13
18349,LA,2023-05-18
18350,TX,2024-02-19
18351,NY,2024-09-11
18352,CO,2023-09-05
18353,FL,2024-06-09
18354,TX,2023-08-13
18355,WA,2026-02-18
18356,TX,2025-01-04
18357,NY,2024-12-21
18358,WA,2024-04-07
18359,CO,2025-07-04
18360,WA,2023-08-28
18361,TN,2023-01-21
18362,CO,2024-03-23
18363,CA,2024-03-23
18364,WV,2023-09-12
18365,MA,2023-10-30
18366,NH,2025-02-15
18367,OH,2024-09-15
18368,NV,2025-11-19
18369,CO,2025-06-05
18370,MN,2024-01-23
18371,NY,2024-11-10
18372,FL,2024-04-24
18373,AZ,2024-08-30
18374,IL,2023-05-15
18375,FL,2025-11-27
18376,FL,2023-10-15
18377,AZ,2025-12-28
18378,NY,2025-01-15
18379,GA,2025-12-26
18380,NM,2023-07-11
18381,MN,2026-02-17
18382,OH,2024-02-05
18383,MA,2025-06-27
18384,SC,2024-10-19
18385,ND,2025-11-03
18386,MO,2024-04-13
18387,VA,2025-06-11
18388,MN,2023-06-03
18389,MA,2025-08-14
18390,IL,2024-11-09
18391,CA,2024-11-27
18392,PA,2023-11-02
18393,KY,2023-12-20
18394,ME,2025-06-25
18395,FL,2025-03-08
18396,TX,2024-11-24
18397,TX,2025-05-03
18398,SC,2023-07-11
18399,MA,2024-08-15
18400,FL,2025-06-23
18401,OH,2025-08-25
18402,NE,2025-10-16
18403,SC,2025-06-16
18404,GA,2025-03-26
18405,OH,2024-07-20
18406,UT,2025-12-26
18407,MS,2024-09-18
18408,OK,2023-04-22
18409,PA,2024-11-01
18410,ID,2026-02-04
18411,HI,2023-01-26
18412,OR,2025-09-27
18413,PA,2024-09-13
18414,MD,2025-12-25
18415,MN,2024-12-17
18416,WA,2024-09-04
18417,TN,2025-10-21
18418,TX,2024-08-04
18419,CA,2024-04-03
18420,MA,2024-01-04
18421,GA,2024-12-27
18422,TX,2023-05-22
18423,MA,2023-01-14
18424,CA,2024-12-11
18425,MT,2024-06-14
18426,NY,2025-04-06
18427,GA,2025-04-10
18428,HI,2026-01-02
18429,IL,2024-03-13
18430,TX,2024-01-18
18431,TX,2025-07-03
18432,AL,2025-03-15
18433,CA,2025-08-30
18434,OH,2025-08-08
18435,MO,2024-02-09
18436,IL,2025-10-17
18437,TX,2025-06-04
18438,IN,2025-08-24
18439,WA,2023-03-20
18440,NY,2023-11-05
18441,NJ,2024-12-27
18442,NY,2025-11-22
18443,AZ,2025-06-08
18444,WY,2024-12-13
18445,WA,2025-08-08
18446,CA,2024-04-14
18447,FL,2024-07-18
18448,FL,2025-07-26
18449,FL,2023-05-01
18450,CA,2023-05-30
18451,FL,2023-06-02
18452,TX,2025-09-30
18453,NY,2024-07-27
18454,SC,2025-12-22
18455,GA,2023-03-09
18456,NC,2023-08-13
18457,FL,2025-04-26
18458,TN,2024-07-11
18459,WI,2025-05-25
18460,GA,2023-09-04
18461,GA,2025-06-27
18462,MN,2023-10-19
18463,FL,2023-08-02
18464,IL,2025-02-06
18465,TX,2024-08-27
18466,WA,2025-08-28
18467,OH,2025-10-07
18468,NC,2023-03-15
18469,TX,2026-01-02
18470,NJ,2024-09-16
18471,IL,2024-10-25
18472,WA,2026-01-14
18473,MD,2023-02-27
18474,TX,2024-12-26
18475,IL,2023-07-27
18476,TX,2024-02-17
18477,MA,2025-12-11
18478,NC,2025-11-06
18479,WA,2024-12-30
18480,NY,2025-01-09
18481,FL,2025-03-14
18482,MD,2024-02-23
18483,CA,2025-07-07
18484,MA,2023-07-20
18485,FL,2026-01-10
18486,FL,2023-03-21
18487,NY,2023-07-08
18488,VA,2025-04-07
18489,NY,2025-01-23
18490,CA,2025-04-05
18491,NY,2025-12-03
18492,FL,2024-05-24
18493,MD,2024-11-25
18494,NY,2026-01-25
18495,NM,2023-01-21
18496,CA,2024-02-04
18497,FL,2024-07-13
18498,NY,2025-11-21
18499,AZ,2024-05-03
18500,IN,2023-10-15
18501,MI,2024-03-12
18502,WI,2023-05-10
18503,WA,2024-03-16
18504,NE,2025-02-28
18505,FL,2025-09-23
18506,NY,2025-12-11
18507,AZ,2024-12-21
18508,SC,2025-05-13
18509,CA,2023-08-18
18510,CA,2024-04-09
18511,NV,2023-07-05
18512,UT,2023-06-11
18513,MO,2024-02-05
18514,NY,2025-03-01
18515,PA,2025-10-11
18516,TN,2024-06-28
18517,FL,2024-02-17
18518,AZ,2024-06-14
18519,NJ,2026-02-18
18520,FL,2023-03-10
18521,MO,2023-10-20
18522,VA,2024-09-26
18523,TX,2024-07-19
18524,CO,2024-06-16
18525,MA,2024-10-11
18526,CA,2024-07-07
18527,MA,2025-08-10
18528,TX,2025-01-27
18529,NY,2023-01-28
18530,CA,2024-07-23
18531,OR,2024-09-30
18532,AR,2024-03-03
18533,NY,2025-02-13
18534,WI,2025-09-06
18535,TX,2026-01-21
18536,NJ,2023-02-04
18537,CA,2024-06-09
18538,GA,2025-04-09
18539,NC,2024-01-11
18540,TX,2025-04-13
18541,MI,2024-10-17
18542,CO,2025-05-16
18543,FL,2025-10-03
18544,CO,2024-05-02
18545,WA,2023-12-19
18546,IN,2023-12-20
18547,NY,2025-09-05
18548,WA,2024-02-08
18549,WA,2024-02-07
18550,WA,2025-01-26
18551,MI,2024-01-29
18552,FL,2024-08-05
18553,NC,2023-04-14
18554,FL,2023-01-11
18555,NY,2025-10-06
18556,MO,2024-02-26
18557,NY,2023-09-30
18558,FL,2023-02-23
18559,PA,2023-09-04
18560,NY,2024-10-26
18561,NJ,2024-09-09
18562,CO,2026-02-03
18563,NY,2023-10-22
18564,MA,2023-10-03
18565,CA,2024-08-07
18566,PA,2025-12-02
18567,FL,2023-07-13
18568,MS,2023-11-07
18569,WA,2024-09-11
18570,CA,2026-01-31
18571,WA,2024-10-06
18572,WA,2023-09-07
18573,TX,2025-02-20
18574,OH,2025-08-13
18575,CA,2023-10-23
18576,SC,2023-08-26
18577,TN,2025-03-20
18578,MA,2023-10-16
18579,AZ,2024-06-20
18580,FL,2023-09-13
18581,TX,2024-06-04
18582,CA,2026-02-16
18583,NY,2023-04-29
18584,CA,2026-01-19
18585,NY,2023-06-21
18586,FL,2024-12-23
18587,IL,2025-04-05
18588,OR,2026-02-13
18589,CA,2023-12-15
18590,NV,2024-07-20
18591,WA,2024-04-20
18592,FL,2023-04-18
18593,TN,2024-08-11
18594,MI,2026-02-19
18595,IN,2024-01-05
18596,KY,2025-01-29
18597,NY,2026-02-18
18598,CT,2024-07-28
18599,FL,2023-03-05
18600,CA,2023-07-31
18601,TX,2023-03-10
18602,FL,2026-02-21
18603,AZ,2024-01-12
18604,UT,2024-06-08
18605,OR,2023-03-09
18606,NY,2025-12-21
18607,MA,2023-06-10
18608,VA,2025-11-15
18609,FL,2025-01-28
18610,MA,2024-12-01
18611,FL,2025-04-09
18612,TX,2025-04-28
18613,WA,2025-04-17
18614,GA,2023-09-06
18615,NY,2026-01-19
18616,NY,2025-11-25
18617,TX,2025-10-27
18618,TX,2023-07-21
18619,MI,2025-04-24
18620,TX,2024-06-27
18621,AZ,2023-06-10
18622,WA,2025-11-19
18623,CA,2023-09-19
18624,MA,2023-01-10
18625,FL,2024-12-15
18626,TN,2023-12-25
18627,FL,2023-05-04
18628,TX,2024-09-21
18629,IL,2023-09-25
18630,UT,2023-10-05
18631,CA,2025-10-20
18632,CA,2023-03-17
18633,NY,2024-06-09
18634,MA,2024-09-09
18635,FL,2025-11-25
18636,NY,2023-09-27
18637,CA,2023-01-02
18638,TX,2024-07-26
18639,WA,2026-02-04
18640,MA,2024-06-18
18641,TX,2023-12-17
18642,NE,2025-11-17
18643,WA,2024-06-20
18644,VA,2025-05-16
18645,CO,2025-12-24
18646,AL,2025-11-29
18647,TX,2024-04-08
18648,WA,2023-01-23
18649,MI,2024-11-19
18650,MA,2023-05-08
18651,IL,2023-02-04
18652,MO,2024-05-01
18653,LA,2023-04-11
18654,SD,2025-01-06
18655,PA,2025-01-10
18656,NC,2024-09-02
18657,SD,2026-01-10
18658,MA,2023-11-26
18659,MD,2023-07-15
18660,CA,2024-02-18
18661,TN,2023-03-09
18662,CO,2025-05-20
18663,MA,2025-05-20
18664,VT,2023-05-21
18665,CA,2023-07-04
18666,WA,2025-11-08
18667,TX,2023-03-22
18668,AR,2024-05-12
18669,NY,2023-08-06
18670,OR,2024-06-08
18671,WA,2023-05-01
18672,TX,2024-04-13
18673,FL,2023-06-28
18674,MD,2023-04-21
18675,PA,2023-01-09
18676,CA,2023-08-10
18677,MN,2025-03-07
18678,CA,2025-05-10
18679,OH,2024-09-13
18680,MN,2026-02-05
18681,NC,2023-07-23
18682,CA,2024-06-10
18683,CA,2024-03-28
18684,NV,2025-08-03
18685,PA,2023-07-14
18686,MD,2023-09-18
18687,CO,2025-05-15
18688,TX,2025-10-29
18689,GA,2025-07-11
18690,NY,2026-02-10
18691,MA,2023-12-06
18692,NY,2023-02-16
18693,CA,2025-04-09
18694,MA,2025-03-23
18695,WA,2024-05-03
18696,OR,2025-03-01
18697,CA,2026-01-26
18698,MN,2023-04-03
18699,CA,2024-08-01
18700,MO,2023-05-18
18701,MA,2023-11-08
18702,AZ,2023-10-17
18703,FL,2023-03-06
18704,FL,2024-12-03
18705,MN,2025-08-18
18706,CA,2024-06-22
18707,PA,2023-04-27
18708,WA,2025-06-10
18709,FL,2024-07-20
18710,LA,2024-04-30
18711,TX,2025-11-15
18712,ME,2025-02-22
18713,TX,2025-10-08
18714,VA,2025-05-26
18715,TX,2024-09-11
18716,NC,2024-02-18
18717,GA,2026-02-19
18718,CA,2024-03-04
18719,OH,2023-08-31
18720,CA,2023-09-09
18721,NE,2026-01-03
18722,FL,2023-04-22
18723,TX,2025-02-20
18724,NY,2025-08-27
18725,NY,2023-12-26
18726,MN,2025-02-05
18727,WA,2025-07-07
18728,TX,2023-06-17
18729,OK,2025-01-27
18730,CO,2023-08-01
18731,NJ,2025-02-26
18732,TX,2025-03-02
18733,NE,2023-02-15
18734,NY,2025-11-07
18735,MA,2025-05-28
18736,WI,2025-01-27
18737,CA,2024-11-18
18738,GA,2024-02-02
18739,WA,2024-10-22
18740,IL,2023-04-08
18741,CT,2025-10-25
18742,IN,2023-06-08
18743,NY,2023-03-28
18744,CA,2026-02-17
18745,TX,2024-03-18
18746,TX,2023-06-21
18747,NE,2024-11-12
18748,TX,2023-08-23
18749,MO,2023-05-01
18750,NY,2024-05-11
18751,MO,2024-09-03
18752,NJ,2024-02-26
18753,KS,2023-05-15
18754,CO,2023-11-11
18755,IN,2023-03-10
18756,RI,2023-07-17
18757,MI,2025-03-27
18758,HI,2023-01-11
18759,CA,2025-05-18
18760,CA,2026-02-27
18761,IA,2025-01-04
18762,PA,2026-02-07
18763,NY,2025-11-16
18764,GA,2023-01-16
18765,FL,2026-01-01
18766,TX,2025-08-05
18767,CA,2023-01-07
18768,NY,2023-03-02
18769,TN,2025-07-13
18770,WA,2024-04-29
18771,NC,2024-09-23
18772,PA,2025-07-24
18773,CA,2025-11-20
18774,CA,2024-07-13
18775,TX,2023-04-01
18776,MA,2024-03-21
18777,CA,2025-08-07
18778,CO,2023-11-26
18779,WA,2025-11-10
18780,SD,2025-08-12
18781,IL,2024-04-23
18782,CA,2024-06-01
18783,MA,2024-06-19
18784,NY,2023-08-13
18785,NY,2024-07-25
18786,FL,2024-01-03
18787,TX,2025-10-19
18788,CA,2025-11-25
18789,TN,2024-04-10
18790,MI,2024-07-25
18791,NE,2024-03-13
18792,GA,2025-01-26
18793,CA,2024-08-13
18794,TX,2025-05-30
18795,CA,2023-07-10
18796,NY,2023-04-07
18797,MD,2024-05-18
18798,CA,2025-06-06
18799,CA,2023-05-30
18800,MA,2023-02-12
18801,CO,2025-07-01
18802,NJ,2023-11-15
18803,GA,2023-08-06
18804,TX,2024-05-02
18805,NY,2023-05-26
18806,KY,2023-11-24
18807,FL,2023-09-16
18808,SC,2024-07-19
18809,WI,2023-04-29
18810,TX,2023-10-17
18811,GA,2023-08-13
18812,MD,2025-06-12
18813,MI,2025-01-22
18814,PA,2023-09-02
18815,NJ,2023-06-25
18816,CO,2024-06-05
18817,PA,2023-04-29
18818,FL,2023-09-16
18819,WA,2024-07-24
18820,NY,2025-07-31
18821,MN,2026-02-27
18822,TN,2023-06-07
18823,WI,2023-09-18
18824,NY,2024-01-25
18825,TX,2024-10-06
18826,MD,2023-05-12
18827,CA,2024-02-12
18828,TX,2023-10-09
18829,IA,2024-07-20
18830,KY,2025-02-06
18831,CO,2023-02-15
18832,GA,2024-11-16
18833,NY,2023-01-21
18834,NY,2025-09-23
18835,MI,2023-09-25
18836,FL,2023-04-11
18837,IN,2024-10-22
18838,WA,2024-10-14
18839,MA,2023-02-02
18840,NJ,2023-08-24
18841,NY,2023-07-17
18842,MA,2024-05-21
18843,NY,2025-01-16
18844,AR,2023-11-28
18845,WA,2024-04-30
18846,ID,2023-04-30
18847,NY,2023-06-07
18848,NY,2025-11-26
18849,VA,2025-04-29
18850,WA,2023-05-24
18851,MA,2024-10-02
18852,OR,2024-11-23
18853,PA,2025-11-17
18854,GA,2025-08-06
18855,FL,2025-01-23
18856,PA,2025-05-24
18857,NY,2023-02-20
18858,CA,2023-04-19
18859,IN,2023-05-14
18860,OH,2023-03-21
18861,VA,2025-10-03
18862,WA,2023-12-04
18863,CA,2024-03-07
18864,NY,2025-06-06
18865,MI,2023-04-12
18866,OR,2023-11-27
18867,CO,2024-01-11
18868,LA,2023-08-19
18869,ME,2025-02-02
18870,NC,2024-02-28
18871,CA,2025-11-14
18872,CA,2024-07-22
18873,WA,2024-02-20
18874,AZ,2023-10-29
18875,KY,2026-01-28
18876,NY,2023-04-29
18877,KY,2023-11-27
18878,NJ,2024-10-23
18879,PA,2023-12-25
18880,CA,2026-02-23
18881,NY,2023-10-16
18882,IN,2024-07-06
18883,NY,2024-03-15
18884,CA,2024-07-28
18885,TX,2024-12-17
18886,CO,2023-12-12
18887,VA,2025-10-11
18888,NY,2025-10-09
18889,PA,2025-04-12
18890,CA,2023-04-15
18891,FL,2023-11-09
18892,NY,2023-03-27
18893,CA,2024-04-26
18894,OR,2025-04-29
18895,WA,2025-10-24
18896,CA,2023-10-27
18897,MI,2024-06-11
18898,WA,2024-08-28
18899,CA,2025-07-15
18900,CA,2025-11-30
18901,NH,2024-10-10
18902,CA,2024-07-08
18903,NY,2025-12-25
18904,WA,2023-09-02
18905,AR,2024-08-11
18906,CA,2024-12-31
18907,WA,2025-11-10
18908,OH,2023-05-27
18909,MI,2023-11-09
18910,NH,2023-11-12
18911,CO,2024-02-07
18912,GA,2023-05-06
18913,NE,2025-04-14
18914,TX,2024-05-10
18915,CT,2025-09-07
18916,CO,2025-01-13
18917,CA,2024-11-30
18918,CA,2023-02-14
18919,OH,2025-04-15
18920,CA,2025-08-21
18921,KS,2025-06-29
18922,OK,2025-05-09
18923,WI,2025-12-31
18924,MD,2024-12-28
18925,CA,2023-04-08
18926,MD,2026-01-19
18927,MI,2023-04-27
18928,CA,2025-09-21
18929,CA,2025-12-02
18930,IL,2023-03-12
18931,MN,2025-01-27
18932,PA,2025-03-06
18933,CA,2025-04-18
18934,MT,2024-12-26
18935,WA,2023-04-17
18936,MA,2024-01-21
18937,OR,2024-03-31
18938,NY,2025-02-13
18939,MA,2023-10-21
18940,PA,2023-06-25
18941,CT,2026-02-04
18942,CO,2026-01-14
18943,NY,2024-08-16
18944,LA,2023-11-25
18945,IL,2025-10-22
18946,PA,2023-02-11
18947,OR,2023-03-22
18948,PA,2024-05-02
18949,MO,2025-07-04
18950,CA,2023-09-19
18951,IL,2024-12-09
18952,OH,2025-09-19
18953,ID,2025-03-18
18954,FL,2024-07-01
18955,GA,2024-09-06
18956,NJ,2025-08-04
18957,WA,2025-03-25
18958,MO,2023-04-08
18959,LA,2025-03-04
18960,CO,2023-05-07
18961,PA,2025-03-05
18962,NH,2024-08-01
18963,PA,2025-04-19
18964,NY,2026-01-09
18965,MN,2024-08-05
18966,MI,2024-07-01
18967,FL,2023-03-08
18968,NC,2024-11-12
18969,OR,2024-08-01
18970,PA,2025-04-16
18971,NJ,2025-04-03
18972,SC,2024-07-28
18973,UT,2026-01-06
18974,CA,2023-01-30
18975,IN,2025-02-01
18976,AR,2025-04-10
18977,NY,2026-02-12
18978,CA,2024-12-31
18979,CA,2024-06-18
18980,SC,2024-01-04
18981,AZ,2023-10-29
18982,MD,2025-07-05
18983,WI,2023-11-03
18984,IL,2025-12-22
18985,NC,2025-04-16
18986,IN,2024-05-25
18987,TX,2025-10-14
18988,IL,2025-06-05
18989,NC,2025-07-26
18990,ID,2024-01-22
18991,WA,2025-03-05
18992,SD,2025-05-08
18993,VA,2024-04-02
18994,AR,2023-10-04
18995,KY,2023-08-18
18996,MN,2023-01-13
18997,MA,2023-07-16
18998,CA,2024-09-06
18999,NY,2023-04-13
19000,IL,2023-04-19
19001,TX,2024-01-11
19002,IN,2023-05-06
19003,MN,2025-01-16
19004,NJ,2024-01-20
19005,CA,2023-05-28
19006,CA,2024-11-13
19007,NY,2025-10-21
19008,TX,2025-09-21
19009,IL,2024-07-05
19010,AZ,2025-01-18
19011,LA,2025-10-27
19012,PA,2024-03-11
19013,IL,2025-03-12
19014,CA,2023-11-21
19015,WA,2023-06-06
19016,CA,2026-02-11
19017,TX,2023-04-22
19018,KY,2025-09-13
19019,AZ,2026-01-01
19020,CA,2025-08-11
19021,NC,2025-08-15
19022,AZ,2025-01-05
19023,MI,2025-05-22
19024,OR,2023-04-04
19025,TX,2024-12-19
19026,PA,2024-11-12
19027,MD,2024-10-29
19028,NJ,2024-05-29
19029,NY,2025-10-25
19030,CT,2023-07-13
19031,TX,2023-02-23
19032,VA,2025-07-22
19033,CA,2025-09-02
19034,FL,2025-03-22
19035,IN,2026-01-08
19036,GA,2025-10-28
19037,FL,2023-04-01
19038,NH,2023-12-12
19039,AZ,2025-10-18
19040,NY,2023-12-17
19041,WA,2023-07-29
19042,AZ,2023-09-15
19043,FL,2025-11-30
19044,NC,2024-12-27
19045,CO,2024-11-26
19046,GA,2023-10-31
19047,CA,2025-05-14
19048,MO,2023-09-02
19049,CA,2025-02-24
19050,PA,2024-08-13
19051,NY,2023-10-31
19052,CA,2023-04-21
19053,TX,2026-02-27
19054,MD,2023-09-17
19055,MA,2024-10-27
19056,FL,2024-06-14
19057,FL,2024-07-14
19058,WA,2023-02-22
19059,PA,2025-06-20
19060,NY,2023-07-09
19061,TX,2023-05-24
19062,GA,2025-01-29
19063,MO,2025-03-13
19064,WA,2024-12-18
19065,TX,2025-12-27
19066,IN,2025-05-22
19067,CO,2024-10-16
19068,WA,2026-02-05
19069,WA,2023-07-04
19070,NY,2024-08-12
19071,MA,2025-01-28
19072,WA,2023-04-12
19073,AL,2024-11-10
19074,TX,2024-05-03
19075,MD,2025-12-17
19076,AR,2024-09-22
19077,TX,2023-03-29
19078,SD,2026-02-19
19079,PA,2025-09-20
19080,GA,2025-12-26
19081,NY,2023-10-21
19082,GA,2026-02-27
19083,MT,2025-05-04
19084,NY,2023-02-09
19085,CO,2025-12-15
19086,WA,2024-12-12
19087,MA,2023-10-18
19088,PA,2025-03-27
19089,TX,2024-12-07
19090,OR,2026-02-19
19091,NJ,2026-01-23
19092,CO,2025-03-09
19093,PA,2025-04-23
19094,NY,2024-09-29
19095,CA,2025-07-02
19096,PA,2023-12-10
19097,WA,2025-10-23
19098,CA,2025-11-19
19099,CA,2025-09-03
19100,TX,2023-02-14
19101,PA,2023-05-02
19102,SC,2023-10-02
19103,NY,2025-08-17
19104,CA,2025-06-19
19105,CA,2023-11-08
19106,CA,2024-02-22
19107,NV,2025-01-30
19108,IL,2026-01-31
19109,MA,2024-11-18
19110,CO,2023-10-09
19111,CA,2025-05-05
19112,FL,2024-11-01
19113,WI,2023-12-07
19114,TX,2023-01-22
19115,IL,2024-07-22
19116,WA,2024-10-31
19117,CA,2025-08-27
19118,WA,2023-12-11
19119,NY,2023-07-19
19120,NC,2023-01-05
19121,NY,2023-10-27
19122,FL,2025-01-07
19123,IA,2024-06-23
19124,WA,2025-06-14
19125,NJ,2023-09-03
19126,NY,2025-10-25
19127,VA,2023-01-13
19128,PA,2025-09-04
19129,FL,2023-10-13
19130,PA,2023-12-05
19131,CA,2025-08-02
19132,CT,2023-04-23
19133,WA,2023-12-04
19134,FL,2023-03-31
19135,TN,2025-02-21
19136,PA,2025-01-28
19137,FL,2025-11-19
19138,CA,2023-12-23
19139,MA,2024-06-29
19140,CT,2024-04-03
19141,MN,2024-04-15
19142,IL,2025-05-16
19143,TN,2025-07-27
19144,FL,2024-07-26
19145,FL,2025-10-22
19146,TN,2026-02-15
19147,ME,2023-11-04
19148,MI,2024-07-17
19149,LA,2025-11-04
19150,NY,2024-02-28
19151,OR,2026-01-24
19152,WA,2024-09-01
19153,NY,2023-02-24
19154,NY,2024-02-17
19155,SC,2025-09-08
19156,OK,2023-02-07
19157,IL,2025-02-08
19158,CA,2023-07-02
19159,OH,2023-05-06
19160,WA,2023-05-20
19161,SC,2024-09-12
19162,NJ,2023-02-01
19163,PA,2023-08-23
19164,TX,2023-03-14
19165,CA,2024-04-16
19166,MD,2024-09-19
19167,CO,2024-10-29
19168,FL,2024-08-16
19169,NY,2024-09-10
19170,WA,2023-10-19
19171,CA,2024-09-20
19172,RI,2023-08-01
19173,PA,2023-06-16
19174,IN,2025-12-08
19175,AL,2024-02-06
19176,TX,2025-03-01
19177,TX,2025-08-26
19178,WA,2023-06-28
19179,MA,2023-06-20
19180,NY,2023-01-04
19181,NY,2023-12-02
19182,CO,2023-07-14
19183,NY,2025-06-11
19184,NY,2025-02-08
19185,NY,2023-05-10
19186,FL,2025-10-21
19187,NJ,2025-02-24
19188,MA,2024-05-01
19189,MI,2023-11-19
19190,CA,2023-01-24
19191,NY,2024-01-12
19192,TX,2025-02-17
19193,AL,2023-04-03
19194,TX,2023-05-01
19195,IL,2024-03-27
19196,UT,2024-08-24
19197,FL,2025-06-18
19198,MN,2024-08-09
19199,TX,2025-11-20
19200,MN,2025-08-09
19201,CA,2024-12-07
19202,SC,2024-08-23
19203,TX,2024-09-01
19204,AR,2023-05-09
19205,GA,2024-03-28
19206,ID,2025-03-17
19207,FL,2024-03-11
19208,TX,2024-05-21
19209,WA,2024-10-13
19210,LA,2025-06-25
19211,RI,2023-04-19
19212,WA,2024-06-09
19213,FL,2025-08-07
19214,AR,2024-01-27
19215,IN,2024-11-03
19216,NY,2026-02-10
19217,NY,2025-05-01
19218,FL,2024-08-28
19219,MA,2023-12-13
19220,WA,2025-04-01
19221,TX,2024-12-18
19222,IL,2023-11-03
19223,PA,2025-06-28
19224,PA,2025-11-23
19225,NH,2023-06-18
19226,NJ,2024-06-15
19227,CA,2024-06-21
19228,CA,2025-07-16
19229,NY,2024-11-20
19230,NY,2026-01-09
19231,IN,2024-11-19
19232,CA,2024-12-05
19233,CO,2023-07-10
19234,WA,2023-10-10
19235,MN,2025-08-28
19236,WA,2024-05-03
19237,FL,2025-11-24
19238,AZ,2025-03-16
19239,CA,2023-02-11
19240,GA,2023-06-19
19241,ND,2025-10-03
19242,CA,2025-05-17
19243,NM,2024-07-19
19244,LA,2024-01-20
19245,WA,2024-08-20
19246,NY,2025-12-23
19247,WY,2023-03-22
19248,IL,2025-02-18
19249,NY,2024-04-05
19250,NJ,2023-08-26
19251,CA,2023-10-26
19252,WA,2025-01-06
19253,NY,2025-04-19
19254,WA,2026-01-18
19255,FL,2024-06-12
19256,TX,2023-03-29
19257,NY,2023-01-24
19258,WI,2023-11-28
19259,TX,2025-12-17
19260,NH,2024-04-08
19261,SD,2025-09-28
19262,IN,2023-07-08
19263,CA,2023-08-10
19264,TX,2025-08-20
19265,FL,2023-12-19
19266,MA,2025-12-10
19267,IN,2026-01-16
19268,GA,2023-08-10
19269,NY,2024-05-02
19270,TX,2025-05-09
19271,CA,2025-05-28
19272,CA,2023-06-16
19273,OR,2023-04-11
19274,GA,2024-06-08
19275,OR,2024-05-02
19276,PA,2023-03-22
19277,GA,2024-08-02
19278,MI,2025-04-01
19279,NY,2026-02-23
19280,WA,2025-06-04
19281,FL,2024-08-24
19282,NY,2023-03-13
19283,NY,2023-09-02
19284,SC,2024-08-01
19285,CA,2024-10-03
19286,TX,2023-07-13
19287,TN,2024-06-21
19288,ID,2023-11-28
19289,CT,2023-10-20
19290,NM,2024-12-30
19291,CT,2023-02-05
19292,MD,2026-01-06
19293,NJ,2025-11-10
19294,NY,2023-09-02
19295,TX,2023-02-23
19296,TX,2026-01-21
19297,FL,2023-06-25
19298,FL,2023-07-09
19299,TX,2025-03-17
19300,MN,2024-09-07
19301,WA,2023-03-09
19302,FL,2023-11-20
19303,TX,2024-03-29
19304,PA,2023-08-14
19305,FL,2023-04-14
19306,NY,2024-04-10
19307,NY,2024-03-03
19308,AZ,2025-09-19
19309,WY,2024-03-17
19310,WA,2024-12-24
19311,IL,2026-02-23
19312,CA,2025-11-25
19313,PA,2023-05-13
19314,GA,2025-06-10
19315,MA,2024-01-31
19316,CA,2023-03-31
19317,LA,2023-09-12
19318,VT,2025-08-13
19319,NY,2023-03-24
19320,AZ,2024-10-12
19321,OK,2024-06-15
19322,WA,2025-04-20
19323,IL,2026-01-12
19324,TX,2023-01-27
19325,IL,2025-10-11
19326,TX,2024-01-14
19327,FL,2024-01-28
19328,TX,2023-08-05
19329,MI,2024-01-16
19330,LA,2024-09-28
19331,FL,2025-03-10
19332,WA,2024-05-22
19333,CA,2023-10-10
19334,PA,2023-08-02
19335,CA,2024-06-13
19336,MN,2025-05-04
19337,CA,2024-09-08
19338,CT,2023-02-10
19339,MA,2024-06-02
19340,MI,2025-10-25
19341,NY,2025-11-10
19342,CA,2024-10-07
19343,MS,2025-07-29
19344,NY,2023-08-30
19345,TN,2025-07-19
19346,FL,2023-04-16
19347,CA,2023-12-09
19348,OH,2024-02-21
19349,MA,2023-02-07
19350,TX,2023-12-02
19351,NY,2024-04-17
19352,NY,2023-04-23
19353,AL,2023-09-08
19354,FL,2025-06-30
19355,TX,2025-12-30
19356,PA,2023-09-21
19357,AR,2025-06-17
19358,NY,2024-08-03
19359,GA,2024-01-19
19360,CA,2025-02-25
19361,OH,2025-10-06
19362,CA,2024-07-15
19363,CA,2024-04-17
19364,AZ,2023-03-02
19365,AZ,2025-12-17
19366,FL,2025-07-06
19367,OH,2025-11-21
19368,PA,2024-10-18
19369,MA,2023-06-18
19370,OH,2025-11-11
19371,GA,2025-03-20
19372,NY,2026-01-07
19373,AZ,2023-10-29
19374,VA,2024-11-18
19375,MN,2024-01-22
19376,AZ,2023-11-25
19377,TN,2024-04-04
19378,TX,2023-06-02
19379,MA,2024-12-25
19380,CA,2025-03-17
19381,NC,2024-05-01
19382,OR,2024-08-17
19383,NJ,2025-09-24
19384,FL,2025-09-08
19385,TX,2024-10-02
19386,AL,2025-08-05
19387,WA,2023-07-10
19388,TX,2023-02-21
19389,IL,2024-08-17
19390,MS,2023-12-07
19391,VA,2024-06-08
19392,CA,2023-01-17
19393,AZ,2023-08-30
19394,IL,2024-10-12
19395,MA,2023-10-21
19396,CA,2025-11-17
19397,ME,2023-12-25
19398,FL,2024-11-03
19399,NV,2025-10-16
19400,NY,2023-07-01
19401,IN,2025-07-09
19402,GA,2025-03-02
19403,MA,2024-10-28
19404,MA,2024-12-26
19405,NC,2023-12-19
19406,TX,2023-03-10
19407,MO,2024-04-21
19408,AR,2023-11-21
19409,NH,2026-01-03
19410,CO,2023-10-14
19411,NY,2023-03-24
19412,MN,2023-09-26
19413,VA,2025-06-06
19414,IN,2023-10-28
19415,CA,2025-10-18
19416,NY,2023-03-31
19417,TX,2023-12-26
19418,MN,2025-10-22
19419,FL,2026-02-22
19420,TX,2025-02-18
19421,TX,2024-12-27
19422,IL,2023-01-05
19423,OH,2023-04-27
19424,PA,2025-10-10
19425,MS,2024-03-06
19426,IN,2024-01-25
19427,NV,2025-01-13
19428,MD,2023-03-25
19429,NY,2024-08-23
19430,CA,2024-03-28
19431,CA,2026-02-08
19432,IL,2023-11-19
19433,NY,2026-02-02
19434,OK,2026-01-14
19435,UT,2025-08-21
19436,AR,2024-05-17
19437,TX,2024-05-20
19438,NY,2025-06-03
19439,NY,2024-05-10
19440,IL,2025-07-29
19441,FL,2025-09-20
19442,WA,2024-01-21
19443,KY,2024-11-06
19444,NY,2026-02-10
19445,IL,2025-05-14
19446,NY,2023-10-14
19447,CO,2025-07-11
19448,NY,2023-07-20
19449,IL,2025-03-21
19450,IL,2025-06-01
19451,FL,2024-05-27
19452,VA,2025-06-16
19453,PA,2023-12-23
19454,PA,2026-02-07
19455,FL,2025-06-26
19456,FL,2025-06-24
19457,TX,2025-12-24
19458,MD,2025-12-24
19459,NY,2023-11-13
19460,ID,2023-04-05
19461,IL,2024-04-03
19462,ID,2024-01-30
19463,AZ,2025-11-28
19464,NC,2023-05-29
19465,AR,2024-01-11
19466,PA,2024-01-01
19467,KS,2024-03-31
19468,MN,2023-10-03
19469,CA,2024-02-09
19470,AL,2023-06-12
19471,IL,2025-03-10
19472,CA,2025-03-14
19473,NY,2025-12-28
19474,CA,2026-02-06
19475,TX,2023-06-29
19476,GA,2023-05-12
19477,CT,2025-05-01
19478,FL,2025-10-08
19479,MA,2024-04-01
19480,IL,2025-07-03
19481,MA,2025-10-13
19482,ND,2024-05-24
19483,AL,2023-09-02
19484,FL,2025-02-22
19485,IL,2025-11-27
19486,GA,2026-02-12
19487,TX,2024-05-12
19488,NY,2024-04-03
19489,WA,2026-02-16
19490,CA,2024-10-05
19491,NY,2023-02-25
19492,GA,2024-02-28
19493,TX,2026-02-17
19494,MI,2023-02-19
19495,CA,2024-01-08
19496,NY,2023-03-23
19497,FL,2025-05-31
19498,TX,2024-07-14
19499,OK,2023-02-17
19500,NY,2023-08-26
19501,CA,2025-09-18
19502,OH,2024-01-24
19503,CA,2024-11-15
19504,SD,2023-07-06
19505,CA,2026-02-17
19506,ND,2024-11-26
19507,IN,2023-12-29
19508,KY,2023-01-08
19509,CT,2024-09-02
19510,NY,2023-01-27
19511,NY,2025-08-31
19512,CT,2025-06-05
19513,RI,2025-09-09
19514,NJ,2023-10-03
19515,OH,2025-04-04
19516,NY,2025-08-23
19517,MD,2025-03-01
19518,NJ,2024-12-16
19519,WA,2024-04-21
19520,MN,2024-12-04
19521,CA,2023-12-26
19522,VA,2025-11-22
19523,MD,2024-06-28
19524,DE,2023-04-10
19525,CA,2024-10-18
19526,MA,2023-11-26
19527,PA,2025-12-24
19528,NJ,2023-05-02
19529,VA,2025-08-16
19530,NC,2025-09-28
19531,CA,2024-04-20
19532,VA,2025-01-11
19533,NJ,2023-05-07
19534,NY,2025-05-17
19535,CA,2023-04-01
19536,MD,2023-02-15
19537,WA,2023-01-25
19538,SD,2023-12-15
19539,MD,2025-09-29
19540,MO,2025-02-06
19541,IL,2025-05-22
19542,MA,2023-10-21
19543,CA,2023-09-03
19544,CA,2023-09-14
19545,TX,2025-04-01
19546,GA,2023-12-18
19547,NJ,2025-02-28
19548,TN,2025-10-19
19549,MD,2024-11-24
19550,CO,2025-01-08
19551,VT,2025-11-23
19552,CA,2024-12-19
19553,CA,2024-07-09
19554,NY,2024-05-13
19555,CA,2026-02-06
19556,WA,2023-11-19
19557,NY,2023-04-24
19558,TX,2025-08-05
19559,TN,2024-04-29
19560,GA,2023-10-05
19561,FL,2025-11-18
19562,OR,2024-02-02
19563,RI,2023-08-10
19564,PA,2023-11-14
19565,TX,2023-09-28
19566,WA,2024-02-02
19567,AR,2023-12-09
19568,ID,2024-01-16
19569,VA,2025-02-13
19570,TN,2023-12-06
19571,NY,2023-01-07
19572,NV,2023-10-15
19573,CO,2025-06-11
19574,MN,2025-04-26
19575,TX,2024-12-17
19576,MD,2023-07-03
19577,NY,2024-07-23
19578,ID,2024-09-14
19579,IN,2023-07-05
19580,IL,2024-10-04
19581,MA,2024-04-24
19582,RI,2025-04-27
19583,NC,2024-09-21
19584,WA,2024-05-18
19585,SC,2023-04-20
19586,OR,2025-01-01
19587,OR,2023-08-02
19588,RI,2025-09-22
19589,NC,2024-07-21
19590,TX,2025-09-27
19591,MI,2025-08-18
19592,PA,2025-04-03
19593,TX,2025-04-26
19594,CA,2026-01-24
19595,AL,2024-10-19
19596,MI,2025-12-07
19597,MA,2025-09-02
19598,WI,2023-07-18
19599,PA,2024-05-22
19600,WA,2023-11-25
19601,OR,2023-05-04
19602,AZ,2023-07-19
19603,MN,2023-03-16
19604,CA,2023-06-06
19605,PA,2023-11-08
19606,MA,2026-02-17
19607,MI,2025-11-01
19608,MD,2026-02-17
19609,CA,2023-03-24
19610,DE,2024-11-23
19611,OR,2025-10-14
19612,OR,2023-07-05
19613,NC,2023-02-12
19614,NJ,2023-03-14
19615,CA,2025-11-08
19616,PA,2023-06-14
19617,NY,2023-09-24
19618,MD,2026-02-25
19619,WA,2025-05-16
19620,SC,2024-10-15
19621,TX,2023-02-03
19622,MA,2023-04-08
19623,IN,2023-11-12
19624,NC,2024-12-10
19625,NC,2024-02-09
19626,AL,2024-09-07
19627,TN,2025-05-31
19628,MD,2025-04-13
19629,LA,2025-05-04
19630,OR,2024-03-15
19631,TX,2024-06-15
19632,VA,2025-02-15
19633,NC,2023-04-26
19634,CO,2024-02-09
19635,MA,2023-10-24
19636,IL,2025-06-19
19637,FL,2024-07-11
19638,MA,2023-11-30
19639,NC,2025-12-30
19640,GA,2025-08-23
19641,PA,2023-02-28
19642,NY,2024-12-16
19643,AR,2025-10-02
19644,CA,2025-12-10
19645,FL,2023-01-16
19646,NJ,2023-02-20
19647,MA,2026-02-25
19648,FL,2025-09-15
19649,FL,2025-01-07
19650,TX,2025-06-24
19651,WA,2023-11-24
19652,TX,2025-07-20
19653,CO,2023-10-28
19654,WA,2024-06-01
19655,WA,2023-09-19
19656,NY,2023-04-01
19657,NY,2023-07-13
19658,CO,2025-12-23
19659,NY,2023-08-14
19660,OH,2024-03-20
19661,FL,2023-11-30
19662,MN,2025-12-22
19663,PA,2024-05-11
19664,MA,2025-10-11
19665,GA,2023-09-02
19666,WI,2023-03-05
19667,TX,2025-03-15
19668,FL,2025-07-20
19669,FL,2023-06-11
19670,MD,2025-12-04
19671,CO,2023-01-25
19672,FL,2023-10-27
19673,NY,2023-03-15
19674,WA,2026-02-13
19675,NY,2023-06-01
19676,FL,2024-08-03
19677,TX,2026-01-19
19678,CA,2023-04-02
19679,KY,2025-05-21
19680,TX,2025-01-16
19681,PA,2025-04-07
19682,TX,2024-11-15
19683,FL,2024-01-07
19684,TN,2025-12-01
19685,MI,2025-03-10
19686,UT,2024-12-25
19687,TX,2024-09-02
19688,NJ,2023-04-30
19689,AZ,2024-06-24
19690,IA,2023-02-17
19691,WI,2025-03-11
19692,CA,2026-02-25
19693,MN,2025-10-05
19694,CO,2023-02-08
19695,WA,2024-04-17
19696,MA,2026-02-16
19697,NC,2023-11-20
19698,MA,2023-02-21
19699,CA,2025-08-05
19700,CA,2025-07-21
19701,CA,2023-05-16
19702,WA,2023-06-18
19703,IL,2024-05-31
19704,NY,2023-12-26
19705,MD,2023-03-09
19706,UT,2024-04-25
19707,TX,2023-08-09
19708,MD,2023-09-18
19709,MN,2023-09-23
19710,KY,2024-11-07
19711,GA,2025-12-15
19712,MD,2025-05-03
19713,AZ,2024-02-12
19714,VA,2024-04-13
19715,FL,2025-01-31
19716,NC,2023-08-31
19717,MA,2024-05-28
19718,MN,2024-07-28
19719,NY,2024-10-27
19720,AR,2025-02-05
19721,TN,2024-03-29
19722,TX,2023-07-07
19723,WI,2024-12-05
19724,LA,2024-11-22
19725,PA,2024-08-24
19726,CA,2023-12-01
19727,NM,2024-04-01
19728,FL,2025-01-07
19729,FL,2023-12-03
19730,AL,2023-12-21
19731,TX,2023-12-22
19732,VA,2023-08-20
19733,TX,2025-03-06
19734,WI,2023-07-09
19735,MI,2023-02-17
19736,LA,2025-03-24
19737,NY,2023-02-24
19738,TX,2023-04-29
19739,IL,2025-10-22
19740,PA,2023-08-12
19741,ND,2025-01-17
19742,OR,2023-07-22
19743,WA,2023-01-11
19744,FL,2023-09-16
19745,IL,2023-10-25
19746,MI,2024-10-30
19747,WA,2023-11-29
19748,MA,2023-06-02
19749,KS,2023-05-14
19750,AZ,2025-08-13
19751,CA,2023-04-26
19752,TX,2025-12-26
19753,VA,2024-10-23
19754,NY,2024-07-06
19755,VA,2024-11-23
19756,NY,2023-07-07
19757,MA,2023-02-08
19758,NY,2024-04-24
19759,CO,2025-07-14
19760,MA,2024-12-29
19761,TX,2026-02-27
19762,AL,2025-02-14
19763,TX,2023-03-04
19764,FL,2025-08-12
19765,LA,2023-04-07
19766,IL,2024-06-13
19767,CA,2024-12-25
19768,FL,2025-10-17
19769,FL,2023-08-24
19770,MT,2026-01-13
19771,MA,2023-12-21
19772,MS,2025-07-13
19773,MO,2025-12-19
19774,WA,2023-06-13
19775,CO,2025-05-31
19776,MA,2024-08-16
19777,FL,2025-10-14
19778,FL,2025-07-15
19779,WV,2025-05-23
19780,FL,2025-06-27
19781,IL,2025-06-09
19782,GA,2023-05-01
19783,KY,2025-08-23
19784,MA,2023-01-02
19785,AK,2023-04-28
19786,TX,2024-09-30
19787,NJ,2024-01-09
19788,FL,2026-02-05
19789,WA,2023-04-22
19790,CA,2024-05-14
19791,NY,2024-11-05
19792,MA,2025-11-08
19793,OH,2025-11-09
19794,NC,2025-02-10
19795,NY,2024-07-14
19796,FL,2023-06-03
19797,NY,2025-03-30
19798,PA,2024-01-19
19799,IL,2025-03-14
19800,TX,2024-11-11
19801,MT,2023-06-28
19802,OH,2024-09-06
19803,VA,2023-02-16
19804,GA,2024-07-11
19805,NJ,2023-07-02
19806,MS,2023-12-20
19807,TX,2024-05-01
19808,LA,2023-08-04
19809,FL,2025-06-10
19810,TX,2025-05-01
19811,CO,2025-04-08
19812,CA,2025-10-29
19813,PA,2025-10-05
19814,IL,2025-10-04
19815,WA,2025-01-03
19816,FL,2023-11-17
19817,GA,2023-04-01
19818,PA,2023-11-11
19819,IA,2023-04-22
19820,FL,2026-02-10
19821,CA,2024-01-09
19822,CA,2024-01-03
19823,FL,2024-01-13
19824,OR,2025-04-08
19825,IL,2025-04-04
19826,AL,2024-11-04
19827,WA,2024-07-10
19828,FL,2025-12-04
19829,KY,2024-05-09
19830,KY,2024-12-22
19831,NC,2024-11-16
19832,AL,2023-09-04
19833,TX,2023-06-23
19834,CA,2023-02-05
19835,TX,2023-10-29
19836,NY,2025-06-04
19837,WA,2023-02-02
19838,NY,2024-01-17
19839,CA,2024-02-28
19840,CO,2024-12-26
19841,NY,2024-11-23
19842,TX,2024-08-17
19843,CA,2025-09-08
19844,VT,2024-02-19
19845,TX,2025-05-23
19846,VA,2023-11-15
19847,WA,2025-11-14
19848,FL,2025-01-27
19849,AR,2023-02-28
19850,NY,2023-06-26
19851,NC,2025-12-04
19852,TX,2023-11-05
19853,SC,2023-06-03
19854,CA,2025-08-24
19855,TX,2025-02-07
19856,PA,2024-01-20
19857,TX,2025-01-17
19858,MI,2024-09-15
19859,NH,2025-11-22
19860,MI,2023-01-06
19861,FL,2024-11-21
19862,FL,2025-03-05
19863,IL,2025-06-09
19864,TX,2024-12-27
19865,MA,2025-02-23
19866,CO,2024-09-08
19867,TX,2025-06-04
19868,KS,2023-01-23
19869,WI,2025-03-17
19870,MA,2023-06-10
19871,TX,2023-09-23
19872,VA,2023-03-24
19873,NY,2023-06-17
19874,CO,2024-10-16
19875,FL,2024-07-08
19876,IL,2023-12-10
19877,CA,2023-01-12
19878,NC,2024-03-25
19879,TX,2024-07-27
19880,CA,2024-08-13
19881,WA,2024-05-04
19882,MN,2024-10-23
19883,CA,2024-04-09
19884,NY,2025-06-28
19885,MI,2024-09-08
19886,MA,2023-01-07
19887,NJ,2025-10-03
19888,KY,2025-03-12
19889,FL,2023-11-15
19890,CA,2023-05-10
19891,WA,2023-04-19
19892,FL,2023-08-07
19893,UT,2024-05-20
19894,FL,2024-03-04
19895,TX,2024-10-03
19896,NC,2023-09-01
19897,MA,2024-03-13
19898,NY,2023-11-03
19899,WA,2025-06-19
19900,VT,2024-02-13
19901,CA,2025-01-18
19902,FL,2023-01-01
19903,NY,2025-02-15
19904,PA,2023-07-13
19905,PA,2025-08-20
19906,GA,2023-05-02
19907,NV,2023-12-30
19908,CA,2025-10-24
19909,WA,2023-05-29
19910,MA,2025-12-20
19911,MN,2025-03-04
19912,NY,2026-02-14
19913,CO,2025-04-25
19914,IN,2023-08-26
19915,WA,2024-12-30
19916,ID,2024-04-02
19917,CA,2024-04-29
19918,MN,2026-01-10
19919,AR,2025-04-28
19920,GA,2024-12-14
19921,CA,2025-12-06
19922,PA,2023-12-10
19923,CA,2023-08-24
19924,MN,2024-10-24
19925,NY,2024-01-11
19926,FL,2026-02-20
19927,CT,2025-08-29
19928,NV,2023-09-03
19929,KS,2024-07-19
19930,TX,2024-11-29
19931,CA,2025-07-03
19932,MS,2023-10-08
19933,IL,2023-03-08
19934,NY,2023-06-24
19935,NM,2023-10-12
19936,IL,2023-11-01
19937,TX,2025-05-24
19938,MD,2025-03-03
19939,CO,2024-02-11
19940,NY,2023-11-28
19941,IL,2023-11-01
19942,NY,2025-07-07
19943,IN,2024-10-30
19944,OR,2025-02-11
19945,CO,2024-07-04
19946,KY,2025-09-21
19947,NV,2025-11-19
19948,MN,2024-03-15
19949,PA,2023-09-15
19950,WA,2025-02-21
19951,TX,2024-07-16
19952,NY,2023-08-22
19953,NV,2023-01-26
19954,NC,2024-06-06
19955,OH,2024-01-19
19956,CA,2024-01-28
19957,TX,2024-04-06
19958,NY,2025-04-18
19959,CO,2025-01-06
19960,TX,2023-04-20
19961,MI,2023-07-25
19962,FL,2025-12-30
19963,WA,2023-07-29
19964,NC,2023-07-04
19965,NV,2024-08-24
19966,PA,2025-01-28
19967,IL,2025-01-14
19968,IL,2025-06-09
19969,CA,2024-02-03
19970,MA,2024-06-28
19971,MA,2025-06-25
19972,WA,2024-11-12
19973,CA,2025-09-04
19974,MI,2023-11-10
19975,FL,2023-08-16
19976,AL,2024-10-19
19977,GA,2025-11-11
19978,MN,2024-11-22
19979,TX,2023-10-27
19980,MN,2025-07-15
19981,IN,2025-12-09
19982,NY,2025-01-11
19983,WA,2023-03-02
19984,CA,2025-11-08
19985,FL,2023-11-04
19986,VA,2024-06-20
19987,OH,2023-03-16
19988,CA,2026-01-03
19989,NM,2024-08-16
19990,TX,2024-08-31
19991,PA,2024-09-03
19992,NY,2025-10-17
19993,IL,2025-02-23
19994,MI,2023-08-29
19995,NV,2023-01-05
19996,MD,2024-05-01
19997,NY,2023-12-23
19998,MA,2024-01-29
19999,TX,2024-01-04
20000,TX,2023-01-29
20001,CA,2025-08-23
20002,CO,2023-01-09
20003,MA,2023-11-30
20004,AZ,2025-08-07
20005,MA,2023-08-18
20006,AL,2024-01-28
20007,CA,2025-02-17
20008,OH,2024-01-22
20009,IL,2023-04-19
20010,TX,2023-12-05
20011,CA,2024-07-18
20012,WA,2025-04-12
20013,FL,2025-11-29
20014,NH,2023-08-10
20015,TX,2023-10-24
20016,MN,2025-11-18
20017,TX,2025-07-15
20018,TX,2025-09-21
20019,MA,2025-09-15
20020,CA,2024-04-29
20021,OH,2023-05-10
20022,OR,2023-02-17
20023,IL,2025-04-06
20024,PA,2024-08-22
20025,GA,2025-02-08
20026,MI,2024-07-24
20027,CO,2024-04-01
20028,CA,2025-12-08
20029,CA,2024-12-28
20030,TX,2026-01-04
20031,NV,2023-10-17
20032,MN,2024-06-18
20033,TN,2024-03-11
20034,MI,2025-04-07
20035,NY,2026-01-24
20036,LA,2023-09-08
20037,VT,2023-08-29
20038,NY,2025-07-12
20039,SC,2023-11-01
20040,NJ,2024-07-10
20041,FL,2025-10-14
20042,CA,2025-09-17
20043,PA,2023-05-12
20044,ID,2025-10-03
20045,NY,2024-01-11
20046,UT,2024-11-17
20047,TX,2024-01-06
20048,AK,2023-06-04
20049,CA,2023-09-02
20050,MO,2024-06-25
20051,MN,2024-11-12
20052,NJ,2026-01-03
20053,NJ,2025-06-15
20054,NY,2025-05-20
20055,PA,2024-11-03
20056,FL,2023-03-29
20057,CO,2026-02-11
20058,MO,2023-01-13
20059,PA,2025-05-30
20060,OR,2025-09-20
20061,AL,2023-11-16
20062,CA,2023-10-19
20063,WA,2024-09-14
20064,FL,2025-02-11
20065,MI,2025-04-19
20066,MA,2025-07-12
20067,CA,2024-02-06
20068,NE,2023-06-07
20069,NM,2024-01-19
20070,MN,2024-02-02
20071,TX,2023-02-25
20072,TX,2026-01-01
20073,IL,2025-08-27
20074,NC,2025-01-29
20075,KY,2024-04-17
20076,CO,2023-07-13
20077,OK,2025-03-07
20078,FL,2025-01-29
20079,NV,2025-03-05
20080,AR,2025-04-15
20081,OR,2024-11-05
20082,TX,2023-09-23
20083,NY,2025-03-04
20084,CT,2025-12-30
20085,MD,2023-04-01
20086,AZ,2026-01-04
20087,PA,2024-03-20
20088,PA,2023-03-18
20089,TX,2023-11-18
20090,NY,2024-02-25
20091,TX,2024-06-29
20092,TX,2023-12-12
20093,ID,2024-12-15
20094,MA,2024-12-25
20095,AK,2024-10-11
20096,NY,2024-10-20
20097,NC,2023-05-29
20098,MA,2024-02-22
20099,TX,2025-11-18
20100,AZ,2025-02-04
20101,CA,2023-03-06
20102,CA,2024-11-06
20103,NY,2023-08-12
20104,TX,2024-04-20
20105,OK,2023-11-22
20106,NJ,2023-03-29
20107,IL,2023-06-07
20108,CO,2025-07-28
20109,MA,2023-10-09
20110,CA,2024-10-18
20111,KS,2023-06-12
20112,PA,2026-02-05
20113,CO,2025-06-19
20114,AZ,2023-11-27
20115,ID,2023-05-24
20116,WA,2025-12-17
20117,GA,2024-03-15
20118,TN,2024-05-02
20119,AL,2025-11-09
20120,MN,2024-06-19
20121,NY,2025-08-20
20122,GA,2024-12-28
20123,CA,2024-10-11
20124,WA,2024-10-26
20125,TX,2025-09-04
20126,IL,2025-05-23
20127,WA,2023-06-22
20128,IN,2025-08-31
20129,KY,2023-01-01
20130,FL,2025-11-14
20131,MI,2025-05-29
20132,OH,2025-07-26
20133,PA,2025-05-22
20134,PA,2024-02-13
20135,TX,2025-01-13
20136,SC,2024-07-31
20137,CA,2023-03-23
20138,MO,2024-08-25
20139,CA,2024-06-30
20140,CA,2023-06-26
20141,OR,2024-10-17
20142,NC,2025-09-14
20143,NC,2023-05-21
20144,GA,2023-09-25
20145,MT,2023-05-19
20146,LA,2025-12-06
20147,CA,2025-12-19
20148,TX,2024-07-14
20149,MT,2025-12-20
20150,SC,2026-01-23
20151,MA,2024-12-31
20152,NJ,2023-02-09
20153,VA,2024-03-12
20154,CO,2024-02-10
20155,KY,2025-01-13
20156,OR,2023-02-07
20157,CA,2024-04-12
20158,CA,2023-11-13
20159,SD,2026-01-11
20160,MA,2024-09-21
20161,CA,2025-03-25
20162,TN,2024-06-22
20163,MD,2023-07-28
20164,FL,2024-05-06
20165,GA,2023-10-25
20166,FL,2024-08-06
20167,AZ,2023-02-27
20168,IL,2024-01-31
20169,PA,2025-12-21
20170,WA,2023-03-28
20171,CO,2024-09-02
20172,CA,2026-02-21
20173,FL,2024-10-07
20174,AL,2023-10-10
20175,MN,2024-05-28
20176,TN,2025-06-20
20177,NM,2025-04-08
20178,WA,2023-06-06
20179,WA,2023-08-14
20180,CA,2025-04-12
20181,NY,2023-09-23
20182,WA,2024-04-17
20183,MD,2024-02-03
20184,MA,2026-01-01
20185,FL,2024-06-11
20186,WA,2026-01-11
20187,FL,2023-06-23
20188,FL,2025-06-08
20189,NY,2023-10-18
20190,MD,2024-01-16
20191,CO,2024-07-16
20192,CO,2023-07-05
20193,WA,2025-10-25
20194,CA,2023-06-28
20195,CO,2024-09-17
20196,WI,2024-04-14
20197,UT,2025-10-01
20198,VA,2025-09-27
20199,WA,2025-12-27
20200,WA,2023-04-17
20201,GA,2024-07-24
20202,NY,2025-11-20
20203,CA,2024-06-04
20204,AZ,2024-10-16
20205,KS,2023-02-11
20206,NY,2024-08-19
20207,TX,2025-05-13
20208,MI,2025-04-27
20209,TX,2023-09-18
20210,CA,2024-11-01
20211,NC,2024-11-26
20212,PA,2025-04-08
20213,MO,2025-12-26
20214,FL,2023-08-08
20215,LA,2025-05-13
20216,WA,2025-12-18
20217,ID,2024-04-05
20218,CA,2023-10-17
20219,NJ,2026-02-09
20220,CO,2023-07-01
20221,IL,2024-04-10
20222,NY,2023-08-12
20223,TN,2024-02-02
20224,TX,2024-03-29
20225,MN,2023-12-29
20226,TX,2025-02-14
20227,VA,2024-11-05
20228,MA,2023-01-03
20229,IL,2024-08-15
20230,MN,2024-11-21
20231,VT,2025-04-28
20232,IL,2024-08-28
20233,WY,2024-12-29
20234,CA,2023-01-22
20235,TN,2024-02-25
20236,MI,2026-02-23
20237,NC,2023-09-25
20238,MA,2024-09-06
20239,NY,2024-07-21
20240,NY,2025-01-08
20241,MN,2026-02-03
20242,TX,2024-10-17
20243,SD,2024-06-28
20244,WI,2023-06-20
20245,OK,2023-11-01
20246,WV,2023-11-30
20247,FL,2025-11-07
20248,CA,2024-02-04
20249,CA,2025-08-20
20250,MS,2025-05-24
20251,NY,2025-08-15
20252,GA,2025-05-07
20253,DE,2023-12-01
20254,NY,2025-01-21
20255,TX,2024-09-21
20256,MD,2024-01-11
20257,IL,2023-03-22
20258,GA,2025-06-28
20259,NY,2024-03-25
20260,TX,2025-10-19
20261,NY,2025-07-11
20262,TX,2024-11-10
20263,MA,2024-11-15
20264,CA,2024-12-30
20265,NY,2025-08-21
20266,PA,2023-07-10
20267,CA,2025-08-30
20268,PA,2025-10-10
20269,TX,2024-11-10
20270,LA,2023-07-08
20271,MA,2024-05-27
20272,TX,2025-10-29
20273,GA,2024-08-09
20274,GA,2025-04-27
20275,AR,2025-05-10
20276,CA,2025-09-22
20277,TX,2023-05-23
20278,CA,2024-05-01
20279,FL,2023-07-13
20280,CO,2024-06-05
20281,NY,2025-11-19
20282,NY,2025-02-28
20283,NY,2025-12-01
20284,GA,2024-02-21
20285,TX,2024-11-20
20286,NY,2024-01-03
20287,CA,2024-08-20
20288,NY,2024-07-13
20289,NH,2025-03-15
20290,MN,2024-12-18
20291,TX,2025-05-08
20292,FL,2025-04-02
20293,MD,2023-11-06
20294,GA,2024-12-03
20295,GA,2024-06-11
20296,MD,2024-10-01
20297,PA,2024-11-27
20298,CO,2024-08-27
20299,MA,2024-10-14
20300,FL,2023-11-17
20301,TN,2023-10-31
20302,FL,2024-06-02
20303,CA,2025-07-15
20304,FL,2025-07-29
20305,KY,2025-12-15
20306,NY,2023-07-11
20307,NY,2023-01-22
20308,PA,2025-04-10
20309,CO,2023-03-21
20310,FL,2024-03-03
20311,NY,2023-04-13
20312,CA,2024-12-29
20313,PA,2023-05-22
20314,CA,2025-10-06
20315,CA,2024-02-07
20316,MN,2025-08-13
20317,NY,2025-02-08
20318,WA,2025-03-29
20319,CT,2025-01-09
20320,PA,2023-06-11
20321,WA,2024-08-16
20322,MA,2023-08-04
20323,CO,2024-07-16
20324,NV,2025-07-03
20325,AZ,2023-09-08
20326,MN,2024-12-25
20327,NY,2024-11-05
20328,NY,2024-01-23
20329,CT,2023-03-26
20330,WI,2024-05-29
20331,TN,2023-01-05
20332,LA,2023-08-23
20333,CA,2024-01-10
20334,TN,2023-10-02
20335,KS,2025-07-01
20336,IL,2025-07-12
20337,MA,2025-04-20
20338,WA,2024-10-22
20339,MI,2024-09-19
20340,TX,2023-01-04
20341,MO,2024-06-17
20342,TX,2024-02-10
20343,VA,2023-11-13
20344,NY,2024-06-22
20345,MT,2023-12-06
20346,TX,2024-06-02
20347,WA,2025-07-12
20348,AZ,2024-11-21
20349,VA,2025-08-29
20350,CO,2025-08-30
20351,TX,2024-09-06
20352,MA,2025-12-13
20353,TN,2025-05-06
20354,PA,2023-07-30
20355,WA,2024-03-22
20356,NY,2023-03-11
20357,VA,2025-12-27
20358,MA,2023-10-09
20359,FL,2024-04-06
20360,CA,2024-01-03
20361,MS,2024-01-21
20362,OR,2023-02-10
20363,NC,2024-11-15
20364,VT,2025-09-07
20365,NY,2025-02-20
20366,FL,2024-11-07
20367,CA,2024-05-31
20368,IL,2026-02-27
20369,FL,2024-11-18
20370,AR,2025-11-11
20371,CA,2023-02-10
20372,NY,2023-06-02
20373,IL,2024-07-11
20374,MA,2025-10-29
20375,PA,2025-12-06
20376,TN,2023-11-26
20377,TX,2025-01-22
20378,OH,2023-01-03
20379,TX,2025-02-14
20380,NV,2025-11-25
20381,OR,2025-03-21
20382,MA,2023-08-31
20383,OR,2023-08-07
20384,WA,2023-07-20
20385,WA,2024-01-29
20386,CO,2024-08-23
20387,VA,2023-09-26
20388,FL,2025-04-15
20389,MA,2023-05-04
20390,WA,2024-02-04
20391,CA,2025-06-26
20392,AZ,2023-10-08
20393,IL,2025-10-04
20394,IN,2025-02-05
20395,FL,2024-03-08
20396,PA,2024-02-04
20397,WA,2025-05-20
20398,FL,2025-10-22
20399,CT,2023-11-25
20400,MI,2024-09-26
20401,AL,2024-01-18
20402,TX,2023-03-19
20403,MN,2023-11-28
20404,IL,2023-06-12
20405,TX,2023-05-30
20406,FL,2024-07-13
20407,MA,2024-09-17
20408,MN,2024-07-29
20409,MI,2025-08-20
20410,WA,2023-05-30
20411,UT,2025-12-06
20412,TN,2023-12-28
20413,TN,2024-01-09
20414,AZ,2025-02-09
20415,NY,2023-04-05
20416,CA,2026-01-29
20417,NC,2025-08-11
20418,NY,2023-03-23
20419,CA,2024-09-24
20420,CO,2025-06-21
20421,OR,2025-09-22
20422,TN,2024-02-17
20423,CA,2023-01-03
20424,CA,2023-01-13
20425,OR,2023-06-13
20426,PA,2024-09-08
20427,NJ,2023-06-15
20428,PA,2026-01-03
20429,NY,2023-03-01
20430,IL,2024-01-17
20431,GA,2026-01-01
20432,NJ,2025-02-28
20433,CO,2024-10-22
20434,PA,2026-02-20
20435,NV,2024-04-11
20436,MN,2024-05-30
20437,MD,2024-04-25
20438,RI,2023-08-25
20439,CO,2024-12-20
20440,GA,2023-06-21
20441,CO,2023-07-26
20442,CA,2024-07-24
20443,AL,2025-03-15
20444,NY,2023-04-23
20445,TX,2024-05-02
20446,IN,2024-01-18
20447,MA,2025-08-15
20448,TX,2024-11-28
20449,NV,2024-09-15
20450,GA,2024-12-07
20451,MA,2023-05-05
20452,IN,2023-12-22
20453,TX,2023-08-27
20454,TX,2025-10-02
20455,OR,2024-05-27
20456,PA,2024-09-24
20457,MA,2024-08-23
20458,NY,2025-10-20
20459,OR,2023-04-24
20460,MI,2025-07-17
20461,NY,2023-01-27
20462,KY,2024-08-21
20463,NM,2024-08-14
20464,MA,2023-06-29
20465,GA,2024-07-20
20466,CA,2023-09-04
20467,NY,2023-11-13
20468,WA,2025-08-16
20469,CO,2025-02-20
20470,MA,2025-09-12
20471,WA,2025-06-08
20472,NJ,2025-12-27
20473,OR,2025-02-15
20474,AZ,2025-01-16
20475,TN,2023-12-11
20476,NY,2023-02-21
20477,GA,2025-03-15
20478,MD,2024-08-14
20479,NY,2024-11-23
20480,MA,2024-02-13
20481,LA,2023-12-01
20482,NY,2024-02-09
20483,MA,2023-05-02
20484,OR,2024-10-08
20485,NJ,2024-11-19
20486,NC,2025-11-28
20487,MA,2023-03-16
20488,NY,2025-05-14
20489,IL,2023-08-05
20490,WA,2025-01-12
20491,MA,2024-02-22
20492,FL,2024-10-17
20493,NC,2025-05-13
20494,NY,2025-03-18
20495,NJ,2023-10-23
20496,CA,2024-03-25
20497,PA,2023-04-13
20498,TX,2026-01-20
20499,WA,2025-02-28
20500,AL,2025-06-19
20501,NY,2023-05-26
20502,TX,2023-04-29
20503,TX,2023-09-21
20504,OH,2025-12-18
20505,CA,2025-09-15
20506,WA,2024-10-26
20507,FL,2023-07-05
20508,MO,2026-02-12
20509,CO,2025-02-25
20510,NY,2025-06-11
20511,IN,2023-12-28
20512,SC,2025-09-25
20513,CA,2023-08-24
20514,WA,2025-12-10
20515,MA,2023-12-17
20516,CA,2024-02-21
20517,MO,2025-04-22
20518,NY,2025-01-13
20519,NV,2025-10-02
20520,IL,2023-01-13
20521,UT,2025-05-30
20522,WA,2025-03-16
20523,CO,2023-08-01
20524,WA,2023-09-27
20525,FL,2025-09-10
20526,MO,2025-11-29
20527,WI,2025-02-12
20528,FL,2023-06-30
20529,WA,2025-10-13
20530,FL,2023-04-16
20531,IN,2025-04-12
20532,KS,2024-05-01
20533,WA,2024-02-08
20534,TX,2024-01-25
20535,CA,2024-08-30
20536,TX,2025-09-26
20537,TX,2023-05-03
20538,PA,2025-02-27
20539,NY,2023-02-06
20540,AZ,2024-12-10
20541,IN,2025-02-05
20542,AZ,2024-05-17
20543,OK,2025-07-05
20544,CO,2024-08-19
20545,TX,2023-04-02
20546,GA,2023-04-10
20547,TX,2025-09-03
20548,WY,2024-11-16
20549,MN,2024-01-29
20550,NY,2024-08-16
20551,GA,2025-04-13
20552,GA,2025-06-04
20553,AZ,2025-10-01
20554,MI,2024-05-19
20555,SC,2026-02-14
20556,IL,2025-02-28
20557,GA,2024-05-05
20558,CA,2023-12-08
20559,AZ,2024-04-14
20560,MA,2023-05-14
20561,AZ,2025-05-27
20562,CO,2024-11-07
20563,MS,2023-07-31
20564,GA,2024-08-07
20565,NH,2023-12-23
20566,CA,2024-03-28
20567,NC,2026-01-05
20568,FL,2024-06-20
20569,NY,2024-02-25
20570,MA,2023-05-31
20571,WI,2024-05-17
20572,NY,2025-06-06
20573,TN,2025-08-05
20574,MA,2025-01-12
20575,NC,2024-05-29
20576,MI,2023-12-01
20577,MI,2024-08-06
20578,AZ,2023-07-27
20579,FL,2025-05-01
20580,AZ,2024-07-30
20581,CA,2024-12-08
20582,MO,2024-11-08
20583,OR,2023-08-20
20584,AZ,2025-09-15
20585,NY,2025-05-30
20586,MA,2024-08-26
20587,CA,2023-11-28
20588,TX,2025-03-22
20589,TX,2023-07-26
20590,IL,2023-12-27
20591,CA,2024-01-08
20592,CA,2026-01-29
20593,CA,2024-06-27
20594,WA,2023-05-11
20595,WA,2024-06-12
20596,GA,2023-03-19
20597,CA,2023-02-10
20598,MA,2023-09-15
20599,WI,2023-10-17
20600,WA,2026-02-22
20601,TX,2024-09-15
20602,OR,2024-12-14
20603,NY,2024-07-05
20604,NY,2024-12-11
20605,MD,2025-08-18
20606,SC,2025-04-02
20607,WI,2023-03-15
20608,NV,2023-01-05
20609,TX,2025-04-03
20610,ND,2023-04-28
20611,LA,2025-01-13
20612,WI,2024-10-22
20613,NM,2025-01-18
20614,CO,2024-03-05
20615,UT,2024-10-28
20616,WA,2023-06-08
20617,CO,2024-11-11
20618,MS,2025-12-21
20619,MA,2025-10-12
20620,TX,2024-10-22
20621,NY,2026-01-14
20622,NY,2025-11-02
20623,TX,2024-02-21
20624,FL,2026-02-21
20625,TX,2025-05-19
20626,TX,2025-10-15
20627,FL,2024-09-07
20628,CA,2025-12-08
20629,CA,2025-10-23
20630,PA,2025-07-22
20631,WA,2025-10-19
20632,OK,2025-01-31
20633,MO,2024-08-05
20634,GA,2023-09-28
20635,WA,2024-12-27
20636,NY,2024-03-09
20637,CT,2024-06-05
20638,CO,2024-09-03
20639,CA,2025-05-18
20640,MA,2025-08-03
20641,CA,2024-05-04
20642,CA,2025-03-20
20643,FL,2025-01-15
20644,MD,2024-03-11
20645,CA,2024-11-16
20646,GA,2023-08-05
20647,NV,2023-02-09
20648,NJ,2024-11-28
20649,MI,2025-03-02
20650,FL,2026-01-13
20651,CT,2024-11-10
20652,CO,2024-02-08
20653,KY,2025-11-18
20654,MN,2023-02-06
20655,NC,2024-05-21
20656,KY,2023-09-17
20657,CA,2025-08-17
20658,GA,2026-01-14
20659,AR,2024-09-25
20660,WA,2024-02-16
20661,MA,2024-02-26
20662,WA,2025-08-16
20663,CA,2024-10-24
20664,IL,2025-10-11
20665,WA,2024-08-17
20666,NY,2023-06-19
20667,FL,2025-02-20
20668,WA,2023-08-16
20669,AZ,2023-01-05
20670,NJ,2023-06-01
20671,MD,2023-08-09
20672,NY,2023-06-06
20673,CA,2025-10-26
20674,OR,2023-10-17
20675,MI,2023-10-05
20676,SD,2025-10-01
20677,TX,2025-05-30
20678,FL,2025-09-09
20679,GA,2025-09-21
20680,CT,2023-12-12
20681,NY,2026-02-13
20682,CA,2024-08-02
20683,NY,2024-09-04
20684,TX,2024-11-04
20685,KY,2023-11-09
20686,NY,2023-06-22
20687,NY,2026-01-31
20688,WA,2023-08-16
20689,NV,2026-02-06
20690,FL,2023-07-12
20691,WA,2024-06-04
20692,TN,2024-03-01
20693,MA,2025-07-30
20694,MO,2023-03-15
20695,CA,2026-01-24
20696,TX,2026-02-26
20697,CA,2023-12-09
20698,IL,2024-01-06
20699,NY,2024-02-05
20700,FL,2025-06-02
20701,AL,2023-08-10
20702,NY,2024-10-01
20703,CA,2025-05-08
20704,MA,2024-01-09
20705,CA,2025-10-27
20706,OK,2025-01-06
20707,IN,2024-03-11
20708,CO,2026-02-13
20709,LA,2026-01-31
20710,LA,2025-01-07
20711,MI,2024-07-18
20712,FL,2025-10-23
20713,NJ,2024-06-27
20714,MN,2026-01-08
20715,CA,2024-09-27
20716,CA,2025-04-28
20717,WA,2025-03-31
20718,CA,2024-01-31
20719,TX,2025-06-10
20720,AZ,2024-01-24
20721,NY,2024-03-23
20722,VA,2023-02-14
20723,TX,2024-02-08
20724,OR,2023-11-05
20725,MA,2023-08-15
20726,WY,2023-12-15
20727,WA,2023-04-23
20728,NY,2025-11-19
20729,FL,2023-10-03
20730,PA,2024-12-26
20731,CA,2023-03-28
20732,FL,2025-03-14
20733,MA,2023-01-22
20734,MN,2024-01-20
20735,FL,2025-11-10
20736,MN,2024-05-05
20737,MD,2025-02-11
20738,LA,2025-10-11
20739,OH,2025-06-06
20740,NY,2023-08-09
20741,OH,2024-08-13
20742,NY,2025-03-23
20743,CA,2023-05-23
20744,CA,2023-02-14
20745,VA,2024-03-26
20746,WA,2025-09-30
20747,UT,2024-11-12
20748,CA,2023-05-27
20749,TX,2025-03-03
20750,CA,2025-09-19
20751,CA,2025-09-11
20752,NY,2025-12-08
20753,FL,2023-01-17
20754,NY,2023-05-29
20755,CA,2025-10-12
20756,OH,2024-12-17
20757,MD,2025-04-29
20758,TX,2025-07-06
20759,LA,2025-12-22
20760,NY,2024-04-24
20761,NY,2023-02-13
20762,OH,2025-05-24
20763,MD,2023-12-21
20764,MN,2025-11-01
20765,PA,2023-12-22
20766,PA,2025-06-13
20767,CA,2024-04-18
20768,CA,2023-02-22
20769,TX,2023-04-23
20770,AZ,2025-03-25
20771,FL,2025-12-26
20772,PA,2023-11-16
20773,CA,2024-09-25
20774,NY,2024-02-05
20775,TX,2023-01-05
20776,IL,2024-03-22
20777,IA,2023-02-08
20778,GA,2023-07-19
20779,CA,2023-01-21
20780,FL,2026-01-02
20781,CA,2025-03-06
20782,CA,2023-05-29
20783,NY,2024-09-16
20784,UT,2023-03-27
20785,CA,2026-01-30
20786,TX,2024-06-14
20787,WI,2023-03-04
20788,PA,2024-11-22
20789,PA,2024-07-03
20790,FL,2025-03-24
20791,TX,2024-02-12
20792,WI,2024-06-04
20793,IL,2024-06-16
20794,CA,2023-01-24
20795,CA,2023-04-05
20796,IL,2023-10-23
20797,FL,2025-08-27
20798,CA,2026-02-28
20799,NC,2024-06-16
20800,IL,2025-10-28
20801,SC,2025-06-06
20802,NY,2025-05-27
20803,WA,2024-01-20
20804,KY,2024-07-01
20805,GA,2024-01-08
20806,FL,2024-07-10
20807,MN,2024-10-17
20808,NC,2024-06-06
20809,CA,2025-04-14
20810,CA,2024-05-25
20811,WA,2025-05-07
20812,MN,2025-08-20
20813,CO,2023-07-31
20814,TX,2025-07-15
20815,MO,2024-09-16
20816,OH,2023-12-11
20817,NJ,2025-10-31
20818,AZ,2023-12-02
20819,NJ,2023-02-23
20820,TN,2024-08-27
20821,OH,2023-10-23
20822,MI,2024-12-01
20823,CA,2024-01-23
20824,WA,2026-02-04
20825,TX,2025-10-28
20826,WA,2023-02-06
20827,WI,2023-07-02
20828,FL,2023-10-19
20829,MA,2023-03-11
20830,NJ,2023-08-25
20831,IL,2024-04-08
20832,NV,2026-02-15
20833,ID,2023-07-10
20834,PA,2025-07-18
20835,OH,2024-02-05
20836,FL,2023-11-13
20837,NY,2024-12-18
20838,NY,2023-08-10
20839,PA,2024-10-19
20840,TX,2023-10-19
20841,CA,2025-08-06
20842,CA,2023-08-11
20843,CA,2025-01-27
20844,UT,2025-01-28
20845,ID,2023-02-07
20846,LA,2025-07-14
20847,TX,2024-02-04
20848,CA,2025-10-26
20849,TX,2025-09-24
20850,CA,2024-05-27
20851,IN,2025-02-20
20852,NE,2023-03-24
20853,AR,2023-12-01
20854,MA,2024-10-20
20855,FL,2023-04-12
20856,CA,2025-04-04
20857,LA,2025-11-20
20858,MI,2025-09-23
20859,NY,2023-06-03
20860,AZ,2024-07-13
20861,IN,2025-07-31
20862,WI,2024-11-24
20863,IL,2023-08-20
20864,NY,2026-02-18
20865,WA,2024-01-23
20866,NE,2024-09-23
20867,CA,2025-05-13
20868,TX,2025-03-19
20869,NY,2025-11-15
20870,GA,2025-11-08
20871,OH,2025-05-04
20872,MA,2024-06-20
20873,TX,2024-07-12
20874,TN,2024-12-11
20875,CA,2023-08-27
20876,NY,2023-10-16
20877,RI,2024-01-03
20878,AK,2024-02-16
20879,NY,2025-11-11
20880,VA,2023-12-20
20881,CO,2024-02-24
20882,UT,2025-02-20
20883,CA,2023-11-25
20884,MA,2025-05-22
20885,CA,2025-02-20
20886,GA,2025-01-07
20887,TX,2025-01-18
20888,TX,2025-01-17
20889,WA,2023-05-28
20890,PA,2024-09-12
20891,LA,2023-05-23
20892,IN,2025-09-02
20893,CA,2023-03-12
20894,CA,2023-11-07
20895,NC,2024-09-29
20896,AL,2024-04-11
20897,FL,2024-08-16
20898,TX,2023-02-10
20899,VA,2025-06-17
20900,NY,2025-02-09
20901,NC,2023-12-22
20902,GA,2023-10-06
20903,TX,2024-10-16
20904,SC,2025-08-26
20905,NC,2023-02-27
20906,RI,2023-06-17
20907,NC,2024-01-08
20908,KS,2023-03-23
20909,PA,2023-05-14
20910,PA,2023-12-30
20911,AR,2025-12-05
20912,KS,2023-09-19
20913,SC,2024-04-13
20914,FL,2023-04-02
20915,FL,2023-01-19
20916,TX,2023-09-27
20917,WA,2024-07-30
20918,IN,2025-05-13
20919,NE,2024-10-30
20920,MN,2024-02-19
20921,NY,2023-01-16
20922,MN,2024-09-11
20923,NY,2024-05-17
20924,MI,2024-11-26
20925,OR,2025-09-28
20926,MN,2023-07-03
20927,FL,2024-03-16
20928,MN,2024-08-03
20929,SC,2024-01-11
20930,WA,2026-01-16
20931,NY,2023-12-12
20932,NY,2024-12-29
20933,ME,2024-01-25
20934,NY,2023-06-29
20935,MN,2024-09-28
20936,GA,2024-01-11
20937,CA,2023-07-02
20938,NY,2025-04-23
20939,TX,2023-11-25
20940,PA,2024-05-04
20941,TX,2023-07-19
20942,NC,2024-11-26
20943,FL,2024-04-23
20944,TX,2025-03-19
20945,GA,2025-09-18
20946,MN,2025-10-13
20947,CA,2024-05-13
20948,NJ,2024-09-21
20949,IL,2023-07-02
20950,MN,2024-03-11
20951,CA,2023-02-15
20952,FL,2025-05-25
20953,PA,2023-09-01
20954,NY,2023-06-05
20955,LA,2025-08-19
20956,CA,2023-09-06
20957,NY,2025-08-02
20958,IL,2025-03-29
20959,NY,2024-10-07
20960,CO,2024-01-12
20961,AK,2023-06-02
20962,NY,2025-02-10
20963,PA,2023-08-28
20964,NY,2024-08-25
20965,CT,2023-08-28
20966,NC,2023-11-06
20967,AZ,2023-09-16
20968,IN,2024-03-06
20969,TX,2024-05-14
20970,TX,2023-03-17
20971,SC,2023-10-24
20972,MI,2023-07-02
20973,NY,2025-12-18
20974,FL,2024-06-10
20975,TX,2025-11-14
20976,ME,2023-10-26
20977,PA,2024-11-21
20978,GA,2024-07-26
20979,NC,2026-02-28
20980,TX,2024-11-06
20981,KS,2025-09-17
20982,NJ,2024-05-18
20983,UT,2023-08-26
20984,UT,2023-07-11
20985,TX,2025-11-17
20986,NJ,2026-02-04
20987,NV,2024-03-04
20988,NV,2023-03-25
20989,MA,2024-05-12
20990,AL,2023-08-25
20991,CA,2023-05-29
20992,IN,2025-04-30
20993,GA,2024-09-03
20994,NM,2025-04-23
20995,OH,2025-11-24
20996,TX,2025-08-01
20997,PA,2023-04-07
20998,CA,2024-02-11
20999,OR,2025-08-17
21000,CO,2024-06-08
21001,FL,2025-07-14
21002,CA,2024-05-03
21003,IL,2024-02-08
21004,AR,2025-02-12
21005,NH,2024-02-07
21006,NY,2024-03-26
21007,TX,2023-07-03
21008,CA,2023-10-04
21009,TX,2025-06-13
21010,PA,2023-03-02
21011,MA,2025-09-16
21012,FL,2023-05-26
21013,TX,2023-07-02
21014,FL,2023-11-11
21015,CA,2024-10-20
21016,CA,2025-01-13
21017,VA,2025-09-22
21018,NC,2025-03-19
21019,KY,2024-10-13
21020,OH,2025-07-18
21021,CA,2025-06-11
21022,PA,2023-02-05
21023,CA,2025-02-27
21024,NY,2025-12-15
21025,CA,2025-11-30
21026,NC,2024-01-18
21027,ID,2023-06-18
21028,PA,2023-06-20
21029,OH,2025-01-08
21030,MN,2024-08-20
21031,NJ,2023-09-04
21032,IL,2023-05-28
21033,UT,2024-03-16
21034,CA,2023-12-28
21035,OR,2023-08-10
21036,CO,2024-10-19
21037,MA,2023-04-18
21038,CO,2026-02-27
21039,NJ,2024-07-29
21040,WV,2023-10-27
21041,MI,2023-08-12
21042,FL,2024-07-30
21043,OR,2025-06-10
21044,FL,2024-11-24
21045,NY,2025-10-05
21046,FL,2026-02-05
21047,WA,2024-02-27
21048,FL,2023-03-17
21049,PA,2023-09-07
21050,MN,2023-08-29
21051,AR,2025-03-27
21052,CO,2023-01-15
21053,NY,2023-12-07
21054,NV,2024-10-26
21055,MD,2024-05-10
21056,GA,2024-07-03
21057,FL,2023-02-06
21058,PA,2025-02-07
21059,CA,2024-03-11
21060,PA,2023-10-20
21061,WA,2023-10-28
21062,CA,2025-08-10
21063,CA,2025-09-05
21064,KY,2025-11-12
21065,NJ,2023-12-16
21066,IN,2025-04-28
21067,FL,2025-12-25
21068,TX,2024-03-08
21069,CT,2025-08-31
21070,MT,2025-09-27
21071,KY,2024-07-23
21072,OH,2025-10-13
21073,FL,2023-01-29
21074,GA,2026-01-11
21075,PA,2024-10-02
21076,CA,2023-04-25
21077,IN,2025-11-23
21078,NY,2024-09-28
21079,MA,2026-01-06
21080,NY,2023-10-02
21081,CA,2023-12-10
21082,WV,2024-11-10
21083,SC,2023-03-22
21084,CO,2024-08-29
21085,DE,2024-12-21
21086,LA,2023-03-13
21087,IL,2025-11-27
21088,WA,2024-04-18
21089,IL,2025-10-17
21090,OR,2023-06-20
21091,TN,2023-02-09
21092,MA,2024-02-28
21093,MA,2025-06-06
21094,OR,2025-03-08
21095,WI,2024-03-25
21096,IN,2024-10-06
21097,MI,2024-03-07
21098,FL,2023-11-18
21099,MI,2025-12-04
21100,NY,2025-10-16
21101,PA,2023-11-20
21102,CA,2024-02-16
21103,NY,2024-09-11
21104,NJ,2023-02-16
21105,CA,2024-10-06
21106,FL,2024-09-24
21107,NC,2025-04-20
21108,MA,2023-10-30
21109,TX,2025-02-10
21110,NY,2025-09-10
21111,GA,2025-05-08
21112,ME,2024-07-30
21113,DE,2025-05-13
21114,VA,2023-12-02
21115,MI,2024-10-21
21116,NY,2024-09-03
21117,NV,2026-02-16
21118,NY,2025-06-22
21119,TX,2023-03-23
21120,CA,2025-11-02
21121,IN,2025-08-26
21122,OR,2024-04-22
21123,WA,2023-10-26
21124,OR,2023-04-02
21125,MA,2025-01-19
21126,TX,2024-11-26
21127,NC,2024-12-22
21128,TX,2023-10-31
21129,MD,2025-05-17
21130,TX,2025-02-25
21131,WA,2023-02-05
21132,CA,2024-02-26
21133,CA,2023-12-04
21134,MI,2024-08-04
21135,CO,2024-09-19
21136,PA,2024-04-07
21137,NC,2023-03-22
21138,OH,2024-02-24
21139,TX,2023-02-04
21140,MA,2025-06-13
21141,VA,2025-03-05
21142,TX,2024-05-15
21143,TX,2023-07-03
21144,NY,2024-07-11
21145,OR,2025-04-19
21146,TN,2023-10-09
21147,TX,2024-09-06
21148,FL,2023-07-21
21149,NY,2024-07-27
21150,PA,2024-02-21
21151,MI,2023-11-13
21152,SC,2025-07-04
21153,MN,2025-12-27
21154,NY,2025-09-09
21155,MD,2025-03-07
21156,CO,2024-11-07
21157,FL,2026-01-29
21158,AZ,2023-08-31
21159,MA,2026-01-18
21160,NY,2025-06-19
21161,TX,2023-05-07
21162,WA,2024-09-10
21163,NC,2025-04-13
21164,WV,2025-09-26
21165,WA,2025-01-25
21166,CA,2025-02-14
21167,GA,2023-09-10
21168,TX,2023-03-14
21169,AR,2024-01-14
21170,TX,2023-10-26
21171,MN,2025-08-02
21172,IL,2024-05-06
21173,KS,2024-11-14
21174,PA,2023-10-31
21175,CA,2025-10-27
21176,GA,2023-09-13
21177,NY,2023-08-22
21178,CA,2025-05-22
21179,CT,2024-05-07
21180,PA,2023-08-17
21181,SC,2023-12-11
21182,WA,2023-03-18
21183,CA,2023-09-22
21184,MD,2025-01-13
21185,OR,2023-09-02
21186,OH,2024-03-04
21187,TX,2026-01-19
21188,FL,2024-03-20
21189,NJ,2025-05-12
21190,WA,2024-03-29
21191,WA,2023-12-15
21192,MI,2026-01-22
21193,WA,2024-02-26
21194,TX,2024-12-15
21195,MA,2024-05-04
21196,CA,2024-11-16
21197,OR,2026-02-21
21198,CA,2024-08-04
21199,WA,2024-09-06
21200,PA,2025-12-23
21201,PA,2023-06-12
21202,FL,2025-02-18
21203,FL,2023-10-31
21204,LA,2023-11-15
21205,MA,2024-11-15
21206,WA,2025-10-26
21207,MA,2023-04-11
21208,TX,2024-02-20
21209,TX,2025-08-21
21210,TX,2026-02-28
21211,MO,2025-06-13
21212,FL,2024-01-21
21213,AZ,2025-11-09
21214,OR,2023-10-22
21215,VA,2024-01-31
21216,NY,2023-10-19
21217,NY,2023-12-14
21218,FL,2025-02-03
21219,FL,2023-02-13
21220,CO,2023-03-16
21221,IL,2023-02-22
21222,MO,2023-03-07
21223,AZ,2023-02-07
21224,FL,2025-02-04
21225,MA,2024-02-21
21226,WA,2024-12-11
21227,CA,2025-01-17
21228,TX,2025-12-14
21229,TX,2025-04-23
21230,WA,2023-04-26
21231,TX,2023-10-06
21232,SD,2024-03-29
21233,CO,2024-08-30
21234,MI,2025-12-08
21235,IL,2024-01-04
21236,WV,2024-01-05
21237,MN,2023-10-28
21238,WA,2024-12-17
21239,FL,2025-08-28
21240,NC,2023-07-14
21241,OH,2023-09-07
21242,PA,2023-09-15
21243,OR,2025-09-16
21244,CA,2023-02-28
21245,OH,2025-07-30
21246,AR,2025-12-12
21247,FL,2025-02-25
21248,OH,2024-07-14
21249,IL,2025-09-02
21250,TX,2024-06-12
21251,CA,2024-05-12
21252,KY,2024-09-30
21253,CA,2025-10-17
21254,CA,2023-06-04
21255,CA,2025-09-29
21256,IL,2025-03-08
21257,CO,2023-03-19
21258,FL,2023-11-16
21259,HI,2025-11-21
21260,NY,2024-06-05
21261,MA,2024-09-05
21262,MI,2024-09-21
21263,MD,2024-10-30
21264,NE,2023-09-02
21265,WA,2024-08-13
21266,AZ,2024-11-02
21267,TN,2026-01-19
21268,MN,2025-05-19
21269,CA,2024-10-02
21270,MN,2023-01-14
21271,PA,2025-06-17
21272,MA,2023-10-13
21273,MI,2024-11-01
21274,CA,2024-10-02
21275,NY,2024-11-16
21276,GA,2025-07-20
21277,FL,2025-07-20
21278,OH,2025-10-08
21279,CA,2023-02-12
21280,IL,2025-06-29
21281,GA,2025-03-22
21282,CA,2025-10-16
21283,MO,2024-09-12
21284,FL,2025-12-14
21285,OR,2024-07-20
21286,CA,2023-04-17
21287,TX,2026-02-27
21288,CA,2024-09-27
21289,CO,2024-02-22
21290,CO,2023-02-18
21291,OH,2023-11-16
21292,TX,2023-09-10
21293,MO,2025-12-28
21294,MA,2024-04-21
21295,TX,2025-04-09
21296,NC,2024-07-17
21297,NV,2025-01-10
21298,TX,2023-07-06
21299,OK,2024-11-30
21300,WA,2024-12-03
21301,WV,2023-04-22
21302,MD,2023-10-20
21303,TX,2025-08-13
21304,NY,2025-05-23
21305,AZ,2023-12-27
21306,MO,2024-05-16
21307,ID,2025-09-10
21308,MN,2024-10-10
21309,MO,2023-03-27
21310,MD,2025-09-06
21311,IN,2023-10-23
21312,SD,2023-10-06
21313,TX,2023-09-09
21314,TX,2025-10-28
21315,IL,2024-08-08
21316,OH,2024-08-27
21317,MD,2024-01-11
21318,CA,2024-08-30
21319,CA,2024-03-15
21320,CA,2023-05-22
21321,WA,2024-08-14
21322,IN,2023-01-20
21323,FL,2023-01-12
21324,CA,2024-09-27
21325,CO,2023-05-02
21326,MN,2024-02-29
21327,MA,2023-08-17
21328,WA,2024-08-19
21329,WA,2025-07-21
21330,NC,2025-05-27
21331,AL,2025-02-24
21332,IL,2023-01-29
21333,WA,2023-05-15
21334,WA,2023-04-11
21335,PA,2024-01-11
21336,CA,2024-10-07
21337,WA,2024-11-23
21338,NV,2023-07-19
21339,NY,2024-12-21
21340,CA,2026-02-22
21341,TX,2024-04-15
21342,NY,2025-11-11
21343,WI,2023-02-19
21344,TX,2024-12-26
21345,OK,2023-03-07
21346,MA,2026-02-27
21347,GA,2023-10-29
21348,NC,2024-01-19
21349,FL,2024-06-21
21350,IL,2024-12-03
21351,NY,2023-02-18
21352,ID,2023-11-15
21353,AZ,2023-01-21
21354,NY,2024-08-13
21355,AR,2024-08-14
21356,VT,2023-01-09
21357,WA,2023-05-29
21358,NC,2024-05-13
21359,SC,2025-12-14
21360,FL,2023-10-24
21361,NV,2024-06-01
21362,OR,2025-02-07
21363,MN,2024-12-04
21364,NY,2025-06-19
21365,NY,2025-10-19
21366,NJ,2023-10-09
21367,TX,2025-02-07
21368,IL,2023-09-14
21369,OR,2026-01-21
21370,TX,2023-08-02
21371,UT,2024-07-06
21372,NC,2023-05-13
21373,NY,2025-07-05
21374,WA,2023-03-27
21375,NV,2025-06-20
21376,MA,2025-05-26
21377,NY,2025-01-29
21378,CA,2025-05-21
21379,WA,2025-08-14
21380,CA,2023-09-06
21381,CA,2024-07-17
21382,MA,2023-10-16
21383,CA,2024-02-13
21384,KY,2025-01-02
21385,MI,2023-11-05
21386,FL,2023-03-02
21387,TX,2025-02-19
21388,GA,2024-06-10
21389,NY,2023-07-19
21390,WV,2025-03-25
21391,FL,2026-01-03
21392,NY,2025-01-25
21393,NY,2025-11-10
21394,MI,2025-11-25
21395,AZ,2023-07-17
21396,KS,2023-02-13
21397,UT,2024-10-02
21398,CA,2024-07-07
21399,WA,2025-08-12
21400,TX,2025-05-20
21401,NY,2024-05-24
21402,FL,2024-02-20
21403,CA,2024-02-13
21404,AR,2023-10-23
21405,NE,2025-08-11
21406,GA,2024-09-18
21407,WA,2023-07-22
21408,CA,2024-07-29
21409,CA,2025-07-03
21410,MA,2025-09-11
21411,TN,2025-03-06
21412,IN,2025-04-27
21413,TX,2025-08-03
21414,MI,2025-01-08
21415,WI,2023-12-28
21416,OH,2024-04-20
21417,MS,2023-10-31
21418,MI,2023-07-04
21419,AZ,2023-09-22
21420,CO,2024-02-06
21421,IL,2023-06-22
21422,CA,2025-05-27
21423,OH,2026-01-11
21424,FL,2025-06-25
21425,FL,2023-12-12
21426,CA,2025-12-31
21427,CO,2025-03-18
21428,NY,2023-07-27
21429,OR,2025-11-22
21430,TX,2026-02-06
21431,PA,2025-09-15
21432,IL,2025-05-27
21433,CA,2023-06-11
21434,NY,2023-01-16
21435,TX,2025-11-03
21436,CA,2025-01-12
21437,NE,2023-09-03
21438,WA,2025-12-05
21439,MA,2024-07-08
21440,GA,2025-12-07
21441,GA,2024-12-14
21442,NH,2023-05-22
21443,CA,2024-03-25
21444,CT,2025-08-30
21445,MI,2025-04-02
21446,WA,2023-04-26
21447,CA,2025-05-25
21448,FL,2024-05-28
21449,LA,2025-06-17
21450,MA,2023-01-13
21451,NY,2023-10-04
21452,TX,2025-07-04
21453,MA,2025-06-11
21454,CA,2023-08-16
21455,NJ,2023-08-05
21456,AR,2025-01-18
21457,CA,2023-10-21
21458,AZ,2025-02-06
21459,MA,2023-10-08
21460,WA,2024-05-12
21461,OR,2025-09-03
21462,AL,2025-01-19
21463,GA,2026-01-25
21464,AZ,2024-12-04
21465,PA,2025-08-25
21466,CO,2023-09-26
21467,TX,2023-07-28
21468,NY,2025-09-07
21469,CO,2025-04-25
21470,CA,2023-11-01
21471,VA,2025-10-08
21472,CT,2023-03-29
21473,AL,2026-02-17
21474,CO,2025-02-01
21475,FL,2025-07-12
21476,WA,2024-12-23
21477,CA,2023-01-11
21478,FL,2024-03-14
21479,AZ,2025-10-30
21480,WA,2023-11-11
21481,WY,2023-03-06
21482,NY,2025-06-19
21483,CO,2024-08-14
21484,CA,2025-07-04
21485,MD,2024-10-06
21486,NJ,2023-07-14
21487,TX,2023-01-01
21488,ID,2024-01-03
21489,AL,2024-09-22
21490,OR,2024-01-11
21491,MA,2023-10-17
21492,MA,2025-05-12
21493,DE,2025-03-10
21494,GA,2024-09-19
21495,IL,2023-08-23
21496,FL,2023-07-15
21497,WI,2024-03-16
21498,CA,2025-02-28
21499,WA,2023-06-06
21500,SC,2025-10-16
21501,AR,2023-12-20
21502,OR,2025-03-23
21503,WA,2025-04-14
21504,NY,2024-06-16
21505,GA,2024-02-09
21506,IN,2024-11-30
21507,MA,2025-03-07
21508,MN,2023-10-16
21509,MI,2023-03-31
21510,KS,2025-08-24
21511,FL,2024-08-07
21512,WA,2025-09-08
21513,TN,2026-01-19
21514,AZ,2025-01-22
21515,IL,2024-12-16
21516,IL,2025-04-07
21517,IL,2024-01-29
21518,NY,2024-04-19
21519,FL,2025-02-12
21520,WA,2024-03-17
21521,NJ,2023-01-08
21522,KS,2023-03-11
21523,SC,2024-12-03
21524,TN,2023-02-09
21525,NJ,2025-05-03
21526,MD,2025-11-18
21527,VA,2023-10-04
21528,KS,2023-07-02
21529,FL,2025-07-27
21530,CA,2024-06-05
21531,MN,2024-11-19
21532,NY,2023-03-25
21533,MA,2023-03-27
21534,FL,2026-02-06
21535,AZ,2024-06-27
21536,WA,2025-07-29
21537,NY,2025-11-02
21538,NC,2024-12-25
21539,TX,2025-08-21
21540,MA,2024-09-09
21541,FL,2023-01-15
21542,OR,2024-12-25
21543,WA,2023-07-07
21544,WA,2023-08-22
21545,CA,2025-01-04
21546,WA,2024-04-02
21547,NC,2024-12-25
21548,OR,2023-05-25
21549,NY,2024-05-31
21550,MO,2024-06-16
21551,TN,2025-06-10
21552,CA,2026-02-12
21553,MI,2025-12-03
21554,FL,2023-07-23
21555,MI,2023-12-27
21556,CA,2026-02-23
21557,OR,2026-02-17
21558,TX,2023-08-02
21559,CO,2024-10-03
21560,IL,2024-08-28
21561,KY,2025-12-24
21562,NY,2024-01-01
21563,OR,2025-06-17
21564,PA,2023-07-06
21565,MA,2024-12-24
21566,IL,2025-10-13
21567,GA,2024-12-03
21568,MD,2025-04-13
21569,NY,2023-03-31
21570,PA,2025-01-26
21571,GA,2025-09-15
21572,UT,2025-07-02
21573,ME,2024-01-28
21574,FL,2024-02-16
21575,MA,2023-10-20
21576,CA,2024-09-22
21577,TX,2026-01-26
21578,SC,2023-06-19
21579,OR,2025-06-08
21580,NY,2025-12-26
21581,IN,2023-02-25
21582,OH,2024-07-21
21583,MA,2023-05-31
21584,CA,2023-11-14
21585,AL,2025-09-10
21586,PA,2025-09-03
21587,MI,2023-01-06
21588,PA,2023-07-08
21589,TX,2023-11-13
21590,TX,2024-12-31
21591,MT,2024-06-07
21592,CO,2024-05-31
21593,NJ,2025-12-25
21594,MD,2024-12-15
21595,WA,2024-07-31
21596,VA,2024-10-28
21597,VA,2024-08-10
21598,CO,2025-02-11
21599,CA,2025-05-03
21600,CA,2023-12-02
21601,MN,2025-05-07
21602,SC,2024-05-13
21603,OR,2024-10-10
21604,IL,2023-06-25
21605,MD,2025-03-10
21606,ME,2025-04-30
21607,TX,2025-11-25
21608,MA,2025-09-14
21609,WA,2023-05-23
21610,PA,2024-10-10
21611,SC,2024-06-11
21612,WA,2023-01-06
21613,MA,2024-08-06
21614,MA,2024-11-03
21615,CA,2023-08-12
21616,MA,2023-12-22
21617,NH,2025-07-26
21618,NY,2025-10-04
21619,WA,2025-11-25
21620,NY,2024-06-29
21621,NE,2024-06-08
21622,OR,2025-12-16
21623,MN,2025-10-27
21624,CA,2023-04-21
21625,NJ,2026-02-13
21626,GA,2025-02-09
21627,GA,2023-11-06
21628,GA,2023-04-04
21629,CA,2025-03-12
21630,NY,2024-07-13
21631,CA,2025-12-14
21632,TX,2023-01-17
21633,TX,2025-12-21
21634,GA,2024-09-28
21635,CO,2025-01-18
21636,TX,2024-07-09
21637,GA,2026-02-25
21638,MI,2025-10-08
21639,NY,2023-09-16
21640,NJ,2024-12-13
21641,AZ,2025-04-14
21642,MT,2025-10-08
21643,GA,2025-05-16
21644,FL,2025-06-22
21645,WA,2024-02-14
21646,FL,2025-06-06
21647,AL,2023-05-23
21648,NY,2024-02-01
21649,TX,2025-01-08
21650,WA,2024-10-09
21651,KY,2025-08-27
21652,NY,2025-03-12
21653,TX,2024-12-12
21654,AK,2026-01-19
21655,TX,2026-01-10
21656,NJ,2023-01-19
21657,CA,2024-10-06
21658,OH,2025-02-22
21659,WA,2024-01-04
21660,IL,2024-04-02
21661,TX,2023-01-19
21662,TX,2025-11-24
21663,GA,2024-11-09
21664,TX,2024-10-06
21665,NY,2026-01-01
21666,ND,2024-09-18
21667,PA,2024-09-13
21668,TN,2024-12-28
21669,GA,2023-04-07
21670,CA,2025-06-18
21671,GA,2024-12-29
21672,NV,2024-11-28
21673,TN,2025-06-01
21674,NY,2025-12-23
21675,AL,2023-04-06
21676,NY,2025-09-29
21677,TX,2024-03-17
21678,MD,2024-03-26
21679,IL,2023-08-22
21680,MS,2025-03-03
21681,MI,2023-01-28
21682,WA,2025-07-11
21683,TX,2025-04-23
21684,CA,2025-01-11
21685,UT,2025-06-22
21686,MA,2024-01-10
21687,CO,2025-05-11
21688,TN,2024-09-15
21689,WA,2023-10-26
21690,WA,2025-11-14
21691,PA,2024-08-28
21692,GA,2023-03-07
21693,MO,2024-06-12
21694,NC,2023-10-05
21695,FL,2023-01-10
21696,ME,2023-01-28
21697,AL,2026-01-28
21698,FL,2024-01-28
21699,WA,2024-12-20
21700,FL,2025-04-28
21701,GA,2023-09-18
21702,CA,2025-12-28
21703,TX,2023-02-07
21704,CO,2025-12-25
21705,IN,2024-04-11
21706,PA,2023-03-05
21707,MA,2025-01-16
21708,NY,2024-11-08
21709,MI,2025-04-24
21710,CA,2023-04-09
21711,MN,2023-10-31
21712,GA,2026-01-01
21713,WA,2025-08-04
21714,NV,2023-08-02
21715,TX,2023-11-01
21716,MA,2023-12-11
21717,OR,2025-01-13
21718,GA,2024-05-08
21719,TN,2026-02-22
21720,MO,2025-04-20
21721,MA,2024-02-12
21722,NC,2025-09-18
21723,AZ,2024-10-18
21724,TX,2024-09-08
21725,WA,2023-12-10
21726,WA,2025-02-14
21727,OR,2023-03-05
21728,MO,2024-05-16
21729,NY,2025-10-31
21730,OH,2024-08-29
21731,WA,2024-03-05
21732,LA,2025-10-01
21733,OR,2023-04-04
21734,MI,2023-11-11
21735,MA,2023-06-02
21736,MI,2023-05-20
21737,CA,2023-08-04
21738,FL,2025-03-04
21739,CA,2024-01-05
21740,MN,2025-08-29
21741,GA,2023-08-29
21742,NY,2025-09-07
21743,WI,2023-11-17
21744,IL,2023-02-14
21745,CO,2024-09-05
21746,NV,2023-10-11
21747,MA,2024-11-02
21748,OR,2023-03-28
21749,IL,2025-10-27
21750,IL,2023-07-02
21751,NV,2023-10-26
21752,CO,2024-02-02
21753,OH,2023-01-14
21754,OR,2023-04-10
21755,VA,2025-01-25
21756,TX,2023-06-18
21757,GA,2023-08-20
21758,FL,2026-02-08
21759,MA,2024-09-05
21760,TX,2024-12-29
21761,CA,2023-08-28
21762,NC,2023-08-28
21763,MA,2025-01-02
21764,MN,2023-09-27
21765,FL,2024-06-23
21766,WA,2023-12-01
21767,IL,2024-03-18
21768,CA,2024-12-25
21769,WA,2025-06-26
21770,TN,2024-01-05
21771,CA,2026-02-17
21772,CO,2023-03-16
21773,IL,2024-02-27
21774,CA,2023-03-11
21775,MI,2025-04-14
21776,FL,2025-01-14
21777,SD,2023-09-28
21778,FL,2023-05-12
21779,FL,2026-01-26
21780,NJ,2023-04-12
21781,CO,2026-02-02
21782,OR,2024-08-20
21783,KY,2024-11-02
21784,IN,2024-09-26
21785,FL,2025-07-12
21786,CO,2025-05-01
21787,MI,2024-02-24
21788,TX,2023-09-18
21789,IL,2025-09-03
21790,CA,2024-02-20
21791,OH,2024-12-01
21792,MA,2024-06-26
21793,IL,2025-09-09
21794,WA,2025-07-18
21795,NY,2026-03-01
21796,TX,2025-03-26
21797,NY,2023-02-18
21798,NY,2024-03-19
21799,WA,2025-06-03
21800,NJ,2023-06-21
21801,GA,2025-07-18
21802,MN,2025-09-16
21803,FL,2023-01-06
21804,IL,2024-01-04
21805,NY,2025-06-12
21806,NC,2024-12-22
21807,AZ,2025-07-19
21808,MA,2023-10-08
21809,IL,2025-12-14
21810,TN,2025-07-06
21811,OR,2024-03-03
21812,NY,2024-02-17
21813,TX,2025-04-18
21814,NJ,2023-02-17
21815,MA,2025-10-23
21816,CO,2024-11-15
21817,VA,2025-02-26
21818,CO,2023-11-25
21819,NY,2023-08-21
21820,NY,2023-03-01
21821,CA,2024-08-12
21822,TN,2024-06-13
21823,NY,2026-01-25
21824,NY,2025-12-25
21825,NY,2025-11-20
21826,PA,2025-09-08
21827,NJ,2025-02-15
21828,MS,2023-05-28
21829,CA,2023-02-16
21830,TX,2023-12-22
21831,OR,2024-10-15
21832,WA,2024-03-28
21833,CO,2024-06-05
21834,NY,2023-06-26
21835,NE,2025-08-13
21836,AZ,2023-07-29
21837,CA,2025-12-01
21838,NY,2026-02-21
21839,MD,2023-07-06
21840,MA,2025-11-14
21841,OR,2025-10-02
21842,AZ,2023-02-04
21843,MO,2024-04-19
21844,IN,2025-01-28
21845,TX,2024-04-14
21846,CO,2025-06-25
21847,CT,2024-06-05
21848,CO,2023-09-21
21849,IL,2026-02-02
21850,OH,2025-02-05
21851,ND,2024-02-11
21852,MD,2024-10-07
21853,IN,2024-09-27
21854,CA,2023-03-05
21855,CA,2025-08-26
21856,TX,2025-03-24
21857,CT,2025-05-21
21858,NJ,2023-02-07
21859,IL,2025-01-29
21860,MO,2024-10-26
21861,AL,2023-08-10
21862,WA,2025-02-08
21863,TX,2024-04-17
21864,NY,2023-12-23
21865,IN,2024-08-01
21866,MN,2023-08-23
21867,HI,2024-08-24
21868,MI,2023-04-04
21869,CA,2025-05-10
21870,FL,2025-04-18
21871,NV,2023-07-08
21872,CA,2024-10-10
21873,ID,2023-01-16
21874,MT,2023-12-30
21875,NY,2025-01-13
21876,MA,2024-02-14
21877,NY,2023-06-23
21878,CA,2023-07-05
21879,CA,2025-11-19
21880,FL,2024-04-14
21881,CA,2023-11-08
21882,HI,2025-03-10
21883,CO,2026-01-06
21884,CA,2024-06-18
21885,NY,2024-06-12
21886,CT,2023-05-02
21887,PA,2023-08-16
21888,MA,2025-09-15
21889,IN,2024-07-06
21890,CA,2023-01-15
21891,TX,2023-08-02
21892,NV,2024-08-25
21893,TX,2023-02-21
21894,NC,2025-07-18
21895,OR,2023-02-26
21896,WA,2024-02-12
21897,NY,2024-06-15
21898,CT,2023-12-23
21899,CA,2024-11-30
21900,OR,2025-11-22
21901,OR,2024-11-04
21902,TX,2025-05-23
21903,CA,2024-05-31
21904,FL,2024-11-11
21905,NY,2024-12-27
21906,MI,2023-04-27
21907,VA,2025-02-05
21908,NY,2023-09-26
21909,MA,2024-12-18
21910,MI,2024-12-21
21911,TX,2023-05-20
21912,PA,2023-05-24
21913,CA,2023-08-10
21914,WA,2025-02-19
21915,TX,2025-06-10
21916,WA,2024-08-10
21917,CA,2024-09-21
21918,NC,2024-03-10
21919,MD,2025-12-26
21920,OH,2025-10-26
21921,CT,2025-12-14
21922,MD,2024-01-18
21923,KY,2024-03-09
21924,TX,2025-12-30
21925,PA,2024-04-24
21926,KY,2023-01-22
21927,FL,2024-07-14
21928,NY,2024-10-09
21929,NY,2024-09-03
21930,OR,2024-04-12
21931,FL,2024-12-12
21932,UT,2025-04-25
21933,OH,2023-05-01
21934,NC,2025-01-08
21935,PA,2025-01-20
21936,FL,2025-02-27
21937,OH,2026-01-29
21938,WA,2025-06-13
21939,WA,2025-10-03
21940,CA,2023-07-06
21941,FL,2024-06-01
21942,NY,2024-11-12
21943,PA,2025-09-27
21944,FL,2024-10-01
21945,LA,2024-12-30
21946,MI,2024-10-14
21947,PA,2024-03-08
21948,FL,2024-10-05
21949,OH,2025-02-01
21950,WA,2025-06-08
21951,SD,2023-04-11
21952,MA,2023-11-16
21953,KY,2026-01-26
21954,IL,2025-04-27
21955,FL,2023-10-06
21956,MO,2024-11-28
21957,MA,2023-12-22
21958,OR,2025-06-13
21959,NY,2025-05-18
21960,NY,2024-03-05
21961,PA,2025-11-28
21962,CA,2024-02-29
21963,TN,2024-03-04
21964,MA,2024-03-30
21965,GA,2024-06-02
21966,GA,2023-07-29
21967,TX,2024-08-13
21968,PA,2025-06-12
21969,CA,2025-05-16
21970,HI,2024-03-19
21971,UT,2023-06-25
21972,MA,2026-01-15
21973,NY,2025-01-30
21974,OH,2023-08-05
21975,NM,2025-05-12
21976,NV,2024-08-26
21977,NY,2025-03-30
21978,WA,2025-11-27
21979,GA,2024-02-28
21980,MD,2025-05-30
21981,TX,2025-08-22
21982,WA,2025-06-26
21983,CA,2024-08-01
21984,LA,2023-07-04
21985,MA,2023-10-02
21986,MA,2024-08-24
21987,IL,2024-12-19
21988,NY,2024-06-13
21989,NC,2025-10-09
21990,OH,2025-01-25
21991,AZ,2023-01-07
21992,TX,2023-07-07
21993,NY,2026-02-13
21994,NC,2024-05-13
21995,PA,2023-03-04
21996,IL,2024-03-16
21997,MD,2024-08-09
21998,NY,2024-01-14
21999,WA,2023-10-22
22000,WA,2024-03-15
22001,WA,2024-01-29
22002,KY,2025-01-06
22003,KY,2025-05-23
22004,TN,2024-12-04
22005,OH,2023-04-09
22006,MN,2025-06-01
22007,NJ,2024-02-16
22008,MN,2024-02-18
22009,NY,2023-11-10
22010,NJ,2023-11-22
22011,TX,2025-12-21
22012,PA,2023-05-09
22013,NY,2024-02-27
22014,CA,2024-10-12
22015,NY,2023-08-18
22016,MA,2024-11-07
22017,TX,2024-12-16
22018,OR,2024-09-01
22019,PA,2023-12-04
22020,MA,2023-09-03
22021,TN,2024-07-11
22022,VA,2023-07-23
22023,VT,2025-06-23
22024,PA,2024-11-04
22025,TX,2025-01-05
22026,VA,2023-10-11
22027,CO,2023-08-06
22028,WA,2024-07-26
22029,CA,2023-07-01
22030,GA,2025-08-31
22031,LA,2025-07-29
22032,FL,2023-07-27
22033,NV,2024-02-27
22034,WA,2023-05-19
22035,WA,2023-07-22
22036,WA,2023-09-11
22037,MI,2024-07-22
22038,TX,2024-03-01
22039,NY,2025-07-22
22040,CA,2025-08-26
22041,FL,2025-01-31
22042,PA,2024-07-22
22043,FL,2024-08-01
22044,OH,2023-08-19
22045,CO,2025-09-21
22046,WA,2023-10-13
22047,NY,2025-07-10
22048,NJ,2023-02-23
22049,ND,2025-02-28
22050,CA,2024-07-31
22051,NY,2024-01-24
22052,OH,2025-11-02
22053,VA,2023-12-09
22054,PA,2023-12-05
22055,TX,2023-01-24
22056,NM,2025-11-24
22057,NC,2024-08-08
22058,NY,2024-02-26
22059,CA,2025-11-08
22060,OR,2024-01-13
22061,CO,2023-05-08
22062,NY,2024-03-08
22063,TX,2025-02-15
22064,NY,2025-03-24
22065,PA,2024-05-29
22066,TX,2024-05-16
22067,NM,2025-09-15
22068,MI,2024-02-21
22069,TX,2023-04-10
22070,TX,2025-05-28
22071,IL,2025-12-12
22072,NY,2024-03-03
22073,NY,2024-11-08
22074,TX,2023-05-29
22075,UT,2024-11-05
22076,CO,2024-03-26
22077,SC,2024-06-17
22078,CA,2024-06-15
22079,NY,2025-05-17
22080,WA,2024-12-23
22081,FL,2025-05-13
22082,GA,2025-03-29
22083,FL,2023-09-03
22084,NY,2023-06-03
22085,CA,2023-09-03
22086,LA,2025-03-25
22087,CA,2025-12-02
22088,NY,2024-01-28
22089,OH,2023-06-12
22090,DE,2024-04-10
22091,PA,2024-05-26
22092,FL,2025-04-27
22093,NY,2024-05-29
22094,CA,2023-05-26
22095,WA,2023-10-23
22096,NY,2025-03-17
22097,TX,2023-11-10
22098,CA,2024-07-22
22099,CA,2023-10-07
22100,NV,2024-04-21
22101,GA,2026-02-16
22102,CA,2024-06-17
22103,WA,2024-04-18
22104,NY,2023-07-31
22105,TX,2024-12-28
22106,TX,2024-08-10
22107,LA,2024-04-24
22108,CO,2023-03-02
22109,NY,2025-02-10
22110,TX,2024-08-10
22111,WY,2023-07-28
22112,PA,2023-02-06
22113,MA,2024-08-27
22114,GA,2024-02-16
22115,NY,2024-10-09
22116,CA,2025-01-04
22117,GA,2025-06-30
22118,NY,2024-05-21
22119,MD,2025-04-09
22120,CA,2025-08-30
22121,KY,2024-03-25
22122,VA,2023-04-30
22123,OH,2024-09-25
22124,NY,2023-07-31
22125,CA,2023-10-11
22126,CA,2023-10-04
22127,CA,2025-11-30
22128,SC,2025-08-26
22129,OR,2025-06-24
22130,PA,2024-06-26
22131,MI,2024-04-05
22132,CO,2024-03-28
22133,KY,2023-12-26
22134,FL,2025-07-22
22135,WA,2025-12-02
22136,WV,2024-10-07
22137,IL,2024-10-30
22138,GA,2023-07-25
22139,PA,2023-03-30
22140,KY,2025-07-24
22141,NY,2026-01-27
22142,PA,2025-11-26
22143,NY,2024-01-09
22144,TN,2024-01-27
22145,GA,2024-12-11
22146,CA,2025-09-20
22147,FL,2023-02-24
22148,OH,2025-08-01
22149,GA,2025-01-24
22150,AZ,2024-08-08
22151,CA,2023-11-10
22152,UT,2026-02-01
22153,IL,2023-01-16
22154,TX,2023-01-29
22155,OR,2025-02-14
22156,WI,2023-12-22
22157,MA,2024-11-25
22158,MA,2024-07-17
22159,TX,2024-05-25
22160,MD,2023-12-13
22161,TX,2025-04-24
22162,CA,2025-07-10
22163,NY,2023-01-25
22164,TX,2023-04-02
22165,OH,2023-11-25
22166,NC,2025-08-29
22167,CA,2024-08-24
22168,NY,2023-12-08
22169,NC,2025-06-15
22170,IL,2024-01-31
22171,IL,2024-06-25
22172,TX,2024-06-09
22173,PA,2026-02-27
22174,IN,2026-02-28
22175,MA,2024-02-13
22176,CA,2025-06-01
22177,GA,2023-03-12
22178,CA,2024-06-28
22179,TX,2025-03-29
22180,WA,2024-08-24
22181,TN,2026-01-18
22182,PA,2025-06-03
22183,PA,2025-04-26
22184,CA,2025-02-25
22185,NY,2025-08-09
22186,NY,2023-01-01
22187,NY,2024-07-02
22188,PA,2025-08-25
22189,AR,2024-08-13
22190,CO,2023-05-14
22191,WA,2025-05-18
22192,VA,2025-11-11
22193,TX,2024-12-30
22194,NY,2025-12-31
22195,IL,2024-06-04
22196,NY,2025-06-27
22197,NY,2025-03-06
22198,FL,2024-05-15
22199,MN,2023-09-08
22200,CA,2025-06-23
22201,FL,2023-01-08
22202,CA,2023-04-18
22203,CA,2025-03-27
22204,VA,2024-06-06
22205,AL,2024-01-21
22206,MD,2023-07-02
22207,GA,2025-07-10
22208,NY,2025-10-11
22209,IL,2025-11-01
22210,NY,2023-07-17
22211,TX,2023-02-06
22212,WA,2025-06-11
22213,CA,2024-02-25
22214,UT,2025-10-28
22215,MN,2023-06-14
22216,TX,2023-04-30
22217,PA,2025-01-13
22218,IN,2024-01-07
22219,CA,2023-08-21
22220,FL,2023-10-14
22221,TX,2025-01-07
22222,MN,2024-03-27
22223,NC,2024-10-18
22224,IL,2025-11-28
22225,OR,2025-08-22
22226,MN,2024-01-07
22227,MA,2024-07-02
22228,MA,2025-09-29
22229,GA,2024-04-20
22230,WA,2023-07-30
22231,CA,2024-02-09
22232,MN,2024-08-26
22233,NY,2024-09-03
22234,CA,2024-08-03
22235,OH,2026-02-27
22236,VA,2023-01-25
22237,FL,2024-09-18
22238,NJ,2026-01-18
22239,IL,2023-12-07
22240,TX,2023-07-31
22241,NY,2025-07-02
22242,CA,2024-08-10
22243,CA,2023-10-23
22244,CA,2026-01-16
22245,TX,2025-10-06
22246,OH,2024-03-02
22247,FL,2025-08-23
22248,NJ,2025-07-01
22249,NY,2023-02-24
22250,GA,2025-02-03
22251,TX,2025-05-30
22252,MD,2025-04-16
22253,HI,2024-07-15
22254,TN,2024-12-25
22255,NJ,2023-01-04
22256,TX,2023-12-30
22257,AR,2025-01-22
22258,NY,2025-10-19
22259,TX,2024-03-01
22260,NY,2024-02-03
22261,CA,2025-08-11
22262,PA,2023-10-31
22263,PA,2025-04-19
22264,WA,2023-04-14
22265,IL,2023-12-30
22266,MO,2026-01-10
22267,CA,2024-07-20
22268,NY,2025-03-10
22269,TX,2024-11-06
22270,OH,2026-01-13
22271,TX,2024-01-03
22272,AL,2024-12-25
22273,MD,2024-12-15
22274,NY,2025-04-04
22275,MI,2023-04-02
22276,MA,2024-09-15
22277,FL,2023-06-18
22278,NE,2024-01-22
22279,UT,2023-04-11
22280,VA,2025-10-05
22281,NC,2023-07-12
22282,IN,2025-05-19
22283,AZ,2024-12-19
22284,NC,2025-08-20
22285,PA,2025-09-01
22286,GA,2023-08-16
22287,CA,2023-12-27
22288,PA,2023-02-12
22289,TX,2023-06-30
22290,NY,2024-05-25
22291,AZ,2024-04-06
22292,WA,2023-10-13
22293,MA,2025-11-26
22294,CA,2026-01-11
22295,MI,2025-07-21
22296,OR,2023-09-14
22297,UT,2024-06-05
22298,OH,2025-01-19
22299,TX,2025-11-15
22300,AZ,2024-10-18
22301,AZ,2023-11-16
22302,CA,2025-01-03
22303,TX,2024-02-15
22304,CA,2024-04-03
22305,IN,2023-12-05
22306,NY,2023-08-16
22307,MN,2024-01-01
22308,CA,2024-03-09
22309,PA,2025-05-07
22310,VA,2024-03-24
22311,MA,2024-05-21
22312,IN,2023-03-03
22313,MD,2023-07-06
22314,NH,2025-06-10
22315,CO,2025-04-30
22316,MA,2024-08-30
22317,NY,2023-09-11
22318,NJ,2024-08-01
22319,WA,2023-11-10
22320,HI,2025-10-02
22321,FL,2024-03-06
22322,TX,2023-08-10
22323,FL,2026-01-31
22324,NY,2023-11-14
22325,NC,2025-01-29
22326,TX,2025-02-04
22327,NC,2024-12-27
22328,AZ,2023-03-13
22329,CA,2025-09-16
22330,TX,2024-03-31
22331,FL,2026-01-03
22332,IL,2024-09-01
22333,ND,2024-08-19
22334,MI,2025-04-16
22335,TX,2025-07-27
22336,CA,2025-06-08
22337,AZ,2025-02-23
22338,CO,2024-06-01
22339,MI,2025-04-22
22340,CA,2023-02-07
22341,FL,2023-11-15
22342,OH,2024-10-01
22343,VA,2023-05-20
22344,CA,2025-07-06
22345,MA,2024-03-02
22346,TX,2025-05-04
22347,CA,2023-08-03
22348,TX,2024-10-06
22349,AZ,2024-06-24
22350,HI,2025-05-25
22351,CA,2024-01-24
22352,LA,2023-06-01
22353,CA,2026-01-31
22354,NY,2025-01-16
22355,NM,2023-05-13
22356,PA,2025-01-11
22357,MN,2025-11-24
22358,VT,2024-08-14
22359,GA,2025-05-16
22360,PA,2025-01-23
22361,NY,2023-12-10
22362,WA,2024-04-28
22363,KY,2024-01-23
22364,WA,2024-06-28
22365,WV,2025-05-08
22366,MI,2025-07-06
22367,NY,2024-11-29
22368,IL,2025-10-31
22369,NY,2024-08-03
22370,UT,2023-05-11
22371,FL,2024-01-01
22372,WI,2024-02-25
22373,MA,2024-02-28
22374,WA,2023-06-11
22375,TX,2023-04-05
22376,NE,2025-04-14
22377,NM,2026-02-13
22378,NY,2023-08-09
22379,FL,2024-04-07
22380,IL,2025-07-19
22381,MN,2024-11-11
22382,KS,2024-10-18
22383,CO,2023-10-13
22384,CA,2025-03-30
22385,MA,2024-03-31
22386,FL,2025-07-07
22387,PA,2023-10-02
22388,CA,2023-02-06
22389,NC,2024-03-18
22390,VA,2025-05-24
22391,TX,2025-11-25
22392,TX,2023-03-09
22393,UT,2023-12-26
22394,NJ,2026-02-18
22395,TX,2024-12-17
22396,CT,2025-08-05
22397,OR,2024-04-26
22398,UT,2023-10-16
22399,NE,2023-03-31
22400,TX,2023-07-31
22401,WI,2024-07-28
22402,MA,2025-12-31
22403,MN,2025-04-27
22404,UT,2023-10-17
22405,OH,2024-01-02
22406,CT,2023-01-27
22407,CA,2024-02-24
22408,CA,2025-06-18
22409,FL,2025-03-15
22410,IN,2024-09-03
22411,FL,2024-04-16
22412,NJ,2024-01-04
22413,LA,2024-02-14
22414,FL,2025-11-14
22415,KS,2023-06-10
22416,CA,2024-11-08
22417,NC,2023-01-13
22418,FL,2023-03-29
22419,TX,2024-03-14
22420,MA,2024-02-25
22421,WA,2025-10-27
22422,CA,2024-05-14
22423,NY,2023-09-03
22424,FL,2023-12-12
22425,MA,2024-04-24
22426,NY,2026-01-22
22427,VA,2025-06-16
22428,MA,2024-06-03
22429,TX,2024-03-05
22430,CA,2023-06-19
22431,WA,2023-04-29
22432,FL,2025-01-27
22433,PA,2023-03-04
22434,IL,2026-02-14
22435,NY,2023-04-19
22436,WA,2025-01-15
22437,CA,2024-12-17
22438,NC,2024-02-21
22439,PA,2025-06-10
22440,NC,2024-12-10
22441,WA,2024-09-09
22442,MA,2023-09-09
22443,OR,2025-01-07
22444,NY,2024-05-18
22445,CA,2023-06-03
22446,MN,2023-08-12
22447,GA,2024-08-20
22448,MI,2025-04-25
22449,SD,2024-11-14
22450,NJ,2023-06-09
22451,FL,2025-12-10
22452,MA,2023-06-21
22453,TX,2025-09-07
22454,NY,2023-11-28
22455,CO,2023-03-07
22456,MA,2023-09-28
22457,CA,2025-12-20
22458,CA,2024-11-19
22459,NY,2024-09-20
22460,FL,2025-09-28
22461,NY,2023-09-16
22462,MN,2023-11-27
22463,NY,2025-02-21
22464,NJ,2023-09-24
22465,CA,2025-03-04
22466,CA,2025-10-27
22467,CA,2025-05-09
22468,PA,2024-03-14
22469,CO,2024-07-04
22470,MO,2023-01-04
22471,CA,2024-11-08
22472,CO,2023-11-03
22473,CA,2024-04-06
22474,NE,2026-02-10
22475,TX,2023-04-27
22476,VA,2024-07-16
22477,CA,2025-08-29
22478,PA,2025-11-04
22479,OR,2023-07-20
22480,MD,2023-05-04
22481,CA,2023-06-05
22482,CA,2024-02-13
22483,CO,2024-04-10
22484,CA,2025-01-23
22485,IL,2025-02-10
22486,NY,2025-04-16
22487,PA,2025-09-30
22488,NH,2025-01-19
22489,NJ,2024-01-29
22490,FL,2023-02-19
22491,MN,2024-12-25
22492,FL,2023-05-24
22493,NY,2023-06-15
22494,NJ,2025-12-26
22495,TX,2025-11-09
22496,TX,2024-09-14
22497,FL,2023-03-10
22498,GA,2024-03-29
22499,TX,2023-01-25
22500,FL,2023-11-06
22501,NJ,2023-01-12
22502,UT,2024-07-30
22503,IL,2024-11-24
22504,TX,2023-08-22
22505,OR,2025-04-14
22506,CA,2025-07-05
22507,IL,2024-08-13
22508,AZ,2025-04-28
22509,MA,2024-09-04
22510,MA,2023-06-01
22511,WY,2023-08-04
22512,TX,2024-10-20
22513,TN,2023-11-06
22514,NY,2023-05-29
22515,IL,2023-12-03
22516,NV,2024-05-21
22517,NJ,2025-08-28
22518,FL,2025-10-02
22519,MI,2024-03-09
22520,TN,2023-07-23
22521,WA,2024-04-08
22522,PA,2025-08-31
22523,MD,2023-11-23
22524,CO,2023-05-29
22525,ID,2023-02-04
22526,NY,2023-01-01
22527,MO,2024-04-12
22528,NM,2024-08-26
22529,KY,2024-04-10
22530,CA,2024-03-26
22531,FL,2024-08-25
22532,IL,2023-03-11
22533,IL,2023-09-14
22534,MA,2025-05-16
22535,AZ,2025-10-17
22536,FL,2023-04-02
22537,LA,2024-08-16
22538,GA,2024-01-07
22539,FL,2025-06-11
22540,TX,2023-04-09
22541,NC,2024-05-24
22542,NY,2025-09-12
22543,TX,2025-08-26
22544,NE,2025-08-19
22545,TN,2023-09-03
22546,GA,2025-03-11
22547,MA,2023-10-06
22548,IN,2025-02-12
22549,NC,2025-05-02
22550,WA,2024-03-06
22551,FL,2024-03-17
22552,KS,2023-09-22
22553,CA,2024-05-29
22554,CA,2024-03-20
22555,UT,2023-08-11
22556,OK,2025-01-31
22557,TX,2023-07-11
22558,SC,2024-07-11
22559,OR,2025-03-17
22560,NJ,2023-09-26
22561,MT,2025-11-30
22562,NY,2024-10-12
22563,GA,2023-02-10
22564,AL,2024-03-08
22565,NY,2025-03-13
22566,CO,2025-07-19
22567,NY,2023-11-19
22568,IN,2025-06-18
22569,CT,2026-01-22
22570,NY,2025-05-13
22571,NY,2025-05-30
22572,GA,2023-12-06
22573,MA,2024-02-24
22574,NH,2024-07-21
22575,GA,2025-01-12
22576,GA,2023-09-17
22577,MD,2025-01-01
22578,CO,2024-11-10
22579,NY,2024-11-13
22580,WA,2025-10-07
22581,OH,2025-06-14
22582,MA,2025-07-20
22583,TX,2024-04-25
22584,IL,2023-10-18
22585,AZ,2025-03-11
22586,WA,2024-10-08
22587,MA,2023-04-15
22588,MI,2023-07-09
22589,IN,2024-01-12
22590,CA,2024-11-13
22591,MI,2025-11-07
22592,WA,2023-09-16
22593,UT,2025-04-06
22594,NC,2024-01-07
22595,VA,2025-09-13
22596,IL,2025-04-11
22597,SC,2025-08-26
22598,TX,2024-08-15
22599,IN,2023-03-01
22600,CA,2023-04-15
22601,NC,2025-05-26
22602,CA,2025-12-05
22603,FL,2024-10-05
22604,MD,2023-09-24
22605,MN,2025-08-13
22606,FL,2026-02-03
22607,AK,2023-10-07
22608,MN,2024-06-08
22609,MI,2025-05-13
22610,GA,2023-01-26
22611,OH,2024-07-05
22612,OR,2025-03-08
22613,TX,2025-12-23
22614,MO,2023-04-21
22615,NY,2026-01-16
22616,MA,2024-02-26
22617,IN,2025-06-23
22618,PA,2024-12-26
22619,CA,2026-02-25
22620,AR,2023-10-21
22621,PA,2025-03-14
22622,OR,2026-02-19
22623,FL,2024-01-19
22624,TN,2023-10-10
22625,CO,2025-02-02
22626,KS,2025-08-24
22627,NC,2023-07-13
22628,MA,2025-04-21
22629,MI,2024-09-10
22630,GA,2025-10-16
22631,NJ,2023-07-25
22632,CA,2024-09-30
22633,NY,2023-03-05
22634,UT,2025-11-06
22635,PA,2026-02-02
22636,AR,2023-08-16
22637,NJ,2024-12-02
22638,MA,2024-01-30
22639,FL,2025-01-02
22640,WA,2023-10-25
22641,CA,2025-10-17
22642,TX,2025-01-30
22643,CA,2024-12-02
22644,OK,2024-06-07
22645,WA,2024-07-06
22646,OH,2023-05-06
22647,RI,2023-08-14
22648,SD,2024-12-22
22649,GA,2023-11-29
22650,MA,2023-11-26
22651,WI,2025-06-28
22652,TX,2023-06-20
22653,FL,2025-07-04
22654,WA,2023-01-01
22655,NY,2025-05-25
22656,NJ,2025-05-10
22657,TX,2023-08-29
22658,WA,2024-08-06
22659,GA,2024-08-23
22660,CA,2023-01-20
22661,MD,2024-04-17
22662,NY,2023-05-21
22663,CA,2024-11-17
22664,CA,2023-02-19
22665,NJ,2024-01-26
22666,PA,2025-12-14
22667,CA,2025-12-10
22668,IA,2024-05-04
22669,WA,2023-09-27
22670,CA,2023-12-28
22671,ME,2023-05-25
22672,MD,2024-08-11
22673,VA,2026-02-26
22674,MI,2024-01-10
22675,FL,2025-10-21
22676,WA,2024-06-21
22677,FL,2025-11-23
22678,OK,2023-11-14
22679,NY,2024-08-07
22680,TX,2024-07-16
22681,MO,2024-07-06
22682,WI,2023-11-07
22683,NC,2025-07-12
22684,MA,2023-04-04
22685,GA,2023-07-08
22686,NY,2024-10-08
22687,MO,2023-07-23
22688,NY,2023-02-23
22689,WA,2025-08-29
22690,FL,2023-04-04
22691,WA,2023-11-10
22692,UT,2023-12-26
22693,NC,2023-06-17
22694,NY,2025-09-08
22695,MI,2024-02-02
22696,UT,2024-06-20
22697,WI,2024-01-29
22698,TX,2023-02-17
22699,AZ,2024-12-01
22700,NY,2023-02-22
22701,FL,2023-08-29
22702,GA,2025-06-23
22703,GA,2025-11-16
22704,MD,2025-12-18
22705,OH,2025-08-18
22706,CA,2025-12-16
22707,MD,2024-03-25
22708,MA,2026-02-03
22709,WA,2024-03-08
22710,CA,2025-04-26
22711,FL,2025-08-23
22712,GA,2025-05-15
22713,IL,2023-07-01
22714,TX,2023-07-02
22715,CA,2026-01-23
22716,NY,2023-06-05
22717,DE,2023-04-07
22718,SD,2025-07-25
22719,CO,2025-02-27
22720,CA,2023-08-26
22721,MN,2023-01-13
22722,WI,2025-05-07
22723,OH,2023-07-01
22724,CA,2025-02-01
22725,NV,2025-03-03
22726,MN,2023-06-26
22727,NY,2025-05-21
22728,FL,2025-07-20
22729,FL,2024-08-05
22730,WA,2025-06-05
22731,TX,2025-05-30
22732,LA,2023-03-10
22733,CA,2023-11-04
22734,PA,2025-09-17
22735,CA,2024-11-21
22736,WA,2023-02-22
22737,PA,2023-08-04
22738,WY,2024-12-14
22739,NC,2023-02-07
22740,WA,2025-10-05
22741,MA,2023-01-31
22742,OH,2024-01-28
22743,VA,2025-03-10
22744,NY,2024-02-29
22745,CO,2025-10-25
22746,NY,2024-11-21
22747,CA,2025-12-13
22748,MN,2025-02-18
22749,ID,2023-07-19
22750,FL,2025-02-14
22751,CA,2023-08-14
22752,SC,2024-04-15
22753,CA,2023-01-18
22754,IL,2024-09-20
22755,IL,2023-01-10
22756,WA,2025-11-28
22757,LA,2023-02-10
22758,NY,2024-09-11
22759,CA,2023-02-13
22760,PA,2023-07-16
22761,IL,2023-10-26
22762,CO,2023-07-28
22763,IL,2024-04-03
22764,GA,2025-05-28
22765,NJ,2025-02-27
22766,TN,2024-05-29
22767,FL,2024-01-18
22768,MI,2024-07-01
22769,UT,2024-05-21
22770,WA,2023-11-26
22771,DE,2025-10-03
22772,MA,2024-05-02
22773,PA,2025-03-24
22774,OR,2024-04-26
22775,CA,2024-04-16
22776,NJ,2025-10-16
22777,AZ,2025-10-19
22778,FL,2024-03-09
22779,CA,2023-01-16
22780,ND,2025-09-09
22781,OH,2024-09-11
22782,AZ,2024-11-19
22783,LA,2023-03-06
22784,MD,2024-07-28
22785,TX,2025-03-30
22786,OH,2023-03-14
22787,WA,2023-07-23
22788,OR,2023-09-11
22789,CA,2024-09-04
22790,AZ,2023-07-14
22791,AL,2023-09-08
22792,NY,2024-07-03
22793,CA,2025-08-12
22794,MA,2023-11-06
22795,CA,2024-10-14
22796,TX,2024-03-16
22797,NJ,2023-10-02
22798,MA,2024-06-22
22799,NY,2025-01-12
22800,OR,2023-01-13
22801,CA,2024-09-01
22802,NY,2023-07-11
22803,FL,2024-11-28
22804,TX,2023-01-19
22805,MT,2023-12-05
22806,CA,2025-02-09
22807,NY,2024-08-01
22808,NY,2023-01-26
22809,NE,2025-10-26
22810,NY,2025-11-16
22811,VA,2023-04-15
22812,OR,2025-02-22
22813,OR,2023-10-30
22814,AR,2025-11-01
22815,AL,2026-01-05
22816,NE,2025-11-07
22817,MA,2024-10-03
22818,NY,2023-06-23
22819,IL,2026-01-15
22820,VA,2024-03-24
22821,KY,2023-02-23
22822,OR,2023-03-19
22823,SC,2024-03-14
22824,ID,2025-02-20
22825,WA,2023-06-21
22826,TX,2024-07-03
22827,TX,2023-12-27
22828,NC,2023-08-24
22829,PA,2024-03-08
22830,NY,2025-11-05
22831,GA,2025-01-07
22832,CA,2025-04-29
22833,CA,2024-09-18
22834,MD,2023-09-04
22835,MO,2024-07-02
22836,OH,2025-08-22
22837,GA,2023-06-16
22838,TX,2023-12-19
22839,NY,2024-12-03
22840,TX,2026-01-27
22841,NY,2026-02-15
22842,TX,2023-12-19
22843,WA,2024-07-27
22844,PA,2025-11-28
22845,PA,2023-11-19
22846,OR,2025-08-15
22847,GA,2023-01-29
22848,NY,2025-01-08
22849,IL,2024-06-26
22850,IL,2024-07-21
22851,NJ,2025-05-18
22852,ND,2024-11-28
22853,VA,2023-07-18
22854,FL,2024-11-13
22855,VA,2023-07-01
22856,OR,2023-05-10
22857,FL,2023-05-11
22858,WA,2024-10-15
22859,IL,2025-10-25
22860,CT,2025-04-28
22861,NY,2023-06-16
22862,TX,2024-01-20
22863,MI,2026-01-20
22864,IL,2025-01-11
22865,CT,2023-07-06
22866,FL,2024-07-11
22867,WA,2023-04-25
22868,FL,2025-10-15
22869,NY,2025-05-07
22870,CA,2025-08-31
22871,OR,2023-08-27
22872,OH,2023-11-05
22873,TX,2023-01-16
22874,WY,2023-03-03
22875,FL,2024-12-06
22876,MD,2023-10-19
22877,FL,2025-01-16
22878,WA,2025-03-02
22879,NY,2023-08-29
22880,ME,2025-07-13
22881,CA,2026-02-26
22882,MA,2025-08-10
22883,NV,2026-02-20
22884,MN,2024-06-10
22885,WA,2025-01-11
22886,TX,2023-06-25
22887,NC,2025-03-14
22888,MN,2025-01-27
22889,TN,2025-12-12
22890,CA,2023-12-01
22891,OR,2025-06-17
22892,NC,2024-10-20
22893,NY,2023-10-20
22894,GA,2024-03-18
22895,NY,2024-08-22
22896,LA,2025-02-04
22897,NC,2025-03-13
22898,VA,2025-06-30
22899,TX,2023-03-12
22900,WA,2025-07-19
22901,OR,2025-10-28
22902,WA,2025-08-13
22903,IL,2025-02-18
22904,VA,2025-10-16
22905,MA,2025-05-27
22906,TX,2023-12-02
22907,NC,2024-09-18
22908,OR,2024-02-23
22909,CA,2023-08-25
22910,AK,2024-05-20
22911,CO,2025-09-07
22912,PA,2024-02-03
22913,FL,2024-09-02
22914,OR,2025-08-12
22915,OR,2023-01-02
22916,GA,2023-01-16
22917,CA,2023-10-06
22918,WA,2024-01-05
22919,LA,2025-08-20
22920,CO,2025-06-05
22921,OR,2024-01-13
22922,MD,2025-12-14
22923,WA,2023-07-27
22924,TX,2023-05-12
22925,WI,2023-06-27
22926,TX,2025-01-23
22927,CA,2024-03-12
22928,NJ,2025-08-20
22929,FL,2024-11-09
22930,PA,2024-06-08
22931,AZ,2023-03-12
22932,NC,2023-02-23
22933,NM,2023-01-13
22934,NM,2023-03-21
22935,MT,2024-04-20
22936,CO,2025-12-19
22937,NY,2025-12-06
22938,NC,2024-12-14
22939,NJ,2025-11-25
22940,TX,2023-10-13
22941,MA,2025-08-01
22942,NY,2023-08-16
22943,WA,2023-06-20
22944,TX,2024-06-07
22945,IA,2023-10-25
22946,VA,2024-04-01
22947,NY,2024-04-22
22948,DE,2023-09-29
22949,NY,2024-04-05
22950,GA,2026-01-27
22951,WA,2024-03-09
22952,PA,2024-09-18
22953,GA,2025-03-06
22954,NY,2024-09-12
22955,WA,2024-01-31
22956,NY,2025-05-09
22957,NY,2025-07-18
22958,IL,2024-01-22
22959,CA,2024-06-17
22960,NY,2023-08-02
22961,IL,2024-02-01
22962,AZ,2023-02-13
22963,UT,2024-08-14
22964,PA,2024-01-01
22965,TX,2023-06-23
22966,OH,2023-09-30
22967,PA,2024-05-04
22968,NY,2026-01-24
22969,WA,2024-08-24
22970,RI,2025-12-30
22971,MD,2024-09-03
22972,VA,2023-11-23
22973,CO,2023-12-13
22974,IL,2023-06-15
22975,KS,2025-05-29
22976,CO,2025-01-21
22977,FL,2023-12-10
22978,FL,2023-03-02
22979,NH,2023-12-30
22980,CA,2025-07-13
22981,NY,2025-10-20
22982,WI,2023-02-03
22983,CA,2024-02-09
22984,PA,2025-06-15
22985,OR,2023-05-18
22986,NC,2023-01-28
22987,FL,2023-04-16
22988,VA,2023-06-06
22989,KS,2026-02-04
22990,NY,2023-07-15
22991,AZ,2025-10-05
22992,GA,2023-07-21
22993,NY,2023-04-19
22994,OH,2024-06-26
22995,FL,2023-02-10
22996,MD,2025-12-23
22997,NY,2025-06-08
22998,TX,2024-11-12
22999,OR,2025-03-22
23000,NY,2024-02-19
23001,NC,2024-01-07
23002,TX,2025-03-14
23003,RI,2023-12-30
23004,TX,2024-04-15
23005,CT,2024-05-14
23006,NC,2025-10-02
23007,NY,2024-02-27
23008,TX,2024-08-01
23009,OR,2024-02-07
23010,NY,2024-05-08
23011,MI,2024-05-06
23012,CA,2025-07-13
23013,MA,2025-08-03
23014,RI,2024-06-14
23015,FL,2025-07-29
23016,MT,2023-04-23
23017,WA,2023-12-10
23018,CA,2023-12-24
23019,NY,2023-05-06
23020,NC,2023-03-23
23021,WA,2023-09-09
23022,IL,2024-01-17
23023,LA,2024-12-17
23024,NY,2026-01-27
23025,SC,2024-03-27
23026,NY,2024-08-17
23027,IL,2023-01-24
23028,TX,2023-12-19
23029,CO,2023-03-14
23030,FL,2024-11-25
23031,FL,2024-05-29
23032,DE,2025-02-09
23033,OR,2025-11-19
23034,IL,2024-10-19
23035,NH,2025-07-27
23036,MO,2025-04-13
23037,WA,2025-11-16
23038,NC,2024-09-13
23039,NY,2023-01-19
23040,CO,2024-06-11
23041,UT,2025-03-04
23042,NY,2024-06-25
23043,CA,2024-09-08
23044,PA,2025-12-01
23045,FL,2023-06-14
23046,FL,2025-03-19
23047,TX,2025-05-13
23048,OR,2026-01-22
23049,MN,2026-01-16
23050,WA,2025-12-13
23051,CO,2024-01-07
23052,CA,2023-12-31
23053,WI,2025-11-26
23054,VA,2023-04-29
23055,CO,2024-02-13
23056,FL,2023-12-29
23057,NJ,2025-08-15
23058,NC,2023-11-19
23059,IL,2025-01-27
23060,CA,2025-08-01
23061,GA,2024-03-23
23062,VA,2026-02-27
23063,IL,2024-12-04
23064,SD,2024-12-09
23065,TX,2025-09-05
23066,TX,2023-12-08
23067,PA,2024-04-19
23068,WI,2023-10-18
23069,SD,2023-06-21
23070,WV,2023-10-28
23071,FL,2023-05-29
23072,MA,2024-10-21
23073,MN,2026-01-23
23074,MT,2024-11-28
23075,WA,2025-08-24
23076,OR,2024-02-21
23077,GA,2023-09-14
23078,FL,2024-05-29
23079,WA,2024-11-09
23080,UT,2025-06-30
23081,WA,2023-07-24
23082,CA,2024-11-20
23083,NC,2023-12-10
23084,WA,2024-04-09
23085,TX,2023-01-29
23086,CA,2023-04-15
23087,CA,2023-11-30
23088,NC,2025-12-28
23089,IL,2023-04-17
23090,IN,2023-04-12
23091,TX,2024-07-05
23092,TX,2023-05-17
23093,MN,2024-05-04
23094,OH,2023-03-08
23095,TX,2023-10-05
23096,WA,2023-07-31
23097,FL,2024-09-19
23098,NY,2024-10-09
23099,CA,2023-12-31
23100,NV,2024-11-08
23101,TX,2025-05-12
23102,IA,2024-01-30
23103,MA,2024-07-08
23104,VA,2025-03-13
23105,NY,2024-02-28
23106,ID,2024-02-20
23107,PA,2025-08-02
23108,NY,2023-12-12
23109,WA,2024-11-27
23110,FL,2024-07-30
23111,TX,2025-03-26
23112,WA,2023-06-29
23113,OH,2023-08-02
23114,UT,2024-03-13
23115,FL,2023-06-02
23116,NC,2025-05-21
23117,TX,2025-07-29
23118,GA,2026-02-20
23119,NY,2024-08-28
23120,VA,2025-01-21
23121,PA,2025-08-11
23122,NY,2025-02-26
23123,DE,2023-06-01
23124,CA,2025-06-12
23125,TX,2025-06-27
23126,CO,2024-03-31
23127,GA,2023-11-30
23128,CA,2024-04-07
23129,HI,2025-11-15
23130,CA,2025-03-16
23131,WA,2024-03-14
23132,WA,2023-04-07
23133,HI,2024-01-29
23134,NY,2023-09-24
23135,OR,2026-02-20
23136,MA,2025-04-09
23137,NY,2025-11-30
23138,MD,2023-05-01
23139,MI,2024-02-29
23140,MT,2023-01-04
23141,FL,2024-10-04
23142,CA,2025-10-19
23143,KY,2025-03-29
23144,NJ,2023-07-02
23145,FL,2026-02-04
23146,TX,2024-05-13
23147,MN,2023-03-13
23148,TX,2023-03-11
23149,CA,2024-08-03
23150,CA,2023-05-03
23151,NY,2024-01-27
23152,NY,2025-07-03
23153,AK,2024-01-03
23154,CA,2024-04-02
23155,CO,2023-07-02
23156,MD,2025-12-31
23157,AZ,2024-05-26
23158,MA,2025-10-28
23159,WA,2025-12-31
23160,MN,2024-12-24
23161,FL,2023-02-15
23162,WA,2024-08-15
23163,IL,2025-07-28
23164,FL,2025-02-11
23165,FL,2024-04-26
23166,NY,2024-10-16
23167,MN,2023-08-25
23168,CA,2025-09-17
23169,OR,2024-11-17
23170,TX,2023-03-05
23171,AZ,2023-10-06
23172,NY,2023-02-19
23173,OH,2023-08-03
23174,NY,2023-02-05
23175,ID,2024-03-06
23176,FL,2024-05-19
23177,TX,2023-09-06
23178,FL,2025-01-03
23179,WA,2025-03-15
23180,NY,2024-04-12
23181,MO,2025-01-30
23182,TX,2024-05-24
23183,TX,2024-12-26
23184,FL,2025-03-20
23185,CA,2026-01-22
23186,FL,2023-06-15
23187,MI,2025-12-15
23188,FL,2025-04-25
23189,CO,2026-01-10
23190,CT,2025-10-08
23191,PA,2024-06-29
23192,WA,2023-03-04
23193,FL,2024-12-02
23194,FL,2024-07-08
23195,WI,2024-08-29
23196,FL,2023-05-28
23197,FL,2023-11-04
23198,FL,2023-04-08
23199,AZ,2025-12-01
23200,MN,2023-11-12
23201,MD,2025-01-23
23202,NY,2026-02-01
23203,NJ,2024-08-12
23204,OH,2025-11-21
23205,OH,2025-07-22
23206,MD,2024-11-09
23207,MA,2025-11-19
23208,VA,2024-11-11
23209,AL,2025-05-20
23210,IN,2024-01-28
23211,IL,2025-11-21
23212,SC,2024-11-26
23213,NY,2025-08-29
23214,CT,2025-07-07
23215,CA,2025-04-28
23216,CA,2025-08-05
23217,SC,2026-01-04
23218,LA,2025-09-08
23219,OR,2024-02-11
23220,IN,2023-10-01
23221,WA,2025-01-10
23222,NY,2024-07-02
23223,FL,2023-03-02
23224,MN,2026-02-28
23225,CA,2024-05-27
23226,PA,2025-12-19
23227,OK,2025-06-20
23228,FL,2024-01-15
23229,OR,2023-12-13
23230,TX,2024-02-03
23231,NJ,2023-01-07
23232,CA,2025-07-17
23233,MI,2025-08-12
23234,FL,2025-11-09
23235,WA,2023-11-23
23236,CO,2024-10-15
23237,IL,2023-05-23
23238,NV,2024-01-29
23239,CA,2024-04-27
23240,CA,2025-09-13
23241,CA,2024-05-05
23242,WI,2025-08-08
23243,NY,2024-02-16
23244,PA,2023-12-20
23245,CA,2024-03-07
23246,CA,2023-01-03
23247,MA,2025-08-13
23248,MD,2023-05-11
23249,NY,2026-01-03
23250,AZ,2025-10-20
23251,IL,2023-06-09
23252,WA,2023-01-17
23253,NY,2023-12-22
23254,CO,2025-11-21
23255,CA,2025-06-07
23256,NC,2024-04-27
23257,CO,2024-09-01
23258,TX,2025-02-11
23259,NY,2025-05-06
23260,GA,2025-03-06
23261,NY,2025-08-19
23262,FL,2025-03-12
23263,IL,2023-12-08
23264,NJ,2024-02-10
23265,MA,2024-07-13
23266,NC,2024-07-30
23267,NY,2023-08-09
23268,WA,2023-05-27
23269,MA,2025-09-27
23270,MD,2024-05-05
23271,NC,2023-12-19
23272,CA,2025-10-07
23273,FL,2023-03-22
23274,CA,2025-05-19
23275,OR,2024-12-05
23276,TX,2024-03-09
23277,NY,2026-02-20
23278,CA,2025-01-09
23279,WI,2024-05-24
23280,VA,2024-08-16
23281,SC,2025-07-01
23282,CA,2024-04-24
23283,FL,2025-01-24
23284,TX,2024-12-27
23285,OH,2023-12-12
23286,CA,2025-08-12
23287,TX,2023-04-15
23288,FL,2025-02-26
23289,ND,2025-03-05
23290,CO,2024-01-28
23291,ID,2023-07-15
23292,IA,2024-02-26
23293,IL,2025-05-30
23294,CO,2023-08-06
23295,MA,2023-06-02
23296,IN,2023-02-06
23297,WA,2024-11-20
23298,MI,2024-12-12
23299,NC,2023-11-06
23300,PA,2023-09-07
23301,WA,2025-07-30
23302,PA,2025-01-09
23303,UT,2024-09-16
23304,CA,2023-04-02
23305,FL,2026-02-25
23306,NY,2024-07-28
23307,CA,2024-04-28
23308,CO,2025-04-13
23309,IL,2023-10-29
23310,NY,2024-05-02
23311,AZ,2024-04-28
23312,CA,2024-10-09
23313,CA,2024-07-04
23314,CA,2024-04-07
23315,WA,2023-10-30
23316,NJ,2024-02-22
23317,FL,2023-03-09
23318,TX,2023-02-26
23319,TX,2023-07-20
23320,IN,2024-08-21
23321,GA,2025-04-09
23322,TX,2025-11-28
23323,NE,2026-02-11
23324,TX,2023-05-15
23325,PA,2025-05-12
23326,NY,2025-02-12
23327,CA,2025-08-07
23328,OR,2026-02-20
23329,NY,2024-08-17
23330,NY,2023-08-01
23331,ID,2025-02-25
23332,WA,2024-05-16
23333,MN,2023-06-20
23334,NJ,2024-02-24
23335,MI,2026-01-25
23336,NY,2025-04-03
23337,IL,2023-01-21
23338,NC,2023-10-17
23339,ID,2024-09-13
23340,CA,2026-01-10
23341,TX,2023-04-17
23342,CA,2024-11-19
23343,TX,2025-08-02
23344,NC,2023-10-13
23345,WI,2024-09-12
23346,NY,2025-02-21
23347,MA,2024-12-28
23348,MO,2025-04-07
23349,NY,2023-05-12
23350,TX,2023-12-05
23351,AK,2023-08-09
23352,CA,2025-02-20
23353,NY,2025-04-28
23354,AL,2023-03-18
23355,NC,2024-08-27
23356,NY,2024-08-14
23357,TX,2023-02-19
23358,GA,2025-01-17
23359,CO,2023-11-28
23360,NJ,2026-01-23
23361,MA,2024-11-08
23362,NY,2025-09-22
23363,LA,2025-08-15
23364,OR,2023-11-17
23365,NE,2026-01-18
23366,OR,2024-06-12
23367,OR,2025-05-17
23368,FL,2025-01-10
23369,VA,2024-12-16
23370,PA,2024-03-08
23371,CA,2025-09-28
23372,CO,2024-01-15
23373,WA,2023-09-14
23374,MA,2024-02-01
23375,OH,2025-02-27
23376,CT,2023-09-14
23377,NY,2025-08-30
23378,NY,2023-06-08
23379,MI,2025-04-08
23380,NY,2025-09-09
23381,OH,2023-07-22
23382,PA,2024-11-18
23383,GA,2023-03-23
23384,IN,2025-11-14
23385,CT,2025-07-18
23386,NY,2023-01-18
23387,WA,2025-08-18
23388,NC,2025-06-05
23389,PA,2026-02-13
23390,NY,2023-01-21
23391,PA,2025-09-23
23392,VA,2024-09-29
23393,NY,2025-07-25
23394,MA,2025-01-05
23395,CA,2024-09-24
23396,CA,2024-10-01
23397,IL,2024-03-21
23398,ME,2023-10-14
23399,NY,2025-05-17
23400,TX,2024-10-26
23401,MO,2023-07-19
23402,AL,2025-02-23
23403,CT,2023-05-28
23404,AK,2024-01-02
23405,CA,2023-08-09
23406,AR,2023-08-16
23407,TX,2023-11-02
23408,MA,2023-06-28
23409,NY,2025-08-25
23410,CA,2024-02-21
23411,OR,2024-09-01
23412,CA,2024-09-19
23413,TX,2023-05-03
23414,NC,2023-10-12
23415,LA,2024-12-07
23416,TX,2023-01-03
23417,CA,2025-01-29
23418,OR,2023-09-19
23419,PA,2023-11-28
23420,FL,2025-08-22
23421,CA,2023-09-18
23422,OH,2025-10-23
23423,MA,2025-02-10
23424,CO,2024-03-22
23425,NY,2025-02-11
23426,NJ,2024-04-23
23427,WA,2024-07-22
23428,KS,2025-05-16
23429,NY,2024-08-17
23430,NV,2024-03-15
23431,CA,2023-07-19
23432,TN,2024-10-29
23433,SC,2025-07-22
23434,TX,2023-10-06
23435,FL,2023-10-21
23436,CO,2023-07-24
23437,ID,2025-05-26
23438,NY,2023-03-26
23439,NY,2023-10-20
23440,FL,2024-01-25
23441,NY,2024-02-15
23442,ID,2024-05-23
23443,MN,2024-09-09
23444,ME,2025-12-16
23445,VA,2023-04-02
23446,WA,2025-02-22
23447,FL,2024-07-24
23448,OH,2025-02-09
23449,CT,2023-07-12
23450,CA,2026-02-14
23451,WA,2024-12-07
23452,DE,2024-10-31
23453,AL,2025-06-22
23454,NY,2025-11-25
23455,TX,2024-09-15
23456,NY,2025-01-10
23457,NC,2023-07-16
23458,MA,2023-10-17
23459,PA,2025-02-04
23460,CO,2025-12-01
23461,NY,2025-10-07
23462,GA,2023-03-29
23463,VT,2023-06-25
23464,GA,2025-07-15
23465,FL,2023-10-05
23466,GA,2024-02-28
23467,GA,2023-02-02
23468,IL,2025-11-17
23469,PA,2023-07-28
23470,GA,2024-08-24
23471,OH,2023-09-05
23472,FL,2025-04-26
23473,IL,2025-02-28
23474,CT,2023-01-18
23475,PA,2023-08-01
23476,NV,2024-05-28
23477,WA,2026-01-22
23478,MA,2025-05-06
23479,NY,2025-07-10
23480,NY,2025-03-17
23481,MA,2025-11-06
23482,UT,2024-06-11
23483,IL,2023-06-26
23484,OH,2026-02-28
23485,OH,2023-10-25
23486,MA,2025-12-22
23487,CA,2025-09-24
23488,WA,2025-03-07
23489,NY,2026-02-27
23490,TX,2023-12-29
23491,MD,2024-09-07
23492,CA,2023-09-25
23493,PA,2024-05-14
23494,WV,2025-07-02
23495,CA,2023-08-05
23496,WA,2024-10-07
23497,FL,2025-10-01
23498,FL,2024-06-29
23499,PA,2024-12-23
23500,ID,2025-08-25
23501,NY,2024-11-23
23502,TX,2025-02-22
23503,FL,2025-07-10
23504,OH,2025-10-17
23505,VA,2023-01-27
23506,CA,2026-02-09
23507,TX,2023-09-19
23508,TX,2024-10-08
23509,MN,2024-11-19
23510,IL,2024-06-05
23511,NY,2026-02-07
23512,UT,2024-09-15
23513,MA,2023-09-24
23514,NY,2025-02-16
23515,NY,2024-10-29
23516,ME,2023-02-23
23517,UT,2025-02-12
23518,IL,2024-01-30
23519,MA,2024-05-26
23520,OH,2025-03-11
23521,NY,2023-11-21
23522,WA,2023-04-06
23523,SC,2023-06-23
23524,OH,2023-12-10
23525,NC,2023-07-24
23526,FL,2023-02-24
23527,VA,2024-12-10
23528,FL,2023-08-14
23529,PA,2023-10-29
23530,IN,2023-08-08
23531,WA,2025-09-30
23532,HI,2024-03-03
23533,NE,2023-05-21
23534,FL,2024-03-30
23535,WA,2023-05-25
23536,CO,2025-08-26
23537,FL,2024-06-09
23538,NY,2023-06-07
23539,MD,2023-04-15
23540,WA,2025-01-11
23541,MA,2025-06-08
23542,IL,2023-10-16
23543,AZ,2024-09-23
23544,LA,2025-11-20
23545,AZ,2023-10-06
23546,NY,2025-08-05
23547,CA,2023-08-13
23548,CA,2023-03-25
23549,OR,2023-04-02
23550,NJ,2023-01-08
23551,TX,2025-12-13
23552,VA,2024-04-23
23553,WA,2023-04-18
23554,OH,2023-08-25
23555,LA,2025-09-08
23556,MD,2024-06-12
23557,KY,2024-09-20
23558,MA,2025-09-18
23559,OR,2025-12-10
23560,MA,2023-02-23
23561,TX,2025-01-18
23562,IL,2026-02-10
23563,CA,2024-03-02
23564,FL,2024-05-12
23565,FL,2023-12-12
23566,OR,2024-05-25
23567,NY,2024-03-16
23568,NE,2025-07-10
23569,PA,2024-12-22
23570,GA,2023-08-16
23571,NC,2025-09-23
23572,NC,2024-09-01
23573,CA,2025-04-07
23574,MA,2026-01-18
23575,TX,2025-02-28
23576,NY,2024-01-31
23577,NY,2026-01-03
23578,FL,2025-04-07
23579,AL,2025-08-14
23580,WV,2024-07-18
23581,MT,2023-06-05
23582,CA,2025-03-02
23583,NV,2024-05-17
23584,NC,2025-02-19
23585,FL,2023-11-30
23586,IL,2024-05-05
23587,FL,2023-11-24
23588,MI,2023-01-01
23589,TX,2024-09-18
23590,PA,2023-07-06
23591,NY,2023-09-26
23592,FL,2023-05-03
23593,AR,2024-07-05
23594,IL,2024-08-10
23595,PA,2023-12-02
23596,WA,2024-01-25
23597,PA,2023-10-31
23598,MN,2025-07-02
23599,FL,2025-04-28
23600,PA,2025-08-29
23601,NY,2023-08-14
23602,MD,2024-05-27
23603,OK,2025-10-06
23604,FL,2023-01-29
23605,VA,2024-08-26
23606,NE,2025-08-22
23607,NY,2025-09-07
23608,WA,2024-09-06
23609,WA,2025-10-03
23610,TX,2025-10-09
23611,NY,2024-12-25
23612,FL,2024-04-16
23613,CA,2024-11-19
23614,CA,2023-11-11
23615,MN,2025-06-27
23616,NM,2024-07-10
23617,AZ,2025-07-30
23618,TX,2023-10-06
23619,NY,2025-04-19
23620,UT,2024-01-02
23621,AZ,2023-11-27
23622,GA,2024-02-01
23623,AZ,2025-02-26
23624,NJ,2024-01-20
23625,MD,2024-07-11
23626,HI,2025-11-19
23627,FL,2023-09-20
23628,TX,2024-02-12
23629,UT,2026-01-23
23630,WA,2025-08-01
23631,TX,2025-09-16
23632,NE,2025-12-02
23633,IL,2025-04-26
23634,WA,2025-11-25
23635,MD,2026-02-26
23636,NY,2025-12-03
23637,NY,2025-12-20
23638,MD,2025-05-24
23639,TX,2026-02-18
23640,CA,2024-05-11
23641,NY,2023-06-07
23642,NY,2023-09-28
23643,OR,2023-11-09
23644,MA,2026-02-14
23645,CT,2023-12-11
23646,TX,2023-04-27
23647,TN,2025-10-17
23648,MA,2023-06-23
23649,NY,2025-01-18
23650,PA,2023-06-04
23651,NY,2024-08-17
23652,TX,2023-11-06
23653,CA,2023-08-22
23654,ND,2023-06-11
23655,FL,2024-11-21
23656,NY,2023-10-19
23657,LA,2023-05-07
23658,IL,2024-11-23
23659,GA,2024-08-24
23660,NE,2026-01-22
23661,TX,2026-01-17
23662,OH,2024-01-23
23663,CA,2025-02-18
23664,NV,2023-09-06
23665,OR,2023-06-30
23666,CO,2025-12-20
23667,NY,2024-11-26
23668,CA,2023-10-08
23669,WA,2026-02-09
23670,CA,2023-10-24
23671,WA,2024-11-21
23672,CA,2024-07-15
23673,FL,2026-02-14
23674,CA,2025-11-16
23675,CO,2023-11-07
23676,OR,2025-05-24
23677,KY,2024-01-25
23678,IL,2023-01-06
23679,CA,2024-12-03
23680,AZ,2025-10-07
23681,FL,2024-06-13
23682,MD,2023-06-08
23683,PA,2025-08-09
23684,LA,2023-08-18
23685,CO,2024-11-22
23686,NC,2023-05-13
23687,MA,2025-08-06
23688,IL,2023-06-08
23689,IL,2024-06-16
23690,VA,2024-11-11
23691,TX,2023-10-22
23692,LA,2025-07-25
23693,OH,2025-03-31
23694,TX,2023-10-08
23695,OH,2025-12-23
23696,CA,2023-12-25
23697,CA,2025-10-09
23698,OR,2026-01-20
23699,CA,2025-04-26
23700,WA,2024-10-09
23701,MD,2023-01-01
23702,CA,2023-11-11
23703,NY,2024-04-25
23704,TX,2024-10-15
23705,SD,2025-04-27
23706,WA,2025-02-27
23707,MA,2023-11-10
23708,ND,2023-05-19
23709,IL,2024-05-12
23710,TX,2023-05-01
23711,GA,2024-04-09
23712,AR,2025-09-16
23713,MA,2025-06-28
23714,MN,2023-12-30
23715,OR,2023-06-10
23716,TX,2024-10-25
23717,NY,2025-08-24
23718,FL,2024-07-03
23719,CA,2025-12-09
23720,MO,2025-01-16
23721,CA,2023-03-30
23722,NC,2025-06-11
23723,GA,2024-12-21
23724,MI,2024-01-21
23725,NY,2024-10-15
23726,FL,2023-12-03
23727,MA,2024-08-12
23728,NY,2024-03-10
23729,MN,2025-12-03
23730,AZ,2024-05-01
23731,AZ,2023-04-19
23732,GA,2024-11-30
23733,PA,2025-12-29
23734,CO,2024-06-26
23735,NC,2025-03-15
23736,IN,2024-11-13
23737,CA,2026-02-06
23738,PA,2024-08-31
23739,OR,2025-04-18
23740,ID,2024-07-03
23741,TX,2023-09-21
23742,MO,2023-10-17
23743,WA,2023-05-25
23744,WA,2024-06-12
23745,CA,2023-04-04
23746,GA,2023-12-04
23747,NY,2025-09-25
23748,CO,2025-12-20
23749,TN,2023-03-19
23750,CA,2023-04-09
23751,CO,2024-10-07
23752,WA,2025-03-19
23753,AZ,2025-09-02
23754,CO,2023-11-01
23755,NE,2025-05-25
23756,TN,2023-12-22
23757,CA,2025-02-11
23758,CA,2025-02-17
23759,TX,2023-02-09
23760,NJ,2024-04-20
23761,FL,2026-02-11
23762,AZ,2024-11-09
23763,WA,2025-04-17
23764,NJ,2024-06-15
23765,MI,2023-08-18
23766,NY,2025-09-11
23767,NC,2025-02-19
23768,WA,2023-03-17
23769,CO,2023-09-22
23770,WA,2023-11-11
23771,NM,2024-09-19
23772,FL,2025-09-18
23773,MI,2023-03-23
23774,NY,2023-08-18
23775,OH,2024-10-07
23776,NJ,2023-10-25
23777,GA,2023-10-08
23778,WA,2024-04-12
23779,PA,2024-06-13
23780,AZ,2024-02-12
23781,MA,2025-09-01
23782,CA,2023-08-11
23783,NY,2025-02-07
23784,NJ,2025-11-04
23785,NY,2024-11-24
23786,TX,2024-06-29
23787,CO,2025-10-22
23788,NY,2023-05-31
23789,MA,2026-02-07
23790,WI,2024-09-09
23791,ME,2025-02-05
23792,MA,2023-01-14
23793,SC,2024-10-17
23794,VA,2025-07-16
23795,MS,2023-07-26
23796,IL,2024-09-10
23797,NY,2025-01-04
23798,GA,2025-02-18
23799,CA,2026-01-03
23800,SC,2025-12-02
23801,FL,2024-03-06
23802,CA,2025-03-05
23803,FL,2023-02-25
23804,MI,2023-07-27
23805,MI,2025-01-08
23806,FL,2023-04-14
23807,AZ,2024-04-08
23808,GA,2024-04-14
23809,IL,2024-08-02
23810,TX,2023-09-07
23811,FL,2025-09-18
23812,MA,2024-08-25
23813,IL,2025-02-21
23814,AZ,2024-02-07
23815,PA,2023-01-26
23816,WA,2024-12-19
23817,MA,2025-07-29
23818,NC,2023-01-10
23819,MI,2024-09-05
23820,OR,2025-04-27
23821,IL,2023-08-09
23822,IL,2024-06-27
23823,NC,2023-04-06
23824,WA,2025-02-18
23825,CA,2024-09-06
23826,CA,2025-04-21
23827,MN,2025-11-26
23828,TX,2025-05-29
23829,TX,2023-05-11
23830,ME,2023-04-08
23831,NY,2025-11-25
23832,IL,2025-08-27
23833,ME,2025-08-12
23834,NJ,2024-11-24
23835,IN,2023-01-28
23836,CA,2025-06-23
23837,CA,2024-10-30
23838,MA,2024-06-05
23839,CA,2025-07-11
23840,WA,2023-04-19
23841,NY,2025-04-09
23842,CA,2024-08-30
23843,IN,2024-10-19
23844,CO,2023-07-29
23845,CA,2023-12-08
23846,NY,2025-12-08
23847,NY,2024-10-27
23848,CA,2025-02-11
23849,CA,2023-11-25
23850,NY,2024-07-09
23851,NY,2026-02-18
23852,OR,2023-09-05
23853,TN,2025-11-09
23854,WA,2024-11-26
23855,NH,2024-05-17
23856,NC,2023-12-30
23857,NC,2024-05-03
23858,PA,2025-03-22
23859,NE,2024-10-26
23860,NV,2025-11-06
23861,TX,2023-02-08
23862,NY,2024-10-26
23863,AL,2025-05-16
23864,MT,2023-10-22
23865,TX,2023-02-08
23866,TN,2023-07-06
23867,OH,2025-01-19
23868,MA,2025-08-19
23869,NY,2025-02-22
23870,FL,2023-11-05
23871,MA,2023-12-28
23872,TX,2024-04-06
23873,VA,2024-10-30
23874,MI,2024-12-06
23875,KY,2025-02-16
23876,NY,2023-01-02
23877,NE,2024-10-14
23878,UT,2023-07-01
23879,WA,2023-01-02
23880,WI,2025-09-03
23881,PA,2023-11-03
23882,GA,2025-05-25
23883,CA,2023-02-18
23884,NC,2025-09-22
23885,MI,2024-01-15
23886,MA,2025-03-01
23887,WI,2025-03-01
23888,MA,2024-05-18
23889,NY,2025-02-22
23890,CA,2024-07-09
23891,TN,2024-07-25
23892,MN,2023-04-19
23893,FL,2023-03-06
23894,IN,2026-01-26
23895,OR,2026-02-26
23896,PA,2023-09-25
23897,IN,2023-03-28
23898,OR,2024-03-25
23899,WA,2025-07-17
23900,IL,2025-01-10
23901,CO,2024-04-15
23902,GA,2025-02-03
23903,IL,2023-04-20
23904,GA,2023-10-21
23905,FL,2023-08-03
23906,MI,2025-08-17
23907,MA,2026-01-21
23908,NJ,2024-11-11
23909,CA,2025-11-17
23910,CA,2023-09-23
23911,GA,2025-06-14
23912,MA,2025-09-20
23913,MD,2023-10-12
23914,MA,2025-12-22
23915,PA,2024-08-21
23916,CA,2025-07-02
23917,CO,2024-10-28
23918,NY,2023-01-20
23919,FL,2023-02-19
23920,CT,2023-03-08
23921,NM,2023-12-31
23922,MA,2025-07-01
23923,MI,2026-01-27
23924,MD,2024-10-22
23925,TX,2025-09-03
23926,CA,2025-03-26
23927,CA,2023-01-28
23928,AL,2024-04-10
23929,IL,2023-09-23
23930,PA,2025-02-08
23931,SC,2025-09-19
23932,PA,2023-09-14
23933,NY,2025-05-07
23934,NY,2023-03-14
23935,NE,2025-11-02
23936,PA,2024-08-05
23937,GA,2025-10-21
23938,AR,2024-04-27
23939,GA,2023-07-14
23940,OH,2024-02-07
23941,WA,2023-01-04
23942,TX,2025-02-03
23943,CT,2024-06-25
23944,WA,2025-03-14
23945,TX,2023-04-16
23946,NJ,2023-05-02
23947,CA,2025-08-12
23948,FL,2024-12-08
23949,WA,2025-09-09
23950,NC,2024-12-15
23951,NC,2025-02-10
23952,LA,2025-12-12
23953,MI,2026-02-21
23954,NJ,2026-01-16
23955,IA,2023-11-06
23956,MO,2025-05-01
23957,AZ,2024-07-10
23958,AL,2025-07-01
23959,MN,2024-11-28
23960,MO,2023-01-13
23961,CO,2023-07-28
23962,CO,2024-03-10
23963,NV,2025-12-11
23964,TX,2025-04-29
23965,LA,2023-04-17
23966,CT,2024-09-15
23967,FL,2023-04-30
23968,AL,2023-03-08
23969,FL,2025-09-13
23970,NY,2023-03-23
23971,SC,2024-12-14
23972,MT,2023-04-24
23973,OH,2025-01-29
23974,NY,2024-03-29
23975,FL,2025-08-17
23976,GA,2023-08-20
23977,WA,2025-02-11
23978,NY,2024-07-15
23979,MN,2023-11-12
23980,AZ,2024-04-19
23981,MN,2025-05-25
23982,NY,2024-01-06
23983,NY,2025-09-19
23984,CA,2023-09-15
23985,TX,2024-12-23
23986,AZ,2024-03-04
23987,CA,2025-10-30
23988,CA,2024-11-07
23989,MN,2024-10-24
23990,FL,2024-02-29
23991,MD,2024-09-21
23992,CA,2023-05-14
23993,MD,2025-08-18
23994,FL,2023-01-18
23995,IL,2024-01-03
23996,TX,2023-06-17
23997,WI,2023-01-17
23998,NM,2025-06-27
23999,CA,2024-06-26
24000,AL,2024-12-27
24001,WA,2023-11-02
24002,FL,2024-01-14
24003,CA,2023-12-06
24004,CT,2023-05-31
24005,MA,2025-12-04
24006,FL,2023-07-26
24007,MD,2023-05-19
24008,MA,2025-04-25
24009,VT,2024-01-19
24010,UT,2024-12-26
24011,CA,2024-11-04
24012,CA,2025-09-18
24013,MN,2023-07-22
24014,NY,2023-01-10
24015,OR,2023-12-16
24016,TX,2026-01-04
24017,FL,2025-01-07
24018,WA,2023-08-05
24019,PA,2023-01-04
24020,NY,2024-08-28
24021,CA,2025-11-27
24022,OH,2024-08-10
24023,WA,2026-01-17
24024,FL,2025-04-01
24025,FL,2025-04-09
24026,IL,2023-10-02
24027,PA,2024-08-28
24028,CA,2025-10-07
24029,CA,2023-04-10
24030,MN,2025-10-24
24031,TX,2024-02-16
24032,NY,2024-08-12
24033,CT,2024-12-10
24034,FL,2023-11-22
24035,CA,2025-08-30
24036,WA,2025-10-21
24037,CA,2024-08-22
24038,UT,2023-01-10
24039,WA,2024-01-10
24040,TX,2024-10-07
24041,AK,2026-02-07
24042,TX,2026-02-22
24043,CA,2024-10-13
24044,WY,2023-04-13
24045,IL,2025-12-29
24046,MS,2025-06-03
24047,MN,2025-07-05
24048,OH,2023-04-20
24049,MN,2023-08-12
24050,TX,2023-08-12
24051,MA,2025-01-20
24052,WA,2024-09-22
24053,CA,2025-04-22
24054,TX,2023-08-02
24055,TX,2023-09-13
24056,OR,2024-10-28
24057,AZ,2025-10-16
24058,NC,2025-12-01
24059,NC,2025-11-18
24060,AZ,2024-11-25
24061,NY,2024-07-14
24062,PA,2023-11-23
24063,CA,2025-04-22
24064,CA,2025-12-13
24065,NJ,2024-02-21
24066,WA,2025-10-18
24067,MN,2025-06-21
24068,MA,2023-10-07
24069,FL,2025-12-14
24070,VA,2023-08-11
24071,NY,2023-04-18
24072,VT,2024-12-18
24073,IL,2024-11-14
24074,VA,2024-08-24
24075,CA,2025-08-18
24076,MA,2025-10-26
24077,CO,2024-05-21
24078,IA,2025-05-24
24079,MA,2023-09-25
24080,WA,2023-07-12
24081,IL,2025-01-25
24082,MD,2025-01-29
24083,CA,2023-03-11
24084,FL,2025-11-19
24085,NY,2026-02-16
24086,VA,2024-05-24
24087,CA,2025-01-03
24088,TN,2024-04-04
24089,FL,2024-04-02
24090,TX,2024-07-20
24091,TX,2023-02-08
24092,CA,2025-08-27
24093,MD,2023-09-19
24094,GA,2023-07-03
24095,FL,2024-06-03
24096,CA,2025-09-06
24097,CA,2025-04-02
24098,CO,2025-05-22
24099,VA,2024-01-21
24100,NY,2024-07-29
24101,GA,2023-09-10
24102,FL,2025-10-31
24103,MI,2024-08-22
24104,MA,2023-07-30
24105,NH,2023-12-26
24106,FL,2023-03-09
24107,IN,2024-03-02
24108,CA,2023-01-09
24109,GA,2024-06-20
24110,CO,2025-12-25
24111,TX,2024-11-25
24112,NY,2025-03-11
24113,HI,2023-01-22
24114,CA,2025-12-01
24115,CT,2023-06-04
24116,MN,2025-03-20
24117,ME,2023-03-19
24118,MA,2023-04-14
24119,CO,2023-10-05
24120,FL,2024-12-19
24121,MD,2025-02-01
24122,FL,2023-02-26
24123,HI,2023-12-05
24124,NY,2023-10-01
24125,OR,2025-06-26
24126,FL,2024-03-08
24127,GA,2024-09-01
24128,DE,2024-01-26
24129,TX,2023-06-23
24130,PA,2025-09-04
24131,ID,2023-09-29
24132,NY,2023-11-04
24133,AL,2024-08-17
24134,MN,2024-07-09
24135,RI,2023-07-26
24136,CA,2026-02-14
24137,PA,2023-01-05
24138,CA,2024-05-13
24139,NJ,2026-01-18
24140,PA,2025-11-17
24141,CA,2025-08-07
24142,CA,2023-03-12
24143,CA,2023-01-30
24144,WA,2025-03-31
24145,FL,2024-11-01
24146,CA,2025-09-20
24147,IL,2023-11-19
24148,AL,2024-01-05
24149,NC,2025-10-02
24150,NY,2023-08-02
24151,TX,2024-10-27
24152,CO,2026-01-11
24153,WA,2024-02-09
24154,FL,2024-09-04
24155,FL,2025-10-30
24156,NJ,2023-10-08
24157,CA,2026-01-18
24158,CA,2023-05-09
24159,IL,2023-11-05
24160,GA,2024-04-29
24161,FL,2026-02-04
24162,FL,2025-08-31
24163,MO,2025-10-19
24164,TX,2025-03-02
24165,OR,2023-10-10
24166,KY,2026-02-04
24167,NY,2023-06-04
24168,WA,2025-03-17
24169,TX,2024-08-18
24170,KY,2025-05-19
24171,CA,2026-01-04
24172,TX,2023-09-18
24173,TX,2025-02-22
24174,CO,2025-09-10
24175,AZ,2023-08-09
24176,FL,2024-11-23
24177,CA,2024-02-02
24178,MA,2024-12-14
24179,KS,2025-03-07
24180,IL,2024-02-16
24181,MO,2024-09-21
24182,WI,2024-09-20
24183,AK,2024-02-05
24184,GA,2024-12-09
24185,FL,2023-06-23
24186,FL,2023-10-28
24187,AL,2023-04-13
24188,CA,2024-06-04
24189,TX,2025-10-25
24190,MN,2023-06-27
24191,MA,2023-01-27
24192,PA,2026-02-12
24193,NY,2024-01-13
24194,CA,2023-04-07
24195,WI,2024-11-08
24196,FL,2024-01-23
24197,TX,2025-09-29
24198,LA,2023-06-13
24199,TX,2025-08-02
24200,MO,2024-11-11
24201,NY,2025-09-28
24202,WI,2023-06-07
24203,NE,2024-02-02
24204,NH,2025-03-23
24205,WA,2025-08-20
24206,NY,2023-12-15
24207,IL,2025-02-22
24208,NY,2024-01-29
24209,WA,2025-08-05
24210,NY,2023-02-19
24211,IL,2025-04-22
24212,NY,2026-01-03
24213,WA,2024-05-15
24214,NY,2025-01-11
24215,FL,2023-07-07
24216,OK,2025-08-03
24217,MN,2023-05-09
24218,CA,2023-04-07
24219,CA,2023-12-31
24220,TX,2024-05-15
24221,CO,2025-07-07
24222,NY,2023-06-26
24223,NJ,2025-10-04
24224,FL,2024-09-20
24225,MI,2025-08-27
24226,TX,2023-09-30
24227,UT,2024-02-03
24228,NY,2024-02-15
24229,MA,2025-02-15
24230,CA,2025-12-23
24231,TX,2023-12-07
24232,MA,2024-05-19
24233,PA,2025-05-10
24234,TX,2025-01-06
24235,FL,2024-09-20
24236,MN,2023-09-07
24237,OH,2025-12-29
24238,LA,2024-05-26
24239,MD,2023-12-11
24240,IL,2024-06-30
24241,CA,2024-07-09
24242,FL,2025-09-13
24243,IL,2025-05-21
24244,AZ,2024-04-04
24245,DE,2026-02-04
24246,CA,2025-06-04
24247,GA,2025-01-10
24248,CA,2025-02-02
24249,VA,2024-05-02
24250,CA,2025-12-03
24251,IN,2024-05-16
24252,PA,2025-07-09
24253,IL,2023-02-18
24254,CA,2023-03-01
24255,AL,2024-07-30
24256,MI,2026-02-11
24257,NC,2023-12-15
24258,MN,2024-02-02
24259,OR,2024-11-04
24260,OR,2024-11-06
24261,CA,2023-01-15
24262,NC,2024-07-02
24263,UT,2023-05-18
24264,FL,2025-03-28
24265,IL,2025-07-19
24266,NY,2024-09-09
24267,CA,2023-03-22
24268,NY,2023-10-30
24269,FL,2026-02-10
24270,IL,2025-10-18
24271,IL,2024-02-13
24272,NY,2024-12-20
24273,MA,2023-12-31
24274,NY,2025-10-11
24275,NY,2023-08-29
24276,PA,2023-03-30
24277,WA,2023-09-02
24278,FL,2026-01-27
24279,CA,2024-07-24
24280,WA,2026-01-01
24281,WA,2024-09-15
24282,OH,2025-08-10
24283,MS,2023-07-30
24284,FL,2024-06-17
24285,NY,2025-07-29
24286,GA,2026-01-11
24287,UT,2023-01-12
24288,KY,2024-05-31
24289,TX,2025-03-04
24290,WA,2026-02-13
24291,NY,2023-12-13
24292,WA,2023-01-20
24293,KY,2023-05-16
24294,TX,2024-03-21
24295,CA,2023-06-22
24296,CA,2024-12-05
24297,MA,2024-05-31
24298,AZ,2023-06-08
24299,NC,2024-05-26
24300,IL,2023-01-04
24301,WA,2025-03-15
24302,IL,2025-01-15
24303,WV,2023-04-14
24304,PA,2024-01-08
24305,NY,2023-10-09
24306,NY,2025-01-12
24307,CO,2023-10-10
24308,OR,2023-08-23
24309,NE,2023-12-04
24310,UT,2024-03-31
24311,CA,2024-12-25
24312,MD,2024-02-14
24313,AZ,2024-07-11
24314,IN,2024-04-06
24315,MN,2023-07-10
24316,CA,2023-06-06
24317,CA,2025-06-12
24318,CA,2025-05-11
24319,WA,2026-02-25
24320,TX,2025-11-13
24321,MD,2025-07-19
24322,NC,2026-02-22
24323,PA,2026-01-29
24324,FL,2023-02-20
24325,CA,2024-10-22
24326,CA,2026-02-02
24327,ME,2023-02-04
24328,PA,2024-03-03
24329,TX,2023-12-05
24330,OH,2024-12-20
24331,IN,2024-05-20
24332,OH,2023-03-21
24333,IL,2025-11-20
24334,TX,2023-08-13
24335,NY,2023-06-29
24336,FL,2024-02-23
24337,IL,2024-10-17
24338,NJ,2025-01-11
24339,NC,2023-11-10
24340,CA,2025-12-23
24341,NY,2023-11-04
24342,OR,2023-02-09
24343,MA,2023-12-27
24344,KS,2025-09-07
24345,CA,2025-06-18
24346,MA,2025-11-19
24347,CT,2025-07-18
24348,GA,2024-12-26
24349,ME,2025-01-02
24350,MA,2025-08-18
24351,MN,2024-09-07
24352,TX,2024-05-12
24353,FL,2023-07-17
24354,WA,2023-02-02
24355,NY,2023-11-30
24356,GA,2023-08-22
24357,SC,2024-06-13
24358,NC,2025-06-05
24359,NE,2025-03-29
24360,TX,2025-08-10
24361,TX,2025-01-13
24362,TX,2024-03-03
24363,PA,2025-10-01
24364,MD,2024-07-23
24365,OH,2023-05-31
24366,MD,2025-05-27
24367,WY,2023-12-11
24368,TX,2025-07-22
24369,NC,2024-09-12
24370,WI,2023-05-30
24371,TX,2025-01-14
24372,IL,2023-09-24
24373,NY,2023-05-11
24374,FL,2023-05-27
24375,OH,2024-08-25
24376,KY,2025-06-21
24377,VA,2024-01-10
24378,OH,2024-05-18
24379,OH,2025-10-31
24380,NY,2025-10-08
24381,NC,2023-03-12
24382,WA,2023-09-18
24383,NC,2024-11-26
24384,AR,2025-05-10
24385,PA,2023-08-22
24386,ME,2025-11-04
24387,NY,2024-09-08
24388,FL,2024-04-27
24389,NM,2025-11-09
24390,MI,2025-01-29
24391,MI,2024-04-16
24392,WA,2023-06-11
24393,MI,2024-09-30
24394,FL,2025-11-23
24395,IL,2026-02-12
24396,MA,2024-12-31
24397,GA,2025-01-23
24398,PA,2025-11-10
24399,NE,2025-01-06
24400,CA,2023-06-16
24401,KY,2023-06-21
24402,SC,2025-04-02
24403,MO,2023-07-18
24404,NJ,2023-02-19
24405,MA,2023-11-26
24406,VT,2023-10-21
24407,OK,2023-10-07
24408,NC,2023-12-30
24409,LA,2024-07-24
24410,CO,2023-06-03
24411,FL,2025-09-19
24412,MN,2025-08-03
24413,TX,2024-11-28
24414,NY,2023-09-29
24415,MD,2024-03-18
24416,CA,2024-05-27
24417,TX,2025-03-19
24418,CT,2024-02-16
24419,SC,2025-11-04
24420,MN,2023-03-21
24421,MN,2024-11-16
24422,NY,2024-06-27
24423,PA,2023-03-30
24424,FL,2025-08-28
24425,NY,2023-09-11
24426,TX,2025-01-15
24427,NJ,2023-05-19
24428,NY,2024-12-10
24429,CA,2023-11-02
24430,SC,2023-06-21
24431,GA,2024-06-09
24432,CA,2023-11-24
24433,IN,2023-06-02
24434,CA,2024-12-08
24435,CA,2024-08-29
24436,CA,2025-05-02
24437,CA,2023-11-07
24438,ID,2024-08-12
24439,IL,2025-01-01
24440,IL,2024-02-13
24441,VA,2024-12-19
24442,TX,2023-07-03
24443,LA,2024-09-18
24444,NY,2026-02-21
24445,TX,2023-08-26
24446,NY,2024-02-10
24447,MA,2024-07-16
24448,WA,2024-08-04
24449,TX,2023-03-28
24450,AR,2026-01-03
24451,CA,2025-02-28
24452,NY,2025-01-14
24453,FL,2024-01-05
24454,MN,2025-06-18
24455,NM,2023-02-13
24456,MA,2024-04-10
24457,CA,2025-07-01
24458,TX,2024-04-17
24459,CA,2025-09-15
24460,WA,2023-06-22
24461,NM,2023-08-24
24462,IL,2025-12-05
24463,AK,2023-08-21
24464,CA,2024-02-21
24465,WY,2023-09-23
24466,CA,2023-07-09
24467,LA,2023-12-23
24468,NY,2023-05-19
24469,WA,2024-06-30
24470,AR,2025-06-03
24471,IL,2023-03-14
24472,GA,2023-06-12
24473,IL,2023-08-11
24474,TX,2023-07-04
24475,GA,2023-04-05
24476,MO,2024-11-14
24477,NJ,2025-09-02
24478,TX,2024-10-15
24479,AL,2024-05-11
24480,TN,2023-03-02
24481,KY,2025-05-10
24482,CA,2023-03-13
24483,CA,2024-04-26
24484,NY,2023-04-25
24485,MA,2025-06-29
24486,NM,2024-07-07
24487,VA,2024-07-01
24488,CA,2023-05-20
24489,TX,2024-02-11
24490,AZ,2024-05-04
24491,WA,2025-06-15
24492,CA,2023-07-24
24493,DE,2023-10-22
24494,CT,2025-05-10
24495,MD,2024-08-04
24496,ME,2024-11-01
24497,MA,2025-06-23
24498,PA,2023-01-18
24499,CA,2025-01-05
24500,MN,2024-09-12
24501,TX,2024-10-04
24502,PA,2024-06-25
24503,FL,2023-07-17
24504,AR,2023-04-01
24505,WA,2025-10-22
24506,CA,2025-02-26
24507,TX,2025-09-03
24508,NY,2024-08-31
24509,GA,2024-04-09
24510,NC,2025-02-15
24511,MI,2025-10-24
24512,NY,2024-07-05
24513,NE,2025-06-27
24514,IL,2023-08-29
24515,MI,2025-03-19
24516,NM,2025-06-14
24517,NC,2025-10-04
24518,TX,2025-12-20
24519,GA,2025-12-21
24520,PA,2025-02-05
24521,CA,2023-02-12
24522,WA,2025-05-24
24523,IN,2024-02-17
24524,AZ,2026-01-08
24525,CA,2024-01-18
24526,NH,2023-06-14
24527,UT,2024-12-09
24528,MD,2023-10-29
24529,MI,2025-02-12
24530,MI,2025-12-07
24531,WA,2026-02-24
24532,IL,2024-01-03
24533,NY,2024-10-09
24534,WA,2025-11-21
24535,MN,2024-05-21
24536,WA,2024-09-04
24537,SC,2023-03-18
24538,LA,2024-12-07
24539,WA,2023-03-09
24540,PA,2025-11-17
24541,SC,2025-07-24
24542,KY,2024-02-04
24543,CT,2023-02-26
24544,CO,2024-07-20
24545,NC,2026-01-11
24546,NC,2024-09-09
24547,CA,2023-12-08
24548,AR,2024-02-27
24549,FL,2024-03-14
24550,FL,2024-02-18
24551,NC,2025-05-21
24552,CA,2023-05-13
24553,WA,2024-03-04
24554,CA,2024-12-04
24555,MN,2023-09-25
24556,NY,2023-04-17
24557,FL,2023-03-07
24558,NV,2025-10-03
24559,IN,2025-12-11
24560,CA,2024-12-11
24561,CA,2023-10-15
24562,GA,2023-08-20
24563,MA,2024-01-25
24564,OH,2025-11-11
24565,WA,2024-12-29
24566,WA,2024-11-17
24567,MA,2025-06-27
24568,WA,2024-06-04
24569,OR,2023-12-28
24570,VA,2023-02-28
24571,CA,2024-04-29
24572,TX,2026-01-29
24573,MS,2025-03-08
24574,FL,2023-12-06
24575,CA,2024-04-30
24576,IN,2024-11-19
24577,OH,2025-11-05
24578,MA,2023-05-01
24579,TX,2023-11-26
24580,AZ,2023-03-25
24581,UT,2025-01-14
24582,CA,2024-01-21
24583,IL,2023-11-19
24584,WA,2024-03-23
24585,AR,2025-06-22
24586,NJ,2023-03-14
24587,CA,2023-09-12
24588,CA,2025-05-09
24589,OH,2025-07-05
24590,TN,2025-10-19
24591,MA,2025-05-14
24592,CA,2025-06-18
24593,NY,2025-09-11
24594,MA,2025-04-09
24595,TX,2024-08-30
24596,TN,2024-08-10
24597,PA,2023-01-02
24598,FL,2024-01-18
24599,FL,2024-11-20
24600,MA,2026-02-09
24601,PA,2023-07-23
24602,VT,2023-01-26
24603,AL,2023-04-18
24604,NY,2025-05-17
24605,KY,2023-10-01
24606,CT,2023-01-17
24607,TX,2023-10-25
24608,FL,2024-08-15
24609,DE,2025-05-25
24610,PA,2025-11-16
24611,NY,2023-07-02
24612,KS,2024-11-05
24613,NV,2024-03-24
24614,FL,2024-08-10
24615,CA,2024-02-24
24616,OH,2023-08-28
24617,PA,2024-05-26
24618,CA,2025-03-14
24619,MD,2024-03-14
24620,CT,2025-02-10
24621,CA,2025-10-17
24622,UT,2024-06-06
24623,CA,2024-07-24
24624,PA,2024-12-14
24625,NY,2023-04-23
24626,TX,2024-02-09
24627,MD,2023-08-24
24628,MA,2025-10-26
24629,NY,2026-02-11
24630,ME,2023-12-31
24631,MA,2025-04-26
24632,IA,2025-04-29
24633,VA,2023-02-21
24634,WA,2023-10-27
24635,TX,2025-05-12
24636,IN,2025-12-21
24637,NY,2023-03-25
24638,IL,2025-10-15
24639,IL,2025-07-12
24640,WA,2025-06-08
24641,NY,2025-07-03
24642,PA,2024-05-17
24643,AR,2024-11-24
24644,NY,2023-04-09
24645,ND,2025-06-28
24646,WA,2025-02-01
24647,TX,2023-11-11
24648,CO,2023-09-04
24649,VA,2023-09-22
24650,NY,2024-02-29
24651,MA,2025-03-05
24652,SD,2025-12-17
24653,NC,2023-11-20
24654,OR,2025-03-02
24655,CA,2025-04-27
24656,NC,2023-03-03
24657,CA,2024-08-15
24658,WA,2025-08-20
24659,TX,2025-05-18
24660,TX,2024-05-29
24661,CA,2025-01-17
24662,RI,2023-02-20
24663,CA,2024-09-08
24664,GA,2023-04-09
24665,WA,2023-11-19
24666,NJ,2024-08-14
24667,NY,2024-02-08
24668,TX,2023-06-04
24669,WA,2024-06-25
24670,TX,2023-05-26
24671,MN,2025-07-14
24672,GA,2025-05-13
24673,TX,2024-12-02
24674,TX,2025-02-27
24675,WA,2023-09-14
24676,TX,2024-12-15
24677,WA,2024-03-14
24678,TX,2024-06-20
24679,TX,2023-06-24
24680,FL,2024-12-13
24681,MD,2024-05-05
24682,PA,2024-08-27
24683,ME,2024-07-15
24684,WA,2023-08-07
24685,WA,2025-10-17
24686,KY,2023-02-26
24687,OH,2025-01-12
24688,TX,2023-12-04
24689,AL,2024-12-19
24690,NV,2025-09-16
24691,CA,2025-07-12
24692,PA,2023-10-29
24693,TX,2025-10-09
24694,OR,2023-09-04
24695,WA,2023-01-16
24696,NY,2023-07-30
24697,OR,2025-03-27
24698,WA,2025-11-11
24699,NY,2024-09-09
24700,MA,2023-04-29
24701,TX,2024-05-20
24702,MD,2024-03-12
24703,OH,2025-03-13
24704,IL,2026-02-02
24705,WA,2023-04-13
24706,CO,2024-12-05
24707,TX,2025-04-04
24708,MA,2025-12-06
24709,TX,2023-10-31
24710,MI,2023-06-16
24711,FL,2024-05-08
24712,UT,2023-03-28
24713,CA,2023-04-30
24714,AR,2025-08-03
24715,TX,2023-12-19
24716,CA,2023-12-16
24717,NC,2025-10-14
24718,FL,2025-02-08
24719,WA,2025-11-15
24720,FL,2023-11-18
24721,MA,2023-10-23
24722,CA,2023-05-11
24723,CA,2023-01-17
24724,NY,2025-02-08
24725,NY,2025-07-24
24726,TX,2025-07-10
24727,LA,2023-07-04
24728,TX,2025-12-08
24729,CA,2025-04-03
24730,TX,2023-03-17
24731,NJ,2024-06-11
24732,WY,2025-10-26
24733,MA,2023-02-03
24734,IL,2023-02-28
24735,NY,2025-12-26
24736,NY,2023-09-12
24737,NY,2024-02-07
24738,FL,2023-02-01
24739,MA,2023-01-10
24740,OH,2024-12-31
24741,CA,2024-08-11
24742,CA,2024-06-15
24743,FL,2025-11-16
24744,NC,2025-06-10
24745,PA,2024-09-19
24746,MI,2025-06-29
24747,CA,2024-03-04
24748,NY,2023-10-21
24749,CA,2024-03-19
24750,NY,2023-10-15
24751,CO,2023-11-02
24752,GA,2025-12-30
24753,NY,2023-06-12
24754,WA,2024-08-10
24755,UT,2026-02-04
24756,NY,2024-09-22
24757,TX,2025-03-09
24758,CA,2024-08-31
24759,TN,2024-11-23
24760,CA,2025-10-21
24761,MA,2024-04-20
24762,TX,2025-08-21
24763,NJ,2023-03-06
24764,AZ,2025-06-29
24765,CA,2024-09-06
24766,PA,2024-02-26
24767,NY,2025-10-01
24768,CT,2025-10-12
24769,CA,2023-01-07
24770,OK,2025-08-30
24771,TX,2025-10-16
24772,DE,2023-04-14
24773,TN,2024-04-08
24774,NY,2025-04-27
24775,CA,2023-12-17
24776,MD,2024-01-01
24777,WA,2023-07-01
24778,TX,2023-08-31
24779,PA,2023-08-08
24780,AZ,2024-03-04
24781,PA,2025-03-18
24782,PA,2023-02-04
24783,TN,2024-11-05
24784,TX,2025-05-11
24785,PA,2024-02-12
24786,LA,2023-01-04
24787,CA,2023-12-27
24788,IN,2025-09-16
24789,CA,2024-08-12
24790,NY,2025-11-25
24791,CA,2023-12-01
24792,MD,2023-10-12
24793,NM,2025-11-25
24794,TX,2024-01-30
24795,GA,2024-07-20
24796,OH,2025-12-08
24797,WA,2024-04-07
24798,NY,2023-12-21
24799,TX,2023-12-09
24800,NV,2023-02-24
24801,TX,2025-04-21
24802,MA,2023-09-17
24803,CA,2025-05-26
24804,CO,2025-07-09
24805,NY,2025-09-24
24806,CA,2025-07-03
24807,TX,2026-01-16
24808,MA,2025-06-22
24809,WA,2023-09-27
24810,NC,2025-08-23
24811,GA,2026-02-23
24812,FL,2025-04-18
24813,FL,2023-07-04
24814,OH,2023-12-31
24815,FL,2024-12-20
24816,NY,2025-10-28
24817,NY,2024-10-15
24818,GA,2025-06-20
24819,FL,2026-03-01
24820,WA,2025-10-14
24821,NY,2023-11-19
24822,TX,2025-06-24
24823,MN,2023-04-12
24824,KY,2025-03-05
24825,NJ,2023-03-16
24826,FL,2026-01-28
24827,WA,2025-01-13
24828,NY,2023-08-24
24829,MA,2025-06-06
24830,CO,2024-12-27
24831,TX,2025-03-21
24832,CA,2023-11-25
24833,WV,2025-04-15
24834,MO,2024-01-05
24835,GA,2023-09-16
24836,TX,2023-08-16
24837,NY,2024-01-12
24838,TX,2023-05-25
24839,PA,2023-03-21
24840,NY,2025-11-28
24841,NY,2024-12-06
24842,LA,2024-12-09
24843,NY,2023-04-07
24844,FL,2023-09-03
24845,MD,2023-11-29
24846,WV,2025-02-03
24847,IL,2023-10-05
24848,CA,2025-10-28
24849,FL,2023-09-09
24850,TX,2025-06-14
24851,VA,2023-01-18
24852,AZ,2024-01-25
24853,GA,2025-10-24
24854,NJ,2025-01-18
24855,CA,2023-01-12
24856,MA,2025-02-08
24857,IL,2023-09-16
24858,MA,2024-03-04
24859,CT,2024-08-19
24860,TX,2023-10-22
24861,NY,2026-02-09
24862,WI,2023-07-25
24863,AL,2023-08-10
24864,CO,2025-11-02
24865,CA,2023-02-09
24866,FL,2024-05-19
24867,NC,2024-08-23
24868,FL,2024-09-04
24869,VA,2024-06-05
24870,NJ,2026-02-18
24871,CA,2023-11-01
24872,PA,2024-08-18
24873,NC,2023-07-21
24874,NY,2024-07-15
24875,NY,2024-02-16
24876,WA,2023-08-08
24877,PA,2023-11-20
24878,OR,2024-09-02
24879,ME,2023-12-06
24880,TX,2023-05-14
24881,ME,2025-04-07
24882,IN,2025-04-28
24883,SD,2023-05-27
24884,FL,2026-02-10
24885,MD,2024-03-08
24886,NJ,2024-01-22
24887,NC,2025-11-23
24888,RI,2023-03-03
24889,RI,2024-03-19
24890,TX,2023-07-15
24891,WA,2023-03-28
24892,NY,2025-06-09
24893,CA,2026-02-24
24894,NY,2025-07-13
24895,TX,2023-06-21
24896,NC,2024-02-03
24897,MI,2025-03-23
24898,CA,2023-11-27
24899,WA,2023-09-09
24900,WA,2025-10-29
24901,LA,2025-02-01
24902,CA,2023-02-04
24903,OH,2025-02-16
24904,PA,2025-07-22
24905,CO,2024-10-30
24906,VA,2024-12-10
24907,MA,2024-12-30
24908,AZ,2024-09-19
24909,TN,2023-03-18
24910,FL,2024-01-09
24911,ID,2023-02-22
24912,NV,2023-09-15
24913,CA,2023-05-12
24914,NJ,2024-08-17
24915,CA,2025-07-16
24916,TN,2023-09-06
24917,FL,2024-02-02
24918,PA,2023-03-10
24919,CO,2025-07-09
24920,NC,2024-10-15
24921,TN,2024-10-13
24922,MA,2025-08-02
24923,NY,2023-12-06
24924,NY,2024-01-09
24925,CO,2025-06-03
24926,WA,2023-09-14
24927,NY,2024-05-30
24928,NJ,2025-04-26
24929,NC,2023-11-04
24930,NV,2024-08-24
24931,AZ,2025-01-01
24932,NY,2024-05-05
24933,ME,2024-09-30
24934,NY,2024-09-29
24935,OH,2024-12-07
24936,NY,2023-07-17
24937,TN,2025-10-28
24938,MA,2026-01-21
24939,CA,2024-10-18
24940,MA,2023-01-16
24941,MA,2025-06-24
24942,FL,2024-04-08
24943,FL,2025-07-03
24944,FL,2025-03-28
24945,IL,2025-04-07
24946,WA,2024-08-02
24947,MI,2026-02-24
24948,CA,2023-06-09
24949,AL,2025-04-27
24950,NY,2024-05-12
24951,NY,2024-04-08
24952,PA,2023-12-08
24953,NY,2024-05-22
24954,PA,2023-05-31
24955,MA,2025-10-18
24956,NJ,2024-07-28
24957,LA,2025-06-04
24958,TX,2025-06-13
24959,NY,2024-11-26
24960,CA,2023-08-01
24961,NY,2024-08-07
24962,AL,2025-03-06
24963,NY,2024-10-27
24964,WA,2023-07-07
24965,CA,2025-02-06
24966,SC,2025-09-13
24967,NY,2023-07-02
24968,CA,2024-01-19
24969,AZ,2023-01-25
24970,CA,2025-07-05
24971,MA,2023-02-07
24972,NY,2023-10-29
24973,SC,2023-04-10
24974,TX,2024-10-20
24975,NY,2024-03-21
24976,UT,2024-04-14
24977,WA,2023-02-24
24978,FL,2024-08-06
24979,NY,2025-01-24
24980,CO,2023-05-07
24981,FL,2025-12-27
24982,MI,2023-06-02
24983,ME,2023-08-14
24984,WA,2025-04-17
24985,CA,2024-11-22
24986,CA,2024-02-23
24987,FL,2024-05-29
24988,CA,2023-10-16
24989,IL,2023-07-20
24990,CA,2025-05-22
24991,CA,2024-10-28
24992,ID,2025-02-07
24993,CO,2023-06-17
24994,OK,2025-07-02
24995,OH,2024-01-15
24996,MN,2025-10-31
24997,CA,2023-12-23
24998,NY,2025-03-23
24999,MA,2023-05-11
25000,IL,2023-07-24
25001,CO,2023-11-12
25002,FL,2024-08-26
25003,OK,2024-04-30
25004,VT,2023-04-21
25005,IN,2023-09-04
25006,PA,2024-02-16
25007,OH,2024-07-26
25008,PA,2024-03-25
25009,GA,2025-06-07
25010,CA,2025-01-13
25011,NC,2023-05-05
25012,FL,2025-07-29
25013,WA,2023-09-17
25014,CO,2024-06-18
25015,FL,2023-03-21
25016,CA,2023-09-29
25017,NY,2024-02-06
25018,WA,2025-12-12
25019,NY,2023-09-29
25020,PA,2025-06-14
25021,MA,2023-08-16
25022,NY,2024-01-06
25023,CA,2024-12-12
25024,NH,2023-07-11
25025,CA,2025-09-06
25026,NY,2025-11-12
25027,OH,2024-05-02
25028,AZ,2025-01-03
25029,NY,2025-04-28
25030,NC,2023-12-14
25031,AZ,2025-02-04
25032,TX,2024-11-12
25033,TX,2024-07-30
25034,GA,2024-06-13
25035,AZ,2026-01-18
25036,CT,2025-11-03
25037,ND,2023-01-19
25038,MA,2026-01-10
25039,CA,2024-09-12
25040,CA,2023-01-02
25041,OR,2023-12-03
25042,CO,2023-10-13
25043,TX,2023-09-11
25044,MA,2024-08-19
25045,NY,2024-09-29
25046,TX,2025-10-30
25047,NY,2025-07-07
25048,ME,2025-03-30
25049,UT,2024-11-11
25050,ND,2025-03-26
25051,LA,2025-04-16
25052,TX,2025-08-04
25053,CO,2024-04-17
25054,MO,2024-04-16
25055,NY,2024-11-26
25056,CA,2023-08-17
25057,CA,2023-02-18
25058,NY,2024-12-27
25059,WA,2025-08-21
25060,CA,2026-01-23
25061,PA,2023-04-28
25062,ID,2024-09-01
25063,CT,2026-01-02
25064,CA,2023-02-06
25065,NY,2023-07-06
25066,CT,2024-04-03
25067,TX,2025-09-17
25068,OH,2025-02-16
25069,TX,2025-05-19
25070,FL,2025-05-01
25071,TX,2024-02-12
25072,NY,2025-10-15
25073,NC,2023-03-12
25074,NY,2023-05-29
25075,VA,2025-06-27
25076,TX,2025-02-15
25077,WA,2023-06-04
25078,PA,2026-02-13
25079,TX,2025-08-06
25080,LA,2024-12-21
25081,ND,2025-12-10
25082,KY,2025-12-31
25083,WI,2025-07-24
25084,TX,2025-01-30
25085,TX,2025-04-05
25086,FL,2023-05-23
25087,IL,2025-12-29
25088,TX,2025-09-18
25089,GA,2025-10-18
25090,TX,2024-12-06
25091,OR,2023-09-14
25092,FL,2025-04-21
25093,FL,2024-09-11
25094,FL,2024-07-02
25095,IL,2026-01-12
25096,CA,2024-07-12
25097,KY,2023-12-11
25098,NY,2024-01-14
25099,CA,2023-05-12
25100,PA,2024-12-17
25101,MA,2023-03-18
25102,NY,2026-02-25
25103,NY,2025-12-25
25104,IL,2025-07-21
25105,WV,2025-01-23
25106,CA,2023-05-27
25107,CA,2023-03-08
25108,NJ,2024-04-16
25109,LA,2023-05-31
25110,NY,2023-01-04
25111,PA,2025-11-07
25112,TX,2024-06-07
25113,PA,2023-09-13
25114,CA,2025-11-24
25115,FL,2025-07-11
25116,TX,2024-07-08
25117,TX,2024-08-12
25118,TX,2023-11-19
25119,KS,2024-03-28
25120,VA,2025-05-10
25121,WA,2023-12-25
25122,GA,2023-02-21
25123,MI,2024-06-12
25124,NC,2024-12-23
25125,WI,2023-02-02
25126,PA,2024-03-11
25127,NY,2025-09-23
25128,NM,2025-04-28
25129,NJ,2025-03-23
25130,MD,2023-03-18
25131,MA,2024-08-02
25132,FL,2025-12-09
25133,NV,2024-03-17
25134,TX,2024-10-31
25135,CO,2024-04-07
25136,MI,2024-01-12
25137,IL,2024-06-29
25138,NY,2024-03-11
25139,CA,2025-10-17
25140,PA,2024-12-24
25141,TX,2025-06-10
25142,OH,2025-07-27
25143,IN,2023-06-04
25144,MN,2023-09-26
25145,MA,2023-06-09
25146,CA,2023-11-19
25147,NV,2025-11-03
25148,WA,2023-04-30
25149,WA,2023-12-14
25150,IL,2023-02-15
25151,AR,2024-04-13
25152,MI,2024-09-13
25153,IL,2023-08-07
25154,MA,2025-09-30
25155,NY,2026-02-18
25156,NJ,2025-08-18
25157,PA,2024-05-26
25158,OH,2024-01-16
25159,NY,2024-07-19
25160,FL,2024-07-19
25161,NC,2025-10-24
25162,FL,2025-01-21
25163,IN,2023-07-20
25164,VA,2023-09-13
25165,CA,2023-07-18
25166,AZ,2023-03-14
25167,CA,2025-08-08
25168,MO,2024-11-18
25169,CO,2023-08-07
25170,CA,2024-02-11
25171,MS,2025-03-05
25172,TX,2025-03-03
25173,OH,2026-01-21
25174,NV,2026-01-08
25175,NY,2023-07-27
25176,CA,2023-04-02
25177,TX,2024-06-15
25178,NC,2025-12-12
25179,WA,2023-03-24
25180,FL,2026-01-02
25181,WA,2024-02-14
25182,CA,2024-03-19
25183,TX,2023-05-10
25184,TX,2025-02-09
25185,MA,2023-07-03
25186,NH,2024-07-31
25187,OK,2024-10-26
25188,GA,2023-12-31
25189,MD,2023-07-15
25190,NJ,2025-11-04
25191,CA,2023-07-29
25192,MD,2023-05-15
25193,SD,2024-08-16
25194,WA,2024-05-18
25195,NY,2024-04-21
25196,NE,2024-03-19
25197,NY,2024-11-14
25198,NC,2023-05-03
25199,FL,2024-05-08
25200,IL,2024-01-25
25201,AL,2023-03-04
25202,MA,2024-06-03
25203,FL,2023-09-02
25204,GA,2023-06-14
25205,TX,2026-01-21
25206,TX,2025-08-12
25207,PA,2023-10-11
25208,NC,2024-12-11
25209,GA,2026-02-21
25210,CO,2025-07-20
25211,NJ,2024-10-16
25212,CA,2025-04-01
25213,NY,2023-07-16
25214,MS,2023-10-12
25215,FL,2026-02-06
25216,WA,2023-04-25
25217,MN,2025-08-21
25218,MA,2025-01-22
25219,MA,2025-06-12
25220,NY,2024-05-20
25221,TX,2025-03-01
25222,OH,2023-11-27
25223,TX,2025-09-22
25224,MA,2024-10-28
25225,GA,2023-09-22
25226,TX,2024-08-04
25227,NY,2024-11-21
25228,WA,2024-04-25
25229,MN,2025-10-26
25230,WI,2024-10-05
25231,FL,2025-02-09
25232,NY,2023-10-09
25233,IL,2023-10-17
25234,NJ,2023-07-24
25235,MA,2025-06-22
25236,CO,2023-11-28
25237,NE,2024-02-07
25238,TN,2023-02-01
25239,FL,2023-07-11
25240,MA,2024-02-11
25241,FL,2024-08-25
25242,SC,2023-02-04
25243,MA,2023-11-28
25244,WA,2025-10-16
25245,TX,2025-12-11
25246,WA,2023-01-17
25247,TN,2025-05-03
25248,HI,2023-01-09
25249,TX,2023-06-29
25250,IN,2023-01-03
25251,WA,2024-11-24
25252,TX,2023-06-16
25253,NV,2023-01-27
25254,CA,2023-04-28
25255,OH,2025-01-08
25256,IL,2023-12-18
25257,ME,2023-07-14
25258,NE,2024-10-14
25259,NC,2023-11-13
25260,GA,2025-01-24
25261,GA,2025-12-07
25262,AZ,2025-11-05
25263,KY,2023-01-14
25264,TX,2024-01-02
25265,CA,2023-08-16
25266,SC,2025-09-29
25267,GA,2025-01-05
25268,CA,2024-07-11
25269,LA,2025-12-19
25270,WA,2025-05-16
25271,NV,2024-10-21
25272,VA,2025-12-11
25273,CA,2024-10-17
25274,WA,2023-06-21
25275,CA,2023-11-14
25276,NY,2024-09-07
25277,WI,2024-05-03
25278,OR,2024-10-12
25279,NC,2024-11-14
25280,TX,2023-05-04
25281,NV,2024-12-06
25282,VT,2024-04-03
25283,CA,2024-11-07
25284,CO,2024-10-07
25285,GA,2023-06-27
25286,NY,2026-01-13
25287,OR,2024-06-19
25288,KY,2025-05-07
25289,NY,2023-11-24
25290,MD,2024-08-23
25291,TN,2024-10-31
25292,MO,2025-02-10
25293,MA,2025-04-02
25294,VA,2023-10-16
25295,IL,2026-01-11
25296,IL,2023-08-25
25297,MA,2024-03-13
25298,CA,2024-03-20
25299,NY,2025-12-25
25300,AL,2024-12-16
25301,IL,2023-04-24
25302,NC,2023-07-08
25303,CT,2025-05-25
25304,NV,2023-10-03
25305,CO,2025-07-29
25306,FL,2025-06-03
25307,IL,2025-02-24
25308,SD,2024-12-10
25309,CO,2025-07-02
25310,VA,2025-10-07
25311,RI,2025-08-17
25312,NE,2024-08-06
25313,AK,2025-01-24
25314,MA,2024-04-24
25315,CA,2023-01-17
25316,TX,2023-02-16
25317,TX,2023-01-30
25318,CA,2024-01-27
25319,PA,2025-11-29
25320,CA,2025-07-04
25321,NC,2023-10-11
25322,CA,2023-02-28
25323,AK,2025-08-15
25324,CO,2025-10-04
25325,PA,2025-11-13
25326,MA,2025-01-20
25327,MI,2025-12-13
25328,OR,2023-11-15
25329,IN,2024-12-21
25330,OR,2025-12-04
25331,TX,2023-12-28
25332,MI,2025-01-31
25333,TX,2023-01-07
25334,CA,2023-03-29
25335,NY,2025-07-31
25336,MA,2024-03-30
25337,GA,2024-06-25
25338,MO,2025-09-07
25339,NJ,2024-01-04
25340,NC,2025-10-27
25341,LA,2024-11-09
25342,PA,2024-01-21
25343,MA,2024-11-13
25344,FL,2024-01-31
25345,MA,2024-06-23
25346,OR,2024-09-11
25347,MN,2026-01-27
25348,LA,2024-08-10
25349,FL,2024-12-10
25350,NY,2024-07-29
25351,NY,2025-05-08
25352,FL,2025-06-03
25353,CA,2025-06-23
25354,CA,2024-05-17
25355,MA,2025-07-25
25356,CA,2023-02-19
25357,IL,2023-08-13
25358,TX,2023-03-23
25359,TX,2023-07-01
25360,NY,2024-06-05
25361,AZ,2025-06-21
25362,CA,2025-07-16
25363,CA,2023-08-23
25364,GA,2025-04-01
25365,IL,2025-01-16
25366,NY,2024-06-29
25367,WA,2023-02-12
25368,WA,2024-01-17
25369,TX,2024-02-07
25370,CA,2023-02-23
25371,ME,2024-10-15
25372,NY,2024-07-14
25373,CO,2025-02-17
25374,FL,2023-06-08
25375,TX,2025-08-19
25376,TX,2023-05-18
25377,FL,2024-06-16
25378,IN,2025-06-15
25379,TX,2023-09-11
25380,AR,2025-01-04
25381,AL,2024-12-15
25382,NJ,2026-01-02
25383,TX,2024-06-15
25384,NY,2023-10-04
25385,NY,2024-02-25
25386,CA,2025-09-23
25387,FL,2023-02-26
25388,LA,2024-07-22
25389,MI,2023-03-10
25390,UT,2024-12-20
25391,FL,2023-07-07
25392,NY,2025-12-06
25393,MI,2025-07-22
25394,MO,2023-08-31
25395,NJ,2023-06-29
25396,MA,2023-01-08
25397,CA,2023-04-12
25398,CA,2023-06-09
25399,NY,2024-04-14
25400,NY,2023-01-05
25401,AL,2025-04-19
25402,OK,2024-01-16
25403,TX,2025-08-03
25404,ID,2024-08-28
25405,MA,2025-06-26
25406,WA,2025-08-30
25407,MO,2025-08-12
25408,MD,2024-10-11
25409,IL,2023-10-31
25410,AZ,2025-02-11
25411,CO,2025-09-14
25412,TX,2023-09-29
25413,CO,2023-05-03
25414,NJ,2024-05-25
25415,TX,2023-10-06
25416,MN,2025-05-10
25417,IL,2025-06-16
25418,MN,2025-03-01
25419,IL,2024-12-20
25420,IL,2025-06-25
25421,MN,2023-05-03
25422,CA,2024-02-01
25423,IL,2023-10-28
25424,VA,2024-08-25
25425,NY,2024-08-15
25426,AL,2023-08-04
25427,NC,2023-01-01
25428,CA,2025-09-19
25429,OR,2023-05-14
25430,CO,2026-01-04
25431,NC,2024-09-15
25432,NY,2025-01-31
25433,NY,2023-09-24
25434,PA,2024-04-10
25435,TN,2023-04-06
25436,NC,2025-01-22
25437,NC,2023-10-03
25438,PA,2025-02-27
25439,TX,2025-03-14
25440,TX,2023-11-08
25441,SC,2023-09-24
25442,MO,2023-10-01
25443,NY,2026-01-26
25444,CA,2024-07-10
25445,ME,2024-10-27
25446,FL,2025-06-12
25447,IN,2024-07-08
25448,MD,2026-01-22
25449,TX,2023-09-13
25450,CA,2025-08-15
25451,WA,2025-01-23
25452,CA,2025-11-06
25453,NY,2024-07-11
25454,NY,2024-11-11
25455,TN,2024-01-25
25456,MI,2024-12-26
25457,VT,2025-01-06
25458,NV,2025-06-18
25459,ME,2023-02-17
25460,WA,2024-09-02
25461,OH,2025-03-05
25462,CA,2024-07-23
25463,FL,2023-09-10
25464,IL,2024-05-27
25465,TX,2025-01-16
25466,KS,2025-03-06
25467,NY,2025-03-07
25468,CA,2025-05-13
25469,NJ,2023-06-05
25470,MA,2023-11-20
25471,CO,2025-11-30
25472,IL,2023-12-28
25473,NY,2024-01-07
25474,MO,2025-08-08
25475,TX,2024-09-26
25476,FL,2024-12-09
25477,NJ,2025-01-21
25478,CA,2023-11-18
25479,FL,2024-07-08
25480,WA,2025-11-23
25481,WA,2023-04-24
25482,OH,2023-01-02
25483,AZ,2025-01-19
25484,WA,2025-01-28
25485,TX,2025-11-25
25486,SC,2025-10-28
25487,CA,2025-03-11
25488,MA,2024-07-26
25489,WA,2023-03-24
25490,AZ,2025-10-30
25491,GA,2024-03-09
25492,TX,2024-09-09
25493,CA,2025-02-28
25494,LA,2025-05-19
25495,MA,2023-11-17
25496,VT,2025-03-08
25497,NJ,2025-05-28
25498,FL,2026-02-17
25499,VT,2023-03-04
25500,PA,2024-10-13
25501,GA,2024-10-19
25502,NY,2024-12-06
25503,NY,2024-01-04
25504,CA,2024-04-16
25505,MA,2025-01-25
25506,NC,2026-01-02
25507,WA,2025-05-28
25508,TX,2025-07-17
25509,MA,2025-09-10
25510,NC,2024-10-09
25511,TX,2024-08-25
25512,NJ,2024-06-30
25513,FL,2023-07-26
25514,GA,2025-02-27
25515,FL,2023-05-04
25516,CA,2023-09-30
25517,MA,2024-04-18
25518,AL,2023-12-20
25519,TX,2023-04-07
25520,FL,2023-03-23
25521,TX,2024-06-20
25522,OR,2025-12-20
25523,CA,2026-01-22
25524,CA,2025-09-06
25525,NY,2023-12-31
25526,MI,2025-08-19
25527,ND,2025-01-27
25528,CA,2025-06-07
25529,GA,2024-11-12
25530,NY,2025-05-01
25531,UT,2025-01-19
25532,ND,2023-06-19
25533,FL,2025-06-24
25534,TX,2025-05-12
25535,NY,2023-10-26
25536,CA,2024-12-08
25537,MA,2025-05-06
25538,NY,2024-10-29
25539,WA,2025-07-08
25540,MA,2025-03-19
25541,OH,2025-06-10
25542,CT,2023-09-21
25543,TX,2024-04-24
25544,OR,2025-08-17
25545,WA,2024-06-04
25546,WA,2025-03-16
25547,MA,2025-12-02
25548,CA,2026-01-24
25549,MN,2024-06-07
25550,NC,2025-09-25
25551,WA,2024-02-06
25552,MN,2024-10-13
25553,OH,2023-10-10
25554,AL,2024-06-16
25555,CA,2025-06-14
25556,PA,2023-09-26
25557,CA,2025-01-31
25558,TX,2026-01-05
25559,CO,2024-12-10
25560,MD,2025-09-06
25561,NY,2024-02-29
25562,MN,2025-10-24
25563,GA,2023-03-25
25564,NY,2023-08-02
25565,CA,2025-03-02
25566,MA,2024-10-18
25567,CA,2025-06-19
25568,IL,2023-02-26
25569,IL,2025-08-26
25570,GA,2024-02-05
25571,OR,2025-08-09
25572,MN,2025-08-22
25573,MS,2024-06-05
25574,NJ,2023-09-27
25575,FL,2024-05-31
25576,WA,2025-04-26
25577,FL,2024-02-16
25578,GA,2023-05-20
25579,AZ,2025-09-28
25580,KY,2023-09-21
25581,WA,2024-03-24
25582,TX,2025-12-19
25583,MI,2026-01-08
25584,PA,2025-12-14
25585,WA,2024-08-28
25586,CA,2024-03-02
25587,IL,2024-06-05
25588,AZ,2023-08-14
25589,RI,2023-04-26
25590,FL,2025-08-28
25591,NY,2026-02-04
25592,CA,2024-06-16
25593,PA,2023-11-27
25594,PA,2023-04-11
25595,TX,2024-07-09
25596,CA,2023-08-11
25597,IL,2025-01-20
25598,MI,2024-03-03
25599,TX,2025-12-24
25600,LA,2025-05-31
25601,NY,2024-06-01
25602,CA,2023-10-21
25603,PA,2023-08-09
25604,TX,2024-03-02
25605,FL,2023-11-09
25606,FL,2024-08-04
25607,NM,2023-09-09
25608,WA,2024-11-25
25609,AL,2026-02-09
25610,PA,2023-10-07
25611,FL,2023-10-21
25612,KY,2023-06-28
25613,OH,2023-07-08
25614,LA,2023-06-17
25615,PA,2023-02-23
25616,TX,2023-11-12
25617,CA,2023-09-28
25618,FL,2024-12-26
25619,GA,2023-07-02
25620,CT,2023-01-24
25621,AZ,2025-04-30
25622,PA,2026-01-22
25623,AL,2023-09-13
25624,MA,2025-11-29
25625,CT,2025-03-05
25626,NE,2024-03-11
25627,NY,2025-10-10
25628,WI,2025-06-23
25629,NY,2023-05-03
25630,NY,2025-03-17
25631,FL,2023-10-13
25632,CA,2023-09-01
25633,IN,2025-01-31
25634,FL,2023-05-23
25635,NE,2023-11-16
25636,MA,2024-03-08
25637,KY,2023-05-02
25638,FL,2025-03-04
25639,NJ,2024-03-04
25640,AZ,2025-01-01
25641,TX,2026-02-23
25642,TX,2025-02-12
25643,FL,2025-01-19
25644,NC,2023-07-22
25645,CA,2025-03-31
25646,CO,2023-08-26
25647,FL,2024-04-06
25648,FL,2023-04-20
25649,NY,2024-02-16
25650,NY,2023-03-12
25651,MD,2024-12-18
25652,FL,2024-02-27
25653,TX,2023-08-29
25654,MN,2024-10-31
25655,FL,2024-12-19
25656,FL,2024-11-09
25657,NC,2023-05-07
25658,MI,2024-03-01
25659,TX,2026-01-03
25660,AL,2023-10-05
25661,VA,2024-05-08
25662,FL,2024-01-23
25663,VA,2025-02-09
25664,NY,2024-06-19
25665,TN,2023-11-04
25666,NC,2026-02-20
25667,WA,2023-10-14
25668,AL,2025-12-12
25669,NC,2024-03-20
25670,NC,2026-02-18
25671,FL,2026-01-04
25672,WA,2025-06-24
25673,MI,2023-03-25
25674,PA,2025-07-02
25675,CA,2025-05-25
25676,SC,2025-03-14
25677,NJ,2023-11-03
25678,NY,2023-12-03
25679,NE,2024-05-31
25680,FL,2023-04-11
25681,NY,2023-04-10
25682,IL,2023-06-22
25683,CA,2026-02-05
25684,NY,2025-02-20
25685,CA,2023-01-28
25686,TX,2025-01-26
25687,TX,2023-11-11
25688,NY,2023-02-07
25689,OH,2023-11-24
25690,TX,2023-02-17
25691,OR,2025-07-03
25692,GA,2023-01-06
25693,TX,2025-12-20
25694,TX,2025-02-08
25695,MA,2025-03-27
25696,NY,2023-01-08
25697,NY,2025-02-15
25698,OR,2024-10-24
25699,MO,2024-04-29
25700,PA,2024-12-12
25701,PA,2023-11-25
25702,TX,2024-02-04
25703,MI,2025-02-18
25704,IL,2023-12-04
25705,NJ,2024-02-23
25706,CT,2025-09-16
25707,WA,2023-04-11
25708,NY,2024-02-18
25709,FL,2024-07-25
25710,WA,2023-11-19
25711,NY,2023-01-29
25712,TX,2025-01-20
25713,MI,2025-10-25
25714,OH,2024-08-29
25715,IL,2024-05-31
25716,TX,2026-01-13
25717,KS,2023-08-28
25718,MS,2025-12-08
25719,WI,2023-01-26
25720,TX,2025-04-18
25721,MD,2024-02-18
25722,NC,2026-01-26
25723,CA,2023-10-01
25724,NC,2025-11-14
25725,VA,2024-10-06
25726,FL,2023-06-30
25727,NY,2024-08-19
25728,NY,2023-09-03
25729,AZ,2025-02-01
25730,FL,2024-03-16
25731,FL,2024-09-17
25732,CA,2024-04-12
25733,AL,2025-08-22
25734,OR,2025-09-25
25735,CA,2025-01-08
25736,VA,2025-02-04
25737,TX,2023-08-15
25738,NY,2025-01-30
25739,PA,2024-05-28
25740,NC,2023-07-31
25741,MT,2025-11-25
25742,MA,2024-07-02
25743,GA,2025-02-08
25744,CA,2024-03-06
25745,PA,2026-01-19
25746,WA,2023-09-17
25747,HI,2023-12-16
25748,NY,2024-12-07
25749,MA,2023-02-15
25750,KY,2025-05-26
25751,CA,2025-05-19
25752,WA,2023-08-15
25753,GA,2026-02-16
25754,WA,2025-09-04
25755,PA,2026-01-29
25756,NJ,2025-03-01
25757,NC,2023-11-30
25758,NY,2024-07-09
25759,VA,2023-01-01
25760,TX,2024-12-31
25761,OH,2024-12-28
25762,NY,2025-07-11
25763,PA,2024-01-02
25764,CA,2024-09-15
25765,MN,2023-10-28
25766,PA,2025-10-20
25767,FL,2025-12-29
25768,IL,2025-05-22
25769,IL,2023-06-07
25770,WA,2024-04-08
25771,CA,2023-03-24
25772,MI,2025-05-28
25773,NJ,2023-01-14
25774,NY,2026-02-28
25775,WI,2024-11-10
25776,MD,2025-07-17
25777,AZ,2023-07-26
25778,NC,2023-04-18
25779,NV,2024-09-22
25780,OK,2024-12-31
25781,AZ,2023-06-14
25782,WA,2025-05-10
25783,TX,2023-06-03
25784,FL,2023-12-13
25785,NV,2025-11-14
25786,TX,2023-12-16
25787,IN,2025-01-19
25788,AZ,2025-01-07
25789,NY,2023-11-09
25790,PA,2025-05-25
25791,IL,2024-04-04
25792,CA,2023-09-13
25793,AK,2025-03-30
25794,TX,2023-07-28
25795,FL,2024-02-11
25796,VA,2023-03-22
25797,MT,2023-04-17
25798,NM,2024-10-09
25799,PA,2024-03-13
25800,NY,2025-11-03
25801,CA,2024-11-21
25802,IL,2024-05-24
25803,OK,2026-01-22
25804,PA,2023-03-23
25805,TX,2024-11-22
25806,MA,2023-09-06
25807,IL,2023-08-29
25808,OH,2023-06-14
25809,WA,2025-11-19
25810,NH,2025-05-17
25811,NY,2024-04-03
25812,CA,2023-10-31
25813,MA,2024-11-09
25814,TX,2025-03-05
25815,VA,2025-06-30
25816,GA,2025-09-24
25817,CA,2025-07-13
25818,IL,2024-12-14
25819,MA,2024-08-28
25820,IL,2024-04-03
25821,MN,2025-11-04
25822,ND,2023-10-27
25823,TX,2024-02-11
25824,NY,2025-12-07
25825,NV,2023-04-24
25826,CA,2024-03-30
25827,CA,2024-06-09
25828,CA,2025-04-01
25829,NJ,2023-12-14
25830,NH,2025-08-23
25831,AR,2023-06-20
25832,FL,2024-02-10
25833,WA,2025-12-20
25834,CA,2024-06-13
25835,FL,2025-07-28
25836,RI,2025-01-11
25837,CT,2023-07-20
25838,MD,2023-02-26
25839,AL,2023-03-26
25840,TN,2025-02-21
25841,FL,2024-12-13
25842,TX,2026-02-03
25843,TX,2025-04-05
25844,NY,2025-11-03
25845,TX,2025-07-27
25846,TX,2025-12-04
25847,IL,2024-01-08
25848,CA,2025-12-30
25849,AZ,2025-02-02
25850,NY,2025-04-26
25851,AZ,2024-06-07
25852,MN,2026-02-20
25853,ID,2025-12-28
25854,TX,2026-02-08
25855,FL,2025-05-20
25856,MA,2023-04-08
25857,CO,2025-03-03
25858,MI,2025-03-29
25859,CA,2024-12-13
25860,WI,2024-11-04
25861,WA,2024-05-23
25862,IL,2025-07-30
25863,FL,2025-07-31
25864,NJ,2024-01-11
25865,NJ,2023-05-20
25866,WA,2024-01-16
25867,NV,2024-02-07
25868,NC,2025-01-30
25869,IL,2025-06-24
25870,CA,2023-09-23
25871,AZ,2025-12-14
25872,OH,2023-07-18
25873,MA,2024-09-18
25874,CA,2024-07-08
25875,PA,2023-06-04
25876,NY,2025-03-10
25877,NY,2024-09-18
25878,NC,2023-11-28
25879,FL,2024-02-12
25880,CA,2024-09-17
25881,LA,2024-11-16
25882,NY,2024-02-20
25883,NC,2026-01-18
25884,DE,2025-08-18
25885,TX,2023-05-21
25886,NY,2025-05-19
25887,IL,2025-10-26
25888,AZ,2025-06-23
25889,MI,2024-08-01
25890,NY,2024-10-25
25891,CA,2025-01-07
25892,FL,2023-03-04
25893,NY,2025-05-13
25894,IL,2024-05-27
25895,NY,2023-09-12
25896,CA,2025-01-06
25897,NC,2023-05-06
25898,WA,2025-02-17
25899,NY,2024-09-11
25900,IL,2023-03-29
25901,FL,2024-11-19
25902,ND,2024-10-02
25903,PA,2024-03-22
25904,FL,2023-11-16
25905,TX,2025-07-10
25906,MA,2023-09-30
25907,CA,2024-10-12
25908,MN,2025-08-20
25909,NV,2024-09-28
25910,TN,2024-06-05
25911,TN,2025-03-10
25912,FL,2023-01-16
25913,TX,2024-01-03
25914,GA,2023-09-08
25915,FL,2025-03-04
25916,TX,2023-12-26
25917,AL,2023-08-19
25918,FL,2024-09-03
25919,WA,2024-08-28
25920,CA,2024-05-31
25921,NY,2024-06-02
25922,MD,2024-04-28
25923,CO,2023-03-06
25924,CA,2023-08-07
25925,TX,2023-06-25
25926,NV,2024-12-12
25927,IL,2025-06-27
25928,VA,2025-10-30
25929,WA,2025-02-04
25930,TX,2025-07-19
25931,PA,2024-09-06
25932,PA,2025-09-14
25933,TX,2023-01-16
25934,MA,2024-06-28
25935,NY,2025-08-06
25936,FL,2023-07-02
25937,NC,2026-01-30
25938,NJ,2023-11-28
25939,PA,2023-03-20
25940,CO,2025-11-06
25941,CA,2025-11-10
25942,KS,2024-02-09
25943,PA,2025-11-06
25944,CA,2025-07-11
25945,TX,2024-03-07
25946,TX,2024-07-09
25947,TX,2023-01-28
25948,WA,2025-11-14
25949,CT,2023-10-30
25950,AZ,2024-09-04
25951,NY,2026-01-03
25952,KY,2025-12-24
25953,TX,2023-09-12
25954,MI,2023-09-29
25955,NJ,2024-07-15
25956,OR,2025-09-06
25957,CA,2023-12-02
25958,GA,2025-01-27
25959,TX,2023-07-27
25960,OR,2023-02-04
25961,MI,2023-04-24
25962,CA,2025-11-21
25963,MO,2025-02-03
25964,CA,2025-05-04
25965,MA,2025-01-29
25966,LA,2025-07-09
25967,GA,2023-06-05
25968,NY,2025-10-14
25969,NJ,2025-04-13
25970,UT,2025-08-20
25971,WA,2023-12-19
25972,MO,2025-07-17
25973,FL,2026-02-15
25974,CA,2023-02-04
25975,CO,2025-05-17
25976,PA,2023-08-06
25977,AL,2023-02-13
25978,PA,2023-07-17
25979,NY,2025-05-06
25980,WA,2023-10-29
25981,NJ,2025-04-06
25982,NY,2025-07-18
25983,WA,2026-01-27
25984,AZ,2024-02-09
25985,NE,2024-12-22
25986,CA,2024-12-12
25987,LA,2025-09-20
25988,FL,2025-04-25
25989,NY,2023-05-27
25990,TX,2025-05-19
25991,TX,2023-12-12
25992,TX,2023-06-05
25993,MD,2025-07-25
25994,CA,2023-05-22
25995,NY,2023-04-14
25996,IN,2023-04-18
25997,TX,2024-06-20
25998,ME,2025-07-24
25999,HI,2024-09-18
26000,NY,2025-08-23
26001,CA,2023-07-27
26002,CA,2024-12-02
26003,MI,2024-12-27
26004,KY,2024-12-18
26005,NY,2023-06-30
26006,OH,2024-10-02
26007,TX,2025-09-27
26008,SC,2026-01-30
26009,DE,2023-04-26
26010,KS,2024-04-15
26011,CO,2023-01-04
26012,GA,2023-07-17
26013,MS,2023-07-23
26014,NY,2024-07-27
26015,GA,2024-08-05
26016,NY,2024-08-26
26017,MA,2024-11-18
26018,KY,2024-07-21
26019,KY,2024-08-01
26020,FL,2025-06-27
26021,MA,2024-03-11
26022,SD,2023-03-04
26023,PA,2024-07-06
26024,NC,2025-01-12
26025,CA,2023-06-24
26026,PA,2025-07-15
26027,MI,2024-08-31
26028,FL,2025-11-25
26029,TX,2025-11-03
26030,FL,2023-06-14
26031,CA,2025-07-16
26032,TX,2023-06-30
26033,RI,2023-10-30
26034,IL,2025-04-27
26035,NY,2023-09-03
26036,CA,2025-07-16
26037,MT,2024-02-12
26038,CO,2023-01-14
26039,MN,2023-03-20
26040,GA,2023-01-01
26041,WA,2025-09-14
26042,NY,2025-02-25
26043,CT,2025-04-05
26044,NY,2024-10-08
26045,PA,2024-04-10
26046,MO,2024-05-09
26047,MA,2026-02-12
26048,KS,2024-07-29
26049,WV,2024-12-08
26050,NJ,2024-08-25
26051,NC,2025-02-22
26052,KS,2024-02-02
26053,MS,2024-01-26
26054,MO,2025-01-18
26055,PA,2023-01-14
26056,NC,2023-04-19
26057,OR,2023-02-12
26058,RI,2025-04-04
26059,NY,2023-12-24
26060,CO,2024-04-19
26061,IA,2026-01-03
26062,NY,2024-05-19
26063,MA,2025-04-14
26064,CT,2025-06-15
26065,CT,2023-03-21
26066,FL,2024-05-08
26067,FL,2024-05-18
26068,WA,2024-09-17
26069,AZ,2025-04-27
26070,TX,2023-04-21
26071,NV,2024-06-24
26072,IN,2025-02-22
26073,NY,2023-09-04
26074,CA,2024-08-29
26075,TX,2025-01-15
26076,CA,2025-11-13
26077,WA,2025-04-21
26078,NY,2024-11-24
26079,TX,2023-08-29
26080,AZ,2024-11-26
26081,WA,2025-05-04
26082,TX,2023-12-19
26083,CO,2023-04-04
26084,NV,2023-02-22
26085,VT,2024-01-05
26086,IL,2026-01-22
26087,WA,2024-09-01
26088,FL,2024-09-21
26089,IL,2023-12-24
26090,MA,2023-03-02
26091,AZ,2025-01-29
26092,WA,2025-02-14
26093,WA,2024-07-19
26094,TX,2025-12-05
26095,MN,2026-02-15
26096,NY,2026-01-21
26097,PA,2023-06-03
26098,CA,2024-04-23
26099,TX,2025-07-04
26100,OR,2023-10-05
26101,NY,2024-03-16
26102,CA,2024-09-07
26103,AR,2025-05-06
26104,CA,2023-06-04
26105,GA,2025-05-31
26106,TX,2025-03-14
26107,TX,2023-11-10
26108,NY,2024-08-16
26109,PA,2023-01-23
26110,CA,2024-10-09
26111,PA,2024-08-23
26112,MA,2025-05-30
26113,TX,2025-05-31
26114,NJ,2023-04-06
26115,NC,2025-02-21
26116,NY,2025-12-08
26117,NC,2025-01-05
26118,RI,2025-10-26
26119,PA,2025-12-14
26120,FL,2025-04-30
26121,NY,2025-04-23
26122,MA,2025-11-04
26123,MA,2024-06-06
26124,NY,2026-01-02
26125,NJ,2025-03-29
26126,IN,2023-03-29
26127,MN,2023-12-22
26128,WA,2025-12-24
26129,IL,2023-07-10
26130,NE,2024-10-15
26131,CA,2025-11-27
26132,WA,2024-10-26
26133,PA,2024-01-15
26134,NC,2023-02-06
26135,MA,2025-01-08
26136,FL,2025-08-09
26137,NY,2023-01-11
26138,FL,2023-11-30
26139,OH,2024-02-23
26140,FL,2023-08-26
26141,LA,2025-05-30
26142,MN,2023-11-04
26143,CO,2024-08-03
26144,MA,2023-06-19
26145,MT,2024-08-16
26146,CA,2024-03-27
26147,TX,2024-06-05
26148,WA,2025-07-29
26149,KS,2024-03-15
26150,MO,2023-05-27
26151,FL,2025-06-04
26152,AZ,2023-10-25
26153,MI,2024-01-05
26154,OH,2025-03-19
26155,AR,2025-06-12
26156,NY,2024-10-21
26157,TX,2023-05-04
26158,MI,2023-09-05
26159,TX,2026-01-26
26160,NC,2025-08-17
26161,CA,2026-02-03
26162,WA,2025-05-31
26163,NY,2024-11-08
26164,RI,2026-02-10
26165,AL,2024-07-23
26166,FL,2024-04-24
26167,TX,2025-05-31
26168,NV,2024-04-13
26169,LA,2024-01-01
26170,PA,2025-01-27
26171,TX,2025-02-17
26172,TX,2025-07-14
26173,GA,2023-12-05
26174,CA,2023-04-04
26175,GA,2023-12-21
26176,MI,2025-12-27
26177,VA,2023-05-29
26178,TX,2023-01-05
26179,MA,2023-09-03
26180,AL,2025-01-31
26181,TX,2025-09-13
26182,TX,2024-10-08
26183,NY,2025-06-11
26184,MA,2024-03-19
26185,FL,2023-10-14
26186,TX,2023-07-31
26187,WI,2025-10-16
26188,CA,2024-11-26
26189,AZ,2023-08-05
26190,PA,2025-04-28
26191,GA,2023-12-01
26192,AR,2025-06-05
26193,TX,2023-06-21
26194,MA,2025-05-24
26195,OR,2024-06-02
26196,SC,2023-06-02
26197,IL,2024-05-01
26198,PA,2024-02-15
26199,TX,2023-11-07
26200,GA,2024-05-01
26201,MA,2024-05-14
26202,ME,2024-07-21
26203,UT,2023-04-02
26204,OR,2024-10-30
26205,PA,2024-05-07
26206,PA,2025-12-31
26207,TX,2026-01-05
26208,KY,2023-02-15
26209,IL,2025-03-15
26210,FL,2025-01-28
26211,IL,2025-01-05
26212,WA,2025-09-09
26213,MA,2025-01-30
26214,WA,2023-03-18
26215,CA,2023-02-19
26216,IL,2024-10-22
26217,FL,2023-04-17
26218,MN,2024-11-28
26219,NY,2024-05-12
26220,IL,2025-10-27
26221,FL,2025-04-04
26222,CA,2023-10-19
26223,MA,2025-09-05
26224,FL,2024-06-19
26225,OR,2023-11-08
26226,LA,2024-05-05
26227,FL,2023-03-18
26228,SC,2023-05-04
26229,NJ,2025-08-23
26230,IL,2023-10-11
26231,MO,2025-04-24
26232,PA,2024-04-26
26233,NY,2026-01-06
26234,NY,2024-08-30
26235,AR,2024-07-10
26236,MA,2023-03-10
26237,NY,2026-01-27
26238,TX,2023-03-09
26239,TX,2023-03-19
26240,IL,2023-03-16
26241,IL,2024-05-28
26242,CA,2025-09-20
26243,CA,2026-01-15
26244,UT,2025-12-07
26245,LA,2025-02-04
26246,WA,2025-12-01
26247,WA,2023-05-14
26248,MI,2025-04-06
26249,TX,2024-08-15
26250,VA,2025-11-08
26251,TX,2024-11-22
26252,NY,2025-04-08
26253,MI,2026-02-17
26254,FL,2024-06-14
26255,CA,2023-03-11
26256,IL,2024-03-09
26257,NH,2023-05-13
26258,MO,2023-03-08
26259,NY,2025-03-17
26260,WA,2023-08-19
26261,KY,2024-10-29
26262,TX,2023-05-30
26263,WA,2026-02-06
26264,NY,2025-03-29
26265,WA,2024-09-06
26266,NY,2026-01-09
26267,VA,2024-06-23
26268,GA,2025-10-28
26269,NY,2024-04-19
26270,NE,2023-09-11
26271,CA,2024-05-07
26272,MA,2024-10-26
26273,NE,2024-07-24
26274,LA,2025-03-12
26275,CA,2025-06-02
26276,NC,2024-03-05
26277,CA,2025-03-16
26278,AR,2023-04-19
26279,NY,2025-01-25
26280,MA,2023-10-05
26281,PA,2024-10-28
26282,IL,2025-11-10
26283,RI,2025-08-06
26284,NJ,2023-09-07
26285,TN,2024-07-12
26286,OK,2023-10-11
26287,MA,2025-01-13
26288,TX,2024-11-11
26289,KY,2025-09-19
26290,PA,2024-06-03
26291,FL,2025-01-10
26292,MI,2025-01-14
26293,CA,2024-03-20
26294,NY,2024-02-21
26295,FL,2024-06-14
26296,NJ,2024-04-06
26297,NJ,2025-03-14
26298,IL,2025-06-21
26299,GA,2023-04-26
26300,NY,2026-02-04
26301,MS,2023-02-01
26302,TX,2023-10-25
26303,TX,2025-02-20
26304,OR,2025-09-11
26305,NY,2024-02-16
26306,VA,2024-09-17
26307,TX,2024-02-27
26308,TX,2026-01-22
26309,GA,2024-06-26
26310,LA,2023-06-01
26311,MA,2025-01-24
26312,MI,2025-04-17
26313,TX,2024-06-19
26314,IL,2023-08-06
26315,CA,2026-01-28
26316,TX,2024-02-25
26317,CT,2024-03-04
26318,MO,2023-11-11
26319,MD,2023-11-11
26320,TN,2023-03-31
26321,MI,2024-03-14
26322,CA,2026-01-05
26323,IL,2024-07-23
26324,CA,2023-04-10
26325,NY,2025-06-09
26326,FL,2025-03-22
26327,NC,2025-09-24
26328,MO,2023-09-02
26329,CT,2023-02-21
26330,IN,2023-06-11
26331,GA,2023-05-02
26332,MA,2025-10-10
26333,OR,2023-10-21
26334,NY,2023-09-03
26335,ID,2023-12-12
26336,MN,2024-08-23
26337,MI,2024-08-23
26338,WA,2023-02-05
26339,PA,2025-11-05
26340,CA,2023-07-25
26341,CA,2024-11-04
26342,ID,2025-05-30
26343,WA,2024-12-12
26344,WA,2025-09-13
26345,WA,2024-02-27
26346,CA,2025-08-17
26347,AZ,2023-07-24
26348,TX,2023-06-06
26349,OR,2025-04-10
26350,CA,2023-10-26
26351,NJ,2023-01-19
26352,PA,2023-05-18
26353,TX,2024-11-30
26354,NC,2023-02-12
26355,AR,2023-10-31
26356,AZ,2023-10-23
26357,IL,2024-09-16
26358,AR,2024-01-04
26359,TX,2026-02-26
26360,VA,2024-01-11
26361,TN,2026-01-16
26362,FL,2025-08-21
26363,TX,2023-08-04
26364,NC,2025-05-01
26365,NC,2026-02-04
26366,NJ,2024-04-27
26367,OR,2025-11-13
26368,CA,2025-12-03
26369,CA,2024-01-21
26370,MD,2025-07-07
26371,FL,2024-04-25
26372,WA,2023-03-19
26373,ID,2023-11-14
26374,TX,2023-05-23
26375,TX,2024-05-30
26376,MA,2023-11-21
26377,TX,2024-04-30
26378,LA,2026-02-05
26379,GA,2024-05-01
26380,CA,2024-01-05
26381,NY,2024-09-21
26382,MN,2025-06-30
26383,MO,2024-01-28
26384,CT,2023-04-29
26385,CT,2023-12-20
26386,MD,2025-02-04
26387,FL,2025-08-14
26388,LA,2025-12-23
26389,CA,2023-09-15
26390,GA,2025-10-26
26391,NJ,2023-01-17
26392,NY,2023-10-09
26393,GA,2024-07-06
26394,NE,2024-03-17
26395,IL,2024-01-01
26396,IL,2023-12-21
26397,CA,2025-03-26
26398,WA,2025-09-24
26399,NY,2023-08-20
26400,WA,2026-01-18
26401,FL,2024-01-24
26402,CA,2024-01-09
26403,CA,2023-07-11
26404,TX,2023-05-15
26405,NY,2023-06-28
26406,MA,2023-08-10
26407,IN,2024-07-04
26408,NY,2024-07-09
26409,CA,2025-03-19
26410,CO,2023-06-06
26411,FL,2023-01-03
26412,TX,2023-07-20
26413,CA,2023-12-11
26414,MN,2024-02-20
26415,NY,2023-04-07
26416,MI,2024-09-12
26417,CO,2025-01-09
26418,PA,2024-06-24
26419,CA,2025-05-28
26420,MN,2026-02-06
26421,NY,2024-06-06
26422,FL,2025-08-12
26423,AL,2023-04-05
26424,NY,2023-05-12
26425,LA,2024-08-27
26426,TX,2024-07-19
26427,CA,2023-09-15
26428,TX,2025-04-25
26429,NY,2023-10-31
26430,FL,2024-05-15
26431,CO,2024-08-02
26432,FL,2023-07-09
26433,MA,2023-12-05
26434,IL,2023-01-19
26435,FL,2024-02-19
26436,CO,2023-03-03
26437,IL,2025-06-29
26438,CA,2023-03-08
26439,MA,2024-12-23
26440,SC,2025-05-03
26441,KS,2023-06-24
26442,MA,2024-06-02
26443,NY,2025-08-21
26444,OK,2025-06-15
26445,MA,2023-08-21
26446,PA,2024-12-11
26447,NY,2024-06-17
26448,ME,2025-01-10
26449,FL,2025-04-04
26450,CA,2023-05-05
26451,NY,2024-11-28
26452,CA,2025-11-27
26453,TX,2023-09-05
26454,OK,2023-05-21
26455,MD,2023-04-07
26456,NY,2025-10-08
26457,MD,2024-04-19
26458,CA,2025-03-26
26459,PA,2025-03-18
26460,WA,2025-03-08
26461,MI,2024-06-18
26462,MS,2023-09-22
26463,CA,2024-11-02
26464,NY,2023-11-01
26465,OR,2024-03-04
26466,MA,2025-02-22
26467,TX,2025-03-03
26468,MT,2023-02-06
26469,IL,2023-10-28
26470,SC,2023-05-16
26471,IN,2024-05-02
26472,AL,2023-06-24
26473,CA,2025-03-14
26474,OR,2024-09-21
26475,VA,2025-09-11
26476,UT,2023-12-04
26477,NY,2023-12-25
26478,AL,2023-09-14
26479,CA,2025-10-14
26480,IL,2023-07-22
26481,MN,2024-10-16
26482,MO,2023-09-12
26483,WI,2026-01-24
26484,OH,2023-05-11
26485,PA,2024-09-18
26486,WA,2023-10-15
26487,CA,2024-10-21
26488,FL,2023-02-25
26489,NY,2023-11-30
26490,MN,2025-03-20
26491,MI,2025-04-20
26492,OH,2024-11-17
26493,VA,2024-10-25
26494,TX,2025-03-19
26495,TX,2023-01-04
26496,PA,2024-03-10
26497,MA,2025-09-10
26498,NY,2025-02-20
26499,VA,2025-09-21
26500,NC,2023-02-17
26501,CO,2024-08-23
26502,NM,2025-04-07
26503,NY,2024-11-23
26504,TX,2025-10-29
26505,TX,2023-06-01
26506,CA,2024-10-21
26507,MI,2025-08-22
26508,SC,2023-01-27
26509,NV,2025-09-14
26510,FL,2024-09-04
26511,TX,2023-03-24
26512,CA,2025-12-13
26513,WA,2023-04-07
26514,NC,2025-05-20
26515,GA,2023-08-17
26516,AZ,2025-10-15
26517,NV,2025-04-11
26518,OR,2024-05-28
26519,AZ,2024-05-11
26520,NV,2024-04-03
26521,NY,2025-11-22
26522,OR,2025-02-15
26523,LA,2025-10-08
26524,MO,2023-02-23
26525,AZ,2023-11-27
26526,NM,2023-04-07
26527,WI,2024-05-19
26528,OK,2023-05-28
26529,ME,2024-05-31
26530,TX,2023-10-07
26531,IL,2024-02-20
26532,NC,2026-02-03
26533,NM,2024-07-09
26534,PA,2023-07-25
26535,CA,2025-09-28
26536,AL,2023-04-28
26537,NY,2024-04-24
26538,FL,2025-05-02
26539,IL,2023-08-16
26540,MD,2026-02-14
26541,AZ,2024-10-15
26542,NJ,2024-06-24
26543,FL,2025-11-14
26544,TX,2023-03-28
26545,MA,2024-09-03
26546,WA,2025-08-10
26547,PA,2025-10-04
26548,NY,2023-06-27
26549,NY,2023-05-20
26550,IL,2026-01-10
26551,OH,2024-03-07
26552,VA,2025-08-03
26553,FL,2024-06-14
26554,PA,2024-01-03
26555,FL,2025-02-05
26556,OR,2023-02-22
26557,OH,2024-06-30
26558,MD,2024-10-28
26559,ID,2025-01-11
26560,CA,2025-12-10
26561,TX,2025-07-03
26562,OK,2023-02-12
26563,CO,2024-06-10
26564,IL,2024-10-17
26565,PA,2025-05-16
26566,WA,2025-12-28
26567,NY,2023-03-26
26568,CO,2025-09-11
26569,OK,2023-01-30
26570,MI,2023-03-29
26571,MN,2025-04-07
26572,NJ,2024-08-13
26573,TX,2025-11-13
26574,CA,2023-06-26
26575,CA,2025-02-20
26576,WA,2024-11-18
26577,MA,2024-08-14
26578,WA,2025-01-19
26579,CA,2025-03-19
26580,CA,2025-03-13
26581,CA,2024-03-23
26582,IL,2023-02-23
26583,MD,2023-06-14
26584,TX,2024-03-11
26585,TX,2024-04-21
26586,AZ,2024-12-24
26587,KY,2025-01-22
26588,MO,2026-02-11
26589,NY,2023-12-23
26590,CA,2024-02-27
26591,PA,2023-11-13
26592,SD,2024-12-03
26593,MN,2025-08-23
26594,TX,2024-06-30
26595,GA,2025-05-08
26596,OR,2023-02-11
26597,CA,2026-01-16
26598,MA,2023-10-21
26599,TX,2025-02-08
26600,UT,2023-02-28
26601,IL,2024-06-02
26602,SC,2023-07-15
26603,VA,2025-05-25
26604,NC,2024-03-10
26605,TX,2025-05-11
26606,MA,2025-04-27
26607,NY,2024-04-25
26608,WA,2025-10-04
26609,VT,2023-10-10
26610,TN,2024-08-19
26611,CA,2023-08-07
26612,IL,2025-09-18
26613,RI,2025-06-19
26614,NY,2025-04-06
26615,WA,2023-10-17
26616,FL,2024-07-17
26617,TX,2024-05-16
26618,CO,2024-01-25
26619,WI,2024-10-15
26620,MA,2025-12-18
26621,MS,2025-12-16
26622,CA,2025-11-26
26623,CA,2024-04-11
26624,CA,2025-03-10
26625,NC,2023-05-06
26626,GA,2025-12-11
26627,TX,2025-05-02
26628,WA,2024-09-04
26629,UT,2024-02-18
26630,NV,2023-11-12
26631,WI,2023-05-26
26632,CT,2023-07-24
26633,TX,2024-04-02
26634,KS,2024-11-17
26635,WA,2025-08-03
26636,WA,2024-05-03
26637,TX,2024-09-15
26638,IL,2023-02-09
26639,CA,2024-12-30
26640,MA,2025-01-17
26641,CT,2023-10-02
26642,TX,2025-01-21
26643,WI,2023-12-22
26644,NY,2023-06-04
26645,CA,2024-11-22
26646,NY,2025-02-01
26647,MD,2026-01-05
26648,CA,2023-02-24
26649,TX,2024-12-16
26650,VA,2024-11-01
26651,MI,2024-02-05
26652,CT,2023-08-18
26653,TX,2023-03-08
26654,NY,2026-01-26
26655,FL,2023-04-24
26656,AL,2024-02-20
26657,TX,2025-11-02
26658,TX,2025-11-10
26659,IN,2023-08-03
26660,GA,2024-05-04
26661,MD,2025-06-21
26662,IL,2023-12-06
26663,IL,2023-04-22
26664,CA,2025-09-28
26665,WA,2024-01-17
26666,CA,2026-01-06
26667,TX,2023-03-27
26668,TX,2023-12-27
26669,PA,2024-04-28
26670,VA,2024-04-18
26671,DE,2026-01-04
26672,CT,2025-05-30
26673,CO,2025-11-20
26674,CO,2023-06-17
26675,CA,2025-06-23
26676,CA,2025-08-29
26677,SC,2024-01-02
26678,NY,2026-02-10
26679,NJ,2024-07-25
26680,GA,2025-04-26
26681,WA,2025-06-23
26682,WA,2025-08-06
26683,OR,2025-06-06
26684,NJ,2023-12-30
26685,GA,2025-12-14
26686,NY,2023-06-02
26687,CA,2023-06-18
26688,WA,2026-02-06
26689,MA,2025-07-13
26690,TX,2025-06-14
26691,RI,2023-02-05
26692,NV,2024-12-24
26693,UT,2026-02-28
26694,MI,2023-02-28
26695,NY,2025-03-20
26696,FL,2023-11-25
26697,PA,2024-07-11
26698,KS,2025-09-13
26699,CA,2023-12-10
26700,CA,2024-09-26
26701,FL,2023-06-13
26702,CO,2023-10-09
26703,NE,2025-12-09
26704,IL,2023-05-10
26705,CA,2025-05-25
26706,KS,2023-09-20
26707,NJ,2023-02-15
26708,OH,2025-01-02
26709,CA,2023-01-02
26710,MA,2024-12-18
26711,OH,2025-01-11
26712,CA,2025-05-17
26713,ID,2023-09-10
26714,NY,2025-04-07
26715,NY,2023-03-30
26716,CA,2025-11-04
26717,IL,2024-11-22
26718,FL,2025-08-29
26719,CT,2024-09-09
26720,MA,2025-09-11
26721,GA,2024-04-13
26722,CO,2024-10-02
26723,KS,2024-03-12
26724,MI,2023-07-24
26725,MA,2025-11-19
26726,FL,2025-08-13
26727,CA,2024-06-05
26728,CA,2023-10-12
26729,CA,2025-04-16
26730,OH,2024-03-12
26731,TX,2024-10-27
26732,CA,2024-10-20
26733,NY,2025-07-03
26734,IL,2025-02-15
26735,TN,2024-10-08
26736,GA,2024-06-13
26737,IL,2023-05-17
26738,MA,2024-01-25
26739,IL,2023-07-17
26740,TX,2024-07-10
26741,FL,2024-02-10
26742,NY,2024-04-01
26743,MI,2026-01-15
26744,MA,2023-08-12
26745,AZ,2023-05-24
26746,AZ,2023-05-10
26747,TX,2025-11-30
26748,NE,2025-11-03
26749,FL,2025-08-31
26750,NY,2025-09-16
26751,CA,2024-06-22
26752,PA,2024-02-27
26753,MA,2025-07-20
26754,TX,2025-06-18
26755,IL,2023-03-26
26756,WA,2025-05-18
26757,CA,2023-01-02
26758,PA,2023-07-26
26759,MD,2024-02-16
26760,CA,2024-08-23
26761,CA,2023-05-01
26762,MO,2023-01-09
26763,TX,2023-11-08
26764,TX,2025-04-03
26765,FL,2025-04-08
26766,IL,2024-05-14
26767,OH,2025-06-27
26768,NY,2024-10-11
26769,OR,2023-05-25
26770,FL,2024-02-05
26771,MA,2025-07-15
26772,PA,2024-11-16
26773,NM,2025-01-24
26774,FL,2024-04-27
26775,WA,2023-04-10
26776,NY,2024-08-27
26777,ID,2025-01-18
26778,TX,2025-02-24
26779,KY,2023-09-24
26780,GA,2024-05-20
26781,NY,2023-09-07
26782,AZ,2024-03-14
26783,OH,2024-01-22
26784,MN,2024-05-10
26785,NY,2024-09-07
26786,NY,2025-09-11
26787,CA,2024-10-17
26788,MT,2023-05-17
26789,CA,2024-08-02
26790,NY,2023-06-22
26791,MO,2023-01-02
26792,TX,2026-02-16
26793,FL,2025-05-06
26794,WA,2024-05-12
26795,WA,2026-02-17
26796,MA,2025-02-28
26797,GA,2025-08-22
26798,MS,2023-05-29
26799,AL,2025-04-21
26800,MA,2025-05-04
26801,CA,2023-08-07
26802,NV,2023-07-02
26803,PA,2024-05-30
26804,NY,2024-07-23
26805,MA,2023-07-17
26806,FL,2025-11-15
26807,CA,2024-04-02
26808,IN,2023-04-23
26809,OR,2024-12-09
26810,OH,2023-12-26
26811,MD,2026-01-26
26812,MO,2024-12-12
26813,VA,2025-11-10
26814,MI,2025-07-15
26815,IA,2023-06-24
26816,CT,2023-10-06
26817,CA,2023-07-27
26818,PA,2025-02-13
26819,TX,2023-11-01
26820,NJ,2024-12-28
26821,NJ,2025-09-18
26822,FL,2023-01-31
26823,MN,2023-05-05
26824,FL,2024-03-06
26825,NY,2025-05-10
26826,NY,2024-12-08
26827,TX,2024-04-03
26828,CA,2025-11-23
26829,UT,2025-01-12
26830,MS,2023-12-07
26831,FL,2025-04-18
26832,LA,2023-11-16
26833,OH,2025-11-18
26834,NY,2024-01-09
26835,FL,2024-01-06
26836,CA,2025-10-30
26837,IL,2024-02-20
26838,FL,2025-08-14
26839,ID,2026-02-12
26840,IN,2023-03-25
26841,MI,2024-08-05
26842,TX,2025-06-01
26843,WA,2025-12-15
26844,PA,2025-05-20
26845,UT,2023-10-27
26846,NC,2023-08-10
26847,CA,2025-07-22
26848,PA,2023-08-21
26849,PA,2023-06-27
26850,UT,2023-03-15
26851,AL,2025-06-07
26852,ME,2023-02-22
26853,WA,2024-04-09
26854,OH,2025-02-07
26855,MS,2023-04-28
26856,OH,2023-08-06
26857,MN,2024-09-11
26858,VA,2025-03-11
26859,FL,2023-10-09
26860,TX,2024-12-14
26861,CA,2024-08-30
26862,IL,2025-11-28
26863,NY,2025-07-26
26864,MN,2025-03-26
26865,GA,2023-06-29
26866,SC,2024-01-19
26867,NY,2025-05-16
26868,FL,2023-10-11
26869,LA,2024-03-26
26870,MN,2023-12-28
26871,IL,2024-04-21
26872,NY,2023-04-10
26873,NY,2023-09-14
26874,MD,2024-01-23
26875,IL,2023-05-12
26876,TN,2024-09-18
26877,MO,2024-02-08
26878,NY,2023-11-15
26879,PA,2024-04-11
26880,TX,2025-03-13
26881,FL,2023-04-26
26882,OR,2025-03-23
26883,MA,2025-12-16
26884,MS,2024-10-25
26885,ME,2023-10-03
26886,NV,2024-05-12
26887,IL,2024-05-19
26888,TX,2023-06-01
26889,OR,2023-10-07
26890,FL,2026-01-30
26891,UT,2024-01-18
26892,AK,2025-02-03
26893,CA,2023-10-08
26894,FL,2024-04-24
26895,TX,2024-04-09
26896,CA,2023-09-30
26897,IL,2024-05-28
26898,PA,2024-06-04
26899,GA,2026-02-20
26900,NE,2023-04-14
26901,MA,2026-01-11
26902,VA,2026-02-06
26903,NV,2026-02-17
26904,TX,2025-06-20
26905,CA,2025-07-05
26906,WA,2024-05-10
26907,UT,2023-08-05
26908,CT,2023-10-13
26909,CA,2025-09-11
26910,NC,2024-10-22
26911,MD,2024-10-31
26912,FL,2023-10-01
26913,KY,2024-11-15
26914,TX,2023-02-28
26915,NY,2024-02-23
26916,MA,2025-07-08
26917,RI,2023-03-06
26918,OH,2024-02-16
26919,TX,2023-10-25
26920,NC,2025-03-21
26921,UT,2024-12-20
26922,NY,2023-08-31
26923,MA,2024-12-03
26924,TX,2023-06-20
26925,MD,2025-01-23
26926,OH,2023-09-15
26927,IL,2024-04-16
26928,AZ,2023-05-31
26929,NY,2025-06-26
26930,ME,2023-08-25
26931,FL,2024-02-23
26932,WA,2024-07-30
26933,AL,2025-01-31
26934,WA,2023-06-08
26935,CA,2023-02-01
26936,CA,2023-11-18
26937,GA,2023-03-01
26938,NY,2025-10-18
26939,FL,2023-07-24
26940,NH,2023-04-25
26941,CO,2025-02-04
26942,OR,2025-12-27
26943,VA,2024-02-26
26944,MD,2025-09-29
26945,PA,2025-04-23
26946,NY,2024-11-14
26947,CA,2023-07-29
26948,AZ,2024-10-31
26949,CA,2025-05-27
26950,MD,2024-08-22
26951,NJ,2024-01-04
26952,GA,2025-03-13
26953,MI,2026-01-16
26954,IL,2023-04-17
26955,NY,2023-08-25
26956,PA,2023-07-23
26957,ND,2024-08-03
26958,MO,2024-08-14
26959,AR,2025-05-13
26960,CO,2025-09-19
26961,CA,2025-05-22
26962,MT,2025-08-31
26963,NY,2025-04-06
26964,IL,2024-06-20
26965,NY,2025-08-25
26966,MD,2023-01-27
26967,NC,2024-06-17
26968,CO,2025-08-24
26969,OH,2025-01-09
26970,CA,2023-11-07
26971,MD,2023-09-22
26972,NC,2025-12-13
26973,FL,2025-05-31
26974,MS,2024-01-09
26975,OH,2024-09-02
26976,CA,2023-08-08
26977,NY,2024-06-03
26978,NY,2023-12-29
26979,CA,2025-07-11
26980,WA,2024-09-15
26981,TX,2023-08-01
26982,MI,2025-05-23
26983,OR,2023-01-11
26984,NY,2024-06-14
26985,NY,2024-03-23
26986,NY,2023-02-21
26987,VA,2024-10-16
26988,TX,2023-12-05
26989,OR,2025-04-26
26990,NY,2025-06-14
26991,GA,2023-07-18
26992,NY,2023-05-30
26993,FL,2023-02-19
26994,NY,2024-09-27
26995,PA,2025-05-08
26996,OK,2025-02-16
26997,FL,2023-02-19
26998,TN,2024-07-14
26999,CA,2025-07-25
27000,FL,2024-02-03
27001,NY,2024-01-11
27002,NC,2023-01-23
27003,NY,2026-01-04
27004,KY,2024-09-16
27005,MI,2023-10-10
27006,FL,2025-10-26
27007,CA,2023-10-07
27008,LA,2024-08-20
27009,NY,2024-01-28
27010,TN,2025-12-29
27011,FL,2024-04-28
27012,CA,2025-03-20
27013,NY,2025-04-07
27014,WA,2023-06-25
27015,MO,2023-08-19
27016,TX,2023-03-28
27017,NY,2024-01-24
27018,NC,2024-12-19
27019,GA,2025-01-06
27020,FL,2023-07-01
27021,OR,2024-02-26
27022,PA,2024-10-20
27023,NH,2024-03-28
27024,WA,2023-07-20
27025,MD,2024-08-05
27026,FL,2023-01-24
27027,TX,2025-05-22
27028,MN,2024-05-16
27029,CA,2023-12-02
27030,TX,2025-10-03
27031,IL,2023-05-21
27032,NC,2025-01-23
27033,VA,2025-12-30
27034,TX,2024-01-27
27035,MA,2023-09-05
27036,MI,2026-02-02
27037,MA,2025-07-22
27038,WA,2025-12-11
27039,FL,2023-09-15
27040,NJ,2024-02-10
27041,AZ,2025-06-04
27042,OH,2025-10-24
27043,MA,2024-01-02
27044,AZ,2023-01-07
27045,KY,2023-01-01
27046,CA,2023-12-05
27047,TX,2023-12-16
27048,AR,2024-09-17
27049,FL,2023-02-24
27050,MA,2024-09-20
27051,FL,2025-03-06
27052,TX,2025-06-17
27053,WI,2023-09-29
27054,CA,2025-05-06
27055,TN,2025-05-28
27056,WA,2024-01-12
27057,NH,2024-01-22
27058,CO,2024-01-22
27059,IL,2024-02-28
27060,WA,2025-02-25
27061,TX,2024-10-21
27062,RI,2023-10-04
27063,NC,2025-05-09
27064,NC,2026-01-19
27065,CA,2024-07-09
27066,CO,2026-02-11
27067,FL,2025-10-22
27068,MO,2023-06-20
27069,FL,2023-05-27
27070,KS,2026-01-19
27071,NY,2023-01-14
27072,IL,2024-02-13
27073,PA,2024-01-19
27074,NC,2023-02-26
27075,WA,2024-05-28
27076,NY,2023-12-11
27077,KY,2026-01-15
27078,CA,2024-02-09
27079,FL,2023-09-02
27080,TX,2025-05-08
27081,NY,2023-02-21
27082,LA,2023-07-28
27083,NY,2023-05-23
27084,MN,2024-06-29
27085,OK,2025-03-14
27086,FL,2024-09-24
27087,FL,2026-02-01
27088,CA,2025-12-03
27089,WA,2023-11-29
27090,NJ,2023-09-04
27091,TX,2024-06-13
27092,OH,2024-04-09
27093,NY,2023-10-28
27094,FL,2024-09-11
27095,MA,2025-09-14
27096,MD,2024-06-21
27097,TX,2024-01-03
27098,NY,2023-12-23
27099,CA,2023-11-27
27100,LA,2025-06-03
27101,KY,2024-03-17
27102,VA,2024-05-15
27103,WI,2025-01-13
27104,CO,2025-05-22
27105,OH,2023-07-19
27106,WA,2024-07-04
27107,MA,2023-07-19
27108,KS,2023-12-05
27109,OR,2024-11-09
27110,MN,2025-01-05
27111,MN,2023-10-04
27112,NC,2023-02-23
27113,CA,2023-06-13
27114,GA,2024-10-16
27115,WI,2023-03-17
27116,AZ,2025-01-11
27117,MD,2025-10-02
27118,TX,2024-02-26
27119,CO,2024-07-30
27120,OH,2025-09-12
27121,MA,2026-02-14
27122,CA,2024-05-20
27123,NY,2025-02-07
27124,MO,2025-12-16
27125,NY,2024-10-20
27126,WI,2025-11-18
27127,NY,2024-03-09
27128,WA,2023-08-06
27129,MN,2024-06-29
27130,NC,2025-04-28
27131,WA,2024-04-10
27132,PA,2024-07-19
27133,WA,2024-05-18
27134,MN,2024-01-23
27135,TX,2024-06-24
27136,NC,2023-03-20
27137,NV,2024-04-27
27138,OH,2023-11-05
27139,TX,2024-02-23
27140,NY,2023-08-23
27141,OH,2024-03-12
27142,NY,2023-05-26
27143,CA,2023-06-15
27144,NY,2024-08-20
27145,NY,2024-03-21
27146,AK,2024-10-15
27147,VA,2023-02-16
27148,TX,2026-01-23
27149,NC,2025-08-08
27150,IL,2024-10-13
27151,TX,2024-10-15
27152,OR,2025-07-31
27153,CA,2024-10-15
27154,NY,2025-09-09
27155,MN,2023-08-31
27156,UT,2025-05-04
27157,NY,2025-06-22
27158,PA,2024-09-03
27159,CA,2026-02-05
27160,NY,2023-11-17
27161,WA,2025-03-15
27162,WA,2024-04-18
27163,AL,2024-12-08
27164,FL,2023-09-29
27165,PA,2024-04-11
27166,CA,2025-01-24
27167,MA,2023-08-12
27168,NY,2026-02-09
27169,NY,2023-10-15
27170,WI,2023-12-07
27171,NV,2023-06-07
27172,GA,2024-10-21
27173,WA,2023-07-05
27174,CT,2023-01-29
27175,WI,2025-06-15
27176,NY,2025-01-16
27177,NY,2025-11-16
27178,CA,2025-09-11
27179,GA,2024-06-16
27180,UT,2025-07-01
27181,NC,2026-01-20
27182,MA,2025-07-16
27183,TX,2023-06-21
27184,NC,2023-04-24
27185,NJ,2026-01-26
27186,OH,2025-11-11
27187,WA,2024-07-07
27188,CA,2026-02-18
27189,MO,2023-07-30
27190,ID,2025-03-26
27191,NJ,2024-01-21
27192,GA,2025-06-19
27193,CT,2025-12-12
27194,NY,2024-10-02
27195,CA,2025-08-08
27196,AR,2023-08-01
27197,WA,2023-07-09
27198,NM,2025-10-10
27199,IL,2023-07-03
27200,AL,2023-04-03
27201,WI,2024-12-16
27202,AZ,2025-09-28
27203,IL,2025-11-23
27204,NH,2025-03-29
27205,CA,2023-09-02
27206,SD,2024-12-05
27207,PA,2023-02-19
27208,PA,2023-08-27
27209,MN,2023-11-15
27210,FL,2024-07-15
27211,VA,2026-01-21
27212,CO,2025-01-29
27213,AZ,2023-11-26
27214,GA,2023-08-30
27215,TX,2024-08-31
27216,PA,2024-09-03
27217,NY,2025-10-19
27218,FL,2025-08-03
27219,CA,2025-05-15
27220,NY,2023-06-04
27221,NE,2024-06-25
27222,NY,2023-06-09
27223,CT,2025-02-28
27224,NJ,2024-05-03
27225,IL,2023-02-25
27226,MI,2025-05-01
27227,PA,2025-05-18
27228,MA,2025-08-23
27229,FL,2026-01-23
27230,MA,2024-11-13
27231,GA,2023-08-04
27232,MN,2023-05-26
27233,CA,2023-05-04
27234,CA,2025-03-29
27235,NJ,2023-11-28
27236,MI,2024-08-27
27237,CA,2023-07-08
27238,TX,2023-05-24
27239,MI,2026-02-25
27240,VA,2025-04-09
27241,MN,2024-12-25
27242,MA,2025-04-28
27243,FL,2025-04-11
27244,MO,2024-08-29
27245,PA,2023-03-13
27246,WA,2024-09-13
27247,MI,2025-08-03
27248,CT,2024-03-14
27249,TX,2023-06-08
27250,NC,2024-09-16
27251,IN,2025-07-02
27252,NC,2023-12-04
27253,PA,2025-01-24
27254,NJ,2026-01-12
27255,WA,2026-02-10
27256,IL,2025-09-09
27257,WA,2024-11-06
27258,CO,2024-01-04
27259,CA,2024-09-18
27260,FL,2026-02-01
27261,OH,2025-08-26
27262,TN,2024-10-31
27263,TX,2023-11-20
27264,SC,2025-02-28
27265,NC,2025-04-06
27266,PA,2023-09-21
27267,MA,2024-03-25
27268,NY,2024-07-02
27269,RI,2023-03-06
27270,TN,2024-03-01
27271,CO,2024-09-15
27272,NY,2023-12-19
27273,CA,2025-08-02
27274,WA,2024-08-02
27275,IL,2025-10-04
27276,AZ,2023-05-16
27277,FL,2025-10-07
27278,TX,2024-12-26
27279,FL,2025-01-22
27280,NH,2023-11-06
27281,TX,2023-06-05
27282,TX,2025-08-19
27283,FL,2024-01-01
27284,IL,2026-01-09
27285,NY,2025-12-18
27286,NM,2023-12-04
27287,NY,2024-04-16
27288,MO,2023-10-16
27289,NY,2024-01-09
27290,NY,2026-02-19
27291,FL,2023-12-13
27292,CO,2024-09-24
27293,ME,2023-02-05
27294,VA,2024-12-25
27295,NC,2024-04-03
27296,MD,2025-06-09
27297,NY,2025-03-12
27298,NV,2025-10-23
27299,NY,2023-01-06
27300,PA,2024-09-04
27301,MA,2023-11-05
27302,TX,2023-12-25
27303,WA,2025-08-15
27304,NY,2024-05-22
27305,WA,2024-04-09
27306,CT,2024-11-06
27307,FL,2025-03-12
27308,MD,2024-06-01
27309,NC,2025-09-25
27310,TX,2024-01-19
27311,MA,2025-08-19
27312,NY,2024-05-04
27313,CO,2024-06-22
27314,NM,2024-07-04
27315,AZ,2024-08-30
27316,MA,2023-06-11
27317,MN,2024-08-23
27318,CA,2024-10-26
27319,CA,2025-04-23
27320,VA,2025-05-11
27321,GA,2023-08-31
27322,WI,2023-01-30
27323,MA,2024-04-25
27324,SC,2023-08-09
27325,TX,2024-01-06
27326,PA,2026-01-06
27327,NY,2023-04-30
27328,WA,2024-05-24
27329,IL,2024-05-28
27330,CA,2026-01-08
27331,CA,2023-07-10
27332,FL,2025-11-06
27333,MA,2023-01-31
27334,MS,2025-06-15
27335,NY,2025-12-29
27336,CA,2024-01-27
27337,IL,2026-01-21
27338,VT,2026-01-01
27339,OH,2023-01-24
27340,UT,2024-03-22
27341,WA,2023-06-17
27342,TN,2025-02-08
27343,NY,2023-10-16
27344,RI,2025-11-03
27345,MN,2024-03-13
27346,WA,2023-02-24
27347,NY,2024-12-28
27348,TX,2023-03-25
27349,WA,2024-01-04
27350,MN,2025-06-14
27351,WA,2023-11-02
27352,MN,2024-12-10
27353,AL,2023-07-19
27354,LA,2023-12-01
27355,CA,2023-06-28
27356,GA,2024-03-25
27357,IL,2025-01-09
27358,PA,2025-05-17
27359,SC,2025-09-04
27360,WA,2024-10-27
27361,PA,2023-01-25
27362,CA,2024-04-20
27363,OR,2025-02-21
27364,NY,2023-07-21
27365,FL,2024-09-01
27366,LA,2024-08-11
27367,ND,2024-03-12
27368,NC,2025-05-21
27369,WA,2023-04-21
27370,GA,2023-05-03
27371,AZ,2023-02-23
27372,OH,2023-06-16
27373,TX,2025-09-16
27374,GA,2024-03-10
27375,IL,2025-08-17
27376,NE,2024-08-23
27377,MA,2025-10-31
27378,NH,2024-05-23
27379,CA,2024-07-17
27380,WI,2024-12-25
27381,CO,2025-12-13
27382,CA,2023-09-04
27383,PA,2024-08-03
27384,WA,2023-05-20
27385,WA,2025-05-20
27386,MN,2024-02-09
27387,CA,2024-05-20
27388,NY,2024-08-03
27389,IL,2023-12-13
27390,MD,2025-05-12
27391,MA,2024-01-09
27392,NY,2024-09-24
27393,TX,2023-10-19
27394,NY,2023-10-04
27395,NY,2023-09-11
27396,TX,2024-10-20
27397,TX,2023-01-03
27398,CA,2026-01-28
27399,CA,2024-04-01
27400,CA,2024-02-22
27401,MD,2023-06-06
27402,TX,2023-07-21
27403,NC,2025-06-02
27404,GA,2024-11-27
27405,TX,2023-11-25
27406,FL,2023-02-09
27407,FL,2024-12-15
27408,PA,2023-05-27
27409,NY,2023-08-30
27410,TN,2023-06-28
27411,FL,2025-12-08
27412,NJ,2023-06-29
27413,NJ,2024-10-23
27414,NC,2025-05-30
27415,TX,2025-08-15
27416,NY,2025-01-20
27417,NY,2023-07-28
27418,MI,2024-09-22
27419,NC,2024-06-26
27420,MS,2023-12-15
27421,FL,2024-06-02
27422,CA,2024-01-22
27423,NJ,2025-03-11
27424,PA,2024-08-29
27425,TN,2023-12-10
27426,VA,2025-11-27
27427,NJ,2024-01-01
27428,CA,2024-01-16
27429,FL,2026-02-23
27430,WA,2025-09-11
27431,MD,2026-01-29
27432,LA,2024-05-05
27433,FL,2023-07-12
27434,WI,2023-03-22
27435,NC,2025-05-27
27436,TX,2023-05-09
27437,TX,2025-10-26
27438,NY,2023-01-21
27439,MN,2025-04-30
27440,CA,2023-01-28
27441,FL,2024-03-25
27442,OR,2025-07-11
27443,IL,2025-07-16
27444,WA,2024-10-13
27445,MO,2025-04-12
27446,PA,2023-08-23
27447,CA,2024-02-28
27448,TX,2024-08-27
27449,MT,2023-03-23
27450,MA,2023-11-14
27451,VA,2023-12-31
27452,NY,2025-02-03
27453,CA,2025-01-09
27454,CA,2024-02-04
27455,VA,2023-12-22
27456,CO,2025-07-24
27457,FL,2023-08-23
27458,NY,2023-02-04
27459,OR,2024-09-30
27460,OR,2023-12-05
27461,NY,2025-12-12
27462,KY,2024-03-18
27463,OH,2024-02-24
27464,WA,2024-12-06
27465,TX,2025-01-21
27466,KY,2023-09-06
27467,RI,2023-10-20
27468,FL,2023-07-26
27469,MI,2026-01-29
27470,WA,2024-03-10
27471,TX,2023-08-27
27472,NY,2026-02-21
27473,NY,2024-06-01
27474,SD,2025-01-06
27475,CA,2023-05-29
27476,LA,2023-02-26
27477,NV,2023-06-05
27478,MA,2024-06-19
27479,GA,2023-04-25
27480,GA,2024-08-26
27481,VA,2023-11-27
27482,TX,2024-01-01
27483,NY,2025-06-04
27484,OR,2025-11-26
27485,NJ,2023-10-24
27486,IL,2024-04-09
27487,CA,2025-04-26
27488,GA,2025-01-07
27489,CA,2025-05-22
27490,NY,2025-03-21
27491,PA,2024-04-30
27492,IL,2024-02-03
27493,TX,2025-12-11
27494,WI,2025-02-10
27495,MA,2025-07-02
27496,OH,2025-06-04
27497,PA,2024-06-02
27498,AZ,2024-12-02
27499,IN,2023-12-13
27500,PA,2023-02-27
27501,VT,2024-10-19
27502,TX,2023-06-27
27503,AZ,2024-04-09
27504,FL,2026-02-24
27505,NC,2025-12-04
27506,PA,2023-07-09
27507,MA,2024-01-01
27508,CO,2023-07-12
27509,CA,2024-07-20
27510,CA,2023-10-21
27511,CA,2025-02-10
27512,CO,2025-10-07
27513,IL,2024-06-10
27514,CA,2023-05-29
27515,NC,2023-05-29
27516,TX,2023-09-08
27517,WA,2024-03-10
27518,SC,2023-08-02
27519,NY,2024-09-11
27520,TX,2023-02-04
27521,MI,2024-01-16
27522,GA,2025-02-10
27523,ME,2023-08-15
27524,CA,2023-08-08
27525,PA,2025-03-08
27526,WA,2023-09-22
27527,FL,2025-02-25
27528,MO,2023-12-02
27529,PA,2025-08-18
27530,MS,2023-11-28
27531,TX,2025-02-11
27532,PA,2024-12-24
27533,SD,2024-09-22
27534,NY,2024-12-06
27535,PA,2025-12-02
27536,RI,2025-09-06
27537,NY,2024-11-18
27538,WA,2024-03-17
27539,NC,2024-09-02
27540,FL,2024-03-12
27541,LA,2025-08-16
27542,FL,2025-06-20
27543,IL,2026-02-22
27544,WA,2025-03-11
27545,AZ,2023-06-20
27546,WA,2023-11-06
27547,FL,2025-09-05
27548,TX,2023-12-18
27549,TX,2025-05-09
27550,MO,2025-09-22
27551,MN,2023-05-21
27552,NC,2025-01-15
27553,MO,2023-08-09
27554,NY,2025-01-12
27555,FL,2025-04-19
27556,NY,2023-04-23
27557,CA,2025-12-07
27558,TX,2026-01-12
27559,TX,2024-11-06
27560,LA,2023-06-22
27561,WI,2023-05-25
27562,WA,2025-01-31
27563,FL,2024-06-28
27564,IN,2023-11-17
27565,WA,2024-12-06
27566,NY,2023-05-06
27567,VA,2025-06-30
27568,OH,2024-11-05
27569,CA,2026-02-26
27570,OH,2024-11-13
27571,WA,2025-10-13
27572,VA,2026-01-03
27573,WA,2023-08-04
27574,CA,2025-01-12
27575,CA,2023-08-25
27576,MD,2023-04-06
27577,NY,2025-06-30
27578,HI,2023-03-13
27579,CA,2025-07-06
27580,MI,2025-08-09
27581,LA,2023-02-21
27582,SC,2025-09-03
27583,PA,2023-06-04
27584,MI,2023-11-16
27585,AL,2023-10-28
27586,UT,2023-07-14
27587,MD,2025-11-15
27588,NV,2023-07-28
27589,MI,2025-01-02
27590,TX,2025-04-25
27591,RI,2025-03-08
27592,TX,2025-09-23
27593,MA,2023-09-10
27594,IL,2025-08-01
27595,NY,2024-09-05
27596,NY,2023-07-03
27597,NY,2024-05-13
27598,TX,2025-05-06
27599,CA,2025-09-26
27600,TX,2024-04-30
27601,UT,2023-07-14
27602,CA,2025-11-10
27603,AZ,2025-03-08
27604,AL,2025-12-14
27605,ID,2025-10-22
27606,CA,2023-10-31
27607,TX,2023-03-30
27608,NY,2025-05-29
27609,MI,2025-10-04
27610,VA,2024-08-08
27611,CA,2023-11-01
27612,AL,2024-06-14
27613,MA,2023-10-11
27614,CA,2024-03-16
27615,TX,2023-07-07
27616,NY,2025-04-26
27617,WA,2025-08-20
27618,FL,2025-01-14
27619,WA,2024-09-18
27620,PA,2024-07-10
27621,MA,2025-09-25
27622,WA,2024-09-21
27623,OR,2024-01-07
27624,WA,2023-11-05
27625,NY,2023-04-12
27626,TX,2023-05-12
27627,NY,2023-07-21
27628,NC,2023-10-21
27629,IL,2023-02-02
27630,NY,2023-01-18
27631,NY,2025-05-21
27632,TX,2024-11-02
27633,AZ,2026-02-12
27634,NC,2023-07-27
27635,KS,2023-06-10
27636,CA,2023-11-15
27637,MA,2024-04-06
27638,NY,2025-06-27
27639,NE,2023-02-21
27640,VA,2023-02-21
27641,MS,2024-09-09
27642,OR,2024-09-01
27643,UT,2023-05-11
27644,ND,2025-08-21
27645,CA,2023-08-11
27646,LA,2023-11-11
27647,AZ,2025-04-16
27648,MD,2026-02-23
27649,WA,2024-05-26
27650,NY,2023-05-10
27651,MA,2024-12-08
27652,PA,2025-12-03
27653,FL,2023-07-07
27654,SC,2023-09-01
27655,CA,2025-07-11
27656,ME,2024-08-25
27657,TX,2025-07-23
27658,TX,2025-07-22
27659,UT,2023-11-15
27660,SC,2025-08-11
27661,CO,2023-10-01
27662,TX,2025-02-01
27663,IL,2025-07-13
27664,MA,2023-03-12
27665,CA,2023-01-24
27666,TX,2023-05-14
27667,CO,2025-01-27
27668,KS,2025-07-26
27669,CA,2023-07-21
27670,GA,2023-06-10
27671,NY,2025-12-05
27672,TX,2024-05-12
27673,CA,2023-04-15
27674,RI,2025-08-04
27675,MA,2026-01-13
27676,TN,2026-01-05
27677,MA,2024-06-08
27678,IL,2025-04-01
27679,CA,2025-06-26
27680,MI,2025-09-10
27681,SC,2023-10-18
27682,NJ,2023-12-05
27683,PA,2023-01-13
27684,NC,2024-06-17
27685,NY,2024-07-05
27686,NY,2023-05-07
27687,MI,2025-02-13
27688,NV,2025-10-09
27689,WA,2025-04-02
27690,CA,2025-08-28
27691,TX,2023-08-10
27692,NE,2024-02-01
27693,CA,2023-04-09
27694,NM,2023-10-06
27695,NY,2024-11-23
27696,PA,2025-02-26
27697,IL,2024-01-11
27698,OH,2023-08-24
27699,IN,2024-10-19
27700,NY,2023-03-09
27701,CA,2025-08-25
27702,MA,2025-03-24
27703,NY,2024-08-06
27704,AZ,2024-09-08
27705,FL,2025-05-21
27706,NY,2025-03-28
27707,PA,2023-02-22
27708,PA,2025-09-08
27709,CA,2024-12-16
27710,PA,2024-01-27
27711,VA,2025-11-21
27712,AL,2023-07-10
27713,GA,2025-04-10
27714,TX,2023-02-20
27715,FL,2024-06-21
27716,LA,2023-10-05
27717,CO,2024-03-26
27718,NY,2023-11-30
27719,MA,2025-02-03
27720,TX,2024-05-20
27721,OH,2024-04-26
27722,GA,2023-12-26
27723,PA,2024-12-03
27724,TX,2023-05-25
27725,IL,2024-07-06
27726,NJ,2023-03-17
27727,IL,2024-11-03
27728,OR,2023-10-15
27729,NY,2025-12-25
27730,MA,2024-06-26
27731,VT,2025-07-25
27732,MA,2025-08-25
27733,WI,2023-07-18
27734,TX,2024-02-24
27735,TX,2026-01-02
27736,NY,2023-04-21
27737,IL,2023-04-04
27738,WA,2025-05-26
27739,MI,2023-12-26
27740,PA,2023-10-24
27741,CA,2023-09-18
27742,FL,2024-12-25
27743,LA,2023-11-14
27744,CO,2023-09-29
27745,AR,2023-07-27
27746,CA,2025-05-27
27747,GA,2024-02-07
27748,PA,2026-01-11
27749,FL,2024-03-18
27750,NY,2024-08-31
27751,WA,2025-12-28
27752,TX,2024-04-13
27753,OR,2025-03-20
27754,TX,2025-04-03
27755,IL,2025-07-31
27756,FL,2025-05-25
27757,FL,2024-04-05
27758,OH,2023-04-01
27759,CA,2023-10-16
27760,FL,2025-03-04
27761,AZ,2025-10-01
27762,RI,2024-08-13
27763,MS,2024-07-09
27764,TX,2024-08-05
27765,GA,2024-07-01
27766,HI,2024-07-11
27767,FL,2025-08-03
27768,NC,2023-08-12
27769,WA,2025-02-09
27770,WA,2025-11-14
27771,CO,2024-11-07
27772,FL,2023-06-13
27773,TX,2023-10-18
27774,CA,2023-02-14
27775,CT,2024-01-03
27776,OR,2025-01-06
27777,CT,2023-05-26
27778,MI,2025-07-11
27779,UT,2023-12-16
27780,NC,2025-03-09
27781,CA,2025-04-14
27782,TX,2025-08-05
27783,VA,2025-10-30
27784,MA,2024-06-03
27785,VA,2025-11-23
27786,FL,2023-08-22
27787,NY,2024-06-07
27788,TX,2025-01-19
27789,MA,2025-08-10
27790,NJ,2024-01-21
27791,NY,2023-09-30
27792,MN,2025-04-23
27793,VA,2023-11-23
27794,IL,2023-12-01
27795,SC,2024-05-28
27796,IL,2023-01-27
27797,NJ,2024-10-26
27798,MI,2023-05-20
27799,NY,2023-04-05
27800,MD,2023-06-17
27801,AZ,2023-01-28
27802,OH,2024-08-06
27803,NY,2025-10-10
27804,TX,2023-11-04
27805,WA,2023-05-14
27806,NC,2025-02-24
27807,UT,2024-12-04
27808,NJ,2024-05-09
27809,TX,2023-12-21
27810,CO,2024-06-30
27811,NC,2024-09-29
27812,FL,2025-11-06
27813,CA,2023-04-20
27814,WA,2023-01-10
27815,MI,2024-07-16
27816,AZ,2026-02-09
27817,OR,2025-04-28
27818,FL,2025-01-18
27819,CA,2024-08-31
27820,MS,2024-04-10
27821,FL,2023-06-26
27822,MA,2026-02-24
27823,AZ,2025-09-12
27824,LA,2025-05-29
27825,CA,2025-08-18
27826,IL,2025-06-13
27827,NJ,2023-09-23
27828,NY,2023-01-25
27829,GA,2025-12-24
27830,MI,2024-03-02
27831,GA,2026-02-28
27832,MA,2025-04-02
27833,NC,2024-03-30
27834,OH,2025-01-16
27835,FL,2026-02-10
27836,NV,2024-07-25
27837,CA,2024-06-09
27838,WI,2023-03-28
27839,GA,2025-11-03
27840,CA,2024-01-28
27841,FL,2024-11-15
27842,CA,2024-05-28
27843,FL,2025-01-25
27844,CA,2023-06-09
27845,KY,2023-08-06
27846,WA,2025-02-21
27847,ID,2024-06-29
27848,RI,2023-02-09
27849,MI,2023-01-26
27850,TX,2024-05-05
27851,WV,2025-11-14
27852,NJ,2023-07-18
27853,VA,2024-01-06
27854,WA,2023-04-01
27855,CA,2024-02-03
27856,AK,2024-04-04
27857,NY,2024-07-10
27858,TX,2023-08-13
27859,KY,2025-02-27
27860,TN,2023-03-30
27861,CA,2024-07-26
27862,FL,2024-12-12
27863,TX,2023-12-10
27864,MA,2024-04-14
27865,OR,2025-06-30
27866,FL,2025-04-18
27867,NY,2025-02-24
27868,NC,2025-10-15
27869,OR,2025-11-12
27870,MA,2024-06-21
27871,NY,2023-08-18
27872,NJ,2023-05-10
27873,FL,2024-09-18
27874,TX,2023-06-15
27875,MS,2024-11-12
27876,MT,2024-07-28
27877,CA,2023-08-31
27878,SC,2024-01-03
27879,NY,2024-11-29
27880,MD,2024-09-18
27881,NC,2023-09-15
27882,NE,2023-07-26
27883,CA,2026-02-05
27884,TX,2023-09-13
27885,GA,2023-09-04
27886,MS,2023-06-27
27887,CA,2026-01-05
27888,MN,2023-02-07
27889,NC,2024-01-27
27890,NJ,2024-08-14
27891,MA,2024-10-21
27892,NY,2025-03-04
27893,TX,2025-07-19
27894,NY,2023-05-01
27895,KY,2023-12-03
27896,PA,2024-11-14
27897,ME,2023-05-15
27898,AZ,2025-11-24
27899,WI,2025-11-01
27900,TX,2024-01-04
27901,CO,2025-11-30
27902,PA,2023-02-23
27903,MI,2026-02-26
27904,CA,2023-10-08
27905,FL,2023-09-06
27906,WA,2025-10-17
27907,CA,2025-06-08
27908,MO,2024-08-09
27909,CA,2023-12-23
27910,NY,2024-05-01
27911,NC,2025-12-04
27912,OH,2024-06-15
27913,NC,2025-01-26
27914,CO,2025-09-09
27915,TX,2023-07-26
27916,NY,2026-02-13
27917,WA,2024-11-09
27918,FL,2023-10-12
27919,FL,2025-07-26
27920,FL,2023-04-06
27921,KY,2025-04-03
27922,TX,2025-06-01
27923,IL,2024-05-24
27924,NY,2025-04-05
27925,PA,2023-03-02
27926,FL,2026-02-26
27927,MA,2023-03-30
27928,FL,2026-01-06
27929,IL,2023-03-11
27930,CA,2024-11-15
27931,NM,2024-01-28
27932,WA,2024-09-15
27933,TX,2024-04-10
27934,GA,2025-10-18
27935,WA,2024-03-07
27936,ID,2025-07-23
27937,TX,2023-10-01
27938,TN,2026-02-02
27939,FL,2023-08-21
27940,CA,2025-06-03
27941,MA,2025-05-05
27942,NY,2025-03-13
27943,TX,2024-12-10
27944,CA,2025-04-28
27945,IN,2025-12-31
27946,TX,2023-06-03
27947,PA,2023-09-11
27948,CT,2024-11-22
27949,MA,2023-01-08
27950,UT,2023-02-04
27951,IN,2025-03-12
27952,WI,2026-02-05
27953,CA,2023-05-20
27954,FL,2023-06-04
27955,WA,2024-10-20
27956,NY,2023-11-09
27957,FL,2024-07-19
27958,VA,2024-12-01
27959,MD,2024-02-06
27960,CA,2025-01-02
27961,LA,2024-01-19
27962,KS,2025-05-01
27963,IL,2024-10-22
27964,FL,2026-02-04
27965,FL,2025-02-21
27966,TX,2023-12-09
27967,CA,2025-05-05
27968,NJ,2024-07-29
27969,CO,2025-02-20
27970,TX,2024-05-17
27971,OK,2024-07-19
27972,OR,2024-10-01
27973,MI,2025-04-02
27974,FL,2024-11-22
27975,NC,2024-10-20
27976,NY,2023-07-03
27977,AZ,2024-04-18
27978,AL,2023-04-07
27979,CA,2023-12-02
27980,VA,2024-02-07
27981,OH,2023-08-24
27982,CA,2024-08-28
27983,CA,2023-08-11
27984,NJ,2025-07-04
27985,CA,2024-09-14
27986,CA,2023-03-03
27987,TX,2023-08-27
27988,WA,2024-07-11
27989,WA,2025-01-25
27990,CA,2024-08-29
27991,FL,2024-01-20
27992,NY,2025-07-31
27993,NY,2023-12-29
27994,TN,2024-07-25
27995,CA,2025-09-03
27996,NJ,2025-08-17
27997,NC,2025-12-14
27998,PA,2026-02-04
27999,MN,2023-10-14
28000,CA,2025-06-19
28001,NY,2025-06-05
28002,NY,2024-11-24
28003,TX,2023-06-30
28004,CA,2026-01-24
28005,OR,2025-10-23
28006,CA,2024-01-30
28007,CA,2023-10-25
28008,NY,2024-11-25
28009,FL,2025-06-27
28010,CO,2023-05-20
28011,TX,2025-01-19
28012,MD,2023-01-10
28013,CA,2025-06-15
28014,OH,2025-08-10
28015,NJ,2023-03-12
28016,CA,2026-02-16
28017,MO,2025-06-25
28018,CA,2023-05-07
28019,TX,2023-09-17
28020,TX,2023-08-16
28021,WA,2024-03-20
28022,MA,2025-02-16
28023,FL,2023-08-28
28024,MD,2024-01-15
28025,GA,2023-11-28
28026,FL,2025-07-14
28027,IN,2024-02-21
28028,CO,2023-06-14
28029,PA,2025-04-29
28030,DE,2023-08-27
28031,CA,2023-10-06
28032,TX,2023-03-11
28033,NM,2023-01-19
28034,NY,2023-08-26
28035,MA,2025-06-29
28036,MD,2023-03-11
28037,MI,2023-07-17
28038,MI,2025-10-13
28039,FL,2025-04-23
28040,AZ,2023-07-13
28041,MA,2023-05-12
28042,NY,2024-01-10
28043,MO,2025-12-29
28044,TX,2025-02-05
28045,NY,2025-01-15
28046,CA,2024-01-06
28047,CA,2023-08-18
28048,FL,2026-01-11
28049,MD,2025-01-24
28050,WI,2025-08-11
28051,TX,2025-07-12
28052,TN,2023-07-02
28053,TX,2023-12-21
28054,IN,2025-08-27
28055,CA,2024-07-18
28056,MT,2025-09-21
28057,CA,2023-01-28
28058,CA,2025-03-24
28059,AZ,2024-03-26
28060,CA,2024-05-01
28061,CA,2023-07-26
28062,NY,2024-11-09
28063,CA,2023-08-02
28064,MI,2026-01-12
28065,CO,2023-01-27
28066,FL,2025-11-24
28067,MI,2025-03-25
28068,PA,2025-03-30
28069,IL,2023-03-10
28070,IL,2023-07-13
28071,FL,2023-10-24
28072,OR,2024-07-10
28073,TX,2025-08-24
28074,MN,2023-10-19
28075,CO,2024-08-25
28076,IN,2023-11-22
28077,GA,2024-11-06
28078,WA,2025-10-11
28079,FL,2023-06-30
28080,TN,2025-02-06
28081,CA,2023-12-27
28082,IL,2024-02-28
28083,AZ,2024-09-01
28084,NJ,2023-05-04
28085,IN,2023-06-27
28086,MI,2023-11-26
28087,TX,2025-08-20
28088,GA,2023-06-12
28089,MO,2025-03-23
28090,MA,2024-05-07
28091,AZ,2025-05-27
28092,WA,2024-04-15
28093,CA,2023-12-07
28094,MA,2023-06-04
28095,PA,2025-01-29
28096,NJ,2024-08-07
28097,MA,2023-04-10
28098,WA,2023-08-14
28099,WA,2025-11-19
28100,NC,2025-01-04
28101,VA,2025-11-05
28102,NY,2024-12-18
28103,MN,2024-04-02
28104,NY,2023-08-04
28105,MA,2024-09-03
28106,AL,2024-06-19
28107,MI,2024-03-08
28108,NC,2025-08-16
28109,FL,2024-07-11
28110,CA,2023-08-28
28111,NY,2025-03-26
28112,ID,2023-04-12
28113,CO,2024-10-26
28114,OR,2025-12-02
28115,CA,2023-11-17
28116,CA,2025-03-19
28117,FL,2024-02-17
28118,MN,2025-07-16
28119,NV,2023-02-03
28120,PA,2025-01-19
28121,FL,2024-03-20
28122,CA,2023-06-29
28123,NV,2024-12-17
28124,PA,2025-08-26
28125,FL,2023-11-08
28126,NC,2023-01-06
28127,GA,2024-07-01
28128,CA,2024-09-29
28129,NV,2024-04-02
28130,TX,2024-07-24
28131,NJ,2023-03-09
28132,OH,2023-04-30
28133,PA,2025-08-21
28134,WA,2025-04-27
28135,WA,2025-05-24
28136,NY,2025-08-04
28137,CA,2025-10-06
28138,AZ,2023-12-12
28139,CO,2025-07-22
28140,GA,2024-09-19
28141,GA,2024-09-05
28142,PA,2023-10-02
28143,WA,2024-09-21
28144,NJ,2025-12-24
28145,MA,2023-03-10
28146,NY,2024-12-27
28147,MA,2023-11-05
28148,MN,2023-05-27
28149,FL,2024-07-31
28150,CA,2024-05-22
28151,OR,2023-06-25
28152,PA,2024-07-31
28153,MA,2023-07-20
28154,VA,2025-11-07
28155,RI,2026-02-24
28156,WY,2024-12-13
28157,PA,2025-12-10
28158,NY,2023-07-07
28159,TX,2023-08-18
28160,PA,2025-08-12
28161,WA,2025-04-25
28162,NY,2024-03-02
28163,FL,2026-01-10
28164,CA,2024-04-22
28165,PA,2025-11-22
28166,NC,2025-01-19
28167,VA,2024-08-15
28168,TN,2025-05-16
28169,NY,2024-05-28
28170,CA,2023-11-28
28171,ME,2024-06-16
28172,AR,2023-01-05
28173,NY,2023-10-11
28174,TX,2023-10-31
28175,IN,2025-05-13
28176,NC,2025-05-16
28177,OR,2025-04-17
28178,OR,2023-06-17
28179,MI,2023-01-06
28180,NY,2023-05-22
28181,PA,2024-01-10
28182,IL,2026-02-22
28183,AL,2024-01-30
28184,WA,2025-11-13
28185,PA,2023-04-19
28186,WI,2023-07-29
28187,ME,2024-08-29
28188,KY,2025-03-07
28189,NY,2023-01-02
28190,NY,2025-01-12
28191,SC,2025-02-04
28192,NY,2026-02-08
28193,NC,2023-03-17
28194,CA,2023-07-31
28195,TX,2023-07-06
28196,MA,2023-11-06
28197,WA,2025-08-23
28198,NY,2025-06-06
28199,NJ,2023-07-30
28200,MA,2023-12-17
28201,NC,2023-11-18
28202,FL,2023-07-26
28203,MA,2026-01-18
28204,PA,2024-10-19
28205,CA,2023-03-06
28206,MA,2024-02-20
28207,CA,2025-10-19
28208,VA,2024-04-21
28209,WA,2024-01-05
28210,PA,2024-11-03
28211,CA,2025-01-12
28212,NY,2024-10-15
28213,MN,2024-03-07
28214,IL,2023-08-27
28215,NC,2023-10-20
28216,WA,2023-08-25
28217,NJ,2024-10-06
28218,CA,2024-12-01
28219,WA,2023-11-21
28220,IA,2024-02-26
28221,CA,2024-03-05
28222,NC,2023-12-20
28223,DE,2023-10-20
28224,AL,2025-03-05
28225,IL,2024-09-15
28226,NV,2024-01-16
28227,TX,2023-08-13
28228,TX,2025-06-21
28229,NY,2024-11-01
28230,FL,2024-06-03
28231,CA,2024-08-29
28232,MI,2024-11-07
28233,SD,2024-03-18
28234,AL,2024-12-19
28235,NC,2023-07-01
28236,MS,2024-03-17
28237,MO,2024-08-30
28238,TX,2025-08-01
28239,MT,2026-02-10
28240,GA,2023-09-24
28241,AZ,2025-07-18
28242,KY,2025-03-11
28243,WA,2024-04-09
28244,OR,2025-09-19
28245,FL,2024-05-22
28246,PA,2023-04-23
28247,MI,2023-05-12
28248,NC,2025-07-13
28249,CA,2025-05-24
28250,FL,2023-04-13
28251,WI,2024-11-12
28252,TX,2025-09-05
28253,CA,2023-03-07
28254,OH,2023-05-15
28255,TX,2026-02-22
28256,NY,2023-02-26
28257,FL,2025-02-28
28258,TX,2025-06-25
28259,TX,2024-11-24
28260,NY,2025-11-03
28261,KY,2025-06-17
28262,TX,2024-09-17
28263,CA,2024-04-10
28264,TX,2025-10-20
28265,NY,2023-01-27
28266,MT,2025-02-10
28267,FL,2023-11-16
28268,TX,2023-08-07
28269,SC,2024-02-23
28270,WA,2026-02-13
28271,WA,2024-08-28
28272,WA,2023-03-10
28273,VA,2024-11-13
28274,NC,2025-08-26
28275,FL,2024-04-05
28276,CA,2025-09-29
28277,CA,2023-05-29
28278,TX,2023-07-12
28279,FL,2023-06-11
28280,OK,2025-09-02
28281,MS,2025-01-11
28282,NY,2024-07-06
28283,TX,2023-06-11
28284,FL,2023-06-02
28285,MO,2023-11-17
28286,TX,2026-01-04
28287,CO,2024-01-15
28288,AL,2025-02-01
28289,NY,2025-02-28
28290,PA,2024-12-01
28291,GA,2026-02-23
28292,MO,2025-01-21
28293,TX,2025-07-29
28294,PA,2024-08-03
28295,NY,2024-02-16
28296,CA,2024-07-09
28297,MA,2024-09-12
28298,MN,2023-12-15
28299,MD,2026-01-18
28300,TX,2025-09-15
28301,MA,2024-01-04
28302,FL,2023-03-10
28303,WI,2023-05-24
28304,AZ,2023-02-25
28305,NC,2026-01-05
28306,OK,2024-06-03
28307,MA,2023-03-31
28308,WA,2024-01-11
28309,VA,2025-02-15
28310,CO,2025-09-24
28311,WA,2023-12-03
28312,NY,2024-05-20
28313,NC,2023-04-18
28314,NC,2024-08-29
28315,MI,2024-05-25
28316,UT,2023-11-17
28317,GA,2023-10-13
28318,FL,2025-03-25
28319,GA,2025-05-05
28320,CA,2024-08-09
28321,NY,2023-12-28
28322,IL,2023-08-10
28323,TX,2024-12-16
28324,IL,2024-03-13
28325,GA,2025-10-03
28326,TX,2024-07-26
28327,NC,2024-03-23
28328,TX,2023-10-28
28329,HI,2025-08-30
28330,AL,2024-07-02
28331,CA,2025-09-21
28332,NY,2025-09-30
28333,NC,2024-09-05
28334,FL,2026-02-07
28335,IL,2024-07-15
28336,CO,2024-05-22
28337,TX,2025-06-09
28338,WA,2025-04-18
28339,NY,2025-03-09
28340,KY,2025-06-01
28341,RI,2025-03-26
28342,OH,2024-05-13
28343,FL,2024-03-29
28344,TX,2025-09-11
28345,NE,2023-09-06
28346,CO,2024-10-20
28347,NC,2025-02-21
28348,CA,2024-11-05
28349,CO,2024-11-19
28350,CA,2023-08-18
28351,MA,2023-08-12
28352,TX,2023-02-23
28353,TX,2025-11-25
28354,WA,2024-11-30
28355,TX,2024-04-26
28356,CA,2024-08-08
28357,TX,2023-10-16
28358,TX,2023-11-07
28359,CA,2024-04-02
28360,OH,2023-02-20
28361,UT,2026-01-27
28362,CO,2023-12-08
28363,CO,2024-07-16
28364,PA,2025-09-09
28365,MD,2024-04-01
28366,NY,2025-01-20
28367,PA,2025-05-01
28368,NV,2023-09-23
28369,DE,2023-01-26
28370,IL,2025-12-09
28371,PA,2025-07-31
28372,CA,2024-10-02
28373,CA,2023-12-31
28374,NY,2023-05-25
28375,IL,2023-06-16
28376,NJ,2025-12-02
28377,LA,2025-08-29
28378,CA,2025-11-04
28379,MD,2023-05-09
28380,ID,2023-02-27
28381,NY,2023-02-23
28382,PA,2023-05-13
28383,FL,2023-07-29
28384,TX,2023-08-30
28385,WA,2024-01-18
28386,NV,2023-08-03
28387,TX,2025-12-30
28388,NC,2025-03-24
28389,NY,2026-01-18
28390,FL,2023-03-25
28391,TX,2024-10-24
28392,WA,2025-08-11
28393,NE,2023-03-23
28394,OR,2025-03-11
28395,CA,2023-03-30
28396,CA,2023-06-09
28397,WA,2025-10-04
28398,TX,2024-01-05
28399,NV,2024-07-15
28400,CA,2023-06-28
28401,WA,2025-01-01
28402,CA,2024-05-29
28403,VT,2023-04-26
28404,FL,2024-02-05
28405,TX,2023-10-26
28406,NC,2024-10-30
28407,CA,2024-05-24
28408,TX,2026-02-05
28409,GA,2023-02-21
28410,NC,2025-10-04
28411,CA,2024-06-23
28412,NY,2023-07-31
28413,KS,2026-02-06
28414,CO,2025-02-08
28415,MA,2025-01-01
28416,ME,2024-06-12
28417,SC,2024-12-24
28418,NC,2025-10-09
28419,AL,2025-03-06
28420,MA,2025-07-17
28421,CA,2023-03-26
28422,OR,2024-02-25
28423,IL,2023-07-29
28424,PA,2023-03-03
28425,NC,2023-01-05
28426,CA,2024-05-10
28427,NV,2026-02-04
28428,MD,2024-12-31
28429,WA,2023-06-28
28430,PA,2025-12-25
28431,WY,2024-06-12
28432,FL,2024-01-22
28433,RI,2024-07-05
28434,OH,2023-12-02
28435,IN,2024-08-10
28436,SD,2025-01-27
28437,FL,2025-12-10
28438,MA,2024-10-02
28439,MA,2023-11-03
28440,AR,2024-12-21
28441,WA,2023-07-30
28442,FL,2025-07-23
28443,TX,2023-02-18
28444,CA,2024-03-16
28445,MN,2023-09-03
28446,MI,2024-07-04
28447,OK,2024-03-27
28448,CA,2024-10-16
28449,MI,2023-09-04
28450,TN,2023-12-27
28451,NY,2024-10-29
28452,MA,2023-01-16
28453,CA,2024-01-25
28454,CT,2023-12-14
28455,CA,2025-07-16
28456,MD,2023-10-08
28457,CT,2023-05-25
28458,AZ,2023-02-15
28459,NY,2024-04-07
28460,CA,2025-03-31
28461,TX,2024-05-08
28462,AL,2023-05-13
28463,VA,2023-09-25
28464,FL,2024-08-15
28465,CA,2024-10-31
28466,CA,2025-09-05
28467,MI,2023-08-12
28468,TX,2025-06-30
28469,KS,2023-01-02
28470,MS,2025-08-29
28471,PA,2024-09-28
28472,NJ,2023-04-27
28473,MD,2024-03-12
28474,NY,2023-11-07
28475,MI,2025-10-09
28476,NY,2023-08-05
28477,CO,2024-07-24
28478,NJ,2023-12-11
28479,TN,2023-03-19
28480,MD,2026-02-16
28481,PA,2024-08-19
28482,FL,2025-10-24
28483,MT,2024-10-30
28484,IL,2025-06-17
28485,MI,2023-11-06
28486,AZ,2026-01-08
28487,GA,2023-02-13
28488,ND,2025-07-04
28489,VA,2024-03-28
28490,RI,2025-10-04
28491,CA,2024-12-30
28492,NE,2023-07-13
28493,VA,2025-11-01
28494,FL,2025-08-11
28495,CA,2024-12-17
28496,NY,2026-02-23
28497,MN,2023-12-14
28498,CA,2025-12-31
28499,NY,2024-03-15
28500,OR,2025-01-01
28501,CA,2023-10-29
28502,NJ,2023-12-15
28503,CA,2023-05-01
28504,PA,2025-02-24
28505,FL,2024-07-08
28506,GA,2023-07-27
28507,NY,2024-04-18
28508,SC,2023-08-02
28509,NY,2023-03-18
28510,NY,2023-09-09
28511,CA,2024-07-25
28512,NC,2023-08-01
28513,TN,2024-05-12
28514,NJ,2024-12-05
28515,CA,2023-01-29
28516,TX,2025-06-15
28517,MI,2023-03-14
28518,WA,2025-02-27
28519,NC,2023-07-25
28520,VA,2023-02-21
28521,NY,2025-09-29
28522,CO,2023-11-18
28523,OH,2024-09-18
28524,FL,2025-12-21
28525,MD,2023-01-19
28526,CA,2023-11-07
28527,FL,2024-08-13
28528,TN,2024-06-06
28529,CA,2024-10-17
28530,NM,2023-03-26
28531,NC,2025-08-15
28532,NY,2023-01-03
28533,CA,2025-02-09
28534,CA,2024-02-09
28535,NC,2025-12-02
28536,ND,2023-08-21
28537,NY,2024-05-22
28538,TX,2025-07-04
28539,CT,2025-09-12
28540,NE,2023-01-21
28541,MA,2025-10-30
28542,MO,2023-02-14
28543,NC,2024-08-27
28544,VA,2025-10-23
28545,TX,2023-02-12
28546,NY,2023-10-24
28547,MO,2024-01-12
28548,MA,2026-02-04
28549,LA,2025-07-25
28550,TX,2024-12-17
28551,TX,2024-09-27
28552,NY,2026-02-10
28553,NC,2024-01-12
28554,TX,2023-02-16
28555,FL,2023-11-27
28556,NE,2023-08-24
28557,PA,2025-05-11
28558,CA,2023-10-12
28559,WA,2025-01-23
28560,IL,2024-12-16
28561,NY,2024-12-12
28562,MI,2025-12-16
28563,NH,2024-03-12
28564,IL,2026-01-02
28565,CA,2023-04-29
28566,NY,2024-07-24
28567,UT,2025-08-05
28568,NY,2023-02-27
28569,KY,2024-05-14
28570,AL,2024-12-31
28571,KY,2025-03-06
28572,GA,2024-04-26
28573,IL,2023-11-22
28574,FL,2025-12-22
28575,MA,2023-08-19
28576,NY,2024-07-08
28577,NY,2024-02-27
28578,ID,2024-12-30
28579,MI,2023-07-22
28580,AZ,2024-11-20
28581,KS,2025-02-22
28582,WI,2024-03-28
28583,WA,2025-10-23
28584,NY,2026-01-17
28585,AZ,2025-12-10
28586,UT,2024-11-02
28587,ME,2025-10-17
28588,WA,2024-04-24
28589,GA,2025-06-04
28590,DE,2024-01-31
28591,PA,2023-06-08
28592,TX,2024-04-09
28593,NY,2024-07-24
28594,WI,2025-10-10
28595,TX,2024-07-12
28596,SD,2025-09-08
28597,TX,2025-10-17
28598,IL,2024-06-26
28599,MA,2023-09-04
28600,MA,2024-11-29
28601,TX,2024-08-15
28602,CA,2025-04-21
28603,TX,2025-10-25
28604,WV,2024-05-30
28605,WA,2024-05-01
28606,FL,2024-10-16
28607,TX,2025-06-16
28608,OH,2023-11-08
28609,CA,2024-12-24
28610,WI,2025-02-01
28611,AL,2025-09-21
28612,AZ,2024-11-24
28613,VA,2023-07-28
28614,NM,2024-12-18
28615,VA,2025-01-19
28616,FL,2023-06-08
28617,ID,2024-04-05
28618,TX,2025-10-20
28619,TX,2023-02-23
28620,AZ,2024-01-28
28621,TX,2023-09-01
28622,WA,2025-01-13
28623,NV,2025-04-17
28624,WA,2025-06-20
28625,CA,2023-10-18
28626,HI,2023-05-11
28627,MI,2023-10-05
28628,VA,2023-05-22
28629,VA,2023-03-08
28630,MT,2025-06-01
28631,FL,2025-12-18
28632,MS,2024-01-28
28633,WA,2024-05-23
28634,MA,2023-06-25
28635,AZ,2026-01-30
28636,MN,2023-02-06
28637,NY,2025-07-04
28638,CA,2024-08-19
28639,NY,2024-03-09
28640,TX,2024-05-10
28641,OH,2025-06-10
28642,MS,2025-10-02
28643,CO,2026-02-23
28644,TX,2023-11-01
28645,PA,2023-09-13
28646,PA,2024-08-09
28647,NV,2024-09-13
28648,NY,2025-10-26
28649,IA,2025-04-28
28650,WI,2025-08-07
28651,WA,2024-10-18
28652,GA,2025-10-22
28653,OH,2025-07-16
28654,KY,2025-03-28
28655,CO,2023-08-16
28656,IN,2023-03-24
28657,NH,2025-09-01
28658,VA,2024-03-16
28659,OH,2025-12-04
28660,TX,2024-12-11
28661,NY,2023-06-24
28662,FL,2024-01-19
28663,KY,2024-02-12
28664,TX,2023-07-11
28665,CA,2026-01-13
28666,MO,2025-05-05
28667,TX,2024-04-08
28668,WA,2024-12-21
28669,LA,2023-01-29
28670,CA,2025-12-07
28671,CA,2023-09-24
28672,TX,2024-01-22
28673,CA,2024-11-12
28674,GA,2025-11-05
28675,NV,2025-10-09
28676,NY,2024-03-24
28677,CA,2023-12-13
28678,MA,2023-10-14
28679,GA,2025-09-26
28680,FL,2024-01-12
28681,FL,2024-02-26
28682,IL,2025-07-20
28683,WI,2025-02-02
28684,CO,2025-01-14
28685,TX,2023-08-07
28686,CA,2023-02-26
28687,NE,2024-11-17
28688,AL,2023-04-24
28689,FL,2024-04-19
28690,TX,2025-12-27
28691,NC,2023-02-27
28692,CA,2023-10-31
28693,PA,2025-09-24
28694,OH,2026-01-04
28695,NY,2023-10-30
28696,MD,2025-06-29
28697,GA,2025-01-03
28698,CA,2024-12-18
28699,MD,2025-05-12
28700,MD,2023-01-02
28701,TX,2025-11-29
28702,UT,2025-12-07
28703,WA,2024-12-12
28704,CA,2023-02-26
28705,CA,2023-01-12
28706,VA,2024-04-02
28707,TX,2024-11-21
28708,OR,2024-06-24
28709,NV,2026-01-20
28710,PA,2023-12-05
28711,IL,2025-01-28
28712,AZ,2023-09-13
28713,CT,2026-01-26
28714,LA,2025-12-05
28715,FL,2025-11-09
28716,FL,2025-12-18
28717,TN,2023-08-28
28718,CA,2024-01-11
28719,MI,2025-11-25
28720,WA,2025-05-07
28721,NJ,2024-01-22
28722,IN,2025-03-22
28723,NY,2023-07-02
28724,NJ,2023-11-12
28725,MI,2023-03-26
28726,CA,2025-04-08
28727,CA,2025-12-08
28728,NH,2025-03-22
28729,TX,2025-08-05
28730,TN,2025-04-19
28731,OH,2025-05-06
28732,CO,2025-08-02
28733,NC,2023-10-29
28734,TN,2025-08-07
28735,MI,2024-12-24
28736,NY,2024-10-12
28737,MA,2024-09-07
28738,PA,2025-12-24
28739,NC,2024-01-07
28740,ME,2024-06-23
28741,VA,2023-01-09
28742,NY,2023-06-11
28743,NY,2025-01-04
28744,OR,2024-10-04
28745,IL,2024-10-02
28746,MD,2025-04-07
28747,MS,2025-05-14
28748,GA,2024-10-09
28749,MD,2025-07-02
28750,NY,2023-04-07
28751,LA,2024-05-04
28752,OR,2024-06-04
28753,TX,2023-10-05
28754,WA,2025-06-24
28755,IN,2024-05-16
28756,NJ,2025-09-19
28757,NY,2024-05-10
28758,WA,2023-11-19
28759,TX,2023-01-09
28760,PA,2025-10-22
28761,MO,2024-11-03
28762,CA,2023-03-05
28763,FL,2024-02-14
28764,NY,2026-02-08
28765,PA,2023-04-02
28766,WA,2026-01-06
28767,AZ,2025-12-05
28768,WA,2024-09-16
28769,FL,2023-09-08
28770,NJ,2024-03-31
28771,WA,2025-07-29
28772,NY,2025-02-10
28773,GA,2024-09-01
28774,MO,2025-09-10
28775,CA,2025-05-26
28776,VA,2024-12-07
28777,WI,2023-10-12
28778,WA,2024-10-22
28779,MS,2024-04-19
28780,OR,2025-06-14
28781,WV,2025-10-20
28782,LA,2023-11-02
28783,TN,2025-05-06
28784,NC,2025-06-12
28785,WA,2024-05-29
28786,TN,2024-03-24
28787,AZ,2025-03-01
28788,FL,2025-05-24
28789,OR,2025-02-11
28790,PA,2023-08-11
28791,NY,2025-03-13
28792,ND,2025-01-16
28793,IL,2024-07-30
28794,PA,2024-12-28
28795,FL,2024-04-26
28796,CA,2023-10-01
28797,PA,2023-10-08
28798,FL,2025-10-17
28799,NM,2025-08-15
28800,NY,2023-08-18
28801,NY,2023-07-13
28802,WA,2024-05-03
28803,NC,2025-06-07
28804,MO,2023-07-21
28805,OR,2025-06-10
28806,NJ,2024-07-29
28807,SC,2024-11-02
28808,NY,2025-12-21
28809,NY,2023-04-30
28810,CA,2025-03-22
28811,WA,2025-11-02
28812,TX,2025-03-28
28813,OR,2024-02-16
28814,PA,2023-08-19
28815,TX,2025-08-26
28816,NY,2023-08-16
28817,VA,2024-03-05
28818,NC,2023-05-25
28819,TX,2023-06-10
28820,VA,2025-05-16
28821,MD,2023-10-16
28822,FL,2023-03-25
28823,FL,2025-07-14
28824,MN,2024-06-17
28825,KY,2023-05-05
28826,NY,2023-06-30
28827,OR,2025-09-11
28828,CO,2024-03-05
28829,CO,2025-12-03
28830,MA,2025-04-22
28831,MA,2024-01-05
28832,FL,2025-07-18
28833,OH,2024-02-23
28834,CA,2025-08-21
28835,FL,2025-02-15
28836,FL,2026-01-13
28837,CT,2025-03-03
28838,IN,2023-03-20
28839,NC,2025-07-25
28840,AR,2024-12-07
28841,OH,2023-10-16
28842,WA,2025-09-03
28843,WA,2025-08-18
28844,TX,2025-05-21
28845,CO,2023-03-22
28846,HI,2026-02-19
28847,AL,2024-07-23
28848,PA,2025-03-22
28849,TX,2024-05-16
28850,CT,2025-12-07
28851,NY,2025-07-21
28852,NY,2024-10-26
28853,NC,2024-02-13
28854,FL,2025-04-04
28855,MS,2025-11-02
28856,FL,2023-08-12
28857,LA,2023-08-15
28858,RI,2025-09-14
28859,NY,2023-07-10
28860,CA,2025-01-31
28861,GA,2024-12-02
28862,MS,2025-10-20
28863,TX,2024-04-12
28864,WA,2023-01-28
28865,NM,2025-09-10
28866,CA,2025-12-01
28867,AL,2023-02-07
28868,NY,2026-02-06
28869,NY,2024-05-24
28870,MN,2023-06-12
28871,IL,2023-10-31
28872,CA,2025-01-16
28873,IL,2025-02-20
28874,NY,2023-02-23
28875,TX,2024-01-09
28876,NC,2025-05-26
28877,NY,2025-01-19
28878,MI,2025-12-01
28879,MA,2024-12-28
28880,PA,2024-08-29
28881,TX,2025-03-28
28882,CO,2024-09-28
28883,TX,2023-12-08
28884,SC,2024-10-22
28885,PA,2023-06-11
28886,CA,2023-02-09
28887,PA,2025-03-08
28888,PA,2024-12-10
28889,AZ,2024-09-20
28890,CA,2023-01-25
28891,IL,2025-08-22
28892,WA,2023-03-08
28893,CA,2024-11-27
28894,NY,2023-10-30
28895,FL,2025-10-15
28896,CA,2024-04-22
28897,ID,2023-04-15
28898,FL,2024-10-18
28899,VA,2025-12-09
28900,AZ,2024-08-24
28901,MO,2024-01-24
28902,MD,2025-08-21
28903,MA,2024-03-04
28904,NY,2023-01-17
28905,WA,2024-03-18
28906,CA,2025-10-13
28907,IN,2024-01-13
28908,CA,2024-01-27
28909,WA,2023-01-30
28910,CO,2023-05-11
28911,NY,2024-02-05
28912,CA,2023-05-03
28913,NY,2023-02-20
28914,NJ,2025-07-08
28915,OR,2023-03-15
28916,FL,2023-04-21
28917,IL,2023-06-26
28918,NY,2025-11-09
28919,SC,2023-07-24
28920,FL,2024-06-24
28921,WI,2025-10-29
28922,IL,2025-11-22
28923,GA,2023-06-01
28924,NY,2023-03-21
28925,CA,2025-04-25
28926,VA,2023-05-06
28927,TX,2024-05-22
28928,NY,2024-01-10
28929,NY,2025-09-15
28930,TX,2024-06-17
28931,CA,2023-05-31
28932,NY,2023-08-06
28933,MD,2023-10-09
28934,WA,2023-11-01
28935,AZ,2024-10-23
28936,NE,2024-10-15
28937,WA,2025-12-23
28938,TX,2023-06-22
28939,AR,2024-12-04
28940,IN,2024-02-01
28941,NC,2025-01-13
28942,CA,2023-02-20
28943,NC,2024-09-11
28944,LA,2025-06-02
28945,TX,2023-10-02
28946,MA,2024-11-18
28947,LA,2025-05-15
28948,TX,2024-08-06
28949,KY,2023-12-28
28950,NJ,2024-02-04
28951,MT,2025-03-05
28952,CA,2024-07-16
28953,FL,2026-01-12
28954,MN,2023-08-15
28955,PA,2023-01-17
28956,NH,2023-08-08
28957,TX,2024-08-06
28958,CO,2024-03-27
28959,HI,2024-09-17
28960,NY,2024-04-14
28961,KS,2023-12-17
28962,LA,2026-02-02
28963,CA,2025-06-21
28964,SC,2023-03-05
28965,MN,2025-08-07
28966,MA,2024-03-14
28967,NY,2025-06-15
28968,CT,2024-08-03
28969,FL,2023-02-01
28970,FL,2023-01-01
28971,OH,2024-12-06
28972,CA,2025-10-02
28973,NY,2024-12-16
28974,FL,2024-08-08
28975,TX,2023-06-01
28976,GA,2024-01-05
28977,NY,2024-07-16
28978,NC,2025-04-28
28979,WA,2023-09-15
28980,CA,2024-06-05
28981,CO,2025-08-22
28982,MO,2026-01-31
28983,FL,2024-10-07
28984,NY,2023-07-09
28985,CO,2024-07-31
28986,NY,2025-04-15
28987,VA,2025-05-12
28988,NJ,2024-10-09
28989,OR,2024-08-29
28990,CA,2024-05-19
28991,WA,2024-01-13
28992,CO,2023-12-11
28993,TX,2025-09-09
28994,TX,2025-03-21
28995,WA,2023-03-04
28996,NY,2025-04-28
28997,TX,2025-02-18
28998,TX,2025-05-15
28999,MA,2025-08-05
29000,CA,2024-06-22
29001,PA,2025-06-23
29002,MO,2026-01-10
29003,MI,2024-07-01
29004,FL,2024-04-12
29005,TX,2023-08-22
29006,MD,2023-03-20
29007,CA,2025-09-26
29008,PA,2025-02-28
29009,FL,2025-12-06
29010,FL,2024-06-12
29011,NM,2025-06-15
29012,WA,2023-12-11
29013,NY,2023-10-03
29014,MA,2024-02-07
29015,TX,2023-09-11
29016,VA,2025-11-04
29017,CA,2025-09-27
29018,AZ,2024-06-20
29019,WA,2023-06-12
29020,NC,2026-02-05
29021,CA,2023-03-04
29022,UT,2023-08-31
29023,TX,2023-10-30
29024,WA,2025-08-20
29025,CA,2026-02-13
29026,CA,2023-11-16
29027,CA,2025-11-11
29028,TX,2025-08-22
29029,TX,2024-05-04
29030,MA,2024-09-09
29031,IL,2025-04-21
29032,TX,2024-01-18
29033,PA,2026-02-27
29034,KY,2026-02-23
29035,OK,2024-01-05
29036,WA,2025-01-09
29037,CA,2024-02-13
29038,CA,2025-04-08
29039,CA,2023-09-18
29040,FL,2023-01-28
29041,FL,2025-04-28
29042,MI,2024-03-25
29043,CA,2024-06-10
29044,CA,2023-07-02
29045,MD,2024-01-11
29046,WA,2023-07-29
29047,FL,2024-06-09
29048,TN,2023-02-01
29049,FL,2023-02-13
29050,NY,2025-06-04
29051,NY,2023-04-26
29052,FL,2024-01-07
29053,FL,2025-09-21
29054,MA,2024-03-17
29055,WA,2024-09-05
29056,MI,2025-10-24
29057,TX,2025-10-05
29058,NJ,2023-08-26
29059,OR,2023-02-28
29060,IN,2025-07-13
29061,MN,2025-07-03
29062,PA,2025-02-10
29063,PA,2025-08-12
29064,TX,2023-10-30
29065,MD,2025-09-07
29066,WA,2024-04-25
29067,CA,2023-08-17
29068,TX,2023-02-23
29069,NY,2024-03-17
29070,NJ,2024-07-28
29071,MI,2024-08-07
29072,NY,2026-01-25
29073,PA,2024-08-14
29074,CA,2023-05-10
29075,MI,2024-05-31
29076,KY,2025-08-01
29077,IL,2023-06-30
29078,MS,2024-09-09
29079,WA,2025-10-04
29080,MA,2023-08-25
29081,MA,2024-05-26
29082,FL,2024-06-16
29083,IL,2025-08-19
29084,GA,2023-08-13
29085,CA,2023-07-22
29086,FL,2025-11-30
29087,WA,2025-05-04
29088,OR,2025-07-22
29089,CT,2023-05-16
29090,IL,2025-11-22
29091,AZ,2025-11-18
29092,WA,2025-12-16
29093,TX,2025-09-16
29094,NC,2024-03-20
29095,NC,2024-01-06
29096,AZ,2025-07-27
29097,TX,2024-09-29
29098,NY,2025-07-10
29099,NC,2024-04-30
29100,LA,2023-09-15
29101,TX,2024-03-14
29102,GA,2024-08-24
29103,NY,2023-01-18
29104,NY,2023-08-07
29105,CA,2024-05-26
29106,MI,2023-07-28
29107,CO,2024-06-10
29108,TX,2023-08-23
29109,AZ,2023-07-30
29110,CO,2023-09-30
29111,WA,2023-05-24
29112,WA,2025-01-03
29113,TX,2024-05-16
29114,FL,2024-03-19
29115,OR,2026-01-14
29116,CO,2023-06-29
29117,CA,2025-10-13
29118,TX,2026-01-08
29119,CA,2023-06-28
29120,MA,2023-10-26
29121,NC,2025-01-24
29122,OR,2023-01-09
29123,OK,2023-07-11
29124,CA,2026-01-18
29125,FL,2025-10-22
29126,OH,2025-10-23
29127,WI,2025-08-07
29128,OK,2024-05-06
29129,PA,2025-02-18
29130,AL,2025-08-25
29131,WA,2025-10-14
29132,NY,2024-11-07
29133,CA,2024-12-25
29134,CA,2023-07-14
29135,RI,2024-05-13
29136,AZ,2024-07-21
29137,NJ,2023-06-03
29138,CA,2025-12-05
29139,TX,2023-06-30
29140,MA,2023-08-14
29141,NY,2025-11-21
29142,FL,2023-12-13
29143,OR,2024-03-21
29144,AZ,2023-06-24
29145,IL,2025-04-08
29146,FL,2026-02-27
29147,CA,2023-09-09
29148,WA,2024-10-12
29149,AZ,2024-04-28
29150,OR,2024-09-15
29151,MA,2023-06-07
29152,TX,2024-07-22
29153,TX,2025-10-21
29154,PA,2023-01-09
29155,FL,2024-05-23
29156,TX,2024-06-27
29157,NY,2024-08-11
29158,MN,2025-03-23
29159,PA,2023-04-05
29160,CA,2024-11-27
29161,CA,2025-08-30
29162,CO,2025-07-10
29163,TX,2025-09-11
29164,TX,2023-04-27
29165,PA,2023-12-26
29166,MI,2025-11-19
29167,WA,2023-11-21
29168,MD,2023-03-15
29169,OR,2025-09-05
29170,GA,2025-03-17
29171,TX,2024-07-04
29172,NY,2024-02-08
29173,TX,2023-04-14
29174,NC,2024-12-06
29175,TX,2023-05-23
29176,NE,2024-12-14
29177,MO,2025-07-05
29178,NC,2023-07-26
29179,MI,2024-06-29
29180,CA,2025-04-03
29181,MA,2026-01-11
29182,AL,2023-09-20
29183,VA,2023-06-21
29184,CO,2023-12-28
29185,CO,2023-02-11
29186,NY,2023-10-01
29187,WI,2024-05-14
29188,CO,2023-05-12
29189,CA,2025-06-28
29190,FL,2024-02-29
29191,TX,2025-07-31
29192,LA,2024-08-31
29193,MD,2025-12-12
29194,CA,2025-02-27
29195,CA,2023-07-13
29196,OR,2025-10-03
29197,FL,2024-04-08
29198,FL,2023-07-12
29199,WA,2024-01-22
29200,AL,2024-10-18
29201,TN,2025-09-27
29202,GA,2025-03-05
29203,TN,2025-10-16
29204,NY,2023-04-18
29205,CA,2023-09-13
29206,MA,2026-01-07
29207,NC,2024-01-25
29208,CA,2024-12-25
29209,GA,2025-10-31
29210,WI,2025-11-24
29211,TX,2024-06-23
29212,TX,2025-05-05
29213,PA,2023-04-19
29214,NV,2023-01-24
29215,MO,2024-05-13
29216,MD,2025-09-16
29217,UT,2024-01-07
29218,ND,2024-02-01
29219,NC,2023-09-29
29220,CO,2026-01-01
29221,FL,2023-02-19
29222,FL,2023-03-12
29223,PA,2024-05-06
29224,SC,2024-04-18
29225,WI,2023-01-24
29226,OH,2025-09-19
29227,AL,2024-04-13
29228,SC,2023-08-02
29229,MI,2023-05-27
29230,CA,2025-07-28
29231,MA,2024-01-17
29232,CT,2025-10-25
29233,MA,2025-04-23
29234,CA,2025-05-21
29235,MS,2024-01-25
29236,MI,2025-04-29
29237,MO,2025-10-27
29238,OH,2024-12-23
29239,NY,2025-02-21
29240,OR,2025-04-06
29241,NM,2023-01-04
29242,NY,2023-04-16
29243,CA,2023-02-09
29244,NJ,2024-07-30
29245,UT,2024-06-30
29246,MA,2024-07-09
29247,FL,2024-10-23
29248,FL,2024-07-30
29249,NC,2023-12-10
29250,TX,2025-02-26
29251,FL,2023-06-13
29252,GA,2024-02-06
29253,MA,2024-04-29
29254,IA,2023-12-19
29255,CA,2024-11-03
29256,PA,2025-04-16
29257,CA,2026-01-10
29258,NJ,2023-09-22
29259,TX,2025-12-01
29260,PA,2025-09-17
29261,NC,2023-07-26
29262,OK,2023-04-20
29263,PA,2023-03-13
29264,VA,2024-02-12
29265,IL,2025-04-19
29266,NJ,2024-12-09
29267,MA,2023-10-06
29268,MA,2026-02-04
29269,AR,2023-02-20
29270,WA,2026-02-20
29271,CA,2024-03-06
29272,CA,2024-07-04
29273,AZ,2023-11-20
29274,WA,2024-01-10
29275,NY,2025-05-23
29276,SC,2024-07-01
29277,AZ,2025-07-26
29278,MI,2024-01-11
29279,FL,2023-04-19
29280,NE,2024-05-05
29281,NY,2025-11-08
29282,CO,2024-07-02
29283,NY,2023-08-21
29284,TX,2024-07-07
29285,WI,2025-08-20
29286,NY,2025-05-22
29287,NC,2023-04-17
29288,NY,2023-03-01
29289,MN,2024-01-07
29290,OH,2023-04-28
29291,PA,2024-11-10
29292,NY,2023-10-13
29293,OR,2023-01-19
29294,TX,2025-10-02
29295,TX,2024-08-24
29296,CO,2025-10-10
29297,TX,2023-04-26
29298,MD,2025-11-29
29299,MA,2023-05-01
29300,NY,2024-09-13
29301,OH,2023-12-30
29302,KY,2023-07-24
29303,NY,2024-04-30
29304,IN,2024-11-01
29305,FL,2025-04-25
29306,MA,2023-04-05
29307,AK,2024-06-29
29308,CA,2025-01-23
29309,NY,2023-11-26
29310,GA,2025-04-04
29311,MN,2024-10-22
29312,NY,2024-09-06
29313,NY,2023-11-06
29314,AR,2024-11-07
29315,NC,2023-06-17
29316,NY,2024-06-15
29317,CO,2026-02-06
29318,FL,2023-07-18
29319,CO,2024-02-06
29320,NM,2025-01-14
29321,FL,2023-06-21
29322,MA,2023-07-03
29323,MN,2023-01-17
29324,NY,2024-07-07
29325,FL,2025-08-24
29326,NY,2023-06-05
29327,MA,2025-11-10
29328,MI,2026-02-08
29329,NY,2024-10-01
29330,TX,2024-04-02
29331,AL,2025-10-02
29332,TX,2025-12-11
29333,FL,2025-03-16
29334,NJ,2024-01-20
29335,FL,2024-08-09
29336,OR,2025-07-17
29337,FL,2025-05-12
29338,TX,2026-01-16
29339,CA,2025-11-09
29340,WA,2024-08-03
29341,NV,2024-10-27
29342,OR,2025-03-27
29343,IL,2023-04-16
29344,AL,2023-11-23
29345,PA,2025-02-24
29346,TX,2023-09-22
29347,NM,2023-11-18
29348,PA,2023-11-12
29349,CA,2023-04-18
29350,CA,2024-06-24
29351,NH,2025-09-20
29352,WA,2024-07-28
29353,PA,2023-08-26
29354,CT,2025-10-29
29355,GA,2023-12-02
29356,RI,2023-01-01
29357,NJ,2023-05-01
29358,NC,2025-10-29
29359,FL,2023-11-09
29360,AZ,2023-07-03
29361,CA,2025-06-07
29362,SD,2025-02-07
29363,IL,2025-10-16
29364,TX,2023-11-26
29365,VA,2024-04-15
29366,TX,2025-04-01
29367,MN,2025-11-08
29368,FL,2025-11-07
29369,NV,2023-05-07
29370,OH,2025-10-17
29371,CA,2024-11-30
29372,NV,2023-01-16
29373,NC,2024-10-14
29374,CO,2024-03-12
29375,NE,2023-01-06
29376,NY,2023-10-08
29377,CA,2023-01-15
29378,MA,2024-04-10
29379,TX,2024-01-21
29380,CA,2025-01-31
29381,MT,2025-05-23
29382,PA,2023-08-26
29383,MN,2025-07-14
29384,CA,2024-04-15
29385,CA,2026-01-31
29386,NJ,2025-10-13
29387,OH,2023-08-03
29388,NY,2025-06-17
29389,CA,2023-03-18
29390,NY,2024-01-19
29391,PA,2025-08-04
29392,MO,2023-05-01
29393,MS,2025-01-13
29394,SD,2023-05-25
29395,FL,2026-01-21
29396,NY,2024-04-29
29397,FL,2025-04-16
29398,OR,2024-05-19
29399,VA,2026-01-03
29400,TX,2024-04-07
29401,CA,2023-05-31
29402,NY,2025-07-27
29403,NY,2025-11-23
29404,NC,2026-02-02
29405,AR,2024-01-04
29406,AR,2023-06-21
29407,CA,2025-12-29
29408,NC,2024-12-20
29409,CA,2024-03-14
29410,AZ,2024-07-23
29411,KY,2026-02-17
29412,NY,2024-11-13
29413,CA,2023-04-21
29414,WV,2023-06-05
29415,WA,2024-07-06
29416,FL,2024-12-13
29417,FL,2025-09-11
29418,AZ,2025-04-28
29419,MA,2024-05-17
29420,PA,2024-04-01
29421,PA,2024-02-11
29422,MA,2024-11-22
29423,WA,2025-10-15
29424,NV,2026-01-16
29425,NC,2026-02-02
29426,DE,2025-06-02
29427,MI,2025-08-23
29428,WA,2023-09-14
29429,SD,2025-08-09
29430,CA,2024-01-22
29431,GA,2025-06-14
29432,IL,2024-09-12
29433,NY,2023-12-10
29434,FL,2024-03-01
29435,SC,2025-04-28
29436,ME,2025-01-16
29437,NC,2023-10-21
29438,CO,2025-12-01
29439,WI,2025-12-09
29440,UT,2025-02-20
29441,OR,2023-10-16
29442,NY,2024-08-01
29443,CA,2023-11-19
29444,NV,2023-11-22
29445,CA,2025-01-02
29446,TX,2025-01-04
29447,MD,2023-06-16
29448,NY,2023-03-26
29449,NC,2023-04-25
29450,CA,2025-05-14
29451,VA,2025-12-09
29452,NM,2024-04-02
29453,TX,2024-01-07
29454,CA,2023-09-16
29455,IN,2025-03-26
29456,MA,2026-01-24
29457,NC,2023-08-13
29458,UT,2024-04-28
29459,TX,2023-12-14
29460,CA,2023-12-07
29461,PA,2024-11-29
29462,PA,2024-02-17
29463,NC,2025-10-02
29464,ND,2025-04-12
29465,NY,2025-07-04
29466,SD,2023-10-09
29467,NJ,2024-06-22
29468,CA,2024-10-24
29469,NY,2023-07-18
29470,TX,2025-02-28
29471,AZ,2023-08-15
29472,MS,2025-10-03
29473,GA,2025-01-02
29474,ID,2025-05-18
29475,CO,2023-08-16
29476,AZ,2023-03-08
29477,NC,2023-12-04
29478,RI,2024-09-01
29479,CA,2025-10-06
29480,TX,2023-04-24
29481,NV,2023-04-14
29482,OR,2024-03-03
29483,MO,2024-05-17
29484,PA,2023-08-02
29485,PA,2025-08-14
29486,FL,2023-05-25
29487,GA,2024-08-31
29488,FL,2023-02-27
29489,FL,2024-11-08
29490,NM,2024-08-03
29491,TX,2023-05-03
29492,GA,2024-07-02
29493,NY,2023-08-23
29494,TN,2024-05-05
29495,VT,2023-03-16
29496,NY,2023-10-22
29497,OH,2024-05-14
29498,TX,2024-11-16
29499,WA,2026-02-15
29500,FL,2024-10-17
29501,GA,2023-12-10
29502,IL,2023-06-08
29503,CA,2025-02-20
29504,FL,2023-02-16
29505,TX,2023-12-29
29506,PA,2024-09-05
29507,CA,2025-02-23
29508,OK,2025-09-30
29509,FL,2026-02-21
29510,MI,2025-06-03
29511,WA,2023-06-19
29512,CA,2024-08-16
29513,PA,2025-04-02
29514,OR,2024-05-26
29515,CO,2026-02-17
29516,CA,2023-01-29
29517,TX,2025-08-20
29518,CA,2023-06-11
29519,OR,2025-09-17
29520,CT,2024-07-12
29521,IL,2023-04-10
29522,CT,2023-02-26
29523,CA,2024-04-27
29524,AZ,2025-05-15
29525,WA,2024-10-11
29526,TX,2023-02-08
29527,TN,2023-04-23
29528,FL,2024-10-12
29529,AZ,2024-02-06
29530,TX,2024-01-16
29531,NY,2023-03-19
29532,WA,2024-09-22
29533,NY,2023-08-17
29534,TX,2026-01-24
29535,CA,2024-04-29
29536,TX,2024-11-07
29537,TX,2025-10-03
29538,CA,2025-05-09
29539,WI,2025-12-05
29540,SC,2024-08-13
29541,PA,2025-10-09
29542,KY,2023-12-17
29543,NY,2024-11-04
29544,CA,2023-09-16
29545,TX,2023-02-25
29546,WA,2025-12-17
29547,TX,2023-09-21
29548,HI,2024-06-21
29549,WA,2025-08-11
29550,SC,2024-02-26
29551,MA,2025-12-08
29552,FL,2024-03-18
29553,IL,2023-01-21
29554,AZ,2024-02-01
29555,NY,2023-12-21
29556,SC,2024-01-22
29557,VA,2026-01-17
29558,MA,2025-07-16
29559,WA,2024-04-23
29560,CO,2023-01-07
29561,VA,2025-01-09
29562,NJ,2023-04-09
29563,MA,2024-11-29
29564,AZ,2023-05-10
29565,NY,2024-11-14
29566,CO,2025-12-25
29567,WA,2023-01-18
29568,WA,2024-12-19
29569,NC,2023-09-25
29570,MN,2023-12-30
29571,CA,2023-11-12
29572,PA,2024-04-28
29573,CA,2025-09-14
29574,CA,2023-11-06
29575,VA,2025-11-29
29576,NM,2024-11-13
29577,NC,2024-05-16
29578,CA,2023-01-04
29579,TX,2024-04-04
29580,RI,2025-09-13
29581,KY,2024-02-11
29582,CA,2023-06-19
29583,IL,2025-05-08
29584,CA,2025-03-19
29585,NY,2024-08-30
29586,CA,2024-07-01
29587,MA,2023-07-01
29588,MI,2024-04-10
29589,AZ,2023-12-13
29590,MN,2025-06-21
29591,PA,2024-02-29
29592,IL,2025-05-19
29593,NJ,2024-09-21
29594,AL,2023-12-06
29595,TX,2023-09-09
29596,HI,2023-04-09
29597,VA,2024-05-09
29598,NY,2025-02-01
29599,NY,2024-08-22
29600,LA,2025-03-05
29601,GA,2025-12-08
29602,IN,2024-08-07
29603,NE,2024-12-10
29604,CT,2024-02-19
29605,WA,2024-10-26
29606,CA,2025-11-05
29607,NY,2023-04-19
29608,TX,2023-03-28
29609,CA,2024-01-02
29610,FL,2024-10-18
29611,NC,2023-01-09
29612,UT,2025-06-21
29613,AZ,2024-06-13
29614,NY,2026-01-29
29615,TX,2025-12-04
29616,PA,2024-02-12
29617,PA,2025-10-27
29618,MA,2023-10-03
29619,NY,2025-01-18
29620,VA,2025-09-20
29621,ME,2025-06-08
29622,MO,2024-02-07
29623,WA,2024-01-01
29624,WA,2024-12-02
29625,MN,2025-11-03
29626,MO,2025-07-16
29627,TX,2025-05-17
29628,NY,2024-11-19
29629,VA,2024-08-24
29630,CO,2025-09-06
29631,TX,2025-01-04
29632,AR,2023-05-16
29633,UT,2025-05-31
29634,NV,2023-05-18
29635,WI,2024-02-24
29636,CO,2023-01-24
29637,CA,2024-05-27
29638,VA,2025-10-10
29639,FL,2023-11-26
29640,WI,2024-04-02
29641,MA,2024-02-21
29642,NY,2025-01-11
29643,CA,2023-03-18
29644,NY,2025-12-21
29645,GA,2024-11-14
29646,FL,2023-06-24
29647,MA,2024-03-22
29648,GA,2023-01-22
29649,AZ,2025-07-25
29650,TN,2024-06-07
29651,PA,2025-08-26
29652,NY,2025-06-17
29653,LA,2023-04-10
29654,FL,2025-04-21
29655,SC,2025-02-14
29656,PA,2023-07-03
29657,NY,2023-10-06
29658,GA,2023-10-26
29659,FL,2023-10-07
29660,NY,2024-01-22
29661,MO,2023-08-13
29662,CO,2024-02-02
29663,NY,2025-05-04
29664,NY,2023-06-04
29665,WA,2024-10-13
29666,TX,2025-12-05
29667,NY,2026-02-08
29668,CA,2024-12-11
29669,TX,2023-08-16
29670,OH,2023-10-29
29671,ID,2026-01-10
29672,NY,2024-07-23
29673,FL,2023-05-22
29674,KS,2024-03-02
29675,TN,2024-04-19
29676,NJ,2024-06-20
29677,NY,2025-12-03
29678,TX,2025-06-23
29679,TX,2025-05-09
29680,NC,2023-08-29
29681,FL,2026-01-10
29682,PA,2024-01-30
29683,MA,2025-12-25
29684,CA,2023-10-05
29685,NM,2024-08-21
29686,NY,2025-07-13
29687,GA,2025-05-07
29688,CA,2024-07-06
29689,SD,2025-06-09
29690,CA,2025-01-07
29691,NY,2023-02-17
29692,NY,2023-10-10
29693,UT,2025-01-10
29694,CA,2025-08-02
29695,WA,2024-08-04
29696,HI,2025-09-11
29697,VA,2025-05-29
29698,GA,2023-08-21
29699,UT,2026-01-18
29700,NV,2025-01-14
29701,WA,2025-02-23
29702,MO,2025-02-03
29703,TX,2024-12-11
29704,NC,2023-01-06
29705,NC,2025-10-30
29706,TX,2024-10-04
29707,OR,2023-04-22
29708,MA,2023-03-21
29709,AL,2024-03-28
29710,FL,2023-02-17
29711,CT,2023-04-01
29712,HI,2024-11-26
29713,NY,2023-03-17
29714,NJ,2026-01-13
29715,UT,2023-09-20
29716,FL,2024-02-05
29717,NY,2025-09-27
29718,NY,2023-08-04
29719,NH,2023-02-06
29720,OR,2025-06-21
29721,NY,2025-06-05
29722,TX,2023-11-16
29723,MI,2024-04-13
29724,WI,2023-02-14
29725,AZ,2026-01-01
29726,TX,2025-05-27
29727,TN,2025-06-22
29728,NY,2026-02-06
29729,KS,2023-12-13
29730,UT,2025-05-04
29731,FL,2025-08-19
29732,CA,2025-03-22
29733,FL,2023-11-23
29734,NY,2024-05-28
29735,CO,2023-03-21
29736,AZ,2026-02-15
29737,TX,2023-09-19
29738,CA,2026-01-08
29739,PA,2024-08-23
29740,FL,2024-07-10
29741,KS,2023-09-23
29742,TX,2025-10-15
29743,TX,2025-01-25
29744,WA,2024-01-28
29745,NY,2023-01-02
29746,NM,2024-05-10
29747,OH,2025-01-07
29748,WA,2025-01-15
29749,WA,2024-09-24
29750,NC,2025-09-06
29751,FL,2024-06-18
29752,MA,2024-02-25
29753,NY,2024-06-09
29754,WA,2024-04-15
29755,MD,2025-01-26
29756,CO,2023-10-18
29757,AZ,2024-09-24
29758,VA,2026-01-24
29759,MN,2025-09-27
29760,NV,2024-05-07
29761,TX,2025-05-17
29762,CT,2025-05-06
29763,CA,2024-04-06
29764,TX,2024-05-10
29765,MD,2023-01-26
29766,NC,2025-02-04
29767,WA,2025-09-05
29768,WA,2023-01-30
29769,TX,2024-01-31
29770,ID,2026-02-06
29771,FL,2025-04-29
29772,WI,2023-11-30
29773,CA,2023-05-28
29774,NY,2024-07-25
29775,WA,2025-03-12
29776,TX,2023-07-14
29777,OR,2024-04-27
29778,NJ,2023-05-07
29779,MN,2023-08-13
29780,TX,2025-02-25
29781,CA,2024-07-17
29782,VA,2024-07-09
29783,WA,2023-06-04
29784,TX,2023-02-07
29785,TN,2024-08-26
29786,CA,2025-09-06
29787,NY,2023-01-13
29788,MD,2023-12-15
29789,CA,2024-02-09
29790,OH,2025-03-20
29791,ND,2023-08-13
29792,IL,2025-05-13
29793,TX,2023-10-31
29794,CO,2025-12-05
29795,MO,2023-08-08
29796,NY,2023-03-19
29797,SC,2025-04-04
29798,HI,2023-10-05
29799,TX,2024-06-12
29800,PA,2026-01-25
29801,FL,2024-04-25
29802,SC,2026-01-30
29803,NY,2025-03-04
29804,AZ,2024-11-09
29805,GA,2025-12-30
29806,CA,2024-12-29
29807,CO,2025-01-21
29808,TX,2024-07-06
29809,CO,2023-02-19
29810,VA,2025-07-23
29811,SC,2024-02-06
29812,MD,2025-01-25
29813,TX,2025-06-14
29814,NY,2023-03-07
29815,TX,2024-09-17
29816,FL,2025-07-27
29817,FL,2023-09-26
29818,CO,2024-02-20
29819,FL,2026-01-17
29820,UT,2024-06-05
29821,CA,2024-05-13
29822,FL,2024-02-05
29823,NJ,2024-07-19
29824,NY,2025-04-18
29825,TX,2023-11-02
29826,CA,2025-12-18
29827,RI,2025-07-20
29828,NE,2023-09-19
29829,TX,2024-03-25
29830,MI,2025-05-26
29831,CT,2023-02-01
29832,CA,2025-03-31
29833,CT,2023-03-10
29834,TX,2023-03-24
29835,CA,2025-02-08
29836,PA,2025-03-21
29837,KS,2024-04-15
29838,TX,2025-10-24
29839,FL,2024-08-09
29840,TX,2026-02-02
29841,CO,2023-05-28
29842,TX,2023-05-02
29843,NY,2025-11-03
29844,OR,2024-05-21
29845,CT,2024-11-19
29846,KS,2024-06-16
29847,CA,2023-11-13
29848,FL,2023-05-29
29849,VT,2024-05-19
29850,PA,2025-02-16
29851,NY,2024-05-09
29852,PA,2025-07-03
29853,NY,2024-03-08
29854,MA,2024-08-14
29855,UT,2023-09-21
29856,TX,2024-11-27
29857,NY,2026-01-29
29858,CA,2024-08-23
29859,WA,2026-01-10
29860,NY,2024-02-09
29861,MO,2026-02-21
29862,AK,2023-09-21
29863,WA,2024-10-20
29864,GA,2025-03-08
29865,IN,2026-01-19
29866,NY,2023-08-16
29867,NY,2025-09-22
29868,AZ,2025-07-04
29869,CA,2024-01-07
29870,AZ,2023-12-27
29871,NJ,2025-02-01
29872,MA,2023-11-30
29873,CA,2023-08-03
29874,WA,2023-06-27
29875,WA,2025-11-20
29876,SC,2025-05-07
29877,CA,2024-10-01
29878,TX,2024-01-02
29879,SC,2023-08-16
29880,PA,2023-04-26
29881,NY,2024-04-03
29882,GA,2023-11-18
29883,CA,2025-05-21
29884,MA,2024-02-29
29885,NY,2023-07-02
29886,CA,2024-05-31
29887,WA,2025-10-11
29888,NY,2024-01-06
29889,TX,2023-10-24
29890,VA,2025-09-21
29891,IN,2025-12-14
29892,WA,2023-10-28
29893,GA,2024-10-29
29894,TX,2023-09-13
29895,NJ,2024-11-10
29896,NC,2024-01-16
29897,CT,2024-06-06
29898,NV,2025-09-30
29899,NY,2024-11-20
29900,WA,2023-05-03
29901,SC,2024-04-23
29902,VA,2024-07-13
29903,PA,2024-04-12
29904,NV,2023-07-01
29905,WI,2024-01-25
29906,CA,2025-01-22
29907,AZ,2023-09-13
29908,PA,2023-08-01
29909,AK,2025-06-17
29910,TN,2023-08-08
29911,WA,2024-06-23
29912,OH,2024-02-27
29913,AZ,2024-12-28
29914,OH,2023-07-18
29915,FL,2023-05-09
29916,GA,2023-06-10
29917,GA,2025-11-22
29918,AK,2023-01-11
29919,NY,2024-05-21
29920,TX,2023-07-09
29921,UT,2025-04-21
29922,GA,2023-09-02
29923,PA,2024-01-28
29924,NC,2026-01-11
29925,WA,2026-02-11
29926,TX,2025-02-14
29927,MA,2025-08-12
29928,WA,2025-12-28
29929,VA,2025-03-23
29930,OR,2023-04-17
29931,VA,2025-09-30
29932,NM,2025-04-14
29933,TX,2023-12-26
29934,MN,2025-07-13
29935,MD,2023-05-30
29936,CA,2025-07-18
29937,UT,2023-04-09
29938,TN,2024-10-17
29939,MD,2025-03-22
29940,MI,2024-04-07
29941,FL,2025-06-08
29942,TX,2024-08-21
29943,NY,2026-01-12
29944,CT,2023-10-29
29945,OR,2025-01-20
29946,WA,2023-06-30
29947,WA,2025-10-19
29948,KY,2024-11-15
29949,AZ,2023-07-11
29950,FL,2023-04-04
29951,HI,2025-06-17
29952,AZ,2025-08-29
29953,NY,2024-11-01
29954,IL,2024-03-09
29955,NY,2023-11-26
29956,MO,2024-06-10
29957,MA,2026-02-16
29958,AZ,2023-01-21
29959,CA,2023-01-21
29960,MA,2023-11-12
29961,UT,2024-09-09
29962,NY,2025-01-14
29963,NV,2025-12-24
29964,NY,2023-05-29
29965,NJ,2023-10-09
29966,NY,2025-12-14
29967,NY,2023-04-23
29968,VA,2025-12-05
29969,MO,2024-03-21
29970,NY,2025-12-29
29971,IL,2023-07-01
29972,FL,2025-09-07
29973,TX,2023-11-06
29974,OH,2025-08-06
29975,CT,2023-12-09
29976,CT,2024-08-30
29977,TX,2025-09-30
29978,WA,2026-02-17
29979,CO,2024-07-01
29980,NE,2023-02-03
29981,PA,2024-01-25
29982,MN,2025-07-22
29983,WA,2023-10-16
29984,PA,2025-08-28
29985,MA,2024-07-20
29986,MS,2024-06-18
29987,CA,2025-02-03
29988,TX,2024-07-09
29989,NJ,2026-01-28
29990,NC,2025-11-17
29991,WA,2024-07-29
29992,TX,2025-03-26
29993,MA,2023-11-11
29994,TX,2025-09-05
29995,UT,2025-03-21
29996,NY,2024-11-13
29997,MT,2024-10-14
29998,NY,2024-07-08
29999,MO,2025-02-19
30000,IL,2024-05-18
30001,KY,2024-12-31
30002,IL,2024-02-09
30003,MA,2024-12-12
30004,NC,2023-06-03
30005,NY,2023-08-02
30006,NC,2025-12-08
30007,CO,2024-05-12
30008,MA,2023-12-08
30009,TX,2025-02-19
30010,TX,2024-02-27
30011,CA,2023-09-01
30012,VA,2024-07-07
30013,DE,2025-06-26
30014,TN,2024-06-08
30015,NE,2024-12-16
30016,WA,2023-07-19
30017,NC,2025-10-05
30018,PA,2023-10-07
30019,PA,2026-01-20
30020,KS,2025-12-23
30021,KY,2025-02-24
30022,NC,2025-09-19
30023,TX,2026-02-20
30024,NV,2023-02-22
30025,CA,2025-11-16
30026,PA,2024-01-09
30027,GA,2023-02-05
30028,TX,2025-08-21
30029,NY,2024-09-03
30030,TX,2025-08-04
30031,ME,2024-11-18
30032,KS,2024-12-18
30033,IL,2024-09-09
30034,NE,2024-09-04
30035,TX,2024-09-14
30036,MN,2024-03-29
30037,TX,2023-06-28
30038,MD,2025-11-03
30039,MA,2024-11-13
30040,GA,2023-02-03
30041,CA,2024-12-10
30042,WA,2024-05-24
30043,WV,2023-07-07
30044,FL,2025-01-19
30045,PA,2023-11-24
30046,CA,2024-12-17
30047,WA,2026-02-02
30048,UT,2023-10-18
30049,CO,2023-04-07
30050,CA,2024-05-06
30051,IL,2025-03-11
30052,VA,2023-04-25
30053,MO,2023-11-06
30054,DE,2024-07-04
30055,VA,2026-02-07
30056,SC,2025-03-16
30057,TX,2024-08-07
30058,TX,2023-04-22
30059,GA,2024-07-30
30060,SC,2023-12-22
30061,AL,2026-01-30
30062,OR,2023-11-11
30063,IN,2023-07-13
30064,PA,2026-01-02
30065,NY,2026-01-27
30066,WI,2024-06-08
30067,TX,2025-09-05
30068,DE,2024-09-02
30069,GA,2025-03-30
30070,TX,2025-07-14
30071,MA,2024-10-13
30072,FL,2023-07-23
30073,AZ,2024-02-09
30074,NM,2023-08-08
30075,CA,2023-10-27
30076,SC,2025-10-07
30077,CO,2026-03-01
30078,WA,2025-07-08
30079,CA,2024-03-01
30080,TX,2024-09-26
30081,NY,2025-08-02
30082,NY,2025-09-04
30083,OR,2023-08-22
30084,CA,2023-03-31
30085,FL,2025-09-30
30086,IN,2025-01-28
30087,OH,2024-10-21
30088,NY,2025-01-24
30089,MA,2024-03-27
30090,NY,2025-07-20
30091,HI,2023-02-17
30092,CA,2023-08-11
30093,WA,2024-12-13
30094,CO,2024-04-10
30095,MA,2025-12-19
30096,WA,2023-01-17
30097,WA,2024-11-09
30098,IL,2026-01-05
30099,MA,2024-04-15
30100,NE,2025-09-15
30101,WA,2025-04-08
30102,MI,2026-01-29
30103,CA,2024-06-23
30104,NY,2023-07-25
30105,MD,2024-04-24
30106,WA,2023-03-14
30107,MA,2024-08-04
30108,TX,2024-12-19
30109,IL,2024-06-25
30110,MA,2024-10-17
30111,ME,2025-01-27
30112,NV,2025-02-18
30113,AZ,2025-02-09
30114,NY,2023-03-08
30115,ME,2025-05-03
30116,MA,2024-01-06
30117,CA,2023-12-30
30118,SC,2024-02-04
30119,OH,2025-04-29
30120,OH,2023-09-17
30121,OH,2025-12-04
30122,MO,2025-06-16
30123,CT,2023-11-11
30124,CA,2025-06-25
30125,MO,2025-07-28
30126,IL,2023-08-17
30127,TX,2025-01-19
30128,OH,2023-04-28
30129,NY,2023-05-06
30130,MA,2025-09-12
30131,TX,2023-05-12
30132,IL,2023-12-12
30133,MN,2023-03-25
30134,IL,2023-02-11
30135,MA,2024-03-10
30136,MO,2023-02-17
30137,RI,2025-12-01
30138,SC,2023-07-04
30139,TX,2024-02-05
30140,IA,2025-08-28
30141,FL,2024-05-16
30142,CA,2024-01-02
30143,MD,2026-02-08
30144,TX,2023-09-18
30145,NC,2025-12-23
30146,CA,2024-11-22
30147,IN,2024-05-14
30148,WA,2025-12-19
30149,MS,2026-01-17
30150,UT,2023-12-22
30151,FL,2024-10-07
30152,IL,2025-05-05
30153,PA,2024-02-09
30154,NY,2023-01-18
30155,NJ,2024-01-03
30156,MI,2023-08-09
30157,NY,2023-09-30
30158,GA,2025-08-22
30159,VA,2023-06-22
30160,CA,2023-05-03
30161,NY,2024-04-11
30162,CO,2024-09-27
30163,GA,2025-03-26
30164,NV,2024-11-20
30165,GA,2024-10-10
30166,FL,2024-05-15
30167,GA,2023-11-17
30168,WA,2023-03-02
30169,OR,2023-05-06
30170,NY,2023-07-11
30171,MN,2023-07-12
30172,AZ,2024-08-11
30173,NY,2025-11-12
30174,TX,2025-01-12
30175,CA,2024-01-18
30176,NY,2026-01-21
30177,UT,2025-04-05
30178,NY,2024-12-04
30179,FL,2024-08-31
30180,NY,2026-02-27
30181,AL,2023-08-13
30182,VA,2023-01-12
30183,NC,2023-12-14
30184,NY,2025-03-13
30185,GA,2023-03-15
30186,OR,2026-02-08
30187,CA,2025-06-07
30188,WA,2023-07-16
30189,CA,2023-07-10
30190,TX,2025-07-25
30191,CA,2025-12-23
30192,LA,2024-10-12
30193,TX,2024-05-08
30194,MD,2025-12-24
30195,CO,2024-10-24
30196,FL,2023-09-17
30197,MS,2023-06-18
30198,NY,2023-06-26
30199,MA,2024-08-09
30200,MD,2023-02-24
30201,CA,2024-09-25
30202,VA,2024-06-22
30203,NY,2024-11-17
30204,NV,2023-05-16
30205,NC,2025-11-12
30206,WA,2024-06-21
30207,TX,2023-06-11
30208,DE,2023-06-09
30209,FL,2024-06-01
30210,WA,2023-11-11
30211,TX,2024-11-20
30212,FL,2024-12-08
30213,FL,2023-09-21
30214,OH,2025-07-30
30215,MA,2023-12-06
30216,KS,2024-04-06
30217,LA,2023-11-10
30218,PA,2025-06-02
30219,AZ,2023-05-11
30220,IL,2023-03-20
30221,WA,2024-10-28
30222,IL,2023-03-06
30223,AZ,2024-07-22
30224,IN,2025-08-05
30225,LA,2025-08-04
30226,CA,2025-02-23
30227,KY,2023-02-21
30228,NY,2025-08-01
30229,FL,2025-04-05
30230,CA,2025-11-15
30231,NY,2025-11-16
30232,NY,2023-12-03
30233,UT,2023-05-19
30234,LA,2024-01-27
30235,VA,2023-08-22
30236,CT,2024-03-07
30237,CA,2023-10-15
30238,GA,2023-01-29
30239,MN,2026-02-03
30240,IL,2024-08-30
30241,NC,2024-05-18
30242,MO,2024-09-24
30243,CA,2024-09-07
30244,MN,2024-10-14
30245,IL,2023-10-25
30246,FL,2025-03-04
30247,CA,2024-12-25
30248,TX,2025-07-07
30249,CA,2025-07-28
30250,FL,2026-01-04
30251,IL,2025-01-29
30252,CO,2025-04-05
30253,NE,2025-04-23
30254,UT,2023-04-10
30255,NJ,2023-10-01
30256,NY,2023-10-25
30257,TX,2023-07-31
30258,FL,2025-10-22
30259,CA,2025-08-13
30260,AR,2023-10-16
30261,PA,2023-07-28
30262,ME,2024-09-03
30263,IL,2024-11-27
30264,TX,2024-03-21
30265,OH,2023-07-10
30266,CA,2025-04-20
30267,CO,2024-11-01
30268,CA,2024-08-19
30269,TN,2025-11-11
30270,MA,2023-09-30
30271,NY,2026-02-28
30272,MA,2023-10-16
30273,FL,2023-07-11
30274,NE,2023-09-23
30275,WA,2025-04-15
30276,KS,2023-08-31
30277,CT,2024-11-08
30278,TX,2025-09-18
30279,PA,2024-11-11
30280,IL,2023-07-31
30281,WA,2024-12-01
30282,CA,2025-06-29
30283,MA,2025-03-30
30284,WA,2023-01-08
30285,MO,2024-08-08
30286,MD,2023-03-19
30287,GA,2025-06-10
30288,MN,2024-11-29
30289,NC,2024-07-24
30290,FL,2025-11-18
30291,VA,2024-08-27
30292,FL,2023-03-03
30293,VA,2024-03-03
30294,MA,2024-04-27
30295,CO,2025-04-09
30296,IL,2025-12-27
30297,OR,2025-02-03
30298,NM,2024-03-29
30299,CA,2023-01-17
30300,AL,2025-08-02
30301,NY,2023-06-01
30302,MD,2024-04-05
30303,FL,2023-09-05
30304,NY,2023-06-06
30305,FL,2024-08-22
30306,WA,2023-04-08
30307,NY,2026-01-06
30308,PA,2024-06-22
30309,NV,2023-10-23
30310,PA,2024-02-04
30311,IL,2023-01-13
30312,FL,2024-03-13
30313,FL,2024-10-26
30314,KS,2024-02-04
30315,NC,2025-12-03
30316,WA,2024-01-09
30317,GA,2025-09-30
30318,IN,2024-07-12
30319,NY,2024-04-29
30320,CA,2024-02-21
30321,TX,2026-01-12
30322,MA,2024-10-27
30323,CA,2024-04-27
30324,TX,2025-04-18
30325,PA,2023-04-16
30326,HI,2025-03-01
30327,CA,2025-03-22
30328,CA,2025-04-29
30329,LA,2023-06-19
30330,CA,2025-02-18
30331,FL,2024-05-24
30332,MA,2023-12-16
30333,IL,2024-04-10
30334,NY,2026-01-09
30335,NV,2024-03-24
30336,IL,2024-09-23
30337,NY,2026-01-29
30338,PA,2025-02-03
30339,CA,2023-07-21
30340,CT,2026-02-15
30341,GA,2026-02-20
30342,IN,2025-11-14
30343,CA,2024-01-04
30344,GA,2024-01-20
30345,HI,2023-10-01
30346,WI,2025-12-06
30347,NJ,2023-12-01
30348,CA,2024-06-17
30349,TX,2023-12-10
30350,CO,2023-04-17
30351,NY,2025-07-10
30352,MI,2023-12-12
30353,UT,2024-12-10
30354,IL,2025-09-19
30355,TX,2024-03-22
30356,FL,2024-04-06
30357,CO,2025-03-16
30358,NY,2025-12-08
30359,AZ,2024-10-18
30360,CA,2025-12-16
30361,MD,2023-12-05
30362,VA,2025-10-28
30363,AL,2024-11-26
30364,OH,2023-01-23
30365,MA,2025-12-03
30366,OR,2024-03-12
30367,TX,2025-06-27
30368,TX,2025-12-28
30369,FL,2024-08-16
30370,GA,2024-05-27
30371,GA,2025-09-23
30372,TX,2023-10-04
30373,TX,2024-05-06
30374,MO,2023-03-24
30375,TX,2023-04-12
30376,NY,2024-04-12
30377,UT,2025-03-09
30378,MI,2025-09-24
30379,NC,2023-11-28
30380,FL,2025-08-10
30381,CA,2025-09-26
30382,CA,2025-05-31
30383,GA,2023-04-04
30384,NY,2025-07-11
30385,IL,2025-12-29
30386,GA,2026-02-23
30387,FL,2024-05-20
30388,MD,2024-08-04
30389,TN,2025-06-29
30390,NY,2023-11-08
30391,CA,2026-01-30
30392,CA,2023-12-24
30393,WA,2023-05-22
30394,ID,2025-04-10
30395,MO,2023-06-20
30396,MO,2023-01-12
30397,MD,2025-12-14
30398,VA,2024-05-16
30399,PA,2025-09-07
30400,NY,2025-06-04
30401,PA,2025-07-04
30402,NC,2025-06-10
30403,MD,2024-08-25
30404,NY,2023-11-21
30405,WI,2024-05-11
30406,TX,2023-11-12
30407,MI,2023-06-21
30408,TX,2024-08-03
30409,CA,2023-03-25
30410,CA,2023-03-29
30411,UT,2025-02-04
30412,FL,2025-08-01
30413,MI,2025-01-02
30414,AL,2025-01-15
30415,TX,2024-06-19
30416,CO,2023-11-24
30417,IL,2023-04-08
30418,NY,2023-08-02
30419,OR,2025-03-17
30420,CA,2023-11-07
30421,NH,2023-07-02
30422,NJ,2023-07-17
30423,VA,2024-02-14
30424,CO,2024-12-21
30425,NJ,2023-12-23
30426,MD,2026-01-19
30427,CA,2025-05-05
30428,TX,2024-10-15
30429,CO,2024-10-04
30430,NJ,2025-08-22
30431,WA,2024-09-30
30432,MN,2025-01-30
30433,PA,2023-09-21
30434,CA,2024-12-29
30435,OR,2024-06-10
30436,NY,2025-01-10
30437,IL,2023-12-31
30438,RI,2023-01-09
30439,TX,2023-04-23
30440,TX,2024-04-19
30441,TX,2024-04-23
30442,RI,2025-04-27
30443,IL,2024-04-26
30444,MA,2024-03-03
30445,TX,2023-07-04
30446,TX,2024-12-16
30447,TN,2024-08-03
30448,WV,2024-01-11
30449,MD,2024-11-09
30450,MA,2025-07-18
30451,ID,2024-03-21
30452,MS,2025-11-01
30453,CA,2024-07-19
30454,NJ,2025-05-21
30455,WI,2024-04-29
30456,FL,2023-12-02
30457,TX,2025-01-06
30458,SD,2024-11-07
30459,WA,2023-10-01
30460,IN,2023-08-19
30461,CA,2023-08-19
30462,TX,2026-02-12
30463,MA,2024-12-10
30464,NY,2024-05-29
30465,FL,2023-04-22
30466,MD,2025-07-21
30467,GA,2025-11-25
30468,GA,2023-01-04
30469,NH,2026-02-17
30470,VA,2023-04-19
30471,LA,2026-01-06
30472,CA,2025-01-08
30473,WA,2023-02-18
30474,TX,2026-02-06
30475,FL,2024-04-24
30476,TX,2024-06-05
30477,IL,2025-07-13
30478,NV,2024-01-11
30479,FL,2026-02-20
30480,WA,2024-08-10
30481,CA,2024-09-26
30482,OR,2024-10-10
30483,NC,2026-01-18
30484,IN,2025-10-21
30485,WA,2024-12-23
30486,WA,2024-01-02
30487,AZ,2023-05-26
30488,NM,2024-09-04
30489,CA,2025-04-16
30490,IL,2023-08-20
30491,CA,2024-09-10
30492,ME,2024-04-13
30493,CA,2023-07-31
30494,AZ,2026-02-03
30495,NJ,2023-09-22
30496,MN,2024-09-16
30497,MD,2025-10-13
30498,VA,2026-01-11
30499,VT,2026-01-11
30500,MD,2025-01-31
30501,VA,2023-12-15
30502,IN,2023-10-22
30503,MN,2023-07-07
30504,NY,2025-04-06
30505,MN,2025-06-14
30506,CA,2025-06-20
30507,CO,2023-11-27
30508,UT,2023-02-10
30509,NC,2025-12-31
30510,AZ,2025-01-25
30511,NY,2025-07-11
30512,CA,2025-10-14
30513,NC,2023-08-27
30514,GA,2024-08-21
30515,FL,2024-10-23
30516,OH,2023-01-05
30517,WA,2026-02-09
30518,SC,2023-11-14
30519,TX,2024-11-01
30520,OH,2023-02-16
30521,MN,2025-11-15
30522,VA,2023-10-26
30523,FL,2023-03-02
30524,AL,2025-09-24
30525,VA,2024-01-19
30526,OK,2025-01-25
30527,MO,2024-07-29
30528,NC,2025-08-24
30529,WA,2023-06-26
30530,WA,2023-04-03
30531,NJ,2023-10-03
30532,MN,2024-06-17
30533,NJ,2023-07-02
30534,MA,2025-05-13
30535,IL,2024-02-16
30536,GA,2025-11-20
30537,NY,2023-08-03
30538,KS,2025-09-05
30539,FL,2023-12-18
30540,IN,2025-07-15
30541,FL,2023-08-20
30542,TX,2026-01-02
30543,FL,2023-09-10
30544,KS,2025-06-23
30545,CO,2026-01-02
30546,NV,2024-03-09
30547,MN,2025-01-10
30548,IL,2024-12-24
30549,NC,2023-03-25
30550,CA,2024-12-12
30551,SC,2025-09-24
30552,GA,2023-08-05
30553,NY,2024-05-25
30554,FL,2023-09-15
30555,CA,2023-08-17
30556,PA,2023-10-25
30557,NJ,2024-09-09
30558,CA,2024-05-19
30559,MA,2024-10-12
30560,CA,2024-03-15
30561,GA,2023-06-22
30562,IL,2025-07-29
30563,CO,2024-10-30
30564,CA,2023-06-11
30565,MT,2024-08-29
30566,WA,2025-05-07
30567,PA,2023-01-20
30568,TX,2025-12-31
30569,GA,2024-08-04
30570,FL,2024-02-06
30571,RI,2024-12-12
30572,WA,2023-11-04
30573,IA,2024-07-02
30574,NY,2025-11-05
30575,NJ,2023-07-02
30576,TX,2025-05-17
30577,CO,2025-11-03
30578,KY,2023-01-24
30579,AL,2025-03-16
30580,CA,2023-08-24
30581,NH,2025-04-29
30582,WA,2024-05-17
30583,UT,2023-09-12
30584,NY,2024-01-12
30585,NC,2026-02-06
30586,CO,2025-02-05
30587,DE,2024-02-26
30588,NE,2023-05-11
30589,MS,2025-08-01
30590,MI,2023-08-07
30591,MA,2023-07-16
30592,NY,2024-08-17
30593,AL,2025-02-21
30594,WA,2024-09-09
30595,FL,2024-11-26
30596,WA,2025-04-23
30597,CO,2026-01-06
30598,TX,2026-01-23
30599,TX,2024-01-24
30600,MA,2024-05-29
30601,NM,2023-02-16
30602,GA,2025-01-20
30603,WA,2023-09-28
30604,CA,2024-02-26
30605,CA,2025-11-17
30606,FL,2023-03-28
30607,TX,2024-11-17
30608,WI,2024-12-19
30609,NY,2025-05-11
30610,TX,2025-01-27
30611,NJ,2023-02-23
30612,NY,2023-03-24
30613,CA,2024-06-27
30614,MA,2024-01-20
30615,CA,2024-06-06
30616,MA,2023-08-11
30617,WA,2023-10-13
30618,MD,2025-04-03
30619,NY,2024-03-19
30620,IL,2023-03-30
30621,MI,2025-02-05
30622,NY,2023-09-26
30623,VA,2025-06-26
30624,MD,2025-11-21
30625,NY,2023-03-28
30626,CA,2023-04-03
30627,OR,2025-03-12
30628,MI,2024-08-17
30629,MI,2026-01-17
30630,NY,2023-06-03
30631,MA,2025-06-14
30632,NY,2025-06-08
30633,WA,2024-02-22
30634,UT,2023-09-10
30635,UT,2025-02-06
30636,MD,2023-06-08
30637,WI,2023-11-08
30638,AR,2025-03-09
30639,GA,2024-08-03
30640,NC,2024-03-10
30641,NJ,2025-10-02
30642,KS,2023-09-22
30643,NY,2025-10-28
30644,MO,2025-10-14
30645,TX,2023-04-17
30646,TX,2025-07-20
30647,CA,2025-01-08
30648,WI,2025-12-28
30649,AZ,2024-03-15
30650,CA,2025-04-21
30651,CT,2025-06-13
30652,MA,2024-10-12
30653,FL,2024-06-03
30654,NC,2025-12-27
30655,DE,2023-05-26
30656,PA,2024-01-19
30657,IL,2024-04-12
30658,WA,2025-01-31
30659,TX,2025-06-08
30660,CA,2024-05-29
30661,VT,2023-04-30
30662,TN,2025-01-19
30663,CA,2023-02-24
30664,AZ,2025-12-29
30665,CA,2023-12-22
30666,NC,2025-02-12
30667,IL,2025-06-30
30668,VA,2025-10-05
30669,TX,2025-08-19
30670,AZ,2023-08-06
30671,FL,2024-12-24
30672,VA,2023-09-21
30673,TX,2023-12-10
30674,TX,2025-04-06
30675,SC,2024-06-04
30676,OR,2025-12-01
30677,AZ,2025-11-07
30678,NV,2024-03-07
30679,CA,2023-11-26
30680,TX,2023-10-03
30681,TX,2025-07-25
30682,CA,2024-12-27
30683,CT,2025-01-16
30684,TX,2025-12-09
30685,MN,2023-05-13
30686,TX,2024-11-30
30687,CO,2025-09-13
30688,CA,2024-08-07
30689,SD,2025-03-21
30690,NJ,2023-04-15
30691,CO,2023-10-19
30692,OR,2023-08-20
30693,MA,2026-01-29
30694,TX,2023-09-16
30695,NJ,2025-08-14
30696,GA,2023-04-22
30697,CA,2025-12-04
30698,FL,2023-08-13
30699,WA,2025-06-22
30700,GA,2026-01-01
30701,WI,2025-07-06
30702,NY,2024-08-03
30703,IN,2025-01-05
30704,FL,2024-07-14
30705,NV,2025-09-29
30706,IN,2025-06-05
30707,CA,2024-01-15
30708,CA,2024-04-01
30709,WA,2023-03-25
30710,IL,2023-12-25
30711,NC,2023-02-27
30712,NY,2024-11-14
30713,FL,2024-03-12
30714,TX,2025-10-10
30715,NC,2025-05-23
30716,TX,2025-02-02
30717,TN,2025-04-19
30718,TX,2024-10-10
30719,NY,2024-06-01
30720,NJ,2025-02-25
30721,NC,2023-03-27
30722,CT,2025-05-28
30723,CA,2025-09-06
30724,ND,2024-10-28
30725,VT,2026-02-15
30726,NY,2023-09-21
30727,CO,2023-11-19
30728,TX,2023-01-11
30729,CA,2023-09-20
30730,AK,2025-11-13
30731,TX,2025-06-26
30732,NY,2025-04-19
30733,CA,2024-03-29
30734,KY,2026-02-13
30735,WA,2023-10-07
30736,MD,2024-07-03
30737,CA,2023-07-18
30738,CA,2024-10-31
30739,CT,2023-10-13
30740,MA,2026-02-25
30741,NC,2025-06-03
30742,FL,2023-09-15
30743,IL,2025-02-14
30744,VA,2024-10-18
30745,AZ,2024-05-25
30746,RI,2024-07-13
30747,WA,2023-03-05
30748,IL,2024-12-01
30749,IL,2023-05-21
30750,MA,2025-09-04
30751,FL,2025-01-09
30752,VA,2023-04-17
30753,NC,2023-08-01
30754,OR,2025-11-05
30755,CA,2024-01-23
30756,VA,2023-09-15
30757,CA,2026-02-11
30758,SC,2025-04-12
30759,FL,2025-03-08
30760,MI,2025-06-04
30761,FL,2023-02-07
30762,TX,2025-07-04
30763,OH,2025-11-14
30764,CA,2025-06-11
30765,OR,2025-12-11
30766,NY,2025-04-30
30767,TX,2026-01-19
30768,UT,2023-03-02
30769,MN,2023-04-21
30770,NY,2023-09-15
30771,NC,2023-05-15
30772,TX,2023-03-01
30773,GA,2023-07-08
30774,AZ,2023-12-02
30775,FL,2024-09-16
30776,CT,2025-11-16
30777,GA,2025-10-21
30778,NJ,2024-12-26
30779,NC,2023-03-27
30780,FL,2024-10-28
30781,WA,2023-03-21
30782,CT,2024-07-25
30783,TX,2025-03-13
30784,MD,2025-03-11
30785,TX,2025-05-24
30786,IL,2023-06-24
30787,KS,2025-05-15
30788,TX,2025-05-13
30789,KS,2025-12-18
30790,NY,2024-02-10
30791,FL,2024-05-01
30792,KS,2025-01-23
30793,FL,2023-10-10
30794,NY,2025-01-06
30795,NC,2024-03-31
30796,WI,2023-08-10
30797,LA,2025-05-29
30798,NY,2024-12-16
30799,NY,2025-11-30
30800,CT,2024-11-13
30801,IL,2025-02-18
30802,NC,2024-12-08
30803,IL,2023-09-07
30804,GA,2024-12-07
30805,CO,2023-01-04
30806,IN,2024-03-24
30807,TX,2025-06-05
30808,MA,2024-05-25
30809,AR,2025-06-16
30810,NC,2023-02-15
30811,TX,2023-11-27
30812,WA,2023-05-06
30813,WV,2024-08-07
30814,MI,2023-12-16
30815,NY,2023-10-05
30816,NY,2026-01-22
30817,MA,2023-11-26
30818,MD,2024-04-22
30819,NY,2024-05-24
30820,TX,2025-01-26
30821,WA,2025-07-11
30822,AZ,2023-01-31
30823,CO,2025-11-27
30824,WA,2024-07-04
30825,CA,2024-11-06
30826,AL,2023-12-22
30827,NC,2025-08-18
30828,CA,2023-09-24
30829,ME,2023-10-17
30830,VA,2025-11-09
30831,TX,2023-03-04
30832,CA,2023-06-19
30833,TX,2023-01-13
30834,NY,2024-10-10
30835,NY,2024-01-24
30836,MA,2025-01-05
30837,NJ,2023-12-23
30838,LA,2024-09-24
30839,NY,2023-07-17
30840,WA,2023-06-06
30841,CO,2023-09-27
30842,MN,2023-03-03
30843,IL,2024-05-12
30844,SC,2025-01-07
30845,OH,2023-04-27
30846,IN,2025-07-03
30847,TX,2025-09-08
30848,WA,2024-12-18
30849,MA,2025-05-17
30850,CO,2023-10-28
30851,NY,2023-11-23
30852,NY,2025-08-07
30853,WA,2025-01-02
30854,WY,2024-06-05
30855,CA,2025-10-24
30856,TX,2023-06-30
30857,VA,2026-01-13
30858,AZ,2024-04-30
30859,TX,2024-06-15
30860,MI,2024-12-11
30861,MN,2023-04-06
30862,MO,2026-01-24
30863,TX,2025-02-28
30864,MI,2023-03-30
30865,GA,2025-08-04
30866,FL,2025-07-11
30867,CA,2024-06-07
30868,CA,2023-01-28
30869,WA,2023-10-02
30870,NY,2024-07-08
30871,MA,2024-04-09
30872,IL,2023-04-09
30873,TX,2024-10-16
30874,OR,2024-03-28
30875,MN,2023-10-19
30876,CT,2025-10-14
30877,PA,2023-10-28
30878,CA,2023-06-23
30879,MD,2023-01-30
30880,CT,2023-09-08
30881,MD,2024-09-12
30882,OH,2023-12-10
30883,NE,2025-11-26
30884,OH,2025-09-29
30885,TX,2023-12-12
30886,GA,2026-01-25
30887,SC,2024-06-19
30888,MI,2023-12-10
30889,MN,2025-05-16
30890,CA,2023-03-27
30891,FL,2025-11-06
30892,CA,2023-09-01
30893,MI,2025-02-18
30894,NC,2023-01-06
30895,WA,2025-08-20
30896,PA,2024-01-16
30897,IN,2025-02-17
30898,OR,2023-05-04
30899,TX,2025-12-19
30900,MD,2024-05-15
30901,PA,2023-01-10
30902,AL,2025-08-28
30903,FL,2024-08-18
30904,TX,2024-04-01
30905,MA,2024-09-03
30906,OR,2024-12-27
30907,MA,2024-08-19
30908,TX,2025-10-25
30909,CA,2023-10-14
30910,IL,2023-07-26
30911,GA,2024-07-03
30912,MT,2024-11-22
30913,CA,2025-06-29
30914,NE,2025-11-08
30915,NY,2024-12-14
30916,FL,2025-05-31
30917,VT,2024-08-22
30918,TX,2025-08-09
30919,CO,2023-08-31
30920,TX,2024-10-21
30921,TX,2025-09-23
30922,NY,2025-08-28
30923,NM,2024-10-12
30924,VA,2025-06-04
30925,MA,2023-04-13
30926,NE,2025-02-08
30927,CA,2023-05-28
30928,IN,2025-03-29
30929,MA,2025-10-06
30930,NY,2024-10-31
30931,TX,2025-02-07
30932,OK,2024-02-23
30933,MA,2025-02-15
30934,TX,2026-02-10
30935,CA,2024-06-16
30936,MA,2026-01-08
30937,FL,2025-06-26
30938,IL,2023-08-16
30939,NM,2025-11-26
30940,WA,2025-09-16
30941,NY,2023-06-27
30942,WA,2024-04-12
30943,CA,2024-09-13
30944,AZ,2026-02-06
30945,TX,2023-06-05
30946,IL,2023-09-17
30947,CA,2024-01-31
30948,WA,2025-07-21
30949,CO,2023-09-17
30950,CA,2023-09-28
30951,CA,2024-02-16
30952,NY,2025-11-26
30953,NE,2024-01-28
30954,MA,2023-07-14
30955,NY,2024-01-02
30956,NY,2025-06-12
30957,CA,2024-08-16
30958,CO,2024-07-15
30959,TX,2026-01-06
30960,CA,2024-06-20
30961,NH,2024-07-25
30962,GA,2023-11-04
30963,OH,2024-08-04
30964,NY,2024-10-27
30965,TX,2024-07-13
30966,CA,2024-07-19
30967,TX,2026-02-11
30968,MA,2023-10-04
30969,FL,2024-04-06
30970,NJ,2024-09-13
30971,MA,2025-12-31
30972,CA,2023-01-15
30973,OR,2023-02-11
30974,AR,2023-01-20
30975,MA,2025-11-05
30976,LA,2024-10-08
30977,KY,2024-08-29
30978,ME,2023-04-03
30979,CA,2023-03-22
30980,PA,2026-01-06
30981,LA,2024-10-19
30982,NC,2024-05-09
30983,FL,2023-01-26
30984,WA,2024-10-17
30985,NY,2024-03-31
30986,MI,2026-01-05
30987,CT,2023-11-10
30988,MA,2023-12-18
30989,LA,2025-07-11
30990,FL,2023-10-30
30991,NC,2023-11-23
30992,CA,2023-05-03
30993,MA,2023-06-27
30994,NY,2025-10-28
30995,NY,2023-01-02
30996,CA,2024-07-01
30997,CA,2024-09-22
30998,MN,2024-04-26
30999,GA,2025-12-01
31000,UT,2024-07-24
31001,PA,2024-11-22
31002,ND,2023-08-09
31003,NC,2023-02-18
31004,NY,2025-08-09
31005,AR,2023-12-26
31006,NV,2025-01-21
31007,PA,2024-10-01
31008,DE,2025-11-17
31009,IL,2023-04-03
31010,WI,2024-11-21
31011,CA,2024-06-22
31012,NE,2024-09-30
31013,CA,2023-04-08
31014,IL,2024-02-22
31015,ID,2023-10-27
31016,FL,2024-07-13
31017,UT,2025-02-22
31018,NY,2025-03-25
31019,NY,2023-04-20
31020,MI,2024-06-10
31021,MO,2024-05-18
31022,WI,2026-01-30
31023,NJ,2024-08-28
31024,FL,2023-08-07
31025,FL,2023-05-09
31026,FL,2024-08-26
31027,AZ,2024-07-08
31028,TX,2025-02-20
31029,CT,2024-04-26
31030,AL,2023-09-05
31031,CA,2025-08-01
31032,KY,2025-12-27
31033,OR,2023-04-02
31034,VA,2024-06-12
31035,NY,2024-05-28
31036,CA,2024-03-15
31037,TX,2025-04-12
31038,IL,2024-03-14
31039,CA,2024-09-22
31040,NY,2026-02-04
31041,FL,2024-09-20
31042,CA,2025-08-26
31043,FL,2025-07-20
31044,NY,2025-10-29
31045,CA,2023-05-22
31046,OR,2026-01-22
31047,TX,2025-07-13
31048,FL,2024-12-05
31049,FL,2025-07-12
31050,TX,2023-10-15
31051,CO,2023-09-24
31052,FL,2025-07-15
31053,IL,2023-08-13
31054,MA,2025-08-22
31055,ID,2023-06-18
31056,WA,2023-11-19
31057,WA,2023-04-05
31058,WA,2023-12-28
31059,GA,2025-08-16
31060,CA,2024-10-31
31061,PA,2024-05-25
31062,NV,2023-09-24
31063,PA,2025-03-10
31064,MN,2023-05-13
31065,NY,2023-12-15
31066,IL,2024-06-30
31067,NC,2025-02-01
31068,NY,2023-09-25
31069,NV,2025-10-02
31070,WA,2025-12-03
31071,GA,2023-09-23
31072,OR,2023-06-19
31073,TX,2023-04-27
31074,NY,2024-03-09
31075,IL,2023-03-29
31076,VA,2025-08-21
31077,NY,2023-08-22
31078,NY,2024-08-31
31079,AZ,2024-06-13
31080,CA,2026-02-08
31081,FL,2023-08-26
31082,VA,2023-12-30
31083,MA,2024-02-13
31084,WI,2025-09-29
31085,FL,2023-08-06
31086,CA,2024-02-07
31087,FL,2023-12-11
31088,OH,2024-04-28
31089,TX,2023-04-23
31090,VA,2025-11-07
31091,CA,2023-08-07
31092,FL,2023-06-10
31093,NV,2025-12-29
31094,NY,2025-10-27
31095,SC,2025-10-21
31096,FL,2023-04-09
31097,NY,2024-08-21
31098,IL,2023-11-11
31099,TN,2025-11-23
31100,AZ,2023-08-14
31101,NY,2024-04-23
31102,MO,2024-05-05
31103,MI,2023-08-11
31104,NC,2024-06-03
31105,SC,2023-08-31
31106,WA,2023-03-29
31107,OR,2025-09-09
31108,FL,2024-04-24
31109,MA,2023-11-05
31110,CA,2024-10-16
31111,CA,2024-06-23
31112,RI,2023-03-31
31113,FL,2025-10-06
31114,PA,2023-11-09
31115,NY,2023-06-29
31116,TX,2024-07-02
31117,TX,2023-01-02
31118,TX,2025-11-23
31119,FL,2023-08-14
31120,WA,2025-08-14
31121,CA,2023-12-30
31122,MA,2025-06-03
31123,FL,2025-08-07
31124,MA,2023-04-26
31125,MD,2023-04-24
31126,MI,2024-08-17
31127,CA,2024-04-23
31128,IA,2024-12-20
31129,FL,2023-04-17
31130,WA,2023-11-11
31131,TX,2023-03-16
31132,MA,2024-11-12
31133,GA,2023-07-06
31134,FL,2023-12-05
31135,GA,2025-04-04
31136,MO,2023-02-22
31137,CO,2023-09-14
31138,WA,2023-02-15
31139,TX,2023-01-15
31140,IL,2025-04-28
31141,PA,2024-09-19
31142,KY,2023-01-12
31143,TX,2023-01-01
31144,CA,2023-03-18
31145,MS,2024-06-25
31146,CA,2025-09-22
31147,WV,2025-06-20
31148,TN,2025-04-20
31149,AR,2023-02-19
31150,ID,2025-10-26
31151,DE,2023-03-16
31152,PA,2023-12-12
31153,LA,2023-11-29
31154,CO,2024-11-08
31155,AZ,2025-04-23
31156,NY,2025-04-30
31157,MD,2023-09-25
31158,MN,2025-01-25
31159,NV,2024-08-21
31160,FL,2024-09-03
31161,TX,2024-11-28
31162,FL,2023-10-05
31163,AL,2024-11-15
31164,VA,2023-11-14
31165,NV,2025-12-01
31166,TX,2025-12-26
31167,MN,2025-06-23
31168,CA,2023-05-23
31169,MA,2023-06-03
31170,NY,2026-01-22
31171,NJ,2024-01-13
31172,NY,2025-01-30
31173,NE,2024-06-17
31174,OH,2024-09-28
31175,AZ,2025-04-05
31176,FL,2024-11-23
31177,CO,2025-02-25
31178,MI,2023-06-11
31179,NE,2024-04-10
31180,CA,2023-10-05
31181,CO,2024-04-16
31182,WI,2023-05-21
31183,FL,2025-03-20
31184,ME,2025-04-13
31185,NJ,2024-12-03
31186,AZ,2023-06-19
31187,OR,2023-08-07
31188,NY,2023-02-03
31189,GA,2023-10-12
31190,IN,2025-11-25
31191,RI,2023-09-22
31192,TN,2025-05-02
31193,OK,2023-01-07
31194,FL,2023-01-23
31195,NC,2024-06-18
31196,FL,2023-03-10
31197,NM,2023-01-13
31198,OR,2023-09-15
31199,NY,2024-12-20
31200,FL,2025-08-05
31201,VA,2026-01-25
31202,WA,2025-11-17
31203,TX,2024-10-06
31204,FL,2024-02-18
31205,CA,2026-02-01
31206,GA,2025-12-01
31207,WA,2024-10-26
31208,GA,2025-01-05
31209,TX,2025-11-28
31210,PA,2024-03-15
31211,WA,2025-11-27
31212,TX,2023-04-19
31213,PA,2024-03-05
31214,IL,2023-12-12
31215,CA,2024-01-16
31216,WA,2024-07-27
31217,NY,2025-11-19
31218,WA,2025-02-13
31219,WA,2023-06-07
31220,CA,2024-09-14
31221,OR,2024-07-03
31222,WA,2024-12-24
31223,GA,2024-10-10
31224,CA,2024-10-31
31225,MA,2023-05-14
31226,MA,2024-12-01
31227,FL,2024-08-13
31228,TX,2023-07-25
31229,FL,2023-05-28
31230,VA,2024-05-22
31231,MI,2024-06-13
31232,AL,2023-07-10
31233,TX,2024-02-10
31234,AZ,2023-03-29
31235,NY,2024-08-29
31236,CA,2023-10-01
31237,WV,2025-09-20
31238,TX,2023-03-02
31239,CA,2023-03-23
31240,TX,2026-01-06
31241,NM,2025-06-02
31242,MN,2024-06-19
31243,AZ,2024-11-02
31244,FL,2025-11-28
31245,TX,2025-06-17
31246,IA,2023-04-18
31247,MN,2025-10-18
31248,FL,2024-01-31
31249,NJ,2025-08-16
31250,NY,2024-06-12
31251,MA,2023-11-30
31252,CA,2023-08-15
31253,WA,2023-11-17
31254,PA,2023-12-08
31255,DE,2025-11-17
31256,WA,2023-01-18
31257,WA,2026-02-07
31258,TX,2024-09-24
31259,TX,2024-05-07
31260,MO,2025-03-22
31261,WA,2023-09-27
31262,TX,2025-09-25
31263,NY,2023-05-15
31264,NC,2024-05-26
31265,CA,2024-02-05
31266,VA,2026-01-11
31267,NY,2024-10-06
31268,TX,2023-03-20
31269,KY,2024-09-12
31270,CA,2025-11-15
31271,NY,2023-06-16
31272,NJ,2024-11-15
31273,NY,2025-04-24
31274,MA,2024-04-05
31275,NY,2025-11-29
31276,AL,2025-03-10
31277,NC,2025-02-10
31278,WI,2023-06-23
31279,TX,2024-08-09
31280,IL,2024-07-07
31281,NY,2026-01-25
31282,TX,2023-06-16
31283,CA,2023-07-17
31284,NV,2024-03-15
31285,IL,2024-07-12
31286,CA,2024-05-28
31287,CA,2026-01-30
31288,CT,2025-05-05
31289,WA,2024-02-18
31290,TX,2024-05-05
31291,NC,2024-06-25
31292,CA,2023-09-08
31293,SC,2025-01-22
31294,IN,2024-11-14
31295,IL,2023-09-02
31296,NC,2024-05-02
31297,NJ,2023-02-05
31298,MN,2026-01-27
31299,CT,2024-01-04
31300,FL,2025-08-16
31301,FL,2023-09-15
31302,NH,2024-05-15
31303,CA,2024-10-15
31304,CA,2024-12-20
31305,IN,2026-02-01
31306,PA,2024-04-23
31307,AZ,2023-08-28
31308,CA,2024-01-03
31309,MA,2025-09-08
31310,GA,2023-05-29
31311,MA,2025-01-01
31312,NE,2024-02-05
31313,CO,2024-08-16
31314,NY,2023-10-15
31315,TX,2023-05-14
31316,WA,2023-08-13
31317,CA,2024-09-28
31318,CA,2024-08-30
31319,CO,2025-04-28
31320,CA,2025-06-18
31321,CA,2025-04-05
31322,OR,2025-07-06
31323,MD,2024-02-15
31324,NC,2024-01-09
31325,NY,2023-03-26
31326,CO,2023-03-25
31327,WA,2024-04-26
31328,ND,2023-09-29
31329,UT,2023-01-06
31330,TX,2024-06-02
31331,NC,2023-01-14
31332,AZ,2025-10-23
31333,MN,2025-03-27
31334,GA,2024-05-01
31335,FL,2025-03-07
31336,NY,2024-05-01
31337,WA,2025-07-25
31338,NY,2024-02-10
31339,CA,2024-04-07
31340,OK,2023-05-12
31341,FL,2024-05-20
31342,WA,2024-09-24
31343,NY,2023-08-24
31344,TX,2023-01-23
31345,NY,2024-09-05
31346,IL,2026-03-01
31347,UT,2024-03-27
31348,MD,2023-10-01
31349,FL,2025-10-21
31350,OH,2024-10-22
31351,NY,2023-06-15
31352,GA,2024-02-14
31353,TX,2023-10-24
31354,ME,2026-01-21
31355,CA,2025-07-25
31356,ME,2025-09-29
31357,FL,2023-04-06
31358,LA,2024-07-24
31359,NC,2025-06-18
31360,NY,2023-05-21
31361,MA,2024-07-16
31362,WA,2025-10-10
31363,PA,2025-02-05
31364,CA,2025-04-12
31365,MD,2023-06-26
31366,AZ,2024-09-06
31367,TN,2024-10-15
31368,OK,2024-02-25
31369,GA,2023-01-30
31370,NY,2023-05-22
31371,TN,2023-08-11
31372,WV,2025-05-09
31373,WA,2025-04-09
31374,OR,2024-05-25
31375,UT,2025-10-23
31376,CA,2023-04-08
31377,TX,2025-09-14
31378,NE,2024-04-04
31379,NY,2026-02-25
31380,IL,2023-09-23
31381,AL,2025-10-08
31382,MT,2025-07-31
31383,PA,2024-01-19
31384,WI,2023-05-31
31385,WY,2024-07-24
31386,MA,2023-08-06
31387,MN,2024-08-17
31388,CA,2026-01-30
31389,OH,2025-07-29
31390,NJ,2025-01-25
31391,WA,2023-10-27
31392,VA,2025-12-07
31393,MA,2023-11-27
31394,NC,2025-01-31
31395,IL,2024-05-27
31396,NJ,2025-07-16
31397,CA,2023-04-07
31398,CO,2023-03-31
31399,PA,2026-01-28
31400,CA,2023-06-01
31401,CA,2024-12-26
31402,MN,2023-04-18
31403,NY,2023-06-13
31404,NY,2024-03-26
31405,NY,2025-03-28
31406,IL,2023-09-05
31407,MS,2025-08-12
31408,TX,2024-04-29
31409,MI,2024-03-17
31410,IL,2024-05-14
31411,FL,2025-09-11
31412,LA,2023-10-06
31413,TN,2024-06-07
31414,GA,2025-04-08
31415,MA,2024-05-02
31416,MA,2023-08-12
31417,MA,2025-09-11
31418,WA,2025-05-11
31419,IL,2023-04-11
31420,NY,2025-02-04
31421,DE,2024-11-05
31422,NC,2024-03-07
31423,CA,2024-07-02
31424,NY,2024-01-25
31425,FL,2023-07-30
31426,NC,2026-01-14
31427,TX,2025-02-01
31428,AZ,2023-07-27
31429,TX,2025-09-12
31430,CA,2025-02-10
31431,GA,2025-06-30
31432,IL,2024-09-16
31433,NC,2025-02-23
31434,WA,2026-02-27
31435,MA,2024-08-22
31436,OR,2024-07-20
31437,MA,2025-05-08
31438,LA,2023-01-04
31439,AL,2024-05-10
31440,NY,2024-01-14
31441,GA,2023-12-22
31442,UT,2024-04-12
31443,OH,2024-03-13
31444,OR,2025-04-07
31445,IL,2024-12-01
31446,NY,2025-10-08
31447,PA,2023-02-15
31448,ID,2024-08-31
31449,ME,2023-02-18
31450,MI,2023-04-30
31451,UT,2026-01-02
31452,SC,2023-09-30
31453,MS,2025-10-20
31454,TX,2025-10-14
31455,WA,2026-02-04
31456,PA,2023-07-03
31457,NH,2023-12-11
31458,AZ,2025-03-30
31459,WA,2024-04-03
31460,WA,2023-08-13
31461,OR,2024-11-20
31462,KY,2024-01-10
31463,CA,2025-06-29
31464,MI,2025-12-15
31465,MN,2023-08-28
31466,CA,2025-04-17
31467,MA,2025-07-12
31468,MD,2024-10-29
31469,WA,2026-02-11
31470,NY,2023-04-24
31471,FL,2025-09-27
31472,NJ,2026-01-15
31473,NY,2024-08-27
31474,AZ,2023-07-19
31475,AL,2024-05-01
31476,NJ,2024-12-17
31477,NE,2023-03-25
31478,NY,2025-07-29
31479,NC,2023-09-25
31480,UT,2024-04-09
31481,FL,2025-11-03
31482,VA,2025-03-31
31483,CA,2023-08-06
31484,NY,2025-09-16
31485,PA,2023-02-14
31486,CA,2023-06-09
31487,PA,2025-02-18
31488,TX,2026-01-28
31489,MD,2026-01-11
31490,IL,2024-07-09
31491,TN,2024-11-12
31492,NY,2025-11-10
31493,CA,2025-03-04
31494,NV,2024-11-02
31495,MI,2023-08-07
31496,RI,2025-11-06
31497,ND,2024-05-30
31498,VA,2025-11-28
31499,CO,2025-10-16
31500,MA,2024-12-01
31501,WA,2023-05-22
31502,MA,2023-12-12
31503,NC,2023-10-30
31504,CA,2026-02-27
31505,TX,2024-04-12
31506,NE,2023-12-12
31507,NY,2025-04-13
31508,PA,2023-06-25
31509,GA,2023-07-13
31510,PA,2025-08-01
31511,KY,2023-12-03
31512,CA,2024-10-05
31513,NC,2023-03-22
31514,FL,2023-06-10
31515,GA,2024-02-11
31516,MA,2024-05-08
31517,WA,2023-07-10
31518,TX,2024-07-07
31519,VA,2026-01-23
31520,MN,2023-12-22
31521,NY,2024-01-05
31522,VA,2025-01-14
31523,FL,2023-10-23
31524,TX,2026-01-30
31525,AZ,2023-01-21
31526,OR,2026-01-11
31527,MD,2025-09-02
31528,CA,2024-11-03
31529,CA,2024-01-02
31530,UT,2024-12-10
31531,NV,2024-07-07
31532,WA,2024-07-02
31533,SD,2023-02-08
31534,FL,2023-02-16
31535,FL,2026-02-07
31536,OH,2023-07-05
31537,FL,2025-07-12
31538,CA,2023-11-23
31539,FL,2023-04-20
31540,WA,2023-06-22
31541,AZ,2024-05-30
31542,TX,2023-03-02
31543,OH,2026-02-26
31544,NY,2024-10-20
31545,MN,2025-12-10
31546,NY,2025-11-12
31547,CT,2025-02-07
31548,PA,2025-12-20
31549,PA,2023-07-26
31550,OH,2025-03-03
31551,FL,2026-03-01
31552,NC,2025-05-26
31553,OH,2025-10-21
31554,NY,2024-07-05
31555,WA,2023-10-04
31556,CA,2025-01-28
31557,AZ,2023-11-18
31558,NY,2025-06-27
31559,NY,2023-09-03
31560,PA,2025-09-27
31561,GA,2024-04-20
31562,MA,2026-02-10
31563,HI,2023-05-06
31564,FL,2023-09-23
31565,MI,2023-05-18
31566,AZ,2024-06-04
31567,VT,2025-12-05
31568,TX,2026-02-21
31569,FL,2025-12-27
31570,IN,2025-05-26
31571,MI,2024-05-16
31572,SC,2024-10-05
31573,IL,2025-01-18
31574,OR,2025-06-23
31575,OR,2024-03-30
31576,CA,2025-04-03
31577,CA,2025-12-08
31578,IL,2024-12-01
31579,IN,2024-06-04
31580,NY,2024-01-29
31581,CA,2025-05-29
31582,ND,2024-01-30
31583,OR,2023-04-06
31584,WA,2023-03-26
31585,MI,2025-11-25
31586,ID,2025-08-09
31587,MA,2024-02-20
31588,NY,2024-08-17
31589,CT,2024-11-05
31590,VT,2024-12-26
31591,NV,2023-08-09
31592,NY,2024-04-23
31593,CA,2024-01-27
31594,KY,2026-02-16
31595,MD,2025-12-28
31596,NY,2024-03-20
31597,FL,2026-01-22
31598,PA,2023-11-15
31599,WA,2023-10-20
31600,NC,2025-02-04
31601,ID,2024-05-30
31602,MA,2025-12-15
31603,PA,2024-07-23
31604,PA,2025-01-31
31605,TX,2023-05-24
31606,PA,2023-11-05
31607,MA,2023-01-18
31608,MA,2025-04-04
31609,CA,2025-06-09
31610,PA,2026-02-09
31611,MO,2023-08-13
31612,CA,2025-05-01
31613,CO,2026-01-02
31614,FL,2023-06-03
31615,GA,2023-04-20
31616,GA,2023-12-04
31617,MA,2024-05-21
31618,IL,2023-06-22
31619,FL,2025-10-14
31620,OR,2025-03-09
31621,WA,2024-02-03
31622,MD,2023-04-12
31623,FL,2025-09-15
31624,CA,2024-04-29
31625,MI,2023-06-23
31626,NV,2025-06-30
31627,TX,2025-11-19
31628,GA,2024-07-06
31629,SC,2023-03-08
31630,TX,2024-05-02
31631,KY,2025-02-23
31632,CA,2026-02-15
31633,GA,2025-04-20
31634,PA,2024-12-21
31635,OH,2023-09-05
31636,MA,2026-01-23
31637,RI,2024-04-03
31638,MN,2026-01-30
31639,MN,2024-12-26
31640,TX,2025-10-02
31641,WA,2026-02-28
31642,PA,2024-01-11
31643,GA,2025-06-12
31644,CO,2025-05-30
31645,MA,2024-04-24
31646,CA,2024-10-05
31647,KY,2025-07-24
31648,NV,2023-04-12
31649,WA,2023-02-26
31650,VA,2024-03-06
31651,WA,2025-02-05
31652,PA,2024-04-08
31653,WI,2023-06-11
31654,IL,2023-02-01
31655,NC,2025-10-02
31656,NY,2023-04-07
31657,CA,2023-05-19
31658,NY,2023-10-19
31659,NY,2023-05-21
31660,NH,2025-09-06
31661,CA,2023-07-17
31662,IL,2023-05-12
31663,OR,2023-12-31
31664,VA,2024-06-21
31665,FL,2023-03-13
31666,WA,2023-10-30
31667,GA,2024-01-16
31668,TN,2025-06-14
31669,NY,2023-10-14
31670,KS,2023-06-17
31671,OR,2023-08-03
31672,NC,2026-02-13
31673,MA,2023-05-24
31674,TX,2023-11-26
31675,MA,2023-08-24
31676,MN,2024-04-13
31677,NY,2025-04-27
31678,ND,2024-11-26
31679,FL,2024-07-23
31680,PA,2025-02-21
31681,NC,2025-08-25
31682,NY,2023-05-29
31683,NV,2024-07-29
31684,PA,2024-04-13
31685,NY,2023-05-15
31686,IL,2025-03-30
31687,CA,2023-01-19
31688,GA,2025-06-11
31689,TX,2024-08-20
31690,ME,2024-11-16
31691,MN,2024-07-03
31692,FL,2023-05-21
31693,NV,2024-02-10
31694,TX,2024-05-14
31695,IL,2023-02-04
31696,CA,2024-10-17
31697,OK,2024-10-17
31698,NY,2023-12-24
31699,MO,2023-01-24
31700,TX,2025-09-08
31701,NY,2024-03-09
31702,MO,2023-08-03
31703,NC,2023-12-30
31704,CA,2024-04-11
31705,MO,2025-04-04
31706,TX,2023-08-24
31707,MN,2026-02-20
31708,LA,2024-07-21
31709,KY,2024-08-20
31710,AZ,2024-04-09
31711,WA,2026-01-06
31712,FL,2024-08-26
31713,CA,2023-03-14
31714,AZ,2025-04-09
31715,TX,2025-01-13
31716,KY,2023-08-22
31717,NY,2024-02-23
31718,AZ,2024-02-27
31719,NY,2023-01-25
31720,WV,2023-12-21
31721,PA,2026-02-28
31722,CO,2023-04-22
31723,IA,2024-10-02
31724,FL,2024-07-30
31725,NE,2023-01-26
31726,NJ,2024-06-13
31727,TX,2025-07-20
31728,IN,2025-07-28
31729,MD,2025-11-19
31730,NY,2024-08-12
31731,LA,2025-01-30
31732,AZ,2023-06-13
31733,CA,2023-12-01
31734,VA,2024-02-18
31735,OK,2024-08-12
31736,IN,2024-09-14
31737,CO,2023-10-10
31738,NC,2023-12-30
31739,NY,2023-09-11
31740,MA,2025-07-10
31741,TX,2023-06-20
31742,TX,2023-07-22
31743,TX,2024-04-30
31744,UT,2023-10-07
31745,CA,2024-02-08
31746,IN,2025-10-28
31747,TX,2025-03-08
31748,FL,2023-01-18
31749,CA,2026-02-19
31750,IL,2026-02-23
31751,NJ,2024-08-17
31752,FL,2024-05-03
31753,NY,2024-03-07
31754,ME,2023-07-07
31755,LA,2023-05-04
31756,SC,2024-08-29
31757,WA,2023-05-02
31758,CA,2025-05-23
31759,NY,2025-12-30
31760,WY,2025-06-23
31761,AZ,2023-04-14
31762,FL,2024-10-27
31763,TX,2024-11-03
31764,NY,2025-06-07
31765,FL,2025-12-13
31766,FL,2024-03-27
31767,FL,2025-01-20
31768,CA,2024-07-14
31769,NC,2025-05-29
31770,NY,2024-10-07
31771,VA,2025-03-11
31772,TX,2025-09-05
31773,TX,2023-05-26
31774,AL,2026-02-28
31775,CA,2024-05-28
31776,AZ,2025-12-24
31777,FL,2025-04-15
31778,GA,2025-11-24
31779,OH,2023-11-24
31780,DE,2024-03-03
31781,FL,2025-03-07
31782,WA,2023-11-30
31783,NY,2026-02-10
31784,NE,2026-01-22
31785,SC,2024-09-17
31786,CT,2024-02-01
31787,NC,2024-06-17
31788,NY,2023-02-26
31789,WA,2024-11-24
31790,MA,2025-10-22
31791,WA,2024-03-31
31792,GA,2025-04-04
31793,MD,2023-04-28
31794,OH,2024-07-09
31795,NY,2024-07-18
31796,NY,2024-05-10
31797,CA,2025-03-11
31798,TX,2024-10-02
31799,MA,2023-06-12
31800,WA,2023-09-08
31801,MI,2024-10-05
31802,CA,2023-11-25
31803,CO,2023-04-28
31804,GA,2024-01-04
31805,OR,2025-01-17
31806,CA,2026-02-12
31807,MI,2023-07-14
31808,NY,2024-08-28
31809,GA,2024-12-24
31810,MD,2023-05-18
31811,TX,2025-08-20
31812,NY,2026-01-03
31813,FL,2025-11-04
31814,NC,2023-06-05
31815,NJ,2025-05-25
31816,GA,2025-11-24
31817,WA,2024-06-02
31818,CA,2023-07-01
31819,MI,2023-06-19
31820,IA,2024-05-11
31821,TX,2025-12-16
31822,OR,2025-09-30
31823,NY,2025-10-17
31824,NY,2024-12-13
31825,WA,2025-06-20
31826,CO,2023-01-02
31827,AL,2024-02-27
31828,NY,2025-02-20
31829,NV,2025-01-22
31830,IN,2024-04-18
31831,TX,2023-05-26
31832,FL,2023-11-22
31833,CO,2024-08-10
31834,CT,2023-08-18
31835,CA,2024-08-07
31836,TX,2024-09-09
31837,OR,2025-01-05
31838,WA,2025-02-20
31839,WA,2025-08-10
31840,UT,2024-11-11
31841,WA,2023-04-16
31842,MA,2023-10-12
31843,TX,2024-08-18
31844,CA,2025-04-15
31845,MA,2024-06-09
31846,FL,2025-05-26
31847,VA,2023-06-29
31848,TX,2025-11-28
31849,MN,2025-04-18
31850,OR,2024-05-26
31851,SC,2025-10-26
31852,MI,2024-07-05
31853,FL,2025-02-02
31854,NY,2025-01-10
31855,MD,2025-10-13
31856,AL,2024-04-17
31857,NM,2024-04-10
31858,VA,2026-01-17
31859,MI,2023-10-29
31860,MS,2026-02-17
31861,VT,2024-11-26
31862,NY,2024-12-18
31863,IL,2025-09-23
31864,TX,2024-04-03
31865,TX,2023-03-31
31866,CA,2023-04-26
31867,NY,2024-11-05
31868,WA,2024-02-04
31869,GA,2023-04-20
31870,NY,2023-07-19
31871,MN,2025-03-02
31872,NE,2024-08-14
31873,AL,2025-09-13
31874,PA,2025-02-01
31875,CA,2023-03-14
31876,NJ,2025-05-27
31877,FL,2024-12-17
31878,NY,2024-03-10
31879,TX,2024-08-14
31880,WY,2023-04-25
31881,CA,2023-01-25
31882,NC,2023-06-26
31883,NC,2023-10-20
31884,PA,2025-10-23
31885,CT,2023-11-11
31886,AZ,2024-11-24
31887,CT,2024-07-04
31888,AZ,2023-03-04
31889,LA,2026-01-17
31890,CA,2023-04-13
31891,WA,2023-06-08
31892,PA,2024-07-14
31893,CA,2025-01-03
31894,SC,2023-12-25
31895,NY,2024-11-30
31896,MA,2025-02-03
31897,VA,2025-05-26
31898,CA,2024-05-04
31899,WA,2023-07-11
31900,NC,2023-09-01
31901,GA,2025-09-20
31902,WA,2025-07-22
31903,NY,2024-08-05
31904,CA,2026-01-05
31905,CA,2025-01-02
31906,NY,2025-02-19
31907,WA,2025-03-04
31908,WA,2025-09-29
31909,NE,2025-06-24
31910,IN,2025-01-02
31911,CA,2023-04-01
31912,AZ,2024-07-21
31913,CA,2024-01-23
31914,CA,2025-10-16
31915,OH,2024-03-11
31916,WA,2025-07-04
31917,IN,2023-02-16
31918,MA,2025-08-27
31919,VA,2023-11-03
31920,SD,2023-04-24
31921,CA,2025-12-17
31922,NY,2023-02-13
31923,NY,2023-12-20
31924,CA,2025-10-03
31925,MD,2025-11-01
31926,TX,2024-01-29
31927,CA,2024-12-17
31928,NY,2025-01-29
31929,IN,2023-08-18
31930,WI,2023-12-22
31931,CA,2024-02-28
31932,FL,2024-05-14
31933,NY,2023-01-20
31934,NJ,2023-08-03
31935,PA,2025-01-13
31936,KY,2024-05-08
31937,OR,2023-04-28
31938,NC,2024-07-14
31939,CA,2023-09-20
31940,NV,2023-12-02
31941,NY,2024-06-05
31942,FL,2025-05-24
31943,AZ,2025-10-13
31944,NY,2023-07-23
31945,GA,2025-09-10
31946,WA,2024-10-16
31947,FL,2025-05-05
31948,AZ,2023-08-04
31949,TX,2023-08-22
31950,TX,2024-02-06
31951,OH,2024-04-29
31952,MA,2024-01-25
31953,PA,2023-06-22
31954,WA,2025-03-03
31955,MA,2024-05-21
31956,LA,2023-05-24
31957,MN,2023-09-04
31958,NY,2024-06-24
31959,MA,2023-11-16
31960,AR,2024-11-15
31961,MA,2023-08-22
31962,WA,2024-07-15
31963,TX,2024-05-12
31964,IL,2024-10-28
31965,OH,2024-09-03
31966,CA,2024-08-14
31967,WA,2024-06-24
31968,MA,2023-03-03
31969,CA,2025-12-30
31970,FL,2025-08-01
31971,CA,2024-10-06
31972,NY,2023-04-27
31973,CO,2024-05-24
31974,PA,2024-07-08
31975,AR,2025-09-15
31976,WA,2025-04-21
31977,CA,2024-07-03
31978,FL,2025-02-13
31979,FL,2023-12-03
31980,NY,2023-07-03
31981,FL,2025-10-13
31982,TX,2023-10-07
31983,WA,2025-03-13
31984,IN,2025-12-01
31985,CA,2024-05-30
31986,NY,2025-09-18
31987,CO,2023-04-29
31988,SC,2026-01-05
31989,NY,2025-03-02
31990,CA,2025-04-18
31991,WA,2026-02-20
31992,MA,2024-03-09
31993,TX,2024-10-29
31994,NY,2023-11-25
31995,VA,2023-04-13
31996,NJ,2025-05-20
31997,CA,2025-12-04
31998,NC,2023-12-11
31999,CO,2024-02-14
32000,AZ,2023-02-18
32001,GA,2023-04-29
32002,OH,2025-05-01
32003,TX,2024-04-12
32004,NY,2023-02-16
32005,NH,2023-01-01
32006,NY,2023-06-10
32007,FL,2024-09-15
32008,KY,2023-01-23
32009,AZ,2024-04-20
32010,MA,2025-02-03
32011,CA,2024-05-13
32012,CA,2024-05-01
32013,NY,2024-01-14
32014,WA,2025-02-13
32015,CT,2025-06-07
32016,SC,2024-11-22
32017,TX,2024-05-26
32018,MN,2023-01-14
32019,MA,2023-09-01
32020,AZ,2025-10-24
32021,SD,2023-08-02
32022,MD,2023-02-18
32023,TX,2026-01-09
32024,CA,2025-05-27
32025,NE,2023-06-30
32026,WA,2024-11-02
32027,NJ,2025-05-19
32028,CA,2023-08-05
32029,NM,2025-02-01
32030,CA,2024-09-16
32031,WI,2023-07-09
32032,WA,2023-01-02
32033,CA,2024-04-04
32034,WA,2024-09-23
32035,WA,2025-01-26
32036,CA,2025-02-22
32037,MI,2023-05-11
32038,NY,2024-06-13
32039,LA,2023-08-20
32040,WA,2024-02-20
32041,CT,2026-02-21
32042,KY,2024-07-15
32043,WV,2023-06-26
32044,OH,2025-12-31
32045,CA,2023-05-05
32046,WA,2024-01-18
32047,PA,2025-10-25
32048,WA,2023-07-04
32049,IL,2023-03-25
32050,NY,2025-07-28
32051,MD,2024-10-26
32052,CA,2024-12-10
32053,TN,2025-01-01
32054,PA,2025-11-12
32055,IL,2025-09-10
32056,CA,2025-06-24
32057,FL,2024-10-11
32058,IL,2026-01-01
32059,TX,2026-01-25
32060,IL,2024-06-22
32061,TX,2023-06-12
32062,TX,2023-03-03
32063,FL,2024-02-06
32064,FL,2023-09-20
32065,FL,2023-07-18
32066,TX,2025-02-16
32067,MA,2023-01-27
32068,NJ,2025-10-01
32069,LA,2025-08-29
32070,WA,2025-03-26
32071,SC,2023-11-19
32072,AZ,2023-12-11
32073,WA,2025-04-18
32074,MA,2025-01-29
32075,FL,2023-01-11
32076,CA,2024-03-10
32077,MT,2025-11-21
32078,TX,2025-04-19
32079,VA,2023-05-28
32080,CO,2023-09-26
32081,NY,2024-12-15
32082,FL,2026-01-26
32083,IL,2023-08-24
32084,TX,2024-10-04
32085,FL,2025-06-29
32086,FL,2025-02-02
32087,CA,2023-09-09
32088,NY,2024-07-21
32089,WA,2025-06-10
32090,CA,2025-01-30
32091,FL,2023-09-06
32092,AZ,2025-03-24
32093,TX,2024-01-08
32094,CA,2023-06-25
32095,TX,2026-02-02
32096,OR,2025-05-14
32097,IL,2024-03-14
32098,NY,2023-02-23
32099,CO,2023-11-17
32100,TX,2025-03-29
32101,MN,2025-07-16
32102,TX,2025-01-17
32103,TX,2025-06-14
32104,CA,2024-02-08
32105,MA,2023-12-13
32106,MA,2024-11-06
32107,CA,2024-05-03
32108,CO,2025-03-10
32109,PA,2023-12-25
32110,NH,2025-12-16
32111,MN,2025-07-30
32112,TX,2026-01-15
32113,NY,2024-01-13
32114,RI,2025-07-19
32115,AR,2023-03-20
32116,FL,2025-08-27
32117,NE,2023-11-04
32118,MN,2026-01-17
32119,MD,2025-09-03
32120,WA,2024-11-21
32121,MA,2023-08-11
32122,WA,2024-10-17
32123,NY,2023-06-13
32124,WA,2024-10-12
32125,CO,2023-11-08
32126,WA,2023-06-19
32127,PA,2023-02-16
32128,WI,2023-01-06
32129,TX,2025-06-22
32130,VA,2025-12-30
32131,NY,2026-02-20
32132,WI,2025-01-26
32133,MN,2025-06-30
32134,VA,2024-06-04
32135,NY,2025-04-22
32136,MN,2024-07-16
32137,NJ,2023-11-23
32138,NY,2025-06-01
32139,OR,2025-01-13
32140,MI,2025-10-25
32141,VA,2025-10-26
32142,MA,2023-02-12
32143,AZ,2025-05-10
32144,ND,2025-06-14
32145,MN,2023-05-11
32146,MN,2025-11-14
32147,NH,2025-06-26
32148,MA,2024-07-30
32149,WA,2023-09-17
32150,MI,2024-03-11
32151,FL,2024-01-18
32152,WA,2024-12-10
32153,PA,2026-02-06
32154,TX,2024-06-11
32155,NC,2024-12-15
32156,PA,2025-05-19
32157,NY,2024-08-08
32158,TX,2026-02-15
32159,ND,2024-07-28
32160,KS,2023-05-21
32161,OR,2023-08-13
32162,OR,2023-06-10
32163,HI,2025-12-21
32164,WA,2025-07-23
32165,GA,2024-02-01
32166,NV,2023-01-16
32167,FL,2023-08-17
32168,CA,2024-03-13
32169,WA,2024-02-18
32170,TX,2025-07-23
32171,TX,2024-08-31
32172,MO,2025-04-17
32173,NY,2024-10-13
32174,FL,2023-05-10
32175,WA,2025-07-17
32176,NJ,2024-10-16
32177,AL,2025-04-28
32178,GA,2024-11-22
32179,UT,2024-04-22
32180,NV,2025-11-27
32181,LA,2025-09-02
32182,FL,2025-04-28
32183,CA,2024-06-02
32184,MA,2025-06-19
32185,CT,2023-03-06
32186,WA,2024-03-27
32187,FL,2025-05-02
32188,IA,2023-06-19
32189,NY,2025-01-07
32190,NM,2023-08-19
32191,MD,2025-08-19
32192,FL,2023-01-06
32193,NY,2023-09-21
32194,CA,2025-07-19
32195,PA,2023-02-22
32196,NY,2023-01-19
32197,CA,2023-09-22
32198,GA,2025-03-16
32199,RI,2023-06-09
32200,IL,2025-11-12
32201,IL,2025-07-30
32202,CO,2024-01-20
32203,WI,2025-10-27
32204,OH,2025-05-24
32205,VA,2025-05-29
32206,IL,2024-06-19
32207,NJ,2023-05-10
32208,NY,2023-09-07
32209,PA,2025-07-02
32210,CA,2024-09-09
32211,TX,2023-12-22
32212,MD,2023-11-08
32213,KY,2023-02-01
32214,SD,2025-04-17
32215,IN,2023-04-03
32216,NY,2025-06-09
32217,MI,2023-02-03
32218,MA,2025-05-01
32219,FL,2025-08-28
32220,RI,2024-08-31
32221,CA,2024-05-22
32222,IN,2023-11-09
32223,LA,2025-08-01
32224,MA,2023-02-01
32225,WA,2024-09-28
32226,WA,2024-09-11
32227,WA,2024-12-23
32228,CA,2025-09-26
32229,NC,2023-01-02
32230,PA,2025-10-07
32231,NY,2025-12-18
32232,FL,2023-04-06
32233,NY,2024-05-19
32234,MO,2023-07-30
32235,UT,2025-02-21
32236,MO,2025-09-19
32237,PA,2025-11-18
32238,VT,2023-04-22
32239,FL,2026-02-20
32240,FL,2023-10-30
32241,GA,2024-11-27
32242,NY,2025-05-10
32243,NY,2023-09-12
32244,MO,2025-07-15
32245,WA,2023-12-08
32246,OH,2025-01-25
32247,NC,2023-09-15
32248,AZ,2025-12-19
32249,NV,2025-09-08
32250,TX,2023-08-17
32251,CA,2024-03-07
32252,MA,2023-04-28
32253,MI,2025-06-18
32254,MI,2023-01-26
32255,TX,2023-12-06
32256,FL,2023-06-20
32257,MI,2024-06-15
32258,MI,2023-12-15
32259,TX,2024-01-12
32260,AZ,2023-05-31
32261,AZ,2025-04-08
32262,PA,2023-08-18
32263,TX,2023-12-02
32264,CA,2023-10-02
32265,CA,2024-12-15
32266,NY,2025-06-16
32267,NY,2023-09-14
32268,CA,2024-11-11
32269,FL,2025-10-28
32270,WV,2023-12-02
32271,FL,2025-11-29
32272,TX,2025-07-23
32273,TX,2025-09-06
32274,OH,2025-06-05
32275,WA,2023-11-26
32276,NJ,2023-08-31
32277,PA,2023-06-14
32278,NJ,2025-08-16
32279,HI,2024-04-24
32280,NJ,2023-10-10
32281,TX,2026-01-23
32282,IL,2026-02-28
32283,MI,2025-07-23
32284,CA,2025-02-12
32285,WA,2023-07-28
32286,MI,2024-07-31
32287,NY,2024-04-25
32288,CT,2025-09-30
32289,IN,2023-12-30
32290,OH,2024-02-27
32291,WA,2023-08-01
32292,NC,2025-06-17
32293,PA,2024-06-04
32294,GA,2025-07-28
32295,CA,2023-01-19
32296,MA,2026-01-15
32297,FL,2024-06-13
32298,FL,2023-08-25
32299,CA,2023-04-14
32300,VA,2025-07-25
32301,IL,2023-08-25
32302,NC,2024-07-14
32303,LA,2026-01-30
32304,GA,2024-08-19
32305,NJ,2023-02-07
32306,UT,2025-07-31
32307,GA,2024-01-26
32308,FL,2025-01-30
32309,NY,2024-09-08
32310,MD,2024-02-21
32311,TX,2025-09-11
32312,CA,2025-11-13
32313,TX,2026-01-10
32314,WA,2023-11-23
32315,FL,2024-08-06
32316,NY,2024-09-21
32317,NY,2024-02-03
32318,MA,2023-06-05
32319,MA,2026-02-24
32320,NY,2023-10-04
32321,MA,2025-09-30
32322,MA,2025-11-16
32323,CT,2025-07-31
32324,CA,2024-09-28
32325,CA,2025-05-23
32326,MT,2025-06-28
32327,IL,2023-01-21
32328,TX,2023-04-17
32329,FL,2024-12-16
32330,RI,2024-06-23
32331,CA,2025-07-21
32332,IL,2023-03-08
32333,IL,2024-09-27
32334,IL,2023-08-30
32335,IL,2025-10-02
32336,IL,2024-01-31
32337,MO,2023-08-08
32338,MA,2024-11-21
32339,IA,2024-02-23
32340,MS,2023-12-25
32341,AK,2024-05-15
32342,NY,2025-11-08
32343,TX,2025-02-19
32344,IL,2025-02-25
32345,PA,2024-11-06
32346,TX,2023-08-02
32347,WA,2024-05-06
32348,ID,2023-08-10
32349,MD,2023-09-26
32350,NM,2026-01-12
32351,CA,2025-01-12
32352,NY,2023-02-13
32353,WI,2025-09-02
32354,MN,2023-06-10
32355,OH,2025-01-17
32356,CO,2023-11-04
32357,GA,2023-04-27
32358,IL,2023-12-05
32359,NY,2025-06-06
32360,SC,2024-10-28
32361,UT,2025-08-11
32362,NY,2025-07-28
32363,CA,2025-10-25
32364,NY,2023-03-12
32365,MN,2023-04-14
32366,CA,2023-02-25
32367,PA,2025-10-15
32368,FL,2025-04-03
32369,NJ,2024-05-10
32370,NY,2023-02-03
32371,FL,2023-02-22
32372,AL,2025-10-23
32373,NY,2023-11-26
32374,WA,2025-03-15
32375,GA,2023-05-29
32376,CA,2023-05-13
32377,NC,2023-09-16
32378,FL,2025-09-16
32379,FL,2024-12-16
32380,TX,2025-12-20
32381,LA,2025-07-19
32382,CO,2024-11-02
32383,CA,2023-05-27
32384,CO,2025-04-21
32385,FL,2025-04-04
32386,GA,2024-05-10
32387,IL,2024-09-14
32388,FL,2024-08-24
32389,OR,2025-08-01
32390,MN,2023-05-11
32391,OH,2024-12-23
32392,WA,2025-02-03
32393,MA,2026-01-22
32394,TX,2024-11-07
32395,NY,2024-07-25
32396,NY,2023-04-08
32397,NC,2024-07-07
32398,AK,2024-02-29
32399,CA,2024-08-07
32400,LA,2024-06-22
32401,NY,2023-06-23
32402,IL,2025-02-23
32403,TX,2025-01-31
32404,NE,2025-02-01
32405,CA,2025-08-10
32406,NY,2024-04-29
32407,NJ,2024-08-07
32408,MA,2025-02-20
32409,TX,2025-02-14
32410,FL,2025-04-23
32411,IL,2024-08-01
32412,TX,2025-02-09
32413,CA,2024-03-05
32414,TX,2023-05-12
32415,GA,2025-08-10
32416,CA,2026-02-21
32417,SC,2024-01-22
32418,MS,2024-10-09
32419,TX,2024-09-05
32420,KY,2024-01-07
32421,WA,2025-03-24
32422,WA,2023-10-14
32423,ME,2026-01-19
32424,FL,2024-06-30
32425,IL,2025-07-30
32426,MN,2023-06-01
32427,OR,2024-07-30
32428,CA,2023-08-09
32429,GA,2025-05-07
32430,NY,2024-09-11
32431,PA,2025-05-05
32432,NY,2024-11-16
32433,GA,2025-02-05
32434,PA,2023-02-27
32435,CA,2025-11-15
32436,FL,2024-04-30
32437,TX,2026-02-14
32438,UT,2023-08-30
32439,MS,2025-04-22
32440,WI,2026-01-21
32441,MO,2023-08-09
32442,CO,2024-12-13
32443,VA,2023-08-15
32444,MA,2024-07-22
32445,WA,2024-08-07
32446,CA,2025-02-05
32447,TX,2025-02-14
32448,LA,2024-08-25
32449,TX,2026-02-23
32450,NY,2023-10-17
32451,AK,2024-05-13
32452,PA,2025-01-21
32453,NC,2025-04-16
32454,TX,2024-06-05
32455,CA,2025-11-11
32456,PA,2025-06-26
32457,WA,2023-09-19
32458,VA,2023-04-20
32459,TX,2024-05-15
32460,MA,2025-09-01
32461,OH,2023-01-13
32462,WA,2023-03-04
32463,MS,2025-11-13
32464,CA,2023-12-06
32465,CA,2025-11-08
32466,TX,2025-01-11
32467,NY,2023-03-29
32468,CO,2024-08-03
32469,MI,2023-04-02
32470,WA,2023-05-25
32471,SC,2023-06-24
32472,NC,2024-04-04
32473,NE,2024-12-03
32474,GA,2023-05-15
32475,MA,2024-06-24
32476,NY,2023-08-25
32477,CO,2025-02-10
32478,OH,2025-11-30
32479,MD,2023-09-03
32480,CA,2025-04-07
32481,MA,2024-04-03
32482,NV,2025-08-22
32483,MI,2024-09-15
32484,PA,2023-07-23
32485,AR,2023-02-27
32486,PA,2024-11-15
32487,WA,2024-08-11
32488,PA,2023-02-17
32489,MO,2026-01-18
32490,TX,2025-03-01
32491,GA,2024-06-28
32492,PA,2023-06-29
32493,NY,2026-02-13
32494,MO,2023-01-28
32495,LA,2026-02-12
32496,FL,2025-06-18
32497,CO,2023-08-08
32498,FL,2024-01-29
32499,GA,2025-03-30
32500,CA,2024-12-12
32501,NJ,2024-12-06
32502,CO,2024-08-16
32503,NC,2023-03-07
32504,MA,2025-11-11
32505,FL,2026-01-29
32506,WA,2023-09-29
32507,MN,2025-12-08
32508,MA,2024-07-28
32509,PA,2025-07-24
32510,NC,2023-11-08
32511,OK,2025-05-25
32512,NH,2025-04-24
32513,CA,2025-11-26
32514,FL,2025-06-26
32515,NY,2024-12-19
32516,PA,2023-12-20
32517,MN,2023-12-30
32518,CT,2024-08-08
32519,CT,2023-07-22
32520,NC,2025-08-02
32521,CA,2024-05-23
32522,TX,2024-09-06
32523,NC,2023-06-24
32524,TX,2025-08-03
32525,TX,2025-08-09
32526,FL,2023-12-31
32527,OR,2025-07-22
32528,NY,2023-09-23
32529,PA,2023-06-24
32530,CA,2025-09-09
32531,CA,2024-05-22
32532,FL,2023-09-08
32533,FL,2024-06-02
32534,CA,2024-04-30
32535,NJ,2023-07-16
32536,MD,2025-09-29
32537,CA,2025-10-18
32538,CA,2023-09-12
32539,CA,2026-01-14
32540,PA,2025-05-17
32541,MA,2023-06-30
32542,NC,2023-05-29
32543,CA,2024-09-05
32544,MD,2026-01-19
32545,AZ,2024-07-02
32546,OK,2025-12-08
32547,CA,2025-11-28
32548,FL,2024-07-08
32549,NC,2025-10-18
32550,ID,2023-08-14
32551,PA,2024-03-13
32552,NC,2023-02-01
32553,IL,2026-01-23
32554,MN,2023-01-02
32555,CA,2023-10-30
32556,WI,2024-05-01
32557,MI,2024-09-02
32558,CO,2024-01-25
32559,TX,2024-12-30
32560,VA,2025-01-03
32561,CA,2024-05-26
32562,WA,2025-03-20
32563,MA,2025-09-16
32564,GA,2024-08-06
32565,NY,2024-10-11
32566,OK,2026-02-09
32567,CA,2025-01-09
32568,WA,2024-05-17
32569,TX,2023-11-27
32570,VA,2024-01-27
32571,CA,2025-02-07
32572,OH,2024-12-09
32573,NY,2024-03-26
32574,IL,2023-10-10
32575,IL,2023-12-31
32576,AL,2023-07-08
32577,MA,2023-05-05
32578,CA,2025-07-28
32579,CA,2024-05-01
32580,WA,2025-07-24
32581,NV,2025-06-25
32582,FL,2025-05-26
32583,CT,2024-10-12
32584,NC,2024-09-05
32585,CA,2024-02-12
32586,IL,2024-05-15
32587,CA,2025-03-18
32588,FL,2023-12-24
32589,TN,2023-09-30
32590,VA,2025-05-16
32591,CO,2024-05-24
32592,CA,2025-11-01
32593,PA,2023-09-26
32594,CO,2023-04-04
32595,NY,2023-04-16
32596,TX,2023-08-24
32597,WA,2023-03-01
32598,OR,2024-11-26
32599,MN,2025-08-05
32600,MA,2026-01-29
32601,NY,2025-01-14
32602,OR,2023-03-28
32603,MD,2025-01-17
32604,MA,2026-02-05
32605,TX,2024-10-10
32606,WA,2024-01-12
32607,IL,2024-01-22
32608,FL,2023-03-04
32609,NC,2023-08-18
32610,MD,2024-01-10
32611,NC,2023-08-26
32612,IN,2025-05-10
32613,CA,2023-09-04
32614,OR,2024-01-21
32615,NY,2025-11-27
32616,FL,2024-06-02
32617,IL,2023-12-26
32618,OH,2026-01-05
32619,VA,2023-02-06
32620,TX,2024-02-13
32621,IL,2025-04-23
32622,CA,2025-04-03
32623,NC,2024-07-07
32624,LA,2025-10-14
32625,CA,2023-02-18
32626,NY,2025-12-30
32627,WA,2023-09-03
32628,TX,2023-01-02
32629,MN,2025-10-11
32630,FL,2025-04-14
32631,RI,2023-03-03
32632,TX,2025-05-29
32633,OH,2024-06-22
32634,NY,2023-12-08
32635,IL,2023-03-08
32636,NC,2025-05-30
32637,MD,2024-12-26
32638,FL,2025-04-18
32639,CO,2023-02-26
32640,NC,2023-07-12
32641,NM,2024-09-17
32642,CA,2026-02-19
32643,NY,2023-04-13
32644,OH,2024-10-28
32645,NY,2024-08-08
32646,FL,2023-12-20
32647,CT,2023-06-24
32648,GA,2023-01-14
32649,IL,2025-06-16
32650,IL,2024-11-09
32651,FL,2024-07-20
32652,WA,2025-11-15
32653,PA,2023-02-13
32654,AL,2023-02-07
32655,CT,2025-04-27
32656,CA,2024-06-07
32657,AZ,2026-02-02
32658,AZ,2024-05-04
32659,FL,2025-03-03
32660,MI,2026-01-16
32661,MO,2024-10-12
32662,TX,2024-10-19
32663,CA,2023-12-05
32664,MA,2024-08-21
32665,MD,2025-05-25
32666,GA,2025-02-15
32667,TX,2026-02-19
32668,MD,2025-01-25
32669,ID,2024-07-12
32670,MT,2025-08-03
32671,TX,2023-11-16
32672,PA,2023-10-30
32673,OH,2026-01-03
32674,KS,2023-11-01
32675,MI,2023-01-30
32676,CA,2023-01-08
32677,AZ,2023-01-08
32678,CA,2026-02-25
32679,MN,2024-06-06
32680,AL,2023-09-13
32681,MD,2023-08-21
32682,IL,2024-01-12
32683,MA,2024-11-28
32684,GA,2024-09-24
32685,NE,2024-11-09
32686,FL,2024-10-17
32687,NY,2025-04-18
32688,NE,2024-03-05
32689,CA,2025-11-11
32690,IL,2026-01-10
32691,CT,2024-05-25
32692,CA,2023-01-13
32693,NY,2025-09-20
32694,NJ,2025-07-13
32695,VT,2025-07-31
32696,WA,2025-10-10
32697,FL,2023-09-24
32698,NV,2025-12-10
32699,CA,2023-10-30
32700,AL,2023-01-04
32701,IL,2023-01-31
32702,TX,2023-07-21
32703,CA,2024-06-25
32704,AL,2023-06-06
32705,MA,2025-12-02
32706,IL,2026-01-13
32707,CA,2024-02-10
32708,CT,2024-11-18
32709,NY,2025-01-12
32710,CA,2024-03-07
32711,GA,2025-08-10
32712,WA,2023-05-30
32713,WA,2025-07-11
32714,OH,2023-11-15
32715,MN,2025-05-07
32716,CA,2024-05-01
32717,FL,2025-09-03
32718,GA,2023-01-03
32719,GA,2025-07-24
32720,NY,2023-12-05
32721,MA,2025-09-25
32722,NV,2025-02-02
32723,AZ,2025-06-29
32724,CO,2023-11-03
32725,TX,2025-06-19
32726,MD,2023-01-24
32727,VA,2025-10-22
32728,NY,2025-10-04
32729,MO,2026-01-22
32730,OR,2023-07-23
32731,TX,2026-02-20
32732,NY,2023-02-06
32733,MA,2024-09-21
32734,LA,2025-08-10
32735,MA,2025-05-02
32736,OR,2024-09-25
32737,MA,2025-01-13
32738,LA,2024-02-23
32739,MI,2025-06-03
32740,FL,2023-11-24
32741,TN,2025-10-27
32742,CA,2024-05-29
32743,NC,2023-01-04
32744,CO,2024-12-28
32745,TN,2025-02-14
32746,WA,2023-02-14
32747,NJ,2023-07-24
32748,NC,2025-07-04
32749,CA,2023-09-07
32750,FL,2024-11-16
32751,CO,2025-12-28
32752,CO,2023-10-18
32753,CA,2024-10-16
32754,TX,2023-11-28
32755,MA,2024-03-05
32756,NJ,2025-01-29
32757,GA,2025-01-09
32758,FL,2024-01-13
32759,CA,2025-04-26
32760,TX,2023-07-25
32761,CA,2025-11-11
32762,TX,2023-01-03
32763,CO,2025-03-09
32764,NY,2025-11-02
32765,TX,2024-05-28
32766,CO,2025-08-31
32767,FL,2025-02-13
32768,MI,2025-03-07
32769,PA,2025-06-18
32770,TX,2026-03-01
32771,MD,2025-05-05
32772,NY,2025-07-05
32773,MA,2024-11-15
32774,NY,2025-07-12
32775,MA,2023-09-21
32776,NJ,2024-07-07
32777,WA,2024-05-08
32778,IL,2024-03-20
32779,MD,2025-05-01
32780,OH,2025-05-16
32781,TX,2025-03-19
32782,IL,2024-04-04
32783,TN,2024-11-02
32784,FL,2025-01-04
32785,WI,2025-08-18
32786,MA,2024-08-03
32787,MD,2026-01-28
32788,GA,2024-12-16
32789,TX,2023-07-27
32790,NY,2023-06-10
32791,TX,2024-10-27
32792,CA,2025-06-17
32793,TX,2023-03-30
32794,TN,2023-12-06
32795,GA,2025-12-06
32796,WA,2026-02-15
32797,FL,2023-06-20
32798,WA,2024-02-21
32799,NY,2024-05-31
32800,TX,2025-02-10
32801,NY,2024-07-23
32802,MD,2024-03-11
32803,TN,2023-07-19
32804,PA,2024-03-09
32805,CA,2024-01-14
32806,CA,2025-04-09
32807,CA,2025-06-08
32808,NY,2025-03-26
32809,AK,2023-06-26
32810,MA,2025-03-04
32811,FL,2025-06-08
32812,CA,2025-06-05
32813,CA,2024-02-14
32814,WA,2024-11-28
32815,NY,2023-01-06
32816,CO,2025-12-09
32817,TN,2025-03-27
32818,NY,2024-03-17
32819,TX,2023-02-15
32820,MN,2023-08-05
32821,CO,2023-12-12
32822,GA,2024-08-30
32823,WA,2023-01-25
32824,TX,2026-02-22
32825,VT,2025-12-22
32826,MA,2023-12-05
32827,MI,2023-11-18
32828,MN,2023-06-12
32829,WI,2023-12-02
32830,AL,2024-04-08
32831,TX,2026-01-23
32832,FL,2024-02-11
32833,TX,2023-12-03
32834,TX,2023-04-07
32835,WA,2025-03-15
32836,TX,2023-12-22
32837,NY,2025-12-22
32838,NY,2024-03-15
32839,WA,2023-11-15
32840,TX,2025-02-25
32841,TX,2025-07-05
32842,KS,2023-03-24
32843,WA,2023-04-15
32844,NC,2023-06-28
32845,VA,2025-02-06
32846,NY,2023-12-04
32847,TX,2023-07-25
32848,NC,2023-07-29
32849,WA,2025-01-10
32850,OR,2025-05-09
32851,CA,2024-09-25
32852,OR,2023-12-19
32853,FL,2024-10-08
32854,IL,2024-08-25
32855,FL,2026-01-30
32856,AZ,2023-06-10
32857,UT,2025-06-26
32858,AL,2023-05-23
32859,RI,2025-09-28
32860,MA,2024-10-27
32861,MI,2026-02-18
32862,MA,2025-03-23
32863,NY,2024-10-07
32864,TX,2023-04-09
32865,WA,2023-08-04
32866,CA,2025-01-07
32867,DE,2024-03-13
32868,CA,2024-04-16
32869,SD,2024-02-07
32870,CO,2023-01-13
32871,TX,2023-11-09
32872,IL,2023-08-23
32873,WI,2026-01-11
32874,TX,2023-08-31
32875,IN,2023-12-07
32876,CO,2023-07-04
32877,TX,2024-11-16
32878,CO,2025-02-18
32879,IN,2026-01-25
32880,NY,2023-11-17
32881,AR,2023-05-07
32882,FL,2025-06-18
32883,UT,2025-08-30
32884,MA,2023-08-03
32885,NY,2024-06-23
32886,AZ,2025-12-09
32887,PA,2023-09-25
32888,WI,2023-03-24
32889,OR,2023-09-01
32890,MA,2023-08-13
32891,TX,2025-09-16
32892,TX,2023-04-21
32893,WA,2024-01-25
32894,MA,2023-11-20
32895,OH,2024-08-10
32896,WA,2023-01-23
32897,NJ,2023-06-05
32898,IL,2025-01-01
32899,TX,2023-04-08
32900,FL,2023-10-31
32901,FL,2023-06-11
32902,PA,2024-08-26
32903,IL,2024-11-04
32904,NM,2025-12-16
32905,OH,2025-01-14
32906,IL,2024-06-24
32907,CA,2025-05-07
32908,MD,2024-09-27
32909,NV,2024-03-11
32910,IL,2023-12-20
32911,NC,2025-05-10
32912,CA,2026-02-04
32913,FL,2024-10-31
32914,NV,2023-12-09
32915,NY,2025-05-10
32916,MD,2023-03-25
32917,GA,2025-04-28
32918,CA,2024-02-14
32919,CO,2025-11-28
32920,MA,2023-02-02
32921,PA,2025-02-27
32922,MA,2024-01-19
32923,VA,2023-08-03
32924,NY,2025-05-07
32925,OR,2024-02-01
32926,MA,2025-04-05
32927,OK,2024-11-14
32928,OR,2023-07-26
32929,NC,2024-07-24
32930,CT,2024-03-04
32931,VA,2024-07-05
32932,FL,2023-03-23
32933,MA,2023-04-23
32934,TX,2024-08-23
32935,CA,2024-04-16
32936,MN,2026-01-17
32937,RI,2023-08-04
32938,WY,2023-09-27
32939,FL,2025-06-19
32940,PA,2025-03-26
32941,CO,2025-04-04
32942,FL,2024-07-25
32943,NJ,2023-12-03
32944,AZ,2025-01-27
32945,VA,2023-10-26
32946,LA,2024-08-16
32947,NY,2025-05-08
32948,NY,2023-03-05
32949,NY,2025-02-08
32950,TX,2024-09-21
32951,NY,2025-04-11
32952,IL,2023-11-24
32953,TX,2025-05-02
32954,CA,2024-06-19
32955,NC,2024-09-05
32956,TX,2024-02-22
32957,OH,2023-11-08
32958,NE,2024-01-05
32959,NC,2023-01-05
32960,KS,2023-04-19
32961,TX,2023-07-02
32962,FL,2025-04-19
32963,MI,2026-01-13
32964,TX,2024-07-17
32965,WA,2024-10-05
32966,NY,2023-07-03
32967,NJ,2024-04-14
32968,PA,2026-02-02
32969,MN,2023-06-27
32970,CA,2026-02-10
32971,MD,2023-10-13
32972,WA,2023-05-03
32973,CA,2023-03-29
32974,CO,2024-06-20
32975,TX,2024-06-25
32976,IL,2024-11-09
32977,NY,2025-06-10
32978,GA,2024-02-24
32979,TX,2024-11-22
32980,MA,2024-05-31
32981,TX,2024-12-14
32982,MO,2024-10-15
32983,NY,2025-07-04
32984,PA,2023-04-10
32985,NC,2025-10-08
32986,LA,2023-06-18
32987,CO,2023-11-21
32988,FL,2026-01-19
32989,WA,2025-02-08
32990,TX,2025-06-26
32991,GA,2023-01-28
32992,IA,2023-02-13
32993,WA,2024-10-14
32994,MN,2025-03-21
32995,MN,2023-11-07
32996,VA,2025-04-11
32997,IL,2023-10-24
32998,MA,2025-12-03
32999,WA,2023-01-11
33000,OR,2025-02-25
33001,WA,2024-01-16
33002,MI,2025-07-11
33003,MI,2024-05-19
33004,CO,2023-07-18
33005,VA,2026-02-18
33006,FL,2025-11-03
33007,IL,2024-04-21
33008,IL,2024-07-29
33009,TX,2025-01-01
33010,AL,2024-10-25
33011,FL,2023-04-05
33012,RI,2023-09-25
33013,CA,2023-07-12
33014,NH,2024-03-19
33015,SC,2025-12-17
33016,NC,2025-09-15
33017,TX,2023-04-04
33018,MN,2023-10-25
33019,WA,2024-05-27
33020,CA,2025-06-27
33021,CA,2023-07-25
33022,WA,2023-08-12
33023,TX,2023-02-07
33024,MD,2024-03-23
33025,NJ,2025-04-23
33026,ME,2025-03-30
33027,TX,2025-10-03
33028,OR,2023-04-21
33029,CA,2023-09-09
33030,TN,2024-05-06
33031,NY,2024-08-18
33032,MO,2023-12-30
33033,WA,2024-05-26
33034,HI,2024-10-28
33035,RI,2023-04-08
33036,RI,2025-10-17
33037,NY,2024-08-20
33038,IL,2023-09-16
33039,VA,2023-03-22
33040,FL,2025-05-08
33041,SC,2023-12-25
33042,AZ,2024-04-12
33043,TX,2024-01-01
33044,GA,2026-01-23
33045,NY,2024-12-04
33046,LA,2023-02-12
33047,VA,2023-08-23
33048,PA,2024-04-19
33049,CA,2025-06-13
33050,CO,2025-08-14
33051,OK,2024-01-29
33052,CA,2025-07-15
33053,MI,2023-01-10
33054,VA,2023-11-26
33055,FL,2024-04-25
33056,WI,2024-06-13
33057,CO,2025-08-05
33058,PA,2025-07-12
33059,MN,2025-01-12
33060,TX,2025-08-17
33061,NY,2023-09-27
33062,ID,2023-09-21
33063,WA,2024-04-22
33064,NJ,2023-12-22
33065,CO,2023-07-21
33066,IL,2023-05-17
33067,IA,2025-12-06
33068,NV,2023-03-04
33069,CA,2025-07-24
33070,OH,2023-03-18
33071,CA,2025-05-03
33072,CT,2024-09-24
33073,TX,2023-01-13
33074,MA,2024-01-25
33075,CA,2024-10-30
33076,OH,2024-04-12
33077,SC,2024-12-04
33078,PA,2023-12-07
33079,IL,2025-12-14
33080,VA,2023-11-07
33081,PA,2023-07-07
33082,AZ,2024-11-11
33083,NH,2025-10-26
33084,MD,2024-09-05
33085,CT,2023-10-07
33086,PA,2023-02-20
33087,GA,2025-02-23
33088,KY,2024-08-17
33089,NY,2025-09-09
33090,NC,2023-12-13
33091,NC,2023-04-27
33092,MD,2023-03-16
33093,MT,2024-04-18
33094,IL,2023-06-20
33095,OR,2024-12-26
33096,TX,2024-12-23
33097,FL,2025-10-15
33098,NV,2023-08-28
33099,IL,2025-03-31
33100,NE,2025-03-18
33101,MA,2023-03-17
33102,NY,2025-01-05
33103,AZ,2024-10-03
33104,GA,2025-04-17
33105,CA,2023-09-17
33106,WA,2023-11-13
33107,KY,2024-12-17
33108,TX,2026-02-23
33109,MA,2024-12-04
33110,NY,2024-07-01
33111,VA,2023-06-15
33112,KS,2023-12-04
33113,CA,2025-03-26
33114,MN,2024-02-18
33115,SD,2024-12-03
33116,CO,2025-11-14
33117,TN,2025-02-10
33118,SC,2024-09-23
33119,GA,2024-05-04
33120,PA,2024-12-25
33121,CA,2024-03-24
33122,MA,2023-11-25
33123,CA,2024-07-30
33124,NY,2024-01-02
33125,WA,2026-01-16
33126,GA,2025-08-13
33127,TN,2025-08-12
33128,IN,2024-02-13
33129,PA,2023-02-19
33130,NM,2023-07-02
33131,CA,2024-01-29
33132,AK,2025-09-16
33133,NH,2025-05-26
33134,WA,2023-07-05
33135,MA,2023-03-30
33136,NV,2025-10-11
33137,FL,2023-03-27
33138,NY,2023-04-30
33139,CA,2023-03-29
33140,TX,2025-12-15
33141,WA,2026-01-18
33142,TX,2025-06-30
33143,OR,2023-12-27
33144,CA,2024-12-08
33145,NY,2024-06-18
33146,VT,2024-08-17
33147,TX,2024-11-26
33148,GA,2025-01-04
33149,NE,2026-01-16
33150,CA,2025-08-28
33151,FL,2023-02-22
33152,TN,2024-02-07
33153,LA,2025-05-22
33154,WA,2025-04-01
33155,PA,2024-09-29
33156,IL,2025-05-26
33157,SD,2024-12-13
33158,MA,2023-02-21
33159,TX,2024-02-06
33160,WA,2024-09-10
33161,MO,2024-10-25
33162,CA,2026-02-10
33163,KY,2025-06-20
33164,NY,2023-08-11
33165,MT,2024-10-28
33166,TX,2023-06-23
33167,OR,2023-12-13
33168,NJ,2023-07-04
33169,NY,2024-01-31
33170,NE,2023-11-09
33171,MI,2025-12-30
33172,CA,2024-12-10
33173,SC,2024-07-18
33174,CT,2024-04-06
33175,GA,2025-05-21
33176,TX,2025-03-31
33177,PA,2023-04-25
33178,IL,2025-05-13
33179,AZ,2024-01-18
33180,CO,2023-04-21
33181,FL,2024-11-09
33182,AL,2024-09-04
33183,NH,2024-03-07
33184,OH,2025-02-28
33185,MO,2023-12-18
33186,TX,2023-05-03
33187,CA,2024-12-01
33188,ID,2025-04-27
33189,CA,2025-08-19
33190,IL,2023-12-03
33191,GA,2025-02-09
33192,WA,2023-10-06
33193,AR,2025-05-18
33194,ID,2023-04-19
33195,NY,2025-04-19
33196,IL,2026-02-23
33197,MA,2024-08-02
33198,PA,2023-11-23
33199,KY,2024-10-09
33200,OH,2023-03-03
33201,NJ,2023-06-20
33202,CA,2026-01-20
33203,CA,2026-01-03
33204,CA,2023-05-01
33205,CA,2024-04-28
33206,TX,2023-09-20
33207,MA,2023-05-18
33208,MN,2024-05-30
33209,CA,2023-07-20
33210,WA,2023-04-12
33211,AR,2025-10-05
33212,NY,2023-01-19
33213,CA,2024-01-01
33214,WI,2024-10-02
33215,NC,2025-05-30
33216,ND,2025-08-06
33217,CA,2023-05-29
33218,MA,2024-05-11
33219,CA,2025-01-19
33220,MO,2023-01-07
33221,OH,2023-11-29
33222,TX,2025-11-12
33223,GA,2025-09-08
33224,AZ,2023-03-31
33225,IL,2024-08-05
33226,WA,2025-12-25
33227,MA,2023-02-22
33228,IL,2024-02-07
33229,CO,2024-12-04
33230,IL,2023-05-22
33231,GA,2025-11-14
33232,NC,2025-01-31
33233,TX,2023-02-02
33234,CA,2024-11-18
33235,GA,2025-05-25
33236,VT,2023-05-29
33237,MD,2025-04-06
33238,NY,2026-01-05
33239,OH,2024-06-09
33240,TX,2025-08-16
33241,CA,2024-07-19
33242,WA,2024-11-15
33243,PA,2025-08-03
33244,NY,2026-01-20
33245,VA,2024-10-02
33246,IN,2024-05-22
33247,CA,2023-05-10
33248,WV,2025-12-31
33249,MA,2025-02-05
33250,FL,2024-10-14
33251,CA,2025-09-24
33252,GA,2024-02-07
33253,IL,2026-02-23
33254,NH,2024-05-28
33255,WA,2024-04-23
33256,NY,2025-10-30
33257,UT,2024-04-15
33258,FL,2025-03-08
33259,AZ,2025-01-05
33260,GA,2025-12-24
33261,TN,2023-04-19
33262,CA,2023-10-27
33263,MN,2025-12-01
33264,WA,2024-09-14
33265,NE,2024-02-18
33266,CA,2025-07-21
33267,CA,2023-01-28
33268,NC,2024-07-16
33269,NY,2023-08-01
33270,GA,2025-02-19
33271,FL,2023-06-03
33272,RI,2025-05-21
33273,NY,2023-06-07
33274,IL,2025-07-08
33275,IL,2023-10-21
33276,PA,2024-03-28
33277,FL,2025-02-22
33278,MA,2024-09-13
33279,PA,2023-08-22
33280,IL,2025-04-02
33281,CA,2023-06-26
33282,VA,2024-09-30
33283,CA,2024-08-14
33284,GA,2023-02-21
33285,CA,2025-03-27
33286,CO,2023-11-26
33287,GA,2025-02-23
33288,WA,2025-04-01
33289,AZ,2023-10-23
33290,CA,2025-03-09
33291,IL,2023-12-12
33292,PA,2023-06-03
33293,MA,2023-08-20
33294,NY,2023-11-28
33295,TX,2024-01-14
33296,AL,2024-07-21
33297,NV,2023-01-30
33298,SC,2024-05-12
33299,FL,2024-05-08
33300,FL,2024-07-17
33301,NY,2025-01-09
33302,NY,2024-11-24
33303,MI,2024-11-01
33304,MO,2024-12-04
33305,NY,2023-06-27
33306,CO,2024-02-16
33307,MA,2025-01-05
33308,OR,2024-11-02
33309,MI,2025-09-20
33310,MA,2025-03-13
33311,NC,2025-09-25
33312,NC,2024-03-20
33313,CA,2023-12-07
33314,GA,2025-03-10
33315,MI,2025-10-28
33316,CA,2024-06-18
33317,MI,2025-09-08
33318,PA,2025-01-04
33319,TX,2025-08-07
33320,TX,2024-07-01
33321,MA,2023-11-08
33322,UT,2025-08-26
33323,WA,2023-08-15
33324,TX,2025-12-18
33325,MA,2025-02-07
33326,CA,2026-01-25
33327,NV,2024-12-21
33328,CA,2023-09-06
33329,CA,2023-09-18
33330,AZ,2023-02-27
33331,OH,2025-12-16
33332,NY,2023-03-14
33333,NC,2025-05-02
33334,MN,2024-06-17
33335,SC,2023-02-22
33336,CA,2024-07-22
33337,OH,2025-06-12
33338,WA,2023-04-13
33339,WY,2026-02-09
33340,NY,2025-03-29
33341,WA,2025-07-06
33342,CO,2024-01-05
33343,TX,2024-10-08
33344,WA,2025-04-11
33345,AR,2025-11-15
33346,WA,2023-01-25
33347,MI,2025-04-16
33348,AZ,2025-07-16
33349,AZ,2024-03-27
33350,TX,2024-12-07
33351,WA,2026-02-09
33352,PA,2025-06-13
33353,FL,2024-11-13
33354,ID,2024-11-16
33355,FL,2023-10-17
33356,NY,2024-08-02
33357,FL,2023-05-19
33358,CA,2024-05-12
33359,WA,2025-04-20
33360,TX,2025-11-14
33361,CO,2024-02-10
33362,DE,2024-03-21
33363,GA,2024-11-07
33364,IL,2025-06-24
33365,ID,2025-03-30
33366,MI,2026-01-05
33367,OK,2024-04-24
33368,MS,2023-10-11
33369,CA,2024-10-04
33370,FL,2023-04-07
33371,PA,2024-03-28
33372,WA,2024-01-28
33373,MO,2024-01-21
33374,CA,2023-06-14
33375,MA,2024-06-14
33376,CO,2025-03-05
33377,CA,2024-03-25
33378,ND,2024-05-28
33379,CA,2024-02-09
33380,NY,2024-06-05
33381,PA,2025-08-11
33382,NC,2024-09-09
33383,WA,2023-01-17
33384,MA,2023-07-23
33385,WA,2025-10-27
33386,FL,2025-10-30
33387,TX,2025-02-22
33388,OH,2023-01-13
33389,PA,2023-07-08
33390,NJ,2023-05-24
33391,MD,2023-10-13
33392,KS,2023-11-24
33393,UT,2024-11-25
33394,SD,2025-05-30
33395,GA,2024-03-11
33396,NY,2025-09-17
33397,WA,2023-11-27
33398,NY,2025-12-07
33399,NC,2025-02-13
33400,CA,2025-08-07
33401,MI,2026-01-15
33402,FL,2025-11-21
33403,SC,2023-11-14
33404,TX,2025-09-04
33405,FL,2026-01-20
33406,CA,2023-07-08
33407,OR,2026-01-06
33408,CA,2025-04-24
33409,MA,2024-03-15
33410,CA,2023-02-03
33411,WA,2023-04-28
33412,MA,2023-01-24
33413,PA,2025-02-17
33414,NY,2025-09-14
33415,WA,2023-05-09
33416,CA,2023-07-31
33417,WA,2024-03-28
33418,CA,2023-06-10
33419,CA,2026-02-06
33420,CA,2025-12-23
33421,TX,2025-10-29
33422,IL,2023-02-01
33423,CA,2026-02-22
33424,CA,2024-09-12
33425,TX,2025-06-20
33426,OH,2023-09-02
33427,NY,2023-09-13
33428,PA,2025-01-13
33429,KS,2023-04-13
33430,MN,2025-09-11
33431,MN,2024-06-20
33432,CA,2024-09-11
33433,MD,2023-01-27
33434,FL,2024-10-12
33435,FL,2023-05-14
33436,NV,2023-10-20
33437,PA,2024-12-28
33438,PA,2024-12-15
33439,FL,2023-04-16
33440,NC,2024-04-21
33441,MD,2025-08-25
33442,IL,2025-06-06
33443,FL,2025-10-30
33444,WA,2024-12-27
33445,IL,2023-05-26
33446,TX,2025-06-04
33447,TX,2025-01-04
33448,ID,2024-05-04
33449,FL,2026-01-31
33450,AR,2024-12-24
33451,PA,2023-02-17
33452,NY,2023-04-13
33453,TX,2025-09-09
33454,VA,2023-04-21
33455,MO,2023-11-18
33456,GA,2025-02-01
33457,CA,2025-10-06
33458,OH,2025-07-29
33459,NY,2025-07-25
33460,CA,2023-12-09
33461,CO,2024-09-23
33462,NC,2023-10-11
33463,NY,2025-02-14
33464,NE,2025-01-06
33465,IL,2025-02-04
33466,NC,2025-05-29
33467,NY,2024-11-26
33468,NY,2025-03-15
33469,OH,2025-07-03
33470,MN,2024-03-18
33471,AL,2023-09-05
33472,IN,2025-07-19
33473,IL,2023-04-28
33474,CA,2023-04-02
33475,WA,2025-04-27
33476,MN,2025-09-10
33477,VA,2026-01-03
33478,MA,2023-03-20
33479,MA,2024-11-25
33480,CA,2026-01-07
33481,WA,2024-12-13
33482,CA,2023-07-24
33483,IL,2025-03-28
33484,CA,2024-06-24
33485,ND,2025-04-05
33486,IL,2023-01-23
33487,WV,2023-05-13
33488,CO,2023-02-28
33489,TX,2025-02-11
33490,NY,2024-03-17
33491,PA,2023-10-09
33492,GA,2026-02-23
33493,NH,2025-08-12
33494,WA,2026-01-14
33495,CA,2024-09-12
33496,IL,2024-07-09
33497,NC,2024-12-16
33498,MA,2023-04-16
33499,CA,2023-08-07
33500,NY,2025-07-10
33501,CA,2024-07-09
33502,FL,2024-12-29
33503,OH,2023-11-01
33504,SC,2023-04-01
33505,MS,2024-05-10
33506,CA,2026-01-09
33507,CA,2024-11-27
33508,NE,2023-05-14
33509,MI,2024-02-11
33510,WA,2023-12-04
33511,IL,2025-10-18
33512,TX,2025-12-25
33513,NY,2023-10-28
33514,WA,2024-05-30
33515,FL,2023-04-07
33516,PA,2026-01-24
33517,MA,2025-08-10
33518,MA,2023-08-24
33519,NY,2023-05-17
33520,IL,2025-12-07
33521,ND,2024-05-14
33522,IL,2023-07-14
33523,WA,2023-10-01
33524,UT,2024-05-16
33525,WA,2025-09-30
33526,FL,2023-11-17
33527,WA,2025-07-08
33528,FL,2023-06-30
33529,AZ,2024-03-01
33530,SC,2025-03-31
33531,FL,2025-09-26
33532,IL,2024-07-27
33533,CO,2026-02-23
33534,UT,2025-09-21
33535,GA,2023-05-20
33536,NC,2023-02-18
33537,WA,2024-05-11
33538,NY,2023-11-20
33539,NY,2025-07-07
33540,FL,2023-12-17
33541,HI,2023-10-05
33542,MD,2024-07-18
33543,CO,2023-06-03
33544,CA,2024-02-29
33545,NY,2026-01-01
33546,WI,2023-10-29
33547,MA,2025-12-17
33548,TX,2024-06-24
33549,OR,2025-07-02
33550,CA,2024-11-01
33551,PA,2023-01-09
33552,CA,2024-04-24
33553,MD,2025-02-14
33554,AR,2023-03-09
33555,TN,2023-10-29
33556,VA,2023-09-30
33557,TX,2024-06-16
33558,CO,2024-07-13
33559,NY,2025-02-02
33560,NY,2024-05-31
33561,IL,2024-04-22
33562,CA,2024-06-01
33563,CT,2025-01-11
33564,TX,2025-08-25
33565,NY,2025-08-01
33566,NY,2023-02-15
33567,NC,2025-10-20
33568,NY,2024-09-15
33569,CT,2024-03-22
33570,MD,2024-10-04
33571,MI,2024-11-01
33572,MD,2024-01-14
33573,IL,2024-09-06
33574,AZ,2024-10-08
33575,GA,2023-01-16
33576,TX,2024-08-26
33577,PA,2024-10-16
33578,WY,2025-02-13
33579,OH,2023-12-21
33580,TX,2024-04-23
33581,NY,2024-09-01
33582,NY,2024-01-20
33583,CA,2024-12-18
33584,FL,2024-06-14
33585,AZ,2026-01-15
33586,TX,2023-07-11
33587,WA,2024-10-03
33588,NH,2023-01-23
33589,MS,2024-11-26
33590,CA,2025-04-28
33591,WY,2023-06-08
33592,CA,2025-10-11
33593,PA,2023-09-25
33594,MI,2024-09-24
33595,DE,2024-11-05
33596,CO,2025-10-24
33597,NV,2025-03-06
33598,CT,2025-10-25
33599,CO,2025-10-01
33600,NY,2025-11-06
33601,CO,2023-07-31
33602,PA,2023-06-27
33603,MN,2023-06-23
33604,NJ,2025-01-24
33605,TX,2024-09-14
33606,FL,2024-10-05
33607,NY,2023-01-31
33608,NY,2023-01-04
33609,CA,2025-06-09
33610,NJ,2023-01-18
33611,NY,2025-10-15
33612,GA,2023-08-20
33613,MA,2023-02-17
33614,NY,2023-03-04
33615,RI,2023-09-27
33616,OR,2026-01-18
33617,FL,2023-10-16
33618,VA,2026-01-09
33619,SD,2023-06-19
33620,CA,2025-06-14
33621,FL,2024-09-15
33622,IL,2023-04-09
33623,TX,2025-06-01
33624,NY,2024-11-13
33625,VA,2024-11-27
33626,NY,2023-05-23
33627,PA,2023-11-02
33628,IL,2024-01-07
33629,PA,2024-07-28
33630,MN,2024-08-04
33631,VA,2024-01-28
33632,CA,2026-02-01
33633,OH,2023-01-01
33634,NY,2024-12-28
33635,WA,2026-02-22
33636,TX,2024-01-05
33637,NY,2025-11-25
33638,FL,2023-08-30
33639,NY,2025-09-04
33640,UT,2025-08-20
33641,MA,2024-05-04
33642,TX,2025-02-03
33643,NY,2025-08-25
33644,CA,2023-05-02
33645,FL,2024-08-16
33646,VA,2025-09-23
33647,AZ,2026-01-04
33648,MI,2023-11-29
33649,NY,2025-06-28
33650,IL,2024-12-14
33651,NY,2023-03-27
33652,MS,2025-02-15
33653,WI,2024-01-05
33654,VT,2023-12-03
33655,NY,2024-08-03
33656,UT,2025-07-18
33657,OH,2025-12-24
33658,MS,2025-07-24
33659,PA,2024-01-27
33660,CA,2023-01-06
33661,PA,2024-03-13
33662,FL,2026-02-14
33663,MD,2023-05-26
33664,NY,2025-10-11
33665,PA,2026-01-25
33666,NY,2023-06-11
33667,IN,2024-07-16
33668,CA,2025-10-14
33669,TX,2024-06-03
33670,TN,2024-02-18
33671,MA,2025-04-05
33672,OR,2025-06-10
33673,NC,2023-11-13
33674,VA,2024-04-07
33675,AZ,2025-10-18
33676,MA,2023-07-18
33677,CA,2026-01-04
33678,CO,2024-02-24
33679,WA,2025-05-19
33680,WA,2024-02-07
33681,ID,2023-01-18
33682,WA,2024-01-04
33683,NY,2024-10-21
33684,MD,2024-05-28
33685,OK,2023-01-30
33686,MA,2024-03-10
33687,TN,2023-02-16
33688,NC,2023-10-26
33689,CA,2024-01-22
33690,CA,2025-05-28
33691,NY,2024-12-13
33692,CA,2024-03-31
33693,TX,2023-06-11
33694,NM,2025-01-20
33695,MA,2024-09-07
33696,CA,2023-12-05
33697,CO,2025-11-26
33698,TX,2023-02-28
33699,NY,2025-05-25
33700,NC,2023-12-27
33701,WA,2025-02-24
33702,TX,2023-01-25
33703,IL,2024-03-28
33704,TX,2023-01-25
33705,SC,2026-01-12
33706,CA,2023-09-05
33707,PA,2025-12-10
33708,CA,2025-08-06
33709,WA,2023-06-26
33710,NY,2023-05-05
33711,TX,2023-06-15
33712,PA,2023-05-06
33713,WA,2025-05-31
33714,OK,2023-03-11
33715,OR,2024-06-06
33716,NE,2026-01-11
33717,MN,2024-11-02
33718,MN,2025-12-17
33719,CO,2025-05-02
33720,TX,2025-07-22
33721,TX,2026-01-07
33722,OR,2023-07-04
33723,NY,2026-01-05
33724,MD,2025-12-30
33725,CA,2026-02-13
33726,CA,2023-11-19
33727,UT,2023-01-15
33728,WA,2025-05-01
33729,SC,2024-03-17
33730,WA,2025-12-17
33731,WA,2024-02-03
33732,CA,2024-11-30
33733,RI,2025-02-09
33734,CA,2024-07-30
33735,LA,2025-07-04
33736,CA,2025-10-31
33737,PA,2023-07-10
33738,TX,2025-04-30
33739,VA,2023-03-01
33740,NY,2023-06-05
33741,AZ,2025-10-15
33742,CO,2024-04-13
33743,NY,2025-07-17
33744,NY,2023-11-11
33745,TX,2025-12-05
33746,GA,2025-02-06
33747,SC,2023-05-12
33748,NY,2024-02-15
33749,MI,2023-05-16
33750,CA,2024-09-08
33751,IL,2025-03-24
33752,RI,2025-06-22
33753,CA,2023-01-26
33754,PA,2024-05-27
33755,CA,2024-05-05
33756,MD,2025-09-19
33757,NH,2025-02-04
33758,VA,2024-04-12
33759,CA,2024-12-22
33760,NJ,2025-11-28
33761,MN,2025-06-23
33762,KY,2023-01-27
33763,MA,2023-07-17
33764,TX,2025-07-04
33765,CO,2025-09-24
33766,ND,2025-01-11
33767,MD,2023-01-22
33768,MA,2026-01-01
33769,MN,2024-03-16
33770,WI,2024-01-27
33771,TX,2023-01-01
33772,CA,2024-03-13
33773,TX,2025-06-26
33774,PA,2023-07-27
33775,LA,2023-01-14
33776,CO,2023-09-01
33777,NY,2023-04-18
33778,FL,2023-05-05
33779,CA,2026-01-21
33780,NC,2024-02-16
33781,MA,2025-08-30
33782,GA,2023-08-25
33783,NV,2025-01-29
33784,MN,2024-10-16
33785,WA,2023-07-28
33786,CA,2025-11-12
33787,MN,2023-01-10
33788,CA,2025-02-06
33789,IN,2025-08-16
33790,FL,2025-02-04
33791,TX,2023-10-17
33792,TX,2023-03-21
33793,UT,2024-02-10
33794,CA,2026-01-28
33795,AL,2024-02-23
33796,GA,2023-01-23
33797,FL,2024-12-09
33798,FL,2023-09-04
33799,MS,2025-02-03
33800,WA,2024-04-30
33801,CA,2025-11-08
33802,VA,2025-02-25
33803,NM,2026-02-07
33804,MA,2025-05-28
33805,NY,2025-09-23
33806,CO,2024-08-21
33807,GA,2024-01-31
33808,NJ,2025-11-02
33809,MI,2023-12-08
33810,MA,2024-12-07
33811,AZ,2024-08-10
33812,CT,2025-11-12
33813,KS,2025-10-17
33814,WA,2025-04-05
33815,LA,2023-07-14
33816,CO,2024-12-11
33817,TX,2025-10-09
33818,IN,2024-05-24
33819,ME,2025-04-15
33820,WA,2025-09-20
33821,WA,2024-12-27
33822,NJ,2025-10-28
33823,AZ,2023-08-04
33824,GA,2023-10-11
33825,MN,2024-03-14
33826,CO,2023-11-19
33827,CA,2025-01-26
33828,VT,2024-12-15
33829,NY,2024-02-17
33830,FL,2023-08-05
33831,MO,2025-07-21
33832,SC,2024-11-07
33833,NY,2025-05-31
33834,NY,2025-05-02
33835,OK,2025-11-18
33836,PA,2024-05-15
33837,MN,2025-12-08
33838,VT,2025-10-22
33839,FL,2024-12-10
33840,CA,2024-08-23
33841,NJ,2023-03-11
33842,PA,2024-12-05
33843,VA,2023-02-15
33844,KY,2025-12-22
33845,CA,2025-01-07
33846,MT,2025-07-05
33847,IL,2024-05-06
33848,PA,2024-05-11
33849,CA,2025-11-16
33850,NC,2025-05-17
33851,MD,2023-08-12
33852,AL,2025-12-17
33853,TX,2025-03-23
33854,CA,2024-12-21
33855,CA,2024-10-15
33856,TX,2024-06-12
33857,FL,2025-07-13
33858,MA,2024-05-10
33859,CA,2025-01-21
33860,TX,2025-11-27
33861,FL,2026-01-26
33862,IA,2023-02-27
33863,MA,2024-06-12
33864,IL,2024-09-23
33865,FL,2024-06-18
33866,CA,2024-04-26
33867,CA,2024-12-22
33868,NJ,2023-08-01
33869,KY,2023-05-28
33870,FL,2026-01-24
33871,IL,2024-04-04
33872,AZ,2023-09-17
33873,MN,2023-03-14
33874,PA,2023-11-27
33875,CT,2023-02-18
33876,OH,2025-03-04
33877,TX,2024-05-19
33878,FL,2023-02-01
33879,NH,2024-06-23
33880,HI,2025-03-29
33881,MA,2024-11-10
33882,NY,2023-02-06
33883,MI,2025-01-15
33884,PA,2025-10-03
33885,GA,2023-02-26
33886,MD,2023-12-02
33887,WA,2024-05-10
33888,NY,2024-08-06
33889,IL,2023-07-14
33890,TX,2023-01-03
33891,CA,2023-07-21
33892,TX,2023-07-26
33893,NY,2026-02-08
33894,PA,2024-07-16
33895,NY,2025-01-19
33896,FL,2025-06-25
33897,MO,2023-08-04
33898,WA,2024-08-14
33899,FL,2025-07-20
33900,TX,2025-11-10
33901,NY,2023-08-10
33902,CO,2025-05-23
33903,TX,2025-01-23
33904,NY,2024-03-21
33905,WA,2024-01-14
33906,KY,2024-01-30
33907,PA,2024-10-04
33908,NY,2024-03-16
33909,CA,2023-08-02
33910,NY,2023-05-08
33911,CA,2024-05-26
33912,MA,2024-12-06
33913,CA,2025-06-26
33914,NY,2025-12-04
33915,WA,2023-02-26
33916,MN,2024-01-21
33917,MN,2024-05-31
33918,PA,2025-11-08
33919,IL,2025-11-20
33920,GA,2025-07-28
33921,MA,2024-04-12
33922,WA,2025-05-23
33923,SD,2024-01-31
33924,CT,2024-02-23
33925,CA,2025-08-11
33926,CA,2024-09-28
33927,NY,2025-05-21
33928,TX,2024-06-20
33929,CA,2025-01-18
33930,GA,2024-12-26
33931,NV,2026-02-09
33932,CA,2023-09-26
33933,PA,2026-01-24
33934,CA,2023-11-27
33935,ME,2025-08-05
33936,MA,2023-10-18
33937,PA,2025-03-25
33938,CA,2023-08-23
33939,PA,2023-11-02
33940,PA,2023-03-28
33941,MO,2025-03-18
33942,CA,2024-12-10
33943,CA,2025-01-02
33944,CA,2025-12-19
33945,CA,2025-04-05
33946,UT,2025-10-22
33947,AZ,2024-02-21
33948,NY,2025-07-11
33949,CA,2025-08-09
33950,PA,2024-01-03
33951,MN,2025-11-14
33952,WA,2023-05-13
33953,MO,2023-03-03
33954,CA,2024-03-27
33955,IL,2026-01-06
33956,NY,2024-12-21
33957,AZ,2023-04-15
33958,MA,2024-08-25
33959,CA,2024-11-06
33960,FL,2024-01-29
33961,NJ,2026-02-12
33962,MN,2025-01-14
33963,PA,2024-08-20
33964,FL,2023-02-17
33965,MA,2023-07-07
33966,WA,2025-10-05
33967,CA,2024-05-28
33968,FL,2025-03-01
33969,CA,2025-12-10
33970,WA,2023-08-14
33971,TN,2026-01-08
33972,TX,2025-07-12
33973,NJ,2024-09-19
33974,CA,2025-02-07
33975,CA,2025-10-19
33976,MD,2025-09-27
33977,VA,2025-12-02
33978,FL,2024-03-31
33979,FL,2025-09-08
33980,WA,2025-06-11
33981,NM,2023-08-26
33982,MI,2025-01-31
33983,GA,2023-06-03
33984,NC,2025-01-11
33985,CA,2026-01-25
33986,TX,2024-10-13
33987,MN,2026-01-21
33988,TX,2024-10-13
33989,NC,2025-11-18
33990,NE,2025-05-22
33991,MA,2025-12-20
33992,WY,2023-02-10
33993,CA,2024-10-21
33994,MA,2025-01-28
33995,MO,2023-10-22
33996,IA,2023-09-15
33997,CA,2024-12-30
33998,MD,2026-02-17
33999,OK,2025-10-16
34000,FL,2023-10-14
34001,CO,2023-08-30
34002,AL,2023-07-24
34003,NC,2024-10-17
34004,UT,2023-10-06
34005,OR,2024-01-30
34006,NM,2024-04-16
34007,CA,2025-08-27
34008,OR,2025-10-13
34009,FL,2025-11-01
34010,FL,2023-02-26
34011,PA,2024-04-08
34012,NY,2025-08-19
34013,NY,2024-08-24
34014,AL,2024-05-30
34015,MA,2025-01-02
34016,CO,2024-10-17
34017,WA,2023-01-22
34018,TN,2024-12-04
34019,WA,2026-02-04
34020,GA,2023-11-22
34021,CO,2025-06-25
34022,NY,2024-03-01
34023,MA,2024-12-30
34024,AK,2023-02-08
34025,TN,2025-07-31
34026,TX,2023-01-30
34027,DE,2023-06-10
34028,NC,2024-09-07
34029,NY,2023-11-05
34030,NY,2023-05-14
34031,TX,2024-07-19
34032,VA,2023-02-05
34033,TX,2025-04-10
34034,IA,2023-03-21
34035,CA,2025-02-22
34036,AZ,2024-03-12
34037,TX,2025-09-13
34038,GA,2026-02-17
34039,CA,2024-02-09
34040,CA,2023-09-22
34041,TX,2023-08-21
34042,HI,2024-03-22
34043,CA,2024-03-02
34044,NH,2025-08-25
34045,OR,2025-11-17
34046,VA,2025-09-05
34047,CO,2023-01-29
34048,KY,2024-01-12
34049,IL,2023-02-02
34050,CA,2025-10-05
34051,IL,2025-08-17
34052,NY,2024-09-11
34053,MN,2025-06-18
34054,CO,2024-05-15
34055,VA,2025-06-17
34056,CA,2025-05-06
34057,NJ,2024-12-03
34058,CA,2026-01-10
34059,NJ,2024-08-30
34060,IN,2024-07-22
34061,FL,2024-12-30
34062,WI,2023-10-11
34063,NV,2024-11-10
34064,TX,2025-07-07
34065,TN,2023-05-16
34066,IL,2024-10-14
34067,NY,2025-06-07
34068,CA,2025-10-30
34069,ID,2023-10-24
34070,NM,2024-12-07
34071,MN,2023-11-26
34072,MA,2024-03-23
34073,MA,2023-01-15
34074,TX,2023-08-04
34075,NY,2023-11-26
34076,IL,2024-07-17
34077,NY,2025-12-18
34078,CA,2023-06-25
34079,CA,2023-10-22
34080,IL,2023-11-03
34081,MN,2023-12-27
34082,NY,2025-12-25
34083,CA,2024-07-23
34084,NJ,2024-09-30
34085,WA,2024-05-30
34086,FL,2023-08-23
34087,NY,2024-03-08
34088,IL,2024-01-22
34089,CO,2025-11-21
34090,IL,2025-10-14
34091,IA,2023-08-14
34092,MA,2023-05-24
34093,IL,2023-01-18
34094,SC,2025-01-01
34095,MA,2025-01-15
34096,MD,2025-01-16
34097,CA,2023-12-28
34098,NY,2023-11-17
34099,TX,2024-08-14
34100,TN,2023-03-14
34101,MA,2025-04-28
34102,LA,2023-04-10
34103,IL,2023-09-13
34104,AZ,2025-05-12
34105,MN,2023-06-11
34106,TX,2023-10-20
34107,NC,2023-06-11
34108,CA,2025-05-18
34109,MA,2023-08-11
34110,NY,2023-11-03
34111,WA,2023-01-14
34112,WA,2024-07-24
34113,NY,2023-08-15
34114,MO,2023-05-25
34115,OR,2024-10-18
34116,PA,2025-02-24
34117,GA,2025-04-02
34118,TX,2024-04-27
34119,MA,2024-03-08
34120,NY,2023-08-30
34121,TX,2025-07-07
34122,NY,2024-09-07
34123,CA,2023-10-04
34124,FL,2024-11-16
34125,MT,2023-04-10
34126,CO,2024-06-05
34127,NE,2026-01-12
34128,FL,2025-12-12
34129,TX,2026-02-24
34130,TX,2024-10-08
34131,PA,2023-02-24
34132,NJ,2025-01-25
34133,TX,2024-07-30
34134,MA,2025-11-10
34135,MD,2025-02-13
34136,FL,2025-04-15
34137,CA,2023-12-25
34138,WA,2023-05-23
34139,VA,2024-09-01
34140,CO,2025-10-22
34141,GA,2023-12-23
34142,NY,2024-10-04
34143,FL,2024-03-27
34144,OR,2023-02-16
34145,NY,2025-01-22
34146,UT,2024-03-02
34147,FL,2025-05-17
34148,FL,2025-06-18
34149,CO,2025-04-30
34150,TX,2025-05-15
34151,HI,2025-04-27
34152,NY,2024-11-22
34153,MN,2025-07-29
34154,TX,2024-05-02
34155,CA,2024-11-02
34156,CA,2025-02-08
34157,NY,2024-06-12
34158,CO,2023-06-21
34159,NJ,2024-07-19
34160,CO,2024-06-08
34161,NY,2025-08-21
34162,VT,2025-01-27
34163,FL,2024-03-25
34164,WA,2025-02-21
34165,PA,2023-03-03
34166,CA,2024-10-25
34167,TX,2025-12-29
34168,MO,2024-05-11
34169,OR,2025-04-18
34170,IL,2023-07-27
34171,NJ,2024-03-31
34172,MD,2026-02-28
34173,WA,2024-04-17
34174,NY,2024-10-30
34175,AL,2023-02-23
34176,MO,2025-06-07
34177,CA,2023-08-03
34178,ME,2023-01-11
34179,MN,2024-03-29
34180,SD,2024-02-15
34181,MA,2024-12-31
34182,NY,2024-08-06
34183,PA,2023-04-19
34184,NC,2023-01-27
34185,NC,2023-12-15
34186,CA,2025-10-02
34187,OH,2024-05-31
34188,CO,2025-10-08
34189,NJ,2023-08-13
34190,NY,2023-12-16
34191,NJ,2026-01-17
34192,CA,2024-10-07
34193,NY,2026-01-31
34194,FL,2023-11-26
34195,WA,2026-02-22
34196,TX,2025-08-14
34197,TX,2023-03-24
34198,NY,2023-09-24
34199,OR,2025-12-16
34200,NY,2025-03-09
34201,CA,2023-07-06
34202,VA,2024-04-23
34203,WA,2024-11-16
34204,NY,2026-01-22
34205,CA,2024-02-02
34206,CA,2025-05-12
34207,MI,2024-06-04
34208,WA,2023-04-23
34209,IL,2023-05-02
34210,TX,2024-01-21
34211,PA,2025-02-22
34212,TX,2025-07-07
34213,OH,2024-01-17
34214,MA,2023-06-05
34215,TX,2026-02-25
34216,CA,2025-12-02
34217,CA,2024-01-16
34218,PA,2024-01-24
34219,AZ,2025-11-12
34220,WA,2025-02-25
34221,NV,2026-02-26
34222,NY,2023-08-16
34223,VA,2026-01-09
34224,NY,2024-08-10
34225,NV,2024-12-14
34226,OR,2024-09-22
34227,CA,2025-02-02
34228,NM,2024-09-25
34229,TX,2023-06-23
34230,AZ,2025-12-14
34231,IL,2024-01-22
34232,NY,2024-11-10
34233,SD,2023-12-09
34234,CA,2026-02-21
34235,UT,2025-01-09
34236,TX,2023-11-29
34237,FL,2024-12-06
34238,CA,2024-03-28
34239,DE,2023-03-20
34240,PA,2023-01-08
34241,NH,2024-07-20
34242,CA,2024-07-02
34243,NY,2024-12-12
34244,WI,2023-09-27
34245,FL,2024-03-07
34246,OH,2024-08-23
34247,SD,2023-08-14
34248,PA,2023-12-01
34249,AZ,2023-05-02
34250,NY,2024-04-20
34251,NV,2025-02-24
34252,ME,2023-08-25
34253,NY,2025-02-17
34254,CA,2024-01-17
34255,NJ,2024-01-24
34256,PA,2024-11-24
34257,CO,2024-04-05
34258,WI,2023-04-20
34259,WA,2023-08-02
34260,NY,2024-04-07
34261,CO,2024-08-07
34262,OH,2024-05-29
34263,MA,2023-01-02
34264,MI,2023-07-29
34265,WA,2025-04-03
34266,OR,2023-02-27
34267,ME,2024-04-28
34268,CT,2025-08-05
34269,SC,2026-02-10
34270,MD,2024-04-29
34271,AR,2023-03-12
34272,NY,2025-12-04
34273,FL,2024-10-17
34274,VA,2024-06-25
34275,CA,2025-02-24
34276,WA,2025-09-22
34277,PA,2024-04-20
34278,AR,2024-07-25
34279,CO,2025-01-16
34280,OK,2024-08-14
34281,CA,2024-10-10
34282,FL,2024-04-10
34283,NJ,2023-08-13
34284,MA,2023-08-30
34285,CA,2025-08-26
34286,NV,2024-07-11
34287,MI,2024-11-14
34288,AK,2024-05-06
34289,FL,2024-03-28
34290,TN,2024-06-18
34291,FL,2024-05-13
34292,AZ,2025-03-12
34293,TX,2025-01-11
34294,OK,2024-12-09
34295,LA,2023-07-12
34296,FL,2023-06-03
34297,WA,2024-04-10
34298,CA,2024-07-20
34299,CO,2025-02-05
34300,GA,2025-11-04
34301,CA,2023-03-20
34302,MO,2023-01-11
34303,TX,2024-07-23
34304,MI,2025-10-01
34305,CA,2023-08-27
34306,AZ,2025-03-20
34307,NY,2025-04-28
34308,IL,2023-07-16
34309,SC,2023-06-10
34310,MS,2024-05-13
34311,MA,2023-06-21
34312,MD,2025-05-06
34313,WA,2023-08-14
34314,NY,2025-09-01
34315,CA,2023-02-01
34316,TX,2023-10-22
34317,CA,2026-02-02
34318,CA,2024-12-26
34319,MS,2024-08-08
34320,PA,2024-08-06
34321,CT,2025-01-02
34322,OR,2023-11-30
34323,WA,2025-07-14
34324,AZ,2025-01-06
34325,OH,2023-12-28
34326,FL,2025-07-18
34327,CA,2025-07-23
34328,MN,2025-12-08
34329,VA,2024-05-04
34330,TX,2023-05-13
34331,WA,2025-05-22
34332,FL,2023-10-26
34333,NJ,2024-07-12
34334,MA,2025-11-08
34335,NY,2023-07-13
34336,OR,2024-02-02
34337,TX,2024-03-11
34338,CA,2024-08-26
34339,CA,2024-01-23
34340,FL,2024-10-04
34341,TX,2023-12-01
34342,NC,2024-01-03
34343,FL,2024-07-15
34344,NE,2025-09-05
34345,CO,2025-01-07
34346,FL,2024-05-23
34347,CA,2024-11-26
34348,CA,2024-06-11
34349,TX,2023-04-10
34350,TX,2023-10-05
34351,NC,2024-03-03
34352,NY,2023-11-25
34353,NH,2025-10-20
34354,NC,2025-02-02
34355,CA,2024-11-22
34356,WA,2023-02-02
34357,AZ,2023-04-30
34358,FL,2026-01-25
34359,MA,2024-01-21
34360,NY,2023-01-14
34361,TN,2024-09-04
34362,VT,2025-01-06
34363,KY,2023-11-17
34364,TX,2023-03-27
34365,NC,2024-06-25
34366,WA,2025-12-23
34367,CO,2023-03-21
34368,KS,2024-01-29
34369,PA,2024-10-28
34370,MN,2025-05-27
34371,AZ,2023-07-30
34372,MO,2024-02-07
34373,OH,2026-01-27
34374,FL,2023-09-24
34375,MA,2025-12-11
34376,NC,2024-09-29
34377,TX,2026-02-19
34378,MA,2023-02-01
34379,MD,2025-10-17
34380,CA,2024-04-12
34381,MA,2023-10-19
34382,TX,2024-08-22
34383,KY,2023-06-20
34384,TX,2024-01-03
34385,FL,2023-11-04
34386,TX,2023-03-09
34387,CA,2026-01-11
34388,WA,2023-06-25
34389,MA,2025-06-01
34390,GA,2025-07-08
34391,MN,2025-06-10
34392,IL,2023-04-22
34393,FL,2023-12-21
34394,DE,2023-07-10
34395,WA,2023-09-19
34396,GA,2024-09-07
34397,FL,2024-11-18
34398,OR,2025-12-07
34399,NV,2025-07-13
34400,MO,2023-04-30
34401,IL,2025-07-25
34402,IL,2024-01-19
34403,VA,2023-11-25
34404,IN,2025-05-21
34405,MA,2025-02-03
34406,NY,2025-02-11
34407,TX,2023-03-26
34408,PA,2023-01-17
34409,NY,2024-01-19
34410,CA,2023-03-23
34411,NY,2025-03-06
34412,OK,2023-04-16
34413,IN,2025-06-07
34414,MA,2023-05-27
34415,AZ,2025-10-28
34416,MS,2023-10-01
34417,SC,2024-05-25
34418,WA,2025-01-04
34419,CO,2023-02-07
34420,TX,2024-07-24
34421,GA,2024-10-21
34422,NY,2023-03-23
34423,CT,2025-05-30
34424,MT,2025-04-28
34425,TX,2025-02-25
34426,IN,2025-02-03
34427,TX,2023-10-10
34428,MN,2023-09-09
34429,NY,2025-10-02
34430,NY,2024-12-08
34431,CA,2025-07-08
34432,NM,2025-05-04
34433,WA,2023-02-05
34434,TX,2025-08-17
34435,SC,2025-06-20
34436,CA,2026-01-04
34437,WA,2026-02-25
34438,NY,2024-05-26
34439,FL,2025-01-27
34440,CA,2023-10-05
34441,MA,2023-11-27
34442,WI,2023-12-26
34443,NY,2025-05-20
34444,MT,2023-04-12
34445,TX,2024-01-12
34446,MS,2024-08-11
34447,TX,2025-02-12
34448,CA,2025-04-01
34449,MI,2023-01-02
34450,PA,2023-05-08
34451,IN,2026-03-01
34452,OH,2025-07-31
34453,TX,2023-12-18
34454,WA,2023-02-11
34455,NY,2023-09-16
34456,KY,2023-02-06
34457,AZ,2023-01-22
34458,CA,2023-12-25
34459,NY,2025-04-09
34460,RI,2023-11-02
34461,WA,2023-01-14
34462,FL,2023-02-17
34463,RI,2026-01-26
34464,NY,2025-03-26
34465,NY,2026-02-23
34466,CA,2023-06-09
34467,IL,2023-07-04
34468,ME,2024-04-11
34469,KY,2025-02-21
34470,NY,2024-09-22
34471,TN,2025-01-04
34472,FL,2024-07-11
34473,IN,2023-11-23
34474,MA,2023-03-07
34475,MA,2023-11-09
34476,CA,2023-10-17
34477,CA,2023-08-15
34478,NY,2025-08-18
34479,CA,2023-06-24
34480,OH,2025-12-24
34481,FL,2025-04-26
34482,ME,2025-01-31
34483,PA,2023-09-27
34484,CO,2023-07-01
34485,FL,2025-06-24
34486,PA,2025-04-14
34487,VT,2023-12-06
34488,CA,2025-06-14
34489,IL,2025-06-05
34490,CO,2025-05-08
34491,RI,2025-01-22
34492,CO,2026-02-13
34493,TN,2025-10-31
34494,CA,2025-06-17
34495,MA,2025-09-10
34496,NY,2023-06-16
34497,NJ,2025-10-30
34498,NV,2024-07-16
34499,MS,2023-11-24
34500,WY,2025-12-06
34501,FL,2025-03-31
34502,MI,2024-02-03
34503,NC,2024-03-12
34504,NY,2026-02-18
34505,TX,2025-03-20
34506,TX,2025-03-07
34507,GA,2025-12-06
34508,NY,2024-12-31
34509,GA,2025-03-08
34510,MN,2024-09-26
34511,OH,2024-06-09
34512,WA,2024-05-03
34513,MN,2024-05-19
34514,NY,2026-01-07
34515,NY,2025-01-19
34516,CA,2026-02-07
34517,NY,2025-05-23
34518,VA,2024-07-09
34519,RI,2024-02-13
34520,DE,2026-01-19
34521,CA,2023-08-27
34522,GA,2023-11-13
34523,CA,2025-02-08
34524,GA,2025-09-03
34525,CA,2023-03-20
34526,LA,2024-04-19
34527,NM,2023-11-26
34528,PA,2024-05-24
34529,OH,2025-02-15
34530,NY,2025-07-08
34531,CA,2025-08-18
34532,CA,2023-06-15
34533,CA,2025-06-19
34534,PA,2025-12-27
34535,NY,2023-08-25
34536,CO,2024-04-15
34537,FL,2025-12-21
34538,TX,2023-05-15
34539,AL,2025-08-04
34540,NJ,2023-06-09
34541,IL,2024-09-10
34542,NY,2025-04-21
34543,IN,2025-01-24
34544,NV,2025-01-24
34545,CA,2026-01-29
34546,FL,2024-07-08
34547,CA,2024-02-19
34548,MI,2025-11-12
34549,OH,2025-04-19
34550,CO,2024-10-17
34551,FL,2025-02-15
34552,LA,2025-09-05
34553,NY,2024-07-04
34554,CO,2023-10-27
34555,MA,2024-08-10
34556,IL,2025-08-26
34557,WA,2023-02-17
34558,IA,2023-07-24
34559,KY,2024-09-02
34560,NE,2024-02-26
34561,KS,2025-08-31
34562,IL,2023-11-16
34563,FL,2025-08-05
34564,OH,2023-03-31
34565,MD,2024-07-03
34566,CA,2023-04-21
34567,MI,2024-11-14
34568,MA,2025-10-28
34569,GA,2023-01-23
34570,MA,2024-07-24
34571,IL,2024-03-16
34572,OR,2025-12-17
34573,LA,2025-10-08
34574,OH,2024-11-17
34575,OR,2026-01-24
34576,NY,2024-04-06
34577,MD,2024-09-20
34578,NY,2025-01-21
34579,NC,2024-10-27
34580,OH,2023-11-04
34581,TX,2024-02-25
34582,PA,2023-10-30
34583,OH,2024-12-12
34584,PA,2024-06-09
34585,NY,2023-02-16
34586,NY,2025-01-29
34587,KY,2024-08-28
34588,CA,2024-05-13
34589,WA,2023-04-16
34590,FL,2025-01-09
34591,CA,2025-06-25
34592,FL,2025-02-08
34593,NV,2023-06-07
34594,MT,2024-01-06
34595,WA,2025-03-02
34596,TX,2023-09-02
34597,IL,2023-04-27
34598,WA,2023-03-11
34599,IL,2025-05-27
34600,GA,2026-01-03
34601,CA,2023-05-15
34602,IN,2025-01-06
34603,NC,2025-06-08
34604,CO,2023-05-18
34605,CA,2024-12-13
34606,VA,2023-08-28
34607,TX,2024-06-20
34608,FL,2023-08-05
34609,UT,2025-05-30
34610,VA,2025-11-01
34611,ME,2024-05-21
34612,AZ,2024-02-22
34613,MS,2024-01-22
34614,KS,2025-07-11
34615,VA,2024-08-17
34616,NY,2025-04-19
34617,MN,2023-02-05
34618,NY,2025-04-08
34619,WA,2024-12-11
34620,PA,2024-11-12
34621,NY,2023-09-05
34622,OR,2023-11-17
34623,WA,2024-12-23
34624,MD,2025-02-20
34625,MA,2024-09-18
34626,TX,2023-11-19
34627,OH,2025-07-18
34628,TX,2025-06-22
34629,NY,2023-03-02
34630,TX,2025-07-23
34631,AZ,2025-10-18
34632,MA,2025-07-07
34633,CA,2023-11-24
34634,OH,2025-06-13
34635,CA,2023-06-17
34636,IL,2023-12-24
34637,CA,2025-12-18
34638,TX,2025-05-17
34639,CO,2024-11-13
34640,WA,2023-03-25
34641,NY,2023-09-05
34642,TX,2025-04-05
34643,TX,2025-10-18
34644,NY,2025-07-20
34645,TX,2025-08-26
34646,TX,2024-04-25
34647,UT,2024-10-07
34648,FL,2023-07-12
34649,FL,2024-03-13
34650,NJ,2024-05-14
34651,NY,2023-06-01
34652,MA,2024-10-30
34653,IA,2023-09-26
34654,FL,2024-07-28
34655,IN,2023-06-06
34656,CA,2023-07-06
34657,GA,2023-11-13
34658,IL,2024-08-22
34659,NC,2025-09-13
34660,AL,2023-03-25
34661,CA,2023-07-15
34662,NY,2024-01-13
34663,PA,2023-04-28
34664,NY,2023-01-26
34665,IL,2023-08-27
34666,FL,2026-02-06
34667,TX,2026-01-18
34668,MA,2024-01-17
34669,TX,2025-03-03
34670,TX,2025-11-07
34671,FL,2024-10-25
34672,MA,2024-05-16
34673,TX,2024-09-11
34674,MI,2025-02-14
34675,IL,2023-08-05
34676,MA,2025-09-21
34677,MA,2023-01-24
34678,FL,2025-09-26
34679,NY,2024-01-08
34680,PA,2024-09-05
34681,OR,2023-11-26
34682,WI,2025-07-24
34683,OR,2024-02-21
34684,NY,2024-02-27
34685,FL,2024-08-28
34686,IL,2025-11-26
34687,CA,2024-11-30
34688,TX,2023-04-23
34689,NC,2024-06-25
34690,NC,2025-07-29
34691,GA,2023-01-18
34692,CA,2023-06-11
34693,IL,2023-06-08
34694,MA,2025-10-30
34695,NY,2025-05-22
34696,NY,2025-11-04
34697,CA,2024-07-18
34698,TX,2024-11-29
34699,IL,2025-12-14
34700,IL,2024-03-21
34701,WA,2025-06-08
34702,NY,2024-01-26
34703,AR,2023-05-19
34704,MI,2025-06-02
34705,CA,2025-01-31
34706,NY,2023-05-05
34707,MS,2023-08-07
34708,OR,2023-10-08
34709,FL,2024-03-15
34710,FL,2023-04-12
34711,NY,2025-11-29
34712,MN,2024-04-15
34713,ME,2024-03-09
34714,IL,2023-01-11
34715,MD,2023-05-12
34716,MD,2024-04-28
34717,WI,2024-02-19
34718,MN,2025-04-01
34719,RI,2024-07-21
34720,CA,2025-05-11
34721,WI,2023-12-21
34722,KS,2023-09-18
34723,IL,2024-08-14
34724,FL,2025-10-07
34725,NY,2024-08-02
34726,IL,2025-10-24
34727,AK,2023-12-07
34728,MD,2025-08-27
34729,MI,2023-04-05
34730,NC,2023-01-16
34731,NY,2026-02-08
34732,CA,2023-11-22
34733,NY,2025-05-24
34734,TN,2024-11-01
34735,MI,2023-04-04
34736,MO,2025-09-23
34737,MN,2023-12-02
34738,TX,2025-03-22
34739,NJ,2023-06-13
34740,GA,2025-06-12
34741,CA,2024-02-16
34742,SC,2024-01-03
34743,TX,2023-11-15
34744,FL,2024-05-03
34745,CA,2024-07-03
34746,CA,2025-06-14
34747,MI,2023-07-06
34748,TN,2023-01-25
34749,PA,2023-05-22
34750,HI,2024-03-03
34751,NC,2026-02-21
34752,WA,2023-01-25
34753,TN,2024-04-21
34754,WA,2025-04-26
34755,NY,2025-11-12
34756,WA,2023-05-02
34757,AZ,2025-09-09
34758,AZ,2023-01-17
34759,OR,2023-01-02
34760,AZ,2023-09-24
34761,NY,2023-09-08
34762,NY,2023-10-04
34763,CA,2025-10-26
34764,AL,2023-08-12
34765,NY,2025-07-29
34766,CO,2025-11-20
34767,NC,2024-04-17
34768,HI,2024-05-28
34769,VA,2023-06-14
34770,GA,2023-10-27
34771,FL,2025-09-01
34772,NJ,2024-03-29
34773,TN,2024-09-30
34774,AR,2024-04-25
34775,NJ,2023-03-16
34776,CA,2023-11-05
34777,MO,2023-03-17
34778,IL,2024-01-22
34779,TX,2025-08-14
34780,WA,2025-01-16
34781,IA,2025-12-14
34782,CA,2024-04-04
34783,NJ,2024-10-22
34784,NM,2023-11-09
34785,GA,2023-09-26
34786,OH,2023-06-04
34787,CO,2024-04-24
34788,IL,2026-02-02
34789,IL,2026-01-02
34790,OH,2026-01-03
34791,NY,2026-01-25
34792,NY,2026-02-06
34793,VT,2023-01-28
34794,CO,2026-01-30
34795,OK,2025-05-11
34796,NY,2023-04-29
34797,NJ,2025-11-16
34798,TX,2023-05-30
34799,CA,2024-11-12
34800,IN,2025-01-31
34801,WA,2023-07-02
34802,MA,2025-12-30
34803,NJ,2023-07-02
34804,NY,2023-06-22
34805,NY,2024-06-25
34806,AZ,2023-12-21
34807,CO,2023-06-03
34808,CA,2024-08-23
34809,CA,2024-01-20
34810,WA,2025-01-02
34811,PA,2025-07-08
34812,AZ,2025-11-14
34813,WA,2026-01-26
34814,CA,2024-07-07
34815,GA,2025-12-28
34816,AR,2023-12-27
34817,CA,2025-02-14
34818,TX,2025-05-23
34819,VA,2025-12-22
34820,WA,2024-12-18
34821,LA,2024-10-21
34822,IN,2024-05-09
34823,NY,2024-02-28
34824,NY,2025-04-20
34825,WI,2023-09-12
34826,GA,2023-09-18
34827,NY,2026-02-26
34828,NV,2024-06-06
34829,NC,2024-02-26
34830,KS,2024-08-02
34831,FL,2024-02-20
34832,PA,2025-10-25
34833,NY,2025-07-06
34834,NJ,2023-07-25
34835,MI,2024-04-13
34836,CA,2023-03-23
34837,WA,2025-12-26
34838,WA,2025-01-26
34839,NY,2023-09-24
34840,TX,2025-01-20
34841,CT,2024-04-19
34842,NY,2023-06-02
34843,NJ,2024-07-07
34844,NY,2024-05-01
34845,VA,2024-07-24
34846,AL,2024-09-20
34847,VT,2025-01-30
34848,FL,2025-12-07
34849,CA,2025-11-13
34850,TX,2024-12-09
34851,CA,2025-11-22
34852,SC,2025-04-17
34853,IL,2023-06-24
34854,MA,2024-07-18
34855,NC,2024-11-15
34856,SC,2025-08-24
34857,MA,2024-12-23
34858,FL,2025-10-18
34859,TX,2025-10-23
34860,CA,2025-12-08
34861,LA,2025-11-03
34862,MO,2025-03-03
34863,TX,2023-09-04
34864,CO,2024-03-07
34865,MI,2024-07-20
34866,WI,2024-04-25
34867,FL,2023-09-15
34868,AR,2024-06-18
34869,MN,2023-04-18
34870,WA,2023-06-25
34871,MA,2024-04-13
34872,AZ,2024-06-10
34873,IL,2025-03-29
34874,ID,2023-06-01
34875,CO,2025-04-03
34876,WA,2025-11-27
34877,FL,2023-10-08
34878,OH,2025-08-05
34879,MA,2024-03-06
34880,AL,2023-11-16
34881,AZ,2023-03-12
34882,NY,2026-01-16
34883,FL,2023-02-26
34884,WA,2023-06-16
34885,MA,2024-09-22
34886,WA,2025-03-07
34887,NY,2025-07-10
34888,CA,2023-11-16
34889,WI,2024-06-15
34890,KS,2023-01-07
34891,WA,2024-04-02
34892,SC,2023-08-26
34893,NY,2024-03-26
34894,WA,2025-06-14
34895,NC,2026-02-11
34896,CA,2024-05-06
34897,CA,2024-03-24
34898,CO,2025-10-01
34899,GA,2024-09-30
34900,FL,2023-07-22
34901,MA,2024-08-04
34902,TX,2025-05-09
34903,IN,2023-04-30
34904,AR,2024-10-26
34905,CA,2025-08-01
34906,MA,2024-09-15
34907,AL,2025-07-01
34908,ME,2023-06-29
34909,MO,2024-09-22
34910,TX,2024-10-03
34911,OK,2024-11-30
34912,CA,2025-08-10
34913,WA,2024-05-07
34914,FL,2025-07-31
34915,AL,2024-02-01
34916,WA,2025-02-28
34917,SD,2026-02-03
34918,TX,2023-11-30
34919,CA,2024-10-20
34920,MN,2023-01-01
34921,NY,2024-03-27
34922,MA,2023-07-03
34923,FL,2026-01-16
34924,CT,2024-12-04
34925,CA,2024-08-03
34926,AZ,2023-12-06
34927,MD,2025-07-06
34928,NE,2024-09-13
34929,NC,2023-06-21
34930,WA,2024-01-13
34931,TX,2023-06-26
34932,OR,2024-09-02
34933,TX,2023-02-05
34934,IN,2023-08-13
34935,MI,2025-05-05
34936,NY,2025-07-18
34937,OR,2025-12-10
34938,FL,2023-06-02
34939,TX,2025-01-18
34940,WA,2025-02-04
34941,NH,2025-03-31
34942,NY,2023-04-15
34943,WY,2024-01-02
34944,WI,2025-04-12
34945,FL,2026-01-12
34946,CO,2025-10-20
34947,TX,2025-12-04
34948,RI,2024-05-04
34949,FL,2023-02-19
34950,WA,2025-03-26
34951,UT,2023-07-20
34952,WA,2023-06-24
34953,PA,2023-05-22
34954,NJ,2023-07-09
34955,WA,2025-05-07
34956,MI,2025-02-19
34957,CA,2025-05-18
34958,PA,2026-01-25
34959,CA,2025-11-30
34960,NY,2023-11-25
34961,CO,2025-08-22
34962,WA,2025-02-13
34963,CA,2023-04-05
34964,OR,2024-11-24
34965,NC,2024-04-26
34966,WA,2023-01-11
34967,NY,2025-02-11
34968,TX,2024-04-15
34969,TX,2024-03-06
34970,NC,2025-12-02
34971,MA,2023-01-04
34972,TX,2023-12-03
34973,GA,2024-01-10
34974,SD,2026-01-23
34975,NC,2023-01-30
34976,NY,2025-06-16
34977,NY,2026-01-16
34978,CO,2025-04-21
34979,CA,2023-08-08
34980,FL,2023-05-08
34981,NY,2023-08-13
34982,MS,2024-02-12
34983,AZ,2024-11-07
34984,NY,2023-06-07
34985,SC,2024-12-09
34986,CA,2024-02-11
34987,TX,2023-01-30
34988,FL,2023-07-15
34989,CA,2025-03-29
34990,TX,2023-12-10
34991,CA,2024-08-01
34992,OH,2023-07-03
34993,TX,2024-05-26
34994,TX,2025-08-18
34995,FL,2024-09-12
34996,MA,2023-08-06
34997,FL,2026-01-04
34998,MI,2023-11-17
34999,AZ,2023-01-02
35000,OR,2026-01-20
35001,TX,2025-02-09
35002,NE,2024-08-17
35003,TX,2023-03-23
35004,FL,2023-08-11
35005,NC,2025-02-13
35006,WI,2025-05-28
35007,CA,2025-11-27
35008,CO,2024-03-17
35009,UT,2024-07-26
35010,CA,2024-08-17
35011,IL,2025-07-23
35012,CO,2023-01-28
35013,WA,2023-07-04
35014,PA,2026-02-27
35015,CO,2023-03-11
35016,OR,2024-12-19
35017,CA,2024-10-29
35018,NC,2024-07-02
35019,NV,2023-08-05
35020,CA,2024-08-30
35021,TX,2024-11-25
35022,CO,2024-09-04
35023,MD,2025-01-09
35024,NY,2024-04-16
35025,WA,2024-01-20
35026,CA,2023-01-03
35027,UT,2024-08-05
35028,FL,2023-04-07
35029,CA,2024-08-19
35030,NC,2025-01-20
35031,NY,2024-11-18
35032,MS,2024-10-04
35033,NJ,2024-11-19
35034,CA,2024-09-04
35035,CA,2024-11-30
35036,CO,2023-12-19
35037,MO,2025-10-18
35038,MI,2023-06-30
35039,ME,2024-04-21
35040,OR,2024-10-27
35041,IL,2025-12-16
35042,CA,2024-02-26
35043,OH,2025-06-23
35044,FL,2025-12-05
35045,CA,2025-05-11
35046,NC,2023-03-27
35047,NY,2025-01-16
35048,AZ,2025-06-11
35049,AZ,2024-08-16
35050,TX,2023-06-27
35051,UT,2026-01-21
35052,NY,2023-07-12
35053,TX,2025-03-05
35054,PA,2024-05-01
35055,IL,2024-10-03
35056,MI,2024-04-11
35057,CA,2024-03-20
35058,OH,2025-06-04
35059,OH,2025-06-07
35060,CA,2023-04-01
35061,TX,2023-03-04
35062,FL,2023-01-15
35063,PA,2025-10-11
35064,FL,2025-01-02
35065,NY,2023-10-21
35066,KY,2025-03-26
35067,NY,2023-09-15
35068,NY,2024-12-13
35069,OH,2023-06-11
35070,IL,2025-10-18
35071,TX,2024-03-02
35072,AL,2023-01-24
35073,PA,2025-09-24
35074,PA,2026-01-30
35075,GA,2024-09-20
35076,WA,2024-06-28
35077,AL,2023-10-26
35078,MA,2025-11-06
35079,VA,2025-10-27
35080,WA,2025-08-12
35081,CA,2024-07-01
35082,NJ,2023-09-28
35083,MA,2023-03-11
35084,NY,2023-08-16
35085,CA,2025-12-28
35086,VA,2023-08-25
35087,CA,2023-07-16
35088,KS,2026-02-04
35089,WA,2024-01-04
35090,KY,2026-02-23
35091,CA,2025-03-27
35092,CA,2025-06-02
35093,WA,2024-12-20
35094,WA,2024-12-15
35095,MA,2024-09-30
35096,CO,2025-03-06
35097,NJ,2023-12-08
35098,MO,2023-06-04
35099,FL,2025-09-03
35100,IL,2024-03-31
35101,NC,2023-02-01
35102,CO,2025-09-30
35103,MA,2025-11-04
35104,TX,2023-05-08
35105,SC,2024-02-28
35106,LA,2023-04-06
35107,CA,2025-03-25
35108,NY,2024-09-04
35109,NC,2026-02-15
35110,TX,2024-06-05
35111,OH,2026-02-14
35112,CO,2023-08-12
35113,AR,2023-09-05
35114,NY,2025-09-01
35115,AZ,2024-10-10
35116,CA,2025-01-11
35117,LA,2025-05-11
35118,TX,2024-07-05
35119,CA,2025-02-22
35120,TN,2025-11-14
35121,LA,2023-05-18
35122,MA,2025-07-14
35123,TX,2023-01-09
35124,NV,2024-07-22
35125,GA,2023-10-29
35126,IN,2024-09-22
35127,CA,2023-06-20
35128,AZ,2025-06-02
35129,AL,2024-05-26
35130,TN,2024-01-04
35131,IL,2024-01-10
35132,NY,2023-07-23
35133,KY,2023-02-26
35134,IL,2024-10-18
35135,GA,2025-11-14
35136,NC,2025-12-14
35137,NC,2023-05-27
35138,OR,2025-09-03
35139,MA,2026-01-15
35140,MD,2025-10-01
35141,TX,2025-07-10
35142,AZ,2023-03-13
35143,SC,2025-01-19
35144,TX,2025-08-10
35145,GA,2023-05-16
35146,MA,2025-12-05
35147,FL,2024-05-31
35148,NY,2025-11-01
35149,GA,2023-01-27
35150,NY,2023-03-25
35151,KY,2024-07-01
35152,FL,2025-12-11
35153,IL,2023-03-15
35154,MA,2024-05-04
35155,FL,2023-01-12
35156,FL,2024-11-01
35157,MA,2024-08-25
35158,NY,2024-11-02
35159,TN,2025-09-28
35160,NJ,2025-04-11
35161,FL,2026-02-01
35162,IN,2024-08-25
35163,VA,2023-11-11
35164,NY,2025-03-03
35165,NE,2023-03-09
35166,TX,2023-07-16
35167,TX,2024-10-26
35168,MA,2024-06-05
35169,VT,2023-07-09
35170,FL,2023-01-12
35171,TX,2025-08-20
35172,TX,2025-11-18
35173,CO,2025-09-15
35174,WA,2024-07-08
35175,FL,2023-03-29
35176,MD,2025-05-05
35177,WA,2024-04-17
35178,NY,2023-04-21
35179,LA,2024-02-25
35180,NY,2023-03-10
35181,CO,2023-04-29
35182,AK,2025-02-17
35183,IL,2023-09-04
35184,TX,2025-04-10
35185,NY,2023-01-22
35186,NY,2024-02-03
35187,MS,2023-11-22
35188,CO,2024-08-24
35189,ME,2024-10-07
35190,AR,2023-12-18
35191,FL,2025-03-21
35192,NV,2024-02-08
35193,VA,2024-09-28
35194,FL,2024-12-02
35195,WA,2023-11-19
35196,PA,2024-08-16
35197,MN,2023-08-15
35198,MN,2023-06-29
35199,NC,2025-08-27
35200,NY,2025-09-16
35201,NY,2025-08-08
35202,MN,2025-04-15
35203,FL,2024-10-25
35204,CA,2023-06-03
35205,WA,2025-01-02
35206,MD,2025-03-16
35207,PA,2025-11-25
35208,WA,2023-05-02
35209,TX,2023-07-01
35210,CA,2026-02-01
35211,OR,2026-01-10
35212,PA,2024-06-19
35213,KS,2023-12-04
35214,NC,2023-04-13
35215,CA,2023-08-19
35216,GA,2024-09-18
35217,AZ,2025-02-17
35218,CA,2025-05-24
35219,NY,2024-12-28
35220,NY,2025-08-30
35221,VA,2025-05-12
35222,TX,2025-06-08
35223,GA,2023-01-03
35224,OH,2025-06-26
35225,UT,2023-06-29
35226,IL,2023-05-05
35227,MD,2024-01-20
35228,OR,2026-02-09
35229,WA,2024-10-07
35230,AZ,2023-07-21
35231,NY,2024-10-25
35232,NY,2023-11-24
35233,TX,2025-04-28
35234,PA,2024-02-12
35235,MA,2024-08-11
35236,WA,2023-09-22
35237,MN,2023-09-11
35238,NY,2025-12-29
35239,LA,2024-09-01
35240,MN,2026-02-20
35241,MA,2024-06-20
35242,TX,2025-05-29
35243,NY,2024-07-03
35244,WA,2023-09-27
35245,GA,2025-02-16
35246,CA,2025-12-25
35247,TX,2023-07-18
35248,NH,2023-05-22
35249,IL,2026-02-23
35250,NY,2023-12-21
35251,AZ,2025-03-27
35252,MO,2023-06-25
35253,IL,2024-01-22
35254,AL,2025-12-06
35255,CO,2024-07-25
35256,MO,2025-03-03
35257,HI,2024-09-24
35258,AZ,2023-06-16
35259,OR,2024-07-11
35260,WA,2025-03-07
35261,MI,2026-01-31
35262,PA,2023-03-27
35263,PA,2024-10-28
35264,MI,2023-01-03
35265,OH,2025-04-03
35266,NJ,2025-05-28
35267,GA,2025-02-27
35268,TX,2025-11-13
35269,CA,2024-06-08
35270,AZ,2025-08-23
35271,WA,2024-05-10
35272,HI,2024-11-13
35273,SC,2025-05-11
35274,WA,2024-08-12
35275,MA,2026-01-30
35276,CA,2023-01-30
35277,NY,2024-04-11
35278,NY,2023-07-22
35279,RI,2024-12-24
35280,MA,2023-06-02
35281,CO,2024-11-08
35282,MO,2023-02-12
35283,FL,2024-02-18
35284,VT,2024-03-18
35285,FL,2023-05-31
35286,CA,2025-12-03
35287,CT,2026-01-31
35288,PA,2025-04-09
35289,TX,2023-04-18
35290,MS,2023-11-25
35291,WA,2024-12-06
35292,MA,2024-09-24
35293,GA,2025-08-07
35294,WA,2024-08-19
35295,KY,2024-03-01
35296,GA,2025-06-25
35297,CA,2023-08-21
35298,CA,2024-03-26
35299,MA,2025-01-24
35300,SC,2024-05-30
35301,IL,2024-08-13
35302,MA,2024-04-28
35303,FL,2023-03-20
35304,CO,2024-11-19
35305,CA,2024-02-10
35306,WA,2025-06-24
35307,WI,2023-10-03
35308,FL,2023-06-27
35309,GA,2024-11-01
35310,OR,2025-03-22
35311,PA,2025-09-26
35312,NC,2025-09-14
35313,DE,2023-11-27
35314,GA,2024-07-06
35315,NY,2023-06-23
35316,CT,2024-04-21
35317,AL,2023-04-02
35318,TX,2024-05-24
35319,CA,2025-06-14
35320,WI,2024-08-23
35321,TN,2024-08-21
35322,TX,2024-02-18
35323,CA,2023-05-17
35324,NY,2024-11-08
35325,IA,2023-03-30
35326,OR,2025-12-02
35327,TX,2023-12-10
35328,FL,2023-10-23
35329,OR,2023-12-07
35330,MN,2024-09-22
35331,CA,2023-02-04
35332,FL,2023-06-20
35333,CO,2024-01-21
35334,SC,2023-12-01
35335,KS,2023-03-20
35336,TN,2024-01-07
35337,DE,2023-08-24
35338,CA,2024-05-07
35339,UT,2024-10-10
35340,OR,2023-06-04
35341,FL,2023-03-07
35342,MA,2023-07-19
35343,CA,2024-05-26
35344,NY,2024-05-26
35345,AR,2024-05-12
35346,TN,2024-11-15
35347,AR,2024-11-25
35348,NY,2025-11-29
35349,NJ,2023-09-29
35350,WV,2024-12-24
35351,WA,2023-06-09
35352,KS,2023-02-04
35353,IL,2025-04-11
35354,CA,2024-03-01
35355,NY,2023-05-01
35356,CA,2024-02-20
35357,OK,2023-10-13
35358,CO,2025-09-05
35359,TX,2025-08-19
35360,OR,2024-02-09
35361,TX,2024-05-02
35362,KY,2026-01-28
35363,MN,2025-01-14
35364,TX,2025-10-22
35365,KY,2024-06-11
35366,VA,2025-01-02
35367,SC,2024-11-25
35368,VA,2024-02-03
35369,MN,2025-11-12
35370,GA,2023-09-04
35371,NY,2024-09-19
35372,CA,2023-03-10
35373,MA,2024-07-17
35374,FL,2024-02-01
35375,MA,2024-08-30
35376,MI,2023-10-12
35377,MA,2023-05-26
35378,PA,2024-01-21
35379,TX,2023-10-25
35380,LA,2024-05-29
35381,OK,2025-11-27
35382,MN,2025-12-29
35383,TX,2024-08-03
35384,WA,2024-10-31
35385,OR,2025-02-20
35386,CA,2023-01-02
35387,NC,2025-04-21
35388,OH,2023-03-24
35389,MA,2023-12-21
35390,AL,2023-05-21
35391,CO,2025-10-06
35392,WA,2025-08-07
35393,OH,2024-08-22
35394,CO,2025-04-14
35395,VA,2025-03-03
35396,CO,2025-07-19
35397,IN,2025-06-30
35398,SC,2023-08-29
35399,IN,2024-09-15
35400,MN,2025-10-13
35401,NY,2025-10-17
35402,TX,2025-09-12
35403,UT,2025-06-24
35404,NV,2025-02-25
35405,TN,2023-08-02
35406,NY,2025-03-02
35407,WA,2023-05-13
35408,NY,2023-03-21
35409,AK,2023-04-11
35410,PA,2025-12-23
35411,MD,2024-09-26
35412,NY,2026-02-06
35413,GA,2023-07-06
35414,FL,2025-09-11
35415,NC,2023-07-25
35416,NC,2025-06-01
35417,NY,2023-02-16
35418,AZ,2025-03-31
35419,MD,2023-04-09
35420,TX,2024-05-19
35421,GA,2025-09-16
35422,VA,2024-02-27
35423,NY,2025-07-15
35424,MI,2025-09-03
35425,MA,2023-08-05
35426,RI,2023-06-23
35427,OH,2024-03-16
35428,NC,2023-04-16
35429,OK,2024-02-15
35430,NY,2023-04-23
35431,WA,2023-05-26
35432,CA,2024-10-05
35433,UT,2026-01-12
35434,TX,2024-06-19
35435,KS,2023-10-25
35436,WA,2023-07-07
35437,FL,2023-04-21
35438,WA,2023-02-25
35439,VA,2024-08-03
35440,TX,2024-06-13
35441,CO,2024-03-24
35442,IL,2023-08-07
35443,CA,2025-06-10
35444,WA,2023-11-27
35445,WI,2024-05-18
35446,NC,2023-10-08
35447,UT,2025-04-23
35448,RI,2023-01-12
35449,TX,2024-07-18
35450,UT,2026-01-24
35451,ND,2023-08-20
35452,MA,2026-02-09
35453,ME,2025-12-06
35454,CA,2023-09-11
35455,NY,2023-10-15
35456,CA,2025-10-04
35457,CA,2024-01-09
35458,FL,2023-07-14
35459,TX,2025-11-14
35460,CA,2025-10-26
35461,MA,2025-05-14
35462,VA,2023-05-23
35463,MI,2024-12-03
35464,NJ,2023-06-20
35465,AZ,2024-05-04
35466,MO,2023-04-06
35467,TX,2025-09-10
35468,CA,2023-09-17
35469,NC,2025-12-18
35470,SC,2023-02-21
35471,MN,2025-02-25
35472,WA,2023-05-02
35473,IL,2024-11-25
35474,MA,2023-03-30
35475,AZ,2025-08-27
35476,NV,2023-02-07
35477,UT,2023-03-25
35478,IL,2026-02-05
35479,TX,2025-10-06
35480,NE,2024-12-09
35481,MA,2025-01-08
35482,TX,2025-10-23
35483,SC,2024-11-02
35484,MA,2023-01-30
35485,CA,2024-09-19
35486,IN,2023-04-03
35487,WA,2023-08-06
35488,CA,2026-01-17
35489,NY,2025-08-29
35490,GA,2025-06-04
35491,FL,2024-11-28
35492,ME,2023-10-09
35493,KY,2025-09-01
35494,NH,2024-01-24
35495,SC,2025-07-17
35496,CA,2025-05-22
35497,FL,2023-05-17
35498,NJ,2023-10-15
35499,MD,2024-09-10
35500,NC,2024-02-16
35501,TX,2024-02-11
35502,CA,2024-08-22
35503,AL,2026-02-22
35504,CA,2024-09-13
35505,VA,2025-12-07
35506,CA,2023-03-10
35507,CO,2024-11-26
35508,CO,2024-05-09
35509,TX,2025-06-02
35510,FL,2023-10-19
35511,IL,2025-10-17
35512,NY,2025-01-02
35513,PA,2024-02-20
35514,OH,2025-06-15
35515,NM,2024-02-22
35516,WA,2024-07-16
35517,MA,2024-12-27
35518,OR,2023-01-01
35519,PA,2025-12-26
35520,LA,2023-06-12
35521,CA,2023-11-11
35522,FL,2023-11-29
35523,FL,2024-06-08
35524,PA,2023-02-25
35525,NY,2024-01-24
35526,NE,2024-08-15
35527,NE,2025-07-27
35528,CA,2025-08-08
35529,WA,2024-12-31
35530,VT,2024-06-10
35531,CO,2023-05-04
35532,NY,2025-12-30
35533,WA,2024-01-29
35534,TX,2024-12-04
35535,IL,2025-06-27
35536,IL,2025-06-30
35537,IL,2025-09-20
35538,NJ,2023-11-24
35539,MA,2025-12-19
35540,CA,2024-07-20
35541,NJ,2025-09-14
35542,IL,2024-03-30
35543,MN,2024-11-04
35544,NY,2025-01-06
35545,UT,2026-03-01
35546,PA,2023-04-12
35547,MN,2024-07-24
35548,WA,2025-03-19
35549,NJ,2025-07-31
35550,MA,2024-01-03
35551,FL,2023-04-01
35552,TN,2023-05-19
35553,PA,2023-04-24
35554,MD,2023-01-22
35555,CA,2025-11-12
35556,CA,2025-12-24
35557,NJ,2024-04-04
35558,IL,2023-04-24
35559,CA,2024-06-23
35560,WV,2025-07-09
35561,OH,2023-09-14
35562,FL,2025-12-05
35563,NY,2024-10-13
35564,NV,2024-03-31
35565,MN,2024-11-09
35566,MI,2024-01-27
35567,AL,2024-04-10
35568,CA,2024-02-16
35569,CA,2025-06-29
35570,NY,2024-07-04
35571,CA,2025-09-19
35572,LA,2024-04-16
35573,TX,2026-02-07
35574,FL,2025-02-14
35575,NM,2025-03-20
35576,IL,2024-03-18
35577,TX,2024-04-09
35578,CO,2025-04-25
35579,NJ,2025-07-04
35580,TX,2024-08-30
35581,NY,2025-01-11
35582,VA,2024-06-27
35583,TX,2025-06-18
35584,CA,2025-07-13
35585,CA,2024-10-06
35586,MA,2025-04-23
35587,AZ,2023-01-23
35588,OR,2025-01-06
35589,NY,2023-05-24
35590,CA,2023-11-02
35591,CO,2024-05-06
35592,OR,2024-08-06
35593,OH,2025-12-07
35594,FL,2024-06-29
35595,WA,2024-02-09
35596,IN,2025-02-04
35597,OH,2026-01-30
35598,PA,2023-08-29
35599,DE,2023-12-27
35600,VA,2023-03-08
35601,FL,2023-10-07
35602,PA,2025-02-16
35603,PA,2025-10-25
35604,MO,2024-06-26
35605,AL,2024-07-16
35606,SC,2023-02-17
35607,IL,2023-11-30
35608,OH,2023-05-16
35609,MA,2024-06-02
35610,NH,2023-04-29
35611,GA,2023-12-08
35612,CO,2025-09-29
35613,SC,2024-09-18
35614,FL,2023-06-13
35615,IL,2023-10-12
35616,CA,2025-08-21
35617,NY,2024-01-12
35618,CA,2023-02-22
35619,HI,2023-11-24
35620,NY,2023-12-07
35621,MI,2024-06-10
35622,WA,2024-09-30
35623,WA,2026-02-15
35624,SC,2024-05-20
35625,OH,2025-05-17
35626,WA,2024-12-04
35627,CA,2023-06-27
35628,MA,2025-08-25
35629,TX,2024-07-12
35630,CA,2025-06-27
35631,MA,2024-10-15
35632,OH,2023-01-09
35633,CO,2025-07-22
35634,NV,2024-06-07
35635,PA,2025-11-02
35636,MA,2023-10-04
35637,MA,2024-03-14
35638,FL,2025-11-27
35639,OH,2025-03-30
35640,NV,2024-03-10
35641,UT,2025-04-19
35642,TX,2025-01-13
35643,MO,2023-09-08
35644,NY,2024-09-23
35645,MI,2025-04-24
35646,VA,2023-01-14
35647,CA,2023-10-01
35648,IL,2025-10-03
35649,GA,2023-12-19
35650,TX,2025-08-27
35651,IL,2024-03-17
35652,SC,2024-07-20
35653,NY,2025-03-12
35654,TX,2023-05-07
35655,NC,2025-10-15
35656,WI,2025-03-31
35657,MN,2025-12-24
35658,CA,2024-11-25
35659,NY,2025-01-08
35660,PA,2024-09-14
35661,CA,2023-03-20
35662,MI,2026-01-20
35663,TX,2023-05-20
35664,AL,2025-10-21
35665,NY,2023-09-24
35666,FL,2025-12-10
35667,CA,2023-08-17
35668,AK,2024-03-25
35669,NC,2024-07-10
35670,CT,2026-01-27
35671,IL,2025-12-31
35672,VA,2024-08-19
35673,MI,2025-07-29
35674,NY,2025-04-14
35675,HI,2024-12-29
35676,AZ,2023-06-05
35677,WA,2025-05-09
35678,CA,2025-04-19
35679,IL,2024-07-30
35680,NV,2025-07-05
35681,NY,2024-10-16
35682,CO,2024-01-27
35683,NC,2025-11-09
35684,CA,2023-11-29
35685,CA,2023-07-11
35686,MA,2023-10-22
35687,SC,2023-05-15
35688,MI,2023-07-22
35689,MA,2023-03-29
35690,MN,2023-12-11
35691,NY,2024-07-16
35692,FL,2023-09-07
35693,RI,2023-11-15
35694,IA,2023-10-16
35695,OH,2023-10-28
35696,ME,2025-10-26
35697,NH,2024-07-02
35698,CA,2023-09-15
35699,GA,2024-09-09
35700,PA,2023-08-10
35701,MA,2023-11-09
35702,SC,2023-12-14
35703,GA,2025-05-13
35704,IL,2024-09-20
35705,NC,2024-11-21
35706,CA,2023-04-01
35707,TX,2023-10-21
35708,MA,2023-07-11
35709,CA,2026-01-28
35710,CA,2025-03-16
35711,IL,2023-01-31
35712,WI,2024-08-28
35713,FL,2025-02-20
35714,OK,2026-01-26
35715,OK,2023-02-21
35716,UT,2024-04-19
35717,MN,2025-03-20
35718,NM,2023-12-16
35719,MA,2025-09-27
35720,NY,2025-01-27
35721,WA,2025-11-07
35722,RI,2023-08-18
35723,TX,2024-12-14
35724,SC,2024-09-01
35725,CA,2024-07-28
35726,GA,2025-05-12
35727,KS,2024-01-23
35728,MI,2024-10-16
35729,OR,2023-01-02
35730,CA,2025-06-10
35731,TN,2023-05-31
35732,FL,2025-01-22
35733,CA,2024-09-19
35734,PA,2025-08-04
35735,NM,2025-10-30
35736,HI,2024-11-09
35737,VA,2025-06-18
35738,AZ,2023-04-21
35739,OR,2023-06-29
35740,NY,2025-09-03
35741,NY,2023-06-30
35742,MO,2024-01-02
35743,FL,2023-06-23
35744,PA,2023-03-27
35745,CO,2024-07-01
35746,TX,2025-08-04
35747,IL,2025-12-22
35748,FL,2024-03-06
35749,MI,2024-10-19
35750,WA,2023-09-21
35751,TX,2023-06-18
35752,AZ,2023-11-13
35753,ID,2024-02-08
35754,CA,2023-08-01
35755,NY,2024-09-25
35756,CT,2025-08-19
35757,LA,2024-11-02
35758,FL,2023-05-03
35759,MI,2025-11-11
35760,KS,2024-07-06
35761,MI,2025-05-26
35762,WA,2024-01-29
35763,WI,2024-07-10
35764,FL,2023-09-18
35765,TN,2024-06-07
35766,CA,2023-08-21
35767,KY,2023-10-15
35768,WA,2024-01-11
35769,IL,2025-07-24
35770,NC,2024-12-14
35771,CA,2025-04-11
35772,CA,2023-03-28
35773,GA,2025-06-15
35774,TX,2024-11-23
35775,CA,2023-06-19
35776,WA,2024-05-07
35777,CA,2023-01-22
35778,NY,2023-02-01
35779,WA,2023-12-11
35780,TN,2024-04-28
35781,TX,2024-07-30
35782,NC,2025-10-02
35783,CO,2023-11-12
35784,TX,2025-02-05
35785,SC,2025-07-13
35786,TX,2025-12-22
35787,NY,2024-08-10
35788,NC,2023-10-09
35789,WA,2023-02-04
35790,CA,2024-01-10
35791,NV,2023-02-22
35792,CA,2025-03-19
35793,NY,2024-05-30
35794,VA,2024-05-28
35795,TX,2023-10-18
35796,IL,2025-07-17
35797,NJ,2024-04-29
35798,CA,2024-10-14
35799,FL,2026-02-12
35800,ND,2026-02-12
35801,WA,2025-02-13
35802,MN,2023-05-04
35803,NY,2023-09-30
35804,OR,2024-10-26
35805,CA,2023-07-18
35806,MD,2023-03-24
35807,FL,2025-07-17
35808,KY,2024-01-13
35809,KY,2025-09-09
35810,NY,2025-12-20
35811,IL,2023-12-13
35812,NC,2023-01-31
35813,WI,2024-07-05
35814,CA,2023-10-03
35815,VA,2025-01-14
35816,OH,2024-02-22
35817,CA,2025-04-12
35818,WA,2025-12-21
35819,PA,2025-01-02
35820,CA,2024-03-04
35821,CT,2023-09-08
35822,AZ,2023-01-11
35823,PA,2024-02-21
35824,NC,2024-07-03
35825,TX,2024-07-30
35826,CA,2024-07-03
35827,CA,2025-02-05
35828,MA,2024-04-01
35829,NY,2025-08-01
35830,AR,2023-09-01
35831,MA,2023-10-07
35832,TX,2025-03-14
35833,LA,2026-02-06
35834,CA,2024-03-24
35835,CO,2025-08-13
35836,TX,2023-04-09
35837,SC,2025-05-01
35838,AR,2026-02-01
35839,LA,2024-09-18
35840,CA,2023-02-15
35841,NY,2024-07-27
35842,CA,2024-09-17
35843,WA,2025-02-02
35844,MI,2023-04-15
35845,NC,2023-01-29
35846,NY,2023-06-18
35847,CT,2024-09-25
35848,MA,2025-05-18
35849,NJ,2025-06-06
35850,WA,2024-04-01
35851,CA,2024-03-18
35852,CA,2025-03-06
35853,MA,2024-02-03
35854,MD,2023-07-05
35855,VA,2023-10-25
35856,MA,2025-04-20
35857,NC,2024-06-14
35858,PA,2026-01-05
35859,RI,2024-10-03
35860,MI,2024-10-19
35861,MD,2023-09-02
35862,CA,2025-10-14
35863,ND,2023-05-16
35864,WA,2023-07-24
35865,OH,2025-06-02
35866,TX,2024-07-09
35867,AZ,2023-03-01
35868,NY,2023-09-06
35869,IN,2025-06-03
35870,TX,2024-09-29
35871,MD,2025-09-09
35872,CO,2024-02-01
35873,NY,2023-02-14
35874,WI,2023-01-02
35875,FL,2024-12-06
35876,CA,2024-07-12
35877,FL,2023-08-14
35878,IL,2025-10-22
35879,UT,2026-01-08
35880,CO,2023-04-29
35881,TN,2024-08-20
35882,AL,2024-07-21
35883,MA,2025-07-30
35884,CA,2024-07-28
35885,NV,2023-01-08
35886,MN,2023-08-23
35887,CA,2024-03-02
35888,TX,2024-08-24
35889,GA,2023-10-06
35890,NY,2025-06-30
35891,TX,2025-05-02
35892,CA,2024-10-01
35893,NY,2023-12-26
35894,MA,2024-08-27
35895,MI,2023-07-31
35896,CA,2024-12-16
35897,NY,2024-07-02
35898,NJ,2023-08-06
35899,CO,2023-05-26
35900,NY,2025-12-18
35901,OH,2024-10-02
35902,NY,2025-11-22
35903,NY,2025-09-16
35904,NY,2024-02-15
35905,IL,2025-12-09
35906,NV,2023-11-18
35907,CA,2026-01-11
35908,NJ,2024-06-19
35909,CA,2023-03-10
35910,MD,2025-10-28
35911,MD,2025-07-04
35912,OR,2025-01-30
35913,OH,2026-01-27
35914,ME,2024-12-10
35915,PA,2025-04-06
35916,TX,2023-07-27
35917,SC,2025-03-25
35918,NY,2025-06-16
35919,CO,2023-01-26
35920,NY,2024-05-21
35921,NC,2023-05-28
35922,CA,2025-05-10
35923,TN,2024-01-13
35924,FL,2025-09-06
35925,FL,2023-03-06
35926,CA,2024-12-29
35927,VA,2025-03-13
35928,TX,2024-09-20
35929,PA,2024-08-19
35930,CA,2023-10-06
35931,CO,2024-01-01
35932,WA,2024-05-13
35933,NY,2023-06-18
35934,NY,2024-04-06
35935,CA,2024-02-24
35936,CA,2025-05-25
35937,TX,2023-02-09
35938,NY,2023-12-29
35939,PA,2023-03-25
35940,IL,2023-12-10
35941,CA,2024-05-23
35942,TN,2025-04-20
35943,IL,2023-12-04
35944,NH,2025-10-18
35945,CA,2025-05-23
35946,ID,2025-05-11
35947,MA,2023-07-01
35948,WA,2023-01-07
35949,OH,2024-10-26
35950,WA,2024-02-12
35951,CA,2023-09-19
35952,AR,2024-04-19
35953,WA,2023-10-04
35954,CA,2025-04-05
35955,CO,2023-04-06
35956,OH,2025-11-21
35957,CO,2025-01-17
35958,PA,2024-01-28
35959,FL,2024-02-03
35960,IL,2024-12-29
35961,PA,2025-09-21
35962,IL,2025-03-18
35963,NV,2025-02-05
35964,MA,2025-10-31
35965,CT,2025-12-23
35966,MO,2026-02-19
35967,HI,2023-07-06
35968,AL,2024-01-27
35969,CT,2023-07-19
35970,NY,2023-02-24
35971,CA,2024-01-17
35972,FL,2023-10-22
35973,NY,2023-02-24
35974,NY,2024-10-04
35975,CA,2025-07-29
35976,AR,2023-03-21
35977,WA,2024-10-01
35978,CA,2023-10-23
35979,MI,2025-01-08
35980,TX,2023-06-22
35981,NY,2025-06-17
35982,CO,2024-06-19
35983,CA,2026-02-23
35984,CA,2025-02-06
35985,FL,2024-03-14
35986,GA,2026-01-08
35987,MI,2023-04-07
35988,WI,2024-12-14
35989,CA,2023-01-30
35990,CA,2025-09-20
35991,GA,2024-10-16
35992,UT,2025-05-13
35993,PA,2025-12-25
35994,GA,2025-01-05
35995,WA,2025-05-02
35996,ND,2024-06-14
35997,CA,2025-12-08
35998,TX,2025-11-23
35999,CT,2023-08-28
36000,WA,2024-08-18
36001,CA,2024-11-18
36002,AZ,2023-11-10
36003,TN,2025-04-25
36004,PA,2025-09-28
36005,FL,2023-06-06
36006,TN,2025-06-23
36007,MA,2023-06-21
36008,MA,2024-05-19
36009,AZ,2024-06-27
36010,CA,2026-01-04
36011,GA,2024-08-25
36012,TX,2025-11-11
36013,IL,2023-06-03
36014,FL,2024-02-28
36015,TX,2024-10-09
36016,WA,2023-10-19
36017,CA,2024-09-04
36018,UT,2024-08-15
36019,WA,2026-02-18
36020,SC,2024-10-08
36021,PA,2024-01-20
36022,HI,2024-12-31
36023,CA,2023-08-22
36024,VA,2023-08-06
36025,SC,2023-09-03
36026,NC,2023-05-29
36027,VT,2025-06-12
36028,FL,2024-02-08
36029,CA,2024-05-17
36030,TX,2024-01-19
36031,KY,2023-02-02
36032,TX,2024-02-06
36033,CA,2024-10-18
36034,CO,2023-09-26
36035,CA,2023-10-26
36036,OH,2023-04-23
36037,MA,2025-10-02
36038,CT,2025-07-07
36039,ME,2025-11-29
36040,PA,2024-11-04
36041,PA,2025-08-03
36042,MA,2023-12-31
36043,NC,2023-07-25
36044,VA,2025-09-07
36045,CA,2023-04-17
36046,TX,2024-08-19
36047,TX,2026-01-20
36048,TX,2023-02-09
36049,PA,2024-01-31
36050,NC,2025-10-08
36051,TX,2023-11-02
36052,MA,2023-02-12
36053,PA,2025-05-04
36054,FL,2025-10-04
36055,CA,2024-07-30
36056,FL,2023-05-29
36057,GA,2023-03-12
36058,CA,2023-11-17
36059,WA,2024-03-19
36060,VT,2025-02-05
36061,NJ,2024-04-02
36062,MA,2024-11-18
36063,WY,2025-03-03
36064,PA,2025-03-23
36065,WA,2023-04-02
36066,FL,2024-10-14
36067,TX,2023-09-18
36068,MA,2023-05-25
36069,WA,2023-08-27
36070,NY,2025-12-30
36071,WY,2025-06-24
36072,NY,2025-07-07
36073,CA,2024-10-17
36074,FL,2023-11-04
36075,OR,2024-10-28
36076,NJ,2025-02-12
36077,MI,2025-09-28
36078,AL,2026-01-31
36079,TX,2023-10-07
36080,OH,2025-01-24
36081,IL,2024-08-21
36082,FL,2023-05-13
36083,NY,2024-12-11
36084,AZ,2023-03-27
36085,NJ,2024-08-27
36086,CA,2023-02-04
36087,MO,2024-09-01
36088,FL,2023-02-03
36089,GA,2024-04-22
36090,NC,2024-04-10
36091,NH,2024-01-20
36092,MD,2026-02-19
36093,ME,2026-02-23
36094,WA,2025-12-21
36095,SC,2025-12-14
36096,NY,2024-01-09
36097,CA,2023-08-28
36098,CA,2025-03-30
36099,TX,2024-06-21
36100,NY,2025-05-04
36101,CT,2023-02-17
36102,AR,2025-03-23
36103,TX,2024-05-01
36104,MO,2025-03-11
36105,TX,2025-08-17
36106,NE,2025-01-09
36107,TX,2026-02-02
36108,NY,2025-06-06
36109,IL,2023-02-04
36110,NY,2025-05-14
36111,OH,2023-07-24
36112,PA,2024-06-28
36113,NC,2025-06-23
36114,NM,2025-01-13
36115,NY,2023-06-01
36116,IL,2025-12-21
36117,SC,2023-06-17
36118,ME,2025-04-06
36119,WA,2023-03-01
36120,NC,2023-10-06
36121,MN,2023-11-13
36122,IL,2023-02-12
36123,GA,2025-07-10
36124,WA,2026-02-09
36125,MI,2025-07-08
36126,IL,2024-05-21
36127,MO,2025-10-17
36128,MA,2024-04-17
36129,NY,2023-12-26
36130,CA,2025-12-08
36131,CA,2024-07-13
36132,NY,2025-01-08
36133,NJ,2024-12-19
36134,OH,2023-08-14
36135,CA,2024-11-23
36136,CO,2024-01-28
36137,CO,2025-04-08
36138,KS,2023-03-29
36139,CA,2026-01-29
36140,ME,2023-04-09
36141,MA,2024-04-30
36142,CA,2025-12-30
36143,TX,2024-03-03
36144,NC,2023-11-12
36145,SC,2024-04-21
36146,AR,2024-07-20
36147,TX,2023-05-07
36148,FL,2024-07-04
36149,NH,2024-02-29
36150,WA,2025-06-15
36151,RI,2024-01-22
36152,AZ,2025-08-22
36153,PA,2023-05-19
36154,CA,2023-05-12
36155,MD,2023-06-10
36156,MI,2024-02-21
36157,CO,2024-07-10
36158,NE,2023-06-14
36159,OR,2025-05-01
36160,NJ,2023-08-14
36161,ME,2025-01-05
36162,CA,2023-06-27
36163,WA,2023-11-27
36164,NJ,2024-11-18
36165,MA,2025-08-08
36166,TX,2025-06-06
36167,OH,2024-03-26
36168,TX,2024-09-11
36169,OR,2026-01-12
36170,WA,2025-06-10
36171,CA,2023-04-24
36172,WV,2025-03-19
36173,CA,2024-10-01
36174,SC,2026-01-17
36175,TX,2024-10-12
36176,GA,2025-07-10
36177,NH,2024-06-30
36178,MN,2024-09-09
36179,AZ,2025-02-20
36180,TN,2024-02-25
36181,NY,2025-08-29
36182,CA,2023-06-23
36183,CA,2024-08-02
36184,CA,2024-07-05
36185,IL,2024-04-18
36186,VA,2023-06-22
36187,IL,2024-09-15
36188,NC,2023-10-06
36189,NC,2023-08-04
36190,KS,2024-05-24
36191,CA,2024-08-17
36192,HI,2023-04-14
36193,TX,2025-09-17
36194,MA,2025-12-10
36195,OR,2025-02-07
36196,MN,2026-01-05
36197,MI,2024-03-04
36198,CO,2025-10-24
36199,WA,2023-11-07
36200,WA,2026-01-17
36201,TN,2024-10-11
36202,MI,2025-01-31
36203,IN,2023-12-29
36204,AL,2023-01-30
36205,WA,2024-05-31
36206,NY,2024-05-07
36207,MA,2023-09-28
36208,CA,2023-02-17
36209,WA,2023-10-08
36210,TX,2023-10-02
36211,CO,2025-12-18
36212,FL,2023-06-30
36213,NY,2024-04-15
36214,WA,2024-11-09
36215,SC,2025-06-13
36216,CA,2023-04-10
36217,CT,2024-04-06
36218,NY,2023-01-19
36219,KY,2024-06-19
36220,PA,2023-03-31
36221,KS,2024-05-04
36222,PA,2023-02-01
36223,NY,2025-05-23
36224,TX,2024-02-23
36225,OH,2025-01-13
36226,MN,2025-09-28
36227,WI,2026-02-27
36228,WV,2025-01-06
36229,TX,2025-08-27
36230,NJ,2024-11-03
36231,NY,2025-10-13
36232,MI,2025-09-16
36233,CA,2025-09-25
36234,TX,2024-08-03
36235,TX,2023-07-27
36236,WA,2026-01-16
36237,NY,2023-01-26
36238,TX,2024-05-25
36239,OH,2023-06-18
36240,SD,2025-08-25
36241,IL,2024-01-25
36242,IL,2023-07-30
36243,PA,2026-02-04
36244,WA,2025-05-04
36245,MA,2025-04-13
36246,OH,2023-11-13
36247,NC,2025-04-14
36248,TN,2023-11-18
36249,TX,2023-08-12
36250,WA,2025-12-02
36251,TX,2024-09-10
36252,PA,2025-12-21
36253,IN,2025-11-02
36254,PA,2026-01-11
36255,PA,2025-10-01
36256,CA,2025-05-14
36257,NY,2024-08-11
36258,GA,2023-04-05
36259,WI,2024-11-08
36260,WA,2024-10-31
36261,CA,2024-06-14
36262,CO,2025-09-18
36263,ID,2023-06-15
36264,NY,2025-06-12
36265,MN,2024-03-18
36266,PA,2024-07-02
36267,MA,2024-03-25
36268,IL,2025-04-16
36269,CA,2025-12-01
36270,CA,2025-09-05
36271,NY,2023-03-06
36272,CO,2025-09-24
36273,VA,2024-04-17
36274,DE,2023-12-02
36275,AZ,2024-08-28
36276,WA,2025-10-30
36277,IL,2025-03-02
36278,MS,2025-08-12
36279,CA,2023-01-21
36280,TX,2023-06-29
36281,WA,2023-12-25
36282,FL,2026-01-07
36283,FL,2023-05-13
36284,NY,2024-11-06
36285,PA,2024-09-18
36286,TX,2025-10-07
36287,NY,2025-09-28
36288,MA,2025-02-28
36289,IL,2025-09-17
36290,MN,2024-07-17
36291,FL,2023-03-25
36292,MA,2025-03-06
36293,TX,2023-06-01
36294,FL,2023-10-28
36295,PA,2024-01-26
36296,CA,2023-05-10
36297,CA,2024-07-06
36298,TX,2026-01-17
36299,NY,2023-11-26
36300,NY,2023-02-12
36301,CO,2025-12-14
36302,IL,2025-12-10
36303,NY,2024-11-07
36304,CA,2026-02-04
36305,IL,2023-06-26
36306,CA,2023-05-09
36307,CA,2026-01-22
36308,CA,2023-04-06
36309,NJ,2024-11-19
36310,GA,2025-09-05
36311,TX,2025-03-22
36312,FL,2023-12-31
36313,CO,2024-05-30
36314,LA,2024-07-29
36315,HI,2025-04-01
36316,MI,2025-02-03
36317,GA,2024-11-11
36318,NC,2024-06-25
36319,CA,2025-12-30
36320,KY,2025-07-25
36321,MA,2023-03-26
36322,IA,2024-05-12
36323,TX,2023-12-31
36324,TX,2023-11-23
36325,OR,2024-05-06
36326,CA,2024-12-09
36327,TX,2023-07-09
36328,NY,2024-05-16
36329,OR,2026-02-20
36330,PA,2025-01-01
36331,TX,2025-04-13
36332,HI,2023-04-15
36333,MO,2024-08-13
36334,PA,2024-06-08
36335,OH,2025-05-13
36336,IL,2023-10-12
36337,NC,2023-05-18
36338,CT,2023-12-22
36339,CA,2023-03-17
36340,GA,2024-11-28
36341,MO,2025-06-14
36342,NV,2024-02-15
36343,CO,2024-11-28
36344,WA,2025-05-21
36345,CA,2025-12-29
36346,TN,2024-07-10
36347,PA,2024-11-18
36348,IL,2025-07-27
36349,PA,2025-05-14
36350,NC,2023-09-01
36351,NJ,2023-06-05
36352,CA,2025-07-22
36353,ME,2026-01-03
36354,CA,2025-07-06
36355,CA,2025-06-27
36356,GA,2023-04-03
36357,CO,2024-10-07
36358,TX,2023-07-11
36359,VT,2026-02-03
36360,CA,2023-08-19
36361,IL,2023-10-26
36362,TX,2025-08-08
36363,CA,2025-11-17
36364,MO,2023-11-10
36365,PA,2024-06-10
36366,NY,2024-10-25
36367,WA,2023-12-29
36368,TX,2024-01-05
36369,NC,2023-03-31
36370,CO,2024-06-21
36371,VA,2024-09-13
36372,TX,2023-12-17
36373,CA,2024-03-20
36374,VA,2025-09-30
36375,TX,2023-05-09
36376,NC,2026-01-10
36377,TX,2023-07-28
36378,CA,2023-02-15
36379,NY,2024-05-06
36380,FL,2023-01-01
36381,WA,2025-04-16
36382,FL,2025-04-13
36383,NE,2024-04-03
36384,MI,2025-03-08
36385,AZ,2025-06-22
36386,NJ,2023-09-15
36387,FL,2026-01-28
36388,FL,2025-01-24
36389,AZ,2023-01-14
36390,CT,2024-03-05
36391,NY,2025-03-11
36392,CA,2025-05-24
36393,NY,2025-03-08
36394,MD,2025-07-11
36395,VA,2025-06-06
36396,CO,2023-09-26
36397,NY,2024-08-07
36398,WI,2023-03-28
36399,CA,2023-12-17
36400,WA,2024-07-21
36401,AL,2023-08-03
36402,KY,2025-03-27
36403,MA,2025-01-26
36404,LA,2024-11-09
36405,OR,2025-04-02
36406,OH,2025-08-28
36407,NY,2024-03-23
36408,TX,2023-05-16
36409,CA,2025-01-30
36410,GA,2023-09-11
36411,MA,2023-11-25
36412,WI,2024-06-11
36413,TX,2025-04-29
36414,MI,2023-09-21
36415,CO,2025-10-08
36416,WA,2024-01-08
36417,TX,2025-12-19
36418,IN,2024-04-02
36419,NJ,2025-02-18
36420,ID,2024-11-29
36421,CA,2023-07-06
36422,AL,2025-08-27
36423,NC,2025-07-18
36424,CA,2023-02-13
36425,CA,2023-06-15
36426,TX,2023-04-07
36427,IL,2024-12-01
36428,NY,2023-12-06
36429,CT,2023-07-28
36430,MD,2023-02-21
36431,MD,2026-02-02
36432,MN,2025-07-04
36433,TX,2025-08-03
36434,FL,2024-06-07
36435,MN,2025-06-21
36436,TX,2023-08-02
36437,PA,2025-05-03
36438,KY,2025-12-26
36439,NY,2025-08-03
36440,IL,2023-06-18
36441,MD,2023-06-01
36442,NJ,2024-04-18
36443,CA,2023-07-16
36444,OR,2023-01-13
36445,AZ,2025-01-10
36446,VA,2025-06-04
36447,TX,2023-06-11
36448,FL,2024-09-06
36449,AK,2024-10-04
36450,CA,2024-08-30
36451,MA,2024-12-28
36452,AL,2024-10-04
36453,KS,2025-07-08
36454,IL,2025-03-13
36455,TX,2025-12-07
36456,IL,2024-07-08
36457,OR,2025-12-27
36458,WI,2023-08-22
36459,GA,2023-08-29
36460,CA,2025-10-19
36461,GA,2023-06-03
36462,MD,2023-06-08
36463,NC,2023-07-01
36464,IN,2024-07-21
36465,LA,2024-07-18
36466,AL,2024-06-29
36467,MN,2025-12-05
36468,IL,2023-12-06
36469,FL,2025-04-21
36470,IL,2024-07-15
36471,TX,2024-12-09
36472,IA,2024-06-06
36473,LA,2023-08-19
36474,GA,2026-01-14
36475,AL,2024-11-01
36476,TX,2023-11-14
36477,OR,2024-06-18
36478,MI,2023-03-15
36479,GA,2024-06-12
36480,TX,2025-06-12
36481,MN,2023-12-31
36482,PA,2023-09-21
36483,MD,2025-03-27
36484,OH,2023-07-04
36485,MS,2024-11-23
36486,DE,2025-08-15
36487,PA,2024-12-30
36488,CA,2026-02-03
36489,IL,2024-07-20
36490,NV,2023-05-17
36491,WA,2023-12-09
36492,MI,2024-09-03
36493,VT,2023-01-05
36494,GA,2024-09-15
36495,MA,2024-05-12
36496,TX,2023-08-11
36497,NY,2025-08-10
36498,CA,2025-01-06
36499,IL,2024-06-21
36500,WA,2024-12-03
36501,FL,2023-07-13
36502,NY,2025-03-12
36503,CA,2025-10-26
36504,MA,2025-09-23
36505,UT,2025-01-01
36506,NC,2023-08-01
36507,PA,2024-08-09
36508,VA,2025-07-25
36509,CO,2025-04-01
36510,AL,2024-11-06
36511,PA,2025-10-01
36512,WA,2026-01-19
36513,CA,2025-05-01
36514,PA,2024-09-16
36515,WA,2024-10-03
36516,MA,2024-09-04
36517,GA,2024-06-13
36518,FL,2023-01-11
36519,AZ,2024-07-08
36520,FL,2025-02-02
36521,MI,2024-07-04
36522,FL,2025-01-24
36523,MN,2026-01-12
36524,NY,2023-12-03
36525,SD,2023-02-24
36526,KY,2026-01-21
36527,IL,2023-04-18
36528,CA,2025-04-30
36529,CO,2024-02-13
36530,WV,2024-07-02
36531,AL,2025-01-15
36532,IL,2024-08-09
36533,OK,2025-04-29
36534,NJ,2024-05-03
36535,NY,2025-04-01
36536,MD,2023-03-14
36537,SD,2025-07-12
36538,CA,2026-01-19
36539,OK,2025-03-30
36540,OH,2024-03-23
36541,CO,2025-03-16
36542,NJ,2025-04-09
36543,LA,2024-08-02
36544,IL,2023-06-15
36545,PA,2024-03-09
36546,CA,2025-12-20
36547,AR,2023-03-11
36548,NY,2025-05-14
36549,ID,2024-06-26
36550,NM,2023-07-04
36551,CO,2023-05-07
36552,WA,2023-05-20
36553,CA,2023-06-05
36554,MD,2023-11-27
36555,MN,2024-09-23
36556,AL,2025-09-14
36557,AZ,2023-11-17
36558,OH,2023-06-13
36559,TX,2023-05-18
36560,NY,2025-03-22
36561,MA,2023-07-21
36562,NC,2023-03-31
36563,KY,2025-09-20
36564,MO,2024-08-08
36565,NY,2025-03-11
36566,NY,2025-09-12
36567,CA,2024-11-07
36568,CA,2024-10-14
36569,TX,2023-12-24
36570,MS,2024-08-22
36571,CT,2025-09-28
36572,AZ,2025-11-08
36573,CA,2025-04-13
36574,FL,2025-11-19
36575,SC,2025-07-17
36576,AZ,2025-02-02
36577,ND,2023-06-17
36578,IL,2024-10-16
36579,NY,2023-12-22
36580,MI,2023-03-26
36581,CT,2025-05-15
36582,WI,2026-02-01
36583,MA,2026-02-15
36584,GA,2025-11-27
36585,WA,2024-04-27
36586,CA,2024-04-25
36587,TN,2023-05-16
36588,OK,2023-03-17
36589,CA,2023-10-22
36590,CA,2023-11-12
36591,MI,2024-05-11
36592,MO,2025-08-13
36593,FL,2024-09-12
36594,UT,2025-10-14
36595,NY,2023-01-18
36596,CA,2024-03-07
36597,MN,2024-09-07
36598,MN,2023-05-29
36599,MN,2024-03-15
36600,TX,2023-08-07
36601,NY,2023-01-06
36602,SC,2024-11-01
36603,MD,2025-04-18
36604,MI,2025-10-15
36605,FL,2025-06-13
36606,OK,2025-12-20
36607,CT,2023-03-09
36608,NY,2023-09-10
36609,NY,2025-04-08
36610,TX,2025-06-02
36611,TX,2024-09-15
36612,TX,2025-12-26
36613,TX,2024-05-29
36614,TX,2025-10-02
36615,MO,2024-09-06
36616,WA,2023-06-04
36617,TX,2025-04-25
36618,NJ,2024-01-23
36619,GA,2023-01-04
36620,CA,2025-09-11
36621,CA,2024-01-15
36622,OR,2023-02-02
36623,OR,2025-10-31
36624,TX,2024-12-16
36625,NY,2023-07-04
36626,CO,2025-05-05
36627,MA,2025-07-10
36628,TN,2024-11-24
36629,PA,2024-05-26
36630,IL,2024-10-28
36631,MO,2024-04-19
36632,TX,2023-04-12
36633,FL,2023-09-15
36634,MI,2023-03-13
36635,NM,2023-12-26
36636,CA,2025-06-02
36637,FL,2025-09-28
36638,NJ,2023-04-25
36639,OK,2024-07-30
36640,TX,2024-06-30
36641,AZ,2023-11-04
36642,WA,2025-02-25
36643,CA,2024-01-27
36644,MA,2023-03-28
36645,IL,2025-12-02
36646,WA,2025-05-15
36647,AZ,2025-12-28
36648,AL,2023-06-02
36649,WI,2024-04-16
36650,FL,2024-10-25
36651,FL,2024-09-09
36652,NC,2023-10-17
36653,OH,2025-07-26
36654,IL,2025-05-20
36655,UT,2026-02-08
36656,OK,2024-04-21
36657,AL,2024-01-22
36658,MA,2024-04-11
36659,NY,2023-08-16
36660,TX,2025-09-01
36661,CT,2023-03-14
36662,NY,2023-04-07
36663,MA,2023-09-20
36664,OR,2025-10-11
36665,WA,2023-08-11
36666,CA,2024-04-29
36667,CO,2023-09-17
36668,PA,2023-07-10
36669,WA,2023-09-23
36670,FL,2024-07-10
36671,CO,2025-09-08
36672,TN,2023-08-04
36673,TN,2023-05-26
36674,GA,2024-06-06
36675,WI,2025-01-23
36676,MA,2026-02-26
36677,NC,2024-07-18
36678,OR,2024-12-18
36679,WA,2025-11-22
36680,TX,2024-01-26
36681,PA,2023-03-24
36682,MS,2025-11-14
36683,MA,2024-03-28
36684,MA,2026-01-02
36685,TX,2024-03-05
36686,NJ,2024-12-02
36687,MI,2025-05-01
36688,NE,2023-08-06
36689,NC,2024-04-04
36690,TX,2023-06-15
36691,CA,2023-05-25
36692,TX,2024-06-05
36693,MA,2024-04-11
36694,VA,2025-11-26
36695,MN,2024-02-16
36696,WA,2024-11-16
36697,OK,2024-01-21
36698,TX,2025-07-30
36699,CO,2023-02-07
36700,OH,2025-07-07
36701,CA,2023-06-10
36702,CO,2025-12-02
36703,KS,2023-04-28
36704,OR,2024-08-28
36705,MD,2023-07-17
36706,FL,2023-09-08
36707,FL,2025-10-13
36708,GA,2024-04-12
36709,NC,2025-04-11
36710,CA,2026-02-22
36711,WA,2023-04-14
36712,CA,2023-03-14
36713,GA,2023-02-03
36714,IL,2025-07-11
36715,MI,2024-12-20
36716,NY,2024-04-20
36717,TX,2023-12-03
36718,MD,2023-07-16
36719,IL,2025-09-21
36720,FL,2023-04-10
36721,CA,2024-08-28
36722,CA,2023-03-04
36723,WA,2025-10-17
36724,WA,2025-06-28
36725,NC,2023-10-11
36726,IL,2025-05-25
36727,NC,2024-06-21
36728,MT,2024-02-23
36729,AZ,2025-09-17
36730,NC,2024-03-02
36731,CO,2024-11-14
36732,NY,2025-01-20
36733,OH,2023-02-12
36734,ID,2023-05-27
36735,TX,2025-03-27
36736,CA,2024-01-16
36737,OK,2026-02-13
36738,IL,2025-04-23
36739,PA,2025-08-25
36740,OR,2025-12-12
36741,SC,2026-01-26
36742,IL,2025-11-17
36743,MA,2023-08-01
36744,CO,2024-10-18
36745,NY,2025-01-26
36746,CA,2023-09-05
36747,NC,2025-04-29
36748,CA,2025-02-03
36749,NC,2025-08-18
36750,OH,2025-11-25
36751,MD,2023-07-03
36752,VA,2023-03-08
36753,WA,2023-02-02
36754,GA,2023-12-06
36755,CA,2024-11-28
36756,MD,2024-08-18
36757,NC,2025-04-28
36758,TX,2023-02-12
36759,TX,2024-09-10
36760,TX,2024-04-01
36761,AZ,2024-08-24
36762,NC,2023-04-26
36763,MI,2025-06-19
36764,AZ,2023-04-16
36765,MA,2024-11-15
36766,FL,2024-06-18
36767,CO,2025-03-13
36768,AZ,2023-08-29
36769,SC,2023-04-06
36770,WI,2023-05-05
36771,NY,2023-08-22
36772,NV,2024-11-19
36773,NY,2024-08-04
36774,CA,2023-08-21
36775,NY,2023-04-30
36776,CA,2024-09-22
36777,MI,2023-01-22
36778,AL,2025-01-30
36779,PA,2025-06-22
36780,TX,2024-04-19
36781,FL,2024-11-27
36782,AZ,2025-04-18
36783,SC,2023-07-07
36784,NY,2024-02-22
36785,FL,2024-07-06
36786,CA,2024-06-23
36787,WA,2026-01-02
36788,NY,2023-02-05
36789,CA,2024-06-14
36790,CA,2024-11-18
36791,TX,2025-11-04
36792,NY,2026-02-06
36793,NY,2023-05-04
36794,NY,2025-11-07
36795,CA,2023-03-25
36796,NC,2024-12-05
36797,OH,2025-07-06
36798,CA,2024-01-03
36799,NC,2024-01-29
36800,NY,2023-01-20
36801,WA,2025-10-16
36802,NY,2023-04-23
36803,WI,2023-12-23
36804,MN,2025-04-15
36805,MI,2025-02-10
36806,MO,2024-02-17
36807,SC,2025-04-05
36808,CA,2023-02-27
36809,FL,2025-12-13
36810,TX,2024-12-17
36811,NH,2024-02-27
36812,LA,2025-12-16
36813,NY,2023-03-05
36814,CA,2023-10-13
36815,TN,2023-12-08
36816,WA,2024-05-23
36817,WA,2024-06-18
36818,CO,2023-03-22
36819,MI,2024-01-16
36820,NJ,2024-11-24
36821,NY,2024-10-09
36822,VA,2024-02-20
36823,CA,2024-09-10
36824,TN,2023-05-14
36825,NH,2024-12-12
36826,NH,2025-06-04
36827,FL,2024-07-12
36828,FL,2023-08-11
36829,SC,2023-04-25
36830,MA,2023-11-22
36831,DE,2023-07-15
36832,OH,2025-10-11
36833,NC,2025-10-15
36834,NY,2023-09-06
36835,CA,2023-08-14
36836,MA,2023-10-10
36837,TX,2024-03-25
36838,KS,2025-12-13
36839,GA,2025-01-14
36840,IL,2024-05-01
36841,NY,2025-12-15
36842,MI,2023-07-29
36843,ME,2023-11-12
36844,CA,2024-02-04
36845,WI,2026-02-25
36846,ME,2025-02-07
36847,CT,2025-11-01
36848,ND,2023-01-24
36849,WA,2023-05-06
36850,WA,2023-11-27
36851,OR,2023-04-15
36852,WA,2025-12-16
36853,CA,2023-02-02
36854,WA,2026-02-05
36855,TX,2025-09-22
36856,WI,2023-03-06
36857,NY,2026-01-04
36858,IA,2025-12-05
36859,MO,2024-03-25
36860,CA,2025-09-10
36861,TX,2025-08-07
36862,GA,2024-03-09
36863,UT,2024-09-17
36864,CA,2025-10-03
36865,AZ,2024-02-09
36866,WA,2023-05-23
36867,CA,2025-01-28
36868,CA,2023-10-15
36869,IL,2023-03-13
36870,TX,2024-02-11
36871,NY,2024-07-07
36872,PA,2025-02-17
36873,WY,2025-12-03
36874,TX,2025-09-16
36875,TX,2023-10-16
36876,TX,2025-02-19
36877,TX,2025-11-25
36878,CO,2024-06-21
36879,SD,2024-04-02
36880,HI,2026-01-28
36881,CA,2026-02-15
36882,MA,2025-09-06
36883,NY,2024-02-13
36884,CA,2025-11-06
36885,CA,2024-10-05
36886,FL,2023-09-08
36887,AZ,2025-05-28
36888,CA,2023-04-15
36889,CA,2025-04-28
36890,MD,2025-11-30
36891,CA,2024-07-25
36892,CT,2024-04-13
36893,CA,2024-07-08
36894,IN,2024-06-16
36895,PA,2024-09-25
36896,CA,2025-09-04
36897,PA,2024-05-18
36898,TN,2023-05-13
36899,AZ,2025-08-14
36900,TX,2023-08-07
36901,GA,2025-10-05
36902,OR,2024-01-22
36903,MI,2024-11-01
36904,WA,2025-08-08
36905,WA,2023-04-24
36906,CA,2025-04-02
36907,WA,2023-03-01
36908,CA,2025-07-15
36909,TX,2025-01-24
36910,CA,2023-04-25
36911,CA,2023-10-22
36912,CA,2024-09-07
36913,NY,2023-03-21
36914,IN,2025-11-16
36915,MT,2023-09-11
36916,GA,2025-07-26
36917,MD,2024-01-08
36918,PA,2023-12-13
36919,ID,2023-12-10
36920,NV,2023-02-27
36921,PA,2023-08-08
36922,AZ,2025-11-07
36923,ME,2024-03-03
36924,VA,2025-04-21
36925,TX,2024-04-30
36926,NY,2025-08-31
36927,NY,2024-05-17
36928,PA,2024-09-13
36929,KY,2024-12-05
36930,TX,2025-04-28
36931,MA,2025-10-05
36932,PA,2024-10-01
36933,NH,2025-10-30
36934,NH,2024-08-28
36935,MO,2025-03-24
36936,NJ,2023-09-15
36937,NY,2025-05-31
36938,MO,2024-02-08
36939,CO,2025-02-09
36940,NE,2024-07-01
36941,IL,2023-09-18
36942,NE,2025-02-09
36943,NJ,2023-11-22
36944,FL,2025-09-25
36945,TN,2023-08-16
36946,CA,2024-08-22
36947,CA,2026-01-30
36948,SC,2023-01-08
36949,NE,2024-09-05
36950,NJ,2024-09-16
36951,FL,2023-07-27
36952,CT,2025-06-15
36953,MS,2025-12-04
36954,TX,2024-04-02
36955,CT,2024-06-05
36956,CO,2023-12-08
36957,MT,2023-08-20
36958,MN,2023-06-18
36959,NY,2023-09-25
36960,FL,2025-01-18
36961,NY,2025-06-10
36962,MD,2024-08-22
36963,CO,2024-10-27
36964,CA,2023-12-08
36965,WA,2023-04-17
36966,NC,2023-06-08
36967,NC,2024-04-03
36968,IL,2023-03-13
36969,CO,2024-09-24
36970,WA,2023-08-15
36971,NJ,2024-12-29
36972,TX,2024-08-29
36973,TX,2024-08-21
36974,MA,2023-04-12
36975,CO,2026-02-24
36976,TX,2024-08-04
36977,KY,2025-01-04
36978,NY,2023-09-17
36979,GA,2023-10-04
36980,VA,2025-03-20
36981,NY,2024-08-18
36982,VT,2024-04-09
36983,CA,2023-05-14
36984,TX,2025-06-05
36985,FL,2023-03-14
36986,NY,2024-10-13
36987,NY,2023-06-20
36988,CA,2024-11-28
36989,LA,2023-09-04
36990,CA,2023-12-20
36991,FL,2023-02-10
36992,TX,2023-04-22
36993,AL,2024-12-16
36994,TX,2024-04-05
36995,OR,2024-09-30
36996,MD,2023-03-07
36997,MN,2024-04-05
36998,MA,2024-06-29
36999,CO,2024-12-10
37000,IN,2023-02-13
37001,OK,2023-03-16
37002,CA,2024-04-12
37003,NY,2023-01-05
37004,TX,2023-10-28
37005,FL,2024-04-30
37006,GA,2025-08-06
37007,OH,2023-09-08
37008,CA,2024-10-28
37009,FL,2023-03-10
37010,KY,2024-07-13
37011,IL,2023-08-20
37012,IL,2023-11-25
37013,KS,2025-03-03
37014,IL,2025-01-12
37015,WA,2025-02-05
37016,SC,2024-04-23
37017,WA,2025-12-20
37018,NY,2023-03-28
37019,CA,2025-08-24
37020,NY,2024-02-03
37021,FL,2025-01-15
37022,AZ,2024-04-06
37023,VA,2023-12-30
37024,KY,2023-03-22
37025,RI,2024-12-14
37026,WI,2023-04-03
37027,NY,2025-05-23
37028,MA,2023-03-13
37029,NH,2025-12-16
37030,NY,2024-05-21
37031,AZ,2024-12-20
37032,HI,2024-08-21
37033,NY,2024-02-02
37034,WA,2024-04-04
37035,PA,2024-09-12
37036,IL,2023-07-24
37037,NY,2025-09-02
37038,IL,2023-04-07
37039,CA,2024-04-16
37040,NJ,2023-09-22
37041,WA,2023-09-26
37042,OR,2025-07-29
37043,PA,2023-09-21
37044,FL,2025-04-03
37045,PA,2025-10-12
37046,TX,2023-01-07
37047,IN,2026-02-25
37048,HI,2024-02-03
37049,VT,2023-07-03
37050,NE,2024-09-07
37051,IL,2026-01-12
37052,CO,2024-03-15
37053,PA,2025-03-15
37054,FL,2023-04-03
37055,IL,2025-02-27
37056,UT,2024-04-21
37057,MD,2023-12-27
37058,VA,2023-04-21
37059,MS,2023-11-04
37060,CA,2024-02-21
37061,TX,2023-03-18
37062,CA,2025-01-15
37063,MA,2024-08-29
37064,PA,2025-12-05
37065,MD,2023-08-03
37066,CA,2025-04-18
37067,TX,2024-03-16
37068,NC,2025-02-26
37069,VA,2024-08-02
37070,CA,2024-09-30
37071,OR,2024-05-08
37072,RI,2024-06-09
37073,MA,2023-05-31
37074,TX,2024-11-22
37075,MD,2025-06-09
37076,NH,2025-09-05
37077,CO,2024-12-25
37078,MN,2025-09-06
37079,CA,2023-01-09
37080,WI,2025-02-14
37081,WA,2023-07-22
37082,SC,2023-09-20
37083,CA,2025-10-05
37084,AL,2026-01-20
37085,MD,2024-07-18
37086,IN,2024-06-10
37087,FL,2025-11-26
37088,MN,2025-09-06
37089,SD,2024-10-23
37090,WA,2024-07-01
37091,MD,2023-04-04
37092,TX,2025-05-14
37093,MA,2024-04-20
37094,WA,2023-06-15
37095,MI,2025-11-29
37096,NJ,2025-12-23
37097,FL,2025-09-23
37098,CO,2024-01-17
37099,GA,2024-03-22
37100,OR,2023-10-02
37101,FL,2026-01-06
37102,OH,2023-05-05
37103,CA,2024-06-04
37104,TX,2026-02-24
37105,SC,2023-08-04
37106,FL,2026-02-03
37107,NM,2024-12-25
37108,GA,2024-08-19
37109,TX,2023-02-26
37110,NY,2025-01-13
37111,NC,2024-09-05
37112,CA,2023-06-21
37113,IN,2026-02-02
37114,NY,2023-01-06
37115,NJ,2025-11-23
37116,MA,2025-07-09
37117,MA,2024-06-22
37118,MN,2024-05-31
37119,PA,2024-04-16
37120,RI,2024-07-09
37121,IA,2025-05-15
37122,MI,2024-08-27
37123,OH,2023-09-04
37124,PA,2025-02-11
37125,NJ,2023-11-13
37126,WA,2025-01-23
37127,NY,2026-01-03
37128,MI,2023-08-28
37129,NY,2023-05-16
37130,NC,2023-08-15
37131,WA,2024-04-03
37132,GA,2025-06-10
37133,GA,2025-01-24
37134,OR,2025-07-27
37135,WA,2026-01-14
37136,TX,2025-07-25
37137,VA,2026-02-09
37138,OH,2023-03-10
37139,WI,2025-09-20
37140,TX,2023-10-13
37141,CA,2023-05-31
37142,LA,2024-03-16
37143,NC,2025-07-09
37144,TX,2025-11-18
37145,IN,2024-08-19
37146,NY,2025-01-10
37147,OR,2024-11-15
37148,PA,2024-07-06
37149,MN,2024-12-13
37150,MA,2024-01-10
37151,FL,2024-03-06
37152,FL,2024-09-03
37153,CO,2025-07-04
37154,PA,2024-05-08
37155,ND,2024-07-30
37156,FL,2023-07-21
37157,FL,2024-02-17
37158,ND,2023-08-08
37159,CA,2025-03-22
37160,CT,2025-07-15
37161,WA,2024-09-08
37162,TX,2023-09-08
37163,NY,2025-09-01
37164,NH,2025-01-18
37165,MA,2024-12-15
37166,MA,2025-12-13
37167,CA,2024-03-13
37168,NY,2024-06-01
37169,OR,2025-05-25
37170,AZ,2025-03-07
37171,WA,2025-12-02
37172,ME,2024-12-07
37173,MA,2025-10-06
37174,WA,2023-09-05
37175,WA,2025-02-19
37176,NM,2023-07-07
37177,MD,2023-09-28
37178,NY,2024-09-17
37179,OR,2023-04-04
37180,GA,2024-11-24
37181,WA,2024-05-22
37182,CA,2025-09-14
37183,AZ,2023-10-22
37184,OR,2024-04-24
37185,NC,2025-11-09
37186,TX,2025-01-31
37187,TX,2024-02-23
37188,WA,2024-02-20
37189,CO,2024-06-12
37190,IN,2024-10-22
37191,NY,2024-10-24
37192,CO,2023-04-25
37193,WA,2025-05-08
37194,TX,2023-06-29
37195,NY,2024-10-09
37196,MO,2024-09-02
37197,NH,2023-11-21
37198,AL,2023-07-09
37199,WA,2025-08-18
37200,MA,2024-12-28
37201,MN,2024-11-02
37202,NJ,2025-04-02
37203,TX,2023-08-24
37204,CA,2025-01-10
37205,NY,2024-07-31
37206,MA,2024-04-04
37207,MA,2025-01-03
37208,MD,2025-11-04
37209,FL,2024-04-15
37210,NY,2025-06-02
37211,TX,2025-04-08
37212,CA,2024-11-01
37213,MA,2023-09-08
37214,NC,2026-02-18
37215,PA,2024-11-13
37216,UT,2023-10-06
37217,CA,2025-09-27
37218,OH,2023-03-24
37219,WA,2025-05-26
37220,MI,2025-05-25
37221,NY,2023-08-10
37222,TX,2024-10-09
37223,MA,2025-12-21
37224,PA,2024-02-02
37225,AR,2023-05-11
37226,MA,2023-07-25
37227,CA,2025-10-16
37228,NY,2025-05-30
37229,FL,2025-07-27
37230,MS,2023-06-18
37231,OH,2023-06-04
37232,TX,2026-01-20
37233,MA,2023-01-05
37234,CO,2024-11-13
37235,OK,2025-10-30
37236,LA,2024-07-28
37237,MN,2025-02-15
37238,CA,2026-01-12
37239,KY,2025-05-28
37240,CA,2025-11-18
37241,VA,2023-08-01
37242,NC,2024-04-15
37243,NJ,2023-08-09
37244,FL,2025-02-21
37245,MS,2023-02-04
37246,RI,2023-03-02
37247,FL,2025-04-05
37248,TX,2025-08-16
37249,NY,2024-09-03
37250,TX,2024-12-15
37251,MI,2024-11-30
37252,TX,2024-02-08
37253,CA,2024-03-23
37254,IL,2024-10-15
37255,FL,2023-05-21
37256,PA,2023-09-14
37257,TX,2024-05-17
37258,MA,2024-01-05
37259,MA,2024-11-04
37260,MA,2025-12-11
37261,FL,2023-11-22
37262,PA,2025-12-17
37263,FL,2023-10-10
37264,WA,2025-12-16
37265,NV,2024-01-15
37266,AZ,2025-05-31
37267,CA,2025-10-29
37268,MA,2024-08-13
37269,WA,2024-10-24
37270,NM,2025-04-06
37271,NY,2023-10-05
37272,MA,2024-02-11
37273,IL,2023-03-25
37274,MA,2024-03-11
37275,IL,2023-05-25
37276,CA,2025-01-14
37277,PA,2023-05-31
37278,FL,2024-07-02
37279,MA,2025-04-15
37280,MA,2023-07-20
37281,TX,2024-05-23
37282,CA,2023-12-28
37283,CO,2024-06-13
37284,RI,2023-06-12
37285,MA,2023-10-06
37286,UT,2023-12-17
37287,NY,2023-07-31
37288,FL,2025-04-23
37289,MS,2024-05-22
37290,NY,2024-04-29
37291,NY,2025-08-02
37292,NY,2025-10-14
37293,MT,2025-01-24
37294,CO,2024-12-08
37295,WA,2024-06-10
37296,MD,2025-06-08
37297,OH,2024-04-03
37298,CA,2025-04-03
37299,TX,2026-01-25
37300,OH,2025-11-03
37301,NC,2024-11-08
37302,CA,2024-09-07
37303,CA,2026-02-27
37304,MA,2023-01-04
37305,CA,2024-10-20
37306,MN,2023-07-09
37307,NC,2025-08-25
37308,TX,2023-05-08
37309,FL,2024-03-31
37310,TX,2023-03-19
37311,WA,2024-03-09
37312,NC,2024-09-17
37313,ID,2026-02-22
37314,MA,2023-07-31
37315,WA,2023-07-12
37316,FL,2023-08-15
37317,PA,2023-12-06
37318,MA,2025-10-06
37319,SC,2024-11-09
37320,MO,2024-02-17
37321,MI,2023-07-05
37322,OR,2023-11-19
37323,NV,2025-04-18
37324,OH,2024-08-11
37325,CA,2024-05-23
37326,WA,2023-03-16
37327,RI,2023-12-06
37328,SC,2023-11-15
37329,CA,2023-08-27
37330,CO,2024-05-24
37331,NY,2025-03-05
37332,IL,2024-03-29
37333,NM,2025-12-17
37334,CA,2024-12-25
37335,IL,2025-09-04
37336,CA,2025-06-15
37337,MT,2023-08-30
37338,GA,2023-03-17
37339,CO,2023-12-14
37340,FL,2025-07-08
37341,WY,2023-05-22
37342,OK,2025-06-28
37343,WA,2025-02-12
37344,CA,2023-04-23
37345,MA,2024-05-07
37346,IL,2023-12-16
37347,FL,2025-02-03
37348,FL,2025-03-01
37349,NJ,2025-11-08
37350,CO,2023-08-05
37351,NJ,2024-10-03
37352,FL,2024-12-14
37353,FL,2024-02-15
37354,FL,2024-05-25
37355,WA,2023-04-18
37356,NY,2023-04-15
37357,MA,2023-10-16
37358,WA,2024-12-23
37359,NY,2024-09-22
37360,NY,2023-10-17
37361,NE,2023-01-20
37362,FL,2023-11-14
37363,ND,2023-01-02
37364,OH,2023-08-04
37365,MN,2023-09-10
37366,WV,2023-08-11
37367,NC,2024-09-21
37368,IL,2023-03-09
37369,CO,2023-08-14
37370,IL,2023-12-05
37371,IN,2024-01-03
37372,CA,2024-10-21
37373,MA,2025-10-19
37374,IL,2023-12-25
37375,CA,2024-02-17
37376,MA,2024-02-03
37377,VA,2025-09-06
37378,NC,2024-06-27
37379,WI,2024-10-14
37380,CA,2024-06-11
37381,WA,2023-09-06
37382,OR,2023-07-03
37383,UT,2023-02-22
37384,CA,2023-03-23
37385,CA,2026-01-13
37386,MI,2024-12-19
37387,GA,2024-12-14
37388,NJ,2024-07-24
37389,NE,2025-05-16
37390,CA,2025-11-14
37391,CA,2024-08-08
37392,KS,2025-10-23
37393,IL,2025-05-03
37394,CA,2024-09-05
37395,WA,2023-07-13
37396,TX,2025-05-21
37397,TX,2025-04-09
37398,FL,2024-11-23
37399,OR,2025-09-18
37400,WA,2026-01-19
37401,CA,2024-10-14
37402,OR,2024-04-29
37403,MD,2025-11-18
37404,AR,2023-04-15
37405,NY,2025-11-14
37406,FL,2024-05-08
37407,CA,2023-04-09
37408,WI,2024-08-06
37409,NY,2023-07-18
37410,UT,2025-08-13
37411,CA,2024-11-27
37412,WA,2024-03-11
37413,CA,2025-10-24
37414,IL,2023-06-24
37415,CA,2023-12-07
37416,NY,2025-10-18
37417,NJ,2023-06-19
37418,NC,2024-11-18
37419,CA,2025-01-09
37420,CA,2024-12-01
37421,SC,2024-03-21
37422,NY,2025-08-08
37423,OR,2025-07-21
37424,CA,2025-09-24
37425,SC,2024-07-24
37426,VT,2025-08-19
37427,CA,2023-10-25
37428,TX,2024-05-24
37429,TX,2023-06-08
37430,NY,2025-02-25
37431,IN,2024-09-25
37432,TX,2025-09-01
37433,NY,2024-11-23
37434,CA,2023-05-06
37435,OR,2026-02-07
37436,NV,2024-03-24
37437,WA,2024-09-25
37438,NJ,2023-01-10
37439,TN,2025-10-15
37440,PA,2025-11-06
37441,AL,2024-12-15
37442,OH,2025-08-29
37443,FL,2025-10-23
37444,TX,2025-07-06
37445,WA,2025-04-03
37446,ME,2025-03-04
37447,AZ,2023-06-27
37448,NY,2024-08-21
37449,WV,2025-09-02
37450,OH,2023-11-13
37451,FL,2023-09-10
37452,MN,2023-01-03
37453,PA,2023-02-20
37454,MN,2025-04-01
37455,MA,2024-10-28
37456,UT,2025-02-18
37457,TX,2024-02-29
37458,WA,2023-04-30
37459,MA,2024-08-23
37460,SD,2024-09-09
37461,NY,2024-02-21
37462,PA,2024-06-26
37463,TX,2023-06-13
37464,MI,2023-05-14
37465,CT,2024-09-26
37466,UT,2025-08-13
37467,CO,2026-01-18
37468,PA,2023-03-13
37469,NY,2023-12-25
37470,IL,2024-07-02
37471,CA,2023-04-11
37472,FL,2023-01-30
37473,PA,2024-12-19
37474,NY,2025-09-21
37475,VA,2024-06-04
37476,TX,2025-04-16
37477,CA,2023-09-06
37478,CA,2024-05-26
37479,ND,2023-04-22
37480,CO,2025-11-07
37481,OH,2026-01-08
37482,IN,2025-06-19
37483,GA,2024-12-07
37484,NM,2023-07-18
37485,CA,2026-02-13
37486,GA,2024-06-27
37487,TX,2023-08-11
37488,NC,2023-03-29
37489,KY,2025-08-22
37490,CA,2023-11-24
37491,DE,2025-04-01
37492,CT,2023-04-13
37493,CA,2025-09-24
37494,TX,2023-10-25
37495,NJ,2024-11-05
37496,TX,2025-06-05
37497,TX,2023-07-08
37498,MO,2024-01-06
37499,AZ,2025-04-07
37500,TX,2023-09-07
37501,TX,2023-08-14
37502,MO,2023-05-04
37503,CO,2023-11-01
37504,SC,2025-03-01
37505,CA,2025-03-13
37506,CO,2024-02-02
37507,GA,2023-01-03
37508,OR,2023-11-27
37509,PA,2023-01-10
37510,AZ,2024-08-01
37511,TX,2024-11-11
37512,CA,2023-07-16
37513,NY,2024-03-17
37514,TX,2023-01-15
37515,NC,2026-02-19
37516,FL,2024-09-17
37517,WA,2023-01-06
37518,NE,2024-05-30
37519,OH,2024-11-15
37520,WA,2025-04-12
37521,NY,2025-12-15
37522,MA,2025-08-16
37523,MS,2025-11-04
37524,TX,2023-04-01
37525,NJ,2024-12-17
37526,CA,2023-08-27
37527,TX,2024-06-04
37528,NY,2023-07-04
37529,NY,2023-07-14
37530,WI,2025-11-28
37531,TX,2025-11-29
37532,NY,2023-01-16
37533,CO,2026-01-09
37534,NC,2024-11-23
37535,FL,2023-03-06
37536,MN,2026-02-12
37537,PA,2023-10-12
37538,NY,2023-05-26
37539,CO,2023-09-24
37540,AZ,2024-10-21
37541,OR,2025-01-05
37542,TX,2025-10-06
37543,WA,2025-09-08
37544,CA,2024-02-03
37545,PA,2023-10-18
37546,NY,2023-03-21
37547,PA,2024-01-07
37548,AL,2025-10-08
37549,GA,2025-04-03
37550,NC,2025-08-30
37551,WY,2023-02-19
37552,CO,2023-05-01
37553,CA,2025-10-04
37554,TX,2024-04-02
37555,PA,2023-08-14
37556,TX,2023-10-05
37557,CA,2025-09-15
37558,OR,2023-01-04
37559,PA,2025-07-07
37560,FL,2023-05-31
37561,NY,2023-01-06
37562,OR,2025-07-10
37563,MA,2025-08-12
37564,TX,2023-03-26
37565,VA,2024-02-22
37566,OH,2023-06-03
37567,MO,2024-12-14
37568,NY,2024-12-06
37569,FL,2024-01-08
37570,TX,2025-12-30
37571,MN,2025-06-22
37572,PA,2023-02-27
37573,GA,2025-02-07
37574,NY,2023-08-09
37575,AZ,2023-08-26
37576,NY,2025-04-30
37577,MA,2024-12-02
37578,FL,2024-01-29
37579,SC,2025-09-23
37580,WA,2023-12-15
37581,IL,2023-11-18
37582,OR,2025-06-13
37583,WI,2025-02-15
37584,NC,2025-04-07
37585,GA,2023-05-06
37586,WA,2025-10-02
37587,CO,2024-01-09
37588,IN,2024-07-08
37589,IN,2024-12-15
37590,NJ,2025-03-28
37591,MO,2026-01-16
37592,FL,2024-06-13
37593,IL,2023-03-18
37594,FL,2023-10-17
37595,MA,2025-04-30
37596,PA,2023-04-29
37597,OR,2023-08-06
37598,TX,2024-12-25
37599,MA,2025-06-23
37600,OH,2025-03-26
37601,MA,2025-11-01
37602,PA,2026-02-10
37603,IL,2023-11-16
37604,TX,2023-01-26
37605,TX,2024-01-26
37606,NY,2023-02-24
37607,CA,2023-05-31
37608,OR,2024-04-07
37609,MS,2025-07-01
37610,TX,2025-07-23
37611,MN,2024-05-25
37612,MD,2025-02-11
37613,WA,2024-02-08
37614,WA,2023-12-29
37615,CT,2025-12-30
37616,SC,2025-05-11
37617,VA,2026-01-22
37618,KY,2024-12-19
37619,GA,2024-04-19
37620,GA,2025-02-08
37621,TX,2023-08-16
37622,NY,2023-12-13
37623,CA,2025-03-18
37624,VA,2023-08-05
37625,CA,2024-07-01
37626,KS,2024-12-24
37627,CA,2025-10-10
37628,FL,2023-10-01
37629,NY,2023-04-25
37630,MA,2023-07-22
37631,NY,2024-06-01
37632,FL,2026-02-22
37633,PA,2023-11-04
37634,PA,2025-07-01
37635,FL,2025-06-13
37636,OH,2023-03-07
37637,TX,2025-08-10
37638,PA,2023-07-27
37639,TX,2023-10-05
37640,FL,2024-09-16
37641,MN,2023-05-19
37642,CA,2024-11-06
37643,CA,2023-11-28
37644,GA,2024-06-30
37645,OR,2025-12-02
37646,HI,2025-06-07
37647,WA,2024-11-11
37648,OH,2025-04-11
37649,CO,2023-09-28
37650,AZ,2023-10-27
37651,NY,2025-12-01
37652,PA,2024-11-29
37653,GA,2023-10-12
37654,MN,2025-07-25
37655,NY,2023-09-19
37656,OR,2025-09-22
37657,NY,2023-07-13
37658,MD,2023-03-22
37659,AL,2024-02-15
37660,NY,2024-12-30
37661,ND,2025-01-25
37662,TX,2026-01-31
37663,CA,2025-05-04
37664,CA,2023-02-20
37665,KY,2023-02-09
37666,FL,2025-02-07
37667,AZ,2025-07-09
37668,OR,2023-08-11
37669,NY,2024-06-01
37670,VA,2024-08-29
37671,NY,2024-01-16
37672,KY,2023-09-29
37673,CO,2023-05-26
37674,IA,2024-03-09
37675,CO,2025-04-19
37676,WA,2023-08-17
37677,NY,2025-01-12
37678,RI,2024-03-29
37679,MA,2023-12-29
37680,NY,2024-01-29
37681,AZ,2024-07-23
37682,FL,2024-11-12
37683,CT,2025-01-08
37684,WA,2025-11-17
37685,GA,2024-08-23
37686,CA,2024-08-26
37687,PA,2026-01-01
37688,VT,2023-11-09
37689,NJ,2026-01-08
37690,CA,2025-11-18
37691,FL,2025-01-16
37692,NJ,2024-10-24
37693,CA,2023-02-26
37694,IL,2024-05-09
37695,WA,2025-09-26
37696,CO,2023-05-27
37697,MO,2023-08-17
37698,SC,2025-05-03
37699,CA,2023-11-28
37700,WA,2025-02-14
37701,CA,2024-03-17
37702,NY,2025-09-27
37703,AL,2024-02-15
37704,PA,2023-08-01
37705,FL,2023-04-19
37706,NY,2024-06-28
37707,TN,2026-01-30
37708,WA,2024-11-16
37709,WA,2024-02-25
37710,VA,2025-06-07
37711,CA,2024-09-30
37712,CA,2025-01-03
37713,TX,2024-02-16
37714,WA,2026-01-22
37715,AL,2024-04-28
37716,MN,2025-02-09
37717,FL,2025-03-30
37718,PA,2023-02-13
37719,SD,2023-02-27
37720,TX,2024-08-29
37721,UT,2024-01-25
37722,PA,2025-02-25
37723,OR,2025-10-25
37724,TN,2024-03-10
37725,CA,2023-05-03
37726,AZ,2025-10-10
37727,IA,2024-09-17
37728,MI,2025-08-09
37729,GA,2025-01-28
37730,VA,2025-05-25
37731,OH,2023-01-18
37732,GA,2024-11-15
37733,CO,2024-05-25
37734,CO,2024-12-22
37735,NH,2023-09-01
37736,WA,2023-01-09
37737,MS,2025-06-16
37738,CA,2023-05-02
37739,CA,2024-04-24
37740,CA,2025-05-01
37741,AZ,2025-04-19
37742,OH,2026-02-06
37743,MI,2025-04-15
37744,MD,2025-05-06
37745,CA,2024-06-26
37746,NY,2026-02-19
37747,PA,2023-10-02
37748,NY,2023-03-12
37749,OR,2025-05-11
37750,MA,2025-11-08
37751,WA,2026-01-21
37752,GA,2025-12-12
37753,UT,2025-10-18
37754,NY,2025-09-18
37755,MD,2024-08-09
37756,CA,2024-07-11
37757,TX,2026-03-01
37758,LA,2024-10-03
37759,FL,2024-11-09
37760,MN,2023-04-01
37761,OR,2025-07-03
37762,MD,2026-02-19
37763,NY,2023-12-25
37764,PA,2024-12-05
37765,ID,2026-02-11
37766,CO,2024-02-23
37767,MA,2024-06-06
37768,CA,2023-07-06
37769,CA,2026-01-06
37770,NC,2025-03-21
37771,GA,2025-05-06
37772,TX,2024-12-27
37773,IL,2023-01-05
37774,WA,2025-03-10
37775,MA,2023-10-30
37776,CA,2023-03-31
37777,OH,2024-07-15
37778,WA,2023-12-21
37779,KY,2023-07-21
37780,VA,2025-08-11
37781,ID,2026-01-23
37782,WA,2024-11-25
37783,MA,2025-04-05
37784,CA,2025-10-09
37785,MO,2024-03-05
37786,MN,2024-12-22
37787,CA,2024-12-02
37788,VA,2023-04-24
37789,TX,2024-06-15
37790,TX,2024-05-19
37791,MN,2025-05-13
37792,WV,2025-11-19
37793,WA,2024-01-22
37794,GA,2025-08-25
37795,NY,2023-02-23
37796,WI,2024-11-17
37797,FL,2025-09-05
37798,HI,2025-01-31
37799,CA,2023-01-10
37800,AK,2023-05-15
37801,OH,2024-07-26
37802,TX,2024-06-09
37803,NC,2023-09-15
37804,CA,2024-03-19
37805,MI,2023-10-28
37806,FL,2025-11-15
37807,AL,2025-10-11
37808,FL,2025-08-21
37809,GA,2025-11-28
37810,WY,2025-09-26
37811,NY,2024-09-19
37812,AL,2023-07-20
37813,CA,2024-01-16
37814,NJ,2024-10-28
37815,MN,2025-05-17
37816,CA,2026-02-12
37817,NV,2023-10-30
37818,IN,2023-05-22
37819,LA,2024-06-11
37820,NJ,2025-11-18
37821,CA,2023-09-17
37822,NJ,2025-08-18
37823,CA,2023-04-24
37824,CA,2023-01-08
37825,MA,2023-09-12
37826,NY,2023-03-25
37827,NY,2025-10-16
37828,WA,2025-11-05
37829,OH,2023-04-06
37830,CA,2023-05-02
37831,CA,2023-08-14
37832,NY,2023-01-29
37833,TX,2024-08-10
37834,CA,2026-02-16
37835,NV,2023-02-03
37836,OH,2025-12-10
37837,CO,2023-05-13
37838,NC,2024-06-11
37839,CA,2023-07-03
37840,CA,2026-01-12
37841,PA,2025-06-14
37842,MA,2025-09-11
37843,MA,2024-08-26
37844,MD,2025-03-13
37845,NE,2025-12-21
37846,FL,2023-02-02
37847,TX,2024-05-07
37848,CO,2023-05-23
37849,IN,2023-05-03
37850,OH,2026-02-12
37851,IL,2024-08-14
37852,MD,2025-01-23
37853,KY,2023-12-31
37854,NJ,2023-09-21
37855,MA,2023-03-29
37856,FL,2024-04-04
37857,OR,2025-12-11
37858,OH,2023-11-28
37859,OH,2025-06-06
37860,KS,2025-11-25
37861,NY,2023-04-09
37862,FL,2025-12-28
37863,MO,2023-05-21
37864,NY,2024-05-08
37865,FL,2025-10-11
37866,ME,2023-01-08
37867,MI,2025-04-24
37868,OR,2025-05-03
37869,WV,2026-02-07
37870,WA,2025-05-05
37871,MN,2024-02-18
37872,CO,2025-06-27
37873,KS,2025-10-28
37874,NY,2025-08-22
37875,NY,2023-12-29
37876,AZ,2024-01-11
37877,PA,2023-10-05
37878,IL,2024-05-18
37879,NY,2023-03-20
37880,MA,2024-11-30
37881,IL,2024-10-21
37882,CA,2023-04-05
37883,WA,2024-03-28
37884,CA,2024-09-25
37885,OR,2024-11-07
37886,VT,2023-08-10
37887,WI,2025-02-09
37888,CO,2024-08-09
37889,CA,2025-01-03
37890,OR,2024-08-27
37891,CO,2024-03-05
37892,PA,2023-05-01
37893,WA,2025-11-23
37894,NY,2023-05-10
37895,MS,2024-09-03
37896,AL,2025-06-02
37897,WA,2025-11-25
37898,NV,2023-06-17
37899,NY,2023-07-25
37900,CO,2025-03-04
37901,FL,2023-03-16
37902,GA,2026-01-18
37903,PA,2024-09-24
37904,NE,2023-03-16
37905,OR,2023-05-17
37906,CA,2025-07-06
37907,CA,2023-09-18
37908,TX,2024-09-01
37909,MA,2025-03-08
37910,CA,2024-08-08
37911,LA,2023-08-04
37912,NC,2025-02-23
37913,TX,2023-12-30
37914,CA,2023-03-08
37915,TN,2023-08-19
37916,OH,2024-01-18
37917,TX,2023-08-23
37918,NC,2023-06-03
37919,NY,2025-11-01
37920,MA,2025-11-26
37921,NY,2023-01-12
37922,GA,2023-06-23
37923,NY,2023-06-04
37924,KS,2025-04-25
37925,MI,2024-06-02
37926,WA,2025-09-28
37927,FL,2023-08-24
37928,CA,2025-11-27
37929,TX,2023-10-25
37930,TX,2023-05-03
37931,CO,2023-10-25
37932,CO,2025-01-27
37933,WA,2025-05-24
37934,OR,2025-11-30
37935,TX,2026-02-05
37936,NY,2026-02-02
37937,NJ,2023-12-04
37938,OR,2025-09-16
37939,UT,2023-05-01
37940,PA,2025-02-19
37941,MN,2025-05-03
37942,PA,2025-07-29
37943,NC,2024-06-27
37944,MO,2024-02-28
37945,IL,2026-01-23
37946,WI,2026-02-03
37947,FL,2025-09-20
37948,MI,2025-05-30
37949,WA,2023-11-22
37950,IL,2025-08-13
37951,PA,2023-10-18
37952,CA,2023-11-27
37953,MI,2025-06-30
37954,FL,2023-11-12
37955,MO,2025-12-01
37956,TX,2024-11-02
37957,SC,2023-10-06
37958,GA,2023-06-09
37959,MN,2025-05-19
37960,PA,2023-06-05
37961,PA,2025-07-17
37962,FL,2025-01-13
37963,TX,2024-11-12
37964,IL,2023-10-12
37965,NY,2025-01-24
37966,KS,2023-12-24
37967,NY,2024-09-17
37968,VA,2025-05-27
37969,AZ,2023-09-25
37970,PA,2025-08-05
37971,MA,2025-07-05
37972,NY,2026-01-19
37973,NE,2025-08-20
37974,TX,2023-12-23
37975,VA,2025-08-02
37976,CA,2025-10-18
37977,CO,2023-11-14
37978,MS,2025-05-01
37979,CA,2025-10-16
37980,OR,2023-10-29
37981,TX,2024-08-06
37982,IL,2024-09-10
37983,MD,2025-09-14
37984,PA,2025-12-09
37985,MD,2023-12-27
37986,TX,2024-05-28
37987,MI,2025-08-17
37988,FL,2025-12-25
37989,PA,2025-05-19
37990,GA,2023-08-03
37991,NE,2023-05-18
37992,AK,2025-05-26
37993,CA,2025-05-09
37994,NJ,2024-01-19
37995,AR,2024-04-23
37996,MA,2023-01-02
37997,NC,2025-03-30
37998,NJ,2023-05-22
37999,VA,2023-01-28
38000,MA,2023-09-14
38001,WA,2025-08-12
38002,TX,2025-10-06
38003,GA,2025-09-23
38004,TX,2026-01-13
38005,WA,2025-02-23
38006,CA,2024-03-13
38007,NC,2024-04-23
38008,FL,2025-10-16
38009,NC,2024-02-24
38010,WA,2025-02-20
38011,NY,2024-04-19
38012,FL,2025-05-17
38013,OH,2023-09-03
38014,TN,2024-06-17
38015,MD,2025-01-05
38016,IL,2023-12-13
38017,HI,2023-08-18
38018,IL,2024-12-09
38019,NY,2025-10-18
38020,UT,2025-03-13
38021,NY,2023-06-06
38022,OK,2023-07-21
38023,CT,2023-03-30
38024,MD,2023-06-19
38025,MN,2024-05-22
38026,TX,2024-05-03
38027,TX,2023-10-27
38028,WA,2025-10-10
38029,NJ,2023-03-18
38030,OR,2023-07-07
38031,FL,2025-02-01
38032,TX,2025-06-18
38033,FL,2024-10-04
38034,CO,2024-04-22
38035,NC,2025-11-12
38036,GA,2025-11-26
38037,NY,2023-01-18
38038,AZ,2025-05-09
38039,IL,2025-07-22
38040,NV,2023-03-13
38041,WA,2024-03-31
38042,FL,2025-10-19
38043,MI,2023-04-29
38044,PA,2024-04-21
38045,MN,2024-08-03
38046,FL,2025-06-25
38047,AL,2025-08-15
38048,CO,2025-07-01
38049,CO,2026-01-05
38050,AZ,2023-10-03
38051,NC,2023-04-02
38052,IL,2024-01-03
38053,PA,2024-06-13
38054,GA,2024-05-07
38055,DE,2025-07-13
38056,MD,2023-04-12
38057,PA,2023-09-28
38058,CA,2023-11-03
38059,MT,2024-01-22
38060,NM,2023-10-04
38061,CT,2025-08-14
38062,TX,2023-09-16
38063,CA,2025-08-03
38064,MA,2024-06-03
38065,GA,2025-02-09
38066,MI,2024-04-03
38067,NY,2025-05-29
38068,CA,2025-07-17
38069,TX,2024-06-14
38070,IL,2025-08-03
38071,NC,2026-01-13
38072,MA,2025-11-11
38073,NC,2023-08-23
38074,MA,2025-04-29
38075,OH,2024-01-25
38076,CA,2026-02-26
38077,WA,2024-04-08
38078,CO,2024-06-24
38079,AL,2023-01-29
38080,MD,2023-05-13
38081,FL,2024-06-17
38082,MA,2024-10-09
38083,AL,2023-03-23
38084,SC,2025-05-25
38085,CA,2025-10-04
38086,FL,2025-08-31
38087,KY,2026-01-19
38088,CA,2024-10-25
38089,IL,2026-01-04
38090,MI,2024-05-02
38091,IL,2024-03-09
38092,CA,2024-03-04
38093,UT,2026-01-18
38094,MA,2024-07-30
38095,FL,2024-03-22
38096,TX,2023-05-19
38097,NY,2023-02-11
38098,CT,2023-08-24
38099,FL,2023-12-14
38100,IL,2023-07-17
38101,CO,2023-03-03
38102,AL,2025-11-23
38103,TX,2025-10-13
38104,CO,2024-01-08
38105,WA,2025-04-01
38106,CA,2024-02-15
38107,IL,2024-11-09
38108,CA,2023-08-09
38109,ND,2024-07-28
38110,CO,2025-09-13
38111,IL,2024-07-07
38112,NM,2025-01-30
38113,OK,2023-04-20
38114,NY,2023-07-16
38115,NY,2025-06-02
38116,GA,2025-08-06
38117,MD,2024-01-19
38118,NY,2024-03-28
38119,VA,2023-04-17
38120,FL,2023-01-05
38121,OR,2023-05-17
38122,TX,2025-03-03
38123,FL,2023-06-15
38124,MO,2025-12-24
38125,MN,2024-02-19
38126,FL,2024-01-15
38127,MS,2026-02-25
38128,MD,2023-07-16
38129,TX,2024-08-18
38130,NY,2023-06-01
38131,NY,2024-12-01
38132,MS,2024-12-23
38133,MD,2023-01-28
38134,LA,2025-12-19
38135,OR,2023-04-04
38136,MA,2025-09-25
38137,CO,2025-04-26
38138,TX,2023-04-24
38139,AZ,2025-04-20
38140,WV,2026-02-21
38141,IL,2023-09-14
38142,NC,2023-01-13
38143,NE,2025-01-09
38144,FL,2024-07-07
38145,SC,2023-02-04
38146,NV,2024-07-02
38147,TX,2026-01-03
38148,TN,2023-09-07
38149,WI,2025-11-09
38150,NC,2023-09-04
38151,WA,2025-04-04
38152,WA,2023-05-08
38153,NY,2024-09-25
38154,MN,2024-01-09
38155,MA,2025-07-11
38156,CA,2025-09-19
38157,TX,2024-08-16
38158,GA,2023-03-05
38159,TX,2025-10-26
38160,FL,2025-03-09
38161,TX,2024-08-21
38162,AK,2023-06-06
38163,CA,2024-01-22
38164,MN,2025-05-20
38165,FL,2026-02-05
38166,PA,2023-05-28
38167,GA,2024-12-20
38168,CA,2025-12-17
38169,AL,2023-02-26
38170,OR,2023-03-12
38171,MA,2024-05-11
38172,CA,2023-09-17
38173,MA,2025-11-23
38174,NY,2024-12-05
38175,TX,2024-03-04
38176,GA,2023-05-22
38177,LA,2023-09-11
38178,WA,2025-02-14
38179,VT,2023-11-12
38180,WA,2023-12-17
38181,TX,2023-02-11
38182,PA,2024-02-06
38183,CA,2024-01-26
38184,WI,2024-01-23
38185,TN,2026-01-24
38186,CA,2025-09-17
38187,MN,2023-06-27
38188,NY,2025-01-23
38189,CA,2025-03-23
38190,MA,2024-04-23
38191,IL,2024-07-11
38192,NY,2024-03-13
38193,FL,2025-10-25
38194,MN,2025-02-16
38195,WA,2023-04-20
38196,IL,2024-06-02
38197,MD,2023-11-10
38198,FL,2025-03-25
38199,FL,2025-05-09
38200,LA,2023-06-08
38201,NY,2025-09-27
38202,GA,2023-06-04
38203,NC,2025-07-13
38204,IL,2024-01-29
38205,IL,2025-12-31
38206,CA,2024-10-10
38207,TX,2025-05-21
38208,IL,2025-05-07
38209,NJ,2023-04-11
38210,CA,2024-07-31
38211,WA,2025-08-16
38212,TX,2025-01-23
38213,IL,2026-02-13
38214,WI,2023-09-29
38215,NY,2025-11-27
38216,AZ,2024-11-25
38217,TX,2026-01-13
38218,OH,2023-05-29
38219,CA,2024-09-30
38220,MA,2025-07-20
38221,ID,2023-10-25
38222,FL,2023-03-12
38223,NC,2024-08-19
38224,NY,2024-10-11
38225,DE,2023-10-04
38226,PA,2026-02-10
38227,TX,2025-09-02
38228,TX,2024-07-28
38229,TX,2023-03-30
38230,CA,2023-03-18
38231,IL,2023-04-29
38232,TX,2025-03-28
38233,WA,2023-10-10
38234,TX,2023-08-17
38235,CA,2024-02-18
38236,NY,2023-05-03
38237,NY,2023-01-30
38238,IL,2023-01-18
38239,TX,2023-01-23
38240,TX,2025-11-27
38241,VA,2026-02-16
38242,CT,2025-08-25
38243,NY,2024-04-04
38244,OR,2023-03-15
38245,IA,2024-08-05
38246,FL,2023-09-30
38247,HI,2025-08-05
38248,LA,2023-01-07
38249,CA,2024-12-28
38250,NY,2024-05-15
38251,MD,2025-12-27
38252,FL,2024-03-05
38253,WA,2024-06-30
38254,OK,2023-01-29
38255,PA,2025-11-23
38256,FL,2025-05-11
38257,CA,2024-03-25
38258,NY,2025-10-10
38259,TX,2024-09-16
38260,MA,2025-10-26
38261,MI,2023-12-02
38262,MN,2025-06-19
38263,NJ,2024-01-28
38264,WI,2024-07-02
38265,NY,2024-04-26
38266,FL,2024-02-27
38267,CA,2023-09-04
38268,UT,2024-07-05
38269,DE,2023-03-05
38270,NJ,2025-01-04
38271,NC,2026-02-19
38272,FL,2024-10-04
38273,TX,2026-02-22
38274,FL,2025-11-25
38275,CO,2023-04-18
38276,AL,2023-07-05
38277,FL,2024-09-06
38278,PA,2023-01-19
38279,WA,2025-06-30
38280,CA,2023-04-04
38281,NY,2023-05-08
38282,VA,2023-11-11
38283,NY,2024-01-17
38284,AL,2024-05-25
38285,FL,2024-04-16
38286,NY,2025-01-30
38287,PA,2024-12-02
38288,NC,2024-05-18
38289,NC,2025-01-02
38290,MA,2023-09-13
38291,NV,2023-10-19
38292,TX,2025-06-22
38293,NC,2025-02-01
38294,TX,2025-05-06
38295,OR,2023-05-24
38296,VA,2023-03-26
38297,IL,2024-11-22
38298,CA,2023-04-11
38299,WA,2023-07-24
38300,AR,2023-05-07
38301,OH,2025-08-14
38302,TX,2025-09-01
38303,NY,2025-05-22
38304,WA,2023-11-03
38305,NE,2023-09-17
38306,PA,2023-06-26
38307,MA,2024-12-27
38308,TX,2023-07-19
38309,VA,2024-05-27
38310,NC,2024-03-09
38311,TX,2024-05-23
38312,CA,2024-08-01
38313,WA,2023-04-28
38314,IL,2023-03-27
38315,NC,2023-08-23
38316,FL,2023-11-18
38317,NV,2023-09-15
38318,NY,2025-10-04
38319,LA,2023-01-17
38320,NV,2024-11-03
38321,CA,2024-04-21
38322,CA,2024-11-24
38323,PA,2024-09-10
38324,CA,2025-06-20
38325,AZ,2025-08-05
38326,OR,2026-01-29
38327,CA,2025-03-23
38328,MI,2025-02-07
38329,NV,2025-04-27
38330,WY,2025-03-29
38331,AZ,2024-01-30
38332,IL,2025-02-28
38333,MO,2025-06-15
38334,OR,2023-11-29
38335,NY,2025-12-08
38336,CA,2024-01-01
38337,WA,2025-03-27
38338,NY,2024-05-20
38339,OK,2024-08-26
38340,MA,2025-08-02
38341,SD,2023-08-18
38342,WI,2025-05-11
38343,IN,2023-08-16
38344,AL,2025-07-20
38345,WA,2024-11-26
38346,TX,2025-12-05
38347,NJ,2023-01-15
38348,NY,2023-05-16
38349,TX,2024-11-26
38350,IL,2024-12-11
38351,WA,2024-11-15
38352,MA,2024-09-13
38353,TX,2023-06-24
38354,TX,2024-05-15
38355,PA,2025-05-25
38356,IN,2024-01-03
38357,CA,2025-09-17
38358,NY,2025-02-14
38359,MI,2024-02-13
38360,AR,2025-02-23
38361,RI,2024-02-12
38362,NC,2025-02-04
38363,CA,2023-11-04
38364,NY,2023-03-04
38365,NY,2023-03-02
38366,MN,2024-05-21
38367,CO,2023-09-13
38368,KS,2023-03-18
38369,AL,2023-03-31
38370,PA,2023-12-31
38371,PA,2023-09-29
38372,OK,2024-10-10
38373,WI,2023-02-09
38374,CA,2023-06-23
38375,NY,2024-10-04
38376,GA,2024-10-27
38377,MA,2024-08-06
38378,FL,2023-11-22
38379,MA,2024-12-25
38380,GA,2023-10-10
38381,TX,2023-08-02
38382,WA,2023-03-30
38383,NC,2024-01-19
38384,TX,2025-04-05
38385,TX,2024-03-10
38386,PA,2024-08-30
38387,CO,2023-11-15
38388,NV,2023-01-19
38389,CA,2024-10-28
38390,GA,2026-01-22
38391,MA,2025-12-12
38392,SC,2025-05-14
38393,NY,2025-09-23
38394,OH,2024-03-04
38395,TX,2025-06-06
38396,ME,2023-04-15
38397,NY,2025-01-02
38398,MD,2023-12-08
38399,WA,2023-01-20
38400,CA,2025-05-05
38401,AZ,2025-09-14
38402,WA,2023-09-12
38403,CA,2024-10-03
38404,WA,2024-02-28
38405,CA,2023-05-26
38406,FL,2026-01-10
38407,NC,2024-05-28
38408,TX,2024-01-10
38409,OH,2025-01-29
38410,AL,2025-07-07
38411,CA,2023-02-16
38412,NY,2024-05-14
38413,NH,2024-05-21
38414,CA,2026-02-21
38415,NC,2023-12-11
38416,MD,2024-03-04
38417,NE,2025-02-27
38418,WA,2025-11-21
38419,FL,2025-02-25
38420,WA,2025-07-31
38421,CA,2024-09-09
38422,OH,2024-10-31
38423,NV,2026-01-21
38424,CO,2023-09-03
38425,IL,2023-10-31
38426,AR,2024-03-25
38427,MA,2025-07-29
38428,NY,2026-02-26
38429,FL,2024-06-17
38430,CO,2024-07-21
38431,FL,2024-02-28
38432,NV,2023-02-07
38433,AZ,2024-06-14
38434,NY,2024-08-27
38435,GA,2025-05-31
38436,VA,2023-08-03
38437,WA,2025-08-10
38438,OH,2023-09-13
38439,NC,2024-07-10
38440,NM,2023-08-03
38441,NY,2025-11-17
38442,KY,2023-11-12
38443,SC,2025-02-11
38444,FL,2025-07-02
38445,IL,2025-09-16
38446,CA,2025-09-15
38447,NY,2025-09-16
38448,IL,2025-08-08
38449,KS,2025-01-12
38450,MD,2025-05-12
38451,NY,2024-08-10
38452,NC,2025-07-09
38453,IL,2024-11-13
38454,NH,2023-10-21
38455,TX,2025-05-07
38456,CO,2025-03-02
38457,GA,2023-09-11
38458,FL,2025-01-17
38459,MA,2024-03-19
38460,NE,2025-07-01
38461,KY,2023-09-28
38462,MA,2025-09-20
38463,NY,2024-10-31
38464,MI,2025-06-30
38465,WA,2026-03-01
38466,PA,2023-06-08
38467,UT,2025-01-28
38468,CA,2024-05-21
38469,MA,2024-01-21
38470,IL,2026-01-06
38471,OH,2025-11-29
38472,IL,2024-09-08
38473,CA,2024-10-26
38474,MA,2023-11-14
38475,TN,2023-06-23
38476,PA,2023-12-25
38477,NJ,2025-03-20
38478,AZ,2025-10-27
38479,NC,2024-07-21
38480,MA,2025-07-31
38481,CA,2024-03-09
38482,OH,2024-03-04
38483,FL,2023-11-04
38484,CA,2023-10-05
38485,TX,2024-01-09
38486,MA,2023-06-17
38487,TX,2024-01-05
38488,UT,2025-04-07
38489,FL,2025-09-24
38490,OR,2024-08-07
38491,MO,2024-01-14
38492,CO,2023-03-18
38493,MO,2024-07-22
38494,TX,2023-04-09
38495,IL,2023-06-12
38496,MD,2025-07-05
38497,CA,2025-09-07
38498,FL,2024-02-01
38499,TN,2025-02-27
38500,CA,2023-12-10
38501,UT,2025-11-15
38502,NY,2025-09-30
38503,CA,2025-12-15
38504,PA,2024-06-26
38505,PA,2025-11-19
38506,RI,2024-06-19
38507,OR,2024-08-30
38508,FL,2026-02-18
38509,MA,2023-06-03
38510,CA,2025-05-19
38511,FL,2026-01-10
38512,FL,2025-05-30
38513,FL,2023-11-28
38514,WA,2024-02-11
38515,OH,2023-05-06
38516,CA,2024-08-15
38517,NE,2024-03-18
38518,NC,2023-06-11
38519,GA,2023-05-10
38520,NJ,2023-10-08
38521,TX,2025-05-12
38522,FL,2025-06-13
38523,NJ,2024-11-20
38524,NY,2024-04-17
38525,TX,2023-01-05
38526,NJ,2025-02-16
38527,WA,2023-03-23
38528,TX,2023-08-09
38529,TX,2025-04-22
38530,FL,2025-01-22
38531,MA,2025-05-24
38532,NC,2023-03-10
38533,OR,2023-05-22
38534,TX,2025-03-11
38535,UT,2024-05-18
38536,WA,2025-08-22
38537,TX,2023-02-09
38538,WA,2024-05-14
38539,CA,2024-12-07
38540,IL,2025-12-07
38541,CA,2025-09-20
38542,KS,2024-05-24
38543,CA,2023-09-02
38544,WI,2023-09-19
38545,LA,2024-06-26
38546,CA,2023-02-03
38547,PA,2024-05-02
38548,MO,2024-04-14
38549,AL,2025-02-18
38550,IL,2023-10-21
38551,NY,2023-07-30
38552,ID,2025-09-09
38553,FL,2025-06-05
38554,KS,2025-06-06
38555,NV,2024-01-14
38556,CA,2023-11-29
38557,NV,2023-10-04
38558,TX,2024-08-12
38559,TX,2024-05-12
38560,CA,2023-03-18
38561,CO,2024-02-23
38562,MN,2024-11-19
38563,MI,2024-08-31
38564,CT,2024-05-08
38565,IL,2023-12-25
38566,NY,2023-09-08
38567,NY,2025-03-02
38568,MI,2023-10-05
38569,AZ,2023-06-20
38570,NY,2024-11-19
38571,MN,2024-05-08
38572,NY,2024-01-11
38573,CA,2023-10-05
38574,AZ,2023-12-01
38575,UT,2025-11-07
38576,TX,2023-10-27
38577,OK,2023-04-19
38578,IL,2025-11-21
38579,CA,2025-12-15
38580,NY,2026-01-02
38581,WI,2024-03-22
38582,SD,2024-05-06
38583,FL,2024-08-23
38584,WA,2025-06-07
38585,FL,2023-05-12
38586,CA,2025-03-16
38587,VA,2023-09-07
38588,WA,2025-12-01
38589,FL,2025-09-23
38590,NY,2023-08-19
38591,NY,2025-04-07
38592,AZ,2026-01-18
38593,CA,2024-02-08
38594,NY,2023-07-10
38595,NY,2023-05-07
38596,NJ,2024-01-12
38597,CT,2025-03-08
38598,IL,2024-07-28
38599,MD,2023-08-28
38600,NJ,2025-11-27
38601,NJ,2023-10-06
38602,CT,2024-07-23
38603,TX,2024-11-18
38604,NY,2025-01-24
38605,MI,2023-12-29
38606,PA,2023-06-23
38607,WA,2025-05-04
38608,WA,2023-09-14
38609,WA,2023-04-10
38610,MI,2024-05-01
38611,TX,2024-06-28
38612,CA,2024-08-04
38613,AL,2024-10-15
38614,UT,2023-09-03
38615,CO,2023-04-06
38616,IA,2023-12-05
38617,GA,2026-01-12
38618,NY,2023-05-05
38619,WA,2023-12-06
38620,MA,2024-10-12
38621,WI,2024-11-02
38622,TX,2026-01-14
38623,TX,2023-05-19
38624,CA,2024-03-08
38625,SD,2025-09-06
38626,SC,2026-02-02
38627,WA,2023-03-19
38628,GA,2024-12-31
38629,FL,2024-12-04
38630,IL,2024-01-13
38631,NC,2024-12-08
38632,CO,2025-06-21
38633,MN,2025-03-25
38634,WA,2023-05-23
38635,CA,2025-11-27
38636,AZ,2025-11-25
38637,IL,2023-04-25
38638,NY,2024-05-28
38639,CT,2025-11-04
38640,NY,2023-11-07
38641,CA,2025-04-24
38642,CO,2023-01-25
38643,CA,2025-02-20
38644,CT,2024-05-03
38645,TX,2024-01-09
38646,CA,2024-11-05
38647,TN,2024-12-26
38648,CA,2023-08-24
38649,WA,2024-10-18
38650,CA,2023-03-10
38651,NY,2025-08-30
38652,WA,2024-07-19
38653,OH,2024-11-17
38654,NY,2025-01-04
38655,NY,2025-10-17
38656,TX,2024-07-27
38657,NY,2023-12-15
38658,SC,2023-01-16
38659,AR,2023-07-28
38660,TX,2024-10-08
38661,IN,2025-12-02
38662,MA,2025-08-31
38663,NY,2024-11-14
38664,GA,2025-04-18
38665,NY,2024-01-29
38666,NJ,2024-09-30
38667,NY,2024-01-15
38668,OR,2025-06-19
38669,CA,2025-10-27
38670,MI,2023-01-22
38671,MD,2024-06-19
38672,AZ,2024-01-17
38673,CA,2023-12-26
38674,NY,2025-02-01
38675,AZ,2025-10-11
38676,OH,2023-06-12
38677,TX,2026-02-13
38678,MA,2026-02-28
38679,VA,2023-10-02
38680,NJ,2024-03-01
38681,FL,2024-09-28
38682,FL,2024-12-27
38683,CA,2025-07-04
38684,TX,2024-01-25
38685,PA,2023-09-28
38686,MA,2023-03-10
38687,GA,2025-08-31
38688,MA,2024-04-01
38689,NY,2023-12-12
38690,IL,2025-02-12
38691,MT,2025-08-17
38692,NY,2026-01-10
38693,TX,2025-12-10
38694,MA,2023-09-24
38695,TX,2025-04-29
38696,WA,2024-05-06
38697,IL,2025-09-09
38698,CA,2025-09-23
38699,FL,2023-09-14
38700,TX,2025-09-11
38701,WA,2023-01-09
38702,NH,2023-11-17
38703,NY,2024-01-07
38704,NY,2023-11-19
38705,MD,2025-07-08
38706,TN,2023-07-11
38707,VA,2025-07-04
38708,MA,2026-02-21
38709,FL,2023-03-26
38710,MO,2025-07-24
38711,WA,2024-02-11
38712,TX,2026-02-17
38713,WI,2025-12-15
38714,AZ,2024-02-05
38715,CA,2024-05-28
38716,IL,2023-12-28
38717,NJ,2023-02-02
38718,IN,2025-01-18
38719,IN,2024-09-11
38720,IL,2023-09-28
38721,OR,2024-11-04
38722,PA,2024-03-19
38723,FL,2023-05-28
38724,NY,2024-04-15
38725,MI,2024-06-26
38726,AR,2023-09-15
38727,CA,2023-09-26
38728,WA,2023-12-18
38729,MA,2024-01-04
38730,MD,2024-02-04
38731,WA,2025-02-21
38732,NC,2023-01-25
38733,IL,2023-11-28
38734,WA,2024-06-23
38735,CO,2023-04-15
38736,CA,2025-02-18
38737,NY,2025-06-07
38738,NC,2024-12-25
38739,NC,2024-03-13
38740,NY,2023-05-24
38741,TX,2024-12-02
38742,NY,2023-03-15
38743,MA,2025-10-12
38744,NY,2025-08-19
38745,GA,2026-01-19
38746,MN,2025-12-11
38747,TN,2025-03-08
38748,PA,2025-11-05
38749,NY,2023-05-18
38750,FL,2024-10-16
38751,UT,2025-03-04
38752,CO,2023-07-08
38753,TX,2025-10-12
38754,IL,2024-06-10
38755,MA,2023-05-09
38756,NY,2023-04-24
38757,GA,2026-01-15
38758,IL,2023-08-14
38759,CA,2023-05-04
38760,CA,2023-05-09
38761,TX,2023-12-11
38762,IN,2023-10-21
38763,TX,2024-04-08
38764,MI,2025-01-20
38765,NY,2024-05-18
38766,TX,2024-03-30
38767,NY,2023-11-22
38768,WA,2025-03-02
38769,VA,2023-11-09
38770,CA,2024-07-05
38771,MA,2023-10-20
38772,FL,2025-08-21
38773,IL,2024-01-12
38774,NC,2025-01-14
38775,UT,2025-06-15
38776,NY,2024-12-19
38777,CO,2023-10-28
38778,NY,2023-10-20
38779,WA,2023-04-24
38780,CA,2026-01-13
38781,IN,2026-01-27
38782,CA,2025-02-10
38783,NC,2023-07-18
38784,IL,2024-09-25
38785,MD,2024-06-24
38786,AZ,2025-05-23
38787,FL,2024-05-26
38788,CO,2025-01-25
38789,AZ,2023-10-16
38790,PA,2024-05-27
38791,TX,2023-01-23
38792,OH,2025-07-25
38793,KY,2024-04-06
38794,KY,2023-07-28
38795,WA,2023-03-15
38796,WA,2024-03-12
38797,SC,2023-12-23
38798,NC,2024-11-06
38799,FL,2025-03-22
38800,TX,2023-05-02
38801,NV,2024-10-12
38802,TX,2024-03-23
38803,NY,2023-05-29
38804,GA,2024-01-23
38805,NY,2024-05-03
38806,NY,2024-06-30
38807,NY,2025-03-13
38808,VA,2023-02-04
38809,CA,2025-03-11
38810,TX,2026-01-05
38811,MS,2023-11-03
38812,PA,2023-10-21
38813,MD,2023-06-22
38814,NC,2025-11-19
38815,WA,2025-11-17
38816,IL,2023-10-31
38817,OH,2025-06-22
38818,SC,2024-10-27
38819,CA,2025-05-24
38820,WA,2025-06-01
38821,IL,2024-10-30
38822,OR,2025-04-02
38823,NY,2023-05-03
38824,NY,2026-01-08
38825,TX,2024-02-25
38826,WI,2023-04-27
38827,TX,2025-06-22
38828,IA,2023-06-17
38829,OR,2024-06-12
38830,NY,2024-01-17
38831,MN,2025-01-11
38832,WA,2025-10-31
38833,NY,2025-12-20
38834,NC,2023-09-02
38835,TX,2023-03-11
38836,NV,2025-04-04
38837,WA,2023-06-18
38838,SC,2026-01-22
38839,WA,2024-10-05
38840,CO,2024-04-03
38841,AZ,2024-06-02
38842,FL,2023-05-16
38843,IL,2024-08-13
38844,TN,2024-06-05
38845,OR,2026-02-07
38846,TX,2025-02-01
38847,CA,2023-07-13
38848,LA,2025-06-01
38849,UT,2024-12-19
38850,CA,2025-08-05
38851,WA,2023-11-19
38852,CA,2024-08-23
38853,WI,2023-03-10
38854,MD,2025-09-18
38855,PA,2024-04-29
38856,WI,2025-09-11
38857,KS,2024-03-19
38858,IL,2025-08-10
38859,CA,2024-08-01
38860,IL,2024-01-30
38861,GA,2025-01-26
38862,CA,2026-01-29
38863,OR,2025-09-16
38864,GA,2023-05-21
38865,KY,2024-06-07
38866,MA,2024-05-01
38867,CA,2023-03-13
38868,TX,2024-11-06
38869,KS,2023-02-01
38870,MA,2023-07-04
38871,CA,2024-05-09
38872,CA,2024-11-10
38873,MA,2025-07-30
38874,CO,2024-02-27
38875,NY,2024-07-28
38876,AL,2023-08-28
38877,UT,2025-03-18
38878,NY,2023-12-19
38879,OR,2023-08-29
38880,MD,2024-11-14
38881,MA,2024-06-15
38882,ND,2026-01-24
38883,FL,2025-05-02
38884,FL,2023-12-23
38885,CO,2023-01-27
38886,TN,2023-10-21
38887,PA,2025-09-12
38888,NV,2023-12-20
38889,MI,2023-03-17
38890,WA,2025-07-16
38891,NY,2025-05-24
38892,CA,2023-02-11
38893,OR,2024-02-19
38894,CA,2023-08-21
38895,PA,2025-04-17
38896,WA,2023-03-16
38897,PA,2024-09-27
38898,UT,2025-06-12
38899,PA,2024-02-08
38900,MA,2024-09-28
38901,NY,2024-04-22
38902,CA,2024-01-25
38903,SC,2025-04-03
38904,PA,2024-09-30
38905,TX,2024-09-03
38906,MA,2025-02-02
38907,UT,2023-10-25
38908,IL,2024-07-25
38909,IN,2023-02-25
38910,NY,2023-09-16
38911,DE,2024-05-09
38912,MA,2025-09-02
38913,CA,2023-02-12
38914,PA,2024-02-16
38915,HI,2023-12-06
38916,MN,2023-10-01
38917,CA,2025-01-31
38918,OR,2025-11-10
38919,NC,2025-10-01
38920,WA,2023-06-03
38921,GA,2024-06-18
38922,CA,2025-06-24
38923,TX,2024-05-15
38924,WA,2025-07-28
38925,IL,2023-06-30
38926,CA,2025-08-12
38927,MT,2024-10-13
38928,TN,2024-04-28
38929,GA,2023-01-03
38930,MS,2024-11-05
38931,CA,2025-01-13
38932,AZ,2025-05-10
38933,CA,2023-06-07
38934,SC,2024-08-05
38935,OH,2025-06-04
38936,TX,2024-04-09
38937,MA,2023-06-23
38938,GA,2025-06-26
38939,FL,2024-05-12
38940,AZ,2025-04-04
38941,MO,2025-09-15
38942,TX,2023-08-28
38943,NC,2023-07-21
38944,NC,2025-01-09
38945,IL,2023-11-18
38946,OH,2025-07-21
38947,AL,2024-10-15
38948,NY,2023-05-18
38949,NY,2026-02-01
38950,PA,2023-11-16
38951,CA,2025-07-25
38952,TX,2025-02-27
38953,NY,2025-02-15
38954,VA,2024-10-10
38955,AZ,2024-02-06
38956,FL,2026-02-17
38957,NY,2023-03-10
38958,CA,2023-03-03
38959,MA,2023-05-01
38960,NY,2024-05-30
38961,TN,2024-09-22
38962,MO,2026-01-29
38963,PA,2024-09-16
38964,TX,2023-11-28
38965,TX,2025-01-15
38966,MD,2025-09-28
38967,MA,2024-02-20
38968,PA,2025-06-16
38969,GA,2024-07-23
38970,KY,2023-05-30
38971,TX,2023-01-19
38972,FL,2023-01-20
38973,MO,2023-12-22
38974,NY,2025-01-25
38975,NY,2025-11-03
38976,CA,2025-02-26
38977,AL,2023-10-28
38978,CO,2025-04-04
38979,WA,2023-01-31
38980,NY,2025-08-05
38981,AL,2026-01-28
38982,MA,2024-04-07
38983,TX,2025-06-21
38984,KS,2025-03-27
38985,CA,2024-02-11
38986,NY,2025-09-15
38987,MN,2024-07-06
38988,WA,2025-06-18
38989,FL,2023-04-05
38990,CA,2024-08-16
38991,GA,2026-02-06
38992,FL,2023-06-08
38993,GA,2023-02-16
38994,MI,2023-12-22
38995,MD,2023-07-21
38996,PA,2024-07-03
38997,TX,2025-11-17
38998,OR,2025-11-07
38999,TX,2025-09-17
39000,CA,2025-10-10
39001,WA,2025-10-29
39002,NC,2025-05-24
39003,IL,2023-02-09
39004,TX,2024-09-04
39005,IN,2026-01-22
39006,TX,2025-10-03
39007,TX,2023-02-27
39008,FL,2025-08-19
39009,MA,2024-09-09
39010,KY,2023-12-16
39011,OH,2023-10-13
39012,PA,2023-02-14
39013,ME,2025-08-31
39014,FL,2024-02-19
39015,KY,2023-02-05
39016,TX,2025-07-23
39017,NY,2023-02-07
39018,CA,2023-08-27
39019,TX,2025-06-25
39020,FL,2025-02-22
39021,FL,2023-06-16
39022,MI,2025-01-01
39023,NY,2025-10-12
39024,CA,2025-01-28
39025,OH,2023-11-17
39026,CA,2025-08-14
39027,NY,2025-08-25
39028,TX,2026-01-11
39029,IN,2024-10-25
39030,NY,2023-04-14
39031,GA,2025-05-24
39032,NY,2023-10-09
39033,WA,2024-04-24
39034,FL,2024-09-08
39035,NY,2024-03-20
39036,NY,2025-07-02
39037,CT,2023-03-08
39038,IL,2024-03-23
39039,NC,2023-10-15
39040,TX,2024-09-04
39041,AZ,2024-02-09
39042,TX,2023-12-28
39043,FL,2024-10-06
39044,KS,2024-08-01
39045,ME,2024-12-24
39046,GA,2024-11-11
39047,MN,2026-02-05
39048,MI,2023-01-02
39049,MI,2025-12-02
39050,FL,2026-02-26
39051,GA,2023-06-25
39052,IL,2023-03-31
39053,NY,2026-01-23
39054,WA,2024-12-17
39055,MA,2025-07-31
39056,MD,2025-12-15
39057,FL,2025-12-18
39058,MA,2025-01-11
39059,CO,2026-01-18
39060,NJ,2023-02-23
39061,CA,2025-02-01
39062,NY,2025-08-05
39063,LA,2024-10-19
39064,CA,2023-07-28
39065,MA,2025-12-05
39066,TX,2023-04-28
39067,NM,2023-08-05
39068,DE,2024-09-25
39069,SC,2025-05-27
39070,CA,2023-06-02
39071,IL,2025-03-03
39072,LA,2025-07-11
39073,FL,2023-02-04
39074,IL,2023-04-17
39075,AL,2025-06-07
39076,FL,2023-09-27
39077,TX,2025-06-29
39078,SD,2025-06-27
39079,MA,2025-01-09
39080,MN,2024-02-28
39081,OR,2023-07-07
39082,MO,2024-05-15
39083,NY,2025-03-12
39084,CO,2023-09-26
39085,CA,2023-09-17
39086,KS,2025-12-07
39087,IL,2023-04-18
39088,MA,2024-12-27
39089,PA,2024-06-18
39090,PA,2024-08-01
39091,MA,2024-11-02
39092,TX,2024-05-29
39093,NY,2025-06-26
39094,FL,2023-05-04
39095,HI,2024-06-28
39096,FL,2025-11-21
39097,NC,2024-10-18
39098,KY,2024-05-23
39099,TX,2023-10-04
39100,NY,2023-10-20
39101,TX,2023-08-24
39102,NY,2024-06-28
39103,GA,2024-10-19
39104,CO,2024-10-04
39105,NY,2024-10-06
39106,MA,2025-10-29
39107,WA,2025-05-08
39108,NY,2024-08-07
39109,PA,2024-11-20
39110,TX,2023-07-04
39111,VA,2023-03-27
39112,VA,2025-11-06
39113,VA,2025-04-12
39114,AZ,2025-04-04
39115,TX,2024-12-03
39116,GA,2023-07-14
39117,IN,2023-01-05
39118,KY,2024-02-10
39119,MI,2025-06-15
39120,CA,2023-06-24
39121,AL,2026-03-01
39122,FL,2024-08-22
39123,WA,2024-11-25
39124,LA,2023-04-20
39125,TX,2024-09-03
39126,PA,2025-04-18
39127,MI,2023-08-16
39128,WA,2025-01-13
39129,CA,2025-01-16
39130,MA,2024-05-05
39131,IN,2024-10-29
39132,OR,2024-05-28
39133,TX,2025-05-28
39134,NH,2024-10-20
39135,NY,2023-11-01
39136,CA,2024-01-03
39137,AK,2025-09-14
39138,IL,2024-07-25
39139,AL,2025-03-20
39140,MN,2025-02-13
39141,GA,2025-03-20
39142,WA,2023-07-04
39143,PA,2025-02-22
39144,IL,2025-09-23
39145,NC,2023-10-27
39146,NC,2023-08-22
39147,MN,2025-03-23
39148,VA,2023-08-31
39149,VA,2024-10-31
39150,SC,2023-12-16
39151,TX,2023-10-18
39152,TX,2024-07-26
39153,NY,2025-06-14
39154,FL,2025-03-19
39155,OR,2023-05-18
39156,CA,2023-04-28
39157,GA,2024-09-28
39158,PA,2023-08-10
39159,WI,2023-06-09
39160,NY,2024-07-10
39161,TN,2024-06-11
39162,KY,2024-08-24
39163,MA,2025-03-13
39164,IL,2024-09-08
39165,IL,2026-02-09
39166,MA,2023-08-03
39167,TX,2024-03-01
39168,MN,2024-11-20
39169,NC,2025-01-07
39170,OR,2025-12-05
39171,MS,2025-12-16
39172,WA,2025-02-11
39173,NY,2026-02-28
39174,MD,2024-08-17
39175,PA,2025-11-07
39176,CO,2024-02-16
39177,TX,2023-05-23
39178,MA,2024-02-21
39179,CA,2025-03-24
39180,TN,2026-02-10
39181,TX,2024-09-19
39182,MA,2025-04-19
39183,FL,2026-01-22
39184,NE,2025-10-21
39185,FL,2024-03-30
39186,CO,2023-03-19
39187,NH,2024-10-08
39188,NY,2026-01-07
39189,NY,2025-04-19
39190,NY,2025-08-13
39191,FL,2023-09-05
39192,MD,2025-10-30
39193,OH,2026-02-24
39194,CA,2023-02-10
39195,CA,2025-08-19
39196,FL,2025-06-22
39197,FL,2024-02-18
39198,CA,2024-11-06
39199,CA,2023-03-23
39200,FL,2023-11-29
39201,CO,2023-10-23
39202,IL,2024-03-16
39203,CA,2025-02-17
39204,CA,2024-12-12
39205,FL,2024-05-09
39206,CA,2024-06-12
39207,NY,2026-02-18
39208,CT,2025-05-15
39209,NE,2023-07-14
39210,OH,2024-05-12
39211,MA,2023-06-02
39212,WA,2023-12-10
39213,IN,2023-04-26
39214,SD,2025-09-09
39215,CO,2025-07-30
39216,AR,2025-11-30
39217,IL,2023-04-14
39218,CA,2023-09-05
39219,OR,2025-09-13
39220,KS,2025-08-03
39221,SC,2023-12-30
39222,NC,2024-11-14
39223,NY,2025-06-06
39224,NY,2025-11-14
39225,MI,2025-08-22
39226,NY,2024-04-01
39227,OH,2023-01-11
39228,FL,2024-06-01
39229,WA,2023-08-13
39230,NY,2025-01-29
39231,IL,2023-02-15
39232,PA,2024-02-12
39233,CT,2023-01-14
39234,CO,2024-06-19
39235,NJ,2023-12-31
39236,IL,2023-09-11
39237,HI,2025-04-23
39238,NC,2025-07-23
39239,AZ,2024-05-03
39240,WA,2026-02-09
39241,MO,2023-07-20
39242,MD,2023-04-15
39243,FL,2023-08-16
39244,KY,2024-05-02
39245,PA,2024-03-28
39246,CO,2025-05-29
39247,MN,2024-07-06
39248,NC,2023-03-24
39249,TX,2025-04-12
39250,VA,2023-12-08
39251,LA,2023-05-27
39252,WA,2025-09-12
39253,CA,2023-12-01
39254,CA,2025-03-03
39255,MI,2024-11-09
39256,NJ,2023-08-11
39257,PA,2024-08-28
39258,NY,2023-09-05
39259,OH,2024-04-08
39260,IL,2024-02-28
39261,SC,2025-05-09
39262,AL,2024-11-12
39263,CA,2024-02-02
39264,NY,2023-09-18
39265,WA,2024-03-16
39266,GA,2025-09-17
39267,OH,2024-08-12
39268,TX,2025-09-18
39269,SD,2025-08-02
39270,FL,2025-05-30
39271,CO,2023-11-04
39272,AZ,2024-10-10
39273,MO,2023-05-24
39274,MI,2023-11-26
39275,TX,2025-02-22
39276,NY,2025-09-16
39277,NC,2023-11-03
39278,MN,2024-08-13
39279,NY,2025-04-06
39280,NY,2026-02-24
39281,GA,2024-03-31
39282,MN,2023-01-04
39283,NY,2024-05-19
39284,NC,2023-07-05
39285,TX,2025-05-19
39286,NY,2025-12-21
39287,NC,2025-01-09
39288,TX,2025-10-04
39289,TX,2025-05-19
39290,FL,2023-12-28
39291,CA,2023-07-02
39292,NY,2025-10-02
39293,MO,2023-05-11
39294,TX,2023-07-05
39295,GA,2025-12-02
39296,IN,2025-10-24
39297,MD,2025-02-28
39298,ME,2025-05-27
39299,MA,2025-10-26
39300,FL,2025-02-22
39301,RI,2023-06-13
39302,MI,2024-11-20
39303,PA,2024-12-11
39304,TX,2024-08-21
39305,OR,2025-12-06
39306,TX,2025-09-28
39307,KY,2024-10-26
39308,NY,2023-02-22
39309,WA,2025-04-14
39310,TX,2024-08-01
39311,NJ,2023-08-19
39312,TX,2024-01-24
39313,CA,2024-01-28
39314,CO,2026-02-01
39315,CA,2023-11-02
39316,MA,2024-02-13
39317,FL,2026-01-03
39318,KY,2023-04-22
39319,NY,2025-04-15
39320,NY,2025-06-10
39321,MA,2025-01-27
39322,CA,2024-05-05
39323,TX,2024-04-24
39324,TX,2023-11-21
39325,MN,2024-04-29
39326,OR,2024-02-25
39327,AR,2025-03-14
39328,TN,2025-01-31
39329,NY,2023-05-10
39330,FL,2026-02-22
39331,MN,2023-10-11
39332,WA,2023-07-07
39333,MD,2024-03-13
39334,NY,2025-05-21
39335,NC,2023-02-13
39336,IL,2025-10-25
39337,MA,2025-05-18
39338,IL,2024-01-11
39339,CA,2023-06-24
39340,NY,2023-01-29
39341,PA,2024-01-22
39342,MA,2024-08-29
39343,MA,2023-01-02
39344,PA,2023-12-01
39345,TX,2024-04-05
39346,CO,2023-02-25
39347,VA,2025-01-17
39348,IL,2024-02-02
39349,IL,2024-08-19
39350,NC,2025-06-10
39351,CO,2024-01-09
39352,NE,2025-10-18
39353,FL,2025-12-04
39354,KY,2025-03-25
39355,FL,2023-05-04
39356,TX,2024-10-19
39357,MI,2023-08-18
39358,MN,2024-07-26
39359,FL,2023-05-01
39360,CA,2024-05-31
39361,GA,2023-11-10
39362,CA,2023-03-18
39363,FL,2025-04-07
39364,CA,2023-04-10
39365,OH,2023-10-23
39366,CA,2025-09-11
39367,NJ,2024-12-07
39368,MN,2024-06-06
39369,GA,2025-02-16
39370,CA,2026-02-16
39371,AZ,2024-01-30
39372,NY,2025-10-27
39373,TX,2025-08-18
39374,SC,2024-10-16
39375,MD,2024-07-20
39376,MI,2025-11-09
39377,MA,2023-01-03
39378,MI,2024-02-17
39379,SC,2023-01-20
39380,PA,2024-03-20
39381,SC,2023-08-15
39382,AL,2024-11-07
39383,MA,2025-12-10
39384,HI,2024-01-08
39385,MI,2024-11-12
39386,NY,2025-08-26
39387,TX,2023-12-19
39388,MA,2025-11-19
39389,GA,2024-04-22
39390,PA,2023-09-01
39391,MI,2024-12-27
39392,FL,2024-02-12
39393,IA,2025-11-12
39394,MD,2023-02-22
39395,FL,2025-12-01
39396,TX,2025-05-30
39397,MT,2025-05-02
39398,NY,2024-02-13
39399,NJ,2024-01-08
39400,AR,2024-07-08
39401,NY,2025-06-20
39402,IN,2025-03-30
39403,WI,2024-06-08
39404,OR,2025-10-19
39405,NY,2025-12-15
39406,GA,2026-02-01
39407,WA,2023-06-24
39408,MD,2025-08-18
39409,MA,2023-11-18
39410,CA,2025-12-27
39411,TX,2025-03-08
39412,IL,2024-05-06
39413,PA,2023-11-28
39414,PA,2025-05-29
39415,WA,2025-05-15
39416,CA,2025-02-09
39417,CO,2025-12-02
39418,PA,2025-04-20
39419,MN,2023-07-18
39420,WI,2026-01-20
39421,TX,2024-05-04
39422,CA,2024-06-27
39423,TX,2023-02-05
39424,VA,2025-05-05
39425,TX,2024-10-12
39426,OR,2025-03-03
39427,CA,2025-04-26
39428,CA,2023-06-22
39429,PA,2024-09-05
39430,CA,2023-10-17
39431,TX,2023-10-15
39432,MA,2026-01-30
39433,DE,2024-10-26
39434,VA,2024-03-26
39435,AR,2023-05-01
39436,IN,2025-12-16
39437,CO,2023-04-17
39438,CA,2023-08-27
39439,PA,2023-01-21
39440,NJ,2025-05-02
39441,OH,2025-08-24
39442,IL,2025-07-31
39443,MA,2023-01-11
39444,WA,2025-10-11
39445,FL,2023-12-20
39446,PA,2023-03-27
39447,NV,2024-10-17
39448,GA,2026-01-31
39449,NE,2025-05-25
39450,IA,2025-10-06
39451,KY,2024-11-04
39452,PA,2023-10-29
39453,FL,2025-12-07
39454,TX,2025-01-15
39455,CA,2025-11-11
39456,IN,2024-10-08
39457,PA,2023-06-24
39458,CA,2023-01-17
39459,CA,2024-01-31
39460,WI,2024-12-10
39461,CA,2026-01-04
39462,GA,2023-07-22
39463,CA,2023-08-21
39464,NY,2025-02-25
39465,GA,2025-10-16
39466,MA,2024-11-01
39467,CT,2026-02-12
39468,PA,2025-02-08
39469,CA,2023-04-06
39470,IA,2024-10-01
39471,WA,2023-10-01
39472,MI,2025-04-02
39473,CA,2024-08-12
39474,SC,2023-12-15
39475,NY,2025-03-12
39476,NY,2023-06-25
39477,NY,2023-12-29
39478,WA,2023-02-14
39479,CA,2025-06-24
39480,WA,2024-03-05
39481,MN,2024-11-06
39482,AZ,2025-07-16
39483,VA,2024-02-20
39484,OR,2023-05-17
39485,TX,2025-12-17
39486,CA,2025-07-20
39487,CO,2025-02-19
39488,PA,2023-06-18
39489,WY,2024-09-11
39490,OR,2024-04-06
39491,VA,2024-02-14
39492,CA,2024-07-09
39493,CA,2024-04-17
39494,CA,2024-08-20
39495,MA,2025-03-08
39496,MN,2024-08-11
39497,CA,2023-08-12
39498,GA,2025-04-05
39499,NE,2023-05-02
39500,VA,2023-09-01
39501,MS,2023-08-09
39502,CO,2023-02-04
39503,CA,2025-01-01
39504,MT,2025-12-24
39505,IL,2026-02-07
39506,TX,2025-05-02
39507,MI,2024-02-15
39508,MA,2025-09-08
39509,FL,2023-01-09
39510,TX,2025-06-24
39511,NY,2025-12-02
39512,FL,2023-04-23
39513,OR,2025-07-30
39514,ME,2025-02-04
39515,AZ,2023-08-19
39516,TX,2025-09-17
39517,IL,2025-08-16
39518,CO,2024-05-26
39519,FL,2024-11-10
39520,SD,2025-08-13
39521,CO,2024-02-19
39522,WA,2025-07-29
39523,CA,2023-02-16
39524,PA,2026-01-13
39525,IL,2024-03-06
39526,NY,2023-04-03
39527,NJ,2023-06-08
39528,TX,2025-06-13
39529,NY,2023-04-28
39530,MA,2023-06-06
39531,CO,2023-09-14
39532,WA,2024-04-12
39533,FL,2024-11-29
39534,IN,2025-02-04
39535,CA,2024-02-25
39536,PA,2026-01-06
39537,TX,2024-01-13
39538,PA,2024-01-10
39539,TX,2024-05-26
39540,WA,2024-10-03
39541,WA,2025-11-10
39542,CA,2025-03-07
39543,AZ,2026-01-04
39544,PA,2024-02-26
39545,AZ,2025-02-28
39546,OR,2024-04-28
39547,WA,2024-03-01
39548,IL,2023-05-20
39549,RI,2024-04-13
39550,MT,2024-06-03
39551,NY,2025-04-04
39552,IL,2023-07-23
39553,NJ,2025-01-22
39554,GA,2024-07-16
39555,WA,2025-06-21
39556,NC,2024-12-24
39557,CA,2025-09-22
39558,IL,2025-10-08
39559,NC,2024-02-29
39560,NC,2025-11-18
39561,CO,2025-07-21
39562,NH,2023-03-02
39563,CA,2025-12-20
39564,FL,2025-04-19
39565,PA,2025-11-09
39566,AR,2025-07-28
39567,MI,2023-02-25
39568,TX,2024-11-18
39569,TX,2025-06-29
39570,FL,2025-01-30
39571,FL,2023-07-23
39572,FL,2025-12-05
39573,PA,2024-03-16
39574,NV,2025-12-04
39575,OH,2024-07-07
39576,NY,2023-01-08
39577,MN,2023-01-14
39578,IL,2023-08-17
39579,UT,2025-03-04
39580,MA,2023-04-12
39581,WA,2024-05-15
39582,OH,2025-11-18
39583,TX,2024-12-03
39584,WA,2023-12-20
39585,CA,2025-09-08
39586,MA,2024-03-18
39587,IL,2023-10-30
39588,MA,2025-01-29
39589,TX,2024-06-07
39590,UT,2025-11-13
39591,PA,2024-05-30
39592,NC,2023-01-08
39593,MA,2024-11-06
39594,AZ,2026-02-11
39595,AL,2024-07-15
39596,TX,2023-08-26
39597,TX,2025-03-06
39598,CA,2025-12-21
39599,NY,2025-05-10
39600,MA,2026-02-24
39601,CO,2025-01-02
39602,AZ,2023-06-09
39603,OK,2025-06-26
39604,PA,2024-08-24
39605,GA,2024-09-09
39606,CA,2023-03-12
39607,SC,2025-07-10
39608,MA,2025-05-18
39609,CA,2023-02-01
39610,MA,2025-04-26
39611,OR,2024-04-07
39612,WA,2024-12-10
39613,NJ,2023-09-04
39614,NY,2023-05-09
39615,MD,2023-11-29
39616,TX,2026-01-03
39617,CO,2025-09-10
39618,CA,2026-01-18
39619,WA,2025-03-03
39620,CA,2023-02-21
39621,FL,2025-03-30
39622,GA,2025-11-01
39623,FL,2023-02-15
39624,IL,2023-05-17
39625,CA,2026-01-25
39626,MI,2025-07-24
39627,IL,2023-06-11
39628,TX,2026-01-16
39629,MI,2025-12-12
39630,TX,2023-04-19
39631,FL,2023-02-14
39632,FL,2025-05-14
39633,MD,2025-08-30
39634,VA,2025-04-06
39635,SC,2023-11-14
39636,MA,2025-02-05
39637,VT,2024-03-06
39638,CA,2024-11-29
39639,NJ,2024-01-21
39640,MD,2025-10-14
39641,CA,2025-08-13
39642,NY,2025-06-20
39643,CA,2024-06-20
39644,OR,2023-02-22
39645,NY,2025-09-06
39646,MD,2024-01-15
39647,AZ,2023-04-24
39648,WA,2025-08-25
39649,TX,2025-09-20
39650,VA,2025-05-09
39651,IL,2023-09-15
39652,MO,2023-05-25
39653,OR,2024-05-17
39654,RI,2025-09-20
39655,TX,2025-07-11
39656,KY,2025-05-09
39657,IL,2024-09-05
39658,MN,2025-02-12
39659,TX,2023-09-19
39660,DE,2024-06-23
39661,CA,2024-05-04
39662,AZ,2023-08-10
39663,CA,2025-09-19
39664,TX,2026-02-20
39665,PA,2025-07-31
39666,AL,2025-09-02
39667,CA,2023-08-03
39668,GA,2024-02-19
39669,MI,2024-09-18
39670,WA,2024-12-26
39671,OH,2024-01-20
39672,AR,2024-10-14
39673,MD,2024-11-21
39674,MI,2024-05-27
39675,TX,2024-02-01
39676,GA,2025-03-20
39677,AZ,2023-10-12
39678,CA,2025-05-11
39679,AR,2024-02-04
39680,FL,2026-02-02
39681,NY,2024-11-04
39682,WA,2024-05-17
39683,NY,2023-02-09
39684,CA,2025-08-20
39685,NY,2023-12-15
39686,TX,2023-08-10
39687,WA,2025-08-08
39688,NY,2023-03-05
39689,MA,2025-10-24
39690,AL,2025-05-28
39691,MA,2025-10-04
39692,AZ,2025-11-07
39693,CA,2025-10-20
39694,FL,2025-10-30
39695,VT,2025-02-20
39696,MA,2025-08-04
39697,IL,2023-12-17
39698,IL,2023-04-09
39699,NY,2025-04-08
39700,OR,2025-06-16
39701,FL,2025-11-23
39702,WA,2023-12-15
39703,MI,2024-07-30
39704,CA,2023-06-25
39705,TX,2023-02-16
39706,AZ,2025-10-31
39707,MA,2023-07-09
39708,GA,2025-06-18
39709,FL,2023-03-27
39710,TX,2024-06-28
39711,OR,2024-08-29
39712,CO,2023-11-26
39713,NV,2024-02-23
39714,NC,2025-10-15
39715,CA,2024-06-18
39716,TX,2025-12-08
39717,CA,2025-04-23
39718,IN,2025-01-02
39719,GA,2025-10-22
39720,LA,2025-05-17
39721,OH,2023-06-03
39722,TX,2023-05-25
39723,OH,2024-12-26
39724,SD,2025-03-17
39725,IL,2024-06-21
39726,CO,2025-07-06
39727,MI,2024-12-15
39728,CA,2023-12-10
39729,FL,2025-08-11
39730,MO,2025-11-18
39731,TX,2026-02-12
39732,MD,2024-04-26
39733,MA,2026-02-07
39734,CA,2024-02-09
39735,CA,2024-12-17
39736,SC,2025-02-01
39737,WA,2024-05-27
39738,WA,2023-10-11
39739,AR,2024-12-26
39740,NJ,2023-05-04
39741,WA,2023-11-10
39742,MD,2024-09-01
39743,KY,2023-03-07
39744,WI,2023-09-02
39745,MA,2025-08-31
39746,SC,2023-12-25
39747,OH,2023-05-06
39748,AZ,2025-01-01
39749,TX,2023-10-10
39750,WA,2023-01-30
39751,LA,2023-11-28
39752,NY,2025-02-06
39753,IN,2024-01-20
39754,FL,2025-10-13
39755,MA,2024-01-04
39756,PA,2025-08-15
39757,IL,2025-02-07
39758,CO,2024-10-06
39759,FL,2025-08-01
39760,CA,2025-12-30
39761,FL,2023-10-09
39762,OK,2023-11-01
39763,NJ,2023-09-16
39764,FL,2024-11-19
39765,NY,2024-06-15
39766,WA,2024-03-03
39767,NY,2023-05-17
39768,MA,2024-12-03
39769,CA,2024-03-25
39770,NY,2023-04-15
39771,CO,2023-10-26
39772,NY,2025-04-11
39773,CA,2023-04-07
39774,MS,2025-03-22
39775,FL,2023-01-05
39776,FL,2024-05-26
39777,UT,2025-06-05
39778,UT,2025-07-18
39779,KS,2023-07-03
39780,PA,2023-12-12
39781,MD,2025-11-19
39782,RI,2025-04-03
39783,WA,2023-05-04
39784,MD,2024-04-14
39785,CA,2025-07-09
39786,GA,2023-11-20
39787,FL,2023-10-11
39788,VA,2025-10-10
39789,VA,2025-04-21
39790,MA,2023-03-14
39791,IL,2026-02-24
39792,MA,2025-06-15
39793,CA,2023-08-10
39794,FL,2023-11-27
39795,MI,2023-06-02
39796,CA,2023-10-24
39797,CA,2024-08-03
39798,NC,2024-12-31
39799,OH,2025-12-16
39800,WA,2025-10-23
39801,NY,2025-06-22
39802,PA,2024-07-24
39803,VA,2025-03-14
39804,NC,2024-11-25
39805,VA,2024-08-13
39806,CA,2023-06-18
39807,FL,2026-01-02
39808,NC,2024-07-24
39809,NC,2023-03-30
39810,FL,2023-03-11
39811,NJ,2025-04-02
39812,NY,2025-05-18
39813,VA,2024-09-03
39814,MS,2025-09-26
39815,NC,2023-04-06
39816,WA,2025-02-28
39817,CA,2023-12-19
39818,NY,2025-10-11
39819,NH,2025-05-17
39820,WA,2024-08-16
39821,KS,2024-02-01
39822,WA,2026-01-02
39823,NY,2024-05-13
39824,WA,2025-12-25
39825,MA,2024-05-21
39826,IL,2025-07-14
39827,TN,2023-05-27
39828,MA,2025-01-31
39829,FL,2024-11-18
39830,IN,2023-04-06
39831,CA,2025-06-08
39832,MN,2024-10-06
39833,IL,2023-08-22
39834,OR,2024-11-13
39835,NJ,2023-11-27
39836,WA,2024-04-27
39837,WA,2025-10-02
39838,CA,2024-05-14
39839,WA,2025-04-06
39840,NE,2025-01-18
39841,MA,2025-01-19
39842,AZ,2023-04-04
39843,WI,2023-12-16
39844,WI,2023-07-22
39845,WA,2023-08-02
39846,CA,2023-04-17
39847,LA,2025-04-30
39848,IA,2024-01-09
39849,RI,2025-11-24
39850,MS,2024-06-30
39851,GA,2025-10-21
39852,NY,2024-07-12
39853,NJ,2026-02-06
39854,CA,2026-02-08
39855,WA,2025-11-15
39856,PA,2023-11-12
39857,UT,2024-10-19
39858,VA,2023-11-15
39859,MA,2024-07-06
39860,MD,2024-12-22
39861,NY,2025-12-02
39862,CA,2025-01-05
39863,NY,2025-09-15
39864,IL,2024-11-19
39865,MA,2024-02-29
39866,CO,2024-12-24
39867,WA,2023-12-21
39868,MA,2024-08-21
39869,NY,2023-11-08
39870,TX,2024-09-20
39871,PA,2024-07-27
39872,NY,2024-09-03
39873,NE,2025-11-26
39874,OK,2025-02-26
39875,MI,2024-06-30
39876,NH,2023-12-20
39877,IN,2023-01-19
39878,VA,2025-10-28
39879,WA,2025-02-22
39880,WA,2026-02-16
39881,NY,2024-04-01
39882,VA,2025-07-14
39883,OR,2025-10-29
39884,KY,2025-08-14
39885,CA,2024-07-05
39886,FL,2025-04-26
39887,CA,2023-09-24
39888,FL,2023-11-25
39889,CA,2025-11-05
39890,PA,2023-10-08
39891,CA,2025-10-01
39892,NJ,2024-04-22
39893,WI,2025-09-20
39894,MI,2023-03-06
39895,WA,2023-06-09
39896,CA,2026-02-22
39897,MA,2023-03-16
39898,FL,2024-07-06
39899,MI,2024-05-19
39900,TX,2025-05-31
39901,CO,2024-07-26
39902,NH,2025-08-06
39903,NY,2025-09-28
39904,MI,2024-09-05
39905,MO,2023-02-22
39906,CA,2023-08-16
39907,NJ,2023-04-10
39908,TN,2025-07-10
39909,MI,2025-04-08
39910,TX,2025-11-24
39911,CA,2023-09-16
39912,FL,2023-11-16
39913,CA,2023-05-19
39914,MA,2023-05-10
39915,NY,2025-08-18
39916,FL,2025-09-13
39917,WA,2025-03-18
39918,IL,2024-09-09
39919,TN,2025-06-29
39920,TX,2023-04-09
39921,AR,2025-02-12
39922,PA,2025-05-15
39923,FL,2023-01-21
39924,AK,2025-05-01
39925,MA,2024-12-03
39926,WI,2023-11-04
39927,NY,2024-04-02
39928,GA,2025-01-26
39929,NJ,2024-06-04
39930,NJ,2024-09-26
39931,CA,2025-11-21
39932,UT,2026-02-09
39933,PA,2024-12-24
39934,SC,2025-06-28
39935,OR,2023-10-04
39936,IN,2023-11-24
39937,CA,2023-04-26
39938,VA,2025-05-13
39939,FL,2024-07-05
39940,CA,2025-12-17
39941,CO,2026-02-12
39942,CA,2024-01-23
39943,IN,2023-11-09
39944,WA,2024-07-01
39945,DE,2023-09-10
39946,WA,2025-12-11
39947,CO,2025-07-06
39948,TX,2024-06-05
39949,OR,2023-06-01
39950,NY,2023-02-21
39951,NY,2025-07-23
39952,MA,2024-08-07
39953,TX,2023-09-07
39954,MA,2024-08-18
39955,RI,2025-04-14
39956,GA,2024-05-13
39957,PA,2023-04-22
39958,FL,2026-01-31
39959,IN,2025-11-01
39960,FL,2025-03-20
39961,MN,2024-04-14
39962,GA,2025-01-08
39963,CA,2025-07-15
39964,WA,2024-05-18
39965,FL,2025-06-12
39966,TX,2025-11-26
39967,VT,2023-05-17
39968,LA,2024-04-08
39969,FL,2026-02-13
39970,AZ,2023-11-25
39971,IN,2026-02-13
39972,KY,2025-03-25
39973,NY,2025-10-06
39974,VA,2023-11-25
39975,PA,2024-04-19
39976,TN,2025-03-06
39977,NY,2023-02-04
39978,VA,2023-12-29
39979,AZ,2023-06-15
39980,CA,2024-11-11
39981,MN,2025-04-14
39982,IL,2024-11-26
39983,FL,2024-01-22
39984,MD,2024-07-16
39985,TX,2024-08-11
39986,MA,2024-03-08
39987,TX,2023-08-14
39988,OR,2025-09-16
39989,AZ,2025-09-19
39990,NJ,2023-01-16
39991,WA,2025-04-16
39992,CO,2025-10-28
39993,IL,2025-01-03
39994,NY,2023-06-15
39995,AZ,2023-11-08
39996,OK,2024-06-15
39997,AR,2025-12-11
39998,MA,2023-11-17
39999,NY,2024-07-31
40000,FL,2025-10-08
40001,CA,2023-10-02
40002,NC,2025-01-14
40003,OK,2024-03-28
40004,MI,2025-05-24
40005,KY,2026-01-19
40006,PA,2025-07-19
40007,FL,2024-11-29
40008,NY,2024-10-29
40009,AZ,2023-09-16
40010,CT,2025-07-11
40011,MO,2025-06-01
40012,IL,2023-01-04
40013,MA,2023-03-10
40014,NY,2025-05-22
40015,MN,2025-03-01
40016,CO,2025-09-09
40017,PA,2025-06-27
40018,KS,2023-10-10
40019,VA,2024-09-22
40020,WA,2025-10-12
40021,MT,2023-02-18
40022,OR,2025-11-24
40023,MI,2025-07-22
40024,FL,2023-07-01
40025,TN,2023-04-30
40026,TX,2023-09-25
40027,CA,2025-02-09
40028,PA,2025-02-08
40029,TX,2023-10-05
40030,NY,2025-03-13
40031,WA,2024-06-04
40032,NE,2025-05-04
40033,AR,2025-02-23
40034,FL,2024-10-15
40035,FL,2023-09-01
40036,NY,2025-07-16
40037,FL,2024-11-28
40038,OR,2025-11-25
40039,NY,2025-08-27
40040,FL,2024-11-04
40041,CA,2024-12-12
40042,NY,2023-01-18
40043,WA,2025-07-10
40044,CA,2025-05-26
40045,WA,2023-01-22
40046,NC,2023-08-05
40047,CO,2025-05-02
40048,CA,2024-05-08
40049,MA,2023-07-20
40050,FL,2025-05-22
40051,SC,2023-09-20
40052,NM,2024-02-21
40053,MN,2023-03-07
40054,TX,2025-10-06
40055,WA,2024-03-31
40056,PA,2024-08-31
40057,NY,2025-08-12
40058,AR,2023-04-03
40059,MI,2025-02-07
40060,PA,2025-05-12
40061,PA,2023-06-29
40062,CO,2025-11-24
40063,CT,2024-03-03
40064,OR,2024-06-15
40065,TX,2023-08-03
40066,VA,2025-12-12
40067,NV,2024-03-23
40068,GA,2024-11-11
40069,TX,2025-05-28
40070,GA,2023-01-26
40071,MD,2024-10-06
40072,TX,2023-07-16
40073,NY,2023-04-22
40074,TX,2024-01-17
40075,MA,2025-11-17
40076,MA,2024-01-13
40077,NY,2026-01-09
40078,KY,2025-11-04
40079,IL,2025-02-19
40080,VA,2023-01-23
40081,CA,2023-12-02
40082,PA,2023-10-08
40083,AZ,2023-06-09
40084,NY,2023-10-11
40085,KS,2023-04-01
40086,IN,2024-05-07
40087,WA,2024-04-28
40088,CA,2023-05-20
40089,MA,2025-11-09
40090,LA,2025-07-27
40091,IN,2024-03-09
40092,OR,2025-07-12
40093,NC,2023-01-25
40094,MN,2025-11-20
40095,KY,2023-06-17
40096,PA,2025-12-26
40097,TX,2025-10-31
40098,MN,2024-02-15
40099,TX,2023-05-20
40100,CA,2024-04-25
40101,FL,2024-05-20
40102,AL,2025-04-17
40103,NY,2025-07-28
40104,TX,2023-08-01
40105,FL,2023-12-11
40106,TX,2024-07-12
40107,TX,2023-02-05
40108,FL,2025-12-03
40109,AL,2025-07-07
40110,MD,2024-02-11
40111,CA,2023-03-28
40112,OK,2025-11-24
40113,WA,2024-12-21
40114,FL,2023-06-15
40115,FL,2025-07-03
40116,GA,2025-05-28
40117,MO,2024-03-22
40118,ME,2024-06-18
40119,NC,2025-11-15
40120,AK,2023-01-30
40121,MA,2025-02-25
40122,UT,2024-11-09
40123,UT,2023-08-12
40124,NC,2023-04-16
40125,AL,2023-03-02
40126,WA,2023-06-25
40127,TX,2024-08-30
40128,CA,2023-05-21
40129,IL,2023-03-27
40130,IL,2024-09-26
40131,AZ,2023-12-19
40132,OR,2026-02-05
40133,TX,2023-06-28
40134,HI,2024-08-04
40135,WA,2025-09-02
40136,FL,2024-09-30
40137,NY,2024-02-18
40138,TX,2023-07-25
40139,CA,2025-08-07
40140,AZ,2025-02-13
40141,NC,2025-12-26
40142,ME,2024-04-23
40143,NC,2023-08-13
40144,MA,2025-12-20
40145,NY,2023-01-15
40146,WA,2023-02-19
40147,FL,2026-01-29
40148,WY,2025-08-21
40149,NJ,2025-10-30
40150,CO,2025-01-25
40151,OR,2023-05-03
40152,WA,2024-10-23
40153,MA,2024-11-01
40154,FL,2025-09-22
40155,GA,2023-09-10
40156,MD,2026-01-26
40157,OH,2024-12-20
40158,TX,2023-10-02
40159,FL,2024-05-18
40160,TX,2025-04-25
40161,TX,2024-07-12
40162,CA,2024-09-18
40163,FL,2024-11-26
40164,MA,2024-01-05
40165,CO,2024-06-06
40166,CA,2024-08-11
40167,FL,2023-12-13
40168,CA,2023-02-28
40169,WA,2024-12-05
40170,FL,2023-02-01
40171,PA,2023-07-27
40172,MA,2023-12-04
40173,IL,2023-06-28
40174,MA,2023-11-06
40175,PA,2024-02-13
40176,MD,2023-05-18
40177,OR,2024-01-26
40178,AL,2024-01-17
40179,AL,2024-12-05
40180,TX,2025-09-19
40181,WA,2024-10-08
40182,MD,2023-02-14
40183,NC,2024-04-06
40184,TX,2025-11-27
40185,MA,2025-01-16
40186,WA,2025-12-26
40187,NY,2024-08-09
40188,WA,2023-09-21
40189,MA,2024-08-27
40190,WA,2025-11-01
40191,IL,2024-08-16
40192,MA,2023-06-20
40193,CA,2025-06-21
40194,CA,2025-09-02
40195,SC,2024-07-10
40196,CA,2024-06-20
40197,NY,2023-01-04
40198,ME,2023-08-18
40199,NY,2025-08-03
40200,LA,2025-06-12
40201,MA,2023-07-14
40202,WA,2023-06-05
40203,MD,2023-04-20
40204,MA,2025-10-17
40205,UT,2023-03-02
40206,MN,2024-09-28
40207,SC,2024-08-19
40208,MA,2024-12-21
40209,FL,2025-12-02
40210,OH,2025-09-13
40211,CA,2023-10-11
40212,IA,2025-02-01
40213,LA,2024-08-01
40214,NJ,2024-12-19
40215,MD,2025-04-15
40216,CO,2024-07-01
40217,CO,2024-01-18
40218,IL,2025-03-08
40219,LA,2023-12-15
40220,TX,2025-03-01
40221,WA,2024-03-22
40222,PA,2025-06-06
40223,NY,2023-03-13
40224,OR,2023-10-26
40225,CA,2026-01-03
40226,MA,2024-10-10
40227,TN,2025-01-19
40228,PA,2023-10-08
40229,OH,2025-09-11
40230,IN,2024-04-06
40231,PA,2023-10-14
40232,CA,2024-10-14
40233,IN,2025-04-12
40234,GA,2024-10-31
40235,NY,2023-07-20
40236,CA,2024-06-24
40237,NY,2023-04-05
40238,FL,2023-05-11
40239,CT,2025-08-19
40240,CA,2026-03-01
40241,CA,2023-04-24
40242,AZ,2024-04-09
40243,NC,2026-01-18
40244,NV,2025-03-08
40245,PA,2024-08-21
40246,MA,2024-11-29
40247,MN,2023-09-05
40248,MA,2024-09-02
40249,CO,2024-07-16
40250,NY,2024-07-23
40251,NJ,2023-06-25
40252,AZ,2024-04-30
40253,NJ,2024-11-07
40254,SC,2023-05-15
40255,TX,2025-10-19
40256,IL,2024-07-25
40257,IL,2025-03-11
40258,PA,2024-11-21
40259,WA,2023-05-03
40260,MD,2025-07-20
40261,MO,2025-03-16
40262,CA,2023-12-17
40263,CO,2024-03-06
40264,VA,2024-08-11
40265,ND,2026-01-15
40266,TX,2025-09-05
40267,FL,2023-03-26
40268,VA,2025-02-24
40269,IL,2023-12-26
40270,PA,2025-10-20
40271,NY,2023-11-07
40272,TX,2023-11-06
40273,KY,2026-02-02
40274,TX,2025-10-19
40275,SC,2025-02-15
40276,OR,2024-11-06
40277,CA,2024-10-09
40278,AL,2023-09-09
40279,WY,2026-02-19
40280,GA,2025-03-27
40281,CA,2023-08-06
40282,GA,2023-06-19
40283,OR,2024-11-01
40284,FL,2023-03-17
40285,OR,2023-12-23
40286,NM,2023-12-23
40287,NY,2025-08-13
40288,PA,2023-11-14
40289,MA,2026-01-26
40290,CA,2025-02-22
40291,OR,2023-04-15
40292,KS,2024-10-08
40293,CA,2025-04-24
40294,MA,2023-07-15
40295,WI,2025-09-17
40296,CO,2024-12-14
40297,TX,2025-06-26
40298,NY,2025-09-20
40299,TX,2024-08-26
40300,IL,2023-02-16
40301,WA,2024-07-16
40302,MI,2024-05-31
40303,TX,2023-10-31
40304,KY,2025-09-07
40305,VA,2025-03-09
40306,NC,2024-02-28
40307,MD,2024-01-26
40308,IL,2025-05-16
40309,NV,2026-01-13
40310,TX,2023-10-23
40311,MN,2024-04-26
40312,NY,2025-04-29
40313,IL,2024-04-09
40314,NY,2023-05-25
40315,VA,2025-09-11
40316,CO,2023-07-27
40317,TX,2024-03-21
40318,AR,2024-02-18
40319,TX,2025-04-02
40320,NJ,2024-06-28
40321,GA,2026-02-01
40322,GA,2025-12-01
40323,TX,2026-02-28
40324,ID,2024-12-03
40325,CA,2025-01-25
40326,TX,2024-01-27
40327,KY,2023-03-02
40328,MI,2024-10-31
40329,NV,2025-03-28
40330,CA,2025-12-28
40331,NY,2023-10-21
40332,MA,2023-04-05
40333,MA,2025-01-29
40334,TX,2023-09-15
40335,VA,2023-07-27
40336,IL,2024-01-29
40337,NY,2024-06-24
40338,NC,2025-01-03
40339,IL,2025-09-06
40340,NJ,2024-05-04
40341,MD,2024-03-31
40342,CA,2023-04-08
40343,MA,2023-06-22
40344,MA,2024-09-30
40345,TX,2024-08-05
40346,ME,2024-11-28
40347,CA,2024-08-18
40348,CA,2025-03-11
40349,NH,2025-05-12
40350,SC,2024-12-30
40351,CA,2024-01-17
40352,NY,2025-08-04
40353,TX,2023-06-15
40354,GA,2025-09-02
40355,PA,2023-01-12
40356,CO,2024-03-24
40357,CA,2023-07-07
40358,WA,2023-08-30
40359,FL,2024-06-13
40360,LA,2024-04-02
40361,FL,2025-02-12
40362,IL,2023-03-07
40363,TX,2025-12-28
40364,NY,2024-09-30
40365,CT,2026-02-22
40366,OH,2026-01-30
40367,CA,2024-05-25
40368,NY,2025-10-16
40369,MA,2024-12-03
40370,CA,2024-09-18
40371,IL,2023-08-28
40372,MA,2024-03-21
40373,WA,2023-02-28
40374,CA,2024-08-16
40375,FL,2024-12-26
40376,NV,2023-11-20
40377,FL,2023-01-09
40378,CA,2024-03-31
40379,WI,2025-02-15
40380,AZ,2024-09-04
40381,KY,2023-04-28
40382,FL,2024-03-28
40383,MA,2024-02-11
40384,MA,2024-08-14
40385,PA,2024-05-06
40386,VA,2024-07-04
40387,WA,2024-05-29
40388,MO,2024-06-21
40389,FL,2025-10-11
40390,OH,2025-12-11
40391,MD,2025-09-04
40392,IL,2024-01-12
40393,PA,2023-08-02
40394,NC,2024-07-21
40395,PA,2024-04-30
40396,IL,2024-07-08
40397,WA,2025-11-16
40398,MA,2023-02-02
40399,CA,2026-02-24
40400,FL,2025-03-06
40401,NY,2023-12-16
40402,KY,2025-05-15
40403,PA,2026-01-09
40404,CO,2024-11-21
40405,NY,2024-12-04
40406,MN,2024-06-30
40407,WA,2024-02-24
40408,NC,2023-09-19
40409,TX,2024-05-07
40410,HI,2025-01-02
40411,CA,2026-02-25
40412,NY,2023-09-27
40413,AZ,2023-07-20
40414,VA,2025-04-03
40415,MS,2025-07-09
40416,WA,2023-08-02
40417,TX,2025-07-02
40418,IL,2023-05-22
40419,KS,2025-01-13
40420,OR,2023-08-20
40421,TX,2024-03-18
40422,GA,2023-11-09
40423,TX,2023-07-20
40424,TX,2023-01-03
40425,KY,2023-12-19
40426,TX,2023-05-17
40427,CO,2023-02-18
40428,NY,2025-10-17
40429,GA,2025-03-25
40430,CA,2025-11-10
40431,GA,2023-02-19
40432,NY,2023-06-24
40433,MA,2024-09-17
40434,NY,2025-02-13
40435,WA,2025-03-15
40436,MI,2024-02-20
40437,OH,2024-08-01
40438,KY,2025-03-05
40439,AZ,2024-07-16
40440,AZ,2024-11-18
40441,ME,2023-08-31
40442,NY,2023-06-30
40443,NY,2025-12-07
40444,FL,2025-02-16
40445,TX,2024-08-28
40446,FL,2025-10-04
40447,NY,2023-03-27
40448,TX,2023-04-05
40449,MA,2023-02-15
40450,TX,2023-02-05
40451,AZ,2023-01-10
40452,LA,2025-06-10
40453,GA,2025-11-16
40454,NC,2024-08-13
40455,CO,2023-02-01
40456,NY,2023-02-15
40457,AZ,2024-07-25
40458,CA,2025-12-27
40459,TX,2023-01-17
40460,UT,2023-07-04
40461,TX,2025-02-25
40462,PA,2024-08-16
40463,VA,2025-12-14
40464,NY,2024-05-03
40465,MN,2023-01-04
40466,CA,2025-11-08
40467,CA,2025-07-15
40468,CA,2023-05-11
40469,IL,2024-05-12
40470,TX,2024-08-01
40471,NY,2023-06-30
40472,NY,2024-10-09
40473,CA,2024-01-11
40474,MO,2024-10-06
40475,TX,2025-12-23
40476,IL,2024-04-23
40477,IL,2024-06-22
40478,AL,2025-04-29
40479,AZ,2024-04-16
40480,MA,2025-03-04
40481,TN,2024-05-01
40482,NY,2025-03-19
40483,TX,2025-10-16
40484,NY,2024-10-15
40485,NC,2023-02-17
40486,PA,2023-12-13
40487,NY,2025-11-22
40488,MA,2023-12-29
40489,NC,2025-11-13
40490,AR,2023-02-19
40491,PA,2024-11-12
40492,WI,2026-01-23
40493,MA,2023-08-07
40494,WA,2024-01-16
40495,AL,2024-10-14
40496,VA,2025-07-15
40497,FL,2025-12-18
40498,CO,2024-03-17
40499,TX,2024-08-16
40500,WA,2023-09-07
40501,NY,2026-01-20
40502,ID,2024-08-09
40503,AL,2025-07-06
40504,WA,2025-10-05
40505,TX,2025-11-03
40506,FL,2024-12-27
40507,NC,2025-08-19
40508,RI,2026-01-07
40509,IL,2024-03-09
40510,WI,2024-04-21
40511,TX,2025-01-06
40512,KS,2023-08-28
40513,CO,2024-02-05
40514,ID,2024-06-12
40515,MA,2025-10-29
40516,NY,2024-01-19
40517,NJ,2025-05-16
40518,CO,2025-05-12
40519,PA,2023-09-25
40520,IN,2025-09-16
40521,NY,2025-04-25
40522,CA,2023-09-17
40523,MD,2025-06-22
40524,NC,2024-08-05
40525,OR,2024-06-12
40526,WA,2026-01-30
40527,NJ,2025-07-06
40528,WA,2026-02-01
40529,CT,2024-06-04
40530,IL,2025-12-19
40531,MA,2023-10-03
40532,CA,2023-05-03
40533,NY,2024-04-11
40534,NJ,2025-08-20
40535,NC,2023-02-01
40536,MA,2023-06-23
40537,MI,2025-04-11
40538,MI,2023-06-10
40539,CO,2025-03-25
40540,IN,2023-11-21
40541,NJ,2024-09-29
40542,ND,2023-10-12
40543,GA,2023-07-06
40544,NY,2023-03-26
40545,NY,2025-01-07
40546,KS,2024-11-19
40547,IL,2023-08-27
40548,SD,2025-12-06
40549,CA,2024-12-04
40550,MO,2023-06-23
40551,FL,2025-08-12
40552,TX,2024-11-02
40553,MA,2025-05-15
40554,CO,2024-12-25
40555,SC,2023-04-01
40556,MI,2024-11-07
40557,TX,2023-06-29
40558,TX,2024-03-02
40559,TX,2023-04-19
40560,CA,2024-06-29
40561,TX,2024-12-01
40562,TX,2023-11-23
40563,NY,2024-11-15
40564,NY,2024-11-11
40565,CT,2024-07-31
40566,AZ,2023-09-28
40567,NY,2024-09-29
40568,TN,2024-05-18
40569,NY,2023-09-29
40570,WV,2023-09-16
40571,PA,2025-07-11
40572,LA,2023-08-26
40573,TX,2024-02-11
40574,NH,2023-10-31
40575,MD,2023-10-30
40576,NJ,2025-07-15
40577,NJ,2023-06-13
40578,AL,2025-07-08
40579,FL,2023-12-20
40580,CO,2024-12-02
40581,WA,2026-02-26
40582,NV,2025-02-26
40583,CA,2025-08-23
40584,MO,2024-12-09
40585,PA,2025-05-10
40586,MI,2025-04-17
40587,CA,2025-08-03
40588,NY,2024-04-25
40589,SC,2024-02-26
40590,MA,2025-05-10
40591,NJ,2023-04-18
40592,NY,2025-09-18
40593,NY,2023-01-29
40594,NM,2023-04-25
40595,AZ,2024-06-30
40596,GA,2025-03-25
40597,MD,2024-11-02
40598,PA,2024-09-30
40599,NY,2023-03-12
40600,NY,2024-01-29
40601,CA,2024-09-01
40602,VA,2024-08-31
40603,IN,2024-06-21
40604,CA,2023-06-25
40605,CA,2023-01-13
40606,NM,2024-10-31
40607,MD,2023-08-12
40608,MA,2024-04-28
40609,IL,2023-07-13
40610,CA,2023-05-05
40611,FL,2024-06-02
40612,CA,2023-11-08
40613,VA,2024-07-20
40614,WA,2024-12-30
40615,FL,2024-06-01
40616,OH,2023-09-21
40617,WI,2025-04-20
40618,PA,2024-08-09
40619,CA,2023-08-04
40620,NC,2023-11-22
40621,FL,2024-07-05
40622,CO,2024-11-26
40623,CA,2024-08-14
40624,PA,2023-12-10
40625,CA,2026-02-01
40626,CT,2024-05-22
40627,IL,2023-11-10
40628,TX,2023-12-13
40629,CA,2025-08-27
40630,PA,2025-04-01
40631,NY,2023-01-09
40632,OH,2025-03-29
40633,CA,2024-10-11
40634,FL,2024-07-14
40635,PA,2024-10-31
40636,NJ,2023-09-22
40637,NY,2024-01-13
40638,TX,2025-06-12
40639,NY,2025-03-04
40640,AK,2023-06-11
40641,MI,2026-02-25
40642,WA,2023-01-27
40643,AL,2026-01-12
40644,WA,2025-11-07
40645,TX,2025-11-30
40646,MI,2025-05-21
40647,AZ,2023-01-18
40648,IL,2023-07-08
40649,FL,2023-07-19
40650,WA,2024-04-30
40651,NC,2025-12-12
40652,VA,2023-03-21
40653,CA,2025-03-04
40654,NY,2023-09-04
40655,CA,2023-02-25
40656,FL,2023-07-08
40657,MN,2023-09-21
40658,MD,2025-01-06
40659,CA,2025-08-23
40660,IN,2024-12-04
40661,MA,2025-04-19
40662,FL,2024-08-04
40663,TN,2024-06-01
40664,MT,2024-06-17
40665,TX,2024-04-17
40666,NY,2024-08-29
40667,FL,2024-12-01
40668,WA,2024-08-03
40669,FL,2024-07-22
40670,WY,2024-10-26
40671,CA,2023-06-02
40672,ID,2025-06-04
40673,KY,2024-11-03
40674,AZ,2023-12-29
40675,CO,2025-10-28
40676,NJ,2023-05-21
40677,CA,2023-11-13
40678,CA,2024-01-27
40679,WI,2023-08-28
40680,IN,2024-05-20
40681,NJ,2024-09-20
40682,FL,2025-05-22
40683,FL,2023-01-27
40684,MD,2025-06-17
40685,WA,2025-03-11
40686,WV,2023-06-05
40687,SC,2023-08-01
40688,IA,2023-06-29
40689,WA,2025-03-07
40690,RI,2023-04-03
40691,TX,2025-04-08
40692,AZ,2024-10-23
40693,CA,2023-02-14
40694,MD,2024-08-15
40695,MD,2024-12-27
40696,NJ,2024-06-25
40697,WA,2023-05-22
40698,KY,2024-12-29
40699,WA,2025-10-05
40700,CA,2025-05-27
40701,MA,2024-09-19
40702,MI,2023-02-22
40703,TX,2023-05-23
40704,CA,2023-02-02
40705,VA,2024-12-04
40706,AL,2024-07-21
40707,RI,2023-01-09
40708,MA,2023-05-12
40709,MA,2024-08-05
40710,MA,2026-02-01
40711,IL,2023-09-04
40712,FL,2025-12-20
40713,TX,2024-02-24
40714,CT,2023-09-21
40715,AZ,2024-08-24
40716,NY,2025-12-04
40717,NY,2023-09-27
40718,FL,2024-04-12
40719,WA,2024-08-06
40720,MI,2024-01-11
40721,IL,2024-07-17
40722,WA,2024-11-23
40723,CO,2026-02-27
40724,WA,2025-08-02
40725,MN,2024-11-29
40726,MD,2025-04-14
40727,UT,2023-03-21
40728,WA,2023-05-17
40729,CO,2024-09-06
40730,NE,2023-01-02
40731,TX,2023-03-16
40732,CA,2025-09-10
40733,CA,2025-07-27
40734,MN,2025-10-04
40735,WA,2023-09-09
40736,FL,2025-04-06
40737,CA,2024-04-14
40738,MI,2025-07-18
40739,FL,2024-01-18
40740,TX,2025-06-14
40741,NY,2023-06-13
40742,WA,2025-11-22
40743,AZ,2025-01-16
40744,GA,2023-01-18
40745,MD,2023-08-05
40746,NY,2023-01-05
40747,NC,2024-01-07
40748,NC,2025-07-20
40749,CA,2023-09-27
40750,CA,2025-09-09
40751,AZ,2025-03-26
40752,AR,2025-03-30
40753,NY,2023-04-19
40754,FL,2024-10-10
40755,NC,2025-09-07
40756,MN,2026-02-05
40757,PA,2025-05-25
40758,NY,2025-10-13
40759,IL,2024-12-26
40760,MN,2023-03-10
40761,MA,2025-02-17
40762,MO,2023-10-11
40763,WA,2024-03-12
40764,CA,2024-09-09
40765,OR,2025-03-18
40766,OH,2024-07-08
40767,NC,2025-08-24
40768,CA,2023-11-23
40769,AL,2024-09-15
40770,OR,2025-04-26
40771,WA,2023-08-25
40772,UT,2024-12-07
40773,NC,2025-03-23
40774,LA,2023-08-06
40775,CA,2025-05-11
40776,CA,2023-02-16
40777,NY,2025-01-11
40778,NY,2023-10-12
40779,FL,2023-01-25
40780,AZ,2024-09-13
40781,OR,2024-03-06
40782,FL,2025-12-22
40783,NY,2024-01-07
40784,PA,2023-11-28
40785,OR,2024-11-27
40786,MA,2025-06-28
40787,VT,2025-06-16
40788,UT,2024-07-23
40789,FL,2024-12-27
40790,TX,2024-02-23
40791,NY,2024-04-13
40792,WA,2025-02-05
40793,WA,2024-01-06
40794,CA,2023-07-09
40795,MN,2025-05-11
40796,PA,2026-02-08
40797,TX,2024-08-18
40798,CA,2025-09-09
40799,MN,2023-03-25
40800,NY,2025-03-24
40801,CA,2024-01-23
40802,TX,2024-07-27
40803,TX,2024-01-18
40804,FL,2024-10-11
40805,MN,2023-05-13
40806,FL,2025-05-13
40807,TX,2024-10-19
40808,NJ,2026-01-17
40809,NV,2025-02-05
40810,GA,2023-07-28
40811,WA,2023-12-21
40812,IL,2024-05-04
40813,WA,2024-09-03
40814,NV,2024-10-24
40815,KY,2023-11-21
40816,SC,2025-09-19
40817,TX,2023-08-27
40818,MI,2025-11-24
40819,UT,2023-11-11
40820,MA,2024-09-30
40821,WA,2023-12-23
40822,WA,2026-01-14
40823,TX,2024-12-15
40824,NM,2025-12-08
40825,IL,2024-04-18
40826,MD,2023-10-24
40827,CO,2026-02-02
40828,MI,2024-07-14
40829,WA,2025-12-30
40830,AL,2024-04-08
40831,MN,2024-08-18
40832,ME,2023-06-23
40833,CA,2025-02-02
40834,WA,2025-07-27
40835,RI,2023-08-02
40836,WA,2024-12-03
40837,CA,2024-12-07
40838,MD,2023-06-04
40839,NY,2023-01-07
40840,CA,2025-10-01
40841,FL,2026-02-20
40842,FL,2026-02-24
40843,TX,2024-01-21
40844,IL,2023-08-30
40845,FL,2024-06-06
40846,PA,2025-04-13
40847,AZ,2025-09-01
40848,CA,2025-05-27
40849,IL,2023-10-14
40850,OH,2024-07-11
40851,FL,2023-11-22
40852,AZ,2023-08-17
40853,NV,2025-10-02
40854,FL,2025-03-31
40855,NV,2025-05-10
40856,OR,2025-12-27
40857,CA,2024-07-11
40858,MA,2025-03-15
40859,LA,2023-06-04
40860,KS,2024-05-23
40861,MI,2025-11-01
40862,CA,2023-07-07
40863,CA,2023-01-17
40864,MD,2024-10-01
40865,IN,2025-10-29
40866,CA,2023-01-29
40867,CT,2025-06-14
40868,CA,2024-02-13
40869,KY,2025-06-23
40870,MA,2023-05-21
40871,CA,2025-03-25
40872,FL,2023-05-11
40873,UT,2024-01-13
40874,AK,2025-08-27
40875,NC,2024-05-23
40876,NV,2024-01-29
40877,KY,2025-09-14
40878,FL,2023-09-16
40879,AL,2025-07-04
40880,OR,2024-03-08
40881,CA,2025-09-20
40882,WA,2024-03-23
40883,GA,2025-02-28
40884,NY,2024-10-22
40885,PA,2023-12-02
40886,GA,2024-05-04
40887,NY,2024-02-23
40888,TX,2024-09-03
40889,NC,2025-11-02
40890,FL,2023-01-08
40891,FL,2025-06-01
40892,PA,2023-06-08
40893,MI,2025-02-11
40894,TX,2026-02-25
40895,FL,2024-11-14
40896,FL,2025-03-29
40897,TX,2025-10-03
40898,WI,2023-06-02
40899,NY,2025-07-29
40900,NV,2024-06-08
40901,PA,2025-07-19
40902,PA,2024-06-27
40903,TX,2024-02-10
40904,NY,2023-02-18
40905,OR,2025-02-17
40906,NY,2023-03-09
40907,TX,2023-06-17
40908,OH,2025-07-18
40909,TX,2023-04-14
40910,NY,2024-12-26
40911,NY,2023-04-11
40912,NJ,2023-04-24
40913,AK,2023-11-14
40914,RI,2024-11-08
40915,PA,2024-06-25
40916,CA,2025-11-21
40917,CA,2023-12-05
40918,TX,2026-02-13
40919,OH,2024-05-20
40920,TX,2024-09-04
40921,CA,2025-05-26
40922,OH,2023-09-22
40923,CA,2025-07-21
40924,WA,2023-09-30
40925,CO,2024-05-12
40926,PA,2024-05-13
40927,FL,2025-10-03
40928,CA,2024-01-04
40929,MA,2024-01-12
40930,MN,2025-12-19
40931,CO,2025-02-10
40932,MA,2024-02-29
40933,NJ,2025-02-17
40934,CA,2024-05-02
40935,WA,2025-01-07
40936,MI,2026-01-26
40937,AZ,2023-01-25
40938,WA,2024-04-13
40939,MO,2024-02-29
40940,WA,2025-08-10
40941,WA,2024-07-31
40942,SD,2024-10-09
40943,CA,2023-05-06
40944,GA,2024-08-30
40945,GA,2025-04-18
40946,TX,2024-07-03
40947,GA,2024-07-12
40948,GA,2023-03-20
40949,NC,2024-06-23
40950,FL,2024-04-23
40951,AL,2023-10-05
40952,CO,2023-04-23
40953,TN,2025-03-02
40954,MN,2026-01-01
40955,NV,2023-03-02
40956,CA,2024-05-28
40957,CA,2026-01-17
40958,OR,2024-03-14
40959,NY,2025-10-24
40960,TX,2025-01-13
40961,MN,2023-02-27
40962,NM,2024-09-30
40963,CO,2023-06-04
40964,CA,2023-04-20
40965,CA,2023-12-25
40966,NY,2025-02-02
40967,NY,2025-05-04
40968,NY,2024-03-08
40969,NJ,2024-06-12
40970,MA,2024-02-03
40971,NY,2024-10-28
40972,CA,2023-04-27
40973,WA,2023-08-17
40974,NY,2025-07-12
40975,WA,2025-09-25
40976,CA,2023-10-18
40977,IL,2024-04-03
40978,IL,2023-02-24
40979,TX,2025-11-08
40980,PA,2025-01-23
40981,NY,2023-01-10
40982,IN,2024-03-15
40983,PA,2025-10-27
40984,CO,2023-03-31
40985,ND,2023-06-17
40986,CO,2024-02-07
40987,MA,2023-07-17
40988,FL,2025-09-19
40989,ME,2025-06-05
40990,CA,2023-05-20
40991,NJ,2025-01-01
40992,IL,2024-12-02
40993,DE,2023-11-25
40994,OH,2023-03-05
40995,FL,2024-10-20
40996,MA,2023-07-31
40997,MS,2026-01-21
40998,AL,2025-04-20
40999,MD,2023-11-10
41000,NJ,2025-12-21
41001,WA,2024-04-03
41002,WI,2023-02-23
41003,VA,2023-10-25
41004,MA,2024-11-29
41005,UT,2025-06-28
41006,CO,2024-12-11
41007,CA,2023-12-01
41008,IL,2023-12-24
41009,PA,2024-03-03
41010,PA,2023-10-26
41011,WA,2023-09-05
41012,WI,2024-11-01
41013,NY,2025-06-18
41014,FL,2023-11-29
41015,NV,2025-03-17
41016,MA,2023-04-04
41017,CA,2023-01-19
41018,MA,2023-03-06
41019,IL,2025-03-18
41020,TX,2023-12-18
41021,WA,2023-03-17
41022,OH,2024-12-24
41023,GA,2025-08-28
41024,LA,2025-01-26
41025,NY,2023-04-23
41026,IA,2024-06-25
41027,NJ,2024-05-26
41028,AL,2024-08-27
41029,MA,2024-08-20
41030,NJ,2023-04-19
41031,VA,2023-11-01
41032,FL,2023-06-06
41033,MI,2025-09-07
41034,VA,2023-10-10
41035,NC,2025-10-28
41036,CO,2025-11-29
41037,MO,2023-05-14
41038,MA,2024-10-16
41039,IL,2025-02-27
41040,MA,2025-07-21
41041,NY,2024-12-10
41042,CO,2023-11-06
41043,PA,2026-01-19
41044,CO,2023-03-28
41045,TX,2024-06-29
41046,CA,2024-07-23
41047,NY,2024-12-11
41048,OR,2023-08-31
41049,GA,2024-02-01
41050,TX,2023-06-27
41051,WA,2024-06-16
41052,TN,2023-02-14
41053,WA,2024-07-07
41054,CT,2024-01-18
41055,NY,2024-12-08
41056,NY,2025-03-17
41057,NY,2025-12-07
41058,NC,2023-05-29
41059,IN,2023-01-18
41060,NV,2024-04-25
41061,NY,2023-06-12
41062,CO,2025-11-21
41063,MA,2023-05-02
41064,FL,2024-03-14
41065,MI,2024-09-06
41066,AZ,2024-11-28
41067,TX,2025-01-04
41068,GA,2023-12-16
41069,SD,2023-05-06
41070,VT,2023-12-26
41071,VA,2025-11-15
41072,FL,2024-12-06
41073,CA,2025-09-03
41074,OK,2024-12-28
41075,NJ,2025-05-11
41076,CA,2023-02-06
41077,MI,2024-01-25
41078,OH,2024-03-13
41079,MA,2023-08-03
41080,TX,2023-06-24
41081,IL,2023-04-24
41082,KY,2024-05-17
41083,FL,2023-06-03
41084,MA,2023-10-08
41085,NY,2024-02-24
41086,CA,2025-09-28
41087,FL,2025-12-24
41088,CA,2023-11-13
41089,FL,2023-11-26
41090,NJ,2023-03-27
41091,ME,2026-02-02
41092,IL,2024-07-29
41093,NM,2024-02-21
41094,IL,2023-07-23
41095,CA,2024-07-04
41096,CA,2023-02-17
41097,WI,2024-10-09
41098,CA,2024-01-27
41099,WA,2024-04-28
41100,TX,2025-06-14
41101,CA,2024-12-22
41102,CT,2024-09-11
41103,TX,2023-12-07
41104,TX,2025-12-27
41105,AL,2024-01-05
41106,MD,2025-12-30
41107,CA,2026-01-26
41108,PA,2023-06-13
41109,NJ,2025-05-18
41110,CO,2025-03-08
41111,FL,2024-08-24
41112,CA,2026-01-03
41113,FL,2025-11-18
41114,ME,2025-04-09
41115,TX,2024-06-06
41116,TX,2023-03-14
41117,TX,2023-08-06
41118,AZ,2023-04-28
41119,TX,2023-09-13
41120,DE,2023-03-13
41121,LA,2023-08-01
41122,GA,2023-03-13
41123,CA,2025-04-02
41124,CO,2025-09-04
41125,NE,2024-03-03
41126,MA,2025-01-29
41127,MO,2024-03-07
41128,NY,2026-01-15
41129,CA,2025-07-20
41130,CA,2023-07-29
41131,IL,2025-06-11
41132,NY,2023-09-07
41133,NY,2026-01-12
41134,WI,2025-11-08
41135,FL,2024-06-18
41136,NY,2024-07-16
41137,FL,2026-01-20
41138,PA,2024-02-25
41139,OK,2025-01-31
41140,OK,2023-03-21
41141,NY,2024-10-05
41142,MA,2024-03-13
41143,MD,2023-08-22
41144,VA,2023-11-06
41145,MD,2023-01-06
41146,IL,2024-01-26
41147,MD,2025-03-12
41148,FL,2023-03-09
41149,NJ,2024-06-08
41150,CA,2024-12-13
41151,WA,2025-03-15
41152,TX,2024-02-26
41153,CO,2024-12-18
41154,FL,2023-08-17
41155,NY,2025-07-15
41156,OR,2024-12-23
41157,CA,2025-04-07
41158,NY,2025-10-11
41159,GA,2023-09-26
41160,WV,2025-07-05
41161,NY,2026-01-23
41162,WA,2023-06-21
41163,FL,2025-03-06
41164,OH,2025-09-21
41165,CA,2025-08-16
41166,IL,2025-06-06
41167,CA,2023-09-07
41168,NJ,2023-03-08
41169,IL,2025-02-24
41170,AR,2025-11-24
41171,NM,2024-01-16
41172,MA,2024-09-30
41173,VA,2026-01-13
41174,NH,2024-12-23
41175,CA,2023-08-28
41176,TX,2023-02-09
41177,CA,2025-01-03
41178,MD,2025-04-03
41179,CA,2023-06-04
41180,TX,2024-12-18
41181,TX,2025-04-04
41182,TX,2025-11-01
41183,AZ,2023-01-12
41184,IN,2026-02-14
41185,NY,2023-04-18
41186,AZ,2023-02-08
41187,MO,2025-01-03
41188,TX,2023-02-17
41189,FL,2023-12-13
41190,NY,2025-04-14
41191,NY,2025-02-06
41192,KY,2025-05-14
41193,CO,2025-03-15
41194,PA,2025-07-24
41195,AZ,2025-10-05
41196,PA,2025-02-22
41197,AZ,2025-08-01
41198,NY,2023-01-18
41199,AR,2026-02-24
41200,CA,2025-03-20
41201,CO,2025-10-22
41202,WA,2025-12-12
41203,CO,2025-09-09
41204,MA,2025-12-19
41205,CA,2025-08-17
41206,TX,2025-05-06
41207,NC,2025-02-10
41208,MO,2024-10-05
41209,OR,2023-09-17
41210,VA,2026-03-01
41211,FL,2023-02-24
41212,OR,2026-01-11
41213,IN,2024-05-24
41214,FL,2024-04-01
41215,MS,2025-07-18
41216,UT,2023-08-05
41217,TX,2023-09-02
41218,CO,2025-02-16
41219,MS,2025-11-21
41220,NY,2023-09-18
41221,IL,2023-06-06
41222,WA,2024-01-30
41223,RI,2025-12-12
41224,MA,2023-11-08
41225,MN,2023-02-09
41226,MA,2023-09-04
41227,FL,2025-09-07
41228,PA,2024-08-10
41229,MA,2025-08-21
41230,FL,2024-08-26
41231,OK,2025-01-02
41232,TN,2024-09-17
41233,HI,2025-02-22
41234,MI,2024-10-01
41235,FL,2025-01-29
41236,CA,2023-09-30
41237,PA,2023-11-27
41238,NY,2024-04-14
41239,PA,2024-03-03
41240,CA,2023-10-27
41241,VA,2025-01-09
41242,NY,2025-03-19
41243,CA,2024-05-08
41244,NY,2023-08-22
41245,TX,2025-05-21
41246,MA,2025-02-09
41247,WI,2023-04-01
41248,TX,2026-02-06
41249,TX,2025-01-21
41250,CO,2024-05-19
41251,MN,2025-11-02
41252,NY,2023-06-28
41253,WI,2023-07-01
41254,CA,2024-10-19
41255,KY,2025-03-18
41256,NV,2023-04-07
41257,WA,2023-07-28
41258,CA,2025-09-27
41259,NY,2023-02-13
41260,IL,2025-01-15
41261,ND,2023-05-16
41262,CA,2024-11-06
41263,MO,2025-07-26
41264,TX,2024-06-25
41265,MA,2023-08-08
41266,MD,2025-08-27
41267,CA,2025-10-03
41268,TX,2024-07-12
41269,TX,2025-01-29
41270,NY,2026-01-02
41271,FL,2023-01-29
41272,NY,2025-01-31
41273,NY,2023-05-01
41274,NY,2023-01-15
41275,MO,2023-08-08
41276,NY,2023-11-03
41277,NJ,2025-04-03
41278,MD,2024-04-16
41279,MO,2024-11-17
41280,CO,2023-12-15
41281,MI,2023-01-02
41282,OH,2025-05-27
41283,CA,2025-11-21
41284,NC,2025-05-28
41285,CO,2023-10-02
41286,GA,2024-10-07
41287,MA,2023-12-20
41288,FL,2024-03-17
41289,HI,2025-02-07
41290,MA,2025-02-12
41291,WA,2024-09-02
41292,FL,2023-07-13
41293,OR,2026-01-02
41294,CA,2024-02-29
41295,MD,2024-01-19
41296,FL,2025-04-04
41297,SC,2024-09-28
41298,NY,2024-06-26
41299,CA,2023-01-13
41300,NY,2023-03-12
41301,MD,2025-12-10
41302,LA,2024-07-30
41303,VA,2024-07-10
41304,CA,2024-09-16
41305,TX,2024-07-18
41306,TN,2024-03-16
41307,MI,2023-05-24
41308,IL,2025-02-18
41309,MA,2023-09-29
41310,OH,2025-12-11
41311,WA,2024-08-17
41312,CO,2024-08-10
41313,WA,2024-01-01
41314,FL,2024-10-25
41315,CA,2026-02-11
41316,FL,2024-07-23
41317,WA,2024-03-28
41318,CO,2025-02-07
41319,FL,2024-03-30
41320,NV,2024-05-10
41321,GA,2024-08-22
41322,VA,2023-07-08
41323,NM,2024-04-28
41324,NV,2025-12-28
41325,FL,2025-12-28
41326,AZ,2025-12-11
41327,FL,2024-09-10
41328,OR,2024-07-11
41329,KY,2023-05-25
41330,WA,2024-05-03
41331,NJ,2024-08-19
41332,TX,2025-11-19
41333,WA,2023-12-28
41334,MN,2025-05-10
41335,NY,2024-11-09
41336,CA,2023-09-06
41337,MN,2024-12-11
41338,WA,2025-11-26
41339,MA,2025-08-24
41340,IL,2023-01-15
41341,MI,2024-03-20
41342,AZ,2026-01-21
41343,TX,2025-02-16
41344,WA,2025-02-26
41345,CA,2024-09-25
41346,FL,2023-08-25
41347,MA,2024-12-10
41348,OH,2024-09-23
41349,MI,2025-12-23
41350,FL,2023-10-31
41351,FL,2023-08-14
41352,OH,2023-10-30
41353,LA,2023-07-11
41354,CA,2024-03-10
41355,NY,2024-12-06
41356,WA,2026-02-23
41357,CA,2023-07-23
41358,MD,2025-04-23
41359,NY,2024-06-22
41360,WA,2026-01-18
41361,LA,2024-09-18
41362,VA,2023-02-09
41363,CA,2023-06-09
41364,ID,2026-01-28
41365,IL,2025-05-19
41366,IN,2023-12-02
41367,MS,2024-07-02
41368,MO,2023-05-23
41369,FL,2024-05-14
41370,NY,2023-09-22
41371,CO,2026-01-10
41372,IN,2025-01-06
41373,MI,2025-04-11
41374,OR,2025-11-30
41375,CA,2023-02-05
41376,MA,2025-07-20
41377,CA,2024-07-30
41378,CA,2023-02-02
41379,NV,2026-02-20
41380,NY,2025-06-20
41381,MT,2025-05-08
41382,NE,2024-03-28
41383,NY,2023-03-15
41384,VA,2025-05-24
41385,TX,2025-11-15
41386,NH,2024-11-20
41387,MN,2025-12-13
41388,PA,2023-07-25
41389,HI,2025-11-18
41390,MA,2023-09-25
41391,TX,2025-12-28
41392,CA,2023-02-01
41393,FL,2023-05-13
41394,CA,2023-10-10
41395,PA,2023-06-16
41396,MT,2023-01-16
41397,CA,2024-09-05
41398,CA,2024-09-28
41399,IL,2023-07-29
41400,MS,2024-08-17
41401,PA,2023-07-28
41402,FL,2024-06-09
41403,OH,2023-10-24
41404,KY,2024-08-08
41405,TX,2024-04-17
41406,TN,2023-06-21
41407,NY,2025-04-20
41408,GA,2026-02-23
41409,CA,2024-06-19
41410,CT,2023-10-04
41411,MA,2024-05-19
41412,GA,2024-04-26
41413,NJ,2025-07-23
41414,FL,2025-08-11
41415,CA,2023-09-23
41416,TX,2023-11-14
41417,TX,2026-01-26
41418,VA,2025-02-02
41419,TX,2024-08-22
41420,DE,2026-02-17
41421,PA,2024-07-15
41422,KY,2025-11-30
41423,WA,2025-12-06
41424,CA,2024-05-03
41425,FL,2024-11-12
41426,GA,2025-07-06
41427,TX,2023-09-24
41428,CO,2026-02-09
41429,GA,2023-01-11
41430,FL,2023-01-14
41431,CA,2024-04-25
41432,WA,2025-01-01
41433,MA,2023-12-09
41434,IN,2025-01-30
41435,NY,2026-01-01
41436,TX,2025-12-20
41437,MA,2025-09-29
41438,CA,2023-10-07
41439,CO,2025-11-16
41440,FL,2023-10-18
41441,PA,2025-10-09
41442,AL,2025-08-21
41443,TX,2023-01-22
41444,HI,2024-06-06
41445,RI,2024-09-27
41446,OR,2024-03-30
41447,PA,2025-05-22
41448,MA,2024-04-29
41449,CO,2024-09-01
41450,IL,2023-03-17
41451,MA,2023-05-12
41452,CA,2023-07-13
41453,GA,2023-12-20
41454,MA,2025-01-25
41455,CA,2023-12-31
41456,IN,2024-12-23
41457,GA,2023-06-17
41458,IN,2023-06-28
41459,CA,2024-01-28
41460,MI,2024-10-14
41461,NY,2023-09-14
41462,WA,2023-11-28
41463,MI,2023-05-18
41464,PA,2025-11-11
41465,IN,2023-09-29
41466,CA,2024-10-30
41467,GA,2025-04-04
41468,AK,2025-12-24
41469,PA,2025-10-26
41470,IN,2023-04-01
41471,IL,2023-10-18
41472,IN,2026-02-14
41473,AL,2023-11-11
41474,CA,2024-01-19
41475,CA,2024-06-09
41476,PA,2025-07-27
41477,CO,2025-06-05
41478,CO,2024-10-23
41479,TX,2023-07-07
41480,MI,2024-05-04
41481,WA,2023-03-26
41482,FL,2023-04-30
41483,CA,2023-11-21
41484,TX,2025-01-21
41485,CA,2024-04-18
41486,CO,2024-12-03
41487,FL,2025-07-19
41488,TN,2025-10-14
41489,AZ,2025-05-05
41490,CA,2023-01-26
41491,IL,2024-09-28
41492,MA,2023-10-02
41493,IN,2025-07-24
41494,IL,2025-04-10
41495,NY,2025-03-17
41496,TX,2026-02-25
41497,MA,2024-09-10
41498,FL,2025-06-26
41499,TX,2025-07-28
41500,IL,2025-04-27
41501,TX,2024-03-07
41502,AZ,2024-11-03
41503,FL,2024-04-07
41504,MN,2023-09-13
41505,PA,2026-02-17
41506,MA,2025-10-26
41507,NY,2025-05-22
41508,MO,2024-10-18
41509,NY,2024-05-18
41510,OR,2025-02-08
41511,NY,2024-08-14
41512,FL,2023-04-21
41513,CA,2025-02-01
41514,FL,2025-05-26
41515,AL,2023-02-17
41516,HI,2024-12-21
41517,TX,2026-02-02
41518,NJ,2023-03-11
41519,CA,2023-12-27
41520,NY,2025-05-07
41521,MA,2023-01-01
41522,OH,2025-03-24
41523,WA,2025-09-26
41524,TX,2025-12-18
41525,NY,2025-03-25
41526,PA,2025-02-22
41527,NY,2025-12-05
41528,IN,2023-03-21
41529,IL,2024-02-27
41530,WA,2024-04-21
41531,FL,2023-12-29
41532,OH,2023-11-29
41533,NJ,2024-08-06
41534,CO,2024-04-24
41535,MN,2025-10-01
41536,NE,2024-11-11
41537,CA,2023-09-24
41538,UT,2025-09-29
41539,CA,2024-07-12
41540,ME,2025-06-13
41541,TX,2023-03-19
41542,CA,2025-05-21
41543,TX,2025-03-28
41544,CA,2025-05-14
41545,MN,2023-12-27
41546,CA,2023-03-02
41547,AL,2023-01-07
41548,TX,2025-04-26
41549,GA,2024-06-04
41550,VA,2023-08-01
41551,UT,2023-08-19
41552,TX,2025-04-06
41553,NJ,2024-10-29
41554,CA,2023-12-30
41555,TN,2023-01-15
41556,CA,2026-02-15
41557,CT,2023-03-29
41558,NY,2025-01-20
41559,MA,2026-02-11
41560,IN,2023-08-15
41561,FL,2024-02-25
41562,NY,2023-01-02
41563,TX,2024-03-06
41564,GA,2024-09-27
41565,CA,2025-07-12
41566,FL,2024-08-02
41567,TX,2023-05-27
41568,OH,2025-03-09
41569,FL,2025-11-18
41570,IL,2025-04-17
41571,KS,2025-01-15
41572,TX,2025-12-13
41573,OH,2025-02-09
41574,MA,2023-03-17
41575,WA,2023-10-19
41576,CO,2025-08-29
41577,CA,2024-09-20
41578,NJ,2023-02-10
41579,NJ,2024-03-21
41580,OR,2023-04-17
41581,KY,2024-01-28
41582,CT,2026-02-01
41583,TX,2023-02-10
41584,ND,2025-07-11
41585,MA,2025-10-24
41586,AZ,2023-01-10
41587,FL,2024-07-14
41588,NY,2025-07-03
41589,NJ,2026-01-02
41590,IN,2023-02-17
41591,CA,2026-02-21
41592,CA,2024-05-03
41593,NJ,2024-03-25
41594,WA,2025-02-25
41595,CA,2024-12-12
41596,CA,2024-12-30
41597,GA,2024-09-29
41598,MA,2023-08-16
41599,NC,2023-09-24
41600,MO,2024-03-20
41601,IL,2024-04-22
41602,CO,2024-08-07
41603,NC,2023-01-30
41604,NY,2025-10-28
41605,TX,2025-07-10
41606,FL,2023-01-05
41607,MD,2023-11-21
41608,PA,2025-01-19
41609,CO,2023-06-01
41610,NY,2024-01-16
41611,CA,2025-09-11
41612,IL,2025-07-01
41613,CA,2024-08-13
41614,FL,2024-08-04
41615,DE,2025-12-19
41616,CO,2026-02-25
41617,MA,2024-07-05
41618,FL,2025-11-16
41619,SC,2023-01-05
41620,FL,2024-03-20
41621,OH,2025-08-14
41622,PA,2026-01-03
41623,NJ,2023-09-10
41624,VA,2025-04-13
41625,TX,2025-09-14
41626,WA,2024-10-08
41627,VA,2025-07-22
41628,LA,2023-06-28
41629,NH,2023-09-14
41630,FL,2025-01-26
41631,MD,2024-11-19
41632,TX,2024-06-15
41633,PA,2023-12-21
41634,NC,2024-07-07
41635,FL,2024-08-17
41636,WI,2025-02-22
41637,OR,2024-11-18
41638,FL,2025-09-18
41639,OH,2025-01-17
41640,CA,2024-12-13
41641,FL,2024-10-24
41642,PA,2025-03-08
41643,VA,2024-03-20
41644,FL,2023-04-06
41645,CA,2023-12-10
41646,NY,2024-12-15
41647,NY,2023-09-01
41648,CA,2024-06-21
41649,MD,2023-10-03
41650,NY,2024-11-04
41651,MN,2026-01-28
41652,NM,2026-01-18
41653,AR,2024-02-01
41654,WA,2024-08-24
41655,IN,2023-02-10
41656,PA,2025-09-01
41657,NY,2024-08-25
41658,FL,2024-06-17
41659,NJ,2024-10-11
41660,WA,2025-12-09
41661,MN,2023-09-29
41662,NY,2024-05-10
41663,AZ,2025-08-21
41664,FL,2023-11-19
41665,OR,2023-07-12
41666,MI,2024-05-22
41667,FL,2025-09-30
41668,OR,2023-07-06
41669,MO,2025-05-19
41670,CO,2023-10-14
41671,NJ,2024-04-16
41672,WA,2023-03-29
41673,CO,2024-03-11
41674,ME,2023-05-18
41675,CA,2025-05-28
41676,WA,2025-07-14
41677,CO,2023-04-27
41678,NH,2025-04-26
41679,IL,2025-08-16
41680,TX,2025-05-05
41681,TX,2025-12-22
41682,NC,2026-01-02
41683,MA,2024-01-17
41684,AZ,2025-11-09
41685,UT,2025-11-18
41686,CA,2024-12-06
41687,FL,2025-04-01
41688,PA,2023-10-13
41689,CA,2025-01-19
41690,PA,2025-12-10
41691,MA,2026-02-17
41692,CA,2025-05-18
41693,IL,2024-10-11
41694,AZ,2024-09-24
41695,MD,2024-07-19
41696,NY,2023-11-21
41697,CO,2025-04-26
41698,CA,2023-01-23
41699,GA,2023-08-11
41700,CT,2025-04-18
41701,MN,2025-02-26
41702,TX,2023-02-08
41703,NY,2025-02-09
41704,OH,2025-07-15
41705,CO,2024-01-20
41706,MI,2025-10-06
41707,VA,2024-12-05
41708,NY,2024-08-04
41709,CA,2023-04-18
41710,NY,2025-02-09
41711,WA,2023-09-15
41712,ID,2025-02-02
41713,MA,2023-12-18
41714,OR,2023-10-03
41715,PA,2023-10-10
41716,RI,2025-02-25
41717,AL,2023-11-15
41718,CA,2024-12-25
41719,TX,2024-04-12
41720,NY,2024-01-10
41721,FL,2026-01-02
41722,OK,2023-05-30
41723,CA,2026-01-20
41724,GA,2024-10-13
41725,MA,2024-09-06
41726,NY,2024-12-14
41727,NY,2023-08-28
41728,CA,2025-12-20
41729,IL,2024-09-02
41730,CA,2023-08-24
41731,NY,2023-08-17
41732,MS,2025-07-01
41733,NH,2025-01-25
41734,MI,2024-12-31
41735,CO,2023-11-04
41736,CA,2025-12-15
41737,IL,2023-05-07
41738,TN,2025-07-10
41739,PA,2025-01-05
41740,NC,2023-01-29
41741,OH,2023-07-06
41742,FL,2023-05-29
41743,CO,2023-01-04
41744,CA,2024-11-13
41745,NY,2023-03-24
41746,WA,2025-09-11
41747,TX,2025-07-07
41748,RI,2025-09-24
41749,FL,2024-04-20
41750,FL,2023-11-27
41751,NC,2023-12-15
41752,OH,2024-04-12
41753,MA,2025-02-15
41754,PA,2024-11-17
41755,PA,2026-02-10
41756,KY,2023-06-18
41757,CO,2024-12-31
41758,AR,2023-09-11
41759,TX,2023-06-10
41760,NJ,2025-04-25
41761,FL,2023-01-27
41762,OH,2023-11-02
41763,WA,2024-07-24
41764,PA,2023-12-22
41765,NV,2025-09-13
41766,LA,2024-11-29
41767,CA,2024-11-26
41768,OH,2025-10-14
41769,MA,2023-11-24
41770,MA,2024-04-13
41771,NY,2024-12-28
41772,WA,2024-10-18
41773,OH,2024-01-13
41774,UT,2024-01-07
41775,TX,2025-02-06
41776,NY,2023-11-22
41777,LA,2024-04-11
41778,PA,2025-10-21
41779,NH,2024-11-08
41780,NJ,2024-06-21
41781,MS,2023-10-08
41782,TX,2024-09-19
41783,CA,2024-05-11
41784,MA,2023-02-27
41785,UT,2024-03-04
41786,IL,2023-01-22
41787,FL,2023-09-26
41788,LA,2024-08-31
41789,CA,2023-02-24
41790,AZ,2024-07-21
41791,TX,2024-02-14
41792,CA,2024-05-04
41793,VA,2023-04-26
41794,WA,2023-03-25
41795,AL,2023-10-21
41796,WV,2026-02-28
41797,MA,2025-08-27
41798,NY,2024-04-11
41799,VA,2024-04-09
41800,NY,2023-04-18
41801,MN,2024-07-18
41802,PA,2024-01-18
41803,CA,2025-03-01
41804,CA,2023-06-09
41805,FL,2023-08-18
41806,FL,2024-06-15
41807,FL,2024-01-25
41808,MI,2025-10-23
41809,VA,2023-11-25
41810,MA,2023-02-02
41811,NY,2025-07-20
41812,CO,2025-04-11
41813,IL,2024-01-31
41814,MD,2024-12-02
41815,MA,2023-10-09
41816,DE,2025-03-15
41817,PA,2023-05-19
41818,CA,2024-03-28
41819,NY,2024-08-26
41820,NC,2023-12-16
41821,NY,2024-06-14
41822,WA,2023-04-19
41823,NY,2024-12-23
41824,NY,2024-05-13
41825,NV,2023-02-26
41826,NY,2026-01-23
41827,CA,2024-09-25
41828,OR,2023-09-11
41829,MI,2025-04-28
41830,MA,2023-05-25
41831,MD,2025-02-21
41832,IL,2025-08-23
41833,GA,2023-06-17
41834,NY,2023-05-19
41835,WA,2024-01-13
41836,TX,2023-09-26
41837,MA,2023-12-03
41838,CO,2025-11-17
41839,WI,2024-04-10
41840,NJ,2025-08-01
41841,MI,2025-11-05
41842,WY,2025-07-04
41843,LA,2023-08-19
41844,TX,2024-08-25
41845,MI,2023-12-19
41846,NY,2024-05-28
41847,TX,2023-07-24
41848,TN,2024-01-19
41849,MN,2023-11-21
41850,TX,2023-03-11
41851,NY,2024-07-15
41852,FL,2023-06-25
41853,PA,2024-05-25
41854,TN,2024-12-21
41855,PA,2024-01-28
41856,MD,2023-09-02
41857,FL,2026-02-19
41858,WI,2025-07-24
41859,VT,2023-05-10
41860,TX,2024-08-07
41861,WA,2024-08-31
41862,TX,2025-11-08
41863,CA,2024-11-03
41864,CA,2024-05-18
41865,CA,2025-01-18
41866,WI,2024-06-25
41867,AR,2025-09-25
41868,NM,2026-02-14
41869,CO,2025-06-16
41870,AL,2023-01-03
41871,WV,2025-06-20
41872,CT,2023-06-09
41873,MA,2025-06-13
41874,WA,2025-04-07
41875,MA,2023-03-08
41876,IL,2026-01-23
41877,OR,2024-08-02
41878,NY,2023-08-29
41879,CA,2025-11-06
41880,NC,2025-01-18
41881,SC,2024-02-19
41882,TX,2023-08-09
41883,CA,2024-12-15
41884,NY,2024-12-01
41885,CA,2025-05-13
41886,NY,2025-11-29
41887,SD,2026-02-28
41888,TX,2024-11-20
41889,LA,2026-02-26
41890,KY,2023-07-11
41891,NE,2024-02-29
41892,WA,2024-03-31
41893,CA,2025-03-21
41894,AK,2026-01-21
41895,MA,2025-06-11
41896,MD,2024-08-28
41897,NC,2024-03-09
41898,WI,2025-01-17
41899,OH,2026-02-21
41900,TX,2024-12-25
41901,WY,2024-10-30
41902,CA,2025-07-13
41903,NY,2023-03-21
41904,HI,2024-01-06
41905,NC,2026-01-23
41906,NY,2025-05-14
41907,CA,2023-05-02
41908,UT,2025-04-13
41909,MA,2025-12-03
41910,FL,2023-09-17
41911,NY,2025-03-17
41912,WY,2025-03-27
41913,OR,2023-09-18
41914,OH,2024-07-10
41915,GA,2025-12-19
41916,IL,2024-07-01
41917,IL,2025-07-25
41918,WA,2025-10-30
41919,LA,2025-03-14
41920,VA,2023-04-13
41921,MA,2025-06-28
41922,NY,2025-04-23
41923,MI,2026-02-08
41924,NJ,2025-02-23
41925,MD,2024-06-16
41926,LA,2024-05-15
41927,TX,2023-04-07
41928,WA,2025-04-01
41929,CA,2024-02-01
41930,PA,2024-07-15
41931,CA,2024-05-10
41932,TX,2023-09-14
41933,CA,2023-07-24
41934,IL,2024-05-13
41935,TX,2023-07-11
41936,KY,2026-02-21
41937,IL,2026-02-23
41938,CA,2023-07-12
41939,TX,2023-08-26
41940,CA,2023-08-13
41941,WA,2025-02-11
41942,CA,2025-08-22
41943,MD,2024-09-10
41944,WA,2026-01-18
41945,PA,2023-02-26
41946,MA,2024-06-03
41947,MA,2025-05-22
41948,NY,2024-01-30
41949,NY,2025-08-15
41950,CA,2023-06-07
41951,UT,2023-05-07
41952,CA,2025-09-10
41953,IL,2023-08-25
41954,MN,2023-11-29
41955,KY,2025-11-25
41956,VA,2024-09-16
41957,NJ,2025-06-28
41958,IL,2023-04-28
41959,MA,2024-04-29
41960,NJ,2025-03-26
41961,NY,2024-02-25
41962,IN,2025-03-20
41963,MN,2024-02-15
41964,FL,2023-11-18
41965,MN,2023-10-30
41966,CA,2025-04-23
41967,NY,2024-06-07
41968,NY,2024-03-26
41969,CA,2024-06-21
41970,TX,2024-02-15
41971,MA,2023-04-19
41972,AZ,2025-11-02
41973,IL,2026-02-24
41974,CO,2025-01-27
41975,MD,2025-04-03
41976,CA,2024-03-28
41977,MA,2023-06-20
41978,NY,2025-01-31
41979,CA,2023-12-05
41980,CO,2023-02-28
41981,TX,2024-05-21
41982,RI,2024-04-24
41983,WA,2024-10-30
41984,HI,2025-08-02
41985,NY,2025-10-20
41986,IL,2024-03-23
41987,VA,2025-06-01
41988,CA,2023-08-01
41989,NJ,2023-04-09
41990,NY,2024-10-19
41991,NY,2025-12-08
41992,TX,2023-06-24
41993,WA,2025-06-19
41994,CA,2025-03-15
41995,NY,2024-05-03
41996,CA,2025-10-26
41997,TN,2024-07-07
41998,IL,2024-06-11
41999,TN,2024-12-28
42000,MO,2023-03-14
42001,AL,2023-03-08
42002,NY,2024-08-15
42003,FL,2023-01-27
42004,PA,2024-07-29
42005,CA,2024-03-09
42006,CA,2023-02-25
42007,TX,2023-09-24
42008,PA,2025-02-07
42009,MD,2024-07-02
42010,KY,2023-04-11
42011,AZ,2024-10-06
42012,NC,2024-04-12
42013,PA,2023-01-23
42014,NE,2024-11-27
42015,WI,2023-11-23
42016,PA,2024-07-30
42017,CA,2025-07-09
42018,CA,2024-10-20
42019,KY,2024-06-20
42020,MI,2024-01-15
42021,AZ,2025-04-29
42022,PA,2023-05-06
42023,PA,2024-03-17
42024,AL,2025-04-08
42025,MA,2023-02-13
42026,CA,2024-10-22
42027,IL,2023-07-18
42028,GA,2024-10-14
42029,IN,2023-11-04
42030,NY,2026-01-17
42031,WA,2024-04-18
42032,NY,2023-08-24
42033,IN,2023-08-13
42034,WA,2023-12-26
42035,MA,2024-02-28
42036,CO,2025-10-11
42037,WI,2025-12-13
42038,FL,2024-10-28
42039,TX,2023-12-01
42040,IL,2025-06-17
42041,NJ,2024-08-27
42042,NY,2023-04-05
42043,IN,2023-11-11
42044,MD,2024-05-02
42045,KS,2025-06-06
42046,NJ,2025-11-07
42047,CA,2024-10-25
42048,FL,2025-04-08
42049,MA,2024-09-28
42050,FL,2025-06-04
42051,TX,2025-08-10
42052,TX,2024-11-17
42053,CA,2023-08-09
42054,MI,2025-05-29
42055,TX,2023-02-06
42056,AZ,2025-08-29
42057,TX,2025-10-20
42058,NY,2023-07-24
42059,OH,2023-09-28
42060,CA,2023-07-01
42061,WA,2024-09-22
42062,CO,2024-07-27
42063,TX,2023-10-08
42064,FL,2025-11-01
42065,FL,2024-09-28
42066,NY,2025-05-07
42067,TX,2023-10-20
42068,WA,2023-05-17
42069,CA,2023-07-16
42070,NC,2024-03-30
42071,NC,2026-01-23
42072,TX,2024-09-04
42073,NY,2023-01-07
42074,TX,2024-01-24
42075,CT,2026-02-22
42076,CA,2024-11-07
42077,PA,2025-09-13
42078,MA,2024-05-27
42079,CA,2024-12-18
42080,FL,2024-05-15
42081,CA,2024-03-19
42082,CA,2024-04-20
42083,FL,2025-03-19
42084,FL,2025-06-22
42085,MA,2025-10-01
42086,FL,2023-02-10
42087,WA,2024-01-14
42088,CA,2023-04-03
42089,CA,2026-02-01
42090,GA,2023-12-31
42091,MO,2023-09-15
42092,MA,2025-09-16
42093,FL,2025-07-04
42094,CT,2023-01-30
42095,WV,2026-01-10
42096,IL,2023-10-13
42097,TX,2023-12-21
42098,CA,2024-06-18
42099,MA,2025-10-15
42100,MA,2025-07-29
42101,ID,2023-11-01
42102,KS,2024-01-10
42103,NY,2023-09-10
42104,NJ,2025-03-26
42105,NY,2025-12-03
42106,ME,2025-01-21
42107,PA,2025-06-11
42108,IL,2024-07-06
42109,NY,2024-10-28
42110,OH,2024-04-24
42111,NE,2024-09-01
42112,WA,2023-02-26
42113,WA,2025-02-18
42114,IL,2025-04-29
42115,CA,2024-07-25
42116,WA,2024-07-29
42117,NY,2025-02-10
42118,WA,2025-07-29
42119,MA,2025-12-20
42120,GA,2023-09-01
42121,AZ,2024-02-19
42122,FL,2024-11-01
42123,MI,2024-07-07
42124,SC,2025-08-01
42125,CA,2025-11-09
42126,NY,2026-02-09
42127,NY,2024-12-24
42128,TX,2024-08-30
42129,CA,2025-11-05
42130,GA,2024-05-21
42131,GA,2025-12-16
42132,CA,2025-01-04
42133,PA,2025-11-02
42134,MS,2023-12-29
42135,MO,2024-06-30
42136,CO,2023-11-28
42137,CA,2025-10-10
42138,MI,2025-10-12
42139,FL,2025-04-16
42140,MO,2023-04-08
42141,NJ,2023-01-11
42142,MI,2023-08-02
42143,NV,2023-02-09
42144,IN,2024-03-14
42145,CA,2024-03-06
42146,MO,2025-09-14
42147,TX,2024-03-20
42148,MI,2023-02-03
42149,IL,2023-03-03
42150,NY,2026-01-07
42151,ME,2025-09-04
42152,MI,2024-08-29
42153,MI,2023-11-03
42154,FL,2023-12-19
42155,NC,2025-12-17
42156,FL,2023-05-03
42157,IL,2023-01-03
42158,CO,2025-11-12
42159,MD,2025-03-25
42160,NY,2025-12-07
42161,CA,2023-09-10
42162,LA,2026-01-16
42163,IL,2023-11-06
42164,WY,2024-06-15
42165,NY,2023-07-16
42166,CT,2025-07-24
42167,MA,2024-04-07
42168,NY,2023-01-23
42169,PA,2024-11-30
42170,FL,2025-03-23
42171,TX,2023-02-06
42172,TX,2024-02-10
42173,TX,2025-12-11
42174,PA,2025-11-03
42175,GA,2024-06-13
42176,RI,2026-02-11
42177,IL,2025-02-21
42178,SC,2025-03-15
42179,MI,2024-01-21
42180,NY,2023-04-29
42181,NY,2023-02-01
42182,UT,2025-01-17
42183,NY,2025-01-22
42184,MA,2023-09-03
42185,NY,2023-11-13
42186,NJ,2025-02-11
42187,TX,2025-05-02
42188,TX,2025-03-26
42189,MA,2023-10-23
42190,CA,2023-03-09
42191,CA,2025-05-13
42192,PA,2023-02-25
42193,CA,2024-10-18
42194,OH,2023-02-21
42195,WA,2024-09-28
42196,TX,2025-07-26
42197,NY,2025-09-08
42198,NY,2023-05-08
42199,MD,2025-09-01
42200,NC,2023-01-25
42201,NY,2023-03-02
42202,MA,2025-06-24
42203,NY,2024-01-23
42204,VA,2024-10-01
42205,NY,2024-11-01
42206,MA,2025-03-10
42207,MD,2024-10-25
42208,NV,2023-11-11
42209,CA,2023-07-19
42210,LA,2024-12-05
42211,CA,2025-06-16
42212,MA,2024-09-27
42213,VA,2023-04-26
42214,MD,2025-09-16
42215,OR,2024-02-13
42216,FL,2024-07-18
42217,PA,2023-06-19
42218,WI,2023-09-01
42219,GA,2025-12-20
42220,TX,2025-12-18
42221,TX,2025-07-25
42222,NY,2023-03-16
42223,FL,2024-01-05
42224,GA,2023-05-06
42225,MN,2023-04-26
42226,MN,2024-08-22
42227,VA,2025-05-09
42228,KS,2024-07-15
42229,CA,2025-02-02
42230,TX,2024-07-28
42231,FL,2023-07-12
42232,NJ,2023-12-21
42233,MA,2023-02-27
42234,NC,2024-05-07
42235,TX,2023-04-30
42236,NY,2023-07-27
42237,MI,2025-04-06
42238,MA,2025-02-10
42239,TN,2024-11-11
42240,CA,2026-02-10
42241,NH,2024-07-25
42242,FL,2024-06-15
42243,UT,2023-05-15
42244,MD,2023-12-17
42245,TX,2024-07-27
42246,CA,2024-10-05
42247,CO,2023-07-19
42248,MA,2023-08-31
42249,AZ,2025-05-03
42250,CA,2025-10-09
42251,VA,2023-03-31
42252,TX,2024-08-16
42253,NY,2025-11-10
42254,FL,2025-12-22
42255,CA,2023-10-30
42256,NY,2023-11-21
42257,TX,2025-02-21
42258,NY,2023-09-17
42259,TX,2025-06-13
42260,VA,2024-09-17
42261,MD,2024-03-20
42262,NH,2023-03-24
42263,NJ,2023-06-03
42264,NV,2024-03-09
42265,FL,2024-02-21
42266,TX,2023-04-12
42267,WI,2023-06-11
42268,NH,2024-10-03
42269,NH,2023-10-26
42270,NC,2023-11-24
42271,FL,2024-06-16
42272,SD,2024-07-01
42273,LA,2025-06-09
42274,CA,2024-03-01
42275,MA,2023-05-04
42276,OR,2025-01-06
42277,NC,2025-02-19
42278,FL,2023-06-22
42279,IL,2024-06-04
42280,VA,2025-01-08
42281,ME,2023-06-09
42282,NY,2026-02-16
42283,MS,2025-08-18
42284,PA,2025-05-20
42285,CA,2023-03-30
42286,LA,2024-11-22
42287,IN,2024-03-25
42288,IL,2023-05-12
42289,CT,2023-03-04
42290,GA,2023-04-18
42291,GA,2023-11-17
42292,DE,2025-10-02
42293,FL,2023-11-03
42294,TX,2025-01-29
42295,NY,2023-10-08
42296,GA,2023-07-27
42297,NH,2025-03-19
42298,TX,2024-05-31
42299,GA,2025-01-09
42300,VA,2025-07-07
42301,MN,2024-09-13
42302,TX,2023-06-15
42303,NC,2025-06-19
42304,CA,2025-12-20
42305,CA,2024-10-03
42306,CO,2023-01-03
42307,PA,2024-10-08
42308,WA,2023-12-12
42309,OH,2024-03-09
42310,NC,2025-08-13
42311,WA,2025-08-18
42312,KS,2024-12-05
42313,NY,2023-12-19
42314,NY,2023-03-03
42315,MA,2025-09-25
42316,SC,2024-05-22
42317,NY,2023-02-22
42318,NM,2024-02-03
42319,IL,2026-02-05
42320,MD,2025-03-14
42321,KY,2024-01-29
42322,NC,2024-05-13
42323,CA,2024-12-24
42324,AZ,2023-03-10
42325,MD,2024-04-20
42326,FL,2023-04-08
42327,CO,2023-01-16
42328,VA,2026-01-07
42329,SC,2024-02-14
42330,FL,2023-07-03
42331,NY,2023-07-14
42332,MD,2023-02-09
42333,MS,2024-12-03
42334,ND,2024-03-28
42335,WI,2025-09-18
42336,TX,2023-03-02
42337,MD,2024-04-23
42338,WI,2023-02-05
42339,KY,2024-06-26
42340,AZ,2026-02-20
42341,AL,2023-09-20
42342,NY,2023-05-03
42343,TX,2023-08-06
42344,TX,2023-10-03
42345,CO,2026-01-26
42346,CA,2025-07-17
42347,MI,2025-07-01
42348,SD,2023-01-06
42349,AZ,2023-05-03
42350,IN,2026-01-14
42351,TX,2026-01-09
42352,KS,2025-07-04
42353,DE,2023-12-28
42354,UT,2024-12-03
42355,MO,2023-02-10
42356,MI,2023-04-24
42357,CT,2023-07-19
42358,FL,2023-07-18
42359,TX,2023-06-06
42360,OR,2025-04-29
42361,FL,2023-02-13
42362,FL,2023-11-19
42363,MD,2023-08-10
42364,IA,2023-09-16
42365,CA,2024-08-24
42366,PA,2024-09-06
42367,FL,2025-09-20
42368,CO,2024-12-17
42369,WA,2025-04-22
42370,NY,2025-05-18
42371,NY,2023-01-27
42372,OK,2025-10-27
42373,CA,2023-12-22
42374,TX,2024-07-07
42375,NY,2024-07-26
42376,NY,2023-10-03
42377,WI,2023-08-09
42378,UT,2026-01-15
42379,FL,2023-02-20
42380,VA,2025-04-21
42381,AZ,2023-08-28
42382,GA,2023-05-08
42383,WA,2025-03-08
42384,FL,2023-08-17
42385,TX,2023-07-14
42386,TN,2023-04-11
42387,UT,2025-10-24
42388,TX,2025-03-07
42389,NY,2024-12-12
42390,KS,2023-06-11
42391,TX,2024-01-28
42392,OH,2026-01-09
42393,NY,2025-01-18
42394,MA,2023-03-22
42395,MA,2025-05-25
42396,TX,2023-07-20
42397,CA,2024-12-03
42398,NY,2024-11-12
42399,VA,2025-06-01
42400,RI,2023-08-10
42401,NY,2023-01-17
42402,OH,2023-08-26
42403,WA,2025-01-18
42404,IL,2023-12-12
42405,TX,2024-03-25
42406,IL,2026-02-10
42407,WA,2024-02-21
42408,OR,2023-09-14
42409,MO,2023-02-24
42410,FL,2024-03-14
42411,NY,2026-02-22
42412,TX,2023-01-24
42413,TX,2025-03-06
42414,MA,2023-04-02
42415,MN,2024-05-10
42416,WA,2024-07-16
42417,NY,2025-06-12
42418,TX,2024-12-12
42419,VA,2023-04-03
42420,CA,2024-01-14
42421,MD,2024-12-19
42422,NY,2024-04-23
42423,MT,2025-10-25
42424,SC,2024-03-08
42425,NY,2026-01-20
42426,NC,2023-11-07
42427,TX,2023-02-15
42428,MO,2025-01-31
42429,NY,2023-08-12
42430,CA,2023-06-16
42431,OR,2025-09-25
42432,VA,2024-02-10
42433,WA,2023-11-14
42434,CA,2024-11-01
42435,FL,2025-07-21
42436,NY,2024-10-24
42437,CO,2025-10-09
42438,OH,2025-11-27
42439,KS,2025-10-31
42440,AZ,2024-07-04
42441,LA,2023-02-25
42442,GA,2025-05-18
42443,CT,2023-04-22
42444,IL,2023-05-28
42445,FL,2024-05-12
42446,WA,2024-06-29
42447,TX,2024-09-03
42448,AZ,2025-02-10
42449,MA,2025-02-19
42450,CO,2023-02-28
42451,IL,2023-11-19
42452,TN,2024-05-19
42453,AL,2024-03-30
42454,PA,2024-01-13
42455,FL,2024-07-10
42456,MA,2023-10-30
42457,WA,2024-09-15
42458,TX,2025-01-22
42459,IL,2025-07-15
42460,NC,2025-05-29
42461,AZ,2026-02-21
42462,FL,2023-11-12
42463,CO,2024-11-24
42464,TX,2024-08-28
42465,CA,2023-02-10
42466,MT,2025-12-10
42467,MA,2023-12-10
42468,OK,2025-06-24
42469,IN,2024-11-08
42470,UT,2025-07-19
42471,CA,2025-09-15
42472,IL,2024-10-20
42473,OH,2024-11-08
42474,OR,2024-01-11
42475,CA,2023-08-22
42476,NC,2024-07-15
42477,AL,2025-05-09
42478,FL,2024-11-04
42479,MD,2025-06-18
42480,IL,2025-12-20
42481,KY,2023-09-04
42482,CA,2025-08-23
42483,CO,2025-01-01
42484,CA,2023-12-24
42485,KY,2024-01-28
42486,NY,2024-11-22
42487,NE,2023-12-04
42488,CA,2025-07-15
42489,MN,2025-05-03
42490,FL,2025-12-27
42491,TX,2024-09-03
42492,GA,2025-10-10
42493,AL,2025-04-06
42494,TX,2024-08-13
42495,CO,2023-07-08
42496,OH,2026-01-25
42497,NC,2025-09-14
42498,FL,2025-05-15
42499,CA,2023-06-15
42500,SC,2023-06-08
42501,AR,2025-12-08
42502,NJ,2024-10-23
42503,IL,2023-08-12
42504,NY,2023-07-12
42505,GA,2025-12-07
42506,NY,2024-08-26
42507,NY,2023-04-15
42508,CA,2025-08-19
42509,PA,2023-10-08
42510,IN,2023-01-21
42511,WA,2024-10-02
42512,NJ,2023-06-23
42513,NC,2025-01-22
42514,UT,2023-09-18
42515,NY,2023-06-17
42516,HI,2024-07-18
42517,OH,2023-08-09
42518,NY,2024-09-11
42519,LA,2025-05-21
42520,MA,2025-03-07
42521,WA,2025-06-01
42522,MA,2024-10-09
42523,CT,2026-02-04
42524,FL,2024-07-08
42525,PA,2023-05-23
42526,KS,2025-09-15
42527,GA,2023-12-19
42528,NY,2023-08-16
42529,NY,2024-10-20
42530,FL,2026-01-24
42531,UT,2024-05-12
42532,NY,2025-10-21
42533,OH,2023-06-28
42534,FL,2023-06-10
42535,CA,2023-11-06
42536,FL,2023-02-14
42537,NC,2025-03-29
42538,PA,2025-11-17
42539,TX,2023-07-31
42540,OH,2025-07-15
42541,NV,2025-10-25
42542,FL,2023-12-07
42543,NM,2023-07-19
42544,MA,2024-10-27
42545,PA,2023-10-29
42546,RI,2023-05-20
42547,GA,2025-01-16
42548,PA,2023-01-13
42549,NY,2024-01-07
42550,KY,2025-10-09
42551,MN,2023-04-12
42552,NY,2025-05-23
42553,TN,2025-04-18
42554,FL,2025-12-14
42555,IL,2023-04-06
42556,NC,2024-02-27
42557,TX,2024-10-29
42558,OH,2024-10-27
42559,FL,2024-05-19
42560,NY,2023-12-20
42561,WA,2026-01-01
42562,TX,2023-01-22
42563,TX,2023-06-22
42564,FL,2024-10-16
42565,TX,2024-03-24
42566,NC,2025-09-21
42567,KY,2024-01-23
42568,OR,2023-02-03
42569,CT,2023-10-31
42570,PA,2023-03-24
42571,MA,2024-04-28
42572,CO,2024-01-02
42573,CA,2023-11-16
42574,FL,2023-02-18
42575,NJ,2024-09-21
42576,OR,2023-09-28
42577,IL,2024-04-23
42578,NY,2023-12-12
42579,FL,2025-01-12
42580,NY,2025-04-26
42581,FL,2023-07-31
42582,ID,2025-07-01
42583,LA,2025-06-10
42584,TN,2023-03-21
42585,NV,2023-04-22
42586,VA,2023-10-05
42587,AL,2024-02-03
42588,FL,2024-05-26
42589,TX,2025-02-02
42590,NC,2023-11-28
42591,NY,2023-06-16
42592,NY,2025-06-17
42593,MD,2024-03-19
42594,NJ,2024-05-28
42595,IL,2024-02-11
42596,VT,2025-12-18
42597,PA,2024-07-22
42598,OR,2025-09-09
42599,AL,2024-12-12
42600,TX,2023-07-20
42601,WA,2023-08-25
42602,OR,2024-04-23
42603,CO,2025-01-29
42604,NY,2025-03-21
42605,GA,2025-08-15
42606,CA,2024-06-02
42607,CA,2024-02-16
42608,FL,2025-01-21
42609,TX,2025-02-26
42610,OR,2025-07-26
42611,NJ,2024-12-02
42612,PA,2025-04-23
42613,CO,2023-01-12
42614,WA,2025-04-27
42615,GA,2023-06-21
42616,WA,2023-11-07
42617,MA,2026-01-23
42618,AL,2023-09-02
42619,CA,2023-12-04
42620,CO,2023-03-05
42621,MN,2024-12-21
42622,CA,2024-12-27
42623,OH,2024-04-10
42624,OR,2023-01-11
42625,ND,2025-03-01
42626,FL,2026-01-09
42627,MN,2025-09-10
42628,TX,2024-01-05
42629,CA,2025-12-22
42630,AL,2023-03-21
42631,NC,2025-11-18
42632,WI,2025-10-16
42633,FL,2025-09-10
42634,GA,2023-10-01
42635,LA,2025-08-01
42636,TX,2023-08-29
42637,NC,2024-10-26
42638,PA,2023-12-22
42639,AZ,2023-10-31
42640,CO,2023-12-09
42641,IL,2023-06-27
42642,RI,2025-11-08
42643,MD,2025-11-30
42644,NC,2023-09-18
42645,NY,2024-01-22
42646,UT,2023-10-28
42647,MA,2024-08-09
42648,IL,2026-02-09
42649,IL,2023-12-29
42650,OK,2025-01-15
42651,TX,2023-06-25
42652,GA,2024-02-12
42653,UT,2024-07-13
42654,CA,2024-02-14
42655,KY,2023-06-26
42656,CO,2025-01-13
42657,MA,2025-06-18
42658,OK,2023-02-18
42659,FL,2025-03-22
42660,MA,2023-10-09
42661,KY,2024-04-13
42662,WA,2026-02-24
42663,LA,2025-10-18
42664,FL,2023-10-23
42665,NY,2024-09-05
42666,IL,2025-11-08
42667,OH,2024-12-22
42668,NY,2024-10-15
42669,TX,2025-04-29
42670,VA,2026-01-17
42671,NY,2025-04-26
42672,IL,2023-08-28
42673,WA,2025-06-17
42674,RI,2025-05-04
42675,NY,2024-10-13
42676,KY,2026-01-24
42677,NY,2025-10-07
42678,NC,2023-07-01
42679,AR,2025-05-09
42680,WI,2025-01-07
42681,CA,2023-07-12
42682,FL,2024-01-05
42683,FL,2024-05-07
42684,OH,2025-05-17
42685,MD,2025-05-14
42686,UT,2024-01-05
42687,WA,2024-10-18
42688,PA,2023-04-26
42689,MA,2025-07-18
42690,CA,2025-04-25
42691,FL,2023-05-01
42692,IL,2025-08-15
42693,NC,2024-12-31
42694,GA,2023-03-20
42695,MI,2025-09-05
42696,NJ,2023-05-20
42697,HI,2025-03-31
42698,FL,2025-01-09
42699,OR,2023-10-16
42700,CA,2023-11-25
42701,WA,2025-05-21
42702,NV,2023-04-10
42703,NJ,2025-10-27
42704,NC,2024-01-07
42705,IN,2024-06-27
42706,TX,2024-12-25
42707,MA,2024-05-11
42708,NC,2025-12-18
42709,NV,2023-12-01
42710,NY,2023-01-30
42711,NY,2023-11-12
42712,VT,2024-04-04
42713,TX,2025-01-03
42714,NY,2023-09-04
42715,NY,2025-11-18
42716,NC,2023-06-28
42717,OH,2023-10-05
42718,GA,2026-02-25
42719,CA,2023-11-03
42720,CA,2026-01-01
42721,PA,2024-01-08
42722,CA,2024-12-26
42723,MA,2024-03-09
42724,WI,2025-12-21
42725,TX,2025-12-03
42726,TX,2025-05-10
42727,TX,2024-06-06
42728,WA,2024-11-24
42729,GA,2024-11-25
42730,IL,2023-03-02
42731,TX,2024-04-27
42732,NH,2023-01-22
42733,MD,2024-05-29
42734,TN,2025-01-20
42735,TX,2024-12-16
42736,CO,2025-10-18
42737,NY,2025-04-12
42738,CA,2025-01-27
42739,MA,2024-11-13
42740,NY,2025-05-07
42741,CA,2025-09-20
42742,PA,2024-07-26
42743,IL,2024-11-03
42744,NY,2023-08-12
42745,NY,2024-06-20
42746,CA,2023-11-02
42747,PA,2023-10-30
42748,PA,2024-09-25
42749,CA,2024-07-31
42750,FL,2023-01-15
42751,NY,2024-06-01
42752,OR,2023-09-10
42753,CA,2026-01-13
42754,CA,2024-12-30
42755,GA,2023-06-12
42756,ND,2026-01-10
42757,NC,2025-02-12
42758,CO,2024-08-12
42759,GA,2024-02-06
42760,MI,2025-03-21
42761,IL,2023-05-28
42762,WA,2025-09-01
42763,TX,2023-05-09
42764,NC,2023-04-29
42765,FL,2024-02-20
42766,OR,2025-04-14
42767,NM,2025-10-30
42768,OH,2025-04-21
42769,OH,2023-06-27
42770,NM,2024-06-27
42771,CO,2024-07-30
42772,CA,2025-11-15
42773,NY,2025-01-11
42774,AZ,2025-12-24
42775,GA,2024-01-31
42776,SC,2025-07-26
42777,NY,2023-07-02
42778,WA,2023-09-21
42779,WA,2023-01-27
42780,PA,2024-05-22
42781,MD,2024-12-03
42782,TX,2023-05-08
42783,IN,2025-04-07
42784,CA,2024-02-23
42785,NY,2025-04-03
42786,NY,2025-06-11
42787,CA,2024-06-27
42788,GA,2026-01-07
42789,WA,2025-02-27
42790,AL,2025-12-15
42791,NY,2025-05-10
42792,FL,2025-12-13
42793,TX,2023-07-21
42794,MO,2023-08-11
42795,MI,2026-02-26
42796,IL,2023-11-26
42797,TX,2025-05-30
42798,GA,2025-06-14
42799,NE,2023-05-08
42800,MN,2024-04-14
42801,KY,2024-08-04
42802,NY,2023-06-10
42803,CA,2024-05-29
42804,NV,2025-05-31
42805,NY,2024-06-07
42806,MI,2025-11-16
42807,CA,2024-01-04
42808,NJ,2025-11-02
42809,CO,2023-05-03
42810,FL,2024-12-15
42811,CA,2024-12-15
42812,CA,2024-11-06
42813,OK,2023-11-16
42814,CT,2024-09-25
42815,AZ,2024-10-05
42816,WI,2024-06-13
42817,PA,2025-11-07
42818,TX,2025-10-26
42819,GA,2023-02-12
42820,NC,2025-10-04
42821,CA,2025-02-15
42822,AZ,2023-07-08
42823,CT,2025-04-26
42824,FL,2024-04-17
42825,ID,2023-09-30
42826,NC,2024-11-20
42827,MA,2025-08-06
42828,IL,2026-01-18
42829,CA,2023-09-27
42830,FL,2024-07-04
42831,FL,2026-02-17
42832,WA,2024-07-20
42833,MI,2024-11-05
42834,TX,2025-05-08
42835,NY,2024-04-08
42836,CA,2025-04-07
42837,AL,2025-03-08
42838,CA,2026-01-18
42839,MO,2023-12-25
42840,LA,2024-01-15
42841,NY,2023-06-16
42842,SC,2024-11-22
42843,TN,2024-09-07
42844,CA,2024-07-23
42845,OR,2023-05-06
42846,CO,2023-12-11
42847,FL,2024-10-30
42848,CA,2025-02-05
42849,FL,2024-06-23
42850,NJ,2023-07-30
42851,NY,2025-09-27
42852,OH,2023-09-23
42853,CA,2025-08-27
42854,CO,2023-09-11
42855,MN,2023-01-30
42856,TX,2025-08-24
42857,FL,2025-02-26
42858,NY,2024-11-29
42859,WA,2023-01-30
42860,MD,2023-06-10
42861,CA,2023-12-13
42862,FL,2025-08-22
42863,OH,2024-04-18
42864,VT,2024-05-23
42865,TX,2023-02-26
42866,MD,2025-12-26
42867,MA,2023-01-28
42868,NY,2024-10-15
42869,IL,2023-08-20
42870,LA,2026-02-04
42871,NY,2024-10-20
42872,TX,2025-06-13
42873,NC,2024-11-21
42874,NV,2023-03-17
42875,OR,2024-03-30
42876,NY,2023-12-11
42877,NJ,2024-08-12
42878,MI,2024-12-15
42879,SC,2024-04-03
42880,UT,2025-06-21
42881,CA,2024-07-27
42882,AZ,2023-05-23
42883,MT,2024-08-01
42884,NV,2025-03-31
42885,TX,2025-07-25
42886,IL,2024-01-04
42887,NY,2025-08-24
42888,MA,2024-12-15
42889,WA,2023-09-10
42890,TX,2025-08-17
42891,MD,2024-09-13
42892,WA,2026-02-24
42893,NC,2025-06-15
42894,CT,2023-12-18
42895,TX,2023-05-01
42896,CA,2024-01-09
42897,CO,2023-12-07
42898,AZ,2023-01-31
42899,ND,2025-02-23
42900,MI,2023-07-23
42901,NJ,2024-02-16
42902,CT,2024-07-14
42903,VA,2024-08-24
42904,IL,2025-04-02
42905,MA,2025-06-22
42906,NY,2025-11-21
42907,NJ,2024-11-21
42908,CO,2023-12-12
42909,IL,2025-01-16
42910,NC,2023-10-21
42911,NC,2025-02-12
42912,VA,2023-05-02
42913,MA,2024-01-10
42914,NJ,2025-08-23
42915,ND,2023-01-16
42916,ND,2024-03-13
42917,OK,2023-12-15
42918,WA,2023-07-29
42919,CO,2023-06-09
42920,UT,2025-12-11
42921,GA,2026-01-09
42922,WA,2025-05-29
42923,IL,2024-01-16
42924,MD,2025-05-10
42925,NC,2024-01-22
42926,AZ,2025-12-03
42927,MN,2025-03-03
42928,MN,2024-10-23
42929,WA,2023-03-16
42930,IL,2025-10-28
42931,NY,2025-10-02
42932,MD,2024-09-28
42933,IN,2024-12-26
42934,NJ,2025-03-05
42935,WI,2024-10-08
42936,TX,2025-06-10
42937,NJ,2025-05-08
42938,TX,2024-05-09
42939,NY,2023-07-04
42940,CA,2024-12-29
42941,WA,2023-10-04
42942,WA,2026-01-18
42943,TX,2024-11-21
42944,NV,2024-09-12
42945,NM,2024-02-02
42946,UT,2025-07-06
42947,WA,2023-10-11
42948,NC,2023-08-19
42949,PA,2025-04-03
42950,UT,2025-11-10
42951,CA,2025-07-26
42952,GA,2023-10-03
42953,FL,2024-04-23
42954,CA,2023-12-13
42955,MD,2025-09-01
42956,AR,2025-06-13
42957,NH,2023-06-21
42958,TX,2024-06-26
42959,MA,2025-10-29
42960,CT,2025-03-28
42961,NH,2025-09-05
42962,CA,2024-06-27
42963,NJ,2023-07-21
42964,NC,2024-12-17
42965,OR,2024-06-22
42966,VT,2024-01-18
42967,MS,2025-09-14
42968,CA,2025-05-31
42969,NY,2025-10-18
42970,NY,2023-09-03
42971,CA,2023-04-26
42972,MA,2026-02-14
42973,ID,2025-04-28
42974,NJ,2023-05-05
42975,CO,2023-02-02
42976,MA,2024-04-17
42977,MA,2024-08-26
42978,TX,2025-02-01
42979,NY,2025-04-29
42980,TX,2023-01-23
42981,NY,2025-08-05
42982,FL,2025-09-21
42983,ME,2026-01-10
42984,CA,2023-07-22
42985,WA,2024-07-08
42986,TX,2026-02-04
42987,AL,2026-01-02
42988,AK,2023-07-20
42989,OK,2024-01-20
42990,NJ,2025-06-30
42991,FL,2025-11-08
42992,WV,2025-04-23
42993,NE,2024-10-06
42994,FL,2024-11-25
42995,NC,2024-10-06
42996,NY,2023-05-01
42997,CO,2023-09-12
42998,CA,2024-06-28
42999,NV,2023-01-06
43000,WA,2023-08-10
43001,CA,2025-05-31
43002,GA,2024-12-15
43003,CO,2024-09-25
43004,TX,2026-03-01
43005,TX,2023-02-21
43006,SC,2025-01-11
43007,OH,2023-12-15
43008,NY,2023-09-27
43009,NY,2024-02-09
43010,OR,2024-09-08
43011,TX,2024-09-09
43012,MO,2025-04-03
43013,CO,2025-09-10
43014,WV,2024-02-03
43015,FL,2023-12-07
43016,MA,2024-09-08
43017,TX,2023-01-07
43018,CA,2023-01-24
43019,CO,2024-07-22
43020,NY,2024-12-27
43021,FL,2023-11-16
43022,MO,2024-06-20
43023,CA,2024-04-27
43024,PA,2024-07-19
43025,CO,2026-01-14
43026,WA,2024-05-17
43027,NY,2025-03-12
43028,CA,2025-02-01
43029,PA,2025-11-26
43030,OR,2023-10-13
43031,MA,2024-05-21
43032,IL,2024-09-17
43033,FL,2025-01-24
43034,UT,2023-05-10
43035,UT,2023-10-31
43036,CA,2025-07-12
43037,ME,2024-12-27
43038,SC,2024-06-19
43039,FL,2023-08-15
43040,MI,2024-10-19
43041,VA,2023-11-20
43042,NV,2023-01-08
43043,AZ,2025-05-07
43044,IL,2023-02-25
43045,CA,2024-07-04
43046,NV,2025-09-06
43047,MA,2023-10-01
43048,GA,2026-01-25
43049,IL,2024-10-19
43050,NY,2026-01-26
43051,TX,2025-02-05
43052,GA,2024-07-18
43053,CA,2025-11-22
43054,HI,2023-10-04
43055,FL,2025-08-24
43056,NY,2025-03-11
43057,UT,2025-06-18
43058,CA,2024-03-02
43059,NC,2026-02-27
43060,MA,2023-10-23
43061,DE,2024-07-15
43062,MN,2024-04-23
43063,HI,2024-07-28
43064,IN,2023-04-20
43065,TX,2025-05-11
43066,FL,2024-08-19
43067,FL,2023-04-24
43068,CT,2026-02-13
43069,IL,2024-07-02
43070,NJ,2023-05-18
43071,KY,2024-06-12
43072,NY,2025-06-01
43073,PA,2023-10-07
43074,MI,2023-06-26
43075,GA,2025-01-15
43076,OR,2023-08-30
43077,PA,2024-06-25
43078,TX,2023-03-22
43079,NC,2023-01-13
43080,SD,2024-03-19
43081,CA,2023-05-18
43082,MO,2024-01-26
43083,IL,2025-04-10
43084,PA,2024-03-30
43085,AR,2024-07-03
43086,OH,2023-11-06
43087,TX,2024-05-02
43088,OR,2024-01-03
43089,NY,2023-06-22
43090,PA,2024-08-10
43091,RI,2025-01-30
43092,ME,2023-08-26
43093,IL,2025-07-01
43094,TX,2024-09-23
43095,OR,2023-01-11
43096,TX,2024-02-05
43097,GA,2023-07-22
43098,FL,2024-06-10
43099,TX,2024-05-30
43100,OR,2025-05-06
43101,MA,2023-06-30
43102,FL,2024-03-06
43103,WA,2025-01-04
43104,VA,2024-02-17
43105,FL,2024-06-26
43106,NY,2023-11-25
43107,MA,2024-07-13
43108,NY,2025-08-18
43109,CA,2023-05-11
43110,WA,2024-10-23
43111,CA,2024-01-06
43112,NY,2024-03-31
43113,MO,2023-01-25
43114,NY,2025-10-14
43115,FL,2025-10-01
43116,CA,2023-11-05
43117,FL,2023-06-28
43118,GA,2023-07-25
43119,MT,2023-01-05
43120,NY,2023-06-27
43121,MD,2023-11-11
43122,NY,2025-07-05
43123,NY,2025-04-26
43124,GA,2023-05-11
43125,CT,2023-11-02
43126,WI,2023-11-06
43127,CA,2026-01-19
43128,NC,2023-09-19
43129,ND,2025-03-19
43130,NY,2024-03-13
43131,NY,2024-06-05
43132,CA,2026-02-15
43133,TX,2023-08-18
43134,MA,2023-06-06
43135,TX,2023-11-30
43136,CA,2024-12-12
43137,AL,2025-01-13
43138,NY,2025-09-03
43139,CA,2023-10-26
43140,MA,2024-12-20
43141,TX,2023-01-13
43142,MI,2024-12-01
43143,WA,2024-01-18
43144,HI,2023-06-24
43145,PA,2024-02-07
43146,CA,2024-10-04
43147,MI,2025-05-24
43148,NY,2024-03-31
43149,PA,2024-11-10
43150,AZ,2023-09-25
43151,WA,2024-11-01
43152,CO,2024-11-05
43153,TX,2023-12-06
43154,CA,2025-11-16
43155,RI,2024-07-17
43156,NJ,2023-05-15
43157,LA,2025-03-23
43158,TX,2025-03-11
43159,OH,2025-11-06
43160,TX,2024-09-19
43161,MA,2025-03-16
43162,MN,2024-02-22
43163,ME,2025-12-08
43164,NY,2025-12-20
43165,OH,2025-10-04
43166,TX,2023-05-26
43167,AZ,2024-12-02
43168,OR,2025-10-26
43169,WI,2025-05-12
43170,NV,2024-03-07
43171,FL,2023-12-10
43172,NY,2024-09-09
43173,WA,2025-02-17
43174,NY,2024-06-16
43175,PA,2024-05-01
43176,NJ,2023-02-24
43177,GA,2023-06-26
43178,TX,2025-06-02
43179,TX,2024-04-12
43180,WA,2024-05-09
43181,HI,2025-09-14
43182,CA,2026-02-15
43183,IL,2023-07-21
43184,KY,2025-05-13
43185,FL,2025-08-16
43186,FL,2023-06-30
43187,CA,2023-02-05
43188,NM,2025-11-25
43189,MS,2024-06-15
43190,NY,2024-04-14
43191,FL,2025-10-26
43192,MO,2024-04-03
43193,VT,2023-06-08
43194,WA,2023-12-18
43195,MA,2025-05-23
43196,NC,2025-12-06
43197,TX,2023-04-20
43198,NY,2025-09-02
43199,LA,2024-05-01
43200,LA,2023-08-05
43201,MA,2023-04-14
43202,MN,2024-11-10
43203,OR,2025-11-17
43204,NY,2025-02-04
43205,MN,2025-08-01
43206,AL,2025-03-22
43207,IL,2024-05-19
43208,RI,2025-06-19
43209,NY,2023-08-29
43210,IL,2023-07-21
43211,OH,2024-03-01
43212,IN,2023-12-20
43213,PA,2024-01-02
43214,MA,2023-03-26
43215,CA,2023-12-03
43216,CA,2025-07-20
43217,TX,2025-07-24
43218,MA,2023-01-21
43219,WA,2024-10-17
43220,NY,2024-05-06
43221,MI,2025-10-23
43222,FL,2023-01-23
43223,AZ,2023-05-21
43224,PA,2025-11-27
43225,CO,2023-08-10
43226,MD,2025-01-12
43227,FL,2023-01-20
43228,GA,2026-01-30
43229,NY,2025-06-23
43230,AZ,2025-12-16
43231,OH,2024-11-08
43232,CA,2023-04-27
43233,TX,2023-11-17
43234,AZ,2023-09-25
43235,OK,2024-03-11
43236,CO,2025-02-04
43237,CA,2025-12-10
43238,AZ,2025-09-08
43239,OH,2023-11-16
43240,MI,2025-01-01
43241,LA,2025-01-14
43242,NJ,2023-01-24
43243,FL,2025-11-25
43244,CT,2025-05-24
43245,RI,2025-04-03
43246,AZ,2024-12-20
43247,CA,2025-04-05
43248,GA,2024-06-27
43249,CA,2023-09-15
43250,NY,2023-06-26
43251,MD,2024-08-17
43252,CA,2025-06-08
43253,FL,2023-09-25
43254,OH,2024-12-17
43255,WA,2024-03-22
43256,CA,2024-11-05
43257,NJ,2023-08-28
43258,NY,2023-04-27
43259,MI,2023-09-23
43260,PA,2024-10-17
43261,NY,2025-03-14
43262,CA,2024-08-09
43263,CA,2025-11-06
43264,OR,2023-01-12
43265,PA,2024-05-29
43266,TX,2025-06-01
43267,ID,2024-08-07
43268,TX,2023-03-24
43269,OR,2024-01-18
43270,TX,2024-09-17
43271,MN,2023-03-25
43272,NJ,2025-09-10
43273,HI,2024-05-27
43274,OH,2023-06-21
43275,NY,2024-05-05
43276,MA,2023-09-23
43277,MA,2025-10-28
43278,TX,2023-05-25
43279,PA,2024-09-28
43280,FL,2025-04-10
43281,CO,2025-05-12
43282,MD,2023-03-09
43283,NY,2025-02-13
43284,TX,2024-02-04
43285,OR,2025-02-20
43286,FL,2023-09-07
43287,NC,2025-06-03
43288,PA,2024-01-19
43289,IL,2024-06-20
43290,NY,2025-02-21
43291,TX,2024-07-23
43292,MA,2023-01-24
43293,WA,2025-08-24
43294,PA,2026-02-24
43295,MN,2023-01-18
43296,VA,2025-12-22
43297,IL,2024-04-18
43298,TX,2025-01-19
43299,NY,2025-10-28
43300,TX,2023-08-12
43301,VA,2023-07-19
43302,FL,2023-05-13
43303,OR,2025-04-27
43304,NJ,2024-06-22
43305,AL,2024-01-17
43306,CA,2023-08-19
43307,CO,2024-12-05
43308,NC,2024-07-28
43309,IL,2025-06-19
43310,OK,2023-02-21
43311,MI,2023-12-03
43312,FL,2025-09-19
43313,IL,2024-08-17
43314,FL,2023-11-29
43315,WA,2024-11-13
43316,LA,2024-11-25
43317,CT,2024-04-18
43318,NY,2025-03-19
43319,IL,2025-03-13
43320,MA,2024-12-20
43321,WA,2025-04-04
43322,TX,2025-03-08
43323,SC,2024-01-14
43324,WA,2025-02-02
43325,KS,2024-12-21
43326,CO,2023-07-24
43327,TX,2023-12-24
43328,TX,2023-09-06
43329,ME,2025-06-21
43330,VT,2025-06-23
43331,VA,2024-10-31
43332,WA,2024-09-04
43333,CA,2025-02-28
43334,TX,2025-07-31
43335,CA,2024-05-25
43336,WI,2023-10-14
43337,OH,2024-01-23
43338,TX,2025-02-16
43339,MT,2025-01-03
43340,MA,2025-09-27
43341,IL,2025-06-21
43342,IL,2023-05-23
43343,OR,2024-08-08
43344,TX,2024-07-17
43345,MD,2025-02-19
43346,MA,2025-12-03
43347,AR,2024-04-09
43348,FL,2025-01-31
43349,FL,2024-10-18
43350,ME,2025-04-30
43351,NY,2023-03-12
43352,VT,2025-07-03
43353,NV,2023-08-09
43354,TX,2024-09-09
43355,KS,2024-06-24
43356,MA,2024-04-30
43357,NC,2024-01-27
43358,NY,2024-08-02
43359,TX,2023-04-02
43360,WA,2024-08-09
43361,NY,2023-12-04
43362,TX,2023-02-27
43363,OH,2023-03-02
43364,CO,2024-02-28
43365,NV,2023-09-30
43366,NH,2023-08-14
43367,NJ,2024-12-24
43368,IL,2025-06-25
43369,CO,2025-05-13
43370,GA,2025-04-17
43371,CA,2023-12-04
43372,MN,2024-01-12
43373,NV,2023-06-03
43374,NY,2025-10-28
43375,FL,2023-10-09
43376,NJ,2025-11-23
43377,MI,2024-04-19
43378,MD,2024-01-20
43379,FL,2026-01-10
43380,CA,2024-10-10
43381,OH,2025-08-12
43382,OR,2023-12-30
43383,MO,2025-10-26
43384,PA,2024-08-15
43385,MA,2025-05-05
43386,MN,2024-08-08
43387,CA,2024-10-28
43388,CO,2024-12-06
43389,MA,2025-06-10
43390,CA,2024-03-17
43391,NY,2025-01-06
43392,WA,2024-01-27
43393,MI,2024-03-10
43394,CA,2023-04-11
43395,SD,2025-09-16
43396,CA,2023-04-15
43397,IL,2023-02-28
43398,NY,2023-07-29
43399,CO,2023-04-05
43400,MI,2024-08-24
43401,FL,2023-02-20
43402,NY,2025-06-19
43403,NY,2024-05-15
43404,CA,2024-12-15
43405,NY,2024-07-17
43406,CT,2026-01-30
43407,MA,2025-07-07
43408,FL,2026-02-17
43409,CA,2023-11-04
43410,NJ,2025-05-25
43411,SC,2024-04-17
43412,AZ,2023-03-17
43413,LA,2024-10-04
43414,WI,2023-06-01
43415,RI,2024-08-13
43416,CA,2025-05-12
43417,FL,2024-05-05
43418,MN,2024-02-09
43419,GA,2023-09-09
43420,NY,2024-01-10
43421,NY,2026-02-16
43422,CA,2025-10-04
43423,CA,2023-06-02
43424,KY,2026-01-02
43425,CA,2024-12-10
43426,CA,2023-06-23
43427,NC,2023-08-26
43428,NY,2025-02-02
43429,IL,2024-06-27
43430,WA,2024-05-10
43431,IL,2023-06-30
43432,CA,2025-04-22
43433,PA,2023-04-08
43434,NH,2023-11-06
43435,CO,2024-01-15
43436,NY,2024-11-21
43437,PA,2024-04-04
43438,CO,2025-05-12
43439,OR,2025-07-25
43440,NC,2024-04-14
43441,NY,2024-12-30
43442,CT,2025-09-29
43443,CA,2024-01-04
43444,TN,2024-04-30
43445,NY,2024-07-10
43446,OH,2025-08-27
43447,NY,2023-05-07
43448,NC,2025-03-24
43449,WA,2026-02-09
43450,LA,2025-09-05
43451,IL,2023-09-28
43452,WA,2024-10-24
43453,MN,2023-06-11
43454,TX,2025-03-19
43455,TX,2025-08-07
43456,PA,2024-07-09
43457,CT,2025-01-01
43458,WA,2025-12-13
43459,NY,2024-06-03
43460,NV,2024-04-28
43461,TN,2023-06-20
43462,NE,2024-01-11
43463,MA,2024-12-10
43464,CO,2026-01-05
43465,PA,2025-05-01
43466,MO,2023-01-05
43467,IL,2024-07-24
43468,CA,2025-11-08
43469,CA,2023-03-06
43470,NY,2023-08-24
43471,CA,2024-10-27
43472,FL,2023-10-16
43473,MI,2023-08-24
43474,PA,2025-01-18
43475,CA,2024-02-26
43476,WA,2024-01-26
43477,CA,2025-01-02
43478,MI,2025-01-25
43479,IL,2025-10-25
43480,LA,2025-01-19
43481,NY,2025-07-24
43482,CA,2025-12-07
43483,WA,2024-07-11
43484,FL,2025-12-23
43485,FL,2024-12-04
43486,NY,2024-06-24
43487,NJ,2025-11-08
43488,MS,2025-01-14
43489,PA,2025-01-29
43490,NY,2023-08-06
43491,FL,2023-11-04
43492,CA,2025-11-13
43493,WA,2023-10-10
43494,WI,2026-02-16
43495,MA,2023-09-06
43496,GA,2023-03-03
43497,CA,2025-10-17
43498,CA,2024-07-05
43499,MA,2025-10-30
43500,CA,2025-08-17
43501,GA,2024-07-20
43502,NY,2025-04-26
43503,WA,2025-10-04
43504,GA,2026-01-17
43505,SD,2024-04-18
43506,GA,2025-11-12
43507,AZ,2024-07-14
43508,NY,2023-12-28
43509,VA,2025-02-10
43510,TX,2025-08-18
43511,NY,2024-11-09
43512,CT,2024-09-15
43513,MD,2023-07-26
43514,UT,2025-01-28
43515,CA,2023-10-01
43516,TX,2024-07-21
43517,NC,2024-11-22
43518,MI,2023-06-09
43519,TX,2025-12-29
43520,AZ,2025-07-13
43521,TX,2024-12-09
43522,CA,2023-06-12
43523,IL,2026-01-11
43524,IL,2023-08-28
43525,TX,2024-04-30
43526,NC,2024-11-01
43527,AL,2024-02-28
43528,MO,2025-10-14
43529,FL,2025-12-01
43530,NY,2023-08-02
43531,WA,2024-11-14
43532,NY,2023-09-10
43533,NY,2023-01-17
43534,FL,2023-04-26
43535,WA,2024-11-23
43536,TX,2025-03-22
43537,NC,2025-03-05
43538,WA,2023-05-31
43539,CA,2023-09-03
43540,FL,2025-12-17
43541,NY,2024-12-09
43542,NE,2024-05-21
43543,FL,2023-08-29
43544,NH,2026-01-20
43545,NY,2024-01-27
43546,PA,2023-02-15
43547,VT,2023-06-04
43548,VA,2025-12-29
43549,NY,2024-05-25
43550,KS,2023-10-09
43551,WA,2023-01-30
43552,NY,2024-12-21
43553,MA,2023-09-19
43554,TX,2023-03-24
43555,FL,2025-08-07
43556,MD,2023-02-04
43557,LA,2023-01-05
43558,IL,2025-05-19
43559,LA,2025-10-26
43560,IL,2026-01-21
43561,IL,2023-11-11
43562,OR,2024-03-10
43563,WA,2024-06-27
43564,KY,2025-02-07
43565,NY,2024-03-08
43566,NY,2023-04-22
43567,DE,2026-02-05
43568,IN,2024-03-10
43569,PA,2024-01-08
43570,WA,2023-09-28
43571,TX,2025-07-08
43572,MI,2023-07-08
43573,NY,2024-12-12
43574,TX,2026-02-12
43575,CO,2023-01-07
43576,VA,2026-01-04
43577,LA,2025-05-07
43578,CA,2024-08-02
43579,HI,2025-11-23
43580,CA,2024-12-31
43581,TX,2024-03-26
43582,GA,2023-05-20
43583,TX,2023-11-10
43584,RI,2024-04-11
43585,WA,2024-09-25
43586,MA,2025-04-03
43587,MI,2023-03-23
43588,CO,2025-02-09
43589,RI,2023-04-06
43590,AZ,2023-11-15
43591,CA,2024-01-24
43592,TX,2026-01-14
43593,IL,2024-01-06
43594,PA,2025-12-31
43595,MA,2025-12-11
43596,MA,2024-04-08
43597,CA,2026-01-24
43598,TX,2025-04-06
43599,NC,2023-12-02
43600,MO,2023-01-14
43601,FL,2024-12-17
43602,CA,2024-07-17
43603,CA,2023-10-08
43604,FL,2025-12-31
43605,FL,2023-02-25
43606,WA,2025-10-14
43607,CA,2024-12-10
43608,IL,2024-01-25
43609,WA,2025-03-01
43610,NY,2025-08-12
43611,TX,2023-04-28
43612,MA,2023-12-03
43613,GA,2023-08-12
43614,GA,2023-11-13
43615,NC,2025-04-02
43616,MN,2023-12-02
43617,PA,2024-04-29
43618,FL,2023-09-16
43619,NY,2023-10-20
43620,VT,2024-05-18
43621,NC,2025-10-17
43622,MD,2023-01-04
43623,NJ,2025-02-09
43624,VA,2024-09-11
43625,PA,2023-07-10
43626,RI,2025-09-28
43627,FL,2026-01-26
43628,CA,2024-09-01
43629,GA,2024-06-19
43630,NY,2024-11-07
43631,ND,2025-02-20
43632,MA,2025-02-21
43633,NY,2024-07-02
43634,CA,2023-11-10
43635,OH,2024-03-05
43636,LA,2024-08-16
43637,NY,2023-09-11
43638,VA,2025-04-03
43639,TX,2025-01-18
43640,PA,2024-06-08
43641,CA,2023-06-13
43642,CA,2024-05-19
43643,TX,2023-12-15
43644,CA,2025-07-18
43645,OH,2024-06-19
43646,FL,2023-06-30
43647,CA,2024-06-22
43648,FL,2026-01-02
43649,IL,2025-10-23
43650,CT,2025-03-06
43651,IN,2023-09-22
43652,TX,2024-06-25
43653,OH,2025-03-01
43654,CA,2024-02-04
43655,MD,2026-02-17
43656,GA,2024-02-24
43657,PA,2023-02-15
43658,RI,2026-01-08
43659,PA,2025-02-06
43660,WA,2025-05-09
43661,OH,2025-06-04
43662,CO,2024-02-08
43663,NY,2026-02-06
43664,PA,2024-07-21
43665,FL,2023-08-26
43666,NJ,2024-04-11
43667,CA,2023-07-09
43668,SD,2025-08-18
43669,ID,2024-10-30
43670,MD,2023-05-06
43671,GA,2024-09-29
43672,GA,2024-10-01
43673,SD,2023-03-24
43674,CA,2023-02-12
43675,LA,2024-12-14
43676,OH,2025-06-05
43677,NM,2023-05-25
43678,NC,2023-07-01
43679,MA,2025-06-30
43680,RI,2024-03-18
43681,TX,2025-02-05
43682,NY,2025-03-01
43683,TX,2024-06-27
43684,WA,2025-05-21
43685,NE,2024-12-14
43686,CA,2025-09-20
43687,TX,2024-02-18
43688,CO,2024-09-18
43689,TX,2024-02-24
43690,MA,2023-09-19
43691,NY,2025-03-11
43692,OR,2025-10-25
43693,AR,2023-11-08
43694,IN,2024-06-23
43695,NY,2025-06-21
43696,CT,2025-01-19
43697,NY,2025-12-18
43698,MN,2025-07-03
43699,LA,2025-04-09
43700,NY,2023-02-19
43701,WI,2024-09-23
43702,RI,2025-05-19
43703,LA,2024-12-23
43704,UT,2023-06-14
43705,FL,2023-09-20
43706,IA,2023-10-21
43707,NY,2023-07-28
43708,TX,2025-06-07
43709,CA,2024-10-30
43710,IL,2023-11-03
43711,FL,2023-12-30
43712,CA,2023-04-13
43713,CA,2024-02-03
43714,OH,2024-08-31
43715,MN,2025-02-17
43716,IL,2023-12-18
43717,NE,2023-04-02
43718,MA,2025-10-05
43719,WA,2025-11-18
43720,MN,2025-11-05
43721,FL,2023-07-25
43722,NC,2025-03-15
43723,MA,2023-01-18
43724,PA,2023-06-26
43725,CA,2024-03-16
43726,CT,2024-12-21
43727,FL,2024-06-14
43728,WA,2025-12-29
43729,NC,2024-09-19
43730,IL,2025-09-04
43731,FL,2025-03-31
43732,CA,2024-06-05
43733,AL,2024-07-12
43734,NY,2024-10-28
43735,TX,2024-10-26
43736,PA,2024-09-06
43737,GA,2025-06-24
43738,ND,2024-01-27
43739,WA,2025-09-19
43740,IL,2025-08-15
43741,MA,2025-07-13
43742,MN,2023-02-22
43743,OK,2025-09-20
43744,CA,2025-05-23
43745,CA,2023-01-04
43746,NY,2024-11-12
43747,VA,2024-09-21
43748,NY,2026-01-03
43749,NY,2023-07-24
43750,SC,2024-06-29
43751,MA,2024-06-09
43752,CA,2025-08-06
43753,MO,2025-02-07
43754,CA,2025-02-14
43755,MN,2024-02-06
43756,OH,2024-10-01
43757,KY,2025-01-04
43758,NJ,2023-03-08
43759,IL,2025-05-05
43760,WA,2024-09-24
43761,MD,2023-08-14
43762,NY,2025-03-13
43763,MN,2023-07-08
43764,MI,2023-07-30
43765,CT,2023-12-09
43766,MN,2024-05-02
43767,NC,2025-09-20
43768,MN,2023-12-13
43769,IL,2023-11-19
43770,TX,2024-05-08
43771,NJ,2023-03-18
43772,MD,2025-09-02
43773,NY,2023-01-03
43774,AR,2024-06-21
43775,MA,2025-08-08
43776,MA,2023-01-03
43777,NY,2025-03-06
43778,WI,2023-08-27
43779,NY,2024-03-02
43780,NC,2024-06-25
43781,IL,2023-12-09
43782,OR,2024-09-12
43783,IL,2025-04-08
43784,FL,2023-09-14
43785,FL,2023-03-05
43786,NY,2024-12-31
43787,WA,2023-05-22
43788,MA,2025-02-04
43789,VA,2026-01-01
43790,MI,2025-08-21
43791,PA,2024-11-23
43792,MN,2024-02-19
43793,NY,2026-02-19
43794,MA,2025-01-05
43795,FL,2024-03-25
43796,NY,2025-01-21
43797,MA,2025-03-15
43798,TX,2025-01-25
43799,MI,2024-06-09
43800,MA,2023-10-08
43801,VA,2024-06-03
43802,IL,2024-01-13
43803,MA,2024-05-15
43804,PA,2025-06-28
43805,CO,2023-03-25
43806,VT,2025-12-01
43807,WA,2023-02-03
43808,NV,2024-04-18
43809,MA,2025-04-02
43810,FL,2025-08-17
43811,WA,2024-05-20
43812,NY,2023-07-04
43813,CA,2023-07-19
43814,AR,2025-09-11
43815,NY,2025-12-02
43816,PA,2023-04-14
43817,TX,2025-11-06
43818,MA,2026-01-17
43819,IL,2023-06-10
43820,NY,2025-04-16
43821,CO,2025-06-29
43822,AZ,2024-12-03
43823,NM,2025-12-15
43824,NC,2024-11-13
43825,NY,2025-03-12
43826,CA,2023-03-10
43827,FL,2025-11-09
43828,VA,2023-10-24
43829,IL,2023-02-19
43830,CA,2023-07-21
43831,NY,2024-02-27
43832,NM,2023-06-14
43833,WA,2026-02-23
43834,NY,2025-10-02
43835,OH,2023-11-09
43836,MA,2025-06-18
43837,CA,2023-09-19
43838,TX,2025-06-29
43839,AL,2024-09-12
43840,OR,2025-07-29
43841,CA,2024-08-16
43842,KS,2025-04-28
43843,IL,2024-03-19
43844,MA,2024-04-25
43845,TX,2024-09-03
43846,NY,2025-05-06
43847,NY,2024-09-18
43848,MA,2023-11-29
43849,PA,2023-10-15
43850,CT,2023-01-31
43851,CO,2025-08-13
43852,TX,2024-02-11
43853,TX,2023-01-27
43854,KS,2024-05-16
43855,FL,2024-10-02
43856,ID,2023-10-07
43857,NY,2025-02-10
43858,CO,2024-07-29
43859,KY,2025-04-07
43860,IL,2025-06-23
43861,GA,2023-07-21
43862,FL,2024-07-25
43863,NY,2025-10-07
43864,NY,2024-01-12
43865,IL,2023-03-06
43866,OR,2024-06-17
43867,NJ,2023-10-05
43868,NV,2025-11-13
43869,GA,2023-02-09
43870,WA,2026-01-09
43871,CO,2024-10-11
43872,WA,2025-02-11
43873,CA,2023-08-31
43874,GA,2024-10-28
43875,FL,2023-04-29
43876,KY,2024-09-23
43877,IN,2024-05-20
43878,NY,2024-02-29
43879,SC,2023-08-20
43880,MD,2024-07-29
43881,NY,2025-05-19
43882,CA,2024-03-19
43883,FL,2025-01-13
43884,MA,2025-06-29
43885,MA,2023-06-01
43886,PA,2024-06-03
43887,NY,2025-10-08
43888,IL,2024-02-17
43889,PA,2025-06-23
43890,OH,2024-09-15
43891,KY,2024-06-19
43892,CA,2025-11-28
43893,ID,2024-11-17
43894,RI,2024-09-04
43895,FL,2025-01-07
43896,LA,2025-05-15
43897,MD,2025-02-26
43898,OH,2025-02-11
43899,CA,2023-08-24
43900,IN,2024-02-24
43901,KY,2024-04-22
43902,TX,2024-11-20
43903,GA,2024-10-12
43904,NV,2023-05-05
43905,VA,2025-02-12
43906,NJ,2023-10-09
43907,TX,2023-05-31
43908,CA,2025-07-09
43909,NY,2023-01-04
43910,TX,2025-02-14
43911,CA,2023-05-06
43912,ND,2023-04-26
43913,TX,2024-06-23
43914,OK,2025-10-08
43915,CA,2024-11-04
43916,TX,2023-07-06
43917,WA,2023-02-02
43918,FL,2025-04-08
43919,WA,2025-09-15
43920,CA,2025-03-15
43921,CO,2023-01-13
43922,CT,2023-12-25
43923,MA,2025-04-02
43924,WY,2023-01-14
43925,NJ,2023-06-09
43926,CA,2025-06-25
43927,IL,2025-01-08
43928,GA,2025-12-04
43929,MA,2024-03-28
43930,CA,2025-04-13
43931,NJ,2024-10-27
43932,TX,2025-03-08
43933,NV,2023-11-29
43934,CA,2025-06-10
43935,MN,2025-10-05
43936,MO,2023-04-14
43937,TX,2023-06-04
43938,FL,2023-03-22
43939,WA,2024-02-03
43940,MA,2024-08-31
43941,NH,2023-01-30
43942,TX,2024-03-09
43943,WA,2025-10-27
43944,IN,2025-02-22
43945,NY,2024-12-15
43946,NC,2025-07-21
43947,CA,2024-08-12
43948,IL,2024-10-24
43949,NC,2023-07-06
43950,NJ,2025-11-17
43951,NY,2024-05-04
43952,NC,2025-08-22
43953,MN,2025-10-18
43954,NV,2024-11-21
43955,MD,2023-09-12
43956,TX,2023-08-03
43957,CA,2023-04-25
43958,WA,2024-10-12
43959,CO,2025-03-13
43960,FL,2025-12-14
43961,AZ,2024-08-16
43962,KY,2024-06-21
43963,MN,2024-07-12
43964,FL,2024-05-24
43965,CA,2023-11-09
43966,IL,2026-02-17
43967,NJ,2024-04-02
43968,CA,2024-05-17
43969,IL,2025-11-30
43970,CA,2023-01-01
43971,NC,2023-02-03
43972,CO,2025-05-19
43973,KY,2024-02-29
43974,NV,2025-12-24
43975,NY,2024-05-30
43976,AZ,2025-08-16
43977,PA,2025-11-10
43978,FL,2025-04-11
43979,IL,2023-06-03
43980,WA,2025-05-19
43981,CO,2023-09-01
43982,LA,2025-12-28
43983,GA,2025-07-08
43984,AZ,2023-02-01
43985,LA,2024-08-07
43986,TX,2024-02-19
43987,AK,2023-08-21
43988,NY,2024-02-03
43989,MS,2024-05-29
43990,VT,2023-04-14
43991,MD,2023-02-04
43992,CA,2024-09-18
43993,CA,2023-11-06
43994,AL,2024-12-17
43995,MI,2025-05-03
43996,RI,2026-02-09
43997,WA,2024-12-11
43998,CA,2025-01-31
43999,MD,2025-05-01
44000,NC,2026-01-29
44001,NJ,2024-08-17
44002,CA,2024-10-29
44003,CA,2024-09-02
44004,WA,2023-08-28
44005,FL,2024-01-14
44006,CA,2023-08-31
44007,PA,2024-04-24
44008,IL,2023-03-10
44009,TX,2024-12-16
44010,FL,2025-07-06
44011,NH,2025-11-01
44012,NY,2026-01-21
44013,TX,2024-05-01
44014,IL,2025-03-17
44015,CA,2025-02-12
44016,VA,2024-11-18
44017,WA,2025-10-28
44018,CA,2023-03-11
44019,WY,2023-03-02
44020,TN,2023-12-05
44021,CA,2025-05-11
44022,MI,2023-10-31
44023,CA,2024-09-10
44024,NY,2023-10-11
44025,CO,2025-11-23
44026,MN,2023-10-09
44027,CA,2024-12-03
44028,NY,2024-10-23
44029,WI,2024-04-24
44030,FL,2024-09-10
44031,CA,2025-07-20
44032,FL,2024-07-02
44033,WA,2024-10-04
44034,SC,2025-09-14
44035,NC,2025-01-13
44036,CA,2025-12-23
44037,NY,2023-12-30
44038,MI,2024-02-11
44039,OR,2025-08-24
44040,KS,2025-12-17
44041,OH,2023-09-22
44042,MI,2025-06-19
44043,CA,2024-09-13
44044,TX,2023-03-06
44045,NC,2024-01-03
44046,PA,2024-08-13
44047,NY,2025-09-30
44048,CA,2024-11-14
44049,TX,2023-05-11
44050,TX,2024-12-17
44051,AZ,2025-02-11
44052,AZ,2024-10-23
44053,PA,2025-04-01
44054,MA,2024-03-09
44055,MN,2023-04-17
44056,TX,2023-01-26
44057,GA,2024-08-01
44058,MN,2023-07-01
44059,IL,2024-09-30
44060,NJ,2024-01-13
44061,GA,2025-11-13
44062,MA,2025-09-26
44063,CA,2023-09-26
44064,WA,2023-11-27
44065,MI,2023-04-19
44066,TX,2025-01-16
44067,GA,2025-12-05
44068,MS,2023-08-31
44069,NY,2025-02-11
44070,CO,2023-05-21
44071,TX,2024-02-04
44072,WA,2024-06-24
44073,GA,2023-01-19
44074,TX,2024-08-15
44075,MI,2023-08-09
44076,CA,2023-10-15
44077,UT,2024-08-05
44078,DE,2023-11-21
44079,CA,2025-09-10
44080,CA,2025-08-09
44081,VA,2024-09-26
44082,FL,2024-05-10
44083,UT,2023-01-23
44084,FL,2024-04-06
44085,HI,2024-01-14
44086,TX,2023-07-08
44087,CA,2024-03-24
44088,CA,2024-10-03
44089,SC,2023-12-15
44090,TN,2024-11-28
44091,NJ,2025-04-20
44092,VA,2023-01-28
44093,VA,2024-11-03
44094,NY,2025-03-09
44095,NY,2025-12-07
44096,LA,2025-10-15
44097,AZ,2024-07-10
44098,SC,2025-07-16
44099,SD,2023-11-03
44100,CO,2025-03-25
44101,GA,2025-04-08
44102,WA,2024-06-30
44103,CA,2025-12-15
44104,OR,2024-11-18
44105,MA,2023-03-27
44106,MD,2024-10-21
44107,CO,2025-06-29
44108,CA,2024-07-27
44109,MA,2025-11-03
44110,UT,2026-02-02
44111,CA,2023-06-27
44112,VA,2023-07-28
44113,UT,2025-12-28
44114,TX,2025-06-29
44115,MA,2025-10-12
44116,TX,2025-12-22
44117,NJ,2025-03-05
44118,MN,2024-01-17
44119,TN,2025-04-08
44120,MN,2025-01-17
44121,OR,2023-06-16
44122,MO,2025-10-20
44123,KY,2024-09-20
44124,WA,2023-08-21
44125,NM,2023-06-12
44126,FL,2024-08-15
44127,FL,2024-05-18
44128,GA,2024-05-20
44129,CT,2024-09-26
44130,AR,2023-03-01
44131,PA,2025-12-21
44132,CT,2026-02-03
44133,PA,2024-02-04
44134,NY,2025-09-15
44135,TX,2024-06-27
44136,TX,2023-12-24
44137,MA,2024-05-01
44138,NY,2023-09-04
44139,OH,2023-02-07
44140,SC,2024-11-09
44141,PA,2024-03-21
44142,CA,2023-01-16
44143,NY,2023-02-23
44144,NJ,2025-01-18
44145,MN,2023-01-18
44146,IL,2025-02-10
44147,CA,2024-07-02
44148,VA,2025-12-27
44149,NY,2025-09-03
44150,MI,2025-06-06
44151,MA,2024-11-18
44152,PA,2023-01-19
44153,MI,2024-08-20
44154,CA,2025-01-16
44155,NY,2023-11-05
44156,KY,2023-05-26
44157,OR,2025-03-17
44158,IL,2026-01-20
44159,SD,2023-11-25
44160,CA,2025-02-21
44161,WA,2024-08-07
44162,CA,2025-05-20
44163,TX,2026-01-03
44164,MS,2025-09-10
44165,WA,2026-01-13
44166,PA,2024-12-03
44167,MN,2023-12-04
44168,NY,2025-03-04
44169,NC,2023-06-26
44170,CO,2025-02-10
44171,CA,2023-09-04
44172,CA,2026-02-26
44173,NY,2024-08-11
44174,TX,2024-12-14
44175,CA,2026-01-09
44176,LA,2024-09-22
44177,KY,2026-02-04
44178,OH,2024-10-10
44179,CA,2026-01-23
44180,VA,2026-01-27
44181,FL,2025-06-24
44182,MD,2024-11-19
44183,WA,2023-02-17
44184,NY,2023-06-25
44185,NC,2024-02-03
44186,GA,2023-02-14
44187,FL,2023-11-10
44188,MN,2023-06-15
44189,TX,2025-10-12
44190,MI,2024-04-25
44191,FL,2025-05-30
44192,MN,2024-11-29
44193,NJ,2024-08-31
44194,MD,2023-07-10
44195,VA,2023-02-12
44196,FL,2025-02-10
44197,ID,2024-11-13
44198,OR,2023-08-25
44199,NC,2025-03-27
44200,NV,2024-06-15
44201,FL,2024-11-15
44202,NY,2024-10-18
44203,ME,2024-07-31
44204,NY,2024-03-09
44205,FL,2024-03-29
44206,CT,2026-02-24
44207,MD,2024-10-03
44208,DE,2024-03-02
44209,CA,2023-03-14
44210,WA,2024-02-25
44211,MI,2024-03-11
44212,VA,2023-10-09
44213,CA,2024-02-13
44214,CA,2023-11-16
44215,MI,2025-07-14
44216,CA,2024-01-04
44217,NJ,2024-01-29
44218,TX,2024-09-12
44219,CA,2026-01-26
44220,AL,2025-09-23
44221,TX,2026-01-09
44222,TN,2025-11-06
44223,NY,2025-12-29
44224,IN,2024-05-26
44225,MS,2025-04-11
44226,FL,2025-05-23
44227,WA,2023-08-26
44228,CT,2024-02-19
44229,WI,2023-02-26
44230,MN,2026-02-27
44231,NY,2024-09-08
44232,FL,2024-08-16
44233,CA,2023-02-19
44234,IL,2024-04-14
44235,ME,2025-03-19
44236,UT,2024-04-29
44237,FL,2023-11-28
44238,CA,2025-08-23
44239,CA,2023-05-25
44240,OK,2023-07-25
44241,PA,2025-06-24
44242,WI,2023-03-31
44243,OH,2023-06-19
44244,IL,2024-04-07
44245,IL,2024-10-15
44246,PA,2024-02-24
44247,MI,2024-02-01
44248,GA,2026-01-15
44249,OH,2023-11-05
44250,VA,2024-12-15
44251,FL,2023-05-13
44252,PA,2023-10-31
44253,AZ,2023-10-07
44254,TN,2023-07-20
44255,AL,2024-05-05
44256,WA,2023-10-25
44257,FL,2024-03-23
44258,ID,2023-07-16
44259,AL,2026-01-19
44260,SD,2025-01-01
44261,TX,2023-03-02
44262,TN,2025-04-30
44263,GA,2023-03-13
44264,WA,2025-04-02
44265,NY,2024-03-27
44266,CA,2023-07-18
44267,NY,2025-04-03
44268,WA,2023-10-10
44269,CA,2025-11-29
44270,AZ,2024-01-06
44271,CA,2024-04-21
44272,CA,2023-02-27
44273,FL,2024-07-01
44274,UT,2024-12-14
44275,CA,2024-02-20
44276,WY,2023-08-27
44277,CA,2024-01-19
44278,FL,2024-02-11
44279,TN,2023-04-21
44280,CA,2023-10-12
44281,FL,2023-10-28
44282,LA,2024-08-25
44283,MN,2024-06-29
44284,MA,2026-01-18
44285,GA,2024-08-04
44286,CA,2025-04-29
44287,OH,2025-12-30
44288,UT,2024-10-03
44289,CA,2023-12-20
44290,FL,2024-10-02
44291,MS,2024-09-24
44292,MI,2023-07-01
44293,FL,2026-02-22
44294,TN,2023-04-20
44295,NY,2023-06-13
44296,TN,2023-04-13
44297,RI,2024-02-08
44298,FL,2025-12-03
44299,OK,2025-11-21
44300,NY,2023-09-06
44301,CA,2025-03-16
44302,FL,2024-06-26
44303,FL,2024-06-13
44304,CA,2024-02-17
44305,PA,2025-09-17
44306,WA,2025-04-10
44307,LA,2025-05-29
44308,MA,2025-04-28
44309,CA,2024-06-15
44310,TX,2025-11-20
44311,PA,2024-11-28
44312,FL,2025-09-25
44313,WA,2024-01-26
44314,FL,2023-08-12
44315,PA,2025-09-09
44316,MN,2025-08-14
44317,IL,2024-05-23
44318,FL,2023-02-18
44319,FL,2025-03-18
44320,NC,2024-12-10
44321,MN,2025-11-04
44322,NJ,2023-12-12
44323,TX,2025-02-18
44324,NJ,2024-05-07
44325,MI,2023-08-27
44326,NC,2024-10-27
44327,NY,2025-07-14
44328,TX,2025-05-10
44329,TX,2025-07-14
44330,TX,2023-03-18
44331,CA,2023-08-21
44332,AZ,2023-06-20
44333,GA,2024-06-17
44334,PA,2025-01-16
44335,FL,2025-09-27
44336,NY,2023-09-30
44337,TX,2025-11-14
44338,CA,2025-01-26
44339,WA,2025-04-17
44340,MD,2024-07-02
44341,SC,2024-04-18
44342,WI,2024-05-30
44343,CO,2023-02-27
44344,NY,2023-06-21
44345,TX,2023-09-30
44346,OH,2023-05-26
44347,IL,2025-05-03
44348,NV,2025-04-08
44349,WA,2023-10-27
44350,MI,2023-05-27
44351,CA,2025-07-09
44352,NY,2024-07-02
44353,CA,2025-10-17
44354,RI,2025-12-17
44355,WA,2023-02-01
44356,FL,2024-02-14
44357,TX,2024-03-06
44358,OH,2023-08-10
44359,MT,2023-02-20
44360,MN,2025-03-19
44361,MN,2025-09-24
44362,FL,2024-12-05
44363,VA,2024-07-26
44364,CA,2025-06-13
44365,HI,2024-04-03
44366,MN,2025-03-13
44367,TX,2024-08-19
44368,CA,2025-11-29
44369,PA,2025-09-04
44370,TX,2025-07-28
44371,MA,2023-09-04
44372,AR,2023-12-04
44373,VA,2024-06-07
44374,UT,2023-02-09
44375,UT,2025-11-19
44376,WA,2025-04-11
44377,OR,2023-10-24
44378,NY,2025-04-26
44379,NM,2023-10-30
44380,CA,2025-01-01
44381,MI,2024-08-28
44382,PA,2024-03-07
44383,CA,2025-06-07
44384,OH,2023-08-30
44385,NY,2024-12-31
44386,NC,2025-05-13
44387,CT,2024-05-06
44388,WA,2023-11-07
44389,TX,2025-07-20
44390,MN,2024-10-20
44391,TX,2023-05-26
44392,CA,2024-12-30
44393,NY,2025-09-16
44394,NC,2025-07-12
44395,TX,2023-05-31
44396,WA,2024-04-07
44397,NY,2023-01-11
44398,MA,2024-03-02
44399,PA,2025-05-02
44400,TX,2025-06-14
44401,NJ,2023-10-28
44402,CO,2023-02-08
44403,MA,2025-09-17
44404,TX,2024-08-13
44405,TX,2025-09-11
44406,FL,2025-10-15
44407,PA,2025-07-29
44408,RI,2025-05-25
44409,GA,2024-05-30
44410,NY,2024-12-05
44411,AZ,2024-09-05
44412,WA,2024-11-26
44413,CA,2025-06-25
44414,NE,2024-08-19
44415,GA,2024-07-15
44416,MD,2023-12-14
44417,OR,2024-07-17
44418,WY,2023-09-19
44419,WA,2024-12-10
44420,FL,2023-10-16
44421,MN,2025-04-28
44422,PA,2024-01-31
44423,CA,2023-10-14
44424,TX,2025-09-21
44425,CA,2024-06-29
44426,WA,2023-02-01
44427,IL,2024-07-05
44428,AZ,2025-11-20
44429,PA,2025-10-02
44430,IA,2023-10-25
44431,MA,2025-04-22
44432,FL,2024-11-30
44433,NY,2024-02-19
44434,IN,2025-11-24
44435,PA,2023-01-27
44436,NC,2024-10-06
44437,AK,2026-01-03
44438,SC,2025-08-04
44439,GA,2025-01-12
44440,CA,2024-08-26
44441,CT,2025-07-24
44442,PA,2023-12-12
44443,CO,2023-07-15
44444,NY,2023-07-29
44445,MI,2025-08-31
44446,KY,2024-06-11
44447,TX,2024-09-20
44448,TX,2024-02-08
44449,NY,2023-07-09
44450,KS,2023-04-17
44451,WA,2024-10-29
44452,RI,2024-03-19
44453,NV,2024-06-11
44454,TX,2025-11-18
44455,CA,2024-12-12
44456,MA,2024-10-25
44457,CA,2025-03-19
44458,TX,2023-03-04
44459,MN,2024-05-08
44460,ND,2023-09-27
44461,CA,2026-02-26
44462,PA,2025-06-04
44463,CA,2023-12-19
44464,IL,2024-10-01
44465,TX,2024-10-12
44466,MI,2023-05-28
44467,MI,2025-01-30
44468,CA,2026-01-07
44469,CA,2024-02-09
44470,VT,2026-01-15
44471,CT,2025-04-20
44472,IL,2024-02-08
44473,NM,2023-04-27
44474,AL,2024-05-16
44475,AZ,2025-01-17
44476,TX,2023-06-23
44477,FL,2026-02-03
44478,CT,2026-01-25
44479,IN,2024-04-22
44480,MD,2024-07-01
44481,CA,2025-05-22
44482,FL,2024-07-14
44483,CT,2025-05-30
44484,CA,2023-11-22
44485,FL,2023-01-09
44486,GA,2025-10-01
44487,WA,2026-01-19
44488,TX,2024-12-05
44489,MO,2023-10-13
44490,OR,2024-02-20
44491,GA,2024-12-24
44492,NE,2025-08-13
44493,MI,2025-08-08
44494,NE,2025-12-20
44495,NY,2023-10-21
44496,MD,2023-12-06
44497,TX,2025-05-28
44498,NY,2025-03-29
44499,FL,2023-07-05
44500,CA,2026-01-20
44501,LA,2025-05-31
44502,CA,2025-02-14
44503,OH,2025-03-12
44504,FL,2024-10-23
44505,NY,2023-07-09
44506,NC,2023-12-19
44507,PA,2023-02-08
44508,TX,2026-01-01
44509,TX,2025-06-04
44510,NC,2023-01-22
44511,NJ,2024-12-13
44512,FL,2023-01-31
44513,CA,2025-04-15
44514,CA,2026-01-06
44515,PA,2024-12-26
44516,CA,2023-02-23
44517,LA,2024-01-06
44518,FL,2023-04-07
44519,MD,2025-06-03
44520,CA,2024-06-13
44521,TN,2025-11-25
44522,NY,2023-11-14
44523,CA,2025-12-10
44524,CA,2023-10-14
44525,CA,2024-10-11
44526,LA,2023-08-31
44527,GA,2024-02-17
44528,CA,2023-08-10
44529,FL,2025-11-20
44530,PA,2025-05-21
44531,MA,2025-12-27
44532,MA,2025-09-20
44533,NY,2025-02-23
44534,AZ,2023-04-06
44535,WI,2023-08-13
44536,CA,2025-01-04
44537,AL,2023-08-11
44538,IN,2025-09-17
44539,NE,2023-04-30
44540,LA,2023-05-18
44541,WA,2023-11-24
44542,CA,2025-05-27
44543,GA,2025-01-09
44544,GA,2024-08-17
44545,NY,2024-06-23
44546,MI,2026-01-16
44547,PA,2024-09-25
44548,MA,2023-12-06
44549,IL,2025-04-04
44550,IL,2023-03-23
44551,GA,2025-05-15
44552,AZ,2024-02-02
44553,PA,2024-12-14
44554,IN,2023-12-24
44555,AZ,2025-03-10
44556,GA,2023-06-30
44557,MO,2025-10-11
44558,PA,2024-07-13
44559,NE,2023-07-22
44560,CA,2025-02-22
44561,FL,2023-10-14
44562,VA,2023-05-13
44563,CA,2026-01-25
44564,VA,2026-01-22
44565,FL,2023-04-04
44566,KY,2025-11-05
44567,AZ,2024-04-18
44568,TX,2025-08-17
44569,FL,2023-07-30
44570,UT,2024-07-12
44571,MA,2024-03-18
44572,FL,2023-04-09
44573,NY,2023-01-20
44574,WA,2023-01-21
44575,CA,2024-11-24
44576,KY,2024-07-14
44577,NY,2025-11-12
44578,LA,2023-04-18
44579,MA,2025-04-15
44580,MT,2024-08-27
44581,WA,2023-01-24
44582,CA,2025-02-14
44583,CA,2024-03-28
44584,NC,2023-04-25
44585,IN,2024-01-29
44586,FL,2025-08-09
44587,CT,2024-09-11
44588,IL,2025-02-16
44589,DE,2024-08-18
44590,CA,2025-10-09
44591,TX,2026-01-30
44592,CA,2023-09-23
44593,NE,2023-03-24
44594,NV,2025-07-25
44595,NY,2023-09-03
44596,MT,2025-03-21
44597,WI,2025-10-07
44598,GA,2024-11-01
44599,PA,2026-02-15
44600,PA,2024-09-19
44601,NY,2024-12-07
44602,MA,2023-05-09
44603,WA,2023-07-18
44604,TX,2025-02-05
44605,ME,2025-07-17
44606,UT,2026-01-05
44607,FL,2024-05-22
44608,CA,2025-12-11
44609,MA,2023-06-27
44610,NY,2026-02-10
44611,NC,2023-10-25
44612,NY,2024-01-15
44613,WA,2023-06-16
44614,AK,2023-12-28
44615,MD,2025-04-20
44616,ID,2024-05-18
44617,NV,2025-01-28
44618,AL,2024-04-01
44619,OK,2025-05-08
44620,WA,2025-07-13
44621,ID,2024-12-08
44622,TX,2023-07-04
44623,NM,2024-02-22
44624,GA,2024-12-15
44625,WI,2025-02-15
44626,CA,2025-03-05
44627,NC,2025-07-29
44628,WA,2023-05-03
44629,NY,2024-08-26
44630,FL,2023-03-02
44631,CA,2025-06-30
44632,TX,2023-04-02
44633,CA,2025-06-16
44634,IL,2023-08-22
44635,TX,2025-08-27
44636,TX,2024-06-14
44637,WA,2025-10-14
44638,CA,2025-02-26
44639,MA,2025-04-05
44640,FL,2025-10-16
44641,PA,2025-04-06
44642,TX,2024-09-15
44643,SD,2023-08-30
44644,NY,2023-10-19
44645,WA,2024-03-12
44646,CA,2025-01-29
44647,TX,2025-12-13
44648,IL,2024-06-11
44649,NJ,2023-02-19
44650,TX,2025-03-04
44651,CA,2025-03-09
44652,NC,2023-07-08
44653,IL,2025-07-26
44654,PA,2024-11-12
44655,CO,2023-08-07
44656,SC,2024-10-20
44657,CO,2024-12-20
44658,DE,2025-04-04
44659,IL,2023-12-24
44660,GA,2024-10-09
44661,NC,2023-07-09
44662,TX,2025-10-29
44663,FL,2025-05-29
44664,CA,2025-02-13
44665,PA,2025-10-08
44666,CA,2025-11-12
44667,MI,2023-10-24
44668,ME,2023-11-24
44669,NC,2025-09-06
44670,CA,2023-01-11
44671,MD,2025-10-21
44672,TX,2025-03-22
44673,MI,2024-06-02
44674,ID,2026-02-20
44675,TX,2024-03-19
44676,TN,2025-01-12
44677,NC,2025-06-18
44678,TX,2023-06-04
44679,WA,2025-08-15
44680,OH,2025-10-27
44681,CA,2024-03-13
44682,CA,2024-09-07
44683,CA,2025-05-12
44684,IA,2024-09-06
44685,IL,2025-08-20
44686,CA,2023-04-13
44687,IL,2024-10-21
44688,ME,2024-11-18
44689,MA,2024-02-22
44690,CA,2023-10-23
44691,NY,2024-05-31
44692,TX,2024-06-05
44693,NJ,2024-11-16
44694,MA,2024-05-19
44695,WA,2023-02-24
44696,OR,2024-10-09
44697,FL,2025-09-30
44698,CA,2024-09-19
44699,SC,2025-12-15
44700,VA,2025-08-08
44701,OR,2025-01-24
44702,TX,2025-03-21
44703,FL,2023-02-25
44704,TX,2023-06-13
44705,MD,2024-05-03
44706,GA,2023-01-08
44707,NY,2024-09-03
44708,TN,2023-05-27
44709,ID,2023-03-07
44710,FL,2023-05-19
44711,ID,2023-07-14
44712,OR,2023-10-16
44713,IL,2024-04-02
44714,TX,2025-03-31
44715,OR,2024-03-04
44716,MD,2023-07-14
44717,WA,2023-10-22
44718,GA,2024-09-01
44719,CO,2023-02-19
44720,AL,2025-03-30
44721,OR,2024-01-13
44722,TX,2023-06-07
44723,FL,2023-05-01
44724,IL,2024-10-28
44725,WI,2024-07-31
44726,FL,2023-04-11
44727,WA,2025-03-06
44728,CO,2026-01-12
44729,OR,2025-04-10
44730,IL,2025-05-20
44731,CA,2023-02-24
44732,CO,2023-08-30
44733,CA,2023-05-26
44734,PA,2024-11-27
44735,CA,2024-01-03
44736,VA,2025-07-07
44737,OH,2025-11-20
44738,MI,2025-03-13
44739,NY,2024-11-09
44740,NY,2023-09-18
44741,IL,2024-10-29
44742,MI,2025-06-06
44743,MS,2025-03-20
44744,FL,2025-04-04
44745,ME,2025-04-30
44746,SC,2024-03-23
44747,AZ,2023-08-05
44748,WA,2025-04-10
44749,WA,2024-06-13
44750,MO,2023-04-27
44751,TX,2023-08-27
44752,NY,2025-07-29
44753,AL,2025-10-22
44754,MN,2025-03-08
44755,NC,2024-10-23
44756,NV,2025-02-02
44757,KY,2024-09-09
44758,MN,2024-01-10
44759,FL,2023-10-17
44760,MA,2026-02-22
44761,UT,2023-06-12
44762,WA,2025-06-12
44763,NC,2023-07-16
44764,NY,2024-06-10
44765,AZ,2023-01-12
44766,IL,2023-07-14
44767,GA,2025-05-17
44768,IN,2023-12-03
44769,VA,2023-10-03
44770,CO,2025-03-25
44771,CA,2025-01-22
44772,TX,2025-11-17
44773,KY,2025-02-24
44774,FL,2023-11-09
44775,MI,2023-12-31
44776,VA,2025-08-04
44777,NJ,2025-11-26
44778,AZ,2025-08-29
44779,VA,2025-05-21
44780,CA,2024-09-08
44781,AL,2025-10-16
44782,WA,2023-04-10
44783,NV,2025-08-23
44784,MN,2023-02-13
44785,MN,2023-03-06
44786,IL,2024-07-14
44787,CA,2025-12-26
44788,IL,2025-09-22
44789,NY,2023-02-15
44790,TX,2025-12-29
44791,CA,2024-09-12
44792,FL,2025-05-22
44793,WA,2023-07-28
44794,CA,2025-09-16
44795,MO,2024-01-16
44796,WA,2026-01-11
44797,LA,2023-10-13
44798,IL,2025-05-21
44799,LA,2024-02-22
44800,CA,2023-12-12
44801,WA,2024-01-01
44802,TX,2023-12-23
44803,GA,2023-03-02
44804,IL,2024-01-19
44805,NY,2024-07-31
44806,MI,2023-01-13
44807,KY,2024-07-25
44808,CA,2026-02-04
44809,NJ,2023-12-29
44810,MD,2026-02-05
44811,WA,2025-04-12
44812,LA,2024-04-12
44813,NV,2024-11-19
44814,NC,2025-04-16
44815,CA,2023-09-25
44816,CA,2023-08-23
44817,TN,2025-07-05
44818,NC,2023-08-03
44819,MI,2024-03-31
44820,CA,2024-08-24
44821,WA,2023-12-05
44822,FL,2025-04-04
44823,FL,2024-12-19
44824,NC,2025-11-30
44825,MA,2023-04-25
44826,CA,2023-02-02
44827,CO,2024-05-29
44828,IN,2025-01-14
44829,FL,2025-07-20
44830,IL,2025-10-09
44831,TX,2024-11-10
44832,CA,2024-05-14
44833,AK,2023-10-29
44834,LA,2025-04-18
44835,NY,2025-04-03
44836,CA,2024-08-31
44837,TX,2026-01-08
44838,TX,2025-03-04
44839,TX,2023-09-12
44840,TX,2023-04-17
44841,OH,2026-01-29
44842,WA,2024-09-16
44843,CA,2024-11-23
44844,MI,2024-07-15
44845,KS,2025-11-18
44846,CA,2023-12-23
44847,GA,2024-02-07
44848,TX,2026-01-23
44849,GA,2025-09-29
44850,VA,2023-05-05
44851,NY,2025-12-22
44852,CA,2025-02-07
44853,NJ,2023-07-23
44854,FL,2023-11-16
44855,TX,2023-05-19
44856,TX,2024-08-31
44857,MO,2024-09-21
44858,WA,2025-01-07
44859,CO,2024-05-11
44860,CA,2026-02-26
44861,TX,2024-10-30
44862,LA,2025-12-12
44863,IN,2026-01-19
44864,NY,2024-03-11
44865,NY,2024-12-31
44866,NY,2024-09-06
44867,MN,2026-01-17
44868,TX,2023-10-22
44869,TX,2025-05-05
44870,CA,2025-12-01
44871,TX,2024-11-18
44872,RI,2024-08-05
44873,IN,2024-04-17
44874,GA,2023-03-16
44875,CO,2025-09-05
44876,NV,2024-01-23
44877,MA,2024-06-23
44878,GA,2025-09-02
44879,AL,2023-01-02
44880,CA,2025-04-19
44881,CO,2024-02-26
44882,NH,2025-03-28
44883,NY,2025-02-23
44884,WA,2023-10-13
44885,CA,2025-01-24
44886,CO,2025-03-21
44887,CA,2025-11-27
44888,WA,2023-05-05
44889,FL,2023-11-11
44890,CA,2023-02-13
44891,AZ,2023-11-28
44892,NV,2023-06-14
44893,KY,2025-02-01
44894,NC,2024-12-11
44895,OR,2024-10-27
44896,FL,2023-07-03
44897,MI,2024-02-07
44898,GA,2024-10-23
44899,FL,2024-03-16
44900,MI,2024-07-30
44901,FL,2024-01-14
44902,ME,2024-11-04
44903,OR,2024-07-15
44904,IL,2023-11-05
44905,NY,2025-09-15
44906,IL,2023-02-20
44907,CA,2023-10-03
44908,OR,2025-05-09
44909,MA,2023-04-25
44910,NC,2025-05-09
44911,PA,2023-05-16
44912,NH,2023-01-21
44913,MI,2024-06-13
44914,TX,2023-12-28
44915,NY,2025-06-24
44916,MD,2023-08-07
44917,NC,2023-11-15
44918,FL,2024-04-10
44919,AR,2023-05-01
44920,TX,2023-03-03
44921,MA,2026-01-25
44922,NY,2025-10-02
44923,FL,2025-02-01
44924,MI,2025-06-17
44925,CA,2026-02-26
44926,MN,2023-01-10
44927,PA,2025-03-27
44928,SC,2024-07-30
44929,AK,2025-10-04
44930,FL,2025-01-28
44931,CA,2023-12-15
44932,MA,2024-02-23
44933,NJ,2023-06-14
44934,AL,2023-02-23
44935,UT,2023-11-15
44936,MN,2025-12-05
44937,VA,2024-03-05
44938,GA,2024-01-12
44939,IL,2024-06-02
44940,TN,2026-02-25
44941,MO,2025-08-14
44942,PA,2024-05-05
44943,CA,2023-01-12
44944,TX,2024-07-03
44945,MA,2025-05-12
44946,FL,2024-04-23
44947,IL,2025-07-28
44948,UT,2025-09-16
44949,TN,2023-08-02
44950,NC,2025-01-18
44951,TX,2025-11-10
44952,NY,2025-05-22
44953,OH,2024-04-12
44954,NJ,2025-01-12
44955,NY,2024-03-20
44956,MN,2024-12-20
44957,MA,2025-06-05
44958,TX,2023-07-30
44959,VA,2024-10-25
44960,ME,2023-04-17
44961,TX,2024-11-01
44962,MN,2024-05-31
44963,TX,2024-12-05
44964,NH,2023-10-15
44965,WA,2025-11-18
44966,FL,2026-02-15
44967,FL,2023-05-13
44968,NY,2023-06-07
44969,OR,2023-11-30
44970,WA,2025-05-30
44971,CT,2025-06-17
44972,MO,2025-05-15
44973,FL,2023-05-16
44974,TX,2023-08-04
44975,VT,2024-04-08
44976,CA,2025-11-07
44977,UT,2023-05-14
44978,NY,2023-12-13
44979,NC,2023-04-18
44980,CA,2024-02-27
44981,FL,2023-01-15
44982,FL,2024-05-18
44983,NY,2025-05-02
44984,NY,2023-06-23
44985,MI,2023-04-21
44986,NY,2023-04-27
44987,FL,2025-11-30
44988,IL,2025-10-26
44989,WA,2023-10-03
44990,PA,2025-12-27
44991,CO,2024-09-07
44992,GA,2023-05-07
44993,FL,2026-02-22
44994,NV,2025-04-16
44995,CA,2023-09-15
44996,CA,2023-12-17
44997,WA,2025-03-22
44998,CA,2023-11-05
44999,WI,2024-12-24
45000,MA,2025-12-02
45001,NY,2023-05-26
45002,TX,2023-07-18
45003,NY,2023-06-30
45004,CO,2023-07-11
45005,FL,2023-05-11
45006,NV,2025-02-05
45007,OR,2023-06-13
45008,FL,2023-11-30
45009,LA,2025-07-25
45010,CA,2025-01-30
45011,CA,2023-04-24
45012,CA,2025-08-29
45013,AL,2025-04-07
45014,NC,2023-12-27
45015,TX,2023-07-08
45016,GA,2023-08-18
45017,NJ,2025-01-19
45018,OH,2025-02-12
45019,MS,2023-10-22
45020,FL,2024-05-31
45021,PA,2023-03-15
45022,MO,2025-11-19
45023,CA,2023-12-02
45024,IL,2024-10-04
45025,FL,2023-01-15
45026,NY,2025-11-02
45027,UT,2024-07-28
45028,IL,2025-12-26
45029,IN,2024-02-29
45030,PA,2026-01-18
45031,CA,2024-01-30
45032,MT,2024-09-21
45033,NY,2025-02-28
45034,TX,2024-11-08
45035,NY,2024-06-07
45036,OK,2025-03-28
45037,FL,2023-06-22
45038,NY,2024-12-07
45039,NY,2026-01-11
45040,WA,2026-01-30
45041,CA,2023-04-15
45042,NC,2025-03-27
45043,LA,2025-12-02
45044,NY,2023-10-02
45045,TX,2025-04-27
45046,IN,2023-04-07
45047,WA,2023-01-15
45048,GA,2023-08-17
45049,WA,2024-06-15
45050,WA,2025-04-11
45051,PA,2024-03-07
45052,NY,2025-07-24
45053,MD,2025-04-17
45054,FL,2025-06-26
45055,MS,2024-10-01
45056,MA,2024-09-15
45057,TX,2024-11-13
45058,CA,2025-10-03
45059,WA,2023-09-15
45060,IL,2023-12-30
45061,CA,2026-01-21
45062,MN,2023-11-26
45063,NC,2023-12-11
45064,FL,2024-11-06
45065,FL,2024-02-15
45066,TN,2024-07-15
45067,AZ,2025-02-27
45068,CA,2023-03-27
45069,NV,2023-02-15
45070,CA,2025-09-04
45071,TX,2023-12-11
45072,WA,2024-03-14
45073,VA,2023-09-05
45074,AR,2023-02-22
45075,NJ,2026-02-10
45076,TN,2025-09-16
45077,OR,2025-09-21
45078,NY,2023-08-27
45079,WV,2023-01-14
45080,MN,2025-03-03
45081,PA,2025-02-03
45082,CA,2023-01-11
45083,WA,2023-06-05
45084,NY,2024-03-28
45085,FL,2025-01-08
45086,NY,2023-02-21
45087,NY,2025-07-17
45088,MI,2025-09-13
45089,TX,2025-05-25
45090,WA,2023-08-01
45091,SC,2023-02-26
45092,TX,2025-09-11
45093,NC,2025-09-08
45094,DE,2023-01-11
45095,SC,2023-01-30
45096,CA,2024-12-21
45097,IL,2023-01-23
45098,NJ,2025-03-29
45099,NC,2025-01-07
45100,NV,2023-12-07
45101,HI,2024-05-31
45102,KS,2025-03-28
45103,NC,2023-09-13
45104,OR,2024-06-10
45105,RI,2025-07-08
45106,PA,2023-07-31
45107,WI,2024-01-17
45108,ME,2023-02-10
45109,WA,2023-10-30
45110,TX,2026-02-23
45111,OR,2025-01-27
45112,NY,2023-12-07
45113,WA,2024-04-21
45114,GA,2025-05-16
45115,WA,2025-10-07
45116,MI,2025-07-22
45117,NV,2023-10-19
45118,CO,2025-04-11
45119,IL,2024-07-08
45120,NC,2024-11-10
45121,MN,2024-06-13
45122,OR,2025-07-06
45123,MN,2023-07-24
45124,IA,2023-03-20
45125,MA,2024-06-11
45126,FL,2024-04-17
45127,GA,2025-04-16
45128,TX,2025-07-11
45129,CA,2026-01-31
45130,FL,2023-04-07
45131,MD,2024-09-05
45132,CA,2025-03-30
45133,RI,2023-09-05
45134,NY,2024-09-20
45135,OR,2025-12-22
45136,FL,2023-06-28
45137,MD,2024-12-22
45138,TN,2025-08-09
45139,CA,2025-10-31
45140,OH,2024-02-21
45141,GA,2025-10-12
45142,CA,2023-02-02
45143,FL,2023-03-18
45144,OH,2025-05-23
45145,IL,2023-08-09
45146,ME,2023-03-27
45147,NC,2024-08-18
45148,PA,2023-10-27
45149,NJ,2024-07-10
45150,RI,2024-11-11
45151,TX,2024-03-11
45152,PA,2025-11-06
45153,TX,2023-02-19
45154,FL,2024-05-18
45155,WA,2025-05-29
45156,CA,2025-08-05
45157,CA,2024-03-07
45158,TX,2025-02-19
45159,NY,2025-04-02
45160,NC,2023-12-16
45161,CA,2023-01-02
45162,OH,2024-12-16
45163,OR,2025-05-03
45164,CO,2025-05-19
45165,PA,2025-02-19
45166,CO,2024-03-07
45167,NY,2024-01-07
45168,MA,2025-05-06
45169,MA,2024-05-09
45170,VA,2023-02-06
45171,CA,2024-06-16
45172,MD,2023-10-01
45173,TX,2024-08-23
45174,PA,2026-02-06
45175,TX,2025-01-31
45176,VT,2024-07-28
45177,WY,2025-01-02
45178,TX,2024-11-16
45179,MN,2025-11-05
45180,TX,2023-08-02
45181,IN,2024-11-14
45182,ME,2024-10-13
45183,MN,2025-01-16
45184,CA,2024-04-18
45185,WA,2025-03-06
45186,WI,2026-01-15
45187,OH,2024-09-06
45188,MN,2025-05-17
45189,WA,2025-08-08
45190,CA,2024-02-02
45191,CO,2024-11-01
45192,AZ,2023-03-04
45193,CA,2023-03-17
45194,CA,2024-01-23
45195,VA,2024-04-17
45196,TX,2023-12-11
45197,AL,2025-11-13
45198,IN,2025-04-29
45199,OR,2023-11-25
45200,CA,2025-10-05
45201,PA,2023-11-21
45202,UT,2024-03-07
45203,FL,2025-12-04
45204,TX,2025-11-23
45205,TX,2025-05-26
45206,KY,2024-01-20
45207,WA,2023-06-12
45208,TX,2023-12-27
45209,NC,2024-06-21
45210,NY,2024-08-21
45211,TX,2023-03-20
45212,CA,2024-03-26
45213,TX,2025-02-25
45214,MA,2023-08-19
45215,CO,2024-02-15
45216,CT,2024-02-10
45217,NY,2025-03-27
45218,NC,2025-12-17
45219,NY,2023-02-25
45220,CA,2026-01-31
45221,WA,2025-12-11
45222,LA,2025-10-09
45223,PA,2025-08-30
45224,TX,2025-09-24
45225,WA,2024-12-20
45226,WA,2023-10-11
45227,GA,2025-09-20
45228,MA,2026-01-24
45229,CO,2024-01-17
45230,PA,2024-12-02
45231,MN,2025-10-25
45232,NJ,2023-11-02
45233,CT,2025-09-07
45234,CA,2024-10-02
45235,MA,2023-05-23
45236,MA,2023-07-21
45237,IL,2025-10-21
45238,MA,2025-08-31
45239,TN,2025-01-15
45240,NY,2024-07-06
45241,GA,2025-07-30
45242,WA,2023-10-04
45243,FL,2025-01-20
45244,MN,2023-08-07
45245,IL,2024-01-06
45246,IL,2023-02-21
45247,MA,2024-04-10
45248,MA,2025-03-14
45249,WA,2025-07-22
45250,TX,2024-09-02
45251,KS,2023-03-09
45252,MA,2025-05-16
45253,NY,2023-12-04
45254,UT,2026-01-19
45255,OR,2025-04-04
45256,IL,2025-04-18
45257,CA,2025-02-04
45258,PA,2023-10-24
45259,CA,2025-01-29
45260,OR,2024-09-08
45261,GA,2023-09-20
45262,OH,2024-07-22
45263,CA,2024-11-15
45264,MA,2023-05-06
45265,IL,2023-04-03
45266,PA,2026-02-18
45267,TX,2025-06-22
45268,FL,2023-04-14
45269,CA,2024-11-02
45270,NY,2023-11-20
45271,VA,2024-01-29
45272,OH,2023-12-05
45273,MA,2024-08-10
45274,ID,2025-06-25
45275,PA,2024-06-01
45276,OR,2025-03-04
45277,NC,2023-07-19
45278,NY,2025-10-10
45279,CA,2024-08-08
45280,TX,2026-02-06
45281,WA,2026-02-12
45282,WA,2023-09-13
45283,CA,2024-02-10
45284,MD,2024-04-23
45285,NC,2025-02-17
45286,MA,2023-12-04
45287,KS,2024-06-29
45288,GA,2023-09-16
45289,MI,2025-01-22
45290,WA,2023-12-24
45291,TX,2025-03-14
45292,OH,2024-03-14
45293,OH,2024-06-25
45294,TX,2024-07-27
45295,NC,2025-01-24
45296,AL,2026-02-04
45297,CA,2023-08-11
45298,WI,2023-06-09
45299,CA,2026-02-17
45300,RI,2025-05-29
45301,NM,2025-10-20
45302,CA,2023-09-29
45303,MA,2025-03-14
45304,MD,2025-02-17
45305,NY,2024-05-14
45306,MA,2024-08-13
45307,KY,2023-07-10
45308,CA,2024-03-02
45309,OR,2024-05-13
45310,TX,2023-08-05
45311,CO,2025-12-08
45312,NY,2023-06-28
45313,CA,2024-11-20
45314,NY,2024-02-14
45315,NJ,2024-08-15
45316,KY,2024-07-31
45317,OR,2023-03-05
45318,IL,2023-12-31
45319,WY,2024-02-21
45320,MO,2024-09-09
45321,FL,2025-03-29
45322,TX,2023-01-07
45323,NY,2025-03-03
45324,NY,2023-09-11
45325,MA,2025-01-08
45326,FL,2025-10-18
45327,WA,2025-03-03
45328,PA,2023-08-10
45329,NY,2024-02-20
45330,MA,2023-08-16
45331,CA,2024-07-18
45332,OH,2025-10-28
45333,NY,2023-07-16
45334,NC,2025-02-14
45335,IL,2023-05-13
45336,CA,2025-04-24
45337,MA,2023-06-08
45338,GA,2026-02-15
45339,CA,2024-01-20
45340,TX,2026-03-01
45341,MA,2024-01-09
45342,TX,2024-02-08
45343,TX,2025-11-21
45344,CA,2023-04-07
45345,MA,2025-06-01
45346,SC,2024-01-22
45347,WA,2025-03-30
45348,OH,2025-02-15
45349,CT,2023-07-04
45350,KS,2025-08-15
45351,CA,2023-02-20
45352,FL,2025-01-01
45353,TX,2023-01-02
45354,CA,2026-01-05
45355,NY,2025-09-21
45356,NE,2025-05-24
45357,FL,2024-02-03
45358,CA,2025-11-28
45359,TX,2024-06-29
45360,FL,2025-01-11
45361,TX,2023-09-08
45362,FL,2023-03-07
45363,WA,2024-01-18
45364,AZ,2025-11-16
45365,FL,2023-03-08
45366,TX,2024-12-02
45367,MO,2024-05-14
45368,MN,2025-01-24
45369,FL,2024-11-11
45370,WA,2024-08-21
45371,TX,2023-03-02
45372,IL,2023-02-19
45373,OR,2023-08-04
45374,FL,2024-06-08
45375,HI,2024-06-19
45376,LA,2023-06-23
45377,WY,2025-05-31
45378,CT,2024-08-28
45379,IN,2024-08-30
45380,CA,2023-02-04
45381,NY,2025-07-02
45382,IL,2025-03-03
45383,NY,2025-03-02
45384,TX,2025-06-20
45385,TX,2024-02-08
45386,PA,2025-11-26
45387,OH,2024-06-13
45388,WA,2026-02-08
45389,PA,2024-05-02
45390,WA,2023-08-13
45391,NY,2023-11-25
45392,GA,2023-04-07
45393,MA,2025-11-06
45394,WA,2023-12-02
45395,NY,2024-02-28
45396,TX,2024-02-07
45397,DE,2024-03-06
45398,NE,2025-06-16
45399,NM,2024-12-10
45400,NY,2025-07-26
45401,IN,2024-09-20
45402,MA,2023-01-11
45403,FL,2025-04-20
45404,NY,2024-06-22
45405,SC,2023-05-06
45406,FL,2025-08-12
45407,MA,2023-05-02
45408,TX,2023-12-18
45409,FL,2024-01-03
45410,MS,2024-01-27
45411,SD,2026-01-03
45412,OR,2024-03-25
45413,FL,2025-10-25
45414,TX,2025-10-17
45415,UT,2023-08-24
45416,FL,2023-07-22
45417,MI,2024-12-20
45418,CA,2023-12-28
45419,MA,2025-03-03
45420,PA,2023-11-27
45421,OR,2024-07-27
45422,NH,2023-11-17
45423,MA,2023-09-14
45424,NY,2024-01-11
45425,NJ,2024-09-19
45426,CA,2023-11-25
45427,MA,2023-10-21
45428,GA,2024-02-07
45429,MI,2025-03-18
45430,CA,2024-12-21
45431,NY,2024-07-31
45432,MD,2025-11-22
45433,WA,2023-02-12
45434,NY,2024-12-23
45435,OR,2024-02-22
45436,WA,2025-03-08
45437,DE,2026-01-10
45438,TX,2025-07-20
45439,GA,2025-02-13
45440,MA,2025-02-15
45441,OK,2025-10-19
45442,NC,2023-02-14
45443,MA,2024-09-17
45444,CA,2023-02-06
45445,WY,2025-11-09
45446,MN,2023-07-05
45447,FL,2024-09-23
45448,NY,2025-11-30
45449,MO,2025-07-22
45450,TX,2023-10-27
45451,IL,2024-01-12
45452,AL,2023-08-23
45453,WV,2025-05-30
45454,TX,2025-06-13
45455,PA,2026-01-09
45456,MA,2023-01-27
45457,GA,2025-11-10
45458,VA,2023-10-23
45459,ID,2025-01-27
45460,FL,2025-05-26
45461,CA,2025-05-07
45462,MA,2025-02-11
45463,NY,2024-01-15
45464,TX,2025-08-02
45465,TX,2025-01-01
45466,PA,2024-06-03
45467,LA,2025-06-05
45468,OH,2025-06-28
45469,TX,2024-02-22
45470,CA,2024-01-08
45471,GA,2026-02-05
45472,MD,2025-10-13
45473,TN,2024-04-29
45474,GA,2023-08-07
45475,VA,2023-09-06
45476,CO,2023-10-01
45477,IN,2024-01-03
45478,IL,2025-04-08
45479,FL,2023-07-16
45480,CA,2024-09-02
45481,OR,2024-08-24
45482,FL,2024-10-30
45483,UT,2024-12-10
45484,IL,2023-03-31
45485,UT,2024-12-22
45486,NY,2024-11-03
45487,HI,2025-08-16
45488,AL,2026-01-24
45489,OR,2025-10-06
45490,TX,2023-10-17
45491,NY,2026-02-16
45492,WA,2023-02-18
45493,KS,2024-06-07
45494,CA,2023-09-11
45495,VA,2023-05-30
45496,FL,2023-11-08
45497,NC,2024-10-26
45498,ME,2023-07-21
45499,CA,2025-02-23
45500,CA,2024-10-02
45501,FL,2024-04-06
45502,NY,2024-02-09
45503,TX,2025-10-26
45504,NC,2025-04-22
45505,IL,2023-02-08
45506,CA,2025-08-12
45507,GA,2024-10-21
45508,NY,2025-05-01
45509,NY,2025-11-30
45510,NJ,2026-02-16
45511,CO,2023-11-19
45512,OR,2025-03-16
45513,ND,2025-11-27
45514,NV,2025-02-16
45515,MN,2024-01-03
45516,OK,2025-12-30
45517,FL,2023-08-03
45518,TX,2025-07-08
45519,AK,2025-05-31
45520,OR,2023-09-09
45521,IL,2025-12-09
45522,MN,2025-04-16
45523,NY,2023-12-21
45524,WA,2024-11-19
45525,MT,2025-11-06
45526,KS,2025-08-29
45527,TX,2025-05-11
45528,NE,2024-10-06
45529,MD,2025-06-16
45530,KS,2024-12-02
45531,FL,2023-04-09
45532,TX,2025-06-19
45533,KY,2024-02-19
45534,NC,2026-01-09
45535,MN,2023-08-11
45536,FL,2025-01-24
45537,CA,2026-02-15
45538,MA,2023-04-25
45539,RI,2023-07-24
45540,LA,2024-03-16
45541,WA,2024-12-12
45542,NY,2024-01-10
45543,CA,2025-02-05
45544,CO,2024-01-23
45545,PA,2025-08-15
45546,MI,2023-10-29
45547,CA,2025-04-18
45548,CA,2025-07-05
45549,NY,2025-04-07
45550,CA,2024-11-15
45551,NY,2023-03-20
45552,TX,2024-04-26
45553,NY,2024-10-23
45554,DE,2023-07-12
45555,CA,2023-09-19
45556,CA,2024-08-17
45557,CA,2025-07-11
45558,MD,2023-05-07
45559,MA,2024-11-04
45560,MN,2024-03-26
45561,WA,2026-02-07
45562,CA,2023-03-21
45563,SD,2025-04-05
45564,MA,2024-02-11
45565,MO,2024-04-18
45566,TX,2024-01-26
45567,MA,2026-02-02
45568,AZ,2023-03-03
45569,NJ,2023-01-07
45570,IL,2024-06-10
45571,WA,2023-05-05
45572,OH,2025-05-03
45573,GA,2023-11-06
45574,DE,2024-08-29
45575,CA,2024-03-08
45576,CO,2025-03-28
45577,MS,2023-09-16
45578,CO,2024-03-23
45579,MA,2023-09-04
45580,OH,2024-07-11
45581,CA,2025-06-01
45582,FL,2025-11-26
45583,MN,2025-12-19
45584,UT,2024-03-07
45585,IL,2024-02-18
45586,LA,2025-03-21
45587,CA,2023-05-18
45588,NY,2025-09-02
45589,WA,2025-10-22
45590,NC,2025-04-14
45591,VA,2023-06-23
45592,CT,2025-10-24
45593,TX,2024-08-21
45594,SC,2024-05-26
45595,AR,2026-02-10
45596,TX,2026-01-30
45597,NY,2024-05-31
45598,OR,2023-03-15
45599,CA,2024-08-24
45600,FL,2026-02-10
45601,NC,2026-01-08
45602,MO,2024-03-18
45603,PA,2024-03-17
45604,IL,2024-02-11
45605,NY,2023-11-13
45606,MD,2025-07-01
45607,TX,2023-05-26
45608,TX,2025-03-30
45609,NC,2024-07-23
45610,NJ,2024-11-11
45611,TX,2024-05-08
45612,MA,2024-08-13
45613,WA,2025-02-07
45614,CA,2023-12-19
45615,NY,2026-01-01
45616,FL,2024-10-18
45617,FL,2024-04-07
45618,NH,2026-01-29
45619,TX,2023-10-29
45620,TN,2025-04-17
45621,VT,2023-12-05
45622,GA,2024-02-11
45623,MD,2023-04-30
45624,TX,2024-12-13
45625,TX,2024-12-01
45626,MA,2025-06-09
45627,AZ,2024-02-24
45628,MA,2025-11-14
45629,AL,2025-07-10
45630,FL,2025-01-01
45631,MA,2024-05-31
45632,MI,2025-02-20
45633,LA,2024-04-01
45634,TX,2024-08-14
45635,AR,2024-09-30
45636,NY,2025-09-16
45637,KY,2025-01-05
45638,FL,2025-04-17
45639,NE,2023-05-26
45640,TX,2025-10-31
45641,LA,2024-08-26
45642,FL,2025-02-18
45643,ID,2023-06-11
45644,UT,2024-08-14
45645,KY,2025-10-10
45646,PA,2025-01-31
45647,NV,2025-01-26
45648,ID,2024-09-06
45649,CA,2025-06-22
45650,NM,2025-09-28
45651,WA,2025-01-15
45652,TX,2023-05-22
45653,FL,2025-08-04
45654,MA,2024-01-28
45655,CA,2023-08-29
45656,NY,2023-03-24
45657,FL,2025-05-28
45658,WA,2023-05-08
45659,PA,2025-03-07
45660,FL,2025-11-17
45661,TX,2026-01-20
45662,MN,2023-04-16
45663,MD,2026-02-19
45664,NC,2026-01-04
45665,AR,2023-12-05
45666,ME,2023-09-19
45667,NY,2025-02-08
45668,IL,2024-07-18
45669,OR,2023-09-13
45670,UT,2025-05-31
45671,MN,2023-12-25
45672,CA,2023-02-06
45673,CA,2024-11-26
45674,NC,2024-11-10
45675,TX,2025-01-30
45676,PA,2024-07-20
45677,TX,2024-01-02
45678,WA,2024-11-15
45679,NV,2023-01-25
45680,CT,2024-11-12
45681,MA,2024-10-31
45682,NY,2025-02-24
45683,MA,2023-07-16
45684,OR,2024-02-21
45685,AL,2023-01-06
45686,NY,2025-05-21
45687,GA,2024-01-23
45688,GA,2025-10-07
45689,NY,2025-03-04
45690,FL,2024-11-02
45691,VA,2024-09-17
45692,PA,2023-09-07
45693,NY,2025-09-11
45694,NY,2024-11-23
45695,FL,2023-03-06
45696,MA,2023-10-26
45697,AL,2025-03-03
45698,OR,2025-08-20
45699,HI,2025-01-02
45700,CO,2024-08-20
45701,NY,2023-05-31
45702,IL,2023-01-23
45703,TX,2025-12-22
45704,MN,2024-09-02
45705,NC,2024-06-10
45706,PA,2026-02-14
45707,CA,2024-05-19
45708,GA,2024-08-28
45709,ID,2023-10-17
45710,FL,2023-08-21
45711,NY,2024-10-12
45712,NY,2023-08-17
45713,NY,2024-08-11
45714,TX,2025-10-01
45715,PA,2023-10-17
45716,WA,2023-11-18
45717,UT,2024-11-24
45718,RI,2025-09-18
45719,AZ,2024-08-10
45720,OH,2025-01-11
45721,IL,2023-12-02
45722,NY,2023-06-28
45723,NC,2024-03-09
45724,NJ,2025-05-22
45725,MA,2024-03-13
45726,TX,2025-02-23
45727,NY,2024-04-24
45728,CA,2024-04-12
45729,AK,2024-02-23
45730,WA,2024-06-25
45731,WA,2023-06-24
45732,CO,2023-10-05
45733,VA,2023-01-31
45734,WI,2023-02-20
45735,MS,2025-09-10
45736,OR,2025-05-05
45737,OK,2024-08-23
45738,CA,2024-09-27
45739,PA,2023-06-08
45740,MN,2026-01-28
45741,CA,2023-04-27
45742,PA,2023-02-08
45743,TN,2023-12-14
45744,WA,2025-09-11
45745,OH,2026-02-04
45746,UT,2025-04-22
45747,FL,2025-02-24
45748,NJ,2026-02-19
45749,TX,2025-11-12
45750,CA,2023-02-04
45751,NC,2024-05-05
45752,SC,2023-05-21
45753,TX,2023-07-25
45754,CA,2023-05-14
45755,OK,2025-09-29
45756,CA,2024-08-06
45757,CA,2024-07-17
45758,LA,2025-06-22
45759,OH,2023-03-21
45760,FL,2026-01-21
45761,CA,2023-03-05
45762,GA,2024-05-24
45763,PA,2025-03-26
45764,TX,2024-12-14
45765,MI,2023-07-12
45766,WA,2024-03-28
45767,FL,2025-10-20
45768,WA,2025-10-06
45769,CA,2024-02-02
45770,MI,2023-06-23
45771,NY,2025-11-16
45772,MO,2024-02-17
45773,MA,2024-10-04
45774,VA,2024-06-21
45775,FL,2024-02-09
45776,CA,2023-10-28
45777,OH,2024-09-19
45778,MI,2025-01-20
45779,NY,2024-12-24
45780,PA,2025-11-07
45781,IL,2025-08-04
45782,UT,2024-09-14
45783,MO,2023-05-08
45784,VA,2023-04-24
45785,WI,2023-05-26
45786,IL,2025-07-21
45787,CO,2025-06-06
45788,NJ,2025-09-07
45789,OK,2024-09-11
45790,NJ,2025-03-02
45791,VA,2024-04-11
45792,PA,2023-06-03
45793,NJ,2023-08-13
45794,MI,2024-05-18
45795,IL,2024-07-19
45796,IL,2024-11-03
45797,WA,2025-12-16
45798,IN,2024-01-28
45799,NJ,2023-04-11
45800,NY,2023-07-22
45801,WA,2023-02-28
45802,NE,2023-01-16
45803,UT,2025-06-19
45804,CO,2025-02-04
45805,MA,2025-06-24
45806,MN,2024-07-23
45807,AZ,2024-08-04
45808,OR,2025-01-10
45809,FL,2025-04-17
45810,FL,2025-01-02
45811,SC,2023-10-08
45812,MD,2025-02-17
45813,TX,2025-05-02
45814,CA,2023-11-15
45815,GA,2025-06-14
45816,UT,2024-10-27
45817,CA,2025-11-30
45818,OR,2023-11-05
45819,CA,2025-09-23
45820,CA,2024-12-15
45821,MA,2023-06-01
45822,CA,2025-04-28
45823,MN,2024-03-31
45824,IL,2023-04-04
45825,FL,2024-10-01
45826,OH,2024-08-07
45827,OR,2023-03-24
45828,CA,2023-07-11
45829,VA,2024-03-31
45830,TX,2025-05-29
45831,NY,2023-02-15
45832,WA,2024-04-06
45833,DE,2025-01-01
45834,TX,2024-09-02
45835,PA,2025-08-24
45836,MD,2025-03-08
45837,TX,2023-04-11
45838,CA,2024-10-17
45839,VA,2023-08-23
45840,VT,2025-08-18
45841,FL,2025-04-08
45842,VA,2025-08-16
45843,OH,2023-09-02
45844,OH,2023-09-05
45845,MN,2025-10-11
45846,MD,2023-09-20
45847,MA,2024-11-14
45848,CA,2024-09-09
45849,CO,2024-04-27
45850,CA,2023-07-27
45851,FL,2025-09-02
45852,CA,2023-05-16
45853,AZ,2023-08-11
45854,CA,2025-11-09
45855,NJ,2023-10-13
45856,FL,2024-03-21
45857,GA,2025-11-15
45858,FL,2024-07-26
45859,NM,2024-07-10
45860,TX,2025-03-24
45861,LA,2025-03-02
45862,MN,2023-11-29
45863,PA,2023-04-25
45864,TN,2025-11-05
45865,LA,2023-05-24
45866,MT,2025-04-13
45867,MA,2024-10-02
45868,KY,2024-08-08
45869,OK,2025-11-03
45870,ME,2023-07-28
45871,PA,2025-09-04
45872,FL,2024-10-08
45873,CA,2025-11-10
45874,MA,2026-01-19
45875,CA,2025-06-18
45876,CA,2025-11-11
45877,CA,2024-02-14
45878,FL,2025-07-03
45879,PA,2025-02-20
45880,IL,2023-03-28
45881,IL,2024-02-11
45882,CA,2024-12-21
45883,AR,2024-06-03
45884,KS,2024-11-08
45885,FL,2023-01-10
45886,NY,2023-01-30
45887,VA,2025-02-13
45888,TX,2023-10-05
45889,NC,2024-07-21
45890,NY,2023-10-03
45891,MA,2024-04-21
45892,ME,2023-07-17
45893,TX,2024-04-28
45894,AR,2025-11-06
45895,PA,2023-03-20
45896,IL,2023-01-27
45897,CA,2025-01-16
45898,MD,2024-04-20
45899,TX,2023-04-21
45900,NJ,2024-01-06
45901,CA,2024-01-04
45902,WA,2024-12-09
45903,CO,2023-01-13
45904,OH,2024-09-16
45905,NY,2024-09-01
45906,SC,2024-07-21
45907,CA,2026-02-01
45908,NY,2023-08-20
45909,NC,2023-06-21
45910,FL,2024-04-13
45911,PA,2024-07-01
45912,MI,2023-05-09
45913,TX,2025-06-23
45914,UT,2024-05-11
45915,WA,2023-12-29
45916,MO,2025-05-23
45917,WA,2025-09-03
45918,OR,2023-07-14
45919,TX,2024-06-27
45920,PA,2024-01-15
45921,GA,2025-09-21
45922,MA,2023-07-17
45923,CA,2023-10-11
45924,AR,2023-08-19
45925,IN,2024-11-10
45926,MA,2024-04-08
45927,MA,2025-07-04
45928,MD,2025-09-01
45929,MD,2023-04-25
45930,MA,2023-03-17
45931,NV,2023-10-20
45932,CA,2023-03-18
45933,AZ,2023-11-19
45934,NY,2024-01-03
45935,WI,2024-01-31
45936,CA,2025-01-23
45937,GA,2024-06-24
45938,CA,2023-10-13
45939,FL,2023-11-05
45940,IL,2023-08-07
45941,KY,2025-02-28
45942,NY,2025-08-13
45943,MN,2025-03-27
45944,TX,2025-08-02
45945,WA,2024-01-26
45946,MN,2023-02-15
45947,TX,2023-01-11
45948,NC,2023-01-16
45949,TX,2024-07-01
45950,TX,2025-12-10
45951,MN,2023-05-30
45952,CA,2024-02-25
45953,WA,2024-09-16
45954,CA,2024-02-29
45955,MA,2023-10-21
45956,KY,2025-06-04
45957,OH,2023-06-11
45958,NY,2024-06-06
45959,NY,2023-09-27
45960,MI,2025-10-01
45961,MA,2023-12-03
45962,MA,2026-01-30
45963,WA,2025-10-17
45964,WA,2024-07-25
45965,IN,2024-06-29
45966,NY,2025-12-24
45967,MA,2023-12-27
45968,IL,2025-01-16
45969,CA,2025-12-29
45970,TX,2025-10-30
45971,TX,2023-08-04
45972,TN,2025-04-23
45973,PA,2023-07-10
45974,MD,2023-08-07
45975,TX,2023-04-16
45976,AZ,2023-02-25
45977,NY,2025-12-27
45978,CA,2024-08-24
45979,WI,2025-10-31
45980,IL,2024-03-12
45981,VA,2025-03-10
45982,CA,2024-11-29
45983,WA,2024-02-18
45984,MI,2023-08-19
45985,KY,2023-05-17
45986,GA,2024-02-05
45987,CA,2025-02-17
45988,TX,2024-07-22
45989,IL,2025-09-08
45990,VA,2023-02-19
45991,NY,2024-04-24
45992,CA,2024-08-07
45993,CA,2025-04-28
45994,CA,2025-12-12
45995,VA,2024-08-23
45996,AZ,2023-07-27
45997,NY,2023-04-20
45998,FL,2025-01-06
45999,NY,2023-06-20
46000,CO,2025-03-17
46001,MI,2025-12-01
46002,MI,2024-12-16
46003,MA,2025-09-29
46004,RI,2025-07-18
46005,WA,2024-08-12
46006,NY,2025-06-23
46007,FL,2025-02-16
46008,FL,2023-08-04
46009,LA,2024-08-10
46010,TX,2024-06-21
46011,PA,2024-06-30
46012,WA,2023-03-18
46013,TX,2024-12-23
46014,PA,2025-09-08
46015,VA,2025-12-07
46016,CO,2025-11-12
46017,CA,2023-03-06
46018,NV,2024-06-03
46019,NC,2024-05-07
46020,OK,2025-01-12
46021,MN,2023-05-21
46022,AZ,2026-02-02
46023,MD,2026-02-28
46024,IL,2024-06-23
46025,FL,2025-11-16
46026,MA,2025-11-01
46027,MD,2025-10-27
46028,LA,2025-05-13
46029,FL,2025-04-08
46030,PA,2023-10-11
46031,KS,2024-02-14
46032,OR,2025-05-10
46033,ME,2025-05-08
46034,CA,2024-11-22
46035,SC,2024-04-02
46036,NY,2025-06-18
46037,TX,2023-04-16
46038,SC,2023-09-23
46039,WI,2025-06-18
46040,TX,2024-10-08
46041,FL,2023-07-10
46042,NY,2023-03-29
46043,PA,2023-12-27
46044,GA,2023-04-26
46045,NY,2025-04-23
46046,WA,2025-02-27
46047,GA,2024-05-05
46048,MI,2025-02-23
46049,CA,2025-08-20
46050,MA,2024-04-24
46051,NY,2025-09-22
46052,TX,2026-02-19
46053,MA,2024-12-08
46054,CA,2025-08-01
46055,PA,2024-12-01
46056,OR,2023-09-18
46057,TX,2023-01-07
46058,RI,2024-04-03
46059,LA,2025-05-20
46060,VA,2024-10-30
46061,CO,2023-01-28
46062,TX,2025-04-04
46063,SD,2024-02-26
46064,IN,2024-12-23
46065,NC,2024-07-14
46066,WA,2024-05-06
46067,NY,2024-12-23
46068,NC,2023-10-28
46069,FL,2023-03-06
46070,MD,2025-07-19
46071,MD,2023-06-12
46072,FL,2026-02-08
46073,FL,2024-11-01
46074,PA,2024-02-28
46075,TX,2024-09-02
46076,IN,2024-02-28
46077,FL,2024-12-01
46078,MI,2024-12-22
46079,IL,2025-01-01
46080,ME,2024-02-18
46081,UT,2024-07-05
46082,NY,2025-07-01
46083,WA,2023-03-14
46084,FL,2024-02-10
46085,MO,2025-04-09
46086,NV,2024-07-22
46087,NE,2024-10-16
46088,GA,2024-10-17
46089,NY,2024-02-12
46090,OR,2024-08-14
46091,ID,2025-06-01
46092,PA,2024-12-20
46093,AR,2026-02-24
46094,NY,2025-07-30
46095,NY,2024-11-25
46096,OH,2024-03-09
46097,TX,2026-02-20
46098,CA,2026-02-13
46099,IL,2025-04-18
46100,MO,2024-05-07
46101,AZ,2025-05-09
46102,NY,2024-08-22
46103,NV,2025-03-22
46104,MN,2023-04-06
46105,CA,2025-11-17
46106,FL,2026-02-21
46107,NC,2025-05-29
46108,TX,2025-10-20
46109,IL,2024-04-21
46110,AR,2024-07-10
46111,FL,2023-01-14
46112,NC,2023-06-22
46113,NC,2025-07-24
46114,MI,2024-11-16
46115,MO,2023-11-11
46116,IL,2026-01-10
46117,AR,2025-11-30
46118,CA,2026-01-25
46119,WI,2025-02-21
46120,NY,2023-12-09
46121,AK,2025-09-15
46122,CA,2024-04-06
46123,SD,2025-09-16
46124,NJ,2023-07-13
46125,VA,2023-11-29
46126,IL,2025-09-26
46127,NV,2024-10-13
46128,WI,2023-09-26
46129,NV,2024-05-29
46130,TX,2024-07-28
46131,NY,2025-12-23
46132,KS,2026-01-22
46133,WA,2026-02-23
46134,NY,2025-06-02
46135,NC,2025-01-01
46136,FL,2024-05-16
46137,FL,2026-02-18
46138,FL,2023-02-25
46139,WA,2023-04-24
46140,MN,2024-12-23
46141,CA,2024-06-02
46142,CA,2025-07-20
46143,KY,2023-06-13
46144,CA,2025-05-30
46145,NY,2023-05-09
46146,NJ,2025-01-21
46147,CA,2023-07-10
46148,NY,2025-04-22
46149,TX,2025-04-03
46150,NY,2024-02-19
46151,CA,2024-07-06
46152,AZ,2024-10-12
46153,NY,2023-09-19
46154,CO,2025-08-04
46155,VA,2023-07-11
46156,MA,2023-03-19
46157,CO,2023-12-18
46158,CA,2024-02-08
46159,TX,2025-02-01
46160,NY,2025-12-06
46161,WA,2025-07-06
46162,FL,2023-12-15
46163,IL,2025-03-20
46164,MA,2025-09-01
46165,WA,2025-03-13
46166,IL,2023-06-02
46167,NC,2023-09-25
46168,WA,2025-07-24
46169,TX,2023-11-02
46170,NY,2025-12-27
46171,MA,2023-10-12
46172,CO,2024-06-26
46173,MO,2023-01-24
46174,CA,2025-10-31
46175,FL,2024-09-30
46176,TN,2025-10-05
46177,NY,2025-02-25
46178,PA,2025-02-12
46179,NY,2023-05-10
46180,NY,2025-01-12
46181,ID,2024-01-15
46182,NC,2023-08-28
46183,IL,2023-05-26
46184,CA,2023-11-04
46185,WA,2025-04-03
46186,DE,2025-06-03
46187,TX,2024-09-17
46188,CA,2024-06-15
46189,GA,2023-08-17
46190,CA,2024-05-27
46191,AZ,2025-03-16
46192,MD,2025-11-09
46193,WA,2023-09-17
46194,WA,2025-06-10
46195,TX,2025-10-05
46196,MS,2024-09-05
46197,TX,2023-07-16
46198,NY,2024-01-25
46199,FL,2024-12-03
46200,FL,2023-12-12
46201,MA,2024-10-02
46202,IN,2026-02-25
46203,CA,2023-04-24
46204,PA,2025-08-16
46205,WA,2025-04-27
46206,MD,2026-02-02
46207,LA,2024-12-26
46208,TX,2024-12-09
46209,NY,2023-09-18
46210,CA,2024-11-05
46211,NY,2025-07-29
46212,UT,2025-06-30
46213,TX,2023-06-14
46214,TX,2024-02-23
46215,AL,2024-07-05
46216,NJ,2023-07-16
46217,NY,2025-12-10
46218,IL,2023-08-26
46219,CA,2025-08-03
46220,TX,2023-11-19
46221,NY,2024-12-07
46222,CA,2025-12-24
46223,NV,2023-01-12
46224,WY,2025-06-21
46225,ME,2025-07-27
46226,MO,2025-10-01
46227,WA,2025-06-20
46228,OK,2023-06-16
46229,WA,2024-09-08
46230,GA,2026-01-20
46231,CA,2024-10-28
46232,CA,2025-05-30
46233,NY,2023-04-06
46234,NY,2025-03-24
46235,MI,2023-08-14
46236,MI,2024-10-14
46237,WA,2024-11-23
46238,PA,2023-06-16
46239,NY,2026-02-12
46240,FL,2025-04-07
46241,TX,2025-06-23
46242,WA,2026-02-03
46243,OR,2025-06-08
46244,VT,2023-01-04
46245,AZ,2023-09-02
46246,CA,2026-01-05
46247,MI,2025-06-12
46248,FL,2023-02-19
46249,LA,2024-10-14
46250,ND,2024-11-22
46251,UT,2025-10-11
46252,FL,2023-12-14
46253,PA,2025-09-04
46254,WA,2024-04-29
46255,GA,2023-07-27
46256,OH,2024-10-22
46257,CA,2025-08-31
46258,SC,2024-09-22
46259,WA,2023-04-02
46260,PA,2024-10-30
46261,FL,2026-02-08
46262,TX,2024-01-30
46263,FL,2025-11-19
46264,NY,2023-06-26
46265,ME,2024-05-27
46266,FL,2023-05-10
46267,TX,2024-10-19
46268,GA,2023-05-15
46269,CO,2025-02-11
46270,LA,2024-02-17
46271,MA,2023-01-03
46272,WA,2023-05-21
46273,FL,2025-12-26
46274,CA,2025-12-31
46275,OH,2026-02-12
46276,MD,2025-06-18
46277,NY,2024-03-01
46278,WA,2024-08-10
46279,NY,2023-10-02
46280,IN,2026-01-28
46281,GA,2025-09-21
46282,NY,2023-03-23
46283,CA,2025-03-18
46284,MA,2025-01-29
46285,NJ,2025-03-12
46286,NY,2024-09-27
46287,CA,2025-10-27
46288,NC,2023-03-16
46289,CA,2025-07-03
46290,TN,2024-04-19
46291,GA,2023-08-11
46292,OH,2026-02-27
46293,IN,2024-07-02
46294,FL,2023-01-31
46295,NY,2023-08-27
46296,MO,2025-09-07
46297,NE,2024-12-14
46298,MN,2024-08-20
46299,TX,2024-04-23
46300,NY,2025-06-25
46301,WA,2024-01-09
46302,NJ,2025-08-29
46303,WA,2024-05-14
46304,GA,2023-08-18
46305,MO,2025-11-02
46306,MD,2024-02-03
46307,CA,2025-11-07
46308,IL,2023-06-18
46309,NY,2025-12-09
46310,TX,2023-04-16
46311,MD,2026-02-05
46312,TX,2023-07-16
46313,NJ,2026-02-25
46314,PA,2023-02-10
46315,MN,2024-06-22
46316,AL,2024-11-29
46317,NV,2024-01-18
46318,NY,2023-05-22
46319,NY,2025-07-19
46320,KY,2023-10-06
46321,GA,2023-01-22
46322,FL,2024-03-09
46323,TX,2023-01-25
46324,TX,2023-07-01
46325,GA,2024-11-19
46326,MA,2023-04-13
46327,NY,2025-06-17
46328,NY,2024-10-26
46329,IL,2024-05-09
46330,TX,2023-11-20
46331,OH,2025-02-21
46332,MD,2024-10-12
46333,OH,2023-04-02
46334,CO,2024-05-29
46335,TN,2023-05-05
46336,NC,2025-10-08
46337,CA,2025-05-27
46338,PA,2024-11-23
46339,IL,2023-09-22
46340,TX,2023-12-01
46341,TX,2023-04-14
46342,MA,2024-03-15
46343,NH,2023-12-24
46344,FL,2024-09-11
46345,NY,2025-05-16
46346,NH,2023-09-18
46347,WA,2024-01-31
46348,GA,2024-08-19
46349,WA,2024-02-14
46350,GA,2023-05-18
46351,MD,2024-02-26
46352,PA,2023-06-01
46353,NY,2026-02-13
46354,NC,2025-01-04
46355,FL,2023-02-16
46356,AR,2024-01-04
46357,AZ,2023-07-09
46358,MI,2025-02-04
46359,CA,2025-05-18
46360,SD,2025-08-22
46361,WA,2024-03-14
46362,CA,2025-09-13
46363,TX,2025-03-31
46364,NJ,2023-08-22
46365,GA,2025-12-24
46366,CA,2023-04-24
46367,MD,2023-02-20
46368,TX,2024-01-09
46369,IL,2025-11-05
46370,PA,2023-07-09
46371,AZ,2023-02-06
46372,OH,2024-03-20
46373,FL,2024-11-27
46374,IL,2023-06-22
46375,IL,2026-01-16
46376,TX,2024-09-29
46377,WI,2024-01-21
46378,NC,2024-04-23
46379,OR,2025-03-15
46380,FL,2025-08-07
46381,MA,2023-10-12
46382,MO,2025-01-17
46383,MI,2023-07-25
46384,IL,2024-01-10
46385,WI,2025-07-24
46386,PA,2023-04-23
46387,WA,2025-02-17
46388,OR,2025-08-11
46389,NY,2023-10-03
46390,MA,2024-02-19
46391,PA,2023-12-18
46392,PA,2025-12-09
46393,MD,2025-06-23
46394,TN,2025-11-30
46395,IL,2024-11-23
46396,FL,2025-05-17
46397,LA,2023-06-26
46398,CA,2024-02-14
46399,OR,2026-02-05
46400,NC,2023-02-05
46401,CA,2024-02-11
46402,CA,2023-12-16
46403,TX,2023-11-11
46404,PA,2023-10-06
46405,TX,2025-07-27
46406,CA,2024-09-03
46407,TX,2025-03-03
46408,WA,2023-12-06
46409,CT,2025-12-19
46410,MD,2023-04-12
46411,FL,2023-06-10
46412,TX,2025-09-24
46413,CA,2025-03-25
46414,WA,2024-06-28
46415,MA,2025-05-19
46416,WA,2025-03-27
46417,MA,2024-04-10
46418,MI,2025-12-17
46419,PA,2025-06-02
46420,CA,2023-12-19
46421,LA,2025-08-12
46422,OR,2025-09-15
46423,NY,2024-10-17
46424,NY,2024-07-11
46425,CA,2024-02-26
46426,PA,2023-01-26
46427,FL,2024-08-15
46428,WI,2024-09-12
46429,KY,2023-10-07
46430,WA,2024-09-30
46431,IL,2024-09-10
46432,NE,2026-02-23
46433,OR,2024-06-22
46434,NY,2023-05-10
46435,PA,2025-04-26
46436,MS,2024-01-16
46437,FL,2024-11-11
46438,MI,2023-05-21
46439,MI,2023-04-01
46440,CA,2024-10-23
46441,FL,2023-02-16
46442,WI,2023-10-30
46443,FL,2024-07-30
46444,NY,2023-07-16
46445,TX,2024-02-17
46446,MI,2023-12-01
46447,CA,2025-03-08
46448,TX,2025-01-31
46449,MA,2023-10-29
46450,NY,2024-07-17
46451,TX,2025-10-25
46452,CO,2024-12-26
46453,NV,2024-11-09
46454,CA,2023-01-30
46455,NY,2024-12-21
46456,TX,2024-09-26
46457,MO,2023-05-31
46458,FL,2025-08-13
46459,TX,2025-06-02
46460,MN,2025-11-02
46461,MO,2023-04-20
46462,GA,2025-11-27
46463,NV,2025-03-17
46464,WA,2024-02-07
46465,LA,2024-11-22
46466,NY,2024-02-29
46467,TN,2023-05-02
46468,TX,2023-04-02
46469,MA,2023-01-27
46470,IL,2025-07-07
46471,NC,2023-01-19
46472,GA,2023-12-02
46473,IL,2024-01-24
46474,MA,2023-04-03
46475,NY,2023-09-19
46476,CA,2023-02-10
46477,NJ,2025-01-21
46478,CA,2023-02-17
46479,PA,2024-08-27
46480,MA,2023-09-13
46481,CA,2024-06-28
46482,MA,2023-08-07
46483,CO,2023-04-12
46484,NY,2025-06-20
46485,IA,2023-10-29
46486,NY,2025-10-10
46487,TN,2025-11-25
46488,TX,2024-03-03
46489,AZ,2023-05-15
46490,NY,2024-07-30
46491,SC,2023-11-12
46492,NH,2024-01-03
46493,WA,2023-08-27
46494,MA,2024-11-27
46495,CA,2023-01-29
46496,NY,2023-07-24
46497,FL,2023-08-20
46498,CA,2025-06-26
46499,MO,2025-05-04
46500,AZ,2024-09-13
46501,TX,2024-08-14
46502,MO,2023-12-02
46503,OR,2024-01-25
46504,OH,2023-02-21
46505,NY,2024-06-20
46506,CO,2023-06-17
46507,CA,2025-07-20
46508,MD,2025-08-13
46509,UT,2023-12-17
46510,MT,2024-05-29
46511,NY,2024-10-14
46512,MI,2024-03-07
46513,IL,2025-09-01
46514,FL,2025-04-07
46515,FL,2023-01-02
46516,NY,2025-08-23
46517,CO,2024-06-30
46518,CA,2025-03-29
46519,CA,2023-04-18
46520,WA,2024-09-16
46521,WA,2023-02-25
46522,PA,2023-02-09
46523,CA,2024-05-19
46524,CO,2025-08-30
46525,CT,2024-11-29
46526,IL,2023-01-12
46527,GA,2023-08-23
46528,TX,2025-07-04
46529,PA,2024-02-28
46530,CA,2023-10-02
46531,NY,2024-08-25
46532,CA,2025-11-18
46533,FL,2024-06-14
46534,OK,2024-10-03
46535,AZ,2024-02-28
46536,NY,2024-03-24
46537,VA,2026-01-06
46538,GA,2024-06-03
46539,GA,2025-11-16
46540,WA,2025-07-14
46541,TX,2024-10-26
46542,TN,2024-07-14
46543,IL,2025-05-17
46544,CA,2024-09-05
46545,NY,2023-11-12
46546,PA,2023-03-14
46547,NJ,2025-11-18
46548,NC,2026-02-23
46549,VA,2026-02-01
46550,MA,2024-10-04
46551,OH,2026-01-23
46552,CO,2023-06-08
46553,CA,2024-11-22
46554,MA,2023-05-16
46555,NE,2023-08-23
46556,GA,2025-02-01
46557,CA,2023-10-09
46558,CO,2024-02-03
46559,GA,2024-04-05
46560,CA,2023-07-03
46561,CA,2024-08-20
46562,OH,2023-05-02
46563,NC,2023-11-14
46564,MN,2023-05-21
46565,TX,2024-07-11
46566,KY,2025-02-15
46567,NH,2023-12-10
46568,VA,2025-07-07
46569,PA,2023-01-12
46570,MO,2024-07-06
46571,KY,2024-03-03
46572,WA,2024-06-06
46573,CA,2024-10-20
46574,NY,2024-03-18
46575,NY,2023-03-14
46576,AL,2025-11-22
46577,CA,2023-05-28
46578,TX,2023-11-27
46579,CO,2023-12-15
46580,NC,2024-09-28
46581,CA,2024-09-27
46582,ND,2026-02-21
46583,NY,2025-01-17
46584,NY,2025-04-10
46585,MI,2024-10-15
46586,MN,2023-02-23
46587,WA,2024-03-01
46588,IN,2025-07-22
46589,MO,2023-03-24
46590,MI,2024-09-09
46591,AZ,2024-01-08
46592,PA,2025-04-19
46593,IL,2025-04-29
46594,GA,2023-10-19
46595,CA,2025-10-29
46596,WA,2024-12-20
46597,FL,2025-02-11
46598,GA,2024-10-16
46599,CA,2025-07-08
46600,GA,2024-05-25
46601,IL,2025-12-23
46602,NC,2024-05-09
46603,ME,2025-09-30
46604,WA,2025-12-07
46605,CA,2025-07-27
46606,CT,2023-12-08
46607,TX,2024-12-20
46608,MA,2024-03-19
46609,VA,2023-09-20
46610,CA,2023-05-26
46611,ME,2023-05-08
46612,VT,2025-02-12
46613,AZ,2024-09-16
46614,GA,2023-09-25
46615,AZ,2025-08-31
46616,NY,2023-10-29
46617,NC,2025-12-12
46618,NH,2025-12-21
46619,VA,2025-06-27
46620,NY,2024-04-29
46621,CA,2024-02-25
46622,IL,2024-12-17
46623,OR,2026-01-18
46624,AZ,2024-08-04
46625,NY,2025-02-18
46626,NY,2023-12-11
46627,MI,2024-03-09
46628,CA,2024-07-12
46629,AL,2024-06-11
46630,CA,2024-01-01
46631,MA,2023-07-14
46632,NY,2025-10-10
46633,CA,2025-09-10
46634,NY,2023-08-22
46635,NC,2024-08-21
46636,TX,2023-03-05
46637,TX,2024-04-22
46638,AZ,2025-08-02
46639,FL,2025-08-06
46640,AL,2024-11-24
46641,CO,2026-02-28
46642,AZ,2023-08-27
46643,CO,2023-05-20
46644,NY,2024-07-03
46645,CA,2023-04-01
46646,WA,2024-11-05
46647,TX,2023-12-06
46648,TX,2024-03-30
46649,WA,2025-04-23
46650,IL,2023-03-11
46651,TX,2025-07-21
46652,IL,2025-09-11
46653,AZ,2025-10-29
46654,TN,2024-12-08
46655,TN,2025-10-23
46656,SC,2023-09-26
46657,OR,2025-10-26
46658,TN,2024-01-20
46659,MA,2025-06-19
46660,CA,2025-09-08
46661,IL,2023-04-06
46662,OH,2024-09-15
46663,LA,2023-05-05
46664,NY,2024-07-06
46665,KY,2025-08-03
46666,MD,2024-01-04
46667,NY,2023-01-07
46668,CA,2023-10-04
46669,NY,2023-07-12
46670,TX,2023-06-09
46671,FL,2024-05-02
46672,MN,2025-09-06
46673,WA,2023-09-04
46674,AL,2023-01-06
46675,FL,2024-07-06
46676,NY,2023-02-02
46677,MD,2025-08-27
46678,PA,2025-09-29
46679,IL,2025-01-24
46680,PA,2023-04-16
46681,NY,2025-08-03
46682,NJ,2024-09-29
46683,OR,2025-12-26
46684,MA,2023-01-04
46685,TX,2023-02-23
46686,CO,2025-09-06
46687,NY,2023-02-14
46688,NY,2025-05-01
46689,CO,2023-06-20
46690,KY,2024-03-25
46691,MO,2024-01-02
46692,OH,2025-06-21
46693,TX,2023-11-07
46694,GA,2024-11-07
46695,TX,2023-07-23
46696,WA,2023-09-08
46697,TX,2025-12-30
46698,PA,2023-09-12
46699,CA,2023-05-09
46700,NE,2024-05-28
46701,OR,2023-12-17
46702,AZ,2023-03-25
46703,VT,2026-02-20
46704,CA,2025-04-12
46705,NC,2024-05-29
46706,AZ,2024-04-11
46707,TX,2024-01-13
46708,OH,2023-04-14
46709,NY,2025-07-31
46710,FL,2024-07-08
46711,GA,2025-03-25
46712,GA,2024-06-01
46713,TX,2024-06-01
46714,KY,2023-04-11
46715,WA,2023-08-08
46716,TX,2023-05-18
46717,PA,2024-10-29
46718,MI,2023-09-19
46719,WA,2024-08-07
46720,CA,2023-10-07
46721,PA,2026-01-10
46722,NY,2023-11-20
46723,DE,2024-03-04
46724,OH,2024-05-20
46725,IL,2024-04-15
46726,TX,2025-02-19
46727,MA,2025-08-28
46728,NY,2024-08-09
46729,CA,2023-05-27
46730,AZ,2023-06-10
46731,WA,2024-12-18
46732,VA,2024-07-10
46733,OR,2023-11-08
46734,KY,2023-08-17
46735,CT,2026-01-28
46736,SC,2024-02-22
46737,TN,2023-03-11
46738,NY,2025-02-01
46739,MI,2025-01-28
46740,ME,2023-11-06
46741,FL,2025-04-12
46742,TX,2023-10-28
46743,NY,2025-11-19
46744,KY,2026-01-07
46745,HI,2025-04-20
46746,MA,2023-11-13
46747,IL,2023-08-09
46748,FL,2023-05-10
46749,GA,2025-01-28
46750,IL,2023-03-09
46751,VA,2023-05-27
46752,MN,2024-04-12
46753,CA,2023-01-05
46754,NY,2024-08-07
46755,WA,2023-07-31
46756,FL,2024-03-22
46757,NE,2024-01-04
46758,FL,2023-02-28
46759,MI,2023-11-12
46760,CA,2023-05-03
46761,MO,2024-08-14
46762,FL,2024-01-14
46763,TX,2026-01-31
46764,CA,2024-11-03
46765,TX,2025-07-05
46766,NE,2024-05-20
46767,DE,2024-10-24
46768,NH,2024-02-08
46769,MA,2025-09-09
46770,CO,2024-07-14
46771,CA,2024-11-17
46772,WY,2025-12-29
46773,FL,2023-09-12
46774,GA,2023-10-28
46775,CO,2025-06-06
46776,SC,2023-06-04
46777,NJ,2023-10-30
46778,NY,2023-09-02
46779,NY,2023-10-15
46780,NE,2025-11-18
46781,ND,2023-07-18
46782,MA,2023-02-22
46783,GA,2026-01-21
46784,NY,2024-03-15
46785,CA,2023-10-26
46786,CT,2026-02-09
46787,TX,2026-01-19
46788,WI,2025-09-09
46789,TX,2023-02-12
46790,CO,2025-03-26
46791,LA,2025-09-02
46792,VT,2026-01-15
46793,WI,2026-02-15
46794,CA,2023-01-19
46795,VA,2023-02-21
46796,CA,2025-01-20
46797,FL,2024-05-19
46798,FL,2025-06-08
46799,PA,2024-04-19
46800,TX,2023-12-15
46801,FL,2023-04-28
46802,NH,2024-10-13
46803,MA,2023-06-15
46804,NV,2023-05-21
46805,WA,2024-05-22
46806,MA,2023-01-28
46807,LA,2025-10-25
46808,OR,2025-03-24
46809,NY,2023-06-04
46810,AR,2024-02-14
46811,GA,2025-01-27
46812,OR,2025-12-21
46813,CO,2023-07-15
46814,NV,2024-08-06
46815,TX,2023-03-31
46816,CA,2024-10-01
46817,TX,2024-01-31
46818,NY,2023-06-29
46819,FL,2024-10-26
46820,NY,2025-11-28
46821,GA,2024-08-05
46822,NC,2023-03-18
46823,NV,2025-03-02
46824,NC,2025-03-23
46825,NY,2025-02-14
46826,MD,2026-02-27
46827,MA,2023-11-19
46828,WA,2024-10-27
46829,TN,2024-07-03
46830,MO,2025-12-16
46831,MA,2025-12-31
46832,CA,2023-11-16
46833,VA,2025-11-01
46834,IL,2023-12-25
46835,PA,2025-02-01
46836,VA,2025-11-22
46837,VT,2024-03-07
46838,NY,2023-10-28
46839,VA,2023-03-16
46840,AZ,2025-05-24
46841,WA,2023-08-31
46842,IL,2023-10-08
46843,IL,2024-06-10
46844,NC,2024-06-05
46845,CT,2023-09-29
46846,CA,2024-01-16
46847,GA,2026-01-26
46848,NY,2023-08-01
46849,IN,2025-12-05
46850,TX,2024-09-27
46851,VA,2024-05-18
46852,MA,2023-05-09
46853,CA,2023-02-15
46854,WI,2025-08-12
46855,CO,2024-04-06
46856,NC,2024-03-20
46857,RI,2025-09-05
46858,NY,2025-02-14
46859,CO,2024-07-06
46860,ME,2024-07-09
46861,FL,2024-10-02
46862,MD,2023-04-21
46863,CA,2025-10-19
46864,TX,2023-08-13
46865,IN,2026-02-14
46866,NJ,2024-02-22
46867,CO,2024-01-23
46868,OR,2025-04-28
46869,MI,2024-02-27
46870,FL,2025-08-07
46871,WA,2024-02-14
46872,CA,2025-03-05
46873,TX,2025-07-09
46874,MS,2025-03-07
46875,CA,2024-01-01
46876,PA,2024-04-10
46877,IL,2024-03-19
46878,GA,2023-12-12
46879,MT,2024-08-19
46880,CA,2024-01-08
46881,FL,2023-11-18
46882,NY,2023-08-14
46883,KY,2026-02-10
46884,WA,2023-01-18
46885,TX,2025-04-28
46886,GA,2025-02-09
46887,AL,2025-05-02
46888,SC,2024-08-17
46889,MA,2023-05-02
46890,MO,2023-01-11
46891,CA,2023-06-30
46892,MA,2024-02-17
46893,OH,2024-01-23
46894,AZ,2023-08-08
46895,MA,2023-11-09
46896,NJ,2025-08-18
46897,MD,2024-02-23
46898,NC,2024-03-06
46899,UT,2023-02-03
46900,AK,2023-11-15
46901,RI,2023-10-02
46902,CA,2023-09-23
46903,CO,2024-09-23
46904,MA,2024-11-13
46905,CA,2024-07-05
46906,CA,2023-07-02
46907,PA,2024-03-17
46908,WA,2024-05-04
46909,MA,2025-12-06
46910,NY,2025-08-30
46911,PA,2023-10-20
46912,NY,2023-03-20
46913,MA,2024-09-02
46914,NY,2025-06-17
46915,TX,2024-07-10
46916,TX,2024-08-21
46917,MA,2023-11-25
46918,NY,2024-02-03
46919,MS,2024-10-19
46920,GA,2023-01-03
46921,MA,2023-08-07
46922,CA,2024-11-01
46923,CA,2023-10-26
46924,FL,2024-10-28
46925,WA,2023-06-04
46926,MA,2025-09-15
46927,IL,2025-10-23
46928,NC,2025-05-20
46929,NY,2024-10-14
46930,NY,2025-05-14
46931,CT,2025-12-19
46932,CA,2024-08-18
46933,NY,2023-12-29
46934,MO,2025-04-28
46935,TX,2025-06-09
46936,TX,2024-06-01
46937,OH,2025-06-04
46938,FL,2024-03-23
46939,CA,2024-05-03
46940,NC,2025-10-02
46941,GA,2025-10-15
46942,MA,2024-03-30
46943,CA,2025-08-04
46944,NE,2023-11-19
46945,IL,2025-05-18
46946,MI,2025-09-24
46947,GA,2025-03-02
46948,FL,2023-11-17
46949,NY,2026-02-25
46950,CA,2025-07-25
46951,WA,2023-04-10
46952,AZ,2025-03-10
46953,ND,2023-11-23
46954,WA,2023-08-30
46955,CA,2023-02-14
46956,MI,2025-11-21
46957,IL,2024-06-23
46958,AL,2025-01-19
46959,VA,2025-02-20
46960,NJ,2024-10-14
46961,NC,2023-04-23
46962,LA,2024-09-16
46963,ME,2024-04-19
46964,TX,2025-10-21
46965,WI,2024-02-22
46966,CA,2023-07-06
46967,TX,2024-03-24
46968,OR,2024-11-12
46969,NY,2025-09-04
46970,NY,2025-01-23
46971,MO,2025-06-27
46972,NY,2023-01-23
46973,MS,2025-12-25
46974,SD,2026-01-14
46975,TX,2025-07-20
46976,MO,2024-12-12
46977,VA,2026-01-15
46978,AZ,2023-11-24
46979,CA,2025-05-06
46980,CA,2025-08-17
46981,NY,2023-08-23
46982,CO,2025-02-12
46983,VA,2025-05-23
46984,CA,2025-09-28
46985,MA,2025-10-06
46986,FL,2023-08-16
46987,NY,2023-03-23
46988,PA,2024-11-03
46989,TX,2023-07-08
46990,FL,2023-01-18
46991,GA,2025-10-27
46992,WA,2024-02-04
46993,OH,2025-01-04
46994,NV,2025-08-22
46995,FL,2023-03-15
46996,NY,2024-02-17
46997,NY,2024-02-17
46998,WI,2025-11-05
46999,NY,2023-09-17
47000,NY,2025-12-24
47001,SC,2025-12-31
47002,FL,2025-09-14
47003,MO,2024-10-02
47004,MA,2024-05-20
47005,FL,2026-02-28
47006,TX,2025-01-23
47007,NJ,2023-03-07
47008,AZ,2025-04-04
47009,GA,2025-05-27
47010,TN,2026-02-03
47011,KS,2025-11-28
47012,NY,2024-05-02
47013,FL,2024-09-27
47014,NY,2026-02-18
47015,NC,2024-08-18
47016,NC,2023-07-28
47017,TX,2025-02-13
47018,PA,2025-08-08
47019,GA,2023-04-22
47020,CA,2024-08-02
47021,VA,2025-06-10
47022,ND,2025-01-03
47023,NY,2023-01-01
47024,NJ,2025-01-28
47025,PA,2026-01-04
47026,CA,2024-02-05
47027,IL,2024-10-29
47028,MD,2025-01-19
47029,NJ,2025-08-08
47030,WA,2025-03-13
47031,WI,2025-06-14
47032,NC,2024-06-14
47033,WA,2026-01-21
47034,CA,2024-05-13
47035,MS,2024-08-14
47036,CA,2025-02-10
47037,NY,2024-09-16
47038,CA,2023-04-25
47039,WA,2024-07-27
47040,NJ,2025-04-30
47041,ME,2026-02-13
47042,GA,2026-02-05
47043,NY,2024-12-16
47044,CA,2023-02-06
47045,MA,2023-02-05
47046,WA,2023-11-21
47047,TX,2024-10-04
47048,OR,2024-02-03
47049,WA,2025-08-20
47050,NM,2023-11-29
47051,OR,2024-12-09
47052,CA,2023-10-06
47053,KS,2023-02-16
47054,WA,2024-12-30
47055,NY,2023-06-08
47056,NY,2023-02-04
47057,WA,2024-05-02
47058,CA,2025-04-04
47059,NY,2024-05-24
47060,FL,2024-09-20
47061,SD,2025-07-06
47062,CT,2024-10-22
47063,WA,2025-12-06
47064,TX,2026-01-29
47065,MD,2025-02-16
47066,TN,2024-08-20
47067,FL,2025-08-04
47068,NC,2024-02-06
47069,VA,2025-05-16
47070,NJ,2025-09-24
47071,FL,2023-10-21
47072,NJ,2024-07-01
47073,NE,2024-12-08
47074,CA,2023-08-25
47075,TX,2025-05-13
47076,CA,2025-04-21
47077,NY,2025-01-16
47078,IL,2023-11-26
47079,NY,2024-04-03
47080,MA,2025-11-02
47081,WA,2023-07-04
47082,TX,2025-09-28
47083,CA,2023-03-23
47084,MN,2023-11-09
47085,NV,2025-07-31
47086,TN,2024-06-06
47087,CA,2025-06-28
47088,VA,2024-11-17
47089,VT,2023-04-13
47090,WA,2025-02-25
47091,MN,2024-12-10
47092,NY,2023-01-30
47093,TX,2024-06-12
47094,CA,2025-01-15
47095,WI,2025-06-30
47096,GA,2023-11-20
47097,NY,2025-03-11
47098,CA,2024-05-20
47099,KY,2025-01-23
47100,MA,2025-02-17
47101,PA,2025-02-10
47102,CA,2024-05-31
47103,TX,2025-05-02
47104,MD,2024-12-17
47105,MN,2024-09-17
47106,CA,2023-10-18
47107,NC,2025-11-15
47108,CA,2024-10-27
47109,TX,2023-02-06
47110,SC,2024-10-12
47111,MI,2023-03-07
47112,NY,2025-11-20
47113,CA,2024-02-06
47114,MA,2023-07-22
47115,CA,2025-10-20
47116,MI,2025-08-11
47117,FL,2024-01-11
47118,CA,2024-05-20
47119,CA,2025-09-08
47120,WA,2024-11-06
47121,TX,2025-11-25
47122,NY,2026-02-04
47123,MA,2023-01-25
47124,NC,2024-02-28
47125,PA,2025-09-25
47126,CA,2024-11-13
47127,TX,2024-05-03
47128,CA,2024-02-26
47129,NM,2023-04-19
47130,WA,2024-09-23
47131,NY,2024-12-29
47132,NC,2025-05-02
47133,FL,2023-12-01
47134,MI,2024-09-20
47135,NY,2024-06-19
47136,OH,2024-03-23
47137,VA,2023-04-27
47138,NY,2025-10-01
47139,SC,2025-12-22
47140,WY,2025-01-11
47141,KY,2024-05-02
47142,VT,2024-09-09
47143,ID,2023-06-30
47144,FL,2023-11-26
47145,WI,2026-02-01
47146,IL,2025-02-28
47147,CA,2024-07-12
47148,MA,2025-11-05
47149,CA,2024-05-10
47150,NM,2023-02-03
47151,CA,2024-12-20
47152,MA,2025-08-31
47153,TX,2025-08-23
47154,CO,2024-07-20
47155,PA,2025-06-06
47156,GA,2023-03-15
47157,NY,2024-09-14
47158,LA,2024-04-01
47159,TN,2023-08-28
47160,AZ,2026-02-27
47161,WI,2024-11-01
47162,NY,2025-12-22
47163,OH,2025-12-06
47164,CO,2024-06-14
47165,MI,2025-10-31
47166,NC,2024-01-12
47167,NY,2023-08-11
47168,FL,2023-03-15
47169,MD,2023-05-14
47170,NY,2023-11-02
47171,OK,2024-06-24
47172,SC,2023-10-04
47173,MN,2025-04-16
47174,FL,2024-08-22
47175,NY,2024-03-15
47176,GA,2025-03-06
47177,IN,2023-02-25
47178,WA,2023-07-02
47179,NY,2025-07-28
47180,CA,2025-11-18
47181,CA,2025-10-23
47182,PA,2023-11-21
47183,AK,2025-10-06
47184,IL,2025-02-17
47185,NY,2023-06-25
47186,NY,2024-09-08
47187,HI,2025-08-06
47188,WI,2024-01-28
47189,CA,2023-12-24
47190,UT,2025-12-15
47191,TX,2025-11-05
47192,WA,2023-07-06
47193,HI,2025-01-15
47194,TX,2023-09-30
47195,AZ,2024-05-09
47196,NY,2024-08-29
47197,IL,2023-08-04
47198,FL,2023-04-23
47199,CA,2023-01-30
47200,NH,2023-12-04
47201,OH,2025-09-06
47202,IL,2025-12-06
47203,KY,2025-07-05
47204,TX,2023-02-10
47205,UT,2023-12-19
47206,TX,2024-09-15
47207,CO,2023-07-20
47208,CA,2023-08-04
47209,UT,2024-10-14
47210,IL,2023-08-10
47211,WA,2023-08-13
47212,ID,2023-04-29
47213,PA,2026-02-07
47214,MA,2024-07-23
47215,LA,2024-04-16
47216,PA,2026-02-11
47217,TX,2025-11-12
47218,NY,2024-11-27
47219,FL,2023-07-28
47220,NJ,2024-11-24
47221,MA,2024-08-29
47222,FL,2024-03-13
47223,NJ,2023-09-03
47224,GA,2025-06-30
47225,GA,2025-05-18
47226,FL,2023-09-05
47227,MA,2024-01-26
47228,TX,2023-09-02
47229,NC,2025-02-07
47230,IL,2025-03-17
47231,TX,2024-09-28
47232,PA,2023-05-05
47233,CA,2023-07-16
47234,NY,2023-08-02
47235,FL,2024-04-05
47236,WI,2024-06-12
47237,MA,2024-05-12
47238,WA,2024-01-26
47239,MA,2025-05-19
47240,MO,2023-09-25
47241,MA,2024-03-14
47242,OH,2025-04-01
47243,MA,2025-11-04
47244,OH,2025-11-19
47245,TX,2024-07-20
47246,SC,2026-01-01
47247,IN,2024-09-12
47248,AZ,2023-11-12
47249,NC,2024-10-09
47250,SC,2025-07-20
47251,AZ,2025-04-20
47252,PA,2025-01-11
47253,NY,2026-02-20
47254,OR,2025-04-17
47255,ID,2023-03-01
47256,PA,2024-05-01
47257,CA,2025-01-06
47258,OH,2024-09-28
47259,MI,2025-12-28
47260,UT,2024-08-07
47261,MI,2024-01-15
47262,ME,2023-03-02
47263,AL,2024-02-21
47264,FL,2024-04-17
47265,LA,2024-01-02
47266,FL,2023-12-03
47267,IL,2023-09-13
47268,FL,2023-12-26
47269,VA,2024-09-14
47270,CA,2023-01-19
47271,WA,2024-10-07
47272,PA,2024-12-12
47273,FL,2024-03-16
47274,NE,2026-01-16
47275,CA,2024-02-07
47276,MA,2023-05-05
47277,WA,2025-07-25
47278,VA,2023-12-13
47279,RI,2024-04-12
47280,CA,2024-11-08
47281,VA,2024-01-18
47282,MD,2023-11-21
47283,TX,2024-10-17
47284,NC,2024-07-04
47285,WV,2025-05-14
47286,WI,2024-07-16
47287,NM,2025-06-19
47288,AZ,2023-04-26
47289,NY,2023-03-24
47290,OR,2024-03-21
47291,NY,2026-02-12
47292,MA,2025-03-19
47293,UT,2023-03-26
47294,TX,2023-07-14
47295,VA,2023-02-28
47296,CA,2025-05-09
47297,CA,2024-11-23
47298,CA,2025-03-24
47299,IL,2023-12-24
47300,CA,2024-10-13
47301,WI,2023-03-29
47302,NV,2025-12-24
47303,CO,2025-09-04
47304,MI,2024-06-18
47305,FL,2023-10-22
47306,MA,2025-12-19
47307,OR,2024-07-09
47308,CA,2025-01-17
47309,NY,2025-12-29
47310,OH,2025-07-12
47311,AL,2024-06-29
47312,TX,2025-06-25
47313,WI,2025-04-12
47314,WA,2023-05-18
47315,MD,2024-02-14
47316,MD,2025-06-24
47317,OH,2023-11-25
47318,NJ,2023-02-14
47319,IL,2024-10-27
47320,NY,2025-05-23
47321,TX,2023-02-05
47322,OR,2024-02-12
47323,MD,2025-02-01
47324,TX,2024-10-03
47325,OK,2025-01-11
47326,WI,2023-12-17
47327,AL,2024-11-09
47328,FL,2023-06-03
47329,GA,2023-07-16
47330,WI,2023-03-09
47331,FL,2025-05-03
47332,TX,2025-12-29
47333,NY,2026-02-15
47334,OR,2025-03-09
47335,PA,2024-01-18
47336,TX,2025-10-18
47337,NH,2023-11-21
47338,CA,2024-07-02
47339,PA,2023-04-28
47340,PA,2024-05-28
47341,IL,2024-11-19
47342,ID,2025-09-05
47343,NC,2025-11-06
47344,WA,2023-11-03
47345,TX,2024-01-05
47346,SD,2023-01-28
47347,IL,2025-06-08
47348,FL,2025-05-31
47349,CO,2024-09-30
47350,PA,2024-09-09
47351,KS,2023-08-03
47352,NY,2025-05-19
47353,AZ,2024-06-22
47354,WA,2023-06-21
47355,NC,2025-03-14
47356,NJ,2024-10-17
47357,UT,2023-11-12
47358,NY,2024-04-15
47359,AR,2025-11-11
47360,GA,2023-07-25
47361,MI,2026-01-05
47362,NJ,2024-01-12
47363,NY,2024-11-21
47364,MA,2025-05-03
47365,TX,2024-01-18
47366,CA,2023-05-31
47367,NY,2023-12-30
47368,WA,2023-12-01
47369,MN,2023-10-14
47370,WA,2025-07-12
47371,NV,2023-11-19
47372,CA,2024-03-01
47373,NV,2024-10-26
47374,WA,2025-03-11
47375,WA,2024-02-11
47376,FL,2023-12-14
47377,MD,2025-03-31
47378,NY,2023-05-24
47379,WA,2024-02-25
47380,HI,2023-08-23
47381,MT,2024-10-12
47382,HI,2025-02-18
47383,NY,2023-10-04
47384,MD,2024-02-06
47385,OR,2024-10-15
47386,OR,2024-10-22
47387,WA,2024-05-02
47388,MA,2025-11-24
47389,NY,2025-12-22
47390,CA,2026-02-11
47391,NC,2024-01-08
47392,NY,2025-06-05
47393,CA,2026-02-22
47394,CA,2023-11-15
47395,OR,2024-09-08
47396,GA,2023-04-28
47397,CO,2025-02-05
47398,IL,2023-08-31
47399,OR,2025-06-26
47400,GA,2024-06-27
47401,CA,2024-09-10
47402,OR,2023-04-07
47403,MI,2023-10-31
47404,CO,2025-09-17
47405,CA,2024-09-08
47406,MT,2025-05-18
47407,WA,2025-03-15
47408,CA,2023-04-29
47409,WI,2025-08-14
47410,NY,2023-07-23
47411,UT,2023-02-03
47412,NV,2024-06-01
47413,CT,2024-07-11
47414,NY,2024-02-10
47415,CA,2023-12-21
47416,MI,2026-01-11
47417,NY,2023-04-24
47418,CA,2024-08-30
47419,CA,2023-01-11
47420,TX,2023-11-13
47421,AL,2024-08-10
47422,AZ,2024-11-21
47423,MD,2023-03-04
47424,NJ,2023-01-10
47425,ID,2024-05-13
47426,TX,2025-09-10
47427,OH,2025-07-07
47428,FL,2023-06-05
47429,PA,2023-06-21
47430,OH,2023-08-25
47431,NE,2026-02-14
47432,CO,2023-08-28
47433,UT,2024-01-21
47434,NY,2024-07-23
47435,TN,2023-06-19
47436,NY,2024-02-25
47437,WA,2025-11-12
47438,CO,2023-10-23
47439,AZ,2023-08-09
47440,TX,2023-08-22
47441,PA,2025-06-27
47442,PA,2024-04-18
47443,CA,2024-04-25
47444,MN,2026-01-26
47445,NV,2025-02-16
47446,MA,2023-07-12
47447,NY,2025-03-30
47448,CA,2023-11-15
47449,CO,2024-03-13
47450,CA,2024-09-29
47451,NY,2023-03-27
47452,IN,2024-07-15
47453,FL,2025-12-03
47454,MN,2023-09-06
47455,TX,2025-02-15
47456,MA,2023-01-23
47457,IL,2025-02-02
47458,OR,2023-07-31
47459,GA,2025-07-18
47460,TX,2024-12-02
47461,NE,2025-10-20
47462,KS,2024-12-27
47463,NY,2024-07-30
47464,AR,2024-09-16
47465,NJ,2025-11-27
47466,PA,2025-06-08
47467,WA,2024-01-05
47468,NY,2025-02-14
47469,MA,2024-03-07
47470,NY,2023-05-03
47471,NY,2025-11-16
47472,IL,2024-08-05
47473,TX,2023-01-03
47474,MA,2025-05-02
47475,WA,2025-12-31
47476,FL,2023-05-25
47477,TX,2023-03-13
47478,FL,2025-12-02
47479,WA,2025-02-14
47480,NY,2024-02-13
47481,CA,2023-12-28
47482,KY,2026-02-21
47483,ID,2023-11-07
47484,TX,2023-06-22
47485,MA,2024-04-19
47486,OR,2025-04-14
47487,IN,2025-04-04
47488,CA,2025-12-13
47489,FL,2026-01-30
47490,VA,2024-06-19
47491,CA,2024-07-27
47492,KY,2024-09-02
47493,TX,2025-03-18
47494,NY,2023-06-06
47495,CA,2025-10-28
47496,ID,2024-04-03
47497,MT,2024-02-21
47498,MA,2023-11-16
47499,RI,2026-02-06
47500,MN,2023-03-29
47501,GA,2024-12-06
47502,CA,2023-01-05
47503,SC,2024-12-28
47504,MA,2025-09-17
47505,CA,2024-05-26
47506,MD,2024-08-04
47507,IL,2025-04-16
47508,CA,2024-08-13
47509,WA,2024-02-15
47510,MN,2024-07-19
47511,WA,2024-01-17
47512,WA,2025-03-01
47513,TX,2024-09-06
47514,WA,2023-11-11
47515,CA,2024-01-01
47516,TX,2025-12-21
47517,ME,2025-04-01
47518,NY,2023-05-05
47519,CA,2025-08-28
47520,VA,2024-10-14
47521,NY,2023-02-11
47522,MS,2025-10-31
47523,FL,2023-08-28
47524,FL,2024-01-04
47525,MD,2024-02-10
47526,LA,2023-08-01
47527,GA,2023-04-19
47528,MA,2023-06-26
47529,FL,2023-02-06
47530,OH,2025-09-11
47531,NY,2024-07-23
47532,MI,2025-08-19
47533,CA,2025-09-13
47534,VA,2023-06-10
47535,GA,2025-07-02
47536,CA,2023-03-16
47537,CA,2023-02-06
47538,PA,2024-07-01
47539,CA,2024-03-13
47540,FL,2024-12-10
47541,CA,2025-08-07
47542,GA,2023-08-13
47543,WA,2025-04-11
47544,MI,2024-11-24
47545,LA,2024-03-05
47546,NC,2023-06-19
47547,VA,2024-09-15
47548,MO,2023-04-03
47549,HI,2025-04-03
47550,NC,2023-01-15
47551,UT,2023-10-13
47552,CA,2025-11-12
47553,MN,2025-02-18
47554,OR,2024-05-17
47555,ID,2024-08-26
47556,PA,2025-05-12
47557,AR,2023-05-03
47558,WI,2024-09-06
47559,NY,2024-08-02
47560,WA,2024-03-16
47561,MD,2025-05-14
47562,MA,2024-04-13
47563,OH,2024-06-09
47564,CA,2023-01-16
47565,GA,2023-10-20
47566,CA,2023-09-08
47567,IL,2025-02-17
47568,CA,2023-06-10
47569,IL,2025-12-22
47570,FL,2023-12-06
47571,AL,2023-10-16
47572,NY,2025-10-05
47573,WA,2025-03-12
47574,NY,2026-01-06
47575,IL,2025-05-10
47576,GA,2025-08-19
47577,CA,2023-08-30
47578,OR,2025-08-25
47579,TN,2025-04-18
47580,GA,2024-01-07
47581,IL,2024-08-28
47582,RI,2024-05-01
47583,GA,2024-10-22
47584,OR,2025-07-04
47585,VA,2023-06-08
47586,WY,2024-07-21
47587,CA,2023-07-13
47588,MA,2024-06-21
47589,NY,2025-12-27
47590,CA,2024-06-25
47591,WA,2025-09-23
47592,MA,2024-12-06
47593,NH,2025-03-29
47594,NY,2025-01-21
47595,NY,2023-09-27
47596,WA,2025-07-20
47597,MA,2025-03-31
47598,WA,2025-10-10
47599,PA,2024-03-22
47600,AL,2025-01-03
47601,NY,2024-03-17
47602,TX,2024-05-28
47603,UT,2024-04-13
47604,MN,2026-01-06
47605,NY,2024-11-05
47606,NJ,2023-11-14
47607,CA,2026-02-09
47608,KY,2023-11-24
47609,MO,2023-02-28
47610,AZ,2025-07-25
47611,NY,2025-07-17
47612,CO,2023-08-13
47613,MD,2024-01-17
47614,WA,2023-12-01
47615,CT,2025-02-08
47616,NY,2023-05-11
47617,WA,2023-07-21
47618,VA,2025-02-25
47619,IN,2025-01-14
47620,FL,2023-10-01
47621,GA,2024-11-05
47622,FL,2025-10-15
47623,SC,2024-10-10
47624,CA,2025-08-03
47625,FL,2023-01-12
47626,FL,2023-08-07
47627,OR,2025-05-02
47628,FL,2023-11-01
47629,NV,2024-06-22
47630,CA,2023-09-03
47631,CA,2023-07-02
47632,PA,2024-05-03
47633,MA,2024-09-21
47634,NV,2024-05-29
47635,IL,2023-08-04
47636,NY,2026-01-29
47637,MD,2025-06-06
47638,GA,2023-12-21
47639,CA,2024-10-24
47640,NY,2025-04-05
47641,CO,2024-06-13
47642,MA,2024-09-16
47643,UT,2023-07-01
47644,NJ,2025-03-09
47645,GA,2024-04-30
47646,MI,2023-11-16
47647,KY,2025-11-26
47648,TX,2026-02-08
47649,NY,2024-09-08
47650,NE,2025-05-17
47651,MA,2025-01-28
47652,NY,2023-07-25
47653,WA,2023-12-19
47654,FL,2025-06-01
47655,NC,2025-05-31
47656,MA,2024-01-08
47657,KS,2023-05-26
47658,TX,2024-07-17
47659,GA,2025-12-01
47660,NY,2023-07-27
47661,TX,2026-02-24
47662,GA,2023-01-02
47663,VA,2024-07-16
47664,NC,2025-06-29
47665,MA,2025-11-06
47666,WA,2023-07-01
47667,PA,2024-01-19
47668,FL,2024-10-26
47669,MI,2023-04-19
47670,CA,2024-08-09
47671,CA,2024-08-12
47672,IL,2024-10-05
47673,NH,2023-12-30
47674,VA,2025-10-30
47675,CA,2024-09-03
47676,AR,2023-01-02
47677,IL,2025-07-09
47678,MN,2024-01-16
47679,NJ,2025-09-16
47680,IL,2025-04-07
47681,IL,2026-01-17
47682,CO,2025-02-19
47683,MA,2024-11-04
47684,TX,2024-05-24
47685,TN,2024-07-04
47686,MA,2024-07-07
47687,NY,2025-09-06
47688,OH,2024-09-13
47689,CA,2024-08-20
47690,NY,2024-05-23
47691,TX,2024-02-27
47692,NY,2024-03-30
47693,CA,2023-09-10
47694,CA,2023-06-08
47695,NY,2026-02-24
47696,NC,2025-01-27
47697,MA,2023-10-12
47698,MD,2025-12-10
47699,NY,2024-12-17
47700,NC,2025-10-13
47701,CA,2023-03-20
47702,SC,2025-08-24
47703,CO,2025-04-16
47704,NY,2023-01-14
47705,MI,2023-04-04
47706,FL,2025-11-12
47707,NJ,2026-01-08
47708,IA,2023-12-10
47709,NC,2024-07-21
47710,CA,2026-02-04
47711,NY,2025-07-14
47712,NY,2024-04-04
47713,VA,2025-01-26
47714,TX,2023-12-31
47715,NY,2024-02-28
47716,FL,2023-04-04
47717,UT,2026-01-30
47718,CA,2024-01-21
47719,NY,2025-07-07
47720,MA,2024-04-14
47721,FL,2023-07-09
47722,TX,2023-06-04
47723,FL,2025-01-02
47724,NY,2023-02-06
47725,TX,2023-11-22
47726,AZ,2024-06-11
47727,NY,2026-02-21
47728,KY,2023-01-20
47729,NE,2025-04-21
47730,CA,2025-07-30
47731,OR,2024-01-14
47732,TX,2024-12-26
47733,NC,2024-10-18
47734,TX,2024-04-08
47735,MN,2024-01-29
47736,LA,2025-06-16
47737,NY,2024-07-31
47738,WA,2025-11-18
47739,NH,2023-08-26
47740,MD,2024-10-05
47741,NY,2025-08-11
47742,CA,2023-07-23
47743,WA,2023-06-11
47744,CA,2025-05-05
47745,TX,2023-12-11
47746,MA,2023-04-15
47747,SC,2023-10-08
47748,RI,2023-06-07
47749,NY,2025-08-08
47750,TX,2024-08-23
47751,FL,2025-07-08
47752,ME,2025-10-14
47753,TN,2023-08-20
47754,OK,2024-02-27
47755,NJ,2023-07-24
47756,MI,2025-02-08
47757,MI,2024-06-11
47758,WA,2023-06-01
47759,CA,2026-02-27
47760,MD,2024-04-21
47761,MO,2025-11-28
47762,IL,2023-12-25
47763,NY,2024-06-07
47764,MS,2026-01-05
47765,TX,2024-08-03
47766,MO,2023-05-23
47767,CA,2023-03-01
47768,NC,2023-11-16
47769,MA,2025-06-16
47770,IL,2025-08-23
47771,CA,2023-06-13
47772,TX,2023-09-26
47773,CA,2025-02-08
47774,NE,2025-06-06
47775,CT,2025-11-29
47776,TX,2025-11-28
47777,PA,2024-11-05
47778,FL,2023-06-22
47779,WA,2023-06-11
47780,NY,2024-01-17
47781,VA,2025-03-20
47782,AZ,2023-01-17
47783,VA,2026-02-10
47784,FL,2023-02-04
47785,NV,2023-12-23
47786,AK,2023-09-19
47787,KY,2023-03-15
47788,WA,2025-03-21
47789,NY,2024-02-11
47790,NY,2023-04-26
47791,OH,2025-05-14
47792,TX,2024-02-22
47793,CO,2025-01-17
47794,WA,2024-03-23
47795,MI,2025-03-17
47796,GA,2023-07-28
47797,CA,2026-01-01
47798,CO,2023-04-06
47799,GA,2025-09-30
47800,GA,2025-04-25
47801,AL,2025-10-24
47802,TN,2023-02-20
47803,FL,2024-07-16
47804,AZ,2023-05-13
47805,NY,2025-04-21
47806,TX,2025-06-05
47807,GA,2025-11-12
47808,OK,2024-04-30
47809,NC,2023-03-28
47810,CA,2025-12-07
47811,NC,2024-11-03
47812,TX,2024-03-24
47813,NY,2024-06-01
47814,CA,2025-11-16
47815,NC,2024-04-19
47816,WA,2024-05-06
47817,NE,2024-10-07
47818,TN,2025-03-18
47819,MI,2023-06-02
47820,CA,2024-05-13
47821,NJ,2025-04-16
47822,SC,2024-12-02
47823,FL,2023-03-20
47824,AL,2025-12-05
47825,GA,2024-02-26
47826,IN,2024-07-13
47827,NC,2025-11-22
47828,IL,2024-06-13
47829,AL,2025-11-25
47830,ME,2026-01-17
47831,CA,2025-05-26
47832,TX,2024-09-03
47833,FL,2025-05-24
47834,FL,2023-01-31
47835,NY,2025-11-10
47836,PA,2023-12-23
47837,WA,2025-01-11
47838,NJ,2024-11-07
47839,MA,2025-02-07
47840,MD,2023-11-07
47841,TX,2024-06-18
47842,CA,2024-01-04
47843,TX,2023-11-27
47844,MA,2025-09-25
47845,NY,2025-03-26
47846,MI,2023-12-23
47847,TX,2023-04-09
47848,CA,2024-10-03
47849,AL,2023-09-08
47850,CT,2023-10-23
47851,CA,2024-02-12
47852,NY,2023-12-25
47853,FL,2024-09-13
47854,GA,2025-10-29
47855,WA,2024-09-25
47856,WI,2023-10-26
47857,MD,2024-12-25
47858,WA,2025-08-31
47859,VA,2024-07-15
47860,PA,2024-08-26
47861,CA,2024-08-25
47862,MS,2025-10-30
47863,TX,2024-12-07
47864,NY,2025-11-19
47865,ID,2023-05-30
47866,TX,2023-04-02
47867,PA,2024-12-13
47868,AR,2023-12-30
47869,NV,2023-10-24
47870,WA,2025-08-09
47871,WA,2024-04-29
47872,MA,2024-08-03
47873,TX,2024-10-15
47874,NJ,2025-11-03
47875,NY,2024-11-17
47876,MD,2025-02-22
47877,UT,2023-12-25
47878,CA,2024-07-08
47879,NY,2025-02-05
47880,CA,2025-07-21
47881,VA,2024-10-15
47882,OH,2025-11-30
47883,NY,2023-03-28
47884,CO,2025-04-20
47885,FL,2026-01-03
47886,CA,2025-11-08
47887,GA,2023-05-20
47888,HI,2023-05-11
47889,MA,2025-07-14
47890,CT,2023-06-28
47891,CA,2025-05-16
47892,WA,2025-03-21
47893,NY,2024-02-10
47894,NY,2023-12-14
47895,PA,2025-05-10
47896,PA,2025-11-28
47897,TN,2023-08-19
47898,MT,2024-05-01
47899,GA,2025-09-03
47900,GA,2023-02-26
47901,GA,2023-02-23
47902,TX,2024-02-25
47903,WA,2023-02-28
47904,TX,2024-03-05
47905,GA,2024-03-22
47906,CA,2025-05-16
47907,MN,2026-01-22
47908,WA,2024-10-14
47909,NJ,2025-04-18
47910,TX,2023-07-31
47911,MA,2025-03-23
47912,VA,2023-05-13
47913,CO,2025-07-28
47914,TX,2023-01-25
47915,TX,2025-09-10
47916,TX,2024-12-12
47917,IL,2025-07-23
47918,CO,2023-02-17
47919,TX,2023-02-21
47920,MA,2023-03-01
47921,FL,2024-04-17
47922,TX,2025-03-01
47923,NY,2025-03-30
47924,CA,2025-01-20
47925,MI,2023-07-02
47926,NV,2023-03-05
47927,PA,2023-11-17
47928,NY,2024-09-20
47929,WA,2025-07-16
47930,MA,2024-09-03
47931,OH,2025-07-19
47932,MN,2024-12-31
47933,VA,2024-07-25
47934,NM,2024-07-19
47935,FL,2025-02-05
47936,VA,2024-02-15
47937,SC,2023-01-21
47938,MD,2025-08-01
47939,NY,2024-06-30
47940,FL,2024-03-29
47941,LA,2025-10-11
47942,RI,2023-01-05
47943,OR,2024-11-03
47944,NY,2025-07-09
47945,OH,2024-09-24
47946,NY,2025-08-05
47947,TX,2024-11-14
47948,WA,2025-02-26
47949,IN,2025-01-15
47950,VA,2023-11-08
47951,MA,2024-09-22
47952,MI,2024-06-03
47953,FL,2025-04-30
47954,IL,2023-03-05
47955,MI,2024-10-10
47956,TX,2024-08-06
47957,GA,2023-01-15
47958,PA,2023-04-01
47959,WA,2025-07-22
47960,NY,2026-01-27
47961,FL,2025-03-14
47962,MN,2023-01-10
47963,TX,2023-10-06
47964,TX,2025-12-27
47965,NY,2023-05-13
47966,MN,2024-05-30
47967,IL,2024-02-18
47968,CO,2026-02-02
47969,FL,2023-08-13
47970,TN,2025-06-27
47971,NY,2026-02-15
47972,AZ,2024-02-20
47973,MN,2024-02-21
47974,MA,2025-04-05
47975,MA,2024-09-29
47976,VA,2023-04-22
47977,CA,2025-11-03
47978,FL,2024-02-07
47979,NY,2023-04-17
47980,IL,2025-10-23
47981,CA,2025-08-08
47982,OH,2024-10-08
47983,NJ,2023-11-23
47984,CA,2025-01-26
47985,FL,2024-03-13
47986,ME,2025-11-27
47987,FL,2024-07-28
47988,CA,2025-04-11
47989,FL,2023-01-06
47990,WA,2024-10-01
47991,MI,2023-11-04
47992,NC,2026-02-19
47993,WV,2023-06-21
47994,WI,2025-07-21
47995,NH,2025-08-01
47996,NJ,2024-03-07
47997,CA,2023-06-14
47998,AL,2023-02-18
47999,WV,2025-11-28
48000,GA,2023-06-13
48001,NJ,2025-12-27
48002,CA,2025-04-12
48003,NY,2025-10-05
48004,AL,2023-10-01
48005,OR,2024-11-11
48006,CA,2025-05-15
48007,MI,2026-02-20
48008,FL,2025-01-09
48009,NH,2024-05-17
48010,GA,2024-09-07
48011,PA,2024-11-19
48012,NC,2025-11-17
48013,OH,2023-05-24
48014,NJ,2024-04-27
48015,TX,2026-02-20
48016,WA,2023-04-26
48017,NJ,2023-01-22
48018,TX,2023-12-02
48019,CO,2023-11-29
48020,OH,2025-12-08
48021,WA,2023-10-11
48022,FL,2023-03-05
48023,CA,2025-11-15
48024,MI,2023-10-04
48025,PA,2025-10-13
48026,AZ,2023-07-16
48027,TX,2023-01-24
48028,TX,2024-07-30
48029,NC,2025-03-01
48030,CT,2024-08-14
48031,CA,2023-01-08
48032,CA,2024-07-10
48033,MA,2024-04-17
48034,AL,2024-01-01
48035,CA,2025-11-01
48036,CA,2025-12-31
48037,TX,2025-06-24
48038,AL,2023-03-04
48039,CA,2024-07-03
48040,CO,2025-07-02
48041,NC,2024-02-06
48042,MA,2024-10-27
48043,HI,2025-03-03
48044,CA,2024-04-08
48045,CA,2023-09-02
48046,TN,2024-03-04
48047,OR,2025-08-11
48048,TN,2025-02-24
48049,WA,2023-02-17
48050,ID,2023-01-14
48051,WA,2024-01-26
48052,FL,2024-11-08
48053,TX,2026-02-10
48054,OR,2025-12-23
48055,CO,2026-01-15
48056,MI,2024-05-09
48057,AZ,2025-01-15
48058,OR,2023-09-06
48059,FL,2023-03-22
48060,NJ,2024-01-21
48061,HI,2026-01-21
48062,OR,2024-04-10
48063,PA,2024-05-01
48064,AZ,2023-04-16
48065,TX,2023-02-05
48066,CA,2024-11-26
48067,AZ,2023-05-29
48068,PA,2024-07-28
48069,CA,2024-01-21
48070,FL,2023-07-21
48071,OR,2024-10-16
48072,WI,2024-03-21
48073,WA,2023-09-16
48074,TX,2023-09-11
48075,CO,2024-03-05
48076,TN,2024-12-14
48077,FL,2025-11-20
48078,MI,2025-02-17
48079,IL,2023-10-10
48080,WI,2025-07-30
48081,FL,2023-03-11
48082,CA,2026-01-22
48083,KY,2023-10-26
48084,NC,2025-03-23
48085,CA,2025-03-28
48086,MI,2023-05-21
48087,WA,2025-02-18
48088,CO,2024-10-15
48089,CA,2026-01-27
48090,NY,2023-10-30
48091,IL,2024-07-04
48092,KS,2023-08-01
48093,CT,2024-02-07
48094,FL,2025-12-20
48095,MI,2025-03-30
48096,FL,2025-10-16
48097,NY,2024-03-15
48098,CO,2025-06-28
48099,CA,2023-12-23
48100,TX,2023-04-18
48101,LA,2023-05-20
48102,TX,2023-08-31
48103,NY,2024-08-28
48104,NH,2023-12-08
48105,PA,2025-09-15
48106,ME,2023-08-12
48107,VA,2024-12-16
48108,WA,2025-01-28
48109,MI,2025-10-19
48110,KY,2025-08-19
48111,IL,2025-05-21
48112,OH,2024-11-21
48113,NY,2026-01-26
48114,CA,2024-07-10
48115,NC,2024-01-19
48116,CO,2024-02-28
48117,CO,2024-01-25
48118,WA,2025-08-04
48119,NY,2025-07-31
48120,FL,2025-07-07
48121,NJ,2024-07-05
48122,NY,2024-02-25
48123,CA,2026-01-13
48124,WA,2024-11-28
48125,FL,2025-07-05
48126,NY,2025-07-11
48127,TX,2025-06-25
48128,AZ,2025-11-17
48129,DE,2025-05-01
48130,WA,2023-06-24
48131,IN,2024-07-12
48132,NV,2026-02-07
48133,PA,2024-04-30
48134,MA,2024-08-27
48135,OH,2023-09-02
48136,CA,2024-05-27
48137,NY,2023-02-04
48138,NJ,2023-09-18
48139,AZ,2025-12-19
48140,AZ,2023-04-10
48141,CA,2024-11-02
48142,OR,2025-01-18
48143,NJ,2024-08-29
48144,LA,2023-02-09
48145,CA,2025-03-20
48146,IL,2023-03-15
48147,OK,2025-01-04
48148,OR,2025-06-22
48149,GA,2025-05-08
48150,CA,2023-01-29
48151,PA,2025-04-25
48152,GA,2025-11-12
48153,HI,2024-05-30
48154,FL,2023-09-01
48155,MA,2024-06-29
48156,SC,2024-09-08
48157,NY,2023-01-27
48158,FL,2026-01-11
48159,NY,2023-06-08
48160,CO,2024-10-28
48161,CA,2025-08-13
48162,AZ,2025-03-15
48163,MS,2024-09-24
48164,CA,2023-07-14
48165,MD,2024-10-07
48166,RI,2026-02-28
48167,GA,2025-10-15
48168,CO,2024-05-14
48169,WA,2024-04-05
48170,NV,2025-06-25
48171,AR,2023-01-27
48172,OR,2023-09-02
48173,NY,2023-05-10
48174,CA,2024-07-20
48175,NY,2024-06-05
48176,GA,2025-10-09
48177,AZ,2023-10-18
48178,NJ,2024-10-07
48179,FL,2025-09-17
48180,FL,2025-02-05
48181,PA,2023-07-01
48182,CA,2025-01-03
48183,WA,2025-10-02
48184,CA,2025-04-14
48185,SD,2023-03-23
48186,CA,2024-09-23
48187,CA,2023-03-01
48188,MA,2025-02-20
48189,MI,2025-02-22
48190,CA,2024-02-25
48191,AZ,2025-09-19
48192,TX,2025-12-20
48193,SC,2025-03-03
48194,NY,2024-07-23
48195,NY,2024-08-12
48196,WA,2024-02-25
48197,MO,2023-05-13
48198,NY,2025-04-01
48199,KS,2025-10-30
48200,IL,2025-12-29
48201,MD,2025-12-16
48202,CA,2024-06-21
48203,CA,2024-11-09
48204,MI,2023-06-21
48205,FL,2023-11-16
48206,NY,2024-03-07
48207,TX,2025-12-07
48208,CA,2023-06-23
48209,MA,2023-12-18
48210,TX,2025-09-12
48211,IL,2024-02-02
48212,MA,2025-02-03
48213,MN,2024-12-23
48214,ID,2023-09-17
48215,NY,2024-10-13
48216,MA,2025-09-21
48217,NJ,2024-01-09
48218,FL,2024-10-04
48219,CT,2025-10-23
48220,CT,2024-09-28
48221,WV,2023-10-25
48222,NC,2024-04-08
48223,FL,2025-08-30
48224,MI,2023-06-05
48225,MN,2023-04-27
48226,NV,2023-04-20
48227,AZ,2025-07-01
48228,CA,2024-09-04
48229,IL,2026-02-16
48230,OH,2024-12-16
48231,OR,2023-02-23
48232,CA,2024-06-23
48233,MN,2023-08-28
48234,FL,2023-09-13
48235,NY,2023-01-25
48236,FL,2023-09-11
48237,RI,2023-04-09
48238,NY,2024-12-19
48239,NY,2024-11-19
48240,VA,2025-08-01
48241,NJ,2024-01-15
48242,CA,2025-07-31
48243,OR,2024-07-27
48244,CA,2024-02-21
48245,ME,2024-05-06
48246,FL,2023-06-19
48247,IN,2024-08-21
48248,FL,2024-06-22
48249,MA,2023-08-18
48250,NY,2023-01-08
48251,TX,2023-07-09
48252,AK,2024-01-07
48253,NV,2025-07-22
48254,TX,2025-06-01
48255,TX,2025-10-24
48256,TX,2025-12-13
48257,NY,2024-03-28
48258,WA,2023-05-26
48259,NC,2025-07-29
48260,OK,2025-02-24
48261,CA,2025-06-22
48262,NH,2025-11-18
48263,NY,2025-04-01
48264,CO,2025-04-15
48265,NY,2025-08-01
48266,TX,2024-12-16
48267,TX,2026-01-08
48268,FL,2026-01-17
48269,CA,2025-02-23
48270,TN,2024-05-23
48271,IL,2023-11-13
48272,WA,2023-06-29
48273,OH,2024-07-07
48274,NH,2025-05-28
48275,NY,2025-03-01
48276,MD,2024-11-30
48277,WI,2024-05-02
48278,NY,2025-12-02
48279,MA,2024-03-18
48280,TX,2023-07-21
48281,GA,2026-01-01
48282,FL,2023-08-09
48283,NJ,2024-09-23
48284,FL,2025-04-07
48285,MN,2024-01-23
48286,WA,2025-09-17
48287,FL,2025-09-14
48288,WA,2025-10-24
48289,MD,2024-01-23
48290,MI,2023-06-10
48291,VT,2024-10-15
48292,WA,2024-05-10
48293,CA,2025-06-23
48294,WA,2026-01-16
48295,NY,2025-04-11
48296,MD,2023-07-09
48297,VA,2023-03-30
48298,TX,2024-05-08
48299,GA,2023-09-18
48300,IL,2025-05-27
48301,NY,2025-11-02
48302,NY,2023-09-07
48303,OH,2024-08-18
48304,NY,2023-04-01
48305,MA,2024-11-04
48306,FL,2024-01-29
48307,MI,2024-02-26
48308,NC,2023-07-05
48309,FL,2025-09-02
48310,FL,2024-03-23
48311,FL,2024-10-21
48312,FL,2023-02-09
48313,MA,2023-06-01
48314,IL,2023-11-10
48315,MD,2024-09-21
48316,OR,2023-06-27
48317,ID,2026-01-12
48318,TX,2025-02-20
48319,NJ,2023-01-19
48320,FL,2025-11-19
48321,WA,2023-09-29
48322,MA,2023-01-22
48323,SC,2026-01-12
48324,NY,2025-04-17
48325,NV,2024-09-12
48326,MO,2025-07-27
48327,NC,2024-05-03
48328,OH,2024-02-07
48329,GA,2024-05-31
48330,NY,2024-08-05
48331,CO,2024-02-03
48332,NY,2026-02-26
48333,GA,2024-09-21
48334,NY,2025-10-25
48335,CO,2024-03-13
48336,TX,2023-11-13
48337,FL,2023-05-05
48338,MA,2025-06-12
48339,MI,2023-03-17
48340,MA,2025-08-23
48341,ND,2025-03-03
48342,VA,2023-12-13
48343,NY,2025-07-29
48344,NC,2023-05-10
48345,WA,2024-10-23
48346,CA,2024-12-01
48347,MI,2025-10-12
48348,TX,2024-04-29
48349,NY,2024-07-31
48350,CA,2026-02-16
48351,TN,2024-10-27
48352,MN,2024-07-05
48353,NH,2023-10-27
48354,GA,2023-10-19
48355,NY,2025-08-09
48356,FL,2025-07-23
48357,GA,2025-09-11
48358,IL,2025-06-27
48359,CA,2025-09-22
48360,OR,2025-02-18
48361,CO,2024-06-16
48362,WA,2023-03-28
48363,UT,2025-02-19
48364,CA,2024-07-11
48365,NY,2024-09-15
48366,NJ,2026-02-26
48367,AL,2024-03-16
48368,PA,2026-02-07
48369,MA,2023-05-12
48370,NY,2026-01-03
48371,NJ,2025-07-24
48372,IL,2023-02-22
48373,CA,2023-02-08
48374,NY,2023-12-04
48375,AL,2024-01-29
48376,MD,2025-10-16
48377,MN,2023-02-20
48378,TX,2025-06-04
48379,KS,2024-12-19
48380,CA,2023-11-11
48381,FL,2026-02-10
48382,MI,2023-04-25
48383,KY,2025-04-24
48384,PA,2025-11-06
48385,CA,2025-10-17
48386,UT,2025-04-12
48387,CO,2023-09-14
48388,AZ,2026-01-16
48389,RI,2024-06-06
48390,FL,2024-08-01
48391,VA,2025-04-02
48392,WA,2026-01-14
48393,GA,2025-11-30
48394,IL,2024-09-08
48395,TN,2023-10-08
48396,IL,2023-09-13
48397,CO,2023-08-05
48398,MA,2026-01-31
48399,FL,2024-03-25
48400,CA,2025-08-08
48401,OR,2026-01-14
48402,NY,2024-10-19
48403,NJ,2025-02-22
48404,CA,2024-12-14
48405,OH,2024-05-17
48406,CA,2024-11-04
48407,FL,2024-01-11
48408,OH,2023-03-01
48409,PA,2024-08-10
48410,WA,2024-07-05
48411,MA,2024-10-18
48412,NY,2025-04-03
48413,CA,2025-12-31
48414,WA,2025-12-24
48415,PA,2025-11-21
48416,PA,2025-06-29
48417,NV,2026-02-28
48418,OR,2023-09-07
48419,NC,2023-03-15
48420,TX,2024-06-03
48421,CO,2025-02-22
48422,CA,2025-02-17
48423,IL,2023-10-06
48424,MA,2025-08-09
48425,ME,2025-04-03
48426,IL,2025-10-14
48427,CA,2025-03-17
48428,TX,2024-10-09
48429,NM,2024-10-06
48430,AK,2025-02-11
48431,UT,2024-06-14
48432,CA,2024-01-16
48433,NY,2023-03-02
48434,MA,2023-07-07
48435,IL,2024-01-21
48436,NC,2024-05-17
48437,WA,2023-06-27
48438,CO,2025-08-16
48439,AZ,2023-04-24
48440,NY,2023-07-27
48441,NY,2024-03-30
48442,GA,2024-06-13
48443,MA,2025-05-25
48444,MD,2024-08-24
48445,SC,2026-01-31
48446,MO,2025-06-22
48447,PA,2025-12-23
48448,NY,2024-10-15
48449,MN,2023-03-19
48450,WA,2024-08-25
48451,NJ,2023-02-04
48452,TX,2024-09-07
48453,FL,2024-08-10
48454,FL,2024-03-02
48455,NJ,2023-05-11
48456,NY,2024-04-01
48457,WA,2026-02-04
48458,NY,2025-08-14
48459,IN,2023-10-06
48460,MI,2023-09-17
48461,TX,2024-08-30
48462,CA,2025-10-24
48463,CA,2023-08-06
48464,UT,2025-05-08
48465,PA,2025-04-27
48466,SC,2023-10-13
48467,MD,2023-02-17
48468,OH,2024-04-14
48469,NC,2025-09-22
48470,CO,2023-03-07
48471,IL,2023-08-18
48472,NY,2025-01-25
48473,NV,2023-01-12
48474,ND,2024-09-04
48475,CO,2024-11-16
48476,CA,2023-08-30
48477,NC,2023-08-01
48478,VA,2026-02-09
48479,OH,2025-05-23
48480,MA,2023-12-07
48481,AL,2025-11-26
48482,KY,2026-01-18
48483,GA,2024-03-20
48484,MN,2023-11-23
48485,TX,2026-01-30
48486,CO,2024-04-19
48487,CA,2024-07-12
48488,FL,2024-06-12
48489,TX,2025-06-24
48490,MT,2025-08-28
48491,NY,2025-08-12
48492,PA,2025-02-24
48493,TX,2024-12-06
48494,WY,2024-02-23
48495,NY,2024-05-29
48496,TX,2024-12-11
48497,CA,2025-11-24
48498,KY,2024-08-11
48499,NM,2024-09-05
48500,ME,2024-03-25
48501,TX,2024-07-31
48502,FL,2023-02-20
48503,FL,2024-09-27
48504,NY,2024-12-12
48505,WA,2026-01-01
48506,NY,2023-06-16
48507,FL,2023-06-24
48508,TX,2023-01-22
48509,NY,2025-09-09
48510,GA,2025-04-24
48511,NC,2023-09-02
48512,CA,2023-05-17
48513,CA,2023-10-31
48514,MA,2023-03-31
48515,NH,2024-01-17
48516,MA,2023-06-16
48517,TX,2025-11-13
48518,CT,2025-09-30
48519,WV,2025-05-11
48520,NH,2023-04-05
48521,FL,2024-04-02
48522,TX,2024-06-13
48523,SC,2024-09-12
48524,IL,2025-06-14
48525,FL,2023-11-16
48526,OH,2024-11-22
48527,HI,2023-10-19
48528,MA,2024-12-02
48529,LA,2023-10-31
48530,NJ,2024-07-22
48531,OK,2023-09-01
48532,AL,2025-05-08
48533,MA,2024-02-29
48534,VA,2025-01-02
48535,NY,2023-03-29
48536,WA,2025-12-21
48537,MA,2024-02-17
48538,WA,2024-07-04
48539,TX,2024-08-16
48540,UT,2023-01-10
48541,MN,2025-12-15
48542,CA,2023-09-25
48543,GA,2024-01-21
48544,AZ,2024-08-07
48545,NY,2025-11-06
48546,WA,2023-02-04
48547,AL,2024-12-10
48548,NY,2025-09-29
48549,MN,2025-03-13
48550,NC,2024-04-07
48551,OR,2023-07-19
48552,CO,2023-10-17
48553,TN,2025-10-31
48554,FL,2023-01-10
48555,TX,2026-01-10
48556,CA,2025-06-04
48557,CA,2023-06-28
48558,VA,2026-01-17
48559,CA,2024-09-11
48560,MO,2024-05-28
48561,AZ,2025-02-08
48562,FL,2023-05-13
48563,NJ,2025-07-17
48564,MA,2023-11-21
48565,FL,2026-02-04
48566,OR,2024-07-15
48567,PA,2023-06-18
48568,MT,2025-08-27
48569,OH,2025-03-21
48570,CA,2025-03-27
48571,WA,2024-05-23
48572,CO,2023-05-26
48573,FL,2025-04-28
48574,MD,2026-01-23
48575,DE,2025-10-12
48576,NY,2025-09-19
48577,RI,2024-02-13
48578,PA,2025-08-08
48579,NY,2025-03-25
48580,LA,2025-09-07
48581,TX,2025-09-03
48582,IL,2024-08-27
48583,PA,2023-03-08
48584,CA,2024-12-11
48585,IL,2025-08-17
48586,NC,2025-07-27
48587,GA,2024-02-25
48588,GA,2023-12-07
48589,FL,2023-06-29
48590,MA,2025-10-16
48591,WA,2025-04-19
48592,CO,2024-01-21
48593,FL,2023-08-31
48594,IL,2023-05-18
48595,FL,2024-08-15
48596,VA,2023-05-06
48597,DE,2023-09-15
48598,KS,2026-02-25
48599,MO,2024-07-07
48600,CA,2024-08-29
48601,ND,2024-10-26
48602,NV,2023-06-19
48603,TX,2024-11-07
48604,AK,2023-12-27
48605,WA,2025-09-28
48606,IL,2024-07-02
48607,NY,2024-12-11
48608,MI,2023-05-14
48609,FL,2024-01-05
48610,NY,2025-05-12
48611,CA,2023-06-23
48612,MI,2025-12-05
48613,GA,2024-02-24
48614,WA,2023-10-24
48615,SC,2025-05-15
48616,OK,2025-04-14
48617,VA,2025-03-01
48618,IA,2023-11-13
48619,UT,2025-01-02
48620,TX,2026-01-06
48621,OH,2023-01-30
48622,KY,2025-11-10
48623,WA,2023-05-24
48624,MD,2025-04-09
48625,OK,2024-07-25
48626,CA,2024-09-18
48627,MD,2025-01-28
48628,TN,2025-07-10
48629,GA,2023-12-28
48630,IL,2024-06-14
48631,WA,2024-06-09
48632,CA,2023-03-04
48633,WA,2025-03-21
48634,FL,2023-07-14
48635,NJ,2024-11-13
48636,NV,2026-03-01
48637,NY,2025-05-02
48638,WV,2025-11-14
48639,IN,2023-03-15
48640,TX,2023-07-29
48641,LA,2023-08-13
48642,FL,2024-02-23
48643,CA,2024-02-13
48644,PA,2023-05-11
48645,WA,2025-08-04
48646,OH,2023-06-27
48647,NY,2023-10-18
48648,UT,2025-08-08
48649,MO,2023-05-26
48650,IA,2025-08-04
48651,WY,2025-11-19
48652,IN,2023-02-09
48653,CA,2025-11-19
48654,CA,2024-08-24
48655,FL,2025-04-12
48656,CA,2025-12-31
48657,NV,2025-11-01
48658,NY,2023-03-19
48659,NY,2026-02-01
48660,WA,2024-01-29
48661,TX,2025-11-26
48662,PA,2023-10-12
48663,PA,2026-02-01
48664,FL,2024-12-28
48665,AZ,2025-07-20
48666,MO,2024-08-13
48667,AZ,2023-12-31
48668,GA,2025-03-12
48669,TN,2024-08-07
48670,NY,2023-06-12
48671,NC,2025-03-05
48672,ND,2023-10-01
48673,NY,2024-10-19
48674,FL,2024-10-28
48675,AZ,2025-01-04
48676,AZ,2026-01-25
48677,CA,2024-05-19
48678,GA,2024-01-10
48679,MD,2025-01-05
48680,HI,2025-12-04
48681,CA,2026-01-31
48682,NJ,2025-10-14
48683,FL,2023-09-09
48684,OR,2025-11-05
48685,MT,2023-11-24
48686,NJ,2024-10-17
48687,IL,2025-04-02
48688,WA,2025-03-25
48689,MD,2023-03-14
48690,CA,2024-09-14
48691,NY,2026-01-27
48692,MS,2024-01-30
48693,WV,2025-05-12
48694,NV,2024-03-12
48695,MA,2024-09-24
48696,WV,2025-05-08
48697,TX,2023-07-18
48698,OR,2024-12-27
48699,OK,2023-12-22
48700,CA,2025-11-11
48701,AZ,2024-07-23
48702,CA,2025-10-07
48703,CA,2024-04-13
48704,LA,2023-11-24
48705,MN,2024-09-17
48706,IL,2024-07-20
48707,PA,2024-01-02
48708,NH,2023-06-29
48709,IN,2024-01-28
48710,CA,2025-09-01
48711,MA,2025-09-29
48712,NJ,2023-07-04
48713,FL,2023-04-29
48714,TN,2023-11-25
48715,CA,2025-04-25
48716,CA,2025-07-14
48717,NY,2025-05-29
48718,NY,2023-03-25
48719,FL,2025-10-03
48720,NY,2024-03-13
48721,MD,2024-10-24
48722,WA,2024-11-28
48723,WA,2023-11-20
48724,NV,2025-09-11
48725,TN,2023-07-09
48726,TX,2025-09-05
48727,TN,2024-07-25
48728,MA,2024-02-25
48729,CA,2025-03-12
48730,WI,2025-03-13
48731,MA,2024-10-22
48732,GA,2023-10-06
48733,TX,2024-07-06
48734,OH,2023-09-12
48735,FL,2024-04-21
48736,VA,2024-04-08
48737,IL,2024-05-19
48738,ME,2023-07-21
48739,NY,2024-04-09
48740,PA,2024-06-17
48741,FL,2025-11-29
48742,NY,2026-02-27
48743,MS,2023-06-21
48744,FL,2023-08-19
48745,GA,2023-08-25
48746,CA,2024-08-17
48747,CO,2023-01-10
48748,NY,2023-03-25
48749,CO,2025-07-08
48750,MA,2024-01-14
48751,PA,2025-12-04
48752,WA,2024-09-28
48753,NY,2024-05-16
48754,KS,2024-09-07
48755,TX,2023-02-09
48756,CA,2024-12-10
48757,NM,2025-09-19
48758,NY,2023-08-28
48759,CA,2024-07-15
48760,TX,2023-06-06
48761,MN,2025-08-11
48762,IL,2025-02-11
48763,CA,2024-05-30
48764,SC,2024-06-02
48765,CA,2025-09-02
48766,CA,2024-08-09
48767,VA,2023-07-06
48768,NY,2025-04-16
48769,NE,2025-06-05
48770,FL,2024-08-23
48771,WA,2023-01-30
48772,OR,2024-02-08
48773,CA,2025-09-16
48774,MI,2025-12-26
48775,WA,2024-07-26
48776,GA,2023-03-20
48777,KS,2025-08-13
48778,CT,2025-04-25
48779,WA,2025-03-28
48780,OR,2023-01-15
48781,MA,2025-12-10
48782,FL,2024-12-21
48783,CA,2026-02-18
48784,NC,2025-12-25
48785,CA,2025-11-15
48786,WA,2025-03-16
48787,NJ,2025-09-29
48788,TX,2025-06-11
48789,GA,2025-05-09
48790,SC,2025-01-16
48791,PA,2025-12-14
48792,PA,2024-10-10
48793,VA,2025-10-16
48794,PA,2025-02-22
48795,NH,2025-11-13
48796,NY,2023-08-02
48797,OR,2025-02-26
48798,PA,2023-03-03
48799,NJ,2023-02-21
48800,WA,2025-12-11
48801,ND,2023-10-26
48802,OR,2024-08-30
48803,WA,2024-10-11
48804,PA,2023-11-18
48805,CA,2023-11-23
48806,GA,2024-09-04
48807,MA,2023-01-15
48808,CA,2023-11-27
48809,PA,2024-08-18
48810,TX,2025-11-30
48811,TX,2023-03-01
48812,OH,2023-10-16
48813,MD,2025-03-30
48814,NY,2024-04-12
48815,WA,2024-01-13
48816,WA,2023-07-11
48817,OR,2024-01-29
48818,CA,2023-12-18
48819,FL,2024-09-03
48820,MD,2023-11-11
48821,CA,2024-07-23
48822,TX,2023-08-05
48823,NY,2023-01-09
48824,WA,2025-08-02
48825,MD,2023-03-22
48826,IA,2024-04-16
48827,TX,2025-02-01
48828,IL,2024-07-16
48829,CO,2024-03-04
48830,NY,2025-12-26
48831,IL,2024-01-05
48832,MI,2023-12-27
48833,AZ,2026-01-08
48834,TX,2025-08-14
48835,TX,2023-06-27
48836,NJ,2024-10-15
48837,TX,2024-10-11
48838,VA,2024-01-25
48839,WI,2025-02-09
48840,OR,2024-01-21
48841,NY,2025-04-23
48842,NY,2025-08-05
48843,GA,2026-01-29
48844,PA,2023-05-21
48845,PA,2024-06-27
48846,AL,2025-07-09
48847,IL,2024-05-13
48848,FL,2025-07-02
48849,TX,2023-05-18
48850,TN,2024-10-12
48851,CA,2024-08-20
48852,CA,2023-06-07
48853,AL,2023-01-06
48854,PA,2024-08-12
48855,PA,2023-02-27
48856,MA,2025-09-25
48857,FL,2025-06-10
48858,RI,2023-05-27
48859,CO,2025-08-14
48860,OH,2025-04-09
48861,GA,2025-09-08
48862,CA,2025-07-19
48863,NY,2026-02-25
48864,TX,2025-12-05
48865,PA,2025-03-13
48866,NY,2023-12-22
48867,NC,2026-01-29
48868,LA,2024-12-27
48869,FL,2023-04-11
48870,NC,2023-06-12
48871,TX,2024-07-11
48872,TX,2025-10-24
48873,TX,2025-02-01
48874,SC,2025-11-06
48875,MD,2023-12-08
48876,MN,2024-11-27
48877,SC,2025-09-07
48878,OR,2024-10-08
48879,TX,2025-08-01
48880,NJ,2025-05-09
48881,CO,2023-08-26
48882,OH,2025-04-24
48883,WA,2025-04-24
48884,IN,2026-02-25
48885,CA,2024-03-15
48886,OH,2025-10-07
48887,IL,2026-01-12
48888,MN,2023-06-12
48889,TN,2024-02-27
48890,WA,2023-01-23
48891,AZ,2024-01-30
48892,CA,2026-01-07
48893,MD,2026-02-14
48894,NY,2023-08-31
48895,CA,2023-05-09
48896,NY,2024-05-23
48897,CA,2025-07-06
48898,NC,2025-07-19
48899,WA,2024-02-17
48900,TX,2023-04-23
48901,GA,2025-07-01
48902,CA,2023-06-05
48903,CA,2024-02-29
48904,OR,2023-01-17
48905,RI,2024-05-30
48906,CA,2025-11-30
48907,MD,2024-10-07
48908,PA,2025-12-13
48909,NY,2024-12-12
48910,NY,2025-10-11
48911,MA,2025-05-22
48912,FL,2023-12-13
48913,TN,2024-09-30
48914,CA,2025-03-31
48915,PA,2024-09-27
48916,NY,2023-01-02
48917,ME,2024-02-08
48918,WA,2025-06-06
48919,IN,2025-05-23
48920,CA,2025-04-09
48921,MI,2026-02-10
48922,NY,2024-10-16
48923,SC,2023-07-19
48924,IN,2024-07-29
48925,FL,2024-05-24
48926,NC,2023-05-11
48927,MI,2023-12-13
48928,CO,2023-08-10
48929,CA,2026-02-20
48930,TX,2024-04-08
48931,OR,2023-02-09
48932,MI,2024-02-26
48933,MN,2025-09-06
48934,NY,2023-02-14
48935,VA,2023-07-09
48936,MI,2024-09-08
48937,SC,2025-06-06
48938,NY,2024-08-29
48939,CA,2023-01-24
48940,NY,2025-05-07
48941,GA,2024-05-14
48942,NJ,2024-04-29
48943,CA,2024-10-03
48944,CA,2024-06-21
48945,FL,2025-12-03
48946,CA,2025-09-23
48947,MI,2024-10-03
48948,FL,2025-02-17
48949,CT,2024-02-18
48950,CA,2025-04-08
48951,MA,2023-12-13
48952,TX,2023-04-17
48953,MI,2025-12-23
48954,FL,2024-08-28
48955,WA,2024-01-22
48956,TX,2024-01-18
48957,CO,2023-06-07
48958,CO,2023-04-11
48959,OR,2024-04-21
48960,TN,2024-09-25
48961,RI,2023-08-17
48962,MA,2024-08-16
48963,IL,2024-07-19
48964,WA,2026-02-10
48965,TN,2024-07-03
48966,VA,2024-01-21
48967,NC,2023-01-20
48968,PA,2024-04-08
48969,NY,2024-12-17
48970,MA,2023-07-25
48971,WA,2024-02-02
48972,IL,2024-05-20
48973,CA,2023-09-23
48974,MA,2025-10-26
48975,KY,2024-07-24
48976,NY,2025-03-25
48977,MA,2026-02-17
48978,CA,2025-02-10
48979,CA,2024-06-21
48980,CA,2024-06-27
48981,NJ,2025-08-09
48982,NY,2024-03-26
48983,CO,2025-06-04
48984,PA,2024-03-17
48985,PA,2026-02-27
48986,SC,2025-12-08
48987,NJ,2024-01-04
48988,TX,2024-02-09
48989,SC,2026-02-06
48990,VA,2024-12-17
48991,WI,2026-01-24
48992,WI,2025-06-17
48993,MA,2026-02-13
48994,OH,2023-12-17
48995,FL,2024-11-01
48996,NY,2024-01-20
48997,WA,2023-12-14
48998,NC,2024-05-17
48999,WA,2024-05-27
49000,NC,2025-04-27
49001,RI,2023-07-22
49002,TX,2023-02-05
49003,AZ,2024-11-29
49004,CA,2024-07-26
49005,TX,2023-11-28
49006,MD,2025-01-17
49007,CA,2023-04-29
49008,AZ,2025-02-27
49009,VA,2023-02-09
49010,PA,2025-08-25
49011,CA,2025-05-10
49012,OK,2025-04-26
49013,IL,2023-09-02
49014,NC,2023-06-19
49015,NV,2025-06-12
49016,WA,2024-04-27
49017,CA,2024-02-24
49018,MI,2024-10-12
49019,PA,2023-03-18
49020,NJ,2023-02-04
49021,CA,2023-10-20
49022,LA,2023-05-20
49023,RI,2025-09-14
49024,WV,2025-04-10
49025,OR,2024-01-10
49026,MA,2024-05-18
49027,MI,2024-04-10
49028,IL,2023-04-13
49029,TX,2024-12-09
49030,CA,2023-10-28
49031,WA,2025-04-17
49032,CA,2024-04-22
49033,MA,2024-04-23
49034,CA,2023-02-17
49035,AZ,2025-12-28
49036,CA,2024-07-06
49037,NY,2023-04-17
49038,TX,2025-02-18
49039,CA,2023-09-28
49040,MN,2023-08-01
49041,IL,2023-12-23
49042,TX,2024-12-21
49043,NH,2025-08-25
49044,NY,2025-07-14
49045,MN,2025-08-19
49046,IL,2026-01-18
49047,CA,2025-03-19
49048,PA,2025-12-22
49049,MA,2024-05-05
49050,KY,2025-11-28
49051,PA,2023-05-28
49052,FL,2024-04-23
49053,NJ,2023-06-15
49054,CA,2023-01-23
49055,MN,2025-06-26
49056,PA,2024-12-28
49057,MA,2026-01-26
49058,LA,2024-06-02
49059,MA,2023-09-27
49060,IL,2023-01-16
49061,OK,2023-08-09
49062,IN,2024-06-28
49063,TX,2024-07-16
49064,CA,2025-03-28
49065,NJ,2025-09-25
49066,NY,2024-07-28
49067,NY,2023-05-02
49068,FL,2024-06-22
49069,SC,2025-10-09
49070,NY,2023-06-03
49071,AZ,2023-02-27
49072,IL,2025-02-01
49073,MA,2023-08-28
49074,NC,2025-09-17
49075,WA,2024-02-03
49076,IL,2025-12-25
49077,CA,2024-03-25
49078,CO,2024-04-26
49079,MA,2024-03-06
49080,IL,2023-02-15
49081,PA,2024-10-10
49082,MN,2025-12-30
49083,FL,2024-07-21
49084,NY,2023-05-12
49085,CA,2024-01-16
49086,UT,2023-10-20
49087,PA,2025-05-07
49088,MD,2025-06-03
49089,FL,2025-12-06
49090,CA,2023-01-30
49091,PA,2025-12-05
49092,TN,2025-04-27
49093,NJ,2025-12-09
49094,IN,2025-02-26
49095,CA,2025-06-13
49096,VA,2023-03-29
49097,PA,2025-11-29
49098,AR,2024-06-27
49099,WA,2024-05-03
49100,RI,2023-04-07
49101,CO,2024-09-15
49102,NH,2025-01-19
49103,MN,2024-06-07
49104,NJ,2023-09-28
49105,OR,2024-11-30
49106,WA,2024-08-06
49107,GA,2023-01-27
49108,TX,2026-01-29
49109,CA,2024-11-23
49110,NY,2025-08-31
49111,AZ,2025-10-15
49112,CT,2024-07-04
49113,WA,2023-10-02
49114,OR,2024-09-20
49115,NY,2023-01-14
49116,WA,2024-12-28
49117,IL,2025-03-03
49118,ME,2023-04-21
49119,NY,2023-11-19
49120,WA,2025-05-17
49121,KY,2025-05-20
49122,TN,2023-08-05
49123,NY,2024-05-27
49124,FL,2024-02-11
49125,PA,2024-09-02
49126,OH,2026-01-03
49127,NY,2024-03-28
49128,NY,2025-01-11
49129,OR,2025-06-18
49130,CA,2025-07-28
49131,IN,2024-08-08
49132,NY,2025-08-26
49133,WA,2025-11-22
49134,FL,2025-10-14
49135,FL,2025-03-05
49136,WA,2023-01-28
49137,WA,2024-03-05
49138,TX,2023-04-17
49139,FL,2025-11-23
49140,IL,2024-08-30
49141,TN,2023-05-07
49142,NE,2024-09-27
49143,FL,2025-02-01
49144,CA,2025-06-29
49145,PA,2024-06-22
49146,CA,2024-12-14
49147,CA,2023-05-03
49148,TX,2023-03-30
49149,CA,2024-07-25
49150,IL,2023-03-13
49151,CA,2024-03-31
49152,SC,2023-10-20
49153,IL,2024-09-13
49154,NC,2026-02-23
49155,IL,2024-07-13
49156,OR,2025-10-09
49157,FL,2024-04-16
49158,TX,2023-09-26
49159,VA,2023-11-11
49160,PA,2025-06-19
49161,AL,2024-06-10
49162,MI,2025-04-22
49163,ID,2025-08-09
49164,MD,2025-09-03
49165,TX,2025-02-14
49166,VA,2025-09-13
49167,AL,2026-02-12
49168,CA,2024-10-08
49169,TX,2025-10-15
49170,NY,2024-01-07
49171,NY,2023-06-01
49172,CO,2024-09-30
49173,VA,2023-12-31
49174,HI,2024-05-29
49175,MO,2024-07-13
49176,NY,2025-07-24
49177,OH,2023-06-26
49178,NY,2024-12-14
49179,NY,2023-01-17
49180,OR,2024-06-02
49181,NY,2023-06-20
49182,CA,2023-05-14
49183,NY,2024-07-04
49184,OR,2025-06-10
49185,TX,2024-06-28
49186,VA,2023-05-31
49187,NY,2023-02-02
49188,IN,2026-01-17
49189,NY,2024-06-25
49190,CA,2025-02-15
49191,NY,2026-02-23
49192,NY,2025-12-30
49193,TX,2023-03-03
49194,TX,2025-01-15
49195,WA,2024-12-31
49196,TX,2025-09-10
49197,FL,2023-12-20
49198,CO,2024-09-28
49199,CA,2025-07-20
49200,CT,2025-09-01
49201,NY,2024-10-27
49202,MD,2025-08-17
49203,TX,2024-05-18
49204,CA,2025-12-26
49205,NY,2025-09-27
49206,MD,2025-08-02
49207,MN,2025-03-28
49208,MA,2023-03-16
49209,VA,2024-11-25
49210,NY,2023-07-07
49211,MO,2023-06-23
49212,WA,2025-08-16
49213,MI,2024-03-07
49214,NY,2025-12-21
49215,NC,2024-01-15
49216,NY,2023-08-23
49217,WA,2025-03-26
49218,FL,2024-07-19
49219,UT,2024-03-21
49220,NV,2023-06-10
49221,TX,2023-07-18
49222,NH,2024-09-20
49223,MA,2025-07-26
49224,CA,2026-02-20
49225,CA,2024-06-02
49226,WA,2025-07-24
49227,OR,2023-11-13
49228,FL,2023-05-22
49229,NY,2023-11-16
49230,OK,2024-07-20
49231,CA,2025-04-14
49232,MN,2026-01-18
49233,FL,2025-04-05
49234,SC,2024-08-28
49235,IL,2024-10-30
49236,ME,2023-12-11
49237,FL,2023-03-09
49238,MN,2023-09-08
49239,MA,2025-10-21
49240,LA,2023-11-18
49241,NY,2025-04-28
49242,GA,2025-09-27
49243,NC,2025-10-15
49244,MI,2024-06-18
49245,NC,2024-12-25
49246,MA,2025-01-02
49247,MD,2023-11-21
49248,NC,2025-10-20
49249,PA,2023-05-29
49250,TX,2023-07-18
49251,AZ,2026-01-10
49252,CA,2023-03-20
49253,PA,2024-12-29
49254,WA,2023-06-25
49255,CA,2023-12-02
49256,SC,2024-12-24
49257,MA,2024-05-07
49258,FL,2023-02-06
49259,PA,2023-04-25
49260,PA,2025-10-25
49261,WA,2025-07-17
49262,FL,2024-03-24
49263,MA,2025-01-21
49264,CA,2025-05-30
49265,OH,2023-01-07
49266,CA,2023-11-29
49267,VA,2025-05-24
49268,CO,2026-02-13
49269,FL,2024-09-28
49270,FL,2025-08-03
49271,NC,2024-12-15
49272,MI,2023-10-14
49273,AZ,2024-05-01
49274,MO,2023-10-25
49275,MA,2025-09-24
49276,VA,2025-05-31
49277,KY,2023-05-19
49278,MT,2024-10-27
49279,CA,2023-01-15
49280,MA,2024-03-19
49281,FL,2023-04-15
49282,IL,2025-03-06
49283,GA,2024-10-30
49284,WA,2023-08-27
49285,WY,2025-03-30
49286,TX,2024-09-13
49287,PA,2023-07-09
49288,AL,2023-09-15
49289,TX,2026-01-10
49290,MD,2023-07-12
49291,AL,2024-07-25
49292,TX,2024-02-02
49293,NY,2025-03-06
49294,NY,2023-02-13
49295,IL,2025-06-07
49296,NJ,2024-04-12
49297,CO,2023-10-17
49298,CT,2024-04-26
49299,FL,2023-06-16
49300,PA,2023-09-17
49301,GA,2025-01-16
49302,CA,2023-06-05
49303,FL,2024-12-05
49304,FL,2023-06-22
49305,OH,2025-04-19
49306,UT,2023-11-13
49307,CA,2023-11-12
49308,AL,2024-02-04
49309,NY,2023-04-22
49310,MA,2024-07-10
49311,IN,2024-10-08
49312,NY,2025-03-19
49313,IL,2025-02-16
49314,PA,2025-04-12
49315,WA,2025-09-25
49316,TX,2025-07-29
49317,OH,2024-02-14
49318,NY,2026-01-09
49319,PA,2024-05-20
49320,NJ,2023-01-30
49321,ID,2025-04-19
49322,CO,2023-08-09
49323,MO,2024-01-06
49324,IL,2023-01-24
49325,PA,2023-11-25
49326,CO,2025-03-15
49327,NJ,2023-09-18
49328,AZ,2024-12-28
49329,NE,2024-05-15
49330,WA,2024-07-17
49331,OR,2025-07-18
49332,NY,2025-10-24
49333,NY,2023-12-24
49334,CO,2024-12-12
49335,AZ,2023-03-14
49336,ME,2025-11-30
49337,GA,2024-05-10
49338,CA,2024-02-29
49339,OH,2023-04-05
49340,NC,2023-03-01
49341,FL,2023-01-25
49342,CA,2025-08-30
49343,UT,2024-12-09
49344,NY,2025-04-08
49345,NJ,2025-07-02
49346,AZ,2025-04-18
49347,VT,2023-12-28
49348,KS,2025-03-23
49349,GA,2025-09-19
49350,CA,2025-12-11
49351,CA,2025-11-20
49352,MS,2023-07-03
49353,NY,2023-04-27
49354,TX,2026-01-01
49355,KS,2023-05-04
49356,TX,2025-09-18
49357,CA,2025-04-09
49358,NY,2023-06-27
49359,IL,2024-11-08
49360,NJ,2025-10-30
49361,PA,2025-03-02
49362,NC,2024-09-01
49363,AR,2024-09-18
49364,NH,2025-09-13
49365,MA,2024-12-19
49366,TX,2023-04-01
49367,GA,2023-12-13
49368,NY,2024-09-30
49369,TX,2024-02-20
49370,RI,2023-08-25
49371,KY,2023-01-26
49372,TX,2024-04-27
49373,IL,2023-08-10
49374,CA,2024-10-17
49375,SC,2025-09-06
49376,CA,2025-07-14
49377,AZ,2023-11-25
49378,HI,2025-12-24
49379,NY,2024-10-28
49380,NC,2023-09-03
49381,TN,2025-09-06
49382,NY,2023-06-16
49383,KY,2023-06-12
49384,CO,2024-11-03
49385,NY,2025-04-25
49386,TX,2025-10-21
49387,OK,2023-06-27
49388,DE,2025-10-10
49389,LA,2025-05-20
49390,AL,2023-09-01
49391,NC,2024-11-22
49392,KY,2026-02-14
49393,CA,2023-01-07
49394,TX,2026-02-13
49395,RI,2023-09-12
49396,CA,2024-04-16
49397,WA,2024-06-19
49398,TX,2024-08-25
49399,MA,2024-07-04
49400,AZ,2025-08-15
49401,NY,2023-07-14
49402,NC,2023-07-23
49403,MA,2023-06-06
49404,WI,2025-08-27
49405,RI,2025-02-23
49406,UT,2025-06-23
49407,MD,2024-05-04
49408,NY,2024-05-20
49409,UT,2023-01-04
49410,NY,2024-10-22
49411,NY,2025-06-22
49412,SD,2024-07-11
49413,SC,2024-12-24
49414,CA,2026-02-07
49415,NY,2024-01-28
49416,CA,2025-08-31
49417,MO,2024-03-07
49418,NY,2023-04-10
49419,TX,2023-02-21
49420,IL,2025-10-23
49421,NY,2024-09-12
49422,SD,2025-12-22
49423,SC,2023-04-10
49424,CO,2023-07-03
49425,WA,2023-12-25
49426,TX,2024-06-16
49427,MD,2024-10-16
49428,NJ,2026-02-28
49429,TX,2025-10-30
49430,MO,2023-06-27
49431,LA,2024-12-19
49432,PA,2024-05-23
49433,UT,2026-02-23
49434,ID,2025-12-03
49435,MN,2025-12-14
49436,FL,2025-08-25
49437,HI,2023-09-29
49438,WA,2024-07-13
49439,NY,2025-12-10
49440,MD,2025-04-25
49441,WA,2024-03-03
49442,OR,2025-08-01
49443,ID,2025-01-23
49444,NY,2023-12-16
49445,FL,2023-10-18
49446,NY,2024-05-25
49447,TX,2023-12-17
49448,NJ,2024-06-30
49449,NE,2023-08-14
49450,ID,2024-11-09
49451,FL,2024-12-16
49452,WA,2024-03-04
49453,MN,2025-03-06
49454,LA,2024-12-23
49455,MA,2025-07-04
49456,AZ,2024-04-14
49457,PA,2024-06-06
49458,TN,2025-01-13
49459,IL,2023-01-20
49460,TX,2025-03-18
49461,TX,2025-05-03
49462,OH,2025-09-27
49463,OR,2024-02-17
49464,KS,2023-03-17
49465,NY,2024-02-24
49466,MN,2024-06-30
49467,TX,2024-09-10
49468,MA,2026-01-14
49469,NY,2024-08-17
49470,CA,2024-06-29
49471,MD,2023-11-26
49472,FL,2026-01-11
49473,WA,2025-03-29
49474,WA,2023-08-10
49475,MA,2025-10-20
49476,AZ,2024-06-21
49477,WA,2023-05-27
49478,MI,2025-10-11
49479,ND,2023-03-09
49480,CO,2023-11-01
49481,CA,2023-01-26
49482,CA,2023-11-19
49483,VA,2024-09-20
49484,TX,2026-01-28
49485,MN,2024-05-07
49486,OK,2024-10-23
49487,MD,2025-09-16
49488,MN,2023-01-29
49489,NC,2026-02-24
49490,AZ,2025-09-02
49491,AK,2026-02-18
49492,NJ,2025-04-04
49493,TX,2025-11-26
49494,MA,2023-02-16
49495,NY,2024-04-25
49496,WA,2024-12-04
49497,TN,2025-07-28
49498,WA,2024-08-25
49499,OK,2024-05-08
49500,NJ,2026-02-15
49501,WA,2023-06-22
49502,CA,2023-01-24
49503,GA,2026-01-14
49504,FL,2024-07-24
49505,CO,2023-09-16
49506,WI,2025-12-26
49507,MA,2025-11-03
49508,IL,2026-01-24
49509,MD,2024-04-01
49510,VT,2023-07-09
49511,NJ,2023-12-17
49512,FL,2024-02-28
49513,TX,2023-02-20
49514,MS,2024-12-13
49515,IL,2026-01-13
49516,FL,2025-10-30
49517,IL,2025-07-25
49518,MD,2024-05-06
49519,GA,2023-09-25
49520,NY,2023-07-31
49521,NY,2024-03-23
49522,CA,2024-01-19
49523,TX,2023-09-12
49524,FL,2023-12-19
49525,NY,2023-07-11
49526,AR,2023-01-14
49527,NC,2025-07-29
49528,IL,2025-05-30
49529,NY,2024-12-12
49530,AL,2025-04-28
49531,OK,2025-04-26
49532,NY,2025-06-16
49533,CO,2025-06-27
49534,NC,2024-02-23
49535,CA,2025-10-27
49536,PA,2025-09-08
49537,CA,2023-03-31
49538,DE,2024-06-01
49539,CA,2024-01-11
49540,TX,2025-11-27
49541,ME,2024-03-25
49542,TN,2025-11-21
49543,FL,2025-03-10
49544,MA,2025-06-17
49545,MN,2024-11-03
49546,IA,2023-01-07
49547,HI,2025-08-01
49548,OR,2024-08-23
49549,PA,2023-03-21
49550,MN,2025-07-07
49551,FL,2023-12-03
49552,MI,2023-12-19
49553,KS,2023-12-25
49554,IL,2025-02-15
49555,FL,2023-06-25
49556,FL,2025-01-29
49557,MA,2024-08-12
49558,TX,2024-02-24
49559,SD,2023-03-27
49560,TX,2025-03-31
49561,GA,2023-05-12
49562,AZ,2025-01-05
49563,PA,2023-02-18
49564,TX,2025-07-27
49565,VA,2025-08-21
49566,AZ,2025-11-02
49567,TX,2025-01-27
49568,IN,2023-12-24
49569,MA,2023-06-25
49570,CA,2024-10-31
49571,CA,2025-03-21
49572,CO,2024-11-01
49573,MA,2025-03-29
49574,NV,2024-10-20
49575,WA,2024-10-24
49576,CA,2025-05-31
49577,MA,2023-12-02
49578,CA,2024-09-05
49579,CA,2026-02-06
49580,FL,2024-07-09
49581,CO,2024-06-10
49582,TX,2023-08-24
49583,PA,2024-06-27
49584,NC,2025-07-14
49585,RI,2024-07-07
49586,NC,2025-02-05
49587,FL,2024-11-20
49588,CA,2024-08-20
49589,FL,2024-05-22
49590,MN,2025-11-06
49591,CO,2023-08-26
49592,GA,2024-03-20
49593,PA,2025-07-23
49594,WA,2024-12-21
49595,MA,2024-12-08
49596,OH,2025-12-31
49597,MA,2023-01-26
49598,NH,2023-03-30
49599,NJ,2023-08-23
49600,TX,2023-02-08
49601,NY,2023-02-13
49602,AZ,2023-12-26
49603,CA,2025-12-23
49604,TX,2025-07-23
49605,TX,2025-06-27
49606,LA,2023-10-11
49607,TX,2025-02-09
49608,AZ,2025-03-05
49609,OK,2023-11-27
49610,MT,2025-04-22
49611,CA,2025-04-12
49612,MO,2023-03-12
49613,WI,2023-05-17
49614,CO,2025-12-22
49615,NY,2024-08-11
49616,AL,2025-03-05
49617,FL,2024-06-13
49618,MS,2025-06-30
49619,NY,2025-09-16
49620,CO,2025-07-25
49621,MD,2024-08-10
49622,CA,2023-02-13
49623,TX,2025-04-12
49624,NC,2024-10-10
49625,AL,2023-04-23
49626,TN,2025-01-26
49627,TN,2025-10-29
49628,IL,2026-02-15
49629,AZ,2024-01-21
49630,NY,2023-07-25
49631,FL,2025-11-18
49632,TX,2024-08-07
49633,NE,2025-07-08
49634,AZ,2024-02-08
49635,AZ,2025-05-01
49636,CT,2024-05-22
49637,NY,2023-08-31
49638,NY,2023-08-22
49639,NC,2024-04-12
49640,SC,2024-12-20
49641,TX,2024-10-20
49642,CO,2026-01-26
49643,GA,2024-02-15
49644,CA,2023-10-24
49645,CA,2024-01-15
49646,FL,2024-04-18
49647,NY,2025-01-23
49648,MD,2023-01-21
49649,NY,2026-02-02
49650,FL,2026-01-28
49651,TN,2025-02-02
49652,CO,2023-03-24
49653,NY,2024-06-16
49654,PA,2024-04-15
49655,RI,2024-11-17
49656,SC,2024-12-03
49657,NM,2025-08-17
49658,FL,2025-04-02
49659,OH,2025-08-12
49660,WA,2025-03-08
49661,CA,2023-06-16
49662,MD,2023-10-01
49663,MA,2023-09-06
49664,WA,2024-01-17
49665,WI,2025-03-02
49666,SC,2024-10-13
49667,OR,2024-10-07
49668,WI,2023-02-26
49669,WA,2024-06-02
49670,NJ,2023-02-27
49671,NY,2023-11-05
49672,WA,2025-07-09
49673,IL,2023-08-12
49674,FL,2024-10-13
49675,PA,2026-02-09
49676,IL,2025-03-20
49677,CA,2023-09-04
49678,MI,2026-01-08
49679,MD,2024-06-07
49680,CO,2025-09-21
49681,WI,2023-06-01
49682,AZ,2025-03-11
49683,TX,2024-02-24
49684,IN,2023-05-12
49685,CA,2024-04-27
49686,CA,2023-02-25
49687,NY,2023-04-28
49688,PA,2024-01-05
49689,LA,2024-12-01
49690,NY,2024-06-03
49691,CA,2024-10-08
49692,FL,2025-08-01
49693,NY,2023-02-04
49694,NC,2024-08-13
49695,UT,2023-09-24
49696,WA,2024-08-21
49697,NJ,2023-09-12
49698,NJ,2024-09-01
49699,NY,2024-04-11
49700,CA,2025-02-22
49701,FL,2024-06-01
49702,MN,2023-08-21
49703,ID,2025-11-04
49704,NY,2023-11-25
49705,NY,2025-01-15
49706,NY,2024-07-31
49707,VA,2026-01-25
49708,ME,2023-08-18
49709,WA,2023-08-03
49710,NC,2023-05-21
49711,CA,2025-12-30
49712,PA,2025-04-04
49713,WA,2025-10-20
49714,VT,2024-12-25
49715,IL,2023-05-05
49716,WA,2025-05-30
49717,CA,2025-09-03
49718,WA,2025-05-13
49719,TX,2023-12-10
49720,CA,2023-07-18
49721,IN,2023-07-03
49722,NY,2025-12-21
49723,WA,2025-06-26
49724,IN,2023-05-22
49725,NJ,2024-09-21
49726,TX,2024-06-17
49727,GA,2024-05-07
49728,NJ,2024-09-16
49729,MD,2023-01-29
49730,MN,2023-12-16
49731,NJ,2024-11-29
49732,OH,2025-05-03
49733,NY,2024-06-10
49734,CA,2023-04-21
49735,CT,2023-09-04
49736,FL,2023-03-12
49737,OH,2023-04-23
49738,TX,2024-04-10
49739,ME,2025-04-08
49740,OH,2023-02-16
49741,WA,2025-03-04
49742,NJ,2024-08-03
49743,WA,2023-08-31
49744,CA,2024-03-31
49745,CA,2025-07-20
49746,FL,2023-07-02
49747,MA,2025-10-07
49748,MS,2025-08-23
49749,TX,2025-02-01
49750,NJ,2024-12-03
49751,NJ,2024-09-29
49752,NY,2024-09-24
49753,PA,2026-01-09
49754,CA,2023-10-22
49755,NY,2024-09-04
49756,MD,2023-06-08
49757,IL,2023-02-27
49758,MA,2023-10-02
49759,WA,2025-12-13
49760,MD,2025-10-22
49761,AZ,2025-11-11
49762,CO,2024-05-08
49763,FL,2023-06-15
49764,TN,2023-04-27
49765,NY,2025-02-13
49766,MA,2023-12-09
49767,TX,2023-10-16
49768,TX,2023-12-04
49769,DE,2026-02-18
49770,WA,2025-05-25
49771,IL,2023-11-11
49772,CA,2024-05-18
49773,IL,2023-05-20
49774,AZ,2024-04-29
49775,NY,2026-02-18
49776,CA,2023-09-14
49777,NY,2025-03-05
49778,MD,2023-09-04
49779,TX,2024-08-07
49780,OR,2024-03-24
49781,NV,2025-09-14
49782,OR,2024-12-20
49783,NJ,2025-05-30
49784,NY,2025-08-24
49785,FL,2023-06-18
49786,FL,2024-06-30
49787,NY,2024-11-12
49788,NC,2024-03-31
49789,NC,2025-01-21
49790,NY,2025-04-27
49791,WI,2026-02-08
49792,MD,2024-08-26
49793,FL,2023-10-18
49794,MN,2023-09-30
49795,TX,2024-11-17
49796,NY,2023-10-13
49797,MA,2025-01-25
49798,NC,2023-01-09
49799,CA,2025-03-01
49800,OH,2025-12-04
49801,MA,2025-12-24
49802,NY,2023-12-03
49803,NY,2024-11-16
49804,KY,2024-11-03
49805,MI,2025-10-30
49806,MA,2025-11-17
49807,KY,2023-10-10
49808,TX,2024-05-22
49809,CA,2025-01-28
49810,WA,2025-06-25
49811,GA,2023-05-30
49812,MI,2025-09-16
49813,GA,2025-07-23
49814,NC,2025-07-02
49815,AR,2023-11-13
49816,KS,2023-06-23
49817,PA,2023-09-02
49818,TX,2023-12-08
49819,MN,2023-01-09
49820,TX,2024-04-23
49821,NY,2023-01-22
49822,MT,2023-10-04
49823,FL,2025-07-19
49824,IL,2025-02-05
49825,SD,2025-07-13
49826,MI,2026-01-13
49827,MA,2023-02-22
49828,WA,2025-12-20
49829,MA,2024-11-05
49830,NY,2025-05-04
49831,MD,2024-02-28
49832,WI,2026-01-10
49833,CO,2024-07-24
49834,CT,2025-05-04
49835,MA,2025-02-07
49836,PA,2023-02-27
49837,NY,2023-07-01
49838,MN,2025-07-22
49839,CA,2024-02-13
49840,CA,2024-04-30
49841,NM,2023-01-07
49842,SD,2024-03-05
49843,NY,2024-09-21
49844,AL,2025-10-15
49845,IN,2026-01-23
49846,NJ,2025-10-21
49847,PA,2024-10-24
49848,MA,2024-04-02
49849,MD,2025-09-16
49850,MI,2026-01-06
49851,IL,2023-05-05
49852,TX,2025-04-22
49853,TX,2025-07-10
49854,CT,2023-11-18
49855,VA,2025-11-22
49856,NY,2025-10-01
49857,MN,2024-11-15
49858,VA,2024-12-21
49859,CO,2024-12-19
49860,MN,2023-11-08
49861,PA,2023-11-19
49862,IN,2025-07-06
49863,TX,2025-05-25
49864,NY,2023-02-12
49865,NC,2024-01-25
49866,TX,2025-06-25
49867,TX,2024-06-12
49868,TX,2023-08-16
49869,CA,2023-08-11
49870,NY,2024-05-18
49871,NJ,2023-06-25
49872,PA,2024-02-26
49873,CA,2025-05-01
49874,SD,2026-01-27
49875,CA,2025-05-25
49876,FL,2024-06-08
49877,UT,2025-05-08
49878,UT,2023-05-11
49879,DE,2023-07-31
49880,MA,2025-11-17
49881,MO,2023-10-29
49882,OK,2024-10-10
49883,CA,2024-03-21
49884,CA,2024-05-30
49885,WA,2025-12-11
49886,OH,2024-04-17
49887,TX,2024-11-02
49888,CT,2023-12-28
49889,NY,2024-06-14
49890,IL,2024-05-24
49891,TX,2024-07-06
49892,TX,2025-04-23
49893,TX,2024-09-01
49894,CA,2023-03-28
49895,WI,2024-09-11
49896,NC,2023-11-08
49897,TX,2023-10-02
49898,VT,2026-02-10
49899,MN,2023-11-18
49900,MA,2023-10-21
49901,TN,2024-07-04
49902,FL,2024-06-06
49903,NY,2025-05-30
49904,NV,2026-01-21
49905,NV,2024-06-16
49906,TX,2024-10-30
49907,OK,2024-08-27
49908,IL,2025-10-18
49909,ND,2025-09-26
49910,NV,2024-07-07
49911,NY,2024-10-13
49912,NJ,2023-01-02
49913,ID,2023-02-09
49914,CA,2026-01-30
49915,TX,2023-11-15
49916,OK,2024-11-03
49917,OH,2025-05-26
49918,CA,2025-07-30
49919,KY,2025-02-16
49920,NY,2024-05-03
49921,UT,2025-06-25
49922,NY,2025-11-05
49923,PA,2023-09-21
49924,FL,2025-12-06
49925,OR,2025-06-03
49926,NE,2024-11-16
49927,TX,2024-03-03
49928,AR,2024-08-26
49929,NY,2023-12-04
49930,CA,2023-09-02
49931,NY,2024-05-31
49932,MD,2023-03-13
49933,NY,2023-05-06
49934,TX,2024-05-31
49935,TX,2025-11-24
49936,TX,2023-01-23
49937,OH,2024-10-23
49938,IN,2023-04-27
49939,CT,2025-04-13
49940,NY,2024-11-06
49941,NY,2024-08-01
49942,CA,2023-01-28
49943,UT,2023-08-24
49944,MT,2025-09-09
49945,CO,2024-04-01
49946,NY,2025-09-05
49947,VA,2024-02-11
49948,IL,2023-07-20
49949,NJ,2023-08-20
49950,VA,2025-03-08
49951,FL,2025-05-04
49952,MA,2025-07-05
49953,FL,2025-05-29
49954,CA,2023-02-11
49955,CA,2026-02-02
49956,CA,2023-05-30
49957,NV,2025-01-29
49958,FL,2026-01-23
49959,MS,2023-02-19
49960,NJ,2025-05-27
49961,AR,2024-07-01
49962,OH,2025-08-28
49963,CA,2025-03-07
49964,CO,2024-09-01
49965,KY,2024-09-24
49966,NE,2023-02-19
49967,NY,2024-03-21
49968,TX,2025-10-27
49969,MA,2025-07-28
49970,WA,2025-11-26
49971,AZ,2024-05-29
49972,MA,2024-08-17
49973,CA,2025-02-09
49974,MA,2023-12-06
49975,AL,2024-09-05
49976,CA,2024-02-02
49977,MN,2023-01-04
49978,WA,2024-02-23
49979,DE,2024-11-05
49980,FL,2023-11-20
49981,FL,2026-01-06
49982,MN,2024-11-14
49983,TX,2025-11-09
49984,MI,2023-02-24
49985,KY,2025-02-20
49986,NY,2024-07-22
49987,NM,2023-12-06
49988,WI,2023-01-14
49989,LA,2025-12-10
49990,CO,2025-10-01
49991,CA,2023-02-27
49992,NV,2026-02-16
49993,CA,2025-05-04
49994,IL,2024-04-08
49995,NY,2024-07-13
49996,NY,2024-02-15
49997,PA,2024-12-12
49998,NY,2025-07-12
49999,IL,2025-09-04
50000,CA,2024-11-04
