customer_id,state,signup_date
1,MA,2023-03-28
2,FL,2025-05-30
3,VA,2025-07-18
4,MI,2023-06-09
5,NJ,2024-03-21
6,CO,2023-03-23
7,VA,2025-10-27
8,WA,2023-07-01
9,MA,2025-05-19
10,NC,2025-08-23
11,TX,2024-04-22
12,MA,2023-07-02
13,NJ,2023-06-23
14,NJ,2023-01-14
15,CO,2023-03-14
16,WA,2024-05-28
17,FL,2024-08-24
18,CO,2023-12-09
19,CO,2023-11-29
20,TX,2023-12-21
21,IL,2025-04-26
22,WA,2023-06-12
23,NY,2023-04-26
24,CO,2026-01-07
25,PA,2025-10-28
26,AZ,2025-11-12
27,IL,2025-03-01
28,NY,2024-06-26
29,PA,2024-02-18
30,WA,2024-11-12
31,CA,2024-10-03
32,PA,2024-10-30
33,NC,2023-01-22
34,IL,2025-08-26
35,VA,2023-11-26
36,PA,2025-11-11
37,GA,2025-06-20
38,CA,2024-12-24
39,NJ,2023-09-09
40,NJ,2023-07-24
41,MI,2025-04-11
42,NC,2025-03-01
43,PA,2025-12-20
44,PA,2024-04-09
45,MI,2024-01-29
46,AZ,2025-10-17
47,AZ,2024-10-21
48,MI,2025-06-30
49,AZ,2024-06-13
50,TX,2025-11-24
51,PA,2023-02-26
52,MA,2024-06-05
53,FL,2023-12-27
54,GA,2023-08-22
55,TX,2023-08-11
56,WA,2023-11-23
57,TX,2026-01-26
58,MA,2025-04-15
59,WA,2024-05-03
60,GA,2024-04-22
61,MA,2025-09-11
62,NY,2025-03-02
63,FL,2024-05-26
64,GA,2025-10-09
65,PA,2024-01-17
66,AZ,2024-03-27
67,NY,2026-02-16
68,NC,2023-08-02
69,GA,2024-07-18
70,NC,2025-01-01
71,WA,2024-03-14
72,NY,2025-01-24
73,FL,2024-09-20
74,PA,2025-06-21
75,MI,2025-12-01
76,PA,2024-01-30
77,MA,2023-09-04
78,PA,2025-06-23
79,VA,2023-09-05
80,CO,2024-08-21
81,MI,2025-05-14
82,TX,2023-03-25
83,AZ,2025-02-11
84,CA,2023-02-20
85,FL,2024-07-03
86,NY,2025-02-09
87,CO,2025-09-07
88,FL,2024-04-09
89,NY,2024-02-23
90,AZ,2023-03-28
91,IL,2023-09-16
92,IL,2023-11-07
93,NC,2023-06-22
94,FL,2025-07-28
95,IL,2024-05-19
96,VA,2023-11-25
97,MI,2023-07-15
98,NY,2023-03-03
99,NC,2025-11-14
100,PA,2024-07-15
101,NY,2025-06-15
102,NC,2025-12-11
103,AZ,2025-04-23
104,FL,2023-02-09
105,AZ,2024-12-28
106,MI,2024-04-01
107,MI,2025-05-27
108,CO,2025-02-26
109,AZ,2023-01-02
110,MA,2026-02-03
111,PA,2023-08-04
112,GA,2025-02-15
113,AZ,2024-11-09
114,CO,2024-02-18
115,WA,2023-07-29
116,VA,2025-12-17
117,NY,2023-02-12
118,MI,2023-05-18
119,WA,2024-09-29
120,CO,2024-04-13
121,NC,2024-12-26
122,GA,2023-07-21
123,PA,2023-07-11
124,PA,2023-04-17
125,PA,2023-11-23
126,VA,2025-01-19
127,GA,2024-10-05
128,VA,2023-12-23
129,MI,2024-08-17
130,VA,2024-05-15
131,CA,2024-04-12
132,GA,2024-05-22
133,MA,2023-04-16
134,GA,2025-12-25
135,CO,2023-07-14
136,CA,2023-02-16
137,PA,2025-10-05
138,CO,2024-06-20
139,CO,2025-04-26
140,MI,2024-12-09
141,NJ,2025-03-18
142,TX,2024-09-03
143,CA,2023-04-25
144,CO,2024-11-10
145,TX,2024-09-22
146,TX,2023-08-07
147,CA,2023-07-16
148,NJ,2024-02-05
149,WA,2025-01-18
150,NC,2024-11-11
151,MA,2023-03-17
152,NC,2023-10-14
153,GA,2025-05-10
154,PA,2025-01-11
155,MA,2023-10-21
156,GA,2025-03-19
157,CO,2025-06-04
158,PA,2024-02-18
159,NY,2024-03-06
160,CA,2026-01-24
161,MA,2023-06-20
162,MA,2024-06-27
163,AZ,2025-09-15
164,CO,2023-03-13
165,WA,2025-10-19
166,TX,2024-06-15
167,PA,2023-08-27
168,CO,2024-12-11
169,IL,2024-07-30
170,NJ,2026-01-17
171,TX,2024-12-13
172,CA,2024-10-03
173,TX,2024-08-12
174,WA,2023-07-09
175,MI,2025-03-22
176,AZ,2025-10-11
177,TX,2024-09-16
178,CA,2024-09-20
179,WA,2025-06-07
180,NC,2025-11-24
181,MA,2025-02-22
182,MI,2024-11-01
183,AZ,2024-12-22
184,MA,2024-06-09
185,NJ,2024-06-20
186,GA,2025-04-26
187,MI,2025-09-22
188,MI,2026-01-29
189,NC,2025-07-02
190,NC,2023-06-27
191,PA,2023-10-03
192,VA,2023-11-08
193,TX,2025-03-01
194,MI,2024-11-28
195,MA,2023-01-27
196,CA,2025-07-01
197,FL,2024-02-26
198,VA,2025-11-03
199,FL,2024-05-15
200,AZ,2025-06-26
201,WA,2023-11-21
202,MA,2023-10-12
203,MA,2026-01-17
204,VA,2025-12-04
205,MI,2024-05-12
206,NJ,2025-06-30
207,VA,2023-05-25
208,FL,2025-08-05
209,VA,2023-03-23
210,MA,2025-09-06
211,NJ,2026-02-02
212,TX,2024-05-02
213,IL,2023-03-23
214,PA,2023-04-04
215,NY,2023-12-09
216,NC,2025-03-07
217,VA,2023-12-27
218,AZ,2025-12-25
219,GA,2024-09-15
220,WA,2025-05-17
221,IL,2024-03-04
222,PA,2023-06-20
223,PA,2024-07-31
224,PA,2023-03-09
225,PA,2025-11-23
226,FL,2023-01-01
227,AZ,2023-05-31
228,AZ,2025-06-20
229,NJ,2023-09-15
230,NC,2025-01-19
231,MA,2024-09-19
232,PA,2025-03-05
233,GA,2023-01-19
234,MA,2023-02-04
235,AZ,2024-01-06
236,CA,2024-05-05
237,CA,2025-03-27
238,GA,2023-01-07
239,NJ,2024-07-02
240,AZ,2024-01-06
241,GA,2025-01-26
242,FL,2026-02-12
243,VA,2024-07-27
244,GA,2024-11-11
245,TX,2023-03-29
246,MA,2024-04-07
247,IL,2025-12-07
248,CO,2024-04-25
249,NJ,2025-04-02
250,GA,2024-06-07
251,AZ,2023-07-30
252,WA,2023-09-01
253,CA,2023-08-27
254,TX,2025-02-07
255,NC,2023-08-23
256,PA,2023-07-06
257,CO,2024-12-13
258,MI,2024-05-11
259,NJ,2023-07-06
260,IL,2025-07-24
261,CO,2023-11-09
262,GA,2025-03-29
263,FL,2023-01-22
264,CA,2023-03-09
265,AZ,2024-01-27
266,CA,2025-12-24
267,NC,2024-12-29
268,FL,2024-06-24
269,PA,2024-07-21
270,AZ,2025-06-18
271,MA,2023-07-31
272,NY,2023-07-19
273,TX,2025-09-13
274,CA,2023-06-27
275,WA,2025-07-19
276,CA,2023-02-13
277,CO,2023-06-17
278,CA,2023-10-14
279,NJ,2024-12-09
280,CA,2023-12-03
281,NY,2024-08-08
282,NY,2023-07-02
283,PA,2023-01-16
284,IL,2025-06-05
285,MA,2025-04-16
286,WA,2023-04-20
287,CA,2023-11-02
288,CA,2025-09-06
289,TX,2023-01-06
290,AZ,2025-04-22
291,NY,2023-12-27
292,WA,2024-10-17
293,PA,2026-01-28
294,NC,2026-01-18
295,IL,2025-09-10
296,MA,2024-12-24
297,FL,2026-01-09
298,MA,2023-04-25
299,NJ,2023-10-03
300,CO,2023-03-21
301,NJ,2023-06-28
302,CA,2024-07-14
303,MI,2024-05-23
304,IL,2023-09-17
305,CO,2023-10-19
306,WA,2025-06-03
307,FL,2023-10-18
308,NY,2024-06-25
309,IL,2025-02-02
310,IL,2025-12-22
311,NJ,2024-08-16
312,MI,2025-08-05
313,CA,2024-04-24
314,GA,2024-01-16
315,PA,2023-11-06
316,NJ,2025-12-15
317,IL,2025-04-26
318,VA,2024-02-29
319,TX,2024-10-22
320,FL,2023-08-14
321,PA,2023-01-25
322,NJ,2023-04-05
323,FL,2024-05-22
324,TX,2024-07-18
325,NC,2024-10-05
326,TX,2024-05-04
327,MI,2024-04-03
328,TX,2025-06-19
329,FL,2023-12-04
330,MA,2025-08-20
331,FL,2023-12-11
332,GA,2024-07-29
333,CA,2025-07-31
334,CO,2023-12-12
335,MA,2023-11-21
336,NY,2024-04-11
337,CO,2023-04-01
338,CA,2023-10-21
339,NJ,2024-06-07
340,PA,2025-04-29
341,GA,2023-09-16
342,GA,2026-01-15
343,NY,2023-07-05
344,MA,2023-12-10
345,MI,2025-03-31
346,AZ,2025-01-10
347,NC,2024-07-22
348,TX,2025-08-07
349,MA,2024-05-23
350,PA,2023-01-16
351,NC,2024-06-08
352,GA,2023-07-19
353,FL,2023-11-05
354,PA,2023-09-16
355,CA,2024-02-29
356,NY,2025-02-17
357,CA,2025-11-10
358,AZ,2024-09-30
359,PA,2025-07-08
360,WA,2025-10-08
361,WA,2023-12-16
362,NJ,2025-08-18
363,MA,2024-03-13
364,GA,2024-03-31
365,GA,2024-09-15
366,TX,2026-01-08
367,TX,2024-10-04
368,TX,2024-01-27
369,FL,2024-07-27
370,CO,2023-02-02
371,IL,2025-07-09
372,CO,2024-02-14
373,CA,2025-10-19
374,CO,2026-01-19
375,FL,2024-02-17
376,NJ,2023-10-26
377,CA,2023-03-14
378,CO,2023-09-18
379,FL,2024-11-20
380,IL,2025-08-16
381,CO,2025-01-01
382,FL,2024-11-15
383,AZ,2025-04-19
384,TX,2023-12-01
385,AZ,2025-01-01
386,GA,2025-03-14
387,TX,2024-01-25
388,GA,2025-01-29
389,VA,2025-06-01
390,NY,2025-08-29
391,AZ,2025-12-30
392,NY,2025-07-29
393,NY,2026-01-20
394,IL,2025-06-21
395,TX,2023-01-24
396,VA,2024-07-10
397,GA,2024-12-01
398,FL,2024-02-07
399,CA,2024-03-16
400,FL,2025-05-31
401,CA,2025-07-14
402,AZ,2024-04-29
403,WA,2025-12-26
404,FL,2023-01-31
405,CO,2023-11-18
406,CO,2024-07-19
407,MA,2023-01-10
408,TX,2024-11-08
409,CA,2025-04-30
410,CA,2025-07-15
411,PA,2023-10-12
412,NJ,2023-06-02
413,TX,2024-01-06
414,IL,2023-10-28
415,MA,2023-05-26
416,IL,2025-12-11
417,AZ,2024-12-02
418,AZ,2023-05-21
419,IL,2026-01-16
420,IL,2023-03-25
421,VA,2026-02-03
422,TX,2023-01-21
423,IL,2025-10-26
424,CO,2025-08-24
425,NJ,2026-01-15
426,NJ,2024-03-28
427,NY,2023-12-08
428,WA,2024-01-28
429,AZ,2025-09-29
430,CA,2026-02-10
431,PA,2025-08-28
432,MI,2023-06-07
433,CA,2025-03-21
434,WA,2024-11-29
435,PA,2023-06-15
436,VA,2023-02-03
437,TX,2023-09-12
438,FL,2023-10-29
439,TX,2023-08-08
440,CA,2025-11-21
441,CA,2025-07-23
442,PA,2024-05-23
443,PA,2025-08-10
444,AZ,2023-08-03
445,VA,2023-09-02
446,AZ,2023-01-20
447,WA,2023-07-29
448,IL,2024-03-01
449,TX,2025-09-26
450,PA,2025-09-07
451,GA,2023-03-13
452,WA,2023-06-27
453,CO,2023-10-26
454,VA,2023-09-23
455,CA,2024-06-03
456,AZ,2023-10-02
457,WA,2025-08-05
458,MI,2023-02-22
459,TX,2025-03-22
460,PA,2024-05-03
461,CA,2024-05-16
462,FL,2023-11-03
463,MI,2024-02-21
464,VA,2024-05-23
465,WA,2025-07-09
466,MA,2024-09-29
467,CA,2024-10-27
468,TX,2023-01-06
469,NY,2024-02-26
470,GA,2024-01-25
471,NC,2023-11-30
472,MI,2023-12-04
473,IL,2025-04-27
474,NC,2026-01-16
475,TX,2023-09-26
476,CO,2023-03-06
477,AZ,2024-11-08
478,CO,2025-12-23
479,NY,2024-10-18
480,MI,2025-02-19
481,IL,2023-11-25
482,MA,2024-06-01
483,NY,2025-05-11
484,MI,2024-02-25
485,NJ,2023-11-05
486,NC,2025-03-24
487,NY,2025-04-25
488,NC,2025-08-19
489,CA,2024-12-21
490,CO,2025-12-01
491,CA,2024-08-12
492,GA,2023-11-16
493,NJ,2025-10-07
494,IL,2024-03-20
495,MA,2023-10-13
496,VA,2023-06-20
497,NC,2023-09-20
498,MA,2025-07-30
499,NC,2023-05-22
500,TX,2024-09-19
501,NY,2024-08-15
502,GA,2024-02-20
503,CO,2023-01-25
504,VA,2024-09-18
505,PA,2023-04-04
506,NC,2023-11-01
507,MA,2023-07-04
508,GA,2023-10-10
509,FL,2024-11-16
510,VA,2025-05-12
511,FL,2024-11-15
512,CA,2024-10-27
513,CO,2025-11-03
514,AZ,2025-06-08
515,AZ,2025-03-26
516,PA,2023-12-07
517,TX,2024-08-26
518,MA,2025-01-03
519,MI,2025-03-29
520,PA,2025-06-25
521,NY,2026-02-05
522,NY,2024-06-23
523,MA,2024-03-14
524,MI,2025-09-14
525,IL,2024-10-27
526,TX,2024-01-19
527,GA,2024-08-04
528,NC,2023-06-09
529,MI,2024-03-07
530,AZ,2024-09-06
531,VA,2024-05-02
532,IL,2023-12-09
533,NC,2023-04-19
534,NC,2025-04-28
535,IL,2023-10-28
536,CA,2024-12-05
537,FL,2025-12-30
538,NC,2023-09-26
539,IL,2024-04-22
540,MI,2023-06-25
541,IL,2023-08-27
542,NJ,2025-06-11
543,PA,2024-09-01
544,WA,2025-05-08
545,CA,2024-05-06
546,CO,2023-04-09
547,WA,2023-11-25
548,PA,2024-03-20
549,PA,2025-09-24
550,PA,2023-10-22
551,WA,2024-03-17
552,MA,2025-03-05
553,FL,2025-06-09
554,IL,2023-01-31
555,VA,2026-02-28
556,FL,2024-03-13
557,AZ,2023-10-13
558,MI,2023-10-18
559,TX,2024-01-03
560,MA,2024-04-30
561,CO,2024-07-08
562,FL,2023-06-17
563,VA,2025-02-09
564,NY,2023-03-19
565,PA,2025-04-30
566,NC,2026-01-13
567,AZ,2025-06-10
568,TX,2024-10-22
569,CA,2024-08-11
570,CO,2025-01-31
571,MI,2024-07-18
572,TX,2025-03-22
573,PA,2023-10-29
574,NC,2023-10-20
575,MA,2023-10-21
576,NC,2023-04-19
577,WA,2023-12-31
578,NC,2024-08-22
579,WA,2024-11-08
580,AZ,2023-04-03
581,MA,2025-12-23
582,MI,2024-03-03
583,GA,2024-09-29
584,PA,2024-01-03
585,WA,2023-04-15
586,CA,2023-07-28
587,NC,2025-10-08
588,NC,2024-04-18
589,CA,2025-12-20
590,MI,2023-01-12
591,NY,2024-04-10
592,AZ,2024-10-10
593,IL,2026-01-02
594,GA,2025-05-24
595,CO,2024-01-21
596,VA,2025-06-02
597,WA,2024-07-08
598,CA,2025-11-28
599,VA,2024-10-15
600,MA,2025-05-14
601,MI,2025-09-15
602,WA,2023-12-19
603,IL,2024-05-28
604,VA,2025-03-14
605,MA,2023-12-09
606,TX,2023-12-02
607,PA,2023-01-24
608,NC,2025-06-03
609,TX,2023-04-14
610,WA,2024-07-27
611,IL,2025-02-13
612,GA,2025-06-05
613,VA,2023-08-31
614,AZ,2023-12-08
615,PA,2024-09-24
616,WA,2025-05-14
617,MI,2023-06-22
618,CA,2023-04-13
619,AZ,2023-06-09
620,AZ,2024-12-14
621,AZ,2024-07-10
622,FL,2024-07-29
623,WA,2023-07-15
624,PA,2025-09-15
625,NC,2025-07-22
626,NC,2023-03-11
627,WA,2025-04-22
628,MA,2023-09-04
629,FL,2023-11-25
630,CA,2023-06-07
631,AZ,2025-07-06
632,AZ,2024-11-28
633,WA,2025-01-12
634,MA,2024-08-07
635,NC,2023-02-24
636,NC,2024-04-30
637,IL,2024-02-14
638,WA,2025-08-17
639,FL,2025-06-23
640,NY,2024-12-27
641,FL,2025-11-04
642,MI,2023-05-27
643,NC,2025-11-14
644,NC,2023-11-29
645,TX,2023-10-17
646,NC,2024-07-23
647,CA,2025-03-01
648,CO,2025-06-27
649,WA,2026-02-19
650,VA,2023-01-27
651,FL,2025-12-25
652,CO,2026-01-29
653,MA,2025-07-14
654,NY,2024-01-23
655,CA,2026-01-22
656,PA,2025-12-26
657,NJ,2023-09-07
658,FL,2023-05-22
659,CO,2023-09-24
660,PA,2023-08-03
661,NY,2024-05-03
662,TX,2024-05-10
663,PA,2024-04-24
664,CA,2024-10-04
665,CA,2023-01-01
666,VA,2025-10-29
667,TX,2025-04-20
668,NJ,2024-01-15
669,WA,2025-04-23
670,PA,2023-10-29
671,TX,2024-10-11
672,CA,2025-03-19
673,CA,2023-12-05
674,CO,2025-09-25
675,NC,2024-10-27
676,NJ,2024-02-08
677,PA,2023-09-04
678,VA,2024-07-12
679,VA,2025-02-16
680,PA,2023-04-21
681,MI,2025-09-14
682,AZ,2025-03-23
683,NY,2025-07-18
684,VA,2025-06-04
685,TX,2025-06-27
686,NY,2025-03-01
687,TX,2023-10-19
688,MA,2023-06-24
689,CA,2023-04-19
690,NC,2025-08-19
691,CO,2025-04-27
692,VA,2025-11-03
693,NC,2024-11-23
694,NC,2025-08-21
695,NC,2023-02-12
696,AZ,2024-04-05
697,NY,2026-01-30
698,TX,2024-12-05
699,GA,2025-10-29
700,MA,2023-05-29
701,FL,2023-12-04
702,NC,2025-09-29
703,WA,2023-08-12
704,NY,2026-02-07
705,VA,2023-12-20
706,NJ,2026-01-12
707,VA,2024-07-08
708,CO,2023-03-07
709,FL,2024-09-12
710,GA,2026-01-14
711,WA,2023-03-25
712,VA,2023-08-15
713,GA,2025-06-10
714,FL,2025-10-09
715,NC,2023-01-20
716,WA,2025-11-24
717,GA,2025-01-24
718,CO,2025-07-29
719,TX,2023-09-27
720,CA,2024-02-10
721,TX,2023-10-31
722,FL,2025-10-05
723,NY,2025-03-20
724,CA,2025-11-18
725,MA,2024-01-26
726,CO,2025-06-27
727,MA,2023-05-22
728,AZ,2024-10-07
729,WA,2025-03-19
730,PA,2025-08-05
731,CA,2023-09-02
732,MA,2025-02-04
733,VA,2025-05-25
734,MA,2025-06-30
735,GA,2025-10-25
736,TX,2025-07-08
737,GA,2025-07-27
738,AZ,2024-03-24
739,CA,2023-09-23
740,CA,2023-09-07
741,AZ,2025-08-12
742,FL,2024-06-26
743,GA,2024-09-23
744,IL,2026-01-07
745,VA,2025-06-25
746,NJ,2024-06-04
747,TX,2025-06-02
748,CA,2025-01-03
749,FL,2023-05-24
750,PA,2026-02-17
751,VA,2025-08-01
752,GA,2024-07-18
753,TX,2023-03-11
754,PA,2024-09-24
755,GA,2025-06-07
756,MA,2025-03-11
757,PA,2023-06-29
758,AZ,2024-08-15
759,MI,2024-07-20
760,FL,2024-11-21
761,TX,2026-02-07
762,NC,2024-10-26
763,MI,2024-02-10
764,WA,2025-09-12
765,WA,2024-09-28
766,TX,2026-01-19
767,PA,2025-11-26
768,GA,2024-05-31
769,FL,2025-04-29
770,NJ,2025-06-26
771,WA,2023-11-12
772,FL,2023-01-27
773,WA,2023-02-24
774,MA,2023-09-06
775,GA,2023-09-30
776,MA,2023-07-10
777,VA,2024-07-28
778,WA,2025-05-06
779,NC,2024-09-07
780,NC,2025-10-14
781,MA,2024-11-03
782,AZ,2024-11-13
783,MI,2023-04-19
784,NC,2024-10-13
785,WA,2025-09-07
786,TX,2026-01-31
787,MA,2023-08-14
788,VA,2023-12-19
789,NJ,2023-05-25
790,NJ,2025-07-03
791,NY,2026-03-01
792,MI,2026-01-21
793,PA,2023-09-30
794,GA,2024-06-17
795,NC,2024-04-04
796,NC,2025-07-29
797,PA,2025-10-31
798,CA,2023-06-30
799,VA,2023-01-29
800,IL,2024-06-15
801,MA,2025-10-25
802,AZ,2023-05-20
803,VA,2025-11-17
804,CO,2023-04-08
805,NC,2023-09-19
806,GA,2023-01-19
807,NY,2023-01-12
808,NJ,2024-06-20
809,NC,2023-09-16
810,NY,2023-01-24
811,WA,2025-10-28
812,VA,2023-08-16
813,WA,2024-01-11
814,IL,2026-02-20
815,TX,2026-01-18
816,CO,2023-08-12
817,VA,2025-01-05
818,CA,2023-09-14
819,IL,2024-05-29
820,FL,2025-04-12
821,CA,2024-12-01
822,MI,2025-06-29
823,MA,2024-11-29
824,GA,2024-03-13
825,VA,2023-02-06
826,FL,2023-04-16
827,FL,2024-09-06
828,IL,2023-08-20
829,PA,2025-05-16
830,MI,2025-11-06
831,TX,2025-08-17
832,VA,2023-10-05
833,PA,2023-05-05
834,IL,2024-11-05
835,MA,2024-12-15
836,NJ,2024-10-28
837,NC,2025-07-01
838,NC,2024-01-30
839,TX,2025-02-11
840,MA,2023-07-05
841,AZ,2024-04-10
842,TX,2025-12-16
843,VA,2024-04-02
844,VA,2025-09-27
845,NY,2023-03-15
846,PA,2026-01-13
847,AZ,2024-09-23
848,NC,2025-11-03
849,FL,2025-04-19
850,PA,2025-06-30
851,CO,2025-03-04
852,VA,2023-02-18
853,MI,2025-08-23
854,GA,2023-12-25
855,MA,2023-08-30
856,CA,2025-12-12
857,TX,2025-12-28
858,VA,2023-02-25
859,PA,2025-05-28
860,AZ,2023-09-12
861,GA,2023-01-05
862,MI,2025-12-11
863,PA,2023-11-25
864,CA,2023-04-08
865,GA,2025-09-07
866,CO,2025-09-29
867,CA,2025-02-21
868,IL,2024-07-30
869,WA,2023-11-23
870,IL,2023-08-31
871,NC,2024-01-02
872,PA,2025-02-12
873,VA,2024-12-24
874,VA,2023-08-22
875,VA,2024-10-13
876,MI,2023-11-29
877,WA,2024-05-09
878,IL,2026-02-12
879,WA,2024-01-04
880,NJ,2026-02-27
881,PA,2023-04-05
882,WA,2025-06-25
883,FL,2026-01-29
884,TX,2025-03-12
885,TX,2023-07-27
886,FL,2024-08-29
887,GA,2024-04-17
888,NY,2025-10-28
889,MI,2023-05-16
890,GA,2024-09-01
891,CA,2025-06-29
892,AZ,2023-09-18
893,MI,2024-04-02
894,MI,2023-08-20
895,CA,2023-04-11
896,WA,2023-05-27
897,IL,2024-12-17
898,IL,2024-05-21
899,TX,2024-07-11
900,MA,2023-04-14
901,GA,2023-12-02
902,NJ,2024-03-21
903,PA,2025-01-03
904,NC,2024-03-19
905,CO,2023-04-28
906,IL,2025-07-17
907,PA,2024-12-23
908,CO,2024-07-20
909,PA,2023-03-29
910,WA,2024-04-20
911,CO,2023-10-22
912,NC,2024-12-20
913,PA,2025-09-21
914,FL,2025-04-23
915,NC,2024-11-16
916,CO,2024-09-30
917,NC,2025-08-18
918,PA,2025-07-23
919,NY,2025-06-08
920,PA,2025-07-02
921,PA,2026-01-15
922,WA,2024-02-10
923,GA,2025-12-23
924,FL,2023-04-29
925,NJ,2023-12-07
926,IL,2023-11-09
927,MI,2023-06-12
928,CA,2023-10-20
929,GA,2024-11-20
930,CA,2024-11-03
931,WA,2024-02-03
932,FL,2025-06-27
933,VA,2024-05-01
934,PA,2025-11-13
935,VA,2025-12-18
936,VA,2025-01-18
937,AZ,2023-08-28
938,TX,2023-11-07
939,VA,2023-11-17
940,IL,2024-11-02
941,NY,2024-07-25
942,TX,2024-02-18
943,WA,2024-02-06
944,MI,2023-02-28
945,GA,2023-02-22
946,NY,2025-12-23
947,NC,2024-09-24
948,CO,2026-02-16
949,AZ,2023-10-13
950,NY,2023-01-18
951,NJ,2025-10-25
952,VA,2023-06-09
953,WA,2023-05-22
954,MA,2024-02-01
955,CO,2025-11-07
956,CA,2024-08-02
957,IL,2026-02-11
958,CA,2024-06-17
959,NY,2025-06-29
960,MI,2024-04-05
961,CA,2023-10-13
962,NJ,2025-10-25
963,WA,2023-05-09
964,NC,2025-08-13
965,MI,2024-11-01
966,GA,2024-05-13
967,IL,2023-10-03
968,NJ,2026-01-11
969,NJ,2026-02-15
970,CA,2023-01-29
971,VA,2025-10-01
972,CA,2024-10-11
973,NY,2023-01-31
974,GA,2025-04-22
975,TX,2023-12-02
976,MI,2024-07-23
977,CA,2023-11-09
978,WA,2024-08-21
979,MA,2026-02-20
980,IL,2025-05-14
981,PA,2024-01-06
982,CA,2025-03-15
983,WA,2023-11-10
984,MI,2023-01-28
985,WA,2025-08-23
986,IL,2025-10-26
987,TX,2024-04-17
988,WA,2025-11-22
989,MA,2023-03-30
990,WA,2023-02-09
991,WA,2024-11-11
992,WA,2024-01-10
993,NC,2025-09-24
994,NC,2024-01-28
995,TX,2025-11-07
996,CA,2023-05-12
997,WA,2023-10-17
998,AZ,2025-03-16
999,GA,2023-07-28
1000,AZ,2023-11-23
1001,CA,2025-09-18
1002,TX,2024-05-17
1003,VA,2023-10-06
1004,VA,2025-02-26
1005,FL,2025-10-03
1006,AZ,2025-08-09
1007,CA,2023-10-04
1008,CA,2026-01-04
1009,CO,2023-10-25
1010,NY,2024-03-08
1011,PA,2025-10-06
1012,MI,2026-02-09
1013,CO,2025-12-31
1014,MA,2023-11-13
1015,NC,2025-11-10
1016,NC,2023-05-01
1017,NY,2024-10-14
1018,IL,2023-10-31
1019,IL,2025-07-24
1020,TX,2024-12-21
1021,NJ,2024-05-10
1022,NY,2023-07-04
1023,PA,2025-06-06
1024,CA,2025-03-18
1025,IL,2023-11-28
1026,PA,2024-12-13
1027,WA,2024-07-29
1028,AZ,2023-12-16
1029,AZ,2025-04-17
1030,NJ,2023-11-16
1031,GA,2024-06-20
1032,CA,2024-02-16
1033,MI,2025-06-24
1034,MI,2024-06-16
1035,MA,2024-05-16
1036,MI,2025-07-02
1037,WA,2025-12-27
1038,WA,2025-11-30
1039,AZ,2024-06-10
1040,NY,2024-12-11
1041,NJ,2025-01-19
1042,TX,2025-08-13
1043,MA,2023-04-22
1044,IL,2024-04-07
1045,PA,2023-02-21
1046,NY,2023-09-12
1047,IL,2023-10-27
1048,NY,2025-08-15
1049,NY,2024-03-02
1050,NY,2025-09-16
1051,AZ,2023-11-03
1052,MI,2023-04-09
1053,NJ,2023-05-01
1054,TX,2025-11-19
1055,MI,2023-08-18
1056,NY,2024-10-12
1057,FL,2025-11-20
1058,GA,2024-09-20
1059,IL,2025-08-05
1060,CA,2024-05-31
1061,CO,2025-04-24
1062,MI,2025-04-12
1063,PA,2025-03-30
1064,AZ,2025-03-21
1065,MA,2025-01-31
1066,NC,2023-11-15
1067,TX,2023-04-21
1068,CA,2025-03-17
1069,WA,2025-11-06
1070,VA,2024-05-01
1071,FL,2025-03-21
1072,NC,2024-05-31
1073,CO,2026-02-26
1074,CA,2025-04-14
1075,NC,2024-09-15
1076,CA,2025-11-13
1077,PA,2026-03-01
1078,FL,2024-07-09
1079,CO,2024-05-11
1080,WA,2025-06-06
1081,NY,2024-01-17
1082,IL,2023-08-04
1083,WA,2025-01-25
1084,NY,2024-06-26
1085,VA,2025-07-04
1086,AZ,2025-10-31
1087,NJ,2023-03-23
1088,NJ,2025-09-20
1089,NJ,2023-06-15
1090,TX,2023-07-27
1091,MI,2023-01-24
1092,GA,2025-03-17
1093,MA,2025-06-05
1094,MA,2024-11-21
1095,MI,2023-11-28
1096,NJ,2025-09-28
1097,IL,2023-08-29
1098,CO,2025-04-15
1099,FL,2023-06-30
1100,CO,2026-01-11
1101,FL,2023-03-31
1102,CO,2024-03-14
1103,GA,2024-06-26
1104,TX,2023-07-12
1105,TX,2024-05-02
1106,NJ,2024-09-03
1107,VA,2026-01-17
1108,NY,2025-08-12
1109,VA,2026-02-20
1110,NC,2025-12-06
1111,TX,2023-05-26
1112,TX,2025-10-23
1113,WA,2023-11-23
1114,WA,2025-09-14
1115,NY,2026-01-09
1116,PA,2023-06-02
1117,NC,2024-02-06
1118,VA,2025-03-30
1119,IL,2024-05-02
1120,WA,2023-03-08
1121,IL,2023-03-30
1122,CA,2023-07-21
1123,WA,2024-03-03
1124,GA,2025-07-28
1125,PA,2023-12-05
1126,NC,2023-03-20
1127,AZ,2024-01-13
1128,NY,2023-06-14
1129,CA,2025-01-18
1130,AZ,2025-07-25
1131,NC,2023-06-04
1132,VA,2026-02-20
1133,NJ,2025-11-29
1134,GA,2023-06-18
1135,NC,2025-12-29
1136,GA,2025-03-02
1137,MI,2025-09-29
1138,GA,2023-12-20
1139,IL,2023-11-24
1140,MI,2024-05-12
1141,CO,2023-12-11
1142,AZ,2024-10-04
1143,NJ,2025-02-27
1144,MI,2024-01-12
1145,VA,2024-03-09
1146,CA,2024-05-15
1147,NC,2026-01-13
1148,FL,2024-06-04
1149,CA,2024-07-15
1150,CO,2024-05-27
1151,CA,2024-05-30
1152,TX,2024-05-11
1153,VA,2024-08-24
1154,FL,2025-10-11
1155,MI,2024-10-28
1156,MI,2023-12-31
1157,MI,2025-08-24
1158,CO,2023-12-30
1159,IL,2023-04-18
1160,AZ,2025-11-03
1161,NC,2025-11-12
1162,PA,2024-09-14
1163,MA,2023-11-17
1164,AZ,2024-05-24
1165,CO,2024-11-02
1166,NY,2025-11-30
1167,VA,2023-10-31
1168,NC,2025-08-26
1169,AZ,2023-12-31
1170,NJ,2025-01-07
1171,CO,2025-09-15
1172,TX,2025-10-17
1173,MA,2023-06-01
1174,TX,2023-09-16
1175,MI,2024-12-07
1176,MA,2023-08-11
1177,AZ,2023-08-18
1178,NJ,2024-03-14
1179,MI,2023-05-30
1180,PA,2025-06-28
1181,VA,2025-09-04
1182,NY,2024-09-26
1183,NC,2024-02-03
1184,IL,2024-09-13
1185,TX,2023-05-23
1186,TX,2025-08-05
1187,MI,2025-12-29
1188,GA,2023-02-23
1189,MA,2025-04-23
1190,WA,2025-07-26
1191,PA,2024-07-05
1192,NC,2025-11-16
1193,MA,2023-10-26
1194,GA,2024-11-22
1195,CA,2024-07-11
1196,MA,2024-03-20
1197,IL,2023-04-08
1198,NC,2026-02-23
1199,AZ,2023-02-27
1200,PA,2023-06-26
1201,GA,2024-12-19
1202,CA,2024-10-27
1203,VA,2025-11-16
1204,FL,2023-11-19
1205,GA,2024-11-05
1206,FL,2025-04-25
1207,NC,2023-03-31
1208,TX,2023-05-11
1209,GA,2025-11-18
1210,VA,2024-10-23
1211,NY,2026-01-14
1212,MI,2023-02-27
1213,FL,2025-12-16
1214,MI,2025-09-20
1215,IL,2025-11-14
1216,NY,2023-07-09
1217,MI,2025-08-16
1218,CO,2023-03-17
1219,CO,2024-01-06
1220,CA,2025-06-17
1221,PA,2025-04-30
1222,TX,2024-05-20
1223,NC,2023-07-02
1224,GA,2023-06-03
1225,WA,2025-06-21
1226,IL,2025-11-12
1227,FL,2024-06-09
1228,NC,2024-08-28
1229,NY,2025-05-28
1230,NJ,2025-12-11
1231,CO,2023-12-05
1232,NJ,2025-11-30
1233,VA,2024-06-01
1234,IL,2024-02-11
1235,WA,2023-05-18
1236,GA,2026-01-27
1237,CA,2023-12-07
1238,WA,2024-06-25
1239,IL,2023-08-13
1240,WA,2023-09-18
1241,IL,2026-01-07
1242,IL,2024-11-27
1243,MA,2025-03-21
1244,FL,2024-04-17
1245,AZ,2023-03-18
1246,NJ,2023-09-19
1247,AZ,2025-10-22
1248,AZ,2023-01-17
1249,AZ,2023-12-10
1250,MI,2025-11-01
1251,CO,2025-07-28
1252,MA,2024-11-24
1253,GA,2025-04-25
1254,MA,2025-10-27
1255,TX,2023-09-03
1256,TX,2025-09-12
1257,MI,2023-06-23
1258,CO,2025-04-25
1259,WA,2024-11-23
1260,FL,2025-10-05
1261,CO,2023-10-08
1262,MI,2025-09-16
1263,IL,2023-08-25
1264,NY,2023-06-06
1265,FL,2025-10-19
1266,PA,2023-12-04
1267,NJ,2023-12-03
1268,FL,2025-02-09
1269,MI,2024-05-09
1270,IL,2024-06-30
1271,IL,2023-06-10
1272,CA,2024-08-27
1273,AZ,2024-01-22
1274,CO,2025-09-14
1275,IL,2023-08-22
1276,TX,2024-12-11
1277,AZ,2024-04-03
1278,GA,2024-02-17
1279,NY,2025-11-07
1280,MI,2023-03-13
1281,NJ,2024-01-13
1282,CO,2024-11-12
1283,NC,2025-04-13
1284,TX,2023-05-31
1285,VA,2026-01-08
1286,PA,2026-02-03
1287,WA,2024-12-20
1288,IL,2023-05-10
1289,NC,2024-02-10
1290,IL,2025-11-22
1291,FL,2024-06-19
1292,TX,2023-07-16
1293,FL,2025-07-05
1294,CA,2025-12-05
1295,FL,2023-10-01
1296,CA,2023-05-13
1297,PA,2023-09-21
1298,MI,2024-01-02
1299,CA,2025-04-04
1300,NC,2023-01-05
1301,AZ,2023-09-26
1302,IL,2025-04-30
1303,WA,2025-01-02
1304,AZ,2023-03-10
1305,NJ,2025-03-10
1306,MI,2023-12-24
1307,FL,2023-11-21
1308,VA,2025-01-20
1309,NJ,2023-09-13
1310,TX,2024-02-23
1311,CA,2023-07-30
1312,IL,2025-06-29
1313,NY,2024-08-06
1314,CO,2024-07-30
1315,NC,2023-06-15
1316,WA,2023-08-02
1317,MA,2024-06-12
1318,NC,2026-02-26
1319,PA,2023-01-03
1320,NY,2025-06-13
1321,VA,2025-06-14
1322,CO,2025-12-29
1323,NY,2023-02-21
1324,FL,2024-03-12
1325,CA,2025-10-18
1326,MI,2023-04-04
1327,WA,2024-08-09
1328,GA,2024-08-25
1329,CA,2023-03-27
1330,GA,2024-06-01
1331,NJ,2025-01-11
1332,MI,2024-03-05
1333,CO,2025-05-12
1334,IL,2025-04-08
1335,MA,2023-02-12
1336,TX,2024-02-08
1337,AZ,2023-06-18
1338,MI,2023-07-22
1339,CA,2024-12-06
1340,WA,2024-06-26
1341,AZ,2023-04-12
1342,PA,2023-12-12
1343,PA,2024-08-25
1344,NY,2024-03-17
1345,AZ,2023-09-07
1346,WA,2025-05-27
1347,CO,2026-01-17
1348,NJ,2024-11-01
1349,GA,2026-02-27
1350,NY,2023-09-05
1351,PA,2024-10-13
1352,TX,2025-06-19
1353,TX,2023-04-01
1354,CA,2024-07-21
1355,CO,2024-07-01
1356,IL,2023-03-21
1357,PA,2025-07-22
1358,VA,2025-09-07
1359,CO,2025-05-19
1360,NJ,2023-06-18
1361,GA,2026-01-21
1362,WA,2024-09-15
1363,AZ,2024-01-14
1364,PA,2023-07-13
1365,AZ,2023-09-21
1366,TX,2024-06-04
1367,WA,2025-07-07
1368,WA,2024-04-23
1369,WA,2026-02-26
1370,TX,2024-07-27
1371,NJ,2025-04-22
1372,AZ,2026-01-16
1373,NC,2025-06-14
1374,AZ,2026-01-11
1375,FL,2024-05-31
1376,GA,2025-10-20
1377,VA,2025-06-14
1378,NC,2024-04-09
1379,GA,2024-09-04
1380,NY,2024-08-27
1381,CO,2024-09-12
1382,CO,2025-09-26
1383,MA,2024-07-08
1384,CO,2023-05-16
1385,AZ,2023-11-26
1386,TX,2025-08-12
1387,VA,2024-01-30
1388,IL,2023-06-05
1389,CA,2025-11-28
1390,MA,2025-05-19
1391,MI,2024-06-21
1392,MI,2025-12-05
1393,CA,2024-10-29
1394,GA,2023-09-01
1395,CA,2024-06-30
1396,CA,2024-03-25
1397,MI,2023-10-05
1398,MA,2025-01-23
1399,NY,2024-02-10
1400,AZ,2025-02-09
1401,WA,2025-12-05
1402,CO,2025-01-18
1403,CO,2025-02-10
1404,TX,2023-08-26
1405,MA,2023-07-20
1406,TX,2025-01-15
1407,IL,2023-08-20
1408,IL,2024-12-24
1409,TX,2024-12-25
1410,MA,2023-03-28
1411,TX,2024-12-03
1412,CO,2025-03-30
1413,NC,2023-02-23
1414,FL,2025-12-01
1415,MI,2025-01-11
1416,MI,2024-11-24
1417,VA,2024-03-11
1418,CA,2024-08-16
1419,FL,2024-03-17
1420,AZ,2023-06-16
1421,MA,2024-07-19
1422,NJ,2023-03-14
1423,FL,2024-12-25
1424,VA,2025-08-05
1425,IL,2023-09-27
1426,GA,2023-08-07
1427,CA,2024-06-30
1428,VA,2026-01-06
1429,WA,2023-11-04
1430,NJ,2024-02-25
1431,MA,2025-04-28
1432,CA,2025-06-04
1433,AZ,2024-04-06
1434,FL,2024-08-07
1435,IL,2025-07-04
1436,NY,2023-02-07
1437,NC,2024-03-01
1438,WA,2024-03-09
1439,NJ,2025-11-20
1440,NC,2023-07-24
1441,CA,2024-12-05
1442,IL,2025-01-11
1443,IL,2023-02-09
1444,VA,2025-04-20
1445,MI,2025-06-24
1446,MI,2023-06-17
1447,FL,2024-10-03
1448,VA,2026-01-10
1449,CO,2024-11-17
1450,FL,2024-08-22
1451,CO,2023-04-12
1452,MI,2025-01-29
1453,VA,2024-12-18
1454,CO,2023-03-30
1455,WA,2023-12-11
1456,VA,2025-03-10
1457,MI,2024-08-30
1458,FL,2023-06-08
1459,PA,2026-02-11
1460,VA,2024-06-19
1461,NY,2023-06-12
1462,NJ,2023-10-13
1463,MI,2025-05-14
1464,TX,2023-02-24
1465,TX,2024-07-29
1466,FL,2023-02-02
1467,FL,2024-07-11
1468,NC,2024-12-31
1469,NJ,2025-09-19
1470,NJ,2025-03-11
1471,WA,2023-07-15
1472,FL,2024-03-23
1473,NJ,2025-07-13
1474,AZ,2023-04-02
1475,NC,2024-08-30
1476,CO,2023-10-13
1477,IL,2025-05-23
1478,IL,2023-04-12
1479,CO,2023-05-20
1480,MA,2025-04-14
1481,MI,2023-09-23
1482,NC,2024-07-26
1483,AZ,2024-06-18
1484,NJ,2024-06-06
1485,PA,2023-01-16
1486,NC,2024-07-14
1487,VA,2025-05-27
1488,CO,2023-12-02
1489,AZ,2025-06-28
1490,NY,2023-06-19
1491,GA,2025-07-01
1492,CA,2023-04-29
1493,MI,2025-12-01
1494,CO,2025-10-09
1495,PA,2023-01-10
1496,NJ,2024-03-05
1497,PA,2023-02-18
1498,PA,2023-07-26
1499,FL,2024-05-28
1500,FL,2023-02-06
1501,WA,2023-08-06
1502,CO,2023-06-29
1503,WA,2023-05-10
1504,CO,2024-09-02
1505,MI,2024-10-20
1506,NC,2023-12-25
1507,CA,2024-09-18
1508,PA,2025-10-24
1509,MI,2026-01-11
1510,NC,2024-05-20
1511,GA,2025-03-28
1512,IL,2025-03-04
1513,TX,2025-04-18
1514,VA,2024-09-14
1515,AZ,2024-09-20
1516,CO,2023-04-07
1517,GA,2025-03-29
1518,IL,2024-08-21
1519,NJ,2025-07-22
1520,MA,2024-03-04
1521,CA,2026-02-23
1522,AZ,2024-06-26
1523,WA,2024-01-02
1524,WA,2025-12-04
1525,NC,2023-02-21
1526,AZ,2024-07-17
1527,FL,2024-05-13
1528,IL,2025-09-03
1529,MA,2023-11-19
1530,GA,2024-07-09
1531,CA,2023-08-07
1532,MI,2024-06-17
1533,IL,2024-10-03
1534,MA,2024-06-02
1535,TX,2023-02-13
1536,CO,2023-03-06
1537,MI,2023-09-03
1538,WA,2025-09-13
1539,MI,2025-12-30
1540,GA,2023-06-07
1541,WA,2025-07-26
1542,GA,2025-11-14
1543,NC,2025-04-04
1544,FL,2023-06-09
1545,GA,2025-03-28
1546,WA,2025-10-01
1547,NC,2023-03-16
1548,GA,2023-05-18
1549,TX,2024-04-23
1550,MI,2024-07-06
1551,FL,2024-01-22
1552,GA,2024-04-16
1553,NC,2023-11-05
1554,NJ,2025-06-05
1555,IL,2024-12-01
1556,NY,2025-09-26
1557,MA,2025-08-09
1558,NY,2025-12-14
1559,NJ,2025-02-24
1560,NY,2023-11-01
1561,NJ,2023-04-12
1562,CA,2025-02-13
1563,NJ,2025-12-08
1564,NJ,2024-07-25
1565,PA,2023-05-28
1566,NJ,2024-08-19
1567,TX,2025-09-04
1568,IL,2025-12-06
1569,CO,2024-05-13
1570,GA,2023-06-04
1571,MA,2023-08-18
1572,FL,2023-06-07
1573,IL,2025-07-11
1574,WA,2024-07-21
1575,CO,2023-10-26
1576,CA,2025-12-13
1577,CA,2025-02-04
1578,VA,2024-07-18
1579,MI,2024-04-11
1580,NJ,2024-04-30
1581,IL,2024-03-19
1582,NC,2025-06-23
1583,PA,2025-05-12
1584,NY,2025-07-14
1585,WA,2023-10-19
1586,CA,2025-01-21
1587,MA,2025-05-24
1588,CA,2024-10-24
1589,FL,2026-02-21
1590,GA,2025-07-08
1591,CA,2025-06-27
1592,FL,2023-05-04
1593,IL,2023-03-09
1594,IL,2024-04-19
1595,PA,2023-12-24
1596,MI,2024-06-04
1597,VA,2025-04-12
1598,CO,2024-09-15
1599,CA,2024-03-02
1600,MA,2025-10-05
1601,CA,2024-03-18
1602,VA,2024-08-23
1603,AZ,2026-01-23
1604,MA,2025-01-31
1605,TX,2025-08-12
1606,NJ,2024-05-01
1607,CO,2025-01-08
1608,TX,2024-10-09
1609,AZ,2025-06-14
1610,AZ,2023-01-05
1611,VA,2024-09-23
1612,CA,2025-05-26
1613,VA,2025-09-12
1614,VA,2023-01-26
1615,AZ,2023-06-11
1616,CO,2025-01-14
1617,TX,2026-02-27
1618,NY,2024-06-16
1619,CA,2025-06-01
1620,AZ,2024-02-14
1621,TX,2026-01-01
1622,MI,2025-05-04
1623,NY,2026-02-03
1624,NY,2025-06-19
1625,IL,2023-01-09
1626,PA,2023-02-19
1627,CA,2024-03-17
1628,NY,2023-02-05
1629,AZ,2023-04-28
1630,IL,2024-12-02
1631,TX,2025-01-23
1632,MI,2023-08-18
1633,FL,2024-07-13
1634,CA,2023-07-27
1635,CO,2025-12-20
1636,VA,2026-02-14
1637,MA,2023-08-27
1638,MA,2025-05-16
1639,TX,2023-02-17
1640,NC,2025-01-26
1641,NC,2024-05-31
1642,TX,2023-07-24
1643,AZ,2023-03-31
1644,NY,2024-05-14
1645,PA,2026-02-05
1646,CA,2025-11-09
1647,MA,2023-01-07
1648,MA,2023-11-18
1649,PA,2023-09-25
1650,NY,2023-10-23
1651,MA,2024-07-23
1652,VA,2023-09-21
1653,CO,2023-03-31
1654,CA,2025-05-02
1655,GA,2024-05-02
1656,MA,2024-02-05
1657,TX,2023-12-23
1658,CO,2025-01-24
1659,MA,2024-05-13
1660,NJ,2025-04-13
1661,MI,2024-03-10
1662,VA,2023-04-29
1663,CO,2025-12-06
1664,IL,2025-10-19
1665,GA,2023-12-14
1666,MI,2024-06-22
1667,WA,2024-06-13
1668,TX,2023-10-30
1669,TX,2023-07-21
1670,CA,2023-06-05
1671,PA,2023-01-14
1672,MI,2025-11-09
1673,CO,2025-01-25
1674,NY,2025-06-07
1675,TX,2024-03-20
1676,CO,2023-05-02
1677,AZ,2023-07-03
1678,CO,2024-11-01
1679,AZ,2023-02-18
1680,NJ,2023-06-30
1681,FL,2023-05-21
1682,FL,2024-06-13
1683,WA,2024-08-06
1684,IL,2024-04-15
1685,WA,2023-05-23
1686,AZ,2024-12-07
1687,MI,2023-10-21
1688,MA,2024-02-26
1689,NY,2024-07-17
1690,MA,2024-02-21
1691,NC,2024-10-22
1692,MA,2025-07-01
1693,CA,2026-02-04
1694,MA,2023-02-28
1695,WA,2025-10-12
1696,TX,2023-09-15
1697,VA,2025-03-03
1698,TX,2024-06-14
1699,FL,2023-06-15
1700,VA,2025-11-14
1701,PA,2023-01-04
1702,NY,2023-01-03
1703,NY,2024-02-22
1704,CA,2023-12-28
1705,MI,2025-06-24
1706,WA,2024-01-04
1707,FL,2024-06-22
1708,NJ,2025-05-29
1709,NC,2023-12-12
1710,MI,2024-12-31
1711,NY,2025-06-15
1712,TX,2025-12-03
1713,MA,2024-12-24
1714,MA,2024-07-17
1715,PA,2023-07-21
1716,FL,2023-11-17
1717,WA,2024-04-08
1718,WA,2025-10-31
1719,IL,2024-09-24
1720,AZ,2023-11-29
1721,GA,2023-01-15
1722,NY,2025-12-16
1723,WA,2025-12-23
1724,PA,2023-08-18
1725,TX,2023-01-11
1726,FL,2024-06-25
1727,NC,2024-06-05
1728,IL,2025-12-13
1729,PA,2025-02-05
1730,CO,2024-10-02
1731,CA,2024-07-23
1732,NC,2024-02-09
1733,AZ,2024-12-07
1734,CO,2025-07-17
1735,NJ,2026-01-17
1736,AZ,2024-08-15
1737,MA,2023-07-05
1738,CA,2025-06-13
1739,NY,2023-03-20
1740,TX,2023-05-25
1741,CA,2023-01-14
1742,AZ,2023-01-02
1743,GA,2024-05-30
1744,CO,2025-01-25
1745,NY,2023-03-07
1746,VA,2023-09-03
1747,GA,2024-07-25
1748,MA,2024-03-11
1749,GA,2023-12-19
1750,IL,2024-11-09
1751,IL,2024-01-18
1752,NJ,2025-12-19
1753,AZ,2024-04-14
1754,FL,2026-01-11
1755,NC,2023-03-15
1756,NC,2023-01-26
1757,VA,2025-04-14
1758,VA,2024-09-19
1759,NY,2025-02-12
1760,MA,2025-10-05
1761,WA,2023-09-23
1762,NJ,2024-07-03
1763,IL,2023-03-18
1764,NY,2025-12-08
1765,WA,2025-10-10
1766,NC,2025-12-31
1767,FL,2024-03-22
1768,GA,2024-05-20
1769,IL,2025-09-22
1770,NY,2025-05-19
1771,CA,2023-10-26
1772,WA,2025-01-03
1773,GA,2025-12-19
1774,IL,2023-06-06
1775,NC,2023-12-08
1776,PA,2025-08-31
1777,MA,2025-06-12
1778,WA,2025-11-24
1779,NC,2025-07-05
1780,IL,2025-11-17
1781,WA,2023-11-10
1782,NJ,2024-04-19
1783,GA,2024-08-19
1784,MI,2024-09-27
1785,IL,2024-03-20
1786,NJ,2024-02-21
1787,CO,2024-03-14
1788,NY,2023-06-14
1789,PA,2024-02-24
1790,VA,2025-09-14
1791,GA,2024-04-26
1792,WA,2024-05-31
1793,MA,2023-03-23
1794,NC,2023-04-29
1795,VA,2023-01-28
1796,CA,2025-02-19
1797,NC,2024-05-12
1798,WA,2024-06-20
1799,PA,2024-06-02
1800,AZ,2023-07-13
1801,NC,2024-08-14
1802,AZ,2024-03-17
1803,NY,2025-11-25
1804,PA,2023-09-15
1805,IL,2023-04-23
1806,NJ,2023-01-14
1807,CA,2025-06-29
1808,TX,2023-05-20
1809,WA,2026-01-25
1810,FL,2024-11-27
1811,TX,2025-05-19
1812,NC,2023-07-08
1813,VA,2023-03-23
1814,WA,2025-08-15
1815,NJ,2025-06-16
1816,CO,2025-08-24
1817,NJ,2026-02-02
1818,FL,2024-01-16
1819,CA,2024-12-22
1820,NJ,2023-11-25
1821,MA,2023-03-13
1822,CO,2023-05-13
1823,TX,2026-01-06
1824,IL,2024-07-23
1825,NY,2024-04-05
1826,MA,2023-05-05
1827,MI,2025-10-31
1828,CO,2025-07-29
1829,IL,2023-01-27
1830,IL,2023-07-26
1831,WA,2023-11-08
1832,CO,2024-01-17
1833,CA,2023-10-23
1834,NC,2024-02-06
1835,FL,2023-05-02
1836,MI,2025-01-20
1837,FL,2023-04-16
1838,TX,2025-03-01
1839,TX,2025-11-25
1840,FL,2023-03-13
1841,NJ,2024-07-21
1842,CA,2023-03-17
1843,AZ,2024-12-22
1844,NJ,2025-10-06
1845,VA,2023-08-16
1846,NJ,2024-03-28
1847,NY,2025-02-04
1848,GA,2024-05-01
1849,NC,2024-10-29
1850,NY,2025-04-09
1851,WA,2025-03-01
1852,GA,2025-08-28
1853,GA,2024-05-04
1854,CO,2024-01-11
1855,CA,2023-08-19
1856,CA,2024-12-02
1857,GA,2024-04-19
1858,VA,2026-01-08
1859,NJ,2026-01-17
1860,CO,2023-08-14
1861,NC,2023-05-23
1862,GA,2024-12-08
1863,MA,2023-02-23
1864,TX,2023-07-15
1865,TX,2025-04-24
1866,NY,2023-10-25
1867,WA,2024-06-20
1868,PA,2024-08-01
1869,PA,2024-05-14
1870,TX,2024-09-15
1871,AZ,2025-04-20
1872,IL,2023-07-25
1873,NY,2025-05-29
1874,PA,2024-02-12
1875,TX,2023-10-06
1876,WA,2024-11-07
1877,PA,2025-07-29
1878,NJ,2023-09-28
1879,NJ,2024-03-16
1880,CA,2023-05-07
1881,VA,2024-05-01
1882,CA,2024-07-01
1883,NC,2025-09-12
1884,GA,2025-07-25
1885,MA,2025-02-10
1886,CA,2023-01-19
1887,MI,2024-02-29
1888,PA,2025-07-24
1889,AZ,2023-02-27
1890,CO,2024-02-27
1891,TX,2025-04-23
1892,CO,2026-01-30
1893,MI,2026-01-04
1894,WA,2023-03-07
1895,CA,2025-03-25
1896,MA,2025-06-20
1897,WA,2024-03-12
1898,IL,2025-02-28
1899,IL,2025-12-27
1900,CO,2023-08-23
1901,GA,2024-11-05
1902,NY,2023-04-08
1903,GA,2025-10-29
1904,PA,2025-07-15
1905,MI,2025-01-30
1906,NJ,2024-03-02
1907,NC,2023-08-15
1908,GA,2023-01-17
1909,VA,2024-07-16
1910,NC,2023-08-16
1911,MI,2024-12-06
1912,NC,2024-10-30
1913,MA,2023-09-11
1914,CA,2023-04-28
1915,MA,2023-02-19
1916,NC,2024-06-26
1917,WA,2023-11-23
1918,IL,2025-08-01
1919,NC,2024-08-24
1920,MA,2023-04-12
1921,AZ,2024-01-23
1922,MI,2024-10-10
1923,WA,2023-12-05
1924,MA,2023-07-03
1925,GA,2023-02-25
1926,TX,2025-09-05
1927,CO,2024-07-25
1928,NY,2026-02-25
1929,NJ,2024-12-17
1930,MA,2025-10-04
1931,VA,2023-08-04
1932,NY,2026-01-18
1933,MI,2025-08-01
1934,AZ,2023-11-10
1935,FL,2023-08-21
1936,MA,2025-01-14
1937,TX,2024-07-28
1938,NY,2025-06-06
1939,NJ,2023-09-04
1940,NC,2024-03-17
1941,MA,2023-05-15
1942,CA,2025-10-12
1943,AZ,2025-10-22
1944,MI,2023-06-10
1945,CO,2023-05-20
1946,TX,2023-10-31
1947,PA,2023-05-05
1948,PA,2025-07-25
1949,VA,2024-02-11
1950,NY,2023-06-13
1951,TX,2025-05-11
1952,WA,2023-08-28
1953,NJ,2023-05-29
1954,CO,2024-08-06
1955,NC,2026-01-31
1956,MA,2024-05-19
1957,MA,2024-06-08
1958,PA,2025-02-13
1959,MA,2025-11-13
1960,MI,2024-12-01
1961,CO,2025-10-14
1962,CA,2023-02-19
1963,FL,2025-08-15
1964,VA,2024-11-25
1965,IL,2023-01-26
1966,GA,2024-10-11
1967,VA,2023-01-11
1968,NY,2025-03-18
1969,CA,2026-01-30
1970,VA,2023-01-11
1971,NC,2026-02-09
1972,PA,2025-02-10
1973,AZ,2025-02-08
1974,NY,2025-08-30
1975,MA,2024-02-11
1976,TX,2025-12-04
1977,NC,2025-04-21
1978,NY,2024-12-17
1979,AZ,2023-12-25
1980,NJ,2024-07-07
1981,MA,2023-10-12
1982,VA,2024-02-04
1983,VA,2024-01-23
1984,NY,2025-02-22
1985,TX,2024-02-29
1986,NJ,2025-10-26
1987,MA,2024-03-16
1988,AZ,2023-12-22
1989,FL,2025-07-07
1990,VA,2025-02-03
1991,AZ,2024-07-07
1992,CA,2023-09-25
1993,VA,2025-09-18
1994,AZ,2023-03-05
1995,WA,2024-03-17
1996,PA,2024-06-24
1997,GA,2024-04-14
1998,CO,2025-05-27
1999,PA,2024-12-12
2000,MI,2023-01-13
2001,GA,2023-08-10
2002,NC,2025-05-30
2003,AZ,2025-04-18
2004,GA,2025-01-21
2005,MI,2023-09-27
2006,MA,2025-01-01
2007,FL,2025-04-23
2008,WA,2024-09-07
2009,CA,2023-03-06
2010,AZ,2025-11-27
2011,CA,2023-01-28
2012,TX,2023-08-25
2013,VA,2026-02-23
2014,AZ,2024-01-19
2015,CO,2023-11-22
2016,AZ,2023-03-26
2017,NY,2025-01-18
2018,FL,2023-09-03
2019,NY,2024-01-23
2020,AZ,2025-07-17
2021,WA,2023-09-23
2022,GA,2025-01-30
2023,CA,2025-03-14
2024,WA,2023-08-16
2025,AZ,2023-08-28
2026,MI,2026-01-01
2027,GA,2024-01-23
2028,MI,2024-01-13
2029,CA,2023-07-31
2030,GA,2025-03-05
2031,CO,2024-11-06
2032,FL,2024-10-10
2033,PA,2023-06-20
2034,NJ,2025-03-19
2035,NC,2023-04-14
2036,WA,2024-01-07
2037,VA,2023-05-09
2038,WA,2023-08-08
2039,NJ,2024-04-16
2040,PA,2025-09-14
2041,IL,2024-08-30
2042,MA,2025-12-11
2043,CO,2023-04-04
2044,MI,2025-11-10
2045,AZ,2023-04-16
2046,CO,2024-09-03
2047,NJ,2025-04-28
2048,AZ,2025-08-05
2049,VA,2025-05-03
2050,NY,2024-03-04
2051,GA,2025-11-27
2052,MA,2023-10-29
2053,FL,2024-09-30
2054,FL,2023-03-12
2055,NJ,2024-10-07
2056,CO,2024-06-08
2057,FL,2023-06-23
2058,VA,2023-03-31
2059,MI,2024-01-03
2060,IL,2025-03-11
2061,WA,2025-12-21
2062,TX,2023-11-15
2063,VA,2025-04-03
2064,AZ,2024-07-04
2065,NC,2023-03-01
2066,NJ,2026-02-02
2067,NY,2023-05-07
2068,GA,2023-03-24
2069,NC,2025-08-03
2070,GA,2024-08-08
2071,CA,2024-10-08
2072,NC,2025-06-08
2073,TX,2024-07-27
2074,CO,2024-05-27
2075,IL,2026-01-07
2076,WA,2023-03-06
2077,WA,2023-07-02
2078,IL,2025-12-25
2079,MI,2025-04-14
2080,MA,2023-02-23
2081,CA,2023-08-24
2082,GA,2025-06-07
2083,TX,2024-09-03
2084,FL,2025-08-16
2085,NC,2024-03-13
2086,CA,2025-09-30
2087,VA,2026-01-31
2088,NJ,2024-11-24
2089,NC,2025-08-20
2090,TX,2026-02-05
2091,NY,2024-06-07
2092,NY,2024-02-08
2093,AZ,2023-12-09
2094,CA,2025-03-10
2095,CO,2023-08-02
2096,TX,2025-10-20
2097,TX,2023-11-18
2098,IL,2026-01-06
2099,VA,2025-12-14
2100,CO,2025-02-22
2101,VA,2025-05-05
2102,MI,2025-12-30
2103,GA,2025-12-27
2104,GA,2023-06-29
2105,FL,2024-01-15
2106,AZ,2025-07-21
2107,WA,2024-03-25
2108,NY,2023-05-11
2109,NJ,2025-06-22
2110,GA,2023-11-26
2111,CO,2024-09-28
2112,TX,2023-02-22
2113,NJ,2024-04-12
2114,PA,2024-10-01
2115,VA,2024-02-17
2116,GA,2025-11-03
2117,TX,2024-05-10
2118,GA,2024-01-03
2119,NY,2024-06-22
2120,PA,2024-09-28
2121,NC,2024-05-29
2122,GA,2024-04-25
2123,MI,2024-02-18
2124,CO,2023-08-16
2125,GA,2023-05-17
2126,WA,2025-03-01
2127,NJ,2025-04-14
2128,NJ,2024-04-16
2129,NY,2024-06-01
2130,CO,2023-11-01
2131,PA,2024-10-16
2132,MI,2023-06-30
2133,IL,2023-01-30
2134,CO,2025-08-29
2135,NJ,2025-02-03
2136,WA,2023-02-09
2137,NC,2023-07-06
2138,NY,2023-11-15
2139,IL,2025-01-01
2140,WA,2025-06-10
2141,PA,2023-11-20
2142,VA,2025-07-31
2143,PA,2025-12-02
2144,WA,2024-10-17
2145,VA,2023-06-23
2146,CA,2024-11-15
2147,NY,2025-11-30
2148,CO,2024-02-13
2149,VA,2023-06-29
2150,AZ,2025-05-03
2151,VA,2023-02-06
2152,TX,2024-02-10
2153,NC,2024-06-22
2154,TX,2024-01-11
2155,CO,2023-09-13
2156,CO,2023-10-05
2157,NY,2023-09-06
2158,CO,2024-11-23
2159,NJ,2025-11-06
2160,VA,2023-05-05
2161,VA,2023-07-31
2162,CA,2024-04-16
2163,IL,2025-01-18
2164,CO,2024-05-14
2165,TX,2025-03-21
2166,CO,2025-06-07
2167,PA,2023-06-24
2168,CA,2023-11-13
2169,NJ,2025-09-27
2170,NJ,2025-04-03
2171,GA,2025-05-19
2172,VA,2025-07-19
2173,NJ,2025-06-05
2174,VA,2023-09-26
2175,GA,2024-04-14
2176,WA,2023-08-12
2177,NC,2025-12-23
2178,FL,2025-09-01
2179,MI,2025-06-25
2180,NJ,2025-04-09
2181,IL,2026-02-21
2182,PA,2023-08-26
2183,MA,2023-03-16
2184,WA,2024-05-14
2185,NJ,2023-09-25
2186,VA,2025-09-13
2187,NC,2025-12-09
2188,GA,2025-12-18
2189,TX,2024-12-23
2190,MI,2025-12-31
2191,MA,2023-07-09
2192,NC,2025-09-22
2193,NC,2024-07-19
2194,NJ,2025-09-19
2195,WA,2025-01-05
2196,AZ,2023-06-05
2197,MA,2024-11-03
2198,MI,2026-01-13
2199,NY,2023-03-10
2200,FL,2024-01-08
2201,NY,2023-02-24
2202,AZ,2023-03-26
2203,VA,2025-07-29
2204,VA,2025-04-20
2205,PA,2024-08-14
2206,MA,2025-01-01
2207,NY,2024-09-13
2208,VA,2025-10-05
2209,AZ,2023-11-13
2210,NJ,2024-09-16
2211,CA,2023-09-09
2212,GA,2023-06-01
2213,CA,2025-06-28
2214,CO,2025-05-15
2215,MI,2024-08-22
2216,NY,2025-10-03
2217,PA,2025-08-28
2218,CO,2025-10-01
2219,VA,2026-01-28
2220,TX,2026-02-17
2221,IL,2023-10-30
2222,TX,2025-10-23
2223,AZ,2024-02-04
2224,MA,2023-03-09
2225,NC,2023-06-03
2226,GA,2025-10-11
2227,NY,2023-07-01
2228,MI,2024-06-08
2229,PA,2023-07-08
2230,PA,2023-01-20
2231,MI,2025-04-30
2232,AZ,2025-06-16
2233,WA,2023-01-10
2234,VA,2024-11-30
2235,IL,2024-10-16
2236,FL,2023-08-29
2237,FL,2023-06-01
2238,FL,2025-02-22
2239,NY,2023-07-07
2240,FL,2024-04-08
2241,NJ,2024-12-22
2242,CA,2025-06-18
2243,PA,2024-12-06
2244,IL,2025-05-30
2245,CA,2024-02-19
2246,NC,2024-07-31
2247,IL,2023-11-06
2248,CA,2025-10-22
2249,IL,2023-11-13
2250,NC,2025-10-16
2251,CO,2024-01-03
2252,NJ,2024-07-08
2253,NY,2024-08-27
2254,NY,2025-07-24
2255,AZ,2024-04-24
2256,MI,2025-09-07
2257,VA,2025-12-22
2258,PA,2025-07-28
2259,FL,2023-01-14
2260,NJ,2023-01-28
2261,TX,2023-05-22
2262,FL,2024-08-12
2263,VA,2024-04-17
2264,PA,2023-11-13
2265,MA,2024-03-20
2266,VA,2023-10-23
2267,NJ,2024-02-08
2268,CA,2025-01-21
2269,IL,2023-09-20
2270,MI,2025-04-26
2271,MI,2024-01-12
2272,TX,2024-08-07
2273,NJ,2025-12-27
2274,NC,2025-03-09
2275,MA,2024-04-15
2276,NC,2025-01-01
2277,NY,2025-08-29
2278,AZ,2023-02-16
2279,NY,2025-08-04
2280,VA,2025-12-17
2281,FL,2023-01-24
2282,CA,2025-04-10
2283,TX,2024-02-07
2284,VA,2025-11-13
2285,GA,2025-12-23
2286,MA,2023-10-10
2287,MI,2023-04-03
2288,MA,2024-11-16
2289,VA,2023-11-06
2290,VA,2025-06-06
2291,NJ,2023-01-07
2292,FL,2025-12-02
2293,NY,2025-02-26
2294,MI,2023-02-12
2295,AZ,2024-12-25
2296,FL,2023-07-20
2297,IL,2025-06-13
2298,NJ,2024-10-28
2299,NJ,2024-07-01
2300,TX,2023-08-14
2301,CA,2024-09-24
2302,AZ,2025-08-03
2303,PA,2023-07-13
2304,CO,2024-06-21
2305,PA,2024-04-25
2306,VA,2026-01-26
2307,WA,2024-03-05
2308,MI,2025-08-02
2309,WA,2025-06-29
2310,NJ,2024-07-31
2311,FL,2023-04-21
2312,IL,2023-07-31
2313,TX,2025-04-30
2314,GA,2025-05-27
2315,WA,2025-09-13
2316,TX,2025-09-22
2317,NJ,2024-07-24
2318,CA,2025-11-19
2319,NC,2024-10-27
2320,PA,2023-12-16
2321,IL,2025-07-18
2322,MI,2024-11-11
2323,NY,2023-09-08
2324,VA,2023-11-15
2325,TX,2025-06-03
2326,CA,2023-07-08
2327,GA,2024-12-25
2328,CO,2026-02-24
2329,PA,2025-11-12
2330,NY,2023-03-20
2331,MI,2024-06-29
2332,PA,2025-07-12
2333,NJ,2024-09-10
2334,CO,2023-11-01
2335,PA,2023-07-18
2336,AZ,2024-07-07
2337,GA,2025-11-13
2338,CA,2023-07-02
2339,VA,2024-08-29
2340,WA,2023-03-24
2341,CO,2023-04-03
2342,MI,2024-09-08
2343,NJ,2026-01-13
2344,AZ,2024-07-26
2345,NY,2024-08-03
2346,FL,2025-09-27
2347,MA,2025-02-12
2348,TX,2025-05-02
2349,VA,2024-10-12
2350,PA,2025-03-02
2351,WA,2024-04-20
2352,CO,2024-05-18
2353,PA,2023-08-19
2354,NC,2025-05-27
2355,TX,2025-11-08
2356,FL,2024-11-20
2357,AZ,2023-07-28
2358,MI,2023-05-11
2359,GA,2025-01-12
2360,AZ,2024-01-19
2361,AZ,2026-01-20
2362,MA,2023-12-28
2363,CA,2025-01-30
2364,AZ,2026-02-21
2365,PA,2025-07-31
2366,FL,2024-10-09
2367,FL,2023-12-21
2368,GA,2023-04-10
2369,IL,2024-12-31
2370,GA,2023-10-28
2371,PA,2024-08-31
2372,MI,2025-05-31
2373,IL,2023-07-22
2374,IL,2025-11-10
2375,WA,2023-04-22
2376,WA,2024-01-16
2377,NY,2025-01-24
2378,CO,2025-08-11
2379,CO,2025-03-06
2380,NJ,2023-12-03
2381,VA,2023-08-10
2382,CA,2025-10-08
2383,CO,2025-01-29
2384,WA,2024-11-19
2385,NY,2023-04-28
2386,AZ,2023-06-23
2387,NY,2023-11-15
2388,AZ,2026-01-16
2389,MI,2026-01-06
2390,MI,2024-03-16
2391,IL,2024-02-19
2392,NJ,2025-10-24
2393,VA,2025-08-07
2394,GA,2023-03-24
2395,CA,2025-09-15
2396,PA,2024-05-07
2397,IL,2023-01-06
2398,GA,2024-12-05
2399,CO,2023-12-13
2400,NJ,2024-06-17
2401,IL,2024-10-18
2402,TX,2025-08-12
2403,CO,2024-03-26
2404,GA,2025-10-22
2405,CA,2025-07-06
2406,PA,2025-08-11
2407,GA,2023-08-02
2408,AZ,2025-06-18
2409,MI,2024-01-08
2410,IL,2024-10-14
2411,IL,2024-05-21
2412,PA,2025-09-09
2413,FL,2024-07-29
2414,CA,2023-11-29
2415,NC,2023-07-31
2416,CO,2023-10-16
2417,NY,2024-09-01
2418,PA,2023-06-15
2419,CA,2023-05-06
2420,NY,2025-11-21
2421,CA,2023-10-01
2422,CA,2025-11-10
2423,GA,2024-09-06
2424,VA,2023-10-03
2425,AZ,2025-10-27
2426,CA,2025-10-12
2427,VA,2026-02-27
2428,FL,2023-04-07
2429,NC,2023-10-04
2430,IL,2025-03-10
2431,MA,2023-11-28
2432,NY,2023-07-24
2433,IL,2023-04-13
2434,MA,2025-09-30
2435,NC,2025-08-12
2436,AZ,2023-12-26
2437,NC,2026-02-28
2438,NY,2023-02-08
2439,MI,2023-11-03
2440,NY,2025-06-02
2441,NC,2024-06-03
2442,MA,2025-05-27
2443,PA,2023-02-15
2444,CA,2023-07-13
2445,CO,2026-02-19
2446,NJ,2023-09-06
2447,VA,2025-10-09
2448,TX,2023-07-26
2449,NJ,2023-04-25
2450,IL,2023-08-27
2451,GA,2024-07-19
2452,IL,2026-01-04
2453,GA,2025-12-07
2454,MA,2025-01-05
2455,MI,2025-12-29
2456,GA,2024-05-22
2457,NY,2023-06-04
2458,PA,2024-04-05
2459,CO,2025-03-01
2460,CO,2024-10-15
2461,NY,2023-11-13
2462,PA,2024-03-26
2463,AZ,2024-07-30
2464,FL,2026-01-24
2465,AZ,2024-05-10
2466,MI,2023-12-28
2467,NJ,2024-04-01
2468,MI,2023-05-09
2469,MA,2025-11-28
2470,NJ,2025-03-22
2471,FL,2025-05-22
2472,FL,2023-12-16
2473,IL,2024-10-06
2474,NC,2024-03-27
2475,IL,2023-04-19
2476,NC,2024-07-30
2477,MI,2023-08-29
2478,TX,2024-08-13
2479,MI,2026-01-16
2480,GA,2024-07-31
2481,PA,2023-11-21
2482,NC,2024-01-06
2483,AZ,2023-04-15
2484,NJ,2023-04-08
2485,NY,2023-04-06
2486,IL,2023-02-15
2487,PA,2025-06-08
2488,MA,2023-01-31
2489,PA,2024-02-12
2490,VA,2024-12-16
2491,GA,2024-10-05
2492,VA,2024-11-28
2493,TX,2025-08-30
2494,NC,2024-12-01
2495,TX,2025-05-25
2496,MA,2025-06-24
2497,AZ,2025-03-19
2498,FL,2024-08-21
2499,VA,2025-08-24
2500,CO,2024-09-24
2501,VA,2023-05-15
2502,MA,2023-11-24
2503,WA,2023-07-18
2504,MA,2024-11-13
2505,TX,2023-05-04
2506,PA,2025-01-23
2507,NY,2024-01-17
2508,IL,2024-07-24
2509,NY,2026-02-06
2510,TX,2025-11-30
2511,IL,2025-03-08
2512,WA,2025-06-09
2513,CO,2023-06-25
2514,GA,2024-01-15
2515,NJ,2023-06-14
2516,TX,2025-02-02
2517,PA,2024-09-06
2518,NC,2023-06-22
2519,TX,2025-02-01
2520,TX,2025-12-08
2521,VA,2026-02-08
2522,VA,2024-09-10
2523,IL,2024-10-26
2524,MI,2025-05-08
2525,MI,2024-07-09
2526,CA,2024-09-28
2527,MA,2023-08-03
2528,PA,2023-05-24
2529,CA,2024-09-10
2530,AZ,2025-10-04
2531,WA,2023-12-20
2532,MI,2023-10-08
2533,NC,2025-04-16
2534,VA,2024-01-25
2535,CO,2025-12-23
2536,FL,2023-09-22
2537,WA,2023-01-06
2538,FL,2025-07-01
2539,PA,2023-06-17
2540,PA,2023-12-21
2541,AZ,2023-06-22
2542,FL,2025-04-29
2543,PA,2023-04-29
2544,CO,2023-06-23
2545,NY,2025-08-16
2546,CA,2023-05-09
2547,TX,2023-07-06
2548,GA,2025-12-22
2549,FL,2025-06-11
2550,NC,2024-08-20
2551,WA,2023-07-29
2552,NY,2025-10-05
2553,FL,2025-01-19
2554,NY,2024-06-15
2555,MI,2025-08-09
2556,NY,2024-07-13
2557,FL,2023-08-16
2558,IL,2024-07-19
2559,MA,2024-09-05
2560,NC,2023-03-30
2561,TX,2025-03-25
2562,TX,2023-09-07
2563,NC,2023-08-13
2564,IL,2025-06-21
2565,VA,2025-08-28
2566,PA,2024-11-03
2567,TX,2023-06-17
2568,VA,2023-04-20
2569,NY,2023-10-24
2570,CO,2023-08-31
2571,WA,2023-07-28
2572,MI,2026-01-10
2573,CA,2025-10-24
2574,TX,2025-12-15
2575,NC,2023-09-18
2576,CO,2024-01-15
2577,FL,2023-04-06
2578,AZ,2025-02-07
2579,MA,2025-04-08
2580,NC,2025-07-14
2581,PA,2026-02-22
2582,AZ,2024-09-11
2583,AZ,2023-09-17
2584,NY,2025-04-10
2585,MA,2024-07-03
2586,WA,2024-11-30
2587,WA,2024-12-09
2588,IL,2025-10-28
2589,VA,2024-07-16
2590,GA,2024-01-08
2591,AZ,2023-08-10
2592,IL,2024-06-14
2593,PA,2023-12-16
2594,VA,2023-01-31
2595,MI,2023-01-22
2596,AZ,2025-01-23
2597,CO,2023-08-02
2598,MA,2024-12-12
2599,GA,2023-05-20
2600,FL,2025-08-22
2601,NY,2024-02-13
2602,MA,2024-03-13
2603,IL,2025-03-07
2604,CA,2023-01-13
2605,NJ,2024-05-15
2606,GA,2025-11-15
2607,GA,2024-06-17
2608,PA,2025-05-10
2609,NY,2023-03-17
2610,TX,2024-01-01
2611,WA,2026-01-20
2612,WA,2025-04-20
2613,MI,2025-06-05
2614,CA,2024-05-13
2615,CO,2024-11-29
2616,PA,2024-11-10
2617,CO,2023-07-22
2618,FL,2024-03-21
2619,VA,2024-06-01
2620,MA,2023-05-12
2621,MI,2023-04-01
2622,MI,2026-02-23
2623,NJ,2024-04-16
2624,NC,2024-05-16
2625,TX,2025-01-30
2626,IL,2024-01-22
2627,AZ,2025-10-27
2628,NC,2026-01-16
2629,VA,2024-08-20
2630,NC,2025-06-26
2631,PA,2025-05-16
2632,AZ,2024-10-18
2633,GA,2023-12-08
2634,CA,2025-10-21
2635,WA,2026-02-17
2636,FL,2024-04-08
2637,CO,2024-04-06
2638,NJ,2025-12-08
2639,PA,2025-03-29
2640,CA,2024-04-18
2641,GA,2025-06-06
2642,IL,2025-07-27
2643,FL,2024-01-03
2644,PA,2025-11-13
2645,GA,2024-12-23
2646,NJ,2023-10-20
2647,WA,2025-12-22
2648,MI,2024-07-21
2649,WA,2025-05-23
2650,PA,2025-08-18
2651,WA,2024-08-11
2652,CA,2023-09-17
2653,CA,2025-06-26
2654,CO,2023-07-03
2655,PA,2025-12-07
2656,CO,2023-05-27
2657,PA,2024-08-14
2658,MI,2025-10-14
2659,MI,2024-03-15
2660,IL,2023-08-17
2661,PA,2025-01-01
2662,NJ,2025-08-04
2663,VA,2025-01-09
2664,FL,2024-01-13
2665,NY,2026-01-31
2666,AZ,2025-08-11
2667,NY,2024-08-22
2668,GA,2023-01-23
2669,MI,2023-10-20
2670,WA,2024-04-20
2671,FL,2025-08-09
2672,NC,2024-03-26
2673,VA,2025-06-16
2674,CA,2023-10-12
2675,MA,2024-08-12
2676,TX,2023-05-02
2677,IL,2026-02-09
2678,WA,2024-05-25
2679,WA,2023-01-02
2680,NJ,2025-06-10
2681,WA,2025-03-09
2682,CA,2024-09-20
2683,CA,2024-04-05
2684,TX,2025-08-09
2685,AZ,2025-08-29
2686,PA,2025-09-08
2687,NC,2025-03-24
2688,FL,2023-02-23
2689,WA,2023-04-19
2690,NY,2023-10-07
2691,CO,2025-12-16
2692,NJ,2025-04-19
2693,NJ,2025-04-16
2694,AZ,2025-11-17
2695,NY,2023-07-23
2696,GA,2024-06-28
2697,NY,2023-11-05
2698,VA,2024-06-11
2699,GA,2025-10-05
2700,MA,2024-09-08
2701,MI,2026-01-15
2702,CO,2023-01-31
2703,MI,2023-04-10
2704,NJ,2024-10-28
2705,NY,2025-03-14
2706,MA,2024-05-09
2707,PA,2024-04-15
2708,IL,2025-01-11
2709,FL,2025-01-03
2710,MA,2025-09-24
2711,AZ,2023-11-27
2712,VA,2023-09-09
2713,FL,2025-10-21
2714,NY,2026-01-18
2715,NC,2024-06-01
2716,PA,2026-02-13
2717,MA,2023-03-14
2718,CO,2023-06-05
2719,NY,2024-12-23
2720,WA,2023-03-10
2721,CA,2024-04-15
2722,MA,2024-05-06
2723,CO,2023-10-27
2724,VA,2025-07-06
2725,IL,2024-12-13
2726,WA,2025-01-20
2727,MI,2024-02-11
2728,IL,2025-07-27
2729,MI,2024-08-02
2730,NY,2024-08-04
2731,CA,2025-03-09
2732,MA,2024-06-12
2733,MA,2023-05-17
2734,NC,2023-08-07
2735,NJ,2024-06-01
2736,NC,2023-05-12
2737,AZ,2025-11-07
2738,NY,2024-07-13
2739,NY,2025-07-16
2740,CA,2023-11-28
2741,NC,2023-11-15
2742,CO,2025-09-06
2743,MI,2025-10-30
2744,CO,2023-06-16
2745,CA,2023-05-27
2746,PA,2025-07-27
2747,NJ,2024-03-20
2748,CO,2023-03-11
2749,GA,2025-04-12
2750,AZ,2025-07-07
2751,FL,2024-09-07
2752,CA,2023-11-15
2753,CA,2023-02-05
2754,TX,2023-09-12
2755,MI,2025-08-19
2756,AZ,2023-12-01
2757,WA,2025-11-09
2758,WA,2023-10-25
2759,GA,2025-11-10
2760,NC,2024-04-22
2761,AZ,2024-04-16
2762,PA,2025-08-19
2763,NY,2024-04-14
2764,NY,2025-02-05
2765,IL,2024-08-12
2766,MI,2025-03-02
2767,GA,2024-01-21
2768,CA,2025-07-30
2769,GA,2024-03-21
2770,GA,2023-04-09
2771,VA,2024-10-16
2772,GA,2025-12-14
2773,WA,2025-10-23
2774,VA,2025-07-22
2775,MI,2025-03-27
2776,GA,2024-10-22
2777,NJ,2023-08-20
2778,FL,2024-08-22
2779,NY,2025-07-08
2780,VA,2023-12-26
2781,IL,2025-05-21
2782,AZ,2024-07-09
2783,FL,2023-09-07
2784,IL,2024-08-18
2785,TX,2023-05-19
2786,IL,2025-09-16
2787,NY,2025-06-28
2788,NY,2023-01-12
2789,VA,2025-09-06
2790,GA,2023-09-30
2791,MA,2024-05-02
2792,TX,2026-01-18
2793,VA,2025-11-14
2794,NJ,2024-06-21
2795,CA,2025-09-11
2796,CO,2025-12-19
2797,AZ,2024-08-10
2798,IL,2025-02-26
2799,MA,2025-07-09
2800,GA,2025-10-30
2801,WA,2023-08-31
2802,MI,2025-03-08
2803,CA,2023-09-14
2804,PA,2023-11-06
2805,NC,2024-05-30
2806,MA,2025-11-19
2807,MI,2025-12-24
2808,WA,2024-09-27
2809,TX,2025-03-07
2810,PA,2023-02-09
2811,VA,2025-11-15
2812,GA,2024-08-03
2813,CA,2023-01-01
2814,CA,2023-03-20
2815,CA,2024-09-11
2816,TX,2024-05-15
2817,PA,2026-02-21
2818,IL,2025-09-04
2819,NC,2024-04-30
2820,NJ,2024-04-22
2821,TX,2023-11-29
2822,CO,2023-01-30
2823,AZ,2024-12-27
2824,AZ,2023-06-22
2825,NC,2025-03-02
2826,NY,2024-04-12
2827,AZ,2024-12-23
2828,GA,2024-02-01
2829,TX,2023-05-05
2830,WA,2026-01-08
2831,NC,2024-11-26
2832,CO,2024-06-10
2833,NY,2026-01-17
2834,IL,2025-10-23
2835,PA,2024-06-19
2836,WA,2024-08-23
2837,VA,2025-09-14
2838,NC,2024-08-28
2839,GA,2025-12-30
2840,PA,2024-11-30
2841,WA,2023-05-19
2842,NY,2023-01-10
2843,WA,2023-05-10
2844,MI,2024-02-05
2845,PA,2024-10-03
2846,FL,2024-03-12
2847,MI,2026-02-10
2848,NJ,2023-02-27
2849,MA,2026-02-10
2850,IL,2024-11-30
2851,AZ,2026-02-19
2852,NY,2024-02-12
2853,PA,2026-01-13
2854,NJ,2024-02-04
2855,NJ,2023-12-22
2856,VA,2023-04-09
2857,WA,2024-06-01
2858,MA,2023-04-18
2859,NJ,2023-06-01
2860,MA,2025-06-24
2861,MI,2025-04-29
2862,WA,2025-01-18
2863,PA,2023-01-27
2864,MI,2023-04-29
2865,GA,2024-12-23
2866,FL,2023-04-10
2867,NJ,2023-01-03
2868,TX,2025-03-16
2869,MI,2026-02-03
2870,FL,2023-10-31
2871,WA,2023-06-26
2872,VA,2023-03-25
2873,IL,2023-09-20
2874,TX,2024-04-02
2875,NY,2024-02-13
2876,AZ,2026-01-09
2877,VA,2023-07-25
2878,FL,2025-03-30
2879,WA,2025-10-11
2880,FL,2025-03-12
2881,AZ,2025-06-13
2882,NJ,2025-05-22
2883,VA,2024-01-23
2884,MI,2025-06-12
2885,PA,2025-02-05
2886,TX,2025-10-28
2887,CO,2024-03-25
2888,NC,2023-12-08
2889,FL,2026-01-01
2890,AZ,2025-05-09
2891,NY,2023-05-01
2892,NY,2023-10-29
2893,CA,2025-08-18
2894,VA,2025-06-02
2895,FL,2025-05-30
2896,NC,2023-08-22
2897,GA,2023-03-07
2898,AZ,2023-08-18
2899,NJ,2025-07-10
2900,MA,2023-02-20
2901,MI,2024-10-20
2902,PA,2024-01-22
2903,NC,2025-11-27
2904,MA,2025-01-22
2905,VA,2024-05-07
2906,MI,2023-02-10
2907,MA,2025-08-03
2908,MI,2026-02-26
2909,CO,2025-12-13
2910,CA,2023-03-27
2911,NC,2023-10-23
2912,VA,2025-11-10
2913,NC,2024-02-29
2914,CO,2023-07-08
2915,FL,2023-06-10
2916,FL,2024-12-13
2917,FL,2024-01-16
2918,IL,2023-09-01
2919,MA,2023-07-02
2920,IL,2024-06-27
2921,CA,2025-02-17
2922,PA,2025-08-05
2923,CO,2023-04-03
2924,VA,2024-01-03
2925,NC,2023-06-08
2926,MI,2024-02-02
2927,NJ,2024-03-13
2928,VA,2024-01-08
2929,MA,2023-11-02
2930,IL,2025-09-11
2931,IL,2025-09-08
2932,WA,2023-11-25
2933,IL,2023-12-09
2934,PA,2024-12-24
2935,GA,2023-06-07
2936,NC,2026-02-07
2937,GA,2023-12-16
2938,MI,2024-12-26
2939,NC,2023-12-31
2940,CO,2023-01-15
2941,NC,2023-06-02
2942,GA,2024-06-15
2943,VA,2025-08-24
2944,NC,2025-12-11
2945,CO,2025-05-04
2946,CO,2024-04-13
2947,CA,2025-05-28
2948,NC,2024-08-18
2949,NJ,2024-01-02
2950,WA,2024-10-02
2951,FL,2025-05-11
2952,NY,2025-06-12
2953,CO,2025-11-05
2954,TX,2024-08-11
2955,FL,2023-04-02
2956,PA,2024-04-02
2957,MA,2025-12-11
2958,NC,2026-02-18
2959,GA,2025-12-09
2960,NY,2024-01-22
2961,TX,2024-01-06
2962,FL,2023-07-03
2963,NC,2025-02-10
2964,CA,2023-07-24
2965,MA,2025-08-11
2966,NY,2023-06-21
2967,WA,2025-04-04
2968,MI,2023-08-10
2969,CA,2025-12-15
2970,TX,2024-09-06
2971,PA,2023-06-16
2972,NY,2023-05-22
2973,CA,2023-05-05
2974,MA,2023-03-31
2975,WA,2023-11-07
2976,CA,2025-08-09
2977,IL,2023-08-04
2978,WA,2025-06-01
2979,MI,2025-01-30
2980,TX,2023-04-06
2981,PA,2024-12-10
2982,MA,2023-05-29
2983,NJ,2025-07-16
2984,NC,2024-12-15
2985,GA,2025-06-01
2986,AZ,2023-12-24
2987,VA,2024-08-10
2988,VA,2023-11-12
2989,GA,2025-06-03
2990,AZ,2025-11-25
2991,GA,2024-03-25
2992,NY,2025-04-24
2993,TX,2023-03-31
2994,MA,2024-06-24
2995,WA,2023-06-25
2996,NY,2024-10-09
2997,TX,2025-06-19
2998,NC,2024-11-17
2999,IL,2024-01-29
3000,VA,2024-05-18
3001,MA,2025-08-13
3002,GA,2025-11-15
3003,CA,2023-04-10
3004,NJ,2024-02-29
3005,MA,2025-11-19
3006,CO,2025-06-24
3007,PA,2024-05-10
3008,AZ,2024-10-12
3009,TX,2025-09-24
3010,FL,2023-05-20
3011,NC,2023-11-16
3012,IL,2024-01-04
3013,NC,2023-10-24
3014,MA,2025-03-06
3015,VA,2026-01-08
3016,AZ,2024-05-15
3017,FL,2023-09-16
3018,CO,2026-02-18
3019,WA,2025-12-14
3020,CA,2023-01-18
3021,FL,2023-04-20
3022,TX,2023-11-27
3023,GA,2025-08-03
3024,CO,2023-09-25
3025,CA,2024-03-10
3026,NJ,2024-03-25
3027,IL,2023-10-24
3028,GA,2024-12-19
3029,MA,2025-10-17
3030,FL,2023-07-03
3031,VA,2024-02-16
3032,CA,2023-11-16
3033,PA,2025-01-10
3034,NY,2025-03-15
3035,PA,2024-02-21
3036,WA,2025-05-31
3037,PA,2025-03-01
3038,NJ,2023-03-31
3039,WA,2025-01-28
3040,CO,2026-01-03
3041,IL,2024-07-27
3042,CO,2025-08-20
3043,NY,2025-07-24
3044,TX,2025-11-17
3045,IL,2024-03-01
3046,PA,2025-06-01
3047,VA,2025-02-24
3048,NC,2024-06-18
3049,TX,2023-10-12
3050,IL,2024-09-13
3051,IL,2026-02-03
3052,NY,2024-05-18
3053,MA,2023-02-15
3054,PA,2024-06-20
3055,NY,2023-03-03
3056,IL,2026-01-10
3057,CA,2023-12-02
3058,TX,2023-07-30
3059,NY,2024-02-04
3060,MA,2024-12-09
3061,AZ,2023-12-13
3062,FL,2024-01-12
3063,CO,2025-03-31
3064,IL,2025-07-07
3065,PA,2023-02-13
3066,NC,2025-03-10
3067,FL,2025-02-25
3068,WA,2025-01-02
3069,VA,2025-08-25
3070,VA,2025-12-28
3071,MI,2024-10-13
3072,MI,2024-06-05
3073,GA,2023-04-21
3074,MA,2024-08-30
3075,NC,2025-12-14
3076,AZ,2025-06-14
3077,AZ,2024-06-07
3078,GA,2023-05-26
3079,MA,2023-09-21
3080,PA,2024-04-12
3081,CA,2025-05-21
3082,PA,2025-08-16
3083,CO,2026-01-27
3084,FL,2024-11-09
3085,TX,2025-01-27
3086,AZ,2025-07-07
3087,VA,2026-01-24
3088,MA,2024-07-28
3089,PA,2024-12-06
3090,TX,2025-04-13
3091,CO,2025-03-24
3092,IL,2024-02-03
3093,WA,2024-08-24
3094,FL,2023-11-24
3095,CO,2024-01-30
3096,CO,2024-07-01
3097,PA,2025-11-07
3098,CA,2025-07-07
3099,GA,2023-03-18
3100,AZ,2025-12-08
3101,WA,2025-10-14
3102,FL,2023-05-09
3103,IL,2024-06-02
3104,IL,2023-10-31
3105,NY,2026-02-09
3106,CO,2024-12-25
3107,MA,2025-06-30
3108,CA,2025-03-26
3109,WA,2025-08-31
3110,PA,2025-03-29
3111,IL,2023-12-29
3112,FL,2025-12-25
3113,NY,2025-11-20
3114,VA,2025-03-19
3115,AZ,2025-11-03
3116,FL,2024-07-23
3117,CA,2025-08-27
3118,MA,2023-12-19
3119,NY,2024-09-01
3120,VA,2024-04-12
3121,NY,2025-07-12
3122,GA,2024-01-23
3123,WA,2025-01-28
3124,NY,2024-03-17
3125,NJ,2024-05-30
3126,GA,2025-04-22
3127,GA,2023-02-14
3128,CA,2024-12-23
3129,NJ,2025-01-25
3130,TX,2023-07-22
3131,FL,2024-06-22
3132,AZ,2024-01-21
3133,MA,2024-09-21
3134,NC,2025-08-25
3135,FL,2025-01-07
3136,NY,2023-12-26
3137,MA,2025-09-09
3138,IL,2023-07-24
3139,TX,2025-09-17
3140,IL,2025-12-08
3141,NJ,2024-01-01
3142,MI,2023-09-10
3143,IL,2023-03-19
3144,PA,2025-02-07
3145,WA,2024-09-23
3146,FL,2025-09-13
3147,NC,2024-02-21
3148,PA,2025-11-24
3149,MI,2023-11-08
3150,CA,2023-07-16
3151,NC,2025-09-23
3152,IL,2023-09-17
3153,NY,2024-08-18
3154,VA,2024-06-17
3155,TX,2023-01-24
3156,AZ,2025-07-31
3157,CO,2026-01-03
3158,NC,2025-07-11
3159,AZ,2024-11-09
3160,AZ,2023-04-20
3161,IL,2023-03-31
3162,TX,2023-02-06
3163,MA,2025-04-01
3164,FL,2025-09-19
3165,AZ,2024-07-25
3166,GA,2024-08-06
3167,MI,2023-11-03
3168,WA,2023-03-03
3169,TX,2023-11-01
3170,NY,2023-06-28
3171,NJ,2024-06-23
3172,NY,2025-07-20
3173,TX,2025-07-20
3174,NY,2025-04-24
3175,AZ,2025-11-25
3176,FL,2025-01-19
3177,NY,2026-01-01
3178,NC,2025-11-19
3179,GA,2025-01-08
3180,NY,2025-03-07
3181,GA,2025-12-24
3182,VA,2025-01-16
3183,IL,2024-09-18
3184,CA,2024-03-28
3185,FL,2025-04-10
3186,MI,2025-01-27
3187,AZ,2025-05-10
3188,CA,2025-03-29
3189,AZ,2025-11-26
3190,IL,2024-01-16
3191,AZ,2024-10-10
3192,VA,2023-09-03
3193,FL,2023-09-08
3194,TX,2024-07-18
3195,TX,2025-06-27
3196,GA,2025-03-31
3197,IL,2024-12-15
3198,GA,2024-04-16
3199,VA,2023-05-02
3200,WA,2025-02-19
3201,NY,2025-01-17
3202,CO,2023-05-01
3203,WA,2023-05-19
3204,NY,2023-03-28
3205,FL,2023-05-10
3206,GA,2023-09-09
3207,MI,2025-02-25
3208,FL,2023-02-16
3209,VA,2024-05-15
3210,PA,2024-02-29
3211,PA,2025-08-22
3212,PA,2024-12-31
3213,VA,2023-04-21
3214,MI,2025-11-28
3215,AZ,2023-05-15
3216,FL,2024-09-01
3217,NY,2025-11-23
3218,VA,2025-09-13
3219,PA,2024-03-03
3220,MI,2025-12-27
3221,IL,2023-07-18
3222,VA,2024-07-13
3223,NJ,2023-09-16
3224,AZ,2024-12-25
3225,NY,2024-11-04
3226,PA,2023-05-17
3227,MA,2025-07-04
3228,TX,2025-07-24
3229,MI,2024-01-16
3230,TX,2023-08-26
3231,WA,2024-11-18
3232,TX,2024-04-02
3233,NY,2023-03-23
3234,NC,2024-08-17
3235,GA,2024-10-15
3236,NY,2024-02-07
3237,AZ,2025-04-01
3238,NJ,2023-07-07
3239,NY,2024-05-07
3240,VA,2023-09-12
3241,MI,2024-02-29
3242,CO,2024-04-29
3243,MI,2024-03-11
3244,GA,2023-06-29
3245,MA,2025-12-30
3246,TX,2025-06-19
3247,GA,2024-10-05
3248,TX,2023-05-19
3249,WA,2025-02-25
3250,GA,2023-04-12
3251,PA,2024-04-12
3252,AZ,2023-10-10
3253,AZ,2025-11-18
3254,TX,2023-01-18
3255,MA,2025-01-25
3256,PA,2024-11-17
3257,CA,2024-08-23
3258,FL,2025-11-09
3259,FL,2024-03-08
3260,MA,2025-11-07
3261,CO,2024-01-11
3262,CA,2025-10-07
3263,WA,2024-12-16
3264,MA,2026-02-01
3265,PA,2025-10-20
3266,FL,2025-01-06
3267,VA,2023-08-09
3268,FL,2025-11-15
3269,FL,2025-12-23
3270,PA,2023-09-11
3271,IL,2025-01-05
3272,MA,2025-04-05
3273,NY,2026-02-28
3274,MI,2023-01-30
3275,WA,2025-02-25
3276,FL,2023-01-10
3277,MI,2026-01-17
3278,AZ,2024-03-05
3279,VA,2026-02-24
3280,TX,2024-11-28
3281,MA,2023-05-04
3282,NJ,2023-02-20
3283,PA,2024-02-02
3284,IL,2023-11-10
3285,AZ,2024-10-09
3286,MA,2024-05-28
3287,WA,2024-05-16
3288,VA,2024-06-13
3289,IL,2024-11-27
3290,WA,2025-01-03
3291,AZ,2025-05-09
3292,MA,2024-02-23
3293,NY,2023-07-13
3294,AZ,2023-11-08
3295,NJ,2025-09-22
3296,WA,2024-12-22
3297,IL,2024-04-20
3298,IL,2024-08-06
3299,MI,2023-04-27
3300,WA,2023-09-21
3301,NC,2023-01-21
3302,MA,2024-04-21
3303,NC,2024-07-02
3304,CO,2025-08-05
3305,MA,2025-10-17
3306,WA,2025-12-21
3307,CA,2023-07-25
3308,VA,2024-09-22
3309,WA,2023-06-28
3310,NC,2025-06-06
3311,NY,2023-12-08
3312,VA,2024-03-15
3313,WA,2026-01-03
3314,WA,2023-10-17
3315,NY,2024-07-10
3316,WA,2024-10-10
3317,VA,2023-07-27
3318,FL,2023-09-29
3319,CA,2024-02-19
3320,TX,2024-01-19
3321,CA,2025-06-09
3322,PA,2025-11-07
3323,NJ,2024-10-21
3324,MI,2023-09-04
3325,WA,2024-02-18
3326,FL,2024-12-15
3327,MA,2023-06-30
3328,WA,2025-08-01
3329,NC,2025-06-11
3330,AZ,2023-03-02
3331,FL,2023-06-15
3332,NY,2025-10-05
3333,FL,2024-10-16
3334,PA,2023-12-17
3335,NY,2025-12-20
3336,CO,2023-09-20
3337,TX,2023-05-04
3338,GA,2025-07-20
3339,VA,2026-01-18
3340,FL,2023-05-19
3341,VA,2025-05-09
3342,IL,2026-01-21
3343,NC,2023-05-14
3344,WA,2025-03-29
3345,NC,2025-11-27
3346,VA,2025-10-14
3347,CA,2024-04-01
3348,GA,2024-03-13
3349,CA,2024-11-10
3350,CO,2024-10-08
3351,GA,2024-09-13
3352,GA,2026-02-04
3353,CA,2023-01-24
3354,NY,2025-03-19
3355,PA,2025-07-23
3356,VA,2024-01-05
3357,CA,2025-09-23
3358,NC,2023-06-20
3359,NY,2023-08-10
3360,NC,2024-03-18
3361,PA,2025-05-11
3362,CO,2024-01-11
3363,WA,2023-10-08
3364,PA,2024-12-13
3365,NJ,2025-08-15
3366,MA,2025-03-21
3367,NY,2025-04-06
3368,CO,2024-04-30
3369,NJ,2023-12-01
3370,IL,2025-01-11
3371,CO,2024-02-14
3372,CA,2023-02-23
3373,MI,2024-12-01
3374,CA,2026-01-03
3375,PA,2023-12-15
3376,MA,2025-09-01
3377,CO,2024-01-28
3378,VA,2024-07-07
3379,TX,2025-04-26
3380,WA,2023-03-22
3381,PA,2025-04-05
3382,CA,2026-01-14
3383,MA,2025-01-13
3384,WA,2023-06-26
3385,CO,2024-05-25
3386,VA,2023-05-19
3387,CO,2026-01-30
3388,GA,2024-04-17
3389,MA,2024-06-25
3390,NJ,2023-07-13
3391,CA,2024-04-30
3392,VA,2025-03-15
3393,TX,2023-09-04
3394,CO,2024-09-21
3395,TX,2024-03-13
3396,CO,2023-03-14
3397,CA,2025-12-28
3398,WA,2025-01-23
3399,FL,2025-04-10
3400,WA,2023-04-04
3401,CO,2024-03-10
3402,NC,2024-04-01
3403,MI,2023-08-17
3404,AZ,2023-01-30
3405,FL,2023-12-01
3406,NJ,2024-10-21
3407,FL,2024-07-22
3408,MI,2023-06-26
3409,TX,2025-04-03
3410,MA,2024-07-21
3411,TX,2024-02-13
3412,PA,2025-02-15
3413,TX,2023-03-18
3414,NJ,2025-07-21
3415,NC,2024-09-27
3416,WA,2024-06-23
3417,WA,2023-01-12
3418,AZ,2023-06-18
3419,IL,2025-04-10
3420,CO,2024-03-24
3421,NC,2024-03-24
3422,IL,2026-02-03
3423,MI,2024-03-02
3424,PA,2025-08-13
3425,CA,2025-07-04
3426,MI,2026-01-26
3427,CO,2024-09-22
3428,CO,2023-08-14
3429,GA,2024-03-22
3430,GA,2023-07-22
3431,NY,2025-08-25
3432,MI,2024-11-05
3433,NY,2024-09-25
3434,TX,2023-01-16
3435,CA,2024-09-09
3436,FL,2025-11-09
3437,AZ,2024-03-15
3438,FL,2025-08-28
3439,AZ,2024-01-27
3440,GA,2024-12-24
3441,GA,2025-01-05
3442,GA,2023-08-08
3443,NC,2025-10-28
3444,MA,2024-03-21
3445,AZ,2023-01-14
3446,MI,2024-01-22
3447,NY,2024-10-03
3448,NC,2025-11-11
3449,WA,2023-08-13
3450,FL,2023-08-23
3451,PA,2025-09-26
3452,NJ,2024-12-11
3453,CO,2025-03-02
3454,NY,2024-03-12
3455,IL,2025-12-10
3456,VA,2024-08-03
3457,WA,2025-12-03
3458,MI,2024-11-17
3459,PA,2023-12-31
3460,NY,2023-09-26
3461,NJ,2023-03-19
3462,NC,2023-07-08
3463,MI,2025-11-14
3464,CA,2024-11-01
3465,CO,2023-12-24
3466,NY,2025-08-16
3467,MA,2026-01-22
3468,GA,2023-12-02
3469,GA,2025-06-21
3470,CO,2023-12-07
3471,NJ,2025-04-13
3472,AZ,2024-07-20
3473,PA,2023-03-13
3474,NC,2025-12-01
3475,GA,2024-02-15
3476,NY,2025-06-16
3477,IL,2025-04-17
3478,FL,2024-10-05
3479,AZ,2023-01-21
3480,FL,2025-10-21
3481,WA,2024-11-08
3482,PA,2026-01-04
3483,TX,2024-08-25
3484,AZ,2023-03-29
3485,CA,2023-01-17
3486,CO,2025-07-31
3487,WA,2025-04-03
3488,TX,2024-01-18
3489,NC,2024-10-01
3490,AZ,2024-03-28
3491,MA,2025-03-26
3492,MA,2023-11-06
3493,CA,2025-07-19
3494,PA,2024-05-06
3495,GA,2025-01-29
3496,MI,2023-01-01
3497,NY,2023-02-10
3498,WA,2024-11-02
3499,VA,2023-07-31
3500,AZ,2023-10-31
3501,WA,2024-11-21
3502,AZ,2024-09-07
3503,CO,2024-06-06
3504,AZ,2023-01-25
3505,CO,2025-03-18
3506,AZ,2023-01-25
3507,MA,2024-08-18
3508,MA,2026-02-03
3509,PA,2026-02-16
3510,NJ,2023-04-18
3511,IL,2023-06-29
3512,IL,2025-05-30
3513,NJ,2023-05-11
3514,GA,2024-08-25
3515,IL,2025-01-22
3516,PA,2025-01-28
3517,VA,2023-06-17
3518,VA,2023-08-11
3519,NY,2024-04-13
3520,NY,2023-10-05
3521,VA,2023-07-09
3522,WA,2024-06-14
3523,MI,2024-09-12
3524,FL,2023-08-06
3525,NJ,2023-08-24
3526,NY,2023-06-17
3527,MI,2025-02-18
3528,MI,2023-07-12
3529,TX,2023-08-30
3530,MA,2025-03-01
3531,CO,2024-03-30
3532,PA,2023-07-12
3533,VA,2024-01-27
3534,IL,2024-08-23
3535,NJ,2025-12-01
3536,WA,2023-04-03
3537,VA,2023-12-15
3538,CA,2024-05-27
3539,CO,2025-07-12
3540,TX,2023-04-16
3541,MI,2025-09-18
3542,IL,2024-12-17
3543,TX,2025-02-26
3544,MA,2025-04-02
3545,VA,2025-07-05
3546,AZ,2025-12-12
3547,MA,2025-05-03
3548,PA,2024-11-13
3549,MI,2025-10-19
3550,GA,2025-08-08
3551,WA,2023-02-13
3552,MI,2024-08-25
3553,CO,2024-09-24
3554,NC,2023-04-02
3555,NC,2025-01-28
3556,CO,2024-12-31
3557,CA,2025-08-11
3558,PA,2023-12-03
3559,WA,2024-11-30
3560,TX,2025-07-13
3561,CA,2024-11-10
3562,FL,2025-08-24
3563,CO,2023-09-21
3564,TX,2023-04-15
3565,NC,2023-08-12
3566,NY,2025-09-04
3567,NJ,2023-04-25
3568,GA,2025-06-09
3569,NC,2024-12-29
3570,WA,2023-02-03
3571,AZ,2025-06-13
3572,MA,2024-04-06
3573,NJ,2024-03-24
3574,NJ,2025-04-08
3575,NY,2025-12-05
3576,GA,2024-02-09
3577,VA,2023-11-29
3578,GA,2023-08-28
3579,FL,2023-08-16
3580,FL,2025-01-02
3581,IL,2025-06-09
3582,NC,2023-06-15
3583,NC,2024-08-07
3584,NC,2025-01-06
3585,IL,2024-08-20
3586,PA,2024-08-15
3587,CA,2024-12-27
3588,AZ,2025-07-13
3589,AZ,2024-10-10
3590,GA,2024-03-22
3591,NY,2023-04-07
3592,WA,2024-01-14
3593,GA,2024-10-31
3594,FL,2024-09-22
3595,NJ,2024-12-08
3596,TX,2024-05-17
3597,MI,2023-10-15
3598,MA,2024-01-04
3599,IL,2023-03-06
3600,CO,2023-06-11
3601,TX,2024-08-19
3602,WA,2025-07-15
3603,NC,2024-07-24
3604,FL,2025-08-31
3605,MI,2024-10-23
3606,VA,2024-04-25
3607,FL,2023-09-26
3608,FL,2025-01-05
3609,NC,2024-07-20
3610,CO,2024-02-10
3611,IL,2025-02-03
3612,TX,2025-05-15
3613,NC,2026-01-22
3614,WA,2024-01-25
3615,IL,2024-06-30
3616,WA,2025-01-11
3617,IL,2025-11-03
3618,CO,2024-08-08
3619,MA,2025-05-23
3620,WA,2023-02-12
3621,NC,2025-05-29
3622,IL,2025-06-29
3623,AZ,2024-08-29
3624,FL,2023-08-26
3625,PA,2024-12-19
3626,GA,2025-01-11
3627,VA,2024-02-08
3628,FL,2023-08-02
3629,CA,2025-04-25
3630,MA,2023-05-12
3631,MA,2023-01-09
3632,FL,2023-06-02
3633,VA,2024-03-06
3634,AZ,2024-04-27
3635,TX,2023-11-01
3636,CO,2023-10-11
3637,WA,2024-04-16
3638,NC,2025-09-19
3639,MA,2023-07-09
3640,FL,2024-05-26
3641,FL,2023-12-09
3642,CO,2024-12-15
3643,AZ,2024-11-10
3644,CO,2025-11-23
3645,NY,2024-04-15
3646,AZ,2025-01-10
3647,NY,2024-05-27
3648,TX,2026-02-12
3649,MI,2023-05-25
3650,PA,2024-07-12
3651,PA,2025-03-02
3652,TX,2023-12-26
3653,CA,2023-10-12
3654,MI,2025-02-03
3655,AZ,2024-08-06
3656,TX,2024-12-27
3657,IL,2025-08-17
3658,CO,2025-01-12
3659,VA,2024-10-15
3660,PA,2023-12-24
3661,AZ,2024-08-09
3662,NC,2023-02-09
3663,IL,2025-06-20
3664,WA,2023-09-30
3665,MI,2025-12-29
3666,FL,2025-04-08
3667,TX,2024-09-14
3668,VA,2024-04-02
3669,FL,2023-08-22
3670,AZ,2023-07-16
3671,MA,2024-06-19
3672,CA,2025-07-26
3673,MA,2023-05-27
3674,CA,2024-07-27
3675,NY,2025-12-26
3676,MI,2023-01-30
3677,FL,2023-04-17
3678,CA,2024-01-25
3679,NJ,2025-05-28
3680,PA,2024-02-10
3681,NJ,2026-02-18
3682,MI,2025-10-31
3683,NJ,2024-08-06
3684,GA,2023-12-13
3685,PA,2025-03-07
3686,IL,2023-04-29
3687,VA,2024-06-03
3688,CA,2025-01-02
3689,CA,2023-03-21
3690,IL,2024-02-23
3691,FL,2024-08-06
3692,FL,2024-12-12
3693,MI,2023-08-22
3694,NJ,2023-09-18
3695,MI,2025-07-21
3696,IL,2024-10-18
3697,MI,2025-11-11
3698,AZ,2023-03-19
3699,PA,2025-01-11
3700,NJ,2024-11-02
3701,MA,2025-11-03
3702,GA,2023-01-30
3703,NC,2024-03-13
3704,WA,2023-03-04
3705,GA,2023-06-06
3706,FL,2024-07-22
3707,VA,2025-07-31
3708,NC,2025-02-15
3709,NY,2023-09-11
3710,TX,2025-10-03
3711,VA,2025-05-22
3712,NJ,2023-07-18
3713,CA,2025-05-30
3714,AZ,2023-01-06
3715,AZ,2025-03-31
3716,IL,2023-09-05
3717,VA,2023-01-04
3718,IL,2024-05-27
3719,CA,2025-04-17
3720,NJ,2024-05-20
3721,VA,2023-01-31
3722,TX,2024-12-09
3723,WA,2025-06-04
3724,TX,2025-01-17
3725,NC,2023-03-20
3726,TX,2023-08-31
3727,AZ,2024-05-15
3728,NC,2023-07-24
3729,TX,2024-12-23
3730,WA,2023-11-29
3731,VA,2024-08-25
3732,WA,2023-06-15
3733,FL,2023-06-10
3734,CA,2023-01-06
3735,WA,2023-07-24
3736,NC,2024-06-15
3737,WA,2026-01-28
3738,FL,2023-02-14
3739,IL,2024-04-01
3740,NC,2023-08-15
3741,FL,2023-02-21
3742,AZ,2026-02-20
3743,MA,2024-04-15
3744,MA,2025-06-15
3745,NY,2024-09-05
3746,TX,2024-05-26
3747,CA,2025-02-24
3748,CO,2024-02-19
3749,GA,2024-09-05
3750,FL,2024-06-03
3751,IL,2024-11-04
3752,GA,2026-01-01
3753,IL,2023-12-11
3754,AZ,2025-11-16
3755,PA,2025-02-13
3756,PA,2024-08-07
3757,PA,2025-05-29
3758,GA,2025-06-16
3759,MI,2025-04-27
3760,FL,2024-12-25
3761,CO,2024-10-18
3762,GA,2024-09-02
3763,FL,2025-10-20
3764,WA,2025-08-04
3765,AZ,2023-06-29
3766,CO,2024-10-08
3767,PA,2024-03-13
3768,NC,2024-01-30
3769,AZ,2024-08-16
3770,IL,2023-02-26
3771,PA,2023-11-22
3772,MA,2023-11-18
3773,TX,2023-07-02
3774,MA,2023-08-23
3775,PA,2024-09-10
3776,AZ,2023-09-23
3777,CO,2025-10-05
3778,NC,2025-04-21
3779,IL,2023-11-25
3780,MI,2024-11-13
3781,NC,2023-01-24
3782,GA,2023-07-15
3783,VA,2024-09-02
3784,IL,2024-09-04
3785,PA,2024-09-23
3786,GA,2023-11-17
3787,VA,2023-07-22
3788,FL,2026-01-18
3789,CO,2023-06-26
3790,NJ,2024-09-18
3791,FL,2023-02-01
3792,NY,2025-08-03
3793,NC,2024-12-27
3794,NJ,2025-08-11
3795,GA,2025-03-30
3796,WA,2025-03-01
3797,FL,2023-08-31
3798,NY,2023-03-11
3799,CA,2025-10-11
3800,NJ,2025-12-30
3801,MA,2023-06-07
3802,IL,2024-07-02
3803,MI,2023-11-22
3804,MI,2025-11-24
3805,NY,2024-04-04
3806,CO,2024-02-20
3807,NJ,2024-07-24
3808,FL,2025-06-04
3809,CO,2024-05-25
3810,MI,2024-01-03
3811,MA,2025-06-30
3812,WA,2025-06-01
3813,NC,2023-07-26
3814,NC,2024-07-31
3815,PA,2024-10-30
3816,CO,2023-04-16
3817,AZ,2024-10-27
3818,GA,2025-11-07
3819,WA,2023-09-17
3820,NC,2023-11-09
3821,WA,2024-09-22
3822,NY,2026-01-30
3823,WA,2024-06-20
3824,TX,2024-11-04
3825,MA,2023-12-16
3826,NC,2023-08-03
3827,WA,2026-02-21
3828,CO,2023-11-24
3829,CA,2025-04-26
3830,TX,2023-04-08
3831,TX,2024-10-20
3832,GA,2023-10-27
3833,WA,2023-01-30
3834,PA,2026-01-02
3835,GA,2023-06-21
3836,VA,2025-10-14
3837,GA,2025-07-11
3838,CA,2023-03-25
3839,NY,2025-09-11
3840,WA,2024-09-30
3841,FL,2023-03-26
3842,MI,2024-10-25
3843,NC,2024-06-02
3844,GA,2023-07-03
3845,MA,2025-08-30
3846,IL,2023-12-07
3847,MA,2023-08-15
3848,CA,2025-04-16
3849,CA,2023-09-21
3850,CO,2024-03-25
3851,VA,2023-06-19
3852,VA,2024-07-19
3853,NY,2023-05-12
3854,PA,2025-04-06
3855,NC,2024-08-28
3856,NJ,2025-12-05
3857,GA,2023-12-16
3858,MA,2023-04-09
3859,IL,2025-11-26
3860,CA,2025-10-05
3861,CA,2023-03-16
3862,NY,2023-02-27
3863,IL,2025-11-08
3864,AZ,2024-02-06
3865,IL,2023-07-07
3866,NY,2023-05-19
3867,CA,2023-05-23
3868,NC,2023-04-18
3869,WA,2023-08-09
3870,WA,2023-05-25
3871,NY,2025-05-07
3872,IL,2024-05-24
3873,GA,2024-01-11
3874,NY,2023-01-05
3875,NC,2024-01-23
3876,NY,2024-07-21
3877,TX,2025-09-10
3878,VA,2024-07-13
3879,MA,2023-12-31
3880,IL,2024-02-21
3881,PA,2023-01-21
3882,CO,2024-09-05
3883,MI,2024-05-31
3884,CO,2024-10-22
3885,IL,2023-11-26
3886,PA,2024-01-13
3887,NJ,2023-06-09
3888,NC,2024-10-19
3889,TX,2023-12-20
3890,TX,2023-03-20
3891,MI,2023-06-01
3892,CA,2024-05-31
3893,MA,2024-01-18
3894,WA,2024-11-23
3895,FL,2023-12-18
3896,NC,2025-08-08
3897,MI,2023-05-13
3898,FL,2024-09-25
3899,AZ,2023-06-18
3900,FL,2025-05-15
3901,IL,2024-01-26
3902,MI,2025-03-30
3903,CO,2023-04-08
3904,CO,2025-09-18
3905,WA,2025-02-18
3906,MI,2023-12-06
3907,IL,2023-05-12
3908,FL,2023-07-29
3909,PA,2025-10-25
3910,AZ,2024-01-12
3911,NJ,2024-10-01
3912,VA,2025-12-13
3913,GA,2024-03-16
3914,CO,2023-08-29
3915,NC,2024-05-15
3916,PA,2023-01-23
3917,NC,2024-09-23
3918,CA,2025-10-13
3919,MI,2023-06-24
3920,NY,2023-07-17
3921,GA,2023-04-09
3922,CO,2025-01-14
3923,AZ,2024-03-28
3924,TX,2025-08-31
3925,CO,2024-05-13
3926,PA,2023-05-21
3927,CA,2025-02-11
3928,NC,2023-06-24
3929,FL,2024-02-24
3930,TX,2024-11-06
3931,IL,2024-06-15
3932,MA,2025-07-06
3933,FL,2023-12-27
3934,MA,2024-03-21
3935,GA,2024-07-09
3936,NJ,2024-12-08
3937,NY,2024-07-14
3938,NJ,2025-09-23
3939,TX,2023-02-28
3940,WA,2025-06-03
3941,TX,2025-08-24
3942,NJ,2025-08-02
3943,CO,2023-09-20
3944,PA,2023-07-15
3945,NC,2023-12-20
3946,CO,2025-06-04
3947,CO,2025-07-29
3948,PA,2025-07-03
3949,PA,2023-02-16
3950,GA,2025-01-22
3951,FL,2023-08-18
3952,WA,2025-01-26
3953,WA,2023-11-12
3954,CO,2025-01-31
3955,MA,2026-01-05
3956,GA,2023-03-03
3957,MI,2023-08-26
3958,MI,2023-03-19
3959,AZ,2025-01-03
3960,CO,2024-07-12
3961,NY,2025-08-01
3962,NC,2024-10-11
3963,PA,2025-11-13
3964,FL,2025-11-18
3965,IL,2023-12-17
3966,PA,2025-07-01
3967,NY,2023-12-16
3968,MA,2024-04-20
3969,TX,2023-10-19
3970,VA,2025-06-06
3971,TX,2024-04-12
3972,NJ,2023-11-02
3973,NY,2024-04-22
3974,NJ,2026-02-25
3975,CO,2024-03-24
3976,IL,2023-08-18
3977,CA,2025-11-30
3978,PA,2025-03-03
3979,CA,2024-11-04
3980,MA,2025-04-03
3981,CO,2025-04-15
3982,WA,2025-11-10
3983,PA,2023-12-13
3984,NJ,2023-01-10
3985,WA,2023-03-28
3986,FL,2024-06-28
3987,AZ,2025-05-22
3988,IL,2024-12-15
3989,AZ,2023-01-04
3990,IL,2025-11-12
3991,TX,2025-06-19
3992,GA,2023-09-30
3993,PA,2026-02-04
3994,NJ,2025-05-30
3995,AZ,2025-07-24
3996,MA,2023-01-02
3997,CA,2026-02-18
3998,MI,2023-05-29
3999,VA,2025-08-05
4000,MA,2023-06-01
4001,WA,2023-11-02
4002,WA,2025-05-31
4003,AZ,2024-04-19
4004,VA,2025-03-17
4005,NY,2025-12-30
4006,FL,2023-02-02
4007,PA,2025-02-16
4008,IL,2025-03-05
4009,NC,2024-01-02
4010,MI,2023-09-19
4011,NJ,2024-10-07
4012,MA,2024-06-21
4013,NJ,2025-12-02
4014,WA,2023-01-16
4015,GA,2023-04-15
4016,TX,2025-03-01
4017,CA,2024-12-20
4018,FL,2025-12-18
4019,GA,2025-10-05
4020,FL,2023-02-17
4021,NY,2024-10-21
4022,NC,2025-03-11
4023,AZ,2023-04-24
4024,AZ,2023-10-23
4025,WA,2024-03-13
4026,TX,2023-09-23
4027,VA,2023-06-11
4028,PA,2024-05-18
4029,VA,2025-11-25
4030,GA,2024-08-09
4031,FL,2024-04-02
4032,IL,2025-10-02
4033,NY,2023-09-29
4034,IL,2024-04-24
4035,TX,2025-08-14
4036,PA,2023-06-08
4037,PA,2025-01-24
4038,GA,2023-07-23
4039,NJ,2025-03-05
4040,NY,2024-05-26
4041,MI,2023-04-26
4042,PA,2024-01-27
4043,PA,2024-11-18
4044,GA,2025-07-18
4045,WA,2024-12-26
4046,CO,2024-01-04
4047,NY,2024-07-22
4048,IL,2025-06-19
4049,TX,2025-01-10
4050,PA,2023-11-23
4051,PA,2023-02-06
4052,AZ,2025-09-12
4053,NC,2024-01-15
4054,WA,2025-03-06
4055,PA,2024-01-04
4056,CO,2023-08-12
4057,NC,2025-03-24
4058,AZ,2026-01-28
4059,CA,2026-01-03
4060,WA,2024-12-24
4061,TX,2024-12-03
4062,FL,2023-03-04
4063,NY,2023-04-09
4064,GA,2025-02-15
4065,TX,2023-03-16
4066,MI,2023-07-03
4067,NY,2025-12-16
4068,NC,2024-04-13
4069,NJ,2023-05-20
4070,GA,2023-12-25
4071,MA,2025-09-06
4072,IL,2023-10-27
4073,CA,2024-03-01
4074,WA,2025-09-21
4075,PA,2023-06-10
4076,NJ,2024-02-05
4077,AZ,2025-01-10
4078,MI,2025-05-11
4079,NJ,2024-05-08
4080,TX,2024-05-03
4081,CA,2024-06-09
4082,FL,2026-01-28
4083,VA,2025-01-06
4084,NY,2023-12-24
4085,NY,2024-07-18
4086,TX,2025-10-26
4087,CO,2023-03-31
4088,CO,2023-03-05
4089,PA,2026-01-16
4090,MI,2025-11-22
4091,MA,2025-12-31
4092,IL,2023-09-10
4093,GA,2023-04-17
4094,FL,2025-07-18
4095,PA,2024-05-28
4096,CA,2023-05-16
4097,CO,2024-09-20
4098,MA,2024-02-13
4099,MA,2023-05-01
4100,MI,2025-03-10
4101,TX,2025-04-03
4102,FL,2026-01-22
4103,NC,2024-05-19
4104,GA,2023-01-07
4105,MI,2025-08-01
4106,IL,2023-07-10
4107,MI,2024-04-01
4108,MI,2024-01-21
4109,WA,2025-03-13
4110,TX,2025-05-15
4111,GA,2025-10-19
4112,WA,2023-10-05
4113,WA,2025-04-06
4114,AZ,2025-08-02
4115,FL,2023-02-21
4116,AZ,2024-01-31
4117,FL,2025-02-17
4118,PA,2024-11-24
4119,CA,2023-07-30
4120,MA,2025-06-08
4121,GA,2023-09-27
4122,TX,2024-06-28
4123,PA,2025-10-03
4124,VA,2025-04-24
4125,MI,2025-10-12
4126,NY,2024-02-02
4127,TX,2025-03-24
4128,CA,2024-09-30
4129,IL,2024-05-07
4130,NJ,2025-08-08
4131,NJ,2023-05-08
4132,MA,2023-03-15
4133,NJ,2024-03-27
4134,NJ,2024-03-13
4135,NY,2024-03-23
4136,CO,2026-01-30
4137,AZ,2024-07-12
4138,IL,2025-08-27
4139,AZ,2025-07-25
4140,FL,2023-10-10
4141,WA,2025-01-29
4142,CO,2023-03-27
4143,AZ,2023-06-13
4144,TX,2025-05-26
4145,TX,2025-12-16
4146,AZ,2023-07-25
4147,MI,2023-05-28
4148,AZ,2025-03-01
4149,NJ,2025-11-10
4150,FL,2025-08-04
4151,CA,2024-07-10
4152,GA,2025-01-30
4153,CO,2023-01-30
4154,CO,2023-08-13
4155,AZ,2024-03-04
4156,NC,2024-06-12
4157,IL,2025-11-17
4158,MA,2023-05-06
4159,IL,2025-03-23
4160,GA,2024-05-13
4161,TX,2024-10-15
4162,AZ,2023-05-18
4163,TX,2025-09-20
4164,TX,2025-01-10
4165,NC,2023-08-02
4166,TX,2023-10-18
4167,GA,2025-08-01
4168,PA,2024-01-06
4169,FL,2024-06-13
4170,VA,2024-11-22
4171,MA,2024-07-02
4172,AZ,2025-02-12
4173,MI,2025-10-13
4174,GA,2024-02-23
4175,NJ,2023-12-27
4176,PA,2026-01-03
4177,MA,2025-07-08
4178,GA,2024-07-20
4179,PA,2024-12-18
4180,TX,2024-12-27
4181,MI,2026-02-03
4182,FL,2024-01-02
4183,AZ,2024-02-06
4184,CO,2023-04-13
4185,IL,2025-02-25
4186,WA,2023-11-21
4187,VA,2024-01-08
4188,FL,2023-12-04
4189,CO,2025-06-09
4190,CA,2025-11-22
4191,AZ,2026-02-05
4192,GA,2026-01-01
4193,CA,2025-12-27
4194,CO,2025-09-23
4195,FL,2023-02-01
4196,GA,2025-07-15
4197,AZ,2024-09-11
4198,NJ,2026-01-07
4199,WA,2025-05-27
4200,TX,2023-06-24
4201,GA,2023-01-15
4202,NJ,2025-12-10
4203,AZ,2023-04-17
4204,AZ,2024-04-13
4205,GA,2023-07-21
4206,FL,2025-11-30
4207,NJ,2025-07-05
4208,FL,2023-12-02
4209,PA,2023-04-15
4210,CO,2023-07-22
4211,NY,2026-01-23
4212,GA,2023-03-06
4213,VA,2024-07-06
4214,AZ,2023-08-12
4215,IL,2024-01-15
4216,GA,2023-09-12
4217,CO,2023-06-20
4218,MI,2024-09-04
4219,MI,2024-10-13
4220,MA,2024-12-18
4221,VA,2025-04-11
4222,AZ,2025-03-29
4223,CA,2023-03-14
4224,AZ,2025-12-19
4225,PA,2024-03-30
4226,TX,2023-12-02
4227,NJ,2024-10-29
4228,AZ,2026-02-21
4229,NY,2023-01-14
4230,WA,2023-01-27
4231,MI,2025-12-09
4232,WA,2023-07-06
4233,WA,2025-12-16
4234,FL,2025-02-09
4235,WA,2024-10-28
4236,TX,2025-09-16
4237,PA,2025-11-23
4238,CA,2024-06-21
4239,WA,2025-07-24
4240,VA,2024-01-06
4241,GA,2023-03-27
4242,VA,2023-06-09
4243,GA,2024-02-29
4244,FL,2026-02-03
4245,TX,2023-10-02
4246,CA,2023-09-15
4247,NY,2025-08-20
4248,CO,2025-08-31
4249,CA,2024-06-10
4250,CO,2024-06-16
4251,VA,2025-12-18
4252,MA,2023-04-23
4253,MI,2023-09-14
4254,CO,2023-11-25
4255,PA,2025-02-15
4256,IL,2023-02-20
4257,PA,2023-08-09
4258,AZ,2025-02-21
4259,MI,2024-08-18
4260,MI,2023-08-10
4261,GA,2025-07-31
4262,TX,2025-12-13
4263,NC,2023-07-17
4264,FL,2023-05-08
4265,VA,2025-10-29
4266,IL,2025-09-13
4267,CO,2023-08-15
4268,WA,2024-07-11
4269,TX,2025-11-05
4270,IL,2023-08-03
4271,FL,2026-02-09
4272,GA,2025-05-04
4273,VA,2024-02-29
4274,TX,2023-11-14
4275,FL,2023-12-26
4276,MA,2025-07-24
4277,MA,2025-08-15
4278,PA,2025-07-08
4279,PA,2025-06-20
4280,FL,2023-07-17
4281,IL,2024-02-02
4282,PA,2024-08-12
4283,VA,2023-08-30
4284,TX,2024-03-04
4285,IL,2024-09-02
4286,PA,2023-01-06
4287,NY,2026-01-12
4288,CO,2024-12-10
4289,NY,2023-12-26
4290,NJ,2025-11-09
4291,MA,2024-05-17
4292,GA,2023-08-15
4293,CA,2023-04-19
4294,CO,2025-01-12
4295,MA,2025-03-21
4296,IL,2026-01-15
4297,IL,2025-02-24
4298,IL,2023-08-16
4299,GA,2025-05-01
4300,NY,2025-04-07
4301,CA,2024-01-14
4302,VA,2024-01-20
4303,PA,2023-04-23
4304,IL,2023-10-18
4305,NC,2026-02-02
4306,NJ,2023-10-18
4307,CO,2024-11-07
4308,TX,2023-03-01
4309,PA,2023-04-16
4310,NC,2024-09-14
4311,CA,2023-03-30
4312,GA,2025-01-11
4313,VA,2026-02-16
4314,VA,2025-06-18
4315,CA,2024-03-20
4316,TX,2025-10-03
4317,CO,2023-11-02
4318,AZ,2024-09-06
4319,TX,2023-07-21
4320,VA,2025-08-01
4321,FL,2025-11-12
4322,CO,2026-01-18
4323,CA,2024-04-15
4324,VA,2026-01-21
4325,VA,2025-09-05
4326,IL,2023-11-05
4327,CA,2025-01-02
4328,AZ,2024-06-19
4329,CA,2024-01-11
4330,AZ,2024-05-13
4331,CO,2024-09-27
4332,NJ,2023-05-22
4333,FL,2025-12-11
4334,PA,2025-12-29
4335,CA,2023-09-17
4336,NC,2024-01-13
4337,MA,2025-11-28
4338,WA,2023-12-14
4339,WA,2025-04-07
4340,CA,2024-05-20
4341,AZ,2024-01-17
4342,NC,2024-02-29
4343,NJ,2023-11-18
4344,IL,2023-09-07
4345,AZ,2023-06-29
4346,GA,2025-09-30
4347,GA,2023-01-29
4348,CO,2025-01-07
4349,WA,2023-07-06
4350,CA,2023-02-24
4351,GA,2025-05-27
4352,CA,2024-05-28
4353,CO,2023-01-17
4354,WA,2023-03-29
4355,TX,2025-12-17
4356,NJ,2024-12-04
4357,MA,2024-12-25
4358,MA,2025-12-05
4359,GA,2025-06-13
4360,MA,2024-03-27
4361,VA,2024-03-02
4362,NJ,2023-04-28
4363,AZ,2024-11-18
4364,TX,2025-10-18
4365,NJ,2024-08-02
4366,VA,2023-09-08
4367,MI,2024-02-07
4368,AZ,2025-07-09
4369,VA,2023-07-19
4370,CA,2025-12-10
4371,CO,2025-07-02
4372,PA,2023-11-16
4373,TX,2023-07-18
4374,PA,2023-05-25
4375,CO,2025-12-18
4376,CO,2023-05-23
4377,VA,2026-01-28
4378,WA,2025-11-15
4379,VA,2024-06-09
4380,PA,2023-05-02
4381,VA,2023-09-22
4382,CA,2025-10-27
4383,VA,2024-12-31
4384,NC,2024-01-31
4385,MA,2025-07-01
4386,PA,2023-04-18
4387,NC,2025-05-08
4388,WA,2024-09-27
4389,CO,2025-07-21
4390,GA,2025-02-07
4391,NJ,2025-10-29
4392,AZ,2026-02-22
4393,MA,2023-02-05
4394,AZ,2025-10-24
4395,VA,2024-02-17
4396,MI,2026-01-15
4397,MA,2024-04-27
4398,CA,2025-06-30
4399,MI,2024-08-25
4400,FL,2025-12-17
4401,NY,2023-06-21
4402,NY,2023-09-17
4403,NY,2023-01-25
4404,FL,2023-07-17
4405,AZ,2024-08-01
4406,CA,2024-02-27
4407,MI,2026-02-15
4408,FL,2025-03-02
4409,NY,2023-01-06
4410,WA,2026-01-25
4411,TX,2023-03-13
4412,MI,2025-07-17
4413,PA,2024-03-07
4414,CO,2025-08-20
4415,FL,2024-01-15
4416,CA,2024-07-03
4417,CA,2025-03-18
4418,PA,2023-02-25
4419,NC,2024-09-06
4420,TX,2026-01-31
4421,MI,2023-08-04
4422,GA,2023-01-21
4423,MA,2023-07-29
4424,NY,2023-10-18
4425,MI,2024-12-15
4426,VA,2025-04-14
4427,GA,2023-07-07
4428,NC,2023-07-10
4429,NY,2024-02-11
4430,TX,2023-08-02
4431,NJ,2024-07-07
4432,VA,2025-08-17
4433,NC,2024-08-15
4434,AZ,2023-02-10
4435,NY,2024-01-05
4436,TX,2023-01-20
4437,IL,2025-10-29
4438,GA,2025-04-04
4439,GA,2023-01-18
4440,MA,2025-01-17
4441,PA,2023-11-15
4442,TX,2025-05-10
4443,FL,2025-08-25
4444,IL,2023-09-09
4445,NJ,2023-12-06
4446,WA,2025-01-20
4447,NY,2025-08-25
4448,VA,2024-04-06
4449,IL,2024-09-22
4450,TX,2024-02-05
4451,AZ,2024-01-06
4452,CO,2023-10-09
4453,NY,2024-01-25
4454,CA,2023-12-03
4455,GA,2023-09-30
4456,AZ,2025-10-16
4457,PA,2024-10-01
4458,TX,2025-03-28
4459,NJ,2023-01-06
4460,CA,2024-08-08
4461,MA,2025-12-15
4462,VA,2025-04-01
4463,MI,2023-08-26
4464,NC,2024-05-04
4465,WA,2025-11-11
4466,WA,2024-03-16
4467,AZ,2025-11-30
4468,CA,2025-05-07
4469,MI,2023-09-15
4470,MI,2023-02-17
4471,GA,2024-05-17
4472,MA,2023-05-19
4473,CO,2024-05-23
4474,GA,2024-10-15
4475,IL,2024-04-05
4476,PA,2024-10-31
4477,WA,2025-11-28
4478,IL,2024-03-08
4479,NJ,2024-04-29
4480,NY,2025-12-17
4481,FL,2024-05-10
4482,TX,2025-05-24
4483,VA,2024-08-23
4484,MA,2024-10-16
4485,GA,2024-08-29
4486,WA,2023-06-05
4487,IL,2023-07-20
4488,NC,2025-10-18
4489,AZ,2024-05-13
4490,PA,2024-05-02
4491,PA,2023-06-09
4492,NY,2025-12-29
4493,TX,2025-04-10
4494,TX,2025-08-29
4495,PA,2024-03-06
4496,PA,2023-04-27
4497,MI,2024-11-27
4498,GA,2023-07-22
4499,MI,2025-08-19
4500,MA,2024-04-06
4501,CO,2025-08-01
4502,NJ,2024-11-30
4503,NC,2023-07-20
4504,NJ,2024-05-30
4505,GA,2024-08-28
4506,IL,2025-01-13
4507,FL,2025-05-24
4508,PA,2023-12-13
4509,CA,2023-12-15
4510,CO,2025-05-07
4511,MA,2024-01-29
4512,NY,2025-09-20
4513,CO,2025-09-04
4514,PA,2023-06-16
4515,WA,2025-09-02
4516,MA,2024-03-27
4517,FL,2025-05-09
4518,WA,2023-07-29
4519,CO,2025-02-06
4520,CA,2023-08-02
4521,CA,2025-08-30
4522,MI,2023-10-31
4523,FL,2026-02-06
4524,TX,2025-05-06
4525,VA,2025-05-10
4526,NC,2025-03-18
4527,PA,2023-04-30
4528,NY,2024-03-02
4529,PA,2025-08-02
4530,TX,2023-11-26
4531,NJ,2024-09-26
4532,MI,2024-07-17
4533,MI,2023-06-29
4534,NJ,2023-10-17
4535,AZ,2023-07-06
4536,NJ,2024-04-30
4537,CA,2026-02-05
4538,CA,2026-02-23
4539,IL,2025-02-11
4540,WA,2025-11-23
4541,CO,2023-07-01
4542,NY,2023-05-26
4543,FL,2025-12-03
4544,CO,2024-05-13
4545,PA,2025-03-13
4546,IL,2024-06-14
4547,CA,2023-07-30
4548,MI,2025-06-11
4549,FL,2023-01-05
4550,CA,2023-11-07
4551,VA,2023-06-11
4552,NY,2023-08-04
4553,WA,2025-02-24
4554,AZ,2025-04-15
4555,CO,2023-09-09
4556,CO,2025-11-27
4557,NJ,2023-08-16
4558,TX,2025-06-27
4559,NJ,2023-10-12
4560,VA,2024-10-10
4561,FL,2024-01-01
4562,NC,2025-12-27
4563,NJ,2026-02-01
4564,AZ,2023-07-11
4565,IL,2024-10-05
4566,NJ,2025-06-25
4567,NJ,2024-12-31
4568,NC,2023-01-26
4569,TX,2024-12-12
4570,NY,2024-09-06
4571,IL,2023-07-12
4572,NJ,2024-01-16
4573,VA,2025-10-22
4574,MI,2025-12-04
4575,WA,2025-07-27
4576,AZ,2023-01-03
4577,NC,2025-07-18
4578,WA,2023-10-05
4579,NC,2023-06-25
4580,VA,2023-10-09
4581,WA,2026-02-17
4582,NC,2024-04-03
4583,PA,2025-08-08
4584,WA,2023-12-07
4585,TX,2024-11-27
4586,MA,2024-12-26
4587,IL,2023-05-01
4588,FL,2024-07-28
4589,NY,2023-10-03
4590,PA,2025-08-26
4591,GA,2025-09-13
4592,CA,2023-01-29
4593,VA,2024-11-15
4594,VA,2023-11-17
4595,NJ,2024-10-04
4596,MI,2023-12-18
4597,AZ,2024-06-15
4598,FL,2026-01-09
4599,CA,2023-10-21
4600,VA,2024-04-02
4601,IL,2025-01-16
4602,FL,2025-01-02
4603,WA,2025-12-19
4604,WA,2024-06-26
4605,GA,2024-01-15
4606,CA,2023-11-20
4607,VA,2025-12-21
4608,NY,2025-08-02
4609,VA,2025-04-22
4610,IL,2023-12-28
4611,WA,2023-02-22
4612,NJ,2024-02-06
4613,MA,2024-11-11
4614,TX,2025-09-19
4615,TX,2025-05-18
4616,NC,2024-12-07
4617,NY,2026-01-11
4618,VA,2024-01-14
4619,TX,2024-10-07
4620,NC,2025-07-21
4621,CA,2023-03-22
4622,WA,2024-12-31
4623,AZ,2024-05-28
4624,MI,2025-07-09
4625,PA,2025-02-01
4626,WA,2024-05-08
4627,PA,2025-07-29
4628,NJ,2025-11-26
4629,MA,2025-01-10
4630,FL,2023-11-21
4631,TX,2025-12-15
4632,CA,2026-02-18
4633,PA,2023-11-10
4634,MI,2023-04-13
4635,CO,2024-03-14
4636,VA,2025-03-27
4637,TX,2025-01-16
4638,VA,2023-02-07
4639,MI,2025-03-23
4640,NY,2025-10-13
4641,NJ,2023-06-04
4642,FL,2025-11-21
4643,TX,2024-05-03
4644,VA,2025-11-06
4645,CA,2023-08-28
4646,TX,2023-12-12
4647,PA,2023-01-16
4648,NY,2024-08-09
4649,CO,2025-08-07
4650,IL,2023-09-17
4651,GA,2023-12-27
4652,CO,2024-04-04
4653,NC,2025-07-19
4654,TX,2026-01-13
4655,WA,2025-12-22
4656,MA,2023-04-10
4657,WA,2025-01-24
4658,CO,2023-10-22
4659,PA,2025-07-17
4660,WA,2023-11-24
4661,CA,2025-02-02
4662,WA,2025-12-01
4663,FL,2023-08-30
4664,IL,2026-01-19
4665,TX,2025-11-17
4666,MI,2024-04-03
4667,NJ,2024-10-28
4668,WA,2023-08-08
4669,NY,2025-05-08
4670,NJ,2023-09-21
4671,IL,2023-05-01
4672,VA,2025-12-05
4673,MI,2026-02-12
4674,PA,2024-03-10
4675,IL,2024-04-28
4676,WA,2023-10-07
4677,IL,2025-11-11
4678,NJ,2024-12-14
4679,MA,2023-03-09
4680,PA,2025-01-12
4681,WA,2025-12-17
4682,CA,2025-10-18
4683,CO,2023-10-18
4684,FL,2023-06-18
4685,GA,2024-07-09
4686,AZ,2023-12-19
4687,NC,2023-10-10
4688,PA,2025-12-25
4689,IL,2024-03-31
4690,CA,2025-08-16
4691,TX,2025-10-01
4692,TX,2024-04-21
4693,NC,2023-10-12
4694,PA,2023-01-31
4695,PA,2024-03-23
4696,FL,2023-08-02
4697,IL,2025-11-14
4698,MI,2024-02-01
4699,MA,2023-12-03
4700,NC,2025-07-24
4701,FL,2025-08-25
4702,IL,2025-05-04
4703,NJ,2025-06-21
4704,CA,2024-11-02
4705,AZ,2025-02-07
4706,CO,2024-09-14
4707,MA,2024-07-12
4708,MI,2024-07-01
4709,NJ,2025-07-11
4710,NJ,2024-07-07
4711,GA,2024-04-23
4712,TX,2025-04-23
4713,NY,2023-03-11
4714,CA,2024-05-19
4715,TX,2023-04-20
4716,WA,2024-02-01
4717,AZ,2023-12-17
4718,NJ,2025-09-21
4719,NY,2025-02-27
4720,PA,2024-02-25
4721,TX,2025-07-10
4722,MI,2023-04-21
4723,MI,2023-07-28
4724,MI,2025-07-19
4725,FL,2024-02-29
4726,MA,2023-11-24
4727,VA,2023-01-11
4728,TX,2025-05-05
4729,MI,2023-09-11
4730,GA,2023-05-09
4731,CO,2023-04-10
4732,FL,2023-10-17
4733,VA,2026-02-22
4734,CA,2024-10-07
4735,CA,2024-10-26
4736,CA,2024-11-28
4737,CA,2023-07-02
4738,CO,2023-12-17
4739,TX,2024-12-08
4740,MI,2024-11-08
4741,IL,2025-03-12
4742,TX,2023-12-06
4743,NJ,2023-04-21
4744,WA,2023-09-18
4745,VA,2024-01-06
4746,MI,2024-08-26
4747,AZ,2024-03-24
4748,VA,2025-05-10
4749,MI,2025-12-06
4750,MA,2024-10-17
4751,NY,2023-05-29
4752,IL,2023-12-16
4753,VA,2023-11-19
4754,IL,2025-05-14
4755,NJ,2026-02-17
4756,TX,2025-10-01
4757,IL,2024-02-02
4758,NC,2024-10-07
4759,NC,2024-02-17
4760,AZ,2023-02-06
4761,WA,2023-07-06
4762,PA,2024-02-24
4763,NY,2024-12-25
4764,GA,2026-02-07
4765,CO,2023-07-06
4766,TX,2024-04-15
4767,CO,2026-01-06
4768,AZ,2025-03-20
4769,GA,2023-11-26
4770,AZ,2026-02-22
4771,MI,2025-08-15
4772,TX,2023-11-16
4773,TX,2024-04-19
4774,NY,2025-04-05
4775,CO,2024-05-28
4776,NC,2023-11-30
4777,CA,2025-12-30
4778,CO,2024-04-09
4779,MA,2024-12-24
4780,AZ,2023-01-08
4781,MA,2023-06-13
4782,TX,2025-02-19
4783,CA,2023-12-24
4784,FL,2023-03-22
4785,GA,2025-02-12
4786,WA,2025-07-09
4787,CA,2025-06-17
4788,MI,2025-07-10
4789,WA,2025-12-06
4790,VA,2025-04-04
4791,CO,2025-10-14
4792,CO,2026-01-07
4793,WA,2024-11-10
4794,PA,2025-11-12
4795,GA,2024-03-13
4796,MI,2025-08-03
4797,CA,2025-02-14
4798,FL,2024-11-06
4799,TX,2023-01-10
4800,NY,2023-06-07
4801,MI,2025-05-17
4802,CO,2025-02-22
4803,MA,2023-11-16
4804,GA,2023-05-01
4805,NY,2023-05-19
4806,AZ,2024-11-04
4807,AZ,2023-02-13
4808,FL,2025-03-26
4809,AZ,2023-04-08
4810,MI,2023-08-27
4811,IL,2024-04-19
4812,NJ,2024-06-07
4813,TX,2024-07-10
4814,CO,2023-01-09
4815,TX,2025-12-13
4816,AZ,2024-09-07
4817,PA,2023-06-01
4818,VA,2024-02-14
4819,VA,2023-01-10
4820,NY,2025-08-14
4821,VA,2024-07-05
4822,VA,2024-07-09
4823,TX,2025-05-29
4824,NJ,2023-09-25
4825,IL,2025-10-10
4826,NY,2024-10-28
4827,CO,2024-03-26
4828,CA,2024-08-16
4829,MA,2024-02-02
4830,NY,2025-07-09
4831,NC,2025-12-11
4832,PA,2025-12-18
4833,IL,2023-10-21
4834,PA,2025-02-26
4835,NY,2025-08-09
4836,NY,2025-05-18
4837,NC,2023-04-20
4838,VA,2023-04-17
4839,CO,2025-10-09
4840,MI,2023-10-24
4841,MI,2025-04-18
4842,PA,2026-01-23
4843,NY,2025-09-11
4844,MA,2025-04-24
4845,TX,2023-03-20
4846,CO,2024-12-30
4847,MA,2023-12-05
4848,AZ,2023-02-26
4849,CO,2025-07-08
4850,AZ,2023-05-27
4851,MA,2025-01-15
4852,NJ,2025-11-06
4853,IL,2024-01-03
4854,VA,2024-12-09
4855,MA,2023-09-05
4856,WA,2023-05-30
4857,MA,2024-12-14
4858,CA,2023-08-05
4859,CA,2025-10-26
4860,GA,2024-10-31
4861,AZ,2025-05-10
4862,WA,2023-10-31
4863,VA,2024-02-07
4864,WA,2025-05-09
4865,TX,2024-01-15
4866,WA,2024-03-27
4867,TX,2024-11-24
4868,GA,2023-05-25
4869,GA,2023-02-19
4870,IL,2026-01-28
4871,MI,2023-12-09
4872,CA,2025-05-31
4873,MA,2025-06-08
4874,MA,2025-11-02
4875,AZ,2025-01-31
4876,NC,2025-04-27
4877,NC,2025-07-12
4878,FL,2026-02-03
4879,CO,2023-07-08
4880,IL,2025-12-09
4881,FL,2024-02-14
4882,FL,2023-08-15
4883,NY,2023-08-01
4884,AZ,2025-10-01
4885,NY,2024-02-23
4886,PA,2026-01-12
4887,AZ,2025-07-07
4888,FL,2025-02-15
4889,WA,2023-08-09
4890,CO,2023-06-25
4891,MI,2024-08-06
4892,IL,2024-06-18
4893,AZ,2024-12-25
4894,MI,2023-11-20
4895,FL,2023-03-26
4896,VA,2025-10-16
4897,NJ,2025-06-05
4898,MA,2023-04-22
4899,CO,2024-09-19
4900,NY,2025-08-06
4901,PA,2025-01-19
4902,MA,2023-02-21
4903,MI,2023-03-25
4904,AZ,2024-12-12
4905,NY,2024-12-31
4906,NY,2025-01-10
4907,CO,2025-04-08
4908,NY,2024-02-29
4909,MI,2025-11-10
4910,NJ,2023-02-25
4911,GA,2025-03-22
4912,PA,2025-03-17
4913,CA,2025-10-05
4914,MI,2024-10-16
4915,GA,2025-10-03
4916,MI,2025-06-26
4917,CA,2023-01-08
4918,NC,2023-05-04
4919,VA,2026-01-29
4920,NC,2025-09-16
4921,NY,2025-04-14
4922,IL,2026-01-21
4923,IL,2025-02-04
4924,CA,2026-01-08
4925,MA,2023-01-31
4926,CO,2024-01-13
4927,NY,2023-11-26
4928,CO,2023-10-09
4929,GA,2025-11-01
4930,IL,2024-09-30
4931,WA,2025-05-21
4932,PA,2024-11-29
4933,GA,2023-03-10
4934,VA,2025-04-20
4935,PA,2023-01-23
4936,NJ,2023-12-03
4937,GA,2024-03-02
4938,CA,2025-04-24
4939,NJ,2023-07-28
4940,TX,2023-08-03
4941,GA,2024-09-26
4942,NJ,2024-02-27
4943,NY,2023-03-14
4944,PA,2025-04-02
4945,FL,2025-02-24
4946,FL,2025-07-26
4947,NY,2025-11-30
4948,MI,2023-10-16
4949,TX,2024-07-08
4950,VA,2024-03-14
4951,TX,2023-01-28
4952,CA,2023-09-27
4953,IL,2023-03-15
4954,CO,2024-11-04
4955,PA,2023-09-03
4956,TX,2024-02-14
4957,WA,2024-05-12
4958,CA,2025-10-08
4959,NC,2023-07-30
4960,MA,2025-03-02
4961,NC,2023-12-26
4962,VA,2024-08-04
4963,CA,2025-11-09
4964,PA,2024-02-27
4965,NJ,2023-05-01
4966,GA,2023-06-22
4967,CO,2023-02-03
4968,MA,2025-07-06
4969,NC,2023-03-12
4970,MI,2024-06-28
4971,MA,2025-02-12
4972,WA,2025-02-22
4973,WA,2025-08-25
4974,NJ,2024-06-18
4975,VA,2023-01-14
4976,WA,2023-09-28
4977,CA,2025-12-12
4978,CO,2024-04-07
4979,PA,2024-06-06
4980,NJ,2025-02-08
4981,CA,2025-05-04
4982,FL,2025-03-02
4983,MI,2024-03-18
4984,GA,2023-09-08
4985,AZ,2023-06-09
4986,GA,2023-02-05
4987,WA,2025-05-29
4988,FL,2024-01-28
4989,TX,2023-02-13
4990,TX,2023-11-11
4991,PA,2024-02-12
4992,WA,2025-06-13
4993,NC,2023-07-25
4994,CA,2023-02-10
4995,WA,2024-08-10
4996,IL,2024-12-14
4997,MA,2025-06-16
4998,PA,2023-04-05
4999,GA,2024-06-23
5000,TX,2023-02-28
5001,MI,2025-05-03
5002,NY,2024-05-23
5003,AZ,2024-05-27
5004,TX,2025-03-09
5005,PA,2025-11-11
5006,GA,2025-01-07
5007,PA,2024-11-29
5008,MA,2025-06-05
5009,GA,2024-04-15
5010,VA,2023-10-11
5011,NY,2024-01-07
5012,WA,2025-11-16
5013,VA,2025-05-04
5014,FL,2023-05-09
5015,MI,2024-05-21
5016,NY,2026-01-23
5017,GA,2024-07-31
5018,GA,2024-04-17
5019,IL,2025-10-04
5020,NJ,2024-10-29
5021,IL,2023-11-16
5022,CO,2023-02-27
5023,IL,2023-09-30
5024,CA,2026-01-07
5025,FL,2025-09-08
5026,VA,2023-02-10
5027,MA,2025-01-07
5028,VA,2025-11-12
5029,VA,2024-12-09
5030,NY,2023-08-24
5031,GA,2023-05-06
5032,CO,2025-02-16
5033,CO,2025-04-15
5034,MA,2023-05-20
5035,FL,2025-05-28
5036,NY,2024-01-29
5037,TX,2025-04-07
5038,PA,2023-05-07
5039,IL,2026-02-11
5040,PA,2025-04-16
5041,PA,2024-06-08
5042,WA,2023-05-26
5043,PA,2025-01-04
5044,CO,2024-12-28
5045,IL,2023-06-18
5046,IL,2026-02-22
5047,CA,2023-10-27
5048,FL,2025-07-26
5049,WA,2024-06-05
5050,PA,2023-04-15
5051,NJ,2024-09-09
5052,TX,2025-08-26
5053,VA,2024-05-20
5054,GA,2023-10-29
5055,CA,2024-10-14
5056,IL,2023-03-05
5057,IL,2024-08-12
5058,NC,2023-08-20
5059,WA,2023-11-15
5060,PA,2025-04-08
5061,MI,2023-04-02
5062,WA,2025-08-18
5063,NC,2023-03-05
5064,AZ,2025-04-23
5065,VA,2023-08-07
5066,WA,2024-12-04
5067,IL,2024-09-10
5068,CO,2023-09-04
5069,NY,2025-08-21
5070,IL,2025-10-10
5071,CA,2023-02-26
5072,FL,2025-12-04
5073,AZ,2026-01-14
5074,NC,2025-11-27
5075,TX,2023-07-01
5076,GA,2023-06-13
5077,TX,2025-01-26
5078,MI,2023-05-06
5079,IL,2023-09-24
5080,CA,2023-12-20
5081,PA,2026-02-19
5082,IL,2024-09-01
5083,FL,2024-04-13
5084,CO,2025-03-11
5085,VA,2023-05-13
5086,NJ,2025-10-08
5087,GA,2025-04-28
5088,FL,2025-10-16
5089,NC,2023-11-14
5090,PA,2024-12-11
5091,NC,2026-02-22
5092,IL,2024-03-26
5093,CA,2024-09-24
5094,FL,2023-05-22
5095,MA,2025-09-30
5096,PA,2025-05-08
5097,MI,2024-07-22
5098,CA,2023-10-31
5099,CO,2024-10-18
5100,PA,2024-10-05
5101,NC,2024-08-15
5102,PA,2023-01-30
5103,NJ,2024-11-25
5104,IL,2023-06-07
5105,WA,2023-05-26
5106,NC,2023-12-06
5107,NJ,2025-05-15
5108,MI,2023-04-02
5109,AZ,2023-11-25
5110,GA,2023-06-21
5111,NY,2024-12-02
5112,WA,2025-11-20
5113,IL,2024-09-12
5114,MA,2023-09-29
5115,WA,2026-01-23
5116,GA,2025-09-15
5117,CA,2023-03-18
5118,MA,2023-05-31
5119,NC,2023-05-22
5120,MA,2023-08-19
5121,FL,2025-08-11
5122,GA,2023-05-08
5123,AZ,2025-05-09
5124,PA,2024-11-26
5125,NJ,2024-05-11
5126,WA,2025-03-20
5127,FL,2023-05-11
5128,VA,2023-09-26
5129,MA,2024-09-09
5130,FL,2025-08-19
5131,MI,2025-12-10
5132,TX,2025-03-19
5133,GA,2025-10-25
5134,NJ,2024-10-09
5135,CO,2025-01-07
5136,CA,2024-05-16
5137,MA,2024-02-13
5138,GA,2026-01-19
5139,CO,2025-03-30
5140,CO,2025-06-21
5141,VA,2023-07-08
5142,IL,2025-09-07
5143,NJ,2025-03-25
5144,FL,2024-01-18
5145,CO,2025-04-29
5146,TX,2024-05-04
5147,VA,2024-03-01
5148,GA,2023-09-07
5149,VA,2025-12-20
5150,NY,2025-10-16
5151,NY,2024-11-14
5152,PA,2023-11-15
5153,VA,2025-10-16
5154,MI,2023-08-13
5155,PA,2024-02-27
5156,MA,2025-06-26
5157,PA,2023-03-20
5158,NC,2025-05-04
5159,FL,2025-09-30
5160,NC,2023-12-31
5161,CO,2023-01-22
5162,GA,2024-07-01
5163,MA,2023-11-26
5164,WA,2023-02-25
5165,CO,2025-07-13
5166,FL,2023-09-18
5167,NY,2024-03-10
5168,NJ,2024-06-21
5169,MI,2024-06-18
5170,PA,2024-01-16
5171,IL,2023-04-13
5172,GA,2023-01-29
5173,CA,2025-12-16
5174,NJ,2025-12-21
5175,NC,2025-08-12
5176,PA,2025-12-07
5177,MA,2024-06-30
5178,NC,2023-11-23
5179,GA,2023-09-23
5180,NC,2024-12-29
5181,GA,2025-12-03
5182,NC,2023-08-07
5183,NJ,2023-05-06
5184,VA,2025-05-31
5185,TX,2023-11-15
5186,NJ,2023-03-26
5187,VA,2025-11-30
5188,WA,2024-12-23
5189,CO,2023-12-28
5190,CO,2024-01-02
5191,FL,2025-09-14
5192,MI,2025-12-29
5193,MI,2024-08-10
5194,PA,2025-08-20
5195,NJ,2024-05-03
5196,NJ,2025-04-10
5197,CA,2024-10-27
5198,CA,2026-01-27
5199,MI,2025-05-25
5200,FL,2023-12-27
5201,IL,2023-12-24
5202,CO,2026-02-27
5203,IL,2025-01-05
5204,PA,2023-03-05
5205,GA,2023-06-30
5206,MI,2024-08-09
5207,MI,2023-07-08
5208,GA,2024-08-02
5209,AZ,2023-06-19
5210,NY,2023-11-18
5211,NC,2023-10-11
5212,CA,2024-01-01
5213,NY,2023-04-21
5214,WA,2023-03-19
5215,FL,2023-09-10
5216,FL,2023-08-24
5217,GA,2023-04-03
5218,NJ,2025-11-23
5219,CO,2023-08-10
5220,IL,2025-06-14
5221,CA,2025-08-18
5222,NY,2025-09-11
5223,IL,2025-04-22
5224,NJ,2023-09-09
5225,NY,2023-05-22
5226,MI,2023-11-07
5227,VA,2024-08-04
5228,NC,2023-12-12
5229,WA,2023-10-29
5230,AZ,2024-05-21
5231,WA,2023-09-04
5232,IL,2024-05-02
5233,IL,2025-07-16
5234,AZ,2025-03-01
5235,IL,2025-06-30
5236,AZ,2023-06-03
5237,NY,2025-08-01
5238,AZ,2024-08-17
5239,NC,2023-03-03
5240,AZ,2025-05-19
5241,VA,2025-12-18
5242,MI,2024-04-10
5243,AZ,2023-11-07
5244,TX,2025-12-21
5245,AZ,2025-03-26
5246,IL,2023-04-13
5247,VA,2023-01-28
5248,CO,2024-05-22
5249,PA,2023-05-14
5250,VA,2023-02-28
5251,NJ,2026-01-18
5252,PA,2023-03-11
5253,CA,2023-07-04
5254,CA,2024-07-25
5255,NJ,2023-06-17
5256,VA,2024-07-31
5257,NY,2026-02-21
5258,NJ,2023-07-01
5259,MI,2023-03-12
5260,PA,2024-07-09
5261,PA,2025-05-01
5262,IL,2025-12-16
5263,GA,2024-11-13
5264,FL,2023-11-14
5265,TX,2026-01-11
5266,PA,2025-04-08
5267,CO,2023-04-04
5268,NJ,2023-09-24
5269,NC,2024-09-05
5270,AZ,2024-05-16
5271,GA,2026-02-09
5272,PA,2024-07-31
5273,NJ,2024-09-23
5274,WA,2023-10-06
5275,GA,2025-01-23
5276,NY,2023-08-30
5277,TX,2025-02-21
5278,MA,2025-08-19
5279,MA,2025-09-11
5280,IL,2023-01-04
5281,IL,2023-11-16
5282,NY,2025-10-28
5283,NC,2025-12-11
5284,IL,2025-10-20
5285,FL,2025-02-17
5286,PA,2025-04-06
5287,TX,2023-10-07
5288,VA,2026-01-16
5289,NJ,2025-09-11
5290,VA,2023-01-28
5291,NY,2025-03-20
5292,CA,2023-09-29
5293,NJ,2026-01-28
5294,NJ,2023-07-09
5295,WA,2024-06-29
5296,NY,2023-10-21
5297,NY,2025-04-27
5298,MA,2025-02-09
5299,CO,2025-02-07
5300,VA,2023-02-22
5301,NC,2024-11-14
5302,CO,2025-12-06
5303,AZ,2025-10-07
5304,FL,2024-12-03
5305,MI,2025-06-01
5306,AZ,2024-04-09
5307,CA,2024-07-06
5308,NJ,2025-07-05
5309,MA,2025-10-04
5310,CA,2023-07-13
5311,NJ,2023-03-07
5312,FL,2024-07-08
5313,CO,2024-08-23
5314,NY,2025-11-15
5315,IL,2026-01-27
5316,VA,2024-04-20
5317,IL,2024-07-26
5318,PA,2025-01-31
5319,GA,2025-06-05
5320,WA,2025-04-09
5321,NC,2023-03-23
5322,FL,2024-11-30
5323,WA,2023-02-13
5324,PA,2025-04-03
5325,PA,2024-09-01
5326,NC,2026-01-19
5327,MI,2024-12-20
5328,NJ,2024-11-21
5329,WA,2024-11-29
5330,CO,2025-04-16
5331,NC,2023-04-20
5332,PA,2023-08-07
5333,CO,2024-04-07
5334,NY,2025-05-09
5335,MA,2024-05-29
5336,CO,2024-09-28
5337,NJ,2024-09-18
5338,IL,2023-03-11
5339,WA,2024-04-03
5340,NJ,2023-04-07
5341,GA,2023-08-12
5342,VA,2025-04-10
5343,TX,2024-10-02
5344,PA,2024-05-10
5345,VA,2025-11-27
5346,VA,2025-02-07
5347,NC,2025-01-29
5348,FL,2024-05-02
5349,GA,2024-07-09
5350,IL,2025-09-18
5351,CO,2024-05-03
5352,MA,2023-02-26
5353,NJ,2024-05-26
5354,NY,2023-04-14
5355,TX,2024-07-10
5356,CA,2023-03-01
5357,GA,2025-01-04
5358,VA,2024-01-06
5359,MA,2023-01-26
5360,CA,2024-01-28
5361,TX,2024-08-28
5362,FL,2023-04-20
5363,FL,2025-02-11
5364,WA,2023-09-11
5365,AZ,2025-07-05
5366,TX,2025-02-04
5367,TX,2026-01-25
5368,CA,2024-06-21
5369,MA,2026-02-01
5370,NJ,2024-09-06
5371,NC,2024-08-09
5372,AZ,2024-08-19
5373,CA,2023-04-23
5374,NY,2024-07-22
5375,VA,2025-08-12
5376,FL,2025-06-14
5377,VA,2026-01-29
5378,FL,2025-01-31
5379,WA,2025-07-26
5380,NJ,2024-10-14
5381,NY,2023-03-25
5382,FL,2024-12-19
5383,CA,2025-05-17
5384,NY,2025-08-06
5385,CA,2023-10-29
5386,NC,2024-07-21
5387,NC,2024-06-24
5388,VA,2023-04-02
5389,FL,2024-10-15
5390,FL,2024-09-05
5391,MA,2023-03-12
5392,NC,2024-10-30
5393,NJ,2023-03-22
5394,NJ,2026-01-28
5395,GA,2024-08-17
5396,GA,2023-08-06
5397,WA,2025-06-02
5398,NC,2025-01-18
5399,CA,2023-05-05
5400,CA,2023-07-20
5401,IL,2025-10-22
5402,NY,2024-07-27
5403,CO,2025-11-09
5404,VA,2025-09-09
5405,GA,2024-12-22
5406,VA,2025-08-09
5407,FL,2023-06-29
5408,WA,2025-12-21
5409,NJ,2023-09-30
5410,CO,2025-03-17
5411,TX,2025-02-01
5412,WA,2025-10-30
5413,TX,2024-11-29
5414,PA,2025-07-09
5415,NC,2024-09-13
5416,TX,2024-06-23
5417,TX,2025-09-12
5418,VA,2024-04-04
5419,PA,2025-12-20
5420,MA,2025-12-17
5421,MI,2023-10-27
5422,MA,2024-05-11
5423,MA,2024-08-13
5424,NC,2023-12-07
5425,CO,2024-02-07
5426,WA,2023-10-15
5427,WA,2025-09-15
5428,AZ,2023-08-02
5429,FL,2024-06-15
5430,MA,2025-05-19
5431,NC,2025-01-11
5432,FL,2023-07-30
5433,MI,2023-06-20
5434,NY,2024-06-21
5435,FL,2025-03-12
5436,VA,2024-11-06
5437,VA,2024-01-25
5438,CO,2024-02-25
5439,GA,2023-03-03
5440,TX,2023-03-27
5441,MA,2025-10-09
5442,AZ,2024-05-05
5443,PA,2025-06-14
5444,AZ,2023-03-01
5445,GA,2024-04-21
5446,NJ,2023-11-16
5447,FL,2024-11-20
5448,NC,2023-02-21
5449,MI,2024-10-18
5450,TX,2025-04-07
5451,WA,2026-01-05
5452,CA,2023-04-29
5453,TX,2024-12-21
5454,MI,2024-05-20
5455,CO,2024-09-28
5456,NJ,2023-06-02
5457,CO,2025-11-07
5458,MI,2025-12-23
5459,VA,2024-05-11
5460,FL,2023-03-20
5461,NY,2023-02-28
5462,VA,2025-02-01
5463,CO,2025-04-05
5464,CO,2025-12-20
5465,NC,2026-01-07
5466,FL,2023-09-01
5467,TX,2023-07-27
5468,NY,2025-05-05
5469,GA,2026-01-15
5470,CA,2024-08-22
5471,MA,2024-10-06
5472,WA,2023-02-08
5473,CO,2024-04-22
5474,FL,2023-01-20
5475,MA,2023-08-09
5476,VA,2023-10-02
5477,WA,2024-04-07
5478,MI,2023-09-08
5479,AZ,2023-07-31
5480,WA,2024-11-17
5481,AZ,2024-02-23
5482,GA,2024-05-21
5483,GA,2024-10-07
5484,VA,2025-05-18
5485,GA,2024-05-06
5486,PA,2023-10-22
5487,IL,2024-04-01
5488,IL,2025-01-09
5489,WA,2024-02-28
5490,GA,2025-10-04
5491,NC,2023-10-19
5492,CO,2023-06-05
5493,MA,2023-12-16
5494,MA,2023-08-31
5495,IL,2025-08-29
5496,WA,2023-09-15
5497,VA,2024-08-07
5498,FL,2023-02-04
5499,TX,2026-02-26
5500,TX,2024-03-05
5501,IL,2023-04-05
5502,MI,2023-08-08
5503,FL,2023-10-28
5504,PA,2025-11-26
5505,PA,2025-02-13
5506,IL,2024-02-04
5507,TX,2024-11-20
5508,MI,2025-09-19
5509,FL,2023-05-14
5510,MI,2024-10-22
5511,GA,2023-09-15
5512,WA,2025-11-28
5513,VA,2023-11-01
5514,MA,2024-06-09
5515,NC,2024-02-11
5516,NY,2025-06-04
5517,AZ,2024-01-13
5518,AZ,2024-04-13
5519,WA,2025-05-22
5520,GA,2025-09-16
5521,NJ,2023-01-11
5522,TX,2024-11-05
5523,AZ,2024-11-25
5524,GA,2025-08-30
5525,AZ,2023-01-09
5526,NJ,2023-01-28
5527,MI,2025-04-02
5528,IL,2024-11-16
5529,FL,2024-05-25
5530,MA,2024-05-16
5531,CO,2024-08-04
5532,IL,2025-02-16
5533,WA,2024-10-22
5534,IL,2023-01-03
5535,WA,2023-02-12
5536,CO,2025-02-13
5537,CA,2023-02-11
5538,NJ,2026-01-25
5539,MA,2024-12-30
5540,MI,2024-10-09
5541,NC,2024-10-18
5542,NC,2025-05-30
5543,NJ,2024-05-24
5544,NY,2023-02-06
5545,MI,2025-04-02
5546,AZ,2024-08-01
5547,GA,2025-04-16
5548,CA,2024-05-31
5549,NJ,2025-02-23
5550,NC,2025-10-17
5551,IL,2025-05-28
5552,GA,2025-12-17
5553,CA,2025-08-16
5554,FL,2023-06-04
5555,FL,2023-04-23
5556,MI,2025-04-15
5557,GA,2024-08-23
5558,NJ,2024-03-17
5559,WA,2023-08-16
5560,WA,2025-05-23
5561,IL,2026-02-19
5562,CA,2024-11-01
5563,CA,2024-11-25
5564,MI,2025-05-18
5565,GA,2025-10-24
5566,TX,2023-05-01
5567,FL,2025-01-11
5568,CA,2024-11-24
5569,GA,2023-09-14
5570,MI,2023-02-12
5571,CO,2025-05-19
5572,NY,2025-07-04
5573,CO,2024-08-10
5574,MI,2025-07-01
5575,MA,2024-08-16
5576,NJ,2025-10-30
5577,IL,2025-03-02
5578,CA,2023-07-31
5579,MI,2025-07-10
5580,MA,2023-12-02
5581,NC,2025-10-25
5582,MA,2025-07-10
5583,VA,2023-03-24
5584,AZ,2025-10-26
5585,GA,2023-06-01
5586,CA,2023-03-19
5587,NY,2024-02-16
5588,NJ,2024-01-16
5589,GA,2025-08-05
5590,VA,2025-02-28
5591,GA,2023-11-09
5592,VA,2025-05-13
5593,IL,2024-01-30
5594,IL,2024-06-26
5595,FL,2023-01-04
5596,FL,2023-04-19
5597,WA,2025-07-06
5598,TX,2025-06-04
5599,CA,2023-04-03
5600,MI,2026-01-27
5601,CA,2023-07-11
5602,PA,2023-11-29
5603,MI,2024-09-18
5604,VA,2025-09-12
5605,MA,2024-07-26
5606,CA,2023-12-22
5607,CA,2024-08-13
5608,TX,2023-07-15
5609,NC,2023-09-19
5610,MI,2023-11-18
5611,FL,2024-02-24
5612,FL,2023-11-28
5613,NY,2024-11-11
5614,CA,2023-01-07
5615,TX,2024-06-17
5616,NJ,2023-03-13
5617,FL,2024-09-09
5618,TX,2023-05-19
5619,CO,2024-06-25
5620,AZ,2023-11-20
5621,NC,2025-08-06
5622,CA,2024-08-23
5623,AZ,2023-03-14
5624,NY,2025-04-19
5625,VA,2025-09-14
5626,MA,2025-10-28
5627,FL,2024-02-15
5628,CO,2023-09-15
5629,NJ,2024-10-12
5630,VA,2025-12-05
5631,TX,2023-05-06
5632,IL,2025-11-10
5633,GA,2024-06-27
5634,CA,2024-03-30
5635,CA,2024-10-23
5636,CO,2025-11-10
5637,TX,2025-07-06
5638,WA,2025-12-24
5639,CA,2023-03-29
5640,WA,2025-12-02
5641,NJ,2024-05-30
5642,IL,2024-05-14
5643,CO,2023-11-22
5644,VA,2024-07-06
5645,AZ,2025-06-06
5646,TX,2025-09-22
5647,TX,2025-09-19
5648,PA,2025-07-17
5649,NJ,2025-07-09
5650,NJ,2023-11-04
5651,NC,2024-10-18
5652,GA,2024-04-14
5653,FL,2024-09-16
5654,MI,2023-10-18
5655,FL,2023-09-06
5656,PA,2023-11-20
5657,MA,2024-08-26
5658,NY,2023-02-28
5659,CO,2025-10-17
5660,IL,2023-09-26
5661,TX,2023-04-04
5662,GA,2024-11-17
5663,WA,2024-05-29
5664,CO,2024-06-16
5665,MA,2026-02-01
5666,AZ,2024-02-06
5667,CO,2025-08-24
5668,MA,2024-12-21
5669,TX,2025-05-26
5670,NY,2024-08-30
5671,MA,2023-04-03
5672,TX,2024-07-27
5673,TX,2025-08-28
5674,NY,2024-03-12
5675,FL,2025-10-30
5676,CO,2024-03-31
5677,PA,2024-02-19
5678,CA,2024-12-04
5679,CA,2025-05-31
5680,PA,2025-01-31
5681,AZ,2023-09-22
5682,WA,2024-05-21
5683,NJ,2024-10-07
5684,WA,2025-06-15
5685,NJ,2025-05-10
5686,PA,2024-11-19
5687,CA,2025-05-16
5688,IL,2026-01-27
5689,CA,2025-11-19
5690,WA,2024-05-01
5691,GA,2023-01-28
5692,PA,2023-10-15
5693,AZ,2024-08-03
5694,WA,2025-08-07
5695,IL,2023-09-09
5696,CO,2025-07-15
5697,NJ,2023-04-20
5698,CA,2024-10-05
5699,AZ,2024-02-02
5700,NY,2023-10-03
5701,GA,2024-11-19
5702,TX,2023-09-04
5703,IL,2025-11-07
5704,WA,2024-02-12
5705,NJ,2023-05-05
5706,NY,2023-06-02
5707,AZ,2024-10-19
5708,MI,2023-01-20
5709,MA,2023-09-04
5710,FL,2025-10-29
5711,CA,2024-06-14
5712,VA,2023-04-13
5713,FL,2024-08-19
5714,IL,2023-12-17
5715,MA,2023-08-22
5716,MI,2023-02-06
5717,MA,2023-10-19
5718,AZ,2023-01-17
5719,MA,2023-03-31
5720,TX,2024-11-07
5721,IL,2025-09-03
5722,VA,2023-09-10
5723,CO,2025-03-27
5724,FL,2023-07-03
5725,VA,2023-10-17
5726,CO,2025-01-30
5727,NY,2023-06-07
5728,MI,2025-07-11
5729,NC,2024-11-21
5730,GA,2024-01-28
5731,GA,2025-11-09
5732,CO,2024-03-06
5733,NC,2025-09-23
5734,AZ,2025-10-01
5735,VA,2025-12-27
5736,NC,2026-01-05
5737,CA,2023-04-12
5738,NY,2024-10-13
5739,IL,2025-06-11
5740,NC,2024-08-07
5741,WA,2023-07-26
5742,PA,2023-08-01
5743,AZ,2023-03-20
5744,GA,2026-02-10
5745,WA,2023-05-13
5746,NY,2025-11-14
5747,NC,2024-04-16
5748,FL,2023-10-17
5749,GA,2025-10-03
5750,CA,2025-12-27
5751,NJ,2024-09-25
5752,CA,2024-02-26
5753,PA,2024-07-11
5754,MA,2024-08-03
5755,NJ,2024-06-22
5756,TX,2024-04-06
5757,NC,2025-10-02
5758,NY,2023-10-28
5759,GA,2025-10-22
5760,TX,2025-11-09
5761,NY,2025-08-11
5762,PA,2025-09-12
5763,CO,2025-03-16
5764,NC,2023-09-14
5765,IL,2024-03-28
5766,IL,2024-03-13
5767,NC,2024-02-02
5768,NJ,2024-10-10
5769,MA,2023-08-10
5770,MA,2023-05-16
5771,NJ,2024-09-17
5772,VA,2025-02-14
5773,MI,2024-08-07
5774,IL,2024-04-29
5775,FL,2025-11-07
5776,NJ,2025-05-26
5777,GA,2024-05-15
5778,IL,2023-04-03
5779,FL,2023-10-06
5780,PA,2025-09-08
5781,TX,2024-09-12
5782,FL,2024-04-20
5783,TX,2025-05-31
5784,MI,2024-11-02
5785,NY,2025-03-11
5786,AZ,2023-06-20
5787,WA,2024-01-07
5788,NY,2025-01-01
5789,IL,2023-07-04
5790,TX,2025-07-27
5791,IL,2025-04-14
5792,MI,2023-07-28
5793,NJ,2025-09-20
5794,NC,2025-03-10
5795,GA,2024-01-04
5796,CA,2026-02-03
5797,IL,2024-12-24
5798,GA,2025-10-01
5799,NJ,2025-04-16
5800,FL,2023-09-21
5801,NJ,2024-11-12
5802,PA,2025-07-01
5803,NY,2023-03-11
5804,VA,2024-03-07
5805,FL,2025-12-13
5806,CA,2023-06-19
5807,TX,2023-02-05
5808,NC,2023-09-16
5809,GA,2023-09-08
5810,NC,2023-01-13
5811,WA,2024-11-01
5812,MI,2024-06-24
5813,NJ,2023-02-26
5814,IL,2025-09-30
5815,TX,2024-03-12
5816,WA,2025-02-16
5817,NJ,2023-08-18
5818,CO,2025-04-10
5819,IL,2025-04-20
5820,FL,2024-09-11
5821,NY,2023-12-23
5822,AZ,2023-12-18
5823,GA,2025-05-14
5824,VA,2024-09-13
5825,PA,2024-09-26
5826,CA,2025-08-22
5827,CA,2024-09-19
5828,VA,2023-10-20
5829,FL,2025-04-08
5830,MA,2023-08-22
5831,CA,2024-06-20
5832,GA,2025-03-15
5833,FL,2024-06-22
5834,TX,2025-05-01
5835,CA,2023-06-27
5836,NC,2024-07-09
5837,FL,2025-12-31
5838,GA,2025-08-05
5839,VA,2025-04-02
5840,AZ,2023-08-16
5841,NC,2023-09-11
5842,IL,2024-11-05
5843,IL,2023-01-06
5844,CA,2023-02-16
5845,NC,2025-06-01
5846,NY,2024-08-02
5847,NJ,2023-09-11
5848,IL,2023-02-28
5849,NY,2024-07-13
5850,TX,2025-10-11
5851,FL,2023-09-22
5852,NJ,2023-09-03
5853,WA,2024-03-12
5854,MI,2024-11-18
5855,GA,2024-04-20
5856,PA,2025-07-26
5857,MI,2025-05-27
5858,MI,2024-10-18
5859,FL,2024-06-30
5860,VA,2024-02-19
5861,NJ,2026-03-01
5862,GA,2024-02-02
5863,NJ,2023-06-17
5864,NC,2025-03-13
5865,TX,2023-08-18
5866,CO,2024-12-03
5867,PA,2023-05-24
5868,CA,2023-03-09
5869,NJ,2025-10-14
5870,GA,2023-04-08
5871,GA,2023-01-07
5872,NC,2025-03-25
5873,NY,2023-06-26
5874,FL,2023-10-26
5875,VA,2023-08-17
5876,CO,2025-06-14
5877,MA,2024-09-22
5878,CA,2023-09-27
5879,WA,2023-03-22
5880,MA,2025-03-30
5881,MI,2024-05-15
5882,FL,2024-12-06
5883,MI,2025-09-16
5884,MI,2024-12-03
5885,CA,2023-04-16
5886,GA,2024-10-02
5887,AZ,2024-08-31
5888,WA,2025-09-22
5889,NJ,2025-10-05
5890,NY,2024-01-17
5891,CO,2025-04-17
5892,NJ,2023-04-14
5893,VA,2024-10-25
5894,NY,2026-02-11
5895,TX,2025-12-14
5896,AZ,2023-05-01
5897,NC,2025-10-23
5898,CA,2026-01-20
5899,NJ,2024-02-11
5900,NY,2024-11-06
5901,AZ,2024-03-16
5902,MA,2024-03-07
5903,NC,2025-06-27
5904,NY,2023-03-02
5905,IL,2024-12-26
5906,MI,2025-07-27
5907,TX,2025-05-18
5908,FL,2025-11-13
5909,NJ,2024-02-10
5910,MI,2024-09-04
5911,VA,2023-08-03
5912,CO,2023-09-19
5913,AZ,2025-07-03
5914,TX,2023-05-03
5915,NC,2025-02-02
5916,IL,2023-11-16
5917,CA,2023-06-07
5918,MA,2025-12-24
5919,CO,2024-01-04
5920,NJ,2025-05-19
5921,AZ,2025-10-24
5922,CO,2024-11-16
5923,TX,2025-07-02
5924,AZ,2025-12-19
5925,NC,2025-12-04
5926,CA,2024-08-06
5927,GA,2024-06-26
5928,VA,2023-06-05
5929,IL,2025-06-06
5930,NJ,2025-01-21
5931,GA,2023-03-05
5932,MA,2024-02-25
5933,CA,2023-11-19
5934,PA,2026-02-06
5935,PA,2024-06-30
5936,CA,2023-09-08
5937,IL,2025-05-15
5938,WA,2024-05-24
5939,GA,2024-03-16
5940,NY,2024-03-29
5941,CO,2024-10-05
5942,NJ,2025-03-27
5943,WA,2024-11-09
5944,NY,2023-10-01
5945,VA,2023-03-01
5946,NC,2023-12-08
5947,NJ,2023-04-23
5948,NJ,2023-03-09
5949,PA,2024-04-11
5950,IL,2025-05-07
5951,NC,2023-09-20
5952,CO,2026-02-28
5953,FL,2024-02-28
5954,NY,2024-12-20
5955,PA,2024-07-16
5956,NJ,2025-09-09
5957,WA,2025-07-07
5958,MI,2023-10-15
5959,PA,2024-02-29
5960,NY,2024-07-07
5961,NY,2025-01-28
5962,MI,2023-09-01
5963,IL,2025-09-26
5964,NJ,2023-11-24
5965,NC,2024-12-15
5966,GA,2026-02-03
5967,VA,2025-03-11
5968,FL,2026-01-07
5969,IL,2024-09-22
5970,MA,2025-12-16
5971,VA,2025-08-17
5972,NJ,2025-08-17
5973,IL,2025-12-11
5974,CO,2025-12-31
5975,FL,2025-01-22
5976,PA,2023-11-20
5977,MI,2023-06-04
5978,CA,2023-02-28
5979,MA,2023-07-20
5980,TX,2023-10-22
5981,AZ,2025-09-24
5982,IL,2024-09-01
5983,NY,2023-12-15
5984,GA,2025-08-20
5985,CA,2024-01-17
5986,IL,2024-05-06
5987,IL,2023-11-27
5988,WA,2025-05-24
5989,VA,2023-06-07
5990,WA,2024-03-07
5991,CA,2026-02-13
5992,NC,2024-09-10
5993,PA,2024-09-10
5994,WA,2024-09-17
5995,NY,2024-03-10
5996,MA,2025-03-06
5997,TX,2025-07-20
5998,VA,2024-07-25
5999,MI,2023-09-23
6000,FL,2023-04-12
6001,TX,2025-12-22
6002,TX,2025-09-23
6003,FL,2024-12-09
6004,WA,2025-10-11
6005,CA,2025-04-03
6006,FL,2023-08-10
6007,PA,2025-07-03
6008,PA,2024-03-11
6009,NJ,2024-10-01
6010,CO,2025-08-02
6011,NC,2023-11-30
6012,MA,2025-06-25
6013,GA,2023-12-17
6014,WA,2024-07-23
6015,VA,2024-12-28
6016,MI,2023-04-25
6017,NC,2025-06-27
6018,FL,2024-01-02
6019,CO,2025-03-14
6020,GA,2026-01-14
6021,VA,2025-06-14
6022,MA,2025-08-26
6023,AZ,2024-01-13
6024,MA,2025-10-08
6025,WA,2023-04-28
6026,FL,2025-10-10
6027,AZ,2024-06-10
6028,NC,2025-03-24
6029,CA,2023-07-25
6030,NC,2025-03-26
6031,NC,2023-03-07
6032,MA,2023-01-04
6033,CA,2023-01-03
6034,CA,2023-11-21
6035,WA,2024-08-27
6036,VA,2025-03-06
6037,GA,2024-06-18
6038,IL,2024-08-21
6039,TX,2025-12-10
6040,VA,2025-04-11
6041,TX,2025-12-02
6042,MA,2023-12-13
6043,IL,2025-12-17
6044,GA,2023-02-28
6045,IL,2024-11-10
6046,WA,2024-05-25
6047,NC,2023-07-26
6048,MA,2023-04-21
6049,CA,2023-01-23
6050,PA,2025-02-25
6051,MA,2025-10-31
6052,TX,2024-07-25
6053,AZ,2025-01-16
6054,GA,2024-05-29
6055,MI,2023-05-24
6056,IL,2025-09-18
6057,GA,2025-03-19
6058,VA,2023-10-21
6059,MI,2023-11-21
6060,WA,2023-07-12
6061,MA,2024-04-04
6062,VA,2025-12-07
6063,AZ,2026-02-04
6064,FL,2024-06-09
6065,MI,2025-07-07
6066,MA,2023-01-29
6067,VA,2024-06-21
6068,CA,2023-05-23
6069,MA,2024-09-18
6070,CO,2025-04-20
6071,WA,2023-08-06
6072,NY,2024-08-15
6073,WA,2024-12-13
6074,IL,2023-03-08
6075,PA,2025-01-30
6076,NY,2023-05-24
6077,AZ,2024-04-09
6078,IL,2023-04-06
6079,IL,2024-02-12
6080,CA,2026-02-15
6081,AZ,2025-03-14
6082,CA,2025-01-26
6083,AZ,2024-12-13
6084,NJ,2023-10-05
6085,NC,2023-12-27
6086,TX,2023-07-31
6087,AZ,2026-01-25
6088,NC,2025-02-16
6089,NC,2023-01-21
6090,MI,2024-12-29
6091,PA,2024-09-07
6092,TX,2024-01-06
6093,FL,2024-09-15
6094,NY,2024-09-23
6095,GA,2025-01-30
6096,NC,2025-04-26
6097,PA,2025-08-05
6098,NJ,2026-01-24
6099,AZ,2023-07-07
6100,MA,2024-05-15
6101,MA,2025-05-25
6102,MI,2024-01-10
6103,IL,2024-03-09
6104,MI,2024-05-13
6105,TX,2023-01-06
6106,IL,2026-02-19
6107,MI,2024-09-08
6108,AZ,2024-12-11
6109,PA,2024-04-19
6110,CO,2024-07-27
6111,CO,2025-03-06
6112,NJ,2024-05-22
6113,VA,2024-08-14
6114,GA,2023-06-24
6115,MI,2024-11-22
6116,CA,2025-02-26
6117,AZ,2024-07-25
6118,CA,2023-07-05
6119,TX,2024-08-09
6120,TX,2026-01-22
6121,NC,2024-05-28
6122,CO,2024-10-15
6123,MI,2024-07-09
6124,NC,2023-10-22
6125,CA,2026-01-21
6126,VA,2023-02-13
6127,NY,2024-06-22
6128,NY,2023-02-08
6129,TX,2023-10-16
6130,VA,2023-09-05
6131,IL,2023-12-25
6132,CA,2023-07-28
6133,NY,2023-05-04
6134,VA,2025-09-01
6135,MI,2024-02-07
6136,VA,2023-10-11
6137,CA,2024-10-24
6138,WA,2024-07-29
6139,VA,2023-08-29
6140,VA,2023-06-16
6141,MA,2024-07-14
6142,CO,2023-05-28
6143,NC,2024-12-01
6144,CA,2024-09-14
6145,MA,2023-09-22
6146,VA,2024-05-15
6147,WA,2023-10-06
6148,NC,2025-01-18
6149,CA,2025-06-21
6150,TX,2023-06-08
6151,MA,2025-12-19
6152,NC,2024-05-13
6153,CA,2024-05-02
6154,MA,2024-04-09
6155,WA,2023-08-16
6156,CA,2024-10-27
6157,CA,2025-04-01
6158,AZ,2025-03-09
6159,CA,2025-01-22
6160,NJ,2023-09-19
6161,GA,2025-05-09
6162,NJ,2023-12-30
6163,VA,2023-04-08
6164,TX,2025-11-01
6165,MI,2025-02-22
6166,VA,2024-08-05
6167,WA,2025-07-15
6168,NJ,2023-05-15
6169,NC,2023-09-16
6170,PA,2025-07-04
6171,GA,2024-05-31
6172,IL,2023-05-31
6173,PA,2025-05-17
6174,GA,2025-08-31
6175,CO,2023-05-22
6176,CO,2023-09-08
6177,CA,2025-08-15
6178,VA,2025-06-25
6179,GA,2024-10-05
6180,IL,2025-12-06
6181,GA,2023-04-04
6182,TX,2025-01-30
6183,PA,2023-12-22
6184,TX,2024-06-15
6185,IL,2024-11-22
6186,GA,2024-10-09
6187,MA,2024-12-02
6188,AZ,2024-12-24
6189,VA,2025-07-05
6190,TX,2023-03-05
6191,TX,2025-07-14
6192,NY,2024-12-27
6193,GA,2025-02-04
6194,VA,2025-07-11
6195,MI,2024-10-14
6196,TX,2025-06-23
6197,NJ,2025-11-06
6198,WA,2024-08-29
6199,AZ,2025-01-15
6200,AZ,2025-07-28
6201,GA,2023-03-29
6202,CO,2024-07-16
6203,NY,2026-02-10
6204,TX,2024-03-17
6205,NY,2025-10-28
6206,CO,2024-07-12
6207,IL,2026-01-28
6208,IL,2025-01-22
6209,PA,2025-06-19
6210,MI,2024-04-25
6211,GA,2024-12-03
6212,CO,2025-07-31
6213,FL,2025-03-03
6214,MI,2023-05-06
6215,PA,2024-11-20
6216,FL,2024-04-21
6217,GA,2024-11-15
6218,CA,2024-01-07
6219,VA,2026-02-17
6220,NY,2024-06-25
6221,NY,2024-07-13
6222,VA,2023-06-28
6223,VA,2026-01-22
6224,IL,2024-07-20
6225,MI,2025-01-17
6226,FL,2025-08-08
6227,VA,2023-10-29
6228,NJ,2024-08-08
6229,NC,2026-02-19
6230,VA,2023-02-26
6231,TX,2025-10-20
6232,TX,2024-12-21
6233,TX,2024-02-14
6234,IL,2024-10-07
6235,AZ,2026-01-18
6236,CO,2023-03-03
6237,NJ,2023-09-05
6238,MA,2024-05-11
6239,AZ,2023-02-25
6240,FL,2024-04-03
6241,NJ,2025-07-07
6242,PA,2024-07-10
6243,FL,2025-08-21
6244,NJ,2026-01-09
6245,NC,2024-03-19
6246,MI,2025-03-02
6247,NJ,2024-05-05
6248,NJ,2024-08-17
6249,AZ,2024-02-12
6250,NJ,2023-11-23
6251,NY,2025-07-30
6252,AZ,2025-08-06
6253,CA,2024-01-18
6254,GA,2025-10-10
6255,PA,2023-12-13
6256,MI,2023-09-29
6257,PA,2024-01-31
6258,NY,2023-06-03
6259,VA,2025-12-26
6260,CO,2025-04-20
6261,MI,2023-12-14
6262,GA,2025-12-22
6263,FL,2023-12-22
6264,CO,2025-11-30
6265,GA,2024-01-02
6266,NC,2025-10-11
6267,NC,2023-10-04
6268,WA,2023-08-09
6269,VA,2023-03-02
6270,AZ,2026-01-31
6271,MA,2023-03-16
6272,NC,2024-04-17
6273,FL,2025-10-21
6274,CA,2024-02-20
6275,TX,2023-01-17
6276,WA,2025-12-18
6277,TX,2026-02-12
6278,PA,2023-07-22
6279,VA,2024-04-16
6280,NJ,2026-02-03
6281,MA,2025-05-28
6282,PA,2025-08-22
6283,GA,2025-03-28
6284,MI,2026-02-23
6285,PA,2024-02-18
6286,IL,2024-05-15
6287,VA,2023-05-01
6288,NC,2024-08-29
6289,CA,2023-12-16
6290,MA,2025-03-30
6291,MI,2024-10-15
6292,TX,2025-02-22
6293,WA,2024-05-11
6294,NC,2024-01-27
6295,FL,2026-02-06
6296,NC,2025-07-17
6297,WA,2024-04-14
6298,WA,2023-12-16
6299,IL,2025-02-13
6300,AZ,2023-05-29
6301,NC,2023-09-13
6302,PA,2023-12-10
6303,NC,2024-11-07
6304,VA,2023-04-18
6305,VA,2024-08-17
6306,NJ,2026-01-08
6307,IL,2023-01-25
6308,CO,2023-10-10
6309,CO,2025-06-05
6310,NJ,2025-07-26
6311,GA,2024-09-11
6312,CO,2023-08-26
6313,VA,2025-07-26
6314,NJ,2023-11-12
6315,NY,2025-04-19
6316,AZ,2024-04-07
6317,AZ,2024-08-14
6318,PA,2025-04-19
6319,NC,2025-09-22
6320,PA,2023-05-30
6321,NJ,2023-12-18
6322,MI,2024-03-17
6323,CA,2024-01-30
6324,NC,2023-01-06
6325,NY,2024-06-17
6326,NY,2023-08-08
6327,PA,2025-05-20
6328,TX,2023-01-12
6329,NC,2025-03-05
6330,MA,2024-12-04
6331,NY,2024-04-02
6332,AZ,2023-08-13
6333,CA,2023-12-02
6334,AZ,2023-06-16
6335,IL,2026-02-13
6336,GA,2024-05-12
6337,MI,2023-05-28
6338,TX,2023-02-05
6339,IL,2025-09-16
6340,TX,2023-11-04
6341,AZ,2024-10-03
6342,VA,2023-08-28
6343,CA,2025-07-05
6344,AZ,2025-06-23
6345,VA,2025-05-05
6346,PA,2023-10-31
6347,WA,2024-09-08
6348,NC,2024-07-07
6349,AZ,2025-02-04
6350,VA,2025-06-16
6351,NJ,2025-08-29
6352,FL,2023-07-14
6353,MA,2025-11-28
6354,IL,2024-10-07
6355,NC,2023-09-09
6356,MA,2023-07-26
6357,WA,2024-05-14
6358,MI,2023-01-19
6359,MI,2025-03-29
6360,FL,2024-11-17
6361,MA,2023-01-20
6362,MA,2024-03-23
6363,IL,2026-01-29
6364,CO,2025-01-08
6365,FL,2023-10-21
6366,NC,2023-03-06
6367,WA,2024-05-13
6368,FL,2023-03-17
6369,PA,2025-06-19
6370,CA,2024-09-26
6371,PA,2026-02-22
6372,CO,2023-01-27
6373,CA,2024-11-10
6374,WA,2023-03-24
6375,MI,2024-04-30
6376,IL,2023-01-06
6377,IL,2025-08-26
6378,VA,2024-01-03
6379,WA,2024-04-15
6380,TX,2024-11-19
6381,MI,2024-01-05
6382,WA,2023-10-05
6383,PA,2023-12-06
6384,CO,2025-03-25
6385,AZ,2024-09-05
6386,NY,2026-01-08
6387,IL,2025-03-03
6388,GA,2024-08-25
6389,CO,2023-03-08
6390,AZ,2023-08-03
6391,NJ,2024-02-20
6392,CO,2024-07-05
6393,CO,2024-07-24
6394,MI,2024-06-23
6395,VA,2025-12-06
6396,MA,2023-04-27
6397,CO,2023-05-31
6398,VA,2026-01-11
6399,IL,2025-12-16
6400,NY,2025-09-10
6401,NY,2025-09-30
6402,CO,2024-03-09
6403,NJ,2023-11-16
6404,CA,2023-08-30
6405,IL,2024-04-09
6406,VA,2023-07-22
6407,IL,2024-07-02
6408,NJ,2025-01-27
6409,FL,2025-05-07
6410,PA,2025-02-24
6411,NJ,2024-06-24
6412,VA,2024-05-01
6413,MI,2024-07-25
6414,NJ,2025-04-19
6415,VA,2024-10-22
6416,NC,2024-02-09
6417,TX,2024-10-18
6418,VA,2026-01-08
6419,NJ,2025-08-06
6420,TX,2023-01-15
6421,MI,2025-09-01
6422,MI,2025-11-29
6423,VA,2026-01-09
6424,VA,2023-11-03
6425,CA,2024-12-05
6426,TX,2024-02-01
6427,FL,2024-11-08
6428,NJ,2025-08-27
6429,NJ,2025-05-14
6430,WA,2023-07-30
6431,TX,2024-02-03
6432,IL,2023-09-15
6433,NJ,2023-04-25
6434,AZ,2023-11-30
6435,MI,2023-12-15
6436,PA,2023-08-21
6437,WA,2024-03-24
6438,TX,2026-01-05
6439,IL,2025-04-07
6440,IL,2024-08-30
6441,MI,2023-04-08
6442,AZ,2024-07-21
6443,CO,2024-04-06
6444,NY,2024-05-14
6445,CA,2024-09-22
6446,FL,2025-11-27
6447,MA,2025-12-10
6448,MI,2023-05-07
6449,NJ,2026-01-31
6450,NC,2024-04-21
6451,TX,2024-12-23
6452,TX,2024-03-11
6453,WA,2023-03-26
6454,WA,2025-02-24
6455,VA,2023-01-27
6456,NC,2025-05-09
6457,TX,2023-03-13
6458,GA,2026-01-23
6459,FL,2024-08-10
6460,VA,2025-10-26
6461,VA,2026-01-18
6462,MI,2023-06-01
6463,TX,2024-08-05
6464,NJ,2023-02-26
6465,NY,2024-03-01
6466,NC,2023-05-22
6467,VA,2024-07-21
6468,NJ,2025-11-04
6469,GA,2025-10-28
6470,FL,2025-12-12
6471,TX,2023-05-17
6472,MA,2023-06-23
6473,CO,2025-05-09
6474,NJ,2023-08-07
6475,AZ,2023-09-12
6476,NY,2025-03-22
6477,MA,2023-09-27
6478,PA,2023-08-12
6479,WA,2025-06-01
6480,MI,2024-08-26
6481,NJ,2024-12-01
6482,WA,2025-07-08
6483,TX,2023-03-14
6484,WA,2025-06-16
6485,PA,2025-08-04
6486,NY,2024-06-26
6487,FL,2024-09-22
6488,IL,2025-03-05
6489,CA,2025-05-27
6490,NC,2025-01-26
6491,FL,2024-09-09
6492,IL,2023-07-17
6493,GA,2024-05-07
6494,AZ,2023-03-23
6495,NJ,2024-01-09
6496,NJ,2024-05-15
6497,VA,2023-12-23
6498,NY,2024-08-02
6499,NJ,2023-10-27
6500,MA,2024-10-07
6501,IL,2023-04-30
6502,NY,2023-07-05
6503,CO,2024-08-06
6504,MA,2023-11-04
6505,NJ,2023-08-22
6506,WA,2025-10-31
6507,PA,2023-06-24
6508,WA,2025-02-11
6509,MA,2024-10-04
6510,GA,2025-06-29
6511,NJ,2025-10-22
6512,MI,2025-01-30
6513,GA,2023-07-01
6514,GA,2025-07-30
6515,IL,2023-12-16
6516,NC,2024-09-30
6517,IL,2023-08-13
6518,TX,2023-10-13
6519,CA,2023-07-12
6520,MA,2024-11-01
6521,FL,2024-11-22
6522,CA,2024-06-21
6523,MI,2024-09-03
6524,CO,2025-06-19
6525,PA,2023-02-20
6526,IL,2023-05-08
6527,IL,2025-12-05
6528,NY,2023-08-22
6529,MI,2024-03-23
6530,CA,2024-08-06
6531,VA,2024-05-17
6532,AZ,2024-08-29
6533,AZ,2025-07-10
6534,NY,2023-10-12
6535,FL,2026-03-01
6536,NY,2025-07-24
6537,CA,2024-06-27
6538,MA,2023-12-22
6539,NJ,2025-11-26
6540,NJ,2023-05-18
6541,MI,2024-09-03
6542,PA,2024-04-01
6543,CO,2023-04-09
6544,IL,2023-02-05
6545,FL,2024-09-21
6546,AZ,2024-10-31
6547,IL,2025-02-25
6548,TX,2024-11-11
6549,PA,2023-02-24
6550,CO,2026-01-12
6551,NC,2025-10-26
6552,AZ,2025-06-09
6553,VA,2025-10-03
6554,VA,2025-02-06
6555,NY,2025-07-06
6556,WA,2024-10-25
6557,CA,2025-04-09
6558,IL,2023-06-19
6559,NY,2023-09-06
6560,FL,2024-10-23
6561,IL,2023-07-29
6562,NC,2025-06-30
6563,NJ,2025-01-09
6564,CO,2023-05-21
6565,PA,2024-09-23
6566,CO,2025-03-15
6567,NJ,2023-06-29
6568,IL,2025-07-08
6569,FL,2024-09-28
6570,CO,2025-01-23
6571,VA,2025-09-13
6572,CO,2025-11-06
6573,NC,2025-11-05
6574,AZ,2024-01-20
6575,CA,2025-06-11
6576,FL,2025-09-13
6577,FL,2025-02-07
6578,MA,2025-03-02
6579,AZ,2023-02-15
6580,AZ,2024-05-18
6581,NJ,2025-04-09
6582,MA,2024-06-08
6583,VA,2025-09-05
6584,NJ,2024-07-10
6585,MI,2023-02-16
6586,CO,2024-06-11
6587,NJ,2023-04-17
6588,WA,2025-10-23
6589,MA,2024-09-07
6590,CO,2025-08-23
6591,MI,2026-01-23
6592,GA,2025-05-09
6593,TX,2023-07-20
6594,TX,2023-09-11
6595,FL,2023-07-02
6596,WA,2025-09-07
6597,NC,2024-05-04
6598,CA,2024-05-19
6599,MI,2024-02-17
6600,MI,2024-02-08
6601,MA,2023-08-24
6602,GA,2025-05-08
6603,CO,2025-08-23
6604,MI,2024-09-24
6605,MI,2023-07-27
6606,WA,2023-05-20
6607,AZ,2024-08-10
6608,AZ,2024-08-09
6609,FL,2025-07-05
6610,PA,2025-08-24
6611,MA,2024-07-23
6612,WA,2026-01-26
6613,MA,2023-05-05
6614,PA,2023-05-14
6615,CA,2025-09-22
6616,CA,2024-10-11
6617,NC,2024-12-06
6618,AZ,2024-07-21
6619,VA,2023-12-05
6620,TX,2025-04-18
6621,AZ,2023-11-18
6622,NJ,2026-01-15
6623,NY,2023-04-05
6624,NY,2023-07-15
6625,MA,2023-07-11
6626,PA,2024-10-17
6627,NC,2024-06-05
6628,NY,2025-01-22
6629,NJ,2025-09-14
6630,FL,2025-10-02
6631,NY,2023-01-13
6632,IL,2023-09-11
6633,CO,2023-03-22
6634,NC,2024-01-08
6635,FL,2024-01-29
6636,MI,2024-02-22
6637,WA,2025-12-18
6638,FL,2023-05-08
6639,TX,2025-03-27
6640,WA,2025-02-12
6641,AZ,2025-06-10
6642,GA,2023-10-09
6643,CO,2023-07-26
6644,CO,2024-02-07
6645,CO,2023-08-06
6646,PA,2023-11-22
6647,CO,2025-01-25
6648,MA,2025-10-08
6649,CO,2023-05-10
6650,NJ,2023-01-03
6651,AZ,2024-07-08
6652,CO,2023-09-23
6653,VA,2025-07-11
6654,AZ,2023-01-24
6655,CO,2024-06-17
6656,PA,2023-01-03
6657,NC,2025-05-29
6658,MA,2024-03-02
6659,PA,2023-01-04
6660,CA,2025-03-18
6661,FL,2025-02-22
6662,VA,2024-05-17
6663,VA,2023-08-20
6664,FL,2025-05-22
6665,WA,2025-01-19
6666,NC,2023-03-13
6667,IL,2023-03-29
6668,FL,2024-06-11
6669,MI,2025-06-04
6670,NY,2024-08-25
6671,IL,2024-03-25
6672,MI,2024-03-14
6673,CO,2026-01-12
6674,MI,2023-05-06
6675,CO,2024-07-16
6676,MA,2025-11-07
6677,IL,2025-04-28
6678,NY,2025-05-14
6679,MI,2025-07-12
6680,MA,2023-12-11
6681,NJ,2024-04-12
6682,PA,2025-09-07
6683,AZ,2023-05-21
6684,AZ,2025-10-26
6685,WA,2024-10-30
6686,IL,2024-09-22
6687,NC,2025-12-24
6688,CO,2025-12-15
6689,AZ,2025-03-08
6690,CO,2026-01-24
6691,TX,2025-08-12
6692,PA,2023-08-03
6693,PA,2025-01-12
6694,AZ,2023-02-27
6695,MA,2025-06-24
6696,CA,2024-02-09
6697,CA,2024-12-21
6698,MA,2026-01-17
6699,MI,2025-02-21
6700,MI,2023-04-07
6701,NC,2024-08-09
6702,GA,2026-01-16
6703,MA,2024-06-01
6704,NC,2024-10-29
6705,WA,2025-12-22
6706,CO,2024-06-24
6707,NY,2025-03-26
6708,GA,2023-07-10
6709,IL,2025-07-05
6710,VA,2024-12-16
6711,GA,2024-06-22
6712,NY,2023-03-26
6713,TX,2024-03-16
6714,PA,2025-02-28
6715,CO,2023-12-05
6716,CA,2025-09-30
6717,MI,2024-11-04
6718,NC,2024-12-30
6719,MI,2023-11-13
6720,MI,2023-03-17
6721,MI,2025-08-31
6722,MA,2025-09-25
6723,MA,2023-07-23
6724,VA,2024-02-28
6725,CA,2023-07-12
6726,GA,2025-06-15
6727,CO,2025-02-19
6728,FL,2023-10-28
6729,NC,2023-09-17
6730,NJ,2025-09-30
6731,WA,2024-09-07
6732,NY,2024-03-07
6733,VA,2024-12-16
6734,GA,2024-11-26
6735,MI,2026-01-19
6736,PA,2023-07-17
6737,PA,2025-09-09
6738,IL,2023-02-08
6739,TX,2024-12-09
6740,PA,2024-04-15
6741,MA,2023-03-20
6742,GA,2024-12-29
6743,TX,2026-01-22
6744,NY,2024-11-14
6745,MA,2023-02-12
6746,MA,2023-05-12
6747,FL,2023-03-18
6748,NJ,2023-02-08
6749,GA,2023-05-31
6750,AZ,2025-09-02
6751,CO,2023-11-14
6752,VA,2024-03-12
6753,VA,2024-09-18
6754,CA,2024-07-04
6755,CA,2023-12-06
6756,WA,2024-10-19
6757,IL,2025-07-06
6758,TX,2023-12-27
6759,VA,2025-09-22
6760,GA,2025-02-09
6761,PA,2023-07-09
6762,NC,2024-02-17
6763,AZ,2023-11-25
6764,MI,2023-04-02
6765,IL,2024-03-15
6766,FL,2026-02-03
6767,PA,2023-09-02
6768,MA,2025-06-27
6769,CO,2025-04-12
6770,GA,2023-04-07
6771,VA,2025-07-26
6772,NJ,2025-08-11
6773,IL,2024-07-28
6774,MI,2023-04-13
6775,IL,2025-04-08
6776,CO,2024-05-27
6777,PA,2024-10-27
6778,WA,2023-02-04
6779,AZ,2024-02-01
6780,TX,2023-01-27
6781,PA,2023-11-02
6782,TX,2024-11-29
6783,VA,2024-08-03
6784,IL,2023-06-14
6785,NY,2023-04-12
6786,IL,2024-03-30
6787,VA,2023-07-12
6788,IL,2025-07-04
6789,CO,2025-06-16
6790,MA,2025-03-20
6791,CO,2023-10-26
6792,AZ,2023-01-21
6793,GA,2023-02-14
6794,IL,2024-05-10
6795,AZ,2024-11-13
6796,TX,2023-08-11
6797,NC,2023-10-26
6798,TX,2025-11-13
6799,NJ,2026-01-12
6800,PA,2025-12-19
6801,CA,2023-10-15
6802,NJ,2024-05-31
6803,MI,2025-06-16
6804,VA,2023-06-03
6805,MI,2023-10-08
6806,WA,2024-03-09
6807,AZ,2023-12-08
6808,FL,2023-03-27
6809,GA,2025-02-17
6810,MI,2023-07-10
6811,GA,2025-12-27
6812,MI,2025-09-17
6813,AZ,2025-05-25
6814,WA,2024-10-23
6815,NC,2024-07-27
6816,FL,2023-05-11
6817,MA,2025-04-18
6818,MI,2025-08-16
6819,IL,2025-04-18
6820,FL,2023-08-09
6821,VA,2024-10-04
6822,VA,2024-05-02
6823,MI,2025-05-01
6824,NC,2023-12-20
6825,NY,2025-08-05
6826,CA,2023-06-10
6827,FL,2024-04-08
6828,FL,2025-12-19
6829,VA,2023-08-03
6830,CA,2024-08-02
6831,IL,2024-05-02
6832,FL,2023-08-13
6833,CA,2024-12-09
6834,CA,2023-06-10
6835,MI,2024-03-30
6836,VA,2026-02-08
6837,CA,2025-12-18
6838,CO,2024-06-28
6839,NC,2023-01-29
6840,CO,2025-02-05
6841,NY,2023-07-04
6842,NJ,2023-12-23
6843,VA,2024-05-06
6844,MA,2025-01-02
6845,AZ,2024-07-31
6846,CO,2023-04-24
6847,CO,2024-01-13
6848,NJ,2023-04-07
6849,NC,2025-04-21
6850,MI,2023-05-04
6851,NJ,2023-06-05
6852,VA,2023-04-20
6853,MA,2023-02-22
6854,WA,2024-08-10
6855,CA,2024-12-26
6856,PA,2023-02-14
6857,GA,2025-07-24
6858,VA,2026-02-14
6859,MA,2023-05-02
6860,NY,2024-04-26
6861,IL,2024-11-08
6862,NY,2024-05-14
6863,MI,2023-03-15
6864,CA,2025-08-28
6865,AZ,2023-05-29
6866,MA,2025-06-10
6867,VA,2025-12-20
6868,NY,2025-12-13
6869,VA,2024-04-17
6870,AZ,2023-06-19
6871,AZ,2024-12-01
6872,NY,2023-02-01
6873,VA,2023-02-22
6874,NJ,2025-07-28
6875,WA,2023-05-19
6876,AZ,2025-12-06
6877,WA,2023-03-31
6878,MA,2025-04-07
6879,CA,2023-02-05
6880,CO,2025-10-12
6881,TX,2025-07-17
6882,FL,2024-07-07
6883,MI,2025-01-09
6884,GA,2023-09-26
6885,FL,2025-06-28
6886,NC,2023-07-05
6887,PA,2025-05-18
6888,MI,2026-02-19
6889,WA,2024-02-28
6890,MA,2025-04-12
6891,FL,2025-07-14
6892,AZ,2026-02-14
6893,CA,2025-05-18
6894,GA,2025-10-12
6895,FL,2024-03-17
6896,GA,2023-02-08
6897,IL,2025-06-26
6898,MI,2023-06-15
6899,CA,2024-03-18
6900,PA,2023-11-27
6901,TX,2025-09-19
6902,NJ,2026-02-09
6903,NY,2024-12-14
6904,GA,2025-04-14
6905,MI,2023-05-19
6906,PA,2025-02-07
6907,CA,2023-05-04
6908,VA,2025-05-31
6909,AZ,2025-01-30
6910,GA,2026-01-26
6911,GA,2025-12-19
6912,CO,2025-11-08
6913,CO,2026-02-21
6914,NJ,2023-08-14
6915,AZ,2024-09-03
6916,PA,2023-11-20
6917,CA,2025-11-06
6918,NJ,2026-01-08
6919,CO,2024-08-19
6920,NC,2024-06-24
6921,AZ,2024-10-07
6922,TX,2025-09-16
6923,NJ,2024-12-06
6924,MA,2024-09-22
6925,NJ,2025-05-28
6926,MI,2023-07-10
6927,CA,2025-05-04
6928,CA,2024-05-05
6929,NC,2024-02-09
6930,VA,2025-05-24
6931,WA,2024-03-05
6932,WA,2024-06-03
6933,CO,2025-06-11
6934,MA,2025-03-31
6935,CO,2025-06-05
6936,IL,2024-03-10
6937,IL,2023-03-04
6938,NY,2023-05-14
6939,IL,2025-08-15
6940,WA,2024-09-10
6941,VA,2024-02-29
6942,TX,2023-12-24
6943,IL,2025-10-29
6944,CO,2025-10-07
6945,GA,2023-07-16
6946,CA,2026-02-14
6947,TX,2025-10-30
6948,TX,2025-05-11
6949,NJ,2024-06-02
6950,CO,2023-12-15
6951,CA,2024-07-28
6952,WA,2025-10-24
6953,TX,2023-11-24
6954,NY,2024-05-26
6955,MI,2025-07-19
6956,CO,2023-05-10
6957,TX,2024-08-09
6958,MA,2024-04-28
6959,PA,2023-12-24
6960,NJ,2024-01-20
6961,CA,2023-09-11
6962,IL,2025-04-14
6963,TX,2025-03-06
6964,CO,2024-04-13
6965,IL,2024-05-07
6966,PA,2025-07-08
6967,NY,2023-02-20
6968,IL,2025-12-15
6969,MA,2023-03-14
6970,WA,2024-08-22
6971,TX,2023-02-21
6972,FL,2023-05-05
6973,FL,2023-09-19
6974,IL,2025-08-12
6975,NC,2023-11-26
6976,CA,2023-08-29
6977,NJ,2023-10-18
6978,FL,2023-07-30
6979,NC,2024-12-19
6980,VA,2023-11-18
6981,FL,2023-12-24
6982,NC,2025-07-05
6983,CA,2023-04-04
6984,GA,2024-12-11
6985,FL,2023-06-18
6986,MA,2024-05-30
6987,PA,2023-04-08
6988,AZ,2023-12-16
6989,TX,2025-01-05
6990,NC,2024-08-01
6991,PA,2025-04-20
6992,TX,2024-02-05
6993,AZ,2025-01-20
6994,CO,2025-03-31
6995,CO,2025-10-24
6996,NJ,2024-01-04
6997,PA,2024-07-09
6998,CA,2026-02-16
6999,NC,2025-10-01
7000,NY,2025-08-23
7001,CO,2025-10-11
7002,CA,2025-03-24
7003,MI,2023-04-16
7004,PA,2023-06-14
7005,CO,2024-09-29
7006,CO,2026-01-26
7007,NY,2025-10-20
7008,FL,2023-11-27
7009,IL,2026-02-17
7010,PA,2023-10-26
7011,NJ,2025-05-05
7012,GA,2024-12-07
7013,MI,2026-01-21
7014,CO,2024-03-22
7015,PA,2024-04-24
7016,MI,2025-01-03
7017,CO,2025-05-23
7018,MA,2024-06-05
7019,AZ,2026-01-29
7020,VA,2024-09-13
7021,GA,2025-01-28
7022,MI,2023-09-01
7023,NY,2023-01-23
7024,TX,2024-04-10
7025,NC,2025-05-14
7026,CO,2023-09-26
7027,AZ,2024-06-16
7028,IL,2023-11-10
7029,NC,2023-04-30
7030,GA,2025-09-07
7031,NC,2026-02-17
7032,FL,2024-12-10
7033,CO,2023-05-16
7034,NC,2026-01-05
7035,TX,2025-12-17
7036,TX,2025-07-24
7037,CO,2026-01-14
7038,WA,2023-01-01
7039,TX,2023-03-18
7040,NC,2025-08-18
7041,NJ,2024-08-03
7042,CA,2023-05-28
7043,MI,2024-07-27
7044,TX,2023-07-05
7045,PA,2024-06-05
7046,GA,2023-06-11
7047,WA,2023-07-15
7048,PA,2023-02-03
7049,NC,2024-02-12
7050,MI,2024-06-20
7051,NY,2023-02-05
7052,MA,2023-04-24
7053,MI,2024-08-27
7054,NY,2024-03-18
7055,FL,2023-02-07
7056,PA,2023-04-02
7057,MA,2024-09-22
7058,FL,2024-11-02
7059,MA,2023-04-11
7060,MA,2024-05-21
7061,CA,2023-06-28
7062,IL,2023-10-11
7063,GA,2023-12-21
7064,NY,2024-05-02
7065,AZ,2025-10-02
7066,TX,2023-10-06
7067,NC,2024-06-27
7068,WA,2024-10-11
7069,GA,2025-07-19
7070,FL,2023-12-21
7071,CA,2023-07-14
7072,FL,2025-03-14
7073,IL,2023-04-03
7074,WA,2024-03-08
7075,AZ,2024-07-11
7076,VA,2025-11-16
7077,CA,2023-06-11
7078,FL,2023-04-11
7079,IL,2024-11-29
7080,VA,2023-06-07
7081,MI,2024-05-06
7082,NC,2025-07-07
7083,NC,2025-10-29
7084,AZ,2025-04-03
7085,FL,2024-11-09
7086,MI,2025-02-24
7087,AZ,2025-09-18
7088,GA,2023-04-21
7089,WA,2025-04-20
7090,CO,2023-07-22
7091,GA,2025-12-24
7092,NC,2024-02-18
7093,WA,2024-11-20
7094,IL,2023-09-23
7095,CA,2024-07-25
7096,NJ,2023-07-24
7097,PA,2024-08-06
7098,MI,2023-06-22
7099,MA,2023-11-04
7100,FL,2024-03-25
7101,NJ,2023-03-03
7102,NY,2024-04-19
7103,WA,2023-03-27
7104,PA,2025-10-27
7105,TX,2023-10-22
7106,IL,2025-01-08
7107,CO,2024-06-09
7108,MA,2023-02-03
7109,TX,2025-01-21
7110,CO,2025-02-18
7111,NY,2024-09-29
7112,NC,2025-11-23
7113,GA,2025-03-05
7114,FL,2024-02-10
7115,CA,2025-11-07
7116,CO,2024-03-03
7117,MA,2025-07-02
7118,NJ,2023-10-20
7119,VA,2024-08-02
7120,WA,2026-01-08
7121,NC,2026-01-14
7122,VA,2023-02-17
7123,WA,2023-03-25
7124,MA,2024-08-29
7125,WA,2023-11-04
7126,CO,2023-09-09
7127,NJ,2023-06-29
7128,VA,2024-03-01
7129,IL,2023-02-08
7130,VA,2025-03-26
7131,WA,2024-09-16
7132,GA,2024-01-11
7133,NJ,2023-02-10
7134,NY,2023-02-16
7135,CA,2023-07-04
7136,CO,2023-03-13
7137,PA,2024-07-22
7138,TX,2024-07-27
7139,AZ,2023-12-08
7140,NJ,2024-07-22
7141,PA,2025-08-21
7142,PA,2023-11-24
7143,PA,2023-06-02
7144,MA,2024-12-29
7145,NC,2023-08-20
7146,VA,2023-06-25
7147,NJ,2024-07-04
7148,CO,2023-05-23
7149,MI,2023-01-17
7150,VA,2023-09-06
7151,VA,2025-11-24
7152,IL,2025-03-11
7153,PA,2025-09-26
7154,NC,2025-09-25
7155,AZ,2023-05-26
7156,GA,2025-07-14
7157,MA,2024-12-27
7158,MI,2023-06-14
7159,NC,2026-02-08
7160,WA,2024-10-08
7161,CO,2026-01-02
7162,MI,2024-10-29
7163,NY,2023-12-20
7164,MA,2025-07-31
7165,MI,2025-11-20
7166,FL,2024-06-09
7167,GA,2024-05-24
7168,PA,2023-06-27
7169,CA,2023-11-25
7170,MA,2025-03-11
7171,IL,2024-11-18
7172,CO,2025-07-26
7173,WA,2025-09-06
7174,MI,2025-01-04
7175,CA,2025-11-24
7176,CA,2023-10-24
7177,GA,2024-09-13
7178,MI,2025-06-27
7179,NC,2025-11-28
7180,IL,2024-12-06
7181,NC,2024-09-19
7182,WA,2024-11-03
7183,MI,2024-02-24
7184,CA,2024-10-14
7185,IL,2025-04-03
7186,IL,2024-12-13
7187,TX,2025-05-16
7188,VA,2025-03-24
7189,CO,2025-05-17
7190,AZ,2023-04-23
7191,MI,2025-07-28
7192,CA,2023-06-23
7193,CA,2025-10-07
7194,IL,2023-03-15
7195,NC,2024-09-28
7196,VA,2023-02-01
7197,CA,2024-05-11
7198,IL,2026-02-10
7199,CA,2023-07-14
7200,AZ,2024-06-11
7201,VA,2024-03-16
7202,IL,2024-12-24
7203,TX,2023-01-24
7204,AZ,2023-10-17
7205,AZ,2025-06-14
7206,MI,2023-11-04
7207,CO,2023-10-31
7208,VA,2024-09-22
7209,MI,2025-08-08
7210,IL,2023-02-07
7211,VA,2024-01-21
7212,NJ,2025-01-14
7213,VA,2023-03-23
7214,CA,2026-02-15
7215,MI,2023-02-19
7216,WA,2024-10-30
7217,CO,2023-03-15
7218,TX,2025-09-28
7219,PA,2024-11-25
7220,IL,2026-02-03
7221,WA,2024-11-14
7222,IL,2023-12-22
7223,NC,2025-10-10
7224,CA,2023-07-04
7225,MA,2023-06-03
7226,GA,2025-05-03
7227,NY,2023-04-28
7228,NC,2023-09-24
7229,MI,2025-04-16
7230,WA,2023-09-12
7231,NC,2023-06-20
7232,FL,2024-09-08
7233,IL,2025-09-28
7234,IL,2024-07-01
7235,NJ,2024-12-02
7236,NY,2024-10-28
7237,NY,2025-06-11
7238,FL,2024-02-14
7239,CA,2025-01-08
7240,GA,2023-05-26
7241,AZ,2025-11-27
7242,AZ,2024-05-04
7243,VA,2023-09-19
7244,MA,2026-02-23
7245,PA,2023-12-11
7246,MA,2025-05-28
7247,MI,2026-02-05
7248,TX,2024-05-28
7249,MI,2025-08-02
7250,NJ,2024-12-13
7251,MI,2026-01-18
7252,PA,2023-08-03
7253,TX,2024-08-26
7254,CA,2025-04-17
7255,TX,2025-02-10
7256,TX,2024-10-31
7257,FL,2025-12-16
7258,FL,2024-07-12
7259,TX,2023-08-10
7260,NC,2024-04-19
7261,PA,2026-02-05
7262,CO,2025-05-12
7263,CO,2025-03-22
7264,VA,2023-06-29
7265,VA,2023-06-26
7266,CA,2024-05-01
7267,MA,2024-02-18
7268,NJ,2024-11-22
7269,NY,2025-11-26
7270,CA,2024-07-28
7271,TX,2023-09-25
7272,FL,2025-02-23
7273,VA,2025-07-12
7274,IL,2024-01-23
7275,NC,2023-12-20
7276,AZ,2025-03-24
7277,WA,2025-10-20
7278,MI,2023-09-26
7279,MI,2025-12-26
7280,AZ,2023-10-04
7281,FL,2023-11-03
7282,CO,2024-09-22
7283,NJ,2024-06-21
7284,PA,2024-06-01
7285,AZ,2026-02-11
7286,FL,2023-05-14
7287,VA,2025-04-04
7288,NC,2025-11-14
7289,PA,2025-03-23
7290,VA,2023-03-13
7291,NY,2025-10-14
7292,MI,2025-08-09
7293,TX,2023-02-02
7294,IL,2023-04-07
7295,CO,2023-09-20
7296,CO,2025-05-23
7297,MI,2025-07-02
7298,NJ,2025-12-29
7299,MI,2023-10-20
7300,GA,2025-07-05
7301,MA,2024-12-30
7302,VA,2023-06-21
7303,NY,2025-01-27
7304,CO,2025-07-14
7305,MA,2025-06-19
7306,CO,2024-05-31
7307,PA,2025-10-30
7308,TX,2023-09-28
7309,MA,2025-01-11
7310,NC,2024-07-20
7311,VA,2024-07-06
7312,GA,2024-10-11
7313,TX,2024-01-26
7314,AZ,2025-08-16
7315,NC,2026-02-12
7316,IL,2024-07-28
7317,NY,2023-12-10
7318,NY,2024-03-31
7319,WA,2024-03-19
7320,WA,2023-07-16
7321,VA,2025-05-17
7322,MA,2023-12-29
7323,PA,2025-05-17
7324,NY,2024-07-19
7325,NJ,2024-11-01
7326,AZ,2023-01-25
7327,VA,2023-08-25
7328,MA,2024-04-05
7329,WA,2023-04-10
7330,AZ,2025-01-09
7331,IL,2024-02-12
7332,CO,2025-09-04
7333,NC,2025-01-20
7334,VA,2023-05-23
7335,AZ,2024-06-12
7336,PA,2025-10-25
7337,FL,2024-06-06
7338,VA,2024-12-20
7339,MA,2024-02-22
7340,IL,2026-01-09
7341,NC,2024-06-28
7342,NY,2025-10-06
7343,MI,2025-03-27
7344,CO,2023-06-08
7345,NC,2024-09-18
7346,GA,2025-02-11
7347,WA,2025-12-04
7348,NC,2023-05-08
7349,FL,2025-05-26
7350,IL,2024-08-28
7351,CO,2024-06-24
7352,NJ,2023-06-13
7353,MI,2024-10-10
7354,TX,2023-05-11
7355,NC,2024-11-26
7356,NJ,2024-05-18
7357,NJ,2023-07-03
7358,CA,2025-04-05
7359,FL,2024-11-01
7360,MI,2025-09-08
7361,FL,2025-10-19
7362,CA,2024-07-07
7363,GA,2023-05-11
7364,TX,2024-11-27
7365,WA,2025-11-03
7366,IL,2025-03-24
7367,CO,2024-10-20
7368,IL,2024-01-15
7369,TX,2025-12-19
7370,IL,2025-07-15
7371,CA,2024-06-21
7372,FL,2024-07-30
7373,IL,2025-12-29
7374,MA,2024-11-15
7375,NJ,2023-02-09
7376,VA,2024-01-01
7377,NJ,2023-09-05
7378,NC,2023-01-12
7379,TX,2025-01-06
7380,GA,2024-05-24
7381,PA,2023-06-20
7382,PA,2025-11-21
7383,MA,2024-12-21
7384,AZ,2025-09-21
7385,CA,2025-03-25
7386,NY,2024-03-04
7387,CA,2025-11-24
7388,NJ,2023-07-24
7389,GA,2025-06-08
7390,GA,2025-06-23
7391,MA,2024-11-27
7392,NC,2025-01-19
7393,TX,2025-09-11
7394,VA,2025-09-12
7395,MI,2026-02-06
7396,WA,2023-09-06
7397,MI,2025-10-25
7398,FL,2023-08-18
7399,MA,2024-09-19
7400,AZ,2025-04-07
7401,GA,2023-11-17
7402,PA,2026-02-24
7403,NY,2023-01-28
7404,VA,2025-04-30
7405,CO,2024-05-24
7406,MI,2023-08-16
7407,GA,2024-10-02
7408,NC,2024-06-24
7409,AZ,2024-11-02
7410,NC,2025-06-28
7411,GA,2025-03-19
7412,AZ,2024-06-03
7413,NC,2026-02-26
7414,AZ,2024-05-28
7415,MA,2025-10-30
7416,MI,2023-12-13
7417,GA,2023-04-27
7418,GA,2024-02-15
7419,AZ,2025-10-31
7420,TX,2026-01-21
7421,FL,2026-01-30
7422,NY,2023-04-08
7423,NC,2023-10-09
7424,TX,2025-03-17
7425,NJ,2025-05-09
7426,NJ,2024-10-18
7427,WA,2023-07-30
7428,WA,2024-05-22
7429,IL,2026-01-04
7430,VA,2024-03-27
7431,MA,2024-11-17
7432,MA,2024-09-14
7433,CA,2025-08-28
7434,AZ,2025-07-18
7435,NY,2023-01-18
7436,PA,2025-02-24
7437,GA,2023-07-17
7438,NC,2024-02-21
7439,NY,2024-01-19
7440,IL,2023-07-19
7441,NJ,2025-06-13
7442,NJ,2025-09-06
7443,CA,2025-12-02
7444,TX,2023-03-23
7445,NY,2025-06-02
7446,TX,2024-04-24
7447,WA,2024-12-28
7448,NJ,2023-05-04
7449,NC,2024-06-11
7450,IL,2024-06-09
7451,GA,2023-02-08
7452,PA,2023-04-18
7453,NJ,2023-09-25
7454,MI,2023-11-07
7455,MI,2023-02-09
7456,NC,2025-02-19
7457,PA,2024-08-03
7458,PA,2023-06-01
7459,VA,2023-07-06
7460,FL,2024-03-05
7461,MA,2024-04-01
7462,IL,2025-01-22
7463,NY,2023-07-23
7464,NC,2025-02-17
7465,NJ,2023-04-28
7466,NJ,2023-08-10
7467,NJ,2025-06-15
7468,MI,2023-03-04
7469,MI,2024-01-31
7470,CO,2023-01-05
7471,MA,2024-05-22
7472,MI,2023-05-25
7473,MI,2025-08-11
7474,MA,2024-10-23
7475,AZ,2025-02-19
7476,MI,2025-08-16
7477,CO,2025-08-20
7478,PA,2023-01-11
7479,PA,2023-03-10
7480,VA,2025-08-21
7481,AZ,2023-07-21
7482,NJ,2023-09-23
7483,CA,2023-04-18
7484,MI,2025-12-13
7485,VA,2025-08-08
7486,CA,2023-07-09
7487,CO,2023-08-27
7488,FL,2025-08-08
7489,WA,2023-12-09
7490,CO,2023-10-18
7491,WA,2023-11-17
7492,NC,2023-02-11
7493,FL,2025-08-12
7494,PA,2025-06-07
7495,IL,2024-09-24
7496,VA,2025-04-25
7497,MI,2023-10-11
7498,PA,2025-03-17
7499,WA,2023-07-01
7500,AZ,2025-10-31
7501,MA,2025-01-14
7502,AZ,2024-03-17
7503,NC,2024-09-20
7504,MA,2024-01-23
7505,VA,2024-07-29
7506,FL,2024-03-29
7507,PA,2025-07-15
7508,VA,2025-10-22
7509,WA,2025-03-21
7510,VA,2025-03-19
7511,TX,2025-12-19
7512,MI,2024-01-03
7513,FL,2025-07-30
7514,MI,2023-02-09
7515,AZ,2024-07-10
7516,FL,2025-07-05
7517,TX,2025-10-17
7518,VA,2024-10-04
7519,NC,2024-03-25
7520,WA,2024-01-30
7521,WA,2025-03-02
7522,NJ,2023-03-29
7523,MA,2024-06-16
7524,FL,2025-01-13
7525,VA,2024-01-16
7526,FL,2024-03-06
7527,GA,2023-10-04
7528,IL,2023-07-13
7529,MI,2023-06-28
7530,FL,2023-08-06
7531,NY,2025-09-14
7532,IL,2025-12-18
7533,NY,2024-07-10
7534,WA,2025-02-06
7535,IL,2023-03-18
7536,FL,2024-08-21
7537,AZ,2024-06-07
7538,VA,2025-03-23
7539,TX,2024-01-19
7540,MA,2024-05-18
7541,NY,2023-08-30
7542,VA,2024-01-04
7543,NJ,2023-10-15
7544,AZ,2024-02-03
7545,IL,2023-04-14
7546,VA,2023-05-07
7547,FL,2023-02-09
7548,IL,2025-12-31
7549,FL,2025-05-31
7550,FL,2025-08-02
7551,MI,2023-09-04
7552,FL,2023-11-08
7553,GA,2023-02-03
7554,MA,2023-05-09
7555,TX,2023-01-10
7556,TX,2025-07-30
7557,IL,2025-07-23
7558,IL,2025-11-07
7559,FL,2023-12-06
7560,MI,2024-11-11
7561,MI,2026-01-18
7562,GA,2024-06-17
7563,FL,2025-03-19
7564,GA,2024-03-08
7565,FL,2025-01-27
7566,NY,2024-10-12
7567,NY,2025-12-11
7568,WA,2025-12-26
7569,FL,2024-08-19
7570,MA,2023-09-07
7571,AZ,2025-06-22
7572,NJ,2024-02-19
7573,WA,2026-02-20
7574,IL,2023-01-06
7575,NC,2025-04-28
7576,FL,2023-01-13
7577,VA,2023-01-06
7578,PA,2026-02-18
7579,NY,2024-06-21
7580,VA,2023-01-04
7581,NC,2023-10-11
7582,GA,2024-12-22
7583,NC,2025-10-12
7584,MI,2024-11-23
7585,MA,2024-10-18
7586,FL,2025-08-09
7587,TX,2024-09-19
7588,NC,2025-09-06
7589,AZ,2025-11-19
7590,MI,2024-01-09
7591,TX,2026-02-21
7592,GA,2025-10-07
7593,WA,2024-10-11
7594,VA,2024-12-25
7595,MI,2025-03-22
7596,TX,2025-12-15
7597,MI,2023-05-12
7598,WA,2025-02-19
7599,NY,2023-05-02
7600,NJ,2023-07-21
7601,FL,2024-12-02
7602,NC,2024-07-11
7603,NY,2025-11-29
7604,NY,2024-08-01
7605,PA,2026-02-10
7606,CO,2025-12-21
7607,CA,2023-08-15
7608,AZ,2023-06-23
7609,MA,2025-10-16
7610,WA,2026-02-05
7611,MI,2023-05-23
7612,NJ,2024-07-22
7613,CO,2023-10-04
7614,CA,2023-10-03
7615,NJ,2023-08-22
7616,MA,2023-02-01
7617,WA,2025-01-29
7618,FL,2026-03-01
7619,MA,2025-03-03
7620,NC,2025-01-31
7621,MI,2023-09-22
7622,NY,2023-08-03
7623,PA,2023-10-09
7624,MI,2024-06-13
7625,CA,2023-01-02
7626,CA,2024-05-27
7627,NJ,2025-03-26
7628,PA,2024-04-08
7629,CA,2023-06-13
7630,MI,2024-06-21
7631,PA,2024-05-25
7632,WA,2024-07-08
7633,NC,2024-10-02
7634,MA,2025-12-30
7635,NY,2023-09-16
7636,NC,2024-03-20
7637,CO,2025-02-04
7638,FL,2023-03-06
7639,PA,2024-10-19
7640,TX,2026-01-30
7641,NC,2025-09-27
7642,NJ,2023-02-11
7643,CO,2025-05-28
7644,NY,2023-07-15
7645,NJ,2026-01-27
7646,NJ,2024-01-23
7647,VA,2023-03-06
7648,TX,2023-08-11
7649,PA,2025-07-03
7650,TX,2024-03-17
7651,NC,2026-02-13
7652,NJ,2025-06-21
7653,CA,2024-03-28
7654,IL,2023-11-16
7655,NY,2025-02-08
7656,CA,2025-06-01
7657,NY,2025-10-12
7658,PA,2024-03-26
7659,IL,2025-06-14
7660,AZ,2026-01-07
7661,FL,2025-01-12
7662,IL,2023-12-23
7663,PA,2026-02-16
7664,GA,2025-02-20
7665,VA,2024-07-19
7666,NC,2025-12-04
7667,PA,2024-06-11
7668,NC,2024-12-24
7669,CO,2023-08-29
7670,CA,2024-09-05
7671,VA,2023-04-05
7672,CO,2023-12-31
7673,GA,2023-01-25
7674,IL,2023-11-14
7675,NC,2023-11-29
7676,MI,2025-07-02
7677,WA,2024-07-15
7678,IL,2024-11-11
7679,VA,2023-04-10
7680,IL,2024-01-05
7681,GA,2025-11-01
7682,FL,2024-12-20
7683,NY,2023-03-18
7684,NJ,2024-08-09
7685,NJ,2025-08-31
7686,GA,2024-11-12
7687,NY,2024-11-21
7688,NC,2023-03-29
7689,GA,2024-04-09
7690,NY,2024-05-08
7691,PA,2026-02-15
7692,CO,2023-05-16
7693,GA,2025-09-04
7694,PA,2023-07-06
7695,NC,2024-06-25
7696,GA,2024-08-01
7697,NC,2025-07-18
7698,GA,2025-03-21
7699,NY,2024-02-16
7700,FL,2023-08-05
7701,MA,2024-10-31
7702,PA,2025-12-30
7703,NY,2025-04-09
7704,CA,2026-02-07
7705,TX,2023-10-12
7706,PA,2025-06-01
7707,FL,2025-02-08
7708,CO,2024-07-22
7709,IL,2025-08-10
7710,NJ,2024-07-14
7711,NY,2024-11-27
7712,MI,2024-12-11
7713,GA,2024-06-13
7714,AZ,2024-05-03
7715,NY,2023-01-27
7716,VA,2026-02-15
7717,MI,2025-12-13
7718,PA,2024-05-18
7719,WA,2023-06-01
7720,PA,2025-01-06
7721,FL,2024-04-23
7722,VA,2025-04-10
7723,MA,2025-04-29
7724,CO,2024-07-07
7725,WA,2023-10-14
7726,NC,2024-03-30
7727,AZ,2024-09-18
7728,AZ,2023-07-31
7729,WA,2023-12-29
7730,NY,2024-08-20
7731,CO,2023-05-13
7732,AZ,2023-10-04
7733,NY,2024-08-27
7734,NC,2024-10-18
7735,PA,2024-10-28
7736,IL,2023-05-16
7737,CO,2025-02-03
7738,IL,2024-03-03
7739,FL,2025-04-09
7740,VA,2025-11-18
7741,FL,2024-08-17
7742,IL,2025-07-08
7743,AZ,2025-11-23
7744,MI,2024-05-18
7745,VA,2023-04-14
7746,FL,2024-05-08
7747,CO,2024-01-23
7748,GA,2025-01-04
7749,CA,2025-06-23
7750,VA,2026-01-18
7751,FL,2023-11-29
7752,FL,2024-01-12
7753,NY,2023-08-28
7754,IL,2024-12-30
7755,TX,2023-07-01
7756,MA,2025-01-13
7757,VA,2025-04-20
7758,NJ,2025-12-04
7759,NJ,2025-10-05
7760,WA,2025-04-07
7761,FL,2024-08-20
7762,WA,2025-10-13
7763,CO,2023-07-20
7764,TX,2023-12-09
7765,AZ,2024-09-22
7766,MA,2023-10-25
7767,MI,2024-11-28
7768,AZ,2024-12-13
7769,IL,2025-07-18
7770,PA,2025-02-16
7771,CA,2024-01-14
7772,VA,2025-01-17
7773,MA,2024-12-06
7774,AZ,2024-01-02
7775,VA,2025-02-09
7776,MA,2025-12-30
7777,AZ,2025-11-17
7778,MI,2023-12-15
7779,PA,2026-02-15
7780,CA,2023-04-03
7781,GA,2023-05-21
7782,IL,2023-12-21
7783,MI,2025-12-28
7784,PA,2024-08-04
7785,NY,2025-06-01
7786,WA,2023-05-04
7787,VA,2024-08-25
7788,NJ,2025-08-31
7789,FL,2023-11-01
7790,MA,2025-03-13
7791,CO,2026-01-16
7792,NJ,2025-07-25
7793,AZ,2023-12-31
7794,MI,2025-09-18
7795,NJ,2023-09-23
7796,CA,2023-03-25
7797,WA,2025-05-02
7798,MI,2025-01-18
7799,TX,2023-05-31
7800,CA,2024-11-16
7801,PA,2023-05-20
7802,TX,2023-02-24
7803,AZ,2023-03-15
7804,IL,2025-09-23
7805,AZ,2025-06-26
7806,MA,2025-04-08
7807,CO,2024-10-03
7808,VA,2025-01-13
7809,NJ,2023-01-26
7810,FL,2024-03-10
7811,TX,2023-03-03
7812,WA,2024-05-04
7813,GA,2024-05-07
7814,VA,2024-11-09
7815,IL,2024-04-12
7816,MI,2026-02-13
7817,GA,2024-10-12
7818,MI,2024-03-23
7819,IL,2023-07-27
7820,NY,2025-09-28
7821,VA,2026-01-30
7822,WA,2023-01-10
7823,PA,2026-02-20
7824,NJ,2025-02-25
7825,GA,2023-01-04
7826,CO,2024-04-11
7827,MA,2023-09-16
7828,CA,2024-12-21
7829,FL,2023-10-14
7830,PA,2023-01-31
7831,MA,2024-06-04
7832,NJ,2024-12-16
7833,MA,2023-05-04
7834,MI,2025-07-10
7835,IL,2023-05-10
7836,CO,2025-01-15
7837,NJ,2024-05-30
7838,VA,2025-02-12
7839,IL,2025-08-08
7840,NC,2023-03-18
7841,TX,2024-01-01
7842,FL,2023-10-19
7843,AZ,2023-06-06
7844,TX,2026-01-28
7845,CA,2025-06-26
7846,MI,2025-07-06
7847,NC,2023-04-20
7848,WA,2023-05-18
7849,MI,2025-10-16
7850,CA,2023-03-05
7851,CA,2024-05-21
7852,NY,2025-04-19
7853,VA,2025-10-11
7854,FL,2025-09-03
7855,IL,2025-02-27
7856,CO,2023-12-16
7857,VA,2023-05-27
7858,TX,2025-05-11
7859,CA,2024-02-11
7860,TX,2023-12-10
7861,PA,2024-10-13
7862,TX,2024-12-05
7863,WA,2025-02-09
7864,NJ,2023-02-08
7865,PA,2023-10-14
7866,PA,2025-08-25
7867,FL,2025-06-09
7868,VA,2024-10-23
7869,FL,2025-10-25
7870,GA,2023-08-24
7871,MA,2023-08-24
7872,FL,2025-08-26
7873,TX,2024-05-15
7874,IL,2026-02-02
7875,TX,2023-08-27
7876,IL,2025-04-08
7877,NJ,2023-02-21
7878,VA,2023-04-18
7879,NJ,2025-11-22
7880,VA,2023-01-22
7881,VA,2023-11-03
7882,PA,2023-01-11
7883,GA,2024-07-15
7884,IL,2023-07-17
7885,PA,2025-12-03
7886,FL,2024-01-24
7887,MI,2024-07-04
7888,WA,2024-05-10
7889,VA,2024-05-19
7890,IL,2023-05-17
7891,NJ,2025-09-15
7892,TX,2023-06-13
7893,CO,2025-05-01
7894,FL,2025-11-12
7895,CO,2024-12-11
7896,NC,2024-05-21
7897,NC,2024-11-16
7898,TX,2024-12-08
7899,NC,2023-05-22
7900,MA,2023-10-08
7901,NJ,2025-08-24
7902,VA,2023-10-29
7903,PA,2024-02-01
7904,GA,2023-11-14
7905,FL,2025-06-26
7906,CO,2025-05-29
7907,TX,2025-05-07
7908,MA,2025-12-07
7909,TX,2024-11-03
7910,PA,2025-09-01
7911,MI,2024-11-07
7912,MI,2024-01-14
7913,MA,2023-08-05
7914,AZ,2025-04-28
7915,NJ,2025-05-17
7916,NC,2024-03-09
7917,NC,2025-01-25
7918,NJ,2025-07-30
7919,NJ,2024-12-07
7920,IL,2024-08-21
7921,NY,2023-08-24
7922,NJ,2023-04-10
7923,TX,2025-01-08
7924,IL,2023-04-29
7925,AZ,2024-12-08
7926,FL,2023-03-29
7927,IL,2023-02-05
7928,CA,2023-11-10
7929,NC,2024-07-04
7930,PA,2024-03-02
7931,CA,2024-05-31
7932,TX,2024-10-14
7933,CO,2023-01-09
7934,CO,2023-02-26
7935,NJ,2023-10-10
7936,FL,2024-04-05
7937,IL,2024-08-16
7938,MI,2025-07-18
7939,CO,2023-03-06
7940,MA,2025-05-04
7941,NJ,2025-03-12
7942,MA,2023-05-16
7943,VA,2025-01-31
7944,FL,2025-10-06
7945,GA,2025-12-07
7946,PA,2024-09-03
7947,NC,2025-04-29
7948,IL,2023-04-27
7949,AZ,2025-02-17
7950,PA,2025-03-30
7951,NJ,2025-10-19
7952,TX,2024-04-23
7953,WA,2024-06-19
7954,WA,2024-05-08
7955,AZ,2024-02-09
7956,WA,2023-04-06
7957,CO,2023-09-11
7958,GA,2024-02-18
7959,VA,2024-08-06
7960,GA,2024-07-29
7961,VA,2023-08-31
7962,IL,2024-09-30
7963,IL,2023-02-08
7964,GA,2023-12-19
7965,FL,2024-03-01
7966,IL,2026-01-05
7967,FL,2025-09-08
7968,NJ,2024-05-24
7969,CA,2023-05-20
7970,MA,2023-09-09
7971,AZ,2024-10-30
7972,NC,2023-11-13
7973,NJ,2024-02-24
7974,PA,2025-05-28
7975,IL,2025-01-18
7976,GA,2026-01-03
7977,MA,2025-06-16
7978,VA,2025-11-18
7979,MA,2025-11-30
7980,NY,2024-06-24
7981,PA,2026-01-28
7982,NJ,2024-07-23
7983,MI,2024-12-23
7984,GA,2025-09-27
7985,NC,2025-05-25
7986,GA,2023-07-08
7987,IL,2024-03-25
7988,VA,2023-04-04
7989,TX,2023-10-10
7990,CA,2024-07-23
7991,FL,2023-01-25
7992,AZ,2023-09-17
7993,AZ,2024-05-11
7994,TX,2023-04-25
7995,AZ,2024-03-27
7996,PA,2024-11-30
7997,CA,2025-02-10
7998,TX,2024-01-20
7999,AZ,2024-09-04
8000,AZ,2025-09-15
8001,FL,2023-08-07
8002,VA,2025-05-29
8003,VA,2024-07-10
8004,MI,2025-12-22
8005,AZ,2023-12-16
8006,CO,2024-01-25
8007,GA,2025-03-14
8008,TX,2024-01-12
8009,IL,2025-05-20
8010,NC,2023-03-07
8011,NJ,2026-02-16
8012,MI,2025-01-15
8013,WA,2023-01-08
8014,IL,2023-01-27
8015,FL,2023-10-17
8016,NC,2023-01-28
8017,IL,2024-04-11
8018,MA,2023-04-18
8019,GA,2025-06-09
8020,NC,2024-03-14
8021,MA,2023-07-22
8022,IL,2025-02-15
8023,CA,2025-09-16
8024,NY,2023-10-28
8025,CA,2024-03-13
8026,GA,2025-10-31
8027,NC,2025-04-16
8028,NC,2024-08-29
8029,GA,2024-10-03
8030,MA,2026-01-31
8031,VA,2023-04-20
8032,NY,2024-10-04
8033,IL,2024-12-03
8034,NJ,2026-01-21
8035,FL,2025-03-11
8036,CA,2025-05-19
8037,CA,2025-07-07
8038,PA,2025-04-28
8039,WA,2024-05-21
8040,PA,2023-06-26
8041,NY,2024-10-29
8042,FL,2024-05-25
8043,CA,2023-04-19
8044,FL,2025-05-21
8045,NJ,2025-12-31
8046,IL,2024-05-03
8047,NC,2025-01-02
8048,FL,2023-10-08
8049,CA,2025-06-21
8050,MA,2024-02-22
8051,AZ,2025-01-23
8052,NY,2024-10-23
8053,GA,2024-11-18
8054,VA,2023-04-14
8055,TX,2026-02-16
8056,CO,2024-12-12
8057,VA,2024-08-04
8058,CO,2023-02-26
8059,TX,2024-07-31
8060,FL,2025-12-17
8061,NY,2023-04-27
8062,FL,2025-03-29
8063,NJ,2025-11-10
8064,NJ,2023-03-20
8065,NJ,2024-07-12
8066,AZ,2025-06-04
8067,GA,2023-04-18
8068,NY,2025-03-09
8069,PA,2024-11-18
8070,PA,2023-03-11
8071,VA,2024-01-22
8072,TX,2025-05-04
8073,MI,2025-12-17
8074,NJ,2023-09-02
8075,NJ,2025-12-04
8076,MI,2024-11-14
8077,FL,2025-02-23
8078,WA,2023-03-12
8079,CA,2023-04-18
8080,MA,2024-12-22
8081,AZ,2023-10-29
8082,NC,2026-02-04
8083,MA,2024-06-11
8084,GA,2025-08-09
8085,FL,2023-09-13
8086,AZ,2025-08-11
8087,AZ,2025-07-12
8088,IL,2024-07-15
8089,NJ,2023-12-26
8090,NY,2023-10-23
8091,PA,2023-04-03
8092,PA,2026-02-27
8093,AZ,2025-05-10
8094,FL,2025-09-16
8095,NY,2024-04-28
8096,NC,2025-05-25
8097,WA,2023-12-07
8098,MI,2023-11-26
8099,MA,2025-03-09
8100,VA,2023-07-20
8101,CA,2025-01-12
8102,MI,2023-04-08
8103,NC,2026-01-31
8104,NC,2025-04-18
8105,MA,2023-12-18
8106,NC,2024-04-11
8107,VA,2025-11-05
8108,IL,2024-03-31
8109,IL,2023-09-15
8110,PA,2023-03-03
8111,CO,2024-04-26
8112,CO,2025-09-26
8113,IL,2024-09-26
8114,TX,2025-12-01
8115,WA,2025-12-11
8116,NY,2025-07-04
8117,MI,2023-11-08
8118,AZ,2024-08-01
8119,WA,2023-02-28
8120,AZ,2023-10-31
8121,GA,2023-02-04
8122,NC,2024-10-09
8123,CA,2025-10-07
8124,NC,2024-05-07
8125,WA,2024-05-05
8126,PA,2023-08-09
8127,IL,2023-05-03
8128,AZ,2024-12-07
8129,NJ,2026-01-30
8130,MA,2025-06-05
8131,GA,2024-05-08
8132,IL,2025-01-28
8133,WA,2024-09-24
8134,PA,2023-11-26
8135,MA,2025-08-29
8136,VA,2023-01-10
8137,CA,2023-05-07
8138,NJ,2025-09-11
8139,AZ,2024-10-30
8140,WA,2023-08-19
8141,MI,2025-11-04
8142,NY,2024-05-01
8143,FL,2024-03-17
8144,MA,2025-05-27
8145,WA,2023-10-01
8146,PA,2024-09-09
8147,IL,2025-10-23
8148,NY,2023-11-22
8149,TX,2023-09-10
8150,MA,2025-12-14
8151,NJ,2025-06-04
8152,NY,2024-03-23
8153,PA,2024-01-08
8154,IL,2024-04-13
8155,WA,2025-01-29
8156,NC,2025-04-12
8157,CA,2023-03-11
8158,PA,2024-04-25
8159,NJ,2024-06-13
8160,MI,2024-05-04
8161,NC,2024-05-17
8162,NJ,2025-10-05
8163,FL,2023-04-27
8164,NJ,2024-08-29
8165,NY,2025-07-07
8166,FL,2025-06-22
8167,CA,2024-03-03
8168,NY,2026-02-12
8169,VA,2024-05-08
8170,CO,2023-03-03
8171,IL,2024-05-11
8172,NY,2024-09-27
8173,PA,2023-03-21
8174,MI,2024-04-29
8175,IL,2025-11-11
8176,NC,2024-08-17
8177,GA,2023-09-18
8178,MA,2023-05-09
8179,GA,2024-09-17
8180,WA,2023-10-11
8181,MA,2025-12-06
8182,NJ,2023-01-19
8183,MI,2024-08-21
8184,AZ,2024-10-15
8185,MA,2025-02-01
8186,PA,2025-04-17
8187,PA,2025-10-28
8188,TX,2025-11-26
8189,MA,2023-03-13
8190,CA,2025-12-26
8191,GA,2024-10-14
8192,NC,2023-03-05
8193,VA,2023-01-30
8194,IL,2024-07-10
8195,WA,2024-10-07
8196,MA,2025-11-05
8197,WA,2023-10-05
8198,NC,2023-10-04
8199,WA,2023-08-09
8200,NJ,2024-10-31
8201,NC,2025-11-13
8202,NJ,2025-04-11
8203,MA,2023-05-21
8204,NC,2025-01-03
8205,MI,2023-01-26
8206,MA,2023-04-08
8207,VA,2023-10-03
8208,NJ,2024-07-26
8209,MI,2025-06-10
8210,TX,2024-03-08
8211,TX,2023-01-09
8212,NC,2025-06-14
8213,PA,2025-05-18
8214,VA,2025-07-21
8215,MI,2023-09-29
8216,TX,2023-02-01
8217,IL,2025-05-01
8218,PA,2024-08-27
8219,MI,2026-02-25
8220,IL,2023-01-17
8221,VA,2023-10-28
8222,VA,2023-02-11
8223,TX,2023-02-21
8224,TX,2023-07-07
8225,CO,2023-05-31
8226,CO,2026-02-24
8227,MA,2024-02-13
8228,NC,2023-12-10
8229,FL,2024-08-13
8230,MI,2026-01-26
8231,FL,2025-12-27
8232,TX,2025-04-25
8233,WA,2025-06-18
8234,TX,2023-01-28
8235,VA,2025-11-18
8236,CO,2024-09-25
8237,MA,2023-07-31
8238,VA,2024-11-18
8239,TX,2023-03-13
8240,GA,2023-04-20
8241,PA,2026-02-10
8242,AZ,2023-08-20
8243,VA,2023-02-12
8244,WA,2023-09-22
8245,GA,2023-02-15
8246,MA,2026-01-29
8247,MI,2023-08-26
8248,MA,2024-08-23
8249,IL,2024-11-21
8250,NY,2025-09-02
8251,GA,2025-01-12
8252,IL,2026-01-27
8253,CO,2024-12-27
8254,CA,2023-07-19
8255,WA,2025-10-09
8256,PA,2024-03-12
8257,CA,2024-05-08
8258,NC,2024-12-07
8259,NJ,2023-01-24
8260,AZ,2023-09-27
8261,CO,2025-02-28
8262,CO,2025-01-07
8263,CA,2023-05-08
8264,GA,2024-06-26
8265,NY,2025-12-17
8266,PA,2023-11-21
8267,GA,2024-10-20
8268,CA,2026-02-03
8269,PA,2023-03-26
8270,NC,2025-10-22
8271,AZ,2024-03-26
8272,AZ,2025-09-20
8273,GA,2025-11-14
8274,FL,2025-11-24
8275,GA,2024-10-30
8276,MA,2025-08-29
8277,NJ,2023-12-09
8278,IL,2025-09-14
8279,MI,2025-08-09
8280,WA,2024-04-01
8281,NJ,2025-06-17
8282,GA,2024-02-02
8283,NY,2025-06-17
8284,AZ,2023-12-09
8285,VA,2025-03-23
8286,NJ,2025-07-28
8287,AZ,2023-02-16
8288,PA,2025-07-03
8289,NY,2023-06-11
8290,NJ,2023-10-22
8291,PA,2023-04-02
8292,MI,2025-01-19
8293,GA,2024-07-10
8294,PA,2023-11-05
8295,TX,2026-02-26
8296,CO,2024-07-22
8297,NJ,2023-06-25
8298,MI,2025-08-30
8299,GA,2025-07-26
8300,CO,2025-10-15
8301,FL,2023-08-06
8302,PA,2025-03-23
8303,CA,2023-06-13
8304,FL,2023-02-17
8305,AZ,2025-03-11
8306,GA,2024-12-18
8307,NY,2023-03-25
8308,TX,2024-09-04
8309,NC,2025-12-06
8310,CO,2023-08-22
8311,IL,2025-08-19
8312,CO,2025-04-27
8313,MA,2023-05-27
8314,AZ,2023-07-15
8315,VA,2025-06-24
8316,VA,2025-10-10
8317,WA,2025-11-11
8318,GA,2024-01-21
8319,FL,2023-12-30
8320,IL,2023-10-01
8321,NY,2023-07-27
8322,MI,2023-10-02
8323,NY,2025-10-03
8324,NY,2024-05-10
8325,NC,2025-06-20
8326,MA,2023-06-08
8327,VA,2025-07-28
8328,NY,2024-04-04
8329,MI,2024-01-29
8330,MI,2025-07-05
8331,PA,2025-07-31
8332,MI,2024-03-14
8333,VA,2023-06-13
8334,NY,2024-09-30
8335,MI,2024-07-23
8336,GA,2023-05-27
8337,MA,2025-09-09
8338,NJ,2025-08-17
8339,TX,2025-02-06
8340,TX,2023-04-20
8341,MA,2024-01-29
8342,WA,2024-03-18
8343,NC,2025-01-16
8344,AZ,2025-01-23
8345,AZ,2023-05-10
8346,IL,2024-05-19
8347,VA,2024-12-20
8348,PA,2023-01-22
8349,CO,2025-11-06
8350,GA,2025-05-24
8351,CA,2025-04-10
8352,TX,2024-09-25
8353,NJ,2023-10-09
8354,MA,2024-01-08
8355,IL,2025-10-05
8356,MA,2023-10-13
8357,CO,2026-02-13
8358,IL,2024-02-08
8359,TX,2023-03-31
8360,NY,2026-02-16
8361,PA,2024-11-26
8362,MA,2025-06-26
8363,PA,2026-01-21
8364,PA,2024-09-20
8365,PA,2025-09-28
8366,NJ,2024-03-22
8367,CA,2023-11-08
8368,TX,2023-05-01
8369,PA,2023-11-13
8370,NJ,2023-05-18
8371,FL,2025-03-28
8372,VA,2024-01-26
8373,AZ,2025-10-25
8374,CA,2025-02-07
8375,WA,2024-01-02
8376,NC,2025-04-20
8377,TX,2024-05-06
8378,NY,2025-01-27
8379,MI,2024-06-05
8380,TX,2023-07-07
8381,CO,2024-02-08
8382,IL,2024-03-02
8383,VA,2024-02-17
8384,AZ,2023-06-03
8385,MA,2023-07-22
8386,PA,2023-08-05
8387,IL,2024-04-26
8388,IL,2025-10-21
8389,PA,2025-02-04
8390,TX,2024-05-17
8391,PA,2025-03-09
8392,VA,2025-03-16
8393,AZ,2025-07-31
8394,CO,2025-02-07
8395,PA,2025-01-31
8396,MA,2023-03-29
8397,MA,2024-03-09
8398,IL,2024-02-24
8399,WA,2024-03-04
8400,NC,2023-06-11
8401,CO,2024-05-21
8402,WA,2023-09-22
8403,GA,2023-04-20
8404,GA,2025-06-18
8405,CA,2026-03-01
8406,IL,2024-01-29
8407,MA,2024-09-11
8408,TX,2024-11-14
8409,MA,2024-07-05
8410,NJ,2025-03-14
8411,NJ,2025-11-24
8412,MA,2024-12-22
8413,AZ,2023-01-31
8414,VA,2025-03-27
8415,NJ,2023-04-16
8416,NY,2026-01-24
8417,MA,2025-10-13
8418,MI,2025-11-19
8419,CA,2025-03-04
8420,WA,2023-06-10
8421,GA,2023-07-15
8422,MA,2024-08-30
8423,MA,2023-12-04
8424,NJ,2025-02-28
8425,VA,2024-03-22
8426,PA,2023-12-03
8427,NY,2023-05-12
8428,CO,2023-09-06
8429,TX,2024-05-13
8430,MI,2023-03-04
8431,CO,2025-03-29
8432,TX,2023-09-14
8433,NC,2024-04-11
8434,MA,2025-04-28
8435,NY,2023-12-27
8436,FL,2025-05-29
8437,NJ,2023-06-28
8438,IL,2025-08-06
8439,NJ,2024-05-13
8440,GA,2024-11-07
8441,WA,2023-10-19
8442,VA,2024-08-10
8443,GA,2025-03-28
8444,MI,2023-04-09
8445,WA,2023-06-30
8446,NC,2025-08-10
8447,CO,2024-01-09
8448,VA,2024-09-15
8449,VA,2023-09-10
8450,CA,2025-05-12
8451,MA,2023-05-02
8452,FL,2024-03-17
8453,WA,2023-09-02
8454,IL,2025-05-20
8455,WA,2025-04-06
8456,PA,2025-12-05
8457,CA,2024-03-27
8458,PA,2023-10-23
8459,GA,2025-12-25
8460,NY,2024-04-27
8461,GA,2023-11-05
8462,NC,2024-08-15
8463,NY,2025-10-15
8464,GA,2024-02-02
8465,IL,2024-04-13
8466,NJ,2024-09-08
8467,GA,2024-01-27
8468,VA,2023-04-07
8469,IL,2025-07-29
8470,IL,2025-05-09
8471,VA,2023-07-14
8472,NJ,2025-08-15
8473,AZ,2023-03-24
8474,NY,2023-09-08
8475,CO,2025-12-29
8476,TX,2023-12-06
8477,MA,2024-11-30
8478,WA,2026-01-03
8479,TX,2023-04-10
8480,CA,2025-01-02
8481,CO,2023-11-19
8482,TX,2023-01-10
8483,NY,2025-10-09
8484,CA,2025-12-05
8485,FL,2025-03-16
8486,VA,2025-06-26
8487,CO,2025-11-20
8488,VA,2023-05-10
8489,TX,2025-11-14
8490,AZ,2024-07-17
8491,CA,2023-05-29
8492,FL,2024-08-01
8493,GA,2025-10-16
8494,VA,2023-04-29
8495,CA,2023-08-16
8496,PA,2024-09-06
8497,AZ,2023-08-28
8498,NJ,2025-07-01
8499,NY,2025-08-23
8500,GA,2023-06-08
8501,NY,2024-07-16
8502,VA,2024-04-20
8503,TX,2024-07-01
8504,MA,2025-11-02
8505,TX,2025-05-02
8506,GA,2023-08-06
8507,IL,2025-01-24
8508,TX,2025-01-04
8509,GA,2025-09-17
8510,CA,2025-02-19
8511,NC,2023-08-10
8512,TX,2023-10-15
8513,CA,2024-06-07
8514,NY,2024-11-29
8515,PA,2024-11-11
8516,CO,2023-11-20
8517,MA,2024-09-09
8518,NY,2025-05-10
8519,NY,2023-02-10
8520,GA,2024-01-28
8521,VA,2026-02-10
8522,VA,2023-07-22
8523,IL,2025-05-02
8524,WA,2025-02-12
8525,NC,2025-02-20
8526,IL,2023-02-04
8527,GA,2023-02-22
8528,NJ,2024-05-17
8529,MA,2023-05-30
8530,MI,2024-03-12
8531,NC,2024-03-25
8532,NC,2024-06-08
8533,AZ,2023-09-24
8534,GA,2023-03-27
8535,FL,2023-11-05
8536,NY,2023-09-22
8537,PA,2024-05-06
8538,CO,2025-11-06
8539,FL,2024-06-05
8540,VA,2025-05-27
8541,GA,2023-04-04
8542,MI,2023-02-03
8543,MI,2025-03-11
8544,FL,2024-02-20
8545,MI,2024-06-07
8546,CO,2023-08-21
8547,GA,2024-08-27
8548,VA,2023-04-17
8549,GA,2024-06-05
8550,NC,2024-09-28
8551,FL,2025-02-25
8552,CA,2025-10-15
8553,MI,2026-02-25
8554,TX,2023-12-07
8555,GA,2024-11-27
8556,FL,2023-02-28
8557,WA,2024-08-08
8558,MA,2023-08-31
8559,WA,2023-08-16
8560,FL,2024-07-13
8561,MI,2024-06-01
8562,NY,2024-07-08
8563,MI,2023-05-07
8564,NY,2023-12-01
8565,VA,2025-01-27
8566,VA,2023-05-01
8567,FL,2024-12-01
8568,NC,2023-08-30
8569,VA,2023-03-19
8570,NC,2024-03-25
8571,VA,2023-09-22
8572,MI,2024-11-12
8573,GA,2023-10-22
8574,CO,2025-08-22
8575,TX,2025-06-08
8576,MI,2023-09-04
8577,AZ,2024-02-28
8578,GA,2025-12-18
8579,AZ,2025-04-12
8580,WA,2023-01-11
8581,NJ,2023-12-13
8582,TX,2025-05-01
8583,WA,2025-10-25
8584,VA,2023-09-02
8585,NC,2023-09-06
8586,VA,2025-08-02
8587,FL,2024-03-10
8588,CO,2023-04-15
8589,VA,2023-08-30
8590,PA,2024-06-02
8591,WA,2024-12-29
8592,NC,2025-12-03
8593,PA,2025-11-15
8594,CO,2023-06-30
8595,GA,2024-08-26
8596,FL,2024-03-03
8597,MA,2023-09-25
8598,NY,2025-05-07
8599,IL,2024-08-02
8600,CO,2025-05-25
8601,PA,2023-05-31
8602,MA,2024-08-22
8603,MA,2023-04-05
8604,CO,2024-01-17
8605,MA,2024-05-29
8606,WA,2025-07-18
8607,MA,2023-07-18
8608,VA,2023-01-08
8609,AZ,2025-03-15
8610,NC,2023-11-23
8611,TX,2025-05-20
8612,WA,2025-11-10
8613,MA,2023-09-12
8614,MI,2025-11-16
8615,GA,2024-06-03
8616,MI,2025-07-18
8617,NY,2024-06-13
8618,FL,2025-08-04
8619,PA,2024-05-14
8620,MA,2024-05-24
8621,CA,2024-02-28
8622,VA,2023-05-30
8623,NY,2024-10-29
8624,GA,2025-08-03
8625,VA,2025-12-06
8626,NC,2023-11-08
8627,MA,2023-05-19
8628,PA,2025-07-10
8629,NC,2023-01-14
8630,MA,2025-02-09
8631,IL,2023-07-04
8632,TX,2026-02-12
8633,NC,2023-04-20
8634,TX,2025-01-12
8635,NY,2023-10-08
8636,NJ,2024-06-26
8637,IL,2023-03-27
8638,FL,2023-05-18
8639,WA,2023-03-18
8640,TX,2025-09-01
8641,IL,2025-02-14
8642,NJ,2025-10-13
8643,PA,2023-04-07
8644,TX,2025-09-21
8645,AZ,2025-03-08
8646,MI,2025-10-29
8647,AZ,2023-03-24
8648,CO,2023-02-16
8649,GA,2024-03-05
8650,FL,2026-01-18
8651,MI,2024-05-27
8652,GA,2024-05-27
8653,PA,2024-10-19
8654,MA,2024-11-03
8655,TX,2024-10-08
8656,MA,2025-03-08
8657,AZ,2023-03-18
8658,CA,2023-03-22
8659,TX,2024-07-07
8660,IL,2024-09-27
8661,FL,2025-01-11
8662,MA,2025-04-25
8663,AZ,2023-04-17
8664,TX,2025-08-22
8665,CA,2024-11-16
8666,GA,2025-07-29
8667,MI,2023-11-08
8668,IL,2024-08-21
8669,CO,2024-11-14
8670,TX,2024-09-24
8671,CO,2024-10-29
8672,NY,2024-08-21
8673,PA,2024-02-19
8674,FL,2025-02-10
8675,TX,2024-01-19
8676,NC,2025-11-21
8677,CA,2024-06-23
8678,MI,2024-05-01
8679,VA,2023-09-21
8680,VA,2023-01-30
8681,MA,2025-06-17
8682,NJ,2023-05-10
8683,NC,2025-12-29
8684,NY,2023-04-29
8685,FL,2023-11-23
8686,GA,2025-12-29
8687,IL,2023-07-27
8688,CO,2023-04-01
8689,NY,2023-04-30
8690,MA,2025-09-08
8691,IL,2023-07-26
8692,VA,2024-02-10
8693,AZ,2025-02-06
8694,GA,2024-06-30
8695,MA,2023-05-04
8696,CA,2023-04-22
8697,AZ,2025-10-06
8698,CO,2025-09-09
8699,NJ,2024-09-05
8700,NC,2025-08-02
8701,MI,2024-12-06
8702,TX,2023-05-27
8703,AZ,2023-05-12
8704,NY,2025-01-01
8705,PA,2025-04-29
8706,TX,2023-04-14
8707,NJ,2024-07-06
8708,IL,2024-07-21
8709,VA,2025-01-31
8710,AZ,2025-07-15
8711,TX,2024-10-23
8712,NC,2025-08-01
8713,WA,2025-04-27
8714,IL,2025-06-14
8715,CO,2023-06-18
8716,MA,2024-07-10
8717,AZ,2025-09-11
8718,NJ,2026-01-12
8719,CO,2024-06-03
8720,TX,2023-04-17
8721,FL,2025-06-03
8722,IL,2024-10-19
8723,NJ,2023-01-31
8724,MA,2023-09-04
8725,GA,2025-07-14
8726,VA,2023-01-24
8727,CA,2024-05-12
8728,VA,2025-05-03
8729,MI,2023-10-31
8730,CO,2023-11-12
8731,CO,2023-10-05
8732,IL,2024-06-25
8733,FL,2025-02-27
8734,TX,2023-12-22
8735,NJ,2023-09-07
8736,TX,2023-04-13
8737,IL,2023-02-04
8738,VA,2024-06-15
8739,CO,2024-07-12
8740,MA,2025-12-12
8741,NJ,2025-02-23
8742,CA,2023-01-18
8743,NJ,2026-02-01
8744,IL,2023-06-01
8745,MA,2025-10-12
8746,PA,2025-05-22
8747,MA,2026-01-12
8748,GA,2024-07-02
8749,NJ,2024-01-14
8750,NJ,2024-04-02
8751,NC,2023-12-19
8752,WA,2024-01-11
8753,CA,2023-07-27
8754,NY,2024-04-04
8755,MI,2024-06-13
8756,FL,2024-04-29
8757,WA,2023-05-02
8758,GA,2025-03-04
8759,NJ,2026-02-17
8760,MI,2023-09-08
8761,CA,2023-02-16
8762,TX,2025-06-14
8763,WA,2023-09-02
8764,TX,2024-12-24
8765,FL,2023-08-06
8766,MI,2025-02-01
8767,AZ,2024-08-26
8768,TX,2023-10-17
8769,FL,2024-08-24
8770,AZ,2025-09-22
8771,MI,2024-11-26
8772,VA,2024-09-01
8773,VA,2023-11-02
8774,MI,2024-06-19
8775,MI,2025-01-26
8776,CA,2025-10-10
8777,PA,2023-12-20
8778,CO,2025-01-04
8779,FL,2023-08-23
8780,MA,2023-11-02
8781,NY,2026-02-07
8782,NY,2023-11-10
8783,IL,2025-08-05
8784,AZ,2025-11-02
8785,NY,2025-04-06
8786,MI,2023-06-16
8787,MI,2023-02-22
8788,IL,2023-10-03
8789,NJ,2024-03-22
8790,MI,2023-12-18
8791,NY,2023-01-10
8792,FL,2024-02-14
8793,MA,2023-05-27
8794,CO,2025-04-08
8795,MI,2024-09-21
8796,TX,2025-05-01
8797,AZ,2024-03-03
8798,MI,2024-05-02
8799,VA,2026-02-09
8800,GA,2024-08-06
8801,NY,2024-10-17
8802,CO,2024-09-07
8803,CO,2023-08-03
8804,VA,2025-09-18
8805,AZ,2024-05-24
8806,FL,2024-05-25
8807,CA,2023-01-26
8808,VA,2023-07-12
8809,CA,2023-04-13
8810,NY,2024-02-15
8811,AZ,2025-01-14
8812,MI,2023-02-20
8813,PA,2026-02-28
8814,AZ,2023-12-09
8815,GA,2023-07-21
8816,VA,2023-10-27
8817,NY,2023-05-26
8818,NY,2025-02-08
8819,IL,2024-04-06
8820,MA,2025-07-04
8821,VA,2025-04-03
8822,MA,2024-05-18
8823,MI,2023-05-31
8824,VA,2023-07-18
8825,GA,2024-03-04
8826,IL,2023-10-30
8827,AZ,2025-06-22
8828,CO,2024-05-12
8829,NJ,2025-06-19
8830,IL,2025-03-01
8831,NY,2023-04-15
8832,CA,2023-01-10
8833,WA,2025-11-16
8834,AZ,2024-09-02
8835,GA,2025-02-07
8836,CO,2023-11-23
8837,AZ,2025-06-01
8838,VA,2025-06-25
8839,FL,2025-01-07
8840,WA,2023-05-07
8841,VA,2026-02-13
8842,WA,2025-07-12
8843,IL,2023-06-20
8844,TX,2023-07-31
8845,WA,2025-07-12
8846,NY,2023-07-08
8847,NC,2025-07-21
8848,CA,2024-01-22
8849,NJ,2025-02-15
8850,CA,2025-10-08
8851,NC,2024-12-26
8852,MA,2026-02-27
8853,NY,2023-01-23
8854,FL,2024-02-05
8855,WA,2024-05-19
8856,MA,2025-07-09
8857,NY,2023-11-25
8858,AZ,2024-04-15
8859,IL,2024-02-16
8860,CA,2025-01-23
8861,MA,2023-01-29
8862,GA,2023-09-02
8863,WA,2025-07-26
8864,WA,2025-04-05
8865,FL,2025-12-19
8866,TX,2023-05-19
8867,GA,2023-12-23
8868,WA,2023-07-31
8869,CO,2024-04-30
8870,GA,2023-06-27
8871,WA,2024-05-27
8872,NC,2023-04-23
8873,GA,2023-10-10
8874,NY,2026-02-13
8875,GA,2024-06-27
8876,NJ,2023-02-10
8877,FL,2025-07-20
8878,IL,2025-05-04
8879,IL,2025-07-14
8880,IL,2023-11-09
8881,NY,2024-04-15
8882,MA,2026-02-28
8883,VA,2023-02-17
8884,IL,2023-05-14
8885,NJ,2024-06-02
8886,AZ,2025-09-25
8887,CA,2023-11-13
8888,NY,2023-03-27
8889,MA,2025-12-07
8890,CA,2025-10-06
8891,MI,2024-05-04
8892,CA,2024-02-28
8893,CA,2024-01-22
8894,CO,2025-07-14
8895,FL,2023-08-28
8896,FL,2023-09-15
8897,VA,2023-02-13
8898,NY,2024-10-25
8899,NJ,2025-10-03
8900,NJ,2025-01-23
8901,NJ,2023-04-15
8902,CA,2025-08-11
8903,PA,2025-07-15
8904,NC,2025-08-11
8905,GA,2024-11-25
8906,MA,2023-02-26
8907,FL,2023-08-28
8908,PA,2025-09-07
8909,IL,2024-03-02
8910,AZ,2024-09-08
8911,NY,2024-07-30
8912,MA,2025-09-28
8913,NY,2023-05-20
8914,NC,2023-03-03
8915,CO,2023-06-01
8916,CO,2023-05-10
8917,CA,2024-03-06
8918,VA,2024-02-04
8919,CO,2024-11-04
8920,NY,2024-06-24
8921,IL,2023-07-01
8922,VA,2025-12-10
8923,CA,2024-06-09
8924,WA,2023-12-16
8925,NJ,2025-12-17
8926,MA,2024-02-23
8927,VA,2024-10-01
8928,NC,2023-02-06
8929,CA,2024-05-08
8930,MI,2023-12-25
8931,NY,2026-01-13
8932,MA,2024-10-12
8933,IL,2024-06-22
8934,TX,2023-12-10
8935,AZ,2025-01-14
8936,NC,2023-06-20
8937,NY,2025-05-15
8938,NC,2023-01-20
8939,FL,2023-10-30
8940,TX,2025-02-14
8941,MA,2025-09-23
8942,CO,2023-11-23
8943,NY,2024-07-29
8944,NC,2025-11-01
8945,MA,2023-12-27
8946,CO,2025-02-10
8947,IL,2023-10-23
8948,IL,2025-02-07
8949,NC,2025-01-28
8950,CA,2024-10-14
8951,FL,2025-03-28
8952,AZ,2024-11-23
8953,CA,2024-05-14
8954,FL,2025-12-03
8955,NY,2026-02-06
8956,NJ,2026-01-26
8957,VA,2026-01-09
8958,WA,2023-05-29
8959,NC,2025-08-04
8960,AZ,2026-01-04
8961,GA,2024-07-17
8962,NJ,2023-03-04
8963,MI,2024-01-29
8964,PA,2023-02-28
8965,NC,2024-06-03
8966,TX,2025-03-29
8967,CO,2024-01-24
8968,TX,2024-08-10
8969,IL,2025-10-10
8970,FL,2024-09-27
8971,CO,2024-06-07
8972,NJ,2023-10-07
8973,IL,2025-12-04
8974,CO,2024-07-18
8975,CA,2023-08-22
8976,IL,2023-07-05
8977,CA,2025-03-15
8978,CA,2023-03-16
8979,CO,2025-07-26
8980,MI,2024-12-10
8981,MA,2023-08-21
8982,TX,2024-06-18
8983,IL,2025-06-14
8984,MI,2025-08-29
8985,GA,2024-10-08
8986,MA,2023-10-20
8987,PA,2023-02-07
8988,TX,2023-06-17
8989,AZ,2023-04-13
8990,AZ,2023-05-25
8991,VA,2025-01-24
8992,IL,2024-10-21
8993,NJ,2024-01-01
8994,FL,2023-06-02
8995,AZ,2025-04-07
8996,VA,2024-02-26
8997,TX,2023-11-15
8998,GA,2024-04-29
8999,NC,2023-03-24
9000,NY,2023-03-20
9001,CA,2023-05-31
9002,MI,2025-01-25
9003,AZ,2024-12-30
9004,NY,2023-01-15
9005,MA,2023-04-11
9006,NC,2025-02-18
9007,CA,2025-11-24
9008,IL,2023-12-17
9009,AZ,2025-08-14
9010,MA,2023-10-10
9011,GA,2024-09-28
9012,MI,2024-06-08
9013,AZ,2023-06-14
9014,CO,2024-03-03
9015,IL,2025-07-22
9016,TX,2024-03-18
9017,CO,2024-09-17
9018,MA,2026-02-17
9019,TX,2023-03-10
9020,GA,2023-10-01
9021,PA,2024-07-13
9022,NY,2025-04-28
9023,TX,2024-07-23
9024,NY,2024-08-12
9025,VA,2024-05-13
9026,CA,2023-07-23
9027,FL,2025-02-13
9028,WA,2026-02-06
9029,VA,2024-01-23
9030,IL,2024-02-20
9031,WA,2025-06-19
9032,CA,2023-11-08
9033,TX,2023-09-09
9034,CA,2023-07-22
9035,NJ,2023-04-20
9036,WA,2023-03-23
9037,WA,2025-02-07
9038,PA,2023-07-12
9039,NJ,2023-05-19
9040,VA,2023-08-09
9041,IL,2025-05-10
9042,CO,2023-12-06
9043,NC,2024-04-22
9044,PA,2025-08-16
9045,CA,2025-03-23
9046,FL,2023-07-17
9047,NC,2023-07-18
9048,NJ,2025-03-26
9049,CA,2023-06-24
9050,GA,2024-05-03
9051,NJ,2023-11-12
9052,MA,2025-03-30
9053,MA,2024-01-15
9054,PA,2024-03-17
9055,WA,2025-05-14
9056,MA,2023-05-13
9057,PA,2025-09-07
9058,MI,2025-11-16
9059,NY,2025-07-25
9060,AZ,2024-10-17
9061,VA,2023-08-24
9062,FL,2025-09-15
9063,AZ,2025-03-25
9064,AZ,2025-07-07
9065,MA,2024-03-14
9066,TX,2024-08-10
9067,NY,2024-09-02
9068,NC,2023-08-18
9069,NY,2023-12-06
9070,VA,2023-06-13
9071,CA,2023-04-26
9072,WA,2023-03-12
9073,PA,2025-04-29
9074,IL,2025-12-12
9075,IL,2023-12-08
9076,GA,2025-07-23
9077,FL,2024-08-10
9078,CA,2025-02-17
9079,IL,2023-11-28
9080,MI,2026-01-07
9081,WA,2025-08-25
9082,NC,2023-04-17
9083,IL,2023-03-23
9084,TX,2024-01-27
9085,NY,2023-08-18
9086,IL,2023-01-20
9087,VA,2025-02-18
9088,CA,2024-10-13
9089,MA,2024-04-16
9090,MA,2024-08-14
9091,NC,2023-03-15
9092,VA,2024-10-15
9093,MA,2024-04-06
9094,MI,2023-11-11
9095,PA,2024-10-01
9096,NJ,2023-10-01
9097,NC,2024-04-26
9098,CA,2023-03-23
9099,MI,2023-01-31
9100,FL,2025-01-15
9101,VA,2026-01-12
9102,MA,2025-09-22
9103,NJ,2023-02-11
9104,GA,2023-09-08
9105,WA,2024-01-22
9106,VA,2025-09-22
9107,NY,2023-09-23
9108,MA,2023-01-22
9109,NC,2023-03-17
9110,CA,2024-11-10
9111,MA,2025-06-09
9112,IL,2025-05-14
9113,MA,2023-08-28
9114,AZ,2023-02-20
9115,VA,2025-08-17
9116,NC,2024-04-20
9117,TX,2025-05-13
9118,MI,2025-06-12
9119,TX,2024-06-08
9120,MA,2023-06-06
9121,VA,2023-07-18
9122,NY,2025-10-20
9123,CA,2024-10-27
9124,GA,2025-01-05
9125,GA,2026-02-15
9126,MA,2023-03-16
9127,MA,2025-08-09
9128,TX,2024-12-25
9129,NC,2025-10-05
9130,MI,2024-01-02
9131,NY,2025-01-25
9132,NJ,2023-04-18
9133,MA,2024-11-19
9134,GA,2023-04-03
9135,CA,2025-08-23
9136,VA,2023-04-10
9137,AZ,2023-06-30
9138,FL,2024-11-01
9139,IL,2023-04-06
9140,MA,2023-08-20
9141,NC,2023-09-08
9142,MA,2025-06-22
9143,NC,2023-01-19
9144,NY,2023-07-26
9145,AZ,2023-11-07
9146,FL,2023-04-13
9147,WA,2023-06-08
9148,AZ,2024-01-13
9149,PA,2024-12-14
9150,CA,2023-04-02
9151,CA,2024-10-28
9152,NC,2023-06-25
9153,TX,2026-02-07
9154,MI,2025-01-04
9155,MI,2023-06-28
9156,NC,2025-01-07
9157,TX,2024-03-28
9158,PA,2026-01-03
9159,CO,2024-08-05
9160,GA,2024-05-06
9161,MI,2025-08-14
9162,AZ,2023-04-13
9163,NJ,2023-02-10
9164,PA,2024-03-10
9165,CA,2025-08-03
9166,AZ,2024-12-02
9167,NJ,2026-01-07
9168,NY,2024-03-12
9169,NC,2024-12-08
9170,NY,2025-11-20
9171,MI,2023-01-30
9172,FL,2026-02-10
9173,NY,2025-09-12
9174,MA,2024-11-14
9175,VA,2024-01-25
9176,MI,2023-10-03
9177,GA,2023-01-12
9178,MA,2023-02-18
9179,PA,2023-01-10
9180,IL,2023-09-18
9181,MI,2023-11-16
9182,NC,2023-07-05
9183,CA,2023-08-17
9184,NJ,2024-10-31
9185,NC,2025-02-23
9186,GA,2025-04-14
9187,WA,2023-01-21
9188,NJ,2023-01-16
9189,WA,2024-04-24
9190,IL,2023-01-06
9191,GA,2023-10-25
9192,VA,2025-06-30
9193,CO,2025-07-29
9194,CO,2023-09-16
9195,AZ,2025-10-10
9196,CO,2025-11-29
9197,CA,2023-10-03
9198,CA,2025-01-13
9199,CO,2024-06-02
9200,WA,2025-04-06
9201,GA,2024-08-27
9202,NY,2025-08-06
9203,GA,2024-04-24
9204,PA,2024-02-18
9205,AZ,2025-09-25
9206,CO,2025-12-09
9207,GA,2025-02-15
9208,FL,2023-02-14
9209,CA,2025-04-09
9210,CA,2023-10-02
9211,WA,2025-11-24
9212,NY,2024-10-14
9213,AZ,2023-05-24
9214,CO,2025-04-14
9215,NC,2025-01-26
9216,NJ,2023-07-12
9217,WA,2024-06-30
9218,WA,2025-02-22
9219,NY,2023-06-27
9220,MA,2025-02-20
9221,VA,2023-11-14
9222,CO,2023-05-31
9223,NC,2024-09-02
9224,VA,2024-06-24
9225,CA,2023-05-30
9226,NY,2023-09-19
9227,NC,2024-02-17
9228,FL,2026-01-17
9229,WA,2024-05-06
9230,VA,2026-01-24
9231,NY,2025-09-27
9232,CA,2023-02-06
9233,GA,2024-04-25
9234,AZ,2023-06-29
9235,CA,2024-08-04
9236,VA,2025-09-05
9237,MI,2023-12-20
9238,FL,2025-08-24
9239,NY,2023-12-30
9240,NJ,2023-03-10
9241,FL,2023-11-04
9242,CO,2024-02-27
9243,CO,2024-05-28
9244,MI,2023-08-07
9245,NJ,2025-12-04
9246,PA,2024-01-02
9247,GA,2023-05-02
9248,VA,2024-05-09
9249,MI,2024-07-30
9250,NJ,2025-06-02
9251,MI,2025-06-13
9252,PA,2024-08-01
9253,WA,2023-12-16
9254,MA,2023-04-25
9255,TX,2024-09-19
9256,NC,2023-08-25
9257,FL,2023-02-16
9258,NC,2023-10-01
9259,GA,2023-04-23
9260,NC,2024-06-28
9261,NC,2024-02-03
9262,AZ,2025-03-02
9263,PA,2023-11-12
9264,CA,2026-01-18
9265,NY,2023-02-20
9266,WA,2023-05-24
9267,TX,2024-06-11
9268,NY,2024-01-25
9269,CA,2025-03-29
9270,NC,2025-01-18
9271,TX,2024-02-16
9272,CA,2024-01-19
9273,PA,2025-05-24
9274,CA,2025-06-15
9275,PA,2024-12-08
9276,CA,2023-08-02
9277,CO,2026-01-22
9278,MI,2024-07-23
9279,TX,2023-08-07
9280,NJ,2023-08-07
9281,CA,2023-01-13
9282,MA,2024-02-27
9283,NC,2024-04-30
9284,TX,2025-08-25
9285,CO,2025-02-24
9286,FL,2023-04-29
9287,FL,2023-09-28
9288,WA,2025-06-30
9289,IL,2026-01-25
9290,MA,2025-04-21
9291,AZ,2025-12-06
9292,AZ,2024-10-25
9293,FL,2025-10-20
9294,CO,2023-06-22
9295,VA,2025-02-25
9296,IL,2023-12-13
9297,AZ,2023-08-25
9298,CA,2025-07-25
9299,CA,2024-06-26
9300,GA,2024-02-11
9301,NC,2023-03-19
9302,IL,2023-01-12
9303,NC,2023-08-17
9304,CO,2025-04-22
9305,VA,2025-08-22
9306,MA,2024-11-02
9307,PA,2025-04-18
9308,IL,2023-06-13
9309,FL,2024-01-17
9310,MA,2024-12-31
9311,GA,2024-08-04
9312,AZ,2025-02-10
9313,NJ,2025-07-30
9314,NC,2025-12-22
9315,NC,2025-09-21
9316,AZ,2023-09-03
9317,MA,2025-09-24
9318,CA,2023-02-19
9319,NC,2024-10-30
9320,GA,2023-08-08
9321,VA,2025-06-25
9322,FL,2023-12-30
9323,MI,2025-09-18
9324,TX,2025-07-08
9325,FL,2024-07-16
9326,FL,2023-02-11
9327,VA,2024-02-27
9328,NC,2023-05-15
9329,NJ,2025-02-24
9330,NY,2025-01-17
9331,AZ,2023-03-14
9332,PA,2026-01-02
9333,AZ,2024-09-26
9334,CA,2024-02-05
9335,PA,2026-01-07
9336,NC,2025-09-19
9337,PA,2024-04-14
9338,CA,2024-08-01
9339,VA,2024-03-31
9340,AZ,2025-07-02
9341,CO,2023-05-09
9342,AZ,2024-01-14
9343,NY,2026-02-12
9344,PA,2024-01-24
9345,NC,2025-02-24
9346,WA,2024-04-08
9347,PA,2025-09-15
9348,FL,2024-06-30
9349,CO,2024-02-13
9350,NY,2024-09-09
9351,NC,2025-01-30
9352,GA,2024-10-14
9353,MA,2025-09-28
9354,MI,2024-05-05
9355,VA,2025-03-17
9356,MA,2023-05-27
9357,CA,2023-09-13
9358,AZ,2024-01-05
9359,PA,2024-10-12
9360,NY,2023-03-17
9361,FL,2024-07-22
9362,FL,2024-05-19
9363,NJ,2024-10-23
9364,AZ,2025-10-12
9365,TX,2023-12-13
9366,MA,2023-07-01
9367,PA,2023-08-28
9368,CO,2023-03-07
9369,NY,2023-06-20
9370,FL,2023-06-14
9371,AZ,2025-08-11
9372,TX,2023-03-04
9373,NY,2023-12-21
9374,PA,2023-02-20
9375,VA,2024-08-06
9376,AZ,2023-02-12
9377,IL,2025-08-20
9378,VA,2024-10-31
9379,FL,2023-03-31
9380,IL,2024-09-07
9381,NY,2024-07-16
9382,PA,2026-02-04
9383,FL,2025-04-14
9384,NJ,2023-12-22
9385,IL,2024-09-08
9386,AZ,2025-02-05
9387,WA,2023-10-31
9388,TX,2024-08-06
9389,CO,2026-02-14
9390,MA,2024-01-02
9391,TX,2024-04-03
9392,IL,2023-04-30
9393,FL,2023-12-30
9394,NJ,2024-04-28
9395,WA,2025-05-01
9396,NJ,2025-08-07
9397,WA,2023-09-03
9398,MA,2025-02-02
9399,NJ,2024-09-22
9400,WA,2023-12-31
9401,NJ,2025-06-20
9402,MI,2023-07-05
9403,TX,2023-10-07
9404,NC,2025-01-11
9405,WA,2023-12-18
9406,MA,2024-08-11
9407,WA,2023-03-23
9408,WA,2023-07-15
9409,GA,2023-03-01
9410,MI,2023-05-31
9411,TX,2025-12-20
9412,VA,2024-03-03
9413,IL,2025-08-08
9414,CA,2023-11-27
9415,NC,2025-11-28
9416,WA,2025-06-08
9417,CO,2025-08-12
9418,WA,2023-12-20
9419,GA,2025-06-19
9420,NJ,2023-08-05
9421,IL,2023-12-14
9422,CO,2024-02-15
9423,NC,2024-12-31
9424,CO,2025-06-16
9425,VA,2025-07-03
9426,TX,2023-08-31
9427,MA,2023-01-08
9428,AZ,2024-09-14
9429,MA,2025-07-12
9430,AZ,2024-08-02
9431,NC,2023-06-15
9432,PA,2023-12-30
9433,IL,2024-10-19
9434,PA,2024-05-29
9435,MA,2026-01-05
9436,AZ,2025-01-01
9437,NY,2025-06-28
9438,GA,2023-04-28
9439,NC,2025-10-06
9440,NC,2025-02-10
9441,CA,2025-07-18
9442,CA,2024-11-26
9443,TX,2024-06-05
9444,AZ,2023-12-03
9445,MI,2024-03-23
9446,TX,2024-10-14
9447,CA,2025-06-08
9448,PA,2024-08-26
9449,MA,2026-01-25
9450,FL,2024-10-14
9451,NC,2025-01-28
9452,VA,2024-03-17
9453,NY,2024-02-13
9454,NC,2025-03-20
9455,WA,2023-03-26
9456,IL,2025-08-10
9457,GA,2024-11-27
9458,FL,2023-04-08
9459,NY,2024-06-25
9460,WA,2023-07-10
9461,TX,2025-08-25
9462,NY,2023-09-15
9463,PA,2023-06-04
9464,CA,2025-08-01
9465,NC,2023-08-16
9466,NY,2024-05-31
9467,IL,2024-10-02
9468,CO,2023-03-15
9469,VA,2023-12-31
9470,TX,2023-01-24
9471,NJ,2024-04-07
9472,MI,2024-04-25
9473,GA,2026-01-17
9474,MI,2023-02-13
9475,PA,2025-11-26
9476,GA,2024-04-05
9477,NY,2023-03-11
9478,CO,2023-08-01
9479,NC,2025-07-02
9480,NJ,2023-03-13
9481,PA,2025-04-07
9482,WA,2023-06-29
9483,FL,2023-07-27
9484,NC,2023-06-26
9485,WA,2024-12-07
9486,FL,2025-06-02
9487,CO,2025-01-20
9488,FL,2023-06-03
9489,VA,2023-01-30
9490,NC,2025-11-16
9491,PA,2025-09-02
9492,VA,2024-10-05
9493,AZ,2024-11-21
9494,IL,2023-04-08
9495,NY,2023-11-22
9496,WA,2023-08-25
9497,IL,2023-05-18
9498,WA,2024-09-21
9499,PA,2024-09-09
9500,NY,2025-12-05
9501,AZ,2024-01-25
9502,MA,2023-12-26
9503,FL,2024-08-04
9504,CO,2023-07-26
9505,MA,2024-08-23
9506,MA,2025-09-05
9507,GA,2024-05-29
9508,CA,2025-03-20
9509,NC,2024-03-13
9510,IL,2024-04-13
9511,IL,2024-09-21
9512,IL,2024-01-30
9513,VA,2023-04-24
9514,PA,2024-04-07
9515,IL,2024-06-25
9516,PA,2023-09-04
9517,NC,2023-09-30
9518,MA,2024-06-28
9519,AZ,2024-09-14
9520,NC,2024-12-18
9521,IL,2025-02-16
9522,CA,2025-10-17
9523,TX,2024-05-04
9524,NY,2023-08-03
9525,IL,2026-01-31
9526,CO,2024-08-12
9527,TX,2023-06-24
9528,NC,2023-02-21
9529,CO,2023-10-24
9530,CO,2023-06-24
9531,WA,2025-08-26
9532,CO,2023-12-09
9533,IL,2024-08-22
9534,WA,2023-06-20
9535,GA,2025-11-26
9536,AZ,2025-12-23
9537,MA,2024-03-30
9538,CO,2024-12-27
9539,CA,2025-06-05
9540,NJ,2025-10-02
9541,NY,2025-01-24
9542,CO,2023-05-30
9543,PA,2024-09-27
9544,GA,2025-08-24
9545,FL,2024-12-10
9546,PA,2023-10-05
9547,NC,2023-02-04
9548,NJ,2023-06-24
9549,NC,2025-11-22
9550,AZ,2024-12-15
9551,GA,2023-09-11
9552,FL,2024-07-21
9553,NC,2023-11-19
9554,NC,2023-01-13
9555,NC,2023-02-19
9556,GA,2025-08-10
9557,NJ,2025-09-20
9558,MA,2024-09-07
9559,NY,2025-05-15
9560,GA,2023-04-06
9561,FL,2023-12-09
9562,CO,2025-05-05
9563,AZ,2023-07-12
9564,MA,2024-05-25
9565,VA,2026-02-22
9566,MI,2026-01-09
9567,MA,2023-01-07
9568,CO,2023-11-26
9569,CA,2023-03-24
9570,WA,2025-06-23
9571,NY,2024-09-17
9572,NY,2024-06-10
9573,MI,2026-02-10
9574,CA,2024-03-15
9575,WA,2025-06-08
9576,NY,2025-01-31
9577,FL,2025-10-20
9578,TX,2023-01-19
9579,TX,2023-01-09
9580,NY,2025-11-27
9581,VA,2024-12-23
9582,IL,2025-06-22
9583,NY,2023-05-14
9584,AZ,2026-01-30
9585,AZ,2023-04-03
9586,CO,2025-03-12
9587,CO,2025-05-13
9588,VA,2025-02-12
9589,AZ,2024-06-27
9590,PA,2023-07-07
9591,WA,2023-05-16
9592,NC,2023-06-15
9593,MA,2025-09-17
9594,FL,2023-09-02
9595,CA,2025-10-29
9596,NJ,2025-04-09
9597,NY,2024-11-18
9598,NC,2023-04-24
9599,NC,2023-06-16
9600,FL,2024-05-02
9601,CA,2024-03-12
9602,MI,2023-08-11
9603,VA,2023-07-10
9604,CO,2024-07-29
9605,GA,2025-03-04
9606,FL,2023-06-22
9607,NC,2024-03-25
9608,TX,2023-03-18
9609,NY,2024-09-06
9610,WA,2023-08-14
9611,AZ,2025-01-08
9612,TX,2025-07-29
9613,NC,2023-03-17
9614,MA,2025-11-22
9615,NJ,2023-03-10
9616,IL,2024-02-19
9617,CA,2024-12-31
9618,PA,2023-12-28
9619,CO,2025-05-19
9620,NY,2026-02-17
9621,WA,2025-12-07
9622,GA,2023-03-09
9623,CO,2026-01-13
9624,NY,2025-07-24
9625,GA,2024-01-12
9626,WA,2023-10-03
9627,NC,2025-02-06
9628,AZ,2025-08-07
9629,IL,2023-07-24
9630,VA,2025-01-14
9631,TX,2025-12-24
9632,VA,2025-06-29
9633,TX,2026-01-07
9634,NC,2023-11-21
9635,CO,2024-01-13
9636,NJ,2025-03-27
9637,NC,2024-11-11
9638,NC,2024-11-01
9639,MI,2024-09-19
9640,PA,2025-10-14
9641,NY,2024-03-10
9642,NJ,2025-06-03
9643,PA,2025-11-04
9644,PA,2024-03-21
9645,NY,2023-02-23
9646,VA,2024-11-22
9647,WA,2023-01-04
9648,IL,2023-09-14
9649,PA,2025-04-13
9650,NY,2024-04-26
9651,MI,2024-04-05
9652,WA,2025-04-28
9653,MA,2024-04-17
9654,NC,2023-07-12
9655,NC,2023-11-03
9656,CO,2025-01-28
9657,PA,2025-06-24
9658,MA,2023-08-09
9659,CO,2023-06-21
9660,AZ,2023-06-21
9661,PA,2025-12-22
9662,GA,2025-12-24
9663,MI,2023-03-22
9664,WA,2025-01-28
9665,VA,2023-03-14
9666,WA,2023-11-28
9667,NJ,2025-11-14
9668,NC,2023-08-16
9669,FL,2026-02-15
9670,VA,2026-02-05
9671,GA,2023-08-30
9672,WA,2024-05-17
9673,AZ,2025-12-15
9674,NY,2024-07-05
9675,MI,2025-07-12
9676,NC,2023-05-01
9677,CO,2023-01-26
9678,MI,2026-02-09
9679,MA,2024-05-25
9680,CO,2025-05-30
9681,PA,2023-01-23
9682,TX,2023-04-26
9683,MI,2024-04-24
9684,MI,2023-11-03
9685,FL,2023-08-19
9686,WA,2024-12-01
9687,IL,2024-05-06
9688,CA,2025-02-07
9689,FL,2026-02-17
9690,NJ,2023-10-13
9691,PA,2025-09-14
9692,NC,2025-06-08
9693,VA,2024-08-20
9694,WA,2025-05-06
9695,MA,2025-04-18
9696,VA,2025-07-06
9697,WA,2025-07-28
9698,VA,2025-03-15
9699,VA,2023-06-11
9700,CA,2024-09-03
9701,NJ,2025-08-10
9702,MA,2023-10-03
9703,CO,2025-09-23
9704,VA,2024-06-12
9705,MA,2025-08-16
9706,NJ,2023-02-19
9707,AZ,2024-08-06
9708,VA,2025-07-02
9709,MI,2024-04-21
9710,FL,2024-05-02
9711,CO,2023-03-21
9712,MI,2024-07-14
9713,WA,2026-01-26
9714,NC,2024-02-10
9715,GA,2024-06-20
9716,PA,2023-09-12
9717,PA,2025-08-17
9718,NC,2024-05-01
9719,WA,2024-05-30
9720,CA,2024-04-08
9721,PA,2025-02-18
9722,GA,2023-02-05
9723,PA,2023-01-16
9724,WA,2025-07-07
9725,IL,2024-10-10
9726,FL,2025-04-02
9727,IL,2023-03-14
9728,PA,2025-01-09
9729,CO,2025-01-27
9730,TX,2025-06-24
9731,WA,2025-10-15
9732,NY,2026-01-17
9733,AZ,2025-03-08
9734,NY,2025-08-10
9735,VA,2024-04-28
9736,MA,2024-01-22
9737,NC,2024-04-02
9738,VA,2024-02-26
9739,NC,2023-08-20
9740,AZ,2024-06-22
9741,NJ,2024-12-20
9742,NC,2023-06-04
9743,IL,2024-06-02
9744,FL,2026-02-12
9745,WA,2026-01-20
9746,CA,2024-08-06
9747,MA,2026-01-19
9748,CO,2024-11-30
9749,GA,2023-04-15
9750,CO,2025-03-22
9751,WA,2025-08-23
9752,TX,2024-08-18
9753,NC,2025-10-10
9754,NJ,2024-06-23
9755,GA,2023-01-12
9756,MI,2023-12-30
9757,IL,2024-10-23
9758,MI,2024-06-21
9759,WA,2023-11-10
9760,VA,2024-08-02
9761,TX,2023-09-19
9762,IL,2024-05-10
9763,TX,2024-09-14
9764,NC,2023-05-10
9765,PA,2025-03-02
9766,IL,2023-03-30
9767,FL,2025-08-25
9768,MI,2024-09-21
9769,NY,2024-05-20
9770,CO,2026-02-27
9771,FL,2023-07-26
9772,GA,2025-12-18
9773,MA,2026-01-24
9774,PA,2024-06-17
9775,NY,2025-06-02
9776,FL,2025-08-08
9777,WA,2023-10-12
9778,TX,2024-12-19
9779,GA,2024-05-16
9780,VA,2023-09-15
9781,WA,2025-03-20
9782,NY,2023-02-21
9783,NJ,2024-07-03
9784,TX,2024-10-26
9785,AZ,2024-10-16
9786,MI,2025-08-23
9787,GA,2026-02-02
9788,MA,2024-06-05
9789,NY,2025-08-26
9790,GA,2025-09-27
9791,AZ,2025-06-06
9792,FL,2026-02-11
9793,VA,2025-01-14
9794,GA,2025-12-28
9795,MI,2025-12-03
9796,VA,2023-07-30
9797,NY,2023-10-03
9798,MI,2026-02-04
9799,PA,2024-04-23
9800,NC,2023-07-24
9801,PA,2023-04-29
9802,FL,2024-04-30
9803,WA,2023-04-19
9804,NY,2024-03-29
9805,NC,2025-10-28
9806,CA,2024-05-26
9807,MA,2025-12-02
9808,NC,2023-05-12
9809,CA,2025-01-20
9810,NJ,2024-01-29
9811,NJ,2023-07-17
9812,CO,2026-02-18
9813,TX,2023-08-08
9814,AZ,2025-05-17
9815,NC,2023-04-04
9816,IL,2023-06-02
9817,MA,2024-06-08
9818,NC,2024-12-19
9819,CA,2025-02-05
9820,AZ,2025-03-28
9821,IL,2023-09-14
9822,MA,2024-12-01
9823,IL,2024-05-29
9824,FL,2024-03-20
9825,CA,2023-06-20
9826,NJ,2023-09-27
9827,GA,2024-08-23
9828,FL,2024-09-28
9829,MA,2023-03-08
9830,MA,2025-02-13
9831,NY,2023-01-08
9832,CA,2023-05-15
9833,CO,2025-03-26
9834,CO,2025-04-09
9835,MA,2023-01-25
9836,AZ,2024-04-09
9837,MI,2024-01-09
9838,MI,2023-07-15
9839,MI,2024-12-04
9840,MI,2024-02-06
9841,CO,2023-05-02
9842,TX,2025-02-10
9843,NJ,2024-07-12
9844,NY,2025-08-11
9845,MA,2025-06-26
9846,CO,2025-11-28
9847,CA,2024-09-10
9848,PA,2025-01-10
9849,NC,2025-08-04
9850,GA,2025-03-07
9851,MI,2023-07-25
9852,VA,2024-08-05
9853,MI,2024-11-27
9854,NJ,2024-02-16
9855,FL,2023-07-27
9856,AZ,2024-02-09
9857,PA,2024-01-23
9858,AZ,2025-05-16
9859,FL,2023-09-28
9860,TX,2024-03-12
9861,IL,2025-05-07
9862,CA,2023-12-11
9863,IL,2023-05-29
9864,NY,2024-09-19
9865,GA,2023-07-06
9866,NY,2023-01-20
9867,MA,2024-01-08
9868,PA,2025-09-05
9869,CA,2023-03-08
9870,PA,2025-12-21
9871,MA,2025-02-24
9872,WA,2024-09-13
9873,CO,2023-03-26
9874,FL,2023-06-25
9875,MI,2023-12-25
9876,PA,2025-04-10
9877,MI,2023-10-18
9878,NC,2023-05-10
9879,MA,2024-04-23
9880,IL,2024-10-09
9881,WA,2024-06-15
9882,FL,2023-09-21
9883,MI,2025-08-16
9884,MA,2024-05-17
9885,PA,2025-06-27
9886,WA,2026-01-09
9887,WA,2024-04-19
9888,MI,2025-06-06
9889,CA,2023-01-18
9890,NY,2025-12-28
9891,WA,2025-06-26
9892,VA,2023-05-10
9893,TX,2025-07-26
9894,AZ,2025-03-25
9895,VA,2023-01-15
9896,NY,2025-10-03
9897,AZ,2024-12-07
9898,AZ,2024-12-03
9899,FL,2025-01-15
9900,FL,2024-03-07
9901,FL,2025-12-25
9902,FL,2026-01-09
9903,TX,2023-02-05
9904,VA,2025-01-16
9905,PA,2023-01-17
9906,MA,2024-05-28
9907,GA,2023-02-02
9908,PA,2023-12-15
9909,WA,2024-05-22
9910,FL,2024-10-07
9911,NJ,2025-07-27
9912,NY,2025-05-05
9913,NY,2024-05-31
9914,WA,2025-03-08
9915,MA,2024-04-29
9916,NC,2024-10-25
9917,NC,2024-03-18
9918,GA,2024-01-13
9919,VA,2025-10-10
9920,MA,2025-08-20
9921,WA,2024-07-26
9922,NC,2023-12-24
9923,NC,2024-06-21
9924,NC,2024-09-12
9925,IL,2025-03-16
9926,NJ,2025-12-01
9927,PA,2025-03-26
9928,TX,2023-01-13
9929,WA,2025-04-03
9930,CO,2024-05-03
9931,CA,2025-12-22
9932,PA,2024-07-08
9933,CA,2025-01-14
9934,MA,2023-03-16
9935,AZ,2025-02-03
9936,WA,2025-04-04
9937,AZ,2023-07-26
9938,WA,2024-11-23
9939,CA,2024-11-06
9940,GA,2024-07-28
9941,CA,2025-06-12
9942,WA,2023-05-05
9943,NC,2023-09-14
9944,GA,2026-01-20
9945,AZ,2025-01-06
9946,MI,2023-10-15
9947,FL,2024-09-29
9948,VA,2025-02-05
9949,CO,2024-05-26
9950,IL,2024-07-26
9951,NJ,2024-01-03
9952,MI,2023-10-12
9953,TX,2023-03-04
9954,FL,2024-10-07
9955,NY,2025-01-20
9956,CA,2025-02-02
9957,VA,2023-12-27
9958,AZ,2024-01-06
9959,CO,2025-11-10
9960,CA,2025-07-29
9961,AZ,2025-07-29
9962,VA,2025-05-04
9963,NJ,2025-03-13
9964,CA,2023-02-15
9965,FL,2023-07-13
9966,NC,2025-12-16
9967,PA,2023-11-29
9968,NC,2025-01-16
9969,MI,2025-05-15
9970,IL,2025-11-05
9971,GA,2024-10-06
9972,CA,2025-01-13
9973,MA,2023-05-30
9974,NC,2025-10-02
9975,NJ,2025-03-12
9976,WA,2025-05-31
9977,PA,2025-04-05
9978,MI,2024-01-26
9979,CO,2023-10-08
9980,AZ,2024-06-22
9981,MA,2023-12-08
9982,FL,2024-11-04
9983,FL,2025-10-15
9984,IL,2026-01-03
9985,IL,2023-04-03
9986,GA,2025-10-16
9987,PA,2023-04-25
9988,WA,2023-04-23
9989,CO,2025-12-19
9990,WA,2023-08-25
9991,NY,2024-09-29
9992,MI,2025-12-04
9993,IL,2024-12-24
9994,GA,2024-05-13
9995,VA,2024-03-24
9996,TX,2023-07-14
9997,CA,2024-07-28
9998,CA,2024-08-04
9999,VA,2023-11-06
10000,TX,2024-08-13
10001,NC,2024-07-01
10002,WA,2024-01-24
10003,TX,2025-03-10
10004,GA,2024-10-22
10005,CO,2025-02-23
10006,TX,2024-06-17
10007,GA,2023-10-24
10008,MI,2025-04-06
10009,VA,2024-12-27
10010,IL,2023-11-27
10011,VA,2024-09-25
10012,MA,2025-05-04
10013,FL,2025-12-14
10014,FL,2025-02-10
10015,PA,2025-05-24
10016,VA,2025-01-11
10017,NY,2024-09-29
10018,WA,2024-03-17
10019,CO,2025-06-11
10020,MA,2023-05-26
10021,MA,2024-01-26
10022,IL,2024-01-08
10023,TX,2025-12-04
10024,WA,2023-09-19
10025,VA,2025-07-19
10026,CA,2025-01-15
10027,MA,2024-07-18
10028,GA,2024-05-30
10029,CA,2024-11-15
10030,VA,2024-04-30
10031,NY,2025-04-13
10032,TX,2024-04-10
10033,TX,2024-04-10
10034,CO,2023-01-22
10035,MA,2024-01-31
10036,IL,2023-05-25
10037,MI,2024-02-24
10038,NC,2023-11-01
10039,NC,2025-09-27
10040,NJ,2023-02-13
10041,FL,2023-04-17
10042,GA,2023-05-30
10043,CA,2023-04-20
10044,NJ,2025-11-07
10045,MI,2025-01-19
10046,NY,2023-08-27
10047,MI,2024-12-24
10048,AZ,2025-01-12
10049,FL,2023-11-24
10050,TX,2025-05-11
10051,CA,2024-04-05
10052,WA,2026-01-09
10053,MA,2025-01-13
10054,NY,2023-12-29
10055,WA,2025-06-16
10056,IL,2024-03-18
10057,NJ,2025-06-04
10058,MA,2025-09-10
10059,CA,2023-09-18
10060,MA,2023-10-07
10061,FL,2025-07-14
10062,CO,2025-08-03
10063,VA,2023-06-01
10064,FL,2025-03-04
10065,IL,2025-11-01
10066,GA,2023-01-14
10067,WA,2025-08-08
10068,AZ,2025-05-16
10069,PA,2024-03-20
10070,FL,2025-03-09
10071,CO,2025-01-01
10072,VA,2023-08-26
10073,GA,2024-06-22
10074,FL,2025-02-07
10075,TX,2025-03-19
10076,CO,2025-01-31
10077,AZ,2023-03-15
10078,WA,2023-10-23
10079,NY,2023-01-14
10080,NC,2024-09-03
10081,GA,2024-01-30
10082,TX,2023-07-10
10083,PA,2025-03-27
10084,NY,2023-04-16
10085,CA,2023-01-07
10086,AZ,2026-01-09
10087,CO,2025-02-03
10088,NJ,2024-10-13
10089,TX,2024-04-29
10090,MA,2025-07-20
10091,CA,2024-05-20
10092,CA,2024-06-02
10093,MI,2025-03-12
10094,PA,2024-03-24
10095,GA,2023-10-12
10096,MI,2023-03-15
10097,PA,2023-02-14
10098,CO,2025-01-14
10099,PA,2024-11-06
10100,VA,2024-07-28
10101,TX,2023-04-03
10102,IL,2023-11-18
10103,NJ,2024-04-10
10104,TX,2024-08-26
10105,VA,2025-06-03
10106,PA,2025-10-03
10107,FL,2024-07-07
10108,CA,2025-01-22
10109,WA,2023-11-23
10110,CA,2024-12-28
10111,VA,2024-08-13
10112,CA,2025-04-30
10113,NC,2024-03-15
10114,MI,2024-12-14
10115,NJ,2024-03-07
10116,NJ,2025-08-05
10117,AZ,2023-11-24
10118,MA,2025-05-10
10119,PA,2026-01-02
10120,IL,2023-08-17
10121,NY,2025-01-13
10122,AZ,2025-09-28
10123,NJ,2025-03-21
10124,PA,2023-06-23
10125,NY,2026-01-03
10126,NJ,2026-01-27
10127,MA,2024-05-27
10128,CA,2026-02-21
10129,VA,2026-02-14
10130,NY,2023-05-09
10131,PA,2024-01-09
10132,CO,2023-08-24
10133,IL,2025-01-11
10134,MI,2023-07-09
10135,AZ,2023-06-17
10136,NY,2023-10-18
10137,MA,2023-05-19
10138,FL,2024-07-21
10139,NY,2025-12-10
10140,PA,2025-09-17
10141,IL,2023-10-25
10142,NJ,2025-12-31
10143,MI,2023-09-13
10144,GA,2023-11-05
10145,NJ,2023-04-01
10146,GA,2023-05-29
10147,AZ,2025-11-19
10148,CO,2024-04-06
10149,MI,2024-09-26
10150,TX,2024-09-28
10151,TX,2024-10-07
10152,NY,2024-06-01
10153,WA,2023-07-09
10154,AZ,2023-03-20
10155,PA,2025-03-26
10156,AZ,2023-03-13
10157,FL,2023-02-12
10158,MA,2025-03-13
10159,FL,2026-02-03
10160,GA,2023-12-23
10161,PA,2023-01-08
10162,PA,2024-03-12
10163,NY,2023-03-21
10164,NJ,2024-11-19
10165,AZ,2024-07-29
10166,IL,2025-06-18
10167,MI,2023-10-15
10168,MA,2026-02-10
10169,FL,2025-08-20
10170,VA,2024-12-20
10171,IL,2025-08-13
10172,MA,2023-08-14
10173,FL,2023-10-05
10174,MI,2025-06-13
10175,CO,2025-03-02
10176,GA,2025-10-23
10177,CA,2024-06-28
10178,MA,2024-04-22
10179,GA,2025-11-19
10180,MI,2024-02-23
10181,PA,2025-11-17
10182,NC,2024-08-31
10183,WA,2023-03-28
10184,PA,2025-11-15
10185,NY,2023-04-30
10186,NC,2024-12-13
10187,IL,2024-01-27
10188,PA,2023-12-19
10189,PA,2023-01-15
10190,MA,2023-11-01
10191,NY,2024-09-14
10192,NY,2024-06-03
10193,NC,2025-05-02
10194,MI,2024-10-01
10195,AZ,2024-01-22
10196,PA,2025-06-23
10197,NC,2023-01-14
10198,CA,2023-04-01
10199,FL,2023-01-04
10200,MA,2025-10-18
10201,AZ,2025-03-06
10202,GA,2023-08-04
10203,MI,2024-12-04
10204,TX,2024-12-31
10205,PA,2023-01-17
10206,NJ,2024-05-09
10207,MA,2024-03-19
10208,MA,2026-01-09
10209,MA,2025-02-17
10210,NY,2023-06-15
10211,IL,2023-12-23
10212,NY,2023-08-22
10213,IL,2023-06-24
10214,VA,2024-11-27
10215,NC,2023-08-26
10216,TX,2025-09-14
10217,AZ,2025-10-10
10218,NY,2025-06-30
10219,PA,2024-09-21
10220,MI,2024-08-10
10221,AZ,2025-03-04
10222,IL,2025-07-08
10223,NY,2024-02-11
10224,WA,2023-06-26
10225,NY,2023-04-29
10226,TX,2024-09-05
10227,TX,2023-12-31
10228,IL,2024-04-30
10229,IL,2026-01-07
10230,NC,2023-11-18
10231,TX,2023-05-19
10232,TX,2023-11-29
10233,VA,2023-08-12
10234,PA,2024-07-25
10235,VA,2025-02-14
10236,CA,2025-08-24
10237,MA,2024-08-15
10238,VA,2025-03-19
10239,CO,2025-09-13
10240,NY,2025-10-20
10241,FL,2025-05-10
10242,NC,2023-07-06
10243,MA,2023-09-06
10244,CO,2026-02-24
10245,CA,2026-01-16
10246,FL,2025-12-04
10247,IL,2025-10-20
10248,TX,2023-09-03
10249,WA,2025-07-15
10250,NC,2023-01-15
10251,GA,2025-04-05
10252,NJ,2024-11-19
10253,VA,2024-12-27
10254,TX,2024-06-20
10255,WA,2024-05-06
10256,CO,2023-10-19
10257,IL,2023-04-27
10258,FL,2024-08-14
10259,CO,2024-11-17
10260,NJ,2025-01-13
10261,TX,2025-08-05
10262,TX,2024-11-13
10263,FL,2024-09-20
10264,GA,2024-08-15
10265,WA,2024-01-22
10266,CO,2024-10-13
10267,IL,2023-07-12
10268,TX,2023-04-11
10269,MI,2025-12-29
10270,CO,2024-03-19
10271,PA,2024-03-08
10272,GA,2024-06-20
10273,CO,2024-08-23
10274,VA,2024-12-08
10275,FL,2023-11-15
10276,AZ,2023-08-13
10277,AZ,2024-01-23
10278,VA,2025-04-25
10279,NJ,2023-03-12
10280,IL,2026-02-26
10281,CA,2024-03-19
10282,FL,2024-08-21
10283,CO,2024-01-22
10284,CA,2023-01-18
10285,TX,2026-01-04
10286,CA,2024-07-06
10287,GA,2025-05-23
10288,NY,2023-10-07
10289,GA,2025-02-09
10290,VA,2025-08-11
10291,FL,2023-11-25
10292,NY,2024-05-22
10293,FL,2024-03-25
10294,PA,2025-04-18
10295,NJ,2024-01-28
10296,NJ,2023-04-19
10297,NC,2023-12-25
10298,IL,2025-08-13
10299,MI,2025-07-23
10300,NJ,2023-11-14
10301,MA,2023-12-07
10302,TX,2023-12-15
10303,TX,2023-01-27
10304,PA,2024-09-29
10305,NC,2024-02-05
10306,PA,2023-11-12
10307,CO,2024-01-03
10308,WA,2023-12-09
10309,FL,2024-11-23
10310,MA,2025-06-22
10311,MA,2026-01-01
10312,VA,2026-02-19
10313,GA,2023-07-05
10314,GA,2025-04-15
10315,WA,2023-11-15
10316,VA,2025-08-12
10317,PA,2024-08-16
10318,VA,2025-09-18
10319,CO,2025-03-03
10320,NC,2023-12-19
10321,CA,2023-12-21
10322,GA,2023-04-16
10323,CO,2024-02-22
10324,IL,2024-10-03
10325,VA,2023-07-24
10326,TX,2024-07-18
10327,TX,2023-07-08
10328,CO,2024-06-26
10329,WA,2023-09-15
10330,NC,2024-03-28
10331,NJ,2023-03-19
10332,AZ,2025-11-12
10333,MA,2024-05-17
10334,WA,2023-07-04
10335,CO,2024-06-30
10336,NC,2023-02-18
10337,NC,2023-06-17
10338,FL,2023-01-21
10339,NY,2024-01-27
10340,TX,2025-06-21
10341,CO,2026-02-02
10342,MI,2023-08-17
10343,NJ,2023-12-18
10344,VA,2023-08-13
10345,MA,2023-08-22
10346,VA,2023-09-23
10347,NY,2025-05-07
10348,IL,2023-11-10
10349,GA,2024-05-13
10350,MI,2025-05-26
10351,FL,2023-07-30
10352,GA,2023-04-09
10353,NY,2023-12-11
10354,NY,2025-06-22
10355,GA,2024-06-07
10356,PA,2023-04-28
10357,MA,2024-08-22
10358,MA,2025-05-05
10359,CA,2023-07-28
10360,VA,2024-04-25
10361,NJ,2025-07-11
10362,IL,2023-11-25
10363,VA,2024-02-21
10364,MA,2026-01-11
10365,NJ,2023-09-11
10366,AZ,2025-08-02
10367,IL,2023-01-05
10368,IL,2023-10-30
10369,NY,2025-09-06
10370,IL,2024-08-29
10371,FL,2025-08-21
10372,GA,2025-01-05
10373,MI,2024-01-25
10374,PA,2025-04-29
10375,CA,2025-03-29
10376,VA,2023-01-12
10377,CO,2023-12-03
10378,WA,2024-08-29
10379,CA,2023-05-09
10380,FL,2023-01-11
10381,CA,2024-05-04
10382,IL,2023-09-29
10383,NY,2025-05-30
10384,MI,2026-01-20
10385,WA,2023-01-09
10386,MA,2025-06-05
10387,NY,2026-02-20
10388,IL,2025-02-14
10389,IL,2023-10-08
10390,WA,2024-04-02
10391,WA,2025-07-24
10392,AZ,2024-03-26
10393,TX,2025-03-01
10394,MI,2025-03-22
10395,NC,2023-02-25
10396,MI,2024-12-08
10397,NC,2024-01-14
10398,NJ,2025-10-06
10399,PA,2023-01-23
10400,NY,2025-02-10
10401,MA,2023-08-19
10402,CA,2023-07-29
10403,IL,2025-05-15
10404,IL,2025-06-17
10405,TX,2025-05-22
10406,NY,2023-12-29
10407,PA,2024-04-19
10408,NY,2023-07-14
10409,AZ,2025-07-21
10410,VA,2025-11-01
10411,GA,2025-02-22
10412,NJ,2025-12-21
10413,WA,2024-06-12
10414,MA,2023-09-28
10415,PA,2024-06-21
10416,WA,2024-10-18
10417,MA,2023-03-06
10418,VA,2025-05-11
10419,FL,2024-05-04
10420,CO,2025-12-27
10421,VA,2023-12-28
10422,NJ,2024-07-25
10423,AZ,2025-09-21
10424,NC,2025-02-07
10425,VA,2025-11-08
10426,NJ,2024-06-28
10427,NC,2025-09-05
10428,MA,2025-07-20
10429,NC,2023-04-01
10430,MI,2025-08-30
10431,WA,2023-08-26
10432,NJ,2024-04-06
10433,IL,2025-11-13
10434,WA,2025-04-30
10435,MA,2025-07-09
10436,PA,2025-06-25
10437,NY,2025-02-15
10438,WA,2025-10-26
10439,MI,2024-07-23
10440,NC,2024-09-03
10441,MI,2024-09-25
10442,TX,2025-09-09
10443,GA,2024-04-07
10444,VA,2024-10-24
10445,IL,2025-09-16
10446,VA,2024-03-06
10447,NC,2025-05-27
10448,TX,2024-02-29
10449,MA,2023-04-15
10450,FL,2023-09-09
10451,AZ,2024-10-06
10452,TX,2026-01-27
10453,CO,2023-06-27
10454,VA,2026-03-01
10455,FL,2024-12-20
10456,NJ,2025-12-16
10457,CA,2025-06-10
10458,IL,2024-02-13
10459,NC,2025-08-11
10460,NJ,2023-09-19
10461,NJ,2025-01-11
10462,CA,2024-10-15
10463,WA,2024-07-28
10464,MA,2023-04-28
10465,MI,2025-08-28
10466,IL,2023-11-04
10467,AZ,2024-05-04
10468,NY,2025-01-26
10469,NJ,2024-10-09
10470,FL,2024-08-30
10471,NJ,2025-01-06
10472,MI,2023-01-24
10473,NY,2025-01-22
10474,NJ,2025-09-27
10475,CA,2023-12-15
10476,MI,2023-01-25
10477,TX,2025-10-11
10478,TX,2024-08-21
10479,MI,2025-03-11
10480,PA,2025-06-28
10481,MA,2025-08-16
10482,CA,2025-11-17
10483,GA,2024-06-24
10484,NJ,2024-05-05
10485,IL,2024-05-02
10486,FL,2025-03-01
10487,TX,2023-06-21
10488,MI,2023-02-07
10489,TX,2023-10-26
10490,NY,2025-11-16
10491,NY,2024-10-09
10492,AZ,2025-01-17
10493,PA,2026-01-13
10494,VA,2025-07-14
10495,NC,2023-01-13
10496,WA,2023-09-16
10497,GA,2025-09-06
10498,NY,2026-01-28
10499,NY,2024-09-07
10500,PA,2023-10-05
10501,IL,2025-08-11
10502,VA,2025-12-25
10503,MI,2025-03-18
10504,NC,2024-10-17
10505,NY,2026-02-14
10506,PA,2025-02-21
10507,FL,2024-05-13
10508,IL,2023-07-24
10509,WA,2024-08-09
10510,CA,2026-01-08
10511,MI,2025-11-07
10512,IL,2024-09-05
10513,CA,2025-09-26
10514,TX,2024-10-05
10515,NC,2025-03-31
10516,WA,2023-02-27
10517,AZ,2026-02-09
10518,NC,2024-08-19
10519,VA,2023-11-11
10520,WA,2023-06-11
10521,VA,2023-11-20
10522,NC,2024-12-18
10523,IL,2024-08-02
10524,MI,2025-06-17
10525,PA,2025-01-29
10526,NC,2024-05-16
10527,CO,2023-02-26
10528,WA,2023-10-24
10529,AZ,2025-10-24
10530,MI,2024-02-14
10531,NJ,2025-03-17
10532,CA,2026-02-03
10533,WA,2024-09-11
10534,TX,2025-02-17
10535,FL,2025-02-17
10536,MI,2024-07-19
10537,MI,2025-09-24
10538,VA,2023-06-15
10539,CO,2025-02-26
10540,MA,2024-10-27
10541,NJ,2023-05-08
10542,WA,2023-03-17
10543,NY,2025-06-05
10544,IL,2025-02-20
10545,NJ,2024-03-09
10546,IL,2024-09-26
10547,NC,2024-09-06
10548,NC,2025-09-12
10549,AZ,2024-06-09
10550,NJ,2024-03-16
10551,IL,2024-08-09
10552,AZ,2024-01-26
10553,GA,2023-09-01
10554,NJ,2025-02-06
10555,CO,2024-02-19
10556,CO,2024-03-02
10557,CA,2023-09-06
10558,WA,2025-11-24
10559,MA,2025-04-18
10560,IL,2023-09-10
10561,WA,2025-05-11
10562,CO,2025-03-29
10563,TX,2025-05-11
10564,IL,2023-07-29
10565,MI,2023-04-20
10566,WA,2023-11-26
10567,CO,2023-05-22
10568,FL,2024-11-06
10569,CO,2023-03-28
10570,NC,2023-05-20
10571,AZ,2024-11-04
10572,MI,2023-01-26
10573,NY,2024-10-07
10574,GA,2025-06-29
10575,VA,2023-12-28
10576,GA,2023-12-26
10577,MI,2025-09-22
10578,AZ,2023-03-18
10579,NC,2023-04-05
10580,NC,2025-08-14
10581,VA,2025-09-23
10582,IL,2023-08-06
10583,FL,2024-01-03
10584,FL,2023-02-21
10585,VA,2024-11-17
10586,IL,2025-04-04
10587,WA,2023-02-02
10588,IL,2025-05-21
10589,MA,2024-10-05
10590,MA,2024-02-29
10591,GA,2025-02-25
10592,CO,2025-10-27
10593,VA,2024-05-09
10594,IL,2025-01-08
10595,PA,2025-02-05
10596,IL,2024-11-26
10597,MI,2023-07-18
10598,AZ,2024-12-15
10599,WA,2024-03-10
10600,CA,2023-10-15
10601,GA,2024-12-19
10602,GA,2024-07-20
10603,GA,2025-03-21
10604,MI,2024-02-12
10605,NJ,2025-07-05
10606,CO,2025-06-28
10607,VA,2024-12-17
10608,NC,2025-04-04
10609,VA,2025-10-22
10610,TX,2023-07-04
10611,CA,2024-11-04
10612,NJ,2024-08-24
10613,PA,2025-02-01
10614,PA,2023-01-22
10615,CO,2023-07-31
10616,MA,2024-04-21
10617,VA,2024-04-10
10618,WA,2025-09-15
10619,NC,2023-06-21
10620,MA,2024-11-05
10621,NC,2025-03-07
10622,FL,2023-09-01
10623,GA,2024-02-25
10624,NJ,2024-01-14
10625,NC,2023-12-07
10626,AZ,2025-08-11
10627,NY,2024-11-01
10628,GA,2023-05-03
10629,GA,2025-05-21
10630,WA,2024-03-09
10631,NJ,2023-07-07
10632,CA,2025-11-03
10633,MA,2023-03-11
10634,NC,2024-10-12
10635,NC,2025-04-16
10636,FL,2024-08-13
10637,GA,2023-11-14
10638,IL,2024-03-12
10639,VA,2023-08-15
10640,TX,2023-06-29
10641,IL,2024-06-19
10642,VA,2026-01-27
10643,NC,2023-09-27
10644,IL,2025-08-03
10645,WA,2026-01-22
10646,NY,2024-10-20
10647,NC,2023-10-12
10648,NC,2025-11-11
10649,NY,2023-01-02
10650,MA,2023-04-13
10651,NY,2025-11-25
10652,PA,2023-10-01
10653,IL,2025-12-10
10654,WA,2025-06-14
10655,FL,2023-01-17
10656,MA,2024-03-11
10657,CO,2025-05-07
10658,FL,2024-11-16
10659,CA,2026-03-01
10660,CA,2023-09-20
10661,CA,2024-01-29
10662,NJ,2023-07-27
10663,CA,2025-03-18
10664,WA,2024-04-09
10665,FL,2023-12-24
10666,VA,2023-12-20
10667,AZ,2024-01-11
10668,GA,2025-09-15
10669,MI,2023-01-18
10670,TX,2024-12-16
10671,AZ,2024-04-29
10672,MA,2025-10-22
10673,NJ,2025-08-07
10674,CO,2024-01-11
10675,IL,2025-07-02
10676,PA,2024-07-19
10677,VA,2025-05-14
10678,NC,2026-01-20
10679,VA,2024-09-03
10680,CA,2025-11-28
10681,CO,2024-03-11
10682,MI,2024-10-09
10683,NC,2023-12-28
10684,TX,2024-07-15
10685,CO,2023-03-24
10686,PA,2025-11-16
10687,FL,2023-01-21
10688,CO,2025-12-04
10689,NJ,2025-08-11
10690,CA,2024-11-24
10691,TX,2025-03-08
10692,IL,2024-04-23
10693,MI,2025-05-12
10694,MI,2024-10-17
10695,GA,2025-02-01
10696,NY,2024-09-09
10697,NJ,2024-12-11
10698,CA,2023-12-03
10699,MI,2025-02-06
10700,NC,2025-03-29
10701,TX,2024-01-20
10702,FL,2026-01-29
10703,NJ,2026-02-11
10704,WA,2025-10-17
10705,TX,2025-12-13
10706,VA,2024-08-14
10707,NC,2025-04-10
10708,NJ,2025-12-17
10709,NY,2024-05-17
10710,NY,2023-07-08
10711,MA,2025-05-19
10712,GA,2024-08-01
10713,NC,2025-03-09
10714,NY,2023-05-11
10715,MA,2024-11-08
10716,MA,2025-08-06
10717,NJ,2023-06-01
10718,MA,2025-07-10
10719,TX,2026-02-02
10720,PA,2026-01-20
10721,MA,2024-12-13
10722,CA,2025-03-15
10723,NC,2024-03-07
10724,CA,2023-01-28
10725,WA,2023-12-21
10726,MI,2024-11-08
10727,NY,2023-05-16
10728,GA,2025-12-27
10729,MI,2023-06-03
10730,MA,2023-11-22
10731,FL,2025-03-26
10732,FL,2026-01-24
10733,NY,2023-04-18
10734,WA,2025-12-05
10735,FL,2024-03-29
10736,PA,2023-11-19
10737,VA,2023-10-12
10738,CA,2026-01-11
10739,PA,2024-10-11
10740,CO,2025-01-18
10741,TX,2024-03-24
10742,AZ,2023-11-17
10743,IL,2023-10-05
10744,FL,2024-09-03
10745,GA,2025-11-03
10746,MA,2024-02-18
10747,GA,2024-05-08
10748,NC,2023-02-16
10749,TX,2024-10-17
10750,CA,2025-02-07
10751,WA,2024-03-07
10752,TX,2025-08-13
10753,IL,2024-01-12
10754,CO,2026-01-12
10755,NJ,2025-11-13
10756,VA,2025-06-27
10757,FL,2023-11-21
10758,WA,2023-11-12
10759,WA,2023-08-09
10760,FL,2023-08-02
10761,FL,2025-04-24
10762,FL,2026-01-13
10763,FL,2024-01-20
10764,FL,2025-10-24
10765,WA,2026-02-11
10766,NY,2025-05-26
10767,NY,2024-10-14
10768,GA,2023-10-14
10769,NY,2024-01-19
10770,IL,2025-10-14
10771,NY,2025-04-26
10772,WA,2024-05-31
10773,FL,2023-05-07
10774,PA,2026-01-14
10775,MA,2025-12-04
10776,MI,2024-09-14
10777,MA,2023-10-17
10778,VA,2024-11-27
10779,IL,2023-06-06
10780,NC,2024-02-10
10781,WA,2026-02-19
10782,CA,2025-05-26
10783,PA,2025-11-12
10784,MI,2023-07-16
10785,TX,2024-04-23
10786,GA,2023-10-12
10787,MI,2023-11-04
10788,AZ,2023-12-11
10789,CA,2025-10-17
10790,WA,2025-09-17
10791,NY,2024-02-02
10792,FL,2025-02-23
10793,AZ,2025-03-06
10794,AZ,2026-02-12
10795,NJ,2024-09-27
10796,CA,2024-03-25
10797,TX,2025-02-10
10798,NC,2024-11-11
10799,MA,2024-07-01
10800,NC,2023-08-17
10801,MI,2023-09-01
10802,TX,2023-03-06
10803,FL,2025-08-03
10804,NY,2025-10-23
10805,TX,2025-11-26
10806,GA,2025-09-28
10807,TX,2023-01-03
10808,NJ,2025-08-12
10809,WA,2023-05-23
10810,NY,2025-12-15
10811,FL,2023-03-02
10812,PA,2023-03-09
10813,VA,2023-03-20
10814,MA,2024-01-02
10815,AZ,2025-08-15
10816,MA,2024-06-09
10817,PA,2024-01-25
10818,TX,2024-06-04
10819,WA,2023-09-10
10820,CA,2026-01-23
10821,NC,2023-01-03
10822,NC,2024-11-26
10823,NC,2023-02-15
10824,NJ,2024-10-14
10825,CA,2024-06-08
10826,WA,2024-02-22
10827,VA,2025-09-28
10828,NC,2025-12-02
10829,GA,2025-06-14
10830,CA,2024-11-26
10831,CA,2024-07-12
10832,FL,2025-07-19
10833,FL,2024-08-17
10834,NY,2026-01-25
10835,GA,2025-05-16
10836,AZ,2024-01-19
10837,GA,2025-12-31
10838,VA,2023-08-05
10839,VA,2025-04-12
10840,NY,2025-03-16
10841,AZ,2025-11-22
10842,GA,2025-02-19
10843,MI,2023-08-04
10844,IL,2023-04-11
10845,CO,2024-04-14
10846,NC,2023-06-29
10847,VA,2024-09-30
10848,MI,2024-01-12
10849,VA,2024-11-11
10850,FL,2025-03-27
10851,NY,2023-10-07
10852,NY,2025-04-28
10853,GA,2025-01-22
10854,CA,2026-01-26
10855,PA,2023-09-07
10856,MA,2025-07-02
10857,NJ,2026-02-02
10858,AZ,2025-02-11
10859,TX,2024-10-02
10860,TX,2023-11-23
10861,NY,2025-06-08
10862,AZ,2025-02-09
10863,NC,2024-01-12
10864,IL,2025-11-04
10865,VA,2024-11-26
10866,NC,2024-04-25
10867,NY,2025-11-05
10868,NC,2024-07-28
10869,MI,2024-04-29
10870,FL,2025-07-28
10871,NC,2023-09-14
10872,GA,2023-01-27
10873,GA,2025-11-14
10874,IL,2025-12-21
10875,VA,2023-08-21
10876,FL,2023-12-15
10877,MA,2024-02-18
10878,AZ,2024-02-10
10879,CA,2025-08-16
10880,PA,2024-05-30
10881,FL,2025-10-06
10882,WA,2023-10-14
10883,CO,2023-11-03
10884,PA,2024-07-15
10885,NY,2025-02-20
10886,PA,2025-10-28
10887,WA,2023-12-23
10888,IL,2024-08-03
10889,WA,2023-05-19
10890,MI,2024-02-27
10891,VA,2024-02-01
10892,GA,2025-04-11
10893,NC,2023-11-01
10894,CA,2025-11-08
10895,AZ,2023-08-14
10896,TX,2025-04-30
10897,AZ,2024-05-09
10898,NY,2024-09-18
10899,PA,2026-01-06
10900,VA,2023-11-23
10901,TX,2024-05-19
10902,NC,2024-08-29
10903,GA,2024-08-29
10904,VA,2025-09-30
10905,AZ,2024-05-23
10906,GA,2024-10-18
10907,NC,2024-06-14
10908,NY,2023-02-06
10909,AZ,2023-11-10
10910,TX,2023-08-08
10911,AZ,2024-10-01
10912,FL,2024-02-08
10913,GA,2024-04-23
10914,TX,2024-12-22
10915,VA,2025-07-25
10916,MA,2025-04-03
10917,PA,2023-08-08
10918,TX,2024-01-02
10919,MA,2025-09-10
10920,MA,2024-11-14
10921,GA,2025-08-26
10922,NY,2025-11-21
10923,VA,2025-10-15
10924,IL,2025-12-13
10925,GA,2024-02-27
10926,PA,2025-09-30
10927,MI,2023-08-22
10928,PA,2025-04-08
10929,MI,2025-01-12
10930,NY,2026-02-07
10931,NY,2025-09-13
10932,VA,2025-05-28
10933,AZ,2026-01-28
10934,WA,2025-01-02
10935,NC,2024-11-05
10936,NC,2024-10-16
10937,PA,2023-09-15
10938,NC,2025-09-28
10939,CO,2024-09-15
10940,NJ,2023-04-09
10941,MI,2026-01-31
10942,GA,2023-01-12
10943,NY,2025-03-23
10944,WA,2023-06-28
10945,AZ,2025-10-27
10946,MA,2023-06-01
10947,MI,2025-04-14
10948,IL,2024-08-04
10949,IL,2024-07-18
10950,MA,2023-07-15
10951,TX,2023-11-21
10952,VA,2024-04-26
10953,TX,2023-07-27
10954,NC,2025-07-24
10955,GA,2025-08-14
10956,AZ,2024-03-01
10957,CO,2025-12-21
10958,WA,2024-07-20
10959,IL,2024-09-09
10960,NJ,2025-08-02
10961,PA,2026-01-06
10962,NC,2025-06-05
10963,CA,2025-07-17
10964,NC,2023-10-11
10965,PA,2025-12-16
10966,CA,2024-11-11
10967,FL,2024-01-11
10968,NY,2024-01-11
10969,NJ,2025-02-10
10970,MA,2025-02-26
10971,NY,2024-01-08
10972,NC,2025-05-06
10973,NY,2023-09-01
10974,WA,2025-01-31
10975,FL,2025-11-28
10976,CO,2024-09-24
10977,FL,2023-03-27
10978,AZ,2023-04-09
10979,PA,2024-01-09
10980,IL,2025-01-27
10981,WA,2024-09-16
10982,NJ,2025-09-09
10983,AZ,2023-03-24
10984,NY,2023-01-01
10985,NJ,2024-03-12
10986,MI,2024-11-16
10987,VA,2023-09-07
10988,PA,2024-02-14
10989,AZ,2025-01-07
10990,CO,2026-01-12
10991,NY,2024-05-04
10992,GA,2023-08-27
10993,MI,2025-07-11
10994,GA,2024-06-23
10995,TX,2024-01-15
10996,FL,2025-03-09
10997,CO,2025-07-31
10998,GA,2024-11-25
10999,TX,2023-05-15
11000,WA,2023-12-27
11001,NJ,2024-07-22
11002,MI,2026-02-12
11003,CO,2023-07-05
11004,TX,2024-04-22
11005,MA,2025-06-06
11006,NJ,2023-01-01
11007,CO,2025-04-29
11008,NC,2025-08-25
11009,NJ,2024-06-24
11010,AZ,2025-09-18
11011,TX,2024-12-02
11012,NY,2023-09-27
11013,NC,2025-06-16
11014,VA,2024-02-23
11015,MA,2023-07-14
11016,PA,2023-09-12
11017,GA,2023-03-20
11018,CA,2026-01-26
11019,TX,2025-02-24
11020,WA,2025-03-24
11021,TX,2024-03-22
11022,CA,2023-05-03
11023,MI,2024-11-06
11024,MA,2023-12-25
11025,MA,2023-08-27
11026,NC,2025-03-15
11027,PA,2024-11-13
11028,CO,2024-10-30
11029,WA,2023-07-23
11030,NC,2023-05-23
11031,PA,2023-07-06
11032,WA,2023-05-02
11033,WA,2026-01-28
11034,CA,2023-10-11
11035,NC,2025-08-06
11036,WA,2024-06-10
11037,IL,2024-01-19
11038,MI,2025-06-16
11039,VA,2023-07-06
11040,PA,2025-10-28
11041,CA,2024-09-15
11042,NJ,2024-06-28
11043,MA,2025-07-02
11044,CA,2023-03-31
11045,NJ,2024-05-10
11046,NY,2025-08-17
11047,NY,2023-04-26
11048,WA,2024-11-15
11049,AZ,2025-11-09
11050,NC,2023-05-12
11051,VA,2023-08-11
11052,MA,2024-03-11
11053,CA,2025-11-28
11054,NC,2023-11-23
11055,CA,2023-04-16
11056,CA,2024-10-13
11057,IL,2024-07-20
11058,NY,2024-09-21
11059,CA,2024-11-18
11060,IL,2024-04-14
11061,AZ,2024-12-25
11062,NY,2023-09-22
11063,IL,2025-04-16
11064,NC,2025-04-30
11065,CO,2025-02-23
11066,NY,2024-06-17
11067,NJ,2024-01-04
11068,GA,2024-11-29
11069,CO,2025-08-03
11070,PA,2023-06-03
11071,NC,2024-09-11
11072,CA,2023-11-12
11073,MA,2025-03-21
11074,AZ,2023-05-31
11075,VA,2023-06-24
11076,NC,2025-12-14
11077,IL,2025-02-17
11078,AZ,2023-06-03
11079,IL,2024-05-15
11080,IL,2024-05-20
11081,IL,2023-05-29
11082,NC,2023-01-08
11083,MA,2024-08-15
11084,PA,2024-08-13
11085,TX,2024-04-13
11086,AZ,2023-11-17
11087,IL,2024-07-25
11088,TX,2024-03-26
11089,MA,2023-05-08
11090,MA,2025-05-02
11091,CO,2023-03-28
11092,NY,2026-01-09
11093,GA,2024-06-17
11094,VA,2023-07-09
11095,WA,2025-04-03
11096,GA,2024-01-14
11097,NC,2024-03-31
11098,WA,2025-10-28
11099,MA,2023-11-14
11100,NJ,2023-11-30
11101,GA,2023-08-18
11102,MI,2024-10-25
11103,FL,2024-05-22
11104,NY,2025-02-28
11105,GA,2025-07-12
11106,VA,2025-08-26
11107,NY,2025-01-29
11108,TX,2024-03-21
11109,NC,2023-11-21
11110,NY,2025-05-26
11111,TX,2023-06-16
11112,IL,2024-08-03
11113,TX,2025-04-18
11114,MI,2026-01-14
11115,NC,2025-03-16
11116,CO,2025-02-10
11117,NJ,2025-07-16
11118,IL,2025-05-10
11119,MA,2025-08-13
11120,CA,2023-02-28
11121,TX,2024-08-28
11122,TX,2023-01-05
11123,NY,2023-03-24
11124,MA,2025-04-19
11125,GA,2024-07-02
11126,FL,2025-11-16
11127,PA,2024-06-08
11128,WA,2025-09-28
11129,TX,2024-02-18
11130,NJ,2024-12-15
11131,GA,2023-06-29
11132,AZ,2025-02-21
11133,FL,2025-06-19
11134,WA,2024-06-10
11135,CA,2023-01-01
11136,NJ,2023-09-28
11137,PA,2024-04-28
11138,MI,2025-08-13
11139,VA,2025-12-07
11140,NY,2024-11-24
11141,PA,2025-04-19
11142,VA,2024-01-08
11143,GA,2024-06-22
11144,NY,2024-10-31
11145,WA,2024-07-25
11146,VA,2023-03-07
11147,CO,2023-02-21
11148,TX,2024-04-14
11149,IL,2023-08-31
11150,FL,2023-12-03
11151,NJ,2025-01-25
11152,MA,2026-02-18
11153,NC,2024-07-07
11154,AZ,2025-12-04
11155,VA,2023-02-21
11156,TX,2024-02-17
11157,IL,2024-07-22
11158,MI,2023-01-08
11159,PA,2025-08-03
11160,MI,2023-09-04
11161,NC,2025-04-13
11162,GA,2024-02-16
11163,NJ,2025-08-09
11164,NC,2025-04-22
11165,CA,2023-08-23
11166,TX,2024-10-03
11167,NY,2024-08-10
11168,CO,2023-08-21
11169,MA,2025-01-11
11170,NY,2025-09-23
11171,IL,2023-11-06
11172,MI,2025-08-01
11173,TX,2025-06-26
11174,CO,2024-12-01
11175,NC,2024-04-22
11176,VA,2023-12-02
11177,TX,2023-02-21
11178,NC,2024-06-29
11179,AZ,2023-10-28
11180,GA,2024-10-02
11181,CA,2023-12-22
11182,WA,2025-03-30
11183,TX,2025-04-14
11184,IL,2024-08-10
11185,NC,2025-05-26
11186,NY,2024-12-31
11187,GA,2026-02-16
11188,IL,2025-01-06
11189,MA,2026-01-01
11190,WA,2025-04-03
11191,GA,2023-06-05
11192,CA,2025-02-09
11193,WA,2025-07-22
11194,NJ,2024-07-29
11195,NC,2025-11-25
11196,NJ,2023-09-05
11197,IL,2025-12-03
11198,MA,2024-03-28
11199,PA,2026-02-16
11200,FL,2024-11-23
11201,PA,2025-06-27
11202,VA,2025-07-28
11203,CA,2025-12-29
11204,MI,2025-08-04
11205,NJ,2024-03-29
11206,CO,2023-09-24
11207,NC,2024-12-31
11208,FL,2024-01-01
11209,TX,2023-03-02
11210,PA,2023-06-17
11211,MA,2023-05-12
11212,PA,2023-06-04
11213,NY,2025-02-22
11214,CO,2024-12-22
11215,AZ,2023-01-07
11216,IL,2024-06-06
11217,MA,2023-09-08
11218,AZ,2024-11-22
11219,WA,2023-04-30
11220,GA,2023-02-17
11221,WA,2025-12-28
11222,NJ,2025-01-11
11223,WA,2023-08-12
11224,TX,2024-04-01
11225,NJ,2024-12-19
11226,CA,2025-05-02
11227,NY,2025-08-06
11228,CO,2023-01-28
11229,MI,2025-05-26
11230,CA,2025-06-19
11231,MA,2025-04-28
11232,AZ,2023-04-11
11233,AZ,2023-02-27
11234,WA,2025-11-13
11235,TX,2024-02-19
11236,PA,2023-12-29
11237,PA,2024-02-25
11238,MI,2023-01-21
11239,NJ,2024-09-27
11240,MA,2024-04-08
11241,GA,2023-04-07
11242,NY,2026-01-23
11243,CO,2023-01-24
11244,GA,2024-01-15
11245,NJ,2024-01-31
11246,TX,2023-02-23
11247,NY,2025-10-10
11248,MA,2026-02-09
11249,WA,2024-02-26
11250,WA,2023-05-11
11251,NC,2024-02-24
11252,WA,2025-02-14
11253,FL,2025-02-13
11254,VA,2025-12-27
11255,WA,2025-05-24
11256,VA,2023-06-24
11257,FL,2024-04-08
11258,MI,2024-01-25
11259,VA,2025-01-17
11260,IL,2023-05-16
11261,FL,2024-02-13
11262,NY,2023-08-12
11263,GA,2024-08-23
11264,NY,2025-08-27
11265,GA,2024-09-10
11266,NC,2025-05-27
11267,IL,2023-01-09
11268,GA,2024-08-16
11269,GA,2024-08-28
11270,TX,2023-04-26
11271,CA,2023-09-02
11272,CA,2024-03-26
11273,TX,2025-11-14
11274,WA,2023-08-21
11275,VA,2024-11-15
11276,TX,2023-07-03
11277,PA,2023-09-08
11278,GA,2023-10-18
11279,GA,2025-08-06
11280,TX,2025-03-08
11281,TX,2024-09-15
11282,PA,2023-11-01
11283,AZ,2023-12-16
11284,WA,2024-04-23
11285,NY,2025-10-12
11286,IL,2023-05-10
11287,MA,2023-07-06
11288,VA,2024-10-31
11289,GA,2023-08-23
11290,MI,2023-10-05
11291,IL,2026-01-30
11292,TX,2025-02-25
11293,PA,2025-04-14
11294,WA,2023-10-01
11295,FL,2023-12-31
11296,MI,2024-04-12
11297,WA,2024-10-12
11298,CO,2025-04-05
11299,CO,2025-05-10
11300,IL,2023-07-03
11301,CA,2025-07-06
11302,CO,2023-09-29
11303,CO,2023-07-15
11304,NY,2025-02-20
11305,FL,2025-06-23
11306,PA,2023-11-27
11307,NY,2024-09-11
11308,FL,2024-05-13
11309,PA,2026-01-28
11310,VA,2023-03-22
11311,VA,2025-05-10
11312,NC,2025-10-14
11313,MA,2025-11-06
11314,GA,2023-05-06
11315,AZ,2023-05-10
11316,AZ,2023-08-02
11317,CO,2026-02-26
11318,MI,2025-08-27
11319,PA,2025-12-16
11320,GA,2024-08-20
11321,CO,2024-09-06
11322,NY,2024-02-27
11323,MA,2023-11-30
11324,NY,2024-11-18
11325,VA,2023-09-21
11326,PA,2023-05-27
11327,NJ,2023-01-12
11328,NY,2023-02-24
11329,MI,2023-08-18
11330,FL,2026-02-19
11331,CA,2025-05-10
11332,MI,2023-06-11
11333,WA,2025-03-13
11334,IL,2023-06-28
11335,GA,2025-06-23
11336,NC,2024-07-05
11337,CO,2024-12-26
11338,NY,2023-10-20
11339,CA,2024-03-11
11340,NY,2024-01-31
11341,MA,2023-06-15
11342,FL,2025-09-20
11343,NC,2025-02-22
11344,WA,2025-08-14
11345,PA,2024-02-05
11346,MA,2023-04-25
11347,TX,2023-12-17
11348,NC,2025-03-28
11349,NY,2025-05-25
11350,VA,2024-09-05
11351,MA,2023-05-11
11352,WA,2023-09-21
11353,AZ,2025-04-13
11354,MI,2023-06-30
11355,CA,2023-12-15
11356,CA,2024-04-15
11357,GA,2023-06-10
11358,WA,2023-04-24
11359,CA,2023-01-18
11360,MA,2026-02-01
11361,GA,2023-05-23
11362,NJ,2024-10-16
11363,CA,2025-08-21
11364,NC,2024-03-28
11365,AZ,2024-03-26
11366,VA,2023-03-03
11367,FL,2024-08-18
11368,AZ,2025-07-28
11369,TX,2026-02-26
11370,WA,2023-12-30
11371,MA,2025-12-26
11372,CO,2023-02-16
11373,VA,2025-08-26
11374,NY,2025-04-01
11375,MA,2024-10-21
11376,AZ,2025-01-31
11377,AZ,2026-01-23
11378,CA,2023-08-26
11379,MA,2025-03-06
11380,CO,2023-02-04
11381,NY,2025-05-19
11382,GA,2024-05-06
11383,CA,2023-09-15
11384,VA,2024-01-22
11385,IL,2023-09-27
11386,CA,2025-05-16
11387,TX,2025-12-06
11388,NJ,2024-08-28
11389,IL,2024-11-24
11390,TX,2025-08-11
11391,CO,2024-02-15
11392,WA,2025-04-24
11393,NY,2023-05-05
11394,FL,2023-07-31
11395,GA,2025-08-02
11396,FL,2025-07-08
11397,NC,2023-05-15
11398,NC,2025-02-23
11399,CO,2025-02-28
11400,WA,2023-11-11
11401,NJ,2023-10-27
11402,NJ,2023-10-06
11403,NC,2024-01-09
11404,VA,2024-12-26
11405,VA,2023-03-03
11406,AZ,2025-05-28
11407,MI,2025-12-13
11408,CA,2023-12-04
11409,MA,2025-05-26
11410,TX,2024-04-18
11411,NC,2023-04-22
11412,CO,2025-09-16
11413,AZ,2023-11-20
11414,PA,2024-09-10
11415,TX,2025-03-05
11416,CA,2025-06-01
11417,WA,2025-01-17
11418,NY,2026-01-13
11419,NJ,2024-01-07
11420,FL,2026-01-03
11421,CA,2024-08-18
11422,GA,2024-05-22
11423,IL,2023-08-16
11424,CO,2024-08-17
11425,NJ,2023-01-15
11426,FL,2025-10-01
11427,GA,2025-03-23
11428,NY,2023-06-30
11429,GA,2023-12-04
11430,PA,2025-07-14
11431,WA,2023-03-19
11432,VA,2023-08-17
11433,IL,2025-11-19
11434,TX,2024-01-09
11435,FL,2023-06-04
11436,IL,2025-03-27
11437,MA,2024-03-23
11438,CA,2025-05-18
11439,MA,2024-03-22
11440,CA,2024-03-07
11441,WA,2025-02-05
11442,IL,2026-01-09
11443,VA,2025-03-08
11444,NY,2025-09-14
11445,MI,2024-07-02
11446,MI,2025-12-13
11447,VA,2024-04-13
11448,NC,2024-01-04
11449,GA,2025-05-03
11450,AZ,2026-01-28
11451,NC,2025-09-10
11452,IL,2024-12-25
11453,MA,2025-09-08
11454,AZ,2024-08-20
11455,MI,2024-02-18
11456,NC,2023-04-03
11457,MI,2025-08-22
11458,CO,2024-07-14
11459,NJ,2025-11-28
11460,MI,2024-06-29
11461,VA,2025-02-16
11462,NC,2025-10-29
11463,CA,2023-07-07
11464,AZ,2024-08-30
11465,CO,2024-10-06
11466,FL,2024-11-05
11467,NC,2023-05-19
11468,CO,2023-10-25
11469,VA,2026-01-08
11470,MI,2023-06-28
11471,IL,2023-08-06
11472,NJ,2023-09-24
11473,GA,2024-08-13
11474,NJ,2024-11-09
11475,FL,2024-09-07
11476,NY,2025-04-29
11477,AZ,2024-12-27
11478,NY,2023-03-16
11479,WA,2025-01-06
11480,NC,2023-12-02
11481,GA,2025-03-14
11482,PA,2025-05-04
11483,TX,2023-12-29
11484,CO,2023-07-09
11485,FL,2026-02-03
11486,IL,2023-03-11
11487,NC,2024-06-05
11488,IL,2025-09-09
11489,TX,2024-05-31
11490,AZ,2023-01-28
11491,WA,2025-06-23
11492,PA,2023-04-02
11493,TX,2023-12-29
11494,NJ,2023-02-07
11495,MI,2024-10-25
11496,NJ,2024-12-04
11497,MI,2024-05-05
11498,CA,2026-02-07
11499,MA,2023-05-24
11500,FL,2025-04-13
11501,AZ,2025-12-05
11502,MA,2023-05-18
11503,TX,2024-05-04
11504,PA,2024-02-06
11505,MI,2024-08-24
11506,MI,2024-12-24
11507,NJ,2024-11-11
11508,WA,2025-07-20
11509,WA,2024-09-16
11510,MI,2023-12-07
11511,VA,2023-10-29
11512,NY,2023-04-28
11513,NJ,2023-05-31
11514,NC,2024-08-29
11515,PA,2025-02-10
11516,NY,2025-09-23
11517,FL,2024-03-12
11518,MI,2024-09-23
11519,FL,2026-01-02
11520,FL,2023-12-28
11521,IL,2023-04-06
11522,NY,2023-10-19
11523,IL,2023-01-27
11524,MA,2025-03-31
11525,NJ,2023-11-01
11526,NC,2024-12-23
11527,TX,2025-05-19
11528,NJ,2025-02-07
11529,PA,2025-09-12
11530,CO,2025-07-30
11531,NY,2023-07-24
11532,NJ,2025-05-16
11533,CO,2025-10-11
11534,VA,2024-07-31
11535,NJ,2024-10-23
11536,WA,2024-11-09
11537,NY,2023-08-08
11538,MA,2023-10-27
11539,AZ,2023-09-15
11540,NY,2024-12-15
11541,AZ,2023-08-28
11542,IL,2023-08-06
11543,NC,2024-04-09
11544,TX,2023-07-14
11545,GA,2023-09-27
11546,TX,2024-07-16
11547,NJ,2023-12-22
11548,MI,2024-06-23
11549,PA,2024-04-20
11550,PA,2024-07-18
11551,TX,2023-11-04
11552,WA,2024-09-19
11553,MA,2024-02-13
11554,AZ,2024-06-04
11555,CO,2024-04-29
11556,PA,2024-11-24
11557,NJ,2025-07-18
11558,MA,2024-10-12
11559,GA,2025-03-07
11560,WA,2023-04-21
11561,NC,2024-08-26
11562,NJ,2023-08-08
11563,MI,2025-10-25
11564,TX,2024-10-30
11565,IL,2025-06-13
11566,WA,2024-05-27
11567,PA,2023-04-29
11568,FL,2024-01-20
11569,PA,2023-09-17
11570,NY,2023-05-14
11571,MA,2023-04-12
11572,VA,2024-01-20
11573,WA,2024-03-30
11574,FL,2025-12-21
11575,PA,2025-08-17
11576,AZ,2025-06-19
11577,CO,2024-07-19
11578,GA,2023-01-07
11579,GA,2025-05-17
11580,TX,2024-05-29
11581,TX,2023-11-28
11582,WA,2024-03-20
11583,WA,2023-12-01
11584,NC,2024-10-22
11585,NY,2023-10-15
11586,CA,2025-11-01
11587,CO,2025-09-23
11588,TX,2026-02-01
11589,CA,2023-06-22
11590,CA,2023-11-17
11591,NJ,2025-12-04
11592,MI,2023-07-30
11593,NY,2025-06-25
11594,IL,2025-01-06
11595,IL,2024-02-21
11596,AZ,2023-09-21
11597,TX,2023-10-28
11598,PA,2023-04-14
11599,FL,2025-09-13
11600,PA,2023-08-09
11601,VA,2023-11-30
11602,NY,2024-02-22
11603,NY,2024-09-26
11604,MI,2025-08-18
11605,MA,2024-03-11
11606,VA,2024-01-29
11607,CA,2025-01-03
11608,MA,2023-02-12
11609,AZ,2023-07-29
11610,PA,2025-08-23
11611,AZ,2023-01-11
11612,PA,2023-08-04
11613,AZ,2023-08-13
11614,CA,2024-10-19
11615,AZ,2025-02-11
11616,IL,2023-01-16
11617,TX,2025-10-29
11618,CO,2024-05-28
11619,IL,2023-10-20
11620,NJ,2026-01-12
11621,NY,2023-02-27
11622,CO,2025-09-11
11623,WA,2025-04-30
11624,CO,2024-10-09
11625,CO,2024-04-05
11626,IL,2025-08-26
11627,NY,2026-02-22
11628,CO,2024-11-22
11629,MI,2023-10-17
11630,MI,2026-01-25
11631,NJ,2025-07-08
11632,IL,2023-09-06
11633,IL,2025-01-02
11634,CO,2024-06-08
11635,CA,2026-01-19
11636,NY,2024-12-05
11637,PA,2025-02-10
11638,PA,2024-07-29
11639,GA,2025-04-21
11640,NJ,2025-01-13
11641,PA,2023-06-16
11642,CO,2023-09-06
11643,PA,2023-12-06
11644,MA,2023-04-19
11645,MA,2025-04-09
11646,WA,2024-02-21
11647,NY,2024-03-01
11648,NJ,2025-12-03
11649,IL,2023-12-08
11650,NC,2025-09-29
11651,TX,2023-07-20
11652,FL,2024-01-13
11653,VA,2026-02-01
11654,NC,2024-04-02
11655,PA,2025-09-17
11656,NJ,2025-06-19
11657,NY,2024-09-23
11658,AZ,2025-11-17
11659,NY,2026-02-04
11660,PA,2024-06-23
11661,CO,2023-07-14
11662,CO,2025-02-10
11663,NC,2025-05-21
11664,IL,2024-11-19
11665,VA,2023-05-08
11666,WA,2023-04-16
11667,CO,2023-12-18
11668,FL,2025-04-13
11669,NJ,2023-11-10
11670,FL,2025-09-27
11671,WA,2024-01-19
11672,CA,2025-09-28
11673,CA,2023-01-17
11674,NY,2025-12-25
11675,AZ,2025-06-04
11676,CO,2026-02-10
11677,MA,2023-03-12
11678,MI,2025-12-20
11679,MI,2024-03-19
11680,NC,2025-08-26
11681,GA,2024-04-27
11682,WA,2024-05-31
11683,NY,2023-11-13
11684,MA,2025-11-10
11685,MI,2024-11-28
11686,CO,2024-12-21
11687,PA,2023-08-19
11688,MA,2025-05-13
11689,AZ,2026-01-06
11690,MA,2024-07-16
11691,PA,2025-02-07
11692,MI,2025-03-18
11693,AZ,2024-06-13
11694,WA,2023-10-17
11695,NY,2023-04-10
11696,IL,2023-05-29
11697,FL,2024-01-30
11698,NC,2024-01-11
11699,NY,2023-04-12
11700,PA,2025-02-20
11701,GA,2023-04-02
11702,MA,2024-02-15
11703,IL,2024-02-10
11704,PA,2023-01-21
11705,WA,2024-09-23
11706,TX,2023-01-19
11707,PA,2023-06-02
11708,MI,2023-10-28
11709,MI,2024-02-17
11710,NC,2023-07-21
11711,NC,2023-05-19
11712,FL,2023-01-24
11713,TX,2023-01-12
11714,PA,2023-05-15
11715,NJ,2025-07-24
11716,CO,2023-03-22
11717,TX,2025-12-29
11718,MA,2024-08-13
11719,MA,2025-09-18
11720,MA,2024-12-11
11721,VA,2025-03-07
11722,MA,2024-12-31
11723,AZ,2023-10-04
11724,NY,2023-02-18
11725,NC,2024-09-01
11726,TX,2023-10-20
11727,NC,2025-11-10
11728,GA,2024-04-16
11729,TX,2023-08-18
11730,NY,2025-04-17
11731,GA,2023-12-23
11732,VA,2024-06-24
11733,NC,2025-04-06
11734,GA,2025-07-24
11735,FL,2025-11-10
11736,AZ,2025-03-24
11737,PA,2024-10-06
11738,GA,2024-06-10
11739,TX,2025-10-18
11740,MA,2026-02-02
11741,MA,2024-09-14
11742,MI,2025-04-30
11743,NJ,2024-02-28
11744,CO,2024-09-14
11745,NC,2023-01-04
11746,MI,2024-04-13
11747,FL,2024-10-25
11748,TX,2025-06-05
11749,TX,2024-06-21
11750,MI,2023-12-26
11751,PA,2024-06-03
11752,WA,2026-01-01
11753,NJ,2026-01-06
11754,MI,2023-03-09
11755,AZ,2024-11-25
11756,CA,2023-03-26
11757,NC,2023-03-20
11758,TX,2023-01-20
11759,AZ,2023-06-05
11760,IL,2026-02-14
11761,TX,2025-05-29
11762,WA,2025-07-27
11763,GA,2023-01-28
11764,NY,2024-09-01
11765,NJ,2025-08-31
11766,NY,2024-02-23
11767,PA,2023-01-22
11768,IL,2023-09-18
11769,IL,2023-03-01
11770,NJ,2025-07-25
11771,NJ,2023-06-12
11772,CO,2026-02-11
11773,PA,2023-12-20
11774,VA,2023-07-15
11775,NJ,2025-12-04
11776,AZ,2024-09-16
11777,NY,2025-06-23
11778,GA,2023-06-28
11779,MI,2023-11-21
11780,NY,2024-01-05
11781,VA,2024-07-21
11782,CA,2025-02-17
11783,NC,2025-07-14
11784,NY,2023-04-25
11785,PA,2023-12-23
11786,MA,2023-04-25
11787,CO,2025-03-08
11788,WA,2023-11-19
11789,IL,2023-02-11
11790,PA,2026-02-16
11791,CA,2024-07-27
11792,MI,2024-03-16
11793,IL,2023-10-12
11794,PA,2023-04-14
11795,MI,2024-07-22
11796,CO,2024-04-01
11797,VA,2023-11-07
11798,TX,2024-02-11
11799,NJ,2025-04-24
11800,CA,2024-08-03
11801,NJ,2025-12-17
11802,FL,2024-12-19
11803,CA,2024-08-19
11804,AZ,2023-07-06
11805,CO,2025-06-14
11806,WA,2024-04-08
11807,CA,2023-11-26
11808,AZ,2023-12-15
11809,CO,2024-05-14
11810,GA,2024-05-04
11811,NC,2025-10-01
11812,NY,2023-10-07
11813,GA,2025-05-04
11814,CO,2025-10-01
11815,MA,2024-02-02
11816,TX,2025-12-27
11817,NY,2024-03-03
11818,MA,2024-01-10
11819,MI,2025-10-12
11820,WA,2024-09-23
11821,IL,2025-09-15
11822,FL,2024-11-27
11823,NY,2025-07-16
11824,GA,2023-03-19
11825,TX,2024-05-02
11826,PA,2025-11-27
11827,AZ,2024-07-20
11828,MA,2025-08-08
11829,AZ,2024-07-11
11830,CO,2023-06-20
11831,NY,2024-10-03
11832,AZ,2023-10-19
11833,IL,2024-08-03
11834,NJ,2024-02-26
11835,CO,2023-04-15
11836,MA,2024-07-19
11837,NJ,2025-05-29
11838,TX,2025-05-24
11839,CA,2023-09-05
11840,AZ,2025-07-15
11841,IL,2023-11-05
11842,CO,2026-02-03
11843,IL,2023-11-11
11844,WA,2024-08-31
11845,NJ,2025-08-02
11846,PA,2024-06-22
11847,CO,2023-03-13
11848,NY,2024-01-13
11849,MI,2023-05-14
11850,PA,2024-01-28
11851,MI,2025-12-23
11852,CA,2025-09-22
11853,CA,2024-02-19
11854,MI,2024-02-07
11855,AZ,2026-02-10
11856,FL,2023-03-06
11857,IL,2025-05-15
11858,VA,2024-02-05
11859,GA,2023-10-17
11860,CA,2026-01-17
11861,PA,2025-01-28
11862,CA,2025-04-23
11863,VA,2024-10-22
11864,VA,2023-12-23
11865,WA,2025-05-27
11866,NC,2025-09-24
11867,WA,2025-01-21
11868,WA,2025-01-18
11869,NC,2023-12-31
11870,IL,2023-09-24
11871,CO,2024-02-10
11872,TX,2023-05-19
11873,GA,2024-10-27
11874,VA,2026-02-03
11875,CA,2023-07-04
11876,FL,2025-02-21
11877,GA,2025-05-20
11878,MI,2024-12-03
11879,AZ,2025-06-25
11880,CO,2023-07-20
11881,NC,2024-09-09
11882,GA,2023-08-08
11883,CA,2025-05-06
11884,GA,2025-10-08
11885,TX,2025-11-18
11886,NJ,2023-03-05
11887,PA,2025-07-25
11888,NC,2026-01-24
11889,GA,2024-06-23
11890,CA,2024-05-24
11891,CA,2023-09-08
11892,GA,2023-02-08
11893,NJ,2023-03-10
11894,AZ,2023-10-04
11895,IL,2026-02-17
11896,FL,2026-01-14
11897,MA,2023-06-26
11898,WA,2025-08-28
11899,NC,2024-08-28
11900,AZ,2026-01-20
11901,MA,2023-03-22
11902,CO,2023-12-07
11903,CO,2024-02-25
11904,CA,2023-08-16
11905,CO,2024-04-17
11906,IL,2023-03-29
11907,FL,2023-07-09
11908,VA,2025-05-16
11909,AZ,2025-09-07
11910,PA,2025-09-07
11911,CO,2023-05-16
11912,TX,2023-02-09
11913,VA,2023-09-13
11914,FL,2025-08-04
11915,MI,2024-06-22
11916,IL,2025-05-07
11917,NJ,2023-05-12
11918,MA,2025-05-17
11919,FL,2025-01-10
11920,FL,2024-06-22
11921,MA,2023-10-09
11922,IL,2024-05-06
11923,VA,2023-10-07
11924,NJ,2025-06-27
11925,CO,2024-10-27
11926,CA,2024-07-08
11927,NC,2026-02-07
11928,VA,2024-04-15
11929,NJ,2024-02-16
11930,MA,2024-05-27
11931,PA,2025-05-27
11932,MA,2024-11-20
11933,NJ,2025-08-06
11934,MA,2023-03-01
11935,MA,2024-02-23
11936,NC,2025-08-14
11937,AZ,2025-04-04
11938,NC,2025-06-26
11939,CO,2025-01-02
11940,GA,2024-01-26
11941,GA,2025-01-05
11942,NY,2024-10-22
11943,VA,2023-01-27
11944,VA,2024-09-14
11945,MA,2025-06-02
11946,MA,2023-05-07
11947,FL,2023-10-08
11948,GA,2023-11-15
11949,CO,2024-03-16
11950,PA,2023-12-07
11951,CA,2024-11-24
11952,NY,2023-04-29
11953,VA,2025-02-16
11954,MI,2024-11-20
11955,VA,2024-12-13
11956,NY,2024-01-20
11957,PA,2024-05-24
11958,PA,2023-03-27
11959,NJ,2023-12-27
11960,MI,2025-10-02
11961,MI,2025-03-02
11962,CO,2026-01-13
11963,MI,2023-12-25
11964,CA,2024-12-27
11965,FL,2024-03-22
11966,NC,2026-01-04
11967,PA,2026-01-26
11968,WA,2025-12-14
11969,GA,2023-11-01
11970,MA,2025-02-09
11971,CO,2024-06-17
11972,AZ,2023-02-04
11973,NJ,2024-11-12
11974,GA,2025-10-11
11975,VA,2024-10-02
11976,MA,2026-01-28
11977,WA,2025-09-16
11978,VA,2025-01-28
11979,MI,2025-11-12
11980,WA,2023-10-11
11981,NC,2023-04-23
11982,NJ,2024-01-08
11983,IL,2023-07-16
11984,WA,2025-06-11
11985,VA,2025-04-01
11986,PA,2023-01-10
11987,NJ,2024-02-02
11988,GA,2023-06-01
11989,TX,2023-07-10
11990,TX,2023-10-04
11991,MI,2024-05-07
11992,MA,2024-05-02
11993,MA,2023-10-03
11994,IL,2023-07-09
11995,TX,2025-05-13
11996,AZ,2023-10-23
11997,VA,2023-12-07
11998,MA,2024-08-15
11999,WA,2025-06-01
12000,MA,2025-08-07
12001,NY,2023-09-15
12002,IL,2025-09-03
12003,AZ,2023-01-14
12004,CO,2025-11-03
12005,CA,2024-07-09
12006,FL,2025-10-04
12007,NJ,2023-07-29
12008,CA,2025-11-29
12009,AZ,2025-11-23
12010,CA,2025-01-16
12011,NC,2025-05-04
12012,PA,2025-04-27
12013,AZ,2025-08-08
12014,AZ,2024-10-01
12015,NJ,2024-02-12
12016,CO,2025-03-26
12017,MA,2026-01-08
12018,PA,2023-06-25
12019,NC,2025-10-11
12020,VA,2025-04-27
12021,CA,2023-11-14
12022,NJ,2024-02-14
12023,AZ,2023-09-04
12024,VA,2023-06-26
12025,NY,2025-03-21
12026,FL,2023-09-21
12027,CA,2023-06-17
12028,TX,2025-11-14
12029,CO,2024-12-03
12030,CO,2024-06-11
12031,CO,2023-01-28
12032,IL,2024-10-25
12033,IL,2024-08-02
12034,WA,2023-02-06
12035,VA,2025-06-06
12036,GA,2024-06-30
12037,FL,2024-10-07
12038,NC,2025-05-27
12039,MI,2024-11-03
12040,PA,2024-01-07
12041,PA,2025-01-05
12042,PA,2023-04-12
12043,MA,2024-04-09
12044,CA,2024-11-24
12045,MI,2024-04-24
12046,GA,2025-06-28
12047,MA,2023-08-04
12048,NC,2025-09-25
12049,PA,2024-11-30
12050,GA,2024-08-22
12051,MA,2025-10-09
12052,NY,2026-01-16
12053,MI,2023-11-30
12054,IL,2024-10-25
12055,NC,2025-02-17
12056,PA,2025-09-28
12057,NJ,2024-03-25
12058,FL,2023-08-04
12059,TX,2025-07-29
12060,NY,2024-08-08
12061,IL,2024-11-02
12062,CO,2025-10-13
12063,IL,2024-05-19
12064,GA,2024-03-13
12065,AZ,2024-04-14
12066,WA,2023-01-06
12067,NY,2023-08-07
12068,CO,2024-07-29
12069,GA,2024-05-27
12070,AZ,2025-05-18
12071,NC,2025-09-01
12072,FL,2025-02-07
12073,IL,2025-09-03
12074,MI,2024-11-16
12075,NJ,2024-09-12
12076,NC,2024-07-08
12077,CO,2024-07-03
12078,GA,2023-12-29
12079,PA,2024-08-16
12080,WA,2024-09-14
12081,PA,2024-03-09
12082,IL,2023-11-14
12083,NJ,2024-06-18
12084,FL,2025-12-18
12085,WA,2025-02-16
12086,MA,2023-05-20
12087,GA,2025-06-11
12088,NC,2024-09-19
12089,NJ,2023-06-07
12090,VA,2025-08-31
12091,IL,2023-07-15
12092,AZ,2024-12-24
12093,IL,2024-07-06
12094,CO,2025-05-11
12095,NJ,2025-06-02
12096,FL,2024-04-02
12097,TX,2025-03-30
12098,AZ,2025-12-04
12099,MA,2023-02-07
12100,WA,2024-11-06
12101,NY,2023-12-07
12102,NY,2023-10-29
12103,NJ,2024-09-26
12104,IL,2025-06-16
12105,CO,2024-09-07
12106,CA,2023-05-12
12107,MI,2025-08-02
12108,NJ,2025-06-03
12109,IL,2024-04-15
12110,PA,2023-12-15
12111,NY,2023-02-12
12112,NY,2025-02-14
12113,MA,2024-04-26
12114,NC,2023-03-19
12115,CA,2025-11-25
12116,IL,2025-03-26
12117,AZ,2025-07-16
12118,MA,2024-10-08
12119,AZ,2024-10-13
12120,CO,2025-12-14
12121,MA,2025-02-02
12122,IL,2023-10-06
12123,GA,2024-04-03
12124,VA,2024-11-22
12125,TX,2024-06-08
12126,NJ,2024-05-06
12127,IL,2023-03-15
12128,FL,2025-03-29
12129,NY,2023-06-04
12130,CA,2024-06-02
12131,PA,2024-01-10
12132,PA,2023-12-09
12133,AZ,2024-10-26
12134,CA,2023-02-13
12135,NJ,2024-07-01
12136,NC,2026-01-25
12137,TX,2023-06-14
12138,FL,2025-01-15
12139,NY,2026-01-31
12140,VA,2024-03-11
12141,PA,2024-03-22
12142,NJ,2025-10-27
12143,NJ,2026-01-22
12144,AZ,2024-03-19
12145,NJ,2024-04-23
12146,CA,2023-02-06
12147,FL,2023-04-08
12148,MI,2025-03-24
12149,MA,2025-11-10
12150,NC,2024-04-12
12151,NJ,2023-12-20
12152,IL,2023-03-13
12153,IL,2025-12-11
12154,NJ,2025-10-20
12155,GA,2025-09-16
12156,AZ,2024-04-04
12157,MI,2024-05-15
12158,NY,2024-12-17
12159,FL,2024-01-02
12160,WA,2025-11-25
12161,CA,2024-08-29
12162,CO,2024-06-11
12163,CO,2025-09-25
12164,IL,2025-01-18
12165,PA,2024-08-24
12166,WA,2024-09-11
12167,CO,2023-09-12
12168,TX,2025-07-18
12169,TX,2024-11-07
12170,NY,2025-04-15
12171,WA,2024-10-30
12172,TX,2025-11-20
12173,TX,2024-08-23
12174,MI,2024-04-30
12175,IL,2023-09-16
12176,CO,2023-09-10
12177,NY,2024-05-08
12178,FL,2026-02-04
12179,NJ,2025-02-28
12180,MA,2023-12-02
12181,CA,2023-02-22
12182,CA,2024-11-17
12183,PA,2025-12-01
12184,VA,2023-07-29
12185,NC,2025-12-01
12186,MA,2025-10-09
12187,AZ,2024-11-12
12188,MA,2025-06-12
12189,CA,2023-12-03
12190,CA,2024-12-16
12191,FL,2025-04-28
12192,WA,2024-11-05
12193,WA,2023-04-15
12194,FL,2024-12-03
12195,CO,2026-02-21
12196,MA,2026-01-27
12197,GA,2023-01-06
12198,MA,2025-03-10
12199,MI,2025-12-02
12200,NC,2024-10-14
12201,CA,2024-07-04
12202,VA,2025-07-30
12203,AZ,2024-11-04
12204,MA,2025-07-16
12205,CA,2023-11-20
12206,MA,2024-09-07
12207,NC,2025-01-26
12208,CO,2025-12-24
12209,NJ,2023-07-20
12210,GA,2023-08-30
12211,PA,2025-10-27
12212,TX,2023-01-03
12213,MI,2025-05-03
12214,FL,2025-08-25
12215,FL,2025-08-22
12216,PA,2023-11-01
12217,GA,2023-11-10
12218,VA,2024-04-22
12219,MA,2025-03-06
12220,TX,2025-06-01
12221,NC,2024-05-12
12222,WA,2023-03-12
12223,MA,2025-11-02
12224,CO,2024-02-10
12225,CA,2025-11-11
12226,PA,2025-06-13
12227,NY,2023-01-31
12228,MA,2025-12-21
12229,NJ,2023-06-11
12230,MI,2024-07-17
12231,VA,2023-06-07
12232,AZ,2023-01-13
12233,VA,2025-01-03
12234,MI,2025-01-22
12235,NY,2023-11-05
12236,MA,2023-05-28
12237,MI,2025-10-17
12238,GA,2025-12-14
12239,NJ,2025-07-15
12240,NY,2024-07-24
12241,MA,2024-10-29
12242,FL,2024-11-22
12243,NJ,2024-05-24
12244,VA,2024-08-08
12245,NY,2025-07-25
12246,VA,2023-02-14
12247,MA,2023-03-27
12248,VA,2023-09-21
12249,WA,2025-10-04
12250,CA,2023-08-04
12251,WA,2023-08-19
12252,PA,2024-10-15
12253,PA,2024-12-02
12254,TX,2024-12-07
12255,MA,2024-05-27
12256,IL,2026-02-01
12257,CO,2026-01-29
12258,VA,2023-11-01
12259,WA,2023-12-17
12260,NY,2025-03-13
12261,GA,2024-03-26
12262,AZ,2025-07-21
12263,NJ,2025-11-27
12264,CO,2025-06-20
12265,IL,2025-01-31
12266,VA,2025-01-02
12267,NC,2023-03-04
12268,MA,2024-05-19
12269,GA,2025-08-02
12270,MA,2023-09-22
12271,TX,2024-06-18
12272,IL,2026-01-07
12273,NJ,2025-08-03
12274,VA,2024-05-09
12275,NJ,2025-06-21
12276,MA,2025-02-02
12277,NY,2025-05-04
12278,TX,2023-11-27
12279,FL,2025-06-22
12280,NC,2023-10-19
12281,IL,2024-03-01
12282,CA,2023-10-22
12283,GA,2025-04-12
12284,WA,2024-05-14
12285,VA,2025-04-24
12286,PA,2024-10-14
12287,AZ,2025-11-26
12288,MA,2024-09-25
12289,GA,2025-01-19
12290,GA,2024-01-31
12291,CA,2025-11-11
12292,MI,2024-05-09
12293,CA,2025-07-14
12294,TX,2025-08-07
12295,IL,2025-11-04
12296,NY,2025-11-19
12297,NC,2025-11-18
12298,PA,2023-06-09
12299,NJ,2024-10-31
12300,CA,2024-09-11
12301,CA,2024-09-18
12302,VA,2023-09-29
12303,WA,2024-02-24
12304,FL,2025-04-29
12305,CA,2024-05-03
12306,FL,2023-06-25
12307,TX,2025-03-06
12308,NY,2025-01-31
12309,GA,2024-04-11
12310,AZ,2024-03-15
12311,MI,2025-12-15
12312,NJ,2023-09-30
12313,CA,2024-12-02
12314,MA,2025-11-10
12315,AZ,2023-06-14
12316,VA,2025-06-01
12317,FL,2025-09-18
12318,WA,2025-08-13
12319,NC,2025-06-03
12320,WA,2023-07-07
12321,CA,2023-07-27
12322,IL,2023-03-15
12323,VA,2024-11-04
12324,GA,2024-11-03
12325,NY,2024-05-04
12326,MA,2024-07-25
12327,IL,2025-11-15
12328,WA,2025-05-23
12329,FL,2024-05-29
12330,FL,2023-10-07
12331,IL,2025-03-28
12332,FL,2025-07-27
12333,WA,2025-01-29
12334,VA,2024-07-09
12335,IL,2025-11-22
12336,WA,2023-10-18
12337,MA,2025-02-23
12338,GA,2025-04-05
12339,NC,2025-12-02
12340,MA,2025-08-28
12341,MA,2025-01-11
12342,FL,2023-03-24
12343,CA,2024-10-03
12344,AZ,2023-03-24
12345,CO,2024-10-09
12346,FL,2024-09-10
12347,CA,2023-05-31
12348,WA,2025-08-01
12349,AZ,2025-05-09
12350,AZ,2023-11-15
12351,CO,2025-11-26
12352,FL,2023-04-25
12353,VA,2026-01-09
12354,PA,2024-12-05
12355,CO,2024-12-26
12356,CO,2026-01-12
12357,TX,2025-06-05
12358,GA,2025-02-16
12359,TX,2025-03-20
12360,CA,2023-06-03
12361,NY,2023-09-10
12362,MI,2024-05-16
12363,IL,2024-03-23
12364,PA,2025-07-18
12365,NC,2025-04-04
12366,NY,2025-05-03
12367,IL,2024-05-21
12368,AZ,2023-05-12
12369,CA,2023-12-17
12370,NJ,2026-01-11
12371,VA,2025-03-28
12372,CA,2023-05-06
12373,WA,2025-04-14
12374,NC,2025-06-14
12375,VA,2025-08-12
12376,NJ,2024-04-06
12377,GA,2024-09-16
12378,AZ,2023-04-15
12379,CO,2023-03-04
12380,TX,2025-08-20
12381,MI,2025-01-20
12382,TX,2023-01-26
12383,MI,2023-01-01
12384,CA,2023-04-04
12385,AZ,2025-06-01
12386,TX,2024-03-27
12387,MI,2025-11-01
12388,AZ,2023-10-25
12389,PA,2023-09-11
12390,PA,2023-07-28
12391,PA,2025-06-25
12392,VA,2023-10-11
12393,NJ,2026-02-08
12394,CA,2023-12-16
12395,CO,2026-01-08
12396,CA,2023-07-03
12397,WA,2023-07-31
12398,GA,2023-06-16
12399,MA,2025-05-24
12400,FL,2024-02-11
12401,NJ,2024-03-13
12402,GA,2026-01-15
12403,GA,2024-02-09
12404,NY,2023-10-02
12405,NC,2024-07-15
12406,NC,2023-04-22
12407,NJ,2025-03-02
12408,PA,2023-10-29
12409,IL,2023-05-16
12410,FL,2023-11-29
12411,CO,2025-10-23
12412,PA,2023-03-18
12413,NJ,2023-07-04
12414,MA,2024-07-23
12415,MA,2025-11-10
12416,NJ,2025-08-10
12417,NC,2023-10-26
12418,GA,2024-04-16
12419,VA,2024-02-14
12420,WA,2024-11-17
12421,IL,2023-06-14
12422,CA,2026-01-10
12423,IL,2024-10-19
12424,NY,2023-06-13
12425,IL,2023-04-14
12426,GA,2026-02-27
12427,CO,2024-08-18
12428,GA,2023-04-30
12429,VA,2023-09-16
12430,MI,2026-02-01
12431,NC,2023-12-30
12432,CO,2024-01-04
12433,TX,2025-08-15
12434,CO,2024-01-29
12435,IL,2024-06-13
12436,VA,2023-05-15
12437,IL,2023-02-14
12438,IL,2024-09-15
12439,TX,2025-07-13
12440,NC,2024-08-17
12441,CA,2025-02-04
12442,PA,2023-10-20
12443,AZ,2024-06-19
12444,FL,2024-09-25
12445,NC,2024-04-10
12446,PA,2023-02-18
12447,IL,2024-10-22
12448,NJ,2024-04-03
12449,PA,2024-11-27
12450,NC,2025-01-31
12451,NY,2024-02-29
12452,MA,2025-01-24
12453,MA,2025-05-26
12454,NJ,2024-10-22
12455,FL,2023-03-09
12456,FL,2024-05-23
12457,MI,2025-01-05
12458,CA,2023-07-29
12459,VA,2024-12-04
12460,NY,2023-05-04
12461,GA,2025-03-06
12462,NC,2023-10-19
12463,CO,2024-02-25
12464,CO,2025-03-22
12465,GA,2023-02-19
12466,MI,2023-07-02
12467,MA,2023-09-04
12468,VA,2026-01-16
12469,GA,2024-10-11
12470,NC,2024-07-03
12471,PA,2024-07-14
12472,NY,2023-03-13
12473,IL,2025-02-08
12474,MI,2024-07-09
12475,TX,2024-05-18
12476,NJ,2024-09-19
12477,MI,2024-10-22
12478,IL,2024-05-22
12479,TX,2025-12-30
12480,CO,2023-06-10
12481,MI,2023-05-07
12482,NJ,2024-05-04
12483,MI,2023-08-27
12484,VA,2023-06-25
12485,FL,2023-07-29
12486,PA,2023-12-25
12487,NC,2024-09-25
12488,IL,2025-11-22
12489,MI,2024-05-15
12490,GA,2023-11-08
12491,NY,2023-04-21
12492,NY,2026-03-01
12493,MA,2024-06-03
12494,MI,2025-11-18
12495,NY,2025-04-29
12496,NY,2025-07-21
12497,FL,2024-02-12
12498,GA,2024-09-15
12499,CO,2026-02-02
12500,NY,2024-12-19
12501,CO,2024-07-05
12502,FL,2025-02-18
12503,NY,2023-11-16
12504,NJ,2025-12-05
12505,NC,2024-10-28
12506,MA,2024-09-19
12507,IL,2025-11-26
12508,AZ,2026-02-07
12509,NC,2023-03-17
12510,WA,2024-09-01
12511,NJ,2024-04-23
12512,CA,2024-08-10
12513,NY,2024-08-15
12514,CO,2023-12-30
12515,CA,2023-11-05
12516,TX,2025-12-22
12517,NY,2023-09-24
12518,WA,2023-02-02
12519,FL,2023-02-09
12520,VA,2024-11-16
12521,MA,2023-09-17
12522,WA,2025-01-05
12523,CO,2023-09-24
12524,FL,2024-10-28
12525,MI,2024-09-30
12526,PA,2025-10-25
12527,IL,2025-10-17
12528,FL,2024-03-21
12529,NY,2023-10-15
12530,CA,2025-12-17
12531,AZ,2025-12-31
12532,AZ,2025-03-04
12533,CA,2026-01-10
12534,CO,2025-02-13
12535,AZ,2023-10-04
12536,FL,2025-08-20
12537,WA,2025-01-05
12538,NJ,2025-01-05
12539,CO,2023-04-24
12540,PA,2025-02-10
12541,MI,2023-06-06
12542,MA,2025-10-09
12543,VA,2023-09-12
12544,CO,2025-11-20
12545,VA,2023-04-18
12546,CO,2023-10-09
12547,IL,2024-09-12
12548,NC,2024-01-25
12549,NY,2024-06-12
12550,IL,2025-05-27
12551,AZ,2026-01-02
12552,CA,2024-03-29
12553,CA,2024-05-23
12554,NJ,2023-04-06
12555,TX,2023-07-21
12556,TX,2025-11-26
12557,NJ,2023-04-01
12558,VA,2023-08-21
12559,WA,2024-10-20
12560,CA,2025-10-07
12561,NC,2025-03-19
12562,IL,2025-06-30
12563,MA,2023-09-10
12564,NC,2024-12-24
12565,PA,2024-03-16
12566,VA,2025-09-22
12567,NJ,2023-03-05
12568,TX,2023-01-05
12569,FL,2023-03-13
12570,NC,2024-09-08
12571,NJ,2023-11-26
12572,NC,2023-12-15
12573,AZ,2023-12-31
12574,PA,2025-03-01
12575,MI,2024-02-20
12576,NC,2024-09-16
12577,AZ,2024-05-21
12578,NC,2024-06-06
12579,NC,2024-12-06
12580,TX,2023-09-07
12581,CA,2025-06-19
12582,CO,2023-09-06
12583,VA,2025-05-03
12584,NC,2024-03-23
12585,NC,2023-03-24
12586,NY,2023-12-05
12587,CA,2026-01-08
12588,AZ,2023-04-05
12589,CO,2025-06-30
12590,MA,2023-09-16
12591,MA,2023-05-02
12592,FL,2026-02-21
12593,NJ,2024-06-18
12594,GA,2025-08-10
12595,IL,2025-06-23
12596,NY,2025-08-04
12597,AZ,2023-04-02
12598,CA,2025-11-13
12599,CA,2026-02-04
12600,GA,2023-02-21
12601,FL,2024-12-11
12602,WA,2023-10-21
12603,TX,2023-10-27
12604,FL,2023-12-11
12605,PA,2023-07-13
12606,CO,2024-03-11
12607,VA,2024-01-20
12608,FL,2025-05-04
12609,GA,2025-01-20
12610,GA,2023-11-16
12611,IL,2023-08-27
12612,NY,2024-01-27
12613,PA,2024-10-09
12614,NC,2023-01-13
12615,NJ,2024-06-24
12616,MA,2024-11-20
12617,GA,2023-09-14
12618,IL,2023-04-18
12619,TX,2023-07-02
12620,AZ,2024-01-02
12621,MI,2025-10-16
12622,MA,2025-04-10
12623,WA,2025-05-11
12624,CA,2025-05-23
12625,TX,2023-06-22
12626,WA,2025-01-29
12627,MA,2025-02-09
12628,TX,2024-03-27
12629,IL,2024-04-15
12630,WA,2026-01-09
12631,VA,2023-11-17
12632,CA,2024-03-16
12633,NC,2024-02-03
12634,IL,2023-07-07
12635,AZ,2025-06-03
12636,CO,2025-04-29
12637,VA,2025-01-12
12638,VA,2025-05-11
12639,CA,2024-05-29
12640,NY,2023-06-30
12641,AZ,2024-02-14
12642,MI,2024-05-30
12643,FL,2025-06-30
12644,PA,2025-05-09
12645,NY,2025-12-31
12646,NJ,2023-07-01
12647,GA,2023-04-14
12648,NC,2023-10-14
12649,CO,2023-03-28
12650,CO,2024-01-21
12651,FL,2026-01-01
12652,WA,2024-08-25
12653,FL,2024-11-29
12654,VA,2024-03-18
12655,GA,2024-08-07
12656,VA,2023-09-11
12657,NY,2025-08-09
12658,VA,2023-12-21
12659,NJ,2024-02-14
12660,CO,2024-03-04
12661,NY,2024-04-19
12662,CA,2024-08-10
12663,NC,2025-09-03
12664,TX,2025-07-05
12665,GA,2023-12-08
12666,PA,2024-04-18
12667,TX,2024-02-01
12668,GA,2025-12-04
12669,MA,2024-11-21
12670,VA,2025-01-03
12671,NC,2025-11-06
12672,CA,2023-08-07
12673,NC,2024-08-18
12674,WA,2023-07-10
12675,GA,2024-10-05
12676,PA,2023-04-04
12677,MI,2026-01-23
12678,MI,2026-01-10
12679,TX,2023-12-06
12680,GA,2025-03-18
12681,WA,2023-12-26
12682,GA,2023-04-22
12683,NC,2023-10-30
12684,IL,2023-02-20
12685,GA,2025-03-16
12686,MA,2024-12-01
12687,MA,2024-10-22
12688,CO,2026-02-10
12689,MA,2023-02-05
12690,PA,2024-09-14
12691,GA,2024-11-13
12692,NJ,2026-01-06
12693,GA,2025-04-28
12694,IL,2025-08-17
12695,MA,2023-02-14
12696,NY,2025-05-22
12697,MI,2025-08-09
12698,GA,2024-10-15
12699,PA,2023-01-15
12700,VA,2024-10-01
12701,CA,2023-06-16
12702,CA,2023-03-04
12703,TX,2023-07-22
12704,PA,2023-10-05
12705,IL,2026-01-29
12706,WA,2025-06-13
12707,MI,2024-02-07
12708,NY,2023-12-13
12709,GA,2025-02-25
12710,AZ,2025-09-02
12711,VA,2025-04-13
12712,NC,2023-07-12
12713,AZ,2025-06-17
12714,FL,2023-06-01
12715,FL,2024-01-21
12716,WA,2025-09-15
12717,MI,2026-01-06
12718,CO,2023-06-21
12719,NC,2023-12-03
12720,FL,2025-06-10
12721,WA,2024-08-27
12722,PA,2024-05-03
12723,FL,2024-10-27
12724,AZ,2023-04-16
12725,IL,2025-05-19
12726,PA,2023-12-18
12727,TX,2025-04-27
12728,CO,2023-02-17
12729,IL,2023-01-31
12730,NC,2024-04-19
12731,WA,2024-04-21
12732,VA,2026-02-23
12733,MI,2023-08-07
12734,NY,2023-09-02
12735,NC,2024-03-18
12736,NC,2024-05-15
12737,MA,2025-06-16
12738,NY,2025-02-07
12739,CA,2023-09-12
12740,MA,2023-03-11
12741,WA,2024-03-30
12742,CA,2024-07-31
12743,MI,2025-10-22
12744,FL,2024-05-09
12745,PA,2023-11-21
12746,VA,2025-02-19
12747,FL,2024-02-07
12748,NC,2025-04-30
12749,MA,2023-05-09
12750,GA,2023-05-26
12751,NY,2026-01-24
12752,PA,2024-05-15
12753,AZ,2023-01-08
12754,CA,2023-08-08
12755,NY,2024-12-25
12756,MA,2023-04-12
12757,VA,2025-02-12
12758,NC,2023-01-02
12759,IL,2024-11-25
12760,FL,2025-02-09
12761,CA,2025-04-13
12762,VA,2025-01-09
12763,CA,2023-07-19
12764,WA,2023-01-26
12765,MI,2025-08-01
12766,CA,2023-04-12
12767,PA,2025-08-20
12768,MI,2025-05-06
12769,MA,2024-01-07
12770,VA,2023-07-16
12771,NJ,2024-05-24
12772,CA,2025-10-11
12773,CA,2025-11-19
12774,NY,2025-07-11
12775,VA,2023-10-26
12776,AZ,2023-01-21
12777,NJ,2025-11-30
12778,PA,2025-08-21
12779,NC,2025-08-24
12780,TX,2024-04-03
12781,VA,2024-05-28
12782,NJ,2025-12-03
12783,MI,2023-02-10
12784,CA,2025-04-17
12785,MI,2023-09-20
12786,GA,2024-11-15
12787,NC,2025-10-29
12788,CO,2025-12-12
12789,WA,2025-10-19
12790,VA,2023-05-08
12791,NJ,2024-06-14
12792,NY,2024-10-05
12793,WA,2024-06-08
12794,IL,2025-01-26
12795,AZ,2025-08-23
12796,MI,2025-06-12
12797,CA,2025-01-28
12798,NJ,2023-08-20
12799,FL,2025-07-21
12800,GA,2023-03-29
12801,NY,2025-02-04
12802,WA,2024-09-28
12803,CA,2023-07-20
12804,FL,2025-09-12
12805,FL,2023-12-27
12806,IL,2023-05-12
12807,NC,2023-06-26
12808,GA,2025-12-11
12809,TX,2023-01-22
12810,GA,2024-10-14
12811,IL,2025-02-21
12812,MA,2023-06-17
12813,PA,2025-11-27
12814,NC,2025-05-22
12815,NY,2025-07-28
12816,NJ,2024-09-23
12817,NC,2025-04-13
12818,AZ,2024-12-22
12819,IL,2026-01-03
12820,IL,2024-03-15
12821,NY,2023-08-31
12822,NY,2024-08-23
12823,AZ,2025-01-31
12824,NY,2024-06-26
12825,NC,2023-10-04
12826,PA,2024-07-03
12827,CA,2024-02-07
12828,WA,2024-10-11
12829,CO,2025-09-23
12830,NY,2023-03-17
12831,VA,2023-12-05
12832,MI,2025-02-03
12833,WA,2026-01-07
12834,PA,2023-02-07
12835,CO,2023-11-14
12836,NC,2024-10-01
12837,AZ,2024-10-31
12838,WA,2023-11-25
12839,NY,2024-04-20
12840,TX,2024-06-21
12841,MI,2023-12-09
12842,IL,2023-05-20
12843,NJ,2023-03-14
12844,NJ,2024-03-03
12845,WA,2025-09-09
12846,NJ,2024-08-22
12847,FL,2023-04-07
12848,FL,2024-04-22
12849,WA,2025-10-18
12850,NY,2024-05-05
12851,GA,2024-02-10
12852,NY,2024-12-15
12853,NC,2024-03-22
12854,NY,2024-11-29
12855,NC,2025-11-09
12856,AZ,2024-08-07
12857,GA,2024-03-02
12858,AZ,2025-08-11
12859,TX,2025-04-29
12860,MI,2024-08-16
12861,NC,2023-12-22
12862,MA,2023-01-27
12863,FL,2025-12-06
12864,VA,2024-03-31
12865,VA,2023-04-22
12866,IL,2025-01-16
12867,AZ,2024-01-10
12868,FL,2025-04-24
12869,NC,2023-05-06
12870,MI,2025-10-27
12871,MA,2024-07-15
12872,CA,2024-07-31
12873,TX,2023-12-28
12874,VA,2024-11-09
12875,TX,2025-09-09
12876,CA,2025-02-02
12877,IL,2025-02-13
12878,MI,2025-03-10
12879,VA,2023-10-02
12880,NJ,2024-01-31
12881,AZ,2025-06-24
12882,GA,2024-05-06
12883,CO,2024-01-12
12884,NJ,2024-10-20
12885,MA,2024-06-24
12886,NC,2025-04-18
12887,CO,2023-11-16
12888,IL,2023-08-13
12889,GA,2024-03-31
12890,TX,2024-10-12
12891,MI,2024-02-21
12892,NC,2025-03-14
12893,NC,2025-02-17
12894,GA,2025-03-08
12895,FL,2024-08-31
12896,MA,2025-03-03
12897,MI,2025-10-11
12898,VA,2025-12-16
12899,GA,2026-02-20
12900,NY,2024-08-20
12901,NY,2025-08-30
12902,GA,2023-01-06
12903,PA,2023-11-06
12904,VA,2025-02-23
12905,TX,2025-05-05
12906,GA,2025-06-23
12907,VA,2025-10-22
12908,MI,2025-02-12
12909,WA,2025-01-23
12910,IL,2025-04-02
12911,NY,2023-02-27
12912,CO,2024-06-01
12913,NJ,2023-01-30
12914,GA,2023-05-31
12915,NY,2024-07-01
12916,IL,2023-04-20
12917,IL,2026-02-18
12918,CO,2023-08-29
12919,NC,2025-11-19
12920,PA,2024-04-10
12921,WA,2024-04-09
12922,GA,2023-08-25
12923,CA,2024-01-09
12924,GA,2024-08-22
12925,NC,2024-05-30
12926,MA,2023-09-09
12927,FL,2024-07-16
12928,TX,2024-06-19
12929,AZ,2025-12-05
12930,NC,2024-09-19
12931,MI,2024-08-29
12932,NJ,2024-03-10
12933,AZ,2024-09-02
12934,IL,2023-10-03
12935,PA,2025-04-27
12936,VA,2026-01-23
12937,CA,2025-06-22
12938,TX,2024-10-28
12939,NY,2025-02-20
12940,NJ,2025-04-12
12941,VA,2024-05-18
12942,GA,2023-10-03
12943,TX,2023-11-22
12944,VA,2024-07-10
12945,NY,2024-05-27
12946,FL,2023-10-22
12947,MI,2024-01-10
12948,AZ,2023-02-25
12949,NY,2025-06-30
12950,CA,2023-01-20
12951,IL,2025-05-01
12952,MI,2024-08-13
12953,NC,2025-07-09
12954,CO,2024-01-01
12955,NC,2023-01-01
12956,NC,2025-07-01
12957,NY,2025-04-27
12958,AZ,2024-12-25
12959,GA,2025-01-29
12960,MI,2026-02-16
12961,VA,2023-08-15
12962,TX,2025-11-13
12963,CO,2024-12-02
12964,PA,2023-11-04
12965,CO,2025-08-19
12966,MI,2024-07-22
12967,TX,2026-01-17
12968,TX,2024-09-12
12969,PA,2024-10-14
12970,MI,2025-03-07
12971,IL,2024-04-24
12972,CA,2025-06-20
12973,FL,2025-06-15
12974,CA,2025-07-08
12975,AZ,2024-08-08
12976,TX,2023-09-19
12977,GA,2024-02-08
12978,AZ,2024-11-25
12979,AZ,2025-02-24
12980,WA,2023-10-04
12981,PA,2024-11-07
12982,WA,2023-08-05
12983,NJ,2023-07-09
12984,FL,2025-11-07
12985,TX,2025-01-13
12986,WA,2023-08-31
12987,MI,2023-02-22
12988,AZ,2024-07-15
12989,NJ,2025-02-10
12990,FL,2023-11-15
12991,CO,2024-12-07
12992,FL,2023-09-05
12993,NJ,2023-06-26
12994,PA,2023-01-13
12995,CO,2023-10-16
12996,IL,2024-03-06
12997,MI,2024-07-29
12998,AZ,2023-02-03
12999,PA,2024-10-02
13000,NJ,2023-05-13
13001,WA,2025-06-15
13002,FL,2025-09-08
13003,FL,2024-02-05
13004,PA,2024-08-28
13005,FL,2024-09-02
13006,NJ,2025-12-19
13007,VA,2024-10-02
13008,VA,2023-05-12
13009,GA,2024-01-28
13010,FL,2025-03-23
13011,PA,2025-07-16
13012,GA,2024-08-03
13013,VA,2023-01-14
13014,NC,2024-03-10
13015,IL,2024-04-18
13016,NC,2023-05-31
13017,VA,2024-04-14
13018,MA,2024-02-15
13019,PA,2023-12-11
13020,NC,2025-03-14
13021,TX,2024-06-27
13022,CO,2026-01-01
13023,TX,2023-07-13
13024,CA,2025-07-26
13025,VA,2024-09-20
13026,VA,2024-03-05
13027,NC,2023-08-05
13028,PA,2025-10-17
13029,WA,2025-08-27
13030,NY,2024-04-29
13031,NC,2024-08-23
13032,AZ,2023-12-26
13033,IL,2024-10-30
13034,VA,2024-02-25
13035,NC,2024-08-03
13036,GA,2025-02-20
13037,CA,2024-05-31
13038,AZ,2023-08-31
13039,VA,2024-09-21
13040,FL,2025-10-13
13041,MI,2023-06-21
13042,CA,2024-10-16
13043,CA,2025-02-07
13044,CO,2024-04-04
13045,AZ,2026-01-06
13046,AZ,2024-06-15
13047,VA,2023-10-18
13048,AZ,2024-10-20
13049,NJ,2025-05-01
13050,MI,2024-07-07
13051,NY,2024-03-03
13052,CA,2024-04-15
13053,NJ,2025-05-15
13054,CO,2024-05-27
13055,FL,2023-11-20
13056,TX,2023-09-12
13057,VA,2024-12-21
13058,PA,2024-08-12
13059,FL,2023-02-20
13060,AZ,2025-03-10
13061,NJ,2023-04-10
13062,WA,2024-04-08
13063,CA,2024-05-13
13064,MI,2025-07-03
13065,AZ,2023-08-25
13066,NJ,2024-04-16
13067,CA,2023-06-06
13068,TX,2023-10-25
13069,IL,2025-11-03
13070,CA,2023-04-26
13071,AZ,2023-05-19
13072,NJ,2023-03-16
13073,PA,2025-03-25
13074,MI,2025-11-13
13075,NY,2024-02-10
13076,MI,2025-08-08
13077,PA,2024-07-20
13078,AZ,2023-11-22
13079,MA,2023-11-25
13080,AZ,2023-03-30
13081,AZ,2023-01-15
13082,CA,2024-09-25
13083,VA,2023-06-27
13084,AZ,2023-09-26
13085,MI,2026-02-02
13086,MA,2023-12-05
13087,MI,2024-01-27
13088,FL,2023-05-21
13089,NC,2023-06-18
13090,AZ,2025-11-06
13091,IL,2023-01-05
13092,AZ,2024-09-10
13093,CO,2025-02-07
13094,GA,2024-11-10
13095,IL,2024-04-07
13096,PA,2024-01-17
13097,NJ,2024-04-26
13098,VA,2024-09-16
13099,MI,2024-04-20
13100,AZ,2024-04-09
13101,GA,2024-05-08
13102,FL,2024-06-18
13103,IL,2024-09-22
13104,CO,2023-10-09
13105,GA,2025-04-10
13106,TX,2024-03-05
13107,NY,2024-08-03
13108,IL,2025-05-07
13109,FL,2023-09-10
13110,CA,2024-07-16
13111,CO,2025-12-02
13112,GA,2024-06-20
13113,AZ,2025-06-16
13114,GA,2023-09-27
13115,NY,2024-09-07
13116,GA,2025-07-24
13117,MA,2023-10-22
13118,WA,2025-06-01
13119,MA,2024-04-16
13120,VA,2025-03-27
13121,GA,2023-02-14
13122,CO,2025-03-09
13123,IL,2025-05-29
13124,VA,2024-11-08
13125,FL,2023-07-26
13126,VA,2026-02-05
13127,MI,2025-07-24
13128,CA,2024-03-17
13129,IL,2025-12-24
13130,TX,2023-09-24
13131,IL,2024-02-03
13132,IL,2023-08-12
13133,AZ,2024-10-26
13134,FL,2025-07-23
13135,NY,2023-08-14
13136,MI,2023-07-19
13137,GA,2024-05-18
13138,NY,2023-01-11
13139,TX,2025-06-27
13140,NC,2025-04-16
13141,CA,2025-09-05
13142,MA,2023-10-04
13143,MI,2025-10-23
13144,CA,2025-07-17
13145,NJ,2025-02-28
13146,GA,2023-01-05
13147,NJ,2024-06-04
13148,NJ,2023-10-07
13149,CA,2025-08-29
13150,WA,2023-11-13
13151,MA,2023-05-07
13152,TX,2023-10-31
13153,GA,2025-01-18
13154,CO,2024-12-31
13155,VA,2024-05-04
13156,MI,2024-03-12
13157,TX,2025-11-27
13158,MI,2024-04-27
13159,WA,2025-09-18
13160,MA,2023-11-11
13161,PA,2026-01-25
13162,AZ,2025-07-27
13163,FL,2023-01-17
13164,WA,2025-07-28
13165,TX,2025-09-06
13166,GA,2024-03-22
13167,NC,2023-10-06
13168,GA,2024-03-27
13169,MA,2024-10-27
13170,NC,2024-08-28
13171,NY,2023-01-29
13172,MA,2025-10-30
13173,MA,2025-03-12
13174,NJ,2023-04-11
13175,WA,2024-10-14
13176,GA,2023-03-28
13177,VA,2024-04-14
13178,PA,2024-10-01
13179,NJ,2026-01-10
13180,TX,2023-04-29
13181,FL,2025-02-26
13182,CA,2024-01-12
13183,IL,2024-03-03
13184,FL,2024-12-20
13185,CA,2023-11-10
13186,NY,2023-08-31
13187,MI,2025-09-11
13188,TX,2024-09-18
13189,GA,2023-01-16
13190,VA,2024-05-30
13191,CO,2023-09-23
13192,MA,2024-07-13
13193,VA,2025-01-04
13194,MI,2024-12-16
13195,NJ,2023-01-20
13196,PA,2025-04-07
13197,AZ,2023-01-11
13198,FL,2025-11-09
13199,CA,2023-10-06
13200,CO,2025-06-13
13201,FL,2023-11-29
13202,TX,2025-02-16
13203,GA,2025-01-13
13204,NC,2023-02-07
13205,FL,2025-08-31
13206,FL,2026-01-11
13207,AZ,2023-02-01
13208,GA,2025-12-13
13209,VA,2025-01-06
13210,PA,2024-09-10
13211,NJ,2025-09-11
13212,PA,2025-06-28
13213,AZ,2023-02-14
13214,NY,2024-09-21
13215,AZ,2023-10-21
13216,PA,2026-02-22
13217,WA,2023-12-10
13218,MI,2025-09-27
13219,FL,2025-06-10
13220,GA,2024-02-27
13221,PA,2023-06-16
13222,WA,2023-09-26
13223,GA,2025-07-18
13224,NJ,2026-02-21
13225,GA,2025-12-17
13226,AZ,2025-05-29
13227,NY,2023-02-28
13228,AZ,2024-03-25
13229,MI,2023-08-05
13230,GA,2023-09-01
13231,TX,2023-04-13
13232,FL,2024-05-31
13233,CA,2023-09-21
13234,AZ,2023-08-29
13235,CA,2025-05-10
13236,CA,2025-01-03
13237,GA,2025-07-19
13238,NJ,2024-03-30
13239,CO,2025-09-12
13240,WA,2024-06-27
13241,WA,2025-05-14
13242,GA,2024-01-09
13243,TX,2025-11-13
13244,TX,2024-01-09
13245,MA,2025-08-18
13246,GA,2024-10-01
13247,IL,2023-04-22
13248,AZ,2024-05-07
13249,NY,2023-10-21
13250,CA,2024-02-26
13251,NY,2023-05-29
13252,AZ,2023-05-31
13253,AZ,2023-06-17
13254,CA,2026-01-10
13255,NC,2023-03-11
13256,NC,2024-03-01
13257,GA,2024-06-08
13258,MI,2023-07-31
13259,NC,2023-04-12
13260,MI,2023-11-29
13261,PA,2023-07-24
13262,AZ,2023-08-17
13263,VA,2026-01-27
13264,CO,2025-08-11
13265,MI,2024-04-04
13266,MA,2024-07-08
13267,MI,2025-06-08
13268,TX,2024-09-27
13269,CO,2025-11-09
13270,NY,2025-07-19
13271,NY,2023-11-07
13272,NJ,2025-04-21
13273,NC,2024-11-10
13274,TX,2025-09-22
13275,MA,2023-03-20
13276,CA,2023-09-03
13277,CO,2025-02-21
13278,PA,2024-04-16
13279,MA,2026-01-27
13280,FL,2023-11-18
13281,AZ,2023-05-21
13282,MI,2026-02-06
13283,WA,2023-11-09
13284,NC,2026-02-18
13285,VA,2023-04-09
13286,CA,2024-05-08
13287,FL,2023-04-20
13288,MI,2024-04-28
13289,CA,2023-05-10
13290,CA,2025-04-19
13291,NC,2024-05-20
13292,CA,2025-02-07
13293,MA,2023-07-29
13294,MA,2023-12-27
13295,FL,2023-06-03
13296,MI,2024-06-16
13297,VA,2023-11-06
13298,PA,2024-04-18
13299,NY,2025-01-05
13300,PA,2024-09-27
13301,TX,2025-05-25
13302,CO,2023-10-27
13303,VA,2023-12-07
13304,CO,2025-10-24
13305,NJ,2024-09-26
13306,NJ,2024-07-07
13307,IL,2024-02-24
13308,MI,2025-01-06
13309,NC,2024-01-24
13310,GA,2023-01-11
13311,NJ,2024-08-30
13312,PA,2023-10-05
13313,GA,2025-10-14
13314,FL,2026-01-14
13315,PA,2023-08-19
13316,CA,2023-05-18
13317,CA,2025-09-23
13318,MI,2024-06-14
13319,PA,2024-08-29
13320,NC,2025-11-06
13321,MI,2025-03-02
13322,WA,2023-03-22
13323,AZ,2024-11-27
13324,VA,2023-08-01
13325,NY,2023-07-25
13326,MI,2025-06-18
13327,IL,2025-01-17
13328,MA,2025-05-26
13329,CA,2024-08-04
13330,IL,2024-01-30
13331,CO,2023-12-03
13332,PA,2025-03-09
13333,WA,2025-02-19
13334,AZ,2023-10-06
13335,PA,2023-09-06
13336,MA,2025-04-12
13337,NC,2025-11-19
13338,IL,2025-06-30
13339,FL,2025-07-27
13340,MI,2026-02-28
13341,MI,2024-06-07
13342,MA,2024-04-04
13343,NC,2024-01-30
13344,GA,2024-02-17
13345,NC,2023-04-27
13346,NC,2023-04-19
13347,VA,2023-08-24
13348,MA,2025-04-05
13349,PA,2025-10-06
13350,AZ,2025-06-27
13351,WA,2024-01-31
13352,MA,2025-09-03
13353,TX,2023-01-01
13354,NY,2023-01-08
13355,NJ,2023-05-24
13356,MI,2023-10-02
13357,WA,2023-10-14
13358,FL,2024-05-04
13359,WA,2024-09-24
13360,CO,2024-12-29
13361,PA,2023-01-31
13362,FL,2025-08-21
13363,MI,2023-09-01
13364,GA,2023-05-20
13365,MA,2024-02-05
13366,NC,2024-12-25
13367,VA,2025-09-08
13368,PA,2023-06-13
13369,MA,2023-04-14
13370,MI,2023-03-04
13371,VA,2023-01-15
13372,VA,2023-06-28
13373,CO,2024-03-16
13374,PA,2024-06-08
13375,IL,2024-12-27
13376,CO,2023-11-07
13377,TX,2025-01-07
13378,NC,2023-05-10
13379,NC,2025-08-25
13380,AZ,2025-07-15
13381,CA,2025-11-14
13382,IL,2025-10-08
13383,CA,2024-03-24
13384,GA,2023-06-09
13385,AZ,2024-11-18
13386,NY,2025-04-27
13387,NJ,2024-05-04
13388,NY,2023-10-07
13389,MA,2023-03-22
13390,NY,2026-02-22
13391,NC,2023-06-19
13392,CO,2026-01-18
13393,IL,2024-01-15
13394,AZ,2025-05-09
13395,MA,2023-04-21
13396,MA,2023-06-13
13397,IL,2024-02-19
13398,NC,2024-10-01
13399,NJ,2023-06-04
13400,GA,2023-07-13
13401,VA,2024-11-15
13402,GA,2025-04-04
13403,MI,2023-01-21
13404,MA,2025-04-02
13405,GA,2025-10-19
13406,VA,2023-04-19
13407,NC,2024-02-03
13408,TX,2025-07-18
13409,TX,2025-05-21
13410,CA,2023-05-09
13411,WA,2023-10-07
13412,MI,2024-03-02
13413,FL,2025-11-16
13414,NY,2025-06-23
13415,GA,2023-12-10
13416,TX,2024-08-26
13417,MI,2023-07-15
13418,CO,2025-06-11
13419,IL,2025-01-02
13420,AZ,2023-06-05
13421,VA,2024-03-15
13422,WA,2023-04-11
13423,CA,2025-01-17
13424,FL,2024-05-14
13425,TX,2025-12-28
13426,CA,2024-01-21
13427,PA,2023-05-18
13428,MI,2023-09-05
13429,WA,2023-04-13
13430,IL,2024-05-24
13431,NY,2024-12-27
13432,MI,2023-03-28
13433,AZ,2025-05-29
13434,TX,2025-07-19
13435,NJ,2025-10-03
13436,AZ,2025-10-10
13437,MI,2023-09-15
13438,IL,2023-09-30
13439,FL,2025-05-12
13440,GA,2025-04-27
13441,WA,2025-11-13
13442,FL,2025-04-04
13443,NY,2024-08-17
13444,IL,2024-02-04
13445,NC,2023-12-19
13446,NY,2025-03-14
13447,PA,2023-01-10
13448,VA,2025-12-02
13449,MA,2025-12-10
13450,TX,2024-12-19
13451,GA,2023-04-17
13452,NJ,2025-02-09
13453,WA,2024-05-04
13454,CO,2024-11-05
13455,NJ,2024-04-19
13456,IL,2024-08-03
13457,AZ,2025-04-26
13458,PA,2024-04-04
13459,NC,2024-02-29
13460,CO,2023-11-25
13461,VA,2025-02-05
13462,VA,2024-05-20
13463,NJ,2024-09-19
13464,PA,2024-04-22
13465,TX,2023-01-14
13466,TX,2025-06-08
13467,WA,2024-12-27
13468,NJ,2026-01-21
13469,NC,2025-10-07
13470,TX,2025-01-15
13471,CO,2023-06-29
13472,NC,2024-07-19
13473,VA,2023-11-01
13474,PA,2024-04-19
13475,AZ,2025-06-17
13476,CO,2024-06-07
13477,NY,2026-02-08
13478,PA,2024-02-25
13479,FL,2024-02-15
13480,NC,2024-11-11
13481,VA,2024-09-07
13482,CA,2024-06-06
13483,FL,2023-11-25
13484,PA,2023-09-29
13485,VA,2023-01-14
13486,VA,2023-06-24
13487,NJ,2023-06-07
13488,VA,2024-09-13
13489,FL,2023-08-22
13490,NC,2023-05-21
13491,GA,2023-04-29
13492,MI,2024-01-17
13493,TX,2024-11-19
13494,MI,2023-02-18
13495,NY,2023-05-29
13496,GA,2023-06-06
13497,GA,2024-08-26
13498,CA,2023-06-01
13499,IL,2024-01-11
13500,NC,2024-11-12
13501,CO,2024-08-18
13502,TX,2025-12-07
13503,NJ,2024-08-11
13504,GA,2025-10-19
13505,NY,2025-02-14
13506,IL,2024-09-23
13507,CA,2023-09-19
13508,VA,2025-04-21
13509,MA,2025-12-11
13510,TX,2024-05-03
13511,MA,2023-09-08
13512,FL,2023-11-10
13513,GA,2025-12-15
13514,WA,2025-01-22
13515,TX,2025-10-03
13516,MI,2023-06-13
13517,CO,2025-09-01
13518,IL,2023-05-13
13519,NY,2023-03-22
13520,TX,2023-12-16
13521,CO,2023-05-14
13522,MI,2025-09-01
13523,NC,2025-12-11
13524,MA,2024-05-08
13525,NC,2023-07-21
13526,IL,2024-12-10
13527,AZ,2024-09-09
13528,CA,2025-01-25
13529,GA,2025-08-30
13530,TX,2025-11-03
13531,AZ,2023-06-14
13532,WA,2024-07-14
13533,MA,2024-08-04
13534,MI,2023-04-29
13535,MA,2024-11-23
13536,TX,2023-12-01
13537,MI,2024-09-28
13538,FL,2023-08-19
13539,NC,2023-11-07
13540,MA,2023-01-03
13541,CO,2024-11-15
13542,NY,2023-03-22
13543,GA,2024-01-23
13544,MA,2025-04-06
13545,VA,2023-08-07
13546,CO,2024-10-13
13547,IL,2023-03-04
13548,IL,2024-03-15
13549,GA,2025-11-16
13550,FL,2024-12-08
13551,NJ,2023-07-29
13552,NJ,2025-11-11
13553,WA,2025-11-08
13554,GA,2024-05-23
13555,CA,2024-11-04
13556,FL,2024-10-12
13557,MA,2025-06-06
13558,NJ,2023-02-06
13559,MI,2024-02-11
13560,GA,2024-02-28
13561,MI,2024-11-13
13562,AZ,2023-12-04
13563,VA,2025-07-07
13564,NJ,2025-02-05
13565,PA,2024-10-13
13566,VA,2025-08-05
13567,NC,2025-12-17
13568,IL,2024-01-11
13569,PA,2024-02-11
13570,CO,2023-02-25
13571,VA,2024-04-19
13572,GA,2023-01-17
13573,NC,2024-03-08
13574,FL,2023-08-25
13575,CA,2023-11-03
13576,AZ,2024-03-08
13577,CO,2023-01-24
13578,NY,2025-10-10
13579,NJ,2024-11-11
13580,CA,2025-08-09
13581,VA,2024-02-19
13582,MA,2025-01-22
13583,PA,2024-02-20
13584,NC,2025-05-25
13585,GA,2025-03-20
13586,NJ,2025-06-08
13587,MI,2024-11-07
13588,PA,2024-02-04
13589,PA,2025-05-02
13590,GA,2023-05-21
13591,TX,2024-01-13
13592,IL,2026-02-17
13593,MA,2024-03-25
13594,AZ,2025-06-06
13595,NC,2026-02-02
13596,GA,2025-04-29
13597,MI,2023-04-02
13598,NY,2024-04-29
13599,CO,2024-02-25
13600,AZ,2024-12-16
13601,MA,2024-07-05
13602,FL,2025-06-22
13603,NY,2025-12-13
13604,CO,2024-08-23
13605,NJ,2026-01-25
13606,WA,2023-07-04
13607,IL,2025-08-22
13608,AZ,2026-02-22
13609,NJ,2025-05-01
13610,MA,2023-07-10
13611,MI,2023-07-18
13612,MI,2023-12-10
13613,NC,2023-06-23
13614,CA,2023-08-05
13615,CO,2023-06-23
13616,FL,2023-03-19
13617,VA,2024-07-29
13618,GA,2025-04-20
13619,CA,2024-03-12
13620,NJ,2023-07-18
13621,NY,2024-08-24
13622,AZ,2025-10-27
13623,IL,2025-09-30
13624,NJ,2024-09-25
13625,NC,2024-09-19
13626,NJ,2024-06-08
13627,AZ,2025-08-20
13628,CA,2025-11-09
13629,FL,2023-09-11
13630,CO,2024-08-20
13631,MI,2024-07-26
13632,NC,2025-06-11
13633,WA,2023-08-03
13634,VA,2025-06-02
13635,GA,2024-08-24
13636,NJ,2024-07-21
13637,NJ,2024-08-28
13638,IL,2024-07-05
13639,CA,2023-12-03
13640,IL,2023-11-15
13641,IL,2024-04-10
13642,VA,2024-12-29
13643,IL,2025-06-18
13644,CO,2023-12-17
13645,MI,2025-12-21
13646,IL,2025-08-07
13647,WA,2023-07-09
13648,MI,2025-12-19
13649,NJ,2024-11-17
13650,NY,2023-03-14
13651,FL,2024-02-20
13652,AZ,2023-06-28
13653,MI,2025-12-26
13654,NC,2023-03-18
13655,WA,2023-09-05
13656,NC,2024-12-07
13657,FL,2025-09-14
13658,NY,2023-03-09
13659,MA,2025-04-29
13660,NC,2026-01-27
13661,NC,2024-08-10
13662,NY,2025-04-22
13663,CA,2025-02-19
13664,AZ,2025-05-31
13665,WA,2024-12-22
13666,PA,2023-11-20
13667,VA,2026-02-20
13668,CA,2025-11-22
13669,CA,2024-10-16
13670,MI,2023-05-25
13671,CA,2025-02-12
13672,IL,2023-11-06
13673,GA,2023-05-24
13674,NC,2025-07-30
13675,VA,2024-10-25
13676,NJ,2025-06-11
13677,PA,2024-05-31
13678,CA,2023-07-14
13679,WA,2025-03-28
13680,MI,2024-12-29
13681,GA,2026-02-10
13682,AZ,2024-04-20
13683,GA,2024-03-09
13684,CA,2024-02-21
13685,CO,2024-12-11
13686,CA,2023-05-18
13687,MI,2025-03-19
13688,CO,2023-05-14
13689,CA,2025-02-22
13690,PA,2025-03-02
13691,WA,2025-01-03
13692,CO,2024-01-12
13693,IL,2024-01-30
13694,GA,2024-04-14
13695,CA,2025-02-09
13696,GA,2026-02-17
13697,CA,2023-01-19
13698,NC,2025-03-18
13699,NC,2023-09-04
13700,TX,2025-12-26
13701,CA,2023-12-08
13702,TX,2023-12-11
13703,PA,2025-07-12
13704,NJ,2024-01-22
13705,VA,2023-12-08
13706,NY,2023-04-18
13707,NY,2024-11-07
13708,GA,2024-09-24
13709,CO,2025-09-24
13710,CA,2024-08-18
13711,PA,2026-02-04
13712,AZ,2024-08-07
13713,FL,2024-04-21
13714,VA,2023-12-03
13715,CA,2023-11-09
13716,CA,2024-08-31
13717,PA,2025-02-28
13718,PA,2024-08-16
13719,FL,2023-10-27
13720,NY,2024-11-22
13721,TX,2024-12-28
13722,NJ,2023-08-24
13723,GA,2025-08-22
13724,NY,2025-06-15
13725,FL,2023-07-30
13726,CA,2023-10-13
13727,NY,2024-02-27
13728,WA,2024-05-08
13729,AZ,2025-10-14
13730,NC,2025-04-16
13731,MI,2025-02-05
13732,CA,2023-12-11
13733,NJ,2024-06-06
13734,MA,2025-03-29
13735,FL,2023-11-15
13736,IL,2025-10-13
13737,CO,2024-11-25
13738,VA,2024-08-12
13739,IL,2024-09-26
13740,AZ,2023-07-27
13741,NY,2023-07-05
13742,CA,2025-09-03
13743,CO,2023-01-17
13744,CO,2023-09-11
13745,GA,2025-08-28
13746,IL,2024-09-02
13747,PA,2024-03-21
13748,CA,2025-09-22
13749,AZ,2025-06-02
13750,GA,2026-02-11
13751,PA,2026-01-25
13752,VA,2025-09-09
13753,MI,2024-05-20
13754,AZ,2023-11-24
13755,TX,2023-12-15
13756,NJ,2023-11-03
13757,IL,2023-07-18
13758,NC,2026-02-21
13759,VA,2024-08-29
13760,NC,2024-09-02
13761,MI,2025-07-09
13762,NJ,2023-08-23
13763,PA,2025-02-23
13764,AZ,2025-04-21
13765,MI,2025-11-07
13766,GA,2025-08-16
13767,NJ,2024-01-16
13768,VA,2026-02-17
13769,TX,2025-02-06
13770,WA,2023-04-06
13771,VA,2023-01-31
13772,AZ,2023-04-07
13773,WA,2024-12-05
13774,NC,2025-12-05
13775,MA,2023-08-24
13776,FL,2023-12-03
13777,NJ,2024-11-04
13778,FL,2023-10-12
13779,MA,2023-05-14
13780,GA,2025-02-07
13781,MI,2024-11-25
13782,NJ,2024-06-22
13783,FL,2023-09-17
13784,FL,2024-05-17
13785,IL,2024-08-14
13786,IL,2025-06-14
13787,MA,2025-10-18
13788,MI,2023-03-25
13789,CA,2024-02-14
13790,VA,2023-11-24
13791,NJ,2023-12-12
13792,AZ,2025-07-11
13793,TX,2023-04-07
13794,GA,2024-09-28
13795,IL,2023-07-02
13796,IL,2025-03-24
13797,WA,2025-06-14
13798,NJ,2024-10-22
13799,TX,2025-08-02
13800,NJ,2025-03-12
13801,WA,2024-01-13
13802,AZ,2026-01-15
13803,CA,2024-11-10
13804,TX,2023-03-31
13805,FL,2024-05-02
13806,WA,2025-03-30
13807,NC,2025-05-12
13808,GA,2025-01-12
13809,FL,2026-01-17
13810,TX,2024-03-21
13811,NC,2025-05-13
13812,CA,2025-11-06
13813,VA,2024-11-16
13814,NC,2025-10-24
13815,IL,2023-10-08
13816,MA,2025-08-26
13817,NC,2024-06-16
13818,MI,2024-08-27
13819,CO,2024-04-22
13820,PA,2023-03-30
13821,CA,2026-02-10
13822,PA,2024-09-01
13823,FL,2023-05-22
13824,NJ,2024-10-23
13825,WA,2024-07-13
13826,NY,2023-02-20
13827,CA,2023-07-27
13828,CO,2024-06-06
13829,IL,2024-12-09
13830,WA,2025-03-18
13831,VA,2023-03-22
13832,GA,2024-02-13
13833,VA,2025-08-31
13834,NJ,2025-06-09
13835,VA,2024-11-12
13836,NJ,2023-03-27
13837,NY,2023-04-14
13838,NC,2024-04-04
13839,PA,2025-01-09
13840,CO,2024-04-05
13841,NJ,2026-02-18
13842,AZ,2024-03-15
13843,NC,2024-07-22
13844,VA,2025-05-18
13845,GA,2024-07-03
13846,CA,2023-08-17
13847,MA,2026-02-28
13848,CO,2023-06-20
13849,TX,2023-02-04
13850,AZ,2023-12-07
13851,FL,2024-07-23
13852,VA,2024-06-20
13853,TX,2024-06-27
13854,MA,2023-12-22
13855,GA,2025-01-14
13856,TX,2025-10-16
13857,VA,2024-06-16
13858,IL,2024-01-08
13859,CO,2025-10-12
13860,IL,2023-01-14
13861,NY,2023-08-03
13862,VA,2024-06-19
13863,MA,2025-11-09
13864,NY,2025-07-16
13865,NY,2024-03-11
13866,NY,2025-09-17
13867,NJ,2025-12-11
13868,MI,2023-12-23
13869,CA,2024-12-19
13870,AZ,2025-05-21
13871,NJ,2024-08-29
13872,CA,2025-02-16
13873,AZ,2023-11-22
13874,MA,2024-06-10
13875,MI,2024-11-17
13876,VA,2023-08-07
13877,AZ,2024-06-05
13878,AZ,2024-02-09
13879,MI,2025-11-08
13880,AZ,2024-08-02
13881,PA,2025-02-28
13882,WA,2023-10-21
13883,NJ,2023-01-15
13884,TX,2023-11-22
13885,CA,2025-08-28
13886,NJ,2023-06-07
13887,NC,2026-02-01
13888,IL,2025-06-18
13889,NJ,2025-03-16
13890,CA,2023-05-27
13891,GA,2024-05-28
13892,NY,2025-12-27
13893,CA,2024-05-18
13894,MI,2025-12-28
13895,PA,2024-02-17
13896,MA,2025-12-23
13897,IL,2024-08-14
13898,IL,2025-02-04
13899,AZ,2023-08-25
13900,WA,2024-01-31
13901,NJ,2023-05-12
13902,FL,2023-08-14
13903,NJ,2023-04-28
13904,FL,2024-09-29
13905,TX,2023-12-05
13906,NC,2024-02-23
13907,CO,2024-04-06
13908,MA,2024-11-06
13909,GA,2024-12-18
13910,CA,2026-02-01
13911,MA,2023-04-24
13912,NC,2024-07-16
13913,FL,2023-11-02
13914,MA,2024-09-14
13915,VA,2023-02-24
13916,PA,2024-06-07
13917,CA,2024-03-09
13918,WA,2023-07-09
13919,TX,2024-01-24
13920,WA,2024-10-28
13921,FL,2023-12-12
13922,NY,2023-09-22
13923,NJ,2025-05-21
13924,FL,2026-02-01
13925,TX,2023-05-21
13926,VA,2025-01-18
13927,CA,2024-07-09
13928,PA,2023-08-27
13929,NC,2026-01-26
13930,CO,2025-04-15
13931,MI,2025-08-27
13932,WA,2024-07-18
13933,FL,2024-09-12
13934,NC,2023-09-14
13935,PA,2025-10-31
13936,WA,2023-06-27
13937,FL,2025-09-09
13938,TX,2024-02-01
13939,WA,2024-06-20
13940,FL,2024-09-29
13941,MI,2023-09-23
13942,CA,2025-09-11
13943,PA,2026-01-29
13944,TX,2024-02-08
13945,NC,2023-05-19
13946,MI,2023-03-10
13947,NC,2025-03-15
13948,CO,2023-06-26
13949,MA,2024-06-28
13950,NY,2023-10-28
13951,CA,2025-10-11
13952,TX,2024-10-07
13953,WA,2024-02-03
13954,NC,2025-01-26
13955,MI,2024-07-26
13956,NJ,2023-02-25
13957,PA,2024-01-17
13958,CA,2024-04-15
13959,TX,2024-09-26
13960,TX,2025-01-12
13961,WA,2023-02-04
13962,TX,2025-09-02
13963,VA,2023-01-21
13964,GA,2023-09-22
13965,CA,2024-04-01
13966,FL,2026-02-17
13967,VA,2025-08-07
13968,VA,2024-01-18
13969,NC,2024-06-18
13970,NC,2025-11-28
13971,FL,2025-09-10
13972,CA,2025-11-11
13973,AZ,2023-02-16
13974,NY,2025-01-15
13975,NJ,2024-06-22
13976,CA,2025-12-07
13977,IL,2024-11-09
13978,TX,2025-09-10
13979,MA,2026-01-09
13980,WA,2023-02-14
13981,GA,2023-10-02
13982,MA,2025-09-11
13983,FL,2023-08-20
13984,WA,2023-03-27
13985,WA,2026-02-02
13986,NJ,2023-06-26
13987,MI,2024-09-29
13988,WA,2025-12-19
13989,NC,2024-08-10
13990,GA,2024-08-25
13991,NC,2026-02-13
13992,TX,2024-09-29
13993,IL,2023-04-24
13994,CO,2025-09-25
13995,NJ,2024-09-03
13996,GA,2023-05-31
13997,VA,2024-08-06
13998,MI,2025-09-14
13999,MA,2024-01-05
14000,PA,2025-09-01
14001,TX,2023-03-13
14002,CA,2025-05-09
14003,FL,2023-12-19
14004,VA,2025-10-31
14005,IL,2025-03-20
14006,TX,2025-01-10
14007,AZ,2024-09-29
14008,CA,2023-06-02
14009,IL,2024-01-21
14010,AZ,2024-11-21
14011,CA,2023-05-19
14012,GA,2023-07-25
14013,NJ,2023-04-06
14014,AZ,2024-12-26
14015,PA,2023-11-14
14016,CA,2024-05-26
14017,VA,2023-01-19
14018,IL,2024-02-11
14019,CA,2025-08-26
14020,PA,2025-05-12
14021,MA,2023-04-11
14022,TX,2024-08-15
14023,IL,2024-11-25
14024,MA,2023-01-18
14025,CA,2023-05-09
14026,CA,2025-09-18
14027,VA,2024-01-01
14028,WA,2024-04-06
14029,IL,2025-07-23
14030,MI,2023-11-28
14031,MI,2024-11-15
14032,GA,2025-06-29
14033,AZ,2023-01-20
14034,CA,2024-06-29
14035,VA,2024-07-25
14036,FL,2024-04-06
14037,NC,2025-06-27
14038,CO,2024-08-27
14039,NC,2023-11-19
14040,GA,2023-03-30
14041,MI,2023-06-22
14042,VA,2023-02-09
14043,TX,2025-07-22
14044,NJ,2023-07-22
14045,NY,2023-08-31
14046,FL,2023-03-29
14047,NY,2024-11-04
14048,CA,2024-06-15
14049,PA,2024-10-21
14050,TX,2024-12-13
14051,MA,2026-01-28
14052,VA,2023-09-04
14053,VA,2024-09-16
14054,CA,2024-12-31
14055,NY,2025-09-11
14056,CA,2024-05-10
14057,CO,2024-02-19
14058,WA,2025-08-27
14059,CO,2024-09-06
14060,TX,2023-03-20
14061,VA,2024-06-11
14062,PA,2025-12-18
14063,MA,2024-12-06
14064,CO,2024-09-28
14065,MI,2025-06-17
14066,IL,2025-06-29
14067,VA,2024-06-27
14068,VA,2025-10-12
14069,MA,2024-11-20
14070,AZ,2023-08-07
14071,PA,2026-01-28
14072,NY,2025-09-21
14073,CO,2023-04-13
14074,WA,2025-06-02
14075,MA,2024-09-21
14076,CA,2025-01-24
14077,WA,2026-02-16
14078,CA,2023-01-07
14079,PA,2024-01-23
14080,VA,2025-04-07
14081,CO,2023-02-11
14082,MI,2023-04-06
14083,FL,2023-09-03
14084,FL,2023-04-24
14085,NY,2024-06-27
14086,WA,2023-11-26
14087,CA,2023-09-29
14088,GA,2023-09-18
14089,WA,2024-12-17
14090,IL,2023-09-21
14091,NY,2025-03-11
14092,NC,2023-11-14
14093,NC,2026-02-13
14094,CA,2023-06-09
14095,FL,2024-04-21
14096,MA,2024-10-02
14097,IL,2025-05-08
14098,NC,2023-05-28
14099,CA,2026-01-06
14100,CA,2025-09-01
14101,CO,2023-02-21
14102,FL,2023-09-15
14103,WA,2025-10-16
14104,VA,2023-09-05
14105,MA,2023-10-15
14106,CO,2025-08-04
14107,MI,2023-08-02
14108,NC,2026-01-20
14109,MA,2024-06-27
14110,NY,2023-08-20
14111,AZ,2024-10-04
14112,MI,2023-01-13
14113,FL,2025-04-17
14114,NC,2024-06-16
14115,PA,2025-04-18
14116,CA,2024-09-10
14117,NC,2024-02-10
14118,GA,2023-10-15
14119,TX,2024-03-01
14120,PA,2024-03-11
14121,TX,2025-09-16
14122,NC,2023-03-22
14123,GA,2023-12-24
14124,NC,2024-12-02
14125,TX,2023-09-12
14126,CO,2025-06-17
14127,NY,2023-06-15
14128,AZ,2024-04-09
14129,VA,2023-09-13
14130,TX,2024-02-27
14131,NY,2023-07-17
14132,CA,2024-07-10
14133,NY,2025-06-01
14134,CO,2024-06-08
14135,GA,2025-12-11
14136,VA,2024-07-08
14137,NY,2023-01-07
14138,MA,2023-02-13
14139,MI,2026-01-30
14140,WA,2025-01-04
14141,TX,2024-08-11
14142,GA,2025-03-22
14143,MI,2024-05-05
14144,IL,2023-11-14
14145,NJ,2023-08-06
14146,CA,2024-05-15
14147,WA,2023-11-29
14148,MA,2024-07-06
14149,FL,2025-11-12
14150,CO,2023-08-04
14151,NC,2025-12-02
14152,WA,2025-01-12
14153,GA,2025-07-24
14154,GA,2024-02-18
14155,GA,2024-09-13
14156,CA,2024-09-08
14157,NY,2023-11-12
14158,TX,2025-02-05
14159,AZ,2024-05-13
14160,FL,2023-12-15
14161,NC,2023-03-16
14162,GA,2023-08-21
14163,NC,2025-07-01
14164,VA,2024-12-24
14165,IL,2024-07-23
14166,CA,2023-02-07
14167,PA,2023-09-19
14168,GA,2023-07-31
14169,IL,2025-09-17
14170,FL,2025-02-23
14171,AZ,2023-07-25
14172,FL,2023-01-05
14173,TX,2023-05-28
14174,MA,2025-09-01
14175,TX,2024-01-22
14176,NY,2024-03-03
14177,NC,2024-01-04
14178,CO,2025-09-27
14179,FL,2024-10-09
14180,CO,2025-11-11
14181,CA,2024-07-03
14182,MI,2024-06-22
14183,WA,2026-02-17
14184,VA,2024-04-21
14185,GA,2025-12-24
14186,CA,2023-06-23
14187,NJ,2023-03-14
14188,VA,2026-01-07
14189,FL,2025-12-03
14190,IL,2025-01-14
14191,NC,2025-10-23
14192,CO,2024-03-18
14193,AZ,2023-03-20
14194,TX,2023-05-19
14195,WA,2025-03-25
14196,MA,2025-10-27
14197,CA,2025-06-01
14198,MI,2024-12-25
14199,MA,2024-05-27
14200,VA,2024-11-26
14201,PA,2024-12-27
14202,NJ,2023-03-18
14203,CO,2025-12-02
14204,CO,2024-06-13
14205,GA,2025-10-09
14206,IL,2023-07-09
14207,PA,2025-05-24
14208,IL,2023-09-19
14209,NY,2023-05-24
14210,TX,2024-10-02
14211,FL,2023-10-05
14212,FL,2025-03-24
14213,CO,2023-11-03
14214,AZ,2024-08-29
14215,CA,2024-07-03
14216,NC,2023-10-27
14217,AZ,2023-12-13
14218,FL,2024-03-01
14219,NJ,2023-02-11
14220,PA,2023-11-12
14221,VA,2024-09-29
14222,NJ,2023-03-18
14223,NJ,2023-04-06
14224,FL,2025-03-29
14225,CA,2025-01-06
14226,TX,2025-01-19
14227,WA,2023-07-24
14228,IL,2025-07-24
14229,GA,2024-10-16
14230,GA,2023-11-11
14231,GA,2025-01-13
14232,NJ,2023-10-22
14233,CA,2025-04-10
14234,PA,2024-10-03
14235,GA,2023-10-12
14236,VA,2024-05-26
14237,CO,2025-10-04
14238,NY,2023-01-29
14239,VA,2025-10-27
14240,NJ,2024-06-25
14241,CA,2023-08-03
14242,CA,2024-09-18
14243,PA,2023-08-03
14244,IL,2023-08-09
14245,GA,2025-10-20
14246,MA,2023-09-18
14247,WA,2025-10-20
14248,NJ,2024-07-19
14249,NY,2025-03-11
14250,CA,2024-10-07
14251,NY,2025-11-13
14252,CA,2025-09-15
14253,TX,2025-09-18
14254,IL,2024-09-20
14255,VA,2024-04-22
14256,CO,2024-01-17
14257,TX,2025-03-29
14258,NC,2024-01-09
14259,GA,2024-07-06
14260,NC,2025-01-31
14261,WA,2026-01-17
14262,MA,2023-04-02
14263,CO,2024-01-12
14264,TX,2026-01-09
14265,NY,2024-08-25
14266,NY,2023-04-10
14267,WA,2026-02-20
14268,MI,2025-03-10
14269,CA,2023-01-23
14270,MI,2024-10-17
14271,NY,2025-02-08
14272,VA,2024-06-02
14273,GA,2026-01-23
14274,MA,2025-07-07
14275,MI,2024-01-12
14276,MI,2025-11-14
14277,IL,2023-10-18
14278,GA,2025-12-28
14279,MA,2025-05-12
14280,AZ,2023-12-08
14281,NJ,2025-05-19
14282,WA,2023-11-13
14283,MI,2024-06-27
14284,GA,2023-03-16
14285,IL,2025-02-14
14286,IL,2023-08-05
14287,NJ,2024-09-24
14288,FL,2024-06-15
14289,VA,2024-03-24
14290,PA,2025-10-27
14291,CA,2025-06-07
14292,WA,2024-01-28
14293,NJ,2023-11-12
14294,GA,2024-03-29
14295,VA,2025-03-23
14296,CO,2023-11-14
14297,CO,2024-01-29
14298,WA,2024-01-14
14299,PA,2024-12-05
14300,GA,2025-03-04
14301,TX,2025-11-07
14302,TX,2025-04-06
14303,CA,2023-05-29
14304,GA,2024-07-11
14305,IL,2025-11-01
14306,NY,2025-01-11
14307,CO,2024-04-06
14308,PA,2025-09-03
14309,GA,2024-11-25
14310,GA,2024-07-20
14311,NY,2023-09-23
14312,NY,2024-06-30
14313,VA,2023-03-21
14314,MA,2024-06-01
14315,NJ,2025-12-27
14316,FL,2024-12-02
14317,VA,2023-09-01
14318,CA,2023-01-09
14319,CO,2024-04-08
14320,NY,2024-10-07
14321,AZ,2023-09-06
14322,TX,2023-11-19
14323,WA,2024-07-09
14324,AZ,2024-01-28
14325,TX,2025-07-07
14326,MA,2024-07-22
14327,MA,2023-09-01
14328,AZ,2025-12-16
14329,NY,2023-07-11
14330,VA,2024-06-02
14331,VA,2025-08-17
14332,MA,2025-11-28
14333,NJ,2023-07-12
14334,IL,2023-11-23
14335,NC,2024-04-27
14336,GA,2023-01-25
14337,VA,2023-04-12
14338,GA,2024-10-24
14339,NY,2023-08-05
14340,MA,2025-01-11
14341,WA,2023-09-24
14342,VA,2023-06-11
14343,IL,2023-10-14
14344,CA,2024-11-08
14345,MA,2025-06-04
14346,IL,2023-09-04
14347,FL,2023-06-23
14348,CA,2025-10-29
14349,GA,2025-06-27
14350,FL,2025-10-14
14351,NY,2025-02-26
14352,CO,2024-08-19
14353,NY,2024-10-23
14354,WA,2026-02-22
14355,NJ,2023-02-10
14356,IL,2023-12-03
14357,NJ,2023-11-22
14358,VA,2026-01-22
14359,CO,2025-07-07
14360,NJ,2025-12-22
14361,CA,2025-10-12
14362,CA,2025-01-02
14363,PA,2024-06-03
14364,FL,2023-03-26
14365,WA,2023-07-26
14366,VA,2023-06-10
14367,MI,2024-03-25
14368,VA,2023-04-26
14369,GA,2023-12-28
14370,NJ,2025-06-30
14371,AZ,2023-07-02
14372,MA,2024-11-06
14373,MA,2024-08-14
14374,CO,2025-10-27
14375,MI,2025-07-19
14376,WA,2025-02-01
14377,WA,2024-09-03
14378,CA,2023-03-20
14379,AZ,2024-11-12
14380,GA,2026-01-25
14381,IL,2024-01-28
14382,GA,2024-04-12
14383,TX,2025-05-19
14384,WA,2023-01-18
14385,NY,2023-03-03
14386,NC,2023-06-12
14387,WA,2024-07-05
14388,MI,2023-06-28
14389,VA,2025-12-19
14390,VA,2023-08-27
14391,VA,2024-07-21
14392,MI,2025-01-15
14393,AZ,2023-03-25
14394,CO,2025-11-30
14395,NJ,2024-03-13
14396,NY,2024-06-12
14397,CO,2023-04-15
14398,FL,2024-06-20
14399,NC,2024-01-17
14400,NC,2026-01-21
14401,MI,2023-08-05
14402,CA,2024-05-03
14403,VA,2023-05-31
14404,WA,2025-03-23
14405,VA,2024-09-22
14406,CA,2024-02-26
14407,MA,2024-10-07
14408,CO,2023-07-26
14409,TX,2025-02-13
14410,TX,2025-04-13
14411,MA,2024-08-10
14412,FL,2024-07-17
14413,TX,2023-08-14
14414,MI,2025-03-14
14415,CO,2024-11-20
14416,TX,2023-04-16
14417,VA,2026-01-04
14418,AZ,2024-05-30
14419,MA,2025-08-05
14420,NY,2023-07-06
14421,NJ,2024-06-15
14422,NJ,2023-10-02
14423,CA,2024-06-22
14424,PA,2024-10-09
14425,IL,2023-01-18
14426,CO,2023-10-12
14427,CA,2025-07-20
14428,VA,2025-10-10
14429,NC,2025-06-23
14430,PA,2024-10-11
14431,GA,2025-05-01
14432,MI,2023-09-14
14433,TX,2024-10-05
14434,TX,2023-12-23
14435,FL,2023-09-13
14436,NJ,2024-08-30
14437,MI,2023-11-30
14438,CA,2023-01-15
14439,GA,2023-06-28
14440,NJ,2023-03-29
14441,TX,2023-04-04
14442,VA,2025-04-24
14443,NC,2023-01-28
14444,FL,2024-11-27
14445,CA,2023-03-16
14446,FL,2023-02-23
14447,VA,2023-11-17
14448,CA,2025-01-29
14449,WA,2024-09-21
14450,WA,2023-11-28
14451,AZ,2023-11-13
14452,NJ,2023-04-11
14453,MA,2023-09-05
14454,AZ,2025-05-10
14455,CO,2025-05-19
14456,FL,2023-08-09
14457,MA,2023-05-28
14458,FL,2025-10-09
14459,TX,2024-08-03
14460,MI,2024-04-22
14461,IL,2025-11-13
14462,FL,2025-06-01
14463,AZ,2023-06-19
14464,TX,2024-03-13
14465,MI,2025-10-13
14466,MI,2023-10-28
14467,GA,2024-11-18
14468,WA,2025-09-14
14469,VA,2023-05-24
14470,AZ,2024-06-06
14471,MA,2024-10-20
14472,PA,2024-04-29
14473,AZ,2025-04-01
14474,IL,2023-07-14
14475,NC,2024-04-10
14476,MI,2025-09-04
14477,WA,2026-01-04
14478,MA,2024-05-04
14479,NJ,2023-04-10
14480,IL,2023-04-26
14481,NC,2024-01-15
14482,NY,2025-04-03
14483,VA,2023-03-04
14484,VA,2023-05-12
14485,VA,2024-01-30
14486,TX,2024-10-04
14487,NY,2025-09-02
14488,PA,2025-07-02
14489,TX,2024-10-31
14490,CA,2024-12-28
14491,CO,2024-06-29
14492,IL,2024-01-10
14493,VA,2025-04-23
14494,NY,2023-10-25
14495,CO,2025-09-22
14496,IL,2023-10-23
14497,MA,2023-04-25
14498,NJ,2024-05-07
14499,CA,2025-12-16
14500,MA,2025-05-28
14501,TX,2024-12-19
14502,NJ,2024-10-13
14503,PA,2024-09-10
14504,CO,2024-02-13
14505,IL,2026-01-06
14506,FL,2025-10-22
14507,NJ,2025-02-24
14508,CO,2023-02-04
14509,GA,2024-01-30
14510,NC,2025-12-26
14511,NY,2025-12-28
14512,MI,2023-12-27
14513,IL,2024-04-02
14514,WA,2023-10-21
14515,WA,2024-08-15
14516,NC,2025-08-12
14517,NJ,2023-10-24
14518,TX,2025-08-03
14519,PA,2023-09-18
14520,CO,2025-02-27
14521,AZ,2026-03-01
14522,CO,2025-12-27
14523,PA,2026-02-23
14524,WA,2024-02-06
14525,CO,2025-04-06
14526,NC,2023-12-02
14527,MI,2025-08-19
14528,CO,2023-01-29
14529,TX,2025-03-14
14530,NY,2025-04-23
14531,GA,2023-02-14
14532,NY,2026-01-29
14533,GA,2024-02-23
14534,FL,2024-09-07
14535,PA,2023-09-19
14536,VA,2025-02-03
14537,NY,2023-10-19
14538,NC,2024-06-17
14539,CA,2025-12-28
14540,FL,2024-07-28
14541,GA,2023-08-25
14542,PA,2023-12-29
14543,GA,2024-06-14
14544,FL,2025-01-12
14545,GA,2024-04-09
14546,MI,2024-01-17
14547,PA,2023-05-07
14548,IL,2024-10-19
14549,CA,2026-02-11
14550,NC,2023-08-31
14551,VA,2024-07-06
14552,AZ,2024-03-14
14553,IL,2024-02-12
14554,GA,2024-08-11
14555,VA,2025-03-06
14556,NY,2024-10-03
14557,IL,2024-07-17
14558,NY,2025-03-21
14559,FL,2026-01-24
14560,MI,2024-01-05
14561,CO,2025-06-25
14562,VA,2025-02-08
14563,MA,2024-10-19
14564,NJ,2025-09-19
14565,PA,2025-09-15
14566,VA,2025-12-13
14567,GA,2023-05-02
14568,MA,2026-02-21
14569,CA,2023-06-16
14570,NY,2025-08-01
14571,IL,2025-04-13
14572,MA,2023-01-22
14573,TX,2024-02-12
14574,GA,2024-04-26
14575,VA,2023-10-26
14576,MI,2023-10-04
14577,MA,2025-03-26
14578,AZ,2023-11-18
14579,IL,2023-04-25
14580,VA,2023-09-29
14581,IL,2023-09-21
14582,CA,2023-09-07
14583,VA,2025-05-27
14584,WA,2024-03-14
14585,NC,2025-12-17
14586,TX,2023-01-05
14587,MA,2025-05-12
14588,NC,2023-09-22
14589,TX,2023-04-05
14590,WA,2025-03-29
14591,MA,2024-11-27
14592,AZ,2025-01-10
14593,TX,2023-11-13
14594,VA,2025-02-12
14595,VA,2023-04-29
14596,NC,2025-03-04
14597,NY,2023-07-21
14598,IL,2025-12-12
14599,CO,2023-11-13
14600,FL,2026-01-22
14601,GA,2026-01-20
14602,PA,2025-03-23
14603,PA,2023-02-07
14604,MI,2024-02-17
14605,CO,2023-08-31
14606,MA,2025-12-23
14607,AZ,2025-05-04
14608,MA,2023-07-20
14609,TX,2023-11-03
14610,AZ,2023-06-24
14611,IL,2025-08-29
14612,VA,2025-10-12
14613,VA,2025-09-20
14614,WA,2024-08-19
14615,CA,2024-11-02
14616,NJ,2024-11-24
14617,TX,2024-07-01
14618,VA,2026-01-27
14619,PA,2024-07-02
14620,CA,2023-09-30
14621,FL,2025-09-02
14622,NC,2025-02-22
14623,TX,2025-07-28
14624,NJ,2024-03-27
14625,FL,2024-07-14
14626,GA,2023-04-04
14627,TX,2024-05-31
14628,PA,2025-08-11
14629,IL,2023-06-23
14630,IL,2024-11-25
14631,MA,2026-01-01
14632,GA,2025-06-26
14633,PA,2023-02-25
14634,MA,2024-11-25
14635,AZ,2024-09-25
14636,CA,2023-09-01
14637,MI,2025-06-12
14638,CO,2023-07-23
14639,WA,2023-01-16
14640,GA,2023-05-06
14641,NC,2024-08-21
14642,VA,2024-04-10
14643,MI,2025-02-28
14644,PA,2023-03-20
14645,WA,2025-02-27
14646,WA,2023-09-21
14647,MI,2023-11-01
14648,PA,2025-01-09
14649,PA,2023-05-05
14650,AZ,2024-09-09
14651,NY,2025-01-11
14652,PA,2023-03-22
14653,NJ,2025-05-21
14654,TX,2023-06-24
14655,NC,2024-11-06
14656,GA,2026-02-22
14657,MA,2023-12-14
14658,CA,2025-05-27
14659,TX,2025-04-22
14660,PA,2024-07-27
14661,NY,2024-12-24
14662,CA,2024-08-30
14663,GA,2024-07-22
14664,CO,2023-08-22
14665,MI,2023-12-24
14666,WA,2025-12-24
14667,NJ,2023-10-20
14668,PA,2025-09-17
14669,NY,2024-06-12
14670,CA,2023-05-15
14671,MA,2025-03-30
14672,VA,2023-05-10
14673,NJ,2024-07-22
14674,NJ,2024-06-05
14675,MI,2024-04-04
14676,NY,2024-08-15
14677,CA,2025-07-30
14678,NY,2025-06-19
14679,MA,2024-09-05
14680,MA,2024-06-22
14681,NC,2023-09-18
14682,IL,2024-08-31
14683,WA,2023-08-16
14684,TX,2025-01-30
14685,AZ,2023-09-15
14686,PA,2025-04-05
14687,TX,2025-11-09
14688,NJ,2024-02-28
14689,VA,2024-02-17
14690,PA,2023-12-11
14691,GA,2024-10-11
14692,FL,2024-04-11
14693,GA,2023-07-08
14694,FL,2026-01-26
14695,NY,2025-08-10
14696,MI,2023-09-27
14697,FL,2024-10-26
14698,IL,2023-01-21
14699,IL,2024-12-14
14700,WA,2024-03-04
14701,MI,2024-07-29
14702,MI,2024-08-18
14703,CA,2024-08-07
14704,TX,2025-10-14
14705,WA,2025-09-17
14706,IL,2024-10-20
14707,AZ,2025-12-06
14708,CA,2023-08-11
14709,AZ,2025-08-17
14710,AZ,2023-06-07
14711,GA,2025-12-06
14712,AZ,2025-03-11
14713,TX,2024-12-22
14714,NC,2023-11-15
14715,VA,2023-10-25
14716,TX,2024-03-20
14717,NJ,2023-04-15
14718,NY,2025-06-01
14719,CO,2025-12-27
14720,MI,2024-06-21
14721,VA,2024-11-03
14722,TX,2025-03-11
14723,IL,2025-03-27
14724,NY,2025-11-30
14725,MA,2025-08-25
14726,VA,2025-05-12
14727,FL,2023-08-30
14728,GA,2025-07-31
14729,AZ,2023-01-20
14730,NC,2025-06-12
14731,GA,2025-04-20
14732,MA,2025-01-13
14733,MI,2025-11-05
14734,PA,2023-10-28
14735,CO,2023-06-14
14736,TX,2025-02-19
14737,NJ,2023-12-19
14738,WA,2026-01-15
14739,NY,2025-10-17
14740,NC,2025-05-20
14741,MA,2025-01-28
14742,VA,2025-05-27
14743,CO,2025-01-22
14744,GA,2025-05-15
14745,NJ,2025-10-29
14746,NJ,2023-08-16
14747,MA,2025-11-21
14748,NC,2024-03-06
14749,MI,2025-02-27
14750,NC,2023-06-19
14751,VA,2023-03-11
14752,CO,2026-02-08
14753,PA,2026-01-17
14754,GA,2023-01-02
14755,IL,2025-12-15
14756,PA,2024-10-31
14757,PA,2023-09-28
14758,NC,2024-06-27
14759,NY,2023-09-27
14760,NY,2023-07-09
14761,FL,2024-12-22
14762,MI,2023-01-22
14763,GA,2023-01-14
14764,MA,2024-07-21
14765,NY,2024-07-28
14766,CO,2024-08-14
14767,NJ,2024-07-05
14768,MA,2025-03-16
14769,GA,2025-07-02
14770,CO,2023-10-06
14771,TX,2025-02-06
14772,CA,2026-02-07
14773,NY,2023-02-17
14774,MI,2025-01-13
14775,AZ,2026-01-10
14776,VA,2024-11-16
14777,NY,2024-09-16
14778,FL,2024-01-16
14779,IL,2023-11-06
14780,FL,2024-07-05
14781,GA,2024-06-25
14782,FL,2025-02-05
14783,IL,2023-07-03
14784,IL,2024-04-10
14785,NC,2024-09-30
14786,NJ,2024-08-16
14787,NC,2024-12-04
14788,CA,2023-01-01
14789,CO,2025-10-04
14790,PA,2023-12-28
14791,TX,2024-12-19
14792,MI,2023-10-10
14793,VA,2025-04-10
14794,IL,2023-06-18
14795,TX,2025-06-07
14796,MI,2023-05-02
14797,NJ,2024-03-16
14798,NY,2024-09-30
14799,MI,2024-04-18
14800,WA,2026-02-19
14801,AZ,2025-01-01
14802,CA,2025-07-29
14803,GA,2024-10-21
14804,NJ,2023-10-19
14805,MA,2025-07-26
14806,TX,2023-09-04
14807,FL,2023-07-07
14808,VA,2024-07-10
14809,IL,2026-02-21
14810,TX,2025-06-08
14811,PA,2023-09-04
14812,MA,2025-08-16
14813,VA,2023-10-19
14814,IL,2025-06-13
14815,GA,2023-05-31
14816,PA,2023-05-31
14817,MI,2023-05-04
14818,WA,2023-09-29
14819,FL,2024-10-20
14820,TX,2024-08-30
14821,NC,2025-09-07
14822,CA,2024-07-08
14823,TX,2024-06-14
14824,TX,2026-02-10
14825,MA,2024-12-25
14826,MA,2024-10-07
14827,VA,2023-03-05
14828,MI,2024-06-01
14829,PA,2023-11-25
14830,CA,2024-11-20
14831,TX,2024-04-23
14832,VA,2024-01-26
14833,CO,2024-07-28
14834,GA,2024-02-16
14835,MA,2025-05-18
14836,MA,2024-05-21
14837,PA,2025-08-15
14838,MI,2023-10-21
14839,NJ,2025-02-01
14840,CO,2024-05-22
14841,IL,2023-04-29
14842,NJ,2024-04-22
14843,TX,2024-07-17
14844,MI,2025-04-21
14845,CA,2025-12-07
14846,MA,2024-04-19
14847,CA,2025-08-03
14848,CA,2025-01-21
14849,GA,2024-07-03
14850,VA,2024-12-28
14851,NC,2023-05-16
14852,MA,2024-06-01
14853,VA,2025-01-28
14854,NJ,2023-11-20
14855,VA,2023-04-21
14856,FL,2026-02-12
14857,IL,2024-12-24
14858,CA,2024-05-02
14859,MA,2023-12-31
14860,PA,2025-02-05
14861,MI,2025-04-11
14862,IL,2023-04-23
14863,FL,2023-11-16
14864,MA,2023-06-24
14865,TX,2025-11-08
14866,CA,2023-05-06
14867,FL,2025-09-21
14868,TX,2023-09-11
14869,CA,2025-07-17
14870,NY,2025-02-05
14871,NJ,2023-10-19
14872,WA,2023-07-18
14873,MI,2024-11-17
14874,CO,2025-02-20
14875,CA,2025-07-29
14876,FL,2023-08-06
14877,AZ,2024-09-21
14878,FL,2025-03-28
14879,WA,2025-04-12
14880,MA,2023-01-23
14881,VA,2024-09-28
14882,PA,2026-01-12
14883,CO,2024-12-11
14884,MI,2024-11-29
14885,IL,2023-11-25
14886,CA,2024-12-11
14887,MA,2024-04-17
14888,TX,2024-04-22
14889,MI,2025-07-10
14890,VA,2024-07-09
14891,VA,2024-08-10
14892,VA,2024-11-24
14893,IL,2023-04-29
14894,MI,2025-11-29
14895,CO,2023-09-17
14896,MA,2025-08-06
14897,NC,2025-01-25
14898,IL,2023-01-06
14899,GA,2023-11-07
14900,GA,2023-03-07
14901,CA,2024-12-31
14902,CA,2023-01-29
14903,CA,2024-10-21
14904,CO,2025-06-18
14905,PA,2025-06-22
14906,VA,2023-12-27
14907,AZ,2025-08-19
14908,PA,2023-01-26
14909,AZ,2023-03-12
14910,NC,2026-01-17
14911,MA,2023-06-26
14912,TX,2023-01-27
14913,VA,2025-04-19
14914,NY,2025-03-27
14915,FL,2024-07-28
14916,TX,2025-09-26
14917,MA,2024-06-14
14918,NC,2024-05-07
14919,MI,2023-10-05
14920,MI,2025-09-25
14921,CO,2025-04-18
14922,IL,2025-04-26
14923,TX,2025-06-18
14924,IL,2023-10-20
14925,MI,2025-11-17
14926,NY,2023-09-13
14927,MI,2025-06-23
14928,PA,2024-10-26
14929,MA,2023-09-22
14930,AZ,2024-02-05
14931,NJ,2024-04-04
14932,NC,2025-02-15
14933,AZ,2025-10-17
14934,MA,2026-02-21
14935,FL,2024-02-07
14936,VA,2025-09-21
14937,CO,2023-10-28
14938,FL,2025-12-30
14939,MA,2023-08-02
14940,FL,2025-05-23
14941,VA,2024-01-09
14942,PA,2023-12-10
14943,WA,2025-05-11
14944,MA,2023-10-28
14945,VA,2025-01-18
14946,AZ,2024-03-12
14947,AZ,2023-04-12
14948,VA,2023-01-10
14949,NC,2025-11-30
14950,TX,2024-01-05
14951,NC,2023-05-06
14952,WA,2025-02-23
14953,NJ,2024-01-18
14954,AZ,2023-11-23
14955,TX,2024-03-25
14956,WA,2024-06-06
14957,AZ,2025-10-06
14958,TX,2025-07-30
14959,NJ,2025-09-09
14960,NC,2023-09-30
14961,NJ,2024-05-16
14962,MA,2025-05-15
14963,VA,2023-12-07
14964,CA,2023-09-29
14965,GA,2024-01-30
14966,GA,2026-02-21
14967,WA,2025-06-28
14968,GA,2023-07-14
14969,NC,2025-11-22
14970,VA,2023-07-30
14971,MI,2025-03-23
14972,IL,2024-11-24
14973,MI,2025-01-22
14974,WA,2025-09-27
14975,VA,2025-12-10
14976,TX,2025-06-10
14977,NJ,2024-06-24
14978,NJ,2024-06-01
14979,CO,2025-07-23
14980,FL,2023-05-13
14981,NC,2023-04-06
14982,VA,2024-02-28
14983,MI,2025-05-07
14984,VA,2025-08-31
14985,TX,2023-03-23
14986,VA,2025-02-27
14987,IL,2023-11-11
14988,CO,2025-07-04
14989,VA,2026-01-14
14990,MI,2024-01-01
14991,GA,2024-01-01
14992,AZ,2026-01-21
14993,IL,2023-03-12
14994,WA,2023-11-22
14995,PA,2025-04-23
14996,NJ,2023-08-02
14997,NY,2025-12-06
14998,NY,2023-03-30
14999,GA,2025-09-22
15000,NY,2023-08-05
15001,NY,2023-10-28
15002,TX,2025-07-14
15003,TX,2025-05-02
15004,FL,2025-06-12
15005,MA,2023-06-19
15006,GA,2024-09-11
15007,NY,2024-11-12
15008,FL,2024-10-04
15009,GA,2023-02-06
15010,AZ,2025-02-09
15011,NY,2025-10-07
15012,NC,2024-09-27
15013,NJ,2024-03-01
15014,VA,2024-02-12
15015,CA,2025-02-13
15016,NC,2025-05-14
15017,CO,2023-08-05
15018,GA,2023-06-19
15019,MA,2024-09-01
15020,CO,2023-12-24
15021,FL,2023-07-05
15022,FL,2024-12-25
15023,VA,2025-05-19
15024,NY,2025-04-03
15025,CO,2024-11-09
15026,MI,2023-10-11
15027,NJ,2023-07-03
15028,NY,2023-05-22
15029,GA,2023-08-19
15030,AZ,2024-01-23
15031,FL,2025-01-04
15032,CA,2023-06-07
15033,VA,2024-07-30
15034,FL,2025-12-11
15035,TX,2025-10-23
15036,PA,2023-03-18
15037,IL,2024-08-04
15038,MA,2024-08-30
15039,CO,2025-11-05
15040,NY,2023-08-18
15041,IL,2025-06-22
15042,MI,2025-07-05
15043,IL,2025-06-07
15044,NC,2025-10-26
15045,PA,2026-02-07
15046,WA,2023-05-23
15047,NC,2023-07-26
15048,NC,2024-03-04
15049,MA,2023-06-15
15050,TX,2023-09-17
15051,FL,2024-01-29
15052,NC,2023-05-01
15053,VA,2025-08-07
15054,GA,2024-02-17
15055,FL,2023-06-17
15056,TX,2026-01-12
15057,AZ,2024-02-25
15058,NY,2025-02-26
15059,WA,2023-09-25
15060,FL,2023-02-07
15061,VA,2025-07-14
15062,VA,2023-12-04
15063,CO,2023-11-26
15064,MA,2023-07-18
15065,IL,2025-03-20
15066,NJ,2023-01-05
15067,PA,2025-09-15
15068,NY,2025-06-13
15069,TX,2023-04-13
15070,NC,2024-03-10
15071,GA,2024-10-11
15072,VA,2024-01-16
15073,GA,2023-03-07
15074,MI,2024-08-01
15075,WA,2023-09-27
15076,AZ,2023-02-16
15077,TX,2025-07-04
15078,NY,2023-12-31
15079,CO,2023-03-09
15080,MI,2026-02-12
15081,IL,2025-11-15
15082,NC,2023-07-26
15083,NJ,2023-03-14
15084,PA,2023-01-30
15085,MA,2025-10-23
15086,CA,2024-06-04
15087,CA,2025-06-06
15088,NC,2024-02-05
15089,NY,2024-10-15
15090,NC,2025-08-07
15091,MI,2025-04-27
15092,TX,2025-07-23
15093,PA,2024-03-06
15094,CA,2024-06-22
15095,AZ,2023-03-12
15096,WA,2023-09-13
15097,MI,2026-01-31
15098,MI,2023-05-27
15099,TX,2025-06-20
15100,CA,2024-10-31
15101,CO,2023-05-20
15102,PA,2024-10-16
15103,NJ,2024-09-12
15104,IL,2025-05-20
15105,GA,2023-03-05
15106,TX,2025-05-17
15107,GA,2025-04-14
15108,GA,2024-05-27
15109,MI,2025-10-27
15110,PA,2025-10-21
15111,MI,2023-02-16
15112,VA,2025-05-17
15113,PA,2025-02-16
15114,CA,2025-10-22
15115,TX,2024-06-18
15116,IL,2023-12-25
15117,CO,2025-03-25
15118,FL,2024-08-18
15119,WA,2023-07-23
15120,GA,2025-08-28
15121,IL,2023-08-15
15122,PA,2025-08-05
15123,MA,2025-03-27
15124,MA,2023-05-31
15125,FL,2023-01-17
15126,FL,2023-10-31
15127,FL,2025-02-19
15128,AZ,2025-12-20
15129,MI,2023-09-24
15130,NJ,2026-01-25
15131,WA,2023-02-04
15132,WA,2025-02-24
15133,CO,2023-03-09
15134,GA,2023-07-08
15135,NY,2023-02-10
15136,NJ,2024-08-30
15137,MA,2024-11-13
15138,CA,2025-08-02
15139,CA,2025-06-25
15140,FL,2025-12-26
15141,NC,2025-08-04
15142,MA,2026-02-16
15143,NY,2025-05-02
15144,NJ,2025-08-31
15145,NY,2025-12-29
15146,CA,2025-10-07
15147,NC,2025-01-26
15148,NY,2025-10-03
15149,VA,2024-07-01
15150,MI,2025-07-03
15151,MA,2024-04-28
15152,GA,2024-08-10
15153,IL,2026-01-26
15154,NC,2023-10-09
15155,NY,2024-09-21
15156,PA,2024-02-23
15157,MI,2023-08-11
15158,NC,2023-03-21
15159,MI,2025-04-05
15160,NC,2024-11-12
15161,VA,2024-02-17
15162,GA,2023-11-30
15163,MA,2025-06-07
15164,NJ,2025-10-22
15165,CA,2023-09-15
15166,PA,2025-02-01
15167,GA,2025-04-16
15168,NY,2024-03-30
15169,FL,2023-01-19
15170,GA,2025-08-11
15171,FL,2025-09-05
15172,TX,2024-03-08
15173,CA,2023-09-09
15174,MA,2025-03-06
15175,MI,2025-06-25
15176,IL,2024-10-10
15177,NC,2025-06-28
15178,FL,2025-01-07
15179,IL,2023-08-09
15180,IL,2023-04-23
15181,VA,2024-07-13
15182,FL,2025-12-17
15183,AZ,2023-07-16
15184,VA,2025-11-07
15185,IL,2025-02-18
15186,NC,2023-08-03
15187,NJ,2024-09-27
15188,CO,2025-11-05
15189,VA,2024-11-07
15190,TX,2024-10-21
15191,FL,2023-08-21
15192,NC,2023-01-25
15193,VA,2025-07-26
15194,PA,2025-10-15
15195,AZ,2023-03-12
15196,MI,2023-01-25
15197,CA,2024-04-02
15198,FL,2023-07-30
15199,NJ,2024-06-24
15200,NC,2025-02-09
15201,NC,2025-11-28
15202,PA,2024-11-07
15203,AZ,2023-04-05
15204,GA,2023-08-08
15205,CO,2025-06-24
15206,NJ,2025-12-25
15207,FL,2023-07-12
15208,PA,2023-06-24
15209,MA,2023-04-22
15210,NC,2026-01-08
15211,TX,2023-04-21
15212,GA,2024-03-28
15213,NC,2024-02-17
15214,FL,2024-08-26
15215,NY,2025-08-17
15216,NC,2023-07-05
15217,WA,2026-01-15
15218,NY,2023-02-20
15219,AZ,2026-02-23
15220,NC,2025-11-30
15221,IL,2023-12-21
15222,NJ,2023-12-29
15223,NC,2024-06-19
15224,CA,2023-02-05
15225,AZ,2023-10-04
15226,IL,2025-10-06
15227,FL,2023-07-01
15228,TX,2024-04-15
15229,NY,2024-02-21
15230,MA,2025-06-07
15231,GA,2024-02-08
15232,PA,2024-05-28
15233,TX,2024-07-19
15234,IL,2024-03-16
15235,GA,2025-09-18
15236,NY,2025-12-05
15237,MA,2023-03-16
15238,WA,2024-02-10
15239,WA,2023-01-03
15240,NJ,2025-10-29
15241,MA,2024-05-28
15242,GA,2024-06-23
15243,FL,2023-10-17
15244,GA,2023-06-30
15245,MI,2023-09-23
15246,AZ,2023-03-24
15247,VA,2023-09-15
15248,NJ,2025-08-07
15249,NC,2023-07-18
15250,GA,2024-10-09
15251,VA,2026-01-11
15252,FL,2023-09-23
15253,TX,2025-09-23
15254,NY,2025-05-19
15255,GA,2024-12-31
15256,PA,2025-05-10
15257,NY,2023-01-19
15258,IL,2024-01-06
15259,WA,2025-11-12
15260,AZ,2024-09-10
15261,WA,2024-10-04
15262,FL,2024-01-14
15263,IL,2025-03-27
15264,WA,2025-04-03
15265,NJ,2023-03-31
15266,FL,2023-05-24
15267,VA,2024-09-12
15268,GA,2025-05-13
15269,VA,2023-07-23
15270,IL,2025-05-14
15271,NJ,2023-06-02
15272,NC,2024-06-12
15273,NC,2023-12-05
15274,VA,2025-01-18
15275,NC,2025-12-15
15276,VA,2024-07-09
15277,TX,2025-01-22
15278,NC,2025-07-19
15279,IL,2024-07-04
15280,AZ,2026-02-27
15281,CA,2023-04-08
15282,WA,2025-03-03
15283,NC,2024-02-26
15284,IL,2023-03-21
15285,MI,2023-10-15
15286,NJ,2025-04-26
15287,CO,2023-06-18
15288,NJ,2026-01-07
15289,MI,2023-03-12
15290,MI,2023-09-20
15291,GA,2024-12-12
15292,NJ,2024-12-23
15293,TX,2024-06-13
15294,NY,2025-02-23
15295,VA,2023-07-29
15296,FL,2023-04-27
15297,CO,2024-09-07
15298,NJ,2026-01-05
15299,CO,2023-11-11
15300,TX,2023-01-11
15301,FL,2025-12-10
15302,TX,2025-10-27
15303,NC,2025-08-12
15304,NY,2023-09-18
15305,FL,2023-07-19
15306,IL,2023-11-26
15307,NJ,2023-03-31
15308,AZ,2024-08-13
15309,NJ,2023-02-24
15310,WA,2023-04-02
15311,TX,2023-02-25
15312,NY,2023-03-02
15313,GA,2023-04-27
15314,MI,2024-08-12
15315,CA,2023-08-24
15316,GA,2023-02-02
15317,CA,2025-02-24
15318,MI,2026-01-02
15319,AZ,2023-01-21
15320,MA,2025-07-06
15321,IL,2023-10-29
15322,MA,2023-10-24
15323,MI,2025-02-11
15324,TX,2025-12-03
15325,AZ,2024-02-23
15326,TX,2023-03-03
15327,VA,2025-05-07
15328,NJ,2024-06-21
15329,CA,2024-11-26
15330,FL,2025-03-28
15331,PA,2025-11-25
15332,NY,2025-07-08
15333,NC,2025-09-01
15334,CO,2024-06-25
15335,TX,2025-02-28
15336,MA,2023-02-02
15337,MA,2024-08-03
15338,PA,2023-12-18
15339,GA,2023-09-12
15340,IL,2025-12-09
15341,CA,2025-11-12
15342,CO,2023-09-30
15343,CA,2024-11-23
15344,TX,2023-09-07
15345,NJ,2025-06-22
15346,WA,2023-08-20
15347,CO,2024-03-03
15348,GA,2025-08-14
15349,MI,2024-09-25
15350,MA,2023-08-30
15351,GA,2023-05-14
15352,NJ,2025-12-30
15353,TX,2025-10-20
15354,VA,2023-08-07
15355,WA,2024-11-27
15356,NC,2023-11-03
15357,CO,2023-11-10
15358,PA,2025-07-11
15359,CA,2023-10-08
15360,CO,2023-02-04
15361,MA,2023-03-11
15362,CA,2023-12-26
15363,VA,2024-02-12
15364,VA,2024-08-02
15365,NC,2024-06-02
15366,PA,2024-08-28
15367,NC,2023-03-22
15368,MI,2023-09-07
15369,PA,2025-11-27
15370,IL,2023-02-14
15371,CA,2023-05-17
15372,NY,2025-04-02
15373,WA,2025-09-05
15374,NY,2025-03-30
15375,AZ,2024-01-02
15376,NC,2023-08-17
15377,CA,2023-07-02
15378,IL,2024-04-11
15379,CO,2025-04-17
15380,CO,2023-07-23
15381,VA,2025-09-01
15382,VA,2024-09-14
15383,CO,2025-12-27
15384,NJ,2025-05-18
15385,IL,2024-07-03
15386,NJ,2024-08-26
15387,TX,2025-01-24
15388,CA,2024-09-19
15389,NY,2025-10-12
15390,WA,2023-04-05
15391,VA,2024-11-15
15392,NC,2025-03-07
15393,WA,2026-01-07
15394,NC,2024-01-04
15395,AZ,2023-10-06
15396,CA,2023-12-17
15397,CA,2024-02-10
15398,MI,2024-03-21
15399,GA,2023-11-19
15400,NY,2024-09-21
15401,MA,2023-03-14
15402,NC,2024-06-01
15403,FL,2023-01-22
15404,MA,2023-06-28
15405,CO,2024-12-08
15406,WA,2026-02-06
15407,VA,2025-07-26
15408,PA,2025-10-15
15409,PA,2025-08-05
15410,CA,2024-06-14
15411,FL,2023-12-30
15412,NC,2024-02-29
15413,TX,2025-08-16
15414,NC,2025-12-07
15415,MI,2024-11-02
15416,PA,2025-11-19
15417,WA,2025-10-09
15418,NC,2025-05-28
15419,VA,2025-08-04
15420,NC,2025-09-14
15421,VA,2023-06-01
15422,IL,2023-09-12
15423,NY,2024-12-03
15424,MA,2024-10-15
15425,VA,2025-01-27
15426,TX,2025-11-23
15427,MI,2023-07-06
15428,CA,2025-05-28
15429,NC,2026-01-14
15430,TX,2024-11-03
15431,GA,2025-05-25
15432,NC,2023-04-28
15433,NJ,2025-12-17
15434,NJ,2025-11-07
15435,MI,2025-05-20
15436,IL,2024-04-02
15437,NJ,2024-12-06
15438,IL,2024-10-03
15439,FL,2025-08-23
15440,MI,2023-07-31
15441,CO,2024-04-30
15442,WA,2026-02-17
15443,MA,2025-06-09
15444,GA,2025-10-23
15445,VA,2025-09-28
15446,VA,2025-09-11
15447,AZ,2023-12-09
15448,WA,2025-12-16
15449,NJ,2026-02-11
15450,AZ,2023-10-21
15451,WA,2023-01-28
15452,AZ,2025-05-08
15453,FL,2024-07-26
15454,IL,2025-07-16
15455,NY,2025-11-21
15456,TX,2024-02-01
15457,CA,2025-11-06
15458,NY,2024-08-23
15459,NY,2025-12-11
15460,CO,2024-01-05
15461,CO,2023-06-13
15462,NY,2024-03-25
15463,VA,2024-06-27
15464,AZ,2024-12-10
15465,IL,2023-12-17
15466,MI,2024-01-14
15467,WA,2023-07-20
15468,TX,2026-02-04
15469,WA,2024-05-19
15470,WA,2025-10-08
15471,WA,2025-11-17
15472,TX,2023-12-03
15473,MI,2023-10-14
15474,TX,2024-09-22
15475,FL,2025-11-20
15476,MA,2024-10-27
15477,PA,2023-04-17
15478,PA,2024-05-20
15479,PA,2023-04-27
15480,AZ,2023-03-20
15481,NY,2025-01-10
15482,NC,2023-01-23
15483,FL,2023-12-27
15484,FL,2024-11-30
15485,CA,2023-08-05
15486,NC,2025-09-16
15487,CO,2024-12-07
15488,CA,2024-09-19
15489,CO,2024-07-20
15490,MA,2024-03-18
15491,GA,2024-04-03
15492,CO,2023-05-24
15493,WA,2023-11-10
15494,CO,2025-05-24
15495,AZ,2024-12-29
15496,MI,2024-09-30
15497,NJ,2024-04-18
15498,NC,2024-11-15
15499,PA,2024-08-28
15500,MI,2025-06-20
15501,PA,2023-10-02
15502,TX,2025-01-21
15503,MI,2023-08-05
15504,NC,2026-01-02
15505,MA,2024-11-06
15506,PA,2024-12-10
15507,FL,2025-07-11
15508,WA,2024-02-12
15509,GA,2023-05-28
15510,MA,2026-01-14
15511,FL,2024-05-17
15512,IL,2023-08-20
15513,NC,2024-05-12
15514,AZ,2024-02-27
15515,NJ,2023-09-04
15516,MA,2023-04-15
15517,VA,2023-08-22
15518,NC,2024-04-19
15519,VA,2025-09-30
15520,GA,2025-01-28
15521,FL,2025-05-24
15522,NC,2023-04-22
15523,TX,2023-01-23
15524,CO,2025-07-25
15525,MI,2023-11-11
15526,CA,2023-07-21
15527,GA,2024-09-09
15528,VA,2024-08-28
15529,CA,2025-09-21
15530,NY,2023-01-25
15531,VA,2024-10-18
15532,CO,2024-06-14
15533,GA,2023-02-15
15534,MA,2025-11-24
15535,TX,2023-07-21
15536,MA,2023-12-31
15537,IL,2024-04-14
15538,NY,2025-02-15
15539,TX,2024-02-20
15540,NJ,2024-11-29
15541,VA,2025-03-20
15542,PA,2023-07-09
15543,VA,2023-12-15
15544,NC,2024-01-08
15545,NC,2025-09-11
15546,VA,2025-09-13
15547,PA,2023-04-21
15548,MI,2024-10-07
15549,WA,2025-11-02
15550,NC,2024-06-06
15551,FL,2026-01-30
15552,NY,2023-07-16
15553,FL,2023-02-24
15554,PA,2023-07-02
15555,CO,2025-11-08
15556,WA,2023-12-29
15557,WA,2024-04-17
15558,VA,2023-01-09
15559,PA,2024-10-21
15560,PA,2023-01-25
15561,NC,2025-12-16
15562,TX,2025-04-03
15563,VA,2023-03-09
15564,CO,2025-10-21
15565,IL,2023-02-17
15566,NY,2025-08-02
15567,NY,2025-12-07
15568,GA,2023-12-21
15569,VA,2025-10-06
15570,MA,2024-03-12
15571,NC,2024-11-30
15572,GA,2024-09-17
15573,AZ,2023-03-31
15574,IL,2024-01-04
15575,MI,2025-07-27
15576,WA,2025-08-12
15577,PA,2024-05-14
15578,CA,2024-12-04
15579,PA,2023-05-13
15580,IL,2023-06-21
15581,IL,2025-02-01
15582,TX,2024-03-16
15583,TX,2025-09-11
15584,MI,2023-04-22
15585,TX,2025-11-29
15586,TX,2023-04-12
15587,MA,2023-12-07
15588,NC,2025-07-08
15589,NJ,2025-03-24
15590,NY,2023-07-15
15591,NC,2026-02-10
15592,VA,2024-05-19
15593,NC,2025-12-30
15594,NY,2023-08-07
15595,TX,2023-06-14
15596,NC,2024-01-16
15597,PA,2024-01-04
15598,MA,2023-01-08
15599,TX,2024-03-23
15600,MA,2023-02-03
15601,GA,2024-05-11
15602,NJ,2025-05-13
15603,NC,2023-01-22
15604,PA,2024-10-24
15605,MI,2024-08-12
15606,NJ,2024-11-07
15607,FL,2026-01-27
15608,MA,2023-09-28
15609,GA,2023-01-01
15610,AZ,2023-10-14
15611,CO,2025-07-27
15612,CO,2025-05-03
15613,GA,2023-02-19
15614,AZ,2024-09-08
15615,WA,2023-07-09
15616,AZ,2025-12-02
15617,WA,2025-01-29
15618,TX,2023-03-07
15619,WA,2024-01-31
15620,CO,2023-05-08
15621,PA,2024-11-27
15622,WA,2023-07-07
15623,FL,2024-07-31
15624,CO,2025-04-20
15625,MA,2025-01-31
15626,MI,2024-10-28
15627,AZ,2025-07-21
15628,AZ,2023-03-20
15629,IL,2025-11-08
15630,WA,2023-02-14
15631,AZ,2023-05-09
15632,WA,2024-09-09
15633,VA,2025-02-01
15634,NC,2025-03-03
15635,NY,2024-02-01
15636,VA,2023-10-02
15637,MI,2023-05-18
15638,FL,2025-02-21
15639,CO,2023-08-03
15640,CO,2023-08-16
15641,NJ,2023-04-17
15642,CA,2023-06-08
15643,NY,2023-01-30
15644,WA,2026-01-26
15645,GA,2024-08-31
15646,NC,2025-02-07
15647,NJ,2025-02-22
15648,PA,2025-05-31
15649,VA,2025-07-11
15650,NJ,2023-12-08
15651,MA,2023-06-17
15652,NC,2024-11-14
15653,WA,2024-09-23
15654,CA,2024-03-07
15655,MI,2023-02-08
15656,MI,2025-09-06
15657,IL,2024-01-22
15658,PA,2025-02-07
15659,CO,2025-03-01
15660,MA,2025-01-11
15661,NY,2026-02-12
15662,PA,2024-02-05
15663,WA,2026-01-31
15664,AZ,2023-04-12
15665,NJ,2024-10-16
15666,FL,2026-01-18
15667,GA,2026-02-15
15668,NC,2025-06-21
15669,CA,2025-01-21
15670,PA,2023-03-28
15671,IL,2025-05-08
15672,TX,2023-11-15
15673,NJ,2025-08-24
15674,GA,2025-06-05
15675,WA,2024-09-24
15676,VA,2026-01-18
15677,IL,2024-10-13
15678,NJ,2026-02-09
15679,GA,2025-08-07
15680,GA,2023-08-28
15681,CO,2023-05-23
15682,GA,2025-08-11
15683,FL,2023-04-29
15684,IL,2024-08-18
15685,WA,2023-06-12
15686,WA,2024-10-15
15687,FL,2023-12-16
15688,NY,2023-01-31
15689,PA,2024-04-02
15690,IL,2023-04-01
15691,GA,2023-05-08
15692,PA,2025-02-17
15693,CA,2025-08-27
15694,AZ,2025-04-27
15695,MA,2025-03-02
15696,IL,2024-05-23
15697,TX,2025-07-24
15698,CA,2025-01-14
15699,VA,2025-01-09
15700,FL,2023-08-25
15701,MI,2025-10-09
15702,AZ,2025-09-03
15703,GA,2025-10-19
15704,MI,2025-12-10
15705,NY,2024-04-13
15706,TX,2024-01-23
15707,NY,2025-12-21
15708,AZ,2025-01-05
15709,NY,2024-10-15
15710,NC,2023-02-10
15711,NJ,2025-08-10
15712,NJ,2025-03-19
15713,CO,2024-01-17
15714,TX,2023-04-06
15715,MA,2025-06-30
15716,CO,2025-02-25
15717,TX,2023-10-20
15718,NY,2023-12-07
15719,VA,2024-12-19
15720,VA,2025-08-14
15721,CO,2024-06-21
15722,TX,2025-05-21
15723,MA,2025-08-17
15724,PA,2024-01-16
15725,CA,2025-05-08
15726,AZ,2024-08-21
15727,MI,2025-07-18
15728,PA,2025-11-12
15729,IL,2025-01-31
15730,PA,2023-12-30
15731,PA,2024-07-19
15732,VA,2025-08-26
15733,GA,2025-04-06
15734,PA,2024-05-19
15735,TX,2023-08-06
15736,AZ,2024-04-26
15737,MA,2025-07-25
15738,VA,2025-01-18
15739,IL,2025-04-15
15740,CO,2024-05-03
15741,TX,2025-03-10
15742,TX,2023-07-30
15743,FL,2024-10-27
15744,TX,2023-09-16
15745,GA,2024-01-07
15746,NJ,2025-09-18
15747,FL,2023-03-29
15748,IL,2024-02-04
15749,CO,2023-11-05
15750,NJ,2023-01-04
15751,VA,2023-08-14
15752,CO,2023-12-05
15753,MI,2026-01-30
15754,WA,2023-02-27
15755,WA,2024-07-09
15756,IL,2025-07-07
15757,NC,2024-06-07
15758,MA,2024-06-09
15759,VA,2025-12-04
15760,VA,2023-01-24
15761,NC,2025-02-01
15762,AZ,2023-08-30
15763,MA,2023-07-22
15764,VA,2023-08-25
15765,FL,2025-08-08
15766,IL,2025-10-18
15767,MA,2023-10-21
15768,WA,2026-01-15
15769,WA,2023-07-29
15770,NY,2025-02-26
15771,MA,2025-10-22
15772,PA,2023-08-17
15773,IL,2024-02-14
15774,NJ,2025-02-08
15775,CA,2025-08-20
15776,FL,2024-04-02
15777,TX,2024-07-07
15778,PA,2023-08-01
15779,MI,2024-01-21
15780,TX,2024-06-11
15781,MA,2025-09-16
15782,NJ,2023-04-12
15783,PA,2024-01-25
15784,NC,2025-04-20
15785,FL,2023-08-23
15786,MI,2023-04-24
15787,PA,2025-09-08
15788,CO,2025-12-26
15789,NJ,2025-03-19
15790,GA,2025-11-29
15791,TX,2023-04-13
15792,WA,2024-02-15
15793,FL,2025-03-18
15794,AZ,2025-11-26
15795,PA,2023-03-08
15796,NC,2024-02-07
15797,MI,2023-07-25
15798,IL,2023-12-07
15799,NJ,2025-12-11
15800,NC,2024-03-01
15801,FL,2025-08-13
15802,CO,2023-07-28
15803,TX,2024-11-06
15804,NJ,2025-11-11
15805,WA,2024-01-04
15806,VA,2025-09-20
15807,CA,2023-03-23
15808,VA,2024-01-12
15809,MI,2023-01-03
15810,IL,2024-11-14
15811,NJ,2026-02-15
15812,WA,2025-02-02
15813,CO,2023-09-23
15814,GA,2024-03-10
15815,CO,2024-11-12
15816,CO,2024-12-25
15817,PA,2025-03-03
15818,AZ,2024-01-11
15819,VA,2024-01-01
15820,TX,2025-02-05
15821,FL,2024-03-03
15822,MI,2025-10-28
15823,NJ,2025-11-30
15824,FL,2024-10-04
15825,MI,2024-07-17
15826,MI,2026-01-30
15827,AZ,2023-09-01
15828,NJ,2025-04-24
15829,WA,2025-07-27
15830,VA,2023-10-30
15831,GA,2024-01-05
15832,PA,2025-04-30
15833,GA,2023-10-02
15834,NC,2023-03-11
15835,VA,2023-02-16
15836,PA,2023-04-27
15837,AZ,2024-05-31
15838,CA,2025-04-11
15839,AZ,2024-09-10
15840,AZ,2025-01-25
15841,CO,2025-08-17
15842,AZ,2023-02-05
15843,CA,2025-06-23
15844,NY,2024-02-11
15845,MA,2024-02-16
15846,MI,2024-05-02
15847,CO,2025-02-17
15848,CA,2025-04-11
15849,MI,2026-01-01
15850,TX,2024-10-05
15851,MA,2024-02-17
15852,VA,2023-05-04
15853,GA,2025-10-02
15854,CO,2024-10-14
15855,CO,2023-08-20
15856,MI,2024-03-08
15857,GA,2024-05-05
15858,NC,2023-03-27
15859,TX,2025-11-19
15860,CO,2025-05-24
15861,CA,2023-06-05
15862,CO,2025-01-26
15863,VA,2025-06-16
15864,MA,2024-06-15
15865,VA,2023-06-01
15866,MI,2026-01-05
15867,CO,2023-06-21
15868,CA,2025-01-31
15869,IL,2026-02-25
15870,MA,2024-11-23
15871,AZ,2023-07-14
15872,NJ,2023-04-10
15873,WA,2025-09-28
15874,AZ,2025-06-27
15875,WA,2024-03-03
15876,MA,2024-08-09
15877,MI,2025-07-08
15878,NJ,2023-09-13
15879,MI,2024-12-21
15880,TX,2024-02-08
15881,IL,2025-08-17
15882,MA,2024-08-02
15883,CA,2025-12-13
15884,PA,2024-02-11
15885,NY,2023-08-30
15886,PA,2023-02-16
15887,FL,2023-04-25
15888,VA,2025-10-13
15889,CO,2025-03-16
15890,NJ,2023-05-10
15891,VA,2025-09-20
15892,AZ,2024-05-09
15893,NC,2023-03-23
15894,IL,2025-08-22
15895,CA,2024-10-30
15896,NC,2025-11-14
15897,WA,2025-03-19
15898,MA,2025-11-30
15899,MI,2024-03-20
15900,VA,2025-05-18
15901,IL,2024-07-14
15902,VA,2023-02-26
15903,VA,2023-01-06
15904,PA,2025-08-02
15905,GA,2024-08-01
15906,CO,2025-07-03
15907,MI,2023-06-11
15908,FL,2025-02-13
15909,VA,2023-02-26
15910,NJ,2024-06-11
15911,PA,2025-12-18
15912,WA,2024-06-29
15913,MA,2023-02-15
15914,CO,2025-07-21
15915,WA,2025-03-21
15916,GA,2023-02-16
15917,AZ,2023-09-09
15918,NC,2023-06-15
15919,PA,2024-01-03
15920,FL,2026-03-01
15921,FL,2024-08-04
15922,VA,2024-07-25
15923,CO,2023-12-14
15924,CA,2025-04-24
15925,CO,2024-09-09
15926,WA,2024-05-11
15927,VA,2024-11-26
15928,AZ,2024-05-25
15929,NJ,2024-03-27
15930,CA,2024-06-26
15931,FL,2023-08-04
15932,NY,2024-04-14
15933,FL,2025-05-02
15934,CO,2023-10-31
15935,WA,2023-10-25
15936,CA,2023-10-13
15937,MA,2025-10-08
15938,CA,2023-05-06
15939,GA,2023-02-20
15940,TX,2025-12-10
15941,PA,2024-04-15
15942,TX,2024-10-31
15943,MI,2024-03-13
15944,MI,2025-04-30
15945,IL,2023-12-08
15946,NC,2026-03-01
15947,IL,2025-01-18
15948,VA,2024-06-07
15949,NJ,2024-10-16
15950,NJ,2024-05-20
15951,IL,2024-02-03
15952,VA,2025-06-24
15953,CA,2026-02-15
15954,WA,2023-03-02
15955,PA,2023-11-09
15956,IL,2023-09-22
15957,CO,2025-11-18
15958,VA,2024-12-12
15959,CA,2025-07-01
15960,WA,2023-12-05
15961,TX,2023-03-30
15962,NY,2023-11-28
15963,NJ,2023-06-01
15964,CO,2024-12-08
15965,MA,2023-05-06
15966,NC,2025-12-02
15967,MA,2024-02-25
15968,WA,2023-09-10
15969,PA,2025-09-25
15970,VA,2023-10-20
15971,GA,2023-06-18
15972,WA,2025-01-03
15973,NY,2023-01-16
15974,TX,2023-02-06
15975,FL,2023-10-23
15976,MI,2024-03-10
15977,WA,2023-11-16
15978,VA,2024-06-17
15979,TX,2024-07-27
15980,PA,2025-07-11
15981,AZ,2025-11-05
15982,MA,2025-09-07
15983,WA,2024-01-30
15984,WA,2023-10-04
15985,IL,2024-10-10
15986,MA,2023-10-10
15987,NC,2025-09-25
15988,NC,2023-03-27
15989,CO,2023-07-26
15990,GA,2024-07-16
15991,NJ,2024-04-21
15992,FL,2024-08-14
15993,WA,2023-05-11
15994,MI,2024-02-04
15995,WA,2023-05-16
15996,CO,2023-06-19
15997,GA,2025-08-26
15998,MA,2023-07-18
15999,MI,2025-01-08
16000,WA,2025-12-07
16001,TX,2025-02-03
16002,CA,2023-04-13
16003,NJ,2024-07-01
16004,GA,2023-01-06
16005,WA,2024-12-11
16006,GA,2023-01-12
16007,NC,2023-04-13
16008,MI,2024-11-29
16009,PA,2024-03-02
16010,VA,2023-06-20
16011,AZ,2023-03-30
16012,FL,2024-12-16
16013,WA,2025-05-04
16014,FL,2024-08-22
16015,NY,2024-03-01
16016,PA,2025-10-07
16017,CA,2025-09-22
16018,CO,2026-02-17
16019,FL,2023-06-27
16020,WA,2026-02-26
16021,IL,2024-07-16
16022,AZ,2024-02-22
16023,CO,2024-07-07
16024,NJ,2023-08-30
16025,CO,2024-02-12
16026,MA,2025-11-07
16027,FL,2025-12-06
16028,IL,2025-04-01
16029,FL,2024-06-13
16030,MI,2024-05-14
16031,AZ,2023-07-11
16032,MA,2023-02-18
16033,PA,2023-04-04
16034,VA,2025-07-19
16035,PA,2023-06-16
16036,MI,2023-09-11
16037,VA,2023-02-26
16038,VA,2023-01-06
16039,NJ,2023-08-26
16040,AZ,2025-01-02
16041,CA,2024-08-12
16042,WA,2023-01-20
16043,MI,2025-02-15
16044,AZ,2023-05-22
16045,NC,2024-01-11
16046,PA,2024-02-11
16047,MI,2025-03-26
16048,NC,2023-03-21
16049,MI,2023-07-29
16050,FL,2025-02-06
16051,NJ,2024-01-12
16052,MA,2023-02-09
16053,VA,2024-03-28
16054,GA,2024-12-14
16055,WA,2023-03-27
16056,FL,2023-08-24
16057,MI,2024-10-05
16058,GA,2024-10-28
16059,WA,2023-12-27
16060,GA,2025-05-17
16061,CO,2025-01-19
16062,FL,2023-06-24
16063,NJ,2025-04-07
16064,NJ,2025-03-14
16065,MA,2023-03-02
16066,WA,2025-02-13
16067,NC,2024-02-18
16068,FL,2023-04-26
16069,WA,2026-02-25
16070,WA,2025-10-25
16071,NJ,2024-11-28
16072,MI,2025-03-10
16073,GA,2024-09-18
16074,PA,2024-02-28
16075,GA,2024-06-06
16076,IL,2023-06-24
16077,AZ,2025-06-16
16078,FL,2025-09-13
16079,MI,2024-01-09
16080,NY,2024-09-23
16081,AZ,2023-08-25
16082,TX,2025-10-06
16083,NY,2025-08-25
16084,WA,2024-03-18
16085,IL,2025-11-27
16086,NJ,2025-02-22
16087,WA,2025-10-16
16088,NY,2025-06-05
16089,PA,2025-04-25
16090,WA,2025-04-21
16091,GA,2024-09-26
16092,FL,2023-06-05
16093,PA,2024-12-29
16094,NC,2025-03-23
16095,NY,2024-10-01
16096,TX,2026-02-23
16097,TX,2025-11-30
16098,GA,2023-07-05
16099,FL,2024-04-05
16100,MI,2024-06-29
16101,CA,2024-11-29
16102,CA,2023-11-03
16103,MI,2025-08-02
16104,MA,2023-05-17
16105,MA,2025-06-11
16106,NY,2024-10-16
16107,GA,2024-09-12
16108,GA,2023-06-06
16109,WA,2023-06-30
16110,MI,2024-02-13
16111,MI,2025-05-02
16112,TX,2025-09-03
16113,TX,2025-11-17
16114,PA,2025-05-20
16115,TX,2024-09-03
16116,IL,2023-03-10
16117,FL,2024-08-24
16118,CO,2023-01-17
16119,MI,2025-04-28
16120,VA,2025-05-28
16121,NJ,2025-04-14
16122,VA,2024-06-29
16123,NJ,2023-03-01
16124,NJ,2023-07-03
16125,WA,2025-04-17
16126,CA,2025-10-18
16127,GA,2025-01-22
16128,CA,2024-12-23
16129,IL,2026-02-16
16130,CA,2023-11-26
16131,TX,2025-02-19
16132,MI,2025-10-25
16133,NC,2024-02-06
16134,WA,2024-09-19
16135,MI,2023-07-22
16136,NC,2025-11-26
16137,MA,2023-02-23
16138,AZ,2023-10-15
16139,NC,2025-12-04
16140,CO,2023-10-11
16141,PA,2025-04-12
16142,GA,2024-08-04
16143,IL,2023-02-11
16144,MI,2023-09-29
16145,NJ,2025-07-05
16146,GA,2024-07-24
16147,CO,2025-01-21
16148,GA,2023-02-16
16149,NC,2023-05-06
16150,FL,2024-04-16
16151,GA,2025-03-21
16152,MI,2024-09-12
16153,MA,2024-11-07
16154,WA,2024-01-05
16155,WA,2025-02-09
16156,CA,2024-08-10
16157,NY,2023-01-07
16158,NC,2024-11-28
16159,TX,2023-03-06
16160,AZ,2023-07-21
16161,AZ,2023-05-22
16162,CO,2026-01-26
16163,IL,2025-03-27
16164,PA,2023-08-05
16165,NC,2025-09-17
16166,NJ,2023-09-19
16167,VA,2023-10-11
16168,MI,2023-04-12
16169,AZ,2024-01-12
16170,WA,2023-07-25
16171,VA,2025-11-02
16172,CA,2025-01-30
16173,PA,2026-02-20
16174,NJ,2023-01-10
16175,PA,2023-05-31
16176,GA,2025-11-26
16177,TX,2025-02-14
16178,TX,2025-10-25
16179,NY,2025-06-08
16180,FL,2026-02-21
16181,PA,2024-02-07
16182,NY,2025-07-27
16183,VA,2025-03-21
16184,GA,2025-11-24
16185,PA,2024-05-13
16186,NC,2024-05-26
16187,MA,2023-11-13
16188,CO,2023-10-30
16189,TX,2026-01-30
16190,IL,2023-03-23
16191,MI,2024-10-19
16192,NC,2023-07-12
16193,IL,2023-08-12
16194,VA,2023-02-22
16195,CA,2025-10-11
16196,IL,2023-12-11
16197,VA,2026-01-13
16198,AZ,2025-09-13
16199,TX,2024-10-02
16200,NJ,2023-07-30
16201,TX,2025-05-13
16202,TX,2025-02-14
16203,NC,2025-07-03
16204,NJ,2023-07-02
16205,MI,2024-05-20
16206,NJ,2023-01-12
16207,MI,2023-04-03
16208,NC,2023-11-26
16209,NJ,2023-07-09
16210,CO,2025-05-15
16211,VA,2025-08-11
16212,WA,2025-10-18
16213,FL,2023-10-20
16214,VA,2023-09-18
16215,GA,2024-12-10
16216,GA,2023-11-19
16217,CA,2023-01-10
16218,NY,2025-08-22
16219,CO,2023-03-29
16220,WA,2023-12-06
16221,MA,2024-11-17
16222,CA,2023-07-28
16223,PA,2025-12-08
16224,NC,2025-07-10
16225,PA,2023-09-20
16226,WA,2024-10-31
16227,NJ,2023-01-20
16228,PA,2024-07-21
16229,TX,2025-08-27
16230,NC,2026-02-05
16231,PA,2023-05-20
16232,PA,2026-01-19
16233,AZ,2023-09-28
16234,NY,2023-10-11
16235,NY,2024-01-01
16236,GA,2024-04-28
16237,VA,2023-01-03
16238,FL,2025-09-30
16239,FL,2025-02-22
16240,MA,2023-06-13
16241,NC,2024-01-23
16242,NC,2025-09-21
16243,VA,2025-10-29
16244,NY,2025-10-12
16245,TX,2023-01-12
16246,TX,2023-03-15
16247,IL,2023-08-26
16248,TX,2026-02-05
16249,NJ,2025-07-03
16250,WA,2023-08-22
16251,FL,2026-01-20
16252,TX,2025-05-21
16253,CO,2026-02-13
16254,AZ,2023-06-02
16255,NC,2026-02-05
16256,TX,2024-06-11
16257,IL,2025-03-21
16258,VA,2023-02-25
16259,MI,2024-09-06
16260,MA,2025-07-22
16261,MA,2024-10-24
16262,NY,2023-10-27
16263,AZ,2025-09-02
16264,TX,2024-09-21
16265,PA,2023-05-24
16266,NC,2023-08-17
16267,NC,2024-04-10
16268,MI,2023-05-17
16269,FL,2023-08-28
16270,MA,2024-03-24
16271,NY,2023-05-31
16272,TX,2025-03-13
16273,MA,2023-12-19
16274,MA,2026-02-07
16275,MI,2024-04-10
16276,NC,2025-11-29
16277,TX,2024-10-15
16278,PA,2023-02-22
16279,CA,2026-01-08
16280,PA,2023-12-17
16281,TX,2025-01-08
16282,WA,2023-12-06
16283,MA,2026-02-18
16284,FL,2023-03-06
16285,VA,2023-10-23
16286,VA,2025-07-30
16287,NJ,2023-07-24
16288,NJ,2024-10-08
16289,MI,2023-05-15
16290,CA,2024-01-13
16291,IL,2025-12-11
16292,NY,2025-05-17
16293,PA,2024-08-02
16294,TX,2025-10-13
16295,FL,2024-12-10
16296,IL,2023-03-08
16297,IL,2023-01-03
16298,MA,2024-05-24
16299,WA,2025-02-15
16300,MA,2023-04-12
16301,NY,2025-03-09
16302,CA,2025-01-03
16303,PA,2025-11-10
16304,NC,2024-01-22
16305,CO,2024-06-16
16306,CA,2023-04-02
16307,PA,2025-04-18
16308,NY,2024-05-19
16309,NJ,2025-04-20
16310,PA,2024-11-17
16311,NC,2024-12-25
16312,IL,2023-05-28
16313,CA,2025-07-22
16314,NC,2025-06-02
16315,TX,2023-11-10
16316,MA,2024-10-18
16317,PA,2023-10-25
16318,CO,2023-08-11
16319,FL,2023-12-19
16320,PA,2024-02-20
16321,TX,2023-03-03
16322,CA,2024-08-30
16323,PA,2024-09-15
16324,GA,2024-01-11
16325,NC,2024-08-21
16326,IL,2024-02-09
16327,IL,2025-07-17
16328,GA,2024-01-25
16329,CA,2025-02-04
16330,IL,2023-12-14
16331,PA,2025-12-23
16332,WA,2025-08-15
16333,VA,2024-05-31
16334,NJ,2023-11-26
16335,MI,2025-08-31
16336,IL,2023-04-02
16337,AZ,2023-07-09
16338,NJ,2024-07-25
16339,CO,2023-07-24
16340,WA,2023-07-31
16341,NY,2025-02-08
16342,PA,2023-03-30
16343,PA,2025-08-12
16344,NY,2023-12-29
16345,NC,2023-11-28
16346,WA,2025-07-09
16347,TX,2024-12-08
16348,NC,2025-04-23
16349,TX,2024-11-25
16350,CO,2024-02-26
16351,MA,2025-02-01
16352,CA,2025-01-05
16353,PA,2024-12-10
16354,VA,2023-09-06
16355,PA,2023-06-30
16356,WA,2024-04-27
16357,GA,2025-02-27
16358,FL,2023-09-05
16359,CA,2023-11-15
16360,CO,2025-08-21
16361,WA,2024-11-30
16362,NY,2024-06-14
16363,MI,2026-02-10
16364,PA,2024-07-16
16365,CA,2023-05-03
16366,AZ,2025-01-19
16367,PA,2023-11-15
16368,PA,2024-08-08
16369,PA,2023-09-02
16370,TX,2024-06-27
16371,GA,2023-06-02
16372,CA,2024-10-17
16373,FL,2023-01-15
16374,CO,2023-09-02
16375,CO,2025-03-01
16376,NC,2024-07-20
16377,PA,2024-07-07
16378,NJ,2025-06-17
16379,VA,2023-02-21
16380,NJ,2023-01-11
16381,CO,2025-04-02
16382,NC,2023-08-15
16383,CO,2023-04-24
16384,FL,2024-08-26
16385,CO,2026-01-15
16386,GA,2024-08-15
16387,MA,2025-07-25
16388,AZ,2023-07-29
16389,PA,2025-08-08
16390,NY,2025-10-01
16391,GA,2024-09-02
16392,NJ,2025-12-16
16393,CO,2025-12-22
16394,VA,2023-12-04
16395,WA,2024-12-25
16396,MI,2025-03-25
16397,PA,2024-06-15
16398,TX,2025-01-28
16399,MA,2023-01-06
16400,AZ,2024-08-07
16401,AZ,2024-09-10
16402,MI,2025-03-07
16403,NY,2023-12-22
16404,VA,2023-08-07
16405,TX,2024-01-02
16406,PA,2025-06-07
16407,GA,2024-07-14
16408,FL,2023-12-30
16409,FL,2024-05-19
16410,TX,2023-06-26
16411,WA,2025-03-23
16412,TX,2024-07-30
16413,GA,2025-03-28
16414,MI,2025-12-13
16415,TX,2025-03-29
16416,NY,2024-04-23
16417,PA,2024-12-22
16418,WA,2024-08-03
16419,IL,2025-01-15
16420,CA,2025-11-04
16421,AZ,2025-05-27
16422,PA,2023-05-14
16423,NJ,2024-12-18
16424,IL,2025-11-13
16425,NC,2024-01-12
16426,TX,2024-10-13
16427,FL,2026-02-19
16428,IL,2023-06-15
16429,CO,2025-11-30
16430,MI,2026-01-03
16431,GA,2023-09-29
16432,IL,2025-09-16
16433,MA,2023-06-15
16434,MI,2025-01-31
16435,AZ,2026-01-14
16436,WA,2024-10-10
16437,AZ,2025-04-24
16438,PA,2024-07-04
16439,MI,2024-08-21
16440,GA,2023-06-04
16441,FL,2024-02-21
16442,NC,2023-03-08
16443,NJ,2024-05-31
16444,IL,2025-12-18
16445,WA,2025-10-03
16446,CA,2024-08-10
16447,WA,2025-02-10
16448,VA,2025-01-29
16449,WA,2025-11-05
16450,AZ,2023-06-25
16451,GA,2023-11-18
16452,CA,2023-05-16
16453,MI,2024-03-03
16454,WA,2025-07-19
16455,MI,2025-06-29
16456,MA,2024-11-10
16457,NJ,2023-11-18
16458,IL,2025-02-19
16459,IL,2023-06-20
16460,PA,2025-07-12
16461,MA,2023-05-09
16462,IL,2024-11-10
16463,WA,2024-02-01
16464,NC,2023-03-02
16465,WA,2026-02-14
16466,GA,2024-04-17
16467,AZ,2025-01-07
16468,CO,2024-02-01
16469,AZ,2025-03-14
16470,PA,2025-08-14
16471,MI,2024-10-16
16472,NC,2024-08-24
16473,AZ,2023-09-25
16474,FL,2023-03-17
16475,FL,2025-12-28
16476,NC,2025-06-16
16477,WA,2025-10-28
16478,VA,2025-04-01
16479,VA,2023-03-29
16480,TX,2024-06-08
16481,MI,2025-04-05
16482,CO,2024-07-28
16483,MA,2024-11-17
16484,WA,2025-09-01
16485,NC,2024-05-20
16486,TX,2023-03-15
16487,MI,2025-03-16
16488,WA,2024-08-03
16489,TX,2025-12-28
16490,NC,2023-08-11
16491,WA,2025-06-15
16492,CA,2024-01-21
16493,IL,2023-05-02
16494,NC,2025-01-02
16495,FL,2025-04-02
16496,FL,2024-04-01
16497,CO,2023-06-13
16498,NY,2023-04-02
16499,FL,2023-12-02
16500,MI,2024-08-08
16501,NY,2025-07-23
16502,CA,2023-11-10
16503,NC,2024-08-24
16504,VA,2025-09-20
16505,VA,2025-06-28
16506,TX,2024-07-14
16507,PA,2024-04-29
16508,CO,2024-10-17
16509,IL,2024-09-18
16510,PA,2023-03-07
16511,MA,2023-07-20
16512,NY,2024-04-12
16513,IL,2024-03-09
16514,AZ,2023-05-18
16515,CO,2025-10-12
16516,CO,2025-12-11
16517,FL,2025-03-12
16518,IL,2025-05-11
16519,AZ,2023-05-16
16520,WA,2026-01-03
16521,GA,2024-03-24
16522,CO,2023-03-10
16523,NY,2025-08-10
16524,PA,2025-03-23
16525,VA,2025-10-11
16526,MA,2026-02-18
16527,MA,2023-04-07
16528,NJ,2024-01-12
16529,AZ,2025-12-12
16530,AZ,2023-01-09
16531,PA,2025-10-01
16532,CA,2023-11-27
16533,CA,2023-09-08
16534,PA,2023-12-26
16535,FL,2023-12-15
16536,WA,2023-05-04
16537,MI,2024-09-25
16538,FL,2023-07-18
16539,MA,2025-04-08
16540,TX,2025-07-06
16541,MA,2026-01-23
16542,VA,2023-01-30
16543,CO,2026-01-20
16544,IL,2024-08-18
16545,IL,2025-11-04
16546,CO,2024-10-16
16547,CO,2025-03-31
16548,MA,2024-04-04
16549,IL,2023-01-23
16550,IL,2023-11-22
16551,NC,2025-05-26
16552,NJ,2026-01-15
16553,VA,2024-11-15
16554,VA,2023-09-20
16555,IL,2025-03-17
16556,CO,2024-03-08
16557,CA,2024-07-13
16558,WA,2024-05-22
16559,TX,2023-02-18
16560,PA,2023-06-17
16561,CO,2024-03-16
16562,NJ,2024-08-16
16563,IL,2023-08-16
16564,AZ,2023-08-02
16565,NY,2025-05-29
16566,MI,2024-08-30
16567,VA,2025-01-19
16568,MA,2025-11-07
16569,MA,2024-04-11
16570,VA,2023-12-10
16571,WA,2023-11-20
16572,CO,2025-12-19
16573,AZ,2025-05-11
16574,WA,2025-12-08
16575,CA,2024-11-08
16576,GA,2024-11-10
16577,FL,2025-04-27
16578,VA,2024-07-29
16579,NY,2024-06-28
16580,FL,2023-02-27
16581,AZ,2023-03-05
16582,VA,2025-06-17
16583,GA,2023-05-05
16584,NY,2023-03-02
16585,FL,2024-01-15
16586,NY,2025-09-04
16587,WA,2023-03-07
16588,TX,2025-03-08
16589,NC,2025-01-24
16590,NY,2024-09-23
16591,AZ,2025-08-15
16592,GA,2023-08-15
16593,WA,2023-07-11
16594,NC,2025-01-21
16595,WA,2026-02-23
16596,CA,2025-08-13
16597,IL,2023-04-09
16598,VA,2023-12-10
16599,MA,2023-08-31
16600,CA,2023-01-20
16601,GA,2023-12-25
16602,CO,2024-03-08
16603,PA,2025-09-26
16604,AZ,2024-09-02
16605,AZ,2024-05-01
16606,CO,2023-11-26
16607,MA,2023-07-04
16608,WA,2023-12-01
16609,TX,2024-05-20
16610,MI,2024-04-07
16611,PA,2025-09-21
16612,AZ,2023-01-03
16613,GA,2024-10-30
16614,AZ,2023-06-24
16615,MA,2025-09-26
16616,NJ,2023-10-25
16617,NC,2023-04-28
16618,NC,2025-02-27
16619,CO,2024-10-03
16620,AZ,2023-07-25
16621,IL,2025-11-24
16622,PA,2023-01-30
16623,AZ,2025-07-30
16624,NJ,2025-04-02
16625,AZ,2023-09-14
16626,WA,2023-07-01
16627,MI,2023-07-27
16628,CO,2025-05-28
16629,TX,2023-12-08
16630,PA,2024-01-13
16631,VA,2024-02-15
16632,VA,2024-01-18
16633,MA,2025-04-16
16634,NY,2024-07-24
16635,TX,2024-01-04
16636,MI,2026-02-04
16637,VA,2023-10-07
16638,PA,2023-03-13
16639,MI,2024-09-14
16640,NY,2024-05-19
16641,WA,2025-08-07
16642,MA,2023-04-16
16643,NJ,2023-06-08
16644,NC,2023-01-14
16645,NJ,2023-01-05
16646,NJ,2025-10-15
16647,NJ,2023-07-30
16648,MI,2023-11-23
16649,NC,2025-05-07
16650,MI,2024-04-10
16651,MI,2026-01-07
16652,MI,2025-01-15
16653,VA,2023-06-26
16654,AZ,2023-05-12
16655,CA,2025-02-15
16656,VA,2024-02-20
16657,NC,2023-12-10
16658,GA,2024-04-29
16659,CA,2024-07-31
16660,CA,2023-12-11
16661,AZ,2024-04-19
16662,MI,2024-06-08
16663,PA,2023-02-15
16664,NC,2025-09-07
16665,CO,2023-01-23
16666,IL,2023-03-08
16667,IL,2024-09-17
16668,PA,2023-07-25
16669,GA,2023-09-15
16670,MI,2024-06-29
16671,FL,2025-03-18
16672,CO,2023-09-10
16673,FL,2023-06-02
16674,AZ,2023-03-18
16675,NY,2024-12-03
16676,NJ,2024-06-23
16677,MI,2024-12-25
16678,CO,2024-01-04
16679,PA,2024-07-21
16680,MA,2024-09-15
16681,FL,2023-06-04
16682,GA,2025-03-04
16683,MI,2023-09-28
16684,GA,2024-07-15
16685,CO,2025-12-27
16686,AZ,2023-05-12
16687,CA,2025-04-24
16688,MA,2023-09-22
16689,WA,2023-08-08
16690,MA,2025-06-17
16691,PA,2025-07-25
16692,GA,2025-09-15
16693,NY,2023-10-16
16694,VA,2026-01-07
16695,AZ,2025-01-20
16696,NJ,2023-11-16
16697,FL,2023-11-14
16698,FL,2024-05-01
16699,NY,2024-08-10
16700,TX,2023-02-08
16701,NJ,2025-07-31
16702,AZ,2023-04-15
16703,AZ,2024-05-21
16704,VA,2024-07-23
16705,CO,2023-11-25
16706,PA,2025-09-10
16707,GA,2023-11-04
16708,IL,2023-08-10
16709,NC,2024-10-17
16710,NY,2025-11-16
16711,NY,2024-11-03
16712,MA,2023-05-31
16713,CO,2023-06-22
16714,CO,2024-12-23
16715,AZ,2025-09-05
16716,IL,2025-11-11
16717,NC,2025-03-20
16718,CO,2025-05-26
16719,AZ,2024-09-12
16720,MI,2023-02-16
16721,CA,2026-02-22
16722,GA,2025-06-08
16723,VA,2025-04-19
16724,PA,2024-07-23
16725,CA,2024-06-21
16726,VA,2023-02-13
16727,TX,2024-08-19
16728,PA,2023-01-22
16729,GA,2023-08-14
16730,MI,2024-07-02
16731,NJ,2024-01-09
16732,WA,2024-09-04
16733,GA,2024-10-15
16734,GA,2025-10-24
16735,IL,2023-01-24
16736,NJ,2025-04-12
16737,CA,2024-06-22
16738,NC,2024-01-07
16739,MA,2025-07-01
16740,AZ,2025-12-28
16741,IL,2025-12-31
16742,GA,2025-01-27
16743,MA,2026-01-01
16744,AZ,2025-02-24
16745,PA,2025-10-10
16746,NJ,2023-02-09
16747,PA,2025-11-28
16748,VA,2025-12-15
16749,FL,2025-06-03
16750,MA,2025-01-14
16751,NY,2024-07-19
16752,IL,2023-10-29
16753,MI,2025-08-19
16754,IL,2025-07-22
16755,NY,2024-07-08
16756,AZ,2023-01-04
16757,FL,2025-05-30
16758,CO,2024-02-14
16759,CO,2023-09-22
16760,VA,2023-01-15
16761,CO,2023-03-29
16762,CO,2023-04-09
16763,CA,2025-10-04
16764,NY,2023-08-05
16765,PA,2024-02-14
16766,MI,2023-07-10
16767,FL,2024-09-08
16768,PA,2025-11-16
16769,GA,2024-08-17
16770,TX,2023-08-18
16771,AZ,2025-03-10
16772,IL,2024-06-13
16773,MA,2023-03-12
16774,CO,2023-04-27
16775,VA,2023-04-10
16776,MA,2024-08-22
16777,TX,2025-05-09
16778,IL,2023-10-22
16779,WA,2026-03-01
16780,MI,2025-10-01
16781,VA,2024-09-25
16782,PA,2023-02-26
16783,NC,2025-11-02
16784,FL,2023-07-12
16785,CA,2025-09-20
16786,AZ,2025-11-12
16787,VA,2023-01-30
16788,MA,2023-11-06
16789,CO,2024-07-25
16790,NY,2023-03-07
16791,MA,2023-06-15
16792,IL,2024-07-17
16793,WA,2023-06-29
16794,VA,2024-06-27
16795,FL,2024-12-26
16796,NY,2025-02-15
16797,NC,2025-11-06
16798,IL,2023-05-06
16799,WA,2023-03-23
16800,NY,2025-11-29
16801,NC,2025-08-28
16802,MA,2024-03-13
16803,IL,2025-08-25
16804,PA,2024-06-13
16805,MI,2025-07-22
16806,MI,2025-01-03
16807,NJ,2024-07-10
16808,GA,2023-08-29
16809,NJ,2023-11-30
16810,NC,2023-02-17
16811,WA,2026-02-08
16812,GA,2026-02-01
16813,GA,2024-04-07
16814,VA,2026-01-02
16815,CA,2023-11-13
16816,WA,2023-01-02
16817,GA,2024-01-07
16818,MA,2025-10-30
16819,IL,2024-08-10
16820,IL,2024-02-27
16821,NJ,2025-04-12
16822,MA,2025-08-19
16823,CA,2024-12-27
16824,FL,2024-04-20
16825,VA,2023-09-02
16826,MI,2024-11-22
16827,CA,2024-05-02
16828,IL,2025-05-02
16829,AZ,2026-01-01
16830,VA,2025-01-22
16831,FL,2025-07-16
16832,CA,2025-10-25
16833,GA,2023-08-05
16834,PA,2025-08-16
16835,FL,2023-11-06
16836,PA,2023-02-07
16837,IL,2025-06-23
16838,VA,2025-12-20
16839,MA,2026-01-23
16840,CO,2023-08-21
16841,PA,2024-05-27
16842,VA,2023-05-30
16843,NJ,2023-08-03
16844,GA,2024-02-03
16845,GA,2025-10-26
16846,CO,2026-01-09
16847,NC,2023-07-08
16848,NJ,2024-10-21
16849,MI,2023-01-28
16850,PA,2024-11-07
16851,PA,2023-05-15
16852,MI,2023-11-01
16853,AZ,2024-05-09
16854,TX,2024-12-24
16855,PA,2026-01-08
16856,NY,2025-05-09
16857,WA,2024-01-26
16858,CA,2025-11-04
16859,TX,2024-08-21
16860,CA,2025-07-07
16861,VA,2025-06-10
16862,TX,2023-08-11
16863,VA,2025-04-07
16864,FL,2023-09-23
16865,MA,2026-02-03
16866,PA,2023-09-10
16867,MI,2023-07-18
16868,PA,2025-12-15
16869,WA,2025-07-16
16870,WA,2024-02-11
16871,VA,2024-04-30
16872,CA,2025-05-02
16873,CO,2023-12-29
16874,VA,2023-07-31
16875,FL,2024-12-01
16876,NC,2025-05-26
16877,WA,2024-09-05
16878,NY,2025-07-04
16879,MI,2023-05-23
16880,PA,2025-12-29
16881,VA,2025-08-15
16882,CA,2025-05-14
16883,GA,2023-03-01
16884,MI,2024-06-05
16885,NY,2023-11-05
16886,IL,2023-12-07
16887,CA,2025-06-18
16888,CA,2026-01-12
16889,GA,2025-01-31
16890,FL,2023-08-28
16891,GA,2026-02-01
16892,NJ,2023-08-13
16893,WA,2023-10-06
16894,MA,2024-03-04
16895,CA,2024-02-06
16896,IL,2023-02-15
16897,CO,2024-05-28
16898,AZ,2025-10-20
16899,CA,2023-10-31
16900,GA,2023-06-01
16901,TX,2023-12-17
16902,CA,2024-12-05
16903,CA,2023-04-02
16904,VA,2023-04-16
16905,AZ,2025-01-10
16906,NJ,2026-01-31
16907,IL,2023-05-12
16908,NJ,2025-02-07
16909,IL,2024-04-02
16910,CA,2025-06-17
16911,AZ,2026-01-29
16912,AZ,2025-11-10
16913,TX,2023-09-06
16914,MA,2023-07-11
16915,NC,2024-08-07
16916,TX,2023-06-17
16917,TX,2023-06-20
16918,TX,2024-06-19
16919,PA,2024-02-12
16920,MA,2024-05-15
16921,FL,2023-04-09
16922,FL,2025-04-15
16923,TX,2025-12-16
16924,NC,2023-09-04
16925,NJ,2024-11-14
16926,GA,2024-12-13
16927,NY,2023-04-17
16928,FL,2025-12-07
16929,CO,2025-04-24
16930,IL,2023-02-15
16931,AZ,2024-01-31
16932,MA,2026-02-17
16933,VA,2025-12-19
16934,MA,2024-09-07
16935,NY,2025-08-07
16936,FL,2024-11-04
16937,NC,2026-02-15
16938,NC,2023-08-25
16939,IL,2026-02-21
16940,TX,2024-09-20
16941,GA,2023-06-19
16942,VA,2025-03-31
16943,FL,2024-01-27
16944,NC,2024-05-15
16945,VA,2023-06-23
16946,NY,2024-08-15
16947,IL,2023-06-21
16948,CA,2025-08-15
16949,IL,2024-11-06
16950,VA,2025-03-19
16951,PA,2024-09-14
16952,NC,2024-12-19
16953,CA,2023-12-04
16954,AZ,2025-12-29
16955,CO,2026-01-26
16956,WA,2025-07-25
16957,IL,2024-01-13
16958,NY,2025-11-01
16959,NY,2024-02-22
16960,PA,2023-11-27
16961,GA,2025-09-09
16962,TX,2023-10-07
16963,IL,2026-02-12
16964,NC,2025-05-30
16965,WA,2024-03-22
16966,AZ,2025-04-10
16967,PA,2025-01-04
16968,FL,2025-11-17
16969,NC,2023-07-12
16970,NY,2025-03-23
16971,CO,2025-08-19
16972,NC,2024-02-28
16973,MA,2024-12-06
16974,NJ,2023-04-01
16975,NY,2024-10-09
16976,IL,2025-03-05
16977,AZ,2025-01-10
16978,CO,2023-05-25
16979,MA,2024-03-27
16980,MI,2023-08-30
16981,CA,2025-11-20
16982,WA,2025-02-11
16983,NY,2025-12-19
16984,IL,2024-04-20
16985,MA,2023-04-11
16986,AZ,2025-03-20
16987,AZ,2025-03-01
16988,MA,2024-09-24
16989,TX,2025-05-26
16990,MA,2024-08-11
16991,MI,2023-09-30
16992,WA,2025-05-31
16993,CO,2023-02-27
16994,MI,2025-01-28
16995,PA,2025-09-09
16996,CO,2025-08-02
16997,MA,2024-01-22
16998,IL,2023-02-14
16999,NY,2023-10-18
17000,IL,2025-03-25
17001,VA,2023-08-28
17002,PA,2026-02-25
17003,MI,2023-10-03
17004,NJ,2024-02-22
17005,GA,2023-07-26
17006,MI,2023-12-31
17007,NY,2025-04-12
17008,CA,2024-07-21
17009,NJ,2023-06-09
17010,VA,2023-04-06
17011,WA,2024-02-29
17012,NJ,2026-02-13
17013,IL,2024-08-21
17014,TX,2023-09-25
17015,CO,2023-02-13
17016,MA,2024-08-17
17017,NY,2025-10-08
17018,PA,2023-01-09
17019,MA,2024-10-30
17020,MI,2024-01-16
17021,MI,2024-12-27
17022,CA,2023-04-25
17023,GA,2024-01-23
17024,VA,2024-03-14
17025,MA,2025-06-28
17026,IL,2025-04-24
17027,VA,2025-07-23
17028,NY,2025-05-25
17029,TX,2023-01-28
17030,CA,2024-09-27
17031,MI,2023-03-18
17032,NC,2024-08-09
17033,VA,2023-08-22
17034,WA,2023-11-25
17035,GA,2025-10-25
17036,VA,2023-12-14
17037,IL,2025-01-26
17038,WA,2024-02-23
17039,PA,2024-01-26
17040,TX,2024-08-12
17041,WA,2023-04-25
17042,CO,2023-01-04
17043,PA,2024-10-04
17044,NY,2026-02-25
17045,WA,2023-01-09
17046,IL,2023-04-28
17047,NC,2025-05-05
17048,CO,2024-11-30
17049,CO,2025-07-20
17050,MI,2023-05-05
17051,WA,2023-08-11
17052,GA,2023-11-24
17053,FL,2025-10-13
17054,PA,2025-03-28
17055,GA,2023-09-16
17056,NJ,2023-03-08
17057,MA,2025-06-01
17058,IL,2025-12-21
17059,FL,2025-08-29
17060,NY,2023-10-06
17061,CO,2026-02-20
17062,IL,2024-08-11
17063,PA,2023-09-29
17064,MI,2024-05-16
17065,TX,2024-10-19
17066,MA,2025-06-11
17067,NC,2024-07-21
17068,MA,2023-08-06
17069,IL,2024-11-15
17070,NY,2023-06-08
17071,CO,2023-12-26
17072,CA,2024-06-27
17073,VA,2023-10-18
17074,CA,2023-02-05
17075,IL,2025-09-05
17076,WA,2025-05-09
17077,GA,2023-03-07
17078,VA,2025-03-07
17079,PA,2023-06-06
17080,MA,2023-05-01
17081,NY,2023-07-11
17082,VA,2023-12-23
17083,PA,2024-06-14
17084,MA,2024-04-24
17085,MI,2025-03-07
17086,TX,2026-01-01
17087,CA,2025-08-11
17088,NJ,2026-01-04
17089,CO,2023-07-07
17090,AZ,2024-04-20
17091,PA,2025-07-05
17092,TX,2024-10-10
17093,NJ,2023-06-11
17094,CO,2025-03-12
17095,MA,2023-02-16
17096,PA,2023-01-24
17097,MI,2023-06-23
17098,NY,2025-05-28
17099,VA,2025-02-12
17100,AZ,2023-08-18
17101,AZ,2024-12-03
17102,CA,2023-04-28
17103,MA,2023-02-22
17104,VA,2025-08-05
17105,CA,2024-07-25
17106,IL,2024-06-06
17107,VA,2025-02-10
17108,NJ,2025-02-20
17109,NC,2024-10-16
17110,NJ,2023-04-23
17111,NC,2023-04-09
17112,CO,2024-04-17
17113,MA,2025-11-12
17114,FL,2023-08-27
17115,CA,2024-09-12
17116,CA,2024-11-02
17117,FL,2024-01-22
17118,WA,2024-08-28
17119,PA,2023-05-02
17120,MA,2024-07-16
17121,AZ,2023-11-13
17122,FL,2023-01-20
17123,NC,2024-06-25
17124,AZ,2026-01-14
17125,PA,2024-02-09
17126,CA,2025-09-04
17127,NJ,2024-11-23
17128,NC,2023-04-22
17129,MA,2025-10-30
17130,NY,2024-01-14
17131,VA,2025-07-28
17132,NJ,2023-08-26
17133,NY,2024-10-05
17134,CO,2023-11-26
17135,PA,2023-07-04
17136,NC,2024-04-26
17137,NC,2024-08-23
17138,NC,2023-12-28
17139,WA,2025-11-25
17140,NC,2024-05-30
17141,NY,2023-11-26
17142,WA,2023-09-26
17143,CO,2025-12-29
17144,IL,2025-08-12
17145,TX,2024-01-13
17146,CO,2023-10-20
17147,MI,2023-12-26
17148,AZ,2024-06-07
17149,GA,2024-09-15
17150,WA,2025-11-25
17151,VA,2023-12-10
17152,NY,2024-09-09
17153,NY,2024-07-28
17154,MA,2024-02-01
17155,CA,2024-02-25
17156,NC,2024-10-22
17157,PA,2024-02-06
17158,NY,2023-02-15
17159,NC,2024-11-17
17160,FL,2023-06-03
17161,CA,2023-09-18
17162,FL,2024-10-06
17163,VA,2023-10-14
17164,PA,2025-04-24
17165,NJ,2024-09-30
17166,VA,2024-12-05
17167,NC,2023-06-06
17168,MI,2024-09-05
17169,WA,2024-03-04
17170,GA,2025-09-08
17171,CA,2025-05-01
17172,PA,2023-09-24
17173,WA,2023-02-28
17174,NY,2024-09-08
17175,GA,2023-06-20
17176,IL,2024-10-18
17177,NY,2025-04-16
17178,AZ,2025-10-20
17179,TX,2025-04-01
17180,AZ,2025-01-03
17181,CO,2024-02-02
17182,CA,2025-11-04
17183,PA,2025-08-26
17184,TX,2024-04-06
17185,VA,2023-05-18
17186,NC,2025-01-31
17187,CA,2023-05-30
17188,NJ,2025-05-12
17189,NJ,2025-02-19
17190,CO,2024-08-15
17191,CA,2023-10-27
17192,VA,2025-01-28
17193,WA,2025-06-03
17194,FL,2024-05-18
17195,MA,2025-03-12
17196,AZ,2025-03-28
17197,WA,2023-11-06
17198,CO,2024-07-27
17199,PA,2024-08-18
17200,AZ,2023-01-27
17201,NJ,2024-01-16
17202,CA,2023-05-11
17203,WA,2024-09-30
17204,FL,2025-10-16
17205,TX,2023-10-12
17206,WA,2025-01-06
17207,NC,2025-12-27
17208,MI,2023-08-21
17209,TX,2024-09-02
17210,CO,2023-08-10
17211,VA,2024-03-28
17212,TX,2023-10-31
17213,CA,2025-07-24
17214,GA,2023-09-21
17215,MI,2023-12-31
17216,GA,2025-01-11
17217,IL,2024-03-31
17218,NC,2024-05-19
17219,CA,2023-11-24
17220,CO,2025-03-29
17221,NY,2025-01-05
17222,GA,2024-05-06
17223,AZ,2024-04-05
17224,CO,2024-07-19
17225,TX,2025-03-30
17226,VA,2024-05-30
17227,WA,2024-02-22
17228,GA,2026-01-29
17229,VA,2024-02-12
17230,CA,2026-02-27
17231,GA,2025-04-23
17232,MI,2023-02-04
17233,FL,2023-06-03
17234,FL,2025-12-23
17235,MI,2025-06-08
17236,FL,2024-07-21
17237,NC,2023-08-17
17238,PA,2025-09-02
17239,GA,2025-09-27
17240,AZ,2025-03-15
17241,IL,2024-07-17
17242,NJ,2025-07-03
17243,CO,2023-01-15
17244,PA,2025-06-13
17245,AZ,2025-05-03
17246,FL,2023-12-06
17247,TX,2023-12-29
17248,AZ,2023-06-29
17249,CA,2024-08-11
17250,NC,2023-08-03
17251,MI,2025-12-04
17252,MI,2023-12-18
17253,MA,2023-01-21
17254,FL,2025-09-15
17255,AZ,2024-07-18
17256,CO,2024-10-30
17257,AZ,2025-08-01
17258,TX,2024-01-04
17259,CA,2024-10-20
17260,WA,2024-11-24
17261,AZ,2026-01-06
17262,NY,2025-10-19
17263,TX,2026-02-16
17264,AZ,2023-12-25
17265,IL,2024-05-17
17266,TX,2023-02-01
17267,TX,2023-12-24
17268,PA,2023-03-03
17269,IL,2026-01-25
17270,WA,2024-03-27
17271,NC,2026-01-12
17272,GA,2024-02-10
17273,CA,2025-10-02
17274,VA,2026-02-04
17275,TX,2023-12-23
17276,TX,2023-05-11
17277,NJ,2025-11-11
17278,IL,2024-08-18
17279,CO,2023-08-14
17280,TX,2026-02-03
17281,TX,2025-08-10
17282,IL,2024-01-29
17283,CO,2025-05-20
17284,IL,2026-01-29
17285,VA,2023-03-28
17286,PA,2024-06-06
17287,AZ,2023-04-03
17288,NC,2025-03-14
17289,TX,2023-06-02
17290,FL,2023-12-20
17291,CA,2025-05-28
17292,VA,2024-08-30
17293,CO,2025-09-09
17294,FL,2025-07-05
17295,IL,2025-07-03
17296,NJ,2024-02-13
17297,TX,2026-01-15
17298,NJ,2023-07-30
17299,PA,2024-01-18
17300,NJ,2025-05-20
17301,IL,2025-10-25
17302,PA,2026-01-04
17303,NJ,2024-02-15
17304,GA,2023-01-04
17305,GA,2026-01-11
17306,NC,2025-07-29
17307,TX,2024-03-06
17308,TX,2024-02-16
17309,FL,2023-02-04
17310,PA,2025-06-26
17311,MA,2023-03-21
17312,TX,2023-03-16
17313,NC,2025-03-21
17314,CO,2023-10-11
17315,NJ,2024-12-27
17316,CO,2023-12-03
17317,IL,2024-08-08
17318,FL,2024-07-20
17319,NJ,2023-03-24
17320,PA,2023-11-14
17321,NJ,2025-05-24
17322,WA,2024-11-09
17323,PA,2024-11-30
17324,NY,2025-04-13
17325,VA,2025-08-12
17326,IL,2025-09-13
17327,TX,2023-01-19
17328,MI,2025-03-24
17329,IL,2023-01-04
17330,PA,2024-04-11
17331,WA,2023-07-09
17332,AZ,2023-03-04
17333,NY,2025-10-10
17334,MI,2025-10-22
17335,PA,2023-03-08
17336,VA,2025-05-27
17337,AZ,2023-05-12
17338,WA,2025-12-07
17339,WA,2024-08-27
17340,AZ,2025-07-29
17341,GA,2025-09-19
17342,NJ,2025-12-06
17343,CO,2023-10-11
17344,PA,2024-07-02
17345,PA,2025-11-17
17346,MA,2025-06-20
17347,MI,2025-10-29
17348,MI,2025-06-20
17349,PA,2025-12-29
17350,VA,2023-12-08
17351,MI,2023-03-07
17352,AZ,2024-08-29
17353,TX,2025-12-29
17354,NC,2025-01-15
17355,FL,2024-06-15
17356,IL,2023-12-24
17357,TX,2024-01-11
17358,NJ,2023-03-05
17359,GA,2023-06-27
17360,CO,2023-08-23
17361,IL,2025-05-14
17362,FL,2025-01-31
17363,MA,2023-02-09
17364,VA,2023-12-17
17365,MI,2024-06-24
17366,NJ,2025-08-23
17367,TX,2025-08-19
17368,NC,2026-02-05
17369,MI,2025-04-10
17370,CO,2023-01-30
17371,CA,2023-11-05
17372,TX,2023-02-15
17373,NJ,2023-05-17
17374,WA,2025-02-13
17375,WA,2024-07-09
17376,NC,2024-03-08
17377,AZ,2025-04-26
17378,NY,2023-07-26
17379,NC,2024-03-21
17380,CO,2025-12-18
17381,WA,2023-11-27
17382,MA,2024-08-18
17383,MI,2024-06-08
17384,MA,2025-01-18
17385,AZ,2026-02-01
17386,WA,2023-12-25
17387,CO,2025-05-01
17388,GA,2024-07-08
17389,FL,2023-12-24
17390,FL,2025-01-24
17391,CO,2024-07-02
17392,CA,2026-02-17
17393,MI,2025-03-17
17394,FL,2025-12-21
17395,IL,2023-02-21
17396,VA,2023-11-09
17397,FL,2024-01-23
17398,IL,2023-05-19
17399,WA,2023-01-19
17400,AZ,2023-11-17
17401,GA,2023-04-05
17402,NC,2023-05-10
17403,GA,2026-02-02
17404,FL,2025-08-02
17405,VA,2023-09-17
17406,AZ,2025-09-13
17407,FL,2025-11-28
17408,PA,2025-03-27
17409,CO,2026-02-28
17410,NC,2023-06-03
17411,MI,2024-07-06
17412,FL,2023-05-02
17413,NY,2025-01-26
17414,VA,2024-06-30
17415,VA,2024-02-04
17416,AZ,2025-11-22
17417,MI,2024-02-10
17418,NY,2023-12-30
17419,CA,2025-09-06
17420,WA,2023-06-12
17421,MI,2025-02-02
17422,IL,2024-07-04
17423,GA,2023-05-11
17424,WA,2026-01-24
17425,VA,2024-10-14
17426,IL,2025-10-04
17427,IL,2023-09-27
17428,TX,2025-06-22
17429,PA,2025-02-25
17430,FL,2023-12-31
17431,CA,2024-09-02
17432,FL,2025-12-20
17433,CA,2025-07-20
17434,MI,2024-08-11
17435,WA,2023-07-27
17436,NJ,2023-12-14
17437,NJ,2023-02-14
17438,CO,2023-12-13
17439,CO,2024-12-14
17440,WA,2024-10-08
17441,AZ,2024-01-04
17442,NC,2024-06-17
17443,NY,2023-12-24
17444,PA,2024-05-09
17445,IL,2025-06-23
17446,CA,2023-03-01
17447,MA,2023-10-25
17448,NJ,2023-02-28
17449,FL,2023-08-19
17450,WA,2025-03-07
17451,IL,2024-03-23
17452,NJ,2024-09-04
17453,CA,2024-01-03
17454,GA,2024-07-07
17455,NC,2025-11-18
17456,FL,2025-09-14
17457,CO,2023-10-04
17458,WA,2024-08-31
17459,NJ,2024-12-03
17460,CO,2025-04-10
17461,MI,2023-02-07
17462,CA,2023-10-16
17463,CO,2025-09-01
17464,NJ,2024-03-27
17465,VA,2023-01-28
17466,NJ,2024-12-02
17467,FL,2025-01-26
17468,NY,2023-11-30
17469,NJ,2024-07-14
17470,IL,2023-07-23
17471,NY,2024-01-14
17472,WA,2025-06-20
17473,NY,2026-02-12
17474,TX,2025-11-09
17475,NJ,2025-10-04
17476,IL,2025-06-30
17477,CA,2024-01-31
17478,IL,2025-12-11
17479,TX,2023-12-19
17480,MA,2026-02-11
17481,NY,2024-05-28
17482,AZ,2024-06-29
17483,IL,2023-10-09
17484,CO,2024-11-03
17485,MI,2024-08-28
17486,MI,2025-01-29
17487,MI,2024-01-01
17488,CA,2024-06-03
17489,NJ,2023-04-20
17490,NJ,2025-06-24
17491,VA,2025-08-10
17492,GA,2024-11-10
17493,WA,2025-08-16
17494,WA,2023-11-20
17495,VA,2023-01-12
17496,PA,2025-11-12
17497,WA,2023-09-21
17498,IL,2024-01-15
17499,NY,2023-03-21
17500,IL,2024-02-29
17501,AZ,2024-09-07
17502,NJ,2024-03-11
17503,FL,2025-07-10
17504,CO,2026-01-06
17505,VA,2025-03-05
17506,NJ,2026-02-08
17507,GA,2025-09-17
17508,GA,2024-03-27
17509,CO,2023-09-17
17510,TX,2025-04-01
17511,NC,2024-12-08
17512,NJ,2025-05-01
17513,NJ,2024-10-19
17514,FL,2023-06-24
17515,CA,2024-12-12
17516,GA,2024-08-07
17517,WA,2023-07-05
17518,IL,2024-10-13
17519,TX,2023-06-16
17520,NJ,2023-05-23
17521,NC,2024-05-07
17522,CO,2023-03-13
17523,MI,2024-05-13
17524,MA,2023-05-27
17525,CA,2026-01-13
17526,NC,2025-06-09
17527,PA,2025-03-17
17528,WA,2025-04-25
17529,NC,2025-06-09
17530,GA,2025-03-23
17531,PA,2025-08-28
17532,NJ,2023-03-08
17533,PA,2025-04-17
17534,IL,2025-07-15
17535,CO,2023-12-07
17536,NC,2023-04-12
17537,CA,2025-08-09
17538,NC,2026-02-07
17539,NJ,2025-06-25
17540,MA,2023-12-08
17541,TX,2025-04-07
17542,GA,2024-11-09
17543,IL,2023-05-14
17544,WA,2025-11-19
17545,CO,2025-05-24
17546,CO,2025-09-22
17547,PA,2024-01-20
17548,PA,2024-08-20
17549,TX,2023-01-09
17550,NY,2023-05-16
17551,MI,2025-09-02
17552,NY,2025-09-05
17553,AZ,2023-02-12
17554,WA,2026-02-02
17555,NC,2025-11-20
17556,PA,2025-02-25
17557,MA,2023-04-23
17558,CO,2025-01-01
17559,NC,2023-01-12
17560,MI,2025-05-21
17561,CO,2023-09-03
17562,VA,2024-05-23
17563,PA,2023-02-13
17564,CO,2024-08-29
17565,MI,2024-05-23
17566,NC,2023-11-04
17567,PA,2025-05-16
17568,NJ,2025-06-30
17569,TX,2023-02-05
17570,AZ,2024-12-11
17571,NJ,2025-07-29
17572,NY,2025-08-18
17573,VA,2023-08-24
17574,FL,2023-12-27
17575,MI,2025-05-17
17576,CA,2023-01-25
17577,TX,2025-03-25
17578,NJ,2025-08-09
17579,GA,2025-09-10
17580,MA,2025-10-21
17581,MA,2023-12-24
17582,CA,2023-04-28
17583,MA,2024-04-23
17584,NC,2024-11-07
17585,MA,2024-04-03
17586,FL,2023-04-23
17587,MA,2025-11-09
17588,CO,2024-04-02
17589,TX,2024-10-01
17590,VA,2026-01-13
17591,NC,2024-07-29
17592,NY,2025-03-10
17593,MA,2024-02-07
17594,WA,2023-09-10
17595,WA,2025-08-15
17596,AZ,2024-10-23
17597,WA,2024-10-30
17598,MI,2024-12-28
17599,MA,2024-09-03
17600,GA,2026-02-19
17601,NJ,2025-09-05
17602,CO,2024-11-09
17603,IL,2024-07-22
17604,MA,2024-06-26
17605,GA,2024-06-02
17606,AZ,2023-01-12
17607,NJ,2023-01-10
17608,IL,2023-06-06
17609,CA,2025-10-08
17610,FL,2024-12-25
17611,CO,2023-05-21
17612,MA,2024-09-30
17613,TX,2023-05-17
17614,NC,2024-11-21
17615,TX,2024-03-18
17616,NJ,2024-11-06
17617,TX,2023-10-04
17618,PA,2025-07-21
17619,MI,2026-01-21
17620,CA,2024-10-02
17621,MI,2023-04-21
17622,NC,2025-12-03
17623,CA,2025-06-09
17624,IL,2023-07-30
17625,AZ,2023-12-09
17626,AZ,2023-12-27
17627,CA,2024-02-15
17628,WA,2025-01-28
17629,FL,2024-05-22
17630,WA,2023-08-20
17631,MA,2025-03-14
17632,IL,2023-08-22
17633,PA,2024-06-03
17634,GA,2023-10-29
17635,IL,2023-04-10
17636,GA,2023-09-10
17637,FL,2023-11-04
17638,CA,2025-03-04
17639,CA,2025-03-13
17640,NC,2024-01-22
17641,MA,2026-02-20
17642,VA,2023-05-12
17643,VA,2023-08-09
17644,VA,2023-03-03
17645,TX,2025-04-11
17646,NY,2025-01-01
17647,AZ,2024-02-07
17648,IL,2023-06-20
17649,IL,2023-01-14
17650,VA,2023-09-27
17651,MA,2025-12-13
17652,WA,2026-02-28
17653,CO,2024-12-13
17654,MA,2025-05-21
17655,NY,2024-09-20
17656,MI,2023-10-28
17657,CA,2024-12-04
17658,VA,2024-03-02
17659,AZ,2023-04-26
17660,GA,2023-08-24
17661,WA,2023-01-13
17662,PA,2023-03-09
17663,NJ,2025-01-12
17664,WA,2025-04-16
17665,PA,2024-01-26
17666,NC,2026-01-20
17667,FL,2023-04-14
17668,NY,2024-09-05
17669,WA,2025-02-11
17670,NY,2023-10-31
17671,PA,2024-01-14
17672,MA,2023-03-29
17673,NJ,2024-09-21
17674,GA,2024-09-16
17675,GA,2024-01-01
17676,NJ,2026-01-17
17677,IL,2025-05-26
17678,CA,2025-01-01
17679,VA,2025-09-25
17680,IL,2024-03-31
17681,WA,2024-02-19
17682,FL,2024-03-30
17683,PA,2024-05-25
17684,IL,2025-07-23
17685,IL,2023-07-28
17686,AZ,2024-01-06
17687,IL,2025-03-13
17688,NY,2023-03-27
17689,MI,2024-10-08
17690,AZ,2025-03-31
17691,MA,2023-10-22
17692,AZ,2024-05-20
17693,FL,2026-02-24
17694,VA,2025-04-06
17695,MI,2023-04-27
17696,PA,2024-10-10
17697,GA,2023-12-22
17698,NC,2025-02-14
17699,NY,2025-10-19
17700,WA,2023-08-24
17701,AZ,2025-07-30
17702,FL,2023-03-10
17703,GA,2023-09-24
17704,FL,2025-03-25
17705,CO,2024-01-17
17706,CO,2024-01-09
17707,IL,2024-11-15
17708,IL,2024-05-20
17709,NJ,2023-08-25
17710,CO,2023-11-21
17711,PA,2024-08-12
17712,VA,2025-02-28
17713,PA,2025-01-23
17714,NC,2025-01-01
17715,GA,2023-01-21
17716,MI,2023-11-01
17717,WA,2024-08-26
17718,NJ,2025-03-17
17719,CA,2025-10-06
17720,CA,2024-03-20
17721,MI,2023-09-23
17722,NY,2025-09-23
17723,NC,2025-12-17
17724,NC,2024-08-23
17725,WA,2024-09-24
17726,FL,2025-01-26
17727,CA,2023-11-20
17728,FL,2025-12-21
17729,FL,2023-03-30
17730,NC,2024-02-20
17731,FL,2024-11-12
17732,CA,2026-01-04
17733,GA,2024-02-09
17734,AZ,2023-12-31
17735,TX,2024-01-20
17736,VA,2023-01-09
17737,FL,2024-05-29
17738,WA,2023-11-05
17739,VA,2023-06-19
17740,VA,2023-05-27
17741,MA,2023-03-21
17742,IL,2025-03-14
17743,WA,2024-03-27
17744,CO,2025-09-04
17745,AZ,2025-03-17
17746,CA,2025-01-26
17747,MA,2023-10-22
17748,PA,2026-02-27
17749,IL,2024-09-04
17750,NJ,2025-06-01
17751,WA,2024-03-25
17752,MA,2023-03-10
17753,TX,2024-07-09
17754,CA,2025-06-27
17755,GA,2024-05-14
17756,NY,2025-04-09
17757,VA,2024-05-16
17758,NC,2025-08-31
17759,MI,2024-12-30
17760,TX,2025-06-19
17761,CO,2024-10-21
17762,PA,2025-01-30
17763,NC,2023-02-23
17764,GA,2023-11-28
17765,VA,2025-08-16
17766,TX,2024-10-17
17767,IL,2023-11-09
17768,MA,2023-12-21
17769,MI,2023-08-13
17770,CA,2024-09-05
17771,AZ,2023-04-09
17772,MA,2023-11-03
17773,FL,2025-03-05
17774,WA,2024-01-26
17775,CO,2026-01-19
17776,FL,2024-01-09
17777,MI,2023-07-23
17778,FL,2024-08-31
17779,CO,2024-09-24
17780,MI,2026-02-14
17781,WA,2023-03-07
17782,VA,2023-05-11
17783,IL,2025-02-17
17784,PA,2025-06-19
17785,NJ,2025-04-07
17786,AZ,2023-04-02
17787,WA,2026-01-05
17788,CA,2025-01-08
17789,MA,2024-10-14
17790,IL,2023-02-23
17791,NY,2024-10-19
17792,NJ,2024-11-09
17793,MA,2026-01-14
17794,IL,2023-02-14
17795,WA,2023-04-27
17796,CO,2023-05-27
17797,WA,2024-10-20
17798,NJ,2025-11-10
17799,NY,2024-06-19
17800,IL,2025-12-07
17801,AZ,2024-02-23
17802,PA,2026-02-07
17803,CA,2025-10-09
17804,WA,2024-07-24
17805,AZ,2025-09-24
17806,IL,2024-04-26
17807,MI,2026-01-05
17808,MA,2023-09-27
17809,AZ,2025-07-10
17810,NY,2024-11-22
17811,CA,2026-01-13
17812,IL,2025-03-22
17813,TX,2023-08-30
17814,WA,2025-07-19
17815,PA,2025-12-23
17816,MI,2026-01-23
17817,NJ,2024-02-02
17818,VA,2025-06-06
17819,MI,2023-02-18
17820,NY,2023-05-25
17821,MI,2025-07-05
17822,CA,2024-02-02
17823,CA,2025-02-09
17824,VA,2024-11-01
17825,NJ,2024-03-03
17826,FL,2025-11-06
17827,NC,2023-03-22
17828,VA,2023-07-03
17829,NY,2024-04-11
17830,CA,2023-10-10
17831,IL,2025-12-30
17832,AZ,2023-03-31
17833,FL,2024-12-09
17834,NC,2024-10-03
17835,VA,2023-07-22
17836,PA,2024-08-21
17837,MI,2023-01-06
17838,MA,2023-12-23
17839,NJ,2023-02-24
17840,IL,2025-12-26
17841,WA,2023-05-27
17842,NC,2024-08-08
17843,PA,2025-09-06
17844,VA,2025-01-05
17845,PA,2024-11-25
17846,PA,2026-01-24
17847,PA,2025-05-03
17848,NY,2023-09-05
17849,WA,2023-05-12
17850,GA,2025-12-29
17851,GA,2023-12-15
17852,NY,2024-03-17
17853,MA,2023-09-13
17854,NC,2024-05-19
17855,AZ,2024-02-20
17856,FL,2023-11-15
17857,VA,2023-11-12
17858,VA,2025-09-12
17859,TX,2025-09-24
17860,NJ,2023-11-26
17861,CA,2026-03-01
17862,TX,2025-12-22
17863,NJ,2025-03-11
17864,GA,2023-05-03
17865,AZ,2023-09-27
17866,MI,2023-01-08
17867,GA,2024-12-30
17868,MA,2023-12-08
17869,TX,2024-11-16
17870,VA,2025-04-07
17871,TX,2023-12-02
17872,FL,2025-01-17
17873,MA,2025-05-10
17874,MA,2023-09-13
17875,PA,2023-04-26
17876,PA,2025-03-01
17877,AZ,2026-01-13
17878,NY,2023-02-19
17879,PA,2024-07-08
17880,MI,2024-05-20
17881,WA,2023-08-22
17882,MA,2025-02-13
17883,MA,2026-02-12
17884,IL,2023-07-08
17885,NC,2024-07-03
17886,NC,2024-06-07
17887,PA,2025-03-31
17888,CO,2023-01-14
17889,TX,2025-08-24
17890,MI,2025-05-09
17891,CA,2024-03-08
17892,TX,2024-09-03
17893,NJ,2024-04-06
17894,NY,2025-05-27
17895,NY,2023-10-11
17896,AZ,2024-09-14
17897,AZ,2025-03-10
17898,NY,2024-12-17
17899,WA,2024-06-17
17900,VA,2024-11-12
17901,CA,2025-10-17
17902,NC,2025-01-03
17903,FL,2023-06-10
17904,AZ,2023-06-23
17905,NC,2025-06-23
17906,WA,2023-01-26
17907,NY,2024-03-12
17908,WA,2025-01-28
17909,NC,2023-01-11
17910,MI,2024-09-10
17911,FL,2025-10-21
17912,CO,2024-06-06
17913,CA,2023-03-29
17914,MI,2023-08-30
17915,PA,2025-10-05
17916,WA,2026-03-01
17917,AZ,2024-08-20
17918,AZ,2023-04-21
17919,NJ,2023-10-16
17920,PA,2023-03-15
17921,NC,2023-04-18
17922,CA,2025-03-11
17923,NC,2025-01-06
17924,NC,2026-02-02
17925,FL,2023-03-18
17926,CO,2023-07-22
17927,CA,2025-04-30
17928,NJ,2025-03-10
17929,MI,2024-12-07
17930,NY,2024-02-16
17931,CA,2024-03-16
17932,NJ,2023-02-22
17933,MA,2026-01-16
17934,NY,2024-11-02
17935,CA,2023-01-09
17936,MI,2024-11-21
17937,PA,2023-03-24
17938,IL,2025-11-14
17939,IL,2023-08-13
17940,NC,2024-03-05
17941,NY,2026-02-15
17942,MI,2025-04-14
17943,CA,2025-06-13
17944,AZ,2025-01-29
17945,NC,2025-09-21
17946,TX,2023-03-19
17947,NC,2025-12-15
17948,AZ,2023-12-23
17949,WA,2024-06-18
17950,IL,2024-11-04
17951,TX,2024-07-24
17952,GA,2024-07-31
17953,NJ,2024-02-10
17954,WA,2023-04-25
17955,VA,2024-04-18
17956,NY,2025-01-23
17957,NC,2023-11-27
17958,IL,2024-12-25
17959,PA,2025-09-09
17960,CO,2023-03-29
17961,NJ,2025-06-26
17962,IL,2024-07-27
17963,FL,2023-01-03
17964,IL,2024-06-07
17965,CO,2024-05-20
17966,CO,2024-10-07
17967,VA,2023-03-25
17968,NC,2023-07-03
17969,NY,2023-06-18
17970,CO,2023-04-18
17971,IL,2023-07-12
17972,NY,2025-05-01
17973,CA,2026-01-23
17974,IL,2023-09-29
17975,VA,2024-07-09
17976,MA,2025-06-24
17977,AZ,2025-01-07
17978,AZ,2025-02-03
17979,NC,2025-01-14
17980,WA,2025-02-09
17981,AZ,2025-03-09
17982,NC,2023-04-26
17983,CO,2025-08-18
17984,NJ,2025-10-25
17985,VA,2025-02-11
17986,PA,2023-03-07
17987,GA,2024-06-10
17988,FL,2024-03-24
17989,MA,2023-04-11
17990,CO,2024-12-30
17991,VA,2024-07-07
17992,IL,2023-03-07
17993,NY,2023-04-30
17994,MA,2023-09-02
17995,VA,2024-01-24
17996,GA,2023-10-14
17997,WA,2025-12-07
17998,MI,2025-03-10
17999,NY,2025-04-04
18000,FL,2024-02-22
18001,TX,2025-08-27
18002,FL,2023-12-17
18003,NC,2023-06-04
18004,MA,2023-07-22
18005,NC,2025-08-22
18006,CO,2024-03-15
18007,CA,2024-01-14
18008,VA,2023-02-17
18009,CO,2023-08-17
18010,WA,2025-09-16
18011,PA,2024-11-11
18012,MA,2025-11-11
18013,NJ,2026-02-10
18014,NJ,2025-06-16
18015,CA,2025-08-26
18016,NY,2025-08-12
18017,CA,2026-01-17
18018,WA,2024-10-07
18019,AZ,2023-01-11
18020,AZ,2025-11-16
18021,IL,2024-03-31
18022,NC,2025-11-20
18023,GA,2024-08-25
18024,CO,2025-08-22
18025,MA,2024-08-13
18026,PA,2024-05-28
18027,WA,2024-02-03
18028,AZ,2024-01-22
18029,MI,2024-09-09
18030,TX,2023-05-18
18031,GA,2024-10-14
18032,VA,2024-04-26
18033,WA,2023-10-27
18034,TX,2023-02-01
18035,TX,2024-04-01
18036,TX,2024-06-25
18037,AZ,2023-02-13
18038,IL,2024-06-30
18039,CA,2025-09-10
18040,NJ,2024-02-28
18041,FL,2023-02-14
18042,VA,2024-01-15
18043,CO,2024-05-11
18044,TX,2025-06-02
18045,WA,2025-08-16
18046,NY,2023-05-18
18047,MI,2024-02-12
18048,NY,2023-07-04
18049,NJ,2024-05-03
18050,VA,2023-01-18
18051,MA,2025-12-31
18052,NC,2024-09-26
18053,TX,2023-06-20
18054,WA,2026-01-05
18055,TX,2024-02-04
18056,IL,2025-06-28
18057,VA,2023-08-27
18058,NC,2023-11-16
18059,TX,2024-06-05
18060,CO,2024-06-11
18061,NY,2024-04-21
18062,TX,2025-01-28
18063,CO,2023-02-11
18064,CO,2023-08-22
18065,CA,2024-07-09
18066,CO,2024-03-12
18067,NC,2024-11-06
18068,NY,2025-01-12
18069,PA,2025-06-26
18070,MA,2025-03-13
18071,IL,2025-04-30
18072,NY,2025-09-23
18073,WA,2025-04-25
18074,MA,2024-05-24
18075,CO,2023-01-22
18076,TX,2025-10-04
18077,CA,2023-08-30
18078,VA,2025-04-22
18079,MA,2024-07-31
18080,VA,2024-03-28
18081,WA,2024-05-21
18082,WA,2023-08-01
18083,MA,2025-09-19
18084,CA,2024-02-13
18085,CO,2024-09-13
18086,PA,2024-07-12
18087,AZ,2025-05-21
18088,NC,2024-10-29
18089,MI,2024-08-14
18090,WA,2025-12-04
18091,CO,2024-12-07
18092,NC,2024-12-23
18093,MI,2025-02-18
18094,NC,2026-02-10
18095,WA,2024-05-21
18096,PA,2024-03-25
18097,MA,2025-01-19
18098,NC,2024-06-21
18099,TX,2024-05-12
18100,NY,2024-12-16
18101,IL,2024-02-04
18102,WA,2024-08-06
18103,GA,2025-07-09
18104,NC,2023-12-05
18105,FL,2024-04-01
18106,NJ,2024-10-06
18107,TX,2023-10-09
18108,GA,2024-02-18
18109,CO,2026-01-25
18110,IL,2023-06-12
18111,CA,2025-04-22
18112,AZ,2023-06-10
18113,NC,2023-09-12
18114,VA,2025-12-29
18115,PA,2024-02-16
18116,NJ,2024-12-14
18117,CA,2023-02-05
18118,PA,2024-12-30
18119,IL,2024-04-14
18120,VA,2023-11-05
18121,TX,2024-04-25
18122,TX,2024-12-04
18123,IL,2025-02-27
18124,VA,2023-10-18
18125,TX,2024-03-05
18126,VA,2024-08-20
18127,NJ,2024-03-07
18128,NC,2024-10-07
18129,IL,2024-05-19
18130,WA,2024-11-03
18131,FL,2025-03-17
18132,CO,2023-02-10
18133,NY,2024-01-19
18134,MI,2025-06-04
18135,PA,2023-07-02
18136,AZ,2025-02-02
18137,NJ,2025-11-29
18138,MA,2023-05-18
18139,FL,2023-12-01
18140,NY,2023-05-18
18141,MI,2024-05-02
18142,MA,2024-07-29
18143,VA,2024-09-20
18144,CA,2025-06-16
18145,FL,2024-02-13
18146,GA,2026-01-13
18147,AZ,2025-10-29
18148,FL,2025-05-08
18149,PA,2026-01-17
18150,VA,2026-01-17
18151,TX,2023-08-07
18152,NC,2025-04-21
18153,NC,2023-12-16
18154,NY,2024-02-09
18155,AZ,2023-02-12
18156,MI,2023-09-15
18157,TX,2026-03-01
18158,CA,2025-05-01
18159,NC,2025-12-04
18160,CO,2025-10-10
18161,CA,2024-03-10
18162,TX,2024-06-13
18163,AZ,2023-03-10
18164,TX,2025-11-14
18165,VA,2024-07-21
18166,MI,2024-05-27
18167,NY,2023-07-02
18168,AZ,2023-02-23
18169,WA,2026-01-09
18170,NC,2023-06-09
18171,TX,2025-01-07
18172,TX,2023-09-21
18173,CO,2024-09-12
18174,FL,2025-10-02
18175,FL,2025-12-03
18176,TX,2023-07-20
18177,NJ,2023-05-27
18178,CA,2024-12-11
18179,CO,2024-06-30
18180,MI,2025-05-21
18181,CA,2024-07-28
18182,MA,2023-03-23
18183,WA,2023-09-20
18184,FL,2025-07-11
18185,FL,2025-11-28
18186,CO,2023-10-13
18187,NJ,2023-01-23
18188,NJ,2023-10-30
18189,VA,2023-07-25
18190,AZ,2023-04-05
18191,IL,2024-04-19
18192,AZ,2023-05-17
18193,PA,2023-05-31
18194,CA,2024-12-03
18195,AZ,2023-07-21
18196,NC,2025-07-31
18197,CO,2023-03-15
18198,VA,2024-07-02
18199,AZ,2024-09-28
18200,NY,2025-09-26
18201,IL,2025-09-24
18202,GA,2025-10-21
18203,CA,2023-10-18
18204,IL,2023-03-12
18205,CO,2023-04-18
18206,NC,2024-08-20
18207,VA,2025-11-14
18208,NY,2023-07-22
18209,WA,2024-07-22
18210,IL,2026-01-10
18211,WA,2023-06-13
18212,TX,2025-07-18
18213,FL,2023-06-29
18214,MA,2024-08-20
18215,FL,2024-04-16
18216,GA,2026-02-08
18217,NJ,2025-12-04
18218,PA,2024-06-15
18219,AZ,2024-08-31
18220,VA,2024-03-06
18221,VA,2025-12-18
18222,NC,2025-09-01
18223,NY,2025-09-01
18224,WA,2023-08-12
18225,CO,2025-03-20
18226,AZ,2023-07-08
18227,WA,2023-02-28
18228,NC,2025-10-28
18229,PA,2025-04-04
18230,CO,2024-02-10
18231,CO,2024-09-05
18232,GA,2025-11-10
18233,NC,2024-01-19
18234,IL,2024-02-16
18235,PA,2024-12-28
18236,FL,2023-08-19
18237,PA,2023-08-24
18238,NJ,2024-10-24
18239,TX,2023-02-15
18240,MI,2023-08-10
18241,PA,2025-01-21
18242,AZ,2023-06-05
18243,WA,2026-01-23
18244,IL,2025-03-28
18245,TX,2026-01-11
18246,NY,2024-07-28
18247,MA,2023-01-10
18248,NJ,2023-03-30
18249,WA,2025-06-27
18250,GA,2023-11-22
18251,MI,2023-10-13
18252,TX,2023-08-03
18253,AZ,2025-09-22
18254,MI,2025-12-31
18255,CO,2025-09-08
18256,IL,2024-02-06
18257,FL,2024-09-03
18258,PA,2024-06-06
18259,PA,2023-12-06
18260,MI,2025-04-08
18261,GA,2025-06-24
18262,WA,2023-12-23
18263,MI,2024-01-13
18264,NC,2023-03-16
18265,IL,2026-01-27
18266,AZ,2023-09-22
18267,MI,2025-06-29
18268,MI,2025-10-10
18269,VA,2026-01-11
18270,GA,2023-08-16
18271,MA,2023-05-11
18272,PA,2025-10-30
18273,WA,2024-06-28
18274,NY,2023-09-01
18275,FL,2023-08-16
18276,NY,2023-09-02
18277,TX,2024-03-19
18278,NC,2024-09-06
18279,PA,2025-06-05
18280,TX,2025-04-04
18281,FL,2025-07-24
18282,IL,2024-01-17
18283,PA,2024-09-30
18284,TX,2024-06-05
18285,NC,2025-04-21
18286,AZ,2023-06-07
18287,CA,2024-06-30
18288,CA,2024-05-20
18289,GA,2025-03-31
18290,GA,2023-06-16
18291,WA,2023-01-22
18292,GA,2023-03-08
18293,NJ,2024-12-10
18294,MA,2024-09-03
18295,GA,2025-04-27
18296,PA,2024-08-09
18297,MA,2025-06-06
18298,GA,2023-01-17
18299,MI,2024-10-20
18300,NY,2025-01-31
18301,NJ,2023-09-12
18302,NJ,2023-11-24
18303,CO,2023-12-12
18304,MA,2023-08-28
18305,IL,2023-11-03
18306,WA,2023-06-25
18307,FL,2023-11-09
18308,MA,2025-06-24
18309,TX,2024-06-27
18310,CO,2023-12-01
18311,NY,2025-04-15
18312,CA,2025-06-18
18313,NJ,2024-12-01
18314,NY,2023-09-26
18315,GA,2025-03-16
18316,WA,2023-07-05
18317,NJ,2023-04-20
18318,CO,2025-02-05
18319,TX,2023-02-04
18320,MA,2025-03-08
18321,MI,2026-01-27
18322,NY,2024-09-22
18323,CO,2023-01-10
18324,AZ,2023-07-28
18325,MA,2023-02-07
18326,PA,2023-04-04
18327,WA,2025-06-05
18328,PA,2025-04-18
18329,NJ,2024-10-13
18330,FL,2023-08-30
18331,CA,2024-11-12
18332,WA,2023-04-08
18333,PA,2024-08-01
18334,GA,2024-09-07
18335,NC,2023-05-21
18336,FL,2023-07-22
18337,VA,2024-02-21
18338,GA,2025-03-12
18339,PA,2025-08-03
18340,NY,2023-05-17
18341,FL,2025-02-13
18342,GA,2025-06-23
18343,FL,2024-09-09
18344,WA,2025-07-10
18345,NJ,2026-02-27
18346,CO,2024-09-16
18347,CA,2025-04-13
18348,CA,2026-02-13
18349,GA,2023-05-18
18350,GA,2024-02-19
18351,FL,2024-09-11
18352,VA,2023-09-05
18353,NY,2024-06-09
18354,VA,2023-08-13
18355,GA,2026-02-18
18356,AZ,2025-01-04
18357,FL,2024-12-21
18358,IL,2024-04-07
18359,PA,2025-07-04
18360,CA,2023-08-28
18361,PA,2023-01-21
18362,GA,2024-03-23
18363,WA,2024-03-23
18364,MI,2023-09-12
18365,TX,2023-10-30
18366,FL,2025-02-15
18367,CA,2024-09-15
18368,AZ,2025-11-19
18369,GA,2025-06-05
18370,AZ,2024-01-23
18371,CO,2024-11-10
18372,FL,2024-04-24
18373,NY,2024-08-30
18374,AZ,2023-05-15
18375,GA,2025-11-27
18376,FL,2023-10-15
18377,GA,2025-12-28
18378,NC,2025-01-15
18379,TX,2025-12-26
18380,MA,2023-07-11
18381,MA,2026-02-17
18382,NC,2024-02-05
18383,VA,2025-06-27
18384,FL,2024-10-19
18385,NY,2025-11-03
18386,NJ,2024-04-13
18387,GA,2025-06-11
18388,FL,2023-06-03
18389,CO,2025-08-14
18390,AZ,2024-11-09
18391,NY,2024-11-27
18392,CO,2023-11-02
18393,NJ,2023-12-20
18394,NC,2025-06-25
18395,WA,2025-03-08
18396,MA,2024-11-24
18397,MA,2025-05-03
18398,PA,2023-07-11
18399,GA,2024-08-15
18400,TX,2025-06-23
18401,NC,2025-08-25
18402,FL,2025-10-16
18403,NC,2025-06-16
18404,FL,2025-03-26
18405,MI,2024-07-20
18406,VA,2025-12-26
18407,NC,2024-09-18
18408,WA,2023-04-22
18409,AZ,2024-11-01
18410,IL,2026-02-04
18411,MI,2023-01-26
18412,TX,2025-09-27
18413,VA,2024-09-13
18414,FL,2025-12-25
18415,TX,2024-12-17
18416,NY,2024-09-04
18417,NC,2025-10-21
18418,PA,2024-08-04
18419,GA,2024-04-03
18420,CA,2024-01-04
18421,NY,2024-12-27
18422,CO,2023-05-22
18423,MI,2023-01-14
18424,MA,2024-12-11
18425,PA,2024-06-14
18426,CA,2025-04-06
18427,WA,2025-04-10
18428,NC,2026-01-02
18429,IL,2024-03-13
18430,WA,2024-01-18
18431,FL,2025-07-03
18432,AZ,2025-03-15
18433,VA,2025-08-30
18434,CA,2025-08-08
18435,MA,2024-02-09
18436,GA,2025-10-17
18437,IL,2025-06-04
18438,TX,2025-08-24
18439,MI,2023-03-20
18440,NC,2023-11-05
18441,AZ,2024-12-27
18442,FL,2025-11-22
18443,NC,2025-06-08
18444,WA,2024-12-13
18445,MI,2025-08-08
18446,PA,2024-04-14
18447,PA,2024-07-18
18448,CA,2025-07-26
18449,WA,2023-05-01
18450,CA,2023-05-30
18451,GA,2023-06-02
18452,MA,2025-09-30
18453,TX,2024-07-27
18454,GA,2025-12-22
18455,NY,2023-03-09
18456,PA,2023-08-13
18457,MA,2025-04-26
18458,GA,2024-07-11
18459,IL,2025-05-25
18460,NC,2023-09-04
18461,WA,2025-06-27
18462,PA,2023-10-19
18463,MA,2023-08-02
18464,AZ,2025-02-06
18465,MI,2024-08-27
18466,MI,2025-08-28
18467,IL,2025-10-07
18468,WA,2023-03-15
18469,AZ,2026-01-02
18470,NY,2024-09-16
18471,CO,2024-10-25
18472,MI,2026-01-14
18473,VA,2023-02-27
18474,MA,2024-12-26
18475,IL,2023-07-27
18476,WA,2024-02-17
18477,WA,2025-12-11
18478,GA,2025-11-06
18479,CA,2024-12-30
18480,GA,2025-01-09
18481,IL,2025-03-14
18482,FL,2024-02-23
18483,NC,2025-07-07
18484,AZ,2023-07-20
18485,MA,2026-01-10
18486,GA,2023-03-21
18487,WA,2023-07-08
18488,AZ,2025-04-07
18489,WA,2025-01-23
18490,CO,2025-04-05
18491,MA,2025-12-03
18492,VA,2024-05-24
18493,VA,2024-11-25
18494,CO,2026-01-25
18495,NJ,2023-01-21
18496,PA,2024-02-04
18497,NC,2024-07-13
18498,NY,2025-11-21
18499,GA,2024-05-03
18500,TX,2023-10-15
18501,IL,2024-03-12
18502,IL,2023-05-10
18503,NY,2024-03-16
18504,PA,2025-02-28
18505,VA,2025-09-23
18506,MA,2025-12-11
18507,GA,2024-12-21
18508,PA,2025-05-13
18509,NC,2023-08-18
18510,NJ,2024-04-09
18511,CA,2023-07-05
18512,CO,2023-06-11
18513,NY,2024-02-05
18514,AZ,2025-03-01
18515,CA,2025-10-11
18516,CO,2024-06-28
18517,NY,2024-02-17
18518,IL,2024-06-14
18519,MI,2026-02-18
18520,IL,2023-03-10
18521,WA,2023-10-20
18522,CO,2024-09-26
18523,TX,2024-07-19
18524,VA,2024-06-16
18525,NC,2024-10-11
18526,MI,2024-07-07
18527,FL,2025-08-10
18528,MA,2025-01-27
18529,MI,2023-01-28
18530,MA,2024-07-23
18531,VA,2024-09-30
18532,PA,2024-03-03
18533,AZ,2025-02-13
18534,CO,2025-09-06
18535,NY,2026-01-21
18536,NJ,2023-02-04
18537,PA,2024-06-09
18538,NY,2025-04-09
18539,FL,2024-01-11
18540,VA,2025-04-13
18541,NC,2024-10-17
18542,VA,2025-05-16
18543,GA,2025-10-03
18544,NC,2024-05-02
18545,PA,2023-12-19
18546,GA,2023-12-20
18547,VA,2025-09-05
18548,VA,2024-02-08
18549,FL,2024-02-07
18550,GA,2025-01-26
18551,MI,2024-01-29
18552,AZ,2024-08-05
18553,TX,2023-04-14
18554,PA,2023-01-11
18555,WA,2025-10-06
18556,NC,2024-02-26
18557,GA,2023-09-30
18558,IL,2023-02-23
18559,TX,2023-09-04
18560,NC,2024-10-26
18561,GA,2024-09-09
18562,IL,2026-02-03
18563,FL,2023-10-22
18564,AZ,2023-10-03
18565,FL,2024-08-07
18566,CO,2025-12-02
18567,MA,2023-07-13
18568,CA,2023-11-07
18569,IL,2024-09-11
18570,CO,2026-01-31
18571,TX,2024-10-06
18572,AZ,2023-09-07
18573,GA,2025-02-20
18574,NC,2025-08-13
18575,NY,2023-10-23
18576,AZ,2023-08-26
18577,IL,2025-03-20
18578,PA,2023-10-16
18579,CA,2024-06-20
18580,PA,2023-09-13
18581,NJ,2024-06-04
18582,MI,2026-02-16
18583,NY,2023-04-29
18584,VA,2026-01-19
18585,WA,2023-06-21
18586,CA,2024-12-23
18587,CO,2025-04-05
18588,CA,2026-02-13
18589,VA,2023-12-15
18590,GA,2024-07-20
18591,NC,2024-04-20
18592,NJ,2023-04-18
18593,TX,2024-08-11
18594,PA,2026-02-19
18595,NY,2024-01-05
18596,MI,2025-01-29
18597,CA,2026-02-18
18598,GA,2024-07-28
18599,MI,2023-03-05
18600,FL,2023-07-31
18601,PA,2023-03-10
18602,CA,2026-02-21
18603,CA,2024-01-12
18604,MA,2024-06-08
18605,NY,2023-03-09
18606,MA,2025-12-21
18607,PA,2023-06-10
18608,MI,2025-11-15
18609,MA,2025-01-28
18610,MI,2024-12-01
18611,NC,2025-04-09
18612,AZ,2025-04-28
18613,GA,2025-04-17
18614,VA,2023-09-06
18615,MA,2026-01-19
18616,VA,2025-11-25
18617,AZ,2025-10-27
18618,CA,2023-07-21
18619,PA,2025-04-24
18620,VA,2024-06-27
18621,CO,2023-06-10
18622,CO,2025-11-19
18623,FL,2023-09-19
18624,VA,2023-01-10
18625,CO,2024-12-15
18626,FL,2023-12-25
18627,MI,2023-05-04
18628,CO,2024-09-21
18629,WA,2023-09-25
18630,FL,2023-10-05
18631,IL,2025-10-20
18632,NY,2023-03-17
18633,PA,2024-06-09
18634,NY,2024-09-09
18635,NY,2025-11-25
18636,GA,2023-09-27
18637,MI,2023-01-02
18638,AZ,2024-07-26
18639,NC,2026-02-04
18640,TX,2024-06-18
18641,MI,2023-12-17
18642,NC,2025-11-17
18643,FL,2024-06-20
18644,NC,2025-05-16
18645,PA,2025-12-24
18646,CO,2025-11-29
18647,FL,2024-04-08
18648,NJ,2023-01-23
18649,NC,2024-11-19
18650,NC,2023-05-08
18651,VA,2023-02-04
18652,MA,2024-05-01
18653,WA,2023-04-11
18654,GA,2025-01-06
18655,FL,2025-01-10
18656,TX,2024-09-02
18657,VA,2026-01-10
18658,NY,2023-11-26
18659,CA,2023-07-15
18660,NJ,2024-02-18
18661,IL,2023-03-09
18662,NC,2025-05-20
18663,NY,2025-05-20
18664,CO,2023-05-21
18665,IL,2023-07-04
18666,PA,2025-11-08
18667,PA,2023-03-22
18668,WA,2024-05-12
18669,VA,2023-08-06
18670,NY,2024-06-08
18671,MA,2023-05-01
18672,NY,2024-04-13
18673,VA,2023-06-28
18674,AZ,2023-04-21
18675,WA,2023-01-09
18676,NY,2023-08-10
18677,NJ,2025-03-07
18678,NC,2025-05-10
18679,NJ,2024-09-13
18680,NJ,2026-02-05
18681,NY,2023-07-23
18682,MI,2024-06-10
18683,MA,2024-03-28
18684,GA,2025-08-03
18685,WA,2023-07-14
18686,MA,2023-09-18
18687,FL,2025-05-15
18688,NY,2025-10-29
18689,TX,2025-07-11
18690,NY,2026-02-10
18691,WA,2023-12-06
18692,IL,2023-02-16
18693,MI,2025-04-09
18694,MI,2025-03-23
18695,MA,2024-05-03
18696,TX,2025-03-01
18697,FL,2026-01-26
18698,CO,2023-04-03
18699,FL,2024-08-01
18700,MA,2023-05-18
18701,PA,2023-11-08
18702,IL,2023-10-17
18703,MA,2023-03-06
18704,CA,2024-12-03
18705,TX,2025-08-18
18706,IL,2024-06-22
18707,TX,2023-04-27
18708,MI,2025-06-10
18709,AZ,2024-07-20
18710,MI,2024-04-30
18711,AZ,2025-11-15
18712,MA,2025-02-22
18713,GA,2025-10-08
18714,TX,2025-05-26
18715,AZ,2024-09-11
18716,CA,2024-02-18
18717,NC,2026-02-19
18718,MI,2024-03-04
18719,VA,2023-08-31
18720,IL,2023-09-09
18721,PA,2026-01-03
18722,CA,2023-04-22
18723,CA,2025-02-20
18724,AZ,2025-08-27
18725,CO,2023-12-26
18726,GA,2025-02-05
18727,NY,2025-07-07
18728,GA,2023-06-17
18729,WA,2025-01-27
18730,VA,2023-08-01
18731,CO,2025-02-26
18732,MA,2025-03-02
18733,MA,2023-02-15
18734,FL,2025-11-07
18735,NY,2025-05-28
18736,WA,2025-01-27
18737,AZ,2024-11-18
18738,NJ,2024-02-02
18739,NJ,2024-10-22
18740,TX,2023-04-08
18741,MI,2025-10-25
18742,AZ,2023-06-08
18743,GA,2023-03-28
18744,IL,2026-02-17
18745,CA,2024-03-18
18746,TX,2023-06-21
18747,PA,2024-11-12
18748,FL,2023-08-23
18749,GA,2023-05-01
18750,NJ,2024-05-11
18751,IL,2024-09-03
18752,FL,2024-02-26
18753,CA,2023-05-15
18754,CO,2023-11-11
18755,AZ,2023-03-10
18756,NJ,2023-07-17
18757,NY,2025-03-27
18758,NJ,2023-01-11
18759,MI,2025-05-18
18760,NJ,2026-02-27
18761,CO,2025-01-04
18762,IL,2026-02-07
18763,CO,2025-11-16
18764,IL,2023-01-16
18765,WA,2026-01-01
18766,WA,2025-08-05
18767,AZ,2023-01-07
18768,AZ,2023-03-02
18769,NC,2025-07-13
18770,NC,2024-04-29
18771,NJ,2024-09-23
18772,CO,2025-07-24
18773,MA,2025-11-20
18774,CO,2024-07-13
18775,PA,2023-04-01
18776,CO,2024-03-21
18777,MA,2025-08-07
18778,NY,2023-11-26
18779,NJ,2025-11-10
18780,MI,2025-08-12
18781,GA,2024-04-23
18782,VA,2024-06-01
18783,MA,2024-06-19
18784,PA,2023-08-13
18785,NJ,2024-07-25
18786,MI,2024-01-03
18787,IL,2025-10-19
18788,GA,2025-11-25
18789,VA,2024-04-10
18790,CA,2024-07-25
18791,NJ,2024-03-13
18792,NY,2025-01-26
18793,VA,2024-08-13
18794,CA,2025-05-30
18795,NC,2023-07-10
18796,PA,2023-04-07
18797,TX,2024-05-18
18798,NJ,2025-06-06
18799,WA,2023-05-30
18800,CA,2023-02-12
18801,FL,2025-07-01
18802,AZ,2023-11-15
18803,VA,2023-08-06
18804,CO,2024-05-02
18805,IL,2023-05-26
18806,VA,2023-11-24
18807,CA,2023-09-16
18808,PA,2024-07-19
18809,CA,2023-04-29
18810,TX,2023-10-17
18811,AZ,2023-08-13
18812,NC,2025-06-12
18813,MI,2025-01-22
18814,CO,2023-09-02
18815,NJ,2023-06-25
18816,NJ,2024-06-05
18817,AZ,2023-04-29
18818,CO,2023-09-16
18819,VA,2024-07-24
18820,TX,2025-07-31
18821,MA,2026-02-27
18822,PA,2023-06-07
18823,TX,2023-09-18
18824,FL,2024-01-25
18825,GA,2024-10-06
18826,VA,2023-05-12
18827,FL,2024-02-12
18828,TX,2023-10-09
18829,WA,2024-07-20
18830,MA,2025-02-06
18831,WA,2023-02-15
18832,FL,2024-11-16
18833,CO,2023-01-21
18834,FL,2025-09-23
18835,NY,2023-09-25
18836,NC,2023-04-11
18837,VA,2024-10-22
18838,AZ,2024-10-14
18839,IL,2023-02-02
18840,NY,2023-08-24
18841,TX,2023-07-17
18842,CA,2024-05-21
18843,WA,2025-01-16
18844,GA,2023-11-28
18845,NY,2024-04-30
18846,PA,2023-04-30
18847,MA,2023-06-07
18848,WA,2025-11-26
18849,NY,2025-04-29
18850,CO,2023-05-24
18851,NJ,2024-10-02
18852,MI,2024-11-23
18853,VA,2025-11-17
18854,VA,2025-08-06
18855,IL,2025-01-23
18856,FL,2025-05-24
18857,VA,2023-02-20
18858,FL,2023-04-19
18859,NY,2023-05-14
18860,TX,2023-03-21
18861,MI,2025-10-03
18862,MA,2023-12-04
18863,TX,2024-03-07
18864,VA,2025-06-06
18865,WA,2023-04-12
18866,NC,2023-11-27
18867,IL,2024-01-11
18868,IL,2023-08-19
18869,AZ,2025-02-02
18870,FL,2024-02-28
18871,IL,2025-11-14
18872,TX,2024-07-22
18873,MA,2024-02-20
18874,MA,2023-10-29
18875,FL,2026-01-28
18876,NY,2023-04-29
18877,NJ,2023-11-27
18878,MA,2024-10-23
18879,TX,2023-12-25
18880,MI,2026-02-23
18881,CA,2023-10-16
18882,NY,2024-07-06
18883,NC,2024-03-15
18884,GA,2024-07-28
18885,PA,2024-12-17
18886,MI,2023-12-12
18887,CO,2025-10-11
18888,MI,2025-10-09
18889,MI,2025-04-12
18890,AZ,2023-04-15
18891,IL,2023-11-09
18892,AZ,2023-03-27
18893,IL,2024-04-26
18894,AZ,2025-04-29
18895,CA,2025-10-24
18896,NY,2023-10-27
18897,FL,2024-06-11
18898,TX,2024-08-28
18899,AZ,2025-07-15
18900,CA,2025-11-30
18901,CO,2024-10-10
18902,MA,2024-07-08
18903,FL,2025-12-25
18904,PA,2023-09-02
18905,PA,2024-08-11
18906,GA,2024-12-31
18907,NJ,2025-11-10
18908,AZ,2023-05-27
18909,FL,2023-11-09
18910,CA,2023-11-12
18911,MI,2024-02-07
18912,NC,2023-05-06
18913,MI,2025-04-14
18914,CA,2024-05-10
18915,CA,2025-09-07
18916,CA,2025-01-13
18917,FL,2024-11-30
18918,CA,2023-02-14
18919,NY,2025-04-15
18920,FL,2025-08-21
18921,MA,2025-06-29
18922,NY,2025-05-09
18923,CO,2025-12-31
18924,VA,2024-12-28
18925,MA,2023-04-08
18926,GA,2026-01-19
18927,AZ,2023-04-27
18928,IL,2025-09-21
18929,FL,2025-12-02
18930,IL,2023-03-12
18931,MI,2025-01-27
18932,FL,2025-03-06
18933,MA,2025-04-18
18934,GA,2024-12-26
18935,TX,2023-04-17
18936,TX,2024-01-21
18937,NY,2024-03-31
18938,CA,2025-02-13
18939,AZ,2023-10-21
18940,CA,2023-06-25
18941,VA,2026-02-04
18942,TX,2026-01-14
18943,AZ,2024-08-16
18944,MA,2023-11-25
18945,MI,2025-10-22
18946,NJ,2023-02-11
18947,GA,2023-03-22
18948,AZ,2024-05-02
18949,NY,2025-07-04
18950,MA,2023-09-19
18951,CA,2024-12-09
18952,NY,2025-09-19
18953,IL,2025-03-18
18954,NJ,2024-07-01
18955,WA,2024-09-06
18956,CO,2025-08-04
18957,PA,2025-03-25
18958,NJ,2023-04-08
18959,NY,2025-03-04
18960,CA,2023-05-07
18961,MA,2025-03-05
18962,IL,2024-08-01
18963,CO,2025-04-19
18964,NJ,2026-01-09
18965,MI,2024-08-05
18966,MI,2024-07-01
18967,VA,2023-03-08
18968,AZ,2024-11-12
18969,CO,2024-08-01
18970,NY,2025-04-16
18971,AZ,2025-04-03
18972,CO,2024-07-28
18973,IL,2026-01-06
18974,GA,2023-01-30
18975,PA,2025-02-01
18976,MA,2025-04-10
18977,NY,2026-02-12
18978,CO,2024-12-31
18979,GA,2024-06-18
18980,MA,2024-01-04
18981,FL,2023-10-29
18982,GA,2025-07-05
18983,FL,2023-11-03
18984,PA,2025-12-22
18985,FL,2025-04-16
18986,GA,2024-05-25
18987,AZ,2025-10-14
18988,CO,2025-06-05
18989,FL,2025-07-26
18990,AZ,2024-01-22
18991,CO,2025-03-05
18992,MI,2025-05-08
18993,CO,2024-04-02
18994,MA,2023-10-04
18995,NC,2023-08-18
18996,VA,2023-01-13
18997,IL,2023-07-16
18998,CO,2024-09-06
18999,MA,2023-04-13
19000,WA,2023-04-19
19001,PA,2024-01-11
19002,VA,2023-05-06
19003,VA,2025-01-16
19004,FL,2024-01-20
19005,AZ,2023-05-28
19006,PA,2024-11-13
19007,NY,2025-10-21
19008,NJ,2025-09-21
19009,CO,2024-07-05
19010,GA,2025-01-18
19011,FL,2025-10-27
19012,FL,2024-03-11
19013,WA,2025-03-12
19014,NY,2023-11-21
19015,MA,2023-06-06
19016,MI,2026-02-11
19017,WA,2023-04-22
19018,IL,2025-09-13
19019,FL,2026-01-01
19020,CO,2025-08-11
19021,CO,2025-08-15
19022,PA,2025-01-05
19023,WA,2025-05-22
19024,PA,2023-04-04
19025,IL,2024-12-19
19026,TX,2024-11-12
19027,CA,2024-10-29
19028,GA,2024-05-29
19029,GA,2025-10-25
19030,TX,2023-07-13
19031,FL,2023-02-23
19032,VA,2025-07-22
19033,MA,2025-09-02
19034,NY,2025-03-22
19035,PA,2026-01-08
19036,TX,2025-10-28
19037,IL,2023-04-01
19038,NJ,2023-12-12
19039,CO,2025-10-18
19040,MI,2023-12-17
19041,CA,2023-07-29
19042,FL,2023-09-15
19043,MI,2025-11-30
19044,CA,2024-12-27
19045,NY,2024-11-26
19046,CO,2023-10-31
19047,IL,2025-05-14
19048,GA,2023-09-02
19049,NY,2025-02-24
19050,TX,2024-08-13
19051,GA,2023-10-31
19052,GA,2023-04-21
19053,VA,2026-02-27
19054,IL,2023-09-17
19055,AZ,2024-10-27
19056,MI,2024-06-14
19057,TX,2024-07-14
19058,WA,2023-02-22
19059,MI,2025-06-20
19060,NY,2023-07-09
19061,MA,2023-05-24
19062,NC,2025-01-29
19063,NJ,2025-03-13
19064,CO,2024-12-18
19065,IL,2025-12-27
19066,CO,2025-05-22
19067,NY,2024-10-16
19068,TX,2026-02-05
19069,MA,2023-07-04
19070,NC,2024-08-12
19071,PA,2025-01-28
19072,CA,2023-04-12
19073,MA,2024-11-10
19074,IL,2024-05-03
19075,CO,2025-12-17
19076,MA,2024-09-22
19077,FL,2023-03-29
19078,TX,2026-02-19
19079,TX,2025-09-20
19080,MI,2025-12-26
19081,FL,2023-10-21
19082,MI,2026-02-27
19083,GA,2025-05-04
19084,GA,2023-02-09
19085,VA,2025-12-15
19086,NY,2024-12-12
19087,WA,2023-10-18
19088,CA,2025-03-27
19089,FL,2024-12-07
19090,NY,2026-02-19
19091,CO,2026-01-23
19092,FL,2025-03-09
19093,WA,2025-04-23
19094,NJ,2024-09-29
19095,FL,2025-07-02
19096,WA,2023-12-10
19097,WA,2025-10-23
19098,WA,2025-11-19
19099,NJ,2025-09-03
19100,TX,2023-02-14
19101,MA,2023-05-02
19102,TX,2023-10-02
19103,NY,2025-08-17
19104,TX,2025-06-19
19105,NJ,2023-11-08
19106,TX,2024-02-22
19107,CO,2025-01-30
19108,FL,2026-01-31
19109,TX,2024-11-18
19110,NC,2023-10-09
19111,WA,2025-05-05
19112,FL,2024-11-01
19113,GA,2023-12-07
19114,CO,2023-01-22
19115,NJ,2024-07-22
19116,MA,2024-10-31
19117,MI,2025-08-27
19118,CO,2023-12-11
19119,VA,2023-07-19
19120,WA,2023-01-05
19121,FL,2023-10-27
19122,MA,2025-01-07
19123,CA,2024-06-23
19124,IL,2025-06-14
19125,MI,2023-09-03
19126,CO,2025-10-25
19127,MA,2023-01-13
19128,NY,2025-09-04
19129,AZ,2023-10-13
19130,VA,2023-12-05
19131,AZ,2025-08-02
19132,MA,2023-04-23
19133,VA,2023-12-04
19134,IL,2023-03-31
19135,VA,2025-02-21
19136,WA,2025-01-28
19137,FL,2025-11-19
19138,CA,2023-12-23
19139,VA,2024-06-29
19140,NY,2024-04-03
19141,MI,2024-04-15
19142,MA,2025-05-16
19143,NC,2025-07-27
19144,TX,2024-07-26
19145,WA,2025-10-22
19146,CO,2026-02-15
19147,VA,2023-11-04
19148,VA,2024-07-17
19149,CO,2025-11-04
19150,IL,2024-02-28
19151,WA,2026-01-24
19152,VA,2024-09-01
19153,NY,2023-02-24
19154,GA,2024-02-17
19155,CA,2025-09-08
19156,NJ,2023-02-07
19157,NY,2025-02-08
19158,VA,2023-07-02
19159,CA,2023-05-06
19160,PA,2023-05-20
19161,FL,2024-09-12
19162,FL,2023-02-01
19163,WA,2023-08-23
19164,WA,2023-03-14
19165,CO,2024-04-16
19166,NJ,2024-09-19
19167,MI,2024-10-29
19168,NJ,2024-08-16
19169,TX,2024-09-10
19170,IL,2023-10-19
19171,PA,2024-09-20
19172,VA,2023-08-01
19173,PA,2023-06-16
19174,TX,2025-12-08
19175,VA,2024-02-06
19176,NY,2025-03-01
19177,CO,2025-08-26
19178,CA,2023-06-28
19179,GA,2023-06-20
19180,NJ,2023-01-04
19181,MA,2023-12-02
19182,PA,2023-07-14
19183,NC,2025-06-11
19184,VA,2025-02-08
19185,MI,2023-05-10
19186,PA,2025-10-21
19187,NJ,2025-02-24
19188,FL,2024-05-01
19189,TX,2023-11-19
19190,IL,2023-01-24
19191,GA,2024-01-12
19192,MI,2025-02-17
19193,GA,2023-04-03
19194,FL,2023-05-01
19195,NC,2024-03-27
19196,WA,2024-08-24
19197,NJ,2025-06-18
19198,VA,2024-08-09
19199,GA,2025-11-20
19200,NY,2025-08-09
19201,NY,2024-12-07
19202,WA,2024-08-23
19203,CA,2024-09-01
19204,CO,2023-05-09
19205,WA,2024-03-28
19206,PA,2025-03-17
19207,NC,2024-03-11
19208,NY,2024-05-21
19209,PA,2024-10-13
19210,GA,2025-06-25
19211,NY,2023-04-19
19212,MA,2024-06-09
19213,CO,2025-08-07
19214,AZ,2024-01-27
19215,IL,2024-11-03
19216,AZ,2026-02-10
19217,NJ,2025-05-01
19218,MA,2024-08-28
19219,NJ,2023-12-13
19220,CA,2025-04-01
19221,FL,2024-12-18
19222,VA,2023-11-03
19223,MA,2025-06-28
19224,CA,2025-11-23
19225,VA,2023-06-18
19226,CA,2024-06-15
19227,NJ,2024-06-21
19228,IL,2025-07-16
19229,FL,2024-11-20
19230,TX,2026-01-09
19231,PA,2024-11-19
19232,MI,2024-12-05
19233,WA,2023-07-10
19234,GA,2023-10-10
19235,NC,2025-08-28
19236,NC,2024-05-03
19237,PA,2025-11-24
19238,AZ,2025-03-16
19239,AZ,2023-02-11
19240,PA,2023-06-19
19241,NJ,2025-10-03
19242,NC,2025-05-17
19243,TX,2024-07-19
19244,WA,2024-01-20
19245,NC,2024-08-20
19246,WA,2025-12-23
19247,GA,2023-03-22
19248,NJ,2025-02-18
19249,PA,2024-04-05
19250,NC,2023-08-26
19251,NJ,2023-10-26
19252,FL,2025-01-06
19253,CA,2025-04-19
19254,NC,2026-01-18
19255,WA,2024-06-12
19256,CA,2023-03-29
19257,IL,2023-01-24
19258,PA,2023-11-28
19259,NC,2025-12-17
19260,NC,2024-04-08
19261,MI,2025-09-28
19262,MA,2023-07-08
19263,CA,2023-08-10
19264,NC,2025-08-20
19265,FL,2023-12-19
19266,GA,2025-12-10
19267,VA,2026-01-16
19268,CA,2023-08-10
19269,GA,2024-05-02
19270,CO,2025-05-09
19271,WA,2025-05-28
19272,IL,2023-06-16
19273,MA,2023-04-11
19274,FL,2024-06-08
19275,AZ,2024-05-02
19276,AZ,2023-03-22
19277,IL,2024-08-02
19278,MA,2025-04-01
19279,NJ,2026-02-23
19280,MI,2025-06-04
19281,IL,2024-08-24
19282,NJ,2023-03-13
19283,VA,2023-09-02
19284,MI,2024-08-01
19285,PA,2024-10-03
19286,IL,2023-07-13
19287,NY,2024-06-21
19288,WA,2023-11-28
19289,TX,2023-10-20
19290,MA,2024-12-30
19291,FL,2023-02-05
19292,CA,2026-01-06
19293,PA,2025-11-10
19294,PA,2023-09-02
19295,IL,2023-02-23
19296,IL,2026-01-21
19297,MA,2023-06-25
19298,MI,2023-07-09
19299,NJ,2025-03-17
19300,CO,2024-09-07
19301,MI,2023-03-09
19302,TX,2023-11-20
19303,AZ,2024-03-29
19304,IL,2023-08-14
19305,NC,2023-04-14
19306,NY,2024-04-10
19307,VA,2024-03-03
19308,AZ,2025-09-19
19309,GA,2024-03-17
19310,NY,2024-12-24
19311,TX,2026-02-23
19312,PA,2025-11-25
19313,MI,2023-05-13
19314,MI,2025-06-10
19315,VA,2024-01-31
19316,NC,2023-03-31
19317,PA,2023-09-12
19318,PA,2025-08-13
19319,NY,2023-03-24
19320,GA,2024-10-12
19321,CA,2024-06-15
19322,WA,2025-04-20
19323,CA,2026-01-12
19324,WA,2023-01-27
19325,CO,2025-10-11
19326,CO,2024-01-14
19327,NJ,2024-01-28
19328,CO,2023-08-05
19329,NY,2024-01-16
19330,CO,2024-09-28
19331,PA,2025-03-10
19332,WA,2024-05-22
19333,MI,2023-10-10
19334,CA,2023-08-02
19335,MA,2024-06-13
19336,VA,2025-05-04
19337,IL,2024-09-08
19338,WA,2023-02-10
19339,CA,2024-06-02
19340,AZ,2025-10-25
19341,AZ,2025-11-10
19342,CA,2024-10-07
19343,IL,2025-07-29
19344,NC,2023-08-30
19345,PA,2025-07-19
19346,MA,2023-04-16
19347,NC,2023-12-09
19348,NC,2024-02-21
19349,CA,2023-02-07
19350,GA,2023-12-02
19351,MI,2024-04-17
19352,FL,2023-04-23
19353,WA,2023-09-08
19354,NY,2025-06-30
19355,AZ,2025-12-30
19356,PA,2023-09-21
19357,NC,2025-06-17
19358,VA,2024-08-03
19359,CO,2024-01-19
19360,AZ,2025-02-25
19361,NY,2025-10-06
19362,TX,2024-07-15
19363,MI,2024-04-17
19364,PA,2023-03-02
19365,MI,2025-12-17
19366,GA,2025-07-06
19367,NY,2025-11-21
19368,AZ,2024-10-18
19369,IL,2023-06-18
19370,PA,2025-11-11
19371,FL,2025-03-20
19372,MA,2026-01-07
19373,AZ,2023-10-29
19374,AZ,2024-11-18
19375,IL,2024-01-22
19376,NC,2023-11-25
19377,AZ,2024-04-04
19378,GA,2023-06-02
19379,AZ,2024-12-25
19380,GA,2025-03-17
19381,NC,2024-05-01
19382,FL,2024-08-17
19383,CA,2025-09-24
19384,NY,2025-09-08
19385,CO,2024-10-02
19386,AZ,2025-08-05
19387,NC,2023-07-10
19388,CO,2023-02-21
19389,AZ,2024-08-17
19390,MI,2023-12-07
19391,NY,2024-06-08
19392,FL,2023-01-17
19393,CA,2023-08-30
19394,MA,2024-10-12
19395,FL,2023-10-21
19396,NJ,2025-11-17
19397,AZ,2023-12-25
19398,CO,2024-11-03
19399,GA,2025-10-16
19400,PA,2023-07-01
19401,GA,2025-07-09
19402,TX,2025-03-02
19403,WA,2024-10-28
19404,IL,2024-12-26
19405,IL,2023-12-19
19406,NC,2023-03-10
19407,CO,2024-04-21
19408,IL,2023-11-21
19409,IL,2026-01-03
19410,FL,2023-10-14
19411,MA,2023-03-24
19412,AZ,2023-09-26
19413,AZ,2025-06-06
19414,CO,2023-10-28
19415,TX,2025-10-18
19416,MA,2023-03-31
19417,TX,2023-12-26
19418,CO,2025-10-22
19419,CA,2026-02-22
19420,CA,2025-02-18
19421,AZ,2024-12-27
19422,IL,2023-01-05
19423,NC,2023-04-27
19424,GA,2025-10-10
19425,PA,2024-03-06
19426,AZ,2024-01-25
19427,FL,2025-01-13
19428,IL,2023-03-25
19429,PA,2024-08-23
19430,WA,2024-03-28
19431,PA,2026-02-08
19432,MI,2023-11-19
19433,CA,2026-02-02
19434,IL,2026-01-14
19435,GA,2025-08-21
19436,MI,2024-05-17
19437,MI,2024-05-20
19438,PA,2025-06-03
19439,TX,2024-05-10
19440,NJ,2025-07-29
19441,MI,2025-09-20
19442,TX,2024-01-21
19443,AZ,2024-11-06
19444,NY,2026-02-10
19445,VA,2025-05-14
19446,FL,2023-10-14
19447,NC,2025-07-11
19448,TX,2023-07-20
19449,PA,2025-03-21
19450,NY,2025-06-01
19451,CA,2024-05-27
19452,TX,2025-06-16
19453,NC,2023-12-23
19454,IL,2026-02-07
19455,GA,2025-06-26
19456,NJ,2025-06-24
19457,WA,2025-12-24
19458,MI,2025-12-24
19459,TX,2023-11-13
19460,AZ,2023-04-05
19461,WA,2024-04-03
19462,WA,2024-01-30
19463,WA,2025-11-28
19464,PA,2023-05-29
19465,PA,2024-01-11
19466,MA,2024-01-01
19467,WA,2024-03-31
19468,MA,2023-10-03
19469,GA,2024-02-09
19470,WA,2023-06-12
19471,NY,2025-03-10
19472,WA,2025-03-14
19473,CO,2025-12-28
19474,PA,2026-02-06
19475,FL,2023-06-29
19476,NY,2023-05-12
19477,NC,2025-05-01
19478,TX,2025-10-08
19479,GA,2024-04-01
19480,GA,2025-07-03
19481,CO,2025-10-13
19482,CO,2024-05-24
19483,CO,2023-09-02
19484,CO,2025-02-22
19485,CO,2025-11-27
19486,CA,2026-02-12
19487,IL,2024-05-12
19488,PA,2024-04-03
19489,GA,2026-02-16
19490,CO,2024-10-05
19491,TX,2023-02-25
19492,NJ,2024-02-28
19493,CA,2026-02-17
19494,NY,2023-02-19
19495,NJ,2024-01-08
19496,MI,2023-03-23
19497,NY,2025-05-31
19498,MA,2024-07-14
19499,PA,2023-02-17
19500,IL,2023-08-26
19501,NJ,2025-09-18
19502,NY,2024-01-24
19503,CO,2024-11-15
19504,MI,2023-07-06
19505,GA,2026-02-17
19506,MI,2024-11-26
19507,MA,2023-12-29
19508,FL,2023-01-08
19509,VA,2024-09-02
19510,VA,2023-01-27
19511,CA,2025-08-31
19512,FL,2025-06-05
19513,FL,2025-09-09
19514,CO,2023-10-03
19515,FL,2025-04-04
19516,FL,2025-08-23
19517,VA,2025-03-01
19518,NY,2024-12-16
19519,PA,2024-04-21
19520,NC,2024-12-04
19521,MA,2023-12-26
19522,MI,2025-11-22
19523,FL,2024-06-28
19524,NJ,2023-04-10
19525,IL,2024-10-18
19526,TX,2023-11-26
19527,MA,2025-12-24
19528,IL,2023-05-02
19529,TX,2025-08-16
19530,FL,2025-09-28
19531,NC,2024-04-20
19532,AZ,2025-01-11
19533,WA,2023-05-07
19534,GA,2025-05-17
19535,AZ,2023-04-01
19536,IL,2023-02-15
19537,VA,2023-01-25
19538,FL,2023-12-15
19539,NJ,2025-09-29
19540,NJ,2025-02-06
19541,MA,2025-05-22
19542,NY,2023-10-21
19543,FL,2023-09-03
19544,WA,2023-09-14
19545,FL,2025-04-01
19546,FL,2023-12-18
19547,NJ,2025-02-28
19548,VA,2025-10-19
19549,GA,2024-11-24
19550,AZ,2025-01-08
19551,NJ,2025-11-23
19552,VA,2024-12-19
19553,NY,2024-07-09
19554,IL,2024-05-13
19555,AZ,2026-02-06
19556,CO,2023-11-19
19557,CO,2023-04-24
19558,NJ,2025-08-05
19559,MA,2024-04-29
19560,NC,2023-10-05
19561,NJ,2025-11-18
19562,FL,2024-02-02
19563,MA,2023-08-10
19564,VA,2023-11-14
19565,NC,2023-09-28
19566,IL,2024-02-02
19567,NJ,2023-12-09
19568,IL,2024-01-16
19569,NY,2025-02-13
19570,CO,2023-12-06
19571,CO,2023-01-07
19572,AZ,2023-10-15
19573,NJ,2025-06-11
19574,MA,2025-04-26
19575,NJ,2024-12-17
19576,GA,2023-07-03
19577,CO,2024-07-23
19578,AZ,2024-09-14
19579,GA,2023-07-05
19580,MI,2024-10-04
19581,GA,2024-04-24
19582,IL,2025-04-27
19583,NY,2024-09-21
19584,PA,2024-05-18
19585,MA,2023-04-20
19586,TX,2025-01-01
19587,VA,2023-08-02
19588,MA,2025-09-22
19589,GA,2024-07-21
19590,NC,2025-09-27
19591,AZ,2025-08-18
19592,NC,2025-04-03
19593,NY,2025-04-26
19594,AZ,2026-01-24
19595,VA,2024-10-19
19596,IL,2025-12-07
19597,VA,2025-09-02
19598,IL,2023-07-18
19599,GA,2024-05-22
19600,VA,2023-11-25
19601,GA,2023-05-04
19602,MI,2023-07-19
19603,VA,2023-03-16
19604,WA,2023-06-06
19605,AZ,2023-11-08
19606,WA,2026-02-17
19607,GA,2025-11-01
19608,CO,2026-02-17
19609,MA,2023-03-24
19610,CO,2024-11-23
19611,IL,2025-10-14
19612,TX,2023-07-05
19613,MA,2023-02-12
19614,CO,2023-03-14
19615,MI,2025-11-08
19616,CO,2023-06-14
19617,CA,2023-09-24
19618,MA,2026-02-25
19619,TX,2025-05-16
19620,NY,2024-10-15
19621,AZ,2023-02-03
19622,NY,2023-04-08
19623,AZ,2023-11-12
19624,MI,2024-12-10
19625,AZ,2024-02-09
19626,CO,2024-09-07
19627,GA,2025-05-31
19628,TX,2025-04-13
19629,AZ,2025-05-04
19630,TX,2024-03-15
19631,IL,2024-06-15
19632,NJ,2025-02-15
19633,NC,2023-04-26
19634,CA,2024-02-09
19635,IL,2023-10-24
19636,PA,2025-06-19
19637,TX,2024-07-11
19638,NJ,2023-11-30
19639,FL,2025-12-30
19640,GA,2025-08-23
19641,TX,2023-02-28
19642,CA,2024-12-16
19643,TX,2025-10-02
19644,MA,2025-12-10
19645,VA,2023-01-16
19646,MA,2023-02-20
19647,NJ,2026-02-25
19648,WA,2025-09-15
19649,AZ,2025-01-07
19650,CA,2025-06-24
19651,NJ,2023-11-24
19652,CO,2025-07-20
19653,NC,2023-10-28
19654,CO,2024-06-01
19655,NC,2023-09-19
19656,PA,2023-04-01
19657,NC,2023-07-13
19658,VA,2025-12-23
19659,NC,2023-08-14
19660,NY,2024-03-20
19661,NC,2023-11-30
19662,TX,2025-12-22
19663,FL,2024-05-11
19664,CA,2025-10-11
19665,FL,2023-09-02
19666,WA,2023-03-05
19667,TX,2025-03-15
19668,AZ,2025-07-20
19669,NJ,2023-06-11
19670,MI,2025-12-04
19671,NC,2023-01-25
19672,NY,2023-10-27
19673,VA,2023-03-15
19674,IL,2026-02-13
19675,CO,2023-06-01
19676,MA,2024-08-03
19677,NJ,2026-01-19
19678,AZ,2023-04-02
19679,CA,2025-05-21
19680,FL,2025-01-16
19681,TX,2025-04-07
19682,IL,2024-11-15
19683,GA,2024-01-07
19684,GA,2025-12-01
19685,MA,2025-03-10
19686,MI,2024-12-25
19687,PA,2024-09-02
19688,GA,2023-04-30
19689,CO,2024-06-24
19690,WA,2023-02-17
19691,GA,2025-03-11
19692,AZ,2026-02-25
19693,MA,2025-10-05
19694,WA,2023-02-08
19695,MI,2024-04-17
19696,CO,2026-02-16
19697,MI,2023-11-20
19698,MA,2023-02-21
19699,GA,2025-08-05
19700,NC,2025-07-21
19701,CA,2023-05-16
19702,MI,2023-06-18
19703,VA,2024-05-31
19704,GA,2023-12-26
19705,MI,2023-03-09
19706,MA,2024-04-25
19707,CA,2023-08-09
19708,CA,2023-09-18
19709,WA,2023-09-23
19710,CO,2024-11-07
19711,GA,2025-12-15
19712,PA,2025-05-03
19713,IL,2024-02-12
19714,PA,2024-04-13
19715,VA,2025-01-31
19716,NC,2023-08-31
19717,PA,2024-05-28
19718,CO,2024-07-28
19719,MI,2024-10-27
19720,IL,2025-02-05
19721,NJ,2024-03-29
19722,IL,2023-07-07
19723,FL,2024-12-05
19724,NJ,2024-11-22
19725,WA,2024-08-24
19726,AZ,2023-12-01
19727,NY,2024-04-01
19728,TX,2025-01-07
19729,TX,2023-12-03
19730,AZ,2023-12-21
19731,PA,2023-12-22
19732,NJ,2023-08-20
19733,WA,2025-03-06
19734,AZ,2023-07-09
19735,WA,2023-02-17
19736,IL,2025-03-24
19737,WA,2023-02-24
19738,PA,2023-04-29
19739,IL,2025-10-22
19740,CO,2023-08-12
19741,MI,2025-01-17
19742,NY,2023-07-22
19743,FL,2023-01-11
19744,VA,2023-09-16
19745,IL,2023-10-25
19746,PA,2024-10-30
19747,WA,2023-11-29
19748,CA,2023-06-02
19749,GA,2023-05-14
19750,TX,2025-08-13
19751,NY,2023-04-26
19752,GA,2025-12-26
19753,MA,2024-10-23
19754,WA,2024-07-06
19755,PA,2024-11-23
19756,IL,2023-07-07
19757,PA,2023-02-08
19758,NJ,2024-04-24
19759,FL,2025-07-14
19760,CA,2024-12-29
19761,FL,2026-02-27
19762,GA,2025-02-14
19763,CA,2023-03-04
19764,NC,2025-08-12
19765,TX,2023-04-07
19766,MI,2024-06-13
19767,MI,2024-12-25
19768,WA,2025-10-17
19769,MA,2023-08-24
19770,GA,2026-01-13
19771,IL,2023-12-21
19772,TX,2025-07-13
19773,VA,2025-12-19
19774,MA,2023-06-13
19775,MI,2025-05-31
19776,AZ,2024-08-16
19777,FL,2025-10-14
19778,TX,2025-07-15
19779,AZ,2025-05-23
19780,MA,2025-06-27
19781,NJ,2025-06-09
19782,NJ,2023-05-01
19783,MA,2025-08-23
19784,FL,2023-01-02
19785,PA,2023-04-28
19786,MA,2024-09-30
19787,NJ,2024-01-09
19788,AZ,2026-02-05
19789,NY,2023-04-22
19790,CA,2024-05-14
19791,PA,2024-11-05
19792,MI,2025-11-08
19793,NY,2025-11-09
19794,FL,2025-02-10
19795,CO,2024-07-14
19796,TX,2023-06-03
19797,MI,2025-03-30
19798,NC,2024-01-19
19799,MI,2025-03-14
19800,IL,2024-11-11
19801,IL,2023-06-28
19802,VA,2024-09-06
19803,GA,2023-02-16
19804,GA,2024-07-11
19805,FL,2023-07-02
19806,GA,2023-12-20
19807,MI,2024-05-01
19808,MI,2023-08-04
19809,VA,2025-06-10
19810,IL,2025-05-01
19811,NY,2025-04-08
19812,NC,2025-10-29
19813,AZ,2025-10-05
19814,NJ,2025-10-04
19815,IL,2025-01-03
19816,NY,2023-11-17
19817,CO,2023-04-01
19818,FL,2023-11-11
19819,WA,2023-04-22
19820,CO,2026-02-10
19821,AZ,2024-01-09
19822,NJ,2024-01-03
19823,CO,2024-01-13
19824,PA,2025-04-08
19825,AZ,2025-04-04
19826,PA,2024-11-04
19827,IL,2024-07-10
19828,FL,2025-12-04
19829,MI,2024-05-09
19830,CA,2024-12-22
19831,PA,2024-11-16
19832,MA,2023-09-04
19833,CO,2023-06-23
19834,GA,2023-02-05
19835,NY,2023-10-29
19836,CA,2025-06-04
19837,FL,2023-02-02
19838,VA,2024-01-17
19839,WA,2024-02-28
19840,NC,2024-12-26
19841,PA,2024-11-23
19842,CA,2024-08-17
19843,WA,2025-09-08
19844,IL,2024-02-19
19845,TX,2025-05-23
19846,PA,2023-11-15
19847,MI,2025-11-14
19848,MA,2025-01-27
19849,AZ,2023-02-28
19850,IL,2023-06-26
19851,FL,2025-12-04
19852,TX,2023-11-05
19853,WA,2023-06-03
19854,TX,2025-08-24
19855,NC,2025-02-07
19856,GA,2024-01-20
19857,GA,2025-01-17
19858,IL,2024-09-15
19859,VA,2025-11-22
19860,NJ,2023-01-06
19861,IL,2024-11-21
19862,PA,2025-03-05
19863,AZ,2025-06-09
19864,FL,2024-12-27
19865,FL,2025-02-23
19866,NY,2024-09-08
19867,NC,2025-06-04
19868,FL,2023-01-23
19869,CO,2025-03-17
19870,VA,2023-06-10
19871,NC,2023-09-23
19872,NY,2023-03-24
19873,GA,2023-06-17
19874,AZ,2024-10-16
19875,CA,2024-07-08
19876,VA,2023-12-10
19877,NY,2023-01-12
19878,MI,2024-03-25
19879,NY,2024-07-27
19880,NJ,2024-08-13
19881,VA,2024-05-04
19882,MI,2024-10-23
19883,AZ,2024-04-09
19884,IL,2025-06-28
19885,MI,2024-09-08
19886,AZ,2023-01-07
19887,MA,2025-10-03
19888,VA,2025-03-12
19889,MI,2023-11-15
19890,MI,2023-05-10
19891,TX,2023-04-19
19892,NJ,2023-08-07
19893,GA,2024-05-20
19894,WA,2024-03-04
19895,WA,2024-10-03
19896,NJ,2023-09-01
19897,PA,2024-03-13
19898,FL,2023-11-03
19899,GA,2025-06-19
19900,CO,2024-02-13
19901,PA,2025-01-18
19902,FL,2023-01-01
19903,FL,2025-02-15
19904,NY,2023-07-13
19905,GA,2025-08-20
19906,TX,2023-05-02
19907,FL,2023-12-30
19908,AZ,2025-10-24
19909,MA,2023-05-29
19910,NC,2025-12-20
19911,CO,2025-03-04
19912,CO,2026-02-14
19913,FL,2025-04-25
19914,MI,2023-08-26
19915,MA,2024-12-30
19916,NC,2024-04-02
19917,CA,2024-04-29
19918,IL,2026-01-10
19919,IL,2025-04-28
19920,IL,2024-12-14
19921,PA,2025-12-06
19922,NY,2023-12-10
19923,CO,2023-08-24
19924,AZ,2024-10-24
19925,MI,2024-01-11
19926,MI,2026-02-20
19927,WA,2025-08-29
19928,WA,2023-09-03
19929,NY,2024-07-19
19930,FL,2024-11-29
19931,PA,2025-07-03
19932,GA,2023-10-08
19933,GA,2023-03-08
19934,IL,2023-06-24
19935,NJ,2023-10-12
19936,MI,2023-11-01
19937,GA,2025-05-24
19938,FL,2025-03-03
19939,MI,2024-02-11
19940,NJ,2023-11-28
19941,CA,2023-11-01
19942,NY,2025-07-07
19943,VA,2024-10-30
19944,CA,2025-02-11
19945,CO,2024-07-04
19946,GA,2025-09-21
19947,NC,2025-11-19
19948,PA,2024-03-15
19949,IL,2023-09-15
19950,NY,2025-02-21
19951,IL,2024-07-16
19952,GA,2023-08-22
19953,PA,2023-01-26
19954,TX,2024-06-06
19955,GA,2024-01-19
19956,NY,2024-01-28
19957,NJ,2024-04-06
19958,WA,2025-04-18
19959,NJ,2025-01-06
19960,NY,2023-04-20
19961,MA,2023-07-25
19962,NJ,2025-12-30
19963,NC,2023-07-29
19964,MI,2023-07-04
19965,GA,2024-08-24
19966,MA,2025-01-28
19967,PA,2025-01-14
19968,WA,2025-06-09
19969,MI,2024-02-03
19970,FL,2024-06-28
19971,PA,2025-06-25
19972,FL,2024-11-12
19973,MI,2025-09-04
19974,NC,2023-11-10
19975,CO,2023-08-16
19976,NC,2024-10-19
19977,VA,2025-11-11
19978,NC,2024-11-22
19979,AZ,2023-10-27
19980,NC,2025-07-15
19981,NC,2025-12-09
19982,NC,2025-01-11
19983,CA,2023-03-02
19984,WA,2025-11-08
19985,AZ,2023-11-04
19986,NY,2024-06-20
19987,VA,2023-03-16
19988,NJ,2026-01-03
19989,GA,2024-08-16
19990,MA,2024-08-31
19991,NC,2024-09-03
19992,CO,2025-10-17
19993,IL,2025-02-23
19994,GA,2023-08-29
19995,IL,2023-01-05
19996,MA,2024-05-01
19997,MA,2023-12-23
19998,GA,2024-01-29
19999,NJ,2024-01-04
20000,CO,2023-01-29
20001,VA,2025-08-23
20002,CA,2023-01-09
20003,FL,2023-11-30
20004,MA,2025-08-07
20005,NJ,2023-08-18
20006,CO,2024-01-28
20007,MA,2025-02-17
20008,PA,2024-01-22
20009,TX,2023-04-19
20010,MI,2023-12-05
20011,FL,2024-07-18
20012,PA,2025-04-12
20013,MA,2025-11-29
20014,CO,2023-08-10
20015,MA,2023-10-24
20016,IL,2025-11-18
20017,GA,2025-07-15
20018,GA,2025-09-21
20019,NJ,2025-09-15
20020,VA,2024-04-29
20021,MA,2023-05-10
20022,CO,2023-02-17
20023,IL,2025-04-06
20024,CA,2024-08-22
20025,CA,2025-02-08
20026,IL,2024-07-24
20027,NY,2024-04-01
20028,AZ,2025-12-08
20029,CO,2024-12-28
20030,CA,2026-01-04
20031,VA,2023-10-17
20032,NY,2024-06-18
20033,CO,2024-03-11
20034,PA,2025-04-07
20035,IL,2026-01-24
20036,PA,2023-09-08
20037,NC,2023-08-29
20038,NY,2025-07-12
20039,NY,2023-11-01
20040,NJ,2024-07-10
20041,AZ,2025-10-14
20042,MA,2025-09-17
20043,WA,2023-05-12
20044,WA,2025-10-03
20045,CO,2024-01-11
20046,PA,2024-11-17
20047,PA,2024-01-06
20048,MA,2023-06-04
20049,PA,2023-09-02
20050,AZ,2024-06-25
20051,GA,2024-11-12
20052,FL,2026-01-03
20053,NC,2025-06-15
20054,FL,2025-05-20
20055,NY,2024-11-03
20056,TX,2023-03-29
20057,CA,2026-02-11
20058,CA,2023-01-13
20059,MA,2025-05-30
20060,AZ,2025-09-20
20061,AZ,2023-11-16
20062,WA,2023-10-19
20063,TX,2024-09-14
20064,MA,2025-02-11
20065,AZ,2025-04-19
20066,NY,2025-07-12
20067,TX,2024-02-06
20068,CA,2023-06-07
20069,CO,2024-01-19
20070,NY,2024-02-02
20071,MI,2023-02-25
20072,MA,2026-01-01
20073,NJ,2025-08-27
20074,GA,2025-01-29
20075,IL,2024-04-17
20076,NY,2023-07-13
20077,NY,2025-03-07
20078,GA,2025-01-29
20079,NC,2025-03-05
20080,CO,2025-04-15
20081,AZ,2024-11-05
20082,AZ,2023-09-23
20083,AZ,2025-03-04
20084,GA,2025-12-30
20085,FL,2023-04-01
20086,FL,2026-01-04
20087,MI,2024-03-20
20088,MI,2023-03-18
20089,NY,2023-11-18
20090,AZ,2024-02-25
20091,NC,2024-06-29
20092,CA,2023-12-12
20093,NC,2024-12-15
20094,VA,2024-12-25
20095,FL,2024-10-11
20096,NC,2024-10-20
20097,NC,2023-05-29
20098,NJ,2024-02-22
20099,CO,2025-11-18
20100,NY,2025-02-04
20101,VA,2023-03-06
20102,PA,2024-11-06
20103,NJ,2023-08-12
20104,CO,2024-04-20
20105,CA,2023-11-22
20106,MI,2023-03-29
20107,CA,2023-06-07
20108,FL,2025-07-28
20109,MA,2023-10-09
20110,GA,2024-10-18
20111,WA,2023-06-12
20112,NY,2026-02-05
20113,PA,2025-06-19
20114,MA,2023-11-27
20115,NJ,2023-05-24
20116,NY,2025-12-17
20117,GA,2024-03-15
20118,GA,2024-05-02
20119,TX,2025-11-09
20120,VA,2024-06-19
20121,CO,2025-08-20
20122,NJ,2024-12-28
20123,FL,2024-10-11
20124,TX,2024-10-26
20125,CA,2025-09-04
20126,WA,2025-05-23
20127,VA,2023-06-22
20128,AZ,2025-08-31
20129,NJ,2023-01-01
20130,FL,2025-11-14
20131,CA,2025-05-29
20132,NC,2025-07-26
20133,CO,2025-05-22
20134,CO,2024-02-13
20135,VA,2025-01-13
20136,CO,2024-07-31
20137,TX,2023-03-23
20138,IL,2024-08-25
20139,PA,2024-06-30
20140,PA,2023-06-26
20141,MA,2024-10-17
20142,GA,2025-09-14
20143,WA,2023-05-21
20144,GA,2023-09-25
20145,IL,2023-05-19
20146,NC,2025-12-06
20147,NC,2025-12-19
20148,NC,2024-07-14
20149,FL,2025-12-20
20150,VA,2026-01-23
20151,CA,2024-12-31
20152,CA,2023-02-09
20153,AZ,2024-03-12
20154,NC,2024-02-10
20155,WA,2025-01-13
20156,VA,2023-02-07
20157,AZ,2024-04-12
20158,TX,2023-11-13
20159,WA,2026-01-11
20160,WA,2024-09-21
20161,CA,2025-03-25
20162,AZ,2024-06-22
20163,CO,2023-07-28
20164,WA,2024-05-06
20165,WA,2023-10-25
20166,GA,2024-08-06
20167,CO,2023-02-27
20168,VA,2024-01-31
20169,CA,2025-12-21
20170,TX,2023-03-28
20171,PA,2024-09-02
20172,MA,2026-02-21
20173,CA,2024-10-07
20174,CA,2023-10-10
20175,WA,2024-05-28
20176,GA,2025-06-20
20177,IL,2025-04-08
20178,NC,2023-06-06
20179,NY,2023-08-14
20180,NJ,2025-04-12
20181,GA,2023-09-23
20182,IL,2024-04-17
20183,WA,2024-02-03
20184,WA,2026-01-01
20185,MI,2024-06-11
20186,PA,2026-01-11
20187,TX,2023-06-23
20188,AZ,2025-06-08
20189,IL,2023-10-18
20190,MI,2024-01-16
20191,MI,2024-07-16
20192,VA,2023-07-05
20193,FL,2025-10-25
20194,VA,2023-06-28
20195,PA,2024-09-17
20196,NC,2024-04-14
20197,AZ,2025-10-01
20198,MI,2025-09-27
20199,NY,2025-12-27
20200,VA,2023-04-17
20201,TX,2024-07-24
20202,GA,2025-11-20
20203,NJ,2024-06-04
20204,NJ,2024-10-16
20205,GA,2023-02-11
20206,IL,2024-08-19
20207,NC,2025-05-13
20208,NC,2025-04-27
20209,AZ,2023-09-18
20210,GA,2024-11-01
20211,FL,2024-11-26
20212,NJ,2025-04-08
20213,WA,2025-12-26
20214,NC,2023-08-08
20215,IL,2025-05-13
20216,VA,2025-12-18
20217,MI,2024-04-05
20218,GA,2023-10-17
20219,VA,2026-02-09
20220,WA,2023-07-01
20221,CO,2024-04-10
20222,NJ,2023-08-12
20223,CA,2024-02-02
20224,WA,2024-03-29
20225,NC,2023-12-29
20226,CA,2025-02-14
20227,NC,2024-11-05
20228,AZ,2023-01-03
20229,IL,2024-08-15
20230,MA,2024-11-21
20231,PA,2025-04-28
20232,AZ,2024-08-28
20233,WA,2024-12-29
20234,CA,2023-01-22
20235,IL,2024-02-25
20236,NC,2026-02-23
20237,WA,2023-09-25
20238,IL,2024-09-06
20239,NJ,2024-07-21
20240,NC,2025-01-08
20241,MI,2026-02-03
20242,MA,2024-10-17
20243,MA,2024-06-28
20244,NY,2023-06-20
20245,MI,2023-11-01
20246,PA,2023-11-30
20247,TX,2025-11-07
20248,PA,2024-02-04
20249,IL,2025-08-20
20250,TX,2025-05-24
20251,NY,2025-08-15
20252,FL,2025-05-07
20253,WA,2023-12-01
20254,NJ,2025-01-21
20255,NC,2024-09-21
20256,GA,2024-01-11
20257,TX,2023-03-22
20258,TX,2025-06-28
20259,IL,2024-03-25
20260,WA,2025-10-19
20261,IL,2025-07-11
20262,MA,2024-11-10
20263,NJ,2024-11-15
20264,TX,2024-12-30
20265,MI,2025-08-21
20266,VA,2023-07-10
20267,WA,2025-08-30
20268,CO,2025-10-10
20269,FL,2024-11-10
20270,NC,2023-07-08
20271,NY,2024-05-27
20272,FL,2025-10-29
20273,NY,2024-08-09
20274,TX,2025-04-27
20275,FL,2025-05-10
20276,FL,2025-09-22
20277,NC,2023-05-23
20278,GA,2024-05-01
20279,NC,2023-07-13
20280,IL,2024-06-05
20281,GA,2025-11-19
20282,FL,2025-02-28
20283,GA,2025-12-01
20284,NJ,2024-02-21
20285,VA,2024-11-20
20286,GA,2024-01-03
20287,IL,2024-08-20
20288,WA,2024-07-13
20289,TX,2025-03-15
20290,AZ,2024-12-18
20291,MI,2025-05-08
20292,WA,2025-04-02
20293,MI,2023-11-06
20294,TX,2024-12-03
20295,WA,2024-06-11
20296,WA,2024-10-01
20297,NY,2024-11-27
20298,AZ,2024-08-27
20299,AZ,2024-10-14
20300,GA,2023-11-17
20301,MI,2023-10-31
20302,MA,2024-06-02
20303,AZ,2025-07-15
20304,IL,2025-07-29
20305,WA,2025-12-15
20306,MI,2023-07-11
20307,FL,2023-01-22
20308,CO,2025-04-10
20309,NY,2023-03-21
20310,CO,2024-03-03
20311,CA,2023-04-13
20312,NC,2024-12-29
20313,CA,2023-05-22
20314,TX,2025-10-06
20315,WA,2024-02-07
20316,AZ,2025-08-13
20317,IL,2025-02-08
20318,FL,2025-03-29
20319,MA,2025-01-09
20320,MA,2023-06-11
20321,NY,2024-08-16
20322,NY,2023-08-04
20323,NY,2024-07-16
20324,MI,2025-07-03
20325,AZ,2023-09-08
20326,MI,2024-12-25
20327,NY,2024-11-05
20328,VA,2024-01-23
20329,GA,2023-03-26
20330,AZ,2024-05-29
20331,WA,2023-01-05
20332,NJ,2023-08-23
20333,CO,2024-01-10
20334,WA,2023-10-02
20335,VA,2025-07-01
20336,NJ,2025-07-12
20337,WA,2025-04-20
20338,CA,2024-10-22
20339,IL,2024-09-19
20340,FL,2023-01-04
20341,MI,2024-06-17
20342,TX,2024-02-10
20343,IL,2023-11-13
20344,NY,2024-06-22
20345,CO,2023-12-06
20346,CA,2024-06-02
20347,PA,2025-07-12
20348,GA,2024-11-21
20349,CO,2025-08-29
20350,CA,2025-08-30
20351,NC,2024-09-06
20352,PA,2025-12-13
20353,MI,2025-05-06
20354,GA,2023-07-30
20355,NY,2024-03-22
20356,TX,2023-03-11
20357,NY,2025-12-27
20358,VA,2023-10-09
20359,AZ,2024-04-06
20360,CO,2024-01-03
20361,NY,2024-01-21
20362,NC,2023-02-10
20363,NY,2024-11-15
20364,MI,2025-09-07
20365,CA,2025-02-20
20366,MA,2024-11-07
20367,PA,2024-05-31
20368,NY,2026-02-27
20369,NC,2024-11-18
20370,WA,2025-11-11
20371,WA,2023-02-10
20372,TX,2023-06-02
20373,TX,2024-07-11
20374,VA,2025-10-29
20375,PA,2025-12-06
20376,TX,2023-11-26
20377,IL,2025-01-22
20378,AZ,2023-01-03
20379,FL,2025-02-14
20380,VA,2025-11-25
20381,TX,2025-03-21
20382,NY,2023-08-31
20383,VA,2023-08-07
20384,TX,2023-07-20
20385,FL,2024-01-29
20386,IL,2024-08-23
20387,FL,2023-09-26
20388,CO,2025-04-15
20389,TX,2023-05-04
20390,PA,2024-02-04
20391,TX,2025-06-26
20392,TX,2023-10-08
20393,CO,2025-10-04
20394,FL,2025-02-05
20395,CA,2024-03-08
20396,NY,2024-02-04
20397,VA,2025-05-20
20398,AZ,2025-10-22
20399,NC,2023-11-25
20400,VA,2024-09-26
20401,VA,2024-01-18
20402,AZ,2023-03-19
20403,NY,2023-11-28
20404,AZ,2023-06-12
20405,TX,2023-05-30
20406,IL,2024-07-13
20407,CO,2024-09-17
20408,PA,2024-07-29
20409,CA,2025-08-20
20410,GA,2023-05-30
20411,CA,2025-12-06
20412,NC,2023-12-28
20413,NY,2024-01-09
20414,TX,2025-02-09
20415,MA,2023-04-05
20416,GA,2026-01-29
20417,TX,2025-08-11
20418,CO,2023-03-23
20419,MI,2024-09-24
20420,GA,2025-06-21
20421,NC,2025-09-22
20422,MA,2024-02-17
20423,FL,2023-01-03
20424,FL,2023-01-13
20425,FL,2023-06-13
20426,IL,2024-09-08
20427,FL,2023-06-15
20428,WA,2026-01-03
20429,GA,2023-03-01
20430,PA,2024-01-17
20431,MA,2026-01-01
20432,CO,2025-02-28
20433,WA,2024-10-22
20434,WA,2026-02-20
20435,VA,2024-04-11
20436,NJ,2024-05-30
20437,MA,2024-04-25
20438,NJ,2023-08-25
20439,VA,2024-12-20
20440,AZ,2023-06-21
20441,PA,2023-07-26
20442,CO,2024-07-24
20443,GA,2025-03-15
20444,MI,2023-04-23
20445,AZ,2024-05-02
20446,NY,2024-01-18
20447,TX,2025-08-15
20448,PA,2024-11-28
20449,PA,2024-09-15
20450,NY,2024-12-07
20451,NC,2023-05-05
20452,MA,2023-12-22
20453,PA,2023-08-27
20454,NY,2025-10-02
20455,PA,2024-05-27
20456,AZ,2024-09-24
20457,MI,2024-08-23
20458,NY,2025-10-20
20459,AZ,2023-04-24
20460,AZ,2025-07-17
20461,NY,2023-01-27
20462,MI,2024-08-21
20463,PA,2024-08-14
20464,VA,2023-06-29
20465,FL,2024-07-20
20466,CA,2023-09-04
20467,NY,2023-11-13
20468,TX,2025-08-16
20469,MA,2025-02-20
20470,NC,2025-09-12
20471,CA,2025-06-08
20472,IL,2025-12-27
20473,TX,2025-02-15
20474,TX,2025-01-16
20475,FL,2023-12-11
20476,VA,2023-02-21
20477,FL,2025-03-15
20478,MA,2024-08-14
20479,TX,2024-11-23
20480,CO,2024-02-13
20481,CO,2023-12-01
20482,NJ,2024-02-09
20483,VA,2023-05-02
20484,MA,2024-10-08
20485,NY,2024-11-19
20486,WA,2025-11-28
20487,IL,2023-03-16
20488,PA,2025-05-14
20489,NC,2023-08-05
20490,FL,2025-01-12
20491,VA,2024-02-22
20492,NC,2024-10-17
20493,WA,2025-05-13
20494,AZ,2025-03-18
20495,GA,2023-10-23
20496,NJ,2024-03-25
20497,MA,2023-04-13
20498,NY,2026-01-20
20499,NJ,2025-02-28
20500,CA,2025-06-19
20501,NY,2023-05-26
20502,TX,2023-04-29
20503,NJ,2023-09-21
20504,NY,2025-12-18
20505,NJ,2025-09-15
20506,TX,2024-10-26
20507,NC,2023-07-05
20508,MI,2026-02-12
20509,NJ,2025-02-25
20510,NJ,2025-06-11
20511,MI,2023-12-28
20512,PA,2025-09-25
20513,AZ,2023-08-24
20514,PA,2025-12-10
20515,GA,2023-12-17
20516,FL,2024-02-21
20517,PA,2025-04-22
20518,GA,2025-01-13
20519,NJ,2025-10-02
20520,TX,2023-01-13
20521,PA,2025-05-30
20522,CA,2025-03-16
20523,NJ,2023-08-01
20524,WA,2023-09-27
20525,NC,2025-09-10
20526,NC,2025-11-29
20527,AZ,2025-02-12
20528,NY,2023-06-30
20529,FL,2025-10-13
20530,NY,2023-04-16
20531,NY,2025-04-12
20532,VA,2024-05-01
20533,TX,2024-02-08
20534,WA,2024-01-25
20535,FL,2024-08-30
20536,NY,2025-09-26
20537,MI,2023-05-03
20538,NJ,2025-02-27
20539,AZ,2023-02-06
20540,AZ,2024-12-10
20541,NC,2025-02-05
20542,NY,2024-05-17
20543,AZ,2025-07-05
20544,IL,2024-08-19
20545,MA,2023-04-02
20546,PA,2023-04-10
20547,NC,2025-09-03
20548,IL,2024-11-16
20549,MA,2024-01-29
20550,CA,2024-08-16
20551,IL,2025-04-13
20552,NJ,2025-06-04
20553,TX,2025-10-01
20554,CA,2024-05-19
20555,CO,2026-02-14
20556,FL,2025-02-28
20557,NC,2024-05-05
20558,CO,2023-12-08
20559,NC,2024-04-14
20560,AZ,2023-05-14
20561,NJ,2025-05-27
20562,FL,2024-11-07
20563,FL,2023-07-31
20564,PA,2024-08-07
20565,AZ,2023-12-23
20566,NC,2024-03-28
20567,FL,2026-01-05
20568,IL,2024-06-20
20569,AZ,2024-02-25
20570,GA,2023-05-31
20571,WA,2024-05-17
20572,PA,2025-06-06
20573,VA,2025-08-05
20574,NC,2025-01-12
20575,AZ,2024-05-29
20576,MI,2023-12-01
20577,CO,2024-08-06
20578,CO,2023-07-27
20579,FL,2025-05-01
20580,MI,2024-07-30
20581,NJ,2024-12-08
20582,NC,2024-11-08
20583,GA,2023-08-20
20584,GA,2025-09-15
20585,WA,2025-05-30
20586,IL,2024-08-26
20587,WA,2023-11-28
20588,TX,2025-03-22
20589,NJ,2023-07-26
20590,CO,2023-12-27
20591,GA,2024-01-08
20592,MI,2026-01-29
20593,FL,2024-06-27
20594,GA,2023-05-11
20595,GA,2024-06-12
20596,MA,2023-03-19
20597,CO,2023-02-10
20598,MI,2023-09-15
20599,TX,2023-10-17
20600,MI,2026-02-22
20601,WA,2024-09-15
20602,TX,2024-12-14
20603,MA,2024-07-05
20604,IL,2024-12-11
20605,NJ,2025-08-18
20606,TX,2025-04-02
20607,GA,2023-03-15
20608,PA,2023-01-05
20609,CA,2025-04-03
20610,NC,2023-04-28
20611,TX,2025-01-13
20612,MI,2024-10-22
20613,MI,2025-01-18
20614,MI,2024-03-05
20615,NJ,2024-10-28
20616,MI,2023-06-08
20617,NC,2024-11-11
20618,NJ,2025-12-21
20619,MA,2025-10-12
20620,TX,2024-10-22
20621,AZ,2026-01-14
20622,TX,2025-11-02
20623,NY,2024-02-21
20624,GA,2026-02-21
20625,NJ,2025-05-19
20626,FL,2025-10-15
20627,NC,2024-09-07
20628,VA,2025-12-08
20629,IL,2025-10-23
20630,NY,2025-07-22
20631,GA,2025-10-19
20632,MI,2025-01-31
20633,MA,2024-08-05
20634,NC,2023-09-28
20635,WA,2024-12-27
20636,MA,2024-03-09
20637,AZ,2024-06-05
20638,FL,2024-09-03
20639,VA,2025-05-18
20640,NC,2025-08-03
20641,VA,2024-05-04
20642,MI,2025-03-20
20643,MA,2025-01-15
20644,NY,2024-03-11
20645,MA,2024-11-16
20646,MI,2023-08-05
20647,FL,2023-02-09
20648,FL,2024-11-28
20649,CA,2025-03-02
20650,PA,2026-01-13
20651,TX,2024-11-10
20652,WA,2024-02-08
20653,WA,2025-11-18
20654,NY,2023-02-06
20655,FL,2024-05-21
20656,CA,2023-09-17
20657,MI,2025-08-17
20658,GA,2026-01-14
20659,CA,2024-09-25
20660,IL,2024-02-16
20661,MA,2024-02-26
20662,TX,2025-08-16
20663,PA,2024-10-24
20664,MI,2025-10-11
20665,CA,2024-08-17
20666,MA,2023-06-19
20667,TX,2025-02-20
20668,VA,2023-08-16
20669,NC,2023-01-05
20670,PA,2023-06-01
20671,PA,2023-08-09
20672,IL,2023-06-06
20673,VA,2025-10-26
20674,PA,2023-10-17
20675,AZ,2023-10-05
20676,IL,2025-10-01
20677,AZ,2025-05-30
20678,PA,2025-09-09
20679,FL,2025-09-21
20680,PA,2023-12-12
20681,NJ,2026-02-13
20682,IL,2024-08-02
20683,NJ,2024-09-04
20684,NC,2024-11-04
20685,FL,2023-11-09
20686,MI,2023-06-22
20687,VA,2026-01-31
20688,CO,2023-08-16
20689,GA,2026-02-06
20690,NY,2023-07-12
20691,MA,2024-06-04
20692,GA,2024-03-01
20693,GA,2025-07-30
20694,PA,2023-03-15
20695,WA,2026-01-24
20696,CA,2026-02-26
20697,IL,2023-12-09
20698,MI,2024-01-06
20699,CO,2024-02-05
20700,CA,2025-06-02
20701,NY,2023-08-10
20702,VA,2024-10-01
20703,VA,2025-05-08
20704,CA,2024-01-09
20705,WA,2025-10-27
20706,NY,2025-01-06
20707,MI,2024-03-11
20708,NC,2026-02-13
20709,NC,2026-01-31
20710,AZ,2025-01-07
20711,FL,2024-07-18
20712,CA,2025-10-23
20713,MA,2024-06-27
20714,CO,2026-01-08
20715,WA,2024-09-27
20716,NY,2025-04-28
20717,CO,2025-03-31
20718,CA,2024-01-31
20719,MI,2025-06-10
20720,MA,2024-01-24
20721,CA,2024-03-23
20722,PA,2023-02-14
20723,IL,2024-02-08
20724,VA,2023-11-05
20725,IL,2023-08-15
20726,MI,2023-12-15
20727,WA,2023-04-23
20728,MI,2025-11-19
20729,NY,2023-10-03
20730,NY,2024-12-26
20731,GA,2023-03-28
20732,WA,2025-03-14
20733,WA,2023-01-22
20734,MA,2024-01-20
20735,IL,2025-11-10
20736,NY,2024-05-05
20737,NJ,2025-02-11
20738,CA,2025-10-11
20739,WA,2025-06-06
20740,FL,2023-08-09
20741,PA,2024-08-13
20742,TX,2025-03-23
20743,NY,2023-05-23
20744,NC,2023-02-14
20745,NY,2024-03-26
20746,AZ,2025-09-30
20747,MI,2024-11-12
20748,FL,2023-05-27
20749,NY,2025-03-03
20750,FL,2025-09-19
20751,TX,2025-09-11
20752,GA,2025-12-08
20753,MA,2023-01-17
20754,AZ,2023-05-29
20755,VA,2025-10-12
20756,NJ,2024-12-17
20757,MI,2025-04-29
20758,PA,2025-07-06
20759,TX,2025-12-22
20760,VA,2024-04-24
20761,MI,2023-02-13
20762,AZ,2025-05-24
20763,CO,2023-12-21
20764,GA,2025-11-01
20765,VA,2023-12-22
20766,MA,2025-06-13
20767,IL,2024-04-18
20768,FL,2023-02-22
20769,WA,2023-04-23
20770,CO,2025-03-25
20771,TX,2025-12-26
20772,NY,2023-11-16
20773,TX,2024-09-25
20774,PA,2024-02-05
20775,MA,2023-01-05
20776,CO,2024-03-22
20777,CA,2023-02-08
20778,VA,2023-07-19
20779,MA,2023-01-21
20780,GA,2026-01-02
20781,PA,2025-03-06
20782,VA,2023-05-29
20783,AZ,2024-09-16
20784,AZ,2023-03-27
20785,MI,2026-01-30
20786,TX,2024-06-14
20787,MI,2023-03-04
20788,TX,2024-11-22
20789,CO,2024-07-03
20790,FL,2025-03-24
20791,AZ,2024-02-12
20792,CO,2024-06-04
20793,WA,2024-06-16
20794,AZ,2023-01-24
20795,TX,2023-04-05
20796,MI,2023-10-23
20797,FL,2025-08-27
20798,AZ,2026-02-28
20799,FL,2024-06-16
20800,CO,2025-10-28
20801,IL,2025-06-06
20802,MA,2025-05-27
20803,GA,2024-01-20
20804,MI,2024-07-01
20805,IL,2024-01-08
20806,TX,2024-07-10
20807,MI,2024-10-17
20808,VA,2024-06-06
20809,TX,2025-04-14
20810,NJ,2024-05-25
20811,TX,2025-05-07
20812,PA,2025-08-20
20813,NC,2023-07-31
20814,NY,2025-07-15
20815,CA,2024-09-16
20816,NJ,2023-12-11
20817,NC,2025-10-31
20818,CA,2023-12-02
20819,FL,2023-02-23
20820,TX,2024-08-27
20821,WA,2023-10-23
20822,PA,2024-12-01
20823,GA,2024-01-23
20824,PA,2026-02-04
20825,VA,2025-10-28
20826,CO,2023-02-06
20827,PA,2023-07-02
20828,GA,2023-10-19
20829,VA,2023-03-11
20830,WA,2023-08-25
20831,CO,2024-04-08
20832,FL,2026-02-15
20833,WA,2023-07-10
20834,MI,2025-07-18
20835,PA,2024-02-05
20836,TX,2023-11-13
20837,WA,2024-12-18
20838,PA,2023-08-10
20839,TX,2024-10-19
20840,WA,2023-10-19
20841,NJ,2025-08-06
20842,AZ,2023-08-11
20843,WA,2025-01-27
20844,IL,2025-01-28
20845,GA,2023-02-07
20846,CA,2025-07-14
20847,PA,2024-02-04
20848,NC,2025-10-26
20849,AZ,2025-09-24
20850,IL,2024-05-27
20851,CA,2025-02-20
20852,IL,2023-03-24
20853,NY,2023-12-01
20854,CO,2024-10-20
20855,NJ,2023-04-12
20856,TX,2025-04-04
20857,NC,2025-11-20
20858,AZ,2025-09-23
20859,IL,2023-06-03
20860,IL,2024-07-13
20861,MI,2025-07-31
20862,FL,2024-11-24
20863,WA,2023-08-20
20864,NY,2026-02-18
20865,NC,2024-01-23
20866,MI,2024-09-23
20867,NC,2025-05-13
20868,CO,2025-03-19
20869,NC,2025-11-15
20870,MA,2025-11-08
20871,NC,2025-05-04
20872,IL,2024-06-20
20873,MA,2024-07-12
20874,PA,2024-12-11
20875,CA,2023-08-27
20876,AZ,2023-10-16
20877,AZ,2024-01-03
20878,WA,2024-02-16
20879,MA,2025-11-11
20880,CA,2023-12-20
20881,NY,2024-02-24
20882,GA,2025-02-20
20883,PA,2023-11-25
20884,TX,2025-05-22
20885,IL,2025-02-20
20886,MI,2025-01-07
20887,MA,2025-01-18
20888,GA,2025-01-17
20889,WA,2023-05-28
20890,FL,2024-09-12
20891,NJ,2023-05-23
20892,PA,2025-09-02
20893,MI,2023-03-12
20894,NY,2023-11-07
20895,TX,2024-09-29
20896,MI,2024-04-11
20897,WA,2024-08-16
20898,NJ,2023-02-10
20899,MI,2025-06-17
20900,VA,2025-02-09
20901,NY,2023-12-22
20902,VA,2023-10-06
20903,FL,2024-10-16
20904,CA,2025-08-26
20905,FL,2023-02-27
20906,MA,2023-06-17
20907,MI,2024-01-08
20908,AZ,2023-03-23
20909,PA,2023-05-14
20910,TX,2023-12-30
20911,NC,2025-12-05
20912,CO,2023-09-19
20913,IL,2024-04-13
20914,IL,2023-04-02
20915,AZ,2023-01-19
20916,MI,2023-09-27
20917,CA,2024-07-30
20918,WA,2025-05-13
20919,TX,2024-10-30
20920,MI,2024-02-19
20921,NC,2023-01-16
20922,MI,2024-09-11
20923,CA,2024-05-17
20924,CO,2024-11-26
20925,MA,2025-09-28
20926,MA,2023-07-03
20927,PA,2024-03-16
20928,NC,2024-08-03
20929,AZ,2024-01-11
20930,NC,2026-01-16
20931,NC,2023-12-12
20932,FL,2024-12-29
20933,VA,2024-01-25
20934,MI,2023-06-29
20935,NJ,2024-09-28
20936,IL,2024-01-11
20937,VA,2023-07-02
20938,GA,2025-04-23
20939,MI,2023-11-25
20940,AZ,2024-05-04
20941,TX,2023-07-19
20942,MI,2024-11-26
20943,GA,2024-04-23
20944,FL,2025-03-19
20945,WA,2025-09-18
20946,MA,2025-10-13
20947,IL,2024-05-13
20948,NC,2024-09-21
20949,CO,2023-07-02
20950,CO,2024-03-11
20951,CO,2023-02-15
20952,TX,2025-05-25
20953,MI,2023-09-01
20954,AZ,2023-06-05
20955,NC,2025-08-19
20956,IL,2023-09-06
20957,MA,2025-08-02
20958,GA,2025-03-29
20959,NC,2024-10-07
20960,NC,2024-01-12
20961,AZ,2023-06-02
20962,PA,2025-02-10
20963,MI,2023-08-28
20964,FL,2024-08-25
20965,WA,2023-08-28
20966,CO,2023-11-06
20967,CA,2023-09-16
20968,PA,2024-03-06
20969,IL,2024-05-14
20970,MI,2023-03-17
20971,FL,2023-10-24
20972,WA,2023-07-02
20973,NJ,2025-12-18
20974,WA,2024-06-10
20975,NY,2025-11-14
20976,CO,2023-10-26
20977,MI,2024-11-21
20978,NY,2024-07-26
20979,FL,2026-02-28
20980,PA,2024-11-06
20981,VA,2025-09-17
20982,WA,2024-05-18
20983,AZ,2023-08-26
20984,CA,2023-07-11
20985,IL,2025-11-17
20986,NY,2026-02-04
20987,AZ,2024-03-04
20988,WA,2023-03-25
20989,MI,2024-05-12
20990,IL,2023-08-25
20991,NJ,2023-05-29
20992,CO,2025-04-30
20993,GA,2024-09-03
20994,VA,2025-04-23
20995,MI,2025-11-24
20996,PA,2025-08-01
20997,IL,2023-04-07
20998,WA,2024-02-11
20999,PA,2025-08-17
21000,FL,2024-06-08
21001,NY,2025-07-14
21002,NY,2024-05-03
21003,MA,2024-02-08
21004,WA,2025-02-12
21005,MA,2024-02-07
21006,VA,2024-03-26
21007,NJ,2023-07-03
21008,CA,2023-10-04
21009,CA,2025-06-13
21010,WA,2023-03-02
21011,NY,2025-09-16
21012,CO,2023-05-26
21013,AZ,2023-07-02
21014,MI,2023-11-11
21015,TX,2024-10-20
21016,CA,2025-01-13
21017,VA,2025-09-22
21018,NY,2025-03-19
21019,NC,2024-10-13
21020,NC,2025-07-18
21021,MA,2025-06-11
21022,IL,2023-02-05
21023,PA,2025-02-27
21024,CO,2025-12-15
21025,MA,2025-11-30
21026,AZ,2024-01-18
21027,NC,2023-06-18
21028,VA,2023-06-20
21029,CO,2025-01-08
21030,TX,2024-08-20
21031,IL,2023-09-04
21032,VA,2023-05-28
21033,MA,2024-03-16
21034,MI,2023-12-28
21035,NC,2023-08-10
21036,NJ,2024-10-19
21037,CA,2023-04-18
21038,CA,2026-02-27
21039,MA,2024-07-29
21040,VA,2023-10-27
21041,NJ,2023-08-12
21042,VA,2024-07-30
21043,TX,2025-06-10
21044,TX,2024-11-24
21045,MI,2025-10-05
21046,WA,2026-02-05
21047,MI,2024-02-27
21048,NJ,2023-03-17
21049,IL,2023-09-07
21050,NY,2023-08-29
21051,TX,2025-03-27
21052,IL,2023-01-15
21053,TX,2023-12-07
21054,AZ,2024-10-26
21055,WA,2024-05-10
21056,GA,2024-07-03
21057,PA,2023-02-06
21058,TX,2025-02-07
21059,PA,2024-03-11
21060,NJ,2023-10-20
21061,VA,2023-10-28
21062,VA,2025-08-10
21063,IL,2025-09-05
21064,NJ,2025-11-12
21065,WA,2023-12-16
21066,WA,2025-04-28
21067,NJ,2025-12-25
21068,AZ,2024-03-08
21069,AZ,2025-08-31
21070,IL,2025-09-27
21071,IL,2024-07-23
21072,CA,2025-10-13
21073,NJ,2023-01-29
21074,MI,2026-01-11
21075,GA,2024-10-02
21076,WA,2023-04-25
21077,CA,2025-11-23
21078,CO,2024-09-28
21079,MA,2026-01-06
21080,MA,2023-10-02
21081,MI,2023-12-10
21082,AZ,2024-11-10
21083,WA,2023-03-22
21084,CA,2024-08-29
21085,GA,2024-12-21
21086,NJ,2023-03-13
21087,GA,2025-11-27
21088,CO,2024-04-18
21089,WA,2025-10-17
21090,AZ,2023-06-20
21091,TX,2023-02-09
21092,CO,2024-02-28
21093,CA,2025-06-06
21094,TX,2025-03-08
21095,PA,2024-03-25
21096,NJ,2024-10-06
21097,MA,2024-03-07
21098,AZ,2023-11-18
21099,MI,2025-12-04
21100,FL,2025-10-16
21101,MA,2023-11-20
21102,PA,2024-02-16
21103,NJ,2024-09-11
21104,VA,2023-02-16
21105,AZ,2024-10-06
21106,WA,2024-09-24
21107,IL,2025-04-20
21108,AZ,2023-10-30
21109,MA,2025-02-10
21110,MI,2025-09-10
21111,VA,2025-05-08
21112,NC,2024-07-30
21113,PA,2025-05-13
21114,MA,2023-12-02
21115,MA,2024-10-21
21116,MA,2024-09-03
21117,NJ,2026-02-16
21118,VA,2025-06-22
21119,VA,2023-03-23
21120,MA,2025-11-02
21121,TX,2025-08-26
21122,MI,2024-04-22
21123,PA,2023-10-26
21124,TX,2023-04-02
21125,MA,2025-01-19
21126,AZ,2024-11-26
21127,NY,2024-12-22
21128,AZ,2023-10-31
21129,NY,2025-05-17
21130,TX,2025-02-25
21131,AZ,2023-02-05
21132,FL,2024-02-26
21133,IL,2023-12-04
21134,VA,2024-08-04
21135,CO,2024-09-19
21136,NC,2024-04-07
21137,NC,2023-03-22
21138,MA,2024-02-24
21139,FL,2023-02-04
21140,NY,2025-06-13
21141,NY,2025-03-05
21142,MI,2024-05-15
21143,FL,2023-07-03
21144,IL,2024-07-11
21145,TX,2025-04-19
21146,IL,2023-10-09
21147,WA,2024-09-06
21148,WA,2023-07-21
21149,NY,2024-07-27
21150,CO,2024-02-21
21151,WA,2023-11-13
21152,NJ,2025-07-04
21153,NY,2025-12-27
21154,MA,2025-09-09
21155,VA,2025-03-07
21156,MI,2024-11-07
21157,GA,2026-01-29
21158,GA,2023-08-31
21159,CA,2026-01-18
21160,MA,2025-06-19
21161,GA,2023-05-07
21162,IL,2024-09-10
21163,CA,2025-04-13
21164,NY,2025-09-26
21165,FL,2025-01-25
21166,AZ,2025-02-14
21167,FL,2023-09-10
21168,NY,2023-03-14
21169,CO,2024-01-14
21170,NY,2023-10-26
21171,TX,2025-08-02
21172,AZ,2024-05-06
21173,FL,2024-11-14
21174,GA,2023-10-31
21175,NC,2025-10-27
21176,CA,2023-09-13
21177,CO,2023-08-22
21178,PA,2025-05-22
21179,MI,2024-05-07
21180,AZ,2023-08-17
21181,WA,2023-12-11
21182,MA,2023-03-18
21183,CO,2023-09-22
21184,MI,2025-01-13
21185,WA,2023-09-02
21186,CO,2024-03-04
21187,NC,2026-01-19
21188,NJ,2024-03-20
21189,CO,2025-05-12
21190,GA,2024-03-29
21191,NY,2023-12-15
21192,TX,2026-01-22
21193,CA,2024-02-26
21194,FL,2024-12-15
21195,MI,2024-05-04
21196,MI,2024-11-16
21197,WA,2026-02-21
21198,NJ,2024-08-04
21199,CA,2024-09-06
21200,CO,2025-12-23
21201,NY,2023-06-12
21202,CA,2025-02-18
21203,NY,2023-10-31
21204,MI,2023-11-15
21205,VA,2024-11-15
21206,WA,2025-10-26
21207,GA,2023-04-11
21208,GA,2024-02-20
21209,NY,2025-08-21
21210,NY,2026-02-28
21211,TX,2025-06-13
21212,MA,2024-01-21
21213,NJ,2025-11-09
21214,TX,2023-10-22
21215,CA,2024-01-31
21216,AZ,2023-10-19
21217,AZ,2023-12-14
21218,AZ,2025-02-03
21219,IL,2023-02-13
21220,TX,2023-03-16
21221,CA,2023-02-22
21222,AZ,2023-03-07
21223,VA,2023-02-07
21224,FL,2025-02-04
21225,VA,2024-02-21
21226,CA,2024-12-11
21227,CA,2025-01-17
21228,PA,2025-12-14
21229,NY,2025-04-23
21230,NC,2023-04-26
21231,CO,2023-10-06
21232,NY,2024-03-29
21233,NJ,2024-08-30
21234,NY,2025-12-08
21235,MI,2024-01-04
21236,NJ,2024-01-05
21237,NJ,2023-10-28
21238,NC,2024-12-17
21239,NC,2025-08-28
21240,CO,2023-07-14
21241,PA,2023-09-07
21242,IL,2023-09-15
21243,PA,2025-09-16
21244,NJ,2023-02-28
21245,FL,2025-07-30
21246,TX,2025-12-12
21247,CA,2025-02-25
21248,NJ,2024-07-14
21249,TX,2025-09-02
21250,PA,2024-06-12
21251,AZ,2024-05-12
21252,GA,2024-09-30
21253,WA,2025-10-17
21254,VA,2023-06-04
21255,IL,2025-09-29
21256,WA,2025-03-08
21257,CA,2023-03-19
21258,NC,2023-11-16
21259,CA,2025-11-21
21260,FL,2024-06-05
21261,MI,2024-09-05
21262,TX,2024-09-21
21263,NJ,2024-10-30
21264,CO,2023-09-02
21265,PA,2024-08-13
21266,PA,2024-11-02
21267,MA,2026-01-19
21268,MI,2025-05-19
21269,NJ,2024-10-02
21270,MI,2023-01-14
21271,MA,2025-06-17
21272,MI,2023-10-13
21273,CO,2024-11-01
21274,AZ,2024-10-02
21275,NC,2024-11-16
21276,MA,2025-07-20
21277,NC,2025-07-20
21278,NY,2025-10-08
21279,FL,2023-02-12
21280,MI,2025-06-29
21281,NJ,2025-03-22
21282,IL,2025-10-16
21283,TX,2024-09-12
21284,MI,2025-12-14
21285,TX,2024-07-20
21286,MI,2023-04-17
21287,IL,2026-02-27
21288,CA,2024-09-27
21289,AZ,2024-02-22
21290,CA,2023-02-18
21291,WA,2023-11-16
21292,CA,2023-09-10
21293,NC,2025-12-28
21294,CO,2024-04-21
21295,NY,2025-04-09
21296,IL,2024-07-17
21297,NC,2025-01-10
21298,NC,2023-07-06
21299,WA,2024-11-30
21300,NC,2024-12-03
21301,PA,2023-04-22
21302,PA,2023-10-20
21303,FL,2025-08-13
21304,CA,2025-05-23
21305,AZ,2023-12-27
21306,AZ,2024-05-16
21307,TX,2025-09-10
21308,VA,2024-10-10
21309,PA,2023-03-27
21310,FL,2025-09-06
21311,NY,2023-10-23
21312,PA,2023-10-06
21313,NY,2023-09-09
21314,NY,2025-10-28
21315,NJ,2024-08-08
21316,CA,2024-08-27
21317,NC,2024-01-11
21318,NY,2024-08-30
21319,IL,2024-03-15
21320,TX,2023-05-22
21321,NC,2024-08-14
21322,WA,2023-01-20
21323,CA,2023-01-12
21324,CO,2024-09-27
21325,VA,2023-05-02
21326,FL,2024-02-29
21327,GA,2023-08-17
21328,FL,2024-08-19
21329,AZ,2025-07-21
21330,MI,2025-05-27
21331,MI,2025-02-24
21332,MI,2023-01-29
21333,NY,2023-05-15
21334,TX,2023-04-11
21335,WA,2024-01-11
21336,PA,2024-10-07
21337,NC,2024-11-23
21338,MI,2023-07-19
21339,VA,2024-12-21
21340,VA,2026-02-22
21341,AZ,2024-04-15
21342,IL,2025-11-11
21343,MA,2023-02-19
21344,FL,2024-12-26
21345,MA,2023-03-07
21346,MI,2026-02-27
21347,NC,2023-10-29
21348,TX,2024-01-19
21349,MA,2024-06-21
21350,FL,2024-12-03
21351,VA,2023-02-18
21352,VA,2023-11-15
21353,CO,2023-01-21
21354,GA,2024-08-13
21355,MA,2024-08-14
21356,CO,2023-01-09
21357,CO,2023-05-29
21358,NY,2024-05-13
21359,GA,2025-12-14
21360,IL,2023-10-24
21361,NJ,2024-06-01
21362,FL,2025-02-07
21363,MI,2024-12-04
21364,WA,2025-06-19
21365,NC,2025-10-19
21366,WA,2023-10-09
21367,MA,2025-02-07
21368,AZ,2023-09-14
21369,GA,2026-01-21
21370,MA,2023-08-02
21371,GA,2024-07-06
21372,FL,2023-05-13
21373,NC,2025-07-05
21374,AZ,2023-03-27
21375,NC,2025-06-20
21376,FL,2025-05-26
21377,IL,2025-01-29
21378,CO,2025-05-21
21379,AZ,2025-08-14
21380,GA,2023-09-06
21381,CA,2024-07-17
21382,CA,2023-10-16
21383,VA,2024-02-13
21384,CO,2025-01-02
21385,NJ,2023-11-05
21386,MA,2023-03-02
21387,GA,2025-02-19
21388,NJ,2024-06-10
21389,TX,2023-07-19
21390,NC,2025-03-25
21391,PA,2026-01-03
21392,WA,2025-01-25
21393,TX,2025-11-10
21394,MI,2025-11-25
21395,WA,2023-07-17
21396,NC,2023-02-13
21397,CA,2024-10-02
21398,AZ,2024-07-07
21399,NJ,2025-08-12
21400,FL,2025-05-20
21401,IL,2024-05-24
21402,NY,2024-02-20
21403,VA,2024-02-13
21404,MA,2023-10-23
21405,CO,2025-08-11
21406,CA,2024-09-18
21407,VA,2023-07-22
21408,FL,2024-07-29
21409,NJ,2025-07-03
21410,FL,2025-09-11
21411,VA,2025-03-06
21412,WA,2025-04-27
21413,AZ,2025-08-03
21414,PA,2025-01-08
21415,PA,2023-12-28
21416,FL,2024-04-20
21417,GA,2023-10-31
21418,MA,2023-07-04
21419,VA,2023-09-22
21420,NY,2024-02-06
21421,CA,2023-06-22
21422,GA,2025-05-27
21423,CA,2026-01-11
21424,IL,2025-06-25
21425,MI,2023-12-12
21426,MI,2025-12-31
21427,NY,2025-03-18
21428,FL,2023-07-27
21429,IL,2025-11-22
21430,WA,2026-02-06
21431,NJ,2025-09-15
21432,IL,2025-05-27
21433,TX,2023-06-11
21434,WA,2023-01-16
21435,NY,2025-11-03
21436,MA,2025-01-12
21437,TX,2023-09-03
21438,CA,2025-12-05
21439,AZ,2024-07-08
21440,CO,2025-12-07
21441,CO,2024-12-14
21442,TX,2023-05-22
21443,VA,2024-03-25
21444,MA,2025-08-30
21445,GA,2025-04-02
21446,CO,2023-04-26
21447,TX,2025-05-25
21448,MI,2024-05-28
21449,VA,2025-06-17
21450,NY,2023-01-13
21451,VA,2023-10-04
21452,NC,2025-07-04
21453,MA,2025-06-11
21454,MA,2023-08-16
21455,GA,2023-08-05
21456,WA,2025-01-18
21457,FL,2023-10-21
21458,CO,2025-02-06
21459,AZ,2023-10-08
21460,FL,2024-05-12
21461,FL,2025-09-03
21462,PA,2025-01-19
21463,AZ,2026-01-25
21464,PA,2024-12-04
21465,NY,2025-08-25
21466,VA,2023-09-26
21467,MI,2023-07-28
21468,CA,2025-09-07
21469,FL,2025-04-25
21470,MA,2023-11-01
21471,PA,2025-10-08
21472,GA,2023-03-29
21473,GA,2026-02-17
21474,PA,2025-02-01
21475,NC,2025-07-12
21476,MI,2024-12-23
21477,CA,2023-01-11
21478,WA,2024-03-14
21479,MA,2025-10-30
21480,VA,2023-11-11
21481,MA,2023-03-06
21482,NC,2025-06-19
21483,IL,2024-08-14
21484,NJ,2025-07-04
21485,NC,2024-10-06
21486,FL,2023-07-14
21487,TX,2023-01-01
21488,PA,2024-01-03
21489,VA,2024-09-22
21490,GA,2024-01-11
21491,MI,2023-10-17
21492,PA,2025-05-12
21493,VA,2025-03-10
21494,NC,2024-09-19
21495,FL,2023-08-23
21496,CO,2023-07-15
21497,VA,2024-03-16
21498,CA,2025-02-28
21499,MA,2023-06-06
21500,PA,2025-10-16
21501,IL,2023-12-20
21502,VA,2025-03-23
21503,PA,2025-04-14
21504,CA,2024-06-16
21505,MI,2024-02-09
21506,FL,2024-11-30
21507,PA,2025-03-07
21508,MI,2023-10-16
21509,AZ,2023-03-31
21510,WA,2025-08-24
21511,NJ,2024-08-07
21512,CO,2025-09-08
21513,MI,2026-01-19
21514,FL,2025-01-22
21515,TX,2024-12-16
21516,NY,2025-04-07
21517,FL,2024-01-29
21518,NJ,2024-04-19
21519,NC,2025-02-12
21520,AZ,2024-03-17
21521,VA,2023-01-08
21522,FL,2023-03-11
21523,VA,2024-12-03
21524,NC,2023-02-09
21525,WA,2025-05-03
21526,VA,2025-11-18
21527,MA,2023-10-04
21528,GA,2023-07-02
21529,NY,2025-07-27
21530,WA,2024-06-05
21531,NJ,2024-11-19
21532,NC,2023-03-25
21533,GA,2023-03-27
21534,PA,2026-02-06
21535,AZ,2024-06-27
21536,VA,2025-07-29
21537,TX,2025-11-02
21538,CA,2024-12-25
21539,NY,2025-08-21
21540,AZ,2024-09-09
21541,IL,2023-01-15
21542,WA,2024-12-25
21543,CA,2023-07-07
21544,CA,2023-08-22
21545,NJ,2025-01-04
21546,FL,2024-04-02
21547,PA,2024-12-25
21548,MI,2023-05-25
21549,FL,2024-05-31
21550,MI,2024-06-16
21551,IL,2025-06-10
21552,IL,2026-02-12
21553,NC,2025-12-03
21554,AZ,2023-07-23
21555,IL,2023-12-27
21556,CA,2026-02-23
21557,NC,2026-02-17
21558,GA,2023-08-02
21559,NJ,2024-10-03
21560,MA,2024-08-28
21561,MA,2025-12-24
21562,NJ,2024-01-01
21563,MA,2025-06-17
21564,NY,2023-07-06
21565,NY,2024-12-24
21566,IL,2025-10-13
21567,MA,2024-12-03
21568,TX,2025-04-13
21569,VA,2023-03-31
21570,FL,2025-01-26
21571,AZ,2025-09-15
21572,PA,2025-07-02
21573,TX,2024-01-28
21574,MA,2024-02-16
21575,MA,2023-10-20
21576,FL,2024-09-22
21577,VA,2026-01-26
21578,MA,2023-06-19
21579,WA,2025-06-08
21580,CA,2025-12-26
21581,NC,2023-02-25
21582,FL,2024-07-21
21583,MA,2023-05-31
21584,VA,2023-11-14
21585,MI,2025-09-10
21586,NY,2025-09-03
21587,NY,2023-01-06
21588,CA,2023-07-08
21589,NY,2023-11-13
21590,NC,2024-12-31
21591,AZ,2024-06-07
21592,CO,2024-05-31
21593,NJ,2025-12-25
21594,CO,2024-12-15
21595,CO,2024-07-31
21596,MI,2024-10-28
21597,CA,2024-08-10
21598,CA,2025-02-11
21599,PA,2025-05-03
21600,NC,2023-12-02
21601,FL,2025-05-07
21602,IL,2024-05-13
21603,CO,2024-10-10
21604,VA,2023-06-25
21605,NY,2025-03-10
21606,VA,2025-04-30
21607,TX,2025-11-25
21608,IL,2025-09-14
21609,NC,2023-05-23
21610,FL,2024-10-10
21611,PA,2024-06-11
21612,NY,2023-01-06
21613,MA,2024-08-06
21614,FL,2024-11-03
21615,CO,2023-08-12
21616,CO,2023-12-22
21617,MA,2025-07-26
21618,NC,2025-10-04
21619,GA,2025-11-25
21620,FL,2024-06-29
21621,MA,2024-06-08
21622,NC,2025-12-16
21623,NC,2025-10-27
21624,MI,2023-04-21
21625,PA,2026-02-13
21626,CA,2025-02-09
21627,FL,2023-11-06
21628,NY,2023-04-04
21629,GA,2025-03-12
21630,WA,2024-07-13
21631,TX,2025-12-14
21632,FL,2023-01-17
21633,IL,2025-12-21
21634,NC,2024-09-28
21635,CA,2025-01-18
21636,MA,2024-07-09
21637,CO,2026-02-25
21638,MA,2025-10-08
21639,MA,2023-09-16
21640,GA,2024-12-13
21641,VA,2025-04-14
21642,FL,2025-10-08
21643,AZ,2025-05-16
21644,MA,2025-06-22
21645,GA,2024-02-14
21646,MI,2025-06-06
21647,WA,2023-05-23
21648,NY,2024-02-01
21649,MI,2025-01-08
21650,WA,2024-10-09
21651,FL,2025-08-27
21652,CO,2025-03-12
21653,MI,2024-12-12
21654,WA,2026-01-19
21655,GA,2026-01-10
21656,GA,2023-01-19
21657,TX,2024-10-06
21658,VA,2025-02-22
21659,NC,2024-01-04
21660,MI,2024-04-02
21661,IL,2023-01-19
21662,IL,2025-11-24
21663,FL,2024-11-09
21664,NJ,2024-10-06
21665,VA,2026-01-01
21666,NC,2024-09-18
21667,TX,2024-09-13
21668,CA,2024-12-28
21669,PA,2023-04-07
21670,MA,2025-06-18
21671,MI,2024-12-29
21672,MI,2024-11-28
21673,WA,2025-06-01
21674,AZ,2025-12-23
21675,NC,2023-04-06
21676,MI,2025-09-29
21677,MA,2024-03-17
21678,CA,2024-03-26
21679,CO,2023-08-22
21680,TX,2025-03-03
21681,MA,2023-01-28
21682,PA,2025-07-11
21683,TX,2025-04-23
21684,AZ,2025-01-11
21685,TX,2025-06-22
21686,NC,2024-01-10
21687,GA,2025-05-11
21688,VA,2024-09-15
21689,NY,2023-10-26
21690,AZ,2025-11-14
21691,FL,2024-08-28
21692,IL,2023-03-07
21693,AZ,2024-06-12
21694,TX,2023-10-05
21695,PA,2023-01-10
21696,NC,2023-01-28
21697,AZ,2026-01-28
21698,NC,2024-01-28
21699,MA,2024-12-20
21700,MA,2025-04-28
21701,MI,2023-09-18
21702,WA,2025-12-28
21703,TX,2023-02-07
21704,NY,2025-12-25
21705,MI,2024-04-11
21706,MI,2023-03-05
21707,FL,2025-01-16
21708,AZ,2024-11-08
21709,MI,2025-04-24
21710,VA,2023-04-09
21711,FL,2023-10-31
21712,NJ,2026-01-01
21713,CO,2025-08-04
21714,CO,2023-08-02
21715,VA,2023-11-01
21716,WA,2023-12-11
21717,VA,2025-01-13
21718,IL,2024-05-08
21719,CO,2026-02-22
21720,MI,2025-04-20
21721,CA,2024-02-12
21722,WA,2025-09-18
21723,FL,2024-10-18
21724,FL,2024-09-08
21725,NJ,2023-12-10
21726,NY,2025-02-14
21727,NC,2023-03-05
21728,CA,2024-05-16
21729,AZ,2025-10-31
21730,MI,2024-08-29
21731,IL,2024-03-05
21732,MA,2025-10-01
21733,WA,2023-04-04
21734,MI,2023-11-11
21735,CO,2023-06-02
21736,GA,2023-05-20
21737,NJ,2023-08-04
21738,NJ,2025-03-04
21739,NY,2024-01-05
21740,NJ,2025-08-29
21741,VA,2023-08-29
21742,FL,2025-09-07
21743,NJ,2023-11-17
21744,GA,2023-02-14
21745,WA,2024-09-05
21746,TX,2023-10-11
21747,IL,2024-11-02
21748,MI,2023-03-28
21749,TX,2025-10-27
21750,AZ,2023-07-02
21751,WA,2023-10-26
21752,TX,2024-02-02
21753,IL,2023-01-14
21754,PA,2023-04-10
21755,NC,2025-01-25
21756,WA,2023-06-18
21757,AZ,2023-08-20
21758,GA,2026-02-08
21759,TX,2024-09-05
21760,IL,2024-12-29
21761,CO,2023-08-28
21762,MA,2023-08-28
21763,IL,2025-01-02
21764,AZ,2023-09-27
21765,MI,2024-06-23
21766,NY,2023-12-01
21767,MI,2024-03-18
21768,MA,2024-12-25
21769,CO,2025-06-26
21770,CA,2024-01-05
21771,MI,2026-02-17
21772,GA,2023-03-16
21773,FL,2024-02-27
21774,CO,2023-03-11
21775,MI,2025-04-14
21776,NC,2025-01-14
21777,MA,2023-09-28
21778,AZ,2023-05-12
21779,VA,2026-01-26
21780,NC,2023-04-12
21781,MA,2026-02-02
21782,NY,2024-08-20
21783,CA,2024-11-02
21784,FL,2024-09-26
21785,PA,2025-07-12
21786,NY,2025-05-01
21787,CO,2024-02-24
21788,NC,2023-09-18
21789,MA,2025-09-03
21790,CO,2024-02-20
21791,NJ,2024-12-01
21792,IL,2024-06-26
21793,CA,2025-09-09
21794,AZ,2025-07-18
21795,VA,2026-03-01
21796,VA,2025-03-26
21797,PA,2023-02-18
21798,GA,2024-03-19
21799,IL,2025-06-03
21800,PA,2023-06-21
21801,VA,2025-07-18
21802,NC,2025-09-16
21803,CA,2023-01-06
21804,CA,2024-01-04
21805,CO,2025-06-12
21806,IL,2024-12-22
21807,CO,2025-07-19
21808,CO,2023-10-08
21809,MI,2025-12-14
21810,NJ,2025-07-06
21811,AZ,2024-03-03
21812,CO,2024-02-17
21813,NC,2025-04-18
21814,MI,2023-02-17
21815,MA,2025-10-23
21816,MA,2024-11-15
21817,NC,2025-02-26
21818,FL,2023-11-25
21819,GA,2023-08-21
21820,PA,2023-03-01
21821,NY,2024-08-12
21822,NJ,2024-06-13
21823,GA,2026-01-25
21824,NC,2025-12-25
21825,TX,2025-11-20
21826,AZ,2025-09-08
21827,VA,2025-02-15
21828,MI,2023-05-28
21829,NY,2023-02-16
21830,VA,2023-12-22
21831,FL,2024-10-15
21832,WA,2024-03-28
21833,NY,2024-06-05
21834,VA,2023-06-26
21835,MI,2025-08-13
21836,CA,2023-07-29
21837,NC,2025-12-01
21838,NJ,2026-02-21
21839,WA,2023-07-06
21840,GA,2025-11-14
21841,MI,2025-10-02
21842,PA,2023-02-04
21843,PA,2024-04-19
21844,MI,2025-01-28
21845,WA,2024-04-14
21846,PA,2025-06-25
21847,NJ,2024-06-05
21848,NC,2023-09-21
21849,GA,2026-02-02
21850,AZ,2025-02-05
21851,VA,2024-02-11
21852,PA,2024-10-07
21853,NC,2024-09-27
21854,IL,2023-03-05
21855,TX,2025-08-26
21856,FL,2025-03-24
21857,FL,2025-05-21
21858,CA,2023-02-07
21859,TX,2025-01-29
21860,TX,2024-10-26
21861,VA,2023-08-10
21862,AZ,2025-02-08
21863,CA,2024-04-17
21864,VA,2023-12-23
21865,GA,2024-08-01
21866,NJ,2023-08-23
21867,CA,2024-08-24
21868,GA,2023-04-04
21869,CA,2025-05-10
21870,NY,2025-04-18
21871,NY,2023-07-08
21872,AZ,2024-10-10
21873,IL,2023-01-16
21874,MA,2023-12-30
21875,NJ,2025-01-13
21876,CA,2024-02-14
21877,TX,2023-06-23
21878,NY,2023-07-05
21879,CO,2025-11-19
21880,GA,2024-04-14
21881,VA,2023-11-08
21882,NY,2025-03-10
21883,NY,2026-01-06
21884,NC,2024-06-18
21885,MI,2024-06-12
21886,GA,2023-05-02
21887,AZ,2023-08-16
21888,FL,2025-09-15
21889,WA,2024-07-06
21890,VA,2023-01-15
21891,NJ,2023-08-02
21892,GA,2024-08-25
21893,IL,2023-02-21
21894,NC,2025-07-18
21895,PA,2023-02-26
21896,GA,2024-02-12
21897,GA,2024-06-15
21898,MA,2023-12-23
21899,AZ,2024-11-30
21900,PA,2025-11-22
21901,NC,2024-11-04
21902,GA,2025-05-23
21903,WA,2024-05-31
21904,WA,2024-11-11
21905,PA,2024-12-27
21906,CO,2023-04-27
21907,NC,2025-02-05
21908,FL,2023-09-26
21909,GA,2024-12-18
21910,MA,2024-12-21
21911,MA,2023-05-20
21912,VA,2023-05-24
21913,MI,2023-08-10
21914,TX,2025-02-19
21915,FL,2025-06-10
21916,MA,2024-08-10
21917,NJ,2024-09-21
21918,NJ,2024-03-10
21919,AZ,2025-12-26
21920,WA,2025-10-26
21921,PA,2025-12-14
21922,TX,2024-01-18
21923,CA,2024-03-09
21924,MA,2025-12-30
21925,IL,2024-04-24
21926,NC,2023-01-22
21927,MI,2024-07-14
21928,MA,2024-10-09
21929,MI,2024-09-03
21930,AZ,2024-04-12
21931,NY,2024-12-12
21932,VA,2025-04-25
21933,PA,2023-05-01
21934,FL,2025-01-08
21935,NY,2025-01-20
21936,CO,2025-02-27
21937,MA,2026-01-29
21938,CA,2025-06-13
21939,NY,2025-10-03
21940,NY,2023-07-06
21941,FL,2024-06-01
21942,TX,2024-11-12
21943,CA,2025-09-27
21944,PA,2024-10-01
21945,AZ,2024-12-30
21946,NY,2024-10-14
21947,NJ,2024-03-08
21948,GA,2024-10-05
21949,VA,2025-02-01
21950,CA,2025-06-08
21951,GA,2023-04-11
21952,MA,2023-11-16
21953,NY,2026-01-26
21954,NY,2025-04-27
21955,WA,2023-10-06
21956,VA,2024-11-28
21957,WA,2023-12-22
21958,FL,2025-06-13
21959,PA,2025-05-18
21960,NC,2024-03-05
21961,NC,2025-11-28
21962,VA,2024-02-29
21963,PA,2024-03-04
21964,TX,2024-03-30
21965,FL,2024-06-02
21966,NC,2023-07-29
21967,FL,2024-08-13
21968,NY,2025-06-12
21969,WA,2025-05-16
21970,MI,2024-03-19
21971,WA,2023-06-25
21972,WA,2026-01-15
21973,NJ,2025-01-30
21974,MI,2023-08-05
21975,NJ,2025-05-12
21976,NC,2024-08-26
21977,CA,2025-03-30
21978,IL,2025-11-27
21979,NJ,2024-02-28
21980,NY,2025-05-30
21981,MA,2025-08-22
21982,FL,2025-06-26
21983,MI,2024-08-01
21984,WA,2023-07-04
21985,WA,2023-10-02
21986,WA,2024-08-24
21987,NY,2024-12-19
21988,WA,2024-06-13
21989,TX,2025-10-09
21990,FL,2025-01-25
21991,VA,2023-01-07
21992,NY,2023-07-07
21993,FL,2026-02-13
21994,VA,2024-05-13
21995,GA,2023-03-04
21996,CO,2024-03-16
21997,VA,2024-08-09
21998,AZ,2024-01-14
21999,MI,2023-10-22
22000,NJ,2024-03-15
22001,PA,2024-01-29
22002,TX,2025-01-06
22003,CA,2025-05-23
22004,CA,2024-12-04
22005,IL,2023-04-09
22006,TX,2025-06-01
22007,FL,2024-02-16
22008,CA,2024-02-18
22009,CO,2023-11-10
22010,CA,2023-11-22
22011,WA,2025-12-21
22012,IL,2023-05-09
22013,MI,2024-02-27
22014,NY,2024-10-12
22015,MA,2023-08-18
22016,MA,2024-11-07
22017,CA,2024-12-16
22018,FL,2024-09-01
22019,PA,2023-12-04
22020,VA,2023-09-03
22021,FL,2024-07-11
22022,WA,2023-07-23
22023,CA,2025-06-23
22024,CA,2024-11-04
22025,MA,2025-01-05
22026,GA,2023-10-11
22027,CA,2023-08-06
22028,NY,2024-07-26
22029,IL,2023-07-01
22030,MI,2025-08-31
22031,MI,2025-07-29
22032,IL,2023-07-27
22033,NY,2024-02-27
22034,GA,2023-05-19
22035,FL,2023-07-22
22036,VA,2023-09-11
22037,MA,2024-07-22
22038,IL,2024-03-01
22039,NJ,2025-07-22
22040,VA,2025-08-26
22041,NJ,2025-01-31
22042,TX,2024-07-22
22043,CO,2024-08-01
22044,MA,2023-08-19
22045,GA,2025-09-21
22046,TX,2023-10-13
22047,CA,2025-07-10
22048,NY,2023-02-23
22049,PA,2025-02-28
22050,NJ,2024-07-31
22051,MI,2024-01-24
22052,PA,2025-11-02
22053,CA,2023-12-09
22054,NJ,2023-12-05
22055,WA,2023-01-24
22056,MI,2025-11-24
22057,NC,2024-08-08
22058,AZ,2024-02-26
22059,NY,2025-11-08
22060,TX,2024-01-13
22061,CO,2023-05-08
22062,MI,2024-03-08
22063,NC,2025-02-15
22064,AZ,2025-03-24
22065,WA,2024-05-29
22066,FL,2024-05-16
22067,WA,2025-09-15
22068,NC,2024-02-21
22069,IL,2023-04-10
22070,PA,2025-05-28
22071,MA,2025-12-12
22072,AZ,2024-03-03
22073,VA,2024-11-08
22074,GA,2023-05-29
22075,CA,2024-11-05
22076,FL,2024-03-26
22077,PA,2024-06-17
22078,PA,2024-06-15
22079,GA,2025-05-17
22080,WA,2024-12-23
22081,CO,2025-05-13
22082,PA,2025-03-29
22083,CA,2023-09-03
22084,FL,2023-06-03
22085,PA,2023-09-03
22086,AZ,2025-03-25
22087,PA,2025-12-02
22088,GA,2024-01-28
22089,VA,2023-06-12
22090,CA,2024-04-10
22091,CA,2024-05-26
22092,FL,2025-04-27
22093,AZ,2024-05-29
22094,TX,2023-05-26
22095,MA,2023-10-23
22096,NJ,2025-03-17
22097,TX,2023-11-10
22098,CA,2024-07-22
22099,PA,2023-10-07
22100,MI,2024-04-21
22101,NJ,2026-02-16
22102,NC,2024-06-17
22103,NY,2024-04-18
22104,NC,2023-07-31
22105,VA,2024-12-28
22106,FL,2024-08-10
22107,CA,2024-04-24
22108,CA,2023-03-02
22109,PA,2025-02-10
22110,AZ,2024-08-10
22111,CO,2023-07-28
22112,MA,2023-02-06
22113,AZ,2024-08-27
22114,CO,2024-02-16
22115,VA,2024-10-09
22116,FL,2025-01-04
22117,IL,2025-06-30
22118,MI,2024-05-21
22119,VA,2025-04-09
22120,TX,2025-08-30
22121,NJ,2024-03-25
22122,VA,2023-04-30
22123,CO,2024-09-25
22124,FL,2023-07-31
22125,TX,2023-10-11
22126,FL,2023-10-04
22127,IL,2025-11-30
22128,NJ,2025-08-26
22129,MA,2025-06-24
22130,MA,2024-06-26
22131,AZ,2024-04-05
22132,MI,2024-03-28
22133,PA,2023-12-26
22134,FL,2025-07-22
22135,CO,2025-12-02
22136,MA,2024-10-07
22137,NY,2024-10-30
22138,VA,2023-07-25
22139,CO,2023-03-30
22140,GA,2025-07-24
22141,WA,2026-01-27
22142,MI,2025-11-26
22143,FL,2024-01-09
22144,FL,2024-01-27
22145,VA,2024-12-11
22146,FL,2025-09-20
22147,IL,2023-02-24
22148,NJ,2025-08-01
22149,FL,2025-01-24
22150,MA,2024-08-08
22151,MA,2023-11-10
22152,WA,2026-02-01
22153,VA,2023-01-16
22154,WA,2023-01-29
22155,MI,2025-02-14
22156,NC,2023-12-22
22157,CO,2024-11-25
22158,MA,2024-07-17
22159,AZ,2024-05-25
22160,MA,2023-12-13
22161,IL,2025-04-24
22162,MA,2025-07-10
22163,MA,2023-01-25
22164,NC,2023-04-02
22165,AZ,2023-11-25
22166,NY,2025-08-29
22167,AZ,2024-08-24
22168,NC,2023-12-08
22169,NY,2025-06-15
22170,AZ,2024-01-31
22171,NC,2024-06-25
22172,MA,2024-06-09
22173,AZ,2026-02-27
22174,NC,2026-02-28
22175,MA,2024-02-13
22176,MA,2025-06-01
22177,WA,2023-03-12
22178,CA,2024-06-28
22179,AZ,2025-03-29
22180,NY,2024-08-24
22181,VA,2026-01-18
22182,GA,2025-06-03
22183,CO,2025-04-26
22184,CO,2025-02-25
22185,NC,2025-08-09
22186,CA,2023-01-01
22187,IL,2024-07-02
22188,MI,2025-08-25
22189,MI,2024-08-13
22190,GA,2023-05-14
22191,MI,2025-05-18
22192,CO,2025-11-11
22193,TX,2024-12-30
22194,FL,2025-12-31
22195,MI,2024-06-04
22196,TX,2025-06-27
22197,IL,2025-03-06
22198,AZ,2024-05-15
22199,GA,2023-09-08
22200,MI,2025-06-23
22201,CO,2023-01-08
22202,MI,2023-04-18
22203,MI,2025-03-27
22204,VA,2024-06-06
22205,NC,2024-01-21
22206,FL,2023-07-02
22207,MI,2025-07-10
22208,NY,2025-10-11
22209,VA,2025-11-01
22210,CO,2023-07-17
22211,CO,2023-02-06
22212,AZ,2025-06-11
22213,PA,2024-02-25
22214,NJ,2025-10-28
22215,IL,2023-06-14
22216,AZ,2023-04-30
22217,CO,2025-01-13
22218,GA,2024-01-07
22219,VA,2023-08-21
22220,CA,2023-10-14
22221,GA,2025-01-07
22222,NY,2024-03-27
22223,AZ,2024-10-18
22224,VA,2025-11-28
22225,CA,2025-08-22
22226,CO,2024-01-07
22227,CO,2024-07-02
22228,NJ,2025-09-29
22229,FL,2024-04-20
22230,CO,2023-07-30
22231,MA,2024-02-09
22232,VA,2024-08-26
22233,NY,2024-09-03
22234,WA,2024-08-03
22235,AZ,2026-02-27
22236,NC,2023-01-25
22237,FL,2024-09-18
22238,TX,2026-01-18
22239,CA,2023-12-07
22240,WA,2023-07-31
22241,NC,2025-07-02
22242,CO,2024-08-10
22243,PA,2023-10-23
22244,GA,2026-01-16
22245,MA,2025-10-06
22246,PA,2024-03-02
22247,NJ,2025-08-23
22248,CA,2025-07-01
22249,CA,2023-02-24
22250,MI,2025-02-03
22251,CA,2025-05-30
22252,NY,2025-04-16
22253,CA,2024-07-15
22254,FL,2024-12-25
22255,NC,2023-01-04
22256,GA,2023-12-30
22257,PA,2025-01-22
22258,FL,2025-10-19
22259,VA,2024-03-01
22260,FL,2024-02-03
22261,MA,2025-08-11
22262,AZ,2023-10-31
22263,NJ,2025-04-19
22264,GA,2023-04-14
22265,MA,2023-12-30
22266,CA,2026-01-10
22267,CA,2024-07-20
22268,FL,2025-03-10
22269,FL,2024-11-06
22270,CA,2026-01-13
22271,IL,2024-01-03
22272,NC,2024-12-25
22273,NY,2024-12-15
22274,NJ,2025-04-04
22275,WA,2023-04-02
22276,CO,2024-09-15
22277,MI,2023-06-18
22278,TX,2024-01-22
22279,GA,2023-04-11
22280,MA,2025-10-05
22281,GA,2023-07-12
22282,CA,2025-05-19
22283,WA,2024-12-19
22284,PA,2025-08-20
22285,VA,2025-09-01
22286,TX,2023-08-16
22287,FL,2023-12-27
22288,FL,2023-02-12
22289,NJ,2023-06-30
22290,PA,2024-05-25
22291,MA,2024-04-06
22292,NC,2023-10-13
22293,NJ,2025-11-26
22294,CO,2026-01-11
22295,NJ,2025-07-21
22296,NC,2023-09-14
22297,WA,2024-06-05
22298,VA,2025-01-19
22299,VA,2025-11-15
22300,PA,2024-10-18
22301,NC,2023-11-16
22302,MA,2025-01-03
22303,TX,2024-02-15
22304,TX,2024-04-03
22305,TX,2023-12-05
22306,PA,2023-08-16
22307,FL,2024-01-01
22308,IL,2024-03-09
22309,MI,2025-05-07
22310,WA,2024-03-24
22311,CO,2024-05-21
22312,AZ,2023-03-03
22313,AZ,2023-07-06
22314,PA,2025-06-10
22315,VA,2025-04-30
22316,WA,2024-08-30
22317,NJ,2023-09-11
22318,PA,2024-08-01
22319,WA,2023-11-10
22320,AZ,2025-10-02
22321,NC,2024-03-06
22322,NY,2023-08-10
22323,PA,2026-01-31
22324,NJ,2023-11-14
22325,NJ,2025-01-29
22326,WA,2025-02-04
22327,MI,2024-12-27
22328,PA,2023-03-13
22329,MA,2025-09-16
22330,NY,2024-03-31
22331,AZ,2026-01-03
22332,VA,2024-09-01
22333,IL,2024-08-19
22334,MA,2025-04-16
22335,WA,2025-07-27
22336,GA,2025-06-08
22337,AZ,2025-02-23
22338,FL,2024-06-01
22339,AZ,2025-04-22
22340,AZ,2023-02-07
22341,VA,2023-11-15
22342,NC,2024-10-01
22343,MI,2023-05-20
22344,CA,2025-07-06
22345,AZ,2024-03-02
22346,CO,2025-05-04
22347,MI,2023-08-03
22348,CO,2024-10-06
22349,MA,2024-06-24
22350,CO,2025-05-25
22351,NY,2024-01-24
22352,TX,2023-06-01
22353,GA,2026-01-31
22354,CA,2025-01-16
22355,CO,2023-05-13
22356,CO,2025-01-11
22357,MA,2025-11-24
22358,VA,2024-08-14
22359,AZ,2025-05-16
22360,NJ,2025-01-23
22361,WA,2023-12-10
22362,FL,2024-04-28
22363,NC,2024-01-23
22364,NC,2024-06-28
22365,VA,2025-05-08
22366,MI,2025-07-06
22367,NC,2024-11-29
22368,AZ,2025-10-31
22369,NC,2024-08-03
22370,IL,2023-05-11
22371,PA,2024-01-01
22372,NJ,2024-02-25
22373,CA,2024-02-28
22374,VA,2023-06-11
22375,WA,2023-04-05
22376,AZ,2025-04-14
22377,FL,2026-02-13
22378,FL,2023-08-09
22379,MA,2024-04-07
22380,GA,2025-07-19
22381,CO,2024-11-11
22382,NJ,2024-10-18
22383,VA,2023-10-13
22384,AZ,2025-03-30
22385,PA,2024-03-31
22386,CO,2025-07-07
22387,WA,2023-10-02
22388,IL,2023-02-06
22389,NY,2024-03-18
22390,VA,2025-05-24
22391,NJ,2025-11-25
22392,AZ,2023-03-09
22393,TX,2023-12-26
22394,WA,2026-02-18
22395,NY,2024-12-17
22396,TX,2025-08-05
22397,FL,2024-04-26
22398,IL,2023-10-16
22399,WA,2023-03-31
22400,NC,2023-07-31
22401,FL,2024-07-28
22402,VA,2025-12-31
22403,MI,2025-04-27
22404,NY,2023-10-17
22405,PA,2024-01-02
22406,NJ,2023-01-27
22407,WA,2024-02-24
22408,WA,2025-06-18
22409,NJ,2025-03-15
22410,MA,2024-09-03
22411,CA,2024-04-16
22412,FL,2024-01-04
22413,NJ,2024-02-14
22414,WA,2025-11-14
22415,CO,2023-06-10
22416,PA,2024-11-08
22417,MI,2023-01-13
22418,PA,2023-03-29
22419,CO,2024-03-14
22420,CA,2024-02-25
22421,WA,2025-10-27
22422,NC,2024-05-14
22423,CA,2023-09-03
22424,CA,2023-12-12
22425,NY,2024-04-24
22426,NY,2026-01-22
22427,MI,2025-06-16
22428,MI,2024-06-03
22429,GA,2024-03-05
22430,FL,2023-06-19
22431,TX,2023-04-29
22432,NJ,2025-01-27
22433,CA,2023-03-04
22434,PA,2026-02-14
22435,NY,2023-04-19
22436,IL,2025-01-15
22437,GA,2024-12-17
22438,WA,2024-02-21
22439,FL,2025-06-10
22440,VA,2024-12-10
22441,WA,2024-09-09
22442,GA,2023-09-09
22443,PA,2025-01-07
22444,VA,2024-05-18
22445,MA,2023-06-03
22446,CO,2023-08-12
22447,MI,2024-08-20
22448,FL,2025-04-25
22449,NJ,2024-11-14
22450,CO,2023-06-09
22451,IL,2025-12-10
22452,WA,2023-06-21
22453,VA,2025-09-07
22454,PA,2023-11-28
22455,MA,2023-03-07
22456,IL,2023-09-28
22457,TX,2025-12-20
22458,WA,2024-11-19
22459,GA,2024-09-20
22460,MA,2025-09-28
22461,PA,2023-09-16
22462,FL,2023-11-27
22463,MA,2025-02-21
22464,WA,2023-09-24
22465,NJ,2025-03-04
22466,VA,2025-10-27
22467,MI,2025-05-09
22468,NY,2024-03-14
22469,VA,2024-07-04
22470,IL,2023-01-04
22471,MA,2024-11-08
22472,CO,2023-11-03
22473,IL,2024-04-06
22474,CO,2026-02-10
22475,MA,2023-04-27
22476,NY,2024-07-16
22477,AZ,2025-08-29
22478,IL,2025-11-04
22479,GA,2023-07-20
22480,PA,2023-05-04
22481,IL,2023-06-05
22482,FL,2024-02-13
22483,MA,2024-04-10
22484,TX,2025-01-23
22485,WA,2025-02-10
22486,CA,2025-04-16
22487,MI,2025-09-30
22488,NC,2025-01-19
22489,TX,2024-01-29
22490,CO,2023-02-19
22491,GA,2024-12-25
22492,GA,2023-05-24
22493,MI,2023-06-15
22494,NC,2025-12-26
22495,NY,2025-11-09
22496,FL,2024-09-14
22497,WA,2023-03-10
22498,MI,2024-03-29
22499,TX,2023-01-25
22500,VA,2023-11-06
22501,NJ,2023-01-12
22502,CA,2024-07-30
22503,IL,2024-11-24
22504,AZ,2023-08-22
22505,MI,2025-04-14
22506,NC,2025-07-05
22507,NY,2024-08-13
22508,GA,2025-04-28
22509,CA,2024-09-04
22510,NJ,2023-06-01
22511,GA,2023-08-04
22512,MA,2024-10-20
22513,NJ,2023-11-06
22514,VA,2023-05-29
22515,NC,2023-12-03
22516,NY,2024-05-21
22517,AZ,2025-08-28
22518,IL,2025-10-02
22519,CO,2024-03-09
22520,MI,2023-07-23
22521,NY,2024-04-08
22522,MI,2025-08-31
22523,WA,2023-11-23
22524,VA,2023-05-29
22525,PA,2023-02-04
22526,NJ,2023-01-01
22527,IL,2024-04-12
22528,TX,2024-08-26
22529,AZ,2024-04-10
22530,PA,2024-03-26
22531,NY,2024-08-25
22532,MI,2023-03-11
22533,NJ,2023-09-14
22534,IL,2025-05-16
22535,TX,2025-10-17
22536,NY,2023-04-02
22537,MI,2024-08-16
22538,CA,2024-01-07
22539,AZ,2025-06-11
22540,CO,2023-04-09
22541,CA,2024-05-24
22542,PA,2025-09-12
22543,MI,2025-08-26
22544,WA,2025-08-19
22545,NJ,2023-09-03
22546,IL,2025-03-11
22547,NJ,2023-10-06
22548,PA,2025-02-12
22549,PA,2025-05-02
22550,TX,2024-03-06
22551,AZ,2024-03-17
22552,MA,2023-09-22
22553,NY,2024-05-29
22554,MA,2024-03-20
22555,NY,2023-08-11
22556,WA,2025-01-31
22557,MA,2023-07-11
22558,NJ,2024-07-11
22559,NJ,2025-03-17
22560,AZ,2023-09-26
22561,TX,2025-11-30
22562,AZ,2024-10-12
22563,NJ,2023-02-10
22564,FL,2024-03-08
22565,CA,2025-03-13
22566,TX,2025-07-19
22567,GA,2023-11-19
22568,NC,2025-06-18
22569,WA,2026-01-22
22570,MI,2025-05-13
22571,MI,2025-05-30
22572,CO,2023-12-06
22573,NY,2024-02-24
22574,TX,2024-07-21
22575,MA,2025-01-12
22576,AZ,2023-09-17
22577,NC,2025-01-01
22578,FL,2024-11-10
22579,GA,2024-11-13
22580,AZ,2025-10-07
22581,MA,2025-06-14
22582,AZ,2025-07-20
22583,NJ,2024-04-25
22584,PA,2023-10-18
22585,CA,2025-03-11
22586,FL,2024-10-08
22587,NC,2023-04-15
22588,NJ,2023-07-09
22589,IL,2024-01-12
22590,IL,2024-11-13
22591,NC,2025-11-07
22592,IL,2023-09-16
22593,WA,2025-04-06
22594,TX,2024-01-07
22595,NY,2025-09-13
22596,TX,2025-04-11
22597,GA,2025-08-26
22598,TX,2024-08-15
22599,TX,2023-03-01
22600,CA,2023-04-15
22601,NY,2025-05-26
22602,NJ,2025-12-05
22603,PA,2024-10-05
22604,TX,2023-09-24
22605,NY,2025-08-13
22606,CO,2026-02-03
22607,IL,2023-10-07
22608,MA,2024-06-08
22609,CA,2025-05-13
22610,IL,2023-01-26
22611,NY,2024-07-05
22612,VA,2025-03-08
22613,MI,2025-12-23
22614,IL,2023-04-21
22615,TX,2026-01-16
22616,MA,2024-02-26
22617,TX,2025-06-23
22618,GA,2024-12-26
22619,TX,2026-02-25
22620,MA,2023-10-21
22621,PA,2025-03-14
22622,FL,2026-02-19
22623,CO,2024-01-19
22624,AZ,2023-10-10
22625,NY,2025-02-02
22626,CO,2025-08-24
22627,GA,2023-07-13
22628,VA,2025-04-21
22629,CO,2024-09-10
22630,IL,2025-10-16
22631,NC,2023-07-25
22632,CA,2024-09-30
22633,MA,2023-03-05
22634,CA,2025-11-06
22635,MA,2026-02-02
22636,AZ,2023-08-16
22637,NY,2024-12-02
22638,CO,2024-01-30
22639,NY,2025-01-02
22640,TX,2023-10-25
22641,VA,2025-10-17
22642,PA,2025-01-30
22643,TX,2024-12-02
22644,CA,2024-06-07
22645,WA,2024-07-06
22646,WA,2023-05-06
22647,NC,2023-08-14
22648,WA,2024-12-22
22649,AZ,2023-11-29
22650,VA,2023-11-26
22651,GA,2025-06-28
22652,IL,2023-06-20
22653,IL,2025-07-04
22654,TX,2023-01-01
22655,WA,2025-05-25
22656,NC,2025-05-10
22657,MA,2023-08-29
22658,TX,2024-08-06
22659,NY,2024-08-23
22660,WA,2023-01-20
22661,TX,2024-04-17
22662,WA,2023-05-21
22663,GA,2024-11-17
22664,NJ,2023-02-19
22665,NC,2024-01-26
22666,CA,2025-12-14
22667,FL,2025-12-10
22668,NC,2024-05-04
22669,MI,2023-09-27
22670,WA,2023-12-28
22671,NY,2023-05-25
22672,PA,2024-08-11
22673,NY,2026-02-26
22674,CA,2024-01-10
22675,AZ,2025-10-21
22676,CO,2024-06-21
22677,NY,2025-11-23
22678,TX,2023-11-14
22679,MI,2024-08-07
22680,PA,2024-07-16
22681,NY,2024-07-06
22682,FL,2023-11-07
22683,AZ,2025-07-12
22684,CA,2023-04-04
22685,TX,2023-07-08
22686,WA,2024-10-08
22687,NC,2023-07-23
22688,CA,2023-02-23
22689,FL,2025-08-29
22690,IL,2023-04-04
22691,MI,2023-11-10
22692,FL,2023-12-26
22693,MA,2023-06-17
22694,AZ,2025-09-08
22695,MA,2024-02-02
22696,IL,2024-06-20
22697,GA,2024-01-29
22698,NY,2023-02-17
22699,VA,2024-12-01
22700,NC,2023-02-22
22701,CO,2023-08-29
22702,CO,2025-06-23
22703,NJ,2025-11-16
22704,NC,2025-12-18
22705,AZ,2025-08-18
22706,AZ,2025-12-16
22707,NJ,2024-03-25
22708,FL,2026-02-03
22709,IL,2024-03-08
22710,NJ,2025-04-26
22711,IL,2025-08-23
22712,WA,2025-05-15
22713,AZ,2023-07-01
22714,CA,2023-07-02
22715,TX,2026-01-23
22716,MA,2023-06-05
22717,CO,2023-04-07
22718,NY,2025-07-25
22719,TX,2025-02-27
22720,FL,2023-08-26
22721,AZ,2023-01-13
22722,NJ,2025-05-07
22723,WA,2023-07-01
22724,TX,2025-02-01
22725,WA,2025-03-03
22726,CO,2023-06-26
22727,CO,2025-05-21
22728,AZ,2025-07-20
22729,NY,2024-08-05
22730,IL,2025-06-05
22731,FL,2025-05-30
22732,GA,2023-03-10
22733,NC,2023-11-04
22734,NY,2025-09-17
22735,CO,2024-11-21
22736,CA,2023-02-22
22737,NJ,2023-08-04
22738,IL,2024-12-14
22739,NJ,2023-02-07
22740,NJ,2025-10-05
22741,AZ,2023-01-31
22742,PA,2024-01-28
22743,NC,2025-03-10
22744,VA,2024-02-29
22745,CA,2025-10-25
22746,NY,2024-11-21
22747,TX,2025-12-13
22748,GA,2025-02-18
22749,WA,2023-07-19
22750,NC,2025-02-14
22751,NC,2023-08-14
22752,PA,2024-04-15
22753,NY,2023-01-18
22754,NC,2024-09-20
22755,WA,2023-01-10
22756,WA,2025-11-28
22757,CA,2023-02-10
22758,TX,2024-09-11
22759,WA,2023-02-13
22760,GA,2023-07-16
22761,NC,2023-10-26
22762,CA,2023-07-28
22763,CO,2024-04-03
22764,CA,2025-05-28
22765,GA,2025-02-27
22766,IL,2024-05-29
22767,CA,2024-01-18
22768,CO,2024-07-01
22769,WA,2024-05-21
22770,MA,2023-11-26
22771,MA,2025-10-03
22772,MI,2024-05-02
22773,MA,2025-03-24
22774,IL,2024-04-26
22775,NJ,2024-04-16
22776,CO,2025-10-16
22777,GA,2025-10-19
22778,PA,2024-03-09
22779,MI,2023-01-16
22780,NY,2025-09-09
22781,MA,2024-09-11
22782,MI,2024-11-19
22783,NY,2023-03-06
22784,IL,2024-07-28
22785,NY,2025-03-30
22786,NC,2023-03-14
22787,IL,2023-07-23
22788,NY,2023-09-11
22789,CA,2024-09-04
22790,MA,2023-07-14
22791,TX,2023-09-08
22792,AZ,2024-07-03
22793,PA,2025-08-12
22794,AZ,2023-11-06
22795,VA,2024-10-14
22796,FL,2024-03-16
22797,VA,2023-10-02
22798,IL,2024-06-22
22799,WA,2025-01-12
22800,FL,2023-01-13
22801,GA,2024-09-01
22802,IL,2023-07-11
22803,IL,2024-11-28
22804,NY,2023-01-19
22805,IL,2023-12-05
22806,MA,2025-02-09
22807,CO,2024-08-01
22808,MI,2023-01-26
22809,AZ,2025-10-26
22810,CO,2025-11-16
22811,GA,2023-04-15
22812,NC,2025-02-22
22813,NJ,2023-10-30
22814,VA,2025-11-01
22815,PA,2026-01-05
22816,TX,2025-11-07
22817,NC,2024-10-03
22818,MI,2023-06-23
22819,MA,2026-01-15
22820,MA,2024-03-24
22821,CA,2023-02-23
22822,CO,2023-03-19
22823,MI,2024-03-14
22824,FL,2025-02-20
22825,WA,2023-06-21
22826,AZ,2024-07-03
22827,IL,2023-12-27
22828,TX,2023-08-24
22829,WA,2024-03-08
22830,NC,2025-11-05
22831,WA,2025-01-07
22832,CA,2025-04-29
22833,TX,2024-09-18
22834,TX,2023-09-04
22835,CA,2024-07-02
22836,VA,2025-08-22
22837,MA,2023-06-16
22838,CA,2023-12-19
22839,MA,2024-12-03
22840,FL,2026-01-27
22841,GA,2026-02-15
22842,MA,2023-12-19
22843,WA,2024-07-27
22844,MA,2025-11-28
22845,GA,2023-11-19
22846,NC,2025-08-15
22847,IL,2023-01-29
22848,CA,2025-01-08
22849,IL,2024-06-26
22850,CA,2024-07-21
22851,VA,2025-05-18
22852,PA,2024-11-28
22853,FL,2023-07-18
22854,AZ,2024-11-13
22855,CO,2023-07-01
22856,WA,2023-05-10
22857,MI,2023-05-11
22858,WA,2024-10-15
22859,VA,2025-10-25
22860,NC,2025-04-28
22861,NJ,2023-06-16
22862,CO,2024-01-20
22863,CO,2026-01-20
22864,CA,2025-01-11
22865,VA,2023-07-06
22866,VA,2024-07-11
22867,WA,2023-04-25
22868,PA,2025-10-15
22869,WA,2025-05-07
22870,CO,2025-08-31
22871,CA,2023-08-27
22872,MA,2023-11-05
22873,MA,2023-01-16
22874,VA,2023-03-03
22875,GA,2024-12-06
22876,NY,2023-10-19
22877,MI,2025-01-16
22878,TX,2025-03-02
22879,FL,2023-08-29
22880,CA,2025-07-13
22881,MI,2026-02-26
22882,MA,2025-08-10
22883,AZ,2026-02-20
22884,NC,2024-06-10
22885,TX,2025-01-11
22886,TX,2023-06-25
22887,TX,2025-03-14
22888,CO,2025-01-27
22889,GA,2025-12-12
22890,NC,2023-12-01
22891,VA,2025-06-17
22892,AZ,2024-10-20
22893,NY,2023-10-20
22894,NC,2024-03-18
22895,MI,2024-08-22
22896,NC,2025-02-04
22897,CA,2025-03-13
22898,AZ,2025-06-30
22899,GA,2023-03-12
22900,IL,2025-07-19
22901,AZ,2025-10-28
22902,MI,2025-08-13
22903,GA,2025-02-18
22904,IL,2025-10-16
22905,NY,2025-05-27
22906,CA,2023-12-02
22907,AZ,2024-09-18
22908,CO,2024-02-23
22909,TX,2023-08-25
22910,CA,2024-05-20
22911,MI,2025-09-07
22912,CO,2024-02-03
22913,PA,2024-09-02
22914,CA,2025-08-12
22915,CO,2023-01-02
22916,CA,2023-01-16
22917,GA,2023-10-06
22918,AZ,2024-01-05
22919,GA,2025-08-20
22920,PA,2025-06-05
22921,VA,2024-01-13
22922,GA,2025-12-14
22923,TX,2023-07-27
22924,FL,2023-05-12
22925,WA,2023-06-27
22926,IL,2025-01-23
22927,GA,2024-03-12
22928,VA,2025-08-20
22929,NJ,2024-11-09
22930,PA,2024-06-08
22931,FL,2023-03-12
22932,AZ,2023-02-23
22933,AZ,2023-01-13
22934,IL,2023-03-21
22935,VA,2024-04-20
22936,CA,2025-12-19
22937,NY,2025-12-06
22938,CO,2024-12-14
22939,FL,2025-11-25
22940,NC,2023-10-13
22941,MA,2025-08-01
22942,FL,2023-08-16
22943,AZ,2023-06-20
22944,GA,2024-06-07
22945,GA,2023-10-25
22946,FL,2024-04-01
22947,VA,2024-04-22
22948,MI,2023-09-29
22949,CO,2024-04-05
22950,IL,2026-01-27
22951,CA,2024-03-09
22952,MI,2024-09-18
22953,MA,2025-03-06
22954,CA,2024-09-12
22955,TX,2024-01-31
22956,CO,2025-05-09
22957,MI,2025-07-18
22958,GA,2024-01-22
22959,TX,2024-06-17
22960,CA,2023-08-02
22961,CA,2024-02-01
22962,MA,2023-02-13
22963,WA,2024-08-14
22964,VA,2024-01-01
22965,AZ,2023-06-23
22966,CA,2023-09-30
22967,IL,2024-05-04
22968,AZ,2026-01-24
22969,IL,2024-08-24
22970,AZ,2025-12-30
22971,FL,2024-09-03
22972,MA,2023-11-23
22973,MA,2023-12-13
22974,PA,2023-06-15
22975,GA,2025-05-29
22976,PA,2025-01-21
22977,CA,2023-12-10
22978,WA,2023-03-02
22979,MI,2023-12-30
22980,NC,2025-07-13
22981,TX,2025-10-20
22982,MA,2023-02-03
22983,FL,2024-02-09
22984,FL,2025-06-15
22985,VA,2023-05-18
22986,PA,2023-01-28
22987,CA,2023-04-16
22988,CA,2023-06-06
22989,NC,2026-02-04
22990,NY,2023-07-15
22991,MI,2025-10-05
22992,NY,2023-07-21
22993,CA,2023-04-19
22994,CO,2024-06-26
22995,IL,2023-02-10
22996,IL,2025-12-23
22997,NC,2025-06-08
22998,NC,2024-11-12
22999,GA,2025-03-22
23000,WA,2024-02-19
23001,MI,2024-01-07
23002,FL,2025-03-14
23003,MI,2023-12-30
23004,NJ,2024-04-15
23005,IL,2024-05-14
23006,CO,2025-10-02
23007,AZ,2024-02-27
23008,CA,2024-08-01
23009,MA,2024-02-07
23010,CO,2024-05-08
23011,GA,2024-05-06
23012,NJ,2025-07-13
23013,CO,2025-08-03
23014,MA,2024-06-14
23015,TX,2025-07-29
23016,NY,2023-04-23
23017,MI,2023-12-10
23018,TX,2023-12-24
23019,FL,2023-05-06
23020,FL,2023-03-23
23021,IL,2023-09-09
23022,PA,2024-01-17
23023,MA,2024-12-17
23024,PA,2026-01-27
23025,FL,2024-03-27
23026,NC,2024-08-17
23027,IL,2023-01-24
23028,GA,2023-12-19
23029,AZ,2023-03-14
23030,IL,2024-11-25
23031,AZ,2024-05-29
23032,TX,2025-02-09
23033,CA,2025-11-19
23034,NJ,2024-10-19
23035,NC,2025-07-27
23036,NC,2025-04-13
23037,VA,2025-11-16
23038,WA,2024-09-13
23039,NC,2023-01-19
23040,NC,2024-06-11
23041,TX,2025-03-04
23042,CO,2024-06-25
23043,NC,2024-09-08
23044,MI,2025-12-01
23045,CA,2023-06-14
23046,NJ,2025-03-19
23047,NY,2025-05-13
23048,TX,2026-01-22
23049,TX,2026-01-16
23050,PA,2025-12-13
23051,CO,2024-01-07
23052,WA,2023-12-31
23053,CO,2025-11-26
23054,NJ,2023-04-29
23055,AZ,2024-02-13
23056,MI,2023-12-29
23057,MI,2025-08-15
23058,NJ,2023-11-19
23059,IL,2025-01-27
23060,MI,2025-08-01
23061,PA,2024-03-23
23062,NY,2026-02-27
23063,NJ,2024-12-04
23064,FL,2024-12-09
23065,GA,2025-09-05
23066,FL,2023-12-08
23067,WA,2024-04-19
23068,WA,2023-10-18
23069,NC,2023-06-21
23070,CO,2023-10-28
23071,IL,2023-05-29
23072,NC,2024-10-21
23073,MA,2026-01-23
23074,IL,2024-11-28
23075,AZ,2025-08-24
23076,AZ,2024-02-21
23077,AZ,2023-09-14
23078,WA,2024-05-29
23079,MI,2024-11-09
23080,WA,2025-06-30
23081,TX,2023-07-24
23082,MA,2024-11-20
23083,VA,2023-12-10
23084,NC,2024-04-09
23085,WA,2023-01-29
23086,MA,2023-04-15
23087,MI,2023-11-30
23088,NY,2025-12-28
23089,GA,2023-04-17
23090,CO,2023-04-12
23091,MI,2024-07-05
23092,WA,2023-05-17
23093,NY,2024-05-04
23094,IL,2023-03-08
23095,CO,2023-10-05
23096,MA,2023-07-31
23097,CO,2024-09-19
23098,FL,2024-10-09
23099,AZ,2023-12-31
23100,TX,2024-11-08
23101,MA,2025-05-12
23102,NY,2024-01-30
23103,AZ,2024-07-08
23104,WA,2025-03-13
23105,VA,2024-02-28
23106,MA,2024-02-20
23107,CA,2025-08-02
23108,FL,2023-12-12
23109,MI,2024-11-27
23110,NY,2024-07-30
23111,IL,2025-03-26
23112,PA,2023-06-29
23113,CA,2023-08-02
23114,MA,2024-03-13
23115,TX,2023-06-02
23116,PA,2025-05-21
23117,CA,2025-07-29
23118,MI,2026-02-20
23119,CO,2024-08-28
23120,MA,2025-01-21
23121,NY,2025-08-11
23122,MA,2025-02-26
23123,TX,2023-06-01
23124,MI,2025-06-12
23125,VA,2025-06-27
23126,GA,2024-03-31
23127,CO,2023-11-30
23128,WA,2024-04-07
23129,MA,2025-11-15
23130,TX,2025-03-16
23131,CA,2024-03-14
23132,CA,2023-04-07
23133,MI,2024-01-29
23134,NJ,2023-09-24
23135,NY,2026-02-20
23136,CO,2025-04-09
23137,CA,2025-11-30
23138,NJ,2023-05-01
23139,PA,2024-02-29
23140,WA,2023-01-04
23141,GA,2024-10-04
23142,PA,2025-10-19
23143,GA,2025-03-29
23144,NY,2023-07-02
23145,MA,2026-02-04
23146,NJ,2024-05-13
23147,CA,2023-03-13
23148,TX,2023-03-11
23149,IL,2024-08-03
23150,GA,2023-05-03
23151,NC,2024-01-27
23152,NY,2025-07-03
23153,MA,2024-01-03
23154,MI,2024-04-02
23155,FL,2023-07-02
23156,NY,2025-12-31
23157,TX,2024-05-26
23158,IL,2025-10-28
23159,NC,2025-12-31
23160,GA,2024-12-24
23161,CO,2023-02-15
23162,NC,2024-08-15
23163,AZ,2025-07-28
23164,NJ,2025-02-11
23165,GA,2024-04-26
23166,FL,2024-10-16
23167,PA,2023-08-25
23168,FL,2025-09-17
23169,MI,2024-11-17
23170,GA,2023-03-05
23171,CO,2023-10-06
23172,PA,2023-02-19
23173,MI,2023-08-03
23174,NY,2023-02-05
23175,CO,2024-03-06
23176,CA,2024-05-19
23177,GA,2023-09-06
23178,GA,2025-01-03
23179,VA,2025-03-15
23180,MI,2024-04-12
23181,CO,2025-01-30
23182,NJ,2024-05-24
23183,WA,2024-12-26
23184,WA,2025-03-20
23185,VA,2026-01-22
23186,TX,2023-06-15
23187,WA,2025-12-15
23188,FL,2025-04-25
23189,CA,2026-01-10
23190,GA,2025-10-08
23191,MI,2024-06-29
23192,NC,2023-03-04
23193,AZ,2024-12-02
23194,FL,2024-07-08
23195,TX,2024-08-29
23196,IL,2023-05-28
23197,CA,2023-11-04
23198,WA,2023-04-08
23199,MI,2025-12-01
23200,MA,2023-11-12
23201,NY,2025-01-23
23202,NC,2026-02-01
23203,GA,2024-08-12
23204,PA,2025-11-21
23205,MI,2025-07-22
23206,IL,2024-11-09
23207,NY,2025-11-19
23208,CO,2024-11-11
23209,CO,2025-05-20
23210,CA,2024-01-28
23211,PA,2025-11-21
23212,CA,2024-11-26
23213,CA,2025-08-29
23214,PA,2025-07-07
23215,FL,2025-04-28
23216,FL,2025-08-05
23217,CO,2026-01-04
23218,CA,2025-09-08
23219,NC,2024-02-11
23220,TX,2023-10-01
23221,NJ,2025-01-10
23222,CA,2024-07-02
23223,GA,2023-03-02
23224,NC,2026-02-28
23225,PA,2024-05-27
23226,GA,2025-12-19
23227,MA,2025-06-20
23228,VA,2024-01-15
23229,PA,2023-12-13
23230,MI,2024-02-03
23231,CO,2023-01-07
23232,CA,2025-07-17
23233,WA,2025-08-12
23234,MI,2025-11-09
23235,AZ,2023-11-23
23236,NY,2024-10-15
23237,VA,2023-05-23
23238,CA,2024-01-29
23239,TX,2024-04-27
23240,MA,2025-09-13
23241,CA,2024-05-05
23242,NJ,2025-08-08
23243,NY,2024-02-16
23244,NY,2023-12-20
23245,FL,2024-03-07
23246,MI,2023-01-03
23247,PA,2025-08-13
23248,TX,2023-05-11
23249,TX,2026-01-03
23250,NC,2025-10-20
23251,WA,2023-06-09
23252,TX,2023-01-17
23253,NJ,2023-12-22
23254,MA,2025-11-21
23255,WA,2025-06-07
23256,FL,2024-04-27
23257,PA,2024-09-01
23258,TX,2025-02-11
23259,MI,2025-05-06
23260,PA,2025-03-06
23261,FL,2025-08-19
23262,AZ,2025-03-12
23263,MI,2023-12-08
23264,PA,2024-02-10
23265,NY,2024-07-13
23266,CA,2024-07-30
23267,TX,2023-08-09
23268,NJ,2023-05-27
23269,NY,2025-09-27
23270,CA,2024-05-05
23271,CA,2023-12-19
23272,NY,2025-10-07
23273,VA,2023-03-22
23274,VA,2025-05-19
23275,GA,2024-12-05
23276,VA,2024-03-09
23277,VA,2026-02-20
23278,WA,2025-01-09
23279,GA,2024-05-24
23280,CO,2024-08-16
23281,VA,2025-07-01
23282,NJ,2024-04-24
23283,IL,2025-01-24
23284,CA,2024-12-27
23285,NC,2023-12-12
23286,WA,2025-08-12
23287,PA,2023-04-15
23288,CA,2025-02-26
23289,MA,2025-03-05
23290,NC,2024-01-28
23291,AZ,2023-07-15
23292,NJ,2024-02-26
23293,CO,2025-05-30
23294,CO,2023-08-06
23295,MA,2023-06-02
23296,NY,2023-02-06
23297,WA,2024-11-20
23298,FL,2024-12-12
23299,WA,2023-11-06
23300,NC,2023-09-07
23301,GA,2025-07-30
23302,MI,2025-01-09
23303,FL,2024-09-16
23304,MI,2023-04-02
23305,MI,2026-02-25
23306,PA,2024-07-28
23307,CO,2024-04-28
23308,CO,2025-04-13
23309,NY,2023-10-29
23310,AZ,2024-05-02
23311,IL,2024-04-28
23312,WA,2024-10-09
23313,NY,2024-07-04
23314,PA,2024-04-07
23315,NC,2023-10-30
23316,FL,2024-02-22
23317,MA,2023-03-09
23318,VA,2023-02-26
23319,CA,2023-07-20
23320,MI,2024-08-21
23321,GA,2025-04-09
23322,NC,2025-11-28
23323,PA,2026-02-11
23324,CA,2023-05-15
23325,MI,2025-05-12
23326,PA,2025-02-12
23327,WA,2025-08-07
23328,MA,2026-02-20
23329,CO,2024-08-17
23330,NY,2023-08-01
23331,FL,2025-02-25
23332,NY,2024-05-16
23333,FL,2023-06-20
23334,MI,2024-02-24
23335,IL,2026-01-25
23336,IL,2025-04-03
23337,PA,2023-01-21
23338,VA,2023-10-17
23339,NY,2024-09-13
23340,NJ,2026-01-10
23341,FL,2023-04-17
23342,FL,2024-11-19
23343,AZ,2025-08-02
23344,CA,2023-10-13
23345,MI,2024-09-12
23346,AZ,2025-02-21
23347,NY,2024-12-28
23348,AZ,2025-04-07
23349,TX,2023-05-12
23350,VA,2023-12-05
23351,MI,2023-08-09
23352,NJ,2025-02-20
23353,WA,2025-04-28
23354,NJ,2023-03-18
23355,CO,2024-08-27
23356,MI,2024-08-14
23357,IL,2023-02-19
23358,TX,2025-01-17
23359,IL,2023-11-28
23360,MA,2026-01-23
23361,IL,2024-11-08
23362,NC,2025-09-22
23363,IL,2025-08-15
23364,CA,2023-11-17
23365,TX,2026-01-18
23366,MA,2024-06-12
23367,FL,2025-05-17
23368,PA,2025-01-10
23369,FL,2024-12-16
23370,MA,2024-03-08
23371,GA,2025-09-28
23372,AZ,2024-01-15
23373,NJ,2023-09-14
23374,VA,2024-02-01
23375,VA,2025-02-27
23376,MI,2023-09-14
23377,NY,2025-08-30
23378,GA,2023-06-08
23379,TX,2025-04-08
23380,IL,2025-09-09
23381,FL,2023-07-22
23382,CA,2024-11-18
23383,GA,2023-03-23
23384,NJ,2025-11-14
23385,MI,2025-07-18
23386,IL,2023-01-18
23387,CO,2025-08-18
23388,MI,2025-06-05
23389,MI,2026-02-13
23390,NY,2023-01-21
23391,MA,2025-09-23
23392,IL,2024-09-29
23393,NY,2025-07-25
23394,NY,2025-01-05
23395,FL,2024-09-24
23396,FL,2024-10-01
23397,TX,2024-03-21
23398,CO,2023-10-14
23399,AZ,2025-05-17
23400,MA,2024-10-26
23401,NY,2023-07-19
23402,TX,2025-02-23
23403,NC,2023-05-28
23404,GA,2024-01-02
23405,VA,2023-08-09
23406,WA,2023-08-16
23407,NY,2023-11-02
23408,TX,2023-06-28
23409,CO,2025-08-25
23410,FL,2024-02-21
23411,AZ,2024-09-01
23412,NY,2024-09-19
23413,NY,2023-05-03
23414,IL,2023-10-12
23415,CO,2024-12-07
23416,MA,2023-01-03
23417,FL,2025-01-29
23418,NY,2023-09-19
23419,GA,2023-11-28
23420,FL,2025-08-22
23421,GA,2023-09-18
23422,WA,2025-10-23
23423,AZ,2025-02-10
23424,PA,2024-03-22
23425,MI,2025-02-11
23426,PA,2024-04-23
23427,NJ,2024-07-22
23428,NJ,2025-05-16
23429,AZ,2024-08-17
23430,MA,2024-03-15
23431,PA,2023-07-19
23432,WA,2024-10-29
23433,MI,2025-07-22
23434,NY,2023-10-06
23435,IL,2023-10-21
23436,MA,2023-07-24
23437,AZ,2025-05-26
23438,MI,2023-03-26
23439,NJ,2023-10-20
23440,VA,2024-01-25
23441,IL,2024-02-15
23442,VA,2024-05-23
23443,AZ,2024-09-09
23444,TX,2025-12-16
23445,NC,2023-04-02
23446,CO,2025-02-22
23447,TX,2024-07-24
23448,AZ,2025-02-09
23449,WA,2023-07-12
23450,GA,2026-02-14
23451,NJ,2024-12-07
23452,WA,2024-10-31
23453,MI,2025-06-22
23454,MA,2025-11-25
23455,NJ,2024-09-15
23456,AZ,2025-01-10
23457,MA,2023-07-16
23458,WA,2023-10-17
23459,NY,2025-02-04
23460,WA,2025-12-01
23461,MA,2025-10-07
23462,MA,2023-03-29
23463,FL,2023-06-25
23464,CA,2025-07-15
23465,IL,2023-10-05
23466,VA,2024-02-28
23467,MI,2023-02-02
23468,AZ,2025-11-17
23469,TX,2023-07-28
23470,NJ,2024-08-24
23471,WA,2023-09-05
23472,FL,2025-04-26
23473,MI,2025-02-28
23474,VA,2023-01-18
23475,NY,2023-08-01
23476,PA,2024-05-28
23477,MI,2026-01-22
23478,MA,2025-05-06
23479,AZ,2025-07-10
23480,WA,2025-03-17
23481,MI,2025-11-06
23482,AZ,2024-06-11
23483,MA,2023-06-26
23484,GA,2026-02-28
23485,FL,2023-10-25
23486,WA,2025-12-22
23487,GA,2025-09-24
23488,VA,2025-03-07
23489,NC,2026-02-27
23490,NJ,2023-12-29
23491,AZ,2024-09-07
23492,VA,2023-09-25
23493,FL,2024-05-14
23494,WA,2025-07-02
23495,VA,2023-08-05
23496,WA,2024-10-07
23497,CO,2025-10-01
23498,MI,2024-06-29
23499,VA,2024-12-23
23500,MI,2025-08-25
23501,FL,2024-11-23
23502,FL,2025-02-22
23503,VA,2025-07-10
23504,MA,2025-10-17
23505,NJ,2023-01-27
23506,WA,2026-02-09
23507,IL,2023-09-19
23508,IL,2024-10-08
23509,PA,2024-11-19
23510,IL,2024-06-05
23511,AZ,2026-02-07
23512,NC,2024-09-15
23513,WA,2023-09-24
23514,VA,2025-02-16
23515,VA,2024-10-29
23516,WA,2023-02-23
23517,GA,2025-02-12
23518,VA,2024-01-30
23519,CO,2024-05-26
23520,MI,2025-03-11
23521,FL,2023-11-21
23522,MA,2023-04-06
23523,CO,2023-06-23
23524,PA,2023-12-10
23525,GA,2023-07-24
23526,WA,2023-02-24
23527,TX,2024-12-10
23528,MI,2023-08-14
23529,VA,2023-10-29
23530,FL,2023-08-08
23531,MI,2025-09-30
23532,NC,2024-03-03
23533,IL,2023-05-21
23534,NC,2024-03-30
23535,NJ,2023-05-25
23536,WA,2025-08-26
23537,GA,2024-06-09
23538,VA,2023-06-07
23539,NJ,2023-04-15
23540,NJ,2025-01-11
23541,AZ,2025-06-08
23542,TX,2023-10-16
23543,NY,2024-09-23
23544,IL,2025-11-20
23545,VA,2023-10-06
23546,MA,2025-08-05
23547,WA,2023-08-13
23548,CA,2023-03-25
23549,TX,2023-04-02
23550,TX,2023-01-08
23551,PA,2025-12-13
23552,AZ,2024-04-23
23553,FL,2023-04-18
23554,AZ,2023-08-25
23555,NC,2025-09-08
23556,IL,2024-06-12
23557,WA,2024-09-20
23558,CA,2025-09-18
23559,MI,2025-12-10
23560,IL,2023-02-23
23561,AZ,2025-01-18
23562,AZ,2026-02-10
23563,GA,2024-03-02
23564,NJ,2024-05-12
23565,CA,2023-12-12
23566,CO,2024-05-25
23567,CO,2024-03-16
23568,TX,2025-07-10
23569,MI,2024-12-22
23570,VA,2023-08-16
23571,GA,2025-09-23
23572,NJ,2024-09-01
23573,VA,2025-04-07
23574,VA,2026-01-18
23575,NJ,2025-02-28
23576,CO,2024-01-31
23577,TX,2026-01-03
23578,NC,2025-04-07
23579,WA,2025-08-14
23580,TX,2024-07-18
23581,WA,2023-06-05
23582,GA,2025-03-02
23583,MI,2024-05-17
23584,PA,2025-02-19
23585,FL,2023-11-30
23586,IL,2024-05-05
23587,TX,2023-11-24
23588,TX,2023-01-01
23589,WA,2024-09-18
23590,CO,2023-07-06
23591,AZ,2023-09-26
23592,CO,2023-05-03
23593,TX,2024-07-05
23594,CO,2024-08-10
23595,VA,2023-12-02
23596,NJ,2024-01-25
23597,VA,2023-10-31
23598,CO,2025-07-02
23599,TX,2025-04-28
23600,NC,2025-08-29
23601,MI,2023-08-14
23602,VA,2024-05-27
23603,MI,2025-10-06
23604,NC,2023-01-29
23605,NY,2024-08-26
23606,NC,2025-08-22
23607,NY,2025-09-07
23608,GA,2024-09-06
23609,MA,2025-10-03
23610,IL,2025-10-09
23611,MA,2024-12-25
23612,CO,2024-04-16
23613,PA,2024-11-19
23614,CA,2023-11-11
23615,CO,2025-06-27
23616,TX,2024-07-10
23617,TX,2025-07-30
23618,IL,2023-10-06
23619,FL,2025-04-19
23620,FL,2024-01-02
23621,FL,2023-11-27
23622,NC,2024-02-01
23623,GA,2025-02-26
23624,CO,2024-01-20
23625,TX,2024-07-11
23626,CA,2025-11-19
23627,CA,2023-09-20
23628,CA,2024-02-12
23629,FL,2026-01-23
23630,AZ,2025-08-01
23631,IL,2025-09-16
23632,FL,2025-12-02
23633,NJ,2025-04-26
23634,NJ,2025-11-25
23635,TX,2026-02-26
23636,CO,2025-12-03
23637,AZ,2025-12-20
23638,CO,2025-05-24
23639,IL,2026-02-18
23640,GA,2024-05-11
23641,PA,2023-06-07
23642,NC,2023-09-28
23643,CA,2023-11-09
23644,VA,2026-02-14
23645,CO,2023-12-11
23646,IL,2023-04-27
23647,CA,2025-10-17
23648,FL,2023-06-23
23649,WA,2025-01-18
23650,MA,2023-06-04
23651,CO,2024-08-17
23652,GA,2023-11-06
23653,PA,2023-08-22
23654,PA,2023-06-11
23655,IL,2024-11-21
23656,NC,2023-10-19
23657,GA,2023-05-07
23658,FL,2024-11-23
23659,CO,2024-08-24
23660,TX,2026-01-22
23661,FL,2026-01-17
23662,NC,2024-01-23
23663,FL,2025-02-18
23664,IL,2023-09-06
23665,MI,2023-06-30
23666,GA,2025-12-20
23667,IL,2024-11-26
23668,CA,2023-10-08
23669,WA,2026-02-09
23670,GA,2023-10-24
23671,WA,2024-11-21
23672,IL,2024-07-15
23673,TX,2026-02-14
23674,CO,2025-11-16
23675,NC,2023-11-07
23676,NJ,2025-05-24
23677,VA,2024-01-25
23678,FL,2023-01-06
23679,FL,2024-12-03
23680,NJ,2025-10-07
23681,PA,2024-06-13
23682,WA,2023-06-08
23683,AZ,2025-08-09
23684,NC,2023-08-18
23685,MI,2024-11-22
23686,GA,2023-05-13
23687,VA,2025-08-06
23688,CO,2023-06-08
23689,MA,2024-06-16
23690,WA,2024-11-11
23691,GA,2023-10-22
23692,GA,2025-07-25
23693,NC,2025-03-31
23694,NC,2023-10-08
23695,NY,2025-12-23
23696,FL,2023-12-25
23697,CO,2025-10-09
23698,VA,2026-01-20
23699,AZ,2025-04-26
23700,CA,2024-10-09
23701,VA,2023-01-01
23702,MI,2023-11-11
23703,WA,2024-04-25
23704,CO,2024-10-15
23705,NY,2025-04-27
23706,NY,2025-02-27
23707,VA,2023-11-10
23708,CO,2023-05-19
23709,NC,2024-05-12
23710,PA,2023-05-01
23711,GA,2024-04-09
23712,MA,2025-09-16
23713,CO,2025-06-28
23714,WA,2023-12-30
23715,CA,2023-06-10
23716,FL,2024-10-25
23717,MI,2025-08-24
23718,NY,2024-07-03
23719,TX,2025-12-09
23720,PA,2025-01-16
23721,TX,2023-03-30
23722,GA,2025-06-11
23723,VA,2024-12-21
23724,MI,2024-01-21
23725,NC,2024-10-15
23726,MI,2023-12-03
23727,FL,2024-08-12
23728,NY,2024-03-10
23729,TX,2025-12-03
23730,TX,2024-05-01
23731,AZ,2023-04-19
23732,MA,2024-11-30
23733,CO,2025-12-29
23734,VA,2024-06-26
23735,NJ,2025-03-15
23736,VA,2024-11-13
23737,IL,2026-02-06
23738,FL,2024-08-31
23739,IL,2025-04-18
23740,VA,2024-07-03
23741,NJ,2023-09-21
23742,CA,2023-10-17
23743,VA,2023-05-25
23744,NC,2024-06-12
23745,CO,2023-04-04
23746,CA,2023-12-04
23747,MI,2025-09-25
23748,WA,2025-12-20
23749,NY,2023-03-19
23750,MI,2023-04-09
23751,IL,2024-10-07
23752,GA,2025-03-19
23753,WA,2025-09-02
23754,FL,2023-11-01
23755,AZ,2025-05-25
23756,NY,2023-12-22
23757,PA,2025-02-11
23758,TX,2025-02-17
23759,IL,2023-02-09
23760,CO,2024-04-20
23761,AZ,2026-02-11
23762,CO,2024-11-09
23763,WA,2025-04-17
23764,WA,2024-06-15
23765,NC,2023-08-18
23766,AZ,2025-09-11
23767,VA,2025-02-19
23768,TX,2023-03-17
23769,MI,2023-09-22
23770,MA,2023-11-11
23771,MI,2024-09-19
23772,VA,2025-09-18
23773,IL,2023-03-23
23774,MI,2023-08-18
23775,CA,2024-10-07
23776,FL,2023-10-25
23777,IL,2023-10-08
23778,NJ,2024-04-12
23779,IL,2024-06-13
23780,NJ,2024-02-12
23781,AZ,2025-09-01
23782,MI,2023-08-11
23783,PA,2025-02-07
23784,PA,2025-11-04
23785,TX,2024-11-24
23786,IL,2024-06-29
23787,PA,2025-10-22
23788,NC,2023-05-31
23789,IL,2026-02-07
23790,PA,2024-09-09
23791,GA,2025-02-05
23792,GA,2023-01-14
23793,NY,2024-10-17
23794,FL,2025-07-16
23795,GA,2023-07-26
23796,MI,2024-09-10
23797,AZ,2025-01-04
23798,VA,2025-02-18
23799,FL,2026-01-03
23800,CO,2025-12-02
23801,NC,2024-03-06
23802,PA,2025-03-05
23803,TX,2023-02-25
23804,TX,2023-07-27
23805,GA,2025-01-08
23806,NJ,2023-04-14
23807,NC,2024-04-08
23808,CO,2024-04-14
23809,CA,2024-08-02
23810,NC,2023-09-07
23811,AZ,2025-09-18
23812,NY,2024-08-25
23813,TX,2025-02-21
23814,AZ,2024-02-07
23815,NJ,2023-01-26
23816,NY,2024-12-19
23817,TX,2025-07-29
23818,CO,2023-01-10
23819,NJ,2024-09-05
23820,NJ,2025-04-27
23821,PA,2023-08-09
23822,AZ,2024-06-27
23823,IL,2023-04-06
23824,MI,2025-02-18
23825,AZ,2024-09-06
23826,MA,2025-04-21
23827,NC,2025-11-26
23828,MI,2025-05-29
23829,MI,2023-05-11
23830,VA,2023-04-08
23831,NC,2025-11-25
23832,IL,2025-08-27
23833,CA,2025-08-12
23834,NJ,2024-11-24
23835,TX,2023-01-28
23836,VA,2025-06-23
23837,CA,2024-10-30
23838,PA,2024-06-05
23839,MI,2025-07-11
23840,NC,2023-04-19
23841,PA,2025-04-09
23842,GA,2024-08-30
23843,VA,2024-10-19
23844,GA,2023-07-29
23845,WA,2023-12-08
23846,FL,2025-12-08
23847,PA,2024-10-27
23848,GA,2025-02-11
23849,GA,2023-11-25
23850,MI,2024-07-09
23851,TX,2026-02-18
23852,WA,2023-09-05
23853,TX,2025-11-09
23854,NC,2024-11-26
23855,NY,2024-05-17
23856,CA,2023-12-30
23857,PA,2024-05-03
23858,NC,2025-03-22
23859,NY,2024-10-26
23860,CO,2025-11-06
23861,NJ,2023-02-08
23862,CO,2024-10-26
23863,TX,2025-05-16
23864,MA,2023-10-22
23865,MA,2023-02-08
23866,NY,2023-07-06
23867,GA,2025-01-19
23868,TX,2025-08-19
23869,NY,2025-02-22
23870,PA,2023-11-05
23871,TX,2023-12-28
23872,NY,2024-04-06
23873,MI,2024-10-30
23874,CO,2024-12-06
23875,WA,2025-02-16
23876,TX,2023-01-02
23877,WA,2024-10-14
23878,NJ,2023-07-01
23879,NJ,2023-01-02
23880,CO,2025-09-03
23881,MA,2023-11-03
23882,IL,2025-05-25
23883,AZ,2023-02-18
23884,VA,2025-09-22
23885,CA,2024-01-15
23886,NC,2025-03-01
23887,CA,2025-03-01
23888,CA,2024-05-18
23889,AZ,2025-02-22
23890,NC,2024-07-09
23891,AZ,2024-07-25
23892,CO,2023-04-19
23893,CO,2023-03-06
23894,AZ,2026-01-26
23895,MA,2026-02-26
23896,IL,2023-09-25
23897,FL,2023-03-28
23898,CA,2024-03-25
23899,MI,2025-07-17
23900,MI,2025-01-10
23901,GA,2024-04-15
23902,MI,2025-02-03
23903,CA,2023-04-20
23904,FL,2023-10-21
23905,TX,2023-08-03
23906,MA,2025-08-17
23907,WA,2026-01-21
23908,WA,2024-11-11
23909,FL,2025-11-17
23910,CA,2023-09-23
23911,WA,2025-06-14
23912,FL,2025-09-20
23913,AZ,2023-10-12
23914,NC,2025-12-22
23915,VA,2024-08-21
23916,CO,2025-07-02
23917,NY,2024-10-28
23918,CO,2023-01-20
23919,CA,2023-02-19
23920,VA,2023-03-08
23921,FL,2023-12-31
23922,TX,2025-07-01
23923,WA,2026-01-27
23924,VA,2024-10-22
23925,WA,2025-09-03
23926,WA,2025-03-26
23927,PA,2023-01-28
23928,FL,2024-04-10
23929,CO,2023-09-23
23930,TX,2025-02-08
23931,PA,2025-09-19
23932,FL,2023-09-14
23933,CA,2025-05-07
23934,MA,2023-03-14
23935,CA,2025-11-02
23936,MI,2024-08-05
23937,NY,2025-10-21
23938,NJ,2024-04-27
23939,MA,2023-07-14
23940,CA,2024-02-07
23941,NJ,2023-01-04
23942,TX,2025-02-03
23943,VA,2024-06-25
23944,IL,2025-03-14
23945,IL,2023-04-16
23946,IL,2023-05-02
23947,NJ,2025-08-12
23948,VA,2024-12-08
23949,NY,2025-09-09
23950,NY,2024-12-15
23951,IL,2025-02-10
23952,NC,2025-12-12
23953,WA,2026-02-21
23954,AZ,2026-01-16
23955,MA,2023-11-06
23956,MA,2025-05-01
23957,WA,2024-07-10
23958,CO,2025-07-01
23959,NC,2024-11-28
23960,IL,2023-01-13
23961,MI,2023-07-28
23962,WA,2024-03-10
23963,FL,2025-12-11
23964,MA,2025-04-29
23965,FL,2023-04-17
23966,WA,2024-09-15
23967,WA,2023-04-30
23968,CA,2023-03-08
23969,MI,2025-09-13
23970,CA,2023-03-23
23971,TX,2024-12-14
23972,MI,2023-04-24
23973,AZ,2025-01-29
23974,NJ,2024-03-29
23975,TX,2025-08-17
23976,NY,2023-08-20
23977,PA,2025-02-11
23978,NY,2024-07-15
23979,IL,2023-11-12
23980,VA,2024-04-19
23981,CA,2025-05-25
23982,IL,2024-01-06
23983,WA,2025-09-19
23984,IL,2023-09-15
23985,WA,2024-12-23
23986,MA,2024-03-04
23987,CA,2025-10-30
23988,VA,2024-11-07
23989,TX,2024-10-24
23990,IL,2024-02-29
23991,CA,2024-09-21
23992,VA,2023-05-14
23993,NJ,2025-08-18
23994,NJ,2023-01-18
23995,MA,2024-01-03
23996,FL,2023-06-17
23997,TX,2023-01-17
23998,NC,2025-06-27
23999,GA,2024-06-26
24000,CA,2024-12-27
24001,CO,2023-11-02
24002,CA,2024-01-14
24003,VA,2023-12-06
24004,AZ,2023-05-31
24005,WA,2025-12-04
24006,NC,2023-07-26
24007,CO,2023-05-19
24008,IL,2025-04-25
24009,MA,2024-01-19
24010,NJ,2024-12-26
24011,CO,2024-11-04
24012,VA,2025-09-18
24013,IL,2023-07-22
24014,NJ,2023-01-10
24015,IL,2023-12-16
24016,NJ,2026-01-04
24017,IL,2025-01-07
24018,WA,2023-08-05
24019,CO,2023-01-04
24020,VA,2024-08-28
24021,NY,2025-11-27
24022,MA,2024-08-10
24023,MI,2026-01-17
24024,FL,2025-04-01
24025,CA,2025-04-09
24026,VA,2023-10-02
24027,WA,2024-08-28
24028,TX,2025-10-07
24029,FL,2023-04-10
24030,MA,2025-10-24
24031,WA,2024-02-16
24032,AZ,2024-08-12
24033,MI,2024-12-10
24034,FL,2023-11-22
24035,CA,2025-08-30
24036,IL,2025-10-21
24037,NJ,2024-08-22
24038,NC,2023-01-10
24039,IL,2024-01-10
24040,MA,2024-10-07
24041,CA,2026-02-07
24042,AZ,2026-02-22
24043,FL,2024-10-13
24044,PA,2023-04-13
24045,GA,2025-12-29
24046,MI,2025-06-03
24047,PA,2025-07-05
24048,AZ,2023-04-20
24049,NC,2023-08-12
24050,IL,2023-08-12
24051,NY,2025-01-20
24052,FL,2024-09-22
24053,IL,2025-04-22
24054,FL,2023-08-02
24055,MI,2023-09-13
24056,NC,2024-10-28
24057,MA,2025-10-16
24058,PA,2025-12-01
24059,VA,2025-11-18
24060,TX,2024-11-25
24061,IL,2024-07-14
24062,VA,2023-11-23
24063,MI,2025-04-22
24064,PA,2025-12-13
24065,FL,2024-02-21
24066,TX,2025-10-18
24067,PA,2025-06-21
24068,TX,2023-10-07
24069,AZ,2025-12-14
24070,NY,2023-08-11
24071,NJ,2023-04-18
24072,TX,2024-12-18
24073,VA,2024-11-14
24074,PA,2024-08-24
24075,AZ,2025-08-18
24076,NC,2025-10-26
24077,CA,2024-05-21
24078,MI,2025-05-24
24079,TX,2023-09-25
24080,GA,2023-07-12
24081,FL,2025-01-25
24082,MI,2025-01-29
24083,TX,2023-03-11
24084,CO,2025-11-19
24085,CA,2026-02-16
24086,WA,2024-05-24
24087,CA,2025-01-03
24088,MA,2024-04-04
24089,WA,2024-04-02
24090,MI,2024-07-20
24091,NY,2023-02-08
24092,PA,2025-08-27
24093,AZ,2023-09-19
24094,CA,2023-07-03
24095,NJ,2024-06-03
24096,MI,2025-09-06
24097,MA,2025-04-02
24098,PA,2025-05-22
24099,CA,2024-01-21
24100,TX,2024-07-29
24101,NJ,2023-09-10
24102,MI,2025-10-31
24103,IL,2024-08-22
24104,MI,2023-07-30
24105,IL,2023-12-26
24106,MI,2023-03-09
24107,MA,2024-03-02
24108,NJ,2023-01-09
24109,AZ,2024-06-20
24110,NJ,2025-12-25
24111,CA,2024-11-25
24112,MA,2025-03-11
24113,NY,2023-01-22
24114,IL,2025-12-01
24115,VA,2023-06-04
24116,CO,2025-03-20
24117,VA,2023-03-19
24118,WA,2023-04-14
24119,NC,2023-10-05
24120,TX,2024-12-19
24121,NJ,2025-02-01
24122,CO,2023-02-26
24123,CO,2023-12-05
24124,FL,2023-10-01
24125,CO,2025-06-26
24126,WA,2024-03-08
24127,VA,2024-09-01
24128,NJ,2024-01-26
24129,WA,2023-06-23
24130,TX,2025-09-04
24131,MI,2023-09-29
24132,MA,2023-11-04
24133,NJ,2024-08-17
24134,AZ,2024-07-09
24135,NJ,2023-07-26
24136,GA,2026-02-14
24137,GA,2023-01-05
24138,CA,2024-05-13
24139,CA,2026-01-18
24140,NC,2025-11-17
24141,PA,2025-08-07
24142,PA,2023-03-12
24143,NJ,2023-01-30
24144,MI,2025-03-31
24145,WA,2024-11-01
24146,CA,2025-09-20
24147,FL,2023-11-19
24148,PA,2024-01-05
24149,CA,2025-10-02
24150,MI,2023-08-02
24151,NY,2024-10-27
24152,NY,2026-01-11
24153,FL,2024-02-09
24154,CO,2024-09-04
24155,NY,2025-10-30
24156,AZ,2023-10-08
24157,GA,2026-01-18
24158,MI,2023-05-09
24159,PA,2023-11-05
24160,GA,2024-04-29
24161,NY,2026-02-04
24162,CA,2025-08-31
24163,NC,2025-10-19
24164,MI,2025-03-02
24165,NC,2023-10-10
24166,GA,2026-02-04
24167,MI,2023-06-04
24168,NY,2025-03-17
24169,CO,2024-08-18
24170,AZ,2025-05-19
24171,TX,2026-01-04
24172,CA,2023-09-18
24173,NJ,2025-02-22
24174,CA,2025-09-10
24175,NC,2023-08-09
24176,NY,2024-11-23
24177,MA,2024-02-02
24178,PA,2024-12-14
24179,IL,2025-03-07
24180,PA,2024-02-16
24181,NJ,2024-09-21
24182,NY,2024-09-20
24183,FL,2024-02-05
24184,NY,2024-12-09
24185,CA,2023-06-23
24186,PA,2023-10-28
24187,TX,2023-04-13
24188,MI,2024-06-04
24189,FL,2025-10-25
24190,NC,2023-06-27
24191,WA,2023-01-27
24192,WA,2026-02-12
24193,MI,2024-01-13
24194,MA,2023-04-07
24195,AZ,2024-11-08
24196,MI,2024-01-23
24197,NC,2025-09-29
24198,CO,2023-06-13
24199,GA,2025-08-02
24200,PA,2024-11-11
24201,MA,2025-09-28
24202,WA,2023-06-07
24203,GA,2024-02-02
24204,CO,2025-03-23
24205,NC,2025-08-20
24206,GA,2023-12-15
24207,NC,2025-02-22
24208,CO,2024-01-29
24209,IL,2025-08-05
24210,FL,2023-02-19
24211,GA,2025-04-22
24212,PA,2026-01-03
24213,GA,2024-05-15
24214,NC,2025-01-11
24215,NC,2023-07-07
24216,GA,2025-08-03
24217,AZ,2023-05-09
24218,NC,2023-04-07
24219,TX,2023-12-31
24220,NJ,2024-05-15
24221,PA,2025-07-07
24222,MI,2023-06-26
24223,TX,2025-10-04
24224,NJ,2024-09-20
24225,IL,2025-08-27
24226,IL,2023-09-30
24227,MI,2024-02-03
24228,VA,2024-02-15
24229,MI,2025-02-15
24230,VA,2025-12-23
24231,IL,2023-12-07
24232,WA,2024-05-19
24233,AZ,2025-05-10
24234,WA,2025-01-06
24235,NY,2024-09-20
24236,AZ,2023-09-07
24237,MA,2025-12-29
24238,PA,2024-05-26
24239,FL,2023-12-11
24240,AZ,2024-06-30
24241,TX,2024-07-09
24242,CO,2025-09-13
24243,FL,2025-05-21
24244,MI,2024-04-04
24245,NJ,2026-02-04
24246,FL,2025-06-04
24247,CO,2025-01-10
24248,CA,2025-02-02
24249,GA,2024-05-02
24250,AZ,2025-12-03
24251,MA,2024-05-16
24252,MI,2025-07-09
24253,PA,2023-02-18
24254,NY,2023-03-01
24255,NJ,2024-07-30
24256,PA,2026-02-11
24257,IL,2023-12-15
24258,CO,2024-02-02
24259,NJ,2024-11-04
24260,WA,2024-11-06
24261,IL,2023-01-15
24262,PA,2024-07-02
24263,NC,2023-05-18
24264,CO,2025-03-28
24265,VA,2025-07-19
24266,IL,2024-09-09
24267,PA,2023-03-22
24268,GA,2023-10-30
24269,MI,2026-02-10
24270,PA,2025-10-18
24271,GA,2024-02-13
24272,GA,2024-12-20
24273,IL,2023-12-31
24274,PA,2025-10-11
24275,MI,2023-08-29
24276,PA,2023-03-30
24277,GA,2023-09-02
24278,TX,2026-01-27
24279,WA,2024-07-24
24280,NY,2026-01-01
24281,PA,2024-09-15
24282,VA,2025-08-10
24283,VA,2023-07-30
24284,CO,2024-06-17
24285,NJ,2025-07-29
24286,VA,2026-01-11
24287,FL,2023-01-12
24288,IL,2024-05-31
24289,IL,2025-03-04
24290,WA,2026-02-13
24291,PA,2023-12-13
24292,PA,2023-01-20
24293,CA,2023-05-16
24294,NJ,2024-03-21
24295,MA,2023-06-22
24296,NC,2024-12-05
24297,MI,2024-05-31
24298,CO,2023-06-08
24299,CA,2024-05-26
24300,NC,2023-01-04
24301,MA,2025-03-15
24302,FL,2025-01-15
24303,IL,2023-04-14
24304,GA,2024-01-08
24305,MI,2023-10-09
24306,WA,2025-01-12
24307,CO,2023-10-10
24308,WA,2023-08-23
24309,NY,2023-12-04
24310,FL,2024-03-31
24311,AZ,2024-12-25
24312,NY,2024-02-14
24313,MA,2024-07-11
24314,MA,2024-04-06
24315,AZ,2023-07-10
24316,MI,2023-06-06
24317,TX,2025-06-12
24318,AZ,2025-05-11
24319,VA,2026-02-25
24320,MA,2025-11-13
24321,MI,2025-07-19
24322,CA,2026-02-22
24323,CA,2026-01-29
24324,GA,2023-02-20
24325,IL,2024-10-22
24326,VA,2026-02-02
24327,AZ,2023-02-04
24328,PA,2024-03-03
24329,WA,2023-12-05
24330,VA,2024-12-20
24331,IL,2024-05-20
24332,IL,2023-03-21
24333,CA,2025-11-20
24334,WA,2023-08-13
24335,GA,2023-06-29
24336,FL,2024-02-23
24337,TX,2024-10-17
24338,CA,2025-01-11
24339,AZ,2023-11-10
24340,MI,2025-12-23
24341,NY,2023-11-04
24342,TX,2023-02-09
24343,FL,2023-12-27
24344,MA,2025-09-07
24345,IL,2025-06-18
24346,NJ,2025-11-19
24347,CO,2025-07-18
24348,AZ,2024-12-26
24349,GA,2025-01-02
24350,MI,2025-08-18
24351,IL,2024-09-07
24352,MA,2024-05-12
24353,FL,2023-07-17
24354,NY,2023-02-02
24355,GA,2023-11-30
24356,GA,2023-08-22
24357,MI,2024-06-13
24358,FL,2025-06-05
24359,PA,2025-03-29
24360,TX,2025-08-10
24361,NC,2025-01-13
24362,AZ,2024-03-03
24363,NJ,2025-10-01
24364,IL,2024-07-23
24365,AZ,2023-05-31
24366,AZ,2025-05-27
24367,TX,2023-12-11
24368,CA,2025-07-22
24369,FL,2024-09-12
24370,CA,2023-05-30
24371,NY,2025-01-14
24372,TX,2023-09-24
24373,CO,2023-05-11
24374,NC,2023-05-27
24375,FL,2024-08-25
24376,FL,2025-06-21
24377,VA,2024-01-10
24378,NC,2024-05-18
24379,GA,2025-10-31
24380,MA,2025-10-08
24381,NY,2023-03-12
24382,TX,2023-09-18
24383,FL,2024-11-26
24384,FL,2025-05-10
24385,NC,2023-08-22
24386,CO,2025-11-04
24387,NC,2024-09-08
24388,AZ,2024-04-27
24389,NC,2025-11-09
24390,IL,2025-01-29
24391,TX,2024-04-16
24392,NJ,2023-06-11
24393,GA,2024-09-30
24394,NC,2025-11-23
24395,CO,2026-02-12
24396,GA,2024-12-31
24397,MI,2025-01-23
24398,WA,2025-11-10
24399,TX,2025-01-06
24400,FL,2023-06-16
24401,AZ,2023-06-21
24402,VA,2025-04-02
24403,PA,2023-07-18
24404,WA,2023-02-19
24405,GA,2023-11-26
24406,GA,2023-10-21
24407,AZ,2023-10-07
24408,TX,2023-12-30
24409,MA,2024-07-24
24410,IL,2023-06-03
24411,MI,2025-09-19
24412,FL,2025-08-03
24413,WA,2024-11-28
24414,AZ,2023-09-29
24415,MI,2024-03-18
24416,NC,2024-05-27
24417,NY,2025-03-19
24418,NJ,2024-02-16
24419,MA,2025-11-04
24420,AZ,2023-03-21
24421,FL,2024-11-16
24422,NY,2024-06-27
24423,NJ,2023-03-30
24424,IL,2025-08-28
24425,NJ,2023-09-11
24426,PA,2025-01-15
24427,NY,2023-05-19
24428,NC,2024-12-10
24429,NY,2023-11-02
24430,MA,2023-06-21
24431,CA,2024-06-09
24432,MA,2023-11-24
24433,NC,2023-06-02
24434,WA,2024-12-08
24435,CA,2024-08-29
24436,IL,2025-05-02
24437,MA,2023-11-07
24438,CA,2024-08-12
24439,GA,2025-01-01
24440,MI,2024-02-13
24441,MA,2024-12-19
24442,CA,2023-07-03
24443,TX,2024-09-18
24444,WA,2026-02-21
24445,FL,2023-08-26
24446,NY,2024-02-10
24447,MI,2024-07-16
24448,CA,2024-08-04
24449,FL,2023-03-28
24450,MA,2026-01-03
24451,NJ,2025-02-28
24452,FL,2025-01-14
24453,GA,2024-01-05
24454,AZ,2025-06-18
24455,CO,2023-02-13
24456,CO,2024-04-10
24457,WA,2025-07-01
24458,PA,2024-04-17
24459,MI,2025-09-15
24460,CA,2023-06-22
24461,MI,2023-08-24
24462,GA,2025-12-05
24463,NY,2023-08-21
24464,IL,2024-02-21
24465,NC,2023-09-23
24466,AZ,2023-07-09
24467,WA,2023-12-23
24468,NC,2023-05-19
24469,VA,2024-06-30
24470,MI,2025-06-03
24471,CO,2023-03-14
24472,NJ,2023-06-12
24473,TX,2023-08-11
24474,IL,2023-07-04
24475,IL,2023-04-05
24476,NC,2024-11-14
24477,TX,2025-09-02
24478,PA,2024-10-15
24479,PA,2024-05-11
24480,MI,2023-03-02
24481,PA,2025-05-10
24482,MA,2023-03-13
24483,NJ,2024-04-26
24484,FL,2023-04-25
24485,WA,2025-06-29
24486,GA,2024-07-07
24487,IL,2024-07-01
24488,NC,2023-05-20
24489,MI,2024-02-11
24490,VA,2024-05-04
24491,FL,2025-06-15
24492,CO,2023-07-24
24493,GA,2023-10-22
24494,NC,2025-05-10
24495,WA,2024-08-04
24496,NY,2024-11-01
24497,MI,2025-06-23
24498,MI,2023-01-18
24499,IL,2025-01-05
24500,NJ,2024-09-12
24501,MI,2024-10-04
24502,PA,2024-06-25
24503,CO,2023-07-17
24504,VA,2023-04-01
24505,WA,2025-10-22
24506,CA,2025-02-26
24507,CO,2025-09-03
24508,GA,2024-08-31
24509,CA,2024-04-09
24510,CO,2025-02-15
24511,NC,2025-10-24
24512,PA,2024-07-05
24513,NY,2025-06-27
24514,FL,2023-08-29
24515,VA,2025-03-19
24516,MI,2025-06-14
24517,MI,2025-10-04
24518,NY,2025-12-20
24519,NY,2025-12-21
24520,NC,2025-02-05
24521,TX,2023-02-12
24522,AZ,2025-05-24
24523,CO,2024-02-17
24524,FL,2026-01-08
24525,MA,2024-01-18
24526,PA,2023-06-14
24527,NC,2024-12-09
24528,TX,2023-10-29
24529,NC,2025-02-12
24530,PA,2025-12-07
24531,AZ,2026-02-24
24532,MI,2024-01-03
24533,AZ,2024-10-09
24534,VA,2025-11-21
24535,NJ,2024-05-21
24536,AZ,2024-09-04
24537,TX,2023-03-18
24538,NY,2024-12-07
24539,VA,2023-03-09
24540,PA,2025-11-17
24541,IL,2025-07-24
24542,IL,2024-02-04
24543,CA,2023-02-26
24544,MA,2024-07-20
24545,PA,2026-01-11
24546,AZ,2024-09-09
24547,AZ,2023-12-08
24548,FL,2024-02-27
24549,VA,2024-03-14
24550,NJ,2024-02-18
24551,PA,2025-05-21
24552,TX,2023-05-13
24553,VA,2024-03-04
24554,VA,2024-12-04
24555,CO,2023-09-25
24556,NY,2023-04-17
24557,GA,2023-03-07
24558,VA,2025-10-03
24559,CO,2025-12-11
24560,CO,2024-12-11
24561,VA,2023-10-15
24562,TX,2023-08-20
24563,VA,2024-01-25
24564,FL,2025-11-11
24565,NY,2024-12-29
24566,NY,2024-11-17
24567,FL,2025-06-27
24568,IL,2024-06-04
24569,WA,2023-12-28
24570,MI,2023-02-28
24571,CA,2024-04-29
24572,VA,2026-01-29
24573,NC,2025-03-08
24574,CA,2023-12-06
24575,MI,2024-04-30
24576,IL,2024-11-19
24577,TX,2025-11-05
24578,TX,2023-05-01
24579,MA,2023-11-26
24580,VA,2023-03-25
24581,VA,2025-01-14
24582,CA,2024-01-21
24583,CA,2023-11-19
24584,AZ,2024-03-23
24585,VA,2025-06-22
24586,NC,2023-03-14
24587,TX,2023-09-12
24588,AZ,2025-05-09
24589,CO,2025-07-05
24590,CA,2025-10-19
24591,NC,2025-05-14
24592,VA,2025-06-18
24593,FL,2025-09-11
24594,GA,2025-04-09
24595,AZ,2024-08-30
24596,FL,2024-08-10
24597,NC,2023-01-02
24598,CO,2024-01-18
24599,MA,2024-11-20
24600,TX,2026-02-09
24601,MA,2023-07-23
24602,MI,2023-01-26
24603,MA,2023-04-18
24604,NC,2025-05-17
24605,TX,2023-10-01
24606,NY,2023-01-17
24607,MI,2023-10-25
24608,GA,2024-08-15
24609,MI,2025-05-25
24610,CA,2025-11-16
24611,AZ,2023-07-02
24612,MA,2024-11-05
24613,FL,2024-03-24
24614,NY,2024-08-10
24615,MI,2024-02-24
24616,NY,2023-08-28
24617,CO,2024-05-26
24618,MA,2025-03-14
24619,PA,2024-03-14
24620,MA,2025-02-10
24621,WA,2025-10-17
24622,AZ,2024-06-06
24623,NC,2024-07-24
24624,CO,2024-12-14
24625,AZ,2023-04-23
24626,NY,2024-02-09
24627,NY,2023-08-24
24628,WA,2025-10-26
24629,MI,2026-02-11
24630,CA,2023-12-31
24631,IL,2025-04-26
24632,FL,2025-04-29
24633,IL,2023-02-21
24634,MA,2023-10-27
24635,VA,2025-05-12
24636,TX,2025-12-21
24637,NJ,2023-03-25
24638,VA,2025-10-15
24639,CO,2025-07-12
24640,MA,2025-06-08
24641,VA,2025-07-03
24642,CA,2024-05-17
24643,IL,2024-11-24
24644,MA,2023-04-09
24645,AZ,2025-06-28
24646,NJ,2025-02-01
24647,MI,2023-11-11
24648,FL,2023-09-04
24649,AZ,2023-09-22
24650,NY,2024-02-29
24651,NC,2025-03-05
24652,GA,2025-12-17
24653,MA,2023-11-20
24654,CA,2025-03-02
24655,CO,2025-04-27
24656,MI,2023-03-03
24657,TX,2024-08-15
24658,FL,2025-08-20
24659,PA,2025-05-18
24660,WA,2024-05-29
24661,CA,2025-01-17
24662,MI,2023-02-20
24663,IL,2024-09-08
24664,NC,2023-04-09
24665,IL,2023-11-19
24666,NY,2024-08-14
24667,NJ,2024-02-08
24668,NC,2023-06-04
24669,IL,2024-06-25
24670,CO,2023-05-26
24671,IL,2025-07-14
24672,FL,2025-05-13
24673,MI,2024-12-02
24674,FL,2025-02-27
24675,GA,2023-09-14
24676,IL,2024-12-15
24677,CO,2024-03-14
24678,CO,2024-06-20
24679,MA,2023-06-24
24680,TX,2024-12-13
24681,NC,2024-05-05
24682,CA,2024-08-27
24683,WA,2024-07-15
24684,VA,2023-08-07
24685,MI,2025-10-17
24686,NC,2023-02-26
24687,NC,2025-01-12
24688,MI,2023-12-04
24689,NY,2024-12-19
24690,PA,2025-09-16
24691,NC,2025-07-12
24692,VA,2023-10-29
24693,NY,2025-10-09
24694,AZ,2023-09-04
24695,MA,2023-01-16
24696,NJ,2023-07-30
24697,VA,2025-03-27
24698,TX,2025-11-11
24699,VA,2024-09-09
24700,CO,2023-04-29
24701,GA,2024-05-20
24702,AZ,2024-03-12
24703,VA,2025-03-13
24704,CO,2026-02-02
24705,IL,2023-04-13
24706,WA,2024-12-05
24707,TX,2025-04-04
24708,TX,2025-12-06
24709,MA,2023-10-31
24710,VA,2023-06-16
24711,WA,2024-05-08
24712,PA,2023-03-28
24713,AZ,2023-04-30
24714,IL,2025-08-03
24715,AZ,2023-12-19
24716,IL,2023-12-16
24717,GA,2025-10-14
24718,CA,2025-02-08
24719,CO,2025-11-15
24720,NC,2023-11-18
24721,VA,2023-10-23
24722,VA,2023-05-11
24723,WA,2023-01-17
24724,VA,2025-02-08
24725,IL,2025-07-24
24726,IL,2025-07-10
24727,CA,2023-07-04
24728,TX,2025-12-08
24729,PA,2025-04-03
24730,IL,2023-03-17
24731,AZ,2024-06-11
24732,MI,2025-10-26
24733,AZ,2023-02-03
24734,NJ,2023-02-28
24735,NJ,2025-12-26
24736,GA,2023-09-12
24737,IL,2024-02-07
24738,MI,2023-02-01
24739,PA,2023-01-10
24740,VA,2024-12-31
24741,IL,2024-08-11
24742,CA,2024-06-15
24743,GA,2025-11-16
24744,FL,2025-06-10
24745,MI,2024-09-19
24746,NY,2025-06-29
24747,CA,2024-03-04
24748,TX,2023-10-21
24749,TX,2024-03-19
24750,WA,2023-10-15
24751,CA,2023-11-02
24752,MA,2025-12-30
24753,VA,2023-06-12
24754,CA,2024-08-10
24755,FL,2026-02-04
24756,IL,2024-09-22
24757,MI,2025-03-09
24758,CA,2024-08-31
24759,MA,2024-11-23
24760,NC,2025-10-21
24761,MI,2024-04-20
24762,MA,2025-08-21
24763,TX,2023-03-06
24764,FL,2025-06-29
24765,IL,2024-09-06
24766,AZ,2024-02-26
24767,NJ,2025-10-01
24768,MA,2025-10-12
24769,AZ,2023-01-07
24770,VA,2025-08-30
24771,FL,2025-10-16
24772,NC,2023-04-14
24773,NJ,2024-04-08
24774,GA,2025-04-27
24775,GA,2023-12-17
24776,GA,2024-01-01
24777,PA,2023-07-01
24778,NC,2023-08-31
24779,IL,2023-08-08
24780,NY,2024-03-04
24781,NY,2025-03-18
24782,NJ,2023-02-04
24783,FL,2024-11-05
24784,GA,2025-05-11
24785,TX,2024-02-12
24786,IL,2023-01-04
24787,NY,2023-12-27
24788,MI,2025-09-16
24789,CA,2024-08-12
24790,PA,2025-11-25
24791,WA,2023-12-01
24792,CO,2023-10-12
24793,NC,2025-11-25
24794,NC,2024-01-30
24795,NY,2024-07-20
24796,NC,2025-12-08
24797,GA,2024-04-07
24798,PA,2023-12-21
24799,CO,2023-12-09
24800,TX,2023-02-24
24801,CA,2025-04-21
24802,FL,2023-09-17
24803,CO,2025-05-26
24804,TX,2025-07-09
24805,NC,2025-09-24
24806,PA,2025-07-03
24807,NY,2026-01-16
24808,MA,2025-06-22
24809,FL,2023-09-27
24810,IL,2025-08-23
24811,WA,2026-02-23
24812,NY,2025-04-18
24813,NC,2023-07-04
24814,NY,2023-12-31
24815,AZ,2024-12-20
24816,GA,2025-10-28
24817,NJ,2024-10-15
24818,NC,2025-06-20
24819,NY,2026-03-01
24820,CO,2025-10-14
24821,CO,2023-11-19
24822,CA,2025-06-24
24823,CA,2023-04-12
24824,VA,2025-03-05
24825,FL,2023-03-16
24826,NY,2026-01-28
24827,PA,2025-01-13
24828,MI,2023-08-24
24829,CA,2025-06-06
24830,GA,2024-12-27
24831,VA,2025-03-21
24832,TX,2023-11-25
24833,AZ,2025-04-15
24834,AZ,2024-01-05
24835,AZ,2023-09-16
24836,CA,2023-08-16
24837,NY,2024-01-12
24838,CO,2023-05-25
24839,WA,2023-03-21
24840,NJ,2025-11-28
24841,MA,2024-12-06
24842,IL,2024-12-09
24843,VA,2023-04-07
24844,CA,2023-09-03
24845,IL,2023-11-29
24846,NJ,2025-02-03
24847,MA,2023-10-05
24848,FL,2025-10-28
24849,CO,2023-09-09
24850,CO,2025-06-14
24851,MA,2023-01-18
24852,NJ,2024-01-25
24853,MI,2025-10-24
24854,NY,2025-01-18
24855,IL,2023-01-12
24856,IL,2025-02-08
24857,PA,2023-09-16
24858,MI,2024-03-04
24859,PA,2024-08-19
24860,MA,2023-10-22
24861,IL,2026-02-09
24862,NY,2023-07-25
24863,CO,2023-08-10
24864,MI,2025-11-02
24865,FL,2023-02-09
24866,GA,2024-05-19
24867,CO,2024-08-23
24868,AZ,2024-09-04
24869,TX,2024-06-05
24870,TX,2026-02-18
24871,CO,2023-11-01
24872,NY,2024-08-18
24873,GA,2023-07-21
24874,FL,2024-07-15
24875,MI,2024-02-16
24876,IL,2023-08-08
24877,TX,2023-11-20
24878,TX,2024-09-02
24879,TX,2023-12-06
24880,NJ,2023-05-14
24881,VA,2025-04-07
24882,NC,2025-04-28
24883,PA,2023-05-27
24884,AZ,2026-02-10
24885,AZ,2024-03-08
24886,AZ,2024-01-22
24887,PA,2025-11-23
24888,NY,2023-03-03
24889,CO,2024-03-19
24890,GA,2023-07-15
24891,MI,2023-03-28
24892,CO,2025-06-09
24893,MI,2026-02-24
24894,NC,2025-07-13
24895,TX,2023-06-21
24896,MA,2024-02-03
24897,NJ,2025-03-23
24898,NC,2023-11-27
24899,NY,2023-09-09
24900,FL,2025-10-29
24901,PA,2025-02-01
24902,VA,2023-02-04
24903,AZ,2025-02-16
24904,VA,2025-07-22
24905,IL,2024-10-30
24906,NJ,2024-12-10
24907,WA,2024-12-30
24908,VA,2024-09-19
24909,GA,2023-03-18
24910,NC,2024-01-09
24911,FL,2023-02-22
24912,WA,2023-09-15
24913,FL,2023-05-12
24914,AZ,2024-08-17
24915,VA,2025-07-16
24916,AZ,2023-09-06
24917,CO,2024-02-02
24918,VA,2023-03-10
24919,CO,2025-07-09
24920,MI,2024-10-15
24921,TX,2024-10-13
24922,CA,2025-08-02
24923,IL,2023-12-06
24924,NY,2024-01-09
24925,NY,2025-06-03
24926,TX,2023-09-14
24927,CO,2024-05-30
24928,TX,2025-04-26
24929,MA,2023-11-04
24930,NC,2024-08-24
24931,AZ,2025-01-01
24932,NC,2024-05-05
24933,GA,2024-09-30
24934,VA,2024-09-29
24935,CO,2024-12-07
24936,CA,2023-07-17
24937,MA,2025-10-28
24938,MA,2026-01-21
24939,CO,2024-10-18
24940,NC,2023-01-16
24941,WA,2025-06-24
24942,NC,2024-04-08
24943,GA,2025-07-03
24944,GA,2025-03-28
24945,CO,2025-04-07
24946,IL,2024-08-02
24947,IL,2026-02-24
24948,CA,2023-06-09
24949,VA,2025-04-27
24950,MI,2024-05-12
24951,IL,2024-04-08
24952,AZ,2023-12-08
24953,FL,2024-05-22
24954,FL,2023-05-31
24955,AZ,2025-10-18
24956,NY,2024-07-28
24957,VA,2025-06-04
24958,NJ,2025-06-13
24959,AZ,2024-11-26
24960,FL,2023-08-01
24961,WA,2024-08-07
24962,VA,2025-03-06
24963,PA,2024-10-27
24964,WA,2023-07-07
24965,WA,2025-02-06
24966,FL,2025-09-13
24967,CA,2023-07-02
24968,AZ,2024-01-19
24969,NC,2023-01-25
24970,CO,2025-07-05
24971,TX,2023-02-07
24972,NY,2023-10-29
24973,GA,2023-04-10
24974,MA,2024-10-20
24975,GA,2024-03-21
24976,VA,2024-04-14
24977,NY,2023-02-24
24978,GA,2024-08-06
24979,NC,2025-01-24
24980,GA,2023-05-07
24981,NJ,2025-12-27
24982,GA,2023-06-02
24983,NC,2023-08-14
24984,VA,2025-04-17
24985,NC,2024-11-22
24986,FL,2024-02-23
24987,NC,2024-05-29
24988,TX,2023-10-16
24989,IL,2023-07-20
24990,TX,2025-05-22
24991,NJ,2024-10-28
24992,GA,2025-02-07
24993,TX,2023-06-17
24994,NY,2025-07-02
24995,CO,2024-01-15
24996,IL,2025-10-31
24997,CO,2023-12-23
24998,MI,2025-03-23
24999,VA,2023-05-11
25000,MA,2023-07-24
25001,TX,2023-11-12
25002,CO,2024-08-26
25003,NC,2024-04-30
25004,CA,2023-04-21
25005,CA,2023-09-04
25006,VA,2024-02-16
25007,VA,2024-07-26
25008,NC,2024-03-25
25009,VA,2025-06-07
25010,CO,2025-01-13
25011,VA,2023-05-05
25012,GA,2025-07-29
25013,NC,2023-09-17
25014,IL,2024-06-18
25015,WA,2023-03-21
25016,NY,2023-09-29
25017,NJ,2024-02-06
25018,GA,2025-12-12
25019,IL,2023-09-29
25020,CO,2025-06-14
25021,GA,2023-08-16
25022,GA,2024-01-06
25023,CO,2024-12-12
25024,PA,2023-07-11
25025,NC,2025-09-06
25026,CO,2025-11-12
25027,TX,2024-05-02
25028,VA,2025-01-03
25029,TX,2025-04-28
25030,NY,2023-12-14
25031,CA,2025-02-04
25032,FL,2024-11-12
25033,NY,2024-07-30
25034,AZ,2024-06-13
25035,AZ,2026-01-18
25036,NY,2025-11-03
25037,VA,2023-01-19
25038,NJ,2026-01-10
25039,NJ,2024-09-12
25040,WA,2023-01-02
25041,FL,2023-12-03
25042,CA,2023-10-13
25043,MI,2023-09-11
25044,MI,2024-08-19
25045,GA,2024-09-29
25046,AZ,2025-10-30
25047,FL,2025-07-07
25048,WA,2025-03-30
25049,MA,2024-11-11
25050,NY,2025-03-26
25051,CO,2025-04-16
25052,NJ,2025-08-04
25053,NY,2024-04-17
25054,NJ,2024-04-16
25055,NC,2024-11-26
25056,WA,2023-08-17
25057,VA,2023-02-18
25058,PA,2024-12-27
25059,NY,2025-08-21
25060,NY,2026-01-23
25061,FL,2023-04-28
25062,FL,2024-09-01
25063,VA,2026-01-02
25064,CO,2023-02-06
25065,VA,2023-07-06
25066,IL,2024-04-03
25067,NC,2025-09-17
25068,CO,2025-02-16
25069,VA,2025-05-19
25070,MA,2025-05-01
25071,VA,2024-02-12
25072,NC,2025-10-15
25073,FL,2023-03-12
25074,NY,2023-05-29
25075,MI,2025-06-27
25076,GA,2025-02-15
25077,NY,2023-06-04
25078,CA,2026-02-13
25079,CO,2025-08-06
25080,NC,2024-12-21
25081,MI,2025-12-10
25082,GA,2025-12-31
25083,CA,2025-07-24
25084,MA,2025-01-30
25085,NY,2025-04-05
25086,IL,2023-05-23
25087,VA,2025-12-29
25088,NJ,2025-09-18
25089,WA,2025-10-18
25090,CA,2024-12-06
25091,NY,2023-09-14
25092,NY,2025-04-21
25093,NC,2024-09-11
25094,NC,2024-07-02
25095,IL,2026-01-12
25096,NJ,2024-07-12
25097,PA,2023-12-11
25098,CA,2024-01-14
25099,NJ,2023-05-12
25100,VA,2024-12-17
25101,FL,2023-03-18
25102,PA,2026-02-25
25103,NC,2025-12-25
25104,NJ,2025-07-21
25105,WA,2025-01-23
25106,NY,2023-05-27
25107,NY,2023-03-08
25108,MI,2024-04-16
25109,MA,2023-05-31
25110,MA,2023-01-04
25111,IL,2025-11-07
25112,CA,2024-06-07
25113,PA,2023-09-13
25114,VA,2025-11-24
25115,PA,2025-07-11
25116,TX,2024-07-08
25117,GA,2024-08-12
25118,NC,2023-11-19
25119,CA,2024-03-28
25120,NY,2025-05-10
25121,CO,2023-12-25
25122,MA,2023-02-21
25123,GA,2024-06-12
25124,NC,2024-12-23
25125,PA,2023-02-02
25126,MI,2024-03-11
25127,MI,2025-09-23
25128,MI,2025-04-28
25129,PA,2025-03-23
25130,FL,2023-03-18
25131,FL,2024-08-02
25132,MA,2025-12-09
25133,CA,2024-03-17
25134,NC,2024-10-31
25135,PA,2024-04-07
25136,GA,2024-01-12
25137,NY,2024-06-29
25138,MI,2024-03-11
25139,CA,2025-10-17
25140,MA,2024-12-24
25141,IL,2025-06-10
25142,PA,2025-07-27
25143,TX,2023-06-04
25144,CA,2023-09-26
25145,PA,2023-06-09
25146,WA,2023-11-19
25147,NC,2025-11-03
25148,AZ,2023-04-30
25149,FL,2023-12-14
25150,WA,2023-02-15
25151,CA,2024-04-13
25152,CA,2024-09-13
25153,WA,2023-08-07
25154,IL,2025-09-30
25155,WA,2026-02-18
25156,NY,2025-08-18
25157,GA,2024-05-26
25158,WA,2024-01-16
25159,NJ,2024-07-19
25160,NJ,2024-07-19
25161,WA,2025-10-24
25162,NC,2025-01-21
25163,GA,2023-07-20
25164,TX,2023-09-13
25165,WA,2023-07-18
25166,MI,2023-03-14
25167,VA,2025-08-08
25168,PA,2024-11-18
25169,WA,2023-08-07
25170,NY,2024-02-11
25171,NJ,2025-03-05
25172,FL,2025-03-03
25173,NJ,2026-01-21
25174,NJ,2026-01-08
25175,NY,2023-07-27
25176,WA,2023-04-02
25177,NC,2024-06-15
25178,VA,2025-12-12
25179,PA,2023-03-24
25180,NY,2026-01-02
25181,NC,2024-02-14
25182,MI,2024-03-19
25183,AZ,2023-05-10
25184,GA,2025-02-09
25185,NC,2023-07-03
25186,IL,2024-07-31
25187,CO,2024-10-26
25188,GA,2023-12-31
25189,MI,2023-07-15
25190,VA,2025-11-04
25191,CO,2023-07-29
25192,WA,2023-05-15
25193,WA,2024-08-16
25194,IL,2024-05-18
25195,AZ,2024-04-21
25196,CA,2024-03-19
25197,VA,2024-11-14
25198,NJ,2023-05-03
25199,CO,2024-05-08
25200,NY,2024-01-25
25201,IL,2023-03-04
25202,AZ,2024-06-03
25203,AZ,2023-09-02
25204,GA,2023-06-14
25205,VA,2026-01-21
25206,TX,2025-08-12
25207,NY,2023-10-11
25208,NC,2024-12-11
25209,WA,2026-02-21
25210,NJ,2025-07-20
25211,GA,2024-10-16
25212,IL,2025-04-01
25213,AZ,2023-07-16
25214,CO,2023-10-12
25215,CO,2026-02-06
25216,MA,2023-04-25
25217,WA,2025-08-21
25218,NY,2025-01-22
25219,AZ,2025-06-12
25220,MI,2024-05-20
25221,NC,2025-03-01
25222,NC,2023-11-27
25223,WA,2025-09-22
25224,PA,2024-10-28
25225,MA,2023-09-22
25226,PA,2024-08-04
25227,PA,2024-11-21
25228,MA,2024-04-25
25229,NJ,2025-10-26
25230,VA,2024-10-05
25231,MI,2025-02-09
25232,NY,2023-10-09
25233,MA,2023-10-17
25234,IL,2023-07-24
25235,MA,2025-06-22
25236,NJ,2023-11-28
25237,CO,2024-02-07
25238,FL,2023-02-01
25239,CA,2023-07-11
25240,CO,2024-02-11
25241,CO,2024-08-25
25242,TX,2023-02-04
25243,TX,2023-11-28
25244,WA,2025-10-16
25245,AZ,2025-12-11
25246,TX,2023-01-17
25247,MI,2025-05-03
25248,AZ,2023-01-09
25249,WA,2023-06-29
25250,MI,2023-01-03
25251,CO,2024-11-24
25252,CA,2023-06-16
25253,NY,2023-01-27
25254,NY,2023-04-28
25255,PA,2025-01-08
25256,FL,2023-12-18
25257,GA,2023-07-14
25258,NY,2024-10-14
25259,PA,2023-11-13
25260,AZ,2025-01-24
25261,NJ,2025-12-07
25262,VA,2025-11-05
25263,MI,2023-01-14
25264,PA,2024-01-02
25265,GA,2023-08-16
25266,MA,2025-09-29
25267,NC,2025-01-05
25268,CO,2024-07-11
25269,CA,2025-12-19
25270,VA,2025-05-16
25271,WA,2024-10-21
25272,GA,2025-12-11
25273,PA,2024-10-17
25274,FL,2023-06-21
25275,NY,2023-11-14
25276,IL,2024-09-07
25277,NY,2024-05-03
25278,TX,2024-10-12
25279,AZ,2024-11-14
25280,CO,2023-05-04
25281,MI,2024-12-06
25282,TX,2024-04-03
25283,NY,2024-11-07
25284,IL,2024-10-07
25285,AZ,2023-06-27
25286,TX,2026-01-13
25287,CA,2024-06-19
25288,PA,2025-05-07
25289,AZ,2023-11-24
25290,MI,2024-08-23
25291,MI,2024-10-31
25292,AZ,2025-02-10
25293,TX,2025-04-02
25294,IL,2023-10-16
25295,TX,2026-01-11
25296,GA,2023-08-25
25297,MA,2024-03-13
25298,AZ,2024-03-20
25299,WA,2025-12-25
25300,NY,2024-12-16
25301,MI,2023-04-24
25302,GA,2023-07-08
25303,WA,2025-05-25
25304,MA,2023-10-03
25305,GA,2025-07-29
25306,FL,2025-06-03
25307,GA,2025-02-24
25308,CA,2024-12-10
25309,PA,2025-07-02
25310,IL,2025-10-07
25311,NY,2025-08-17
25312,CO,2024-08-06
25313,WA,2025-01-24
25314,MI,2024-04-24
25315,TX,2023-01-17
25316,NY,2023-02-16
25317,CO,2023-01-30
25318,MA,2024-01-27
25319,GA,2025-11-29
25320,CO,2025-07-04
25321,NJ,2023-10-11
25322,FL,2023-02-28
25323,NY,2025-08-15
25324,AZ,2025-10-04
25325,VA,2025-11-13
25326,NY,2025-01-20
25327,NY,2025-12-13
25328,AZ,2023-11-15
25329,NJ,2024-12-21
25330,PA,2025-12-04
25331,IL,2023-12-28
25332,MA,2025-01-31
25333,PA,2023-01-07
25334,IL,2023-03-29
25335,NY,2025-07-31
25336,FL,2024-03-30
25337,TX,2024-06-25
25338,NJ,2025-09-07
25339,VA,2024-01-04
25340,FL,2025-10-27
25341,WA,2024-11-09
25342,MA,2024-01-21
25343,AZ,2024-11-13
25344,GA,2024-01-31
25345,MI,2024-06-23
25346,NJ,2024-09-11
25347,NY,2026-01-27
25348,CO,2024-08-10
25349,TX,2024-12-10
25350,GA,2024-07-29
25351,NC,2025-05-08
25352,PA,2025-06-03
25353,FL,2025-06-23
25354,MI,2024-05-17
25355,TX,2025-07-25
25356,NC,2023-02-19
25357,IL,2023-08-13
25358,NC,2023-03-23
25359,VA,2023-07-01
25360,GA,2024-06-05
25361,MA,2025-06-21
25362,FL,2025-07-16
25363,TX,2023-08-23
25364,NC,2025-04-01
25365,FL,2025-01-16
25366,TX,2024-06-29
25367,PA,2023-02-12
25368,TX,2024-01-17
25369,PA,2024-02-07
25370,AZ,2023-02-23
25371,VA,2024-10-15
25372,GA,2024-07-14
25373,FL,2025-02-17
25374,GA,2023-06-08
25375,PA,2025-08-19
25376,MI,2023-05-18
25377,NC,2024-06-16
25378,WA,2025-06-15
25379,MA,2023-09-11
25380,AZ,2025-01-04
25381,WA,2024-12-15
25382,CA,2026-01-02
25383,NY,2024-06-15
25384,NJ,2023-10-04
25385,MI,2024-02-25
25386,WA,2025-09-23
25387,IL,2023-02-26
25388,MA,2024-07-22
25389,NY,2023-03-10
25390,NC,2024-12-20
25391,GA,2023-07-07
25392,IL,2025-12-06
25393,NY,2025-07-22
25394,NY,2023-08-31
25395,TX,2023-06-29
25396,CA,2023-01-08
25397,GA,2023-04-12
25398,AZ,2023-06-09
25399,NC,2024-04-14
25400,NJ,2023-01-05
25401,FL,2025-04-19
25402,WA,2024-01-16
25403,MA,2025-08-03
25404,CA,2024-08-28
25405,TX,2025-06-26
25406,AZ,2025-08-30
25407,TX,2025-08-12
25408,NY,2024-10-11
25409,CO,2023-10-31
25410,WA,2025-02-11
25411,CA,2025-09-14
25412,PA,2023-09-29
25413,NY,2023-05-03
25414,CA,2024-05-25
25415,MI,2023-10-06
25416,IL,2025-05-10
25417,GA,2025-06-16
25418,NJ,2025-03-01
25419,MA,2024-12-20
25420,WA,2025-06-25
25421,PA,2023-05-03
25422,VA,2024-02-01
25423,TX,2023-10-28
25424,PA,2024-08-25
25425,PA,2024-08-15
25426,CO,2023-08-04
25427,NC,2023-01-01
25428,FL,2025-09-19
25429,GA,2023-05-14
25430,WA,2026-01-04
25431,AZ,2024-09-15
25432,IL,2025-01-31
25433,WA,2023-09-24
25434,NC,2024-04-10
25435,PA,2023-04-06
25436,NJ,2025-01-22
25437,MA,2023-10-03
25438,MA,2025-02-27
25439,CA,2025-03-14
25440,NY,2023-11-08
25441,MA,2023-09-24
25442,CO,2023-10-01
25443,FL,2026-01-26
25444,IL,2024-07-10
25445,NJ,2024-10-27
25446,PA,2025-06-12
25447,NC,2024-07-08
25448,TX,2026-01-22
25449,MA,2023-09-13
25450,NJ,2025-08-15
25451,TX,2025-01-23
25452,NJ,2025-11-06
25453,MA,2024-07-11
25454,PA,2024-11-11
25455,NJ,2024-01-25
25456,PA,2024-12-26
25457,NJ,2025-01-06
25458,CO,2025-06-18
25459,TX,2023-02-17
25460,NY,2024-09-02
25461,PA,2025-03-05
25462,IL,2024-07-23
25463,FL,2023-09-10
25464,CO,2024-05-27
25465,VA,2025-01-16
25466,MI,2025-03-06
25467,AZ,2025-03-07
25468,NY,2025-05-13
25469,FL,2023-06-05
25470,NY,2023-11-20
25471,AZ,2025-11-30
25472,NY,2023-12-28
25473,NY,2024-01-07
25474,CA,2025-08-08
25475,FL,2024-09-26
25476,NY,2024-12-09
25477,GA,2025-01-21
25478,GA,2023-11-18
25479,NJ,2024-07-08
25480,NJ,2025-11-23
25481,MA,2023-04-24
25482,IL,2023-01-02
25483,PA,2025-01-19
25484,TX,2025-01-28
25485,AZ,2025-11-25
25486,PA,2025-10-28
25487,AZ,2025-03-11
25488,MI,2024-07-26
25489,MA,2023-03-24
25490,CA,2025-10-30
25491,GA,2024-03-09
25492,FL,2024-09-09
25493,IL,2025-02-28
25494,IL,2025-05-19
25495,NJ,2023-11-17
25496,TX,2025-03-08
25497,FL,2025-05-28
25498,VA,2026-02-17
25499,NJ,2023-03-04
25500,NC,2024-10-13
25501,TX,2024-10-19
25502,VA,2024-12-06
25503,IL,2024-01-04
25504,CA,2024-04-16
25505,CO,2025-01-25
25506,CO,2026-01-02
25507,GA,2025-05-28
25508,IL,2025-07-17
25509,CA,2025-09-10
25510,TX,2024-10-09
25511,MI,2024-08-25
25512,CA,2024-06-30
25513,MI,2023-07-26
25514,VA,2025-02-27
25515,MI,2023-05-04
25516,WA,2023-09-30
25517,TX,2024-04-18
25518,AZ,2023-12-20
25519,NY,2023-04-07
25520,TX,2023-03-23
25521,GA,2024-06-20
25522,NJ,2025-12-20
25523,CO,2026-01-22
25524,VA,2025-09-06
25525,TX,2023-12-31
25526,NJ,2025-08-19
25527,NY,2025-01-27
25528,WA,2025-06-07
25529,PA,2024-11-12
25530,PA,2025-05-01
25531,VA,2025-01-19
25532,PA,2023-06-19
25533,CA,2025-06-24
25534,FL,2025-05-12
25535,CO,2023-10-26
25536,CA,2024-12-08
25537,WA,2025-05-06
25538,PA,2024-10-29
25539,FL,2025-07-08
25540,IL,2025-03-19
25541,MA,2025-06-10
25542,GA,2023-09-21
25543,CA,2024-04-24
25544,NJ,2025-08-17
25545,NC,2024-06-04
25546,FL,2025-03-16
25547,IL,2025-12-02
25548,NC,2026-01-24
25549,MA,2024-06-07
25550,MA,2025-09-25
25551,CO,2024-02-06
25552,AZ,2024-10-13
25553,NC,2023-10-10
25554,CO,2024-06-16
25555,CO,2025-06-14
25556,CO,2023-09-26
25557,PA,2025-01-31
25558,MI,2026-01-05
25559,CO,2024-12-10
25560,IL,2025-09-06
25561,GA,2024-02-29
25562,TX,2025-10-24
25563,IL,2023-03-25
25564,WA,2023-08-02
25565,MI,2025-03-02
25566,MI,2024-10-18
25567,CO,2025-06-19
25568,FL,2023-02-26
25569,FL,2025-08-26
25570,VA,2024-02-05
25571,MI,2025-08-09
25572,NC,2025-08-22
25573,NJ,2024-06-05
25574,NC,2023-09-27
25575,VA,2024-05-31
25576,WA,2025-04-26
25577,NJ,2024-02-16
25578,VA,2023-05-20
25579,VA,2025-09-28
25580,MI,2023-09-21
25581,IL,2024-03-24
25582,MI,2025-12-19
25583,NJ,2026-01-08
25584,FL,2025-12-14
25585,NY,2024-08-28
25586,PA,2024-03-02
25587,PA,2024-06-05
25588,AZ,2023-08-14
25589,NY,2023-04-26
25590,PA,2025-08-28
25591,TX,2026-02-04
25592,NY,2024-06-16
25593,CA,2023-11-27
25594,AZ,2023-04-11
25595,CO,2024-07-09
25596,PA,2023-08-11
25597,WA,2025-01-20
25598,NC,2024-03-03
25599,CA,2025-12-24
25600,VA,2025-05-31
25601,GA,2024-06-01
25602,CO,2023-10-21
25603,FL,2023-08-09
25604,CO,2024-03-02
25605,VA,2023-11-09
25606,PA,2024-08-04
25607,VA,2023-09-09
25608,NC,2024-11-25
25609,MA,2026-02-09
25610,NJ,2023-10-07
25611,MI,2023-10-21
25612,NJ,2023-06-28
25613,MA,2023-07-08
25614,CA,2023-06-17
25615,IL,2023-02-23
25616,VA,2023-11-12
25617,FL,2023-09-28
25618,AZ,2024-12-26
25619,NC,2023-07-02
25620,NC,2023-01-24
25621,NC,2025-04-30
25622,NJ,2026-01-22
25623,PA,2023-09-13
25624,NY,2025-11-29
25625,NC,2025-03-05
25626,MA,2024-03-11
25627,GA,2025-10-10
25628,VA,2025-06-23
25629,WA,2023-05-03
25630,CO,2025-03-17
25631,WA,2023-10-13
25632,AZ,2023-09-01
25633,MA,2025-01-31
25634,MA,2023-05-23
25635,GA,2023-11-16
25636,TX,2024-03-08
25637,AZ,2023-05-02
25638,CA,2025-03-04
25639,NY,2024-03-04
25640,PA,2025-01-01
25641,IL,2026-02-23
25642,AZ,2025-02-12
25643,NC,2025-01-19
25644,NC,2023-07-22
25645,PA,2025-03-31
25646,VA,2023-08-26
25647,AZ,2024-04-06
25648,GA,2023-04-20
25649,TX,2024-02-16
25650,NC,2023-03-12
25651,NY,2024-12-18
25652,NJ,2024-02-27
25653,CA,2023-08-29
25654,NY,2024-10-31
25655,TX,2024-12-19
25656,MA,2024-11-09
25657,NY,2023-05-07
25658,VA,2024-03-01
25659,WA,2026-01-03
25660,NY,2023-10-05
25661,MA,2024-05-08
25662,NC,2024-01-23
25663,CO,2025-02-09
25664,CO,2024-06-19
25665,VA,2023-11-04
25666,MI,2026-02-20
25667,CO,2023-10-14
25668,NC,2025-12-12
25669,MI,2024-03-20
25670,GA,2026-02-18
25671,CA,2026-01-04
25672,PA,2025-06-24
25673,CA,2023-03-25
25674,AZ,2025-07-02
25675,MI,2025-05-25
25676,AZ,2025-03-14
25677,AZ,2023-11-03
25678,NC,2023-12-03
25679,NY,2024-05-31
25680,NJ,2023-04-11
25681,MI,2023-04-10
25682,IL,2023-06-22
25683,AZ,2026-02-05
25684,CA,2025-02-20
25685,WA,2023-01-28
25686,MI,2025-01-26
25687,WA,2023-11-11
25688,MI,2023-02-07
25689,MI,2023-11-24
25690,FL,2023-02-17
25691,NJ,2025-07-03
25692,WA,2023-01-06
25693,PA,2025-12-20
25694,CA,2025-02-08
25695,NJ,2025-03-27
25696,NJ,2023-01-08
25697,IL,2025-02-15
25698,MA,2024-10-24
25699,CO,2024-04-29
25700,MI,2024-12-12
25701,NY,2023-11-25
25702,MI,2024-02-04
25703,MI,2025-02-18
25704,MA,2023-12-04
25705,IL,2024-02-23
25706,GA,2025-09-16
25707,MI,2023-04-11
25708,CO,2024-02-18
25709,AZ,2024-07-25
25710,NJ,2023-11-19
25711,AZ,2023-01-29
25712,MI,2025-01-20
25713,FL,2025-10-25
25714,AZ,2024-08-29
25715,VA,2024-05-31
25716,GA,2026-01-13
25717,CA,2023-08-28
25718,NJ,2025-12-08
25719,IL,2023-01-26
25720,CO,2025-04-18
25721,NJ,2024-02-18
25722,NJ,2026-01-26
25723,FL,2023-10-01
25724,NY,2025-11-14
25725,NJ,2024-10-06
25726,NY,2023-06-30
25727,NC,2024-08-19
25728,CA,2023-09-03
25729,WA,2025-02-01
25730,VA,2024-03-16
25731,IL,2024-09-17
25732,FL,2024-04-12
25733,FL,2025-08-22
25734,WA,2025-09-25
25735,AZ,2025-01-08
25736,MI,2025-02-04
25737,WA,2023-08-15
25738,AZ,2025-01-30
25739,AZ,2024-05-28
25740,AZ,2023-07-31
25741,AZ,2025-11-25
25742,GA,2024-07-02
25743,CO,2025-02-08
25744,GA,2024-03-06
25745,VA,2026-01-19
25746,AZ,2023-09-17
25747,TX,2023-12-16
25748,AZ,2024-12-07
25749,TX,2023-02-15
25750,CA,2025-05-26
25751,AZ,2025-05-19
25752,NC,2023-08-15
25753,VA,2026-02-16
25754,IL,2025-09-04
25755,FL,2026-01-29
25756,NJ,2025-03-01
25757,MI,2023-11-30
25758,MI,2024-07-09
25759,AZ,2023-01-01
25760,CO,2024-12-31
25761,NY,2024-12-28
25762,NJ,2025-07-11
25763,NY,2024-01-02
25764,MA,2024-09-15
25765,VA,2023-10-28
25766,MI,2025-10-20
25767,WA,2025-12-29
25768,VA,2025-05-22
25769,CA,2023-06-07
25770,MA,2024-04-08
25771,MA,2023-03-24
25772,NC,2025-05-28
25773,IL,2023-01-14
25774,FL,2026-02-28
25775,PA,2024-11-10
25776,VA,2025-07-17
25777,CO,2023-07-26
25778,PA,2023-04-18
25779,NJ,2024-09-22
25780,NY,2024-12-31
25781,NY,2023-06-14
25782,NY,2025-05-10
25783,TX,2023-06-03
25784,IL,2023-12-13
25785,CA,2025-11-14
25786,NJ,2023-12-16
25787,NY,2025-01-19
25788,NC,2025-01-07
25789,MI,2023-11-09
25790,NY,2025-05-25
25791,AZ,2024-04-04
25792,PA,2023-09-13
25793,CA,2025-03-30
25794,TX,2023-07-28
25795,NC,2024-02-11
25796,MA,2023-03-22
25797,MI,2023-04-17
25798,VA,2024-10-09
25799,CA,2024-03-13
25800,MA,2025-11-03
25801,WA,2024-11-21
25802,GA,2024-05-24
25803,NY,2026-01-22
25804,CA,2023-03-23
25805,GA,2024-11-22
25806,CO,2023-09-06
25807,NC,2023-08-29
25808,IL,2023-06-14
25809,MI,2025-11-19
25810,WA,2025-05-17
25811,CO,2024-04-03
25812,CO,2023-10-31
25813,AZ,2024-11-09
25814,WA,2025-03-05
25815,PA,2025-06-30
25816,MA,2025-09-24
25817,VA,2025-07-13
25818,VA,2024-12-14
25819,CA,2024-08-28
25820,FL,2024-04-03
25821,NY,2025-11-04
25822,NC,2023-10-27
25823,TX,2024-02-11
25824,PA,2025-12-07
25825,CA,2023-04-24
25826,NJ,2024-03-30
25827,NJ,2024-06-09
25828,NY,2025-04-01
25829,VA,2023-12-14
25830,CA,2025-08-23
25831,CO,2023-06-20
25832,FL,2024-02-10
25833,TX,2025-12-20
25834,CA,2024-06-13
25835,NY,2025-07-28
25836,TX,2025-01-11
25837,TX,2023-07-20
25838,IL,2023-02-26
25839,NC,2023-03-26
25840,CO,2025-02-21
25841,IL,2024-12-13
25842,NY,2026-02-03
25843,NY,2025-04-05
25844,AZ,2025-11-03
25845,MA,2025-07-27
25846,CA,2025-12-04
25847,CA,2024-01-08
25848,MA,2025-12-30
25849,GA,2025-02-02
25850,WA,2025-04-26
25851,NJ,2024-06-07
25852,CA,2026-02-20
25853,WA,2025-12-28
25854,NJ,2026-02-08
25855,CA,2025-05-20
25856,NC,2023-04-08
25857,MI,2025-03-03
25858,PA,2025-03-29
25859,GA,2024-12-13
25860,FL,2024-11-04
25861,GA,2024-05-23
25862,NY,2025-07-30
25863,MA,2025-07-31
25864,MI,2024-01-11
25865,PA,2023-05-20
25866,VA,2024-01-16
25867,NY,2024-02-07
25868,PA,2025-01-30
25869,FL,2025-06-24
25870,IL,2023-09-23
25871,AZ,2025-12-14
25872,NY,2023-07-18
25873,NY,2024-09-18
25874,NY,2024-07-08
25875,TX,2023-06-04
25876,WA,2025-03-10
25877,GA,2024-09-18
25878,IL,2023-11-28
25879,MI,2024-02-12
25880,MI,2024-09-17
25881,PA,2024-11-16
25882,AZ,2024-02-20
25883,GA,2026-01-18
25884,NC,2025-08-18
25885,MI,2023-05-21
25886,AZ,2025-05-19
25887,VA,2025-10-26
25888,WA,2025-06-23
25889,NJ,2024-08-01
25890,IL,2024-10-25
25891,NC,2025-01-07
25892,PA,2023-03-04
25893,CO,2025-05-13
25894,TX,2024-05-27
25895,NY,2023-09-12
25896,TX,2025-01-06
25897,AZ,2023-05-06
25898,GA,2025-02-17
25899,MI,2024-09-11
25900,IL,2023-03-29
25901,NC,2024-11-19
25902,PA,2024-10-02
25903,FL,2024-03-22
25904,NC,2023-11-16
25905,TX,2025-07-10
25906,VA,2023-09-30
25907,NY,2024-10-12
25908,MI,2025-08-20
25909,AZ,2024-09-28
25910,FL,2024-06-05
25911,GA,2025-03-10
25912,FL,2023-01-16
25913,VA,2024-01-03
25914,PA,2023-09-08
25915,WA,2025-03-04
25916,MI,2023-12-26
25917,CO,2023-08-19
25918,NY,2024-09-03
25919,PA,2024-08-28
25920,NJ,2024-05-31
25921,AZ,2024-06-02
25922,TX,2024-04-28
25923,IL,2023-03-06
25924,PA,2023-08-07
25925,MA,2023-06-25
25926,FL,2024-12-12
25927,AZ,2025-06-27
25928,MI,2025-10-30
25929,CA,2025-02-04
25930,MA,2025-07-19
25931,PA,2024-09-06
25932,GA,2025-09-14
25933,CA,2023-01-16
25934,AZ,2024-06-28
25935,CA,2025-08-06
25936,CA,2023-07-02
25937,NC,2026-01-30
25938,MA,2023-11-28
25939,NJ,2023-03-20
25940,GA,2025-11-06
25941,TX,2025-11-10
25942,CO,2024-02-09
25943,GA,2025-11-06
25944,TX,2025-07-11
25945,PA,2024-03-07
25946,PA,2024-07-09
25947,TX,2023-01-28
25948,MI,2025-11-14
25949,CA,2023-10-30
25950,NY,2024-09-04
25951,MA,2026-01-03
25952,TX,2025-12-24
25953,MA,2023-09-12
25954,WA,2023-09-29
25955,NC,2024-07-15
25956,CO,2025-09-06
25957,WA,2023-12-02
25958,TX,2025-01-27
25959,GA,2023-07-27
25960,MI,2023-02-04
25961,MA,2023-04-24
25962,WA,2025-11-21
25963,MA,2025-02-03
25964,NJ,2025-05-04
25965,NC,2025-01-29
25966,GA,2025-07-09
25967,WA,2023-06-05
25968,MA,2025-10-14
25969,NJ,2025-04-13
25970,GA,2025-08-20
25971,CA,2023-12-19
25972,FL,2025-07-17
25973,CA,2026-02-15
25974,CO,2023-02-04
25975,TX,2025-05-17
25976,NY,2023-08-06
25977,AZ,2023-02-13
25978,FL,2023-07-17
25979,NJ,2025-05-06
25980,TX,2023-10-29
25981,NJ,2025-04-06
25982,WA,2025-07-18
25983,MI,2026-01-27
25984,VA,2024-02-09
25985,CO,2024-12-22
25986,NC,2024-12-12
25987,CO,2025-09-20
25988,NJ,2025-04-25
25989,MA,2023-05-27
25990,CO,2025-05-19
25991,VA,2023-12-12
25992,VA,2023-06-05
25993,WA,2025-07-25
25994,NC,2023-05-22
25995,NC,2023-04-14
25996,NJ,2023-04-18
25997,PA,2024-06-20
25998,NJ,2025-07-24
25999,VA,2024-09-18
26000,IL,2025-08-23
26001,CO,2023-07-27
26002,MI,2024-12-02
26003,VA,2024-12-27
26004,CA,2024-12-18
26005,IL,2023-06-30
26006,IL,2024-10-02
26007,MI,2025-09-27
26008,NJ,2026-01-30
26009,VA,2023-04-26
26010,WA,2024-04-15
26011,FL,2023-01-04
26012,CA,2023-07-17
26013,NJ,2023-07-23
26014,NC,2024-07-27
26015,NJ,2024-08-05
26016,CO,2024-08-26
26017,IL,2024-11-18
26018,TX,2024-07-21
26019,PA,2024-08-01
26020,TX,2025-06-27
26021,PA,2024-03-11
26022,IL,2023-03-04
26023,PA,2024-07-06
26024,MI,2025-01-12
26025,MA,2023-06-24
26026,CO,2025-07-15
26027,WA,2024-08-31
26028,NC,2025-11-25
26029,IL,2025-11-03
26030,PA,2023-06-14
26031,CA,2025-07-16
26032,IL,2023-06-30
26033,GA,2023-10-30
26034,NC,2025-04-27
26035,FL,2023-09-03
26036,AZ,2025-07-16
26037,AZ,2024-02-12
26038,NC,2023-01-14
26039,VA,2023-03-20
26040,CA,2023-01-01
26041,AZ,2025-09-14
26042,NJ,2025-02-25
26043,GA,2025-04-05
26044,FL,2024-10-08
26045,NY,2024-04-10
26046,CA,2024-05-09
26047,TX,2026-02-12
26048,MA,2024-07-29
26049,NJ,2024-12-08
26050,NC,2024-08-25
26051,NY,2025-02-22
26052,MI,2024-02-02
26053,GA,2024-01-26
26054,PA,2025-01-18
26055,VA,2023-01-14
26056,NJ,2023-04-19
26057,NY,2023-02-12
26058,WA,2025-04-04
26059,CO,2023-12-24
26060,VA,2024-04-19
26061,VA,2026-01-03
26062,PA,2024-05-19
26063,NC,2025-04-14
26064,CO,2025-06-15
26065,TX,2023-03-21
26066,NY,2024-05-08
26067,GA,2024-05-18
26068,TX,2024-09-17
26069,CO,2025-04-27
26070,NY,2023-04-21
26071,TX,2024-06-24
26072,CA,2025-02-22
26073,AZ,2023-09-04
26074,NJ,2024-08-29
26075,IL,2025-01-15
26076,VA,2025-11-13
26077,MA,2025-04-21
26078,FL,2024-11-24
26079,CA,2023-08-29
26080,TX,2024-11-26
26081,GA,2025-05-04
26082,WA,2023-12-19
26083,IL,2023-04-04
26084,FL,2023-02-22
26085,CA,2024-01-05
26086,AZ,2026-01-22
26087,WA,2024-09-01
26088,WA,2024-09-21
26089,WA,2023-12-24
26090,MI,2023-03-02
26091,IL,2025-01-29
26092,NJ,2025-02-14
26093,NY,2024-07-19
26094,CA,2025-12-05
26095,MI,2026-02-15
26096,NY,2026-01-21
26097,VA,2023-06-03
26098,NC,2024-04-23
26099,IL,2025-07-04
26100,WA,2023-10-05
26101,MI,2024-03-16
26102,WA,2024-09-07
26103,PA,2025-05-06
26104,PA,2023-06-04
26105,MI,2025-05-31
26106,IL,2025-03-14
26107,AZ,2023-11-10
26108,NC,2024-08-16
26109,MA,2023-01-23
26110,GA,2024-10-09
26111,MA,2024-08-23
26112,NY,2025-05-30
26113,IL,2025-05-31
26114,GA,2023-04-06
26115,MA,2025-02-21
26116,NY,2025-12-08
26117,TX,2025-01-05
26118,CO,2025-10-26
26119,NJ,2025-12-14
26120,GA,2025-04-30
26121,FL,2025-04-23
26122,GA,2025-11-04
26123,NY,2024-06-06
26124,VA,2026-01-02
26125,NJ,2025-03-29
26126,WA,2023-03-29
26127,NJ,2023-12-22
26128,NY,2025-12-24
26129,NJ,2023-07-10
26130,CA,2024-10-15
26131,VA,2025-11-27
26132,AZ,2024-10-26
26133,WA,2024-01-15
26134,NY,2023-02-06
26135,AZ,2025-01-08
26136,VA,2025-08-09
26137,MA,2023-01-11
26138,CO,2023-11-30
26139,NY,2024-02-23
26140,MA,2023-08-26
26141,FL,2025-05-30
26142,CA,2023-11-04
26143,NJ,2024-08-03
26144,MI,2023-06-19
26145,TX,2024-08-16
26146,NJ,2024-03-27
26147,PA,2024-06-05
26148,CA,2025-07-29
26149,WA,2024-03-15
26150,MI,2023-05-27
26151,VA,2025-06-04
26152,CO,2023-10-25
26153,CA,2024-01-05
26154,AZ,2025-03-19
26155,GA,2025-06-12
26156,TX,2024-10-21
26157,WA,2023-05-04
26158,GA,2023-09-05
26159,WA,2026-01-26
26160,GA,2025-08-17
26161,NC,2026-02-03
26162,CO,2025-05-31
26163,MA,2024-11-08
26164,NJ,2026-02-10
26165,CA,2024-07-23
26166,FL,2024-04-24
26167,GA,2025-05-31
26168,NC,2024-04-13
26169,CO,2024-01-01
26170,FL,2025-01-27
26171,PA,2025-02-17
26172,CA,2025-07-14
26173,NC,2023-12-05
26174,FL,2023-04-04
26175,MI,2023-12-21
26176,TX,2025-12-27
26177,IL,2023-05-29
26178,NJ,2023-01-05
26179,WA,2023-09-03
26180,WA,2025-01-31
26181,NY,2025-09-13
26182,PA,2024-10-08
26183,TX,2025-06-11
26184,NJ,2024-03-19
26185,IL,2023-10-14
26186,NY,2023-07-31
26187,MI,2025-10-16
26188,FL,2024-11-26
26189,NY,2023-08-05
26190,GA,2025-04-28
26191,TX,2023-12-01
26192,NC,2025-06-05
26193,NC,2023-06-21
26194,IL,2025-05-24
26195,MI,2024-06-02
26196,CA,2023-06-02
26197,VA,2024-05-01
26198,NJ,2024-02-15
26199,AZ,2023-11-07
26200,MI,2024-05-01
26201,MI,2024-05-14
26202,NC,2024-07-21
26203,TX,2023-04-02
26204,CO,2024-10-30
26205,WA,2024-05-07
26206,CO,2025-12-31
26207,MI,2026-01-05
26208,NY,2023-02-15
26209,MA,2025-03-15
26210,GA,2025-01-28
26211,MA,2025-01-05
26212,TX,2025-09-09
26213,MA,2025-01-30
26214,MI,2023-03-18
26215,CO,2023-02-19
26216,AZ,2024-10-22
26217,CA,2023-04-17
26218,VA,2024-11-28
26219,VA,2024-05-12
26220,TX,2025-10-27
26221,WA,2025-04-04
26222,PA,2023-10-19
26223,IL,2025-09-05
26224,TX,2024-06-19
26225,MI,2023-11-08
26226,FL,2024-05-05
26227,WA,2023-03-18
26228,MI,2023-05-04
26229,TX,2025-08-23
26230,FL,2023-10-11
26231,WA,2025-04-24
26232,NY,2024-04-26
26233,NC,2026-01-06
26234,GA,2024-08-30
26235,NC,2024-07-10
26236,CO,2023-03-10
26237,PA,2026-01-27
26238,IL,2023-03-09
26239,NC,2023-03-19
26240,NJ,2023-03-16
26241,TX,2024-05-28
26242,NJ,2025-09-20
26243,NY,2026-01-15
26244,MA,2025-12-07
26245,CO,2025-02-04
26246,NC,2025-12-01
26247,CA,2023-05-14
26248,AZ,2025-04-06
26249,MI,2024-08-15
26250,IL,2025-11-08
26251,MA,2024-11-22
26252,MI,2025-04-08
26253,VA,2026-02-17
26254,GA,2024-06-14
26255,PA,2023-03-11
26256,TX,2024-03-09
26257,NY,2023-05-13
26258,WA,2023-03-08
26259,VA,2025-03-17
26260,MI,2023-08-19
26261,NC,2024-10-29
26262,CA,2023-05-30
26263,VA,2026-02-06
26264,IL,2025-03-29
26265,GA,2024-09-06
26266,NC,2026-01-09
26267,MI,2024-06-23
26268,GA,2025-10-28
26269,MA,2024-04-19
26270,AZ,2023-09-11
26271,NJ,2024-05-07
26272,MA,2024-10-26
26273,MI,2024-07-24
26274,CO,2025-03-12
26275,NC,2025-06-02
26276,AZ,2024-03-05
26277,NY,2025-03-16
26278,AZ,2023-04-19
26279,IL,2025-01-25
26280,WA,2023-10-05
26281,WA,2024-10-28
26282,VA,2025-11-10
26283,TX,2025-08-06
26284,TX,2023-09-07
26285,IL,2024-07-12
26286,PA,2023-10-11
26287,NC,2025-01-13
26288,VA,2024-11-11
26289,NC,2025-09-19
26290,MA,2024-06-03
26291,AZ,2025-01-10
26292,CA,2025-01-14
26293,AZ,2024-03-20
26294,TX,2024-02-21
26295,PA,2024-06-14
26296,CA,2024-04-06
26297,NC,2025-03-14
26298,TX,2025-06-21
26299,WA,2023-04-26
26300,GA,2026-02-04
26301,TX,2023-02-01
26302,NC,2023-10-25
26303,AZ,2025-02-20
26304,NC,2025-09-11
26305,GA,2024-02-16
26306,CA,2024-09-17
26307,IL,2024-02-27
26308,GA,2026-01-22
26309,PA,2024-06-26
26310,WA,2023-06-01
26311,NJ,2025-01-24
26312,AZ,2025-04-17
26313,NC,2024-06-19
26314,NY,2023-08-06
26315,WA,2026-01-28
26316,CA,2024-02-25
26317,GA,2024-03-04
26318,NC,2023-11-11
26319,VA,2023-11-11
26320,NC,2023-03-31
26321,GA,2024-03-14
26322,IL,2026-01-05
26323,NJ,2024-07-23
26324,GA,2023-04-10
26325,AZ,2025-06-09
26326,TX,2025-03-22
26327,MI,2025-09-24
26328,FL,2023-09-02
26329,VA,2023-02-21
26330,IL,2023-06-11
26331,FL,2023-05-02
26332,CA,2025-10-10
26333,MA,2023-10-21
26334,WA,2023-09-03
26335,AZ,2023-12-12
26336,MI,2024-08-23
26337,CO,2024-08-23
26338,GA,2023-02-05
26339,WA,2025-11-05
26340,CO,2023-07-25
26341,VA,2024-11-04
26342,CA,2025-05-30
26343,CA,2024-12-12
26344,MA,2025-09-13
26345,MI,2024-02-27
26346,IL,2025-08-17
26347,WA,2023-07-24
26348,AZ,2023-06-06
26349,MI,2025-04-10
26350,WA,2023-10-26
26351,AZ,2023-01-19
26352,GA,2023-05-18
26353,CA,2024-11-30
26354,CO,2023-02-12
26355,NY,2023-10-31
26356,MA,2023-10-23
26357,IL,2024-09-16
26358,NC,2024-01-04
26359,NY,2026-02-26
26360,PA,2024-01-11
26361,VA,2026-01-16
26362,TX,2025-08-21
26363,FL,2023-08-04
26364,MA,2025-05-01
26365,CO,2026-02-04
26366,VA,2024-04-27
26367,NJ,2025-11-13
26368,NY,2025-12-03
26369,CO,2024-01-21
26370,NJ,2025-07-07
26371,GA,2024-04-25
26372,MA,2023-03-19
26373,CA,2023-11-14
26374,IL,2023-05-23
26375,CO,2024-05-30
26376,WA,2023-11-21
26377,PA,2024-04-30
26378,MI,2026-02-05
26379,NY,2024-05-01
26380,MI,2024-01-05
26381,WA,2024-09-21
26382,CO,2025-06-30
26383,NY,2024-01-28
26384,CA,2023-04-29
26385,MI,2023-12-20
26386,FL,2025-02-04
26387,FL,2025-08-14
26388,GA,2025-12-23
26389,TX,2023-09-15
26390,FL,2025-10-26
26391,TX,2023-01-17
26392,NY,2023-10-09
26393,FL,2024-07-06
26394,AZ,2024-03-17
26395,CO,2024-01-01
26396,CA,2023-12-21
26397,CO,2025-03-26
26398,CO,2025-09-24
26399,MI,2023-08-20
26400,TX,2026-01-18
26401,AZ,2024-01-24
26402,NC,2024-01-09
26403,NC,2023-07-11
26404,PA,2023-05-15
26405,PA,2023-06-28
26406,IL,2023-08-10
26407,VA,2024-07-04
26408,VA,2024-07-09
26409,FL,2025-03-19
26410,VA,2023-06-06
26411,CA,2023-01-03
26412,AZ,2023-07-20
26413,CA,2023-12-11
26414,WA,2024-02-20
26415,PA,2023-04-07
26416,CO,2024-09-12
26417,CA,2025-01-09
26418,NY,2024-06-24
26419,MA,2025-05-28
26420,CO,2026-02-06
26421,PA,2024-06-06
26422,AZ,2025-08-12
26423,TX,2023-04-05
26424,NJ,2023-05-12
26425,PA,2024-08-27
26426,VA,2024-07-19
26427,CO,2023-09-15
26428,CA,2025-04-25
26429,GA,2023-10-31
26430,PA,2024-05-15
26431,NY,2024-08-02
26432,AZ,2023-07-09
26433,VA,2023-12-05
26434,NY,2023-01-19
26435,FL,2024-02-19
26436,PA,2023-03-03
26437,NC,2025-06-29
26438,TX,2023-03-08
26439,FL,2024-12-23
26440,IL,2025-05-03
26441,MA,2023-06-24
26442,WA,2024-06-02
26443,NY,2025-08-21
26444,TX,2025-06-15
26445,NC,2023-08-21
26446,NJ,2024-12-11
26447,TX,2024-06-17
26448,AZ,2025-01-10
26449,WA,2025-04-04
26450,PA,2023-05-05
26451,NJ,2024-11-28
26452,PA,2025-11-27
26453,WA,2023-09-05
26454,FL,2023-05-21
26455,CO,2023-04-07
26456,IL,2025-10-08
26457,IL,2024-04-19
26458,CA,2025-03-26
26459,IL,2025-03-18
26460,TX,2025-03-08
26461,VA,2024-06-18
26462,IL,2023-09-22
26463,NC,2024-11-02
26464,VA,2023-11-01
26465,NJ,2024-03-04
26466,VA,2025-02-22
26467,IL,2025-03-03
26468,NY,2023-02-06
26469,CA,2023-10-28
26470,NJ,2023-05-16
26471,MI,2024-05-02
26472,TX,2023-06-24
26473,WA,2025-03-14
26474,MI,2024-09-21
26475,MI,2025-09-11
26476,FL,2023-12-04
26477,MA,2023-12-25
26478,FL,2023-09-14
26479,CO,2025-10-14
26480,MA,2023-07-22
26481,NC,2024-10-16
26482,GA,2023-09-12
26483,CA,2026-01-24
26484,MI,2023-05-11
26485,WA,2024-09-18
26486,VA,2023-10-15
26487,FL,2024-10-21
26488,IL,2023-02-25
26489,CA,2023-11-30
26490,IL,2025-03-20
26491,CA,2025-04-20
26492,AZ,2024-11-17
26493,AZ,2024-10-25
26494,CA,2025-03-19
26495,CO,2023-01-04
26496,NY,2024-03-10
26497,NC,2025-09-10
26498,VA,2025-02-20
26499,AZ,2025-09-21
26500,IL,2023-02-17
26501,AZ,2024-08-23
26502,IL,2025-04-07
26503,IL,2024-11-23
26504,CO,2025-10-29
26505,FL,2023-06-01
26506,TX,2024-10-21
26507,IL,2025-08-22
26508,FL,2023-01-27
26509,NY,2025-09-14
26510,IL,2024-09-04
26511,NC,2023-03-24
26512,WA,2025-12-13
26513,NJ,2023-04-07
26514,GA,2025-05-20
26515,NJ,2023-08-17
26516,IL,2025-10-15
26517,AZ,2025-04-11
26518,TX,2024-05-28
26519,NJ,2024-05-11
26520,WA,2024-04-03
26521,MI,2025-11-22
26522,NC,2025-02-15
26523,CO,2025-10-08
26524,GA,2023-02-23
26525,CO,2023-11-27
26526,MI,2023-04-07
26527,TX,2024-05-19
26528,GA,2023-05-28
26529,TX,2024-05-31
26530,CO,2023-10-07
26531,NC,2024-02-20
26532,GA,2026-02-03
26533,MA,2024-07-09
26534,FL,2023-07-25
26535,NC,2025-09-28
26536,MI,2023-04-28
26537,GA,2024-04-24
26538,TX,2025-05-02
26539,MI,2023-08-16
26540,TX,2026-02-14
26541,NY,2024-10-15
26542,NC,2024-06-24
26543,MI,2025-11-14
26544,TX,2023-03-28
26545,CA,2024-09-03
26546,MI,2025-08-10
26547,FL,2025-10-04
26548,CO,2023-06-27
26549,WA,2023-05-20
26550,NY,2026-01-10
26551,TX,2024-03-07
26552,CA,2025-08-03
26553,NY,2024-06-14
26554,CA,2024-01-03
26555,NY,2025-02-05
26556,TX,2023-02-22
26557,CA,2024-06-30
26558,NJ,2024-10-28
26559,GA,2025-01-11
26560,NC,2025-12-10
26561,WA,2025-07-03
26562,CO,2023-02-12
26563,WA,2024-06-10
26564,CO,2024-10-17
26565,MA,2025-05-16
26566,PA,2025-12-28
26567,FL,2023-03-26
26568,MI,2025-09-11
26569,MA,2023-01-30
26570,IL,2023-03-29
26571,TX,2025-04-07
26572,GA,2024-08-13
26573,PA,2025-11-13
26574,NC,2023-06-26
26575,MI,2025-02-20
26576,VA,2024-11-18
26577,GA,2024-08-14
26578,AZ,2025-01-19
26579,WA,2025-03-19
26580,CO,2025-03-13
26581,MA,2024-03-23
26582,GA,2023-02-23
26583,MA,2023-06-14
26584,FL,2024-03-11
26585,FL,2024-04-21
26586,NJ,2024-12-24
26587,CO,2025-01-22
26588,IL,2026-02-11
26589,GA,2023-12-23
26590,AZ,2024-02-27
26591,NC,2023-11-13
26592,AZ,2024-12-03
26593,MA,2025-08-23
26594,MA,2024-06-30
26595,FL,2025-05-08
26596,TX,2023-02-11
26597,CO,2026-01-16
26598,MA,2023-10-21
26599,FL,2025-02-08
26600,VA,2023-02-28
26601,FL,2024-06-02
26602,CA,2023-07-15
26603,NJ,2025-05-25
26604,MA,2024-03-10
26605,CA,2025-05-11
26606,NC,2025-04-27
26607,NC,2024-04-25
26608,FL,2025-10-04
26609,NJ,2023-10-10
26610,AZ,2024-08-19
26611,TX,2023-08-07
26612,NJ,2025-09-18
26613,TX,2025-06-19
26614,PA,2025-04-06
26615,CA,2023-10-17
26616,FL,2024-07-17
26617,AZ,2024-05-16
26618,CA,2024-01-25
26619,AZ,2024-10-15
26620,VA,2025-12-18
26621,VA,2025-12-16
26622,CO,2025-11-26
26623,MI,2024-04-11
26624,MI,2025-03-10
26625,CA,2023-05-06
26626,PA,2025-12-11
26627,AZ,2025-05-02
26628,IL,2024-09-04
26629,MA,2024-02-18
26630,MI,2023-11-12
26631,NC,2023-05-26
26632,AZ,2023-07-24
26633,PA,2024-04-02
26634,NY,2024-11-17
26635,FL,2025-08-03
26636,NJ,2024-05-03
26637,AZ,2024-09-15
26638,TX,2023-02-09
26639,VA,2024-12-30
26640,VA,2025-01-17
26641,GA,2023-10-02
26642,AZ,2025-01-21
26643,MA,2023-12-22
26644,NY,2023-06-04
26645,NJ,2024-11-22
26646,PA,2025-02-01
26647,IL,2026-01-05
26648,GA,2023-02-24
26649,PA,2024-12-16
26650,TX,2024-11-01
26651,AZ,2024-02-05
26652,MI,2023-08-18
26653,NJ,2023-03-08
26654,IL,2026-01-26
26655,AZ,2023-04-24
26656,TX,2024-02-20
26657,TX,2025-11-02
26658,FL,2025-11-10
26659,GA,2023-08-03
26660,NJ,2024-05-04
26661,VA,2025-06-21
26662,CO,2023-12-06
26663,CA,2023-04-22
26664,VA,2025-09-28
26665,PA,2024-01-17
26666,NJ,2026-01-06
26667,CA,2023-03-27
26668,MA,2023-12-27
26669,TX,2024-04-28
26670,AZ,2024-04-18
26671,NJ,2026-01-04
26672,MA,2025-05-30
26673,GA,2025-11-20
26674,TX,2023-06-17
26675,TX,2025-06-23
26676,NY,2025-08-29
26677,NC,2024-01-02
26678,CA,2026-02-10
26679,GA,2024-07-25
26680,IL,2025-04-26
26681,IL,2025-06-23
26682,CO,2025-08-06
26683,NJ,2025-06-06
26684,WA,2023-12-30
26685,GA,2025-12-14
26686,MI,2023-06-02
26687,NJ,2023-06-18
26688,WA,2026-02-06
26689,NY,2025-07-13
26690,IL,2025-06-14
26691,MI,2023-02-05
26692,GA,2024-12-24
26693,TX,2026-02-28
26694,NC,2023-02-28
26695,FL,2025-03-20
26696,NC,2023-11-25
26697,NJ,2024-07-11
26698,CO,2025-09-13
26699,IL,2023-12-10
26700,VA,2024-09-26
26701,MA,2023-06-13
26702,MA,2023-10-09
26703,FL,2025-12-09
26704,MI,2023-05-10
26705,PA,2025-05-25
26706,IL,2023-09-20
26707,PA,2023-02-15
26708,GA,2025-01-02
26709,TX,2023-01-02
26710,CO,2024-12-18
26711,MA,2025-01-11
26712,FL,2025-05-17
26713,NC,2023-09-10
26714,VA,2025-04-07
26715,TX,2023-03-30
26716,AZ,2025-11-04
26717,MA,2024-11-22
26718,NC,2025-08-29
26719,GA,2024-09-09
26720,PA,2025-09-11
26721,NC,2024-04-13
26722,TX,2024-10-02
26723,MI,2024-03-12
26724,NC,2023-07-24
26725,GA,2025-11-19
26726,VA,2025-08-13
26727,CO,2024-06-05
26728,PA,2023-10-12
26729,TX,2025-04-16
26730,MI,2024-03-12
26731,CO,2024-10-27
26732,PA,2024-10-20
26733,FL,2025-07-03
26734,IL,2025-02-15
26735,PA,2024-10-08
26736,NC,2024-06-13
26737,NY,2023-05-17
26738,CO,2024-01-25
26739,VA,2023-07-17
26740,GA,2024-07-10
26741,MA,2024-02-10
26742,CO,2024-04-01
26743,MA,2026-01-15
26744,NJ,2023-08-12
26745,NC,2023-05-24
26746,FL,2023-05-10
26747,CA,2025-11-30
26748,TX,2025-11-03
26749,MA,2025-08-31
26750,NJ,2025-09-16
26751,NJ,2024-06-22
26752,MA,2024-02-27
26753,NJ,2025-07-20
26754,VA,2025-06-18
26755,TX,2023-03-26
26756,CA,2025-05-18
26757,NC,2023-01-02
26758,GA,2023-07-26
26759,PA,2024-02-16
26760,IL,2024-08-23
26761,VA,2023-05-01
26762,VA,2023-01-09
26763,PA,2023-11-08
26764,MA,2025-04-03
26765,CA,2025-04-08
26766,CA,2024-05-14
26767,FL,2025-06-27
26768,MA,2024-10-11
26769,AZ,2023-05-25
26770,NJ,2024-02-05
26771,MI,2025-07-15
26772,NJ,2024-11-16
26773,CO,2025-01-24
26774,NC,2024-04-27
26775,GA,2023-04-10
26776,CA,2024-08-27
26777,FL,2025-01-18
26778,FL,2025-02-24
26779,TX,2023-09-24
26780,MA,2024-05-20
26781,CA,2023-09-07
26782,GA,2024-03-14
26783,VA,2024-01-22
26784,CO,2024-05-10
26785,NY,2024-09-07
26786,NY,2025-09-11
26787,CO,2024-10-17
26788,NJ,2023-05-17
26789,AZ,2024-08-02
26790,MI,2023-06-22
26791,CA,2023-01-02
26792,VA,2026-02-16
26793,MA,2025-05-06
26794,GA,2024-05-12
26795,PA,2026-02-17
26796,MI,2025-02-28
26797,TX,2025-08-22
26798,MA,2023-05-29
26799,IL,2025-04-21
26800,MI,2025-05-04
26801,MA,2023-08-07
26802,MA,2023-07-02
26803,NC,2024-05-30
26804,CA,2024-07-23
26805,AZ,2023-07-17
26806,TX,2025-11-15
26807,NC,2024-04-02
26808,CA,2023-04-23
26809,WA,2024-12-09
26810,TX,2023-12-26
26811,CA,2026-01-26
26812,NY,2024-12-12
26813,NC,2025-11-10
26814,WA,2025-07-15
26815,NJ,2023-06-24
26816,TX,2023-10-06
26817,IL,2023-07-27
26818,GA,2025-02-13
26819,IL,2023-11-01
26820,NY,2024-12-28
26821,NY,2025-09-18
26822,MI,2023-01-31
26823,VA,2023-05-05
26824,VA,2024-03-06
26825,CO,2025-05-10
26826,NJ,2024-12-08
26827,CO,2024-04-03
26828,IL,2025-11-23
26829,NC,2025-01-12
26830,MA,2023-12-07
26831,CA,2025-04-18
26832,MI,2023-11-16
26833,PA,2025-11-18
26834,GA,2024-01-09
26835,WA,2024-01-06
26836,GA,2025-10-30
26837,NY,2024-02-20
26838,AZ,2025-08-14
26839,CO,2026-02-12
26840,MA,2023-03-25
26841,NJ,2024-08-05
26842,AZ,2025-06-01
26843,FL,2025-12-15
26844,TX,2025-05-20
26845,FL,2023-10-27
26846,FL,2023-08-10
26847,NC,2025-07-22
26848,NC,2023-08-21
26849,CO,2023-06-27
26850,VA,2023-03-15
26851,VA,2025-06-07
26852,FL,2023-02-22
26853,AZ,2024-04-09
26854,WA,2025-02-07
26855,NY,2023-04-28
26856,VA,2023-08-06
26857,FL,2024-09-11
26858,MA,2025-03-11
26859,TX,2023-10-09
26860,AZ,2024-12-14
26861,AZ,2024-08-30
26862,CA,2025-11-28
26863,VA,2025-07-26
26864,CO,2025-03-26
26865,CO,2023-06-29
26866,IL,2024-01-19
26867,MA,2025-05-16
26868,MI,2023-10-11
26869,NC,2024-03-26
26870,NJ,2023-12-28
26871,NY,2024-04-21
26872,WA,2023-04-10
26873,PA,2023-09-14
26874,MA,2024-01-23
26875,MI,2023-05-12
26876,GA,2024-09-18
26877,CA,2024-02-08
26878,MI,2023-11-15
26879,TX,2024-04-11
26880,IL,2025-03-13
26881,AZ,2023-04-26
26882,MA,2025-03-23
26883,IL,2025-12-16
26884,CA,2024-10-25
26885,FL,2023-10-03
26886,IL,2024-05-12
26887,CO,2024-05-19
26888,NC,2023-06-01
26889,MI,2023-10-07
26890,AZ,2026-01-30
26891,FL,2024-01-18
26892,MA,2025-02-03
26893,NJ,2023-10-08
26894,TX,2024-04-24
26895,CO,2024-04-09
26896,CA,2023-09-30
26897,FL,2024-05-28
26898,CO,2024-06-04
26899,NC,2026-02-20
26900,FL,2023-04-14
26901,NY,2026-01-11
26902,NY,2026-02-06
26903,FL,2026-02-17
26904,MI,2025-06-20
26905,VA,2025-07-05
26906,FL,2024-05-10
26907,MI,2023-08-05
26908,NY,2023-10-13
26909,MA,2025-09-11
26910,MI,2024-10-22
26911,IL,2024-10-31
26912,NJ,2023-10-01
26913,TX,2024-11-15
26914,CO,2023-02-28
26915,CO,2024-02-23
26916,CA,2025-07-08
26917,TX,2023-03-06
26918,WA,2024-02-16
26919,NY,2023-10-25
26920,PA,2025-03-21
26921,PA,2024-12-20
26922,WA,2023-08-31
26923,NJ,2024-12-03
26924,NC,2023-06-20
26925,TX,2025-01-23
26926,MI,2023-09-15
26927,GA,2024-04-16
26928,NJ,2023-05-31
26929,CA,2025-06-26
26930,FL,2023-08-25
26931,NC,2024-02-23
26932,IL,2024-07-30
26933,MI,2025-01-31
26934,GA,2023-06-08
26935,TX,2023-02-01
26936,MI,2023-11-18
26937,TX,2023-03-01
26938,MI,2025-10-18
26939,PA,2023-07-24
26940,WA,2023-04-25
26941,MA,2025-02-04
26942,AZ,2025-12-27
26943,WA,2024-02-26
26944,NJ,2025-09-29
26945,CO,2025-04-23
26946,WA,2024-11-14
26947,MA,2023-07-29
26948,IL,2024-10-31
26949,AZ,2025-05-27
26950,NC,2024-08-22
26951,VA,2024-01-04
26952,NY,2025-03-13
26953,TX,2026-01-16
26954,NJ,2023-04-17
26955,NJ,2023-08-25
26956,FL,2023-07-23
26957,WA,2024-08-03
26958,GA,2024-08-14
26959,IL,2025-05-13
26960,CA,2025-09-19
26961,TX,2025-05-22
26962,MA,2025-08-31
26963,CO,2025-04-06
26964,MA,2024-06-20
26965,WA,2025-08-25
26966,MI,2023-01-27
26967,NC,2024-06-17
26968,CO,2025-08-24
26969,GA,2025-01-09
26970,MA,2023-11-07
26971,NJ,2023-09-22
26972,GA,2025-12-13
26973,CA,2025-05-31
26974,AZ,2024-01-09
26975,GA,2024-09-02
26976,TX,2023-08-08
26977,IL,2024-06-03
26978,CO,2023-12-29
26979,TX,2025-07-11
26980,FL,2024-09-15
26981,MA,2023-08-01
26982,PA,2025-05-23
26983,MA,2023-01-11
26984,FL,2024-06-14
26985,GA,2024-03-23
26986,VA,2023-02-21
26987,TX,2024-10-16
26988,PA,2023-12-05
26989,CO,2025-04-26
26990,CO,2025-06-14
26991,VA,2023-07-18
26992,FL,2023-05-30
26993,MA,2023-02-19
26994,FL,2024-09-27
26995,VA,2025-05-08
26996,PA,2025-02-16
26997,CA,2023-02-19
26998,CA,2024-07-14
26999,AZ,2025-07-25
27000,CA,2024-02-03
27001,NY,2024-01-11
27002,IL,2023-01-23
27003,PA,2026-01-04
27004,NC,2024-09-16
27005,NJ,2023-10-10
27006,WA,2025-10-26
27007,NJ,2023-10-07
27008,NY,2024-08-20
27009,CO,2024-01-28
27010,GA,2025-12-29
27011,MA,2024-04-28
27012,PA,2025-03-20
27013,AZ,2025-04-07
27014,MI,2023-06-25
27015,MI,2023-08-19
27016,PA,2023-03-28
27017,GA,2024-01-24
27018,FL,2024-12-19
27019,VA,2025-01-06
27020,MA,2023-07-01
27021,WA,2024-02-26
27022,WA,2024-10-20
27023,TX,2024-03-28
27024,GA,2023-07-20
27025,VA,2024-08-05
27026,NC,2023-01-24
27027,WA,2025-05-22
27028,IL,2024-05-16
27029,TX,2023-12-02
27030,NC,2025-10-03
27031,MA,2023-05-21
27032,GA,2025-01-23
27033,GA,2025-12-30
27034,AZ,2024-01-27
27035,MI,2023-09-05
27036,VA,2026-02-02
27037,NC,2025-07-22
27038,AZ,2025-12-11
27039,NC,2023-09-15
27040,WA,2024-02-10
27041,MA,2025-06-04
27042,VA,2025-10-24
27043,PA,2024-01-02
27044,PA,2023-01-07
27045,VA,2023-01-01
27046,TX,2023-12-05
27047,IL,2023-12-16
27048,PA,2024-09-17
27049,CO,2023-02-24
27050,VA,2024-09-20
27051,CO,2025-03-06
27052,NY,2025-06-17
27053,IL,2023-09-29
27054,MA,2025-05-06
27055,PA,2025-05-28
27056,MA,2024-01-12
27057,TX,2024-01-22
27058,AZ,2024-01-22
27059,AZ,2024-02-28
27060,GA,2025-02-25
27061,NY,2024-10-21
27062,NJ,2023-10-04
27063,TX,2025-05-09
27064,MI,2026-01-19
27065,NJ,2024-07-09
27066,NY,2026-02-11
27067,NJ,2025-10-22
27068,GA,2023-06-20
27069,FL,2023-05-27
27070,NY,2026-01-19
27071,TX,2023-01-14
27072,VA,2024-02-13
27073,FL,2024-01-19
27074,MI,2023-02-26
27075,AZ,2024-05-28
27076,NC,2023-12-11
27077,VA,2026-01-15
27078,IL,2024-02-09
27079,WA,2023-09-02
27080,TX,2025-05-08
27081,NC,2023-02-21
27082,CO,2023-07-28
27083,CO,2023-05-23
27084,MA,2024-06-29
27085,TX,2025-03-14
27086,AZ,2024-09-24
27087,MI,2026-02-01
27088,CA,2025-12-03
27089,WA,2023-11-29
27090,CA,2023-09-04
27091,IL,2024-06-13
27092,NJ,2024-04-09
27093,MA,2023-10-28
27094,MI,2024-09-11
27095,MI,2025-09-14
27096,PA,2024-06-21
27097,WA,2024-01-03
27098,FL,2023-12-23
27099,NY,2023-11-27
27100,WA,2025-06-03
27101,GA,2024-03-17
27102,FL,2024-05-15
27103,AZ,2025-01-13
27104,NY,2025-05-22
27105,VA,2023-07-19
27106,MI,2024-07-04
27107,IL,2023-07-19
27108,CO,2023-12-05
27109,NY,2024-11-09
27110,GA,2025-01-05
27111,MA,2023-10-04
27112,AZ,2023-02-23
27113,VA,2023-06-13
27114,NY,2024-10-16
27115,NJ,2023-03-17
27116,WA,2025-01-11
27117,WA,2025-10-02
27118,MA,2024-02-26
27119,VA,2024-07-30
27120,MI,2025-09-12
27121,WA,2026-02-14
27122,NJ,2024-05-20
27123,AZ,2025-02-07
27124,IL,2025-12-16
27125,AZ,2024-10-20
27126,GA,2025-11-18
27127,TX,2024-03-09
27128,TX,2023-08-06
27129,CO,2024-06-29
27130,NC,2025-04-28
27131,PA,2024-04-10
27132,IL,2024-07-19
27133,PA,2024-05-18
27134,NC,2024-01-23
27135,TX,2024-06-24
27136,NY,2023-03-20
27137,VA,2024-04-27
27138,NY,2023-11-05
27139,NY,2024-02-23
27140,MI,2023-08-23
27141,WA,2024-03-12
27142,MI,2023-05-26
27143,PA,2023-06-15
27144,WA,2024-08-20
27145,CA,2024-03-21
27146,NY,2024-10-15
27147,NY,2023-02-16
27148,MI,2026-01-23
27149,FL,2025-08-08
27150,MA,2024-10-13
27151,TX,2024-10-15
27152,WA,2025-07-31
27153,NJ,2024-10-15
27154,GA,2025-09-09
27155,WA,2023-08-31
27156,GA,2025-05-04
27157,CA,2025-06-22
27158,GA,2024-09-03
27159,AZ,2026-02-05
27160,WA,2023-11-17
27161,CO,2025-03-15
27162,WA,2024-04-18
27163,AZ,2024-12-08
27164,PA,2023-09-29
27165,IL,2024-04-11
27166,CO,2025-01-24
27167,NY,2023-08-12
27168,TX,2026-02-09
27169,NJ,2023-10-15
27170,GA,2023-12-07
27171,WA,2023-06-07
27172,WA,2024-10-21
27173,GA,2023-07-05
27174,NC,2023-01-29
27175,TX,2025-06-15
27176,AZ,2025-01-16
27177,FL,2025-11-16
27178,MA,2025-09-11
27179,NY,2024-06-16
27180,CO,2025-07-01
27181,WA,2026-01-20
27182,MI,2025-07-16
27183,CA,2023-06-21
27184,TX,2023-04-24
27185,MI,2026-01-26
27186,GA,2025-11-11
27187,WA,2024-07-07
27188,CO,2026-02-18
27189,CA,2023-07-30
27190,AZ,2025-03-26
27191,MA,2024-01-21
27192,MA,2025-06-19
27193,CO,2025-12-12
27194,TX,2024-10-02
27195,CA,2025-08-08
27196,NJ,2023-08-01
27197,MI,2023-07-09
27198,GA,2025-10-10
27199,CA,2023-07-03
27200,NJ,2023-04-03
27201,IL,2024-12-16
27202,GA,2025-09-28
27203,AZ,2025-11-23
27204,NY,2025-03-29
27205,FL,2023-09-02
27206,NY,2024-12-05
27207,FL,2023-02-19
27208,NY,2023-08-27
27209,PA,2023-11-15
27210,CA,2024-07-15
27211,NJ,2026-01-21
27212,TX,2025-01-29
27213,CO,2023-11-26
27214,WA,2023-08-30
27215,FL,2024-08-31
27216,WA,2024-09-03
27217,IL,2025-10-19
27218,IL,2025-08-03
27219,WA,2025-05-15
27220,PA,2023-06-04
27221,NJ,2024-06-25
27222,PA,2023-06-09
27223,IL,2025-02-28
27224,GA,2024-05-03
27225,WA,2023-02-25
27226,VA,2025-05-01
27227,IL,2025-05-18
27228,FL,2025-08-23
27229,VA,2026-01-23
27230,TX,2024-11-13
27231,VA,2023-08-04
27232,PA,2023-05-26
27233,IL,2023-05-04
27234,NJ,2025-03-29
27235,NJ,2023-11-28
27236,WA,2024-08-27
27237,FL,2023-07-08
27238,WA,2023-05-24
27239,MA,2026-02-25
27240,CA,2025-04-09
27241,AZ,2024-12-25
27242,MI,2025-04-28
27243,CA,2025-04-11
27244,NJ,2024-08-29
27245,VA,2023-03-13
27246,CA,2024-09-13
27247,NY,2025-08-03
27248,GA,2024-03-14
27249,VA,2023-06-08
27250,WA,2024-09-16
27251,AZ,2025-07-02
27252,GA,2023-12-04
27253,VA,2025-01-24
27254,WA,2026-01-12
27255,MI,2026-02-10
27256,AZ,2025-09-09
27257,MA,2024-11-06
27258,AZ,2024-01-04
27259,AZ,2024-09-18
27260,MI,2026-02-01
27261,IL,2025-08-26
27262,NY,2024-10-31
27263,TX,2023-11-20
27264,WA,2025-02-28
27265,FL,2025-04-06
27266,AZ,2023-09-21
27267,NJ,2024-03-25
27268,IL,2024-07-02
27269,CO,2023-03-06
27270,CO,2024-03-01
27271,TX,2024-09-15
27272,FL,2023-12-19
27273,CA,2025-08-02
27274,NY,2024-08-02
27275,VA,2025-10-04
27276,GA,2023-05-16
27277,MI,2025-10-07
27278,PA,2024-12-26
27279,NC,2025-01-22
27280,NC,2023-11-06
27281,NY,2023-06-05
27282,PA,2025-08-19
27283,IL,2024-01-01
27284,AZ,2026-01-09
27285,MA,2025-12-18
27286,IL,2023-12-04
27287,CO,2024-04-16
27288,GA,2023-10-16
27289,CO,2024-01-09
27290,WA,2026-02-19
27291,CO,2023-12-13
27292,NC,2024-09-24
27293,MI,2023-02-05
27294,MI,2024-12-25
27295,NC,2024-04-03
27296,GA,2025-06-09
27297,AZ,2025-03-12
27298,CO,2025-10-23
27299,NY,2023-01-06
27300,NY,2024-09-04
27301,PA,2023-11-05
27302,TX,2023-12-25
27303,MA,2025-08-15
27304,GA,2024-05-22
27305,CO,2024-04-09
27306,GA,2024-11-06
27307,IL,2025-03-12
27308,CA,2024-06-01
27309,AZ,2025-09-25
27310,PA,2024-01-19
27311,FL,2025-08-19
27312,VA,2024-05-04
27313,IL,2024-06-22
27314,MI,2024-07-04
27315,PA,2024-08-30
27316,IL,2023-06-11
27317,MI,2024-08-23
27318,CO,2024-10-26
27319,MI,2025-04-23
27320,CA,2025-05-11
27321,VA,2023-08-31
27322,NJ,2023-01-30
27323,NY,2024-04-25
27324,NY,2023-08-09
27325,VA,2024-01-06
27326,IL,2026-01-06
27327,AZ,2023-04-30
27328,AZ,2024-05-24
27329,NJ,2024-05-28
27330,MA,2026-01-08
27331,NY,2023-07-10
27332,WA,2025-11-06
27333,IL,2023-01-31
27334,FL,2025-06-15
27335,CA,2025-12-29
27336,TX,2024-01-27
27337,AZ,2026-01-21
27338,NC,2026-01-01
27339,GA,2023-01-24
27340,VA,2024-03-22
27341,IL,2023-06-17
27342,NY,2025-02-08
27343,GA,2023-10-16
27344,FL,2025-11-03
27345,NJ,2024-03-13
27346,VA,2023-02-24
27347,CO,2024-12-28
27348,NC,2023-03-25
27349,MA,2024-01-04
27350,PA,2025-06-14
27351,NJ,2023-11-02
27352,TX,2024-12-10
27353,MI,2023-07-19
27354,CO,2023-12-01
27355,FL,2023-06-28
27356,NY,2024-03-25
27357,NJ,2025-01-09
27358,WA,2025-05-17
27359,CA,2025-09-04
27360,VA,2024-10-27
27361,CO,2023-01-25
27362,AZ,2024-04-20
27363,CO,2025-02-21
27364,TX,2023-07-21
27365,CA,2024-09-01
27366,FL,2024-08-11
27367,GA,2024-03-12
27368,GA,2025-05-21
27369,MI,2023-04-21
27370,CA,2023-05-03
27371,NJ,2023-02-23
27372,MI,2023-06-16
27373,MA,2025-09-16
27374,IL,2024-03-10
27375,AZ,2025-08-17
27376,MA,2024-08-23
27377,MA,2025-10-31
27378,CO,2024-05-23
27379,CO,2024-07-17
27380,NC,2024-12-25
27381,AZ,2025-12-13
27382,NJ,2023-09-04
27383,NY,2024-08-03
27384,PA,2023-05-20
27385,PA,2025-05-20
27386,PA,2024-02-09
27387,FL,2024-05-20
27388,FL,2024-08-03
27389,VA,2023-12-13
27390,MI,2025-05-12
27391,NJ,2024-01-09
27392,NC,2024-09-24
27393,PA,2023-10-19
27394,VA,2023-10-04
27395,CO,2023-09-11
27396,AZ,2024-10-20
27397,VA,2023-01-03
27398,VA,2026-01-28
27399,TX,2024-04-01
27400,PA,2024-02-22
27401,VA,2023-06-06
27402,MI,2023-07-21
27403,VA,2025-06-02
27404,PA,2024-11-27
27405,TX,2023-11-25
27406,VA,2023-02-09
27407,NY,2024-12-15
27408,CA,2023-05-27
27409,CO,2023-08-30
27410,AZ,2023-06-28
27411,GA,2025-12-08
27412,GA,2023-06-29
27413,NJ,2024-10-23
27414,CO,2025-05-30
27415,WA,2025-08-15
27416,CA,2025-01-20
27417,GA,2023-07-28
27418,IL,2024-09-22
27419,PA,2024-06-26
27420,MI,2023-12-15
27421,MA,2024-06-02
27422,CO,2024-01-22
27423,VA,2025-03-11
27424,WA,2024-08-29
27425,IL,2023-12-10
27426,PA,2025-11-27
27427,VA,2024-01-01
27428,MA,2024-01-16
27429,MA,2026-02-23
27430,NY,2025-09-11
27431,AZ,2026-01-29
27432,NJ,2024-05-05
27433,PA,2023-07-12
27434,AZ,2023-03-22
27435,CA,2025-05-27
27436,CO,2023-05-09
27437,WA,2025-10-26
27438,NC,2023-01-21
27439,MI,2025-04-30
27440,NY,2023-01-28
27441,TX,2024-03-25
27442,IL,2025-07-11
27443,NC,2025-07-16
27444,IL,2024-10-13
27445,CO,2025-04-12
27446,WA,2023-08-23
27447,WA,2024-02-28
27448,MA,2024-08-27
27449,NC,2023-03-23
27450,VA,2023-11-14
27451,AZ,2023-12-31
27452,MI,2025-02-03
27453,WA,2025-01-09
27454,MI,2024-02-04
27455,GA,2023-12-22
27456,IL,2025-07-24
27457,MA,2023-08-23
27458,PA,2023-02-04
27459,CO,2024-09-30
27460,VA,2023-12-05
27461,WA,2025-12-12
27462,AZ,2024-03-18
27463,NJ,2024-02-24
27464,FL,2024-12-06
27465,MI,2025-01-21
27466,PA,2023-09-06
27467,MI,2023-10-20
27468,CO,2023-07-26
27469,PA,2026-01-29
27470,NC,2024-03-10
27471,GA,2023-08-27
27472,CA,2026-02-21
27473,TX,2024-06-01
27474,PA,2025-01-06
27475,FL,2023-05-29
27476,VA,2023-02-26
27477,MA,2023-06-05
27478,IL,2024-06-19
27479,NC,2023-04-25
27480,NC,2024-08-26
27481,NJ,2023-11-27
27482,CA,2024-01-01
27483,FL,2025-06-04
27484,IL,2025-11-26
27485,TX,2023-10-24
27486,MI,2024-04-09
27487,NY,2025-04-26
27488,NY,2025-01-07
27489,NC,2025-05-22
27490,PA,2025-03-21
27491,PA,2024-04-30
27492,FL,2024-02-03
27493,VA,2025-12-11
27494,CA,2025-02-10
27495,MI,2025-07-02
27496,NC,2025-06-04
27497,NY,2024-06-02
27498,VA,2024-12-02
27499,NC,2023-12-13
27500,MI,2023-02-27
27501,NY,2024-10-19
27502,FL,2023-06-27
27503,FL,2024-04-09
27504,CA,2026-02-24
27505,MA,2025-12-04
27506,MA,2023-07-09
27507,NC,2024-01-01
27508,NJ,2023-07-12
27509,NC,2024-07-20
27510,NC,2023-10-21
27511,CA,2025-02-10
27512,NJ,2025-10-07
27513,CO,2024-06-10
27514,NC,2023-05-29
27515,AZ,2023-05-29
27516,AZ,2023-09-08
27517,MA,2024-03-10
27518,MA,2023-08-02
27519,NJ,2024-09-11
27520,IL,2023-02-04
27521,PA,2024-01-16
27522,FL,2025-02-10
27523,NJ,2023-08-15
27524,CO,2023-08-08
27525,NY,2025-03-08
27526,MA,2023-09-22
27527,TX,2025-02-25
27528,AZ,2023-12-02
27529,TX,2025-08-18
27530,AZ,2023-11-28
27531,MA,2025-02-11
27532,PA,2024-12-24
27533,TX,2024-09-22
27534,MI,2024-12-06
27535,MI,2025-12-02
27536,WA,2025-09-06
27537,CO,2024-11-18
27538,AZ,2024-03-17
27539,VA,2024-09-02
27540,FL,2024-03-12
27541,MA,2025-08-16
27542,MA,2025-06-20
27543,NY,2026-02-22
27544,AZ,2025-03-11
27545,CO,2023-06-20
27546,NC,2023-11-06
27547,PA,2025-09-05
27548,NC,2023-12-18
27549,MI,2025-05-09
27550,AZ,2025-09-22
27551,GA,2023-05-21
27552,IL,2025-01-15
27553,AZ,2023-08-09
27554,WA,2025-01-12
27555,CA,2025-04-19
27556,CA,2023-04-23
27557,GA,2025-12-07
27558,AZ,2026-01-12
27559,FL,2024-11-06
27560,CA,2023-06-22
27561,NJ,2023-05-25
27562,NC,2025-01-31
27563,PA,2024-06-28
27564,TX,2023-11-17
27565,IL,2024-12-06
27566,AZ,2023-05-06
27567,NJ,2025-06-30
27568,VA,2024-11-05
27569,VA,2026-02-26
27570,NJ,2024-11-13
27571,CO,2025-10-13
27572,VA,2026-01-03
27573,NC,2023-08-04
27574,NY,2025-01-12
27575,CO,2023-08-25
27576,AZ,2023-04-06
27577,VA,2025-06-30
27578,CA,2023-03-13
27579,NJ,2025-07-06
27580,NY,2025-08-09
27581,CO,2023-02-21
27582,MA,2025-09-03
27583,WA,2023-06-04
27584,MI,2023-11-16
27585,VA,2023-10-28
27586,NC,2023-07-14
27587,NY,2025-11-15
27588,GA,2023-07-28
27589,WA,2025-01-02
27590,CO,2025-04-25
27591,VA,2025-03-08
27592,FL,2025-09-23
27593,AZ,2023-09-10
27594,GA,2025-08-01
27595,NC,2024-09-05
27596,MA,2023-07-03
27597,NY,2024-05-13
27598,TX,2025-05-06
27599,AZ,2025-09-26
27600,NY,2024-04-30
27601,WA,2023-07-14
27602,NY,2025-11-10
27603,WA,2025-03-08
27604,VA,2025-12-14
27605,GA,2025-10-22
27606,NY,2023-10-31
27607,GA,2023-03-30
27608,MA,2025-05-29
27609,MA,2025-10-04
27610,AZ,2024-08-08
27611,WA,2023-11-01
27612,CO,2024-06-14
27613,MA,2023-10-11
27614,IL,2024-03-16
27615,NY,2023-07-07
27616,IL,2025-04-26
27617,AZ,2025-08-20
27618,NY,2025-01-14
27619,CA,2024-09-18
27620,GA,2024-07-10
27621,VA,2025-09-25
27622,WA,2024-09-21
27623,NC,2024-01-07
27624,NC,2023-11-05
27625,FL,2023-04-12
27626,PA,2023-05-12
27627,NJ,2023-07-21
27628,CO,2023-10-21
27629,MI,2023-02-02
27630,WA,2023-01-18
27631,AZ,2025-05-21
27632,MA,2024-11-02
27633,TX,2026-02-12
27634,MI,2023-07-27
27635,CO,2023-06-10
27636,CO,2023-11-15
27637,TX,2024-04-06
27638,GA,2025-06-27
27639,AZ,2023-02-21
27640,CO,2023-02-21
27641,CA,2024-09-09
27642,CO,2024-09-01
27643,PA,2023-05-11
27644,NJ,2025-08-21
27645,MI,2023-08-11
27646,FL,2023-11-11
27647,IL,2025-04-16
27648,AZ,2026-02-23
27649,VA,2024-05-26
27650,NC,2023-05-10
27651,GA,2024-12-08
27652,WA,2025-12-03
27653,MA,2023-07-07
27654,VA,2023-09-01
27655,MI,2025-07-11
27656,CA,2024-08-25
27657,GA,2025-07-23
27658,AZ,2025-07-22
27659,IL,2023-11-15
27660,NJ,2025-08-11
27661,FL,2023-10-01
27662,IL,2025-02-01
27663,WA,2025-07-13
27664,TX,2023-03-12
27665,MA,2023-01-24
27666,TX,2023-05-14
27667,VA,2025-01-27
27668,AZ,2025-07-26
27669,MI,2023-07-21
27670,VA,2023-06-10
27671,NY,2025-12-05
27672,AZ,2024-05-12
27673,FL,2023-04-15
27674,MA,2025-08-04
27675,WA,2026-01-13
27676,AZ,2026-01-05
27677,GA,2024-06-08
27678,NC,2025-04-01
27679,MI,2025-06-26
27680,MA,2025-09-10
27681,PA,2023-10-18
27682,AZ,2023-12-05
27683,GA,2023-01-13
27684,AZ,2024-06-17
27685,GA,2024-07-05
27686,PA,2023-05-07
27687,NY,2025-02-13
27688,MI,2025-10-09
27689,CA,2025-04-02
27690,NJ,2025-08-28
27691,FL,2023-08-10
27692,FL,2024-02-01
27693,VA,2023-04-09
27694,NY,2023-10-06
27695,TX,2024-11-23
27696,TX,2025-02-26
27697,WA,2024-01-11
27698,CA,2023-08-24
27699,GA,2024-10-19
27700,CO,2023-03-09
27701,CO,2025-08-25
27702,TX,2025-03-24
27703,NY,2024-08-06
27704,CA,2024-09-08
27705,PA,2025-05-21
27706,IL,2025-03-28
27707,VA,2023-02-22
27708,NC,2025-09-08
27709,CA,2024-12-16
27710,AZ,2024-01-27
27711,NJ,2025-11-21
27712,WA,2023-07-10
27713,GA,2025-04-10
27714,NJ,2023-02-20
27715,GA,2024-06-21
27716,VA,2023-10-05
27717,PA,2024-03-26
27718,MI,2023-11-30
27719,FL,2025-02-03
27720,MA,2024-05-20
27721,AZ,2024-04-26
27722,NJ,2023-12-26
27723,MA,2024-12-03
27724,FL,2023-05-25
27725,WA,2024-07-06
27726,NJ,2023-03-17
27727,GA,2024-11-03
27728,MA,2023-10-15
27729,MA,2025-12-25
27730,NC,2024-06-26
27731,MA,2025-07-25
27732,MI,2025-08-25
27733,GA,2023-07-18
27734,WA,2024-02-24
27735,IL,2026-01-02
27736,TX,2023-04-21
27737,CA,2023-04-04
27738,NJ,2025-05-26
27739,PA,2023-12-26
27740,NY,2023-10-24
27741,CO,2023-09-18
27742,VA,2024-12-25
27743,CA,2023-11-14
27744,NC,2023-09-29
27745,MA,2023-07-27
27746,WA,2025-05-27
27747,VA,2024-02-07
27748,IL,2026-01-11
27749,CO,2024-03-18
27750,FL,2024-08-31
27751,IL,2025-12-28
27752,AZ,2024-04-13
27753,NJ,2025-03-20
27754,TX,2025-04-03
27755,MA,2025-07-31
27756,NY,2025-05-25
27757,PA,2024-04-05
27758,CO,2023-04-01
27759,VA,2023-10-16
27760,MA,2025-03-04
27761,PA,2025-10-01
27762,PA,2024-08-13
27763,CO,2024-07-09
27764,NY,2024-08-05
27765,TX,2024-07-01
27766,PA,2024-07-11
27767,FL,2025-08-03
27768,PA,2023-08-12
27769,GA,2025-02-09
27770,PA,2025-11-14
27771,PA,2024-11-07
27772,WA,2023-06-13
27773,IL,2023-10-18
27774,CA,2023-02-14
27775,FL,2024-01-03
27776,AZ,2025-01-06
27777,FL,2023-05-26
27778,NC,2025-07-11
27779,CO,2023-12-16
27780,CO,2025-03-09
27781,NC,2025-04-14
27782,IL,2025-08-05
27783,CO,2025-10-30
27784,GA,2024-06-03
27785,WA,2025-11-23
27786,CA,2023-08-22
27787,CA,2024-06-07
27788,NY,2025-01-19
27789,NY,2025-08-10
27790,WA,2024-01-21
27791,MA,2023-09-30
27792,MA,2025-04-23
27793,MI,2023-11-23
27794,FL,2023-12-01
27795,VA,2024-05-28
27796,FL,2023-01-27
27797,AZ,2024-10-26
27798,AZ,2023-05-20
27799,NJ,2023-04-05
27800,MI,2023-06-17
27801,NC,2023-01-28
27802,TX,2024-08-06
27803,NJ,2025-10-10
27804,NY,2023-11-04
27805,TX,2023-05-14
27806,CO,2025-02-24
27807,MI,2024-12-04
27808,CA,2024-05-09
27809,FL,2023-12-21
27810,MA,2024-06-30
27811,WA,2024-09-29
27812,NY,2025-11-06
27813,CA,2023-04-20
27814,IL,2023-01-10
27815,VA,2024-07-16
27816,VA,2026-02-09
27817,WA,2025-04-28
27818,TX,2025-01-18
27819,NJ,2024-08-31
27820,NJ,2024-04-10
27821,MI,2023-06-26
27822,NJ,2026-02-24
27823,GA,2025-09-12
27824,TX,2025-05-29
27825,NY,2025-08-18
27826,WA,2025-06-13
27827,GA,2023-09-23
27828,CO,2023-01-25
27829,IL,2025-12-24
27830,TX,2024-03-02
27831,IL,2026-02-28
27832,WA,2025-04-02
27833,CA,2024-03-30
27834,WA,2025-01-16
27835,AZ,2026-02-10
27836,MA,2024-07-25
27837,GA,2024-06-09
27838,PA,2023-03-28
27839,MI,2025-11-03
27840,CA,2024-01-28
27841,TX,2024-11-15
27842,CO,2024-05-28
27843,IL,2025-01-25
27844,VA,2023-06-09
27845,WA,2023-08-06
27846,VA,2025-02-21
27847,NC,2024-06-29
27848,NY,2023-02-09
27849,TX,2023-01-26
27850,PA,2024-05-05
27851,NY,2025-11-14
27852,CA,2023-07-18
27853,MA,2024-01-06
27854,AZ,2023-04-01
27855,TX,2024-02-03
27856,MA,2024-04-04
27857,PA,2024-07-10
27858,MA,2023-08-13
27859,CO,2025-02-27
27860,CA,2023-03-30
27861,WA,2024-07-26
27862,NC,2024-12-12
27863,GA,2023-12-10
27864,PA,2024-04-14
27865,NJ,2025-06-30
27866,MA,2025-04-18
27867,CA,2025-02-24
27868,CO,2025-10-15
27869,TX,2025-11-12
27870,VA,2024-06-21
27871,FL,2023-08-18
27872,FL,2023-05-10
27873,MI,2024-09-18
27874,NC,2023-06-15
27875,AZ,2024-11-12
27876,PA,2024-07-28
27877,CO,2023-08-31
27878,CA,2024-01-03
27879,CO,2024-11-29
27880,GA,2024-09-18
27881,GA,2023-09-15
27882,WA,2023-07-26
27883,FL,2026-02-05
27884,FL,2023-09-13
27885,GA,2023-09-04
27886,MI,2023-06-27
27887,CO,2026-01-05
27888,NC,2023-02-07
27889,MI,2024-01-27
27890,NC,2024-08-14
27891,PA,2024-10-21
27892,MA,2025-03-04
27893,PA,2025-07-19
27894,TX,2023-05-01
27895,FL,2023-12-03
27896,MI,2024-11-14
27897,GA,2023-05-15
27898,AZ,2025-11-24
27899,VA,2025-11-01
27900,CO,2024-01-04
27901,PA,2025-11-30
27902,PA,2023-02-23
27903,CA,2026-02-26
27904,TX,2023-10-08
27905,AZ,2023-09-06
27906,PA,2025-10-17
27907,NC,2025-06-08
27908,NY,2024-08-09
27909,NY,2023-12-23
27910,VA,2024-05-01
27911,VA,2025-12-04
27912,CO,2024-06-15
27913,IL,2025-01-26
27914,PA,2025-09-09
27915,PA,2023-07-26
27916,PA,2026-02-13
27917,VA,2024-11-09
27918,IL,2023-10-12
27919,FL,2025-07-26
27920,CA,2023-04-06
27921,NJ,2025-04-03
27922,MA,2025-06-01
27923,CO,2024-05-24
27924,NY,2025-04-05
27925,NY,2023-03-02
27926,CA,2026-02-26
27927,FL,2023-03-30
27928,IL,2026-01-06
27929,AZ,2023-03-11
27930,WA,2024-11-15
27931,FL,2024-01-28
27932,AZ,2024-09-15
27933,FL,2024-04-10
27934,NC,2025-10-18
27935,MI,2024-03-07
27936,MA,2025-07-23
27937,MA,2023-10-01
27938,NY,2026-02-02
27939,VA,2023-08-21
27940,MA,2025-06-03
27941,NY,2025-05-05
27942,FL,2025-03-13
27943,MI,2024-12-10
27944,CA,2025-04-28
27945,WA,2025-12-31
27946,CA,2023-06-03
27947,FL,2023-09-11
27948,VA,2024-11-22
27949,GA,2023-01-08
27950,VA,2023-02-04
27951,PA,2025-03-12
27952,CO,2026-02-05
27953,IL,2023-05-20
27954,MI,2023-06-04
27955,CO,2024-10-20
27956,WA,2023-11-09
27957,MA,2024-07-19
27958,CO,2024-12-01
27959,MA,2024-02-06
27960,AZ,2025-01-02
27961,FL,2024-01-19
27962,WA,2025-05-01
27963,VA,2024-10-22
27964,AZ,2026-02-04
27965,NC,2025-02-21
27966,IL,2023-12-09
27967,AZ,2025-05-05
27968,AZ,2024-07-29
27969,PA,2025-02-20
27970,NJ,2024-05-17
27971,IL,2024-07-19
27972,VA,2024-10-01
27973,GA,2025-04-02
27974,NC,2024-11-22
27975,AZ,2024-10-20
27976,AZ,2023-07-03
27977,NY,2024-04-18
27978,IL,2023-04-07
27979,VA,2023-12-02
27980,TX,2024-02-07
27981,AZ,2023-08-24
27982,NY,2024-08-28
27983,IL,2023-08-11
27984,FL,2025-07-04
27985,WA,2024-09-14
27986,WA,2023-03-03
27987,TX,2023-08-27
27988,PA,2024-07-11
27989,FL,2025-01-25
27990,TX,2024-08-29
27991,MA,2024-01-20
27992,MI,2025-07-31
27993,CA,2023-12-29
27994,MI,2024-07-25
27995,IL,2025-09-03
27996,FL,2025-08-17
27997,CA,2025-12-14
27998,CA,2026-02-04
27999,WA,2023-10-14
28000,AZ,2025-06-19
28001,WA,2025-06-05
28002,NC,2024-11-24
28003,MA,2023-06-30
28004,VA,2026-01-24
28005,PA,2025-10-23
28006,FL,2024-01-30
28007,AZ,2023-10-25
28008,GA,2024-11-25
28009,FL,2025-06-27
28010,MA,2023-05-20
28011,WA,2025-01-19
28012,MI,2023-01-10
28013,WA,2025-06-15
28014,IL,2025-08-10
28015,CO,2023-03-12
28016,MI,2026-02-16
28017,WA,2025-06-25
28018,MI,2023-05-07
28019,TX,2023-09-17
28020,IL,2023-08-16
28021,AZ,2024-03-20
28022,PA,2025-02-16
28023,AZ,2023-08-28
28024,NY,2024-01-15
28025,PA,2023-11-28
28026,PA,2025-07-14
28027,CO,2024-02-21
28028,CO,2023-06-14
28029,MI,2025-04-29
28030,TX,2023-08-27
28031,PA,2023-10-06
28032,CO,2023-03-11
28033,GA,2023-01-19
28034,WA,2023-08-26
28035,WA,2025-06-29
28036,IL,2023-03-11
28037,MA,2023-07-17
28038,TX,2025-10-13
28039,WA,2025-04-23
28040,CA,2023-07-13
28041,NJ,2023-05-12
28042,NC,2024-01-10
28043,WA,2025-12-29
28044,FL,2025-02-05
28045,CA,2025-01-15
28046,MA,2024-01-06
28047,MI,2023-08-18
28048,CA,2026-01-11
28049,VA,2025-01-24
28050,CO,2025-08-11
28051,AZ,2025-07-12
28052,NC,2023-07-02
28053,PA,2023-12-21
28054,NY,2025-08-27
28055,NC,2024-07-18
28056,VA,2025-09-21
28057,PA,2023-01-28
28058,WA,2025-03-24
28059,VA,2024-03-26
28060,IL,2024-05-01
28061,GA,2023-07-26
28062,MI,2024-11-09
28063,AZ,2023-08-02
28064,MA,2026-01-12
28065,IL,2023-01-27
28066,WA,2025-11-24
28067,IL,2025-03-25
28068,MI,2025-03-30
28069,AZ,2023-03-10
28070,NJ,2023-07-13
28071,FL,2023-10-24
28072,CA,2024-07-10
28073,MI,2025-08-24
28074,PA,2023-10-19
28075,GA,2024-08-25
28076,NJ,2023-11-22
28077,WA,2024-11-06
28078,CO,2025-10-11
28079,MA,2023-06-30
28080,CO,2025-02-06
28081,CA,2023-12-27
28082,GA,2024-02-28
28083,CA,2024-09-01
28084,TX,2023-05-04
28085,CO,2023-06-27
28086,PA,2023-11-26
28087,NJ,2025-08-20
28088,CA,2023-06-12
28089,AZ,2025-03-23
28090,CA,2024-05-07
28091,IL,2025-05-27
28092,WA,2024-04-15
28093,NJ,2023-12-07
28094,IL,2023-06-04
28095,TX,2025-01-29
28096,NC,2024-08-07
28097,PA,2023-04-10
28098,NC,2023-08-14
28099,IL,2025-11-19
28100,NY,2025-01-04
28101,CO,2025-11-05
28102,MI,2024-12-18
28103,PA,2024-04-02
28104,IL,2023-08-04
28105,VA,2024-09-03
28106,VA,2024-06-19
28107,FL,2024-03-08
28108,FL,2025-08-16
28109,AZ,2024-07-11
28110,NJ,2023-08-28
28111,MA,2025-03-26
28112,AZ,2023-04-12
28113,TX,2024-10-26
28114,NJ,2025-12-02
28115,TX,2023-11-17
28116,IL,2025-03-19
28117,GA,2024-02-17
28118,CA,2025-07-16
28119,WA,2023-02-03
28120,CA,2025-01-19
28121,CA,2024-03-20
28122,TX,2023-06-29
28123,TX,2024-12-17
28124,FL,2025-08-26
28125,TX,2023-11-08
28126,IL,2023-01-06
28127,PA,2024-07-01
28128,MI,2024-09-29
28129,FL,2024-04-02
28130,CO,2024-07-24
28131,CA,2023-03-09
28132,CO,2023-04-30
28133,NJ,2025-08-21
28134,CA,2025-04-27
28135,NJ,2025-05-24
28136,CA,2025-08-04
28137,MA,2025-10-06
28138,CA,2023-12-12
28139,GA,2025-07-22
28140,AZ,2024-09-19
28141,MI,2024-09-05
28142,CO,2023-10-02
28143,VA,2024-09-21
28144,MI,2025-12-24
28145,CA,2023-03-10
28146,NY,2024-12-27
28147,NY,2023-11-05
28148,NY,2023-05-27
28149,IL,2024-07-31
28150,FL,2024-05-22
28151,CO,2023-06-25
28152,CA,2024-07-31
28153,MI,2023-07-20
28154,NC,2025-11-07
28155,AZ,2026-02-24
28156,FL,2024-12-13
28157,NC,2025-12-10
28158,NJ,2023-07-07
28159,WA,2023-08-18
28160,GA,2025-08-12
28161,WA,2025-04-25
28162,VA,2024-03-02
28163,NJ,2026-01-10
28164,TX,2024-04-22
28165,NJ,2025-11-22
28166,FL,2025-01-19
28167,NC,2024-08-15
28168,MA,2025-05-16
28169,CA,2024-05-28
28170,NJ,2023-11-28
28171,IL,2024-06-16
28172,CO,2023-01-05
28173,CA,2023-10-11
28174,CO,2023-10-31
28175,MA,2025-05-13
28176,CA,2025-05-16
28177,GA,2025-04-17
28178,NJ,2023-06-17
28179,TX,2023-01-06
28180,NY,2023-05-22
28181,MA,2024-01-10
28182,NJ,2026-02-22
28183,TX,2024-01-30
28184,CA,2025-11-13
28185,NC,2023-04-19
28186,VA,2023-07-29
28187,TX,2024-08-29
28188,IL,2025-03-07
28189,TX,2023-01-02
28190,WA,2025-01-12
28191,GA,2025-02-04
28192,MA,2026-02-08
28193,NY,2023-03-17
28194,CA,2023-07-31
28195,MA,2023-07-06
28196,FL,2023-11-06
28197,NJ,2025-08-23
28198,MA,2025-06-06
28199,IL,2023-07-30
28200,MA,2023-12-17
28201,FL,2023-11-18
28202,TX,2023-07-26
28203,PA,2026-01-18
28204,WA,2024-10-19
28205,TX,2023-03-06
28206,AZ,2024-02-20
28207,TX,2025-10-19
28208,FL,2024-04-21
28209,CO,2024-01-05
28210,NY,2024-11-03
28211,FL,2025-01-12
28212,NJ,2024-10-15
28213,TX,2024-03-07
28214,MA,2023-08-27
28215,NY,2023-10-20
28216,CA,2023-08-25
28217,NC,2024-10-06
28218,CA,2024-12-01
28219,IL,2023-11-21
28220,TX,2024-02-26
28221,MA,2024-03-05
28222,CO,2023-12-20
28223,WA,2023-10-20
28224,WA,2025-03-05
28225,PA,2024-09-15
28226,NY,2024-01-16
28227,CO,2023-08-13
28228,NC,2025-06-21
28229,VA,2024-11-01
28230,CA,2024-06-03
28231,NC,2024-08-29
28232,GA,2024-11-07
28233,CA,2024-03-18
28234,CA,2024-12-19
28235,CA,2023-07-01
28236,MA,2024-03-17
28237,FL,2024-08-30
28238,PA,2025-08-01
28239,MA,2026-02-10
28240,WA,2023-09-24
28241,PA,2025-07-18
28242,AZ,2025-03-11
28243,MA,2024-04-09
28244,NC,2025-09-19
28245,AZ,2024-05-22
28246,MA,2023-04-23
28247,FL,2023-05-12
28248,NY,2025-07-13
28249,CO,2025-05-24
28250,NY,2023-04-13
28251,GA,2024-11-12
28252,WA,2025-09-05
28253,GA,2023-03-07
28254,MI,2023-05-15
28255,GA,2026-02-22
28256,AZ,2023-02-26
28257,CO,2025-02-28
28258,CO,2025-06-25
28259,FL,2024-11-24
28260,AZ,2025-11-03
28261,FL,2025-06-17
28262,AZ,2024-09-17
28263,NY,2024-04-10
28264,FL,2025-10-20
28265,FL,2023-01-27
28266,IL,2025-02-10
28267,TX,2023-11-16
28268,NY,2023-08-07
28269,MI,2024-02-23
28270,CO,2026-02-13
28271,NY,2024-08-28
28272,CO,2023-03-10
28273,MA,2024-11-13
28274,TX,2025-08-26
28275,IL,2024-04-05
28276,IL,2025-09-29
28277,NC,2023-05-29
28278,AZ,2023-07-12
28279,WA,2023-06-11
28280,VA,2025-09-02
28281,CO,2025-01-11
28282,MI,2024-07-06
28283,NJ,2023-06-11
28284,PA,2023-06-02
28285,WA,2023-11-17
28286,MA,2026-01-04
28287,IL,2024-01-15
28288,NJ,2025-02-01
28289,MI,2025-02-28
28290,MA,2024-12-01
28291,VA,2026-02-23
28292,GA,2025-01-21
28293,TX,2025-07-29
28294,NC,2024-08-03
28295,MA,2024-02-16
28296,VA,2024-07-09
28297,NC,2024-09-12
28298,TX,2023-12-15
28299,VA,2026-01-18
28300,NY,2025-09-15
28301,PA,2024-01-04
28302,MA,2023-03-10
28303,FL,2023-05-24
28304,CA,2023-02-25
28305,IL,2026-01-05
28306,NJ,2024-06-03
28307,IL,2023-03-31
28308,IL,2024-01-11
28309,NY,2025-02-15
28310,CA,2025-09-24
28311,TX,2023-12-03
28312,PA,2024-05-20
28313,AZ,2023-04-18
28314,NY,2024-08-29
28315,IL,2024-05-25
28316,VA,2023-11-17
28317,PA,2023-10-13
28318,IL,2025-03-25
28319,VA,2025-05-05
28320,WA,2024-08-09
28321,NC,2023-12-28
28322,NC,2023-08-10
28323,WA,2024-12-16
28324,GA,2024-03-13
28325,AZ,2025-10-03
28326,WA,2024-07-26
28327,VA,2024-03-23
28328,NC,2023-10-28
28329,IL,2025-08-30
28330,NJ,2024-07-02
28331,FL,2025-09-21
28332,NC,2025-09-30
28333,AZ,2024-09-05
28334,AZ,2026-02-07
28335,MI,2024-07-15
28336,CA,2024-05-22
28337,FL,2025-06-09
28338,NY,2025-04-18
28339,NC,2025-03-09
28340,TX,2025-06-01
28341,MA,2025-03-26
28342,MA,2024-05-13
28343,CA,2024-03-29
28344,CO,2025-09-11
28345,MA,2023-09-06
28346,CA,2024-10-20
28347,CO,2025-02-21
28348,AZ,2024-11-05
28349,AZ,2024-11-19
28350,NY,2023-08-18
28351,CO,2023-08-12
28352,TX,2023-02-23
28353,NC,2025-11-25
28354,MA,2024-11-30
28355,VA,2024-04-26
28356,IL,2024-08-08
28357,WA,2023-10-16
28358,MI,2023-11-07
28359,NJ,2024-04-02
28360,NC,2023-02-20
28361,AZ,2026-01-27
28362,NJ,2023-12-08
28363,NY,2024-07-16
28364,NY,2025-09-09
28365,VA,2024-04-01
28366,PA,2025-01-20
28367,MI,2025-05-01
28368,CA,2023-09-23
28369,AZ,2023-01-26
28370,GA,2025-12-09
28371,NJ,2025-07-31
28372,CO,2024-10-02
28373,CO,2023-12-31
28374,CA,2023-05-25
28375,WA,2023-06-16
28376,PA,2025-12-02
28377,IL,2025-08-29
28378,MI,2025-11-04
28379,NY,2023-05-09
28380,NC,2023-02-27
28381,MI,2023-02-23
28382,WA,2023-05-13
28383,IL,2023-07-29
28384,GA,2023-08-30
28385,MI,2024-01-18
28386,NC,2023-08-03
28387,CA,2025-12-30
28388,VA,2025-03-24
28389,NC,2026-01-18
28390,TX,2023-03-25
28391,PA,2024-10-24
28392,GA,2025-08-11
28393,MI,2023-03-23
28394,AZ,2025-03-11
28395,CA,2023-03-30
28396,CA,2023-06-09
28397,CA,2025-10-04
28398,MA,2024-01-05
28399,VA,2024-07-15
28400,WA,2023-06-28
28401,IL,2025-01-01
28402,VA,2024-05-29
28403,MI,2023-04-26
28404,AZ,2024-02-05
28405,CO,2023-10-26
28406,AZ,2024-10-30
28407,VA,2024-05-24
28408,NY,2026-02-05
28409,VA,2023-02-21
28410,NY,2025-10-04
28411,TX,2024-06-23
28412,VA,2023-07-31
28413,TX,2026-02-06
28414,VA,2025-02-08
28415,TX,2025-01-01
28416,FL,2024-06-12
28417,TX,2024-12-24
28418,NY,2025-10-09
28419,GA,2025-03-06
28420,IL,2025-07-17
28421,TX,2023-03-26
28422,GA,2024-02-25
28423,MI,2023-07-29
28424,FL,2023-03-03
28425,FL,2023-01-05
28426,CO,2024-05-10
28427,MA,2026-02-04
28428,MI,2024-12-31
28429,MA,2023-06-28
28430,NC,2025-12-25
28431,MA,2024-06-12
28432,NC,2024-01-22
28433,NJ,2024-07-05
28434,WA,2023-12-02
28435,MI,2024-08-10
28436,MA,2025-01-27
28437,FL,2025-12-10
28438,CO,2024-10-02
28439,GA,2023-11-03
28440,VA,2024-12-21
28441,PA,2023-07-30
28442,TX,2025-07-23
28443,MA,2023-02-18
28444,PA,2024-03-16
28445,NC,2023-09-03
28446,GA,2024-07-04
28447,CA,2024-03-27
28448,NY,2024-10-16
28449,MA,2023-09-04
28450,MI,2023-12-27
28451,VA,2024-10-29
28452,NY,2023-01-16
28453,MA,2024-01-25
28454,CA,2023-12-14
28455,MI,2025-07-16
28456,TX,2023-10-08
28457,MI,2023-05-25
28458,WA,2023-02-15
28459,AZ,2024-04-07
28460,PA,2025-03-31
28461,AZ,2024-05-08
28462,NJ,2023-05-13
28463,IL,2023-09-25
28464,MI,2024-08-15
28465,VA,2024-10-31
28466,GA,2025-09-05
28467,GA,2023-08-12
28468,TX,2025-06-30
28469,AZ,2023-01-02
28470,CO,2025-08-29
28471,VA,2024-09-28
28472,FL,2023-04-27
28473,MA,2024-03-12
28474,IL,2023-11-07
28475,CO,2025-10-09
28476,IL,2023-08-05
28477,FL,2024-07-24
28478,NY,2023-12-11
28479,MA,2023-03-19
28480,NJ,2026-02-16
28481,MI,2024-08-19
28482,VA,2025-10-24
28483,NJ,2024-10-30
28484,FL,2025-06-17
28485,VA,2023-11-06
28486,GA,2026-01-08
28487,GA,2023-02-13
28488,MA,2025-07-04
28489,WA,2024-03-28
28490,TX,2025-10-04
28491,TX,2024-12-30
28492,GA,2023-07-13
28493,GA,2025-11-01
28494,PA,2025-08-11
28495,VA,2024-12-17
28496,NJ,2026-02-23
28497,FL,2023-12-14
28498,NJ,2025-12-31
28499,CA,2024-03-15
28500,VA,2025-01-01
28501,NC,2023-10-29
28502,WA,2023-12-15
28503,AZ,2023-05-01
28504,CO,2025-02-24
28505,NC,2024-07-08
28506,MI,2023-07-27
28507,MI,2024-04-18
28508,FL,2023-08-02
28509,NC,2023-03-18
28510,NC,2023-09-09
28511,FL,2024-07-25
28512,VA,2023-08-01
28513,PA,2024-05-12
28514,AZ,2024-12-05
28515,GA,2023-01-29
28516,MI,2025-06-15
28517,GA,2023-03-14
28518,MA,2025-02-27
28519,NC,2023-07-25
28520,CO,2023-02-21
28521,PA,2025-09-29
28522,PA,2023-11-18
28523,FL,2024-09-18
28524,CO,2025-12-21
28525,AZ,2023-01-19
28526,IL,2023-11-07
28527,VA,2024-08-13
28528,TX,2024-06-06
28529,MA,2024-10-17
28530,TX,2023-03-26
28531,NJ,2025-08-15
28532,MA,2023-01-03
28533,WA,2025-02-09
28534,FL,2024-02-09
28535,TX,2025-12-02
28536,CO,2023-08-21
28537,FL,2024-05-22
28538,CO,2025-07-04
28539,NC,2025-09-12
28540,TX,2023-01-21
28541,NC,2025-10-30
28542,VA,2023-02-14
28543,GA,2024-08-27
28544,IL,2025-10-23
28545,MI,2023-02-12
28546,WA,2023-10-24
28547,WA,2024-01-12
28548,VA,2026-02-04
28549,TX,2025-07-25
28550,NY,2024-12-17
28551,IL,2024-09-27
28552,NJ,2026-02-10
28553,CA,2024-01-12
28554,MI,2023-02-16
28555,MI,2023-11-27
28556,AZ,2023-08-24
28557,MA,2025-05-11
28558,MI,2023-10-12
28559,WA,2025-01-23
28560,FL,2024-12-16
28561,GA,2024-12-12
28562,NC,2025-12-16
28563,CA,2024-03-12
28564,NJ,2026-01-02
28565,MI,2023-04-29
28566,FL,2024-07-24
28567,TX,2025-08-05
28568,IL,2023-02-27
28569,WA,2024-05-14
28570,MA,2024-12-31
28571,VA,2025-03-06
28572,CA,2024-04-26
28573,VA,2023-11-22
28574,WA,2025-12-22
28575,AZ,2023-08-19
28576,NY,2024-07-08
28577,NY,2024-02-27
28578,NJ,2024-12-30
28579,MI,2023-07-22
28580,NJ,2024-11-20
28581,NY,2025-02-22
28582,GA,2024-03-28
28583,NC,2025-10-23
28584,TX,2026-01-17
28585,FL,2025-12-10
28586,MI,2024-11-02
28587,WA,2025-10-17
28588,AZ,2024-04-24
28589,FL,2025-06-04
28590,FL,2024-01-31
28591,WA,2023-06-08
28592,NC,2024-04-09
28593,MI,2024-07-24
28594,GA,2025-10-10
28595,PA,2024-07-12
28596,GA,2025-09-08
28597,AZ,2025-10-17
28598,AZ,2024-06-26
28599,IL,2023-09-04
28600,NJ,2024-11-29
28601,PA,2024-08-15
28602,AZ,2025-04-21
28603,TX,2025-10-25
28604,IL,2024-05-30
28605,NC,2024-05-01
28606,FL,2024-10-16
28607,TX,2025-06-16
28608,IL,2023-11-08
28609,MI,2024-12-24
28610,NJ,2025-02-01
28611,IL,2025-09-21
28612,NY,2024-11-24
28613,GA,2023-07-28
28614,CO,2024-12-18
28615,IL,2025-01-19
28616,CA,2023-06-08
28617,PA,2024-04-05
28618,NY,2025-10-20
28619,MI,2023-02-23
28620,FL,2024-01-28
28621,MA,2023-09-01
28622,GA,2025-01-13
28623,NC,2025-04-17
28624,WA,2025-06-20
28625,NC,2023-10-18
28626,NY,2023-05-11
28627,MI,2023-10-05
28628,VA,2023-05-22
28629,NJ,2023-03-08
28630,NJ,2025-06-01
28631,NJ,2025-12-18
28632,CA,2024-01-28
28633,NC,2024-05-23
28634,AZ,2023-06-25
28635,VA,2026-01-30
28636,AZ,2023-02-06
28637,CA,2025-07-04
28638,WA,2024-08-19
28639,AZ,2024-03-09
28640,MA,2024-05-10
28641,GA,2025-06-10
28642,GA,2025-10-02
28643,CO,2026-02-23
28644,CA,2023-11-01
28645,WA,2023-09-13
28646,IL,2024-08-09
28647,IL,2024-09-13
28648,FL,2025-10-26
28649,CA,2025-04-28
28650,TX,2025-08-07
28651,NC,2024-10-18
28652,MI,2025-10-22
28653,MI,2025-07-16
28654,FL,2025-03-28
28655,FL,2023-08-16
28656,VA,2023-03-24
28657,FL,2025-09-01
28658,AZ,2024-03-16
28659,WA,2025-12-04
28660,VA,2024-12-11
28661,MI,2023-06-24
28662,MI,2024-01-19
28663,NJ,2024-02-12
28664,GA,2023-07-11
28665,FL,2026-01-13
28666,GA,2025-05-05
28667,GA,2024-04-08
28668,CA,2024-12-21
28669,WA,2023-01-29
28670,GA,2025-12-07
28671,FL,2023-09-24
28672,WA,2024-01-22
28673,FL,2024-11-12
28674,VA,2025-11-05
28675,NY,2025-10-09
28676,NC,2024-03-24
28677,NY,2023-12-13
28678,NY,2023-10-14
28679,VA,2025-09-26
28680,CA,2024-01-12
28681,TX,2024-02-26
28682,MI,2025-07-20
28683,AZ,2025-02-02
28684,NJ,2025-01-14
28685,NC,2023-08-07
28686,CA,2023-02-26
28687,FL,2024-11-17
28688,CA,2023-04-24
28689,FL,2024-04-19
28690,TX,2025-12-27
28691,GA,2023-02-27
28692,CA,2023-10-31
28693,AZ,2025-09-24
28694,CO,2026-01-04
28695,NJ,2023-10-30
28696,GA,2025-06-29
28697,PA,2025-01-03
28698,MA,2024-12-18
28699,CA,2025-05-12
28700,FL,2023-01-02
28701,NC,2025-11-29
28702,CA,2025-12-07
28703,FL,2024-12-12
28704,MI,2023-02-26
28705,TX,2023-01-12
28706,NY,2024-04-02
28707,CA,2024-11-21
28708,IL,2024-06-24
28709,PA,2026-01-20
28710,MA,2023-12-05
28711,IL,2025-01-28
28712,GA,2023-09-13
28713,PA,2026-01-26
28714,GA,2025-12-05
28715,NY,2025-11-09
28716,MI,2025-12-18
28717,MI,2023-08-28
28718,NY,2024-01-11
28719,GA,2025-11-25
28720,CA,2025-05-07
28721,WA,2024-01-22
28722,CA,2025-03-22
28723,MA,2023-07-02
28724,GA,2023-11-12
28725,IL,2023-03-26
28726,AZ,2025-04-08
28727,NY,2025-12-08
28728,IL,2025-03-22
28729,GA,2025-08-05
28730,TX,2025-04-19
28731,GA,2025-05-06
28732,CO,2025-08-02
28733,MI,2023-10-29
28734,VA,2025-08-07
28735,PA,2024-12-24
28736,MA,2024-10-12
28737,CO,2024-09-07
28738,NC,2025-12-24
28739,IL,2024-01-07
28740,TX,2024-06-23
28741,MA,2023-01-09
28742,FL,2023-06-11
28743,NJ,2025-01-04
28744,NC,2024-10-04
28745,AZ,2024-10-02
28746,WA,2025-04-07
28747,CO,2025-05-14
28748,MI,2024-10-09
28749,MA,2025-07-02
28750,MA,2023-04-07
28751,CO,2024-05-04
28752,NC,2024-06-04
28753,TX,2023-10-05
28754,TX,2025-06-24
28755,NY,2024-05-16
28756,MI,2025-09-19
28757,CA,2024-05-10
28758,NC,2023-11-19
28759,IL,2023-01-09
28760,IL,2025-10-22
28761,VA,2024-11-03
28762,NC,2023-03-05
28763,PA,2024-02-14
28764,CO,2026-02-08
28765,AZ,2023-04-02
28766,IL,2026-01-06
28767,IL,2025-12-05
28768,CA,2024-09-16
28769,PA,2023-09-08
28770,MA,2024-03-31
28771,MA,2025-07-29
28772,NC,2025-02-10
28773,GA,2024-09-01
28774,AZ,2025-09-10
28775,MI,2025-05-26
28776,PA,2024-12-07
28777,MA,2023-10-12
28778,CO,2024-10-22
28779,FL,2024-04-19
28780,GA,2025-06-14
28781,MI,2025-10-20
28782,AZ,2023-11-02
28783,CA,2025-05-06
28784,CO,2025-06-12
28785,TX,2024-05-29
28786,AZ,2024-03-24
28787,CA,2025-03-01
28788,NY,2025-05-24
28789,MI,2025-02-11
28790,IL,2023-08-11
28791,WA,2025-03-13
28792,AZ,2025-01-16
28793,TX,2024-07-30
28794,GA,2024-12-28
28795,CO,2024-04-26
28796,VA,2023-10-01
28797,TX,2023-10-08
28798,NY,2025-10-17
28799,CO,2025-08-15
28800,AZ,2023-08-18
28801,MI,2023-07-13
28802,WA,2024-05-03
28803,MI,2025-06-07
28804,GA,2023-07-21
28805,CA,2025-06-10
28806,NC,2024-07-29
28807,TX,2024-11-02
28808,WA,2025-12-21
28809,NY,2023-04-30
28810,TX,2025-03-22
28811,FL,2025-11-02
28812,FL,2025-03-28
28813,NJ,2024-02-16
28814,GA,2023-08-19
28815,CA,2025-08-26
28816,PA,2023-08-16
28817,GA,2024-03-05
28818,MI,2023-05-25
28819,GA,2023-06-10
28820,NJ,2025-05-16
28821,IL,2023-10-16
28822,NJ,2023-03-25
28823,CA,2025-07-14
28824,NJ,2024-06-17
28825,VA,2023-05-05
28826,PA,2023-06-30
28827,IL,2025-09-11
28828,CO,2024-03-05
28829,WA,2025-12-03
28830,WA,2025-04-22
28831,CA,2024-01-05
28832,CA,2025-07-18
28833,CO,2024-02-23
28834,VA,2025-08-21
28835,WA,2025-02-15
28836,CO,2026-01-13
28837,NC,2025-03-03
28838,NY,2023-03-20
28839,MI,2025-07-25
28840,FL,2024-12-07
28841,VA,2023-10-16
28842,NJ,2025-09-03
28843,AZ,2025-08-18
28844,NC,2025-05-21
28845,GA,2023-03-22
28846,VA,2026-02-19
28847,TX,2024-07-23
28848,IL,2025-03-22
28849,NJ,2024-05-16
28850,MA,2025-12-07
28851,TX,2025-07-21
28852,CA,2024-10-26
28853,NY,2024-02-13
28854,NJ,2025-04-04
28855,AZ,2025-11-02
28856,NC,2023-08-12
28857,MA,2023-08-15
28858,MA,2025-09-14
28859,PA,2023-07-10
28860,CA,2025-01-31
28861,NC,2024-12-02
28862,MA,2025-10-20
28863,MI,2024-04-12
28864,NC,2023-01-28
28865,NJ,2025-09-10
28866,IL,2025-12-01
28867,NJ,2023-02-07
28868,IL,2026-02-06
28869,MA,2024-05-24
28870,MA,2023-06-12
28871,CA,2023-10-31
28872,NC,2025-01-16
28873,WA,2025-02-20
28874,MI,2023-02-23
28875,AZ,2024-01-09
28876,AZ,2025-05-26
28877,CO,2025-01-19
28878,CO,2025-12-01
28879,TX,2024-12-28
28880,TX,2024-08-29
28881,MA,2025-03-28
28882,MI,2024-09-28
28883,FL,2023-12-08
28884,IL,2024-10-22
28885,GA,2023-06-11
28886,NC,2023-02-09
28887,NY,2025-03-08
28888,NY,2024-12-10
28889,IL,2024-09-20
28890,TX,2023-01-25
28891,CA,2025-08-22
28892,NY,2023-03-08
28893,AZ,2024-11-27
28894,VA,2023-10-30
28895,MA,2025-10-15
28896,FL,2024-04-22
28897,PA,2023-04-15
28898,NY,2024-10-18
28899,NJ,2025-12-09
28900,PA,2024-08-24
28901,PA,2024-01-24
28902,CO,2025-08-21
28903,FL,2024-03-04
28904,FL,2023-01-17
28905,NY,2024-03-18
28906,AZ,2025-10-13
28907,CA,2024-01-13
28908,CA,2024-01-27
28909,TX,2023-01-30
28910,IL,2023-05-11
28911,MA,2024-02-05
28912,VA,2023-05-03
28913,GA,2023-02-20
28914,WA,2025-07-08
28915,GA,2023-03-15
28916,CO,2023-04-21
28917,CA,2023-06-26
28918,NJ,2025-11-09
28919,PA,2023-07-24
28920,TX,2024-06-24
28921,CO,2025-10-29
28922,GA,2025-11-22
28923,AZ,2023-06-01
28924,FL,2023-03-21
28925,AZ,2025-04-25
28926,AZ,2023-05-06
28927,AZ,2024-05-22
28928,PA,2024-01-10
28929,IL,2025-09-15
28930,FL,2024-06-17
28931,VA,2023-05-31
28932,MI,2023-08-06
28933,GA,2023-10-09
28934,NY,2023-11-01
28935,IL,2024-10-23
28936,NJ,2024-10-15
28937,VA,2025-12-23
28938,TX,2023-06-22
28939,NC,2024-12-04
28940,FL,2024-02-01
28941,NY,2025-01-13
28942,NJ,2023-02-20
28943,CO,2024-09-11
28944,NC,2025-06-02
28945,CO,2023-10-02
28946,CA,2024-11-18
28947,NC,2025-05-15
28948,IL,2024-08-06
28949,CA,2023-12-28
28950,IL,2024-02-04
28951,MA,2025-03-05
28952,MI,2024-07-16
28953,NY,2026-01-12
28954,GA,2023-08-15
28955,CO,2023-01-17
28956,GA,2023-08-08
28957,MI,2024-08-06
28958,NC,2024-03-27
28959,VA,2024-09-17
28960,FL,2024-04-14
28961,FL,2023-12-17
28962,PA,2026-02-02
28963,CO,2025-06-21
28964,CA,2023-03-05
28965,CO,2025-08-07
28966,MA,2024-03-14
28967,PA,2025-06-15
28968,MA,2024-08-03
28969,GA,2023-02-01
28970,MI,2023-01-01
28971,VA,2024-12-06
28972,NC,2025-10-02
28973,MA,2024-12-16
28974,MI,2024-08-08
28975,NY,2023-06-01
28976,CA,2024-01-05
28977,CA,2024-07-16
28978,MA,2025-04-28
28979,WA,2023-09-15
28980,FL,2024-06-05
28981,WA,2025-08-22
28982,NC,2026-01-31
28983,NC,2024-10-07
28984,IL,2023-07-09
28985,PA,2024-07-31
28986,MI,2025-04-15
28987,NC,2025-05-12
28988,IL,2024-10-09
28989,CA,2024-08-29
28990,NY,2024-05-19
28991,TX,2024-01-13
28992,FL,2023-12-11
28993,IL,2025-09-09
28994,PA,2025-03-21
28995,PA,2023-03-04
28996,NJ,2025-04-28
28997,VA,2025-02-18
28998,GA,2025-05-15
28999,PA,2025-08-05
29000,NY,2024-06-22
29001,CO,2025-06-23
29002,GA,2026-01-10
29003,NY,2024-07-01
29004,GA,2024-04-12
29005,MA,2023-08-22
29006,GA,2023-03-20
29007,IL,2025-09-26
29008,NY,2025-02-28
29009,CO,2025-12-06
29010,NC,2024-06-12
29011,MI,2025-06-15
29012,GA,2023-12-11
29013,PA,2023-10-03
29014,CO,2024-02-07
29015,NY,2023-09-11
29016,MI,2025-11-04
29017,CO,2025-09-27
29018,TX,2024-06-20
29019,TX,2023-06-12
29020,GA,2026-02-05
29021,VA,2023-03-04
29022,GA,2023-08-31
29023,MI,2023-10-30
29024,GA,2025-08-20
29025,FL,2026-02-13
29026,PA,2023-11-16
29027,AZ,2025-11-11
29028,MA,2025-08-22
29029,VA,2024-05-04
29030,CO,2024-09-09
29031,MI,2025-04-21
29032,MI,2024-01-18
29033,VA,2026-02-27
29034,MI,2026-02-23
29035,VA,2024-01-05
29036,WA,2025-01-09
29037,VA,2024-02-13
29038,MI,2025-04-08
29039,MI,2023-09-18
29040,CA,2023-01-28
29041,MI,2025-04-28
29042,GA,2024-03-25
29043,IL,2024-06-10
29044,TX,2023-07-02
29045,TX,2024-01-11
29046,AZ,2023-07-29
29047,AZ,2024-06-09
29048,NC,2023-02-01
29049,CA,2023-02-13
29050,VA,2025-06-04
29051,CO,2023-04-26
29052,NY,2024-01-07
29053,PA,2025-09-21
29054,CA,2024-03-17
29055,MA,2024-09-05
29056,AZ,2025-10-24
29057,NJ,2025-10-05
29058,GA,2023-08-26
29059,IL,2023-02-28
29060,CO,2025-07-13
29061,CO,2025-07-03
29062,GA,2025-02-10
29063,MA,2025-08-12
29064,GA,2023-10-30
29065,MI,2025-09-07
29066,GA,2024-04-25
29067,PA,2023-08-17
29068,NJ,2023-02-23
29069,CA,2024-03-17
29070,IL,2024-07-28
29071,PA,2024-08-07
29072,CO,2026-01-25
29073,NC,2024-08-14
29074,GA,2023-05-10
29075,MI,2024-05-31
29076,FL,2025-08-01
29077,VA,2023-06-30
29078,NY,2024-09-09
29079,NJ,2025-10-04
29080,GA,2023-08-25
29081,GA,2024-05-26
29082,PA,2024-06-16
29083,CO,2025-08-19
29084,TX,2023-08-13
29085,WA,2023-07-22
29086,NY,2025-11-30
29087,AZ,2025-05-04
29088,TX,2025-07-22
29089,CA,2023-05-16
29090,FL,2025-11-22
29091,WA,2025-11-18
29092,PA,2025-12-16
29093,NY,2025-09-16
29094,MI,2024-03-20
29095,MI,2024-01-06
29096,TX,2025-07-27
29097,PA,2024-09-29
29098,IL,2025-07-10
29099,IL,2024-04-30
29100,MI,2023-09-15
29101,MA,2024-03-14
29102,PA,2024-08-24
29103,GA,2023-01-18
29104,FL,2023-08-07
29105,WA,2024-05-26
29106,NJ,2023-07-28
29107,NY,2024-06-10
29108,IL,2023-08-23
29109,FL,2023-07-30
29110,WA,2023-09-30
29111,MA,2023-05-24
29112,IL,2025-01-03
29113,CO,2024-05-16
29114,IL,2024-03-19
29115,NC,2026-01-14
29116,AZ,2023-06-29
29117,CO,2025-10-13
29118,VA,2026-01-08
29119,AZ,2023-06-28
29120,AZ,2023-10-26
29121,FL,2025-01-24
29122,PA,2023-01-09
29123,MA,2023-07-11
29124,TX,2026-01-18
29125,CA,2025-10-22
29126,VA,2025-10-23
29127,GA,2025-08-07
29128,GA,2024-05-06
29129,IL,2025-02-18
29130,MI,2025-08-25
29131,NY,2025-10-14
29132,CO,2024-11-07
29133,NC,2024-12-25
29134,IL,2023-07-14
29135,MA,2024-05-13
29136,VA,2024-07-21
29137,CA,2023-06-03
29138,TX,2025-12-05
29139,MI,2023-06-30
29140,CA,2023-08-14
29141,NC,2025-11-21
29142,CA,2023-12-13
29143,PA,2024-03-21
29144,PA,2023-06-24
29145,NJ,2025-04-08
29146,VA,2026-02-27
29147,CA,2023-09-09
29148,FL,2024-10-12
29149,VA,2024-04-28
29150,MA,2024-09-15
29151,MA,2023-06-07
29152,PA,2024-07-22
29153,VA,2025-10-21
29154,WA,2023-01-09
29155,PA,2024-05-23
29156,IL,2024-06-27
29157,NY,2024-08-11
29158,WA,2025-03-23
29159,MA,2023-04-05
29160,AZ,2024-11-27
29161,GA,2025-08-30
29162,IL,2025-07-10
29163,PA,2025-09-11
29164,AZ,2023-04-27
29165,NC,2023-12-26
29166,FL,2025-11-19
29167,TX,2023-11-21
29168,GA,2023-03-15
29169,MA,2025-09-05
29170,NJ,2025-03-17
29171,AZ,2024-07-04
29172,VA,2024-02-08
29173,IL,2023-04-14
29174,MA,2024-12-06
29175,MI,2023-05-23
29176,CO,2024-12-14
29177,WA,2025-07-05
29178,TX,2023-07-26
29179,TX,2024-06-29
29180,VA,2025-04-03
29181,NY,2026-01-11
29182,CO,2023-09-20
29183,CA,2023-06-21
29184,PA,2023-12-28
29185,CO,2023-02-11
29186,TX,2023-10-01
29187,GA,2024-05-14
29188,PA,2023-05-12
29189,AZ,2025-06-28
29190,PA,2024-02-29
29191,NJ,2025-07-31
29192,NY,2024-08-31
29193,NC,2025-12-12
29194,GA,2025-02-27
29195,IL,2023-07-13
29196,CA,2025-10-03
29197,WA,2024-04-08
29198,NC,2023-07-12
29199,GA,2024-01-22
29200,VA,2024-10-18
29201,IL,2025-09-27
29202,MA,2025-03-05
29203,FL,2025-10-16
29204,CA,2023-04-18
29205,WA,2023-09-13
29206,NY,2026-01-07
29207,CO,2024-01-25
29208,FL,2024-12-25
29209,CA,2025-10-31
29210,NC,2025-11-24
29211,MA,2024-06-23
29212,PA,2025-05-05
29213,NJ,2023-04-19
29214,NY,2023-01-24
29215,TX,2024-05-13
29216,AZ,2025-09-16
29217,GA,2024-01-07
29218,MI,2024-02-01
29219,VA,2023-09-29
29220,GA,2026-01-01
29221,NY,2023-02-19
29222,TX,2023-03-12
29223,NJ,2024-05-06
29224,PA,2024-04-18
29225,GA,2023-01-24
29226,CA,2025-09-19
29227,NY,2024-04-13
29228,NJ,2023-08-02
29229,NY,2023-05-27
29230,NC,2025-07-28
29231,AZ,2024-01-17
29232,TX,2025-10-25
29233,NC,2025-04-23
29234,TX,2025-05-21
29235,NC,2024-01-25
29236,VA,2025-04-29
29237,NY,2025-10-27
29238,CO,2024-12-23
29239,CO,2025-02-21
29240,CO,2025-04-06
29241,NY,2023-01-04
29242,MI,2023-04-16
29243,VA,2023-02-09
29244,GA,2024-07-30
29245,NJ,2024-06-30
29246,MA,2024-07-09
29247,PA,2024-10-23
29248,WA,2024-07-30
29249,MA,2023-12-10
29250,CO,2025-02-26
29251,GA,2023-06-13
29252,NY,2024-02-06
29253,IL,2024-04-29
29254,GA,2023-12-19
29255,VA,2024-11-03
29256,IL,2025-04-16
29257,NY,2026-01-10
29258,CA,2023-09-22
29259,PA,2025-12-01
29260,TX,2025-09-17
29261,NJ,2023-07-26
29262,WA,2023-04-20
29263,MA,2023-03-13
29264,NC,2024-02-12
29265,NC,2025-04-19
29266,TX,2024-12-09
29267,GA,2023-10-06
29268,NC,2026-02-04
29269,PA,2023-02-20
29270,FL,2026-02-20
29271,NC,2024-03-06
29272,NY,2024-07-04
29273,TX,2023-11-20
29274,WA,2024-01-10
29275,TX,2025-05-23
29276,WA,2024-07-01
29277,FL,2025-07-26
29278,VA,2024-01-11
29279,NJ,2023-04-19
29280,NC,2024-05-05
29281,VA,2025-11-08
29282,TX,2024-07-02
29283,PA,2023-08-21
29284,IL,2024-07-07
29285,CO,2025-08-20
29286,VA,2025-05-22
29287,PA,2023-04-17
29288,FL,2023-03-01
29289,GA,2024-01-07
29290,IL,2023-04-28
29291,WA,2024-11-10
29292,TX,2023-10-13
29293,WA,2023-01-19
29294,WA,2025-10-02
29295,AZ,2024-08-24
29296,MI,2025-10-10
29297,PA,2023-04-26
29298,PA,2025-11-29
29299,FL,2023-05-01
29300,PA,2024-09-13
29301,IL,2023-12-30
29302,TX,2023-07-24
29303,NC,2024-04-30
29304,CA,2024-11-01
29305,MA,2025-04-25
29306,MA,2023-04-05
29307,PA,2024-06-29
29308,FL,2025-01-23
29309,GA,2023-11-26
29310,PA,2025-04-04
29311,NY,2024-10-22
29312,MI,2024-09-06
29313,VA,2023-11-06
29314,CA,2024-11-07
29315,MI,2023-06-17
29316,TX,2024-06-15
29317,MA,2026-02-06
29318,GA,2023-07-18
29319,NY,2024-02-06
29320,IL,2025-01-14
29321,TX,2023-06-21
29322,WA,2023-07-03
29323,PA,2023-01-17
29324,GA,2024-07-07
29325,TX,2025-08-24
29326,CA,2023-06-05
29327,WA,2025-11-10
29328,CA,2026-02-08
29329,CO,2024-10-01
29330,MA,2024-04-02
29331,MI,2025-10-02
29332,NJ,2025-12-11
29333,NY,2025-03-16
29334,AZ,2024-01-20
29335,NJ,2024-08-09
29336,GA,2025-07-17
29337,WA,2025-05-12
29338,MA,2026-01-16
29339,FL,2025-11-09
29340,PA,2024-08-03
29341,VA,2024-10-27
29342,CA,2025-03-27
29343,AZ,2023-04-16
29344,CO,2023-11-23
29345,VA,2025-02-24
29346,CA,2023-09-22
29347,TX,2023-11-18
29348,IL,2023-11-12
29349,CO,2023-04-18
29350,CO,2024-06-24
29351,NY,2025-09-20
29352,GA,2024-07-28
29353,FL,2023-08-26
29354,FL,2025-10-29
29355,MI,2023-12-02
29356,AZ,2023-01-01
29357,NY,2023-05-01
29358,CA,2025-10-29
29359,NC,2023-11-09
29360,MA,2023-07-03
29361,NJ,2025-06-07
29362,NC,2025-02-07
29363,TX,2025-10-16
29364,FL,2023-11-26
29365,NJ,2024-04-15
29366,GA,2025-04-01
29367,IL,2025-11-08
29368,AZ,2025-11-07
29369,CA,2023-05-07
29370,GA,2025-10-17
29371,GA,2024-11-30
29372,WA,2023-01-16
29373,CO,2024-10-14
29374,MA,2024-03-12
29375,NJ,2023-01-06
29376,CO,2023-10-08
29377,GA,2023-01-15
29378,AZ,2024-04-10
29379,NY,2024-01-21
29380,NC,2025-01-31
29381,WA,2025-05-23
29382,CO,2023-08-26
29383,TX,2025-07-14
29384,NJ,2024-04-15
29385,MI,2026-01-31
29386,NJ,2025-10-13
29387,IL,2023-08-03
29388,IL,2025-06-17
29389,MA,2023-03-18
29390,VA,2024-01-19
29391,NJ,2025-08-04
29392,TX,2023-05-01
29393,CO,2025-01-13
29394,CO,2023-05-25
29395,GA,2026-01-21
29396,CO,2024-04-29
29397,TX,2025-04-16
29398,IL,2024-05-19
29399,GA,2026-01-03
29400,CA,2024-04-07
29401,TX,2023-05-31
29402,NY,2025-07-27
29403,PA,2025-11-23
29404,CO,2026-02-02
29405,IL,2024-01-04
29406,NC,2023-06-21
29407,NJ,2025-12-29
29408,NJ,2024-12-20
29409,CO,2024-03-14
29410,NY,2024-07-23
29411,NJ,2026-02-17
29412,IL,2024-11-13
29413,MA,2023-04-21
29414,CO,2023-06-05
29415,GA,2024-07-06
29416,WA,2024-12-13
29417,NJ,2025-09-11
29418,TX,2025-04-28
29419,NY,2024-05-17
29420,CO,2024-04-01
29421,CA,2024-02-11
29422,NC,2024-11-22
29423,MI,2025-10-15
29424,IL,2026-01-16
29425,NY,2026-02-02
29426,TX,2025-06-02
29427,CO,2025-08-23
29428,CA,2023-09-14
29429,IL,2025-08-09
29430,TX,2024-01-22
29431,IL,2025-06-14
29432,TX,2024-09-12
29433,NJ,2023-12-10
29434,NJ,2024-03-01
29435,CO,2025-04-28
29436,WA,2025-01-16
29437,FL,2023-10-21
29438,GA,2025-12-01
29439,MI,2025-12-09
29440,WA,2025-02-20
29441,PA,2023-10-16
29442,AZ,2024-08-01
29443,FL,2023-11-19
29444,CO,2023-11-22
29445,CO,2025-01-02
29446,CO,2025-01-04
29447,FL,2023-06-16
29448,VA,2023-03-26
29449,CA,2023-04-25
29450,NY,2025-05-14
29451,FL,2025-12-09
29452,NC,2024-04-02
29453,NY,2024-01-07
29454,NJ,2023-09-16
29455,NC,2025-03-26
29456,AZ,2026-01-24
29457,AZ,2023-08-13
29458,TX,2024-04-28
29459,GA,2023-12-14
29460,MI,2023-12-07
29461,GA,2024-11-29
29462,AZ,2024-02-17
29463,MI,2025-10-02
29464,NJ,2025-04-12
29465,GA,2025-07-04
29466,MA,2023-10-09
29467,MI,2024-06-22
29468,FL,2024-10-24
29469,CA,2023-07-18
29470,TX,2025-02-28
29471,MI,2023-08-15
29472,AZ,2025-10-03
29473,CO,2025-01-02
29474,FL,2025-05-18
29475,NC,2023-08-16
29476,NC,2023-03-08
29477,NY,2023-12-04
29478,AZ,2024-09-01
29479,CO,2025-10-06
29480,MA,2023-04-24
29481,NJ,2023-04-14
29482,NC,2024-03-03
29483,GA,2024-05-17
29484,NY,2023-08-02
29485,MI,2025-08-14
29486,WA,2023-05-25
29487,IL,2024-08-31
29488,VA,2023-02-27
29489,NY,2024-11-08
29490,MI,2024-08-03
29491,NY,2023-05-03
29492,VA,2024-07-02
29493,MI,2023-08-23
29494,AZ,2024-05-05
29495,AZ,2023-03-16
29496,NC,2023-10-22
29497,AZ,2024-05-14
29498,FL,2024-11-16
29499,MI,2026-02-15
29500,CO,2024-10-17
29501,MI,2023-12-10
29502,AZ,2023-06-08
29503,MI,2025-02-20
29504,VA,2023-02-16
29505,NJ,2023-12-29
29506,WA,2024-09-05
29507,GA,2025-02-23
29508,FL,2025-09-30
29509,TX,2026-02-21
29510,NC,2025-06-03
29511,MI,2023-06-19
29512,CO,2024-08-16
29513,CA,2025-04-02
29514,GA,2024-05-26
29515,FL,2026-02-17
29516,NJ,2023-01-29
29517,GA,2025-08-20
29518,CO,2023-06-11
29519,TX,2025-09-17
29520,TX,2024-07-12
29521,AZ,2023-04-10
29522,GA,2023-02-26
29523,TX,2024-04-27
29524,FL,2025-05-15
29525,GA,2024-10-11
29526,PA,2023-02-08
29527,FL,2023-04-23
29528,NJ,2024-10-12
29529,TX,2024-02-06
29530,AZ,2024-01-16
29531,MA,2023-03-19
29532,IL,2024-09-22
29533,CA,2023-08-17
29534,AZ,2026-01-24
29535,NC,2024-04-29
29536,CO,2024-11-07
29537,CA,2025-10-03
29538,FL,2025-05-09
29539,IL,2025-12-05
29540,IL,2024-08-13
29541,MA,2025-10-09
29542,AZ,2023-12-17
29543,NJ,2024-11-04
29544,PA,2023-09-16
29545,AZ,2023-02-25
29546,WA,2025-12-17
29547,WA,2023-09-21
29548,FL,2024-06-21
29549,IL,2025-08-11
29550,MA,2024-02-26
29551,NC,2025-12-08
29552,MI,2024-03-18
29553,NC,2023-01-21
29554,CA,2024-02-01
29555,GA,2023-12-21
29556,MI,2024-01-22
29557,AZ,2026-01-17
29558,CO,2025-07-16
29559,MA,2024-04-23
29560,GA,2023-01-07
29561,TX,2025-01-09
29562,NC,2023-04-09
29563,FL,2024-11-29
29564,MA,2023-05-10
29565,IL,2024-11-14
29566,AZ,2025-12-25
29567,VA,2023-01-18
29568,NY,2024-12-19
29569,NY,2023-09-25
29570,NC,2023-12-30
29571,MA,2023-11-12
29572,GA,2024-04-28
29573,NJ,2025-09-14
29574,MI,2023-11-06
29575,PA,2025-11-29
29576,GA,2024-11-13
29577,MA,2024-05-16
29578,NJ,2023-01-04
29579,CO,2024-04-04
29580,NC,2025-09-13
29581,TX,2024-02-11
29582,CA,2023-06-19
29583,MA,2025-05-08
29584,CO,2025-03-19
29585,NY,2024-08-30
29586,MI,2024-07-01
29587,GA,2023-07-01
29588,FL,2024-04-10
29589,NC,2023-12-13
29590,NJ,2025-06-21
29591,GA,2024-02-29
29592,VA,2025-05-19
29593,TX,2024-09-21
29594,CO,2023-12-06
29595,NJ,2023-09-09
29596,NY,2023-04-09
29597,MI,2024-05-09
29598,AZ,2025-02-01
29599,TX,2024-08-22
29600,CA,2025-03-05
29601,WA,2025-12-08
29602,FL,2024-08-07
29603,VA,2024-12-10
29604,CA,2024-02-19
29605,NC,2024-10-26
29606,GA,2025-11-05
29607,IL,2023-04-19
29608,IL,2023-03-28
29609,AZ,2024-01-02
29610,NJ,2024-10-18
29611,NY,2023-01-09
29612,MI,2025-06-21
29613,AZ,2024-06-13
29614,MA,2026-01-29
29615,PA,2025-12-04
29616,PA,2024-02-12
29617,MI,2025-10-27
29618,GA,2023-10-03
29619,IL,2025-01-18
29620,NJ,2025-09-20
29621,CO,2025-06-08
29622,PA,2024-02-07
29623,WA,2024-01-01
29624,NY,2024-12-02
29625,VA,2025-11-03
29626,MI,2025-07-16
29627,FL,2025-05-17
29628,PA,2024-11-19
29629,CA,2024-08-24
29630,CA,2025-09-06
29631,IL,2025-01-04
29632,MI,2023-05-16
29633,NY,2025-05-31
29634,IL,2023-05-18
29635,CA,2024-02-24
29636,NJ,2023-01-24
29637,NC,2024-05-27
29638,TX,2025-10-10
29639,AZ,2023-11-26
29640,GA,2024-04-02
29641,NY,2024-02-21
29642,CO,2025-01-11
29643,IL,2023-03-18
29644,PA,2025-12-21
29645,IL,2024-11-14
29646,MA,2023-06-24
29647,WA,2024-03-22
29648,PA,2023-01-22
29649,NJ,2025-07-25
29650,FL,2024-06-07
29651,IL,2025-08-26
29652,CO,2025-06-17
29653,FL,2023-04-10
29654,WA,2025-04-21
29655,MA,2025-02-14
29656,IL,2023-07-03
29657,VA,2023-10-06
29658,FL,2023-10-26
29659,VA,2023-10-07
29660,FL,2024-01-22
29661,NC,2023-08-13
29662,FL,2024-02-02
29663,CA,2025-05-04
29664,WA,2023-06-04
29665,CO,2024-10-13
29666,MA,2025-12-05
29667,WA,2026-02-08
29668,TX,2024-12-11
29669,MI,2023-08-16
29670,MI,2023-10-29
29671,NJ,2026-01-10
29672,CA,2024-07-23
29673,VA,2023-05-22
29674,MA,2024-03-02
29675,VA,2024-04-19
29676,MI,2024-06-20
29677,NJ,2025-12-03
29678,TX,2025-06-23
29679,FL,2025-05-09
29680,AZ,2023-08-29
29681,WA,2026-01-10
29682,VA,2024-01-30
29683,MI,2025-12-25
29684,PA,2023-10-05
29685,CO,2024-08-21
29686,VA,2025-07-13
29687,MA,2025-05-07
29688,GA,2024-07-06
29689,NJ,2025-06-09
29690,TX,2025-01-07
29691,AZ,2023-02-17
29692,NJ,2023-10-10
29693,NC,2025-01-10
29694,CA,2025-08-02
29695,CA,2024-08-04
29696,PA,2025-09-11
29697,NC,2025-05-29
29698,VA,2023-08-21
29699,AZ,2026-01-18
29700,CA,2025-01-14
29701,NY,2025-02-23
29702,NY,2025-02-03
29703,MA,2024-12-11
29704,GA,2023-01-06
29705,CO,2025-10-30
29706,MI,2024-10-04
29707,FL,2023-04-22
29708,NY,2023-03-21
29709,TX,2024-03-28
29710,NC,2023-02-17
29711,WA,2023-04-01
29712,GA,2024-11-26
29713,CO,2023-03-17
29714,VA,2026-01-13
29715,PA,2023-09-20
29716,AZ,2024-02-05
29717,TX,2025-09-27
29718,GA,2023-08-04
29719,NC,2023-02-06
29720,TX,2025-06-21
29721,NC,2025-06-05
29722,PA,2023-11-16
29723,AZ,2024-04-13
29724,CO,2023-02-14
29725,CA,2026-01-01
29726,FL,2025-05-27
29727,FL,2025-06-22
29728,IL,2026-02-06
29729,PA,2023-12-13
29730,PA,2025-05-04
29731,NY,2025-08-19
29732,MA,2025-03-22
29733,WA,2023-11-23
29734,NC,2024-05-28
29735,IL,2023-03-21
29736,NJ,2026-02-15
29737,AZ,2023-09-19
29738,IL,2026-01-08
29739,AZ,2024-08-23
29740,AZ,2024-07-10
29741,PA,2023-09-23
29742,AZ,2025-10-15
29743,NJ,2025-01-25
29744,IL,2024-01-28
29745,NC,2023-01-02
29746,PA,2024-05-10
29747,CO,2025-01-07
29748,NC,2025-01-15
29749,FL,2024-09-24
29750,NC,2025-09-06
29751,CO,2024-06-18
29752,GA,2024-02-25
29753,VA,2024-06-09
29754,VA,2024-04-15
29755,FL,2025-01-26
29756,CA,2023-10-18
29757,TX,2024-09-24
29758,CA,2026-01-24
29759,MA,2025-09-27
29760,PA,2024-05-07
29761,CA,2025-05-17
29762,NJ,2025-05-06
29763,FL,2024-04-06
29764,VA,2024-05-10
29765,AZ,2023-01-26
29766,CA,2025-02-04
29767,VA,2025-09-05
29768,VA,2023-01-30
29769,NY,2024-01-31
29770,NJ,2026-02-06
29771,MI,2025-04-29
29772,AZ,2023-11-30
29773,CA,2023-05-28
29774,VA,2024-07-25
29775,WA,2025-03-12
29776,MA,2023-07-14
29777,TX,2024-04-27
29778,AZ,2023-05-07
29779,CO,2023-08-13
29780,AZ,2025-02-25
29781,MI,2024-07-17
29782,WA,2024-07-09
29783,WA,2023-06-04
29784,VA,2023-02-07
29785,WA,2024-08-26
29786,CO,2025-09-06
29787,NY,2023-01-13
29788,NY,2023-12-15
29789,MI,2024-02-09
29790,AZ,2025-03-20
29791,PA,2023-08-13
29792,CO,2025-05-13
29793,GA,2023-10-31
29794,NJ,2025-12-05
29795,PA,2023-08-08
29796,NC,2023-03-19
29797,NC,2025-04-04
29798,NY,2023-10-05
29799,FL,2024-06-12
29800,CO,2026-01-25
29801,NY,2024-04-25
29802,FL,2026-01-30
29803,NC,2025-03-04
29804,VA,2024-11-09
29805,VA,2025-12-30
29806,CA,2024-12-29
29807,NY,2025-01-21
29808,MA,2024-07-06
29809,CA,2023-02-19
29810,PA,2025-07-23
29811,CA,2024-02-06
29812,NY,2025-01-25
29813,FL,2025-06-14
29814,MA,2023-03-07
29815,FL,2024-09-17
29816,WA,2025-07-27
29817,FL,2023-09-26
29818,FL,2024-02-20
29819,GA,2026-01-17
29820,MI,2024-06-05
29821,IL,2024-05-13
29822,PA,2024-02-05
29823,TX,2024-07-19
29824,IL,2025-04-18
29825,VA,2023-11-02
29826,MA,2025-12-18
29827,MA,2025-07-20
29828,CO,2023-09-19
29829,VA,2024-03-25
29830,FL,2025-05-26
29831,CA,2023-02-01
29832,IL,2025-03-31
29833,CO,2023-03-10
29834,WA,2023-03-24
29835,VA,2025-02-08
29836,TX,2025-03-21
29837,FL,2024-04-15
29838,CO,2025-10-24
29839,IL,2024-08-09
29840,VA,2026-02-02
29841,MI,2023-05-28
29842,VA,2023-05-02
29843,WA,2025-11-03
29844,VA,2024-05-21
29845,GA,2024-11-19
29846,NC,2024-06-16
29847,TX,2023-11-13
29848,MA,2023-05-29
29849,GA,2024-05-19
29850,NJ,2025-02-16
29851,VA,2024-05-09
29852,NJ,2025-07-03
29853,PA,2024-03-08
29854,FL,2024-08-14
29855,NC,2023-09-21
29856,NC,2024-11-27
29857,TX,2026-01-29
29858,CA,2024-08-23
29859,GA,2026-01-10
29860,VA,2024-02-09
29861,CA,2026-02-21
29862,NY,2023-09-21
29863,GA,2024-10-20
29864,WA,2025-03-08
29865,FL,2026-01-19
29866,GA,2023-08-16
29867,GA,2025-09-22
29868,NY,2025-07-04
29869,TX,2024-01-07
29870,PA,2023-12-27
29871,TX,2025-02-01
29872,WA,2023-11-30
29873,VA,2023-08-03
29874,TX,2023-06-27
29875,NC,2025-11-20
29876,IL,2025-05-07
29877,NY,2024-10-01
29878,IL,2024-01-02
29879,IL,2023-08-16
29880,NY,2023-04-26
29881,IL,2024-04-03
29882,IL,2023-11-18
29883,IL,2025-05-21
29884,PA,2024-02-29
29885,VA,2023-07-02
29886,AZ,2024-05-31
29887,WA,2025-10-11
29888,MA,2024-01-06
29889,VA,2023-10-24
29890,MI,2025-09-21
29891,PA,2025-12-14
29892,WA,2023-10-28
29893,NJ,2024-10-29
29894,CA,2023-09-13
29895,PA,2024-11-10
29896,GA,2024-01-16
29897,TX,2024-06-06
29898,NY,2025-09-30
29899,NC,2024-11-20
29900,IL,2023-05-03
29901,CO,2024-04-23
29902,NY,2024-07-13
29903,FL,2024-04-12
29904,NY,2023-07-01
29905,PA,2024-01-25
29906,PA,2025-01-22
29907,GA,2023-09-13
29908,NC,2023-08-01
29909,VA,2025-06-17
29910,MI,2023-08-08
29911,NY,2024-06-23
29912,NC,2024-02-27
29913,NY,2024-12-28
29914,AZ,2023-07-18
29915,VA,2023-05-09
29916,WA,2023-06-10
29917,PA,2025-11-22
29918,WA,2023-01-11
29919,PA,2024-05-21
29920,MA,2023-07-09
29921,CA,2025-04-21
29922,PA,2023-09-02
29923,NY,2024-01-28
29924,NJ,2026-01-11
29925,NJ,2026-02-11
29926,IL,2025-02-14
29927,NY,2025-08-12
29928,FL,2025-12-28
29929,NC,2025-03-23
29930,IL,2023-04-17
29931,VA,2025-09-30
29932,PA,2025-04-14
29933,MA,2023-12-26
29934,NC,2025-07-13
29935,WA,2023-05-30
29936,CO,2025-07-18
29937,IL,2023-04-09
29938,WA,2024-10-17
29939,FL,2025-03-22
29940,IL,2024-04-07
29941,IL,2025-06-08
29942,IL,2024-08-21
29943,CA,2026-01-12
29944,IL,2023-10-29
29945,CA,2025-01-20
29946,WA,2023-06-30
29947,MA,2025-10-19
29948,CA,2024-11-15
29949,VA,2023-07-11
29950,CA,2023-04-04
29951,VA,2025-06-17
29952,VA,2025-08-29
29953,MI,2024-11-01
29954,IL,2024-03-09
29955,MI,2023-11-26
29956,MA,2024-06-10
29957,IL,2026-02-16
29958,WA,2023-01-21
29959,IL,2023-01-21
29960,VA,2023-11-12
29961,AZ,2024-09-09
29962,TX,2025-01-14
29963,GA,2025-12-24
29964,MI,2023-05-29
29965,WA,2023-10-09
29966,NY,2025-12-14
29967,AZ,2023-04-23
29968,AZ,2025-12-05
29969,PA,2024-03-21
29970,NC,2025-12-29
29971,NC,2023-07-01
29972,MA,2025-09-07
29973,TX,2023-11-06
29974,CA,2025-08-06
29975,TX,2023-12-09
29976,GA,2024-08-30
29977,WA,2025-09-30
29978,MA,2026-02-17
29979,TX,2024-07-01
29980,FL,2023-02-03
29981,CA,2024-01-25
29982,TX,2025-07-22
29983,MA,2023-10-16
29984,FL,2025-08-28
29985,MI,2024-07-20
29986,NY,2024-06-18
29987,AZ,2025-02-03
29988,WA,2024-07-09
29989,MI,2026-01-28
29990,WA,2025-11-17
29991,MI,2024-07-29
29992,NY,2025-03-26
29993,MI,2023-11-11
29994,MI,2025-09-05
29995,NJ,2025-03-21
29996,IL,2024-11-13
29997,NC,2024-10-14
29998,FL,2024-07-08
29999,AZ,2025-02-19
30000,CA,2024-05-18
30001,TX,2024-12-31
30002,AZ,2024-02-09
30003,GA,2024-12-12
30004,NC,2023-06-03
30005,MA,2023-08-02
30006,VA,2025-12-08
30007,IL,2024-05-12
30008,AZ,2023-12-08
30009,CA,2025-02-19
30010,GA,2024-02-27
30011,VA,2023-09-01
30012,GA,2024-07-07
30013,CA,2025-06-26
30014,AZ,2024-06-08
30015,VA,2024-12-16
30016,VA,2023-07-19
30017,MI,2025-10-05
30018,IL,2023-10-07
30019,MA,2026-01-20
30020,NY,2025-12-23
30021,NC,2025-02-24
30022,CO,2025-09-19
30023,CO,2026-02-20
30024,IL,2023-02-22
30025,GA,2025-11-16
30026,TX,2024-01-09
30027,NY,2023-02-05
30028,NY,2025-08-21
30029,IL,2024-09-03
30030,MA,2025-08-04
30031,IL,2024-11-18
30032,NJ,2024-12-18
30033,TX,2024-09-09
30034,WA,2024-09-04
30035,CO,2024-09-14
30036,IL,2024-03-29
30037,NY,2023-06-28
30038,MI,2025-11-03
30039,MA,2024-11-13
30040,CO,2023-02-03
30041,FL,2024-12-10
30042,PA,2024-05-24
30043,CA,2023-07-07
30044,NY,2025-01-19
30045,FL,2023-11-24
30046,MA,2024-12-17
30047,NY,2026-02-02
30048,IL,2023-10-18
30049,NY,2023-04-07
30050,PA,2024-05-06
30051,MA,2025-03-11
30052,NY,2023-04-25
30053,TX,2023-11-06
30054,GA,2024-07-04
30055,VA,2026-02-07
30056,MI,2025-03-16
30057,FL,2024-08-07
30058,AZ,2023-04-22
30059,WA,2024-07-30
30060,GA,2023-12-22
30061,MA,2026-01-30
30062,CO,2023-11-11
30063,MI,2023-07-13
30064,NJ,2026-01-02
30065,TX,2026-01-27
30066,NJ,2024-06-08
30067,NJ,2025-09-05
30068,FL,2024-09-02
30069,MA,2025-03-30
30070,FL,2025-07-14
30071,NY,2024-10-13
30072,AZ,2023-07-23
30073,NC,2024-02-09
30074,IL,2023-08-08
30075,GA,2023-10-27
30076,NY,2025-10-07
30077,CA,2026-03-01
30078,CO,2025-07-08
30079,CA,2024-03-01
30080,CA,2024-09-26
30081,TX,2025-08-02
30082,WA,2025-09-04
30083,VA,2023-08-22
30084,PA,2023-03-31
30085,GA,2025-09-30
30086,NJ,2025-01-28
30087,NC,2024-10-21
30088,NY,2025-01-24
30089,PA,2024-03-27
30090,PA,2025-07-20
30091,CA,2023-02-17
30092,CA,2023-08-11
30093,CO,2024-12-13
30094,NC,2024-04-10
30095,NC,2025-12-19
30096,NC,2023-01-17
30097,NY,2024-11-09
30098,VA,2026-01-05
30099,GA,2024-04-15
30100,GA,2025-09-15
30101,NY,2025-04-08
30102,TX,2026-01-29
30103,NY,2024-06-23
30104,IL,2023-07-25
30105,MI,2024-04-24
30106,MA,2023-03-14
30107,PA,2024-08-04
30108,IL,2024-12-19
30109,TX,2024-06-25
30110,PA,2024-10-17
30111,MI,2025-01-27
30112,TX,2025-02-18
30113,PA,2025-02-09
30114,NY,2023-03-08
30115,NY,2025-05-03
30116,NJ,2024-01-06
30117,PA,2023-12-30
30118,WA,2024-02-04
30119,NJ,2025-04-29
30120,NJ,2023-09-17
30121,CO,2025-12-04
30122,IL,2025-06-16
30123,GA,2023-11-11
30124,NJ,2025-06-25
30125,WA,2025-07-28
30126,NC,2023-08-17
30127,FL,2025-01-19
30128,GA,2023-04-28
30129,PA,2023-05-06
30130,NC,2025-09-12
30131,NJ,2023-05-12
30132,AZ,2023-12-12
30133,WA,2023-03-25
30134,CA,2023-02-11
30135,WA,2024-03-10
30136,MI,2023-02-17
30137,WA,2025-12-01
30138,WA,2023-07-04
30139,VA,2024-02-05
30140,NY,2025-08-28
30141,VA,2024-05-16
30142,IL,2024-01-02
30143,WA,2026-02-08
30144,NY,2023-09-18
30145,PA,2025-12-23
30146,NC,2024-11-22
30147,MI,2024-05-14
30148,MI,2025-12-19
30149,AZ,2026-01-17
30150,CO,2023-12-22
30151,IL,2024-10-07
30152,NJ,2025-05-05
30153,NC,2024-02-09
30154,PA,2023-01-18
30155,NJ,2024-01-03
30156,TX,2023-08-09
30157,GA,2023-09-30
30158,VA,2025-08-22
30159,NJ,2023-06-22
30160,NJ,2023-05-03
30161,AZ,2024-04-11
30162,FL,2024-09-27
30163,TX,2025-03-26
30164,MA,2024-11-20
30165,PA,2024-10-10
30166,VA,2024-05-15
30167,MI,2023-11-17
30168,AZ,2023-03-02
30169,CO,2023-05-06
30170,MA,2023-07-11
30171,CA,2023-07-12
30172,CA,2024-08-11
30173,VA,2025-11-12
30174,WA,2025-01-12
30175,MI,2024-01-18
30176,AZ,2026-01-21
30177,CO,2025-04-05
30178,AZ,2024-12-04
30179,NC,2024-08-31
30180,NJ,2026-02-27
30181,TX,2023-08-13
30182,CO,2023-01-12
30183,TX,2023-12-14
30184,FL,2025-03-13
30185,NC,2023-03-15
30186,MA,2026-02-08
30187,TX,2025-06-07
30188,FL,2023-07-16
30189,CO,2023-07-10
30190,FL,2025-07-25
30191,GA,2025-12-23
30192,FL,2024-10-12
30193,VA,2024-05-08
30194,AZ,2025-12-24
30195,FL,2024-10-24
30196,VA,2023-09-17
30197,WA,2023-06-18
30198,CA,2023-06-26
30199,MA,2024-08-09
30200,GA,2023-02-24
30201,PA,2024-09-25
30202,GA,2024-06-22
30203,CA,2024-11-17
30204,MI,2023-05-16
30205,IL,2025-11-12
30206,TX,2024-06-21
30207,FL,2023-06-11
30208,CO,2023-06-09
30209,MI,2024-06-01
30210,FL,2023-11-11
30211,CO,2024-11-20
30212,FL,2024-12-08
30213,GA,2023-09-21
30214,IL,2025-07-30
30215,CA,2023-12-06
30216,VA,2024-04-06
30217,NC,2023-11-10
30218,NY,2025-06-02
30219,MA,2023-05-11
30220,NC,2023-03-20
30221,MA,2024-10-28
30222,TX,2023-03-06
30223,CA,2024-07-22
30224,CO,2025-08-05
30225,VA,2025-08-04
30226,VA,2025-02-23
30227,NC,2023-02-21
30228,AZ,2025-08-01
30229,NJ,2025-04-05
30230,MI,2025-11-15
30231,NJ,2025-11-16
30232,NC,2023-12-03
30233,MI,2023-05-19
30234,MA,2024-01-27
30235,NC,2023-08-22
30236,CO,2024-03-07
30237,CA,2023-10-15
30238,AZ,2023-01-29
30239,TX,2026-02-03
30240,VA,2024-08-30
30241,NY,2024-05-18
30242,CA,2024-09-24
30243,WA,2024-09-07
30244,TX,2024-10-14
30245,NC,2023-10-25
30246,MI,2025-03-04
30247,CO,2024-12-25
30248,IL,2025-07-07
30249,NC,2025-07-28
30250,AZ,2026-01-04
30251,GA,2025-01-29
30252,GA,2025-04-05
30253,NJ,2025-04-23
30254,IL,2023-04-10
30255,NY,2023-10-01
30256,GA,2023-10-25
30257,NY,2023-07-31
30258,TX,2025-10-22
30259,IL,2025-08-13
30260,NY,2023-10-16
30261,WA,2023-07-28
30262,NY,2024-09-03
30263,PA,2024-11-27
30264,FL,2024-03-21
30265,MI,2023-07-10
30266,NJ,2025-04-20
30267,NJ,2024-11-01
30268,TX,2024-08-19
30269,WA,2025-11-11
30270,IL,2023-09-30
30271,VA,2026-02-28
30272,MA,2023-10-16
30273,NC,2023-07-11
30274,CO,2023-09-23
30275,GA,2025-04-15
30276,AZ,2023-08-31
30277,FL,2024-11-08
30278,FL,2025-09-18
30279,MA,2024-11-11
30280,PA,2023-07-31
30281,MI,2024-12-01
30282,NC,2025-06-29
30283,NC,2025-03-30
30284,NJ,2023-01-08
30285,GA,2024-08-08
30286,NJ,2023-03-19
30287,NY,2025-06-10
30288,VA,2024-11-29
30289,NJ,2024-07-24
30290,IL,2025-11-18
30291,NC,2024-08-27
30292,NC,2023-03-03
30293,CO,2024-03-03
30294,VA,2024-04-27
30295,WA,2025-04-09
30296,WA,2025-12-27
30297,CO,2025-02-03
30298,CA,2024-03-29
30299,IL,2023-01-17
30300,NC,2025-08-02
30301,VA,2023-06-01
30302,GA,2024-04-05
30303,PA,2023-09-05
30304,IL,2023-06-06
30305,MI,2024-08-22
30306,MA,2023-04-08
30307,FL,2026-01-06
30308,PA,2024-06-22
30309,NC,2023-10-23
30310,CA,2024-02-04
30311,GA,2023-01-13
30312,PA,2024-03-13
30313,IL,2024-10-26
30314,TX,2024-02-04
30315,FL,2025-12-03
30316,NC,2024-01-09
30317,PA,2025-09-30
30318,IL,2024-07-12
30319,IL,2024-04-29
30320,PA,2024-02-21
30321,GA,2026-01-12
30322,FL,2024-10-27
30323,WA,2024-04-27
30324,WA,2025-04-18
30325,TX,2023-04-16
30326,NY,2025-03-01
30327,CO,2025-03-22
30328,NC,2025-04-29
30329,MI,2023-06-19
30330,GA,2025-02-18
30331,NC,2024-05-24
30332,NJ,2023-12-16
30333,VA,2024-04-10
30334,GA,2026-01-09
30335,AZ,2024-03-24
30336,WA,2024-09-23
30337,NJ,2026-01-29
30338,GA,2025-02-03
30339,FL,2023-07-21
30340,NY,2026-02-15
30341,TX,2026-02-20
30342,CA,2025-11-14
30343,WA,2024-01-04
30344,CA,2024-01-20
30345,PA,2023-10-01
30346,NJ,2025-12-06
30347,CA,2023-12-01
30348,AZ,2024-06-17
30349,NJ,2023-12-10
30350,NJ,2023-04-17
30351,VA,2025-07-10
30352,MA,2023-12-12
30353,NY,2024-12-10
30354,MI,2025-09-19
30355,CO,2024-03-22
30356,IL,2024-04-06
30357,FL,2025-03-16
30358,GA,2025-12-08
30359,MI,2024-10-18
30360,NC,2025-12-16
30361,CO,2023-12-05
30362,VA,2025-10-28
30363,NC,2024-11-26
30364,TX,2023-01-23
30365,TX,2025-12-03
30366,FL,2024-03-12
30367,AZ,2025-06-27
30368,GA,2025-12-28
30369,GA,2024-08-16
30370,WA,2024-05-27
30371,PA,2025-09-23
30372,GA,2023-10-04
30373,IL,2024-05-06
30374,CO,2023-03-24
30375,NJ,2023-04-12
30376,CO,2024-04-12
30377,PA,2025-03-09
30378,NC,2025-09-24
30379,MI,2023-11-28
30380,MA,2025-08-10
30381,FL,2025-09-26
30382,FL,2025-05-31
30383,IL,2023-04-04
30384,AZ,2025-07-11
30385,GA,2025-12-29
30386,MA,2026-02-23
30387,WA,2024-05-20
30388,WA,2024-08-04
30389,CO,2025-06-29
30390,IL,2023-11-08
30391,CA,2026-01-30
30392,CA,2023-12-24
30393,GA,2023-05-22
30394,CO,2025-04-10
30395,IL,2023-06-20
30396,VA,2023-01-12
30397,CA,2025-12-14
30398,AZ,2024-05-16
30399,NY,2025-09-07
30400,NC,2025-06-04
30401,TX,2025-07-04
30402,NC,2025-06-10
30403,PA,2024-08-25
30404,TX,2023-11-21
30405,NY,2024-05-11
30406,PA,2023-11-12
30407,NY,2023-06-21
30408,IL,2024-08-03
30409,MA,2023-03-25
30410,FL,2023-03-29
30411,CA,2025-02-04
30412,IL,2025-08-01
30413,MA,2025-01-02
30414,FL,2025-01-15
30415,IL,2024-06-19
30416,GA,2023-11-24
30417,FL,2023-04-08
30418,PA,2023-08-02
30419,MI,2025-03-17
30420,AZ,2023-11-07
30421,NC,2023-07-02
30422,FL,2023-07-17
30423,NC,2024-02-14
30424,PA,2024-12-21
30425,WA,2023-12-23
30426,TX,2026-01-19
30427,NC,2025-05-05
30428,NY,2024-10-15
30429,MI,2024-10-04
30430,GA,2025-08-22
30431,VA,2024-09-30
30432,CA,2025-01-30
30433,WA,2023-09-21
30434,WA,2024-12-29
30435,CO,2024-06-10
30436,IL,2025-01-10
30437,IL,2023-12-31
30438,IL,2023-01-09
30439,FL,2023-04-23
30440,MI,2024-04-19
30441,CA,2024-04-23
30442,TX,2025-04-27
30443,VA,2024-04-26
30444,VA,2024-03-03
30445,MI,2023-07-04
30446,NC,2024-12-16
30447,PA,2024-08-03
30448,NJ,2024-01-11
30449,IL,2024-11-09
30450,WA,2025-07-18
30451,NC,2024-03-21
30452,CA,2025-11-01
30453,WA,2024-07-19
30454,NY,2025-05-21
30455,CA,2024-04-29
30456,FL,2023-12-02
30457,IL,2025-01-06
30458,MA,2024-11-07
30459,GA,2023-10-01
30460,WA,2023-08-19
30461,CO,2023-08-19
30462,CO,2026-02-12
30463,NJ,2024-12-10
30464,GA,2024-05-29
30465,TX,2023-04-22
30466,TX,2025-07-21
30467,GA,2025-11-25
30468,MA,2023-01-04
30469,MI,2026-02-17
30470,FL,2023-04-19
30471,MI,2026-01-06
30472,CA,2025-01-08
30473,MA,2023-02-18
30474,NC,2026-02-06
30475,IL,2024-04-24
30476,TX,2024-06-05
30477,AZ,2025-07-13
30478,WA,2024-01-11
30479,TX,2026-02-20
30480,CO,2024-08-10
30481,WA,2024-09-26
30482,NC,2024-10-10
30483,NC,2026-01-18
30484,IL,2025-10-21
30485,NY,2024-12-23
30486,CO,2024-01-02
30487,GA,2023-05-26
30488,TX,2024-09-04
30489,VA,2025-04-16
30490,MI,2023-08-20
30491,IL,2024-09-10
30492,IL,2024-04-13
30493,NY,2023-07-31
30494,NC,2026-02-03
30495,CO,2023-09-22
30496,WA,2024-09-16
30497,NJ,2025-10-13
30498,NJ,2026-01-11
30499,CO,2026-01-11
30500,AZ,2025-01-31
30501,VA,2023-12-15
30502,AZ,2023-10-22
30503,CO,2023-07-07
30504,MI,2025-04-06
30505,PA,2025-06-14
30506,TX,2025-06-20
30507,WA,2023-11-27
30508,MA,2023-02-10
30509,WA,2025-12-31
30510,IL,2025-01-25
30511,NY,2025-07-11
30512,CO,2025-10-14
30513,WA,2023-08-27
30514,IL,2024-08-21
30515,CA,2024-10-23
30516,NC,2023-01-05
30517,NY,2026-02-09
30518,NJ,2023-11-14
30519,FL,2024-11-01
30520,NJ,2023-02-16
30521,GA,2025-11-15
30522,IL,2023-10-26
30523,CO,2023-03-02
30524,NY,2025-09-24
30525,NC,2024-01-19
30526,MI,2025-01-25
30527,WA,2024-07-29
30528,PA,2025-08-24
30529,PA,2023-06-26
30530,VA,2023-04-03
30531,CA,2023-10-03
30532,FL,2024-06-17
30533,NC,2023-07-02
30534,CA,2025-05-13
30535,NJ,2024-02-16
30536,NJ,2025-11-20
30537,GA,2023-08-03
30538,NY,2025-09-05
30539,MA,2023-12-18
30540,TX,2025-07-15
30541,AZ,2023-08-20
30542,NY,2026-01-02
30543,VA,2023-09-10
30544,FL,2025-06-23
30545,MA,2026-01-02
30546,MA,2024-03-09
30547,GA,2025-01-10
30548,PA,2024-12-24
30549,VA,2023-03-25
30550,TX,2024-12-12
30551,MA,2025-09-24
30552,IL,2023-08-05
30553,NC,2024-05-25
30554,MA,2023-09-15
30555,MA,2023-08-17
30556,NC,2023-10-25
30557,WA,2024-09-09
30558,GA,2024-05-19
30559,MA,2024-10-12
30560,MA,2024-03-15
30561,PA,2023-06-22
30562,AZ,2025-07-29
30563,TX,2024-10-30
30564,CA,2023-06-11
30565,AZ,2024-08-29
30566,AZ,2025-05-07
30567,WA,2023-01-20
30568,CO,2025-12-31
30569,WA,2024-08-04
30570,NC,2024-02-06
30571,TX,2024-12-12
30572,GA,2023-11-04
30573,NY,2024-07-02
30574,MI,2025-11-05
30575,TX,2023-07-02
30576,PA,2025-05-17
30577,FL,2025-11-03
30578,NC,2023-01-24
30579,CA,2025-03-16
30580,NJ,2023-08-24
30581,FL,2025-04-29
30582,FL,2024-05-17
30583,GA,2023-09-12
30584,CO,2024-01-12
30585,NY,2026-02-06
30586,VA,2025-02-05
30587,MA,2024-02-26
30588,IL,2023-05-11
30589,MA,2025-08-01
30590,NJ,2023-08-07
30591,FL,2023-07-16
30592,AZ,2024-08-17
30593,AZ,2025-02-21
30594,WA,2024-09-09
30595,IL,2024-11-26
30596,GA,2025-04-23
30597,NY,2026-01-06
30598,NJ,2026-01-23
30599,GA,2024-01-24
30600,NC,2024-05-29
30601,CA,2023-02-16
30602,FL,2025-01-20
30603,PA,2023-09-28
30604,WA,2024-02-26
30605,GA,2025-11-17
30606,MI,2023-03-28
30607,IL,2024-11-17
30608,FL,2024-12-19
30609,NY,2025-05-11
30610,WA,2025-01-27
30611,CO,2023-02-23
30612,CO,2023-03-24
30613,IL,2024-06-27
30614,NJ,2024-01-20
30615,CA,2024-06-06
30616,MI,2023-08-11
30617,CO,2023-10-13
30618,FL,2025-04-03
30619,MI,2024-03-19
30620,AZ,2023-03-30
30621,NY,2025-02-05
30622,CA,2023-09-26
30623,MA,2025-06-26
30624,NY,2025-11-21
30625,VA,2023-03-28
30626,FL,2023-04-03
30627,FL,2025-03-12
30628,VA,2024-08-17
30629,NC,2026-01-17
30630,MI,2023-06-03
30631,CA,2025-06-14
30632,NY,2025-06-08
30633,CA,2024-02-22
30634,IL,2023-09-10
30635,VA,2025-02-06
30636,TX,2023-06-08
30637,CA,2023-11-08
30638,PA,2025-03-09
30639,CO,2024-08-03
30640,AZ,2024-03-10
30641,PA,2025-10-02
30642,AZ,2023-09-22
30643,FL,2025-10-28
30644,NC,2025-10-14
30645,MA,2023-04-17
30646,NC,2025-07-20
30647,NY,2025-01-08
30648,MI,2025-12-28
30649,IL,2024-03-15
30650,IL,2025-04-21
30651,MA,2025-06-13
30652,PA,2024-10-12
30653,CA,2024-06-03
30654,AZ,2025-12-27
30655,PA,2023-05-26
30656,CA,2024-01-19
30657,MI,2024-04-12
30658,NY,2025-01-31
30659,AZ,2025-06-08
30660,NJ,2024-05-29
30661,NY,2023-04-30
30662,WA,2025-01-19
30663,CA,2023-02-24
30664,NJ,2025-12-29
30665,NY,2023-12-22
30666,IL,2025-02-12
30667,TX,2025-06-30
30668,FL,2025-10-05
30669,CA,2025-08-19
30670,WA,2023-08-06
30671,FL,2024-12-24
30672,CO,2023-09-21
30673,TX,2023-12-10
30674,NC,2025-04-06
30675,CA,2024-06-04
30676,AZ,2025-12-01
30677,VA,2025-11-07
30678,NC,2024-03-07
30679,WA,2023-11-26
30680,AZ,2023-10-03
30681,MI,2025-07-25
30682,CA,2024-12-27
30683,NJ,2025-01-16
30684,WA,2025-12-09
30685,GA,2023-05-13
30686,WA,2024-11-30
30687,NY,2025-09-13
30688,VA,2024-08-07
30689,MI,2025-03-21
30690,NY,2023-04-15
30691,NC,2023-10-19
30692,GA,2023-08-20
30693,PA,2026-01-29
30694,AZ,2023-09-16
30695,WA,2025-08-14
30696,NJ,2023-04-22
30697,CO,2025-12-04
30698,NC,2023-08-13
30699,FL,2025-06-22
30700,NY,2026-01-01
30701,FL,2025-07-06
30702,PA,2024-08-03
30703,NJ,2025-01-05
30704,FL,2024-07-14
30705,NJ,2025-09-29
30706,GA,2025-06-05
30707,NC,2024-01-15
30708,NJ,2024-04-01
30709,IL,2023-03-25
30710,MI,2023-12-25
30711,NC,2023-02-27
30712,MI,2024-11-14
30713,IL,2024-03-12
30714,WA,2025-10-10
30715,IL,2025-05-23
30716,CA,2025-02-02
30717,VA,2025-04-19
30718,WA,2024-10-10
30719,PA,2024-06-01
30720,IL,2025-02-25
30721,CO,2023-03-27
30722,FL,2025-05-28
30723,AZ,2025-09-06
30724,WA,2024-10-28
30725,FL,2026-02-15
30726,MA,2023-09-21
30727,NC,2023-11-19
30728,IL,2023-01-11
30729,AZ,2023-09-20
30730,FL,2025-11-13
30731,IL,2025-06-26
30732,VA,2025-04-19
30733,FL,2024-03-29
30734,PA,2026-02-13
30735,CO,2023-10-07
30736,NJ,2024-07-03
30737,MI,2023-07-18
30738,MI,2024-10-31
30739,TX,2023-10-13
30740,CO,2026-02-25
30741,VA,2025-06-03
30742,NY,2023-09-15
30743,IL,2025-02-14
30744,CO,2024-10-18
30745,CA,2024-05-25
30746,IL,2024-07-13
30747,GA,2023-03-05
30748,MI,2024-12-01
30749,VA,2023-05-21
30750,NC,2025-09-04
30751,NC,2025-01-09
30752,NY,2023-04-17
30753,NJ,2023-08-01
30754,VA,2025-11-05
30755,CA,2024-01-23
30756,NY,2023-09-15
30757,WA,2026-02-11
30758,IL,2025-04-12
30759,CA,2025-03-08
30760,MA,2025-06-04
30761,NJ,2023-02-07
30762,FL,2025-07-04
30763,GA,2025-11-14
30764,MI,2025-06-11
30765,MI,2025-12-11
30766,MI,2025-04-30
30767,IL,2026-01-19
30768,GA,2023-03-02
30769,CA,2023-04-21
30770,FL,2023-09-15
30771,NY,2023-05-15
30772,IL,2023-03-01
30773,MI,2023-07-08
30774,FL,2023-12-02
30775,GA,2024-09-16
30776,AZ,2025-11-16
30777,TX,2025-10-21
30778,CA,2024-12-26
30779,NJ,2023-03-27
30780,VA,2024-10-28
30781,NJ,2023-03-21
30782,CA,2024-07-25
30783,PA,2025-03-13
30784,GA,2025-03-11
30785,GA,2025-05-24
30786,WA,2023-06-24
30787,MI,2025-05-15
30788,NY,2025-05-13
30789,GA,2025-12-18
30790,VA,2024-02-10
30791,PA,2024-05-01
30792,VA,2025-01-23
30793,CO,2023-10-10
30794,VA,2025-01-06
30795,NJ,2024-03-31
30796,NC,2023-08-10
30797,NC,2025-05-29
30798,IL,2024-12-16
30799,MA,2025-11-30
30800,PA,2024-11-13
30801,IL,2025-02-18
30802,MI,2024-12-08
30803,MI,2023-09-07
30804,WA,2024-12-07
30805,FL,2023-01-04
30806,MA,2024-03-24
30807,FL,2025-06-05
30808,NC,2024-05-25
30809,NC,2025-06-16
30810,NC,2023-02-15
30811,GA,2023-11-27
30812,WA,2023-05-06
30813,CO,2024-08-07
30814,PA,2023-12-16
30815,VA,2023-10-05
30816,MI,2026-01-22
30817,PA,2023-11-26
30818,PA,2024-04-22
30819,IL,2024-05-24
30820,FL,2025-01-26
30821,PA,2025-07-11
30822,TX,2023-01-31
30823,NJ,2025-11-27
30824,IL,2024-07-04
30825,CA,2024-11-06
30826,NY,2023-12-22
30827,MA,2025-08-18
30828,MI,2023-09-24
30829,FL,2023-10-17
30830,WA,2025-11-09
30831,MI,2023-03-04
30832,NJ,2023-06-19
30833,NC,2023-01-13
30834,CA,2024-10-10
30835,NY,2024-01-24
30836,FL,2025-01-05
30837,CO,2023-12-23
30838,NC,2024-09-24
30839,FL,2023-07-17
30840,AZ,2023-06-06
30841,TX,2023-09-27
30842,TX,2023-03-03
30843,PA,2024-05-12
30844,WA,2025-01-07
30845,TX,2023-04-27
30846,CO,2025-07-03
30847,WA,2025-09-08
30848,PA,2024-12-18
30849,AZ,2025-05-17
30850,PA,2023-10-28
30851,AZ,2023-11-23
30852,MA,2025-08-07
30853,NJ,2025-01-02
30854,CO,2024-06-05
30855,WA,2025-10-24
30856,CO,2023-06-30
30857,PA,2026-01-13
30858,MI,2024-04-30
30859,TX,2024-06-15
30860,MI,2024-12-11
30861,AZ,2023-04-06
30862,PA,2026-01-24
30863,MA,2025-02-28
30864,CO,2023-03-30
30865,MA,2025-08-04
30866,AZ,2025-07-11
30867,NY,2024-06-07
30868,CO,2023-01-28
30869,IL,2023-10-02
30870,NC,2024-07-08
30871,TX,2024-04-09
30872,FL,2023-04-09
30873,MA,2024-10-16
30874,TX,2024-03-28
30875,CA,2023-10-19
30876,IL,2025-10-14
30877,TX,2023-10-28
30878,NJ,2023-06-23
30879,MI,2023-01-30
30880,NC,2023-09-08
30881,IL,2024-09-12
30882,NC,2023-12-10
30883,PA,2025-11-26
30884,TX,2025-09-29
30885,IL,2023-12-12
30886,NJ,2026-01-25
30887,FL,2024-06-19
30888,VA,2023-12-10
30889,FL,2025-05-16
30890,NC,2023-03-27
30891,NC,2025-11-06
30892,NJ,2023-09-01
30893,NY,2025-02-18
30894,AZ,2023-01-06
30895,FL,2025-08-20
30896,NJ,2024-01-16
30897,PA,2025-02-17
30898,FL,2023-05-04
30899,NJ,2025-12-19
30900,MA,2024-05-15
30901,WA,2023-01-10
30902,CO,2025-08-28
30903,MA,2024-08-18
30904,NC,2024-04-01
30905,GA,2024-09-03
30906,CO,2024-12-27
30907,MI,2024-08-19
30908,GA,2025-10-25
30909,CA,2023-10-14
30910,NC,2023-07-26
30911,VA,2024-07-03
30912,PA,2024-11-22
30913,TX,2025-06-29
30914,WA,2025-11-08
30915,GA,2024-12-14
30916,CO,2025-05-31
30917,AZ,2024-08-22
30918,NC,2025-08-09
30919,MA,2023-08-31
30920,NY,2024-10-21
30921,MI,2025-09-23
30922,NJ,2025-08-28
30923,IL,2024-10-12
30924,FL,2025-06-04
30925,WA,2023-04-13
30926,AZ,2025-02-08
30927,WA,2023-05-28
30928,VA,2025-03-29
30929,FL,2025-10-06
30930,FL,2024-10-31
30931,MI,2025-02-07
30932,FL,2024-02-23
30933,NJ,2025-02-15
30934,NY,2026-02-10
30935,CA,2024-06-16
30936,PA,2026-01-08
30937,NY,2025-06-26
30938,MA,2023-08-16
30939,PA,2025-11-26
30940,CA,2025-09-16
30941,IL,2023-06-27
30942,FL,2024-04-12
30943,NY,2024-09-13
30944,MI,2026-02-06
30945,MI,2023-06-05
30946,TX,2023-09-17
30947,MA,2024-01-31
30948,IL,2025-07-21
30949,MI,2023-09-17
30950,MI,2023-09-28
30951,IL,2024-02-16
30952,CO,2025-11-26
30953,CO,2024-01-28
30954,IL,2023-07-14
30955,CA,2024-01-02
30956,NC,2025-06-12
30957,VA,2024-08-16
30958,MA,2024-07-15
30959,CO,2026-01-06
30960,WA,2024-06-20
30961,VA,2024-07-25
30962,NJ,2023-11-04
30963,FL,2024-08-04
30964,MA,2024-10-27
30965,PA,2024-07-13
30966,PA,2024-07-19
30967,NJ,2026-02-11
30968,VA,2023-10-04
30969,IL,2024-04-06
30970,PA,2024-09-13
30971,IL,2025-12-31
30972,AZ,2023-01-15
30973,TX,2023-02-11
30974,NJ,2023-01-20
30975,NC,2025-11-05
30976,MI,2024-10-08
30977,FL,2024-08-29
30978,WA,2023-04-03
30979,GA,2023-03-22
30980,CO,2026-01-06
30981,TX,2024-10-19
30982,IL,2024-05-09
30983,NC,2023-01-26
30984,CA,2024-10-17
30985,TX,2024-03-31
30986,NC,2026-01-05
30987,AZ,2023-11-10
30988,PA,2023-12-18
30989,MA,2025-07-11
30990,MA,2023-10-30
30991,NY,2023-11-23
30992,TX,2023-05-03
30993,MI,2023-06-27
30994,MA,2025-10-28
30995,PA,2023-01-02
30996,IL,2024-07-01
30997,VA,2024-09-22
30998,MA,2024-04-26
30999,NC,2025-12-01
31000,GA,2024-07-24
31001,CO,2024-11-22
31002,IL,2023-08-09
31003,PA,2023-02-18
31004,AZ,2025-08-09
31005,FL,2023-12-26
31006,AZ,2025-01-21
31007,VA,2024-10-01
31008,NC,2025-11-17
31009,GA,2023-04-03
31010,MA,2024-11-21
31011,WA,2024-06-22
31012,NY,2024-09-30
31013,GA,2023-04-08
31014,AZ,2024-02-22
31015,MA,2023-10-27
31016,GA,2024-07-13
31017,NJ,2025-02-22
31018,GA,2025-03-25
31019,NC,2023-04-20
31020,WA,2024-06-10
31021,MA,2024-05-18
31022,WA,2026-01-30
31023,MI,2024-08-28
31024,TX,2023-08-07
31025,NC,2023-05-09
31026,CO,2024-08-26
31027,CO,2024-07-08
31028,GA,2025-02-20
31029,NJ,2024-04-26
31030,AZ,2023-09-05
31031,PA,2025-08-01
31032,IL,2025-12-27
31033,NY,2023-04-02
31034,TX,2024-06-12
31035,VA,2024-05-28
31036,NJ,2024-03-15
31037,PA,2025-04-12
31038,NC,2024-03-14
31039,NJ,2024-09-22
31040,MI,2026-02-04
31041,IL,2024-09-20
31042,CA,2025-08-26
31043,AZ,2025-07-20
31044,NY,2025-10-29
31045,CO,2023-05-22
31046,NJ,2026-01-22
31047,CO,2025-07-13
31048,IL,2024-12-05
31049,TX,2025-07-12
31050,AZ,2023-10-15
31051,NY,2023-09-24
31052,VA,2025-07-15
31053,IL,2023-08-13
31054,CA,2025-08-22
31055,AZ,2023-06-18
31056,NC,2023-11-19
31057,IL,2023-04-05
31058,GA,2023-12-28
31059,MA,2025-08-16
31060,GA,2024-10-31
31061,NY,2024-05-25
31062,NJ,2023-09-24
31063,AZ,2025-03-10
31064,WA,2023-05-13
31065,GA,2023-12-15
31066,MA,2024-06-30
31067,GA,2025-02-01
31068,AZ,2023-09-25
31069,NJ,2025-10-02
31070,IL,2025-12-03
31071,MI,2023-09-23
31072,MA,2023-06-19
31073,NC,2023-04-27
31074,WA,2024-03-09
31075,IL,2023-03-29
31076,CA,2025-08-21
31077,CA,2023-08-22
31078,NY,2024-08-31
31079,NJ,2024-06-13
31080,AZ,2026-02-08
31081,FL,2023-08-26
31082,NJ,2023-12-30
31083,GA,2024-02-13
31084,MA,2025-09-29
31085,IL,2023-08-06
31086,MI,2024-02-07
31087,CA,2023-12-11
31088,WA,2024-04-28
31089,NJ,2023-04-23
31090,PA,2025-11-07
31091,VA,2023-08-07
31092,FL,2023-06-10
31093,WA,2025-12-29
31094,NJ,2025-10-27
31095,GA,2025-10-21
31096,PA,2023-04-09
31097,TX,2024-08-21
31098,FL,2023-11-11
31099,CO,2025-11-23
31100,TX,2023-08-14
31101,VA,2024-04-23
31102,TX,2024-05-05
31103,VA,2023-08-11
31104,GA,2024-06-03
31105,WA,2023-08-31
31106,NC,2023-03-29
31107,CA,2025-09-09
31108,MA,2024-04-24
31109,MA,2023-11-05
31110,MI,2024-10-16
31111,IL,2024-06-23
31112,IL,2023-03-31
31113,TX,2025-10-06
31114,TX,2023-11-09
31115,NC,2023-06-29
31116,NJ,2024-07-02
31117,GA,2023-01-02
31118,CA,2025-11-23
31119,MA,2023-08-14
31120,VA,2025-08-14
31121,PA,2023-12-30
31122,NJ,2025-06-03
31123,NC,2025-08-07
31124,MA,2023-04-26
31125,CO,2023-04-24
31126,IL,2024-08-17
31127,CO,2024-04-23
31128,CA,2024-12-20
31129,CA,2023-04-17
31130,GA,2023-11-11
31131,PA,2023-03-16
31132,FL,2024-11-12
31133,TX,2023-07-06
31134,IL,2023-12-05
31135,NC,2025-04-04
31136,PA,2023-02-22
31137,VA,2023-09-14
31138,PA,2023-02-15
31139,GA,2023-01-15
31140,NC,2025-04-28
31141,NJ,2024-09-19
31142,FL,2023-01-12
31143,GA,2023-01-01
31144,MI,2023-03-18
31145,WA,2024-06-25
31146,VA,2025-09-22
31147,MA,2025-06-20
31148,TX,2025-04-20
31149,TX,2023-02-19
31150,PA,2025-10-26
31151,TX,2023-03-16
31152,CO,2023-12-12
31153,AZ,2023-11-29
31154,IL,2024-11-08
31155,GA,2025-04-23
31156,GA,2025-04-30
31157,CO,2023-09-25
31158,CA,2025-01-25
31159,IL,2024-08-21
31160,FL,2024-09-03
31161,FL,2024-11-28
31162,TX,2023-10-05
31163,PA,2024-11-15
31164,GA,2023-11-14
31165,NY,2025-12-01
31166,CA,2025-12-26
31167,AZ,2025-06-23
31168,MI,2023-05-23
31169,NC,2023-06-03
31170,TX,2026-01-22
31171,VA,2024-01-13
31172,MI,2025-01-30
31173,FL,2024-06-17
31174,FL,2024-09-28
31175,IL,2025-04-05
31176,CA,2024-11-23
31177,CA,2025-02-25
31178,NY,2023-06-11
31179,FL,2024-04-10
31180,MA,2023-10-05
31181,IL,2024-04-16
31182,MI,2023-05-21
31183,NJ,2025-03-20
31184,GA,2025-04-13
31185,MA,2024-12-03
31186,PA,2023-06-19
31187,WA,2023-08-07
31188,IL,2023-02-03
31189,NC,2023-10-12
31190,GA,2025-11-25
31191,CA,2023-09-22
31192,NJ,2025-05-02
31193,GA,2023-01-07
31194,IL,2023-01-23
31195,PA,2024-06-18
31196,FL,2023-03-10
31197,PA,2023-01-13
31198,WA,2023-09-15
31199,VA,2024-12-20
31200,CA,2025-08-05
31201,MA,2026-01-25
31202,VA,2025-11-17
31203,MI,2024-10-06
31204,MI,2024-02-18
31205,VA,2026-02-01
31206,CO,2025-12-01
31207,NJ,2024-10-26
31208,WA,2025-01-05
31209,NY,2025-11-28
31210,CO,2024-03-15
31211,NC,2025-11-27
31212,MA,2023-04-19
31213,NC,2024-03-05
31214,GA,2023-12-12
31215,FL,2024-01-16
31216,NJ,2024-07-27
31217,GA,2025-11-19
31218,FL,2025-02-13
31219,TX,2023-06-07
31220,MI,2024-09-14
31221,NJ,2024-07-03
31222,TX,2024-12-24
31223,NC,2024-10-10
31224,NY,2024-10-31
31225,NC,2023-05-14
31226,TX,2024-12-01
31227,AZ,2024-08-13
31228,CO,2023-07-25
31229,NJ,2023-05-28
31230,CO,2024-05-22
31231,NY,2024-06-13
31232,NJ,2023-07-10
31233,NY,2024-02-10
31234,NY,2023-03-29
31235,NC,2024-08-29
31236,MA,2023-10-01
31237,MI,2025-09-20
31238,IL,2023-03-02
31239,PA,2023-03-23
31240,NJ,2026-01-06
31241,CA,2025-06-02
31242,NY,2024-06-19
31243,AZ,2024-11-02
31244,CA,2025-11-28
31245,MI,2025-06-17
31246,PA,2023-04-18
31247,NJ,2025-10-18
31248,MA,2024-01-31
31249,IL,2025-08-16
31250,NY,2024-06-12
31251,NY,2023-11-30
31252,NY,2023-08-15
31253,CO,2023-11-17
31254,AZ,2023-12-08
31255,MA,2025-11-17
31256,CA,2023-01-18
31257,FL,2026-02-07
31258,NJ,2024-09-24
31259,FL,2024-05-07
31260,MA,2025-03-22
31261,NY,2023-09-27
31262,FL,2025-09-25
31263,CA,2023-05-15
31264,VA,2024-05-26
31265,MI,2024-02-05
31266,VA,2026-01-11
31267,NJ,2024-10-06
31268,NJ,2023-03-20
31269,FL,2024-09-12
31270,NJ,2025-11-15
31271,MI,2023-06-16
31272,AZ,2024-11-15
31273,CA,2025-04-24
31274,NY,2024-04-05
31275,NY,2025-11-29
31276,PA,2025-03-10
31277,NC,2025-02-10
31278,PA,2023-06-23
31279,TX,2024-08-09
31280,CO,2024-07-07
31281,NJ,2026-01-25
31282,IL,2023-06-16
31283,IL,2023-07-17
31284,GA,2024-03-15
31285,CO,2024-07-12
31286,NY,2024-05-28
31287,MI,2026-01-30
31288,IL,2025-05-05
31289,CA,2024-02-18
31290,VA,2024-05-05
31291,AZ,2024-06-25
31292,GA,2023-09-08
31293,FL,2025-01-22
31294,FL,2024-11-14
31295,GA,2023-09-02
31296,TX,2024-05-02
31297,WA,2023-02-05
31298,CA,2026-01-27
31299,IL,2024-01-04
31300,TX,2025-08-16
31301,CA,2023-09-15
31302,NC,2024-05-15
31303,IL,2024-10-15
31304,AZ,2024-12-20
31305,PA,2026-02-01
31306,NC,2024-04-23
31307,NY,2023-08-28
31308,CO,2024-01-03
31309,AZ,2025-09-08
31310,VA,2023-05-29
31311,MI,2025-01-01
31312,NJ,2024-02-05
31313,PA,2024-08-16
31314,NY,2023-10-15
31315,FL,2023-05-14
31316,AZ,2023-08-13
31317,TX,2024-09-28
31318,GA,2024-08-30
31319,NY,2025-04-28
31320,TX,2025-06-18
31321,MA,2025-04-05
31322,FL,2025-07-06
31323,IL,2024-02-15
31324,TX,2024-01-09
31325,CA,2023-03-26
31326,NJ,2023-03-25
31327,IL,2024-04-26
31328,FL,2023-09-29
31329,NY,2023-01-06
31330,MA,2024-06-02
31331,MI,2023-01-14
31332,NC,2025-10-23
31333,VA,2025-03-27
31334,PA,2024-05-01
31335,MI,2025-03-07
31336,VA,2024-05-01
31337,WA,2025-07-25
31338,IL,2024-02-10
31339,IL,2024-04-07
31340,AZ,2023-05-12
31341,GA,2024-05-20
31342,PA,2024-09-24
31343,NY,2023-08-24
31344,PA,2023-01-23
31345,IL,2024-09-05
31346,GA,2026-03-01
31347,PA,2024-03-27
31348,FL,2023-10-01
31349,VA,2025-10-21
31350,PA,2024-10-22
31351,VA,2023-06-15
31352,VA,2024-02-14
31353,NJ,2023-10-24
31354,IL,2026-01-21
31355,MA,2025-07-25
31356,CA,2025-09-29
31357,WA,2023-04-06
31358,FL,2024-07-24
31359,VA,2025-06-18
31360,VA,2023-05-21
31361,VA,2024-07-16
31362,NC,2025-10-10
31363,MI,2025-02-05
31364,MI,2025-04-12
31365,NY,2023-06-26
31366,NY,2024-09-06
31367,NY,2024-10-15
31368,MA,2024-02-25
31369,NJ,2023-01-30
31370,VA,2023-05-22
31371,NJ,2023-08-11
31372,FL,2025-05-09
31373,MI,2025-04-09
31374,IL,2024-05-25
31375,MA,2025-10-23
31376,GA,2023-04-08
31377,NJ,2025-09-14
31378,NY,2024-04-04
31379,NC,2026-02-25
31380,PA,2023-09-23
31381,VA,2025-10-08
31382,GA,2025-07-31
31383,NJ,2024-01-19
31384,WA,2023-05-31
31385,VA,2024-07-24
31386,IL,2023-08-06
31387,IL,2024-08-17
31388,NJ,2026-01-30
31389,TX,2025-07-29
31390,NJ,2025-01-25
31391,NJ,2023-10-27
31392,NC,2025-12-07
31393,MA,2023-11-27
31394,MI,2025-01-31
31395,VA,2024-05-27
31396,MA,2025-07-16
31397,CO,2023-04-07
31398,WA,2023-03-31
31399,NY,2026-01-28
31400,MI,2023-06-01
31401,VA,2024-12-26
31402,TX,2023-04-18
31403,GA,2023-06-13
31404,MI,2024-03-26
31405,IL,2025-03-28
31406,CO,2023-09-05
31407,CO,2025-08-12
31408,AZ,2024-04-29
31409,WA,2024-03-17
31410,CA,2024-05-14
31411,IL,2025-09-11
31412,MA,2023-10-06
31413,GA,2024-06-07
31414,NY,2025-04-08
31415,PA,2024-05-02
31416,VA,2023-08-12
31417,NY,2025-09-11
31418,NC,2025-05-11
31419,CA,2023-04-11
31420,WA,2025-02-04
31421,NY,2024-11-05
31422,TX,2024-03-07
31423,NY,2024-07-02
31424,NJ,2024-01-25
31425,FL,2023-07-30
31426,NJ,2026-01-14
31427,TX,2025-02-01
31428,GA,2023-07-27
31429,NC,2025-09-12
31430,PA,2025-02-10
31431,NY,2025-06-30
31432,MA,2024-09-16
31433,MI,2025-02-23
31434,NJ,2026-02-27
31435,AZ,2024-08-22
31436,TX,2024-07-20
31437,NC,2025-05-08
31438,CO,2023-01-04
31439,FL,2024-05-10
31440,AZ,2024-01-14
31441,FL,2023-12-22
31442,GA,2024-04-12
31443,NJ,2024-03-13
31444,TX,2025-04-07
31445,MA,2024-12-01
31446,CA,2025-10-08
31447,MA,2023-02-15
31448,NC,2024-08-31
31449,NJ,2023-02-18
31450,NY,2023-04-30
31451,PA,2026-01-02
31452,AZ,2023-09-30
31453,AZ,2025-10-20
31454,IL,2025-10-14
31455,MI,2026-02-04
31456,VA,2023-07-03
31457,GA,2023-12-11
31458,IL,2025-03-30
31459,TX,2024-04-03
31460,CA,2023-08-13
31461,PA,2024-11-20
31462,PA,2024-01-10
31463,MI,2025-06-29
31464,FL,2025-12-15
31465,FL,2023-08-28
31466,VA,2025-04-17
31467,CO,2025-07-12
31468,NC,2024-10-29
31469,NC,2026-02-11
31470,AZ,2023-04-24
31471,VA,2025-09-27
31472,MA,2026-01-15
31473,NC,2024-08-27
31474,MA,2023-07-19
31475,MA,2024-05-01
31476,PA,2024-12-17
31477,NY,2023-03-25
31478,GA,2025-07-29
31479,IL,2023-09-25
31480,NY,2024-04-09
31481,CA,2025-11-03
31482,NJ,2025-03-31
31483,CA,2023-08-06
31484,CA,2025-09-16
31485,FL,2023-02-14
31486,FL,2023-06-09
31487,AZ,2025-02-18
31488,PA,2026-01-28
31489,GA,2026-01-11
31490,VA,2024-07-09
31491,PA,2024-11-12
31492,PA,2025-11-10
31493,CA,2025-03-04
31494,TX,2024-11-02
31495,TX,2023-08-07
31496,CO,2025-11-06
31497,NY,2024-05-30
31498,IL,2025-11-28
31499,NJ,2025-10-16
31500,FL,2024-12-01
31501,VA,2023-05-22
31502,NC,2023-12-12
31503,IL,2023-10-30
31504,VA,2026-02-27
31505,WA,2024-04-12
31506,PA,2023-12-12
31507,GA,2025-04-13
31508,GA,2023-06-25
31509,CA,2023-07-13
31510,TX,2025-08-01
31511,CA,2023-12-03
31512,IL,2024-10-05
31513,PA,2023-03-22
31514,TX,2023-06-10
31515,AZ,2024-02-11
31516,CA,2024-05-08
31517,IL,2023-07-10
31518,WA,2024-07-07
31519,PA,2026-01-23
31520,PA,2023-12-22
31521,CO,2024-01-05
31522,AZ,2025-01-14
31523,NY,2023-10-23
31524,CO,2026-01-30
31525,PA,2023-01-21
31526,WA,2026-01-11
31527,CO,2025-09-02
31528,PA,2024-11-03
31529,NC,2024-01-02
31530,FL,2024-12-10
31531,MI,2024-07-07
31532,FL,2024-07-02
31533,NC,2023-02-08
31534,MI,2023-02-16
31535,MI,2026-02-07
31536,FL,2023-07-05
31537,AZ,2025-07-12
31538,NJ,2023-11-23
31539,MI,2023-04-20
31540,IL,2023-06-22
31541,FL,2024-05-30
31542,GA,2023-03-02
31543,GA,2026-02-26
31544,TX,2024-10-20
31545,MA,2025-12-10
31546,PA,2025-11-12
31547,WA,2025-02-07
31548,MI,2025-12-20
31549,PA,2023-07-26
31550,GA,2025-03-03
31551,NY,2026-03-01
31552,TX,2025-05-26
31553,NC,2025-10-21
31554,WA,2024-07-05
31555,PA,2023-10-04
31556,WA,2025-01-28
31557,NC,2023-11-18
31558,PA,2025-06-27
31559,MI,2023-09-03
31560,AZ,2025-09-27
31561,AZ,2024-04-20
31562,MA,2026-02-10
31563,VA,2023-05-06
31564,AZ,2023-09-23
31565,CO,2023-05-18
31566,CO,2024-06-04
31567,AZ,2025-12-05
31568,CA,2026-02-21
31569,AZ,2025-12-27
31570,CA,2025-05-26
31571,TX,2024-05-16
31572,CA,2024-10-05
31573,CA,2025-01-18
31574,NC,2025-06-23
31575,CO,2024-03-30
31576,CA,2025-04-03
31577,GA,2025-12-08
31578,NY,2024-12-01
31579,GA,2024-06-04
31580,AZ,2024-01-29
31581,MA,2025-05-29
31582,GA,2024-01-30
31583,TX,2023-04-06
31584,CA,2023-03-26
31585,CA,2025-11-25
31586,NJ,2025-08-09
31587,MI,2024-02-20
31588,NC,2024-08-17
31589,IL,2024-11-05
31590,MA,2024-12-26
31591,GA,2023-08-09
31592,IL,2024-04-23
31593,WA,2024-01-27
31594,AZ,2026-02-16
31595,NY,2025-12-28
31596,NY,2024-03-20
31597,CO,2026-01-22
31598,MI,2023-11-15
31599,CA,2023-10-20
31600,CO,2025-02-04
31601,NJ,2024-05-30
31602,NC,2025-12-15
31603,NJ,2024-07-23
31604,MA,2025-01-31
31605,MA,2023-05-24
31606,WA,2023-11-05
31607,TX,2023-01-18
31608,MA,2025-04-04
31609,MA,2025-06-09
31610,MA,2026-02-09
31611,PA,2023-08-13
31612,MI,2025-05-01
31613,MI,2026-01-02
31614,NJ,2023-06-03
31615,NY,2023-04-20
31616,TX,2023-12-04
31617,TX,2024-05-21
31618,FL,2023-06-22
31619,PA,2025-10-14
31620,GA,2025-03-09
31621,NC,2024-02-03
31622,MI,2023-04-12
31623,CA,2025-09-15
31624,MI,2024-04-29
31625,MI,2023-06-23
31626,PA,2025-06-30
31627,MA,2025-11-19
31628,MA,2024-07-06
31629,NJ,2023-03-08
31630,FL,2024-05-02
31631,VA,2025-02-23
31632,NJ,2026-02-15
31633,CA,2025-04-20
31634,TX,2024-12-21
31635,WA,2023-09-05
31636,PA,2026-01-23
31637,NY,2024-04-03
31638,MA,2026-01-30
31639,AZ,2024-12-26
31640,NC,2025-10-02
31641,NC,2026-02-28
31642,MA,2024-01-11
31643,PA,2025-06-12
31644,NC,2025-05-30
31645,WA,2024-04-24
31646,MI,2024-10-05
31647,PA,2025-07-24
31648,NC,2023-04-12
31649,MI,2023-02-26
31650,IL,2024-03-06
31651,CA,2025-02-05
31652,FL,2024-04-08
31653,FL,2023-06-11
31654,NJ,2023-02-01
31655,CO,2025-10-02
31656,MI,2023-04-07
31657,NY,2023-05-19
31658,CA,2023-10-19
31659,MA,2023-05-21
31660,IL,2025-09-06
31661,WA,2023-07-17
31662,PA,2023-05-12
31663,VA,2023-12-31
31664,VA,2024-06-21
31665,VA,2023-03-13
31666,CO,2023-10-30
31667,NJ,2024-01-16
31668,MI,2025-06-14
31669,VA,2023-10-14
31670,NY,2023-06-17
31671,NY,2023-08-03
31672,GA,2026-02-13
31673,CA,2023-05-24
31674,IL,2023-11-26
31675,VA,2023-08-24
31676,VA,2024-04-13
31677,TX,2025-04-27
31678,MI,2024-11-26
31679,VA,2024-07-23
31680,WA,2025-02-21
31681,CO,2025-08-25
31682,MA,2023-05-29
31683,VA,2024-07-29
31684,PA,2024-04-13
31685,FL,2023-05-15
31686,CO,2025-03-30
31687,NJ,2023-01-19
31688,NJ,2025-06-11
31689,NC,2024-08-20
31690,NJ,2024-11-16
31691,AZ,2024-07-03
31692,NY,2023-05-21
31693,MA,2024-02-10
31694,WA,2024-05-14
31695,NJ,2023-02-04
31696,IL,2024-10-17
31697,TX,2024-10-17
31698,NJ,2023-12-24
31699,NC,2023-01-24
31700,MA,2025-09-08
31701,MA,2024-03-09
31702,NY,2023-08-03
31703,CA,2023-12-30
31704,NC,2024-04-11
31705,NY,2025-04-04
31706,PA,2023-08-24
31707,CO,2026-02-20
31708,NJ,2024-07-21
31709,NC,2024-08-20
31710,TX,2024-04-09
31711,NJ,2026-01-06
31712,FL,2024-08-26
31713,CO,2023-03-14
31714,TX,2025-04-09
31715,IL,2025-01-13
31716,NY,2023-08-22
31717,TX,2024-02-23
31718,CA,2024-02-27
31719,GA,2023-01-25
31720,FL,2023-12-21
31721,IL,2026-02-28
31722,MI,2023-04-22
31723,MA,2024-10-02
31724,NY,2024-07-30
31725,CO,2023-01-26
31726,PA,2024-06-13
31727,GA,2025-07-20
31728,AZ,2025-07-28
31729,NC,2025-11-19
31730,NJ,2024-08-12
31731,NY,2025-01-30
31732,WA,2023-06-13
31733,NY,2023-12-01
31734,NJ,2024-02-18
31735,WA,2024-08-12
31736,MA,2024-09-14
31737,IL,2023-10-10
31738,FL,2023-12-30
31739,AZ,2023-09-11
31740,NY,2025-07-10
31741,MA,2023-06-20
31742,PA,2023-07-22
31743,NC,2024-04-30
31744,GA,2023-10-07
31745,CA,2024-02-08
31746,TX,2025-10-28
31747,MA,2025-03-08
31748,MI,2023-01-18
31749,AZ,2026-02-19
31750,GA,2026-02-23
31751,VA,2024-08-17
31752,WA,2024-05-03
31753,MA,2024-03-07
31754,MI,2023-07-07
31755,NC,2023-05-04
31756,MA,2024-08-29
31757,FL,2023-05-02
31758,WA,2025-05-23
31759,NY,2025-12-30
31760,CO,2025-06-23
31761,PA,2023-04-14
31762,MI,2024-10-27
31763,MI,2024-11-03
31764,CA,2025-06-07
31765,NY,2025-12-13
31766,PA,2024-03-27
31767,TX,2025-01-20
31768,MA,2024-07-14
31769,IL,2025-05-29
31770,AZ,2024-10-07
31771,MA,2025-03-11
31772,NJ,2025-09-05
31773,WA,2023-05-26
31774,AZ,2026-02-28
31775,FL,2024-05-28
31776,MI,2025-12-24
31777,MI,2025-04-15
31778,MA,2025-11-24
31779,TX,2023-11-24
31780,VA,2024-03-03
31781,NC,2025-03-07
31782,MA,2023-11-30
31783,NY,2026-02-10
31784,PA,2026-01-22
31785,PA,2024-09-17
31786,CO,2024-02-01
31787,PA,2024-06-17
31788,IL,2023-02-26
31789,PA,2024-11-24
31790,MI,2025-10-22
31791,TX,2024-03-31
31792,TX,2025-04-04
31793,WA,2023-04-28
31794,TX,2024-07-09
31795,IL,2024-07-18
31796,NY,2024-05-10
31797,CO,2025-03-11
31798,VA,2024-10-02
31799,NJ,2023-06-12
31800,PA,2023-09-08
31801,NJ,2024-10-05
31802,GA,2023-11-25
31803,VA,2023-04-28
31804,MI,2024-01-04
31805,MA,2025-01-17
31806,AZ,2026-02-12
31807,TX,2023-07-14
31808,NJ,2024-08-28
31809,AZ,2024-12-24
31810,NC,2023-05-18
31811,FL,2025-08-20
31812,PA,2026-01-03
31813,NC,2025-11-04
31814,NY,2023-06-05
31815,GA,2025-05-25
31816,AZ,2025-11-24
31817,WA,2024-06-02
31818,PA,2023-07-01
31819,NY,2023-06-19
31820,NC,2024-05-11
31821,IL,2025-12-16
31822,MA,2025-09-30
31823,VA,2025-10-17
31824,NY,2024-12-13
31825,MI,2025-06-20
31826,CA,2023-01-02
31827,VA,2024-02-27
31828,MA,2025-02-20
31829,CA,2025-01-22
31830,TX,2024-04-18
31831,FL,2023-05-26
31832,NY,2023-11-22
31833,MA,2024-08-10
31834,WA,2023-08-18
31835,CA,2024-08-07
31836,PA,2024-09-09
31837,PA,2025-01-05
31838,CO,2025-02-20
31839,NC,2025-08-10
31840,MA,2024-11-11
31841,FL,2023-04-16
31842,NY,2023-10-12
31843,MI,2024-08-18
31844,MA,2025-04-15
31845,NJ,2024-06-09
31846,NY,2025-05-26
31847,IL,2023-06-29
31848,CA,2025-11-28
31849,AZ,2025-04-18
31850,MA,2024-05-26
31851,MA,2025-10-26
31852,PA,2024-07-05
31853,FL,2025-02-02
31854,FL,2025-01-10
31855,MI,2025-10-13
31856,NC,2024-04-17
31857,WA,2024-04-10
31858,NY,2026-01-17
31859,GA,2023-10-29
31860,NC,2026-02-17
31861,FL,2024-11-26
31862,NJ,2024-12-18
31863,GA,2025-09-23
31864,AZ,2024-04-03
31865,TX,2023-03-31
31866,GA,2023-04-26
31867,CA,2024-11-05
31868,MA,2024-02-04
31869,FL,2023-04-20
31870,MA,2023-07-19
31871,AZ,2025-03-02
31872,NC,2024-08-14
31873,MI,2025-09-13
31874,IL,2025-02-01
31875,FL,2023-03-14
31876,FL,2025-05-27
31877,CO,2024-12-17
31878,MA,2024-03-10
31879,FL,2024-08-14
31880,NJ,2023-04-25
31881,IL,2023-01-25
31882,IL,2023-06-26
31883,CA,2023-10-20
31884,VA,2025-10-23
31885,NY,2023-11-11
31886,FL,2024-11-24
31887,IL,2024-07-04
31888,IL,2023-03-04
31889,CA,2026-01-17
31890,CO,2023-04-13
31891,NY,2023-06-08
31892,VA,2024-07-14
31893,WA,2025-01-03
31894,FL,2023-12-25
31895,WA,2024-11-30
31896,WA,2025-02-03
31897,MI,2025-05-26
31898,NC,2024-05-04
31899,CO,2023-07-11
31900,NC,2023-09-01
31901,MA,2025-09-20
31902,PA,2025-07-22
31903,AZ,2024-08-05
31904,GA,2026-01-05
31905,PA,2025-01-02
31906,NJ,2025-02-19
31907,VA,2025-03-04
31908,MI,2025-09-29
31909,CA,2025-06-24
31910,IL,2025-01-02
31911,IL,2023-04-01
31912,NY,2024-07-21
31913,NJ,2024-01-23
31914,CO,2025-10-16
31915,IL,2024-03-11
31916,NJ,2025-07-04
31917,VA,2023-02-16
31918,NC,2025-08-27
31919,GA,2023-11-03
31920,NC,2023-04-24
31921,WA,2025-12-17
31922,MA,2023-02-13
31923,IL,2023-12-20
31924,NJ,2025-10-03
31925,MI,2025-11-01
31926,WA,2024-01-29
31927,IL,2024-12-17
31928,FL,2025-01-29
31929,TX,2023-08-18
31930,VA,2023-12-22
31931,CA,2024-02-28
31932,CA,2024-05-14
31933,IL,2023-01-20
31934,AZ,2023-08-03
31935,GA,2025-01-13
31936,CO,2024-05-08
31937,PA,2023-04-28
31938,NY,2024-07-14
31939,GA,2023-09-20
31940,CO,2023-12-02
31941,AZ,2024-06-05
31942,AZ,2025-05-24
31943,PA,2025-10-13
31944,GA,2023-07-23
31945,FL,2025-09-10
31946,GA,2024-10-16
31947,NY,2025-05-05
31948,VA,2023-08-04
31949,CA,2023-08-22
31950,VA,2024-02-06
31951,GA,2024-04-29
31952,NC,2024-01-25
31953,CO,2023-06-22
31954,MA,2025-03-03
31955,AZ,2024-05-21
31956,VA,2023-05-24
31957,CO,2023-09-04
31958,PA,2024-06-24
31959,CA,2023-11-16
31960,AZ,2024-11-15
31961,GA,2023-08-22
31962,PA,2024-07-15
31963,NC,2024-05-12
31964,NJ,2024-10-28
31965,GA,2024-09-03
31966,MI,2024-08-14
31967,PA,2024-06-24
31968,NJ,2023-03-03
31969,GA,2025-12-30
31970,VA,2025-08-01
31971,AZ,2024-10-06
31972,IL,2023-04-27
31973,FL,2024-05-24
31974,VA,2024-07-08
31975,NY,2025-09-15
31976,NJ,2025-04-21
31977,FL,2024-07-03
31978,MA,2025-02-13
31979,CA,2023-12-03
31980,AZ,2023-07-03
31981,GA,2025-10-13
31982,TX,2023-10-07
31983,VA,2025-03-13
31984,VA,2025-12-01
31985,FL,2024-05-30
31986,PA,2025-09-18
31987,WA,2023-04-29
31988,PA,2026-01-05
31989,VA,2025-03-02
31990,TX,2025-04-18
31991,FL,2026-02-20
31992,WA,2024-03-09
31993,PA,2024-10-29
31994,CA,2023-11-25
31995,AZ,2023-04-13
31996,GA,2025-05-20
31997,NC,2025-12-04
31998,VA,2023-12-11
31999,NC,2024-02-14
32000,VA,2023-02-18
32001,AZ,2023-04-29
32002,FL,2025-05-01
32003,VA,2024-04-12
32004,GA,2023-02-16
32005,FL,2023-01-01
32006,AZ,2023-06-10
32007,CA,2024-09-15
32008,PA,2023-01-23
32009,WA,2024-04-20
32010,VA,2025-02-03
32011,GA,2024-05-13
32012,TX,2024-05-01
32013,WA,2024-01-14
32014,TX,2025-02-13
32015,PA,2025-06-07
32016,TX,2024-11-22
32017,CA,2024-05-26
32018,NY,2023-01-14
32019,NY,2023-09-01
32020,GA,2025-10-24
32021,MA,2023-08-02
32022,CO,2023-02-18
32023,NY,2026-01-09
32024,GA,2025-05-27
32025,VA,2023-06-30
32026,TX,2024-11-02
32027,NC,2025-05-19
32028,VA,2023-08-05
32029,NY,2025-02-01
32030,PA,2024-09-16
32031,CA,2023-07-09
32032,GA,2023-01-02
32033,CO,2024-04-04
32034,VA,2024-09-23
32035,MI,2025-01-26
32036,PA,2025-02-22
32037,NJ,2023-05-11
32038,FL,2024-06-13
32039,MA,2023-08-20
32040,PA,2024-02-20
32041,AZ,2026-02-21
32042,TX,2024-07-15
32043,TX,2023-06-26
32044,FL,2025-12-31
32045,NY,2023-05-05
32046,AZ,2024-01-18
32047,NC,2025-10-25
32048,FL,2023-07-04
32049,NC,2023-03-25
32050,TX,2025-07-28
32051,CO,2024-10-26
32052,NJ,2024-12-10
32053,NY,2025-01-01
32054,NJ,2025-11-12
32055,GA,2025-09-10
32056,TX,2025-06-24
32057,FL,2024-10-11
32058,VA,2026-01-01
32059,NC,2026-01-25
32060,AZ,2024-06-22
32061,MI,2023-06-12
32062,NC,2023-03-03
32063,MI,2024-02-06
32064,MI,2023-09-20
32065,TX,2023-07-18
32066,TX,2025-02-16
32067,CO,2023-01-27
32068,CO,2025-10-01
32069,VA,2025-08-29
32070,VA,2025-03-26
32071,IL,2023-11-19
32072,FL,2023-12-11
32073,CA,2025-04-18
32074,FL,2025-01-29
32075,CO,2023-01-11
32076,IL,2024-03-10
32077,NY,2025-11-21
32078,TX,2025-04-19
32079,PA,2023-05-28
32080,MA,2023-09-26
32081,NJ,2024-12-15
32082,NJ,2026-01-26
32083,FL,2023-08-24
32084,FL,2024-10-04
32085,MI,2025-06-29
32086,MI,2025-02-02
32087,WA,2023-09-09
32088,CO,2024-07-21
32089,AZ,2025-06-10
32090,AZ,2025-01-30
32091,MA,2023-09-06
32092,GA,2025-03-24
32093,MI,2024-01-08
32094,WA,2023-06-25
32095,CA,2026-02-02
32096,FL,2025-05-14
32097,IL,2024-03-14
32098,IL,2023-02-23
32099,GA,2023-11-17
32100,NC,2025-03-29
32101,VA,2025-07-16
32102,WA,2025-01-17
32103,WA,2025-06-14
32104,IL,2024-02-08
32105,NJ,2023-12-13
32106,IL,2024-11-06
32107,TX,2024-05-03
32108,IL,2025-03-10
32109,CO,2023-12-25
32110,PA,2025-12-16
32111,IL,2025-07-30
32112,PA,2026-01-15
32113,NJ,2024-01-13
32114,WA,2025-07-19
32115,TX,2023-03-20
32116,CA,2025-08-27
32117,WA,2023-11-04
32118,IL,2026-01-17
32119,AZ,2025-09-03
32120,IL,2024-11-21
32121,AZ,2023-08-11
32122,IL,2024-10-17
32123,TX,2023-06-13
32124,MI,2024-10-12
32125,FL,2023-11-08
32126,MI,2023-06-19
32127,TX,2023-02-16
32128,NY,2023-01-06
32129,CO,2025-06-22
32130,MA,2025-12-30
32131,NJ,2026-02-20
32132,CO,2025-01-26
32133,VA,2025-06-30
32134,IL,2024-06-04
32135,NJ,2025-04-22
32136,MI,2024-07-16
32137,PA,2023-11-23
32138,MI,2025-06-01
32139,AZ,2025-01-13
32140,MA,2025-10-25
32141,CA,2025-10-26
32142,NC,2023-02-12
32143,WA,2025-05-10
32144,FL,2025-06-14
32145,NC,2023-05-11
32146,TX,2025-11-14
32147,NY,2025-06-26
32148,AZ,2024-07-30
32149,AZ,2023-09-17
32150,GA,2024-03-11
32151,CO,2024-01-18
32152,NC,2024-12-10
32153,MI,2026-02-06
32154,NY,2024-06-11
32155,IL,2024-12-15
32156,TX,2025-05-19
32157,TX,2024-08-08
32158,WA,2026-02-15
32159,MA,2024-07-28
32160,MA,2023-05-21
32161,NJ,2023-08-13
32162,NC,2023-06-10
32163,CA,2025-12-21
32164,NJ,2025-07-23
32165,MA,2024-02-01
32166,MA,2023-01-16
32167,IL,2023-08-17
32168,IL,2024-03-13
32169,VA,2024-02-18
32170,VA,2025-07-23
32171,NY,2024-08-31
32172,TX,2025-04-17
32173,TX,2024-10-13
32174,VA,2023-05-10
32175,TX,2025-07-17
32176,NY,2024-10-16
32177,GA,2025-04-28
32178,IL,2024-11-22
32179,NY,2024-04-22
32180,TX,2025-11-27
32181,NC,2025-09-02
32182,IL,2025-04-28
32183,FL,2024-06-02
32184,MA,2025-06-19
32185,IL,2023-03-06
32186,MI,2024-03-27
32187,IL,2025-05-02
32188,PA,2023-06-19
32189,TX,2025-01-07
32190,NJ,2023-08-19
32191,CO,2025-08-19
32192,GA,2023-01-06
32193,IL,2023-09-21
32194,NY,2025-07-19
32195,CA,2023-02-22
32196,TX,2023-01-19
32197,TX,2023-09-22
32198,CO,2025-03-16
32199,WA,2023-06-09
32200,CA,2025-11-12
32201,NJ,2025-07-30
32202,FL,2024-01-20
32203,MA,2025-10-27
32204,WA,2025-05-24
32205,NC,2025-05-29
32206,MI,2024-06-19
32207,VA,2023-05-10
32208,IL,2023-09-07
32209,AZ,2025-07-02
32210,NC,2024-09-09
32211,FL,2023-12-22
32212,NY,2023-11-08
32213,GA,2023-02-01
32214,MI,2025-04-17
32215,NY,2023-04-03
32216,NY,2025-06-09
32217,VA,2023-02-03
32218,PA,2025-05-01
32219,NY,2025-08-28
32220,CA,2024-08-31
32221,VA,2024-05-22
32222,PA,2023-11-09
32223,PA,2025-08-01
32224,TX,2023-02-01
32225,IL,2024-09-28
32226,MA,2024-09-11
32227,CA,2024-12-23
32228,AZ,2025-09-26
32229,WA,2023-01-02
32230,WA,2025-10-07
32231,CA,2025-12-18
32232,FL,2023-04-06
32233,NC,2024-05-19
32234,CA,2023-07-30
32235,VA,2025-02-21
32236,AZ,2025-09-19
32237,MI,2025-11-18
32238,CA,2023-04-22
32239,PA,2026-02-20
32240,MI,2023-10-30
32241,MA,2024-11-27
32242,MA,2025-05-10
32243,TX,2023-09-12
32244,MA,2025-07-15
32245,TX,2023-12-08
32246,NY,2025-01-25
32247,NC,2023-09-15
32248,MI,2025-12-19
32249,FL,2025-09-08
32250,AZ,2023-08-17
32251,NC,2024-03-07
32252,TX,2023-04-28
32253,PA,2025-06-18
32254,MA,2023-01-26
32255,PA,2023-12-06
32256,PA,2023-06-20
32257,CA,2024-06-15
32258,IL,2023-12-15
32259,MI,2024-01-12
32260,AZ,2023-05-31
32261,NY,2025-04-08
32262,CO,2023-08-18
32263,AZ,2023-12-02
32264,WA,2023-10-02
32265,TX,2024-12-15
32266,NC,2025-06-16
32267,MA,2023-09-14
32268,AZ,2024-11-11
32269,NJ,2025-10-28
32270,MI,2023-12-02
32271,MI,2025-11-29
32272,NY,2025-07-23
32273,WA,2025-09-06
32274,NJ,2025-06-05
32275,CO,2023-11-26
32276,VA,2023-08-31
32277,NJ,2023-06-14
32278,CA,2025-08-16
32279,MI,2024-04-24
32280,CA,2023-10-10
32281,TX,2026-01-23
32282,TX,2026-02-28
32283,VA,2025-07-23
32284,MA,2025-02-12
32285,IL,2023-07-28
32286,MA,2024-07-31
32287,FL,2024-04-25
32288,NJ,2025-09-30
32289,NY,2023-12-30
32290,NY,2024-02-27
32291,NC,2023-08-01
32292,CA,2025-06-17
32293,AZ,2024-06-04
32294,VA,2025-07-28
32295,AZ,2023-01-19
32296,GA,2026-01-15
32297,AZ,2024-06-13
32298,AZ,2023-08-25
32299,MA,2023-04-14
32300,NC,2025-07-25
32301,TX,2023-08-25
32302,NY,2024-07-14
32303,AZ,2026-01-30
32304,TX,2024-08-19
32305,MA,2023-02-07
32306,WA,2025-07-31
32307,PA,2024-01-26
32308,TX,2025-01-30
32309,GA,2024-09-08
32310,NY,2024-02-21
32311,MA,2025-09-11
32312,MI,2025-11-13
32313,NC,2026-01-10
32314,IL,2023-11-23
32315,IL,2024-08-06
32316,AZ,2024-09-21
32317,MA,2024-02-03
32318,IL,2023-06-05
32319,NY,2026-02-24
32320,NJ,2023-10-04
32321,WA,2025-09-30
32322,TX,2025-11-16
32323,GA,2025-07-31
32324,CO,2024-09-28
32325,NC,2025-05-23
32326,NJ,2025-06-28
32327,NY,2023-01-21
32328,MI,2023-04-17
32329,CA,2024-12-16
32330,MI,2024-06-23
32331,FL,2025-07-21
32332,FL,2023-03-08
32333,PA,2024-09-27
32334,NC,2023-08-30
32335,NJ,2025-10-02
32336,NY,2024-01-31
32337,MA,2023-08-08
32338,VA,2024-11-21
32339,MI,2024-02-23
32340,TX,2023-12-25
32341,MA,2024-05-15
32342,MA,2025-11-08
32343,CA,2025-02-19
32344,IL,2025-02-25
32345,FL,2024-11-06
32346,NJ,2023-08-02
32347,CO,2024-05-06
32348,CO,2023-08-10
32349,TX,2023-09-26
32350,FL,2026-01-12
32351,MI,2025-01-12
32352,CA,2023-02-13
32353,NC,2025-09-02
32354,NY,2023-06-10
32355,MA,2025-01-17
32356,MI,2023-11-04
32357,AZ,2023-04-27
32358,NJ,2023-12-05
32359,PA,2025-06-06
32360,MI,2024-10-28
32361,MA,2025-08-11
32362,VA,2025-07-28
32363,GA,2025-10-25
32364,NC,2023-03-12
32365,GA,2023-04-14
32366,GA,2023-02-25
32367,IL,2025-10-15
32368,CO,2025-04-03
32369,GA,2024-05-10
32370,PA,2023-02-03
32371,AZ,2023-02-22
32372,MA,2025-10-23
32373,FL,2023-11-26
32374,AZ,2025-03-15
32375,FL,2023-05-29
32376,IL,2023-05-13
32377,AZ,2023-09-16
32378,NJ,2025-09-16
32379,FL,2024-12-16
32380,NJ,2025-12-20
32381,MA,2025-07-19
32382,CO,2024-11-02
32383,CO,2023-05-27
32384,AZ,2025-04-21
32385,CO,2025-04-04
32386,NY,2024-05-10
32387,AZ,2024-09-14
32388,NC,2024-08-24
32389,NY,2025-08-01
32390,NY,2023-05-11
32391,NY,2024-12-23
32392,FL,2025-02-03
32393,WA,2026-01-22
32394,FL,2024-11-07
32395,MI,2024-07-25
32396,WA,2023-04-08
32397,FL,2024-07-07
32398,MA,2024-02-29
32399,NC,2024-08-07
32400,CA,2024-06-22
32401,AZ,2023-06-23
32402,VA,2025-02-23
32403,CA,2025-01-31
32404,NY,2025-02-01
32405,VA,2025-08-10
32406,CA,2024-04-29
32407,PA,2024-08-07
32408,MI,2025-02-20
32409,NC,2025-02-14
32410,PA,2025-04-23
32411,PA,2024-08-01
32412,NC,2025-02-09
32413,VA,2024-03-05
32414,AZ,2023-05-12
32415,NJ,2025-08-10
32416,TX,2026-02-21
32417,IL,2024-01-22
32418,NC,2024-10-09
32419,NJ,2024-09-05
32420,IL,2024-01-07
32421,CA,2025-03-24
32422,IL,2023-10-14
32423,WA,2026-01-19
32424,MA,2024-06-30
32425,IL,2025-07-30
32426,PA,2023-06-01
32427,PA,2024-07-30
32428,MA,2023-08-09
32429,NY,2025-05-07
32430,PA,2024-09-11
32431,CA,2025-05-05
32432,AZ,2024-11-16
32433,MA,2025-02-05
32434,GA,2023-02-27
32435,NY,2025-11-15
32436,PA,2024-04-30
32437,MA,2026-02-14
32438,TX,2023-08-30
32439,IL,2025-04-22
32440,TX,2026-01-21
32441,VA,2023-08-09
32442,NC,2024-12-13
32443,VA,2023-08-15
32444,NJ,2024-07-22
32445,NJ,2024-08-07
32446,NJ,2025-02-05
32447,WA,2025-02-14
32448,MI,2024-08-25
32449,NY,2026-02-23
32450,CO,2023-10-17
32451,AZ,2024-05-13
32452,CO,2025-01-21
32453,MA,2025-04-16
32454,IL,2024-06-05
32455,CA,2025-11-11
32456,CO,2025-06-26
32457,CA,2023-09-19
32458,CO,2023-04-20
32459,NJ,2024-05-15
32460,NY,2025-09-01
32461,CO,2023-01-13
32462,NC,2023-03-04
32463,PA,2025-11-13
32464,FL,2023-12-06
32465,MA,2025-11-08
32466,WA,2025-01-11
32467,CO,2023-03-29
32468,PA,2024-08-03
32469,MI,2023-04-02
32470,IL,2023-05-25
32471,AZ,2023-06-24
32472,MI,2024-04-04
32473,WA,2024-12-03
32474,CA,2023-05-15
32475,TX,2024-06-24
32476,NC,2023-08-25
32477,GA,2025-02-10
32478,MI,2025-11-30
32479,AZ,2023-09-03
32480,GA,2025-04-07
32481,WA,2024-04-03
32482,TX,2025-08-22
32483,IL,2024-09-15
32484,WA,2023-07-23
32485,MI,2023-02-27
32486,CA,2024-11-15
32487,NY,2024-08-11
32488,PA,2023-02-17
32489,WA,2026-01-18
32490,AZ,2025-03-01
32491,GA,2024-06-28
32492,PA,2023-06-29
32493,FL,2026-02-13
32494,GA,2023-01-28
32495,TX,2026-02-12
32496,CA,2025-06-18
32497,IL,2023-08-08
32498,MI,2024-01-29
32499,NC,2025-03-30
32500,AZ,2024-12-12
32501,MA,2024-12-06
32502,FL,2024-08-16
32503,NC,2023-03-07
32504,WA,2025-11-11
32505,FL,2026-01-29
32506,TX,2023-09-29
32507,CA,2025-12-08
32508,VA,2024-07-28
32509,IL,2025-07-24
32510,NC,2023-11-08
32511,WA,2025-05-25
32512,NJ,2025-04-24
32513,CA,2025-11-26
32514,WA,2025-06-26
32515,IL,2024-12-19
32516,NC,2023-12-20
32517,WA,2023-12-30
32518,CA,2024-08-08
32519,AZ,2023-07-22
32520,WA,2025-08-02
32521,NC,2024-05-23
32522,CA,2024-09-06
32523,NJ,2023-06-24
32524,TX,2025-08-03
32525,PA,2025-08-09
32526,VA,2023-12-31
32527,NY,2025-07-22
32528,VA,2023-09-23
32529,CA,2023-06-24
32530,FL,2025-09-09
32531,NY,2024-05-22
32532,WA,2023-09-08
32533,NC,2024-06-02
32534,CA,2024-04-30
32535,PA,2023-07-16
32536,NC,2025-09-29
32537,CA,2025-10-18
32538,NJ,2023-09-12
32539,NC,2026-01-14
32540,FL,2025-05-17
32541,MA,2023-06-30
32542,AZ,2023-05-29
32543,AZ,2024-09-05
32544,NY,2026-01-19
32545,NY,2024-07-02
32546,CA,2025-12-08
32547,WA,2025-11-28
32548,IL,2024-07-08
32549,VA,2025-10-18
32550,IL,2023-08-14
32551,NY,2024-03-13
32552,PA,2023-02-01
32553,PA,2026-01-23
32554,MA,2023-01-02
32555,IL,2023-10-30
32556,CO,2024-05-01
32557,IL,2024-09-02
32558,GA,2024-01-25
32559,NC,2024-12-30
32560,NY,2025-01-03
32561,MA,2024-05-26
32562,WA,2025-03-20
32563,CA,2025-09-16
32564,TX,2024-08-06
32565,FL,2024-10-11
32566,PA,2026-02-09
32567,NY,2025-01-09
32568,MA,2024-05-17
32569,CA,2023-11-27
32570,TX,2024-01-27
32571,PA,2025-02-07
32572,GA,2024-12-09
32573,NJ,2024-03-26
32574,AZ,2023-10-10
32575,NY,2023-12-31
32576,WA,2023-07-08
32577,FL,2023-05-05
32578,PA,2025-07-28
32579,TX,2024-05-01
32580,WA,2025-07-24
32581,IL,2025-06-25
32582,CA,2025-05-26
32583,NY,2024-10-12
32584,CA,2024-09-05
32585,TX,2024-02-12
32586,CO,2024-05-15
32587,CO,2025-03-18
32588,FL,2023-12-24
32589,IL,2023-09-30
32590,PA,2025-05-16
32591,GA,2024-05-24
32592,AZ,2025-11-01
32593,MA,2023-09-26
32594,NY,2023-04-04
32595,NJ,2023-04-16
32596,NY,2023-08-24
32597,TX,2023-03-01
32598,CO,2024-11-26
32599,NC,2025-08-05
32600,MI,2026-01-29
32601,GA,2025-01-14
32602,VA,2023-03-28
32603,AZ,2025-01-17
32604,TX,2026-02-05
32605,GA,2024-10-10
32606,PA,2024-01-12
32607,PA,2024-01-22
32608,NC,2023-03-04
32609,PA,2023-08-18
32610,CO,2024-01-10
32611,WA,2023-08-26
32612,NJ,2025-05-10
32613,NC,2023-09-04
32614,TX,2024-01-21
32615,NJ,2025-11-27
32616,MA,2024-06-02
32617,GA,2023-12-26
32618,PA,2026-01-05
32619,IL,2023-02-06
32620,TX,2024-02-13
32621,WA,2025-04-23
32622,MA,2025-04-03
32623,CO,2024-07-07
32624,VA,2025-10-14
32625,AZ,2023-02-18
32626,PA,2025-12-30
32627,FL,2023-09-03
32628,NY,2023-01-02
32629,NC,2025-10-11
32630,NY,2025-04-14
32631,PA,2023-03-03
32632,TX,2025-05-29
32633,CO,2024-06-22
32634,CA,2023-12-08
32635,AZ,2023-03-08
32636,MA,2025-05-30
32637,IL,2024-12-26
32638,AZ,2025-04-18
32639,NY,2023-02-26
32640,GA,2023-07-12
32641,VA,2024-09-17
32642,PA,2026-02-19
32643,WA,2023-04-13
32644,NY,2024-10-28
32645,TX,2024-08-08
32646,MA,2023-12-20
32647,MA,2023-06-24
32648,NC,2023-01-14
32649,CA,2025-06-16
32650,MI,2024-11-09
32651,NC,2024-07-20
32652,AZ,2025-11-15
32653,NJ,2023-02-13
32654,NJ,2023-02-07
32655,PA,2025-04-27
32656,FL,2024-06-07
32657,IL,2026-02-02
32658,CO,2024-05-04
32659,TX,2025-03-03
32660,AZ,2026-01-16
32661,TX,2024-10-12
32662,CO,2024-10-19
32663,CO,2023-12-05
32664,CO,2024-08-21
32665,CA,2025-05-25
32666,CO,2025-02-15
32667,CO,2026-02-19
32668,NY,2025-01-25
32669,PA,2024-07-12
32670,GA,2025-08-03
32671,MA,2023-11-16
32672,CO,2023-10-30
32673,NY,2026-01-03
32674,FL,2023-11-01
32675,MA,2023-01-30
32676,IL,2023-01-08
32677,MA,2023-01-08
32678,CA,2026-02-25
32679,CO,2024-06-06
32680,VA,2023-09-13
32681,MA,2023-08-21
32682,VA,2024-01-12
32683,FL,2024-11-28
32684,CA,2024-09-24
32685,MI,2024-11-09
32686,CO,2024-10-17
32687,NC,2025-04-18
32688,MA,2024-03-05
32689,CO,2025-11-11
32690,NC,2026-01-10
32691,CA,2024-05-25
32692,WA,2023-01-13
32693,GA,2025-09-20
32694,WA,2025-07-13
32695,VA,2025-07-31
32696,AZ,2025-10-10
32697,AZ,2023-09-24
32698,NC,2025-12-10
32699,PA,2023-10-30
32700,TX,2023-01-04
32701,GA,2023-01-31
32702,VA,2023-07-21
32703,GA,2024-06-25
32704,FL,2023-06-06
32705,FL,2025-12-02
32706,NJ,2026-01-13
32707,CO,2024-02-10
32708,MA,2024-11-18
32709,NJ,2025-01-12
32710,WA,2024-03-07
32711,IL,2025-08-10
32712,MI,2023-05-30
32713,TX,2025-07-11
32714,AZ,2023-11-15
32715,MI,2025-05-07
32716,IL,2024-05-01
32717,VA,2025-09-03
32718,CO,2023-01-03
32719,NC,2025-07-24
32720,AZ,2023-12-05
32721,VA,2025-09-25
32722,NJ,2025-02-02
32723,GA,2025-06-29
32724,TX,2023-11-03
32725,CO,2025-06-19
32726,PA,2023-01-24
32727,TX,2025-10-22
32728,NY,2025-10-04
32729,WA,2026-01-22
32730,AZ,2023-07-23
32731,FL,2026-02-20
32732,VA,2023-02-06
32733,WA,2024-09-21
32734,IL,2025-08-10
32735,MI,2025-05-02
32736,TX,2024-09-25
32737,CA,2025-01-13
32738,MI,2024-02-23
32739,FL,2025-06-03
32740,IL,2023-11-24
32741,NY,2025-10-27
32742,NY,2024-05-29
32743,CA,2023-01-04
32744,GA,2024-12-28
32745,TX,2025-02-14
32746,NY,2023-02-14
32747,FL,2023-07-24
32748,IL,2025-07-04
32749,CA,2023-09-07
32750,GA,2024-11-16
32751,GA,2025-12-28
32752,CO,2023-10-18
32753,IL,2024-10-16
32754,FL,2023-11-28
32755,NY,2024-03-05
32756,CO,2025-01-29
32757,MA,2025-01-09
32758,PA,2024-01-13
32759,AZ,2025-04-26
32760,FL,2023-07-25
32761,TX,2025-11-11
32762,MI,2023-01-03
32763,IL,2025-03-09
32764,MI,2025-11-02
32765,MI,2024-05-28
32766,CA,2025-08-31
32767,NY,2025-02-13
32768,MA,2025-03-07
32769,NJ,2025-06-18
32770,TX,2026-03-01
32771,AZ,2025-05-05
32772,VA,2025-07-05
32773,CA,2024-11-15
32774,NY,2025-07-12
32775,NC,2023-09-21
32776,NC,2024-07-07
32777,AZ,2024-05-08
32778,GA,2024-03-20
32779,MA,2025-05-01
32780,MA,2025-05-16
32781,AZ,2025-03-19
32782,NC,2024-04-04
32783,CO,2024-11-02
32784,MI,2025-01-04
32785,PA,2025-08-18
32786,PA,2024-08-03
32787,CO,2026-01-28
32788,GA,2024-12-16
32789,NY,2023-07-27
32790,AZ,2023-06-10
32791,CO,2024-10-27
32792,CO,2025-06-17
32793,VA,2023-03-30
32794,WA,2023-12-06
32795,WA,2025-12-06
32796,FL,2026-02-15
32797,AZ,2023-06-20
32798,WA,2024-02-21
32799,NY,2024-05-31
32800,NY,2025-02-10
32801,WA,2024-07-23
32802,NJ,2024-03-11
32803,VA,2023-07-19
32804,TX,2024-03-09
32805,CA,2024-01-14
32806,GA,2025-04-09
32807,NY,2025-06-08
32808,AZ,2025-03-26
32809,PA,2023-06-26
32810,AZ,2025-03-04
32811,NC,2025-06-08
32812,NY,2025-06-05
32813,AZ,2024-02-14
32814,FL,2024-11-28
32815,NY,2023-01-06
32816,MA,2025-12-09
32817,MI,2025-03-27
32818,PA,2024-03-17
32819,NC,2023-02-15
32820,MI,2023-08-05
32821,CA,2023-12-12
32822,NJ,2024-08-30
32823,NY,2023-01-25
32824,NJ,2026-02-22
32825,WA,2025-12-22
32826,MI,2023-12-05
32827,NY,2023-11-18
32828,GA,2023-06-12
32829,FL,2023-12-02
32830,GA,2024-04-08
32831,NJ,2026-01-23
32832,PA,2024-02-11
32833,CA,2023-12-03
32834,CA,2023-04-07
32835,CA,2025-03-15
32836,AZ,2023-12-22
32837,FL,2025-12-22
32838,GA,2024-03-15
32839,CO,2023-11-15
32840,MA,2025-02-25
32841,MI,2025-07-05
32842,CA,2023-03-24
32843,TX,2023-04-15
32844,GA,2023-06-28
32845,MI,2025-02-06
32846,GA,2023-12-04
32847,WA,2023-07-25
32848,PA,2023-07-29
32849,VA,2025-01-10
32850,IL,2025-05-09
32851,NJ,2024-09-25
32852,VA,2023-12-19
32853,IL,2024-10-08
32854,NC,2024-08-25
32855,FL,2026-01-30
32856,CA,2023-06-10
32857,WA,2025-06-26
32858,VA,2023-05-23
32859,CA,2025-09-28
32860,CA,2024-10-27
32861,NJ,2026-02-18
32862,WA,2025-03-23
32863,WA,2024-10-07
32864,MA,2023-04-09
32865,NY,2023-08-04
32866,MI,2025-01-07
32867,IL,2024-03-13
32868,NY,2024-04-16
32869,MI,2024-02-07
32870,VA,2023-01-13
32871,NC,2023-11-09
32872,WA,2023-08-23
32873,FL,2026-01-11
32874,NJ,2023-08-31
32875,NC,2023-12-07
32876,WA,2023-07-04
32877,NY,2024-11-16
32878,CO,2025-02-18
32879,CO,2026-01-25
32880,IL,2023-11-17
32881,TX,2023-05-07
32882,FL,2025-06-18
32883,CA,2025-08-30
32884,GA,2023-08-03
32885,NC,2024-06-23
32886,WA,2025-12-09
32887,AZ,2023-09-25
32888,CO,2023-03-24
32889,TX,2023-09-01
32890,FL,2023-08-13
32891,FL,2025-09-16
32892,CO,2023-04-21
32893,MI,2024-01-25
32894,PA,2023-11-20
32895,GA,2024-08-10
32896,TX,2023-01-23
32897,MA,2023-06-05
32898,GA,2025-01-01
32899,NY,2023-04-08
32900,FL,2023-10-31
32901,TX,2023-06-11
32902,CO,2024-08-26
32903,FL,2024-11-04
32904,GA,2025-12-16
32905,CA,2025-01-14
32906,CA,2024-06-24
32907,FL,2025-05-07
32908,TX,2024-09-27
32909,TX,2024-03-11
32910,NC,2023-12-20
32911,PA,2025-05-10
32912,NY,2026-02-04
32913,AZ,2024-10-31
32914,NC,2023-12-09
32915,NC,2025-05-10
32916,NY,2023-03-25
32917,CO,2025-04-28
32918,CA,2024-02-14
32919,AZ,2025-11-28
32920,MI,2023-02-02
32921,CO,2025-02-27
32922,NC,2024-01-19
32923,TX,2023-08-03
32924,NY,2025-05-07
32925,GA,2024-02-01
32926,WA,2025-04-05
32927,MI,2024-11-14
32928,AZ,2023-07-26
32929,WA,2024-07-24
32930,VA,2024-03-04
32931,IL,2024-07-05
32932,FL,2023-03-23
32933,MA,2023-04-23
32934,MA,2024-08-23
32935,NJ,2024-04-16
32936,GA,2026-01-17
32937,IL,2023-08-04
32938,VA,2023-09-27
32939,CA,2025-06-19
32940,GA,2025-03-26
32941,PA,2025-04-04
32942,VA,2024-07-25
32943,NC,2023-12-03
32944,GA,2025-01-27
32945,WA,2023-10-26
32946,MA,2024-08-16
32947,CA,2025-05-08
32948,FL,2023-03-05
32949,PA,2025-02-08
32950,NC,2024-09-21
32951,FL,2025-04-11
32952,WA,2023-11-24
32953,IL,2025-05-02
32954,FL,2024-06-19
32955,IL,2024-09-05
32956,NC,2024-02-22
32957,MA,2023-11-08
32958,TX,2024-01-05
32959,GA,2023-01-05
32960,CO,2023-04-19
32961,CA,2023-07-02
32962,VA,2025-04-19
32963,NY,2026-01-13
32964,NY,2024-07-17
32965,NC,2024-10-05
32966,GA,2023-07-03
32967,PA,2024-04-14
32968,GA,2026-02-02
32969,GA,2023-06-27
32970,CA,2026-02-10
32971,MA,2023-10-13
32972,MI,2023-05-03
32973,PA,2023-03-29
32974,NJ,2024-06-20
32975,VA,2024-06-25
32976,TX,2024-11-09
32977,NJ,2025-06-10
32978,GA,2024-02-24
32979,CO,2024-11-22
32980,TX,2024-05-31
32981,CA,2024-12-14
32982,GA,2024-10-15
32983,VA,2025-07-04
32984,NC,2023-04-10
32985,CA,2025-10-08
32986,MI,2023-06-18
32987,TX,2023-11-21
32988,VA,2026-01-19
32989,IL,2025-02-08
32990,IL,2025-06-26
32991,AZ,2023-01-28
32992,NJ,2023-02-13
32993,NC,2024-10-14
32994,FL,2025-03-21
32995,NY,2023-11-07
32996,VA,2025-04-11
32997,NC,2023-10-24
32998,IL,2025-12-03
32999,NC,2023-01-11
33000,WA,2025-02-25
33001,VA,2024-01-16
33002,IL,2025-07-11
33003,MA,2024-05-19
33004,NJ,2023-07-18
33005,GA,2026-02-18
33006,PA,2025-11-03
33007,PA,2024-04-21
33008,AZ,2024-07-29
33009,MA,2025-01-01
33010,FL,2024-10-25
33011,NC,2023-04-05
33012,WA,2023-09-25
33013,MI,2023-07-12
33014,VA,2024-03-19
33015,IL,2025-12-17
33016,VA,2025-09-15
33017,GA,2023-04-04
33018,WA,2023-10-25
33019,WA,2024-05-27
33020,MA,2025-06-27
33021,NY,2023-07-25
33022,TX,2023-08-12
33023,PA,2023-02-07
33024,NY,2024-03-23
33025,NC,2025-04-23
33026,NC,2025-03-30
33027,PA,2025-10-03
33028,AZ,2023-04-21
33029,NY,2023-09-09
33030,TX,2024-05-06
33031,IL,2024-08-18
33032,WA,2023-12-30
33033,NJ,2024-05-26
33034,MI,2024-10-28
33035,AZ,2023-04-08
33036,VA,2025-10-17
33037,WA,2024-08-20
33038,NY,2023-09-16
33039,NY,2023-03-22
33040,PA,2025-05-08
33041,CA,2023-12-25
33042,TX,2024-04-12
33043,PA,2024-01-01
33044,PA,2026-01-23
33045,NJ,2024-12-04
33046,AZ,2023-02-12
33047,MA,2023-08-23
33048,NJ,2024-04-19
33049,WA,2025-06-13
33050,MA,2025-08-14
33051,GA,2024-01-29
33052,IL,2025-07-15
33053,NY,2023-01-10
33054,CA,2023-11-26
33055,CA,2024-04-25
33056,NC,2024-06-13
33057,GA,2025-08-05
33058,AZ,2025-07-12
33059,IL,2025-01-12
33060,IL,2025-08-17
33061,FL,2023-09-27
33062,PA,2023-09-21
33063,AZ,2024-04-22
33064,NY,2023-12-22
33065,NC,2023-07-21
33066,TX,2023-05-17
33067,TX,2025-12-06
33068,CO,2023-03-04
33069,IL,2025-07-24
33070,MA,2023-03-18
33071,GA,2025-05-03
33072,CA,2024-09-24
33073,NY,2023-01-13
33074,MI,2024-01-25
33075,GA,2024-10-30
33076,WA,2024-04-12
33077,FL,2024-12-04
33078,CA,2023-12-07
33079,GA,2025-12-14
33080,NJ,2023-11-07
33081,VA,2023-07-07
33082,GA,2024-11-11
33083,FL,2025-10-26
33084,GA,2024-09-05
33085,NC,2023-10-07
33086,VA,2023-02-20
33087,CA,2025-02-23
33088,MI,2024-08-17
33089,WA,2025-09-09
33090,CA,2023-12-13
33091,FL,2023-04-27
33092,PA,2023-03-16
33093,WA,2024-04-18
33094,AZ,2023-06-20
33095,NJ,2024-12-26
33096,TX,2024-12-23
33097,NY,2025-10-15
33098,IL,2023-08-28
33099,NJ,2025-03-31
33100,VA,2025-03-18
33101,TX,2023-03-17
33102,NC,2025-01-05
33103,CA,2024-10-03
33104,NJ,2025-04-17
33105,VA,2023-09-17
33106,WA,2023-11-13
33107,NY,2024-12-17
33108,MI,2026-02-23
33109,NY,2024-12-04
33110,MI,2024-07-01
33111,FL,2023-06-15
33112,FL,2023-12-04
33113,FL,2025-03-26
33114,MA,2024-02-18
33115,CA,2024-12-03
33116,VA,2025-11-14
33117,CO,2025-02-10
33118,PA,2024-09-23
33119,VA,2024-05-04
33120,NC,2024-12-25
33121,GA,2024-03-24
33122,NC,2023-11-25
33123,VA,2024-07-30
33124,AZ,2024-01-02
33125,MI,2026-01-16
33126,IL,2025-08-13
33127,FL,2025-08-12
33128,IL,2024-02-13
33129,NC,2023-02-19
33130,MA,2023-07-02
33131,IL,2024-01-29
33132,NJ,2025-09-16
33133,CA,2025-05-26
33134,WA,2023-07-05
33135,CO,2023-03-30
33136,MI,2025-10-11
33137,CO,2023-03-27
33138,PA,2023-04-30
33139,NC,2023-03-29
33140,GA,2025-12-15
33141,FL,2026-01-18
33142,NC,2025-06-30
33143,IL,2023-12-27
33144,MA,2024-12-08
33145,WA,2024-06-18
33146,MI,2024-08-17
33147,NJ,2024-11-26
33148,CO,2025-01-04
33149,TX,2026-01-16
33150,CO,2025-08-28
33151,MI,2023-02-22
33152,AZ,2024-02-07
33153,WA,2025-05-22
33154,CA,2025-04-01
33155,VA,2024-09-29
33156,IL,2025-05-26
33157,NY,2024-12-13
33158,MI,2023-02-21
33159,MA,2024-02-06
33160,MI,2024-09-10
33161,MI,2024-10-25
33162,GA,2026-02-10
33163,TX,2025-06-20
33164,AZ,2023-08-11
33165,NC,2024-10-28
33166,AZ,2023-06-23
33167,FL,2023-12-13
33168,FL,2023-07-04
33169,FL,2024-01-31
33170,TX,2023-11-09
33171,WA,2025-12-30
33172,GA,2024-12-10
33173,MI,2024-07-18
33174,NJ,2024-04-06
33175,CO,2025-05-21
33176,NC,2025-03-31
33177,NY,2023-04-25
33178,PA,2025-05-13
33179,GA,2024-01-18
33180,PA,2023-04-21
33181,NC,2024-11-09
33182,NY,2024-09-04
33183,MA,2024-03-07
33184,WA,2025-02-28
33185,MI,2023-12-18
33186,VA,2023-05-03
33187,MA,2024-12-01
33188,WA,2025-04-27
33189,PA,2025-08-19
33190,IL,2023-12-03
33191,CO,2025-02-09
33192,CA,2023-10-06
33193,VA,2025-05-18
33194,NJ,2023-04-19
33195,VA,2025-04-19
33196,PA,2026-02-23
33197,CA,2024-08-02
33198,WA,2023-11-23
33199,MI,2024-10-09
33200,CA,2023-03-03
33201,TX,2023-06-20
33202,NC,2026-01-20
33203,MI,2026-01-03
33204,GA,2023-05-01
33205,AZ,2024-04-28
33206,VA,2023-09-20
33207,MA,2023-05-18
33208,PA,2024-05-30
33209,IL,2023-07-20
33210,CO,2023-04-12
33211,CO,2025-10-05
33212,IL,2023-01-19
33213,FL,2024-01-01
33214,FL,2024-10-02
33215,FL,2025-05-30
33216,IL,2025-08-06
33217,CA,2023-05-29
33218,PA,2024-05-11
33219,NY,2025-01-19
33220,IL,2023-01-07
33221,AZ,2023-11-29
33222,AZ,2025-11-12
33223,NJ,2025-09-08
33224,CA,2023-03-31
33225,GA,2024-08-05
33226,PA,2025-12-25
33227,IL,2023-02-22
33228,MA,2024-02-07
33229,AZ,2024-12-04
33230,PA,2023-05-22
33231,CA,2025-11-14
33232,CO,2025-01-31
33233,PA,2023-02-02
33234,PA,2024-11-18
33235,PA,2025-05-25
33236,PA,2023-05-29
33237,PA,2025-04-06
33238,WA,2026-01-05
33239,WA,2024-06-09
33240,AZ,2025-08-16
33241,IL,2024-07-19
33242,MA,2024-11-15
33243,MA,2025-08-03
33244,WA,2026-01-20
33245,CA,2024-10-02
33246,NJ,2024-05-22
33247,GA,2023-05-10
33248,MI,2025-12-31
33249,IL,2025-02-05
33250,VA,2024-10-14
33251,GA,2025-09-24
33252,NJ,2024-02-07
33253,FL,2026-02-23
33254,NY,2024-05-28
33255,VA,2024-04-23
33256,VA,2025-10-30
33257,TX,2024-04-15
33258,PA,2025-03-08
33259,FL,2025-01-05
33260,NC,2025-12-24
33261,PA,2023-04-19
33262,CO,2023-10-27
33263,TX,2025-12-01
33264,CO,2024-09-14
33265,IL,2024-02-18
33266,FL,2025-07-21
33267,AZ,2023-01-28
33268,MA,2024-07-16
33269,MI,2023-08-01
33270,AZ,2025-02-19
33271,NJ,2023-06-03
33272,VA,2025-05-21
33273,WA,2023-06-07
33274,WA,2025-07-08
33275,GA,2023-10-21
33276,VA,2024-03-28
33277,TX,2025-02-22
33278,NC,2024-09-13
33279,MI,2023-08-22
33280,FL,2025-04-02
33281,WA,2023-06-26
33282,CA,2024-09-30
33283,MA,2024-08-14
33284,CO,2023-02-21
33285,MI,2025-03-27
33286,IL,2023-11-26
33287,GA,2025-02-23
33288,TX,2025-04-01
33289,NY,2023-10-23
33290,WA,2025-03-09
33291,VA,2023-12-12
33292,GA,2023-06-03
33293,NJ,2023-08-20
33294,CA,2023-11-28
33295,CA,2024-01-14
33296,NC,2024-07-21
33297,TX,2023-01-30
33298,NC,2024-05-12
33299,TX,2024-05-08
33300,WA,2024-07-17
33301,FL,2025-01-09
33302,IL,2024-11-24
33303,PA,2024-11-01
33304,CO,2024-12-04
33305,CO,2023-06-27
33306,MI,2024-02-16
33307,NJ,2025-01-05
33308,FL,2024-11-02
33309,CA,2025-09-20
33310,VA,2025-03-13
33311,AZ,2025-09-25
33312,AZ,2024-03-20
33313,MA,2023-12-07
33314,IL,2025-03-10
33315,WA,2025-10-28
33316,FL,2024-06-18
33317,IL,2025-09-08
33318,CO,2025-01-04
33319,IL,2025-08-07
33320,TX,2024-07-01
33321,GA,2023-11-08
33322,TX,2025-08-26
33323,FL,2023-08-15
33324,VA,2025-12-18
33325,WA,2025-02-07
33326,NJ,2026-01-25
33327,NY,2024-12-21
33328,NJ,2023-09-06
33329,NC,2023-09-18
33330,MI,2023-02-27
33331,NJ,2025-12-16
33332,NC,2023-03-14
33333,NY,2025-05-02
33334,IL,2024-06-17
33335,MI,2023-02-22
33336,AZ,2024-07-22
33337,NY,2025-06-12
33338,NC,2023-04-13
33339,CA,2026-02-09
33340,CO,2025-03-29
33341,NC,2025-07-06
33342,AZ,2024-01-05
33343,NC,2024-10-08
33344,VA,2025-04-11
33345,CA,2025-11-15
33346,NC,2023-01-25
33347,AZ,2025-04-16
33348,IL,2025-07-16
33349,PA,2024-03-27
33350,AZ,2024-12-07
33351,CA,2026-02-09
33352,CO,2025-06-13
33353,AZ,2024-11-13
33354,WA,2024-11-16
33355,TX,2023-10-17
33356,WA,2024-08-02
33357,MI,2023-05-19
33358,VA,2024-05-12
33359,CA,2025-04-20
33360,CA,2025-11-14
33361,PA,2024-02-10
33362,AZ,2024-03-21
33363,FL,2024-11-07
33364,GA,2025-06-24
33365,AZ,2025-03-30
33366,GA,2026-01-05
33367,CA,2024-04-24
33368,TX,2023-10-11
33369,VA,2024-10-04
33370,PA,2023-04-07
33371,FL,2024-03-28
33372,NY,2024-01-28
33373,MA,2024-01-21
33374,TX,2023-06-14
33375,CA,2024-06-14
33376,CA,2025-03-05
33377,TX,2024-03-25
33378,IL,2024-05-28
33379,FL,2024-02-09
33380,CA,2024-06-05
33381,MA,2025-08-11
33382,NY,2024-09-09
33383,PA,2023-01-17
33384,WA,2023-07-23
33385,CO,2025-10-27
33386,MA,2025-10-30
33387,NJ,2025-02-22
33388,PA,2023-01-13
33389,CO,2023-07-08
33390,VA,2023-05-24
33391,NC,2023-10-13
33392,AZ,2023-11-24
33393,NJ,2024-11-25
33394,IL,2025-05-30
33395,MA,2024-03-11
33396,GA,2025-09-17
33397,IL,2023-11-27
33398,GA,2025-12-07
33399,MI,2025-02-13
33400,VA,2025-08-07
33401,PA,2026-01-15
33402,NY,2025-11-21
33403,VA,2023-11-14
33404,NY,2025-09-04
33405,AZ,2026-01-20
33406,NY,2023-07-08
33407,IL,2026-01-06
33408,NY,2025-04-24
33409,TX,2024-03-15
33410,VA,2023-02-03
33411,CO,2023-04-28
33412,CO,2023-01-24
33413,NJ,2025-02-17
33414,PA,2025-09-14
33415,FL,2023-05-09
33416,GA,2023-07-31
33417,CO,2024-03-28
33418,CA,2023-06-10
33419,CO,2026-02-06
33420,CA,2025-12-23
33421,MI,2025-10-29
33422,FL,2023-02-01
33423,NC,2026-02-22
33424,IL,2024-09-12
33425,MA,2025-06-20
33426,NC,2023-09-02
33427,VA,2023-09-13
33428,FL,2025-01-13
33429,CO,2023-04-13
33430,CO,2025-09-11
33431,AZ,2024-06-20
33432,AZ,2024-09-11
33433,AZ,2023-01-27
33434,GA,2024-10-12
33435,AZ,2023-05-14
33436,IL,2023-10-20
33437,FL,2024-12-28
33438,NY,2024-12-15
33439,MI,2023-04-16
33440,MA,2024-04-21
33441,NC,2025-08-25
33442,TX,2025-06-06
33443,NJ,2025-10-30
33444,VA,2024-12-27
33445,PA,2023-05-26
33446,TX,2025-06-04
33447,TX,2025-01-04
33448,FL,2024-05-04
33449,NY,2026-01-31
33450,VA,2024-12-24
33451,VA,2023-02-17
33452,WA,2023-04-13
33453,TX,2025-09-09
33454,NC,2023-04-21
33455,WA,2023-11-18
33456,PA,2025-02-01
33457,VA,2025-10-06
33458,MA,2025-07-29
33459,GA,2025-07-25
33460,NY,2023-12-09
33461,GA,2024-09-23
33462,NC,2023-10-11
33463,IL,2025-02-14
33464,PA,2025-01-06
33465,IL,2025-02-04
33466,NJ,2025-05-29
33467,TX,2024-11-26
33468,AZ,2025-03-15
33469,NC,2025-07-03
33470,VA,2024-03-18
33471,GA,2023-09-05
33472,FL,2025-07-19
33473,WA,2023-04-28
33474,TX,2023-04-02
33475,WA,2025-04-27
33476,CO,2025-09-10
33477,CO,2026-01-03
33478,AZ,2023-03-20
33479,CO,2024-11-25
33480,IL,2026-01-07
33481,MI,2024-12-13
33482,MI,2023-07-24
33483,CA,2025-03-28
33484,NJ,2024-06-24
33485,NC,2025-04-05
33486,PA,2023-01-23
33487,IL,2023-05-13
33488,PA,2023-02-28
33489,NJ,2025-02-11
33490,NC,2024-03-17
33491,MA,2023-10-09
33492,AZ,2026-02-23
33493,GA,2025-08-12
33494,PA,2026-01-14
33495,CO,2024-09-12
33496,NJ,2024-07-09
33497,PA,2024-12-16
33498,CO,2023-04-16
33499,MI,2023-08-07
33500,MA,2025-07-10
33501,NY,2024-07-09
33502,CA,2024-12-29
33503,MI,2023-11-01
33504,NY,2023-04-01
33505,MI,2024-05-10
33506,IL,2026-01-09
33507,VA,2024-11-27
33508,NY,2023-05-14
33509,NC,2024-02-11
33510,FL,2023-12-04
33511,MI,2025-10-18
33512,NC,2025-12-25
33513,TX,2023-10-28
33514,IL,2024-05-30
33515,PA,2023-04-07
33516,PA,2026-01-24
33517,VA,2025-08-10
33518,AZ,2023-08-24
33519,CO,2023-05-17
33520,NJ,2025-12-07
33521,IL,2024-05-14
33522,NY,2023-07-14
33523,WA,2023-10-01
33524,NJ,2024-05-16
33525,VA,2025-09-30
33526,IL,2023-11-17
33527,GA,2025-07-08
33528,IL,2023-06-30
33529,NC,2024-03-01
33530,WA,2025-03-31
33531,CA,2025-09-26
33532,NC,2024-07-27
33533,WA,2026-02-23
33534,WA,2025-09-21
33535,IL,2023-05-20
33536,MA,2023-02-18
33537,VA,2024-05-11
33538,VA,2023-11-20
33539,FL,2025-07-07
33540,MA,2023-12-17
33541,WA,2023-10-05
33542,IL,2024-07-18
33543,FL,2023-06-03
33544,PA,2024-02-29
33545,CO,2026-01-01
33546,GA,2023-10-29
33547,NY,2025-12-17
33548,PA,2024-06-24
33549,NJ,2025-07-02
33550,FL,2024-11-01
33551,NJ,2023-01-09
33552,CO,2024-04-24
33553,CO,2025-02-14
33554,MI,2023-03-09
33555,GA,2023-10-29
33556,TX,2023-09-30
33557,CA,2024-06-16
33558,GA,2024-07-13
33559,CA,2025-02-02
33560,TX,2024-05-31
33561,TX,2024-04-22
33562,GA,2024-06-01
33563,MI,2025-01-11
33564,CA,2025-08-25
33565,MA,2025-08-01
33566,NY,2023-02-15
33567,MA,2025-10-20
33568,MI,2024-09-15
33569,MI,2024-03-22
33570,CA,2024-10-04
33571,VA,2024-11-01
33572,NC,2024-01-14
33573,NC,2024-09-06
33574,CO,2024-10-08
33575,NC,2023-01-16
33576,VA,2024-08-26
33577,NC,2024-10-16
33578,NY,2025-02-13
33579,TX,2023-12-21
33580,AZ,2024-04-23
33581,CO,2024-09-01
33582,TX,2024-01-20
33583,CA,2024-12-18
33584,GA,2024-06-14
33585,CO,2026-01-15
33586,MI,2023-07-11
33587,FL,2024-10-03
33588,CO,2023-01-23
33589,AZ,2024-11-26
33590,WA,2025-04-28
33591,TX,2023-06-08
33592,CA,2025-10-11
33593,VA,2023-09-25
33594,NC,2024-09-24
33595,WA,2024-11-05
33596,NJ,2025-10-24
33597,IL,2025-03-06
33598,FL,2025-10-25
33599,MA,2025-10-01
33600,TX,2025-11-06
33601,MA,2023-07-31
33602,AZ,2023-06-27
33603,CA,2023-06-23
33604,MA,2025-01-24
33605,CA,2024-09-14
33606,VA,2024-10-05
33607,NJ,2023-01-31
33608,CA,2023-01-04
33609,NY,2025-06-09
33610,NY,2023-01-18
33611,FL,2025-10-15
33612,VA,2023-08-20
33613,CA,2023-02-17
33614,FL,2023-03-04
33615,NY,2023-09-27
33616,FL,2026-01-18
33617,FL,2023-10-16
33618,GA,2026-01-09
33619,GA,2023-06-19
33620,CA,2025-06-14
33621,WA,2024-09-15
33622,MA,2023-04-09
33623,FL,2025-06-01
33624,PA,2024-11-13
33625,WA,2024-11-27
33626,NY,2023-05-23
33627,TX,2023-11-02
33628,MA,2024-01-07
33629,NC,2024-07-28
33630,VA,2024-08-04
33631,MI,2024-01-28
33632,MA,2026-02-01
33633,FL,2023-01-01
33634,PA,2024-12-28
33635,CA,2026-02-22
33636,CA,2024-01-05
33637,FL,2025-11-25
33638,FL,2023-08-30
33639,IL,2025-09-04
33640,MA,2025-08-20
33641,GA,2024-05-04
33642,GA,2025-02-03
33643,NC,2025-08-25
33644,PA,2023-05-02
33645,MI,2024-08-16
33646,PA,2025-09-23
33647,WA,2026-01-04
33648,NC,2023-11-29
33649,NJ,2025-06-28
33650,TX,2024-12-14
33651,TX,2023-03-27
33652,MI,2025-02-15
33653,IL,2024-01-05
33654,CA,2023-12-03
33655,MA,2024-08-03
33656,TX,2025-07-18
33657,WA,2025-12-24
33658,MA,2025-07-24
33659,MA,2024-01-27
33660,GA,2023-01-06
33661,CA,2024-03-13
33662,TX,2026-02-14
33663,GA,2023-05-26
33664,CO,2025-10-11
33665,NY,2026-01-25
33666,CO,2023-06-11
33667,CO,2024-07-16
33668,NY,2025-10-14
33669,CO,2024-06-03
33670,TX,2024-02-18
33671,MA,2025-04-05
33672,VA,2025-06-10
33673,GA,2023-11-13
33674,FL,2024-04-07
33675,MI,2025-10-18
33676,NJ,2023-07-18
33677,IL,2026-01-04
33678,GA,2024-02-24
33679,NJ,2025-05-19
33680,NJ,2024-02-07
33681,WA,2023-01-18
33682,PA,2024-01-04
33683,CA,2024-10-21
33684,TX,2024-05-28
33685,NJ,2023-01-30
33686,MI,2024-03-10
33687,GA,2023-02-16
33688,TX,2023-10-26
33689,NJ,2024-01-22
33690,NJ,2025-05-28
33691,NC,2024-12-13
33692,NY,2024-03-31
33693,FL,2023-06-11
33694,WA,2025-01-20
33695,MA,2024-09-07
33696,MA,2023-12-05
33697,GA,2025-11-26
33698,VA,2023-02-28
33699,CO,2025-05-25
33700,VA,2023-12-27
33701,MI,2025-02-24
33702,NY,2023-01-25
33703,PA,2024-03-28
33704,CO,2023-01-25
33705,CO,2026-01-12
33706,WA,2023-09-05
33707,MI,2025-12-10
33708,VA,2025-08-06
33709,TX,2023-06-26
33710,GA,2023-05-05
33711,PA,2023-06-15
33712,MA,2023-05-06
33713,CA,2025-05-31
33714,CO,2023-03-11
33715,NC,2024-06-06
33716,VA,2026-01-11
33717,WA,2024-11-02
33718,IL,2025-12-17
33719,GA,2025-05-02
33720,NC,2025-07-22
33721,MI,2026-01-07
33722,AZ,2023-07-04
33723,CO,2026-01-05
33724,AZ,2025-12-30
33725,NJ,2026-02-13
33726,AZ,2023-11-19
33727,AZ,2023-01-15
33728,TX,2025-05-01
33729,VA,2024-03-17
33730,WA,2025-12-17
33731,FL,2024-02-03
33732,AZ,2024-11-30
33733,CA,2025-02-09
33734,WA,2024-07-30
33735,NC,2025-07-04
33736,MA,2025-10-31
33737,CA,2023-07-10
33738,FL,2025-04-30
33739,IL,2023-03-01
33740,NJ,2023-06-05
33741,PA,2025-10-15
33742,GA,2024-04-13
33743,NJ,2025-07-17
33744,CO,2023-11-11
33745,NY,2025-12-05
33746,NJ,2025-02-06
33747,TX,2023-05-12
33748,NC,2024-02-15
33749,VA,2023-05-16
33750,WA,2024-09-08
33751,NJ,2025-03-24
33752,MA,2025-06-22
33753,TX,2023-01-26
33754,PA,2024-05-27
33755,MA,2024-05-05
33756,WA,2025-09-19
33757,NC,2025-02-04
33758,IL,2024-04-12
33759,IL,2024-12-22
33760,NJ,2025-11-28
33761,NJ,2025-06-23
33762,AZ,2023-01-27
33763,PA,2023-07-17
33764,FL,2025-07-04
33765,PA,2025-09-24
33766,CO,2025-01-11
33767,GA,2023-01-22
33768,NY,2026-01-01
33769,GA,2024-03-16
33770,NJ,2024-01-27
33771,PA,2023-01-01
33772,FL,2024-03-13
33773,IL,2025-06-26
33774,AZ,2023-07-27
33775,MA,2023-01-14
33776,FL,2023-09-01
33777,CO,2023-04-18
33778,VA,2023-05-05
33779,AZ,2026-01-21
33780,NC,2024-02-16
33781,CO,2025-08-30
33782,CA,2023-08-25
33783,CO,2025-01-29
33784,NC,2024-10-16
33785,AZ,2023-07-28
33786,PA,2025-11-12
33787,TX,2023-01-10
33788,WA,2025-02-06
33789,AZ,2025-08-16
33790,NC,2025-02-04
33791,CO,2023-10-17
33792,NJ,2023-03-21
33793,IL,2024-02-10
33794,FL,2026-01-28
33795,MI,2024-02-23
33796,FL,2023-01-23
33797,PA,2024-12-09
33798,FL,2023-09-04
33799,IL,2025-02-03
33800,MA,2024-04-30
33801,VA,2025-11-08
33802,WA,2025-02-25
33803,NC,2026-02-07
33804,AZ,2025-05-28
33805,CO,2025-09-23
33806,MA,2024-08-21
33807,CO,2024-01-31
33808,MI,2025-11-02
33809,FL,2023-12-08
33810,CO,2024-12-07
33811,VA,2024-08-10
33812,IL,2025-11-12
33813,TX,2025-10-17
33814,VA,2025-04-05
33815,CO,2023-07-14
33816,VA,2024-12-11
33817,MA,2025-10-09
33818,NC,2024-05-24
33819,WA,2025-04-15
33820,NJ,2025-09-20
33821,FL,2024-12-27
33822,CA,2025-10-28
33823,NC,2023-08-04
33824,TX,2023-10-11
33825,NY,2024-03-14
33826,CO,2023-11-19
33827,AZ,2025-01-26
33828,CO,2024-12-15
33829,PA,2024-02-17
33830,WA,2023-08-05
33831,AZ,2025-07-21
33832,WA,2024-11-07
33833,MI,2025-05-31
33834,NJ,2025-05-02
33835,FL,2025-11-18
33836,CA,2024-05-15
33837,CA,2025-12-08
33838,VA,2025-10-22
33839,IL,2024-12-10
33840,MI,2024-08-23
33841,FL,2023-03-11
33842,FL,2024-12-05
33843,TX,2023-02-15
33844,AZ,2025-12-22
33845,GA,2025-01-07
33846,TX,2025-07-05
33847,CO,2024-05-06
33848,NY,2024-05-11
33849,FL,2025-11-16
33850,CA,2025-05-17
33851,NJ,2023-08-12
33852,WA,2025-12-17
33853,NY,2025-03-23
33854,NJ,2024-12-21
33855,VA,2024-10-15
33856,CA,2024-06-12
33857,CA,2025-07-13
33858,NY,2024-05-10
33859,WA,2025-01-21
33860,PA,2025-11-27
33861,MI,2026-01-26
33862,MI,2023-02-27
33863,GA,2024-06-12
33864,IL,2024-09-23
33865,PA,2024-06-18
33866,FL,2024-04-26
33867,MI,2024-12-22
33868,TX,2023-08-01
33869,CO,2023-05-28
33870,TX,2026-01-24
33871,CA,2024-04-04
33872,FL,2023-09-17
33873,NJ,2023-03-14
33874,VA,2023-11-27
33875,WA,2023-02-18
33876,WA,2025-03-04
33877,WA,2024-05-19
33878,CO,2023-02-01
33879,CO,2024-06-23
33880,PA,2025-03-29
33881,VA,2024-11-10
33882,FL,2023-02-06
33883,MI,2025-01-15
33884,GA,2025-10-03
33885,CA,2023-02-26
33886,WA,2023-12-02
33887,WA,2024-05-10
33888,WA,2024-08-06
33889,CO,2023-07-14
33890,GA,2023-01-03
33891,TX,2023-07-21
33892,GA,2023-07-26
33893,VA,2026-02-08
33894,NJ,2024-07-16
33895,CO,2025-01-19
33896,TX,2025-06-25
33897,NY,2023-08-04
33898,MI,2024-08-14
33899,FL,2025-07-20
33900,MI,2025-11-10
33901,VA,2023-08-10
33902,PA,2025-05-23
33903,NY,2025-01-23
33904,FL,2024-03-21
33905,WA,2024-01-14
33906,NY,2024-01-30
33907,PA,2024-10-04
33908,CO,2024-03-16
33909,CA,2023-08-02
33910,TX,2023-05-08
33911,MA,2024-05-26
33912,NC,2024-12-06
33913,CA,2025-06-26
33914,VA,2025-12-04
33915,NJ,2023-02-26
33916,MI,2024-01-21
33917,NY,2024-05-31
33918,TX,2025-11-08
33919,AZ,2025-11-20
33920,AZ,2025-07-28
33921,NY,2024-04-12
33922,NY,2025-05-23
33923,PA,2024-01-31
33924,NJ,2024-02-23
33925,IL,2025-08-11
33926,MA,2024-09-28
33927,IL,2025-05-21
33928,NJ,2024-06-20
33929,IL,2025-01-18
33930,MI,2024-12-26
33931,GA,2026-02-09
33932,CO,2023-09-26
33933,AZ,2026-01-24
33934,CO,2023-11-27
33935,IL,2025-08-05
33936,WA,2023-10-18
33937,GA,2025-03-25
33938,PA,2023-08-23
33939,NY,2023-11-02
33940,MA,2023-03-28
33941,IL,2025-03-18
33942,MA,2024-12-10
33943,PA,2025-01-02
33944,FL,2025-12-19
33945,GA,2025-04-05
33946,MA,2025-10-22
33947,NY,2024-02-21
33948,VA,2025-07-11
33949,FL,2025-08-09
33950,WA,2024-01-03
33951,NY,2025-11-14
33952,NC,2023-05-13
33953,CO,2023-03-03
33954,CA,2024-03-27
33955,MI,2026-01-06
33956,TX,2024-12-21
33957,MI,2023-04-15
33958,AZ,2024-08-25
33959,CA,2024-11-06
33960,MI,2024-01-29
33961,WA,2026-02-12
33962,CO,2025-01-14
33963,MA,2024-08-20
33964,GA,2023-02-17
33965,NY,2023-07-07
33966,PA,2025-10-05
33967,CO,2024-05-28
33968,CO,2025-03-01
33969,AZ,2025-12-10
33970,IL,2023-08-14
33971,TX,2026-01-08
33972,NY,2025-07-12
33973,AZ,2024-09-19
33974,CO,2025-02-07
33975,IL,2025-10-19
33976,FL,2025-09-27
33977,WA,2025-12-02
33978,WA,2024-03-31
33979,VA,2025-09-08
33980,GA,2025-06-11
33981,VA,2023-08-26
33982,VA,2025-01-31
33983,GA,2023-06-03
33984,CO,2025-01-11
33985,CO,2026-01-25
33986,PA,2024-10-13
33987,NY,2026-01-21
33988,AZ,2024-10-13
33989,TX,2025-11-18
33990,AZ,2025-05-22
33991,CO,2025-12-20
33992,VA,2023-02-10
33993,WA,2024-10-21
33994,MA,2025-01-28
33995,AZ,2023-10-22
33996,CO,2023-09-15
33997,IL,2024-12-30
33998,MI,2026-02-17
33999,WA,2025-10-16
34000,CO,2023-10-14
34001,CA,2023-08-30
34002,CA,2023-07-24
34003,CA,2024-10-17
34004,TX,2023-10-06
34005,NC,2024-01-30
34006,VA,2024-04-16
34007,PA,2025-08-27
34008,IL,2025-10-13
34009,IL,2025-11-01
34010,WA,2023-02-26
34011,VA,2024-04-08
34012,VA,2025-08-19
34013,AZ,2024-08-24
34014,MA,2024-05-30
34015,WA,2025-01-02
34016,AZ,2024-10-17
34017,NY,2023-01-22
34018,FL,2024-12-04
34019,CA,2026-02-04
34020,MA,2023-11-22
34021,FL,2025-06-25
34022,VA,2024-03-01
34023,FL,2024-12-30
34024,VA,2023-02-08
34025,FL,2025-07-31
34026,TX,2023-01-30
34027,CO,2023-06-10
34028,FL,2024-09-07
34029,CO,2023-11-05
34030,GA,2023-05-14
34031,CA,2024-07-19
34032,MI,2023-02-05
34033,FL,2025-04-10
34034,IL,2023-03-21
34035,CO,2025-02-22
34036,AZ,2024-03-12
34037,IL,2025-09-13
34038,PA,2026-02-17
34039,IL,2024-02-09
34040,NC,2023-09-22
34041,FL,2023-08-21
34042,GA,2024-03-22
34043,MA,2024-03-02
34044,AZ,2025-08-25
34045,NJ,2025-11-17
34046,IL,2025-09-05
34047,CA,2023-01-29
34048,NY,2024-01-12
34049,PA,2023-02-02
34050,IL,2025-10-05
34051,NJ,2025-08-17
34052,MI,2024-09-11
34053,CA,2025-06-18
34054,MI,2024-05-15
34055,MI,2025-06-17
34056,NJ,2025-05-06
34057,WA,2024-12-03
34058,CA,2026-01-10
34059,VA,2024-08-30
34060,TX,2024-07-22
34061,PA,2024-12-30
34062,PA,2023-10-11
34063,PA,2024-11-10
34064,MA,2025-07-07
34065,WA,2023-05-16
34066,MI,2024-10-14
34067,PA,2025-06-07
34068,MI,2025-10-30
34069,NC,2023-10-24
34070,CA,2024-12-07
34071,CA,2023-11-26
34072,MI,2024-03-23
34073,CO,2023-01-15
34074,NJ,2023-08-04
34075,AZ,2023-11-26
34076,VA,2024-07-17
34077,GA,2025-12-18
34078,MA,2023-06-25
34079,VA,2023-10-22
34080,TX,2023-11-03
34081,PA,2023-12-27
34082,IL,2025-12-25
34083,TX,2024-07-23
34084,NC,2024-09-30
34085,FL,2024-05-30
34086,PA,2023-08-23
34087,FL,2024-03-08
34088,TX,2024-01-22
34089,NC,2025-11-21
34090,IL,2025-10-14
34091,WA,2023-08-14
34092,NJ,2023-05-24
34093,GA,2023-01-18
34094,GA,2025-01-01
34095,TX,2025-01-15
34096,VA,2025-01-16
34097,GA,2023-12-28
34098,VA,2023-11-17
34099,PA,2024-08-14
34100,TX,2023-03-14
34101,FL,2025-04-28
34102,CA,2023-04-10
34103,WA,2023-09-13
34104,PA,2025-05-12
34105,GA,2023-06-11
34106,MI,2023-10-20
34107,NY,2023-06-11
34108,FL,2025-05-18
34109,NC,2023-08-11
34110,NY,2023-11-03
34111,AZ,2023-01-14
34112,CO,2024-07-24
34113,GA,2023-08-15
34114,TX,2023-05-25
34115,VA,2024-10-18
34116,MI,2025-02-24
34117,GA,2025-04-02
34118,IL,2024-04-27
34119,IL,2024-03-08
34120,MA,2023-08-30
34121,PA,2025-07-07
34122,WA,2024-09-07
34123,IL,2023-10-04
34124,NJ,2024-11-16
34125,CA,2023-04-10
34126,TX,2024-06-05
34127,PA,2026-01-12
34128,GA,2025-12-12
34129,PA,2026-02-24
34130,WA,2024-10-08
34131,WA,2023-02-24
34132,CO,2025-01-25
34133,NJ,2024-07-30
34134,NJ,2025-11-10
34135,VA,2025-02-13
34136,NY,2025-04-15
34137,VA,2023-12-25
34138,MA,2023-05-23
34139,GA,2024-09-01
34140,MA,2025-10-22
34141,PA,2023-12-23
34142,WA,2024-10-04
34143,VA,2024-03-27
34144,IL,2023-02-16
34145,FL,2025-01-22
34146,AZ,2024-03-02
34147,PA,2025-05-17
34148,MA,2025-06-18
34149,CA,2025-04-30
34150,FL,2025-05-15
34151,TX,2025-04-27
34152,VA,2024-11-22
34153,FL,2025-07-29
34154,CA,2024-05-02
34155,PA,2024-11-02
34156,VA,2025-02-08
34157,NY,2024-06-12
34158,PA,2023-06-21
34159,NJ,2024-07-19
34160,VA,2024-06-08
34161,GA,2025-08-21
34162,MI,2025-01-27
34163,MA,2024-03-25
34164,VA,2025-02-21
34165,IL,2023-03-03
34166,NY,2024-10-25
34167,CA,2025-12-29
34168,NY,2024-05-11
34169,MA,2025-04-18
34170,NY,2023-07-27
34171,TX,2024-03-31
34172,CO,2026-02-28
34173,MA,2024-04-17
34174,PA,2024-10-30
34175,NJ,2023-02-23
34176,NJ,2025-06-07
34177,AZ,2023-08-03
34178,NJ,2023-01-11
34179,GA,2024-03-29
34180,PA,2024-02-15
34181,FL,2024-12-31
34182,MA,2024-08-06
34183,CA,2023-04-19
34184,NJ,2023-01-27
34185,NJ,2023-12-15
34186,NY,2025-10-02
34187,MA,2024-05-31
34188,MI,2025-10-08
34189,NY,2023-08-13
34190,IL,2023-12-16
34191,VA,2026-01-17
34192,NC,2024-10-07
34193,PA,2026-01-31
34194,GA,2023-11-26
34195,NJ,2026-02-22
34196,WA,2025-08-14
34197,NC,2023-03-24
34198,MA,2023-09-24
34199,VA,2025-12-16
34200,CA,2025-03-09
34201,CO,2023-07-06
34202,GA,2024-04-23
34203,MI,2024-11-16
34204,VA,2026-01-22
34205,WA,2024-02-02
34206,IL,2025-05-12
34207,VA,2024-06-04
34208,NJ,2023-04-23
34209,CO,2023-05-02
34210,FL,2024-01-21
34211,NY,2025-02-22
34212,MI,2025-07-07
34213,NC,2024-01-17
34214,CO,2023-06-05
34215,NY,2026-02-25
34216,WA,2025-12-02
34217,MI,2024-01-16
34218,VA,2024-01-24
34219,IL,2025-11-12
34220,WA,2025-02-25
34221,IL,2026-02-26
34222,IL,2023-08-16
34223,TX,2026-01-09
34224,NJ,2024-08-10
34225,NJ,2024-12-14
34226,TX,2024-09-22
34227,GA,2025-02-02
34228,TX,2024-09-25
34229,TX,2023-06-23
34230,NJ,2025-12-14
34231,AZ,2024-01-22
34232,NY,2024-11-10
34233,MA,2023-12-09
34234,NC,2026-02-21
34235,NC,2025-01-09
34236,FL,2023-11-29
34237,CA,2024-12-06
34238,IL,2024-03-28
34239,WA,2023-03-20
34240,AZ,2023-01-08
34241,NJ,2024-07-20
34242,NY,2024-07-02
34243,IL,2024-12-12
34244,CA,2023-09-27
34245,TX,2024-03-07
34246,FL,2024-08-23
34247,VA,2023-08-14
34248,TX,2023-12-01
34249,MI,2023-05-02
34250,VA,2024-04-20
34251,IL,2025-02-24
34252,NJ,2023-08-25
34253,FL,2025-02-17
34254,AZ,2024-01-17
34255,CA,2024-01-24
34256,WA,2024-11-24
34257,WA,2024-04-05
34258,GA,2023-04-20
34259,CO,2023-08-02
34260,MI,2024-04-07
34261,CO,2024-08-07
34262,WA,2024-05-29
34263,CO,2023-01-02
34264,AZ,2023-07-29
34265,NC,2025-04-03
34266,MA,2023-02-27
34267,CA,2024-04-28
34268,PA,2025-08-05
34269,MA,2026-02-10
34270,NJ,2024-04-29
34271,CO,2023-03-12
34272,TX,2025-12-04
34273,GA,2024-10-17
34274,CO,2024-06-25
34275,NY,2025-02-24
34276,IL,2025-09-22
34277,FL,2024-04-20
34278,TX,2024-07-25
34279,NJ,2025-01-16
34280,IL,2024-08-14
34281,NC,2024-10-10
34282,VA,2024-04-10
34283,MI,2023-08-13
34284,GA,2023-08-30
34285,NY,2025-08-26
34286,NC,2024-07-11
34287,NC,2024-11-14
34288,NC,2024-05-06
34289,WA,2024-03-28
34290,IL,2024-06-18
34291,FL,2024-05-13
34292,MA,2025-03-12
34293,NY,2025-01-11
34294,MA,2024-12-09
34295,NY,2023-07-12
34296,CA,2023-06-03
34297,NJ,2024-04-10
34298,WA,2024-07-20
34299,NY,2025-02-05
34300,CO,2025-11-04
34301,PA,2023-03-20
34302,PA,2023-01-11
34303,PA,2024-07-23
34304,CO,2025-10-01
34305,CA,2023-08-27
34306,FL,2025-03-20
34307,AZ,2025-04-28
34308,GA,2023-07-16
34309,WA,2023-06-10
34310,PA,2024-05-13
34311,NJ,2023-06-21
34312,NC,2025-05-06
34313,VA,2023-08-14
34314,IL,2025-09-01
34315,TX,2023-02-01
34316,WA,2023-10-22
34317,AZ,2026-02-02
34318,PA,2024-12-26
34319,VA,2024-08-08
34320,VA,2024-08-06
34321,VA,2025-01-02
34322,CA,2023-11-30
34323,CO,2025-07-14
34324,NJ,2025-01-06
34325,MI,2023-12-28
34326,IL,2025-07-18
34327,PA,2025-07-23
34328,NY,2025-12-08
34329,FL,2024-05-04
34330,FL,2023-05-13
34331,GA,2025-05-22
34332,GA,2023-10-26
34333,WA,2024-07-12
34334,PA,2025-11-08
34335,TX,2023-07-13
34336,CA,2024-02-02
34337,IL,2024-03-11
34338,CO,2024-08-26
34339,CA,2024-01-23
34340,NJ,2024-10-04
34341,CA,2023-12-01
34342,MI,2024-01-03
34343,NJ,2024-07-15
34344,MA,2025-09-05
34345,MA,2025-01-07
34346,NY,2024-05-23
34347,TX,2024-11-26
34348,NY,2024-06-11
34349,IL,2023-04-10
34350,VA,2023-10-05
34351,VA,2024-03-03
34352,CO,2023-11-25
34353,CO,2025-10-20
34354,MI,2025-02-02
34355,CA,2024-11-22
34356,NJ,2023-02-02
34357,GA,2023-04-30
34358,NJ,2026-01-25
34359,CO,2024-01-21
34360,GA,2023-01-14
34361,VA,2024-09-04
34362,AZ,2025-01-06
34363,VA,2023-11-17
34364,GA,2023-03-27
34365,NJ,2024-06-25
34366,PA,2025-12-23
34367,IL,2023-03-21
34368,TX,2024-01-29
34369,CA,2024-10-28
34370,NJ,2025-05-27
34371,CO,2023-07-30
34372,NC,2024-02-07
34373,TX,2026-01-27
34374,VA,2023-09-24
34375,MA,2025-12-11
34376,VA,2024-09-29
34377,NC,2026-02-19
34378,IL,2023-02-01
34379,TX,2025-10-17
34380,IL,2024-04-12
34381,PA,2023-10-19
34382,TX,2024-08-22
34383,VA,2023-06-20
34384,MI,2024-01-03
34385,VA,2023-11-04
34386,AZ,2023-03-09
34387,GA,2026-01-11
34388,VA,2023-06-25
34389,CA,2025-06-01
34390,VA,2025-07-08
34391,CO,2025-06-10
34392,WA,2023-04-22
34393,MI,2023-12-21
34394,FL,2023-07-10
34395,CA,2023-09-19
34396,GA,2024-09-07
34397,VA,2024-11-18
34398,GA,2025-12-07
34399,VA,2025-07-13
34400,WA,2023-04-30
34401,AZ,2025-07-25
34402,NJ,2024-01-19
34403,GA,2023-11-25
34404,MI,2025-05-21
34405,NC,2025-02-03
34406,AZ,2025-02-11
34407,GA,2023-03-26
34408,MA,2023-01-17
34409,CO,2024-01-19
34410,CA,2023-03-23
34411,FL,2025-03-06
34412,NC,2023-04-16
34413,NC,2025-06-07
34414,MI,2023-05-27
34415,FL,2025-10-28
34416,PA,2023-10-01
34417,GA,2024-05-25
34418,TX,2025-01-04
34419,MI,2023-02-07
34420,PA,2024-07-24
34421,NC,2024-10-21
34422,MI,2023-03-23
34423,NC,2025-05-30
34424,CA,2025-04-28
34425,MI,2025-02-25
34426,NJ,2025-02-03
34427,WA,2023-10-10
34428,MA,2023-09-09
34429,PA,2025-10-02
34430,FL,2024-12-08
34431,GA,2025-07-08
34432,IL,2025-05-04
34433,IL,2023-02-05
34434,TX,2025-08-17
34435,NC,2025-06-20
34436,NC,2026-01-04
34437,WA,2026-02-25
34438,NC,2024-05-26
34439,IL,2025-01-27
34440,AZ,2023-10-05
34441,FL,2023-11-27
34442,VA,2023-12-26
34443,TX,2025-05-20
34444,WA,2023-04-12
34445,MA,2024-01-12
34446,NJ,2024-08-11
34447,IL,2025-02-12
34448,NY,2025-04-01
34449,CA,2023-01-02
34450,WA,2023-05-08
34451,WA,2026-03-01
34452,PA,2025-07-31
34453,PA,2023-12-18
34454,IL,2023-02-11
34455,TX,2023-09-16
34456,CA,2023-02-06
34457,MI,2023-01-22
34458,FL,2023-12-25
34459,FL,2025-04-09
34460,NC,2023-11-02
34461,NY,2023-01-14
34462,AZ,2023-02-17
34463,CO,2026-01-26
34464,IL,2025-03-26
34465,PA,2026-02-23
34466,TX,2023-06-09
34467,MI,2023-07-04
34468,CA,2024-04-11
34469,PA,2025-02-21
34470,NJ,2024-09-22
34471,TX,2025-01-04
34472,CO,2024-07-11
34473,FL,2023-11-23
34474,TX,2023-03-07
34475,VA,2023-11-09
34476,NJ,2023-10-17
34477,FL,2023-08-15
34478,NJ,2025-08-18
34479,MI,2023-06-24
34480,FL,2025-12-24
34481,NY,2025-04-26
34482,FL,2025-01-31
34483,NJ,2023-09-27
34484,PA,2023-07-01
34485,GA,2025-06-24
34486,FL,2025-04-14
34487,PA,2023-12-06
34488,CA,2025-06-14
34489,CA,2025-06-05
34490,CA,2025-05-08
34491,AZ,2025-01-22
34492,WA,2026-02-13
34493,IL,2025-10-31
34494,PA,2025-06-17
34495,IL,2025-09-10
34496,IL,2023-06-16
34497,GA,2025-10-30
34498,CA,2024-07-16
34499,NC,2023-11-24
34500,IL,2025-12-06
34501,VA,2025-03-31
34502,CO,2024-02-03
34503,CO,2024-03-12
34504,PA,2026-02-18
34505,MI,2025-03-20
34506,MI,2025-03-07
34507,TX,2025-12-06
34508,VA,2024-12-31
34509,WA,2025-03-08
34510,NC,2024-09-26
34511,FL,2024-06-09
34512,PA,2024-05-03
34513,CA,2024-05-19
34514,GA,2026-01-07
34515,WA,2025-01-19
34516,NY,2026-02-07
34517,PA,2025-05-23
34518,NY,2024-07-09
34519,NJ,2024-02-13
34520,MA,2026-01-19
34521,FL,2023-08-27
34522,CA,2023-11-13
34523,WA,2025-02-08
34524,NY,2025-09-03
34525,MI,2023-03-20
34526,MA,2024-04-19
34527,MI,2023-11-26
34528,GA,2024-05-24
34529,VA,2025-02-15
34530,CA,2025-07-08
34531,PA,2025-08-18
34532,NY,2023-06-15
34533,NJ,2025-06-19
34534,IL,2025-12-27
34535,CO,2023-08-25
34536,MA,2024-04-15
34537,GA,2025-12-21
34538,AZ,2023-05-15
34539,NY,2025-08-04
34540,PA,2023-06-09
34541,GA,2024-09-10
34542,FL,2025-04-21
34543,NJ,2025-01-24
34544,MI,2025-01-24
34545,TX,2026-01-29
34546,MA,2024-07-08
34547,WA,2024-02-19
34548,VA,2025-11-12
34549,WA,2025-04-19
34550,PA,2024-10-17
34551,VA,2025-02-15
34552,NY,2025-09-05
34553,IL,2024-07-04
34554,IL,2023-10-27
34555,PA,2024-08-10
34556,FL,2025-08-26
34557,WA,2023-02-17
34558,MA,2023-07-24
34559,AZ,2024-09-02
34560,CO,2024-02-26
34561,IL,2025-08-31
34562,WA,2023-11-16
34563,PA,2025-08-05
34564,TX,2023-03-31
34565,MA,2024-07-03
34566,CO,2023-04-21
34567,TX,2024-11-14
34568,WA,2025-10-28
34569,NJ,2023-01-23
34570,NY,2024-07-24
34571,NC,2024-03-16
34572,NC,2025-12-17
34573,PA,2025-10-08
34574,FL,2024-11-17
34575,PA,2026-01-24
34576,FL,2024-04-06
34577,PA,2024-09-20
34578,VA,2025-01-21
34579,CO,2024-10-27
34580,TX,2023-11-04
34581,WA,2024-02-25
34582,NJ,2023-10-30
34583,WA,2024-12-12
34584,NY,2024-06-09
34585,GA,2023-02-16
34586,FL,2025-01-29
34587,GA,2024-08-28
34588,GA,2024-05-13
34589,NY,2023-04-16
34590,GA,2025-01-09
34591,GA,2025-06-25
34592,NY,2025-02-08
34593,NJ,2023-06-07
34594,VA,2024-01-06
34595,IL,2025-03-02
34596,GA,2023-09-02
34597,FL,2023-04-27
34598,NY,2023-03-11
34599,MA,2025-05-27
34600,MI,2026-01-03
34601,GA,2023-05-15
34602,IL,2025-01-06
34603,NJ,2025-06-08
34604,NJ,2023-05-18
34605,AZ,2024-12-13
34606,FL,2023-08-28
34607,CA,2024-06-20
34608,FL,2023-08-05
34609,TX,2025-05-30
34610,MA,2025-11-01
34611,NJ,2024-05-21
34612,VA,2024-02-22
34613,NJ,2024-01-22
34614,NC,2025-07-11
34615,WA,2024-08-17
34616,PA,2025-04-19
34617,TX,2023-02-05
34618,AZ,2025-04-08
34619,NY,2024-12-11
34620,VA,2024-11-12
34621,NY,2023-09-05
34622,WA,2023-11-17
34623,VA,2024-12-23
34624,VA,2025-02-20
34625,CO,2024-09-18
34626,CO,2023-11-19
34627,AZ,2025-07-18
34628,PA,2025-06-22
34629,WA,2023-03-02
34630,VA,2025-07-23
34631,NY,2025-10-18
34632,VA,2025-07-07
34633,FL,2023-11-24
34634,MA,2025-06-13
34635,AZ,2023-06-17
34636,IL,2023-12-24
34637,NC,2025-12-18
34638,MA,2025-05-17
34639,WA,2024-11-13
34640,NY,2023-03-25
34641,CO,2023-09-05
34642,AZ,2025-04-05
34643,PA,2025-10-18
34644,NY,2025-07-20
34645,PA,2025-08-26
34646,CO,2024-04-25
34647,MI,2024-10-07
34648,MA,2023-07-12
34649,TX,2024-03-13
34650,VA,2024-05-14
34651,FL,2023-06-01
34652,VA,2024-10-30
34653,MA,2023-09-26
34654,FL,2024-07-28
34655,GA,2023-06-06
34656,MA,2023-07-06
34657,CA,2023-11-13
34658,CA,2024-08-22
34659,MI,2025-09-13
34660,FL,2023-03-25
34661,AZ,2023-07-15
34662,AZ,2024-01-13
34663,VA,2023-04-28
34664,GA,2023-01-26
34665,VA,2023-08-27
34666,FL,2026-02-06
34667,VA,2026-01-18
34668,WA,2024-01-17
34669,CA,2025-03-03
34670,MI,2025-11-07
34671,AZ,2024-10-25
34672,NY,2024-05-16
34673,NJ,2024-09-11
34674,FL,2025-02-14
34675,PA,2023-08-05
34676,FL,2025-09-21
34677,NJ,2023-01-24
34678,NC,2025-09-26
34679,IL,2024-01-08
34680,VA,2024-09-05
34681,IL,2023-11-26
34682,CO,2025-07-24
34683,PA,2024-02-21
34684,VA,2024-02-27
34685,GA,2024-08-28
34686,AZ,2025-11-26
34687,CA,2024-11-30
34688,CA,2023-04-23
34689,MI,2024-06-25
34690,IL,2025-07-29
34691,FL,2023-01-18
34692,NJ,2023-06-11
34693,FL,2023-06-08
34694,CA,2025-10-30
34695,GA,2025-05-22
34696,PA,2025-11-04
34697,NJ,2024-07-18
34698,TX,2024-11-29
34699,MI,2025-12-14
34700,WA,2024-03-21
34701,NC,2025-06-08
34702,CA,2024-01-26
34703,CO,2023-05-19
34704,TX,2025-06-02
34705,AZ,2025-01-31
34706,MI,2023-05-05
34707,CA,2023-08-07
34708,NC,2023-10-08
34709,IL,2024-03-15
34710,CA,2023-04-12
34711,MI,2025-11-29
34712,MI,2024-04-15
34713,TX,2024-03-09
34714,WA,2023-01-11
34715,FL,2023-05-12
34716,MA,2024-04-28
34717,IL,2024-02-19
34718,PA,2025-04-01
34719,TX,2024-07-21
34720,NJ,2025-05-11
34721,CO,2023-12-21
34722,CO,2023-09-18
34723,AZ,2024-08-14
34724,NY,2025-10-07
34725,MA,2024-08-02
34726,AZ,2025-10-24
34727,CA,2023-12-07
34728,NY,2025-08-27
34729,CO,2023-04-05
34730,PA,2023-01-16
34731,CA,2026-02-08
34732,NY,2023-11-22
34733,PA,2025-05-24
34734,CA,2024-11-01
34735,WA,2023-04-04
34736,MA,2025-09-23
34737,IL,2023-12-02
34738,IL,2025-03-22
34739,IL,2023-06-13
34740,CO,2025-06-12
34741,WA,2024-02-16
34742,MI,2024-01-03
34743,NC,2023-11-15
34744,MA,2024-05-03
34745,TX,2024-07-03
34746,GA,2025-06-14
34747,NC,2023-07-06
34748,TX,2023-01-25
34749,AZ,2023-05-22
34750,AZ,2024-03-03
34751,IL,2026-02-21
34752,TX,2023-01-25
34753,CA,2024-04-21
34754,CA,2025-04-26
34755,TX,2025-11-12
34756,FL,2023-05-02
34757,AZ,2025-09-09
34758,NY,2023-01-17
34759,GA,2023-01-02
34760,MI,2023-09-24
34761,NJ,2023-09-08
34762,CO,2023-10-04
34763,PA,2025-10-26
34764,VA,2023-08-12
34765,TX,2025-07-29
34766,MA,2025-11-20
34767,FL,2024-04-17
34768,WA,2024-05-28
34769,FL,2023-06-14
34770,GA,2023-10-27
34771,NJ,2025-09-01
34772,MA,2024-03-29
34773,VA,2024-09-30
34774,FL,2024-04-25
34775,VA,2023-03-16
34776,CO,2023-11-05
34777,NY,2023-03-17
34778,MA,2024-01-22
34779,NJ,2025-08-14
34780,CA,2025-01-16
34781,CO,2025-12-14
34782,VA,2024-04-04
34783,AZ,2024-10-22
34784,PA,2023-11-09
34785,AZ,2023-09-26
34786,VA,2023-06-04
34787,MI,2024-04-24
34788,IL,2026-02-02
34789,PA,2026-01-02
34790,WA,2026-01-03
34791,GA,2026-01-25
34792,GA,2026-02-06
34793,TX,2023-01-28
34794,GA,2026-01-30
34795,VA,2025-05-11
34796,MI,2023-04-29
34797,VA,2025-11-16
34798,GA,2023-05-30
34799,NY,2024-11-12
34800,WA,2025-01-31
34801,NJ,2023-07-02
34802,NY,2025-12-30
34803,CA,2023-07-02
34804,MA,2023-06-22
34805,FL,2024-06-25
34806,WA,2023-12-21
34807,FL,2023-06-03
34808,IL,2024-08-23
34809,NJ,2024-01-20
34810,NY,2025-01-02
34811,CO,2025-07-08
34812,FL,2025-11-14
34813,CO,2026-01-26
34814,TX,2024-07-07
34815,PA,2025-12-28
34816,PA,2023-12-27
34817,NJ,2025-02-14
34818,WA,2025-05-23
34819,PA,2025-12-22
34820,TX,2024-12-18
34821,PA,2024-10-21
34822,MI,2024-05-09
34823,VA,2024-02-28
34824,MA,2025-04-20
34825,MI,2023-09-12
34826,TX,2023-09-18
34827,MI,2026-02-26
34828,PA,2024-06-06
34829,CO,2024-02-26
34830,GA,2024-08-02
34831,VA,2024-02-20
34832,PA,2025-10-25
34833,NY,2025-07-06
34834,TX,2023-07-25
34835,PA,2024-04-13
34836,VA,2023-03-23
34837,MA,2025-12-26
34838,WA,2025-01-26
34839,NC,2023-09-24
34840,MA,2025-01-20
34841,NY,2024-04-19
34842,AZ,2023-06-02
34843,AZ,2024-07-07
34844,FL,2024-05-01
34845,CA,2024-07-24
34846,MI,2024-09-20
34847,WA,2025-01-30
34848,CO,2025-12-07
34849,CA,2025-11-13
34850,MA,2024-12-09
34851,MA,2025-11-22
34852,MA,2025-04-17
34853,MI,2023-06-24
34854,CA,2024-07-18
34855,PA,2024-11-15
34856,NJ,2025-08-24
34857,TX,2024-12-23
34858,NJ,2025-10-18
34859,NY,2025-10-23
34860,MI,2025-12-08
34861,MI,2025-11-03
34862,WA,2025-03-03
34863,NY,2023-09-04
34864,VA,2024-03-07
34865,AZ,2024-07-20
34866,WA,2024-04-25
34867,WA,2023-09-15
34868,FL,2024-06-18
34869,NJ,2023-04-18
34870,MA,2023-06-25
34871,NC,2024-04-13
34872,IL,2024-06-10
34873,NY,2025-03-29
34874,MI,2023-06-01
34875,FL,2025-04-03
34876,VA,2025-11-27
34877,AZ,2023-10-08
34878,NJ,2025-08-05
34879,MA,2024-03-06
34880,GA,2023-11-16
34881,GA,2023-03-12
34882,PA,2026-01-16
34883,TX,2023-02-26
34884,CA,2023-06-16
34885,GA,2024-09-22
34886,CO,2025-03-07
34887,MA,2025-07-10
34888,IL,2023-11-16
34889,AZ,2024-06-15
34890,MI,2023-01-07
34891,NC,2024-04-02
34892,MA,2023-08-26
34893,NJ,2024-03-26
34894,GA,2025-06-14
34895,IL,2026-02-11
34896,MI,2024-05-06
34897,AZ,2024-03-24
34898,AZ,2025-10-01
34899,NC,2024-09-30
34900,TX,2023-07-22
34901,VA,2024-08-04
34902,AZ,2025-05-09
34903,TX,2023-04-30
34904,FL,2024-10-26
34905,NC,2025-08-01
34906,VA,2024-09-15
34907,AZ,2025-07-01
34908,MI,2023-06-29
34909,AZ,2024-09-22
34910,NC,2024-10-03
34911,CO,2024-11-30
34912,NC,2025-08-10
34913,GA,2024-05-07
34914,AZ,2025-07-31
34915,CO,2024-02-01
34916,NJ,2025-02-28
34917,NC,2026-02-03
34918,NY,2023-11-30
34919,FL,2024-10-20
34920,FL,2023-01-01
34921,PA,2024-03-27
34922,NY,2023-07-03
34923,VA,2026-01-16
34924,CO,2024-12-04
34925,TX,2024-08-03
34926,NY,2023-12-06
34927,MA,2025-07-06
34928,MI,2024-09-13
34929,CA,2023-06-21
34930,MI,2024-01-13
34931,IL,2023-06-26
34932,VA,2024-09-02
34933,VA,2023-02-05
34934,TX,2023-08-13
34935,VA,2025-05-05
34936,TX,2025-07-18
34937,MI,2025-12-10
34938,WA,2023-06-02
34939,AZ,2025-01-18
34940,TX,2025-02-04
34941,PA,2025-03-31
34942,FL,2023-04-15
34943,VA,2024-01-02
34944,VA,2025-04-12
34945,MI,2026-01-12
34946,TX,2025-10-20
34947,MA,2025-12-04
34948,TX,2024-05-04
34949,AZ,2023-02-19
34950,NC,2025-03-26
34951,FL,2023-07-20
34952,NY,2023-06-24
34953,NY,2023-05-22
34954,GA,2023-07-09
34955,NJ,2025-05-07
34956,CA,2025-02-19
34957,CA,2025-05-18
34958,NC,2026-01-25
34959,CA,2025-11-30
34960,AZ,2023-11-25
34961,TX,2025-08-22
34962,NY,2025-02-13
34963,TX,2023-04-05
34964,AZ,2024-11-24
34965,WA,2024-04-26
34966,GA,2023-01-11
34967,NY,2025-02-11
34968,PA,2024-04-15
34969,NJ,2024-03-06
34970,MI,2025-12-02
34971,AZ,2023-01-04
34972,CA,2023-12-03
34973,NJ,2024-01-10
34974,IL,2026-01-23
34975,TX,2023-01-30
34976,VA,2025-06-16
34977,MA,2026-01-16
34978,IL,2025-04-21
34979,NJ,2023-08-08
34980,MA,2023-05-08
34981,VA,2023-08-13
34982,VA,2024-02-12
34983,WA,2024-11-07
34984,CA,2023-06-07
34985,AZ,2024-12-09
34986,TX,2024-02-11
34987,TX,2023-01-30
34988,MA,2023-07-15
34989,MI,2025-03-29
34990,AZ,2023-12-10
34991,VA,2024-08-01
34992,TX,2023-07-03
34993,NJ,2024-05-26
34994,WA,2025-08-18
34995,FL,2024-09-12
34996,FL,2023-08-06
34997,VA,2026-01-04
34998,MA,2023-11-17
34999,CA,2023-01-02
35000,MA,2026-01-20
35001,MI,2025-02-09
35002,CO,2024-08-17
35003,TX,2023-03-23
35004,MI,2023-08-11
35005,TX,2025-02-13
35006,FL,2025-05-28
35007,MI,2025-11-27
35008,VA,2024-03-17
35009,IL,2024-07-26
35010,AZ,2024-08-17
35011,MA,2025-07-23
35012,CA,2023-01-28
35013,MI,2023-07-04
35014,VA,2026-02-27
35015,FL,2023-03-11
35016,PA,2024-12-19
35017,MA,2024-10-29
35018,NJ,2024-07-02
35019,NY,2023-08-05
35020,CA,2024-08-30
35021,CA,2024-11-25
35022,NC,2024-09-04
35023,AZ,2025-01-09
35024,AZ,2024-04-16
35025,IL,2024-01-20
35026,PA,2023-01-03
35027,WA,2024-08-05
35028,CA,2023-04-07
35029,NC,2024-08-19
35030,TX,2025-01-20
35031,MI,2024-11-18
35032,NJ,2024-10-04
35033,MA,2024-11-19
35034,PA,2024-09-04
35035,GA,2024-11-30
35036,VA,2023-12-19
35037,GA,2025-10-18
35038,MI,2023-06-30
35039,IL,2024-04-21
35040,TX,2024-10-27
35041,CA,2025-12-16
35042,TX,2024-02-26
35043,NC,2025-06-23
35044,NY,2025-12-05
35045,NJ,2025-05-11
35046,WA,2023-03-27
35047,CO,2025-01-16
35048,WA,2025-06-11
35049,CA,2024-08-16
35050,TX,2023-06-27
35051,PA,2026-01-21
35052,WA,2023-07-12
35053,MA,2025-03-05
35054,WA,2024-05-01
35055,AZ,2024-10-03
35056,NC,2024-04-11
35057,WA,2024-03-20
35058,MA,2025-06-04
35059,VA,2025-06-07
35060,MI,2023-04-01
35061,CO,2023-03-04
35062,AZ,2023-01-15
35063,CO,2025-10-11
35064,MA,2025-01-02
35065,VA,2023-10-21
35066,AZ,2025-03-26
35067,TX,2023-09-15
35068,NJ,2024-12-13
35069,NY,2023-06-11
35070,CA,2025-10-18
35071,IL,2024-03-02
35072,VA,2023-01-24
35073,GA,2025-09-24
35074,TX,2026-01-30
35075,WA,2024-09-20
35076,GA,2024-06-28
35077,AZ,2023-10-26
35078,AZ,2025-11-06
35079,GA,2025-10-27
35080,MA,2025-08-12
35081,AZ,2024-07-01
35082,FL,2023-09-28
35083,NJ,2023-03-11
35084,NY,2023-08-16
35085,NY,2025-12-28
35086,FL,2023-08-25
35087,CA,2023-07-16
35088,AZ,2026-02-04
35089,FL,2024-01-04
35090,PA,2026-02-23
35091,AZ,2025-03-27
35092,NJ,2025-06-02
35093,IL,2024-12-20
35094,IL,2024-12-15
35095,MA,2024-09-30
35096,WA,2025-03-06
35097,GA,2023-12-08
35098,NY,2023-06-04
35099,NY,2025-09-03
35100,FL,2024-03-31
35101,MI,2023-02-01
35102,FL,2025-09-30
35103,FL,2025-11-04
35104,CA,2023-05-08
35105,FL,2024-02-28
35106,PA,2023-04-06
35107,WA,2025-03-25
35108,GA,2024-09-04
35109,TX,2026-02-15
35110,MI,2024-06-05
35111,TX,2026-02-14
35112,AZ,2023-08-12
35113,WA,2023-09-05
35114,NC,2025-09-01
35115,IL,2024-10-10
35116,TX,2025-01-11
35117,CA,2025-05-11
35118,NC,2024-07-05
35119,CO,2025-02-22
35120,PA,2025-11-14
35121,CA,2023-05-18
35122,NY,2025-07-14
35123,TX,2023-01-09
35124,IL,2024-07-22
35125,FL,2023-10-29
35126,FL,2024-09-22
35127,MI,2023-06-20
35128,GA,2025-06-02
35129,IL,2024-05-26
35130,PA,2024-01-04
35131,NY,2024-01-10
35132,MA,2023-07-23
35133,MI,2023-02-26
35134,VA,2024-10-18
35135,TX,2025-11-14
35136,GA,2025-12-14
35137,IL,2023-05-27
35138,CO,2025-09-03
35139,VA,2026-01-15
35140,VA,2025-10-01
35141,CA,2025-07-10
35142,NY,2023-03-13
35143,IL,2025-01-19
35144,TX,2025-08-10
35145,CA,2023-05-16
35146,IL,2025-12-05
35147,WA,2024-05-31
35148,VA,2025-11-01
35149,GA,2023-01-27
35150,IL,2023-03-25
35151,WA,2024-07-01
35152,CA,2025-12-11
35153,MI,2023-03-15
35154,CA,2024-05-04
35155,NJ,2023-01-12
35156,CA,2024-11-01
35157,MA,2024-08-25
35158,IL,2024-11-02
35159,AZ,2025-09-28
35160,WA,2025-04-11
35161,FL,2026-02-01
35162,NJ,2024-08-25
35163,AZ,2023-11-11
35164,VA,2025-03-03
35165,VA,2023-03-09
35166,NJ,2023-07-16
35167,CO,2024-10-26
35168,NJ,2024-06-05
35169,CO,2023-07-09
35170,WA,2023-01-12
35171,MI,2025-08-20
35172,FL,2025-11-18
35173,MI,2025-09-15
35174,NY,2024-07-08
35175,MA,2023-03-29
35176,WA,2025-05-05
35177,TX,2024-04-17
35178,GA,2023-04-21
35179,GA,2024-02-25
35180,NJ,2023-03-10
35181,MI,2023-04-29
35182,NJ,2025-02-17
35183,NC,2023-09-04
35184,AZ,2025-04-10
35185,NJ,2023-01-22
35186,CO,2024-02-03
35187,CA,2023-11-22
35188,PA,2024-08-24
35189,TX,2024-10-07
35190,NY,2023-12-18
35191,FL,2025-03-21
35192,NY,2024-02-08
35193,PA,2024-09-28
35194,NJ,2024-12-02
35195,CO,2023-11-19
35196,CA,2024-08-16
35197,FL,2023-08-15
35198,WA,2023-06-29
35199,AZ,2025-08-27
35200,NC,2025-09-16
35201,FL,2025-08-08
35202,CO,2025-04-15
35203,NY,2024-10-25
35204,GA,2023-06-03
35205,NY,2025-01-02
35206,NY,2025-03-16
35207,VA,2025-11-25
35208,NY,2023-05-02
35209,PA,2023-07-01
35210,NC,2026-02-01
35211,CO,2026-01-10
35212,TX,2024-06-19
35213,NC,2023-12-04
35214,NJ,2023-04-13
35215,AZ,2023-08-19
35216,NC,2024-09-18
35217,MI,2025-02-17
35218,AZ,2025-05-24
35219,CO,2024-12-28
35220,MA,2025-08-30
35221,NC,2025-05-12
35222,FL,2025-06-08
35223,MA,2023-01-03
35224,NJ,2025-06-26
35225,CO,2023-06-29
35226,IL,2023-05-05
35227,IL,2024-01-20
35228,TX,2026-02-09
35229,WA,2024-10-07
35230,NC,2023-07-21
35231,NY,2024-10-25
35232,PA,2023-11-24
35233,WA,2025-04-28
35234,WA,2024-02-12
35235,MA,2024-08-11
35236,FL,2023-09-22
35237,AZ,2023-09-11
35238,NJ,2025-12-29
35239,IL,2024-09-01
35240,GA,2026-02-20
35241,FL,2024-06-20
35242,NJ,2025-05-29
35243,AZ,2024-07-03
35244,IL,2023-09-27
35245,VA,2025-02-16
35246,PA,2025-12-25
35247,GA,2023-07-18
35248,NC,2023-05-22
35249,PA,2026-02-23
35250,CA,2023-12-21
35251,CO,2025-03-27
35252,CA,2023-06-25
35253,FL,2024-01-22
35254,TX,2025-12-06
35255,FL,2024-07-25
35256,AZ,2025-03-03
35257,MA,2024-09-24
35258,VA,2023-06-16
35259,AZ,2024-07-11
35260,GA,2025-03-07
35261,GA,2026-01-31
35262,NC,2023-03-27
35263,CA,2024-10-28
35264,MI,2023-01-03
35265,NC,2025-04-03
35266,CA,2025-05-28
35267,GA,2025-02-27
35268,FL,2025-11-13
35269,PA,2024-06-08
35270,VA,2025-08-23
35271,AZ,2024-05-10
35272,TX,2024-11-13
35273,VA,2025-05-11
35274,GA,2024-08-12
35275,WA,2026-01-30
35276,PA,2023-01-30
35277,IL,2024-04-11
35278,CA,2023-07-22
35279,CA,2024-12-24
35280,VA,2023-06-02
35281,AZ,2024-11-08
35282,MA,2023-02-12
35283,NC,2024-02-18
35284,MI,2024-03-18
35285,CO,2023-05-31
35286,NJ,2025-12-03
35287,CO,2026-01-31
35288,AZ,2025-04-09
35289,VA,2023-04-18
35290,MA,2023-11-25
35291,VA,2024-12-06
35292,NJ,2024-09-24
35293,GA,2025-08-07
35294,CA,2024-08-19
35295,NY,2024-03-01
35296,VA,2025-06-25
35297,TX,2023-08-21
35298,VA,2024-03-26
35299,PA,2025-01-24
35300,VA,2024-05-30
35301,WA,2024-08-13
35302,FL,2024-04-28
35303,FL,2023-03-20
35304,MI,2024-11-19
35305,CO,2024-02-10
35306,CO,2025-06-24
35307,NJ,2023-10-03
35308,MA,2023-06-27
35309,CA,2024-11-01
35310,NC,2025-03-22
35311,MI,2025-09-26
35312,FL,2025-09-14
35313,CA,2023-11-27
35314,NJ,2024-07-06
35315,AZ,2023-06-23
35316,WA,2024-04-21
35317,TX,2023-04-02
35318,TX,2024-05-24
35319,FL,2025-06-14
35320,NY,2024-08-23
35321,MA,2024-08-21
35322,PA,2024-02-18
35323,VA,2023-05-17
35324,FL,2024-11-08
35325,WA,2023-03-30
35326,PA,2025-12-02
35327,AZ,2023-12-10
35328,NY,2023-10-23
35329,IL,2023-12-07
35330,GA,2024-09-22
35331,CO,2023-02-04
35332,CO,2023-06-20
35333,NY,2024-01-21
35334,MI,2023-12-01
35335,FL,2023-03-20
35336,CO,2024-01-07
35337,NJ,2023-08-24
35338,CA,2024-05-07
35339,CO,2024-10-10
35340,TX,2023-06-04
35341,CO,2023-03-07
35342,IL,2023-07-19
35343,MA,2024-05-26
35344,NY,2024-05-26
35345,MI,2024-05-12
35346,CA,2024-11-15
35347,IL,2024-11-25
35348,PA,2025-11-29
35349,TX,2023-09-29
35350,FL,2024-12-24
35351,VA,2023-06-09
35352,MI,2023-02-04
35353,GA,2025-04-11
35354,TX,2024-03-01
35355,NY,2023-05-01
35356,NY,2024-02-20
35357,NY,2023-10-13
35358,IL,2025-09-05
35359,NY,2025-08-19
35360,NJ,2024-02-09
35361,MA,2024-05-02
35362,MA,2026-01-28
35363,MA,2025-01-14
35364,AZ,2025-10-22
35365,VA,2024-06-11
35366,NY,2025-01-02
35367,MA,2024-11-25
35368,NC,2024-02-03
35369,CO,2025-11-12
35370,CO,2023-09-04
35371,AZ,2024-09-19
35372,NY,2023-03-10
35373,WA,2024-07-17
35374,AZ,2024-02-01
35375,IL,2024-08-30
35376,GA,2023-10-12
35377,IL,2023-05-26
35378,NC,2024-01-21
35379,IL,2023-10-25
35380,NC,2024-05-29
35381,NC,2025-11-27
35382,MI,2025-12-29
35383,IL,2024-08-03
35384,GA,2024-10-31
35385,NC,2025-02-20
35386,MA,2023-01-02
35387,CA,2025-04-21
35388,CA,2023-03-24
35389,AZ,2023-12-21
35390,FL,2023-05-21
35391,MI,2025-10-06
35392,PA,2025-08-07
35393,NY,2024-08-22
35394,TX,2025-04-14
35395,PA,2025-03-03
35396,MA,2025-07-19
35397,AZ,2025-06-30
35398,MA,2023-08-29
35399,AZ,2024-09-15
35400,PA,2025-10-13
35401,TX,2025-10-17
35402,VA,2025-09-12
35403,NY,2025-06-24
35404,MI,2025-02-25
35405,VA,2023-08-02
35406,VA,2025-03-02
35407,CA,2023-05-13
35408,GA,2023-03-21
35409,NC,2023-04-11
35410,TX,2025-12-23
35411,GA,2024-09-26
35412,MI,2026-02-06
35413,MI,2023-07-06
35414,FL,2025-09-11
35415,MI,2023-07-25
35416,NC,2025-06-01
35417,IL,2023-02-16
35418,VA,2025-03-31
35419,MA,2023-04-09
35420,NC,2024-05-19
35421,AZ,2025-09-16
35422,IL,2024-02-27
35423,CA,2025-07-15
35424,IL,2025-09-03
35425,NJ,2023-08-05
35426,AZ,2023-06-23
35427,IL,2024-03-16
35428,WA,2023-04-16
35429,TX,2024-02-15
35430,NC,2023-04-23
35431,TX,2023-05-26
35432,NJ,2024-10-05
35433,NC,2026-01-12
35434,VA,2024-06-19
35435,MA,2023-10-25
35436,CO,2023-07-07
35437,AZ,2023-04-21
35438,TX,2023-02-25
35439,TX,2024-08-03
35440,MA,2024-06-13
35441,NC,2024-03-24
35442,PA,2023-08-07
35443,MA,2025-06-10
35444,NJ,2023-11-27
35445,GA,2024-05-18
35446,AZ,2023-10-08
35447,IL,2025-04-23
35448,MI,2023-01-12
35449,VA,2024-07-18
35450,MA,2026-01-24
35451,NJ,2023-08-20
35452,NC,2026-02-09
35453,CA,2025-12-06
35454,MA,2023-09-11
35455,NY,2023-10-15
35456,MA,2025-10-04
35457,TX,2024-01-09
35458,GA,2023-07-14
35459,VA,2025-11-14
35460,WA,2025-10-26
35461,MA,2025-05-14
35462,CO,2023-05-23
35463,VA,2024-12-03
35464,PA,2023-06-20
35465,NY,2024-05-04
35466,NJ,2023-04-06
35467,CA,2025-09-10
35468,MA,2023-09-17
35469,MI,2025-12-18
35470,IL,2023-02-21
35471,IL,2025-02-25
35472,NY,2023-05-02
35473,TX,2024-11-25
35474,FL,2023-03-30
35475,TX,2025-08-27
35476,NY,2023-02-07
35477,TX,2023-03-25
35478,AZ,2026-02-05
35479,IL,2025-10-06
35480,GA,2024-12-09
35481,FL,2025-01-08
35482,IL,2025-10-23
35483,CA,2024-11-02
35484,PA,2023-01-30
35485,IL,2024-09-19
35486,PA,2023-04-03
35487,TX,2023-08-06
35488,GA,2026-01-17
35489,FL,2025-08-29
35490,MA,2025-06-04
35491,FL,2024-11-28
35492,NJ,2023-10-09
35493,IL,2025-09-01
35494,AZ,2024-01-24
35495,MA,2025-07-17
35496,NY,2025-05-22
35497,NC,2023-05-17
35498,IL,2023-10-15
35499,CO,2024-09-10
35500,MI,2024-02-16
35501,VA,2024-02-11
35502,VA,2024-08-22
35503,MI,2026-02-22
35504,PA,2024-09-13
35505,IL,2025-12-07
35506,NY,2023-03-10
35507,FL,2024-11-26
35508,CA,2024-05-09
35509,MI,2025-06-02
35510,MA,2023-10-19
35511,CO,2025-10-17
35512,NC,2025-01-02
35513,NY,2024-02-20
35514,NC,2025-06-15
35515,MI,2024-02-22
35516,WA,2024-07-16
35517,NJ,2024-12-27
35518,CO,2023-01-01
35519,NJ,2025-12-26
35520,CO,2023-06-12
35521,MI,2023-11-11
35522,WA,2023-11-29
35523,CO,2024-06-08
35524,AZ,2023-02-25
35525,IL,2024-01-24
35526,MI,2024-08-15
35527,MI,2025-07-27
35528,WA,2025-08-08
35529,VA,2024-12-31
35530,AZ,2024-06-10
35531,NJ,2023-05-04
35532,FL,2025-12-30
35533,WA,2024-01-29
35534,PA,2024-12-04
35535,FL,2025-06-27
35536,CA,2025-06-30
35537,TX,2025-09-20
35538,CO,2023-11-24
35539,MA,2025-12-19
35540,PA,2024-07-20
35541,MI,2025-09-14
35542,MA,2024-03-30
35543,NJ,2024-11-04
35544,TX,2025-01-06
35545,GA,2026-03-01
35546,MI,2023-04-12
35547,IL,2024-07-24
35548,CO,2025-03-19
35549,CO,2025-07-31
35550,TX,2024-01-03
35551,FL,2023-04-01
35552,AZ,2023-05-19
35553,IL,2023-04-24
35554,NY,2023-01-22
35555,PA,2025-11-12
35556,PA,2025-12-24
35557,NJ,2024-04-04
35558,PA,2023-04-24
35559,MA,2024-06-23
35560,NY,2025-07-09
35561,NJ,2023-09-14
35562,WA,2025-12-05
35563,PA,2024-10-13
35564,FL,2024-03-31
35565,GA,2024-11-09
35566,VA,2024-01-27
35567,VA,2024-04-10
35568,MI,2024-02-16
35569,NY,2025-06-29
35570,MA,2024-07-04
35571,VA,2025-09-19
35572,MA,2024-04-16
35573,MA,2026-02-07
35574,CA,2025-02-14
35575,CO,2025-03-20
35576,NY,2024-03-18
35577,MI,2024-04-09
35578,MI,2025-04-25
35579,WA,2025-07-04
35580,NY,2024-08-30
35581,VA,2025-01-11
35582,WA,2024-06-27
35583,MA,2025-06-18
35584,IL,2025-07-13
35585,VA,2024-10-06
35586,MI,2025-04-23
35587,PA,2023-01-23
35588,WA,2025-01-06
35589,FL,2023-05-24
35590,CO,2023-11-02
35591,NJ,2024-05-06
35592,AZ,2024-08-06
35593,CO,2025-12-07
35594,CA,2024-06-29
35595,NC,2024-02-09
35596,NY,2025-02-04
35597,TX,2026-01-30
35598,VA,2023-08-29
35599,CA,2023-12-27
35600,NJ,2023-03-08
35601,TX,2023-10-07
35602,NC,2025-02-16
35603,PA,2025-10-25
35604,CO,2024-06-26
35605,FL,2024-07-16
35606,VA,2023-02-17
35607,VA,2023-11-30
35608,MA,2023-05-16
35609,MA,2024-06-02
35610,NJ,2023-04-29
35611,WA,2023-12-08
35612,PA,2025-09-29
35613,CA,2024-09-18
35614,NC,2023-06-13
35615,FL,2023-10-12
35616,MA,2025-08-21
35617,AZ,2024-01-12
35618,WA,2023-02-22
35619,NY,2023-11-24
35620,AZ,2023-12-07
35621,CO,2024-06-10
35622,NY,2024-09-30
35623,NJ,2026-02-15
35624,CO,2024-05-20
35625,VA,2025-05-17
35626,NJ,2024-12-04
35627,NY,2023-06-27
35628,NJ,2025-08-25
35629,WA,2024-07-12
35630,FL,2025-06-27
35631,CA,2024-10-15
35632,AZ,2023-01-09
35633,PA,2025-07-22
35634,CO,2024-06-07
35635,NC,2025-11-02
35636,PA,2023-10-04
35637,TX,2024-03-14
35638,VA,2025-11-27
35639,FL,2025-03-30
35640,FL,2024-03-10
35641,WA,2025-04-19
35642,TX,2025-01-13
35643,GA,2023-09-08
35644,FL,2024-09-23
35645,AZ,2025-04-24
35646,NC,2023-01-14
35647,MI,2023-10-01
35648,NJ,2025-10-03
35649,NJ,2023-12-19
35650,FL,2025-08-27
35651,IL,2024-03-17
35652,MI,2024-07-20
35653,CO,2025-03-12
35654,VA,2023-05-07
35655,MA,2025-10-15
35656,FL,2025-03-31
35657,FL,2025-12-24
35658,WA,2024-11-25
35659,NC,2025-01-08
35660,WA,2024-09-14
35661,PA,2023-03-20
35662,CA,2026-01-20
35663,VA,2023-05-20
35664,CO,2025-10-21
35665,NC,2023-09-24
35666,VA,2025-12-10
35667,WA,2023-08-17
35668,TX,2024-03-25
35669,TX,2024-07-10
35670,FL,2026-01-27
35671,PA,2025-12-31
35672,MA,2024-08-19
35673,WA,2025-07-29
35674,CA,2025-04-14
35675,AZ,2024-12-29
35676,PA,2023-06-05
35677,VA,2025-05-09
35678,WA,2025-04-19
35679,AZ,2024-07-30
35680,WA,2025-07-05
35681,IL,2024-10-16
35682,AZ,2024-01-27
35683,MA,2025-11-09
35684,WA,2023-11-29
35685,MI,2023-07-11
35686,VA,2023-10-22
35687,NJ,2023-05-15
35688,AZ,2023-07-22
35689,NY,2023-03-29
35690,AZ,2023-12-11
35691,NY,2024-07-16
35692,VA,2023-09-07
35693,FL,2023-11-15
35694,CA,2023-10-16
35695,MA,2023-10-28
35696,VA,2025-10-26
35697,CA,2024-07-02
35698,TX,2023-09-15
35699,NC,2024-09-09
35700,MA,2023-08-10
35701,NJ,2023-11-09
35702,PA,2023-12-14
35703,PA,2025-05-13
35704,IL,2024-09-20
35705,MI,2024-11-21
35706,MI,2023-04-01
35707,MA,2023-10-21
35708,WA,2023-07-11
35709,CO,2026-01-28
35710,IL,2025-03-16
35711,PA,2023-01-31
35712,FL,2024-08-28
35713,AZ,2025-02-20
35714,NJ,2026-01-26
35715,CA,2023-02-21
35716,NY,2024-04-19
35717,PA,2025-03-20
35718,IL,2023-12-16
35719,FL,2025-09-27
35720,TX,2025-01-27
35721,MA,2025-11-07
35722,MA,2023-08-18
35723,NY,2024-12-14
35724,CO,2024-09-01
35725,MI,2024-07-28
35726,MI,2025-05-12
35727,NJ,2024-01-23
35728,CA,2024-10-16
35729,NJ,2023-01-02
35730,NC,2025-06-10
35731,MA,2023-05-31
35732,NC,2025-01-22
35733,PA,2024-09-19
35734,CA,2025-08-04
35735,VA,2025-10-30
35736,PA,2024-11-09
35737,MI,2025-06-18
35738,AZ,2023-04-21
35739,TX,2023-06-29
35740,TX,2025-09-03
35741,NC,2023-06-30
35742,AZ,2024-01-02
35743,NY,2023-06-23
35744,AZ,2023-03-27
35745,NC,2024-07-01
35746,VA,2025-08-04
35747,WA,2025-12-22
35748,FL,2024-03-06
35749,VA,2024-10-19
35750,IL,2023-09-21
35751,NY,2023-06-18
35752,AZ,2023-11-13
35753,FL,2024-02-08
35754,PA,2023-08-01
35755,MA,2024-09-25
35756,CA,2025-08-19
35757,VA,2024-11-02
35758,NJ,2023-05-03
35759,TX,2025-11-11
35760,CA,2024-07-06
35761,NY,2025-05-26
35762,GA,2024-01-29
35763,NC,2024-07-10
35764,WA,2023-09-18
35765,VA,2024-06-07
35766,FL,2023-08-21
35767,PA,2023-10-15
35768,FL,2024-01-11
35769,CO,2025-07-24
35770,PA,2024-12-14
35771,TX,2025-04-11
35772,MI,2023-03-28
35773,PA,2025-06-15
35774,PA,2024-11-23
35775,FL,2023-06-19
35776,NY,2024-05-07
35777,IL,2023-01-22
35778,PA,2023-02-01
35779,GA,2023-12-11
35780,PA,2024-04-28
35781,FL,2024-07-30
35782,NJ,2025-10-02
35783,IL,2023-11-12
35784,FL,2025-02-05
35785,AZ,2025-07-13
35786,NY,2025-12-22
35787,VA,2024-08-10
35788,AZ,2023-10-09
35789,IL,2023-02-04
35790,PA,2024-01-10
35791,MA,2023-02-22
35792,FL,2025-03-19
35793,PA,2024-05-30
35794,NJ,2024-05-28
35795,MA,2023-10-18
35796,VA,2025-07-17
35797,NJ,2024-04-29
35798,CO,2024-10-14
35799,NJ,2026-02-12
35800,TX,2026-02-12
35801,MI,2025-02-13
35802,NY,2023-05-04
35803,WA,2023-09-30
35804,NY,2024-10-26
35805,NC,2023-07-18
35806,WA,2023-03-24
35807,NC,2025-07-17
35808,MI,2024-01-13
35809,VA,2025-09-09
35810,IL,2025-12-20
35811,CO,2023-12-13
35812,IL,2023-01-31
35813,FL,2024-07-05
35814,TX,2023-10-03
35815,AZ,2025-01-14
35816,AZ,2024-02-22
35817,NY,2025-04-12
35818,VA,2025-12-21
35819,CA,2025-01-02
35820,NY,2024-03-04
35821,NY,2023-09-08
35822,MI,2023-01-11
35823,WA,2024-02-21
35824,GA,2024-07-03
35825,CA,2024-07-30
35826,FL,2024-07-03
35827,NC,2025-02-05
35828,MA,2024-04-01
35829,NJ,2025-08-01
35830,AZ,2023-09-01
35831,NC,2023-10-07
35832,TX,2025-03-14
35833,CO,2026-02-06
35834,TX,2024-03-24
35835,CO,2025-08-13
35836,VA,2023-04-09
35837,NY,2025-05-01
35838,WA,2026-02-01
35839,FL,2024-09-18
35840,NJ,2023-02-15
35841,GA,2024-07-27
35842,TX,2024-09-17
35843,PA,2025-02-02
35844,NJ,2023-04-15
35845,WA,2023-01-29
35846,NC,2023-06-18
35847,GA,2024-09-25
35848,VA,2025-05-18
35849,IL,2025-06-06
35850,NY,2024-04-01
35851,CA,2024-03-18
35852,PA,2025-03-06
35853,NJ,2024-02-03
35854,CA,2023-07-05
35855,MA,2023-10-25
35856,AZ,2025-04-20
35857,PA,2024-06-14
35858,NY,2026-01-05
35859,MA,2024-10-03
35860,CA,2024-10-19
35861,FL,2023-09-02
35862,NC,2025-10-14
35863,MI,2023-05-16
35864,MI,2023-07-24
35865,VA,2025-06-02
35866,NJ,2024-07-09
35867,FL,2023-03-01
35868,MI,2023-09-06
35869,WA,2025-06-03
35870,AZ,2024-09-29
35871,AZ,2025-09-09
35872,NC,2024-02-01
35873,MI,2023-02-14
35874,MI,2023-01-02
35875,CA,2024-12-06
35876,MA,2024-07-12
35877,NJ,2023-08-14
35878,NY,2025-10-22
35879,PA,2026-01-08
35880,MI,2023-04-29
35881,NJ,2024-08-20
35882,MI,2024-07-21
35883,VA,2025-07-30
35884,NJ,2024-07-28
35885,VA,2023-01-08
35886,NY,2023-08-23
35887,CO,2024-03-02
35888,MI,2024-08-24
35889,GA,2023-10-06
35890,IL,2025-06-30
35891,NJ,2025-05-02
35892,CA,2024-10-01
35893,CA,2023-12-26
35894,AZ,2024-08-27
35895,NJ,2023-07-31
35896,MA,2024-12-16
35897,CO,2024-07-02
35898,TX,2023-08-06
35899,GA,2023-05-26
35900,FL,2025-12-18
35901,FL,2024-10-02
35902,TX,2025-11-22
35903,CO,2025-09-16
35904,GA,2024-02-15
35905,CA,2025-12-09
35906,NY,2023-11-18
35907,CA,2026-01-11
35908,AZ,2024-06-19
35909,FL,2023-03-10
35910,NC,2025-10-28
35911,MA,2025-07-04
35912,AZ,2025-01-30
35913,MA,2026-01-27
35914,PA,2024-12-10
35915,IL,2025-04-06
35916,VA,2023-07-27
35917,NJ,2025-03-25
35918,WA,2025-06-16
35919,NJ,2023-01-26
35920,FL,2024-05-21
35921,PA,2023-05-28
35922,VA,2025-05-10
35923,AZ,2024-01-13
35924,CO,2025-09-06
35925,MA,2023-03-06
35926,NJ,2024-12-29
35927,NJ,2025-03-13
35928,NC,2024-09-20
35929,CA,2024-08-19
35930,IL,2023-10-06
35931,AZ,2024-01-01
35932,NY,2024-05-13
35933,FL,2023-06-18
35934,WA,2024-04-06
35935,CO,2024-02-24
35936,IL,2025-05-25
35937,NJ,2023-02-09
35938,NY,2023-12-29
35939,WA,2023-03-25
35940,MI,2023-12-10
35941,WA,2024-05-23
35942,IL,2025-04-20
35943,CA,2023-12-04
35944,CO,2025-10-18
35945,TX,2025-05-23
35946,WA,2025-05-11
35947,MA,2023-07-01
35948,TX,2023-01-07
35949,AZ,2024-10-26
35950,NC,2024-02-12
35951,MI,2023-09-19
35952,VA,2024-04-19
35953,MI,2023-10-04
35954,IL,2025-04-05
35955,WA,2023-04-06
35956,MA,2025-11-21
35957,NC,2025-01-17
35958,MI,2024-01-28
35959,NJ,2024-02-03
35960,TX,2024-12-29
35961,VA,2025-09-21
35962,AZ,2025-03-18
35963,NY,2025-02-05
35964,FL,2025-10-31
35965,TX,2025-12-23
35966,MI,2026-02-19
35967,FL,2023-07-06
35968,MA,2024-01-27
35969,WA,2023-07-19
35970,FL,2023-02-24
35971,AZ,2024-01-17
35972,MI,2023-10-22
35973,IL,2023-02-24
35974,MA,2024-10-04
35975,PA,2025-07-29
35976,AZ,2023-03-21
35977,NJ,2024-10-01
35978,WA,2023-10-23
35979,PA,2025-01-08
35980,MA,2023-06-22
35981,TX,2025-06-17
35982,MA,2024-06-19
35983,PA,2026-02-23
35984,MI,2025-02-06
35985,TX,2024-03-14
35986,AZ,2026-01-08
35987,IL,2023-04-07
35988,CO,2024-12-14
35989,VA,2023-01-30
35990,MI,2025-09-20
35991,IL,2024-10-16
35992,NC,2025-05-13
35993,NJ,2025-12-25
35994,TX,2025-01-05
35995,PA,2025-05-02
35996,WA,2024-06-14
35997,GA,2025-12-08
35998,CO,2025-11-23
35999,IL,2023-08-28
36000,GA,2024-08-18
36001,NY,2024-11-18
36002,VA,2023-11-10
36003,NJ,2025-04-25
36004,GA,2025-09-28
36005,NC,2023-06-06
36006,VA,2025-06-23
36007,NC,2023-06-21
36008,IL,2024-05-19
36009,GA,2024-06-27
36010,PA,2026-01-04
36011,FL,2024-08-25
36012,WA,2025-11-11
36013,NY,2023-06-03
36014,TX,2024-02-28
36015,CA,2024-10-09
36016,FL,2023-10-19
36017,PA,2024-09-04
36018,NY,2024-08-15
36019,PA,2026-02-18
36020,MI,2024-10-08
36021,NY,2024-01-20
36022,CA,2024-12-31
36023,NC,2023-08-22
36024,PA,2023-08-06
36025,NY,2023-09-03
36026,FL,2023-05-29
36027,IL,2025-06-12
36028,VA,2024-02-08
36029,PA,2024-05-17
36030,MA,2024-01-19
36031,MA,2023-02-02
36032,MA,2024-02-06
36033,MI,2024-10-18
36034,FL,2023-09-26
36035,PA,2023-10-26
36036,WA,2023-04-23
36037,AZ,2025-10-02
36038,NJ,2025-07-07
36039,PA,2025-11-29
36040,TX,2024-11-04
36041,CA,2025-08-03
36042,AZ,2023-12-31
36043,CO,2023-07-25
36044,NC,2025-09-07
36045,NJ,2023-04-17
36046,MA,2024-08-19
36047,AZ,2026-01-20
36048,GA,2023-02-09
36049,AZ,2024-01-31
36050,NC,2025-10-08
36051,FL,2023-11-02
36052,PA,2023-02-12
36053,MI,2025-05-04
36054,PA,2025-10-04
36055,WA,2024-07-30
36056,WA,2023-05-29
36057,VA,2023-03-12
36058,MA,2023-11-17
36059,VA,2024-03-19
36060,GA,2025-02-05
36061,CO,2024-04-02
36062,MA,2024-11-18
36063,AZ,2025-03-03
36064,CA,2025-03-23
36065,PA,2023-04-02
36066,NC,2024-10-14
36067,VA,2023-09-18
36068,IL,2023-05-25
36069,NC,2023-08-27
36070,MI,2025-12-30
36071,MI,2025-06-24
36072,GA,2025-07-07
36073,VA,2024-10-17
36074,MA,2023-11-04
36075,CA,2024-10-28
36076,GA,2025-02-12
36077,TX,2025-09-28
36078,AZ,2026-01-31
36079,GA,2023-10-07
36080,FL,2025-01-24
36081,MI,2024-08-21
36082,GA,2023-05-13
36083,VA,2024-12-11
36084,MI,2023-03-27
36085,CO,2024-08-27
36086,MA,2023-02-04
36087,FL,2024-09-01
36088,GA,2023-02-03
36089,FL,2024-04-22
36090,CA,2024-04-10
36091,IL,2024-01-20
36092,FL,2026-02-19
36093,NC,2026-02-23
36094,TX,2025-12-21
36095,PA,2025-12-14
36096,WA,2024-01-09
36097,TX,2023-08-28
36098,NJ,2025-03-30
36099,GA,2024-06-21
36100,PA,2025-05-04
36101,IL,2023-02-17
36102,MI,2025-03-23
36103,TX,2024-05-01
36104,WA,2025-03-11
36105,CO,2025-08-17
36106,AZ,2025-01-09
36107,CO,2026-02-02
36108,IL,2025-06-06
36109,WA,2023-02-04
36110,MI,2025-05-14
36111,WA,2023-07-24
36112,CA,2024-06-28
36113,NY,2025-06-23
36114,MI,2025-01-13
36115,PA,2023-06-01
36116,NJ,2025-12-21
36117,FL,2023-06-17
36118,IL,2025-04-06
36119,NJ,2023-03-01
36120,MA,2023-10-06
36121,CA,2023-11-13
36122,CO,2023-02-12
36123,PA,2025-07-10
36124,CA,2026-02-09
36125,GA,2025-07-08
36126,MI,2024-05-21
36127,FL,2025-10-17
36128,PA,2024-04-17
36129,MI,2023-12-26
36130,MA,2025-12-08
36131,NJ,2024-07-13
36132,AZ,2025-01-08
36133,IL,2024-12-19
36134,MI,2023-08-14
36135,VA,2024-11-23
36136,GA,2024-01-28
36137,AZ,2025-04-08
36138,NY,2023-03-29
36139,MI,2026-01-29
36140,MI,2023-04-09
36141,NJ,2024-04-30
36142,MA,2025-12-30
36143,NJ,2024-03-03
36144,WA,2023-11-12
36145,VA,2024-04-21
36146,MA,2024-07-20
36147,CA,2023-05-07
36148,NJ,2024-07-04
36149,NJ,2024-02-29
36150,NC,2025-06-15
36151,GA,2024-01-22
36152,CA,2025-08-22
36153,AZ,2023-05-19
36154,WA,2023-05-12
36155,AZ,2023-06-10
36156,CO,2024-02-21
36157,CA,2024-07-10
36158,MA,2023-06-14
36159,NY,2025-05-01
36160,MA,2023-08-14
36161,MA,2025-01-05
36162,GA,2023-06-27
36163,IL,2023-11-27
36164,FL,2024-11-18
36165,MA,2025-08-08
36166,MA,2025-06-06
36167,FL,2024-03-26
36168,NY,2024-09-11
36169,VA,2026-01-12
36170,NJ,2025-06-10
36171,GA,2023-04-24
36172,AZ,2025-03-19
36173,CO,2024-10-01
36174,WA,2026-01-17
36175,AZ,2024-10-12
36176,WA,2025-07-10
36177,CA,2024-06-30
36178,NJ,2024-09-09
36179,GA,2025-02-20
36180,NJ,2024-02-25
36181,AZ,2025-08-29
36182,NC,2023-06-23
36183,NJ,2024-08-02
36184,CO,2024-07-05
36185,WA,2024-04-18
36186,NC,2023-06-22
36187,IL,2024-09-15
36188,PA,2023-10-06
36189,NC,2023-08-04
36190,NJ,2024-05-24
36191,NC,2024-08-17
36192,CO,2023-04-14
36193,IL,2025-09-17
36194,NC,2025-12-10
36195,AZ,2025-02-07
36196,FL,2026-01-05
36197,TX,2024-03-04
36198,MA,2025-10-24
36199,VA,2023-11-07
36200,NY,2026-01-17
36201,MA,2024-10-11
36202,CA,2025-01-31
36203,VA,2023-12-29
36204,NC,2023-01-30
36205,WA,2024-05-31
36206,MI,2024-05-07
36207,GA,2023-09-28
36208,VA,2023-02-17
36209,MI,2023-10-08
36210,VA,2023-10-02
36211,CA,2025-12-18
36212,CO,2023-06-30
36213,GA,2024-04-15
36214,GA,2024-11-09
36215,CO,2025-06-13
36216,FL,2023-04-10
36217,AZ,2024-04-06
36218,AZ,2023-01-19
36219,MA,2024-06-19
36220,CA,2023-03-31
36221,MA,2024-05-04
36222,IL,2023-02-01
36223,WA,2025-05-23
36224,CA,2024-02-23
36225,CO,2025-01-13
36226,NC,2025-09-28
36227,CA,2026-02-27
36228,CA,2025-01-06
36229,AZ,2025-08-27
36230,MI,2024-11-03
36231,TX,2025-10-13
36232,VA,2025-09-16
36233,CO,2025-09-25
36234,CO,2024-08-03
36235,AZ,2023-07-27
36236,MI,2026-01-16
36237,MA,2023-01-26
36238,WA,2024-05-25
36239,MI,2023-06-18
36240,CO,2025-08-25
36241,NY,2024-01-25
36242,CO,2023-07-30
36243,PA,2026-02-04
36244,NJ,2025-05-04
36245,NY,2025-04-13
36246,NC,2023-11-13
36247,WA,2025-04-14
36248,NJ,2023-11-18
36249,VA,2023-08-12
36250,FL,2025-12-02
36251,MI,2024-09-10
36252,VA,2025-12-21
36253,CA,2025-11-02
36254,WA,2026-01-11
36255,MA,2025-10-01
36256,CA,2025-05-14
36257,NY,2024-08-11
36258,PA,2023-04-05
36259,MI,2024-11-08
36260,AZ,2024-10-31
36261,GA,2024-06-14
36262,PA,2025-09-18
36263,WA,2023-06-15
36264,AZ,2025-06-12
36265,VA,2024-03-18
36266,MA,2024-07-02
36267,NY,2024-03-25
36268,MA,2025-04-16
36269,MA,2025-12-01
36270,MA,2025-09-05
36271,WA,2023-03-06
36272,GA,2025-09-24
36273,NY,2024-04-17
36274,FL,2023-12-02
36275,NY,2024-08-28
36276,CO,2025-10-30
36277,PA,2025-03-02
36278,NJ,2025-08-12
36279,CA,2023-01-21
36280,GA,2023-06-29
36281,PA,2023-12-25
36282,VA,2026-01-07
36283,AZ,2023-05-13
36284,WA,2024-11-06
36285,NJ,2024-09-18
36286,PA,2025-10-07
36287,TX,2025-09-28
36288,PA,2025-02-28
36289,NJ,2025-09-17
36290,FL,2024-07-17
36291,CA,2023-03-25
36292,TX,2025-03-06
36293,NJ,2023-06-01
36294,CO,2023-10-28
36295,PA,2024-01-26
36296,NY,2023-05-10
36297,NY,2024-07-06
36298,GA,2026-01-17
36299,WA,2023-11-26
36300,WA,2023-02-12
36301,CA,2025-12-14
36302,VA,2025-12-10
36303,IL,2024-11-07
36304,CO,2026-02-04
36305,IL,2023-06-26
36306,AZ,2023-05-09
36307,MI,2026-01-22
36308,MA,2023-04-06
36309,AZ,2024-11-19
36310,FL,2025-09-05
36311,NY,2025-03-22
36312,CA,2023-12-31
36313,PA,2024-05-30
36314,IL,2024-07-29
36315,GA,2025-04-01
36316,NC,2025-02-03
36317,WA,2024-11-11
36318,PA,2024-06-25
36319,NY,2025-12-30
36320,CA,2025-07-25
36321,TX,2023-03-26
36322,FL,2024-05-12
36323,MA,2023-12-31
36324,GA,2023-11-23
36325,CO,2024-05-06
36326,GA,2024-12-09
36327,MA,2023-07-09
36328,NC,2024-05-16
36329,CO,2026-02-20
36330,CO,2025-01-01
36331,CA,2025-04-13
36332,PA,2023-04-15
36333,AZ,2024-08-13
36334,MI,2024-06-08
36335,PA,2025-05-13
36336,MI,2023-10-12
36337,GA,2023-05-18
36338,NY,2023-12-22
36339,PA,2023-03-17
36340,NJ,2024-11-28
36341,AZ,2025-06-14
36342,MA,2024-02-15
36343,VA,2024-11-28
36344,NC,2025-05-21
36345,NC,2025-12-29
36346,VA,2024-07-10
36347,WA,2024-11-18
36348,FL,2025-07-27
36349,CA,2025-05-14
36350,CA,2023-09-01
36351,TX,2023-06-05
36352,AZ,2025-07-22
36353,MI,2026-01-03
36354,CA,2025-07-06
36355,CO,2025-06-27
36356,TX,2023-04-03
36357,NJ,2024-10-07
36358,NC,2023-07-11
36359,NY,2026-02-03
36360,IL,2023-08-19
36361,FL,2023-10-26
36362,VA,2025-08-08
36363,VA,2025-11-17
36364,AZ,2023-11-10
36365,NJ,2024-06-10
36366,AZ,2024-10-25
36367,VA,2023-12-29
36368,NJ,2024-01-05
36369,VA,2023-03-31
36370,FL,2024-06-21
36371,NY,2024-09-13
36372,NY,2023-12-17
36373,NJ,2024-03-20
36374,IL,2025-09-30
36375,WA,2023-05-09
36376,GA,2026-01-10
36377,FL,2023-07-28
36378,WA,2023-02-15
36379,MI,2024-05-06
36380,CA,2023-01-01
36381,PA,2025-04-16
36382,PA,2025-04-13
36383,NY,2024-04-03
36384,TX,2025-03-08
36385,WA,2025-06-22
36386,PA,2023-09-15
36387,WA,2026-01-28
36388,FL,2025-01-24
36389,AZ,2023-01-14
36390,NC,2024-03-05
36391,TX,2025-03-11
36392,GA,2025-05-24
36393,CA,2025-03-08
36394,IL,2025-07-11
36395,MA,2025-06-06
36396,NC,2023-09-26
36397,FL,2024-08-07
36398,NC,2023-03-28
36399,TX,2023-12-17
36400,CO,2024-07-21
36401,GA,2023-08-03
36402,VA,2025-03-27
36403,CA,2025-01-26
36404,MI,2024-11-09
36405,MI,2025-04-02
36406,MI,2025-08-28
36407,MI,2024-03-23
36408,NJ,2023-05-16
36409,PA,2025-01-30
36410,NC,2023-09-11
36411,GA,2023-11-25
36412,MA,2024-06-11
36413,CA,2025-04-29
36414,MA,2023-09-21
36415,WA,2025-10-08
36416,NC,2024-01-08
36417,VA,2025-12-19
36418,VA,2024-04-02
36419,MA,2025-02-18
36420,PA,2024-11-29
36421,GA,2023-07-06
36422,CO,2025-08-27
36423,IL,2025-07-18
36424,NY,2023-02-13
36425,CO,2023-06-15
36426,PA,2023-04-07
36427,AZ,2024-12-01
36428,FL,2023-12-06
36429,CO,2023-07-28
36430,MI,2023-02-21
36431,MA,2026-02-02
36432,FL,2025-07-04
36433,CO,2025-08-03
36434,NJ,2024-06-07
36435,NJ,2025-06-21
36436,PA,2023-08-02
36437,NJ,2025-05-03
36438,NY,2025-12-26
36439,GA,2025-08-03
36440,IL,2023-06-18
36441,MA,2023-06-01
36442,NC,2024-04-18
36443,CA,2023-07-16
36444,TX,2023-01-13
36445,AZ,2025-01-10
36446,NC,2025-06-04
36447,WA,2023-06-11
36448,MI,2024-09-06
36449,PA,2024-10-04
36450,MA,2024-08-30
36451,CA,2024-12-28
36452,GA,2024-10-04
36453,WA,2025-07-08
36454,VA,2025-03-13
36455,PA,2025-12-07
36456,TX,2024-07-08
36457,MA,2025-12-27
36458,NC,2023-08-22
36459,CO,2023-08-29
36460,NC,2025-10-19
36461,NC,2023-06-03
36462,TX,2023-06-08
36463,MA,2023-07-01
36464,MA,2024-07-21
36465,FL,2024-07-18
36466,NC,2024-06-29
36467,GA,2025-12-05
36468,CA,2023-12-06
36469,CA,2025-04-21
36470,WA,2024-07-15
36471,VA,2024-12-09
36472,TX,2024-06-06
36473,NC,2023-08-19
36474,VA,2026-01-14
36475,GA,2024-11-01
36476,WA,2023-11-14
36477,MA,2024-06-18
36478,CA,2023-03-15
36479,NY,2024-06-12
36480,MI,2025-06-12
36481,NJ,2023-12-31
36482,PA,2023-09-21
36483,FL,2025-03-27
36484,MI,2023-07-04
36485,GA,2024-11-23
36486,WA,2025-08-15
36487,WA,2024-12-30
36488,GA,2026-02-03
36489,CO,2024-07-20
36490,NY,2023-05-17
36491,MA,2023-12-09
36492,CA,2024-09-03
36493,NC,2023-01-05
36494,NJ,2024-09-15
36495,NJ,2024-05-12
36496,MI,2023-08-11
36497,GA,2025-08-10
36498,TX,2025-01-06
36499,VA,2024-06-21
36500,NY,2024-12-03
36501,FL,2023-07-13
36502,FL,2025-03-12
36503,TX,2025-10-26
36504,NY,2025-09-23
36505,WA,2025-01-01
36506,FL,2023-08-01
36507,WA,2024-08-09
36508,VA,2025-07-25
36509,PA,2025-04-01
36510,PA,2024-11-06
36511,CO,2025-10-01
36512,NJ,2026-01-19
36513,MI,2025-05-01
36514,NY,2024-09-16
36515,GA,2024-10-03
36516,NC,2024-09-04
36517,CA,2024-06-13
36518,CO,2023-01-11
36519,PA,2024-07-08
36520,WA,2025-02-02
36521,NY,2024-07-04
36522,CO,2025-01-24
36523,WA,2026-01-12
36524,NC,2023-12-03
36525,MI,2023-02-24
36526,AZ,2026-01-21
36527,NC,2023-04-18
36528,VA,2025-04-30
36529,AZ,2024-02-13
36530,TX,2024-07-02
36531,MA,2025-01-15
36532,FL,2024-08-09
36533,NJ,2025-04-29
36534,NJ,2024-05-03
36535,NC,2025-04-01
36536,PA,2023-03-14
36537,MI,2025-07-12
36538,IL,2026-01-19
36539,NC,2025-03-30
36540,CO,2024-03-23
36541,CA,2025-03-16
36542,NY,2025-04-09
36543,AZ,2024-08-02
36544,VA,2023-06-15
36545,CO,2024-03-09
36546,MI,2025-12-20
36547,MA,2023-03-11
36548,NC,2025-05-14
36549,GA,2024-06-26
36550,NY,2023-07-04
36551,CO,2023-05-07
36552,IL,2023-05-20
36553,MI,2023-06-05
36554,CA,2023-11-27
36555,FL,2024-09-23
36556,AZ,2025-09-14
36557,MI,2023-11-17
36558,NY,2023-06-13
36559,MA,2023-05-18
36560,GA,2025-03-22
36561,IL,2023-07-21
36562,FL,2023-03-31
36563,WA,2025-09-20
36564,NJ,2024-08-08
36565,CA,2025-03-11
36566,VA,2025-09-12
36567,FL,2024-11-07
36568,VA,2024-10-14
36569,NC,2023-12-24
36570,TX,2024-08-22
36571,GA,2025-09-28
36572,IL,2025-11-08
36573,MI,2025-04-13
36574,FL,2025-11-19
36575,TX,2025-07-17
36576,PA,2025-02-02
36577,MI,2023-06-17
36578,VA,2024-10-16
36579,FL,2023-12-22
36580,CO,2023-03-26
36581,PA,2025-05-15
36582,WA,2026-02-01
36583,VA,2026-02-15
36584,MI,2025-11-27
36585,NJ,2024-04-27
36586,CA,2024-04-25
36587,WA,2023-05-16
36588,CO,2023-03-17
36589,NJ,2023-10-22
36590,MI,2023-11-12
36591,PA,2024-05-11
36592,FL,2025-08-13
36593,AZ,2024-09-12
36594,NY,2025-10-14
36595,VA,2023-01-18
36596,MI,2024-03-07
36597,TX,2024-09-07
36598,AZ,2023-05-29
36599,NJ,2024-03-15
36600,GA,2023-08-07
36601,AZ,2023-01-06
36602,MA,2024-11-01
36603,TX,2025-04-18
36604,WA,2025-10-15
36605,TX,2025-06-13
36606,NC,2025-12-20
36607,FL,2023-03-09
36608,PA,2023-09-10
36609,CO,2025-04-08
36610,AZ,2025-06-02
36611,TX,2024-09-15
36612,TX,2025-12-26
36613,NJ,2024-05-29
36614,NJ,2025-10-02
36615,CO,2024-09-06
36616,NC,2023-06-04
36617,VA,2025-04-25
36618,NC,2024-01-23
36619,MA,2023-01-04
36620,MA,2025-09-11
36621,NC,2024-01-15
36622,NY,2023-02-02
36623,PA,2025-10-31
36624,MA,2024-12-16
36625,NC,2023-07-04
36626,NJ,2025-05-05
36627,NC,2025-07-10
36628,TX,2024-11-24
36629,AZ,2024-05-26
36630,MA,2024-10-28
36631,VA,2024-04-19
36632,FL,2023-04-12
36633,VA,2023-09-15
36634,CO,2023-03-13
36635,CO,2023-12-26
36636,IL,2025-06-02
36637,VA,2025-09-28
36638,PA,2023-04-25
36639,TX,2024-07-30
36640,IL,2024-06-30
36641,IL,2023-11-04
36642,TX,2025-02-25
36643,NJ,2024-01-27
36644,FL,2023-03-28
36645,MI,2025-12-02
36646,NY,2025-05-15
36647,MI,2025-12-28
36648,CA,2023-06-02
36649,NY,2024-04-16
36650,MA,2024-10-25
36651,NC,2024-09-09
36652,WA,2023-10-17
36653,GA,2025-07-26
36654,TX,2025-05-20
36655,NY,2026-02-08
36656,MI,2024-04-21
36657,FL,2024-01-22
36658,NY,2024-04-11
36659,NJ,2023-08-16
36660,MA,2025-09-01
36661,NC,2023-03-14
36662,IL,2023-04-07
36663,CO,2023-09-20
36664,VA,2025-10-11
36665,WA,2023-08-11
36666,NY,2024-04-29
36667,VA,2023-09-17
36668,FL,2023-07-10
36669,CA,2023-09-23
36670,NY,2024-07-10
36671,FL,2025-09-08
36672,IL,2023-08-04
36673,FL,2023-05-26
36674,FL,2024-06-06
36675,AZ,2025-01-23
36676,NJ,2026-02-26
36677,NC,2024-07-18
36678,NC,2024-12-18
36679,NY,2025-11-22
36680,GA,2024-01-26
36681,PA,2023-03-24
36682,NC,2025-11-14
36683,CO,2024-03-28
36684,CO,2026-01-02
36685,WA,2024-03-05
36686,TX,2024-12-02
36687,IL,2025-05-01
36688,AZ,2023-08-06
36689,GA,2024-04-04
36690,CO,2023-06-15
36691,MA,2023-05-25
36692,AZ,2024-06-05
36693,NJ,2024-04-11
36694,MI,2025-11-26
36695,CO,2024-02-16
36696,FL,2024-11-16
36697,IL,2024-01-21
36698,MI,2025-07-30
36699,MI,2023-02-07
36700,AZ,2025-07-07
36701,WA,2023-06-10
36702,PA,2025-12-02
36703,NY,2023-04-28
36704,CO,2024-08-28
36705,TX,2023-07-17
36706,AZ,2023-09-08
36707,WA,2025-10-13
36708,CO,2024-04-12
36709,NJ,2025-04-11
36710,MI,2026-02-22
36711,GA,2023-04-14
36712,VA,2023-03-14
36713,MI,2023-02-03
36714,GA,2025-07-11
36715,AZ,2024-12-20
36716,WA,2024-04-20
36717,NY,2023-12-03
36718,MA,2023-07-16
36719,NJ,2025-09-21
36720,NJ,2023-04-10
36721,MA,2024-08-28
36722,MI,2023-03-04
36723,PA,2025-10-17
36724,VA,2025-06-28
36725,CO,2023-10-11
36726,CO,2025-05-25
36727,WA,2024-06-21
36728,MI,2024-02-23
36729,CA,2025-09-17
36730,VA,2024-03-02
36731,NJ,2024-11-14
36732,VA,2025-01-20
36733,FL,2023-02-12
36734,FL,2023-05-27
36735,MI,2025-03-27
36736,NJ,2024-01-16
36737,TX,2026-02-13
36738,CO,2025-04-23
36739,TX,2025-08-25
36740,VA,2025-12-12
36741,WA,2026-01-26
36742,NY,2025-11-17
36743,IL,2023-08-01
36744,MI,2024-10-18
36745,IL,2025-01-26
36746,CO,2023-09-05
36747,CO,2025-04-29
36748,CA,2025-02-03
36749,WA,2025-08-18
36750,NY,2025-11-25
36751,NC,2023-07-03
36752,PA,2023-03-08
36753,WA,2023-02-02
36754,NC,2023-12-06
36755,PA,2024-11-28
36756,GA,2024-08-18
36757,FL,2025-04-28
36758,CO,2023-02-12
36759,CA,2024-09-10
36760,CO,2024-04-01
36761,IL,2024-08-24
36762,CO,2023-04-26
36763,IL,2025-06-19
36764,NJ,2023-04-16
36765,TX,2024-11-15
36766,MI,2024-06-18
36767,PA,2025-03-13
36768,MI,2023-08-29
36769,NJ,2023-04-06
36770,CO,2023-05-05
36771,WA,2023-08-22
36772,PA,2024-11-19
36773,NC,2024-08-04
36774,WA,2023-08-21
36775,MI,2023-04-30
36776,PA,2024-09-22
36777,MA,2023-01-22
36778,IL,2025-01-30
36779,GA,2025-06-22
36780,MA,2024-04-19
36781,TX,2024-11-27
36782,NJ,2025-04-18
36783,NJ,2023-07-07
36784,PA,2024-02-22
36785,WA,2024-07-06
36786,GA,2024-06-23
36787,NJ,2026-01-02
36788,VA,2023-02-05
36789,MI,2024-06-14
36790,NC,2024-11-18
36791,AZ,2025-11-04
36792,NY,2026-02-06
36793,CA,2023-05-04
36794,NJ,2025-11-07
36795,CO,2023-03-25
36796,CO,2024-12-05
36797,NY,2025-07-06
36798,AZ,2024-01-03
36799,VA,2024-01-29
36800,CO,2023-01-20
36801,WA,2025-10-16
36802,NY,2023-04-23
36803,MA,2023-12-23
36804,MA,2025-04-15
36805,TX,2025-02-10
36806,AZ,2024-02-17
36807,CA,2025-04-05
36808,NJ,2023-02-27
36809,FL,2025-12-13
36810,NY,2024-12-17
36811,FL,2024-02-27
36812,CO,2025-12-16
36813,NY,2023-03-05
36814,CA,2023-10-13
36815,NJ,2023-12-08
36816,AZ,2024-05-23
36817,MI,2024-06-18
36818,MI,2023-03-22
36819,TX,2024-01-16
36820,NC,2024-11-24
36821,MA,2024-10-09
36822,VA,2024-02-20
36823,PA,2024-09-10
36824,IL,2023-05-14
36825,IL,2024-12-12
36826,MA,2025-06-04
36827,CO,2024-07-12
36828,TX,2023-08-11
36829,TX,2023-04-25
36830,NC,2023-11-22
36831,VA,2023-07-15
36832,CO,2025-10-11
36833,PA,2025-10-15
36834,VA,2023-09-06
36835,AZ,2023-08-14
36836,VA,2023-10-10
36837,MA,2024-03-25
36838,NC,2025-12-13
36839,WA,2025-01-14
36840,FL,2024-05-01
36841,IL,2025-12-15
36842,GA,2023-07-29
36843,IL,2023-11-12
36844,CO,2024-02-04
36845,CA,2026-02-25
36846,PA,2025-02-07
36847,AZ,2025-11-01
36848,IL,2023-01-24
36849,AZ,2023-05-06
36850,AZ,2023-11-27
36851,NY,2023-04-15
36852,TX,2025-12-16
36853,IL,2023-02-02
36854,NY,2026-02-05
36855,FL,2025-09-22
36856,IL,2023-03-06
36857,WA,2026-01-04
36858,IL,2025-12-05
36859,MI,2024-03-25
36860,IL,2025-09-10
36861,CO,2025-08-07
36862,GA,2024-03-09
36863,WA,2024-09-17
36864,IL,2025-10-03
36865,IL,2024-02-09
36866,IL,2023-05-23
36867,NY,2025-01-28
36868,FL,2023-10-15
36869,CA,2023-03-13
36870,AZ,2024-02-11
36871,PA,2024-07-07
36872,CA,2025-02-17
36873,CA,2025-12-03
36874,MA,2025-09-16
36875,CA,2023-10-16
36876,IL,2025-02-19
36877,NY,2025-11-25
36878,IL,2024-06-21
36879,IL,2024-04-02
36880,PA,2026-01-28
36881,NJ,2026-02-15
36882,TX,2025-09-06
36883,MI,2024-02-13
36884,CO,2025-11-06
36885,NJ,2024-10-05
36886,FL,2023-09-08
36887,VA,2025-05-28
36888,MA,2023-04-15
36889,FL,2025-04-28
36890,CA,2025-11-30
36891,IL,2024-07-25
36892,WA,2024-04-13
36893,GA,2024-07-08
36894,MI,2024-06-16
36895,AZ,2024-09-25
36896,AZ,2025-09-04
36897,MI,2024-05-18
36898,GA,2023-05-13
36899,PA,2025-08-14
36900,NJ,2023-08-07
36901,VA,2025-10-05
36902,CO,2024-01-22
36903,MI,2024-11-01
36904,MA,2025-08-08
36905,AZ,2023-04-24
36906,NY,2025-04-02
36907,AZ,2023-03-01
36908,CO,2025-07-15
36909,TX,2025-01-24
36910,IL,2023-04-25
36911,NC,2023-10-22
36912,MA,2024-09-07
36913,PA,2023-03-21
36914,IL,2025-11-16
36915,WA,2023-09-11
36916,FL,2025-07-26
36917,NY,2024-01-08
36918,GA,2023-12-13
36919,AZ,2023-12-10
36920,MA,2023-02-27
36921,MA,2023-08-08
36922,FL,2025-11-07
36923,AZ,2024-03-03
36924,WA,2025-04-21
36925,IL,2024-04-30
36926,PA,2025-08-31
36927,NJ,2024-05-17
36928,PA,2024-09-13
36929,NY,2024-12-05
36930,FL,2025-04-28
36931,MI,2025-10-05
36932,VA,2024-10-01
36933,FL,2025-10-30
36934,PA,2024-08-28
36935,VA,2025-03-24
36936,FL,2023-09-15
36937,MA,2025-05-31
36938,VA,2024-02-08
36939,MA,2025-02-09
36940,MA,2024-07-01
36941,MA,2023-09-18
36942,NY,2025-02-09
36943,WA,2023-11-22
36944,NC,2025-09-25
36945,NY,2023-08-16
36946,WA,2024-08-22
36947,PA,2026-01-30
36948,IL,2023-01-08
36949,TX,2024-09-05
36950,IL,2024-09-16
36951,MI,2023-07-27
36952,WA,2025-06-15
36953,FL,2025-12-04
36954,NC,2024-04-02
36955,GA,2024-06-05
36956,NJ,2023-12-08
36957,AZ,2023-08-20
36958,CO,2023-06-18
36959,PA,2023-09-25
36960,MA,2025-01-18
36961,NJ,2025-06-10
36962,MI,2024-08-22
36963,CA,2024-10-27
36964,GA,2023-12-08
36965,GA,2023-04-17
36966,IL,2023-06-08
36967,MA,2024-04-03
36968,VA,2023-03-13
36969,TX,2024-09-24
36970,WA,2023-08-15
36971,MA,2024-12-29
36972,CA,2024-08-29
36973,PA,2024-08-21
36974,CA,2023-04-12
36975,WA,2026-02-24
36976,GA,2024-08-04
36977,MA,2025-01-04
36978,CA,2023-09-17
36979,VA,2023-10-04
36980,VA,2025-03-20
36981,MI,2024-08-18
36982,PA,2024-04-09
36983,WA,2023-05-14
36984,MI,2025-06-05
36985,CO,2023-03-14
36986,CO,2024-10-13
36987,PA,2023-06-20
36988,NY,2024-11-28
36989,MA,2023-09-04
36990,NC,2023-12-20
36991,WA,2023-02-10
36992,GA,2023-04-22
36993,TX,2024-12-16
36994,CA,2024-04-05
36995,VA,2024-09-30
36996,FL,2023-03-07
36997,MA,2024-04-05
36998,CA,2024-06-29
36999,NY,2024-12-10
37000,AZ,2023-02-13
37001,WA,2023-03-16
37002,GA,2024-04-12
37003,AZ,2023-01-05
37004,CA,2023-10-28
37005,PA,2024-04-30
37006,FL,2025-08-06
37007,PA,2023-09-08
37008,AZ,2024-10-28
37009,TX,2023-03-10
37010,AZ,2024-07-13
37011,WA,2023-08-20
37012,WA,2023-11-25
37013,NC,2025-03-03
37014,NY,2025-01-12
37015,WA,2025-02-05
37016,GA,2024-04-23
37017,WA,2025-12-20
37018,MI,2023-03-28
37019,NJ,2025-08-24
37020,NC,2024-02-03
37021,NY,2025-01-15
37022,MA,2024-04-06
37023,MI,2023-12-30
37024,IL,2023-03-22
37025,MA,2024-12-14
37026,CO,2023-04-03
37027,NC,2025-05-23
37028,WA,2023-03-13
37029,NY,2025-12-16
37030,MA,2024-05-21
37031,MA,2024-12-20
37032,CO,2024-08-21
37033,MA,2024-02-02
37034,NC,2024-04-04
37035,MA,2024-09-12
37036,AZ,2023-07-24
37037,VA,2025-09-02
37038,GA,2023-04-07
37039,CO,2024-04-16
37040,MI,2023-09-22
37041,NY,2023-09-26
37042,NY,2025-07-29
37043,MA,2023-09-21
37044,NC,2025-04-03
37045,MI,2025-10-12
37046,NJ,2023-01-07
37047,VA,2026-02-25
37048,MI,2024-02-03
37049,NC,2023-07-03
37050,TX,2024-09-07
37051,CA,2026-01-12
37052,GA,2024-03-15
37053,AZ,2025-03-15
37054,MI,2023-04-03
37055,AZ,2025-02-27
37056,AZ,2024-04-21
37057,TX,2023-12-27
37058,CA,2023-04-21
37059,IL,2023-11-04
37060,FL,2024-02-21
37061,AZ,2023-03-18
37062,CA,2025-01-15
37063,FL,2024-08-29
37064,CO,2025-12-05
37065,NJ,2023-08-03
37066,MA,2025-04-18
37067,MI,2024-03-16
37068,PA,2025-02-26
37069,CA,2024-08-02
37070,NC,2024-09-30
37071,PA,2024-05-08
37072,GA,2024-06-09
37073,IL,2023-05-31
37074,NY,2024-11-22
37075,TX,2025-06-09
37076,MA,2025-09-05
37077,TX,2024-12-25
37078,VA,2025-09-06
37079,TX,2023-01-09
37080,WA,2025-02-14
37081,TX,2023-07-22
37082,TX,2023-09-20
37083,NJ,2025-10-05
37084,WA,2026-01-20
37085,AZ,2024-07-18
37086,WA,2024-06-10
37087,PA,2025-11-26
37088,GA,2025-09-06
37089,CA,2024-10-23
37090,AZ,2024-07-01
37091,CA,2023-04-04
37092,NJ,2025-05-14
37093,AZ,2024-04-20
37094,GA,2023-06-15
37095,WA,2025-11-29
37096,FL,2025-12-23
37097,NY,2025-09-23
37098,PA,2024-01-17
37099,GA,2024-03-22
37100,IL,2023-10-02
37101,MI,2026-01-06
37102,GA,2023-05-05
37103,WA,2024-06-04
37104,FL,2026-02-24
37105,MA,2023-08-04
37106,WA,2026-02-03
37107,CO,2024-12-25
37108,CO,2024-08-19
37109,VA,2023-02-26
37110,NY,2025-01-13
37111,VA,2024-09-05
37112,MI,2023-06-21
37113,WA,2026-02-02
37114,NC,2023-01-06
37115,CO,2025-11-23
37116,TX,2025-07-09
37117,MA,2024-06-22
37118,TX,2024-05-31
37119,MI,2024-04-16
37120,IL,2024-07-09
37121,NY,2025-05-15
37122,IL,2024-08-27
37123,IL,2023-09-04
37124,CO,2025-02-11
37125,WA,2023-11-13
37126,AZ,2025-01-23
37127,CA,2026-01-03
37128,MI,2023-08-28
37129,CO,2023-05-16
37130,PA,2023-08-15
37131,GA,2024-04-03
37132,CA,2025-06-10
37133,WA,2025-01-24
37134,PA,2025-07-27
37135,IL,2026-01-14
37136,FL,2025-07-25
37137,AZ,2026-02-09
37138,NJ,2023-03-10
37139,NY,2025-09-20
37140,WA,2023-10-13
37141,AZ,2023-05-31
37142,AZ,2024-03-16
37143,FL,2025-07-09
37144,VA,2025-11-18
37145,MA,2024-08-19
37146,IL,2025-01-10
37147,TX,2024-11-15
37148,GA,2024-07-06
37149,AZ,2024-12-13
37150,FL,2024-01-10
37151,MI,2024-03-06
37152,NJ,2024-09-03
37153,WA,2025-07-04
37154,AZ,2024-05-08
37155,TX,2024-07-30
37156,CO,2023-07-21
37157,NJ,2024-02-17
37158,MA,2023-08-08
37159,NJ,2025-03-22
37160,NJ,2025-07-15
37161,MI,2024-09-08
37162,MA,2023-09-08
37163,CO,2025-09-01
37164,MA,2025-01-18
37165,TX,2024-12-15
37166,TX,2025-12-13
37167,NY,2024-03-13
37168,VA,2024-06-01
37169,CA,2025-05-25
37170,WA,2025-03-07
37171,PA,2025-12-02
37172,FL,2024-12-07
37173,MI,2025-10-06
37174,VA,2023-09-05
37175,NJ,2025-02-19
37176,NY,2023-07-07
37177,CA,2023-09-28
37178,AZ,2024-09-17
37179,AZ,2023-04-04
37180,TX,2024-11-24
37181,VA,2024-05-22
37182,IL,2025-09-14
37183,VA,2023-10-22
37184,NY,2024-04-24
37185,NC,2025-11-09
37186,MI,2025-01-31
37187,VA,2024-02-23
37188,MA,2024-02-20
37189,NJ,2024-06-12
37190,MA,2024-10-22
37191,NJ,2024-10-24
37192,TX,2023-04-25
37193,AZ,2025-05-08
37194,CA,2023-06-29
37195,GA,2024-10-09
37196,NJ,2024-09-02
37197,WA,2023-11-21
37198,NY,2023-07-09
37199,MI,2025-08-18
37200,CO,2024-12-28
37201,PA,2024-11-02
37202,NC,2025-04-02
37203,NC,2023-08-24
37204,FL,2025-01-10
37205,NJ,2024-07-31
37206,NC,2024-04-04
37207,PA,2025-01-03
37208,MA,2025-11-04
37209,AZ,2024-04-15
37210,VA,2025-06-02
37211,WA,2025-04-08
37212,VA,2024-11-01
37213,TX,2023-09-08
37214,NC,2026-02-18
37215,CO,2024-11-13
37216,NY,2023-10-06
37217,CA,2025-09-27
37218,WA,2023-03-24
37219,NJ,2025-05-26
37220,FL,2025-05-25
37221,NJ,2023-08-10
37222,NC,2024-10-09
37223,MI,2025-12-21
37224,MA,2024-02-02
37225,MI,2023-05-11
37226,VA,2023-07-25
37227,GA,2025-10-16
37228,IL,2025-05-30
37229,NJ,2025-07-27
37230,CA,2023-06-18
37231,MI,2023-06-04
37232,CO,2026-01-20
37233,NY,2023-01-05
37234,FL,2024-11-13
37235,TX,2025-10-30
37236,IL,2024-07-28
37237,NY,2025-02-15
37238,WA,2026-01-12
37239,NJ,2025-05-28
37240,GA,2025-11-18
37241,MI,2023-08-01
37242,TX,2024-04-15
37243,NY,2023-08-09
37244,NY,2025-02-21
37245,MI,2023-02-04
37246,GA,2023-03-02
37247,IL,2025-04-05
37248,NY,2025-08-16
37249,TX,2024-09-03
37250,MI,2024-12-15
37251,AZ,2024-11-30
37252,CA,2024-02-08
37253,NY,2024-03-23
37254,MI,2024-10-15
37255,NY,2023-05-21
37256,NJ,2023-09-14
37257,NY,2024-05-17
37258,MA,2024-01-05
37259,TX,2024-11-04
37260,VA,2025-12-11
37261,MI,2023-11-22
37262,AZ,2025-12-17
37263,NJ,2023-10-10
37264,FL,2025-12-16
37265,NY,2024-01-15
37266,WA,2025-05-31
37267,AZ,2025-10-29
37268,GA,2024-08-13
37269,PA,2024-10-24
37270,GA,2025-04-06
37271,MA,2023-10-05
37272,PA,2024-02-11
37273,CO,2023-03-25
37274,VA,2024-03-11
37275,AZ,2023-05-25
37276,WA,2025-01-14
37277,WA,2023-05-31
37278,PA,2024-07-02
37279,TX,2025-04-15
37280,IL,2023-07-20
37281,CA,2024-05-23
37282,TX,2023-12-28
37283,NJ,2024-06-13
37284,NY,2023-06-12
37285,MA,2023-10-06
37286,GA,2023-12-17
37287,FL,2023-07-31
37288,MA,2025-04-23
37289,CO,2024-05-22
37290,NC,2024-04-29
37291,NY,2025-08-02
37292,MA,2025-10-14
37293,VA,2025-01-24
37294,PA,2024-12-08
37295,TX,2024-06-10
37296,CO,2025-06-08
37297,IL,2024-04-03
37298,TX,2025-04-03
37299,CO,2026-01-25
37300,NJ,2025-11-03
37301,VA,2024-11-08
37302,TX,2024-09-07
37303,GA,2026-02-27
37304,NJ,2023-01-04
37305,TX,2024-10-20
37306,CA,2023-07-09
37307,VA,2025-08-25
37308,NY,2023-05-08
37309,FL,2024-03-31
37310,VA,2023-03-19
37311,NJ,2024-03-09
37312,NY,2024-09-17
37313,FL,2026-02-22
37314,FL,2023-07-31
37315,FL,2023-07-12
37316,CA,2023-08-15
37317,GA,2023-12-06
37318,NC,2025-10-06
37319,NJ,2024-11-09
37320,MA,2024-02-17
37321,NY,2023-07-05
37322,TX,2023-11-19
37323,VA,2025-04-18
37324,CO,2024-08-11
37325,MA,2024-05-23
37326,FL,2023-03-16
37327,FL,2023-12-06
37328,GA,2023-11-15
37329,MI,2023-08-27
37330,WA,2024-05-24
37331,AZ,2025-03-05
37332,VA,2024-03-29
37333,NJ,2025-12-17
37334,WA,2024-12-25
37335,MI,2025-09-04
37336,MA,2025-06-15
37337,CA,2023-08-30
37338,TX,2023-03-17
37339,NY,2023-12-14
37340,NJ,2025-07-08
37341,NC,2023-05-22
37342,IL,2025-06-28
37343,NJ,2025-02-12
37344,PA,2023-04-23
37345,IL,2024-05-07
37346,NC,2023-12-16
37347,CA,2025-02-03
37348,AZ,2025-03-01
37349,AZ,2025-11-08
37350,IL,2023-08-05
37351,NC,2024-10-03
37352,NY,2024-12-14
37353,NJ,2024-02-15
37354,FL,2024-05-25
37355,IL,2023-04-18
37356,TX,2023-04-15
37357,TX,2023-10-16
37358,PA,2024-12-23
37359,TX,2024-09-22
37360,FL,2023-10-17
37361,GA,2023-01-20
37362,FL,2023-11-14
37363,VA,2023-01-02
37364,FL,2023-08-04
37365,FL,2023-09-10
37366,MA,2023-08-11
37367,WA,2024-09-21
37368,PA,2023-03-09
37369,NY,2023-08-14
37370,MA,2023-12-05
37371,TX,2024-01-03
37372,NJ,2024-10-21
37373,CA,2025-10-19
37374,GA,2023-12-25
37375,WA,2024-02-17
37376,NC,2024-02-03
37377,CA,2025-09-06
37378,NJ,2024-06-27
37379,CA,2024-10-14
37380,CA,2024-06-11
37381,PA,2023-09-06
37382,GA,2023-07-03
37383,VA,2023-02-22
37384,CO,2023-03-23
37385,NJ,2026-01-13
37386,VA,2024-12-19
37387,MI,2024-12-14
37388,VA,2024-07-24
37389,IL,2025-05-16
37390,NC,2025-11-14
37391,MI,2024-08-08
37392,MI,2025-10-23
37393,IL,2025-05-03
37394,IL,2024-09-05
37395,FL,2023-07-13
37396,WA,2025-05-21
37397,NC,2025-04-09
37398,TX,2024-11-23
37399,TX,2025-09-18
37400,NC,2026-01-19
37401,MA,2024-10-14
37402,WA,2024-04-29
37403,CO,2025-11-18
37404,WA,2023-04-15
37405,PA,2025-11-14
37406,FL,2024-05-08
37407,AZ,2023-04-09
37408,TX,2024-08-06
37409,PA,2023-07-18
37410,NY,2025-08-13
37411,TX,2024-11-27
37412,MA,2024-03-11
37413,CO,2025-10-24
37414,MI,2023-06-24
37415,WA,2023-12-07
37416,NJ,2025-10-18
37417,CA,2023-06-19
37418,TX,2024-11-18
37419,FL,2025-01-09
37420,NC,2024-12-01
37421,VA,2024-03-21
37422,VA,2025-08-08
37423,PA,2025-07-21
37424,FL,2025-09-24
37425,PA,2024-07-24
37426,CA,2025-08-19
37427,NC,2023-10-25
37428,GA,2024-05-24
37429,PA,2023-06-08
37430,NC,2025-02-25
37431,MI,2024-09-25
37432,MI,2025-09-01
37433,FL,2024-11-23
37434,NY,2023-05-06
37435,VA,2026-02-07
37436,GA,2024-03-24
37437,AZ,2024-09-25
37438,FL,2023-01-10
37439,FL,2025-10-15
37440,NJ,2025-11-06
37441,IL,2024-12-15
37442,CO,2025-08-29
37443,WA,2025-10-23
37444,PA,2025-07-06
37445,CO,2025-04-03
37446,CA,2025-03-04
37447,VA,2023-06-27
37448,FL,2024-08-21
37449,CA,2025-09-02
37450,TX,2023-11-13
37451,NJ,2023-09-10
37452,MA,2023-01-03
37453,CA,2023-02-20
37454,WA,2025-04-01
37455,CA,2024-10-28
37456,IL,2025-02-18
37457,GA,2024-02-29
37458,TX,2023-04-30
37459,NJ,2024-08-23
37460,NJ,2024-09-09
37461,AZ,2024-02-21
37462,PA,2024-06-26
37463,MI,2023-06-13
37464,IL,2023-05-14
37465,FL,2024-09-26
37466,IL,2025-08-13
37467,NY,2026-01-18
37468,FL,2023-03-13
37469,VA,2023-12-25
37470,VA,2024-07-02
37471,MA,2023-04-11
37472,NJ,2023-01-30
37473,IL,2024-12-19
37474,GA,2025-09-21
37475,NJ,2024-06-04
37476,MA,2025-04-16
37477,CA,2023-09-06
37478,IL,2024-05-26
37479,NJ,2023-04-22
37480,TX,2025-11-07
37481,CO,2026-01-08
37482,VA,2025-06-19
37483,CA,2024-12-07
37484,NC,2023-07-18
37485,NY,2026-02-13
37486,TX,2024-06-27
37487,AZ,2023-08-11
37488,TX,2023-03-29
37489,MA,2025-08-22
37490,VA,2023-11-24
37491,CO,2025-04-01
37492,MI,2023-04-13
37493,GA,2025-09-24
37494,MA,2023-10-25
37495,CO,2024-11-05
37496,NJ,2025-06-05
37497,MI,2023-07-08
37498,IL,2024-01-06
37499,NY,2025-04-07
37500,CA,2023-09-07
37501,TX,2023-08-14
37502,GA,2023-05-04
37503,VA,2023-11-01
37504,MA,2025-03-01
37505,NY,2025-03-13
37506,AZ,2024-02-02
37507,CA,2023-01-03
37508,NY,2023-11-27
37509,MI,2023-01-10
37510,TX,2024-08-01
37511,AZ,2024-11-11
37512,IL,2023-07-16
37513,PA,2024-03-17
37514,GA,2023-01-15
37515,CO,2026-02-19
37516,NC,2024-09-17
37517,GA,2023-01-06
37518,NJ,2024-05-30
37519,NJ,2024-11-15
37520,CO,2025-04-12
37521,MA,2025-12-15
37522,IL,2025-08-16
37523,CO,2025-11-04
37524,IL,2023-04-01
37525,NY,2024-12-17
37526,VA,2023-08-27
37527,GA,2024-06-04
37528,GA,2023-07-04
37529,TX,2023-07-14
37530,GA,2025-11-28
37531,NY,2025-11-29
37532,PA,2023-01-16
37533,AZ,2026-01-09
37534,TX,2024-11-23
37535,AZ,2023-03-06
37536,IL,2026-02-12
37537,AZ,2023-10-12
37538,FL,2023-05-26
37539,CO,2023-09-24
37540,CA,2024-10-21
37541,VA,2025-01-05
37542,IL,2025-10-06
37543,NY,2025-09-08
37544,IL,2024-02-03
37545,AZ,2023-10-18
37546,CA,2023-03-21
37547,MI,2024-01-07
37548,NY,2025-10-08
37549,GA,2025-04-03
37550,IL,2025-08-30
37551,CO,2023-02-19
37552,MA,2023-05-01
37553,GA,2025-10-04
37554,GA,2024-04-02
37555,NJ,2023-08-14
37556,FL,2023-10-05
37557,MA,2025-09-15
37558,WA,2023-01-04
37559,MA,2025-07-07
37560,FL,2023-05-31
37561,PA,2023-01-06
37562,NC,2025-07-10
37563,NJ,2025-08-12
37564,NJ,2023-03-26
37565,CA,2024-02-22
37566,FL,2023-06-03
37567,MI,2024-12-14
37568,VA,2024-12-06
37569,NC,2024-01-08
37570,MI,2025-12-30
37571,TX,2025-06-22
37572,GA,2023-02-27
37573,WA,2025-02-07
37574,FL,2023-08-09
37575,CO,2023-08-26
37576,MI,2025-04-30
37577,WA,2024-12-02
37578,TX,2024-01-29
37579,NY,2025-09-23
37580,MI,2023-12-15
37581,CO,2023-11-18
37582,PA,2025-06-13
37583,NY,2025-02-15
37584,AZ,2025-04-07
37585,CO,2023-05-06
37586,WA,2025-10-02
37587,CO,2024-01-09
37588,WA,2024-07-08
37589,CA,2024-12-15
37590,PA,2025-03-28
37591,VA,2026-01-16
37592,NJ,2024-06-13
37593,AZ,2023-03-18
37594,NJ,2023-10-17
37595,NY,2025-04-30
37596,AZ,2023-04-29
37597,IL,2023-08-06
37598,TX,2024-12-25
37599,CO,2025-06-23
37600,WA,2025-03-26
37601,TX,2025-11-01
37602,PA,2026-02-10
37603,NC,2023-11-16
37604,MA,2023-01-26
37605,AZ,2024-01-26
37606,CO,2023-02-24
37607,FL,2023-05-31
37608,VA,2024-04-07
37609,VA,2025-07-01
37610,NJ,2025-07-23
37611,GA,2024-05-25
37612,IL,2025-02-11
37613,AZ,2024-02-08
37614,CA,2023-12-29
37615,WA,2025-12-30
37616,WA,2025-05-11
37617,MA,2026-01-22
37618,MA,2024-12-19
37619,IL,2024-04-19
37620,MI,2025-02-08
37621,MI,2023-08-16
37622,CO,2023-12-13
37623,NY,2025-03-18
37624,AZ,2023-08-05
37625,VA,2024-07-01
37626,VA,2024-12-24
37627,MA,2025-10-10
37628,NC,2023-10-01
37629,MI,2023-04-25
37630,MA,2023-07-22
37631,FL,2024-06-01
37632,PA,2026-02-22
37633,NC,2023-11-04
37634,NY,2025-07-01
37635,FL,2025-06-13
37636,FL,2023-03-07
37637,PA,2025-08-10
37638,PA,2023-07-27
37639,IL,2023-10-05
37640,AZ,2024-09-16
37641,MA,2023-05-19
37642,TX,2024-11-06
37643,MI,2023-11-28
37644,NC,2024-06-30
37645,CA,2025-12-02
37646,TX,2025-06-07
37647,GA,2024-11-11
37648,CA,2025-04-11
37649,VA,2023-09-28
37650,CO,2023-10-27
37651,NY,2025-12-01
37652,IL,2024-11-29
37653,TX,2023-10-12
37654,MA,2025-07-25
37655,NY,2023-09-19
37656,FL,2025-09-22
37657,NC,2023-07-13
37658,GA,2023-03-22
37659,IL,2024-02-15
37660,FL,2024-12-30
37661,NY,2025-01-25
37662,NC,2026-01-31
37663,AZ,2025-05-04
37664,GA,2023-02-20
37665,MI,2023-02-09
37666,FL,2025-02-07
37667,GA,2025-07-09
37668,AZ,2023-08-11
37669,NY,2024-06-01
37670,MA,2024-08-29
37671,NJ,2024-01-16
37672,NJ,2023-09-29
37673,WA,2023-05-26
37674,CO,2024-03-09
37675,NJ,2025-04-19
37676,AZ,2023-08-17
37677,CO,2025-01-12
37678,AZ,2024-03-29
37679,AZ,2023-12-29
37680,FL,2024-01-29
37681,VA,2024-07-23
37682,FL,2024-11-12
37683,MI,2025-01-08
37684,CO,2025-11-17
37685,TX,2024-08-23
37686,MA,2024-08-26
37687,CO,2026-01-01
37688,CO,2023-11-09
37689,NJ,2026-01-08
37690,NC,2025-11-18
37691,FL,2025-01-16
37692,GA,2024-10-24
37693,MI,2023-02-26
37694,NC,2024-05-09
37695,FL,2025-09-26
37696,CO,2023-05-27
37697,IL,2023-08-17
37698,WA,2025-05-03
37699,MI,2023-11-28
37700,FL,2025-02-14
37701,WA,2024-03-17
37702,MI,2025-09-27
37703,VA,2024-02-15
37704,MI,2023-08-01
37705,NJ,2023-04-19
37706,CA,2024-06-28
37707,MA,2026-01-30
37708,CO,2024-11-16
37709,PA,2024-02-25
37710,GA,2025-06-07
37711,VA,2024-09-30
37712,TX,2025-01-03
37713,MI,2024-02-16
37714,GA,2026-01-22
37715,NC,2024-04-28
37716,WA,2025-02-09
37717,NC,2025-03-30
37718,IL,2023-02-13
37719,CA,2023-02-27
37720,GA,2024-08-29
37721,GA,2024-01-25
37722,IL,2025-02-25
37723,CO,2025-10-25
37724,FL,2024-03-10
37725,WA,2023-05-03
37726,WA,2025-10-10
37727,MA,2024-09-17
37728,MA,2025-08-09
37729,MA,2025-01-28
37730,WA,2025-05-25
37731,FL,2023-01-18
37732,CO,2024-11-15
37733,CA,2024-05-25
37734,CA,2024-12-22
37735,IL,2023-09-01
37736,NY,2023-01-09
37737,PA,2025-06-16
37738,TX,2023-05-02
37739,FL,2024-04-24
37740,AZ,2025-05-01
37741,NY,2025-04-19
37742,NC,2026-02-06
37743,MA,2025-04-15
37744,MI,2025-05-06
37745,NC,2024-06-26
37746,CA,2026-02-19
37747,TX,2023-10-02
37748,NY,2023-03-12
37749,VA,2025-05-11
37750,GA,2025-11-08
37751,CO,2026-01-21
37752,TX,2025-12-12
37753,WA,2025-10-18
37754,TX,2025-09-18
37755,AZ,2024-08-09
37756,NJ,2024-07-11
37757,VA,2026-03-01
37758,PA,2024-10-03
37759,NJ,2024-11-09
37760,PA,2023-04-01
37761,NJ,2025-07-03
37762,IL,2026-02-19
37763,WA,2023-12-25
37764,NJ,2024-12-05
37765,NY,2026-02-11
37766,AZ,2024-02-23
37767,NC,2024-06-06
37768,CO,2023-07-06
37769,IL,2026-01-06
37770,AZ,2025-03-21
37771,MI,2025-05-06
37772,TX,2024-12-27
37773,VA,2023-01-05
37774,MI,2025-03-10
37775,VA,2023-10-30
37776,CA,2023-03-31
37777,WA,2024-07-15
37778,PA,2023-12-21
37779,NJ,2023-07-21
37780,NY,2025-08-11
37781,VA,2026-01-23
37782,NY,2024-11-25
37783,GA,2025-04-05
37784,NJ,2025-10-09
37785,VA,2024-03-05
37786,MI,2024-12-22
37787,NC,2024-12-02
37788,MA,2023-04-24
37789,IL,2024-06-15
37790,MI,2024-05-19
37791,VA,2025-05-13
37792,CA,2025-11-19
37793,MI,2024-01-22
37794,AZ,2025-08-25
37795,NC,2023-02-23
37796,NY,2024-11-17
37797,NJ,2025-09-05
37798,MA,2025-01-31
37799,MI,2023-01-10
37800,TX,2023-05-15
37801,NY,2024-07-26
37802,IL,2024-06-09
37803,CO,2023-09-15
37804,MI,2024-03-19
37805,CO,2023-10-28
37806,NJ,2025-11-15
37807,NY,2025-10-11
37808,IL,2025-08-21
37809,PA,2025-11-28
37810,WA,2025-09-26
37811,MA,2024-09-19
37812,FL,2023-07-20
37813,PA,2024-01-16
37814,VA,2024-10-28
37815,NY,2025-05-17
37816,NC,2026-02-12
37817,TX,2023-10-30
37818,GA,2023-05-22
37819,NC,2024-06-11
37820,CO,2025-11-18
37821,VA,2023-09-17
37822,GA,2025-08-18
37823,WA,2023-04-24
37824,VA,2023-01-08
37825,WA,2023-09-12
37826,MA,2023-03-25
37827,MA,2025-10-16
37828,CA,2025-11-05
37829,PA,2023-04-06
37830,MI,2023-05-02
37831,AZ,2023-08-14
37832,WA,2023-01-29
37833,CO,2024-08-10
37834,MA,2026-02-16
37835,NJ,2023-02-03
37836,NY,2025-12-10
37837,AZ,2023-05-13
37838,CO,2024-06-11
37839,NY,2023-07-03
37840,NC,2026-01-12
37841,CA,2025-06-14
37842,NJ,2025-09-11
37843,NJ,2024-08-26
37844,AZ,2025-03-13
37845,NJ,2025-12-21
37846,TX,2023-02-02
37847,TX,2024-05-07
37848,IL,2023-05-23
37849,PA,2023-05-03
37850,TX,2026-02-12
37851,MA,2024-08-14
37852,CO,2025-01-23
37853,TX,2023-12-31
37854,GA,2023-09-21
37855,CA,2023-03-29
37856,MI,2024-04-04
37857,TX,2025-12-11
37858,PA,2023-11-28
37859,TX,2025-06-06
37860,MA,2025-11-25
37861,NJ,2023-04-09
37862,NJ,2025-12-28
37863,WA,2023-05-21
37864,FL,2024-05-08
37865,NY,2025-10-11
37866,MA,2023-01-08
37867,TX,2025-04-24
37868,MA,2025-05-03
37869,NC,2026-02-07
37870,PA,2025-05-05
37871,MA,2024-02-18
37872,NJ,2025-06-27
37873,NY,2025-10-28
37874,MA,2025-08-22
37875,IL,2023-12-29
37876,NC,2024-01-11
37877,FL,2023-10-05
37878,NJ,2024-05-18
37879,WA,2023-03-20
37880,PA,2024-11-30
37881,CO,2024-10-21
37882,WA,2023-04-05
37883,TX,2024-03-28
37884,NY,2024-09-25
37885,IL,2024-11-07
37886,IL,2023-08-10
37887,MA,2025-02-09
37888,CO,2024-08-09
37889,FL,2025-01-03
37890,PA,2024-08-27
37891,CO,2024-03-05
37892,PA,2023-05-01
37893,CA,2025-11-23
37894,IL,2023-05-10
37895,IL,2024-09-03
37896,TX,2025-06-02
37897,GA,2025-11-25
37898,PA,2023-06-17
37899,PA,2023-07-25
37900,WA,2025-03-04
37901,MI,2023-03-16
37902,CA,2026-01-18
37903,MA,2024-09-24
37904,NC,2023-03-16
37905,MI,2023-05-17
37906,AZ,2025-07-06
37907,TX,2023-09-18
37908,NC,2024-09-01
37909,NC,2025-03-08
37910,NJ,2024-08-08
37911,FL,2023-08-04
37912,IL,2025-02-23
37913,CO,2023-12-30
37914,VA,2023-03-08
37915,FL,2023-08-19
37916,MI,2024-01-18
37917,PA,2023-08-23
37918,GA,2023-06-03
37919,CO,2025-11-01
37920,NC,2025-11-26
37921,NC,2023-01-12
37922,IL,2023-06-23
37923,MA,2023-06-04
37924,CO,2025-04-25
37925,NY,2024-06-02
37926,WA,2025-09-28
37927,VA,2023-08-24
37928,MA,2025-11-27
37929,CO,2023-10-25
37930,WA,2023-05-03
37931,TX,2023-10-25
37932,MI,2025-01-27
37933,IL,2025-05-24
37934,WA,2025-11-30
37935,CO,2026-02-05
37936,GA,2026-02-02
37937,GA,2023-12-04
37938,PA,2025-09-16
37939,PA,2023-05-01
37940,IL,2025-02-19
37941,MI,2025-05-03
37942,FL,2025-07-29
37943,FL,2024-06-27
37944,GA,2024-02-28
37945,FL,2026-01-23
37946,CO,2026-02-03
37947,GA,2025-09-20
37948,WA,2025-05-30
37949,VA,2023-11-22
37950,IL,2025-08-13
37951,TX,2023-10-18
37952,PA,2023-11-27
37953,WA,2025-06-30
37954,WA,2023-11-12
37955,MI,2025-12-01
37956,AZ,2024-11-02
37957,NY,2023-10-06
37958,NC,2023-06-09
37959,IL,2025-05-19
37960,GA,2023-06-05
37961,NJ,2025-07-17
37962,MI,2025-01-13
37963,MA,2024-11-12
37964,AZ,2023-10-12
37965,CO,2025-01-24
37966,NY,2023-12-24
37967,NJ,2024-09-17
37968,VA,2025-05-27
37969,AZ,2023-09-25
37970,GA,2025-08-05
37971,TX,2025-07-05
37972,NC,2026-01-19
37973,WA,2025-08-20
37974,AZ,2023-12-23
37975,MA,2025-08-02
37976,FL,2025-10-18
37977,MA,2023-11-14
37978,CO,2025-05-01
37979,MI,2025-10-16
37980,VA,2023-10-29
37981,NC,2024-08-06
37982,AZ,2024-09-10
37983,NC,2025-09-14
37984,FL,2025-12-09
37985,MI,2023-12-27
37986,WA,2024-05-28
37987,NJ,2025-08-17
37988,TX,2025-12-25
37989,WA,2025-05-19
37990,CO,2023-08-03
37991,TX,2023-05-18
37992,MI,2025-05-26
37993,AZ,2025-05-09
37994,VA,2024-01-19
37995,WA,2024-04-23
37996,NC,2023-01-02
37997,CA,2025-03-30
37998,NY,2023-05-22
37999,TX,2023-01-28
38000,CA,2023-09-14
38001,VA,2025-08-12
38002,NJ,2025-10-06
38003,PA,2025-09-23
38004,NJ,2026-01-13
38005,GA,2025-02-23
38006,GA,2024-03-13
38007,WA,2024-04-23
38008,AZ,2025-10-16
38009,FL,2024-02-24
38010,WA,2025-02-20
38011,FL,2024-04-19
38012,PA,2025-05-17
38013,WA,2023-09-03
38014,MA,2024-06-17
38015,NJ,2025-01-05
38016,CO,2023-12-13
38017,NY,2023-08-18
38018,FL,2024-12-09
38019,CO,2025-10-18
38020,MA,2025-03-13
38021,GA,2023-06-06
38022,WA,2023-07-21
38023,IL,2023-03-30
38024,MI,2023-06-19
38025,NJ,2024-05-22
38026,CO,2024-05-03
38027,MI,2023-10-27
38028,PA,2025-10-10
38029,AZ,2023-03-18
38030,MI,2023-07-07
38031,NJ,2025-02-01
38032,MI,2025-06-18
38033,WA,2024-10-04
38034,AZ,2024-04-22
38035,GA,2025-11-12
38036,FL,2025-11-26
38037,CO,2023-01-18
38038,PA,2025-05-09
38039,AZ,2025-07-22
38040,TX,2023-03-13
38041,WA,2024-03-31
38042,MI,2025-10-19
38043,CO,2023-04-29
38044,MI,2024-04-21
38045,NC,2024-08-03
38046,PA,2025-06-25
38047,MA,2025-08-15
38048,CA,2025-07-01
38049,PA,2026-01-05
38050,FL,2023-10-03
38051,NY,2023-04-02
38052,NY,2024-01-03
38053,VA,2024-06-13
38054,MI,2024-05-07
38055,MA,2025-07-13
38056,PA,2023-04-12
38057,PA,2023-09-28
38058,TX,2023-11-03
38059,TX,2024-01-22
38060,MI,2023-10-04
38061,IL,2025-08-14
38062,IL,2023-09-16
38063,CA,2025-08-03
38064,MI,2024-06-03
38065,MI,2025-02-09
38066,MI,2024-04-03
38067,CA,2025-05-29
38068,NJ,2025-07-17
38069,IL,2024-06-14
38070,MA,2025-08-03
38071,GA,2026-01-13
38072,FL,2025-11-11
38073,AZ,2023-08-23
38074,NC,2025-04-29
38075,IL,2024-01-25
38076,PA,2026-02-26
38077,TX,2024-04-08
38078,VA,2024-06-24
38079,VA,2023-01-29
38080,NJ,2023-05-13
38081,FL,2024-06-17
38082,GA,2024-10-09
38083,AZ,2023-03-23
38084,AZ,2025-05-25
38085,CA,2025-10-04
38086,WA,2025-08-31
38087,MI,2026-01-19
38088,MI,2024-10-25
38089,NJ,2026-01-04
38090,MA,2024-05-02
38091,TX,2024-03-09
38092,MI,2024-03-04
38093,NY,2026-01-18
38094,VA,2024-07-30
38095,NJ,2024-03-22
38096,NY,2023-05-19
38097,CA,2023-02-11
38098,WA,2023-08-24
38099,VA,2023-12-14
38100,TX,2023-07-17
38101,NJ,2023-03-03
38102,PA,2025-11-23
38103,MA,2025-10-13
38104,CA,2024-01-08
38105,GA,2025-04-01
38106,AZ,2024-02-15
38107,NY,2024-11-09
38108,CO,2023-08-09
38109,NC,2024-07-28
38110,FL,2025-09-13
38111,IL,2024-07-07
38112,GA,2025-01-30
38113,MA,2023-04-20
38114,MI,2023-07-16
38115,CO,2025-06-02
38116,MI,2025-08-06
38117,MA,2024-01-19
38118,NY,2024-03-28
38119,GA,2023-04-17
38120,MI,2023-01-05
38121,CA,2023-05-17
38122,AZ,2025-03-03
38123,NY,2023-06-15
38124,TX,2025-12-24
38125,TX,2024-02-19
38126,AZ,2024-01-15
38127,NC,2026-02-25
38128,FL,2023-07-16
38129,WA,2024-08-18
38130,IL,2023-06-01
38131,CA,2024-12-01
38132,AZ,2024-12-23
38133,VA,2023-01-28
38134,CO,2025-12-19
38135,IL,2023-04-04
38136,NC,2025-09-25
38137,GA,2025-04-26
38138,WA,2023-04-24
38139,MA,2025-04-20
38140,NJ,2026-02-21
38141,FL,2023-09-14
38142,IL,2023-01-13
38143,IL,2025-01-09
38144,VA,2024-07-07
38145,FL,2023-02-04
38146,IL,2024-07-02
38147,CO,2026-01-03
38148,NJ,2023-09-07
38149,WA,2025-11-09
38150,NY,2023-09-04
38151,GA,2025-04-04
38152,NJ,2023-05-08
38153,FL,2024-09-25
38154,FL,2024-01-09
38155,NJ,2025-07-11
38156,MA,2025-09-19
38157,NC,2024-08-16
38158,AZ,2023-03-05
38159,NC,2025-10-26
38160,IL,2025-03-09
38161,AZ,2024-08-21
38162,FL,2023-06-06
38163,IL,2024-01-22
38164,TX,2025-05-20
38165,MA,2026-02-05
38166,IL,2023-05-28
38167,TX,2024-12-20
38168,CA,2025-12-17
38169,PA,2023-02-26
38170,NC,2023-03-12
38171,WA,2024-05-11
38172,NC,2023-09-17
38173,NY,2025-11-23
38174,MA,2024-12-05
38175,VA,2024-03-04
38176,MA,2023-05-22
38177,FL,2023-09-11
38178,IL,2025-02-14
38179,CA,2023-11-12
38180,NY,2023-12-17
38181,MI,2023-02-11
38182,IL,2024-02-06
38183,NY,2024-01-26
38184,PA,2024-01-23
38185,PA,2026-01-24
38186,NJ,2025-09-17
38187,FL,2023-06-27
38188,FL,2025-01-23
38189,NC,2025-03-23
38190,GA,2024-04-23
38191,MI,2024-07-11
38192,NC,2024-03-13
38193,MA,2025-10-25
38194,AZ,2025-02-16
38195,MA,2023-04-20
38196,PA,2024-06-02
38197,NJ,2023-11-10
38198,CA,2025-03-25
38199,NJ,2025-05-09
38200,WA,2023-06-08
38201,TX,2025-09-27
38202,TX,2023-06-04
38203,IL,2025-07-13
38204,FL,2024-01-29
38205,CO,2025-12-31
38206,AZ,2024-10-10
38207,FL,2025-05-21
38208,CO,2025-05-07
38209,AZ,2023-04-11
38210,PA,2024-07-31
38211,MI,2025-08-16
38212,PA,2025-01-23
38213,FL,2026-02-13
38214,TX,2023-09-29
38215,WA,2025-11-27
38216,PA,2024-11-25
38217,VA,2026-01-13
38218,WA,2023-05-29
38219,NC,2024-09-30
38220,NC,2025-07-20
38221,CA,2023-10-25
38222,MI,2023-03-12
38223,CO,2024-08-19
38224,CO,2024-10-11
38225,CO,2023-10-04
38226,AZ,2026-02-10
38227,NC,2025-09-02
38228,FL,2024-07-28
38229,VA,2023-03-30
38230,AZ,2023-03-18
38231,GA,2023-04-29
38232,NC,2025-03-28
38233,TX,2023-10-10
38234,MA,2023-08-17
38235,IL,2024-02-18
38236,GA,2023-05-03
38237,PA,2023-01-30
38238,AZ,2023-01-18
38239,VA,2023-01-23
38240,FL,2025-11-27
38241,FL,2026-02-16
38242,IL,2025-08-25
38243,CO,2024-04-04
38244,TX,2023-03-15
38245,NJ,2024-08-05
38246,CO,2023-09-30
38247,AZ,2025-08-05
38248,CO,2023-01-07
38249,AZ,2024-12-28
38250,AZ,2024-05-15
38251,MA,2025-12-27
38252,MA,2024-03-05
38253,WA,2024-06-30
38254,NY,2023-01-29
38255,PA,2025-11-23
38256,AZ,2025-05-11
38257,MI,2024-03-25
38258,NY,2025-10-10
38259,VA,2024-09-16
38260,PA,2025-10-26
38261,NC,2023-12-02
38262,PA,2025-06-19
38263,CO,2024-01-28
38264,NJ,2024-07-02
38265,IL,2024-04-26
38266,CO,2024-02-27
38267,TX,2023-09-04
38268,CA,2024-07-05
38269,VA,2023-03-05
38270,IL,2025-01-04
38271,NY,2026-02-19
38272,PA,2024-10-04
38273,MI,2026-02-22
38274,GA,2025-11-25
38275,WA,2023-04-18
38276,WA,2023-07-05
38277,VA,2024-09-06
38278,NC,2023-01-19
38279,CO,2025-06-30
38280,IL,2023-04-04
38281,TX,2023-05-08
38282,GA,2023-11-11
38283,NC,2024-01-17
38284,FL,2024-05-25
38285,NC,2024-04-16
38286,FL,2025-01-30
38287,PA,2024-12-02
38288,VA,2024-05-18
38289,NY,2025-01-02
38290,TX,2023-09-13
38291,FL,2023-10-19
38292,MA,2025-06-22
38293,VA,2025-02-01
38294,TX,2025-05-06
38295,CO,2023-05-24
38296,CO,2023-03-26
38297,NC,2024-11-22
38298,NJ,2023-04-11
38299,NY,2023-07-24
38300,FL,2023-05-07
38301,CO,2025-08-14
38302,CA,2025-09-01
38303,CA,2025-05-22
38304,AZ,2023-11-03
38305,AZ,2023-09-17
38306,FL,2023-06-26
38307,NJ,2024-12-27
38308,NY,2023-07-19
38309,CA,2024-05-27
38310,CO,2024-03-09
38311,NY,2024-05-23
38312,FL,2024-08-01
38313,TX,2023-04-28
38314,MI,2023-03-27
38315,NY,2023-08-23
38316,CO,2023-11-18
38317,TX,2023-09-15
38318,MI,2025-10-04
38319,GA,2023-01-17
38320,NC,2024-11-03
38321,WA,2024-04-21
38322,GA,2024-11-24
38323,TX,2024-09-10
38324,PA,2025-06-20
38325,WA,2025-08-05
38326,AZ,2026-01-29
38327,NC,2025-03-23
38328,IL,2025-02-07
38329,GA,2025-04-27
38330,CO,2025-03-29
38331,NY,2024-01-30
38332,NY,2025-02-28
38333,VA,2025-06-15
38334,WA,2023-11-29
38335,WA,2025-12-08
38336,WA,2024-01-01
38337,FL,2025-03-27
38338,CO,2024-05-20
38339,NJ,2024-08-26
38340,WA,2025-08-02
38341,CA,2023-08-18
38342,NC,2025-05-11
38343,AZ,2023-08-16
38344,WA,2025-07-20
38345,CA,2024-11-26
38346,FL,2025-12-05
38347,CA,2023-01-15
38348,IL,2023-05-16
38349,IL,2024-11-26
38350,CA,2024-12-11
38351,PA,2024-11-15
38352,CO,2024-09-13
38353,AZ,2023-06-24
38354,FL,2024-05-15
38355,NY,2025-05-25
38356,VA,2024-01-03
38357,AZ,2025-09-17
38358,CA,2025-02-14
38359,NJ,2024-02-13
38360,TX,2025-02-23
38361,MA,2024-02-12
38362,NC,2025-02-04
38363,NJ,2023-11-04
38364,NC,2023-03-04
38365,CO,2023-03-02
38366,WA,2024-05-21
38367,MA,2023-09-13
38368,NY,2023-03-18
38369,PA,2023-03-31
38370,PA,2023-12-31
38371,MI,2023-09-29
38372,FL,2024-10-10
38373,IL,2023-02-09
38374,PA,2023-06-23
38375,PA,2024-10-04
38376,PA,2024-10-27
38377,PA,2024-08-06
38378,AZ,2023-11-22
38379,PA,2024-12-25
38380,PA,2023-10-10
38381,WA,2023-08-02
38382,IL,2023-03-30
38383,PA,2024-01-19
38384,NY,2025-04-05
38385,MA,2024-03-10
38386,CO,2024-08-30
38387,VA,2023-11-15
38388,AZ,2023-01-19
38389,NJ,2024-10-28
38390,GA,2026-01-22
38391,IL,2025-12-12
38392,MA,2025-05-14
38393,VA,2025-09-23
38394,PA,2024-03-04
38395,VA,2025-06-06
38396,CA,2023-04-15
38397,GA,2025-01-02
38398,IL,2023-12-08
38399,PA,2023-01-20
38400,FL,2025-05-05
38401,NC,2025-09-14
38402,GA,2023-09-12
38403,PA,2024-10-03
38404,CA,2024-02-28
38405,NY,2023-05-26
38406,TX,2026-01-10
38407,CA,2024-05-28
38408,NY,2024-01-10
38409,NY,2025-01-29
38410,MA,2025-07-07
38411,NC,2023-02-16
38412,VA,2024-05-14
38413,IL,2024-05-21
38414,PA,2026-02-21
38415,GA,2023-12-11
38416,AZ,2024-03-04
38417,WA,2025-02-27
38418,GA,2025-11-21
38419,AZ,2025-02-25
38420,VA,2025-07-31
38421,PA,2024-09-09
38422,NC,2024-10-31
38423,AZ,2026-01-21
38424,AZ,2023-09-03
38425,GA,2023-10-31
38426,NY,2024-03-25
38427,MI,2025-07-29
38428,PA,2026-02-26
38429,GA,2024-06-17
38430,TX,2024-07-21
38431,NJ,2024-02-28
38432,TX,2023-02-07
38433,PA,2024-06-14
38434,NJ,2024-08-27
38435,AZ,2025-05-31
38436,MI,2023-08-03
38437,GA,2025-08-10
38438,MI,2023-09-13
38439,MA,2024-07-10
38440,MI,2023-08-03
38441,AZ,2025-11-17
38442,NJ,2023-11-12
38443,MI,2025-02-11
38444,CO,2025-07-02
38445,MA,2025-09-16
38446,GA,2025-09-15
38447,CO,2025-09-16
38448,AZ,2025-08-08
38449,FL,2025-01-12
38450,NY,2025-05-12
38451,AZ,2024-08-10
38452,VA,2025-07-09
38453,NJ,2024-11-13
38454,WA,2023-10-21
38455,NY,2025-05-07
38456,FL,2025-03-02
38457,AZ,2023-09-11
38458,PA,2025-01-17
38459,NY,2024-03-19
38460,WA,2025-07-01
38461,IL,2023-09-28
38462,NJ,2025-09-20
38463,CA,2024-10-31
38464,MI,2025-06-30
38465,PA,2026-03-01
38466,CO,2023-06-08
38467,NY,2025-01-28
38468,AZ,2024-05-21
38469,WA,2024-01-21
38470,NJ,2026-01-06
38471,CO,2025-11-29
38472,WA,2024-09-08
38473,TX,2024-10-26
38474,IL,2023-11-14
38475,CA,2023-06-23
38476,CA,2023-12-25
38477,CO,2025-03-20
38478,MA,2025-10-27
38479,NC,2024-07-21
38480,NC,2025-07-31
38481,NJ,2024-03-09
38482,NJ,2024-03-04
38483,TX,2023-11-04
38484,CO,2023-10-05
38485,NJ,2024-01-09
38486,MI,2023-06-17
38487,CO,2024-01-05
38488,AZ,2025-04-07
38489,AZ,2025-09-24
38490,CA,2024-08-07
38491,NC,2024-01-14
38492,MA,2023-03-18
38493,NY,2024-07-22
38494,PA,2023-04-09
38495,NY,2023-06-12
38496,NY,2025-07-05
38497,VA,2025-09-07
38498,WA,2024-02-01
38499,MA,2025-02-27
38500,FL,2023-12-10
38501,NJ,2025-11-15
38502,PA,2025-09-30
38503,FL,2025-12-15
38504,GA,2024-06-26
38505,AZ,2025-11-19
38506,NC,2024-06-19
38507,GA,2024-08-30
38508,MA,2026-02-18
38509,AZ,2023-06-03
38510,MI,2025-05-19
38511,NC,2026-01-10
38512,MI,2025-05-30
38513,FL,2023-11-28
38514,CO,2024-02-11
38515,NC,2023-05-06
38516,TX,2024-08-15
38517,TX,2024-03-18
38518,PA,2023-06-11
38519,MA,2023-05-10
38520,VA,2023-10-08
38521,NJ,2025-05-12
38522,PA,2025-06-13
38523,GA,2024-11-20
38524,VA,2024-04-17
38525,NJ,2023-01-05
38526,FL,2025-02-16
38527,FL,2023-03-23
38528,CA,2023-08-09
38529,CA,2025-04-22
38530,VA,2025-01-22
38531,AZ,2025-05-24
38532,TX,2023-03-10
38533,PA,2023-05-22
38534,VA,2025-03-11
38535,MA,2024-05-18
38536,VA,2025-08-22
38537,MI,2023-02-09
38538,GA,2024-05-14
38539,FL,2024-12-07
38540,NY,2025-12-07
38541,IL,2025-09-20
38542,IL,2024-05-24
38543,GA,2023-09-02
38544,MI,2023-09-19
38545,FL,2024-06-26
38546,CO,2023-02-03
38547,VA,2024-05-02
38548,AZ,2024-04-14
38549,VA,2025-02-18
38550,TX,2023-10-21
38551,NY,2023-07-30
38552,GA,2025-09-09
38553,MI,2025-06-05
38554,IL,2025-06-06
38555,NJ,2024-01-14
38556,CO,2023-11-29
38557,NJ,2023-10-04
38558,NC,2024-08-12
38559,GA,2024-05-12
38560,CA,2023-03-18
38561,VA,2024-02-23
38562,CA,2024-11-19
38563,NJ,2024-08-31
38564,WA,2024-05-08
38565,GA,2023-12-25
38566,MA,2023-09-08
38567,MA,2025-03-02
38568,NY,2023-10-05
38569,TX,2023-06-20
38570,FL,2024-11-19
38571,NY,2024-05-08
38572,NC,2024-01-11
38573,GA,2023-10-05
38574,WA,2023-12-01
38575,VA,2025-11-07
38576,MA,2023-10-27
38577,NJ,2023-04-19
38578,GA,2025-11-21
38579,WA,2025-12-15
38580,MI,2026-01-02
38581,IL,2024-03-22
38582,FL,2024-05-06
38583,AZ,2024-08-23
38584,CO,2025-06-07
38585,CA,2023-05-12
38586,CA,2025-03-16
38587,WA,2023-09-07
38588,NC,2025-12-01
38589,GA,2025-09-23
38590,NY,2023-08-19
38591,NJ,2025-04-07
38592,MI,2026-01-18
38593,TX,2024-02-08
38594,CO,2023-07-10
38595,WA,2023-05-07
38596,TX,2024-01-12
38597,IL,2025-03-08
38598,IL,2024-07-28
38599,AZ,2023-08-28
38600,WA,2025-11-27
38601,WA,2023-10-06
38602,IL,2024-07-23
38603,NY,2024-11-18
38604,IL,2025-01-24
38605,NY,2023-12-29
38606,TX,2023-06-23
38607,NY,2025-05-04
38608,CA,2023-09-14
38609,PA,2023-04-10
38610,CA,2024-05-01
38611,GA,2024-06-28
38612,VA,2024-08-04
38613,FL,2024-10-15
38614,WA,2023-09-03
38615,NC,2023-04-06
38616,AZ,2023-12-05
38617,MI,2026-01-12
38618,MA,2023-05-05
38619,MI,2023-12-06
38620,NY,2024-10-12
38621,PA,2024-11-02
38622,NJ,2026-01-14
38623,NC,2023-05-19
38624,GA,2024-03-08
38625,PA,2025-09-06
38626,FL,2026-02-02
38627,NC,2023-03-19
38628,NC,2024-12-31
38629,VA,2024-12-04
38630,VA,2024-01-13
38631,CA,2024-12-08
38632,CO,2025-06-21
38633,FL,2025-03-25
38634,MA,2023-05-23
38635,TX,2025-11-27
38636,NJ,2025-11-25
38637,PA,2023-04-25
38638,GA,2024-05-28
38639,MI,2025-11-04
38640,VA,2023-11-07
38641,WA,2025-04-24
38642,WA,2023-01-25
38643,TX,2025-02-20
38644,NJ,2024-05-03
38645,GA,2024-01-09
38646,TX,2024-11-05
38647,NY,2024-12-26
38648,NJ,2023-08-24
38649,VA,2024-10-18
38650,GA,2023-03-10
38651,PA,2025-08-30
38652,PA,2024-07-19
38653,GA,2024-11-17
38654,NC,2025-01-04
38655,PA,2025-10-17
38656,VA,2024-07-27
38657,FL,2023-12-15
38658,FL,2023-01-16
38659,VA,2023-07-28
38660,NJ,2024-10-08
38661,NC,2025-12-02
38662,MI,2025-08-31
38663,VA,2024-11-14
38664,VA,2025-04-18
38665,IL,2024-01-29
38666,GA,2024-09-30
38667,CO,2024-01-15
38668,NC,2025-06-19
38669,TX,2025-10-27
38670,IL,2023-01-22
38671,MI,2024-06-19
38672,VA,2024-01-17
38673,MA,2023-12-26
38674,MI,2025-02-01
38675,MI,2025-10-11
38676,IL,2023-06-12
38677,TX,2026-02-13
38678,AZ,2026-02-28
38679,AZ,2023-10-02
38680,AZ,2024-03-01
38681,VA,2024-09-28
38682,VA,2024-12-27
38683,GA,2025-07-04
38684,FL,2024-01-25
38685,NY,2023-09-28
38686,GA,2023-03-10
38687,TX,2025-08-31
38688,IL,2024-04-01
38689,WA,2023-12-12
38690,AZ,2025-02-12
38691,VA,2025-08-17
38692,MI,2026-01-10
38693,NY,2025-12-10
38694,CA,2023-09-24
38695,GA,2025-04-29
38696,TX,2024-05-06
38697,MA,2025-09-09
38698,GA,2025-09-23
38699,GA,2023-09-14
38700,PA,2025-09-11
38701,NC,2023-01-09
38702,IL,2023-11-17
38703,CO,2024-01-07
38704,GA,2023-11-19
38705,TX,2025-07-08
38706,IL,2023-07-11
38707,WA,2025-07-04
38708,MA,2026-02-21
38709,MA,2023-03-26
38710,GA,2025-07-24
38711,CA,2024-02-11
38712,IL,2026-02-17
38713,WA,2025-12-15
38714,FL,2024-02-05
38715,NC,2024-05-28
38716,PA,2023-12-28
38717,NJ,2023-02-02
38718,AZ,2025-01-18
38719,CA,2024-09-11
38720,FL,2023-09-28
38721,NC,2024-11-04
38722,NJ,2024-03-19
38723,MA,2023-05-28
38724,FL,2024-04-15
38725,CA,2024-06-26
38726,NC,2023-09-15
38727,CA,2023-09-26
38728,CA,2023-12-18
38729,NJ,2024-01-04
38730,NC,2024-02-04
38731,WA,2025-02-21
38732,MA,2023-01-25
38733,GA,2023-11-28
38734,CO,2024-06-23
38735,NY,2023-04-15
38736,GA,2025-02-18
38737,FL,2025-06-07
38738,PA,2024-12-25
38739,NC,2024-03-13
38740,MI,2023-05-24
38741,NJ,2024-12-02
38742,WA,2023-03-15
38743,PA,2025-10-12
38744,NJ,2025-08-19
38745,WA,2026-01-19
38746,FL,2025-12-11
38747,VA,2025-03-08
38748,IL,2025-11-05
38749,CA,2023-05-18
38750,NY,2024-10-16
38751,FL,2025-03-04
38752,FL,2023-07-08
38753,CO,2025-10-12
38754,GA,2024-06-10
38755,PA,2023-05-09
38756,FL,2023-04-24
38757,IL,2026-01-15
38758,FL,2023-08-14
38759,FL,2023-05-04
38760,PA,2023-05-09
38761,NJ,2023-12-11
38762,PA,2023-10-21
38763,GA,2024-04-08
38764,AZ,2025-01-20
38765,FL,2024-05-18
38766,VA,2024-03-30
38767,IL,2023-11-22
38768,AZ,2025-03-02
38769,VA,2023-11-09
38770,GA,2024-07-05
38771,TX,2023-10-20
38772,MA,2025-08-21
38773,MA,2024-01-12
38774,CA,2025-01-14
38775,NJ,2025-06-15
38776,NY,2024-12-19
38777,WA,2023-10-28
38778,CO,2023-10-20
38779,IL,2023-04-24
38780,AZ,2026-01-13
38781,AZ,2026-01-27
38782,VA,2025-02-10
38783,VA,2023-07-18
38784,MA,2024-09-25
38785,MI,2024-06-24
38786,MI,2025-05-23
38787,TX,2024-05-26
38788,IL,2025-01-25
38789,GA,2023-10-16
38790,TX,2024-05-27
38791,AZ,2023-01-23
38792,VA,2025-07-25
38793,VA,2024-04-06
38794,VA,2023-07-28
38795,IL,2023-03-15
38796,MA,2024-03-12
38797,WA,2023-12-23
38798,NC,2024-11-06
38799,VA,2025-03-22
38800,CO,2023-05-02
38801,CO,2024-10-12
38802,IL,2024-03-23
38803,MA,2023-05-29
38804,TX,2024-01-23
38805,VA,2024-05-03
38806,MA,2024-06-30
38807,MA,2025-03-13
38808,FL,2023-02-04
38809,NC,2025-03-11
38810,AZ,2026-01-05
38811,VA,2023-11-03
38812,FL,2023-10-21
38813,AZ,2023-06-22
38814,TX,2025-11-19
38815,NC,2025-11-17
38816,MA,2023-10-31
38817,WA,2025-06-22
38818,TX,2024-10-27
38819,IL,2025-05-24
38820,PA,2025-06-01
38821,IL,2024-10-30
38822,IL,2025-04-02
38823,NY,2023-05-03
38824,VA,2026-01-08
38825,NJ,2024-02-25
38826,NC,2023-04-27
38827,PA,2025-06-22
38828,MA,2023-06-17
38829,VA,2024-06-12
38830,MA,2024-01-17
38831,NC,2025-01-11
38832,PA,2025-10-31
38833,FL,2025-12-20
38834,NJ,2023-09-02
38835,IL,2023-03-11
38836,FL,2025-04-04
38837,FL,2023-06-18
38838,IL,2026-01-22
38839,GA,2024-10-05
38840,PA,2024-04-03
38841,VA,2024-06-02
38842,MI,2023-05-16
38843,MA,2024-08-13
38844,NY,2024-06-05
38845,AZ,2026-02-07
38846,IL,2025-02-01
38847,AZ,2023-07-13
38848,WA,2025-06-01
38849,IL,2024-12-19
38850,VA,2025-08-05
38851,CO,2023-11-19
38852,CO,2024-08-23
38853,MI,2023-03-10
38854,TX,2025-09-18
38855,GA,2024-04-29
38856,IL,2025-09-11
38857,MA,2024-03-19
38858,GA,2025-08-10
38859,MI,2024-08-01
38860,AZ,2024-01-30
38861,VA,2025-01-26
38862,MA,2026-01-29
38863,NC,2025-09-16
38864,GA,2023-05-21
38865,CA,2024-06-07
38866,VA,2024-05-01
38867,CA,2023-03-13
38868,TX,2024-11-06
38869,VA,2023-02-01
38870,GA,2023-07-04
38871,CA,2024-05-09
38872,CA,2024-11-10
38873,WA,2025-07-30
38874,CO,2024-02-27
38875,NY,2024-07-28
38876,FL,2023-08-28
38877,MI,2025-03-18
38878,IL,2023-12-19
38879,MI,2023-08-29
38880,CA,2024-11-14
38881,MI,2024-06-15
38882,FL,2026-01-24
38883,FL,2025-05-02
38884,GA,2023-12-23
38885,GA,2023-01-27
38886,IL,2023-10-21
38887,CO,2025-09-12
38888,PA,2023-12-20
38889,NC,2023-03-17
38890,FL,2025-07-16
38891,NC,2025-05-24
38892,CO,2023-02-11
38893,MI,2024-02-19
38894,TX,2023-08-21
38895,NY,2025-04-17
38896,IL,2023-03-16
38897,WA,2024-09-27
38898,CO,2025-06-12
38899,MI,2024-02-08
38900,CA,2024-09-28
38901,NJ,2024-04-22
38902,PA,2024-01-25
38903,NC,2025-04-03
38904,TX,2024-09-30
38905,MA,2024-09-03
38906,VA,2025-02-02
38907,NC,2023-10-25
38908,AZ,2024-07-25
38909,PA,2023-02-25
38910,FL,2023-09-16
38911,NC,2024-05-09
38912,WA,2025-09-02
38913,CO,2023-02-12
38914,CA,2024-02-16
38915,CA,2023-12-06
38916,PA,2023-10-01
38917,MA,2025-01-31
38918,MI,2025-11-10
38919,VA,2025-10-01
38920,PA,2023-06-03
38921,GA,2024-06-18
38922,FL,2025-06-24
38923,CO,2024-05-15
38924,NC,2025-07-28
38925,MI,2023-06-30
38926,MA,2025-08-12
38927,AZ,2024-10-13
38928,NY,2024-04-28
38929,AZ,2023-01-03
38930,WA,2024-11-05
38931,GA,2025-01-13
38932,VA,2025-05-10
38933,VA,2023-06-07
38934,GA,2024-08-05
38935,TX,2025-06-04
38936,NJ,2024-04-09
38937,PA,2023-06-23
38938,TX,2025-06-26
38939,NY,2024-05-12
38940,MA,2025-04-04
38941,IL,2025-09-15
38942,MI,2023-08-28
38943,WA,2023-07-21
38944,MA,2025-01-09
38945,FL,2023-11-18
38946,WA,2025-07-21
38947,GA,2024-10-15
38948,MI,2023-05-18
38949,NJ,2026-02-01
38950,GA,2023-11-16
38951,FL,2025-07-25
38952,IL,2025-02-27
38953,NY,2025-02-15
38954,TX,2024-10-10
38955,GA,2024-02-06
38956,IL,2026-02-17
38957,CO,2023-03-10
38958,MI,2023-03-03
38959,NJ,2023-05-01
38960,WA,2024-05-30
38961,NY,2024-09-22
38962,MA,2026-01-29
38963,IL,2024-09-16
38964,NJ,2023-11-28
38965,MI,2025-01-15
38966,NY,2025-09-28
38967,IL,2024-02-20
38968,VA,2025-06-16
38969,CO,2024-07-23
38970,VA,2023-05-30
38971,CA,2023-01-19
38972,FL,2023-01-20
38973,CA,2023-12-22
38974,NY,2025-01-25
38975,CA,2025-11-03
38976,IL,2025-02-26
38977,NJ,2023-10-28
38978,IL,2025-04-04
38979,CA,2023-01-31
38980,FL,2025-08-05
38981,AZ,2026-01-28
38982,AZ,2024-04-07
38983,AZ,2025-06-21
38984,FL,2025-03-27
38985,CO,2024-02-11
38986,IL,2025-09-15
38987,NY,2024-07-06
38988,WA,2025-06-18
38989,FL,2023-04-05
38990,NC,2024-08-16
38991,FL,2026-02-06
38992,PA,2023-06-08
38993,CO,2023-02-16
38994,WA,2023-12-22
38995,TX,2023-07-21
38996,NC,2024-07-03
38997,PA,2025-11-17
38998,MI,2025-11-07
38999,FL,2025-09-17
39000,CA,2025-10-10
39001,IL,2025-10-29
39002,NJ,2025-05-24
39003,VA,2023-02-09
39004,MI,2024-09-04
39005,NC,2026-01-22
39006,FL,2025-10-03
39007,IL,2023-02-27
39008,NY,2025-08-19
39009,WA,2024-09-09
39010,NJ,2023-12-16
39011,GA,2023-10-13
39012,CO,2023-02-14
39013,TX,2025-08-31
39014,CA,2024-02-19
39015,NC,2023-02-05
39016,TX,2025-07-23
39017,CO,2023-02-07
39018,NJ,2023-08-27
39019,TX,2025-06-25
39020,WA,2025-02-22
39021,NY,2023-06-16
39022,MI,2025-01-01
39023,CA,2025-10-12
39024,NJ,2025-01-28
39025,NC,2023-11-17
39026,MI,2025-08-14
39027,AZ,2025-08-25
39028,WA,2026-01-11
39029,WA,2024-10-25
39030,IL,2023-04-14
39031,NY,2025-05-24
39032,GA,2023-10-09
39033,NY,2024-04-24
39034,NY,2024-09-08
39035,PA,2024-03-20
39036,MI,2025-07-02
39037,WA,2023-03-08
39038,GA,2024-03-23
39039,FL,2023-10-15
39040,IL,2024-09-04
39041,NY,2024-02-09
39042,AZ,2023-12-28
39043,VA,2024-10-06
39044,FL,2024-08-01
39045,MI,2024-12-24
39046,PA,2024-11-11
39047,GA,2026-02-05
39048,MI,2023-01-02
39049,NY,2025-12-02
39050,CA,2026-02-26
39051,FL,2023-06-25
39052,MI,2023-03-31
39053,FL,2026-01-23
39054,CA,2024-12-17
39055,FL,2025-07-31
39056,MI,2025-12-15
39057,TX,2025-12-18
39058,VA,2025-01-11
39059,NY,2026-01-18
39060,VA,2023-02-23
39061,NC,2025-02-01
39062,MI,2025-08-05
39063,FL,2024-10-19
39064,CO,2023-07-28
39065,MA,2025-12-05
39066,GA,2023-04-28
39067,CO,2023-08-05
39068,CA,2024-09-25
39069,PA,2025-05-27
39070,NY,2023-06-02
39071,PA,2025-03-03
39072,NY,2025-07-11
39073,PA,2023-02-04
39074,CO,2023-04-17
39075,PA,2025-06-07
39076,FL,2023-09-27
39077,GA,2025-06-29
39078,NY,2025-06-27
39079,AZ,2025-01-09
39080,FL,2024-02-28
39081,VA,2023-07-07
39082,VA,2024-05-15
39083,MI,2025-03-12
39084,MI,2023-09-26
39085,CA,2023-09-17
39086,TX,2025-12-07
39087,IL,2023-04-18
39088,GA,2024-12-27
39089,NJ,2024-06-18
39090,CA,2024-08-01
39091,MI,2024-11-02
39092,WA,2024-05-29
39093,PA,2025-06-26
39094,NY,2023-05-04
39095,MA,2024-06-28
39096,FL,2025-11-21
39097,WA,2024-10-18
39098,CO,2024-05-23
39099,NY,2023-10-04
39100,TX,2023-10-20
39101,NJ,2023-08-24
39102,WA,2024-06-28
39103,NC,2024-10-19
39104,FL,2024-10-04
39105,WA,2024-10-06
39106,TX,2025-10-29
39107,VA,2025-05-08
39108,PA,2024-08-07
39109,GA,2024-11-20
39110,CO,2023-07-04
39111,AZ,2023-03-27
39112,IL,2025-11-06
39113,MI,2025-04-12
39114,AZ,2025-04-04
39115,CA,2024-12-03
39116,FL,2023-07-14
39117,MA,2023-01-05
39118,NC,2024-02-10
39119,WA,2025-06-15
39120,FL,2023-06-24
39121,GA,2026-03-01
39122,CO,2024-08-22
39123,MI,2024-11-25
39124,TX,2023-04-20
39125,AZ,2024-09-03
39126,IL,2025-04-18
39127,PA,2023-08-16
39128,AZ,2025-01-13
39129,AZ,2025-01-16
39130,PA,2024-05-05
39131,FL,2024-10-29
39132,MA,2024-05-28
39133,CA,2025-05-28
39134,CA,2024-10-20
39135,AZ,2023-11-01
39136,MI,2024-01-03
39137,PA,2025-09-14
39138,PA,2024-07-25
39139,IL,2025-03-20
39140,NC,2025-02-13
39141,NJ,2025-03-20
39142,VA,2023-07-04
39143,VA,2025-02-22
39144,AZ,2025-09-23
39145,MA,2023-10-27
39146,VA,2023-08-22
39147,GA,2025-03-23
39148,MI,2023-08-31
39149,MA,2024-10-31
39150,GA,2023-12-16
39151,NC,2023-10-18
39152,AZ,2024-07-26
39153,GA,2025-06-14
39154,AZ,2025-03-19
39155,AZ,2023-05-18
39156,CO,2023-04-28
39157,MA,2024-09-28
39158,PA,2023-08-10
39159,TX,2023-06-09
39160,NJ,2024-07-10
39161,AZ,2024-06-11
39162,TX,2024-08-24
39163,NJ,2025-03-13
39164,WA,2024-09-08
39165,MA,2026-02-09
39166,VA,2023-08-03
39167,PA,2024-03-01
39168,NC,2024-11-20
39169,MA,2025-01-07
39170,CA,2025-12-05
39171,CO,2025-12-16
39172,CA,2025-02-11
39173,VA,2026-02-28
39174,AZ,2024-08-17
39175,NJ,2025-11-07
39176,FL,2024-02-16
39177,NY,2023-05-23
39178,WA,2024-02-21
39179,IL,2025-03-24
39180,FL,2026-02-10
39181,AZ,2024-09-19
39182,PA,2025-04-19
39183,VA,2026-01-22
39184,FL,2025-10-21
39185,MA,2024-03-30
39186,NJ,2023-03-19
39187,FL,2024-10-08
39188,NY,2026-01-07
39189,FL,2025-04-19
39190,MA,2025-08-13
39191,CA,2023-09-05
39192,MI,2025-10-30
39193,FL,2026-02-24
39194,IL,2023-02-10
39195,CO,2025-08-19
39196,CO,2025-06-22
39197,VA,2024-02-18
39198,GA,2024-11-06
39199,WA,2023-03-23
39200,AZ,2023-11-29
39201,NY,2023-10-23
39202,TX,2024-03-16
39203,NY,2025-02-17
39204,GA,2024-12-12
39205,IL,2024-05-09
39206,AZ,2024-06-12
39207,NJ,2026-02-18
39208,PA,2025-05-15
39209,CA,2023-07-14
39210,TX,2024-05-12
39211,MA,2023-06-02
39212,MA,2023-12-10
39213,WA,2023-04-26
39214,TX,2025-09-09
39215,VA,2025-07-30
39216,MI,2025-11-30
39217,MA,2023-04-14
39218,WA,2023-09-05
39219,IL,2025-09-13
39220,TX,2025-08-03
39221,IL,2023-12-30
39222,MA,2024-11-14
39223,AZ,2025-06-06
39224,CO,2025-11-14
39225,NY,2025-08-22
39226,NY,2024-04-01
39227,AZ,2023-01-11
39228,IL,2024-06-01
39229,CO,2023-08-13
39230,WA,2025-01-29
39231,AZ,2023-02-15
39232,CA,2024-02-12
39233,NJ,2023-01-14
39234,CA,2024-06-19
39235,NC,2023-12-31
39236,GA,2023-09-11
39237,FL,2025-04-23
39238,PA,2025-07-23
39239,NC,2024-05-03
39240,CA,2026-02-09
39241,NJ,2023-07-20
39242,CO,2023-04-15
39243,NY,2023-08-16
39244,PA,2024-05-02
39245,NY,2024-03-28
39246,CA,2025-05-29
39247,CA,2024-07-06
39248,GA,2023-03-24
39249,VA,2025-04-12
39250,CA,2023-12-08
39251,IL,2023-05-27
39252,PA,2025-09-12
39253,MA,2023-12-01
39254,FL,2025-03-03
39255,WA,2024-11-09
39256,FL,2023-08-11
39257,FL,2024-08-28
39258,NC,2023-09-05
39259,MI,2024-04-08
39260,MI,2024-02-28
39261,CA,2025-05-09
39262,IL,2024-11-12
39263,AZ,2024-02-02
39264,NC,2023-09-18
39265,AZ,2024-03-16
39266,NC,2025-09-17
39267,MA,2024-08-12
39268,MA,2025-09-18
39269,CO,2025-08-02
39270,MA,2025-05-30
39271,IL,2023-11-04
39272,PA,2024-10-10
39273,MI,2023-05-24
39274,CO,2023-11-26
39275,TX,2025-02-22
39276,GA,2025-09-16
39277,TX,2023-11-03
39278,FL,2024-08-13
39279,VA,2025-04-06
39280,NC,2026-02-24
39281,AZ,2024-03-31
39282,IL,2023-01-04
39283,PA,2024-05-19
39284,AZ,2023-07-05
39285,PA,2025-05-19
39286,CO,2025-12-21
39287,TX,2025-01-09
39288,VA,2025-10-04
39289,NC,2025-05-19
39290,IL,2023-12-28
39291,WA,2023-07-02
39292,WA,2025-10-02
39293,WA,2023-05-11
39294,GA,2023-07-05
39295,VA,2025-12-02
39296,MA,2025-10-24
39297,PA,2025-02-28
39298,GA,2025-05-27
39299,MI,2025-10-26
39300,GA,2025-02-22
39301,VA,2023-06-13
39302,AZ,2024-11-20
39303,IL,2024-12-11
39304,AZ,2024-08-21
39305,IL,2025-12-06
39306,FL,2025-09-28
39307,CO,2024-10-26
39308,AZ,2023-02-22
39309,NY,2025-04-14
39310,WA,2024-08-01
39311,CA,2023-08-19
39312,NC,2024-01-24
39313,AZ,2024-01-28
39314,NY,2026-02-01
39315,CA,2023-11-02
39316,IL,2024-02-13
39317,NY,2026-01-03
39318,PA,2023-04-22
39319,FL,2025-04-15
39320,VA,2025-06-10
39321,WA,2025-01-27
39322,MA,2024-05-05
39323,NC,2024-04-24
39324,CA,2023-11-21
39325,PA,2024-04-29
39326,NJ,2024-02-25
39327,WA,2025-03-14
39328,MI,2025-01-31
39329,FL,2023-05-10
39330,MA,2026-02-22
39331,AZ,2023-10-11
39332,NC,2023-07-07
39333,MA,2024-03-13
39334,CO,2025-05-21
39335,FL,2023-02-13
39336,FL,2025-10-25
39337,NC,2025-05-18
39338,WA,2024-01-11
39339,WA,2023-06-24
39340,NJ,2023-01-29
39341,TX,2024-01-22
39342,WA,2024-08-29
39343,WA,2023-01-02
39344,CO,2023-12-01
39345,MA,2024-04-05
39346,CO,2023-02-25
39347,VA,2025-01-17
39348,WA,2024-02-02
39349,PA,2024-08-19
39350,NJ,2025-06-10
39351,NY,2024-01-09
39352,CO,2025-10-18
39353,GA,2025-12-04
39354,NY,2025-03-25
39355,AZ,2023-05-04
39356,CA,2024-10-19
39357,PA,2023-08-18
39358,IL,2024-07-26
39359,TX,2023-05-01
39360,CA,2024-05-31
39361,VA,2023-11-10
39362,IL,2023-03-18
39363,PA,2025-04-07
39364,CO,2023-04-10
39365,GA,2023-10-23
39366,VA,2025-09-11
39367,IL,2024-12-07
39368,PA,2024-06-06
39369,IL,2025-02-16
39370,CA,2026-02-16
39371,WA,2024-01-30
39372,TX,2025-10-27
39373,MA,2025-08-18
39374,PA,2024-10-16
39375,GA,2024-07-20
39376,VA,2025-11-09
39377,NJ,2023-01-03
39378,IL,2024-02-17
39379,WA,2023-01-20
39380,MA,2024-03-20
39381,NJ,2023-08-15
39382,GA,2024-11-07
39383,WA,2025-12-10
39384,MI,2024-01-08
39385,WA,2024-11-12
39386,NC,2025-08-26
39387,FL,2023-12-19
39388,WA,2025-11-19
39389,MA,2024-04-22
39390,TX,2023-09-01
39391,FL,2024-12-27
39392,GA,2024-02-12
39393,MI,2025-11-12
39394,PA,2023-02-22
39395,NY,2025-12-01
39396,CO,2025-05-30
39397,GA,2025-05-02
39398,WA,2024-02-13
39399,MA,2024-01-08
39400,IL,2024-07-08
39401,CA,2025-06-20
39402,MI,2025-03-30
39403,CO,2024-06-08
39404,GA,2025-10-19
39405,NC,2025-12-15
39406,NJ,2026-02-01
39407,CA,2023-06-24
39408,MI,2025-08-18
39409,CO,2023-11-18
39410,TX,2025-12-27
39411,PA,2025-03-08
39412,IL,2024-05-06
39413,NC,2023-11-28
39414,CO,2025-05-29
39415,WA,2025-05-15
39416,CO,2025-02-09
39417,MA,2025-12-02
39418,MA,2025-04-20
39419,MA,2023-07-18
39420,GA,2026-01-20
39421,IL,2024-05-04
39422,IL,2024-06-27
39423,NJ,2023-02-05
39424,GA,2025-05-05
39425,MI,2024-10-12
39426,IL,2025-03-03
39427,MA,2025-04-26
39428,MI,2023-06-22
39429,MA,2024-09-05
39430,NY,2023-10-17
39431,VA,2023-10-15
39432,PA,2026-01-30
39433,CO,2024-10-26
39434,PA,2024-03-26
39435,NJ,2023-05-01
39436,IL,2025-12-16
39437,FL,2023-04-17
39438,NJ,2023-08-27
39439,VA,2023-01-21
39440,MA,2025-05-02
39441,CO,2025-08-24
39442,CA,2025-07-31
39443,NC,2023-01-11
39444,VA,2025-10-11
39445,VA,2023-12-20
39446,FL,2023-03-27
39447,FL,2024-10-17
39448,NC,2026-01-31
39449,GA,2025-05-25
39450,VA,2025-10-06
39451,IL,2024-11-04
39452,FL,2023-10-29
39453,VA,2025-12-07
39454,CA,2025-01-15
39455,CO,2025-11-11
39456,NJ,2024-10-08
39457,GA,2023-06-24
39458,WA,2023-01-17
39459,WA,2024-01-31
39460,NC,2024-12-10
39461,CO,2026-01-04
39462,CO,2023-07-22
39463,WA,2023-08-21
39464,FL,2025-02-25
39465,IL,2025-10-16
39466,NC,2024-11-01
39467,WA,2026-02-12
39468,CO,2025-02-08
39469,GA,2023-04-06
39470,VA,2024-10-01
39471,CA,2023-10-01
39472,GA,2025-04-02
39473,VA,2024-08-12
39474,GA,2023-12-15
39475,IL,2025-03-12
39476,NJ,2023-06-25
39477,NC,2023-12-29
39478,WA,2023-02-14
39479,MA,2025-06-24
39480,NJ,2024-03-05
39481,CO,2024-11-06
39482,GA,2025-07-16
39483,GA,2024-02-20
39484,NC,2023-05-17
39485,NJ,2025-12-17
39486,TX,2025-07-20
39487,VA,2025-02-19
39488,CO,2023-06-18
39489,CA,2024-09-11
39490,MA,2024-04-06
39491,PA,2024-02-14
39492,MI,2024-07-09
39493,WA,2024-04-17
39494,VA,2024-08-20
39495,VA,2025-03-08
39496,NY,2024-08-11
39497,NY,2023-08-12
39498,CO,2025-04-05
39499,WA,2023-05-02
39500,AZ,2023-09-01
39501,PA,2023-08-09
39502,NJ,2023-02-04
39503,TX,2025-01-01
39504,CA,2025-12-24
39505,NJ,2026-02-07
39506,MA,2025-05-02
39507,NJ,2024-02-15
39508,PA,2025-09-08
39509,TX,2023-01-09
39510,MA,2025-06-24
39511,PA,2025-12-02
39512,NY,2023-04-23
39513,FL,2025-07-30
39514,NY,2025-02-04
39515,FL,2023-08-19
39516,WA,2025-09-17
39517,MI,2025-08-16
39518,AZ,2024-05-26
39519,CO,2024-11-10
39520,NY,2025-08-13
39521,NC,2024-02-19
39522,TX,2025-07-29
39523,NC,2023-02-16
39524,PA,2026-01-13
39525,VA,2024-03-06
39526,WA,2023-04-03
39527,NJ,2023-06-08
39528,PA,2025-06-13
39529,PA,2023-04-28
39530,GA,2023-06-06
39531,NC,2023-09-14
39532,NJ,2024-04-12
39533,WA,2024-11-29
39534,MI,2025-02-04
39535,AZ,2024-02-25
39536,GA,2026-01-06
39537,FL,2024-01-13
39538,NC,2024-01-10
39539,WA,2024-05-26
39540,MI,2024-10-03
39541,GA,2025-11-10
39542,FL,2025-03-07
39543,WA,2026-01-04
39544,WA,2024-02-26
39545,FL,2025-02-28
39546,FL,2024-04-28
39547,NJ,2024-03-01
39548,WA,2023-05-20
39549,PA,2024-04-13
39550,IL,2024-06-03
39551,MA,2025-04-04
39552,MI,2023-07-23
39553,IL,2025-01-22
39554,MI,2024-07-16
39555,CA,2025-06-21
39556,MI,2024-12-24
39557,NY,2025-09-22
39558,MA,2025-10-08
39559,AZ,2024-02-29
39560,TX,2025-11-18
39561,PA,2025-07-21
39562,NC,2023-03-02
39563,NJ,2025-12-20
39564,VA,2025-04-19
39565,NY,2025-11-09
39566,IL,2025-07-28
39567,NJ,2023-02-25
39568,FL,2024-11-18
39569,PA,2025-06-29
39570,MI,2025-01-30
39571,NJ,2023-07-23
39572,WA,2025-12-05
39573,MI,2024-03-16
39574,IL,2025-12-04
39575,TX,2024-07-07
39576,CA,2023-01-08
39577,TX,2023-01-14
39578,TX,2023-08-17
39579,IL,2025-03-04
39580,FL,2023-04-12
39581,MA,2024-05-15
39582,VA,2025-11-18
39583,MI,2024-12-03
39584,NJ,2023-12-20
39585,NY,2025-09-08
39586,PA,2024-03-18
39587,FL,2023-10-30
39588,CO,2025-01-29
39589,NJ,2024-06-07
39590,IL,2025-11-13
39591,NC,2024-05-30
39592,TX,2023-01-08
39593,NC,2024-11-06
39594,PA,2026-02-11
39595,NY,2024-07-15
39596,MI,2023-08-26
39597,TX,2025-03-06
39598,CA,2025-12-21
39599,CA,2025-05-10
39600,NY,2026-02-24
39601,AZ,2025-01-02
39602,TX,2023-06-09
39603,VA,2025-06-26
39604,GA,2024-08-24
39605,CO,2024-09-09
39606,PA,2023-03-12
39607,MI,2025-07-10
39608,NJ,2025-05-18
39609,NJ,2023-02-01
39610,MI,2025-04-26
39611,GA,2024-04-07
39612,MA,2024-12-10
39613,MA,2023-09-04
39614,WA,2023-05-09
39615,MA,2023-11-29
39616,FL,2026-01-03
39617,WA,2025-09-10
39618,PA,2026-01-18
39619,CA,2025-03-03
39620,NJ,2023-02-21
39621,FL,2025-03-30
39622,TX,2025-11-01
39623,NY,2023-02-15
39624,NY,2023-05-17
39625,CO,2026-01-25
39626,CA,2025-07-24
39627,CO,2023-06-11
39628,GA,2026-01-16
39629,IL,2025-12-12
39630,CA,2023-04-19
39631,NC,2023-02-14
39632,PA,2025-05-14
39633,MA,2025-08-30
39634,MI,2025-04-06
39635,MI,2023-11-14
39636,WA,2025-02-05
39637,MI,2024-03-06
39638,GA,2024-11-29
39639,MA,2024-01-21
39640,WA,2025-10-14
39641,VA,2025-08-13
39642,NY,2025-06-20
39643,AZ,2024-06-20
39644,FL,2023-02-22
39645,NY,2025-09-06
39646,GA,2024-01-15
39647,NY,2023-04-24
39648,NY,2025-08-25
39649,NY,2025-09-20
39650,CA,2025-05-09
39651,GA,2023-09-15
39652,CO,2023-05-25
39653,NY,2024-05-17
39654,NY,2025-09-20
39655,WA,2025-07-11
39656,PA,2025-05-09
39657,VA,2024-09-05
39658,AZ,2025-02-12
39659,PA,2023-09-19
39660,AZ,2024-06-23
39661,FL,2024-05-04
39662,NY,2023-08-10
39663,CO,2025-09-19
39664,CO,2026-02-20
39665,VA,2025-07-31
39666,FL,2025-09-02
39667,AZ,2023-08-03
39668,FL,2024-02-19
39669,GA,2024-09-18
39670,FL,2024-12-26
39671,MI,2024-01-20
39672,NC,2024-10-14
39673,NJ,2024-11-21
39674,GA,2024-05-27
39675,TX,2024-02-01
39676,NY,2025-03-20
39677,MI,2023-10-12
39678,NJ,2025-05-11
39679,CO,2024-02-04
39680,PA,2026-02-02
39681,TX,2024-11-04
39682,VA,2024-05-17
39683,NY,2023-02-09
39684,VA,2025-08-20
39685,NJ,2023-12-15
39686,CO,2023-08-10
39687,MI,2025-08-08
39688,CO,2023-03-05
39689,WA,2025-10-24
39690,GA,2025-05-28
39691,NJ,2025-10-04
39692,IL,2025-11-07
39693,WA,2025-10-20
39694,PA,2025-10-30
39695,TX,2025-02-20
39696,MA,2025-08-04
39697,AZ,2023-12-17
39698,MI,2023-04-09
39699,GA,2025-04-08
39700,FL,2025-06-16
39701,NJ,2025-11-23
39702,MA,2023-12-15
39703,PA,2024-07-30
39704,TX,2023-06-25
39705,NJ,2023-02-16
39706,NY,2025-10-31
39707,VA,2023-07-09
39708,NJ,2025-06-18
39709,CA,2023-03-27
39710,IL,2024-06-28
39711,WA,2024-08-29
39712,NY,2023-11-26
39713,VA,2024-02-23
39714,VA,2025-10-15
39715,TX,2024-06-18
39716,GA,2025-12-08
39717,TX,2025-04-23
39718,MA,2025-01-02
39719,CA,2025-10-22
39720,MA,2025-05-17
39721,GA,2023-06-03
39722,PA,2023-05-25
39723,NJ,2024-12-26
39724,CO,2025-03-17
39725,MA,2024-06-21
39726,NC,2025-07-06
39727,AZ,2024-12-15
39728,CO,2023-12-10
39729,VA,2025-08-11
39730,FL,2025-11-18
39731,MI,2026-02-12
39732,NY,2024-04-26
39733,AZ,2026-02-07
39734,AZ,2024-02-09
39735,NJ,2024-12-17
39736,GA,2025-02-01
39737,MI,2024-05-27
39738,TX,2023-10-11
39739,AZ,2024-12-26
39740,NJ,2023-05-04
39741,FL,2023-11-10
39742,MA,2024-09-01
39743,NY,2023-03-07
39744,AZ,2023-09-02
39745,MI,2025-08-31
39746,CO,2023-12-25
39747,PA,2023-05-06
39748,NC,2025-01-01
39749,CO,2023-10-10
39750,PA,2023-01-30
39751,WA,2023-11-28
39752,GA,2025-02-06
39753,CO,2024-01-20
39754,CA,2025-10-13
39755,GA,2024-01-04
39756,VA,2025-08-15
39757,AZ,2025-02-07
39758,AZ,2024-10-06
39759,WA,2025-08-01
39760,GA,2025-12-30
39761,GA,2023-10-09
39762,NC,2023-11-01
39763,NC,2023-09-16
39764,TX,2024-11-19
39765,CO,2024-06-15
39766,MA,2024-03-03
39767,MI,2023-05-17
39768,MA,2024-12-03
39769,PA,2024-03-25
39770,NC,2023-04-15
39771,NY,2023-10-26
39772,NY,2025-04-11
39773,NY,2023-04-07
39774,VA,2025-03-22
39775,NJ,2023-01-05
39776,NY,2024-05-26
39777,AZ,2025-06-05
39778,FL,2025-07-18
39779,MA,2023-07-03
39780,NY,2023-12-12
39781,WA,2025-11-19
39782,AZ,2025-04-03
39783,MA,2023-05-04
39784,GA,2024-04-14
39785,CO,2025-07-09
39786,GA,2023-11-20
39787,MA,2023-10-11
39788,TX,2025-10-10
39789,CA,2025-04-21
39790,NC,2023-03-14
39791,MA,2026-02-24
39792,VA,2025-06-15
39793,NJ,2023-08-10
39794,IL,2023-11-27
39795,NY,2023-06-02
39796,CA,2023-10-24
39797,PA,2024-08-03
39798,NC,2024-12-31
39799,FL,2025-12-16
39800,AZ,2025-10-23
39801,FL,2025-06-22
39802,IL,2024-07-24
39803,NJ,2025-03-14
39804,WA,2024-11-25
39805,GA,2024-08-13
39806,CO,2023-06-18
39807,GA,2026-01-02
39808,NC,2024-07-24
39809,MA,2023-03-30
39810,GA,2023-03-11
39811,TX,2025-04-02
39812,GA,2025-05-18
39813,NY,2024-09-03
39814,GA,2025-09-26
39815,VA,2023-04-06
39816,IL,2025-02-28
39817,FL,2023-12-19
39818,PA,2025-10-11
39819,AZ,2025-05-17
39820,PA,2024-08-16
39821,VA,2024-02-01
39822,NJ,2026-01-02
39823,NY,2024-05-13
39824,VA,2025-12-25
39825,NC,2024-05-21
39826,TX,2025-07-14
39827,WA,2023-05-27
39828,GA,2025-01-31
39829,MA,2024-11-18
39830,NJ,2023-04-06
39831,PA,2025-06-08
39832,VA,2024-10-06
39833,NJ,2023-08-22
39834,TX,2024-11-13
39835,VA,2023-11-27
39836,FL,2024-04-27
39837,AZ,2025-10-02
39838,PA,2024-05-14
39839,NJ,2025-04-06
39840,NY,2025-01-18
39841,AZ,2025-01-19
39842,CO,2023-04-04
39843,IL,2023-12-16
39844,TX,2023-07-22
39845,VA,2023-08-02
39846,WA,2023-04-17
39847,WA,2025-04-30
39848,PA,2024-01-09
39849,CA,2025-11-24
39850,VA,2024-06-30
39851,WA,2025-10-21
39852,IL,2024-07-12
39853,NC,2026-02-06
39854,NC,2026-02-08
39855,NJ,2025-11-15
39856,NJ,2023-11-12
39857,NJ,2024-10-19
39858,VA,2023-11-15
39859,NY,2024-07-06
39860,TX,2024-12-22
39861,NC,2025-12-02
39862,WA,2025-01-05
39863,AZ,2025-09-15
39864,VA,2024-11-19
39865,TX,2024-02-29
39866,WA,2024-12-24
39867,WA,2023-12-21
39868,CO,2024-08-21
39869,NC,2023-11-08
39870,GA,2024-09-20
39871,CO,2024-07-27
39872,PA,2024-09-03
39873,TX,2025-11-26
39874,MI,2025-02-26
39875,CA,2024-06-30
39876,AZ,2023-12-20
39877,MI,2023-01-19
39878,TX,2025-10-28
39879,CA,2025-02-22
39880,VA,2026-02-16
39881,NJ,2024-04-01
39882,GA,2025-07-14
39883,PA,2025-10-29
39884,VA,2025-08-14
39885,TX,2024-07-05
39886,AZ,2025-04-26
39887,CO,2023-09-24
39888,IL,2023-11-25
39889,TX,2025-11-05
39890,GA,2023-10-08
39891,CO,2025-10-01
39892,TX,2024-04-22
39893,MA,2025-09-20
39894,WA,2023-03-06
39895,NY,2023-06-09
39896,AZ,2026-02-22
39897,CO,2023-03-16
39898,CA,2024-07-06
39899,FL,2024-05-19
39900,NJ,2025-05-31
39901,VA,2024-07-26
39902,NJ,2025-08-06
39903,PA,2025-09-28
39904,VA,2024-09-05
39905,FL,2023-02-22
39906,VA,2023-08-16
39907,NC,2023-04-10
39908,AZ,2025-07-10
39909,WA,2025-04-08
39910,FL,2025-11-24
39911,CA,2023-09-16
39912,AZ,2023-11-16
39913,MA,2023-05-19
39914,NC,2023-05-10
39915,NJ,2025-08-18
39916,NY,2025-09-13
39917,NC,2025-03-18
39918,TX,2024-09-09
39919,WA,2025-06-29
39920,CO,2023-04-09
39921,NC,2025-02-12
39922,CO,2025-05-15
39923,AZ,2023-01-21
39924,NY,2025-05-01
39925,GA,2024-12-03
39926,IL,2023-11-04
39927,GA,2024-04-02
39928,AZ,2025-01-26
39929,FL,2024-06-04
39930,TX,2024-09-26
39931,AZ,2025-11-21
39932,AZ,2026-02-09
39933,WA,2024-12-24
39934,WA,2025-06-28
39935,FL,2023-10-04
39936,VA,2023-11-24
39937,MA,2023-04-26
39938,CO,2025-05-13
39939,MI,2024-07-05
39940,WA,2025-12-17
39941,MI,2026-02-12
39942,GA,2024-01-23
39943,MA,2023-11-09
39944,VA,2024-07-01
39945,VA,2023-09-10
39946,MA,2025-12-11
39947,CO,2025-07-06
39948,PA,2024-06-05
39949,FL,2023-06-01
39950,NC,2023-02-21
39951,VA,2025-07-23
39952,VA,2024-08-07
39953,IL,2023-09-07
39954,WA,2024-08-18
39955,CA,2025-04-14
39956,MI,2024-05-13
39957,AZ,2023-04-22
39958,VA,2026-01-31
39959,GA,2025-11-01
39960,NY,2025-03-20
39961,IL,2024-04-14
39962,MI,2025-01-08
39963,MI,2025-07-15
39964,CO,2024-05-18
39965,TX,2025-06-12
39966,WA,2025-11-26
39967,AZ,2023-05-17
39968,MA,2024-04-08
39969,FL,2026-02-13
39970,AZ,2023-11-25
39971,PA,2026-02-13
39972,WA,2025-03-25
39973,CA,2025-10-06
39974,FL,2023-11-25
39975,AZ,2024-04-19
39976,AZ,2025-03-06
39977,MA,2023-02-04
39978,PA,2023-12-29
39979,NC,2023-06-15
39980,MA,2024-11-11
39981,NC,2025-04-14
39982,NC,2024-11-26
39983,FL,2024-01-22
39984,PA,2024-07-16
39985,IL,2024-08-11
39986,VA,2024-03-08
39987,WA,2023-08-14
39988,CA,2025-09-16
39989,CO,2025-09-19
39990,PA,2023-01-16
39991,MA,2025-04-16
39992,MI,2025-10-28
39993,WA,2025-01-03
39994,VA,2023-06-15
39995,NC,2023-11-08
39996,NC,2024-06-15
39997,MA,2025-12-11
39998,MI,2023-11-17
39999,NC,2024-07-31
40000,TX,2025-10-08
40001,CO,2023-10-02
40002,WA,2025-01-14
40003,NY,2024-03-28
40004,NY,2025-05-24
40005,FL,2026-01-19
40006,MA,2025-07-19
40007,AZ,2024-11-29
40008,NC,2024-10-29
40009,FL,2023-09-16
40010,GA,2025-07-11
40011,NY,2025-06-01
40012,IL,2023-01-04
40013,FL,2023-03-10
40014,IL,2025-05-22
40015,NC,2025-03-01
40016,GA,2025-09-09
40017,NC,2025-06-27
40018,PA,2023-10-10
40019,GA,2024-09-22
40020,GA,2025-10-12
40021,GA,2023-02-18
40022,TX,2025-11-24
40023,PA,2025-07-22
40024,NJ,2023-07-01
40025,AZ,2023-04-30
40026,GA,2023-09-25
40027,TX,2025-02-09
40028,NC,2025-02-08
40029,TX,2023-10-05
40030,WA,2025-03-13
40031,IL,2024-06-04
40032,GA,2025-05-04
40033,CA,2025-02-23
40034,MI,2024-10-15
40035,CO,2023-09-01
40036,AZ,2025-07-16
40037,AZ,2024-11-28
40038,FL,2025-11-25
40039,NC,2025-08-27
40040,MA,2024-11-04
40041,IL,2024-12-12
40042,MI,2023-01-18
40043,IL,2025-07-10
40044,MA,2025-05-26
40045,FL,2023-01-22
40046,IL,2023-08-05
40047,TX,2025-05-02
40048,WA,2024-05-08
40049,VA,2023-07-20
40050,VA,2025-05-22
40051,AZ,2023-09-20
40052,MI,2024-02-21
40053,VA,2023-03-07
40054,NY,2025-10-06
40055,TX,2024-03-31
40056,VA,2024-08-31
40057,GA,2025-08-12
40058,IL,2023-04-03
40059,TX,2025-02-07
40060,NY,2025-05-12
40061,WA,2023-06-29
40062,NC,2025-11-24
40063,AZ,2024-03-03
40064,WA,2024-06-15
40065,CA,2023-08-03
40066,TX,2025-12-12
40067,MA,2024-03-23
40068,GA,2024-11-11
40069,WA,2025-05-28
40070,FL,2023-01-26
40071,TX,2024-10-06
40072,NC,2023-07-16
40073,VA,2023-04-22
40074,GA,2024-01-17
40075,AZ,2025-11-17
40076,MA,2024-01-13
40077,PA,2026-01-09
40078,MA,2025-11-04
40079,AZ,2025-02-19
40080,VA,2023-01-23
40081,CO,2023-12-02
40082,NC,2023-10-08
40083,CA,2023-06-09
40084,NJ,2023-10-11
40085,FL,2023-04-01
40086,VA,2024-05-07
40087,VA,2024-04-28
40088,WA,2023-05-20
40089,WA,2025-11-09
40090,CA,2025-07-27
40091,TX,2024-03-09
40092,NY,2025-07-12
40093,PA,2023-01-25
40094,MA,2025-11-20
40095,VA,2023-06-17
40096,AZ,2025-12-26
40097,WA,2025-10-31
40098,TX,2024-02-15
40099,NJ,2023-05-20
40100,CO,2024-04-25
40101,CA,2024-05-20
40102,CA,2025-04-17
40103,AZ,2025-07-28
40104,IL,2023-08-01
40105,CA,2023-12-11
40106,FL,2024-07-12
40107,IL,2023-02-05
40108,CA,2025-12-03
40109,VA,2025-07-07
40110,GA,2024-02-11
40111,MI,2023-03-28
40112,FL,2025-11-24
40113,GA,2024-12-21
40114,GA,2023-06-15
40115,VA,2025-07-03
40116,IL,2025-05-28
40117,VA,2024-03-22
40118,MA,2024-06-18
40119,MI,2025-11-15
40120,VA,2023-01-30
40121,CA,2025-02-25
40122,WA,2024-11-09
40123,TX,2023-08-12
40124,NC,2023-04-16
40125,NC,2023-03-02
40126,VA,2023-06-25
40127,IL,2024-08-30
40128,FL,2023-05-21
40129,MI,2023-03-27
40130,VA,2024-09-26
40131,AZ,2023-12-19
40132,VA,2026-02-05
40133,GA,2023-06-28
40134,MA,2024-08-04
40135,MI,2025-09-02
40136,AZ,2024-09-30
40137,MI,2024-02-18
40138,FL,2023-07-25
40139,VA,2025-08-07
40140,NJ,2025-02-13
40141,IL,2025-12-26
40142,NY,2024-04-23
40143,AZ,2023-08-13
40144,TX,2025-12-20
40145,MI,2023-01-15
40146,NJ,2023-02-19
40147,MA,2026-01-29
40148,NJ,2025-08-21
40149,PA,2025-10-30
40150,FL,2025-01-25
40151,AZ,2023-05-03
40152,PA,2024-10-23
40153,NC,2024-11-01
40154,MA,2025-09-22
40155,GA,2023-09-10
40156,AZ,2026-01-26
40157,VA,2024-12-20
40158,WA,2023-10-02
40159,AZ,2024-05-18
40160,CA,2025-04-25
40161,WA,2024-07-12
40162,IL,2024-09-18
40163,AZ,2024-11-26
40164,NJ,2024-01-05
40165,NY,2024-06-06
40166,CO,2024-08-11
40167,VA,2023-12-13
40168,NY,2023-02-28
40169,MI,2024-12-05
40170,AZ,2023-02-01
40171,GA,2023-07-27
40172,AZ,2023-12-04
40173,VA,2023-06-28
40174,NY,2023-11-06
40175,TX,2024-02-13
40176,CO,2023-05-18
40177,NJ,2024-01-26
40178,IL,2024-01-17
40179,CA,2024-12-05
40180,MI,2025-09-19
40181,FL,2024-10-08
40182,WA,2023-02-14
40183,AZ,2024-04-06
40184,NJ,2025-11-27
40185,TX,2025-01-16
40186,CA,2025-12-26
40187,TX,2024-08-09
40188,VA,2023-09-21
40189,GA,2024-08-27
40190,NY,2025-11-01
40191,CA,2024-08-16
40192,MA,2023-06-20
40193,VA,2025-06-21
40194,MA,2025-09-02
40195,WA,2024-07-10
40196,NY,2024-06-20
40197,AZ,2023-01-04
40198,CA,2023-08-18
40199,VA,2025-08-03
40200,WA,2025-06-12
40201,NC,2023-07-14
40202,FL,2023-06-05
40203,GA,2023-04-20
40204,WA,2025-10-17
40205,NJ,2023-03-02
40206,NC,2024-09-28
40207,PA,2024-08-19
40208,PA,2024-12-21
40209,NY,2025-12-02
40210,FL,2025-09-13
40211,VA,2023-10-11
40212,PA,2025-02-01
40213,GA,2024-08-01
40214,CO,2024-12-19
40215,TX,2025-04-15
40216,CO,2024-07-01
40217,VA,2024-01-18
40218,NY,2025-03-08
40219,TX,2023-12-15
40220,AZ,2025-03-01
40221,WA,2024-03-22
40222,NJ,2025-06-06
40223,PA,2023-03-13
40224,AZ,2023-10-26
40225,NC,2026-01-03
40226,NC,2024-10-10
40227,CO,2025-01-19
40228,CA,2023-10-08
40229,FL,2025-09-11
40230,CA,2024-04-06
40231,CA,2023-10-14
40232,PA,2024-10-14
40233,WA,2025-04-12
40234,IL,2024-10-31
40235,MI,2023-07-20
40236,CA,2024-06-24
40237,NJ,2023-04-05
40238,IL,2023-05-11
40239,WA,2025-08-19
40240,FL,2026-03-01
40241,NC,2023-04-24
40242,WA,2024-04-09
40243,CO,2026-01-18
40244,GA,2025-03-08
40245,NJ,2024-08-21
40246,AZ,2024-11-29
40247,PA,2023-09-05
40248,NY,2024-09-02
40249,IL,2024-07-16
40250,TX,2024-07-23
40251,MI,2023-06-25
40252,NY,2024-04-30
40253,PA,2024-11-07
40254,AZ,2023-05-15
40255,VA,2025-10-19
40256,CA,2024-07-25
40257,FL,2025-03-11
40258,CO,2024-11-21
40259,TX,2023-05-03
40260,WA,2025-07-20
40261,AZ,2025-03-16
40262,NC,2023-12-17
40263,WA,2024-03-06
40264,WA,2024-08-11
40265,NJ,2026-01-15
40266,GA,2025-09-05
40267,MI,2023-03-26
40268,CO,2025-02-24
40269,CO,2023-12-26
40270,VA,2025-10-20
40271,VA,2023-11-07
40272,CA,2023-11-06
40273,CA,2026-02-02
40274,NY,2025-10-19
40275,AZ,2025-02-15
40276,CO,2024-11-06
40277,NC,2024-10-09
40278,CA,2023-09-09
40279,MI,2026-02-19
40280,FL,2025-03-27
40281,GA,2023-08-06
40282,NY,2023-06-19
40283,TX,2024-11-01
40284,NJ,2023-03-17
40285,IL,2023-12-23
40286,VA,2023-12-23
40287,MI,2025-08-13
40288,NJ,2023-11-14
40289,NC,2026-01-26
40290,TX,2025-02-22
40291,MI,2023-04-15
40292,MI,2024-10-08
40293,FL,2025-04-24
40294,GA,2023-07-15
40295,GA,2025-09-17
40296,NC,2024-12-14
40297,WA,2025-06-26
40298,MA,2025-09-20
40299,GA,2024-08-26
40300,CO,2023-02-16
40301,NJ,2024-07-16
40302,MA,2024-05-31
40303,PA,2023-10-31
40304,CO,2025-09-07
40305,WA,2025-03-09
40306,WA,2024-02-28
40307,WA,2024-01-26
40308,CA,2025-05-16
40309,IL,2026-01-13
40310,WA,2023-10-23
40311,CO,2024-04-26
40312,CO,2025-04-29
40313,NY,2024-04-09
40314,NJ,2023-05-25
40315,IL,2025-09-11
40316,PA,2023-07-27
40317,NJ,2024-03-21
40318,NC,2024-02-18
40319,NC,2025-04-02
40320,MI,2024-06-28
40321,IL,2026-02-01
40322,TX,2025-12-01
40323,CA,2026-02-28
40324,MA,2024-12-03
40325,NC,2025-01-25
40326,WA,2024-01-27
40327,PA,2023-03-02
40328,PA,2024-10-31
40329,NC,2025-03-28
40330,WA,2025-12-28
40331,NJ,2023-10-21
40332,CO,2023-04-05
40333,PA,2025-01-29
40334,WA,2023-09-15
40335,WA,2023-07-27
40336,CA,2024-01-29
40337,NY,2024-06-24
40338,WA,2025-01-03
40339,MA,2025-09-06
40340,TX,2024-05-04
40341,PA,2024-03-31
40342,MI,2023-04-08
40343,CA,2023-06-22
40344,NJ,2024-09-30
40345,PA,2024-08-05
40346,NY,2024-11-28
40347,TX,2024-08-18
40348,PA,2025-03-11
40349,GA,2025-05-12
40350,CO,2024-12-30
40351,MI,2024-01-17
40352,FL,2025-08-04
40353,CO,2023-06-15
40354,VA,2025-09-02
40355,GA,2023-01-12
40356,TX,2024-03-24
40357,IL,2023-07-07
40358,CO,2023-08-30
40359,NC,2024-06-13
40360,MA,2024-04-02
40361,GA,2025-02-12
40362,MA,2023-03-07
40363,CA,2025-12-28
40364,GA,2024-09-30
40365,PA,2026-02-22
40366,WA,2026-01-30
40367,IL,2024-05-25
40368,NY,2025-10-16
40369,MI,2024-12-03
40370,NY,2024-09-18
40371,VA,2023-08-28
40372,FL,2024-03-21
40373,FL,2023-02-28
40374,WA,2024-08-16
40375,MA,2024-12-26
40376,VA,2023-11-20
40377,NJ,2023-01-09
40378,PA,2024-03-31
40379,MI,2025-02-15
40380,CA,2024-09-04
40381,NC,2023-04-28
40382,FL,2024-03-28
40383,VA,2024-02-11
40384,GA,2024-08-14
40385,CO,2024-05-06
40386,TX,2024-07-04
40387,IL,2024-05-29
40388,NJ,2024-06-21
40389,GA,2025-10-11
40390,CO,2025-12-11
40391,MA,2025-09-04
40392,MA,2024-01-12
40393,CA,2023-08-02
40394,MI,2024-07-21
40395,WA,2024-04-30
40396,MA,2024-07-08
40397,AZ,2025-11-16
40398,VA,2023-02-02
40399,NY,2026-02-24
40400,MI,2025-03-06
40401,IL,2023-12-16
40402,AZ,2025-05-15
40403,NY,2026-01-09
40404,TX,2024-11-21
40405,CA,2024-12-04
40406,TX,2024-06-30
40407,MI,2024-02-24
40408,MA,2023-09-19
40409,WA,2024-05-07
40410,FL,2025-01-02
40411,MI,2026-02-25
40412,MI,2023-09-27
40413,VA,2023-07-20
40414,PA,2025-04-03
40415,CO,2025-07-09
40416,CO,2023-08-02
40417,CA,2025-07-02
40418,GA,2023-05-22
40419,AZ,2025-01-13
40420,GA,2023-08-20
40421,NY,2024-03-18
40422,NY,2023-11-09
40423,CO,2023-07-20
40424,PA,2023-01-03
40425,NJ,2023-12-19
40426,IL,2023-05-17
40427,TX,2023-02-18
40428,PA,2025-10-17
40429,NY,2025-03-25
40430,WA,2025-11-10
40431,MI,2023-02-19
40432,CO,2023-06-24
40433,IL,2024-09-17
40434,PA,2025-02-13
40435,TX,2025-03-15
40436,PA,2024-02-20
40437,PA,2024-08-01
40438,GA,2025-03-05
40439,CO,2024-07-16
40440,NC,2024-11-18
40441,IL,2023-08-31
40442,CA,2023-06-30
40443,NY,2025-12-07
40444,FL,2025-02-16
40445,NY,2024-08-28
40446,TX,2025-10-04
40447,AZ,2023-03-27
40448,CO,2023-04-05
40449,GA,2023-02-15
40450,IL,2023-02-05
40451,FL,2023-01-10
40452,NJ,2025-06-10
40453,NY,2025-11-16
40454,MA,2024-08-13
40455,NC,2023-02-01
40456,NJ,2023-02-15
40457,MA,2024-07-25
40458,NC,2025-12-27
40459,GA,2023-01-17
40460,WA,2023-07-04
40461,NC,2025-02-25
40462,FL,2024-08-16
40463,NC,2025-12-14
40464,IL,2024-05-03
40465,PA,2023-01-04
40466,NY,2025-11-08
40467,NY,2025-07-15
40468,PA,2023-05-11
40469,GA,2024-05-12
40470,MA,2024-08-01
40471,MA,2023-06-30
40472,VA,2024-10-09
40473,WA,2024-01-11
40474,MA,2024-10-06
40475,GA,2025-12-23
40476,NC,2024-04-23
40477,WA,2024-06-22
40478,GA,2025-04-29
40479,CA,2024-04-16
40480,VA,2025-03-04
40481,MI,2024-05-01
40482,PA,2025-03-19
40483,TX,2025-10-16
40484,MA,2024-10-15
40485,FL,2023-02-17
40486,MI,2023-12-13
40487,NY,2025-11-22
40488,PA,2023-12-29
40489,AZ,2025-11-13
40490,TX,2023-02-19
40491,MA,2024-11-12
40492,CO,2026-01-23
40493,NJ,2023-08-07
40494,GA,2024-01-16
40495,IL,2024-10-14
40496,NC,2025-07-15
40497,GA,2025-12-18
40498,FL,2024-03-17
40499,PA,2024-08-16
40500,WA,2023-09-07
40501,CA,2026-01-20
40502,AZ,2024-08-09
40503,GA,2025-07-06
40504,GA,2025-10-05
40505,GA,2025-11-03
40506,TX,2024-12-27
40507,VA,2025-08-19
40508,MI,2026-01-07
40509,NC,2024-03-09
40510,NC,2024-04-21
40511,NC,2025-01-06
40512,CO,2023-08-28
40513,TX,2024-02-05
40514,VA,2024-06-12
40515,IL,2025-10-29
40516,WA,2024-01-19
40517,CO,2025-05-16
40518,TX,2025-05-12
40519,AZ,2023-09-25
40520,CA,2025-09-16
40521,PA,2025-04-25
40522,GA,2023-09-17
40523,NC,2025-06-22
40524,GA,2024-08-05
40525,TX,2024-06-12
40526,NY,2026-01-30
40527,FL,2025-07-06
40528,AZ,2026-02-01
40529,CO,2024-06-04
40530,IL,2025-12-19
40531,NC,2023-10-03
40532,MI,2023-05-03
40533,MI,2024-04-11
40534,CA,2025-08-20
40535,MI,2023-02-01
40536,CO,2023-06-23
40537,WA,2025-04-11
40538,VA,2023-06-10
40539,IL,2025-03-25
40540,WA,2023-11-21
40541,NC,2024-09-29
40542,WA,2023-10-12
40543,TX,2023-07-06
40544,AZ,2023-03-26
40545,FL,2025-01-07
40546,WA,2024-11-19
40547,NJ,2023-08-27
40548,NJ,2025-12-06
40549,NY,2024-12-04
40550,IL,2023-06-23
40551,NY,2025-08-12
40552,FL,2024-11-02
40553,PA,2025-05-15
40554,CA,2024-12-25
40555,FL,2023-04-01
40556,AZ,2024-11-07
40557,MA,2023-06-29
40558,MI,2024-03-02
40559,AZ,2023-04-19
40560,CO,2024-06-29
40561,NY,2024-12-01
40562,TX,2023-11-23
40563,CA,2024-11-15
40564,MI,2024-11-11
40565,MA,2024-07-31
40566,FL,2023-09-28
40567,NJ,2024-09-29
40568,NC,2024-05-18
40569,CO,2023-09-29
40570,WA,2023-09-16
40571,GA,2025-07-11
40572,IL,2023-08-26
40573,NJ,2024-02-11
40574,NC,2023-10-31
40575,NY,2023-10-30
40576,CA,2025-07-15
40577,CA,2023-06-13
40578,PA,2025-07-08
40579,PA,2023-12-20
40580,AZ,2024-12-02
40581,AZ,2026-02-26
40582,GA,2025-02-26
40583,CA,2025-08-23
40584,TX,2024-12-09
40585,PA,2025-05-10
40586,NY,2025-04-17
40587,MI,2025-08-03
40588,MI,2024-04-25
40589,MI,2024-02-26
40590,PA,2025-05-10
40591,FL,2023-04-18
40592,CA,2025-09-18
40593,MI,2023-01-29
40594,CA,2023-04-25
40595,FL,2024-06-30
40596,VA,2025-03-25
40597,VA,2024-11-02
40598,AZ,2024-09-30
40599,FL,2023-03-12
40600,MA,2024-01-29
40601,CO,2024-09-01
40602,VA,2024-08-31
40603,CO,2024-06-21
40604,CO,2023-06-25
40605,AZ,2023-01-13
40606,AZ,2024-10-31
40607,PA,2023-08-12
40608,AZ,2024-04-28
40609,GA,2023-07-13
40610,CA,2023-05-05
40611,GA,2024-06-02
40612,NC,2023-11-08
40613,CO,2024-07-20
40614,CA,2024-12-30
40615,MA,2024-06-01
40616,GA,2023-09-21
40617,FL,2025-04-20
40618,VA,2024-08-09
40619,MI,2023-08-04
40620,VA,2023-11-22
40621,GA,2024-07-05
40622,CA,2024-11-26
40623,GA,2024-08-14
40624,IL,2023-12-10
40625,FL,2026-02-01
40626,PA,2024-05-22
40627,PA,2023-11-10
40628,WA,2023-12-13
40629,MI,2025-08-27
40630,MA,2025-04-01
40631,NC,2023-01-09
40632,VA,2025-03-29
40633,FL,2024-10-11
40634,CO,2024-07-14
40635,TX,2024-10-31
40636,NY,2023-09-22
40637,CA,2024-01-13
40638,AZ,2025-06-12
40639,VA,2025-03-04
40640,IL,2023-06-11
40641,NY,2026-02-25
40642,CO,2023-01-27
40643,MI,2026-01-12
40644,NJ,2025-11-07
40645,NC,2025-11-30
40646,VA,2025-05-21
40647,FL,2023-01-18
40648,GA,2023-07-08
40649,FL,2023-07-19
40650,FL,2024-04-30
40651,VA,2025-12-12
40652,PA,2023-03-21
40653,CO,2025-03-04
40654,PA,2023-09-04
40655,VA,2023-02-25
40656,CO,2023-07-08
40657,WA,2023-09-21
40658,TX,2025-01-06
40659,PA,2025-08-23
40660,NY,2024-12-04
40661,MI,2025-04-19
40662,GA,2024-08-04
40663,AZ,2024-06-01
40664,GA,2024-06-17
40665,WA,2024-04-17
40666,AZ,2024-08-29
40667,VA,2024-12-01
40668,MI,2024-08-03
40669,CO,2024-07-22
40670,MA,2024-10-26
40671,TX,2023-06-02
40672,PA,2025-06-04
40673,WA,2024-11-03
40674,MI,2023-12-29
40675,VA,2025-10-28
40676,GA,2023-05-21
40677,FL,2023-11-13
40678,TX,2024-01-27
40679,MA,2023-08-28
40680,CO,2024-05-20
40681,WA,2024-09-20
40682,VA,2025-05-22
40683,CO,2023-01-27
40684,WA,2025-06-17
40685,GA,2025-03-11
40686,MA,2023-06-05
40687,WA,2023-08-01
40688,VA,2023-06-29
40689,GA,2025-03-07
40690,WA,2023-04-03
40691,CO,2025-04-08
40692,PA,2024-10-23
40693,FL,2023-02-14
40694,GA,2024-08-15
40695,PA,2024-12-27
40696,IL,2024-06-25
40697,IL,2023-05-22
40698,AZ,2024-12-29
40699,TX,2025-10-05
40700,VA,2025-05-27
40701,TX,2024-09-19
40702,FL,2023-02-22
40703,CA,2023-05-23
40704,IL,2023-02-02
40705,CA,2024-12-04
40706,NJ,2024-07-21
40707,FL,2023-01-09
40708,MI,2023-05-12
40709,VA,2024-08-05
40710,MA,2026-02-01
40711,PA,2023-09-04
40712,IL,2025-12-20
40713,CO,2024-02-24
40714,FL,2023-09-21
40715,GA,2024-08-24
40716,NC,2025-12-04
40717,CO,2023-09-27
40718,AZ,2024-04-12
40719,MI,2024-08-06
40720,WA,2024-01-11
40721,AZ,2024-07-17
40722,IL,2024-11-23
40723,WA,2026-02-27
40724,MI,2025-08-02
40725,IL,2024-11-29
40726,CA,2025-04-14
40727,FL,2023-03-21
40728,GA,2023-05-17
40729,FL,2024-09-06
40730,NY,2023-01-02
40731,IL,2023-03-16
40732,NY,2025-09-10
40733,TX,2025-07-27
40734,MA,2025-10-04
40735,FL,2023-09-09
40736,CA,2025-04-06
40737,GA,2024-04-14
40738,IL,2025-07-18
40739,GA,2024-01-18
40740,TX,2025-06-14
40741,WA,2023-06-13
40742,GA,2025-11-22
40743,IL,2025-01-16
40744,NY,2023-01-18
40745,MI,2023-08-05
40746,CA,2023-01-05
40747,GA,2024-01-07
40748,CA,2025-07-20
40749,AZ,2023-09-27
40750,MI,2025-09-09
40751,WA,2025-03-26
40752,CA,2025-03-30
40753,WA,2023-04-19
40754,WA,2024-10-10
40755,MA,2025-09-07
40756,MA,2026-02-05
40757,NJ,2025-05-25
40758,NC,2025-10-13
40759,CA,2024-12-26
40760,GA,2023-03-10
40761,CA,2025-02-17
40762,WA,2023-10-11
40763,MA,2024-03-12
40764,PA,2024-09-09
40765,CO,2025-03-18
40766,NY,2024-07-08
40767,AZ,2025-08-24
40768,CA,2023-11-23
40769,FL,2024-09-15
40770,PA,2025-04-26
40771,MI,2023-08-25
40772,FL,2024-12-07
40773,NC,2025-03-23
40774,PA,2023-08-06
40775,IL,2025-05-11
40776,CA,2023-02-16
40777,AZ,2025-01-11
40778,CA,2023-10-12
40779,TX,2023-01-25
40780,WA,2024-09-13
40781,PA,2024-03-06
40782,IL,2025-12-22
40783,WA,2024-01-07
40784,VA,2023-11-28
40785,VA,2024-11-27
40786,VA,2025-06-28
40787,WA,2025-06-16
40788,GA,2024-07-23
40789,NY,2024-12-27
40790,PA,2024-02-23
40791,PA,2024-04-13
40792,CA,2025-02-05
40793,IL,2024-01-06
40794,GA,2023-07-09
40795,MA,2025-05-11
40796,CO,2026-02-08
40797,WA,2024-08-18
40798,NC,2025-09-09
40799,FL,2023-03-25
40800,IL,2025-03-24
40801,TX,2024-01-23
40802,CA,2024-07-27
40803,NJ,2024-01-18
40804,FL,2024-10-11
40805,GA,2023-05-13
40806,FL,2025-05-13
40807,CA,2024-10-19
40808,AZ,2026-01-17
40809,FL,2025-02-05
40810,MA,2023-07-28
40811,TX,2023-12-21
40812,NC,2024-05-04
40813,IL,2024-09-03
40814,MI,2024-10-24
40815,AZ,2023-11-21
40816,CA,2025-09-19
40817,NJ,2023-08-27
40818,FL,2025-11-24
40819,TX,2023-11-11
40820,AZ,2024-09-30
40821,CA,2023-12-23
40822,TX,2026-01-14
40823,MI,2024-12-15
40824,FL,2025-12-08
40825,WA,2024-04-18
40826,IL,2023-10-24
40827,NY,2026-02-02
40828,NY,2024-07-14
40829,IL,2025-12-30
40830,WA,2024-04-08
40831,CA,2024-08-18
40832,TX,2023-06-23
40833,NJ,2025-02-02
40834,WA,2025-07-27
40835,MI,2023-08-02
40836,VA,2024-12-03
40837,PA,2024-12-07
40838,PA,2023-06-04
40839,NY,2023-01-07
40840,CA,2025-10-01
40841,GA,2026-02-20
40842,MI,2026-02-24
40843,WA,2024-01-21
40844,NY,2023-08-30
40845,NC,2024-06-06
40846,FL,2025-04-13
40847,TX,2025-09-01
40848,MA,2025-05-27
40849,CA,2023-10-14
40850,MI,2024-07-11
40851,NC,2023-11-22
40852,PA,2023-08-17
40853,PA,2025-10-02
40854,FL,2025-03-31
40855,MA,2025-05-10
40856,NJ,2025-12-27
40857,NC,2024-07-11
40858,VA,2025-03-15
40859,WA,2023-06-04
40860,FL,2024-05-23
40861,FL,2025-11-01
40862,NJ,2023-07-07
40863,PA,2023-01-17
40864,AZ,2024-10-01
40865,NY,2025-10-29
40866,CO,2023-01-29
40867,PA,2025-06-14
40868,FL,2024-02-13
40869,NY,2025-06-23
40870,GA,2023-05-21
40871,AZ,2025-03-25
40872,AZ,2023-05-11
40873,VA,2024-01-13
40874,PA,2025-08-27
40875,NC,2024-05-23
40876,VA,2024-01-29
40877,MA,2025-09-14
40878,MI,2023-09-16
40879,TX,2025-07-04
40880,MI,2024-03-08
40881,MA,2025-09-20
40882,CA,2024-03-23
40883,PA,2025-02-28
40884,CA,2024-10-22
40885,FL,2023-12-02
40886,FL,2024-05-04
40887,FL,2024-02-23
40888,GA,2024-09-03
40889,IL,2025-11-02
40890,TX,2023-01-08
40891,IL,2025-06-01
40892,NY,2023-06-08
40893,NY,2025-02-11
40894,MA,2026-02-25
40895,AZ,2024-11-14
40896,TX,2025-03-29
40897,MA,2025-10-03
40898,TX,2023-06-02
40899,PA,2025-07-29
40900,PA,2024-06-08
40901,NY,2025-07-19
40902,FL,2024-06-27
40903,MI,2024-02-10
40904,FL,2023-02-18
40905,TX,2025-02-17
40906,GA,2023-03-09
40907,IL,2023-06-17
40908,WA,2025-07-18
40909,VA,2023-04-14
40910,PA,2024-12-26
40911,PA,2023-04-11
40912,IL,2023-04-24
40913,VA,2023-11-14
40914,NJ,2024-11-08
40915,CO,2024-06-25
40916,WA,2025-11-21
40917,VA,2023-12-05
40918,MI,2026-02-13
40919,VA,2024-05-20
40920,FL,2024-09-04
40921,MA,2025-05-26
40922,PA,2023-09-22
40923,AZ,2025-07-21
40924,WA,2023-09-30
40925,FL,2024-05-12
40926,AZ,2024-05-13
40927,WA,2025-10-03
40928,NJ,2024-01-04
40929,FL,2024-01-12
40930,CO,2025-12-19
40931,CO,2025-02-10
40932,CA,2024-02-29
40933,AZ,2025-02-17
40934,PA,2024-05-02
40935,TX,2025-01-07
40936,NJ,2026-01-26
40937,FL,2023-01-25
40938,NY,2024-04-13
40939,AZ,2024-02-29
40940,VA,2025-08-10
40941,WA,2024-07-31
40942,NJ,2024-10-09
40943,CO,2023-05-06
40944,PA,2024-08-30
40945,NY,2025-04-18
40946,AZ,2024-07-03
40947,GA,2024-07-12
40948,VA,2023-03-20
40949,MA,2024-06-23
40950,IL,2024-04-23
40951,CO,2023-10-05
40952,AZ,2023-04-23
40953,NY,2025-03-02
40954,AZ,2026-01-01
40955,WA,2023-03-02
40956,FL,2024-05-28
40957,CO,2026-01-17
40958,VA,2024-03-14
40959,CA,2025-10-24
40960,PA,2025-01-13
40961,TX,2023-02-27
40962,NC,2024-09-30
40963,CO,2023-06-04
40964,WA,2023-04-20
40965,FL,2023-12-25
40966,IL,2025-02-02
40967,PA,2025-05-04
40968,WA,2024-03-08
40969,TX,2024-06-12
40970,VA,2024-02-03
40971,NJ,2024-10-28
40972,AZ,2023-04-27
40973,WA,2023-08-17
40974,FL,2025-07-12
40975,CA,2025-09-25
40976,CA,2023-10-18
40977,AZ,2024-04-03
40978,MI,2023-02-24
40979,MA,2025-11-08
40980,FL,2025-01-23
40981,CA,2023-01-10
40982,IL,2024-03-15
40983,NJ,2025-10-27
40984,PA,2023-03-31
40985,MI,2023-06-17
40986,NJ,2024-02-07
40987,PA,2023-07-17
40988,NJ,2025-09-19
40989,NJ,2025-06-05
40990,CA,2023-05-20
40991,CO,2025-01-01
40992,PA,2024-12-02
40993,VA,2023-11-25
40994,GA,2023-03-05
40995,NJ,2024-10-20
40996,TX,2023-07-31
40997,MA,2026-01-21
40998,VA,2025-04-20
40999,MI,2023-11-10
41000,WA,2025-12-21
41001,TX,2024-04-03
41002,WA,2023-02-23
41003,NC,2023-10-25
41004,MA,2024-11-29
41005,MA,2025-06-28
41006,GA,2024-12-11
41007,CO,2023-12-01
41008,FL,2023-12-24
41009,MI,2024-03-03
41010,WA,2023-10-26
41011,WA,2023-09-05
41012,NC,2024-11-01
41013,PA,2025-06-18
41014,NY,2023-11-29
41015,PA,2025-03-17
41016,MA,2023-04-04
41017,MA,2023-01-19
41018,GA,2023-03-06
41019,VA,2025-03-18
41020,GA,2023-12-18
41021,FL,2023-03-17
41022,WA,2024-12-24
41023,MA,2025-08-28
41024,NC,2025-01-26
41025,MI,2023-04-23
41026,MA,2024-06-25
41027,NJ,2024-05-26
41028,NC,2024-08-27
41029,NJ,2024-08-20
41030,CO,2023-04-19
41031,CO,2023-11-01
41032,NY,2023-06-06
41033,PA,2025-09-07
41034,GA,2023-10-10
41035,NJ,2025-10-28
41036,FL,2025-11-29
41037,CA,2023-05-14
41038,CA,2024-10-16
41039,WA,2025-02-27
41040,MA,2025-07-21
41041,WA,2024-12-10
41042,MI,2023-11-06
41043,VA,2026-01-19
41044,TX,2023-03-28
41045,NJ,2024-06-29
41046,MA,2024-07-23
41047,CA,2024-12-11
41048,NJ,2023-08-31
41049,CA,2024-02-01
41050,PA,2023-06-27
41051,NY,2024-06-16
41052,CA,2023-02-14
41053,GA,2024-07-07
41054,FL,2024-01-18
41055,MA,2024-12-08
41056,WA,2025-03-17
41057,AZ,2025-12-07
41058,MA,2023-05-29
41059,VA,2023-01-18
41060,VA,2024-04-25
41061,MI,2023-06-12
41062,MA,2025-11-21
41063,CA,2023-05-02
41064,CA,2024-03-14
41065,NJ,2024-09-06
41066,TX,2024-11-28
41067,NC,2025-01-04
41068,NY,2023-12-16
41069,AZ,2023-05-06
41070,MA,2023-12-26
41071,TX,2025-11-15
41072,MA,2024-12-06
41073,GA,2025-09-03
41074,PA,2024-12-28
41075,NJ,2025-05-11
41076,CA,2023-02-06
41077,MI,2024-01-25
41078,TX,2024-03-13
41079,VA,2023-08-03
41080,NJ,2023-06-24
41081,MI,2023-04-24
41082,MI,2024-05-17
41083,IL,2023-06-03
41084,MI,2023-10-08
41085,VA,2024-02-24
41086,GA,2025-09-28
41087,WA,2025-12-24
41088,TX,2023-11-13
41089,CO,2023-11-26
41090,VA,2023-03-27
41091,AZ,2026-02-02
41092,PA,2024-07-29
41093,WA,2024-02-21
41094,MI,2023-07-23
41095,IL,2024-07-04
41096,VA,2023-02-17
41097,NY,2024-10-09
41098,FL,2024-01-27
41099,CA,2024-04-28
41100,MI,2025-06-14
41101,AZ,2024-12-22
41102,VA,2024-09-11
41103,FL,2023-12-07
41104,CA,2025-12-27
41105,FL,2024-01-05
41106,AZ,2025-12-30
41107,NY,2026-01-26
41108,IL,2023-06-13
41109,IL,2025-05-18
41110,CO,2025-03-08
41111,GA,2024-08-24
41112,CO,2026-01-03
41113,CA,2025-11-18
41114,VA,2025-04-09
41115,TX,2024-06-06
41116,IL,2023-03-14
41117,CA,2023-08-06
41118,CO,2023-04-28
41119,AZ,2023-09-13
41120,IL,2023-03-13
41121,CA,2023-08-01
41122,NC,2023-03-13
41123,NY,2025-04-02
41124,IL,2025-09-04
41125,NC,2024-03-03
41126,AZ,2025-01-29
41127,CO,2024-03-07
41128,WA,2026-01-15
41129,CA,2025-07-20
41130,AZ,2023-07-29
41131,NC,2025-06-11
41132,NY,2023-09-07
41133,FL,2026-01-12
41134,FL,2025-11-08
41135,MA,2024-06-18
41136,NY,2024-07-16
41137,MA,2026-01-20
41138,MA,2024-02-25
41139,MA,2025-01-31
41140,VA,2023-03-21
41141,TX,2024-10-05
41142,IL,2024-03-13
41143,PA,2023-08-22
41144,IL,2023-11-06
41145,FL,2023-01-06
41146,CA,2024-01-26
41147,GA,2025-03-12
41148,NY,2023-03-09
41149,GA,2024-06-08
41150,CO,2024-12-13
41151,CA,2025-03-15
41152,NJ,2024-02-26
41153,MA,2024-12-18
41154,VA,2023-08-17
41155,NC,2025-07-15
41156,TX,2024-12-23
41157,NC,2025-04-07
41158,VA,2025-10-11
41159,NC,2023-09-26
41160,AZ,2025-07-05
41161,AZ,2026-01-23
41162,AZ,2023-06-21
41163,GA,2025-03-06
41164,WA,2025-09-21
41165,NJ,2025-08-16
41166,TX,2025-06-06
41167,CO,2023-09-07
41168,PA,2023-03-08
41169,TX,2025-02-24
41170,MA,2025-11-24
41171,AZ,2024-01-16
41172,MA,2024-09-30
41173,MA,2026-01-13
41174,AZ,2024-12-23
41175,PA,2023-08-28
41176,CA,2023-02-09
41177,NJ,2025-01-03
41178,WA,2025-04-03
41179,PA,2023-06-04
41180,NJ,2024-12-18
41181,CA,2025-04-04
41182,MA,2025-11-01
41183,VA,2023-01-12
41184,VA,2026-02-14
41185,CO,2023-04-18
41186,MA,2023-02-08
41187,CA,2025-01-03
41188,TX,2023-02-17
41189,MI,2023-12-13
41190,NC,2025-04-14
41191,TX,2025-02-06
41192,MI,2025-05-14
41193,MA,2025-03-15
41194,FL,2025-07-24
41195,PA,2025-10-05
41196,TX,2025-02-22
41197,IL,2025-08-01
41198,PA,2023-01-18
41199,NC,2026-02-24
41200,IL,2025-03-20
41201,NC,2025-10-22
41202,WA,2025-12-12
41203,PA,2025-09-09
41204,MI,2025-12-19
41205,IL,2025-08-17
41206,TX,2025-05-06
41207,AZ,2025-02-10
41208,MI,2024-10-05
41209,VA,2023-09-17
41210,NC,2026-03-01
41211,WA,2023-02-24
41212,GA,2026-01-11
41213,FL,2024-05-24
41214,NJ,2024-04-01
41215,NY,2025-07-18
41216,WA,2023-08-05
41217,TX,2023-09-02
41218,PA,2025-02-16
41219,MI,2025-11-21
41220,TX,2023-09-18
41221,FL,2023-06-06
41222,PA,2024-01-30
41223,FL,2025-12-12
41224,WA,2023-11-08
41225,MA,2023-02-09
41226,FL,2023-09-04
41227,NJ,2025-09-07
41228,MA,2024-08-10
41229,GA,2025-08-21
41230,TX,2024-08-26
41231,WA,2025-01-02
41232,FL,2024-09-17
41233,MI,2025-02-22
41234,GA,2024-10-01
41235,WA,2025-01-29
41236,NC,2023-09-30
41237,NY,2023-11-27
41238,NC,2024-04-14
41239,CA,2024-03-03
41240,MA,2023-10-27
41241,NJ,2025-01-09
41242,CA,2025-03-19
41243,CO,2024-05-08
41244,MI,2023-08-22
41245,GA,2025-05-21
41246,MA,2025-02-09
41247,GA,2023-04-01
41248,NC,2026-02-06
41249,IL,2025-01-21
41250,MI,2024-05-19
41251,MI,2025-11-02
41252,MA,2023-06-28
41253,TX,2023-07-01
41254,AZ,2024-10-19
41255,AZ,2025-03-18
41256,GA,2023-04-07
41257,TX,2023-07-28
41258,IL,2025-09-27
41259,FL,2023-02-13
41260,GA,2025-01-15
41261,CA,2023-05-16
41262,GA,2024-11-06
41263,PA,2025-07-26
41264,FL,2024-06-25
41265,NC,2023-08-08
41266,WA,2025-08-27
41267,NJ,2025-10-03
41268,VA,2024-07-12
41269,CA,2025-01-29
41270,AZ,2026-01-02
41271,CA,2023-01-29
41272,IL,2025-01-31
41273,NC,2023-05-01
41274,MI,2023-01-15
41275,VA,2023-08-08
41276,MI,2023-11-03
41277,MI,2025-04-03
41278,CA,2024-04-16
41279,VA,2024-11-17
41280,NY,2023-12-15
41281,VA,2023-01-02
41282,AZ,2025-05-27
41283,TX,2025-11-21
41284,MA,2025-05-28
41285,NY,2023-10-02
41286,WA,2024-10-07
41287,GA,2023-12-20
41288,PA,2024-03-17
41289,PA,2025-02-07
41290,NC,2025-02-12
41291,CO,2024-09-02
41292,PA,2023-07-13
41293,CO,2026-01-02
41294,NJ,2024-02-29
41295,NY,2024-01-19
41296,CA,2025-04-04
41297,GA,2024-09-28
41298,NC,2024-06-26
41299,PA,2023-01-13
41300,FL,2023-03-12
41301,GA,2025-12-10
41302,NJ,2024-07-30
41303,AZ,2024-07-10
41304,PA,2024-09-16
41305,NJ,2024-07-18
41306,MA,2024-03-16
41307,PA,2023-05-24
41308,IL,2025-02-18
41309,NC,2023-09-29
41310,VA,2025-12-11
41311,GA,2024-08-17
41312,NC,2024-08-10
41313,FL,2024-01-01
41314,AZ,2024-10-25
41315,CA,2026-02-11
41316,WA,2024-07-23
41317,VA,2024-03-28
41318,IL,2025-02-07
41319,IL,2024-03-30
41320,PA,2024-05-10
41321,CA,2024-08-22
41322,MI,2023-07-08
41323,MA,2024-04-28
41324,CO,2025-12-28
41325,PA,2025-12-28
41326,WA,2025-12-11
41327,NY,2024-09-10
41328,NY,2024-07-11
41329,NJ,2023-05-25
41330,WA,2024-05-03
41331,MA,2024-08-19
41332,MA,2025-11-19
41333,VA,2023-12-28
41334,FL,2025-05-10
41335,NJ,2024-11-09
41336,AZ,2023-09-06
41337,TX,2024-12-11
41338,GA,2025-11-26
41339,PA,2025-08-24
41340,AZ,2023-01-15
41341,AZ,2024-03-20
41342,MA,2026-01-21
41343,NY,2025-02-16
41344,CA,2025-02-26
41345,NJ,2024-09-25
41346,NY,2023-08-25
41347,VA,2024-12-10
41348,PA,2024-09-23
41349,TX,2025-12-23
41350,WA,2023-10-31
41351,AZ,2023-08-14
41352,MI,2023-10-30
41353,TX,2023-07-11
41354,NC,2024-03-10
41355,GA,2024-12-06
41356,NC,2026-02-23
41357,FL,2023-07-23
41358,MA,2025-04-23
41359,FL,2024-06-22
41360,TX,2026-01-18
41361,NC,2024-09-18
41362,CA,2023-02-09
41363,AZ,2023-06-09
41364,PA,2026-01-28
41365,GA,2025-05-19
41366,VA,2023-12-02
41367,NJ,2024-07-02
41368,CA,2023-05-23
41369,NJ,2024-05-14
41370,VA,2023-09-22
41371,CA,2026-01-10
41372,MI,2025-01-06
41373,CA,2025-04-11
41374,AZ,2025-11-30
41375,WA,2023-02-05
41376,MA,2025-07-20
41377,MA,2024-07-30
41378,NC,2023-02-02
41379,CA,2026-02-20
41380,IL,2025-06-20
41381,GA,2025-05-08
41382,IL,2024-03-28
41383,MI,2023-03-15
41384,FL,2025-05-24
41385,MI,2025-11-15
41386,NC,2024-11-20
41387,GA,2025-12-13
41388,VA,2023-07-25
41389,TX,2025-11-18
41390,VA,2023-09-25
41391,NC,2025-12-28
41392,FL,2023-02-01
41393,FL,2023-05-13
41394,FL,2023-10-10
41395,IL,2023-06-16
41396,VA,2023-01-16
41397,NJ,2024-09-05
41398,MI,2024-09-28
41399,MI,2023-07-29
41400,NJ,2024-08-17
41401,MA,2023-07-28
41402,AZ,2024-06-09
41403,GA,2023-10-24
41404,AZ,2024-08-08
41405,NJ,2024-04-17
41406,TX,2023-06-21
41407,CO,2025-04-20
41408,CO,2026-02-23
41409,CA,2024-06-19
41410,WA,2023-10-04
41411,VA,2024-05-19
41412,NC,2024-04-26
41413,WA,2025-07-23
41414,PA,2025-08-11
41415,CO,2023-09-23
41416,CO,2023-11-14
41417,PA,2026-01-26
41418,NY,2025-02-02
41419,TX,2024-08-22
41420,NY,2026-02-17
41421,CA,2024-07-15
41422,NY,2025-11-30
41423,NC,2025-12-06
41424,IL,2024-05-03
41425,PA,2024-11-12
41426,CA,2025-07-06
41427,IL,2023-09-24
41428,CA,2026-02-09
41429,NY,2023-01-11
41430,CO,2023-01-14
41431,AZ,2024-04-25
41432,IL,2025-01-01
41433,GA,2023-12-09
41434,CA,2025-01-30
41435,WA,2026-01-01
41436,MA,2025-12-20
41437,GA,2025-09-29
41438,AZ,2023-10-07
41439,NJ,2025-11-16
41440,GA,2023-10-18
41441,FL,2025-10-09
41442,VA,2025-08-21
41443,FL,2023-01-22
41444,MI,2024-06-06
41445,FL,2024-09-27
41446,TX,2024-03-30
41447,CO,2025-05-22
41448,WA,2024-04-29
41449,MA,2024-09-01
41450,NC,2023-03-17
41451,IL,2023-05-12
41452,AZ,2023-07-13
41453,GA,2023-12-20
41454,AZ,2025-01-25
41455,TX,2023-12-31
41456,IL,2024-12-23
41457,TX,2023-06-17
41458,NY,2023-06-28
41459,TX,2024-01-28
41460,NY,2024-10-14
41461,NY,2023-09-14
41462,NC,2023-11-28
41463,NJ,2023-05-18
41464,MA,2025-11-11
41465,NC,2023-09-29
41466,MI,2024-10-30
41467,TX,2025-04-04
41468,CO,2025-12-24
41469,VA,2025-10-26
41470,NY,2023-04-01
41471,NJ,2023-10-18
41472,NJ,2026-02-14
41473,MA,2023-11-11
41474,TX,2024-01-19
41475,GA,2024-06-09
41476,MA,2025-07-27
41477,MI,2025-06-05
41478,GA,2024-10-23
41479,NY,2023-07-07
41480,IL,2024-05-04
41481,WA,2023-03-26
41482,AZ,2023-04-30
41483,NY,2023-11-21
41484,FL,2025-01-21
41485,FL,2024-04-18
41486,CO,2024-12-03
41487,VA,2025-07-19
41488,MA,2025-10-14
41489,VA,2025-05-05
41490,WA,2023-01-26
41491,GA,2024-09-28
41492,CA,2023-10-02
41493,FL,2025-07-24
41494,WA,2025-04-10
41495,CO,2025-03-17
41496,TX,2026-02-25
41497,AZ,2024-09-10
41498,PA,2025-06-26
41499,WA,2025-07-28
41500,TX,2025-04-27
41501,VA,2024-03-07
41502,MA,2024-11-03
41503,NC,2024-04-07
41504,TX,2023-09-13
41505,MA,2026-02-17
41506,AZ,2025-10-26
41507,NY,2025-05-22
41508,MA,2024-10-18
41509,GA,2024-05-18
41510,PA,2025-02-08
41511,WA,2024-08-14
41512,PA,2023-04-21
41513,IL,2025-02-01
41514,VA,2025-05-26
41515,NC,2023-02-17
41516,NJ,2024-12-21
41517,TX,2026-02-02
41518,VA,2023-03-11
41519,NC,2023-12-27
41520,WA,2025-05-07
41521,VA,2023-01-01
41522,MI,2025-03-24
41523,WA,2025-09-26
41524,TX,2025-12-18
41525,CO,2025-03-25
41526,IL,2025-02-22
41527,VA,2025-12-05
41528,TX,2023-03-21
41529,CA,2024-02-27
41530,NC,2024-04-21
41531,CA,2023-12-29
41532,VA,2023-11-29
41533,NJ,2024-08-06
41534,NC,2024-04-24
41535,PA,2025-10-01
41536,NY,2024-11-11
41537,NC,2023-09-24
41538,WA,2025-09-29
41539,MA,2024-07-12
41540,CA,2025-06-13
41541,CA,2023-03-19
41542,FL,2025-05-21
41543,VA,2025-03-28
41544,NC,2025-05-14
41545,MI,2023-12-27
41546,IL,2023-03-02
41547,GA,2023-01-07
41548,CA,2025-04-26
41549,NJ,2024-06-04
41550,NC,2023-08-01
41551,WA,2023-08-19
41552,GA,2025-04-06
41553,CO,2024-10-29
41554,MA,2023-12-30
41555,VA,2023-01-15
41556,NC,2026-02-15
41557,NY,2023-03-29
41558,GA,2025-01-20
41559,PA,2026-02-11
41560,VA,2023-08-15
41561,CO,2024-02-25
41562,VA,2023-01-02
41563,NJ,2024-03-06
41564,MI,2024-09-27
41565,NC,2025-07-12
41566,NC,2024-08-02
41567,GA,2023-05-27
41568,GA,2025-03-09
41569,GA,2025-11-18
41570,TX,2025-04-17
41571,MA,2025-01-15
41572,PA,2025-12-13
41573,CA,2025-02-09
41574,GA,2023-03-17
41575,AZ,2023-10-19
41576,MI,2025-08-29
41577,GA,2024-09-20
41578,TX,2023-02-10
41579,WA,2024-03-21
41580,PA,2023-04-17
41581,VA,2024-01-28
41582,CO,2026-02-01
41583,IL,2023-02-10
41584,NC,2025-07-11
41585,NC,2025-10-24
41586,GA,2023-01-10
41587,AZ,2024-07-14
41588,VA,2025-07-03
41589,TX,2026-01-02
41590,PA,2023-02-17
41591,MA,2026-02-21
41592,VA,2024-05-03
41593,IL,2024-03-25
41594,AZ,2025-02-25
41595,MI,2024-12-12
41596,WA,2024-12-30
41597,FL,2024-09-29
41598,WA,2023-08-16
41599,VA,2023-09-24
41600,FL,2024-03-20
41601,TX,2024-04-22
41602,MA,2024-08-07
41603,IL,2023-01-30
41604,FL,2025-10-28
41605,GA,2025-07-10
41606,CA,2023-01-05
41607,CA,2023-11-21
41608,GA,2025-01-19
41609,MA,2023-06-01
41610,NY,2024-01-16
41611,NJ,2025-09-11
41612,NC,2025-07-01
41613,WA,2024-08-13
41614,VA,2024-08-04
41615,FL,2025-12-19
41616,CA,2026-02-25
41617,PA,2024-07-05
41618,VA,2025-11-16
41619,GA,2023-01-05
41620,MI,2024-03-20
41621,IL,2025-08-14
41622,NJ,2026-01-03
41623,VA,2023-09-10
41624,AZ,2025-04-13
41625,PA,2025-09-14
41626,IL,2024-10-08
41627,FL,2025-07-22
41628,VA,2023-06-28
41629,NY,2023-09-14
41630,CO,2025-01-26
41631,MI,2024-11-19
41632,MI,2024-06-15
41633,CO,2023-12-21
41634,TX,2024-07-07
41635,MA,2024-08-17
41636,AZ,2025-02-22
41637,MA,2024-11-18
41638,AZ,2025-09-18
41639,WA,2025-01-17
41640,MI,2024-12-13
41641,WA,2024-10-24
41642,MI,2025-03-08
41643,CO,2024-03-20
41644,FL,2023-04-06
41645,CA,2023-12-10
41646,CA,2024-12-15
41647,GA,2023-09-01
41648,FL,2024-06-21
41649,CA,2023-10-03
41650,VA,2024-11-04
41651,NY,2026-01-28
41652,NC,2026-01-18
41653,MA,2024-02-01
41654,NY,2024-08-24
41655,CA,2023-02-10
41656,NC,2025-09-01
41657,AZ,2024-08-25
41658,GA,2024-06-17
41659,AZ,2024-10-11
41660,WA,2025-12-09
41661,AZ,2023-09-29
41662,VA,2024-05-10
41663,FL,2025-08-21
41664,FL,2023-11-19
41665,MI,2023-07-12
41666,AZ,2024-05-22
41667,NJ,2025-09-30
41668,VA,2023-07-06
41669,CA,2025-05-19
41670,TX,2023-10-14
41671,VA,2024-04-16
41672,CA,2023-03-29
41673,WA,2024-03-11
41674,WA,2023-05-18
41675,GA,2025-05-28
41676,VA,2025-07-14
41677,CO,2023-04-27
41678,WA,2025-04-26
41679,WA,2025-08-16
41680,MA,2025-05-05
41681,PA,2025-12-22
41682,NY,2026-01-02
41683,VA,2024-01-17
41684,MA,2025-11-09
41685,CA,2025-11-18
41686,AZ,2024-12-06
41687,WA,2025-04-01
41688,MI,2023-10-13
41689,PA,2025-01-19
41690,MI,2025-12-10
41691,PA,2026-02-17
41692,IL,2025-05-18
41693,VA,2024-10-11
41694,NJ,2024-09-24
41695,AZ,2024-07-19
41696,NC,2023-11-21
41697,CA,2025-04-26
41698,MI,2023-01-23
41699,GA,2023-08-11
41700,GA,2025-04-18
41701,CA,2025-02-26
41702,FL,2023-02-08
41703,MI,2025-02-09
41704,CO,2025-07-15
41705,NY,2024-01-20
41706,VA,2025-10-06
41707,VA,2024-12-05
41708,NJ,2024-08-04
41709,VA,2023-04-18
41710,CO,2025-02-09
41711,NC,2023-09-15
41712,VA,2025-02-02
41713,PA,2023-12-18
41714,AZ,2023-10-03
41715,VA,2023-10-10
41716,GA,2025-02-25
41717,GA,2023-11-15
41718,AZ,2024-12-25
41719,CA,2024-04-12
41720,GA,2024-01-10
41721,FL,2026-01-02
41722,PA,2023-05-30
41723,PA,2026-01-20
41724,CO,2024-10-13
41725,VA,2024-09-06
41726,AZ,2024-12-14
41727,GA,2023-08-28
41728,TX,2025-12-20
41729,IL,2024-09-02
41730,TX,2023-08-24
41731,CA,2023-08-17
41732,NC,2025-07-01
41733,IL,2025-01-25
41734,WA,2024-12-31
41735,TX,2023-11-04
41736,AZ,2025-12-15
41737,AZ,2023-05-07
41738,FL,2025-07-10
41739,NY,2025-01-05
41740,PA,2023-01-29
41741,NC,2023-07-06
41742,NC,2023-05-29
41743,VA,2023-01-04
41744,AZ,2024-11-13
41745,FL,2023-03-24
41746,FL,2025-09-11
41747,TX,2025-07-07
41748,IL,2025-09-24
41749,CA,2024-04-20
41750,GA,2023-11-27
41751,NJ,2023-12-15
41752,NC,2024-04-12
41753,TX,2025-02-15
41754,TX,2024-11-17
41755,PA,2026-02-10
41756,TX,2023-06-18
41757,MA,2024-12-31
41758,CO,2023-09-11
41759,NY,2023-06-10
41760,CA,2025-04-25
41761,WA,2023-01-27
41762,CO,2023-11-02
41763,AZ,2024-07-24
41764,TX,2023-12-22
41765,IL,2025-09-13
41766,TX,2024-11-29
41767,MI,2024-11-26
41768,IL,2025-10-14
41769,PA,2023-11-24
41770,FL,2024-04-13
41771,AZ,2024-12-28
41772,NJ,2024-10-18
41773,MI,2024-01-13
41774,MA,2024-01-07
41775,NJ,2025-02-06
41776,NC,2023-11-22
41777,CA,2024-04-11
41778,CA,2025-10-21
41779,MI,2024-11-08
41780,WA,2024-06-21
41781,GA,2023-10-08
41782,WA,2024-09-19
41783,FL,2024-05-11
41784,CO,2023-02-27
41785,VA,2024-03-04
41786,WA,2023-01-22
41787,CA,2023-09-26
41788,MA,2024-08-31
41789,NJ,2023-02-24
41790,MI,2024-07-21
41791,FL,2024-02-14
41792,NC,2024-05-04
41793,WA,2023-04-26
41794,VA,2023-03-25
41795,IL,2023-10-21
41796,VA,2026-02-28
41797,MA,2025-08-27
41798,NJ,2024-04-11
41799,NY,2024-04-09
41800,MI,2023-04-18
41801,AZ,2024-07-18
41802,MI,2024-01-18
41803,CA,2025-03-01
41804,PA,2023-06-09
41805,TX,2023-08-18
41806,NC,2024-06-15
41807,PA,2024-01-25
41808,CA,2025-10-23
41809,FL,2023-11-25
41810,IL,2023-02-02
41811,WA,2025-07-20
41812,VA,2025-04-11
41813,NJ,2024-01-31
41814,FL,2024-12-02
41815,MA,2023-10-09
41816,VA,2025-03-15
41817,NJ,2023-05-19
41818,NJ,2024-03-28
41819,IL,2024-08-26
41820,TX,2023-12-16
41821,GA,2024-06-14
41822,MI,2023-04-19
41823,WA,2024-12-23
41824,VA,2024-05-13
41825,NC,2023-02-26
41826,CA,2026-01-23
41827,VA,2024-09-25
41828,IL,2023-09-11
41829,WA,2025-04-28
41830,NC,2023-05-25
41831,CO,2025-02-21
41832,FL,2025-08-23
41833,PA,2023-06-17
41834,CA,2023-05-19
41835,NJ,2024-01-13
41836,NY,2023-09-26
41837,CO,2023-12-03
41838,NC,2025-11-17
41839,CO,2024-04-10
41840,VA,2025-08-01
41841,AZ,2025-11-05
41842,WA,2025-07-04
41843,IL,2023-08-19
41844,NY,2024-08-25
41845,NJ,2023-12-19
41846,PA,2024-05-28
41847,GA,2023-07-24
41848,MI,2024-01-19
41849,IL,2023-11-21
41850,PA,2023-03-11
41851,GA,2024-07-15
41852,NJ,2023-06-25
41853,NC,2024-05-25
41854,TX,2024-12-21
41855,IL,2024-01-28
41856,NC,2023-09-02
41857,WA,2026-02-19
41858,GA,2025-07-24
41859,VA,2023-05-10
41860,NC,2024-08-07
41861,MI,2024-08-31
41862,CA,2025-11-08
41863,GA,2024-11-03
41864,WA,2024-05-18
41865,CA,2025-01-18
41866,NC,2024-06-25
41867,CO,2025-09-25
41868,MA,2026-02-14
41869,AZ,2025-06-16
41870,IL,2023-01-03
41871,NY,2025-06-20
41872,WA,2023-06-09
41873,TX,2025-06-13
41874,NY,2025-04-07
41875,AZ,2023-03-08
41876,NC,2026-01-23
41877,CA,2024-08-02
41878,GA,2023-08-29
41879,NY,2025-11-06
41880,VA,2025-01-18
41881,NJ,2024-02-19
41882,CA,2023-08-09
41883,AZ,2024-12-15
41884,MA,2024-12-01
41885,GA,2025-05-13
41886,IL,2025-11-29
41887,CO,2026-02-28
41888,MI,2024-11-20
41889,NJ,2026-02-26
41890,MA,2023-07-11
41891,GA,2024-02-29
41892,MA,2024-03-31
41893,VA,2025-03-21
41894,IL,2026-01-21
41895,CA,2025-06-11
41896,GA,2024-08-28
41897,NC,2024-03-09
41898,WA,2025-01-17
41899,VA,2026-02-21
41900,NY,2024-12-25
41901,MI,2024-10-30
41902,AZ,2025-07-13
41903,PA,2023-03-21
41904,NJ,2024-01-06
41905,CO,2026-01-23
41906,VA,2025-05-14
41907,FL,2023-05-02
41908,AZ,2025-04-13
41909,TX,2025-12-03
41910,VA,2023-09-17
41911,CA,2025-03-17
41912,WA,2025-03-27
41913,TX,2023-09-18
41914,MI,2024-07-10
41915,FL,2025-12-19
41916,MI,2024-07-01
41917,GA,2025-07-25
41918,NJ,2025-10-30
41919,AZ,2025-03-14
41920,MA,2023-04-13
41921,NJ,2025-06-28
41922,WA,2025-04-23
41923,CO,2026-02-08
41924,IL,2025-02-23
41925,NC,2024-06-16
41926,NY,2024-05-15
41927,MA,2023-04-07
41928,CA,2025-04-01
41929,TX,2024-02-01
41930,PA,2024-07-15
41931,CA,2024-05-10
41932,AZ,2023-09-14
41933,MI,2023-07-24
41934,CA,2024-05-13
41935,MI,2023-07-11
41936,WA,2026-02-21
41937,IL,2026-02-23
41938,PA,2023-07-12
41939,TX,2023-08-26
41940,AZ,2023-08-13
41941,TX,2025-02-11
41942,TX,2025-08-22
41943,CA,2024-09-10
41944,WA,2026-01-18
41945,CA,2023-02-26
41946,NC,2024-06-03
41947,NC,2025-05-22
41948,TX,2024-01-30
41949,VA,2025-08-15
41950,IL,2023-06-07
41951,NJ,2023-05-07
41952,IL,2025-09-10
41953,TX,2023-08-25
41954,GA,2023-11-29
41955,CO,2025-11-25
41956,NJ,2024-09-16
41957,TX,2025-06-28
41958,WA,2023-04-28
41959,WA,2024-04-29
41960,MI,2025-03-26
41961,AZ,2024-02-25
41962,WA,2025-03-20
41963,TX,2024-02-15
41964,WA,2023-11-18
41965,WA,2023-10-30
41966,FL,2025-04-23
41967,FL,2024-06-07
41968,NY,2024-03-26
41969,GA,2024-06-21
41970,MI,2024-02-15
41971,MA,2023-04-19
41972,CA,2025-11-02
41973,WA,2026-02-24
41974,NY,2025-01-27
41975,NC,2025-04-03
41976,IL,2024-03-28
41977,MA,2023-06-20
41978,PA,2025-01-31
41979,NY,2023-12-05
41980,NJ,2023-02-28
41981,IL,2024-05-21
41982,MI,2024-04-24
41983,VA,2024-10-30
41984,TX,2025-08-02
41985,GA,2025-10-20
41986,MI,2024-03-23
41987,FL,2025-06-01
41988,TX,2023-08-01
41989,VA,2023-04-09
41990,NJ,2024-10-19
41991,TX,2025-12-08
41992,NY,2023-06-24
41993,PA,2025-06-19
41994,GA,2025-03-15
41995,CO,2024-05-03
41996,WA,2025-10-26
41997,AZ,2024-07-07
41998,AZ,2024-06-11
41999,VA,2024-12-28
42000,GA,2023-03-14
42001,VA,2023-03-08
42002,NY,2024-08-15
42003,IL,2023-01-27
42004,MA,2024-07-29
42005,IL,2024-03-09
42006,MI,2023-02-25
42007,TX,2023-09-24
42008,NC,2025-02-07
42009,AZ,2024-07-02
42010,NC,2023-04-11
42011,NC,2024-10-06
42012,GA,2024-04-12
42013,AZ,2023-01-23
42014,MI,2024-11-27
42015,PA,2023-11-23
42016,CO,2024-07-30
42017,MI,2025-07-09
42018,CO,2024-10-20
42019,CO,2024-06-20
42020,GA,2024-01-15
42021,CA,2025-04-29
42022,CO,2023-05-06
42023,NY,2024-03-17
42024,FL,2025-04-08
42025,CA,2023-02-13
42026,PA,2024-10-22
42027,IL,2023-07-18
42028,NC,2024-10-14
42029,CA,2023-11-04
42030,PA,2026-01-17
42031,WA,2024-04-18
42032,MI,2023-08-24
42033,GA,2023-08-13
42034,CA,2023-12-26
42035,GA,2024-02-28
42036,FL,2025-10-11
42037,TX,2025-12-13
42038,CO,2024-10-28
42039,IL,2023-12-01
42040,MA,2025-06-17
42041,GA,2024-08-27
42042,WA,2023-04-05
42043,VA,2023-11-11
42044,NY,2024-05-02
42045,TX,2025-06-06
42046,TX,2025-11-07
42047,FL,2024-10-25
42048,NC,2025-04-08
42049,MA,2024-09-28
42050,PA,2025-06-04
42051,NC,2025-08-10
42052,IL,2024-11-17
42053,TX,2023-08-09
42054,MI,2025-05-29
42055,AZ,2023-02-06
42056,MA,2025-08-29
42057,FL,2025-10-20
42058,NC,2023-07-24
42059,NJ,2023-09-28
42060,NJ,2023-07-01
42061,CO,2024-09-22
42062,MI,2024-07-27
42063,MA,2023-10-08
42064,MA,2025-11-01
42065,GA,2024-09-28
42066,CO,2025-05-07
42067,PA,2023-10-20
42068,CA,2023-05-17
42069,MA,2023-07-16
42070,MI,2024-03-30
42071,TX,2026-01-23
42072,PA,2024-09-04
42073,FL,2023-01-07
42074,IL,2024-01-24
42075,WA,2026-02-22
42076,CO,2024-11-07
42077,NY,2025-09-13
42078,WA,2024-05-27
42079,WA,2024-12-18
42080,MI,2024-05-15
42081,TX,2024-03-19
42082,AZ,2024-04-20
42083,NC,2025-03-19
42084,MI,2025-06-22
42085,MI,2025-10-01
42086,VA,2023-02-10
42087,WA,2024-01-14
42088,FL,2023-04-03
42089,NJ,2026-02-01
42090,WA,2023-12-31
42091,NC,2023-09-15
42092,GA,2025-09-16
42093,MA,2025-07-04
42094,CA,2023-01-30
42095,TX,2026-01-10
42096,GA,2023-10-13
42097,FL,2023-12-21
42098,FL,2024-06-18
42099,NC,2025-10-15
42100,IL,2025-07-29
42101,TX,2023-11-01
42102,TX,2024-01-10
42103,MI,2023-09-10
42104,GA,2025-03-26
42105,VA,2025-12-03
42106,WA,2025-01-21
42107,AZ,2025-06-11
42108,MA,2024-07-06
42109,WA,2024-10-28
42110,IL,2024-04-24
42111,CO,2024-09-01
42112,MI,2023-02-26
42113,CO,2025-02-18
42114,NY,2025-04-29
42115,NJ,2024-07-25
42116,GA,2024-07-29
42117,NC,2025-02-10
42118,PA,2025-07-29
42119,PA,2025-12-20
42120,PA,2023-09-01
42121,AZ,2024-02-19
42122,IL,2024-11-01
42123,MA,2024-07-07
42124,TX,2025-08-01
42125,FL,2025-11-09
42126,IL,2026-02-09
42127,MA,2024-12-24
42128,IL,2024-08-30
42129,WA,2025-11-05
42130,AZ,2024-05-21
42131,PA,2025-12-16
42132,NY,2025-01-04
42133,PA,2025-11-02
42134,MI,2023-12-29
42135,MI,2024-06-30
42136,MA,2023-11-28
42137,WA,2025-10-10
42138,PA,2025-10-12
42139,GA,2025-04-16
42140,VA,2023-04-08
42141,NJ,2023-01-11
42142,FL,2023-08-02
42143,AZ,2023-02-09
42144,NC,2024-03-14
42145,PA,2024-03-06
42146,NY,2025-09-14
42147,MA,2024-03-20
42148,MA,2023-02-03
42149,CA,2023-03-03
42150,NJ,2026-01-07
42151,AZ,2025-09-04
42152,VA,2024-08-29
42153,WA,2023-11-03
42154,TX,2023-12-19
42155,GA,2025-12-17
42156,GA,2023-05-03
42157,MA,2023-01-03
42158,PA,2025-11-12
42159,GA,2025-03-25
42160,PA,2025-12-07
42161,NY,2023-09-10
42162,NJ,2026-01-16
42163,NC,2023-11-06
42164,CO,2024-06-15
42165,NC,2023-07-16
42166,NC,2025-07-24
42167,NC,2024-04-07
42168,VA,2023-01-23
42169,CA,2024-11-30
42170,TX,2025-03-23
42171,CO,2023-02-06
42172,NJ,2024-02-10
42173,CO,2025-12-11
42174,AZ,2025-11-03
42175,NC,2024-06-13
42176,CO,2026-02-11
42177,NJ,2025-02-21
42178,MI,2025-03-15
42179,PA,2024-01-21
42180,NJ,2023-04-29
42181,MA,2023-02-01
42182,NY,2025-01-17
42183,TX,2025-01-22
42184,GA,2023-09-03
42185,NY,2023-11-13
42186,VA,2025-02-11
42187,MA,2025-05-02
42188,CA,2025-03-26
42189,TX,2023-10-23
42190,VA,2023-03-09
42191,AZ,2025-05-13
42192,CA,2023-02-25
42193,IL,2024-10-18
42194,FL,2023-02-21
42195,CA,2024-09-28
42196,WA,2025-07-26
42197,AZ,2025-09-08
42198,FL,2023-05-08
42199,AZ,2025-09-01
42200,NJ,2023-01-25
42201,NC,2023-03-02
42202,AZ,2025-06-24
42203,NJ,2024-01-23
42204,NC,2024-10-01
42205,NY,2024-11-01
42206,VA,2025-03-10
42207,MA,2024-10-25
42208,PA,2023-11-11
42209,MI,2023-07-19
42210,CO,2024-12-05
42211,FL,2025-06-16
42212,GA,2024-09-27
42213,TX,2023-04-26
42214,VA,2025-09-16
42215,IL,2024-02-13
42216,NJ,2024-07-18
42217,AZ,2023-06-19
42218,MI,2023-09-01
42219,AZ,2025-12-20
42220,MA,2025-12-18
42221,MA,2025-07-25
42222,IL,2023-03-16
42223,GA,2024-01-05
42224,MI,2023-05-06
42225,CA,2023-04-26
42226,VA,2024-08-22
42227,GA,2025-05-09
42228,VA,2024-07-15
42229,GA,2025-02-02
42230,FL,2024-07-28
42231,VA,2023-07-12
42232,PA,2023-12-21
42233,MI,2023-02-27
42234,PA,2024-05-07
42235,WA,2023-04-30
42236,TX,2023-07-27
42237,MA,2025-04-06
42238,MI,2025-02-10
42239,NY,2024-11-11
42240,CO,2026-02-10
42241,GA,2024-07-25
42242,IL,2024-06-15
42243,GA,2023-05-15
42244,IL,2023-12-17
42245,TX,2024-07-27
42246,NC,2024-10-05
42247,TX,2023-07-19
42248,NY,2023-08-31
42249,WA,2025-05-03
42250,VA,2025-10-09
42251,AZ,2023-03-31
42252,FL,2024-08-16
42253,PA,2025-11-10
42254,IL,2025-12-22
42255,WA,2023-10-30
42256,IL,2023-11-21
42257,FL,2025-02-21
42258,AZ,2023-09-17
42259,VA,2025-06-13
42260,TX,2024-09-17
42261,CA,2024-03-20
42262,WA,2023-03-24
42263,IL,2023-06-03
42264,WA,2024-03-09
42265,WA,2024-02-21
42266,PA,2023-04-12
42267,IL,2023-06-11
42268,FL,2024-10-03
42269,AZ,2023-10-26
42270,PA,2023-11-24
42271,FL,2024-06-16
42272,NJ,2024-07-01
42273,VA,2025-06-09
42274,CO,2024-03-01
42275,NJ,2023-05-04
42276,CO,2025-01-06
42277,PA,2025-02-19
42278,TX,2023-06-22
42279,MA,2024-06-04
42280,MI,2025-01-08
42281,WA,2023-06-09
42282,WA,2026-02-16
42283,PA,2025-08-18
42284,VA,2025-05-20
42285,TX,2023-03-30
42286,NY,2024-11-22
42287,VA,2024-03-25
42288,TX,2023-05-12
42289,MI,2023-03-04
42290,MA,2023-04-18
42291,TX,2023-11-17
42292,MI,2025-10-02
42293,NJ,2023-11-03
42294,VA,2025-01-29
42295,NY,2023-10-08
42296,FL,2023-07-27
42297,PA,2025-03-19
42298,WA,2024-05-31
42299,VA,2025-01-09
42300,MA,2025-07-07
42301,CA,2024-09-13
42302,AZ,2023-06-15
42303,CO,2025-06-19
42304,NC,2025-12-20
42305,TX,2024-10-03
42306,AZ,2023-01-03
42307,NJ,2024-10-08
42308,IL,2023-12-12
42309,FL,2024-03-09
42310,AZ,2025-08-13
42311,WA,2025-08-18
42312,NC,2024-12-05
42313,PA,2023-12-19
42314,MI,2023-03-03
42315,IL,2025-09-25
42316,NY,2024-05-22
42317,VA,2023-02-22
42318,MI,2024-02-03
42319,TX,2026-02-05
42320,MI,2025-03-14
42321,CO,2024-01-29
42322,CO,2024-05-13
42323,CA,2024-12-24
42324,NC,2023-03-10
42325,CO,2024-04-20
42326,NJ,2023-04-08
42327,NY,2023-01-16
42328,NC,2026-01-07
42329,NC,2024-02-14
42330,VA,2023-07-03
42331,CO,2023-07-14
42332,PA,2023-02-09
42333,NC,2024-12-03
42334,WA,2024-03-28
42335,CA,2025-09-18
42336,CO,2023-03-02
42337,PA,2024-04-23
42338,WA,2023-02-05
42339,MI,2024-06-26
42340,CA,2026-02-20
42341,MI,2023-09-20
42342,FL,2023-05-03
42343,VA,2023-08-06
42344,CA,2023-10-03
42345,VA,2026-01-26
42346,GA,2025-07-17
42347,NC,2025-07-01
42348,NY,2023-01-06
42349,CO,2023-05-03
42350,FL,2026-01-14
42351,GA,2026-01-09
42352,NY,2025-07-04
42353,PA,2023-12-28
42354,TX,2024-12-03
42355,NY,2023-02-10
42356,NC,2023-04-24
42357,AZ,2023-07-19
42358,WA,2023-07-18
42359,NJ,2023-06-06
42360,CA,2025-04-29
42361,PA,2023-02-13
42362,TX,2023-11-19
42363,CA,2023-08-10
42364,NC,2023-09-16
42365,MI,2024-08-24
42366,AZ,2024-09-06
42367,CO,2025-09-20
42368,MI,2024-12-17
42369,PA,2025-04-22
42370,FL,2025-05-18
42371,TX,2023-01-27
42372,CO,2025-10-27
42373,VA,2023-12-22
42374,GA,2024-07-07
42375,CO,2024-07-26
42376,IL,2023-10-03
42377,AZ,2023-08-09
42378,MI,2026-01-15
42379,TX,2023-02-20
42380,CO,2025-04-21
42381,VA,2023-08-28
42382,WA,2023-05-08
42383,WA,2025-03-08
42384,PA,2023-08-17
42385,GA,2023-07-14
42386,CA,2023-04-11
42387,MA,2025-10-24
42388,CO,2025-03-07
42389,NJ,2024-12-12
42390,NC,2023-06-11
42391,TX,2024-01-28
42392,CO,2026-01-09
42393,CA,2025-01-18
42394,CO,2023-03-22
42395,MA,2025-05-25
42396,FL,2023-07-20
42397,NJ,2024-12-03
42398,MA,2024-11-12
42399,NC,2025-06-01
42400,AZ,2023-08-10
42401,NJ,2023-01-17
42402,MA,2023-08-26
42403,VA,2025-01-18
42404,NC,2023-12-12
42405,VA,2024-03-25
42406,PA,2026-02-10
42407,CA,2024-02-21
42408,TX,2023-09-14
42409,MA,2023-02-24
42410,NJ,2024-03-14
42411,VA,2026-02-22
42412,WA,2023-01-24
42413,GA,2025-03-06
42414,MA,2023-04-02
42415,TX,2024-05-10
42416,MI,2024-07-16
42417,CA,2025-06-12
42418,WA,2024-12-12
42419,AZ,2023-04-03
42420,MI,2024-01-14
42421,VA,2024-12-19
42422,NC,2024-04-23
42423,VA,2025-10-25
42424,WA,2024-03-08
42425,MA,2026-01-20
42426,AZ,2023-11-07
42427,CA,2023-02-15
42428,NC,2025-01-31
42429,NY,2023-08-12
42430,NJ,2023-06-16
42431,IL,2025-09-25
42432,CO,2024-02-10
42433,FL,2023-11-14
42434,TX,2024-11-01
42435,TX,2025-07-21
42436,TX,2024-10-24
42437,NY,2025-10-09
42438,CA,2025-11-27
42439,MI,2025-10-31
42440,WA,2024-07-04
42441,NC,2023-02-25
42442,WA,2025-05-18
42443,WA,2023-04-22
42444,FL,2023-05-28
42445,MI,2024-05-12
42446,TX,2024-06-29
42447,PA,2024-09-03
42448,TX,2025-02-10
42449,NY,2025-02-19
42450,WA,2023-02-28
42451,FL,2023-11-19
42452,IL,2024-05-19
42453,NY,2024-03-30
42454,NY,2024-01-13
42455,CO,2024-07-10
42456,IL,2023-10-30
42457,TX,2024-09-15
42458,WA,2025-01-22
42459,TX,2025-07-15
42460,NJ,2025-05-29
42461,NY,2026-02-21
42462,TX,2023-11-12
42463,CA,2024-11-24
42464,AZ,2024-08-28
42465,MA,2023-02-10
42466,IL,2025-12-10
42467,WA,2023-12-10
42468,IL,2025-06-24
42469,CO,2024-11-08
42470,TX,2025-07-19
42471,TX,2025-09-15
42472,PA,2024-10-20
42473,WA,2024-11-08
42474,WA,2024-01-11
42475,AZ,2023-08-22
42476,NJ,2024-07-15
42477,CA,2025-05-09
42478,FL,2024-11-04
42479,GA,2025-06-18
42480,CO,2025-12-20
42481,TX,2023-09-04
42482,WA,2025-08-23
42483,WA,2025-01-01
42484,MA,2023-12-24
42485,CO,2024-01-28
42486,GA,2024-11-22
42487,MA,2023-12-04
42488,MI,2025-07-15
42489,NY,2025-05-03
42490,CO,2025-12-27
42491,CO,2024-09-03
42492,NJ,2025-10-10
42493,VA,2025-04-06
42494,AZ,2024-08-13
42495,NY,2023-07-08
42496,VA,2026-01-25
42497,IL,2025-09-14
42498,VA,2025-05-15
42499,NC,2023-06-15
42500,CA,2023-06-08
42501,NJ,2025-12-08
42502,MA,2024-10-23
42503,NC,2023-08-12
42504,NY,2023-07-12
42505,MI,2025-12-07
42506,WA,2024-08-26
42507,AZ,2023-04-15
42508,MA,2025-08-19
42509,NC,2023-10-08
42510,NJ,2023-01-21
42511,MI,2024-10-02
42512,MI,2023-06-23
42513,GA,2025-01-22
42514,AZ,2023-09-18
42515,CA,2023-06-17
42516,GA,2024-07-18
42517,NJ,2023-08-09
42518,WA,2024-09-11
42519,IL,2025-05-21
42520,AZ,2025-03-07
42521,CO,2025-06-01
42522,MI,2024-10-09
42523,NJ,2026-02-04
42524,AZ,2024-07-08
42525,NY,2023-05-23
42526,PA,2025-09-15
42527,MA,2023-12-19
42528,PA,2023-08-16
42529,FL,2024-10-20
42530,GA,2026-01-24
42531,IL,2024-05-12
42532,MA,2025-10-21
42533,NJ,2023-06-28
42534,IL,2023-06-10
42535,NJ,2023-11-06
42536,CO,2023-02-14
42537,IL,2025-03-29
42538,MA,2025-11-17
42539,CO,2023-07-31
42540,MI,2025-07-15
42541,CA,2025-10-25
42542,MI,2023-12-07
42543,NC,2023-07-19
42544,PA,2024-10-27
42545,FL,2023-10-29
42546,IL,2023-05-20
42547,CA,2025-01-16
42548,FL,2023-01-13
42549,IL,2024-01-07
42550,MA,2025-10-09
42551,VA,2023-04-12
42552,IL,2025-05-23
42553,NJ,2025-04-18
42554,FL,2025-12-14
42555,PA,2023-04-06
42556,VA,2024-02-27
42557,MA,2024-10-29
42558,NC,2024-10-27
42559,AZ,2024-05-19
42560,NY,2023-12-20
42561,IL,2026-01-01
42562,WA,2023-01-22
42563,NY,2023-06-22
42564,GA,2024-10-16
42565,VA,2024-03-24
42566,MA,2025-09-21
42567,AZ,2024-01-23
42568,TX,2023-02-03
42569,MI,2023-10-31
42570,MA,2023-03-24
42571,NJ,2024-04-28
42572,NJ,2024-01-02
42573,IL,2023-11-16
42574,MA,2023-02-18
42575,FL,2024-09-21
42576,VA,2023-09-28
42577,VA,2024-04-23
42578,NC,2023-12-12
42579,VA,2025-01-12
42580,CO,2025-04-26
42581,CO,2023-07-31
42582,MA,2025-07-01
42583,VA,2025-06-10
42584,MA,2023-03-21
42585,NC,2023-04-22
42586,VA,2023-10-05
42587,VA,2024-02-03
42588,CO,2024-05-26
42589,CA,2025-02-02
42590,IL,2023-11-28
42591,NY,2023-06-16
42592,CA,2025-06-17
42593,PA,2024-03-19
42594,NC,2024-05-28
42595,MA,2024-02-11
42596,IL,2025-12-18
42597,WA,2024-07-22
42598,MI,2025-09-09
42599,WA,2024-12-12
42600,GA,2023-07-20
42601,GA,2023-08-25
42602,PA,2024-04-23
42603,PA,2025-01-29
42604,IL,2025-03-21
42605,VA,2025-08-15
42606,MI,2024-06-02
42607,TX,2024-02-16
42608,MA,2025-01-21
42609,FL,2025-02-26
42610,WA,2025-07-26
42611,MA,2024-12-02
42612,MI,2025-04-23
42613,PA,2023-01-12
42614,MA,2025-04-27
42615,MI,2023-06-21
42616,NC,2023-11-07
42617,CO,2026-01-23
42618,CA,2023-09-02
42619,WA,2023-12-04
42620,MI,2023-03-05
42621,PA,2024-12-21
42622,GA,2024-12-27
42623,MI,2024-04-10
42624,MA,2023-01-11
42625,NJ,2025-03-01
42626,PA,2026-01-09
42627,VA,2025-09-10
42628,NY,2024-01-05
42629,CA,2025-12-22
42630,CO,2023-03-21
42631,GA,2025-11-18
42632,NC,2025-10-16
42633,WA,2025-09-10
42634,AZ,2023-10-01
42635,NJ,2025-08-01
42636,IL,2023-08-29
42637,MI,2024-10-26
42638,NY,2023-12-22
42639,NJ,2023-10-31
42640,WA,2023-12-09
42641,PA,2023-06-27
42642,FL,2025-11-08
42643,CO,2025-11-30
42644,CO,2023-09-18
42645,AZ,2024-01-22
42646,WA,2023-10-28
42647,NJ,2024-08-09
42648,CO,2026-02-09
42649,IL,2023-12-29
42650,NC,2025-01-15
42651,IL,2023-06-25
42652,VA,2024-02-12
42653,MI,2024-07-13
42654,VA,2024-02-14
42655,FL,2023-06-26
42656,NC,2025-01-13
42657,PA,2025-06-18
42658,NJ,2023-02-18
42659,TX,2025-03-22
42660,GA,2023-10-09
42661,WA,2024-04-13
42662,NC,2026-02-24
42663,NC,2025-10-18
42664,FL,2023-10-23
42665,IL,2024-09-05
42666,AZ,2025-11-08
42667,FL,2024-12-22
42668,MI,2024-10-15
42669,IL,2025-04-29
42670,NC,2026-01-17
42671,CO,2025-04-26
42672,CO,2023-08-28
42673,PA,2025-06-17
42674,IL,2025-05-04
42675,CA,2024-10-13
42676,VA,2026-01-24
42677,CA,2025-10-07
42678,AZ,2023-07-01
42679,TX,2025-05-09
42680,NY,2025-01-07
42681,CA,2023-07-12
42682,CA,2024-01-05
42683,PA,2024-05-07
42684,PA,2025-05-17
42685,PA,2025-05-14
42686,IL,2024-01-05
42687,MA,2024-10-18
42688,MI,2023-04-26
42689,CO,2025-07-18
42690,TX,2025-04-25
42691,CA,2023-05-01
42692,WA,2025-08-15
42693,CO,2024-12-31
42694,PA,2023-03-20
42695,NJ,2025-09-05
42696,AZ,2023-05-20
42697,NJ,2025-03-31
42698,FL,2025-01-09
42699,NY,2023-10-16
42700,GA,2023-11-25
42701,PA,2025-05-21
42702,VA,2023-04-10
42703,GA,2025-10-27
42704,TX,2024-01-07
42705,MA,2024-06-27
42706,VA,2024-12-25
42707,CA,2024-05-11
42708,CO,2025-12-18
42709,CO,2023-12-01
42710,VA,2023-01-30
42711,TX,2023-11-12
42712,PA,2024-04-04
42713,MI,2025-01-03
42714,WA,2023-09-04
42715,FL,2025-11-18
42716,MA,2023-06-28
42717,NJ,2023-10-05
42718,MA,2026-02-25
42719,NJ,2023-11-03
42720,CO,2026-01-01
42721,WA,2024-01-08
42722,VA,2024-12-26
42723,NJ,2024-03-09
42724,WA,2025-12-21
42725,CO,2025-12-03
42726,WA,2025-05-10
42727,VA,2024-06-06
42728,AZ,2024-11-24
42729,VA,2024-11-25
42730,CA,2023-03-02
42731,NJ,2024-04-27
42732,TX,2023-01-22
42733,NY,2024-05-29
42734,PA,2025-01-20
42735,NC,2024-12-16
42736,WA,2025-10-18
42737,VA,2025-04-12
42738,CO,2025-01-27
42739,MI,2024-11-13
42740,GA,2025-05-07
42741,GA,2025-09-20
42742,CA,2024-07-26
42743,CA,2024-11-03
42744,CA,2023-08-12
42745,CA,2024-06-20
42746,GA,2023-11-02
42747,CA,2023-10-30
42748,MA,2024-09-25
42749,IL,2024-07-31
42750,GA,2023-01-15
42751,NJ,2024-06-01
42752,GA,2023-09-10
42753,FL,2026-01-13
42754,GA,2024-12-30
42755,AZ,2023-06-12
42756,MI,2026-01-10
42757,VA,2025-02-12
42758,AZ,2024-08-12
42759,IL,2024-02-06
42760,WA,2025-03-21
42761,GA,2023-05-28
42762,MI,2025-09-01
42763,MA,2023-05-09
42764,GA,2023-04-29
42765,WA,2024-02-20
42766,FL,2025-04-14
42767,NC,2025-10-30
42768,TX,2025-04-21
42769,WA,2023-06-27
42770,GA,2024-06-27
42771,TX,2024-07-30
42772,CA,2025-11-15
42773,NY,2025-01-11
42774,NC,2025-12-24
42775,WA,2024-01-31
42776,TX,2025-07-26
42777,IL,2023-07-02
42778,MI,2023-09-21
42779,MI,2023-01-27
42780,NJ,2024-05-22
42781,CO,2024-12-03
42782,IL,2023-05-08
42783,NC,2025-04-07
42784,GA,2024-02-23
42785,MI,2025-04-03
42786,IL,2025-06-11
42787,AZ,2024-06-27
42788,WA,2026-01-07
42789,FL,2025-02-27
42790,NY,2025-12-15
42791,IL,2025-05-10
42792,NY,2025-12-13
42793,WA,2023-07-21
42794,CA,2023-08-11
42795,TX,2026-02-26
42796,NC,2023-11-26
42797,WA,2025-05-30
42798,VA,2025-06-14
42799,VA,2023-05-08
42800,MA,2024-04-14
42801,CO,2024-08-04
42802,MA,2023-06-10
42803,MA,2024-05-29
42804,NJ,2025-05-31
42805,MI,2024-06-07
42806,NY,2025-11-16
42807,IL,2024-01-04
42808,WA,2025-11-02
42809,NJ,2023-05-03
42810,MI,2024-12-15
42811,GA,2024-12-15
42812,PA,2024-11-06
42813,NC,2023-11-16
42814,NJ,2024-09-25
42815,FL,2024-10-05
42816,PA,2024-06-13
42817,MA,2025-11-07
42818,NJ,2025-10-26
42819,CO,2023-02-12
42820,AZ,2025-10-04
42821,IL,2025-02-15
42822,TX,2023-07-08
42823,NJ,2025-04-26
42824,WA,2024-04-17
42825,CA,2023-09-30
42826,AZ,2024-11-20
42827,VA,2025-08-06
42828,CO,2026-01-18
42829,PA,2023-09-27
42830,PA,2024-07-04
42831,PA,2026-02-17
42832,NJ,2024-07-20
42833,NY,2024-11-05
42834,VA,2025-05-08
42835,NC,2024-04-08
42836,MA,2025-04-07
42837,GA,2025-03-08
42838,CA,2026-01-18
42839,VA,2023-12-25
42840,FL,2024-01-15
42841,MA,2023-06-16
42842,AZ,2024-11-22
42843,GA,2024-09-07
42844,NY,2024-07-23
42845,NY,2023-05-06
42846,IL,2023-12-11
42847,TX,2024-10-30
42848,FL,2025-02-05
42849,TX,2024-06-23
42850,VA,2023-07-30
42851,CA,2025-09-27
42852,AZ,2023-09-23
42853,AZ,2025-08-27
42854,IL,2023-09-11
42855,NJ,2023-01-30
42856,NJ,2025-08-24
42857,VA,2025-02-26
42858,NY,2024-11-29
42859,NY,2023-01-30
42860,MA,2023-06-10
42861,WA,2023-12-13
42862,CO,2025-08-22
42863,AZ,2024-04-18
42864,NY,2024-05-23
42865,VA,2023-02-26
42866,NC,2025-12-26
42867,CO,2023-01-28
42868,MA,2024-10-15
42869,VA,2023-08-20
42870,NC,2026-02-04
42871,AZ,2024-10-20
42872,CO,2025-06-13
42873,NJ,2024-11-21
42874,TX,2023-03-17
42875,CO,2024-03-30
42876,MI,2023-12-11
42877,IL,2024-08-12
42878,NY,2024-12-15
42879,IL,2024-04-03
42880,WA,2025-06-21
42881,TX,2024-07-27
42882,CA,2023-05-23
42883,MA,2024-08-01
42884,NY,2025-03-31
42885,CA,2025-07-25
42886,CA,2024-01-04
42887,MA,2025-08-24
42888,PA,2024-12-15
42889,CA,2023-09-10
42890,GA,2025-08-17
42891,IL,2024-09-13
42892,FL,2026-02-24
42893,PA,2025-06-15
42894,FL,2023-12-18
42895,MI,2023-05-01
42896,VA,2024-01-09
42897,PA,2023-12-07
42898,AZ,2023-01-31
42899,WA,2025-02-23
42900,NY,2023-07-23
42901,WA,2024-02-16
42902,NY,2024-07-14
42903,PA,2024-08-24
42904,FL,2025-04-02
42905,NC,2025-06-22
42906,NJ,2025-11-21
42907,AZ,2024-11-21
42908,WA,2023-12-12
42909,IL,2025-01-16
42910,IL,2023-10-21
42911,GA,2025-02-12
42912,FL,2023-05-02
42913,VA,2024-01-10
42914,AZ,2025-08-23
42915,WA,2023-01-16
42916,IL,2024-03-13
42917,FL,2023-12-15
42918,IL,2023-07-29
42919,NY,2023-06-09
42920,PA,2025-12-11
42921,VA,2026-01-09
42922,MA,2025-05-29
42923,TX,2024-01-16
42924,AZ,2025-05-10
42925,NC,2024-01-22
42926,FL,2025-12-03
42927,GA,2025-03-03
42928,MI,2024-10-23
42929,MI,2023-03-16
42930,PA,2025-10-28
42931,MI,2025-10-02
42932,VA,2024-09-28
42933,WA,2024-12-26
42934,GA,2025-03-05
42935,NC,2024-10-08
42936,VA,2025-06-10
42937,NC,2025-05-08
42938,NC,2024-05-09
42939,PA,2023-07-04
42940,NC,2024-12-29
42941,IL,2023-10-04
42942,CO,2026-01-18
42943,WA,2024-11-21
42944,WA,2024-09-12
42945,TX,2024-02-02
42946,MA,2025-07-06
42947,NY,2023-10-11
42948,NJ,2023-08-19
42949,PA,2025-04-03
42950,TX,2025-11-10
42951,MI,2025-07-26
42952,NY,2023-10-03
42953,MI,2024-04-23
42954,VA,2023-12-13
42955,CO,2025-09-01
42956,FL,2025-06-13
42957,NC,2023-06-21
42958,CO,2024-06-26
42959,CO,2025-10-29
42960,CO,2025-03-28
42961,CO,2025-09-05
42962,CO,2024-06-27
42963,PA,2023-07-21
42964,GA,2024-12-17
42965,NY,2024-06-22
42966,GA,2024-01-18
42967,CO,2025-09-14
42968,NJ,2025-05-31
42969,NC,2025-10-18
42970,CA,2023-09-03
42971,AZ,2023-04-26
42972,WA,2026-02-14
42973,NJ,2025-04-28
42974,NY,2023-05-05
42975,NC,2023-02-02
42976,WA,2024-04-17
42977,VA,2024-08-26
42978,MI,2025-02-01
42979,CO,2025-04-29
42980,GA,2023-01-23
42981,GA,2025-08-05
42982,CA,2025-09-21
42983,MA,2026-01-10
42984,PA,2023-07-22
42985,NJ,2024-07-08
42986,CO,2026-02-04
42987,NC,2026-01-02
42988,TX,2023-07-20
42989,VA,2024-01-20
42990,IL,2025-06-30
42991,NJ,2025-11-08
42992,TX,2025-04-23
42993,GA,2024-10-06
42994,VA,2024-11-25
42995,TX,2024-10-06
42996,NY,2023-05-01
42997,GA,2023-09-12
42998,MI,2024-06-28
42999,NJ,2023-01-06
43000,VA,2023-08-10
43001,AZ,2025-05-31
43002,CO,2024-12-15
43003,CO,2024-09-25
43004,NY,2026-03-01
43005,IL,2023-02-21
43006,VA,2025-01-11
43007,VA,2023-12-15
43008,WA,2023-09-27
43009,AZ,2024-02-09
43010,PA,2024-09-08
43011,NY,2024-09-09
43012,WA,2025-04-03
43013,FL,2025-09-10
43014,GA,2024-02-03
43015,PA,2023-12-07
43016,CA,2024-09-08
43017,IL,2023-01-07
43018,MA,2023-01-24
43019,MI,2024-07-22
43020,PA,2024-12-27
43021,IL,2023-11-16
43022,WA,2024-06-20
43023,PA,2024-04-27
43024,FL,2024-07-19
43025,WA,2026-01-14
43026,GA,2024-05-17
43027,WA,2025-03-12
43028,NC,2025-02-01
43029,MI,2025-11-26
43030,CO,2023-10-13
43031,MA,2024-05-21
43032,FL,2024-09-17
43033,NC,2025-01-24
43034,WA,2023-05-10
43035,MA,2023-10-31
43036,IL,2025-07-12
43037,VA,2024-12-27
43038,TX,2024-06-19
43039,NC,2023-08-15
43040,MI,2024-10-19
43041,TX,2023-11-20
43042,NY,2023-01-08
43043,AZ,2025-05-07
43044,TX,2023-02-25
43045,NJ,2024-07-04
43046,NC,2025-09-06
43047,VA,2023-10-01
43048,CA,2026-01-25
43049,VA,2024-10-19
43050,GA,2026-01-26
43051,NY,2025-02-05
43052,PA,2024-07-18
43053,VA,2025-11-22
43054,TX,2023-10-04
43055,WA,2025-08-24
43056,NC,2025-03-11
43057,PA,2025-06-18
43058,FL,2024-03-02
43059,VA,2026-02-27
43060,WA,2023-10-23
43061,IL,2024-07-15
43062,WA,2024-04-23
43063,NC,2024-07-28
43064,CA,2023-04-20
43065,IL,2025-05-11
43066,GA,2024-08-19
43067,TX,2023-04-24
43068,MI,2026-02-13
43069,NY,2024-07-02
43070,IL,2023-05-18
43071,PA,2024-06-12
43072,AZ,2025-06-01
43073,TX,2023-10-07
43074,FL,2023-06-26
43075,IL,2025-01-15
43076,PA,2023-08-30
43077,VA,2024-06-25
43078,PA,2023-03-22
43079,IL,2023-01-13
43080,PA,2024-03-19
43081,NY,2023-05-18
43082,VA,2024-01-26
43083,VA,2025-04-10
43084,TX,2024-03-30
43085,VA,2024-07-03
43086,GA,2023-11-06
43087,NY,2024-05-02
43088,TX,2024-01-03
43089,GA,2023-06-22
43090,FL,2024-08-10
43091,MI,2025-01-30
43092,CA,2023-08-26
43093,NJ,2025-07-01
43094,VA,2024-09-23
43095,NY,2023-01-11
43096,MI,2024-02-05
43097,TX,2023-07-22
43098,GA,2024-06-10
43099,MI,2024-05-30
43100,GA,2025-05-06
43101,NJ,2023-06-30
43102,MI,2024-03-06
43103,IL,2025-01-04
43104,AZ,2024-02-17
43105,NJ,2024-06-26
43106,IL,2023-11-25
43107,TX,2024-07-13
43108,WA,2025-08-18
43109,MI,2023-05-11
43110,NJ,2024-10-23
43111,FL,2024-01-06
43112,NC,2024-03-31
43113,NC,2023-01-25
43114,PA,2025-10-14
43115,GA,2025-10-01
43116,GA,2023-11-05
43117,CA,2023-06-28
43118,CO,2023-07-25
43119,MI,2023-01-05
43120,GA,2023-06-27
43121,WA,2023-11-11
43122,FL,2025-07-05
43123,NC,2025-04-26
43124,FL,2023-05-11
43125,NY,2023-11-02
43126,GA,2023-11-06
43127,WA,2026-01-19
43128,NJ,2023-09-19
43129,TX,2025-03-19
43130,IL,2024-03-13
43131,GA,2024-06-05
43132,GA,2026-02-15
43133,PA,2023-08-18
43134,VA,2023-06-06
43135,WA,2023-11-30
43136,CO,2024-12-12
43137,FL,2025-01-13
43138,WA,2025-09-03
43139,MA,2023-10-26
43140,MA,2024-12-20
43141,VA,2023-01-13
43142,MA,2024-12-01
43143,CO,2024-01-18
43144,NJ,2023-06-24
43145,WA,2024-02-07
43146,MI,2024-10-04
43147,CA,2025-05-24
43148,NJ,2024-03-31
43149,GA,2024-11-10
43150,GA,2023-09-25
43151,MI,2024-11-01
43152,MA,2024-11-05
43153,PA,2023-12-06
43154,IL,2025-11-16
43155,VA,2024-07-17
43156,VA,2023-05-15
43157,WA,2025-03-23
43158,WA,2025-03-11
43159,MI,2025-11-06
43160,TX,2024-09-19
43161,NC,2025-03-16
43162,CA,2024-02-22
43163,IL,2025-12-08
43164,CO,2025-12-20
43165,AZ,2025-10-04
43166,NY,2023-05-26
43167,CO,2024-12-02
43168,CO,2025-10-26
43169,NC,2025-05-12
43170,CO,2024-03-07
43171,NC,2023-12-10
43172,MI,2024-09-09
43173,TX,2025-02-17
43174,NC,2024-06-16
43175,CO,2024-05-01
43176,NJ,2023-02-24
43177,MI,2023-06-26
43178,PA,2025-06-02
43179,PA,2024-04-12
43180,AZ,2024-05-09
43181,FL,2025-09-14
43182,TX,2026-02-15
43183,NJ,2023-07-21
43184,GA,2025-05-13
43185,CO,2025-08-16
43186,NC,2023-06-30
43187,VA,2023-02-05
43188,VA,2025-11-25
43189,NY,2024-06-15
43190,VA,2024-04-14
43191,VA,2025-10-26
43192,MI,2024-04-03
43193,VA,2023-06-08
43194,AZ,2023-12-18
43195,CO,2025-05-23
43196,NJ,2025-12-06
43197,NJ,2023-04-20
43198,TX,2025-09-02
43199,NC,2024-05-01
43200,PA,2023-08-05
43201,AZ,2023-04-14
43202,IL,2024-11-10
43203,WA,2025-11-17
43204,CO,2025-02-04
43205,GA,2025-08-01
43206,NJ,2025-03-22
43207,MA,2024-05-19
43208,IL,2025-06-19
43209,IL,2023-08-29
43210,CA,2023-07-21
43211,WA,2024-03-01
43212,AZ,2023-12-20
43213,CO,2024-01-02
43214,IL,2023-03-26
43215,PA,2023-12-03
43216,CA,2025-07-20
43217,MI,2025-07-24
43218,MI,2023-01-21
43219,WA,2024-10-17
43220,VA,2024-05-06
43221,NJ,2025-10-23
43222,PA,2023-01-23
43223,WA,2023-05-21
43224,PA,2025-11-27
43225,TX,2023-08-10
43226,CO,2025-01-12
43227,MI,2023-01-20
43228,GA,2026-01-30
43229,IL,2025-06-23
43230,IL,2025-12-16
43231,NY,2024-11-08
43232,NC,2023-04-27
43233,NY,2023-11-17
43234,IL,2023-09-25
43235,PA,2024-03-11
43236,CO,2025-02-04
43237,NY,2025-12-10
43238,GA,2025-09-08
43239,VA,2023-11-16
43240,PA,2025-01-01
43241,AZ,2025-01-14
43242,GA,2023-01-24
43243,MI,2025-11-25
43244,AZ,2025-05-24
43245,FL,2025-04-03
43246,FL,2024-12-20
43247,FL,2025-04-05
43248,NJ,2024-06-27
43249,WA,2023-09-15
43250,CO,2023-06-26
43251,NY,2024-08-17
43252,NJ,2025-06-08
43253,WA,2023-09-25
43254,AZ,2024-12-17
43255,NY,2024-03-22
43256,MI,2024-11-05
43257,NJ,2023-08-28
43258,NJ,2023-04-27
43259,CO,2023-09-23
43260,CA,2024-10-17
43261,MI,2025-03-14
43262,MA,2024-08-09
43263,TX,2025-11-06
43264,FL,2023-01-12
43265,AZ,2024-05-29
43266,MI,2025-06-01
43267,CO,2024-08-07
43268,TX,2023-03-24
43269,PA,2024-01-18
43270,VA,2024-09-17
43271,VA,2023-03-25
43272,MA,2025-09-10
43273,PA,2024-05-27
43274,CA,2023-06-21
43275,GA,2024-05-05
43276,VA,2023-09-23
43277,IL,2025-10-28
43278,TX,2023-05-25
43279,MA,2024-09-28
43280,MI,2025-04-10
43281,VA,2025-05-12
43282,WA,2023-03-09
43283,CO,2025-02-13
43284,CO,2024-02-04
43285,PA,2025-02-20
43286,GA,2023-09-07
43287,IL,2025-06-03
43288,FL,2024-01-19
43289,VA,2024-06-20
43290,NY,2025-02-21
43291,TX,2024-07-23
43292,WA,2023-01-24
43293,CO,2025-08-24
43294,PA,2026-02-24
43295,NC,2023-01-18
43296,NY,2025-12-22
43297,WA,2024-04-18
43298,AZ,2025-01-19
43299,GA,2025-10-28
43300,NY,2023-08-12
43301,MI,2023-07-19
43302,CO,2023-05-13
43303,TX,2025-04-27
43304,CO,2024-06-22
43305,FL,2024-01-17
43306,FL,2023-08-19
43307,PA,2024-12-05
43308,MA,2024-07-28
43309,WA,2025-06-19
43310,FL,2023-02-21
43311,MA,2023-12-03
43312,PA,2025-09-19
43313,TX,2024-08-17
43314,MI,2023-11-29
43315,GA,2024-11-13
43316,AZ,2024-11-25
43317,VA,2024-04-18
43318,WA,2025-03-19
43319,PA,2025-03-13
43320,TX,2024-12-20
43321,NY,2025-04-04
43322,MA,2025-03-08
43323,PA,2024-01-14
43324,MA,2025-02-02
43325,PA,2024-12-21
43326,VA,2023-07-24
43327,WA,2023-12-24
43328,FL,2023-09-06
43329,VA,2025-06-21
43330,NJ,2025-06-23
43331,NY,2024-10-31
43332,NY,2024-09-04
43333,MA,2025-02-28
43334,NC,2025-07-31
43335,MA,2024-05-25
43336,FL,2023-10-14
43337,AZ,2024-01-23
43338,FL,2025-02-16
43339,FL,2025-01-03
43340,NJ,2025-09-27
43341,NY,2025-06-21
43342,VA,2023-05-23
43343,VA,2024-08-08
43344,GA,2024-07-17
43345,CA,2025-02-19
43346,MI,2025-12-03
43347,CO,2024-04-09
43348,IL,2025-01-31
43349,MI,2024-10-18
43350,VA,2025-04-30
43351,NC,2023-03-12
43352,MA,2025-07-03
43353,PA,2023-08-09
43354,WA,2024-09-09
43355,IL,2024-06-24
43356,IL,2024-04-30
43357,VA,2024-01-27
43358,GA,2024-08-02
43359,NC,2023-04-02
43360,VA,2024-08-09
43361,FL,2023-12-04
43362,PA,2023-02-27
43363,NJ,2023-03-02
43364,PA,2024-02-28
43365,VA,2023-09-30
43366,WA,2023-08-14
43367,FL,2024-12-24
43368,CA,2025-06-25
43369,NC,2025-05-13
43370,IL,2025-04-17
43371,WA,2023-12-04
43372,FL,2024-01-12
43373,IL,2023-06-03
43374,PA,2025-10-28
43375,WA,2023-10-09
43376,TX,2025-11-23
43377,NY,2024-04-19
43378,VA,2024-01-20
43379,IL,2026-01-10
43380,FL,2024-10-10
43381,NJ,2025-08-12
43382,MI,2023-12-30
43383,VA,2025-10-26
43384,NC,2024-08-15
43385,TX,2025-05-05
43386,AZ,2024-08-08
43387,CO,2024-10-28
43388,PA,2024-12-06
43389,GA,2025-06-10
43390,MI,2024-03-17
43391,MA,2025-01-06
43392,NY,2024-01-27
43393,CO,2024-03-10
43394,NJ,2023-04-11
43395,VA,2025-09-16
43396,VA,2023-04-15
43397,NJ,2023-02-28
43398,WA,2023-07-29
43399,MI,2023-04-05
43400,MI,2024-08-24
43401,MI,2023-02-20
43402,NJ,2025-06-19
43403,NC,2024-05-15
43404,MA,2024-12-15
43405,WA,2024-07-17
43406,NY,2026-01-30
43407,PA,2025-07-07
43408,PA,2026-02-17
43409,PA,2023-11-04
43410,FL,2025-05-25
43411,VA,2024-04-17
43412,NJ,2023-03-17
43413,WA,2024-10-04
43414,IL,2023-06-01
43415,WA,2024-08-13
43416,NC,2025-05-12
43417,NJ,2024-05-05
43418,MI,2024-02-09
43419,CA,2023-09-09
43420,CA,2024-01-10
43421,MI,2026-02-16
43422,TX,2025-10-04
43423,GA,2023-06-02
43424,NJ,2026-01-02
43425,NY,2024-12-10
43426,NC,2023-06-23
43427,WA,2023-08-26
43428,GA,2025-02-02
43429,MA,2024-06-27
43430,NJ,2024-05-10
43431,CO,2023-06-30
43432,NY,2025-04-22
43433,WA,2023-04-08
43434,GA,2023-11-06
43435,CA,2024-01-15
43436,CA,2024-11-21
43437,NC,2024-04-04
43438,CO,2025-05-12
43439,NY,2025-07-25
43440,GA,2024-04-14
43441,NC,2024-12-30
43442,GA,2025-09-29
43443,FL,2024-01-04
43444,NY,2024-04-30
43445,TX,2024-07-10
43446,NC,2025-08-27
43447,CA,2023-05-07
43448,TX,2025-03-24
43449,WA,2026-02-09
43450,TX,2025-09-05
43451,TX,2023-09-28
43452,NC,2024-10-24
43453,IL,2023-06-11
43454,TX,2025-03-19
43455,TX,2025-08-07
43456,MI,2024-07-09
43457,GA,2025-01-01
43458,NY,2025-12-13
43459,CA,2024-06-03
43460,NC,2024-04-28
43461,CO,2023-06-20
43462,VA,2024-01-11
43463,AZ,2024-12-10
43464,TX,2026-01-05
43465,MA,2025-05-01
43466,NY,2023-01-05
43467,NJ,2024-07-24
43468,NJ,2025-11-08
43469,PA,2023-03-06
43470,CO,2023-08-24
43471,GA,2024-10-27
43472,CO,2023-10-16
43473,CO,2023-08-24
43474,CO,2025-01-18
43475,AZ,2024-02-26
43476,MA,2024-01-26
43477,NY,2025-01-02
43478,CO,2025-01-25
43479,WA,2025-10-25
43480,IL,2025-01-19
43481,FL,2025-07-24
43482,CA,2025-12-07
43483,VA,2024-07-11
43484,WA,2025-12-23
43485,TX,2024-12-04
43486,GA,2024-06-24
43487,FL,2025-11-08
43488,NC,2025-01-14
43489,NY,2025-01-29
43490,FL,2023-08-06
43491,TX,2023-11-04
43492,TX,2025-11-13
43493,WA,2023-10-10
43494,CA,2026-02-16
43495,WA,2023-09-06
43496,CO,2023-03-03
43497,MI,2025-10-17
43498,MI,2024-07-05
43499,NC,2025-10-30
43500,PA,2025-08-17
43501,GA,2024-07-20
43502,PA,2025-04-26
43503,CA,2025-10-04
43504,AZ,2026-01-17
43505,NY,2024-04-18
43506,NY,2025-11-12
43507,IL,2024-07-14
43508,CA,2023-12-28
43509,NJ,2025-02-10
43510,CA,2025-08-18
43511,NY,2024-11-09
43512,MI,2024-09-15
43513,PA,2023-07-26
43514,VA,2025-01-28
43515,FL,2023-10-01
43516,NY,2024-07-21
43517,FL,2024-11-22
43518,TX,2023-06-09
43519,TX,2025-12-29
43520,MI,2025-07-13
43521,GA,2024-12-09
43522,CO,2023-06-12
43523,PA,2026-01-11
43524,PA,2023-08-28
43525,NC,2024-04-30
43526,GA,2024-11-01
43527,CA,2024-02-28
43528,PA,2025-10-14
43529,WA,2025-12-01
43530,PA,2023-08-02
43531,PA,2024-11-14
43532,FL,2023-09-10
43533,NJ,2023-01-17
43534,AZ,2023-04-26
43535,GA,2024-11-23
43536,AZ,2025-03-22
43537,TX,2025-03-05
43538,WA,2023-05-31
43539,CO,2023-09-03
43540,NC,2025-12-17
43541,MI,2024-12-09
43542,WA,2024-05-21
43543,GA,2023-08-29
43544,NY,2026-01-20
43545,IL,2024-01-27
43546,WA,2023-02-15
43547,GA,2023-06-04
43548,MA,2025-12-29
43549,CO,2024-05-25
43550,MA,2023-10-09
43551,VA,2023-01-30
43552,NC,2024-12-21
43553,NC,2023-09-19
43554,WA,2023-03-24
43555,NJ,2025-08-07
43556,VA,2023-02-04
43557,AZ,2023-01-05
43558,WA,2025-05-19
43559,VA,2025-10-26
43560,NJ,2026-01-21
43561,FL,2023-11-11
43562,NY,2024-03-10
43563,AZ,2024-06-27
43564,GA,2025-02-07
43565,NC,2024-03-08
43566,NC,2023-04-22
43567,PA,2026-02-05
43568,NC,2024-03-10
43569,NC,2024-01-08
43570,TX,2023-09-28
43571,NJ,2025-07-08
43572,NJ,2023-07-08
43573,TX,2024-12-12
43574,TX,2026-02-12
43575,CO,2023-01-07
43576,IL,2026-01-04
43577,CA,2025-05-07
43578,PA,2024-08-02
43579,VA,2025-11-23
43580,MI,2024-12-31
43581,AZ,2024-03-26
43582,TX,2023-05-20
43583,FL,2023-11-10
43584,VA,2024-04-11
43585,NY,2024-09-25
43586,IL,2025-04-03
43587,NC,2023-03-23
43588,PA,2025-02-09
43589,CA,2023-04-06
43590,CA,2023-11-15
43591,CO,2024-01-24
43592,FL,2026-01-14
43593,MI,2024-01-06
43594,MI,2025-12-31
43595,CA,2025-12-11
43596,MA,2024-04-08
43597,GA,2026-01-24
43598,NC,2025-04-06
43599,MA,2023-12-02
43600,CA,2023-01-14
43601,CA,2024-12-17
43602,PA,2024-07-17
43603,CA,2023-10-08
43604,MI,2025-12-31
43605,CO,2023-02-25
43606,MA,2025-10-14
43607,AZ,2024-12-10
43608,TX,2024-01-25
43609,TX,2025-03-01
43610,PA,2025-08-12
43611,TX,2023-04-28
43612,NY,2023-12-03
43613,AZ,2023-08-12
43614,AZ,2023-11-13
43615,FL,2025-04-02
43616,MA,2023-12-02
43617,GA,2024-04-29
43618,TX,2023-09-16
43619,NC,2023-10-20
43620,MA,2024-05-18
43621,PA,2025-10-17
43622,MI,2023-01-04
43623,FL,2025-02-09
43624,CA,2024-09-11
43625,WA,2023-07-10
43626,CO,2025-09-28
43627,TX,2026-01-26
43628,NC,2024-09-01
43629,FL,2024-06-19
43630,MI,2024-11-07
43631,TX,2025-02-20
43632,MI,2025-02-21
43633,NC,2024-07-02
43634,AZ,2023-11-10
43635,AZ,2024-03-05
43636,CO,2024-08-16
43637,NC,2023-09-11
43638,CO,2025-04-03
43639,AZ,2025-01-18
43640,FL,2024-06-08
43641,NJ,2023-06-13
43642,NY,2024-05-19
43643,PA,2023-12-15
43644,TX,2025-07-18
43645,TX,2024-06-19
43646,FL,2023-06-30
43647,NJ,2024-06-22
43648,VA,2026-01-02
43649,NY,2025-10-23
43650,NY,2025-03-06
43651,TX,2023-09-22
43652,PA,2024-06-25
43653,CA,2025-03-01
43654,CO,2024-02-04
43655,IL,2026-02-17
43656,TX,2024-02-24
43657,CA,2023-02-15
43658,TX,2026-01-08
43659,CA,2025-02-06
43660,TX,2025-05-09
43661,FL,2025-06-04
43662,IL,2024-02-08
43663,MA,2026-02-06
43664,MA,2024-07-21
43665,GA,2023-08-26
43666,CO,2024-04-11
43667,VA,2023-07-09
43668,FL,2025-08-18
43669,IL,2024-10-30
43670,NJ,2023-05-06
43671,CA,2024-09-29
43672,CO,2024-10-01
43673,IL,2023-03-24
43674,NY,2023-02-12
43675,CO,2024-12-14
43676,FL,2025-06-05
43677,GA,2023-05-25
43678,FL,2023-07-01
43679,CA,2025-06-30
43680,MA,2024-03-18
43681,NC,2025-02-05
43682,WA,2025-03-01
43683,NC,2024-06-27
43684,NJ,2025-05-21
43685,PA,2024-12-14
43686,WA,2025-09-20
43687,FL,2024-02-18
43688,IL,2024-09-18
43689,CA,2024-02-24
43690,TX,2023-09-19
43691,NJ,2025-03-11
43692,PA,2025-10-25
43693,MA,2023-11-08
43694,NJ,2024-06-23
43695,CO,2025-06-21
43696,PA,2025-01-19
43697,GA,2025-12-18
43698,CA,2025-07-03
43699,FL,2025-04-09
43700,NY,2023-02-19
43701,NY,2024-09-23
43702,CA,2025-05-19
43703,WA,2024-12-23
43704,NY,2023-06-14
43705,FL,2023-09-20
43706,GA,2023-10-21
43707,NJ,2023-07-28
43708,TX,2025-06-07
43709,MI,2024-10-30
43710,CO,2023-11-03
43711,NC,2023-12-30
43712,VA,2023-04-13
43713,IL,2024-02-03
43714,NC,2024-08-31
43715,WA,2025-02-17
43716,NY,2023-12-18
43717,NJ,2023-04-02
43718,VA,2025-10-05
43719,TX,2025-11-18
43720,CO,2025-11-05
43721,MI,2023-07-25
43722,PA,2025-03-15
43723,PA,2023-01-18
43724,GA,2023-06-26
43725,NJ,2024-03-16
43726,NJ,2024-12-21
43727,MA,2024-06-14
43728,CA,2025-12-29
43729,PA,2024-09-19
43730,PA,2025-09-04
43731,VA,2025-03-31
43732,VA,2024-06-05
43733,IL,2024-07-12
43734,MA,2024-10-28
43735,PA,2024-10-26
43736,IL,2024-09-06
43737,NC,2025-06-24
43738,NJ,2024-01-27
43739,VA,2025-09-19
43740,NY,2025-08-15
43741,VA,2025-07-13
43742,GA,2023-02-22
43743,TX,2025-09-20
43744,IL,2025-05-23
43745,IL,2023-01-04
43746,CO,2024-11-12
43747,VA,2024-09-21
43748,FL,2026-01-03
43749,MI,2023-07-24
43750,IL,2024-06-29
43751,CA,2024-06-09
43752,GA,2025-08-06
43753,PA,2025-02-07
43754,GA,2025-02-14
43755,MA,2024-02-06
43756,NJ,2024-10-01
43757,VA,2025-01-04
43758,CA,2023-03-08
43759,TX,2025-05-05
43760,PA,2024-09-24
43761,WA,2023-08-14
43762,FL,2025-03-13
43763,WA,2023-07-08
43764,MA,2023-07-30
43765,GA,2023-12-09
43766,CA,2024-05-02
43767,WA,2025-09-20
43768,TX,2023-12-13
43769,TX,2023-11-19
43770,NJ,2024-05-08
43771,NY,2023-03-18
43772,IL,2025-09-02
43773,AZ,2023-01-03
43774,IL,2024-06-21
43775,TX,2025-08-08
43776,CA,2023-01-03
43777,MA,2025-03-06
43778,NY,2023-08-27
43779,CO,2024-03-02
43780,TX,2024-06-25
43781,CA,2023-12-09
43782,NC,2024-09-12
43783,GA,2025-04-08
43784,WA,2023-09-14
43785,CA,2023-03-05
43786,NC,2024-12-31
43787,NJ,2023-05-22
43788,IL,2025-02-04
43789,NC,2026-01-01
43790,TX,2025-08-21
43791,NJ,2024-11-23
43792,MI,2024-02-19
43793,FL,2026-02-19
43794,CO,2025-01-05
43795,MI,2024-03-25
43796,WA,2025-01-21
43797,PA,2025-03-15
43798,IL,2025-01-25
43799,NC,2024-06-09
43800,FL,2023-10-08
43801,IL,2024-06-03
43802,TX,2024-01-13
43803,NC,2024-05-15
43804,PA,2025-06-28
43805,CA,2023-03-25
43806,IL,2025-12-01
43807,AZ,2023-02-03
43808,VA,2024-04-18
43809,CA,2025-04-02
43810,NC,2025-08-17
43811,PA,2024-05-20
43812,TX,2023-07-04
43813,PA,2023-07-19
43814,CO,2025-09-11
43815,MA,2025-12-02
43816,CO,2023-04-14
43817,NC,2025-11-06
43818,NC,2026-01-17
43819,NY,2023-06-10
43820,NC,2025-04-16
43821,MA,2025-06-29
43822,AZ,2024-12-03
43823,FL,2025-12-15
43824,CA,2024-11-13
43825,NJ,2025-03-12
43826,TX,2023-03-10
43827,WA,2025-11-09
43828,AZ,2023-10-24
43829,NC,2023-02-19
43830,CO,2023-07-21
43831,NY,2024-02-27
43832,NY,2023-06-14
43833,CO,2026-02-23
43834,AZ,2025-10-02
43835,GA,2023-11-09
43836,NC,2025-06-18
43837,VA,2023-09-19
43838,VA,2025-06-29
43839,CA,2024-09-12
43840,AZ,2025-07-29
43841,NY,2024-08-16
43842,MI,2025-04-28
43843,FL,2024-03-19
43844,PA,2024-04-25
43845,TX,2024-09-03
43846,CA,2025-05-06
43847,FL,2024-09-18
43848,NJ,2023-11-29
43849,VA,2023-10-15
43850,NJ,2023-01-31
43851,NY,2025-08-13
43852,NC,2024-02-11
43853,WA,2023-01-27
43854,CA,2024-05-16
43855,AZ,2024-10-02
43856,CO,2023-10-07
43857,NC,2025-02-10
43858,NY,2024-07-29
43859,NJ,2025-04-07
43860,TX,2025-06-23
43861,TX,2023-07-21
43862,FL,2024-07-25
43863,MA,2025-10-07
43864,VA,2024-01-12
43865,GA,2023-03-06
43866,TX,2024-06-17
43867,CA,2023-10-05
43868,MI,2025-11-13
43869,NJ,2023-02-09
43870,NC,2026-01-09
43871,MI,2024-10-11
43872,CA,2025-02-11
43873,PA,2023-08-31
43874,NJ,2024-10-28
43875,IL,2023-04-29
43876,WA,2024-09-23
43877,NC,2024-05-20
43878,MA,2024-02-29
43879,MA,2023-08-20
43880,TX,2024-07-29
43881,MA,2025-05-19
43882,GA,2024-03-19
43883,CO,2025-01-13
43884,TX,2025-06-29
43885,NC,2023-06-01
43886,WA,2024-06-03
43887,VA,2025-10-08
43888,VA,2024-02-17
43889,AZ,2025-06-23
43890,CO,2024-09-15
43891,NY,2024-06-19
43892,AZ,2025-11-28
43893,AZ,2024-11-17
43894,MA,2024-09-04
43895,NJ,2025-01-07
43896,NC,2025-05-15
43897,NC,2025-02-26
43898,MA,2025-02-11
43899,NJ,2023-08-24
43900,PA,2024-02-24
43901,AZ,2024-04-22
43902,VA,2024-11-20
43903,CO,2024-10-12
43904,CA,2023-05-05
43905,CO,2025-02-12
43906,AZ,2023-10-09
43907,CA,2023-05-31
43908,TX,2025-07-09
43909,GA,2023-01-04
43910,FL,2025-02-14
43911,NC,2023-05-06
43912,VA,2023-04-26
43913,GA,2024-06-23
43914,CA,2025-10-08
43915,CO,2024-11-04
43916,TX,2023-07-06
43917,NJ,2023-02-02
43918,MA,2025-04-08
43919,NY,2025-09-15
43920,VA,2025-03-15
43921,MA,2023-01-13
43922,MA,2023-12-25
43923,GA,2025-04-02
43924,NY,2023-01-14
43925,CO,2023-06-09
43926,WA,2025-06-25
43927,NC,2025-01-08
43928,GA,2025-12-04
43929,CO,2024-03-28
43930,TX,2025-04-13
43931,TX,2024-10-27
43932,NJ,2025-03-08
43933,PA,2023-11-29
43934,NC,2025-06-10
43935,CO,2025-10-05
43936,GA,2023-04-14
43937,NY,2023-06-04
43938,TX,2023-03-22
43939,AZ,2024-02-03
43940,AZ,2024-08-31
43941,CO,2023-01-30
43942,NY,2024-03-09
43943,CO,2025-10-27
43944,WA,2025-02-22
43945,IL,2024-12-15
43946,AZ,2025-07-21
43947,NC,2024-08-12
43948,MI,2024-10-24
43949,PA,2023-07-06
43950,FL,2025-11-17
43951,TX,2024-05-04
43952,CO,2025-08-22
43953,GA,2025-10-18
43954,MI,2024-11-21
43955,VA,2023-09-12
43956,MI,2023-08-03
43957,CO,2023-04-25
43958,GA,2024-10-12
43959,CA,2025-03-13
43960,WA,2025-12-14
43961,PA,2024-08-16
43962,MA,2024-06-21
43963,CO,2024-07-12
43964,AZ,2024-05-24
43965,NJ,2023-11-09
43966,NY,2026-02-17
43967,PA,2024-04-02
43968,NJ,2024-05-17
43969,AZ,2025-11-30
43970,FL,2023-01-01
43971,MA,2023-02-03
43972,WA,2025-05-19
43973,CA,2024-02-29
43974,VA,2025-12-24
43975,AZ,2024-05-30
43976,NY,2025-08-16
43977,WA,2025-11-10
43978,IL,2025-04-11
43979,CA,2023-06-03
43980,PA,2025-05-19
43981,TX,2023-09-01
43982,IL,2025-12-28
43983,IL,2025-07-08
43984,MA,2023-02-01
43985,NC,2024-08-07
43986,PA,2024-02-19
43987,AZ,2023-08-21
43988,AZ,2024-02-03
43989,TX,2024-05-29
43990,CA,2023-04-14
43991,VA,2023-02-04
43992,MA,2024-09-18
43993,PA,2023-11-06
43994,NJ,2024-12-17
43995,TX,2025-05-03
43996,WA,2026-02-09
43997,FL,2024-12-11
43998,PA,2025-01-31
43999,MI,2025-05-01
44000,CA,2026-01-29
44001,PA,2024-08-17
44002,MA,2024-10-29
44003,AZ,2024-09-02
44004,VA,2023-08-28
44005,FL,2024-01-14
44006,CA,2023-08-31
44007,NJ,2024-04-24
44008,IL,2023-03-10
44009,FL,2024-12-16
44010,VA,2025-07-06
44011,FL,2025-11-01
44012,MI,2026-01-21
44013,NY,2024-05-01
44014,CA,2025-03-17
44015,TX,2025-02-12
44016,NC,2024-11-18
44017,WA,2025-10-28
44018,PA,2023-03-11
44019,GA,2023-03-02
44020,AZ,2023-12-05
44021,MI,2025-05-11
44022,MA,2023-10-31
44023,FL,2024-09-10
44024,CO,2023-10-11
44025,PA,2025-11-23
44026,FL,2023-10-09
44027,IL,2024-12-03
44028,PA,2024-10-23
44029,CA,2024-04-24
44030,AZ,2024-09-10
44031,IL,2025-07-20
44032,NC,2024-07-02
44033,WA,2024-10-04
44034,AZ,2025-09-14
44035,NY,2025-01-13
44036,CA,2025-12-23
44037,VA,2023-12-30
44038,IL,2024-02-11
44039,NJ,2025-08-24
44040,NY,2025-12-17
44041,GA,2023-09-22
44042,GA,2025-06-19
44043,CA,2024-09-13
44044,MI,2023-03-06
44045,WA,2024-01-03
44046,CO,2024-08-13
44047,FL,2025-09-30
44048,TX,2024-11-14
44049,WA,2023-05-11
44050,WA,2024-12-17
44051,CO,2025-02-11
44052,IL,2024-10-23
44053,MI,2025-04-01
44054,NY,2024-03-09
44055,NJ,2023-04-17
44056,CA,2023-01-26
44057,VA,2024-08-01
44058,TX,2023-07-01
44059,NY,2024-09-30
44060,FL,2024-01-13
44061,TX,2025-11-13
44062,MI,2025-09-26
44063,MI,2023-09-26
44064,GA,2023-11-27
44065,MI,2023-04-19
44066,WA,2025-01-16
44067,FL,2025-12-05
44068,NC,2023-08-31
44069,GA,2025-02-11
44070,FL,2023-05-21
44071,IL,2024-02-04
44072,AZ,2024-06-24
44073,NC,2023-01-19
44074,CA,2024-08-15
44075,MI,2023-08-09
44076,VA,2023-10-15
44077,NY,2024-08-05
44078,MI,2023-11-21
44079,FL,2025-09-10
44080,GA,2025-08-09
44081,IL,2024-09-26
44082,IL,2024-05-10
44083,NJ,2023-01-23
44084,GA,2024-04-06
44085,PA,2024-01-14
44086,FL,2023-07-08
44087,TX,2024-03-24
44088,MA,2024-10-03
44089,PA,2023-12-15
44090,MI,2024-11-28
44091,MA,2025-04-20
44092,GA,2023-01-28
44093,MI,2024-11-03
44094,IL,2025-03-09
44095,NY,2025-12-07
44096,IL,2025-10-15
44097,MI,2024-07-10
44098,CO,2025-07-16
44099,IL,2023-11-03
44100,GA,2025-03-25
44101,MI,2025-04-08
44102,FL,2024-06-30
44103,TX,2025-12-15
44104,NJ,2024-11-18
44105,WA,2023-03-27
44106,TX,2024-10-21
44107,NJ,2025-06-29
44108,PA,2024-07-27
44109,NY,2025-11-03
44110,NY,2026-02-02
44111,FL,2023-06-27
44112,TX,2023-07-28
44113,GA,2025-12-28
44114,AZ,2025-06-29
44115,MA,2025-10-12
44116,IL,2025-12-22
44117,NC,2025-03-05
44118,PA,2024-01-17
44119,CO,2025-04-08
44120,GA,2025-01-17
44121,TX,2023-06-16
44122,PA,2025-10-20
44123,NC,2024-09-20
44124,MA,2023-08-21
44125,GA,2023-06-12
44126,CA,2024-08-15
44127,NC,2024-05-18
44128,GA,2024-05-20
44129,AZ,2024-09-26
44130,MA,2023-03-01
44131,NC,2025-12-21
44132,AZ,2026-02-03
44133,FL,2024-02-04
44134,VA,2025-09-15
44135,MI,2024-06-27
44136,NJ,2023-12-24
44137,PA,2024-05-01
44138,IL,2023-09-04
44139,NJ,2023-02-07
44140,NJ,2024-11-09
44141,IL,2024-03-21
44142,IL,2023-01-16
44143,MI,2023-02-23
44144,NY,2025-01-18
44145,WA,2023-01-18
44146,MA,2025-02-10
44147,IL,2024-07-02
44148,TX,2025-12-27
44149,NJ,2025-09-03
44150,PA,2025-06-06
44151,WA,2024-11-18
44152,VA,2023-01-19
44153,CO,2024-08-20
44154,NJ,2025-01-16
44155,WA,2023-11-05
44156,PA,2023-05-26
44157,NC,2025-03-17
44158,TX,2026-01-20
44159,GA,2023-11-25
44160,NJ,2025-02-21
44161,TX,2024-08-07
44162,NY,2025-05-20
44163,IL,2026-01-03
44164,CO,2025-09-10
44165,IL,2026-01-13
44166,CA,2024-12-03
44167,CO,2023-12-04
44168,CA,2025-03-04
44169,GA,2023-06-26
44170,CO,2025-02-10
44171,IL,2023-09-04
44172,MI,2026-02-26
44173,NY,2024-08-11
44174,VA,2024-12-14
44175,GA,2026-01-09
44176,CO,2024-09-22
44177,VA,2026-02-04
44178,FL,2024-10-10
44179,NY,2026-01-23
44180,VA,2026-01-27
44181,AZ,2025-06-24
44182,MI,2024-11-19
44183,IL,2023-02-17
44184,CA,2023-06-25
44185,MA,2024-02-03
44186,CA,2023-02-14
44187,MI,2023-11-10
44188,VA,2023-06-15
44189,IL,2025-10-12
44190,WA,2024-04-25
44191,PA,2025-05-30
44192,NC,2024-11-29
44193,AZ,2024-08-31
44194,TX,2023-07-10
44195,IL,2023-02-12
44196,FL,2025-02-10
44197,AZ,2024-11-13
44198,PA,2023-08-25
44199,IL,2025-03-27
44200,FL,2024-06-15
44201,MI,2024-11-15
44202,CA,2024-10-18
44203,WA,2024-07-31
44204,CO,2024-03-09
44205,IL,2024-03-29
44206,NC,2026-02-24
44207,GA,2024-10-03
44208,FL,2024-03-02
44209,NC,2023-03-14
44210,GA,2024-02-25
44211,CO,2024-03-11
44212,TX,2023-10-09
44213,AZ,2024-02-13
44214,IL,2023-11-16
44215,FL,2025-07-14
44216,CA,2024-01-04
44217,GA,2024-01-29
44218,FL,2024-09-12
44219,NJ,2026-01-26
44220,AZ,2025-09-23
44221,WA,2026-01-09
44222,TX,2025-11-06
44223,FL,2025-12-29
44224,VA,2024-05-26
44225,GA,2025-04-11
44226,MI,2025-05-23
44227,MA,2023-08-26
44228,CO,2024-02-19
44229,TX,2023-02-26
44230,MI,2026-02-27
44231,TX,2024-09-08
44232,MI,2024-08-16
44233,AZ,2023-02-19
44234,MA,2024-04-14
44235,CO,2025-03-19
44236,AZ,2024-04-29
44237,WA,2023-11-28
44238,CA,2025-08-23
44239,TX,2023-05-25
44240,WA,2023-07-25
44241,TX,2025-06-24
44242,MI,2023-03-31
44243,AZ,2023-06-19
44244,CA,2024-04-07
44245,MA,2024-10-15
44246,CA,2024-02-24
44247,NC,2024-02-01
44248,VA,2026-01-15
44249,IL,2023-11-05
44250,IL,2024-12-15
44251,AZ,2023-05-13
44252,MA,2023-10-31
44253,PA,2023-10-07
44254,NJ,2023-07-20
44255,CA,2024-05-05
44256,NJ,2023-10-25
44257,TX,2024-03-23
44258,PA,2023-07-16
44259,GA,2026-01-19
44260,NY,2025-01-01
44261,AZ,2023-03-02
44262,WA,2025-04-30
44263,TX,2023-03-13
44264,PA,2025-04-02
44265,PA,2024-03-27
44266,VA,2023-07-18
44267,WA,2025-04-03
44268,MA,2023-10-10
44269,CA,2025-11-29
44270,TX,2024-01-06
44271,NJ,2024-04-21
44272,VA,2023-02-27
44273,IL,2024-07-01
44274,MA,2024-12-14
44275,NC,2024-02-20
44276,TX,2023-08-27
44277,FL,2024-01-19
44278,IL,2024-02-11
44279,WA,2023-04-21
44280,NJ,2023-10-12
44281,GA,2023-10-28
44282,VA,2024-08-25
44283,PA,2024-06-29
44284,CA,2026-01-18
44285,MI,2024-08-04
44286,VA,2025-04-29
44287,WA,2025-12-30
44288,NJ,2024-10-03
44289,CA,2023-12-20
44290,CO,2024-10-02
44291,MA,2024-09-24
44292,WA,2023-07-01
44293,IL,2026-02-22
44294,FL,2023-04-20
44295,GA,2023-06-13
44296,AZ,2023-04-13
44297,TX,2024-02-08
44298,NY,2025-12-03
44299,MA,2025-11-21
44300,VA,2023-09-06
44301,NY,2025-03-16
44302,VA,2024-06-26
44303,IL,2024-06-13
44304,NJ,2024-02-17
44305,CO,2025-09-17
44306,TX,2025-04-10
44307,TX,2025-05-29
44308,TX,2025-04-28
44309,CA,2024-06-15
44310,GA,2025-11-20
44311,WA,2024-11-28
44312,GA,2025-09-25
44313,WA,2024-01-26
44314,MA,2023-08-12
44315,CA,2025-09-09
44316,GA,2025-08-14
44317,CA,2024-05-23
44318,MI,2023-02-18
44319,FL,2025-03-18
44320,MA,2024-12-10
44321,NJ,2025-11-04
44322,MI,2023-12-12
44323,PA,2025-02-18
44324,GA,2024-05-07
44325,CA,2023-08-27
44326,PA,2024-10-27
44327,AZ,2025-07-14
44328,VA,2025-05-10
44329,NJ,2025-07-14
44330,MI,2023-03-18
44331,VA,2023-08-21
44332,IL,2023-06-20
44333,NJ,2024-06-17
44334,NC,2025-01-16
44335,NJ,2025-09-27
44336,MI,2023-09-30
44337,WA,2025-11-14
44338,TX,2025-01-26
44339,NC,2025-04-17
44340,NY,2024-07-02
44341,CA,2024-04-18
44342,MI,2024-05-30
44343,NY,2023-02-27
44344,PA,2023-06-21
44345,VA,2023-09-30
44346,FL,2023-05-26
44347,IL,2025-05-03
44348,PA,2025-04-08
44349,WA,2023-10-27
44350,AZ,2023-05-27
44351,FL,2025-07-09
44352,CO,2024-07-02
44353,PA,2025-10-17
44354,MA,2025-12-17
44355,AZ,2023-02-01
44356,FL,2024-02-14
44357,NC,2024-03-06
44358,VA,2023-08-10
44359,VA,2023-02-20
44360,WA,2025-03-19
44361,PA,2025-09-24
44362,NC,2024-12-05
44363,WA,2024-07-26
44364,TX,2025-06-13
44365,VA,2024-04-03
44366,GA,2025-03-13
44367,NJ,2024-08-19
44368,WA,2025-11-29
44369,PA,2025-09-04
44370,VA,2025-07-28
44371,NC,2023-09-04
44372,NY,2023-12-04
44373,VA,2024-06-07
44374,MI,2023-02-09
44375,FL,2025-11-19
44376,PA,2025-04-11
44377,FL,2023-10-24
44378,WA,2025-04-26
44379,CO,2023-10-30
44380,WA,2025-01-01
44381,CA,2024-08-28
44382,NY,2024-03-07
44383,MI,2025-06-07
44384,TX,2023-08-30
44385,TX,2024-12-31
44386,NC,2025-05-13
44387,IL,2024-05-06
44388,GA,2023-11-07
44389,NC,2025-07-20
44390,CA,2024-10-20
44391,IL,2023-05-26
44392,GA,2024-12-30
44393,FL,2025-09-16
44394,NC,2025-07-12
44395,TX,2023-05-31
44396,VA,2024-04-07
44397,IL,2023-01-11
44398,IL,2024-03-02
44399,VA,2025-05-02
44400,NY,2025-06-14
44401,MI,2023-10-28
44402,WA,2023-02-08
44403,CA,2025-09-17
44404,VA,2024-08-13
44405,GA,2025-09-11
44406,GA,2025-10-15
44407,TX,2025-07-29
44408,WA,2025-05-25
44409,MI,2024-05-30
44410,TX,2024-12-05
44411,MA,2024-09-05
44412,VA,2024-11-26
44413,MI,2025-06-25
44414,CA,2024-08-19
44415,MI,2024-07-15
44416,WA,2023-12-14
44417,IL,2024-07-17
44418,AZ,2023-09-19
44419,NJ,2024-12-10
44420,PA,2023-10-16
44421,AZ,2025-04-28
44422,MA,2024-01-31
44423,TX,2023-10-14
44424,MA,2025-09-21
44425,FL,2024-06-29
44426,NC,2023-02-01
44427,NJ,2024-07-05
44428,AZ,2025-11-20
44429,IL,2025-10-02
44430,WA,2023-10-25
44431,FL,2025-04-22
44432,IL,2024-11-30
44433,VA,2024-02-19
44434,PA,2025-11-24
44435,TX,2023-01-27
44436,TX,2024-10-06
44437,WA,2026-01-03
44438,NJ,2025-08-04
44439,WA,2025-01-12
44440,GA,2024-08-26
44441,MI,2025-07-24
44442,FL,2023-12-12
44443,WA,2023-07-15
44444,PA,2023-07-29
44445,GA,2025-08-31
44446,FL,2024-06-11
44447,VA,2024-09-20
44448,MI,2024-02-08
44449,MI,2023-07-09
44450,TX,2023-04-17
44451,MA,2024-10-29
44452,MA,2024-03-19
44453,CO,2024-06-11
44454,FL,2025-11-18
44455,FL,2024-12-12
44456,AZ,2024-10-25
44457,AZ,2025-03-19
44458,GA,2023-03-04
44459,NC,2024-05-08
44460,MA,2023-09-27
44461,TX,2026-02-26
44462,MI,2025-06-04
44463,VA,2023-12-19
44464,GA,2024-10-01
44465,VA,2024-10-12
44466,WA,2023-05-28
44467,FL,2025-01-30
44468,CA,2026-01-07
44469,GA,2024-02-09
44470,IL,2026-01-15
44471,NJ,2025-04-20
44472,NY,2024-02-08
44473,VA,2023-04-27
44474,MA,2024-05-16
44475,TX,2025-01-17
44476,MI,2023-06-23
44477,IL,2026-02-03
44478,CO,2026-01-25
44479,TX,2024-04-22
44480,VA,2024-07-01
44481,PA,2025-05-22
44482,PA,2024-07-14
44483,WA,2025-05-30
44484,AZ,2023-11-22
44485,IL,2023-01-09
44486,CA,2025-10-01
44487,NC,2026-01-19
44488,MA,2024-12-05
44489,FL,2023-10-13
44490,NC,2024-02-20
44491,NJ,2024-12-24
44492,MI,2025-08-13
44493,MA,2025-08-08
44494,MA,2025-12-20
44495,NJ,2023-10-21
44496,WA,2023-12-06
44497,CO,2025-05-28
44498,CO,2025-03-29
44499,WA,2023-07-05
44500,WA,2026-01-20
44501,MA,2025-05-31
44502,IL,2025-02-14
44503,FL,2025-03-12
44504,NY,2024-10-23
44505,CO,2023-07-09
44506,TX,2023-12-19
44507,NY,2023-02-08
44508,PA,2026-01-01
44509,MI,2025-06-04
44510,NC,2023-01-22
44511,MA,2024-12-13
44512,NC,2023-01-31
44513,IL,2025-04-15
44514,CO,2026-01-06
44515,VA,2024-12-26
44516,AZ,2023-02-23
44517,IL,2024-01-06
44518,MA,2023-04-07
44519,NY,2025-06-03
44520,NC,2024-06-13
44521,AZ,2025-11-25
44522,NY,2023-11-14
44523,IL,2025-12-10
44524,GA,2023-10-14
44525,AZ,2024-10-11
44526,TX,2023-08-31
44527,NJ,2024-02-17
44528,NC,2023-08-10
44529,AZ,2025-11-20
44530,AZ,2025-05-21
44531,VA,2025-12-27
44532,CO,2025-09-20
44533,MI,2025-02-23
44534,WA,2023-04-06
44535,VA,2023-08-13
44536,IL,2025-01-04
44537,IL,2023-08-11
44538,NJ,2025-09-17
44539,PA,2023-04-30
44540,NC,2023-05-18
44541,NJ,2023-11-24
44542,VA,2025-05-27
44543,TX,2025-01-09
44544,NJ,2024-08-17
44545,NJ,2024-06-23
44546,WA,2026-01-16
44547,PA,2024-09-25
44548,CA,2023-12-06
44549,NY,2025-04-04
44550,NC,2023-03-23
44551,MI,2025-05-15
44552,TX,2024-02-02
44553,FL,2024-12-14
44554,VA,2023-12-24
44555,GA,2025-03-10
44556,CA,2023-06-30
44557,TX,2025-10-11
44558,TX,2024-07-13
44559,VA,2023-07-22
44560,MI,2025-02-22
44561,VA,2023-10-14
44562,IL,2023-05-13
44563,WA,2026-01-25
44564,TX,2026-01-22
44565,FL,2023-04-04
44566,NJ,2025-11-05
44567,MA,2024-04-18
44568,TX,2025-08-17
44569,GA,2023-07-30
44570,CO,2024-07-12
44571,VA,2024-03-18
44572,NY,2023-04-09
44573,WA,2023-01-20
44574,AZ,2023-01-21
44575,FL,2024-11-24
44576,PA,2024-07-14
44577,VA,2025-11-12
44578,WA,2023-04-18
44579,TX,2025-04-15
44580,NC,2024-08-27
44581,MI,2023-01-24
44582,NJ,2025-02-14
44583,CA,2024-03-28
44584,CO,2023-04-25
44585,GA,2024-01-29
44586,CO,2025-08-09
44587,FL,2024-09-11
44588,PA,2025-02-16
44589,NY,2024-08-18
44590,FL,2025-10-09
44591,AZ,2026-01-30
44592,GA,2023-09-23
44593,NC,2023-03-24
44594,GA,2025-07-25
44595,WA,2023-09-03
44596,WA,2025-03-21
44597,NC,2025-10-07
44598,TX,2024-11-01
44599,AZ,2026-02-15
44600,MI,2024-09-19
44601,IL,2024-12-07
44602,MA,2023-05-09
44603,PA,2023-07-18
44604,MI,2025-02-05
44605,NC,2025-07-17
44606,AZ,2026-01-05
44607,MI,2024-05-22
44608,PA,2025-12-11
44609,GA,2023-06-27
44610,MA,2026-02-10
44611,TX,2023-10-25
44612,PA,2024-01-15
44613,VA,2023-06-16
44614,MA,2023-12-28
44615,VA,2025-04-20
44616,CA,2024-05-18
44617,NY,2025-01-28
44618,FL,2024-04-01
44619,MA,2025-05-08
44620,MI,2025-07-13
44621,GA,2024-12-08
44622,MI,2023-07-04
44623,WA,2024-02-22
44624,MI,2024-12-15
44625,CO,2025-02-15
44626,MA,2025-03-05
44627,WA,2025-07-29
44628,VA,2023-05-03
44629,TX,2024-08-26
44630,TX,2023-03-02
44631,VA,2025-06-30
44632,IL,2023-04-02
44633,NC,2025-06-16
44634,NJ,2023-08-22
44635,FL,2025-08-27
44636,TX,2024-06-14
44637,FL,2025-10-14
44638,TX,2025-02-26
44639,VA,2025-04-05
44640,MI,2025-10-16
44641,PA,2025-04-06
44642,MI,2024-09-15
44643,MI,2023-08-30
44644,NC,2023-10-19
44645,NJ,2024-03-12
44646,NJ,2025-01-29
44647,VA,2025-12-13
44648,PA,2024-06-11
44649,IL,2023-02-19
44650,VA,2025-03-04
44651,MA,2025-03-09
44652,FL,2023-07-08
44653,TX,2025-07-26
44654,TX,2024-11-12
44655,NJ,2023-08-07
44656,TX,2024-10-20
44657,GA,2024-12-20
44658,NJ,2025-04-04
44659,NJ,2023-12-24
44660,AZ,2024-10-09
44661,AZ,2023-07-09
44662,PA,2025-10-29
44663,MI,2025-05-29
44664,TX,2025-02-13
44665,TX,2025-10-08
44666,CO,2025-11-12
44667,FL,2023-10-24
44668,MA,2023-11-24
44669,TX,2025-09-06
44670,CO,2023-01-11
44671,TX,2025-10-21
44672,WA,2025-03-22
44673,CA,2024-06-02
44674,PA,2026-02-20
44675,WA,2024-03-19
44676,IL,2025-01-12
44677,MA,2025-06-18
44678,NY,2023-06-04
44679,NY,2025-08-15
44680,AZ,2025-10-27
44681,GA,2024-03-13
44682,MI,2024-09-07
44683,MI,2025-05-12
44684,NC,2024-09-06
44685,CA,2025-08-20
44686,NY,2023-04-13
44687,NY,2024-10-21
44688,MI,2024-11-18
44689,VA,2024-02-22
44690,MI,2023-10-23
44691,NC,2024-05-31
44692,MA,2024-06-05
44693,IL,2024-11-16
44694,GA,2024-05-19
44695,NJ,2023-02-24
44696,MI,2024-10-09
44697,MA,2025-09-30
44698,TX,2024-09-19
44699,TX,2025-12-15
44700,CA,2025-08-08
44701,CO,2025-01-24
44702,CA,2025-03-21
44703,NJ,2023-02-25
44704,AZ,2023-06-13
44705,NY,2024-05-03
44706,NJ,2023-01-08
44707,PA,2024-09-03
44708,MA,2023-05-27
44709,CA,2023-03-07
44710,PA,2023-05-19
44711,FL,2023-07-14
44712,GA,2023-10-16
44713,CO,2024-04-02
44714,MI,2025-03-31
44715,NJ,2024-03-04
44716,AZ,2023-07-14
44717,VA,2023-10-22
44718,CO,2024-09-01
44719,PA,2023-02-19
44720,TX,2025-03-30
44721,WA,2024-01-13
44722,MI,2023-06-07
44723,FL,2023-05-01
44724,NJ,2024-10-28
44725,PA,2024-07-31
44726,CO,2023-04-11
44727,NJ,2025-03-06
44728,MA,2026-01-12
44729,AZ,2025-04-10
44730,MA,2025-05-20
44731,NC,2023-02-24
44732,NC,2023-08-30
44733,MA,2023-05-26
44734,CA,2024-11-27
44735,VA,2024-01-03
44736,MI,2025-07-07
44737,MA,2025-11-20
44738,FL,2025-03-13
44739,PA,2024-11-09
44740,TX,2023-09-18
44741,VA,2024-10-29
44742,PA,2025-06-06
44743,VA,2025-03-20
44744,MI,2025-04-04
44745,WA,2025-04-30
44746,NY,2024-03-23
44747,CO,2023-08-05
44748,PA,2025-04-10
44749,PA,2024-06-13
44750,GA,2023-04-27
44751,WA,2023-08-27
44752,TX,2025-07-29
44753,NC,2025-10-22
44754,MA,2025-03-08
44755,CA,2024-10-23
44756,NC,2025-02-02
44757,TX,2024-09-09
44758,GA,2024-01-10
44759,NY,2023-10-17
44760,NJ,2026-02-22
44761,AZ,2023-06-12
44762,GA,2025-06-12
44763,NJ,2023-07-16
44764,CA,2024-06-10
44765,FL,2023-01-12
44766,PA,2023-07-14
44767,NC,2025-05-17
44768,VA,2023-12-03
44769,IL,2023-10-03
44770,MI,2025-03-25
44771,VA,2025-01-22
44772,MA,2025-11-17
44773,MI,2025-02-24
44774,MI,2023-11-09
44775,TX,2023-12-31
44776,GA,2025-08-04
44777,FL,2025-11-26
44778,WA,2025-08-29
44779,CO,2025-05-21
44780,MI,2024-09-08
44781,PA,2025-10-16
44782,MI,2023-04-10
44783,AZ,2025-08-23
44784,TX,2023-02-13
44785,CO,2023-03-06
44786,AZ,2024-07-14
44787,AZ,2025-12-26
44788,NJ,2025-09-22
44789,CA,2023-02-15
44790,CO,2025-12-29
44791,AZ,2024-09-12
44792,VA,2025-05-22
44793,MI,2023-07-28
44794,NJ,2025-09-16
44795,NJ,2024-01-16
44796,MI,2026-01-11
44797,PA,2023-10-13
44798,NC,2025-05-21
44799,CO,2024-02-22
44800,IL,2023-12-12
44801,WA,2024-01-01
44802,GA,2023-12-23
44803,IL,2023-03-02
44804,MI,2024-01-19
44805,CA,2024-07-31
44806,PA,2023-01-13
44807,IL,2024-07-25
44808,CA,2026-02-04
44809,IL,2023-12-29
44810,TX,2026-02-05
44811,IL,2025-04-12
44812,VA,2024-04-12
44813,IL,2024-11-19
44814,CA,2025-04-16
44815,VA,2023-09-25
44816,GA,2023-08-23
44817,CO,2025-07-05
44818,MI,2023-08-03
44819,MI,2024-03-31
44820,NY,2024-08-24
44821,NY,2023-12-05
44822,WA,2025-04-04
44823,MI,2024-12-19
44824,NC,2025-11-30
44825,NY,2023-04-25
44826,NJ,2023-02-02
44827,CA,2024-05-29
44828,NY,2025-01-14
44829,WA,2025-07-20
44830,NJ,2025-10-09
44831,MI,2024-11-10
44832,NC,2024-05-14
44833,AZ,2023-10-29
44834,MA,2025-04-18
44835,WA,2025-04-03
44836,CA,2024-08-31
44837,MA,2026-01-08
44838,IL,2025-03-04
44839,MA,2023-09-12
44840,NY,2023-04-17
44841,WA,2026-01-29
44842,AZ,2024-09-16
44843,CO,2024-11-23
44844,VA,2024-07-15
44845,PA,2025-11-18
44846,MA,2023-12-23
44847,IL,2024-02-07
44848,VA,2026-01-23
44849,IL,2025-09-29
44850,PA,2023-05-05
44851,CA,2025-12-22
44852,CA,2025-02-07
44853,MA,2023-07-23
44854,TX,2023-11-16
44855,IL,2023-05-19
44856,PA,2024-08-31
44857,WA,2024-09-21
44858,TX,2025-01-07
44859,IL,2024-05-11
44860,TX,2026-02-26
44861,CO,2024-10-30
44862,AZ,2025-12-12
44863,MI,2026-01-19
44864,MA,2024-03-11
44865,GA,2024-12-31
44866,WA,2024-09-06
44867,PA,2026-01-17
44868,MI,2023-10-22
44869,CA,2025-05-05
44870,NJ,2025-12-01
44871,NC,2024-11-18
44872,MI,2024-08-05
44873,NJ,2024-04-17
44874,CO,2023-03-16
44875,NY,2025-09-05
44876,IL,2024-01-23
44877,CA,2024-06-23
44878,IL,2025-09-02
44879,FL,2023-01-02
44880,WA,2025-04-19
44881,MI,2024-02-26
44882,NC,2025-03-28
44883,MA,2025-02-23
44884,VA,2023-10-13
44885,IL,2025-01-24
44886,CA,2025-03-21
44887,GA,2025-11-27
44888,IL,2023-05-05
44889,IL,2023-11-11
44890,GA,2023-02-13
44891,PA,2023-11-28
44892,NC,2023-06-14
44893,WA,2025-02-01
44894,NJ,2024-12-11
44895,MI,2024-10-27
44896,IL,2023-07-03
44897,IL,2024-02-07
44898,MA,2024-10-23
44899,GA,2024-03-16
44900,WA,2024-07-30
44901,WA,2024-01-14
44902,FL,2024-11-04
44903,NC,2024-07-15
44904,FL,2023-11-05
44905,PA,2025-09-15
44906,CO,2023-02-20
44907,VA,2023-10-03
44908,NY,2025-05-09
44909,NC,2023-04-25
44910,CO,2025-05-09
44911,NY,2023-05-16
44912,MI,2023-01-21
44913,CA,2024-06-13
44914,NC,2023-12-28
44915,VA,2025-06-24
44916,MI,2023-08-07
44917,GA,2023-11-15
44918,NJ,2024-04-10
44919,CO,2023-05-01
44920,IL,2023-03-03
44921,FL,2026-01-25
44922,NY,2025-10-02
44923,CO,2025-02-01
44924,TX,2025-06-17
44925,NC,2026-02-26
44926,FL,2023-01-10
44927,WA,2025-03-27
44928,VA,2024-07-30
44929,FL,2025-10-04
44930,NJ,2025-01-28
44931,CO,2023-12-15
44932,GA,2024-02-23
44933,AZ,2023-06-14
44934,AZ,2023-02-23
44935,AZ,2023-11-15
44936,CA,2025-12-05
44937,NY,2024-03-05
44938,PA,2024-01-12
44939,FL,2024-06-02
44940,CA,2026-02-25
44941,NJ,2025-08-14
44942,IL,2024-05-05
44943,MI,2023-01-12
44944,PA,2024-07-03
44945,WA,2025-05-12
44946,VA,2024-04-23
44947,MA,2025-07-28
44948,PA,2025-09-16
44949,IL,2023-08-02
44950,AZ,2025-01-18
44951,AZ,2025-11-10
44952,TX,2025-05-22
44953,WA,2024-04-12
44954,TX,2025-01-12
44955,GA,2024-03-20
44956,NY,2024-12-20
44957,IL,2025-06-05
44958,GA,2023-07-30
44959,NC,2024-10-25
44960,MA,2023-04-17
44961,WA,2024-11-01
44962,NY,2024-05-31
44963,NY,2024-12-05
44964,FL,2023-10-15
44965,NC,2025-11-18
44966,PA,2026-02-15
44967,NY,2023-05-13
44968,PA,2023-06-07
44969,VA,2023-11-30
44970,VA,2025-05-30
44971,CO,2025-06-17
44972,NC,2025-05-15
44973,MA,2023-05-16
44974,MA,2023-08-04
44975,TX,2024-04-08
44976,MA,2025-11-07
44977,CO,2023-05-14
44978,WA,2023-12-13
44979,CA,2023-04-18
44980,MI,2024-02-27
44981,CA,2023-01-15
44982,PA,2024-05-18
44983,NJ,2025-05-02
44984,AZ,2023-06-23
44985,FL,2023-04-21
44986,NY,2023-04-27
44987,MA,2025-11-30
44988,VA,2025-10-26
44989,TX,2023-10-03
44990,PA,2025-12-27
44991,FL,2024-09-07
44992,GA,2023-05-07
44993,NY,2026-02-22
44994,PA,2025-04-16
44995,CO,2023-09-15
44996,CA,2023-12-17
44997,TX,2025-03-22
44998,FL,2023-11-05
44999,AZ,2024-12-24
45000,IL,2025-12-02
45001,CA,2023-05-26
45002,AZ,2023-07-18
45003,CO,2023-06-30
45004,NY,2023-07-11
45005,WA,2023-05-11
45006,IL,2025-02-05
45007,CO,2023-06-13
45008,TX,2023-11-30
45009,PA,2025-07-25
45010,GA,2025-01-30
45011,PA,2023-04-24
45012,WA,2025-08-29
45013,CO,2025-04-07
45014,FL,2023-12-27
45015,PA,2023-07-08
45016,GA,2023-08-18
45017,CO,2025-01-19
45018,WA,2025-02-12
45019,TX,2023-10-22
45020,CA,2024-05-31
45021,MI,2023-03-15
45022,WA,2025-11-19
45023,WA,2023-12-02
45024,FL,2024-10-04
45025,NC,2023-01-15
45026,NC,2025-11-02
45027,CO,2024-07-28
45028,TX,2025-12-26
45029,PA,2024-02-29
45030,NC,2026-01-18
45031,GA,2024-01-30
45032,TX,2024-09-21
45033,FL,2025-02-28
45034,IL,2024-11-08
45035,GA,2024-06-07
45036,NC,2025-03-28
45037,NY,2023-06-22
45038,NY,2024-12-07
45039,NY,2026-01-11
45040,WA,2026-01-30
45041,IL,2023-04-15
45042,TX,2025-03-27
45043,TX,2025-12-02
45044,NY,2023-10-02
45045,NJ,2025-04-27
45046,IL,2023-04-07
45047,CA,2023-01-15
45048,GA,2023-08-17
45049,MI,2024-06-15
45050,NJ,2025-04-11
45051,NC,2024-03-07
45052,FL,2025-07-24
45053,AZ,2025-04-17
45054,NY,2025-06-26
45055,VA,2024-10-01
45056,PA,2024-09-15
45057,IL,2024-11-13
45058,WA,2025-10-03
45059,TX,2023-09-15
45060,VA,2023-12-30
45061,TX,2026-01-21
45062,WA,2023-11-26
45063,FL,2023-12-11
45064,WA,2024-11-06
45065,NY,2024-02-15
45066,NJ,2024-07-15
45067,CA,2025-02-27
45068,WA,2023-03-27
45069,NJ,2023-02-15
45070,CA,2025-09-04
45071,TX,2023-12-11
45072,CO,2024-03-14
45073,MI,2023-09-05
45074,NJ,2023-02-22
45075,CO,2026-02-10
45076,GA,2025-09-16
45077,CA,2025-09-21
45078,FL,2023-08-27
45079,IL,2023-01-14
45080,MA,2025-03-03
45081,WA,2025-02-03
45082,VA,2023-01-11
45083,MA,2023-06-05
45084,NJ,2024-03-28
45085,MI,2025-01-08
45086,NC,2023-02-21
45087,CO,2025-07-17
45088,NC,2025-09-13
45089,IL,2025-05-25
45090,NJ,2023-08-01
45091,FL,2023-02-26
45092,CA,2025-09-11
45093,NJ,2025-09-08
45094,WA,2023-01-11
45095,NC,2023-01-30
45096,NC,2024-12-21
45097,NC,2023-01-23
45098,FL,2025-03-29
45099,WA,2025-01-07
45100,FL,2023-12-07
45101,GA,2024-05-31
45102,TX,2025-03-28
45103,TX,2023-09-13
45104,MI,2024-06-10
45105,NC,2025-07-08
45106,MA,2023-07-31
45107,NY,2024-01-17
45108,GA,2023-02-10
45109,CO,2023-10-30
45110,PA,2026-02-23
45111,AZ,2025-01-27
45112,IL,2023-12-07
45113,AZ,2024-04-21
45114,VA,2025-05-16
45115,GA,2025-10-07
45116,NJ,2025-07-22
45117,TX,2023-10-19
45118,FL,2025-04-11
45119,MA,2024-07-08
45120,CA,2024-11-10
45121,VA,2024-06-13
45122,CA,2025-07-06
45123,CA,2023-07-24
45124,PA,2023-03-20
45125,CO,2024-06-11
45126,VA,2024-04-17
45127,IL,2025-04-16
45128,TX,2025-07-11
45129,NC,2026-01-31
45130,MA,2023-04-07
45131,IL,2024-09-05
45132,WA,2025-03-30
45133,TX,2023-09-05
45134,AZ,2024-09-20
45135,FL,2025-12-22
45136,MI,2023-06-28
45137,VA,2024-12-22
45138,VA,2025-08-09
45139,NJ,2025-10-31
45140,NJ,2024-02-21
45141,CA,2025-10-12
45142,GA,2023-02-02
45143,WA,2023-03-18
45144,NY,2025-05-23
45145,PA,2023-08-09
45146,NJ,2023-03-27
45147,GA,2024-08-18
45148,PA,2023-10-27
45149,MA,2024-07-10
45150,AZ,2024-11-11
45151,AZ,2024-03-11
45152,CO,2025-11-06
45153,VA,2023-02-19
45154,TX,2024-05-18
45155,AZ,2025-05-29
45156,MA,2025-08-05
45157,NJ,2024-03-07
45158,CA,2025-02-19
45159,IL,2025-04-02
45160,NC,2023-12-16
45161,IL,2023-01-02
45162,NJ,2024-12-16
45163,NC,2025-05-03
45164,PA,2025-05-19
45165,IL,2025-02-19
45166,TX,2024-03-07
45167,IL,2024-01-07
45168,AZ,2025-05-06
45169,TX,2024-05-09
45170,NC,2023-02-06
45171,GA,2024-06-16
45172,MA,2023-10-01
45173,AZ,2024-08-23
45174,VA,2026-02-06
45175,FL,2025-01-31
45176,TX,2024-07-28
45177,IL,2025-01-02
45178,MI,2024-11-16
45179,GA,2025-11-05
45180,TX,2023-08-02
45181,CO,2024-11-14
45182,IL,2024-10-13
45183,FL,2025-01-16
45184,WA,2024-04-18
45185,TX,2025-03-06
45186,AZ,2026-01-15
45187,NY,2024-09-06
45188,GA,2025-05-17
45189,VA,2025-08-08
45190,TX,2024-02-02
45191,IL,2024-11-01
45192,WA,2023-03-04
45193,NC,2023-03-17
45194,NJ,2024-01-23
45195,CO,2024-04-17
45196,WA,2023-12-11
45197,NJ,2025-11-13
45198,CO,2025-04-29
45199,NJ,2023-11-25
45200,WA,2025-10-05
45201,NJ,2023-11-21
45202,NC,2024-03-07
45203,VA,2025-12-04
45204,IL,2025-11-23
45205,MI,2025-05-26
45206,WA,2024-01-20
45207,NY,2023-06-12
45208,NC,2023-12-27
45209,NC,2024-06-21
45210,IL,2024-08-21
45211,AZ,2023-03-20
45212,MA,2024-03-26
45213,MI,2025-02-25
45214,TX,2023-08-19
45215,TX,2024-02-15
45216,PA,2024-02-10
45217,MA,2025-03-27
45218,MI,2025-12-17
45219,NJ,2023-02-25
45220,NC,2026-01-31
45221,FL,2025-12-11
45222,MI,2025-10-09
45223,NY,2025-08-30
45224,GA,2025-09-24
45225,MI,2024-12-20
45226,AZ,2023-10-11
45227,VA,2025-09-20
45228,GA,2026-01-24
45229,IL,2024-01-17
45230,AZ,2024-12-02
45231,NY,2025-10-25
45232,TX,2023-11-02
45233,WA,2025-09-07
45234,NJ,2024-10-02
45235,NJ,2023-05-23
45236,MI,2023-07-21
45237,WA,2025-10-21
45238,VA,2025-08-31
45239,GA,2025-01-15
45240,NC,2024-07-06
45241,TX,2025-07-30
45242,NY,2023-10-04
45243,NC,2025-01-20
45244,CO,2023-08-07
45245,MA,2024-01-06
45246,PA,2023-02-21
45247,GA,2024-04-10
45248,TX,2025-03-14
45249,IL,2025-07-22
45250,WA,2024-09-02
45251,WA,2023-03-09
45252,NC,2025-05-16
45253,CO,2023-12-04
45254,CA,2026-01-19
45255,CA,2025-04-04
45256,TX,2025-04-18
45257,NJ,2025-02-04
45258,NY,2023-10-24
45259,NY,2025-01-29
45260,NY,2024-09-08
45261,FL,2023-09-20
45262,CA,2024-07-22
45263,NC,2024-11-15
45264,MI,2023-05-06
45265,GA,2023-04-03
45266,AZ,2026-02-18
45267,WA,2025-06-22
45268,WA,2023-04-14
45269,GA,2024-11-02
45270,AZ,2023-11-20
45271,WA,2024-01-29
45272,VA,2023-12-05
45273,VA,2024-08-10
45274,NJ,2025-06-25
45275,AZ,2024-06-01
45276,CO,2025-03-04
45277,NJ,2023-07-19
45278,CA,2025-10-10
45279,CA,2024-08-08
45280,FL,2026-02-06
45281,CO,2026-02-12
45282,TX,2023-09-13
45283,CA,2024-02-10
45284,NJ,2024-04-23
45285,PA,2025-02-17
45286,GA,2023-12-04
45287,GA,2024-06-29
45288,GA,2023-09-16
45289,GA,2025-01-22
45290,NY,2023-12-24
45291,AZ,2025-03-14
45292,AZ,2024-03-14
45293,NJ,2024-06-25
45294,NJ,2024-07-27
45295,NJ,2025-01-24
45296,FL,2026-02-04
45297,MI,2023-08-11
45298,NY,2023-06-09
45299,MA,2026-02-17
45300,NJ,2025-05-29
45301,TX,2025-10-20
45302,GA,2023-09-29
45303,MA,2025-03-14
45304,CO,2025-02-17
45305,GA,2024-05-14
45306,CO,2024-08-13
45307,MA,2023-07-10
45308,MI,2024-03-02
45309,GA,2024-05-13
45310,NJ,2023-08-05
45311,CA,2025-12-08
45312,NJ,2023-06-28
45313,MI,2024-11-20
45314,FL,2024-02-14
45315,FL,2024-08-15
45316,WA,2024-07-31
45317,CO,2023-03-05
45318,NC,2023-12-31
45319,CA,2024-02-21
45320,IL,2024-09-09
45321,GA,2025-03-29
45322,NC,2023-01-07
45323,CO,2025-03-03
45324,MI,2023-09-11
45325,NY,2025-01-08
45326,MA,2025-10-18
45327,WA,2025-03-03
45328,NY,2023-08-10
45329,NJ,2024-02-20
45330,CA,2023-08-16
45331,NY,2024-07-18
45332,NJ,2025-10-28
45333,NC,2023-07-16
45334,IL,2025-02-14
45335,NJ,2023-05-13
45336,PA,2025-04-24
45337,CO,2023-06-08
45338,TX,2026-02-15
45339,WA,2024-01-20
45340,MI,2026-03-01
45341,NJ,2024-01-09
45342,NY,2024-02-08
45343,PA,2025-11-21
45344,CO,2023-04-07
45345,FL,2025-06-01
45346,NJ,2024-01-22
45347,NC,2025-03-30
45348,PA,2025-02-15
45349,IL,2023-07-04
45350,TX,2025-08-15
45351,NJ,2023-02-20
45352,MI,2025-01-01
45353,CO,2023-01-02
45354,CO,2026-01-05
45355,TX,2025-09-21
45356,PA,2025-05-24
45357,GA,2024-02-03
45358,NC,2025-11-28
45359,VA,2024-06-29
45360,WA,2025-01-11
45361,NC,2023-09-08
45362,GA,2023-03-07
45363,MA,2024-01-18
45364,MI,2025-11-16
45365,MI,2023-03-08
45366,MI,2024-12-02
45367,NC,2024-05-14
45368,TX,2025-01-24
45369,IL,2024-11-11
45370,NC,2024-08-21
45371,NY,2023-03-02
45372,IL,2023-02-19
45373,PA,2023-08-04
45374,WA,2024-06-08
45375,VA,2024-06-19
45376,TX,2023-06-23
45377,AZ,2025-05-31
45378,MI,2024-08-28
45379,MA,2024-08-30
45380,NJ,2023-02-04
45381,FL,2025-07-02
45382,NJ,2025-03-03
45383,AZ,2025-03-02
45384,IL,2025-06-20
45385,GA,2024-02-08
45386,PA,2025-11-26
45387,AZ,2024-06-13
45388,IL,2026-02-08
45389,FL,2024-05-02
45390,MI,2023-08-13
45391,NC,2023-11-25
45392,MI,2023-04-07
45393,NY,2025-11-06
45394,GA,2023-12-02
45395,MI,2024-02-28
45396,AZ,2024-02-07
45397,FL,2024-03-06
45398,FL,2025-06-16
45399,NY,2024-12-10
45400,MI,2025-07-26
45401,WA,2024-09-20
45402,VA,2023-01-11
45403,IL,2025-04-20
45404,NC,2024-06-22
45405,IL,2023-05-06
45406,TX,2025-08-12
45407,PA,2023-05-02
45408,MI,2023-12-18
45409,MI,2024-01-03
45410,AZ,2024-01-27
45411,GA,2026-01-03
45412,MA,2024-03-25
45413,VA,2025-10-25
45414,AZ,2025-10-17
45415,TX,2023-08-24
45416,FL,2023-07-22
45417,MA,2024-12-20
45418,NJ,2023-12-28
45419,CO,2025-03-03
45420,IL,2023-11-27
45421,FL,2024-07-27
45422,PA,2023-11-17
45423,NY,2023-09-14
45424,NC,2024-01-11
45425,CO,2024-09-19
45426,CA,2023-11-25
45427,GA,2023-10-21
45428,MI,2024-02-07
45429,CO,2025-03-18
45430,TX,2024-12-21
45431,NC,2024-07-31
45432,FL,2025-11-22
45433,NC,2023-02-12
45434,FL,2024-12-23
45435,NY,2024-02-22
45436,PA,2025-03-08
45437,NJ,2026-01-10
45438,NC,2025-07-20
45439,WA,2025-02-13
45440,VA,2025-02-15
45441,PA,2025-10-19
45442,TX,2023-02-14
45443,PA,2024-09-17
45444,NJ,2023-02-06
45445,CA,2025-11-09
45446,NY,2023-07-05
45447,NJ,2024-09-23
45448,PA,2025-11-30
45449,MA,2025-07-22
45450,MI,2023-10-27
45451,CA,2024-01-12
45452,MI,2023-08-23
45453,PA,2025-05-30
45454,VA,2025-06-13
45455,VA,2026-01-09
45456,NY,2023-01-27
45457,AZ,2025-11-10
45458,NC,2023-10-23
45459,MA,2025-01-27
45460,CA,2025-05-26
45461,MA,2025-05-07
45462,VA,2025-02-11
45463,CO,2024-01-15
45464,NJ,2025-08-02
45465,VA,2025-01-01
45466,AZ,2024-06-03
45467,NY,2025-06-05
45468,FL,2025-06-28
45469,MA,2024-02-22
45470,CA,2024-01-08
45471,IL,2026-02-05
45472,WA,2025-10-13
45473,NJ,2024-04-29
45474,IL,2023-08-07
45475,CO,2023-09-06
45476,NJ,2023-10-01
45477,NJ,2024-01-03
45478,CA,2025-04-08
45479,TX,2023-07-16
45480,NJ,2024-09-02
45481,VA,2024-08-24
45482,GA,2024-10-30
45483,PA,2024-12-10
45484,CO,2023-03-31
45485,FL,2024-12-22
45486,NJ,2024-11-03
45487,AZ,2025-08-16
45488,NC,2026-01-24
45489,GA,2025-10-06
45490,MA,2023-10-17
45491,NY,2026-02-16
45492,CA,2023-02-18
45493,CA,2024-06-07
45494,VA,2023-09-11
45495,TX,2023-05-30
45496,VA,2023-11-08
45497,AZ,2024-10-26
45498,MI,2023-07-21
45499,NC,2025-02-23
45500,NY,2024-10-02
45501,FL,2024-04-06
45502,AZ,2024-02-09
45503,MI,2025-10-26
45504,AZ,2025-04-22
45505,CO,2023-02-08
45506,WA,2025-08-12
45507,WA,2024-10-21
45508,IL,2025-05-01
45509,VA,2025-11-30
45510,PA,2026-02-16
45511,MI,2023-11-19
45512,MI,2025-03-16
45513,WA,2025-11-27
45514,WA,2025-02-16
45515,MI,2024-01-03
45516,AZ,2025-12-30
45517,MA,2023-08-03
45518,IL,2025-07-08
45519,VA,2025-05-31
45520,VA,2023-09-09
45521,AZ,2025-12-09
45522,NC,2025-04-16
45523,NJ,2023-12-21
45524,NY,2024-11-19
45525,VA,2025-11-06
45526,CA,2025-08-29
45527,CA,2025-05-11
45528,FL,2024-10-06
45529,NY,2025-06-16
45530,IL,2024-12-02
45531,PA,2023-04-09
45532,PA,2025-06-19
45533,GA,2024-02-19
45534,NC,2026-01-09
45535,NJ,2023-08-11
45536,MI,2025-01-24
45537,AZ,2026-02-15
45538,NC,2023-04-25
45539,CO,2023-07-24
45540,FL,2024-03-16
45541,VA,2024-12-12
45542,PA,2024-01-10
45543,NY,2025-02-05
45544,CA,2024-01-23
45545,MA,2025-08-15
45546,NC,2023-10-29
45547,TX,2025-04-18
45548,AZ,2025-07-05
45549,IL,2025-04-07
45550,WA,2024-11-15
45551,WA,2023-03-20
45552,PA,2024-04-26
45553,NY,2024-10-23
45554,AZ,2023-07-12
45555,GA,2023-09-19
45556,NJ,2024-08-17
45557,FL,2025-07-11
45558,NC,2023-05-07
45559,CA,2024-11-04
45560,NY,2024-03-26
45561,GA,2026-02-07
45562,MA,2023-03-21
45563,NC,2025-04-05
45564,NY,2024-02-11
45565,MA,2024-04-18
45566,AZ,2024-01-26
45567,FL,2026-02-02
45568,NC,2023-03-03
45569,NY,2023-01-07
45570,PA,2024-06-10
45571,FL,2023-05-05
45572,WA,2025-05-03
45573,VA,2023-11-06
45574,AZ,2024-08-29
45575,FL,2024-03-08
45576,MI,2025-03-28
45577,TX,2023-09-16
45578,IL,2024-03-23
45579,CA,2023-09-04
45580,CO,2024-07-11
45581,PA,2025-06-01
45582,WA,2025-11-26
45583,CO,2025-12-19
45584,NC,2024-03-07
45585,FL,2024-02-18
45586,FL,2025-03-21
45587,WA,2023-05-18
45588,WA,2025-09-02
45589,NJ,2025-10-22
45590,IL,2025-04-14
45591,WA,2023-06-23
45592,WA,2025-10-24
45593,VA,2024-08-21
45594,CO,2024-05-26
45595,IL,2026-02-10
45596,NY,2026-01-30
45597,FL,2024-05-31
45598,FL,2023-03-15
45599,WA,2024-08-24
45600,MI,2026-02-10
45601,MI,2026-01-08
45602,IL,2024-03-18
45603,NJ,2024-03-17
45604,WA,2024-02-11
45605,AZ,2023-11-13
45606,AZ,2025-07-01
45607,NJ,2023-05-26
45608,IL,2025-03-30
45609,CO,2024-07-23
45610,FL,2024-11-11
45611,NJ,2024-05-08
45612,TX,2024-08-13
45613,GA,2025-02-07
45614,TX,2023-12-19
45615,NJ,2026-01-01
45616,CO,2024-10-18
45617,NC,2024-04-07
45618,PA,2026-01-29
45619,WA,2023-10-29
45620,GA,2025-04-17
45621,TX,2023-12-05
45622,NC,2024-02-11
45623,NC,2023-04-30
45624,CO,2024-12-13
45625,AZ,2024-12-01
45626,VA,2025-06-09
45627,VA,2024-02-24
45628,MA,2025-11-14
45629,PA,2025-07-10
45630,MA,2025-01-01
45631,AZ,2024-05-31
45632,NJ,2025-02-20
45633,NC,2024-04-01
45634,GA,2024-08-14
45635,PA,2024-09-30
45636,CO,2025-09-16
45637,TX,2025-01-05
45638,AZ,2025-04-17
45639,VA,2023-05-26
45640,IL,2025-10-31
45641,NJ,2024-08-26
45642,IL,2025-02-18
45643,WA,2023-06-11
45644,TX,2024-08-14
45645,GA,2025-10-10
45646,MA,2025-01-31
45647,FL,2025-01-26
45648,IL,2024-09-06
45649,WA,2025-06-22
45650,CA,2025-09-28
45651,NY,2025-01-15
45652,CA,2023-05-22
45653,GA,2025-08-04
45654,GA,2024-01-28
45655,WA,2023-08-29
45656,CO,2023-03-24
45657,NC,2025-05-28
45658,FL,2023-05-08
45659,CA,2025-03-07
45660,VA,2025-11-17
45661,VA,2026-01-20
45662,FL,2023-04-16
45663,MA,2026-02-19
45664,NJ,2026-01-04
45665,NY,2023-12-05
45666,NY,2023-09-19
45667,IL,2025-02-08
45668,GA,2024-07-18
45669,TX,2023-09-13
45670,MA,2025-05-31
45671,NC,2023-12-25
45672,MI,2023-02-06
45673,AZ,2024-11-26
45674,GA,2024-11-10
45675,NJ,2025-01-30
45676,VA,2024-07-20
45677,GA,2024-01-02
45678,NJ,2024-11-15
45679,FL,2023-01-25
45680,NY,2024-11-12
45681,MI,2024-10-31
45682,CA,2025-02-24
45683,IL,2023-07-16
45684,WA,2024-02-21
45685,IL,2023-01-06
45686,MA,2025-05-21
45687,GA,2024-01-23
45688,NC,2025-10-07
45689,NC,2025-03-04
45690,NJ,2024-11-02
45691,IL,2024-09-17
45692,IL,2023-09-07
45693,VA,2025-09-11
45694,MI,2024-11-23
45695,TX,2023-03-06
45696,VA,2023-10-26
45697,CO,2025-03-03
45698,GA,2025-08-20
45699,CA,2025-01-02
45700,IL,2024-08-20
45701,MA,2023-05-31
45702,NJ,2023-01-23
45703,CO,2025-12-22
45704,MI,2024-09-02
45705,PA,2024-06-10
45706,NC,2026-02-14
45707,MI,2024-05-19
45708,NJ,2024-08-28
45709,CO,2023-10-17
45710,MA,2023-08-21
45711,CO,2024-10-12
45712,NJ,2023-08-17
45713,GA,2024-08-11
45714,NC,2025-10-01
45715,MA,2023-10-17
45716,MI,2023-11-18
45717,MI,2024-11-24
45718,TX,2025-09-18
45719,MI,2024-08-10
45720,GA,2025-01-11
45721,CA,2023-12-02
45722,AZ,2023-06-28
45723,CO,2024-03-09
45724,IL,2025-05-22
45725,NJ,2024-03-13
45726,TX,2025-02-23
45727,GA,2024-04-24
45728,IL,2024-04-12
45729,MI,2024-02-23
45730,MA,2024-06-25
45731,NJ,2023-06-24
45732,NY,2023-10-05
45733,CA,2023-01-31
45734,CA,2023-02-20
45735,TX,2025-09-10
45736,NJ,2025-05-05
45737,TX,2024-08-23
45738,CO,2024-09-27
45739,MA,2023-06-08
45740,MI,2026-01-28
45741,NC,2023-04-27
45742,CO,2023-02-08
45743,CA,2023-12-14
45744,FL,2025-09-11
45745,CO,2026-02-04
45746,NC,2025-04-22
45747,NY,2025-02-24
45748,MA,2026-02-19
45749,CO,2025-11-12
45750,AZ,2023-02-04
45751,GA,2024-05-05
45752,MA,2023-05-21
45753,PA,2023-07-25
45754,GA,2023-05-14
45755,NY,2025-09-29
45756,NJ,2024-08-06
45757,CA,2024-07-17
45758,CA,2025-06-22
45759,NJ,2023-03-21
45760,PA,2026-01-21
45761,FL,2023-03-05
45762,CA,2024-05-24
45763,MA,2025-03-26
45764,CO,2024-12-14
45765,TX,2023-07-12
45766,AZ,2024-03-28
45767,CA,2025-10-20
45768,TX,2025-10-06
45769,NY,2024-02-02
45770,IL,2023-06-23
45771,NJ,2025-11-16
45772,MA,2024-02-17
45773,GA,2024-10-04
45774,WA,2024-06-21
45775,FL,2024-02-09
45776,CA,2023-10-28
45777,NJ,2024-09-19
45778,AZ,2025-01-20
45779,IL,2024-12-24
45780,NJ,2025-11-07
45781,CO,2025-08-04
45782,FL,2024-09-14
45783,CA,2023-05-08
45784,AZ,2023-04-24
45785,AZ,2023-05-26
45786,WA,2025-07-21
45787,NC,2025-06-06
45788,WA,2025-09-07
45789,NY,2024-09-11
45790,IL,2025-03-02
45791,NC,2024-04-11
45792,GA,2023-06-03
45793,AZ,2023-08-13
45794,IL,2024-05-18
45795,CO,2024-07-19
45796,NC,2024-11-03
45797,TX,2025-12-16
45798,NC,2024-01-28
45799,NY,2023-04-11
45800,FL,2023-07-22
45801,PA,2023-02-28
45802,GA,2023-01-16
45803,GA,2025-06-19
45804,TX,2025-02-04
45805,PA,2025-06-24
45806,VA,2024-07-23
45807,CA,2024-08-04
45808,CA,2025-01-10
45809,FL,2025-04-17
45810,FL,2025-01-02
45811,NJ,2023-10-08
45812,PA,2025-02-17
45813,MI,2025-05-02
45814,NC,2023-11-15
45815,IL,2025-06-14
45816,WA,2024-10-27
45817,IL,2025-11-30
45818,NC,2023-11-05
45819,MA,2025-09-23
45820,MA,2024-12-15
45821,NC,2023-06-01
45822,AZ,2025-04-28
45823,NC,2024-03-31
45824,GA,2023-04-04
45825,MI,2024-10-01
45826,IL,2024-08-07
45827,CO,2023-03-24
45828,NY,2023-07-11
45829,CO,2024-03-31
45830,GA,2025-05-29
45831,FL,2023-02-15
45832,MI,2024-04-06
45833,WA,2025-01-01
45834,WA,2024-09-02
45835,NY,2025-08-24
45836,WA,2025-03-08
45837,GA,2023-04-11
45838,FL,2024-10-17
45839,NC,2023-08-23
45840,TX,2025-08-18
45841,AZ,2025-04-08
45842,MA,2025-08-16
45843,CO,2023-09-02
45844,VA,2023-09-05
45845,VA,2025-10-11
45846,NC,2023-09-20
45847,IL,2024-11-14
45848,IL,2024-09-09
45849,VA,2024-04-27
45850,WA,2023-07-27
45851,NJ,2025-09-02
45852,IL,2023-05-16
45853,GA,2023-08-11
45854,MI,2025-11-09
45855,NY,2023-10-13
45856,NC,2024-03-21
45857,NJ,2025-11-15
45858,MI,2024-07-26
45859,TX,2024-07-10
45860,CA,2025-03-24
45861,FL,2025-03-02
45862,NY,2023-11-29
45863,IL,2023-04-25
45864,MI,2025-11-05
45865,VA,2023-05-24
45866,MI,2025-04-13
45867,CA,2024-10-02
45868,CO,2024-08-08
45869,NC,2025-11-03
45870,IL,2023-07-28
45871,GA,2025-09-04
45872,PA,2024-10-08
45873,IL,2025-11-10
45874,NC,2026-01-19
45875,MA,2025-06-18
45876,WA,2025-11-11
45877,AZ,2024-02-14
45878,CO,2025-07-03
45879,CO,2025-02-20
45880,NC,2023-03-28
45881,GA,2024-02-11
45882,PA,2024-12-21
45883,IL,2024-06-03
45884,CA,2024-11-08
45885,GA,2023-01-10
45886,TX,2023-01-30
45887,GA,2025-02-13
45888,MA,2023-10-05
45889,AZ,2024-07-21
45890,PA,2023-10-03
45891,VA,2024-04-21
45892,TX,2023-07-17
45893,GA,2024-04-28
45894,AZ,2025-11-06
45895,MA,2023-03-20
45896,MA,2023-01-27
45897,MA,2025-01-16
45898,NY,2024-04-20
45899,NJ,2023-04-21
45900,FL,2024-01-06
45901,NC,2024-01-04
45902,CO,2024-12-09
45903,PA,2023-01-13
45904,NY,2024-09-16
45905,VA,2024-09-01
45906,FL,2024-07-21
45907,NC,2026-02-01
45908,CO,2023-08-20
45909,MI,2023-06-21
45910,PA,2024-04-13
45911,TX,2024-07-01
45912,PA,2023-05-09
45913,IL,2025-06-23
45914,PA,2024-05-11
45915,NY,2023-12-29
45916,CO,2025-05-23
45917,CO,2025-09-03
45918,PA,2023-07-14
45919,VA,2024-06-27
45920,CA,2024-01-15
45921,TX,2025-09-21
45922,AZ,2023-07-17
45923,MI,2023-10-11
45924,NY,2023-08-19
45925,MA,2024-11-10
45926,MA,2024-04-08
45927,FL,2025-07-04
45928,PA,2025-09-01
45929,PA,2023-04-25
45930,CO,2023-03-17
45931,TX,2023-10-20
45932,AZ,2023-03-18
45933,GA,2023-11-19
45934,WA,2024-01-03
45935,AZ,2024-01-31
45936,VA,2025-01-23
45937,MI,2024-06-24
45938,AZ,2023-10-13
45939,NY,2023-11-05
45940,GA,2023-08-07
45941,CA,2025-02-28
45942,NJ,2025-08-13
45943,CO,2025-03-27
45944,IL,2025-08-02
45945,PA,2024-01-26
45946,CA,2023-02-15
45947,AZ,2023-01-11
45948,FL,2023-01-16
45949,TX,2024-07-01
45950,MA,2025-12-10
45951,MA,2023-05-30
45952,IL,2024-02-25
45953,AZ,2024-09-16
45954,NC,2024-02-29
45955,AZ,2023-10-21
45956,NC,2025-06-04
45957,PA,2023-06-11
45958,CO,2024-06-06
45959,MA,2023-09-27
45960,FL,2025-10-01
45961,MA,2023-12-03
45962,MI,2026-01-30
45963,CA,2025-10-17
45964,TX,2024-07-25
45965,NY,2024-06-29
45966,MA,2025-12-24
45967,GA,2023-12-27
45968,WA,2025-01-16
45969,GA,2025-12-29
45970,PA,2025-10-30
45971,VA,2023-08-04
45972,CO,2025-04-23
45973,CA,2023-07-10
45974,AZ,2023-08-07
45975,NJ,2023-04-16
45976,NY,2023-02-25
45977,IL,2025-12-27
45978,WA,2024-08-24
45979,MI,2025-10-31
45980,NJ,2024-03-12
45981,MA,2025-03-10
45982,GA,2024-11-29
45983,AZ,2024-02-18
45984,FL,2023-08-19
45985,CO,2023-05-17
45986,FL,2024-02-05
45987,TX,2025-02-17
45988,PA,2024-07-22
45989,NY,2025-09-08
45990,CO,2023-02-19
45991,MI,2024-04-24
45992,NJ,2024-08-07
45993,CO,2025-04-28
45994,NJ,2025-12-12
45995,PA,2024-08-23
45996,TX,2023-07-27
45997,CA,2023-04-20
45998,VA,2025-01-06
45999,IL,2023-06-20
46000,WA,2025-03-17
46001,CO,2025-12-01
46002,MI,2024-12-16
46003,IL,2025-09-29
46004,FL,2025-07-18
46005,NC,2024-08-12
46006,NC,2025-06-23
46007,PA,2025-02-16
46008,MI,2023-08-04
46009,PA,2024-08-10
46010,NJ,2024-06-21
46011,NY,2024-06-30
46012,CO,2023-03-18
46013,WA,2024-12-23
46014,PA,2025-09-08
46015,MI,2025-12-07
46016,CO,2025-11-12
46017,MI,2023-03-06
46018,WA,2024-06-03
46019,IL,2024-05-07
46020,VA,2025-01-12
46021,MI,2023-05-21
46022,NC,2026-02-02
46023,AZ,2026-02-28
46024,WA,2024-06-23
46025,NJ,2025-11-16
46026,TX,2025-11-01
46027,NC,2025-10-27
46028,CO,2025-05-13
46029,TX,2025-04-08
46030,FL,2023-10-11
46031,IL,2024-02-14
46032,NY,2025-05-10
46033,AZ,2025-05-08
46034,MA,2024-11-22
46035,WA,2024-04-02
46036,PA,2025-06-18
46037,NC,2023-04-16
46038,VA,2023-09-23
46039,WA,2025-06-18
46040,WA,2024-10-08
46041,VA,2023-07-10
46042,VA,2023-03-29
46043,NY,2023-12-27
46044,NJ,2023-04-26
46045,VA,2025-04-23
46046,MI,2025-02-27
46047,MI,2024-05-05
46048,PA,2025-02-23
46049,NC,2025-08-20
46050,GA,2024-04-24
46051,TX,2025-09-22
46052,PA,2026-02-19
46053,MA,2024-12-08
46054,WA,2025-08-01
46055,NC,2024-12-01
46056,NC,2023-09-18
46057,WA,2023-01-07
46058,MI,2024-04-03
46059,FL,2025-05-20
46060,NC,2024-10-30
46061,IL,2023-01-28
46062,MA,2025-04-04
46063,MA,2024-02-26
46064,NJ,2024-12-23
46065,PA,2024-07-14
46066,MI,2024-05-06
46067,CO,2024-12-23
46068,WA,2023-10-28
46069,MA,2023-03-06
46070,PA,2025-07-19
46071,AZ,2023-06-12
46072,MI,2026-02-08
46073,FL,2024-11-01
46074,MI,2024-02-28
46075,GA,2024-09-02
46076,WA,2024-02-28
46077,TX,2024-12-01
46078,WA,2024-12-22
46079,GA,2025-01-01
46080,VA,2024-02-18
46081,VA,2024-07-05
46082,NJ,2025-07-01
46083,CO,2023-03-14
46084,CA,2024-02-10
46085,WA,2025-04-09
46086,IL,2024-07-22
46087,MI,2024-10-16
46088,VA,2024-10-17
46089,NC,2024-02-12
46090,VA,2024-08-14
46091,NJ,2025-06-01
46092,NY,2024-12-20
46093,AZ,2026-02-24
46094,MI,2025-07-30
46095,IL,2024-11-25
46096,AZ,2024-03-09
46097,GA,2026-02-20
46098,AZ,2026-02-13
46099,FL,2025-04-18
46100,TX,2024-05-07
46101,GA,2025-05-09
46102,NY,2024-08-22
46103,PA,2025-03-22
46104,GA,2023-04-06
46105,NJ,2025-11-17
46106,NC,2026-02-21
46107,NJ,2025-05-29
46108,NJ,2025-10-20
46109,NY,2024-04-21
46110,AZ,2024-07-10
46111,VA,2023-01-14
46112,NJ,2023-06-22
46113,AZ,2025-07-24
46114,MI,2024-11-16
46115,NC,2023-11-11
46116,TX,2026-01-10
46117,VA,2025-11-30
46118,MA,2026-01-25
46119,NY,2025-02-21
46120,CA,2023-12-09
46121,GA,2025-09-15
46122,IL,2024-04-06
46123,GA,2025-09-16
46124,PA,2023-07-13
46125,TX,2023-11-29
46126,TX,2025-09-26
46127,NC,2024-10-13
46128,PA,2023-09-26
46129,TX,2024-05-29
46130,NY,2024-07-28
46131,VA,2025-12-23
46132,NJ,2026-01-22
46133,IL,2026-02-23
46134,TX,2025-06-02
46135,WA,2025-01-01
46136,VA,2024-05-16
46137,NJ,2026-02-18
46138,WA,2023-02-25
46139,NC,2023-04-24
46140,TX,2024-12-23
46141,TX,2024-06-02
46142,CA,2025-07-20
46143,IL,2023-06-13
46144,TX,2025-05-30
46145,MI,2023-05-09
46146,CA,2025-01-21
46147,VA,2023-07-10
46148,AZ,2025-04-22
46149,AZ,2025-04-03
46150,VA,2024-02-19
46151,NC,2024-07-06
46152,GA,2024-10-12
46153,NJ,2023-09-19
46154,CA,2025-08-04
46155,WA,2023-07-11
46156,WA,2023-03-19
46157,MI,2023-12-18
46158,NY,2024-02-08
46159,AZ,2025-02-01
46160,AZ,2025-12-06
46161,VA,2025-07-06
46162,CA,2023-12-15
46163,IL,2025-03-20
46164,MI,2025-09-01
46165,MA,2025-03-13
46166,NJ,2023-06-02
46167,NJ,2023-09-25
46168,GA,2025-07-24
46169,CO,2023-11-02
46170,NC,2025-12-27
46171,TX,2023-10-12
46172,GA,2024-06-26
46173,CA,2023-01-24
46174,VA,2025-10-31
46175,IL,2024-09-30
46176,VA,2025-10-05
46177,AZ,2025-02-25
46178,NC,2025-02-12
46179,NY,2023-05-10
46180,NC,2025-01-12
46181,GA,2024-01-15
46182,GA,2023-08-28
46183,CO,2023-05-26
46184,VA,2023-11-04
46185,NJ,2025-04-03
46186,MA,2025-06-03
46187,AZ,2024-09-17
46188,IL,2024-06-15
46189,NY,2023-08-17
46190,AZ,2024-05-27
46191,FL,2025-03-16
46192,NC,2025-11-09
46193,MA,2023-09-17
46194,AZ,2025-06-10
46195,VA,2025-10-05
46196,IL,2024-09-05
46197,GA,2023-07-16
46198,VA,2024-01-25
46199,VA,2024-12-03
46200,WA,2023-12-12
46201,PA,2024-10-02
46202,PA,2026-02-25
46203,IL,2023-04-24
46204,NC,2025-08-16
46205,IL,2025-04-27
46206,AZ,2026-02-02
46207,CO,2024-12-26
46208,CO,2024-12-09
46209,IL,2023-09-18
46210,CO,2024-11-05
46211,MA,2025-07-29
46212,CA,2025-06-30
46213,WA,2023-06-14
46214,NJ,2024-02-23
46215,MI,2024-07-05
46216,NC,2023-07-16
46217,NC,2025-12-10
46218,VA,2023-08-26
46219,NC,2025-08-03
46220,WA,2023-11-19
46221,NC,2024-12-07
46222,AZ,2025-12-24
46223,GA,2023-01-12
46224,MA,2025-06-21
46225,MA,2025-07-27
46226,NC,2025-10-01
46227,MI,2025-06-20
46228,NY,2023-06-16
46229,CO,2024-09-08
46230,TX,2026-01-20
46231,MI,2024-10-28
46232,GA,2025-05-30
46233,MI,2023-04-06
46234,IL,2025-03-24
46235,GA,2023-08-14
46236,MI,2024-10-14
46237,GA,2024-11-23
46238,MA,2023-06-16
46239,NC,2026-02-12
46240,PA,2025-04-07
46241,CO,2025-06-23
46242,NY,2026-02-03
46243,WA,2025-06-08
46244,MI,2023-01-04
46245,TX,2023-09-02
46246,CA,2026-01-05
46247,VA,2025-06-12
46248,IL,2023-02-19
46249,VA,2024-10-14
46250,PA,2024-11-22
46251,MI,2025-10-11
46252,GA,2023-12-14
46253,NY,2025-09-04
46254,GA,2024-04-29
46255,CO,2023-07-27
46256,NJ,2024-10-22
46257,GA,2025-08-31
46258,WA,2024-09-22
46259,VA,2023-04-02
46260,NY,2024-10-30
46261,NC,2026-02-08
46262,NC,2024-01-30
46263,IL,2025-11-19
46264,MA,2023-06-26
46265,TX,2024-05-27
46266,AZ,2023-05-10
46267,IL,2024-10-19
46268,IL,2023-05-15
46269,CO,2025-02-11
46270,CA,2024-02-17
46271,FL,2023-01-03
46272,MI,2023-05-21
46273,CA,2025-12-26
46274,CO,2025-12-31
46275,NY,2026-02-12
46276,CO,2025-06-18
46277,TX,2024-03-01
46278,CO,2024-08-10
46279,IL,2023-10-02
46280,CA,2026-01-28
46281,MA,2025-09-21
46282,VA,2023-03-23
46283,MA,2025-03-18
46284,IL,2025-01-29
46285,MI,2025-03-12
46286,CA,2024-09-27
46287,WA,2025-10-27
46288,CA,2023-03-16
46289,CA,2025-07-03
46290,IL,2024-04-19
46291,CO,2023-08-11
46292,CA,2026-02-27
46293,NY,2024-07-02
46294,MI,2023-01-31
46295,WA,2023-08-27
46296,CO,2025-09-07
46297,NJ,2024-12-14
46298,FL,2024-08-20
46299,MI,2024-04-23
46300,AZ,2025-06-25
46301,WA,2024-01-09
46302,NC,2025-08-29
46303,WA,2024-05-14
46304,TX,2023-08-18
46305,IL,2025-11-02
46306,WA,2024-02-03
46307,MI,2025-11-07
46308,NY,2023-06-18
46309,AZ,2025-12-09
46310,NC,2023-04-16
46311,AZ,2026-02-05
46312,FL,2023-07-16
46313,NJ,2026-02-25
46314,FL,2023-02-10
46315,MA,2024-06-22
46316,MI,2024-11-29
46317,MA,2024-01-18
46318,GA,2023-05-22
46319,MI,2025-07-19
46320,NC,2023-10-06
46321,PA,2023-01-22
46322,NY,2024-03-09
46323,IL,2023-01-25
46324,NY,2023-07-01
46325,GA,2024-11-19
46326,NY,2023-04-13
46327,IL,2025-06-17
46328,CO,2024-10-26
46329,IL,2024-05-09
46330,PA,2023-11-20
46331,MI,2025-02-21
46332,TX,2024-10-12
46333,WA,2023-04-02
46334,FL,2024-05-29
46335,CA,2023-05-05
46336,WA,2025-10-08
46337,NC,2025-05-27
46338,PA,2024-11-23
46339,WA,2023-09-22
46340,MA,2023-12-01
46341,MI,2023-04-14
46342,PA,2024-03-15
46343,MA,2023-12-24
46344,NY,2024-09-11
46345,AZ,2025-05-16
46346,FL,2023-09-18
46347,CA,2024-01-31
46348,VA,2024-08-19
46349,WA,2024-02-14
46350,WA,2023-05-18
46351,FL,2024-02-26
46352,NC,2023-06-01
46353,PA,2026-02-13
46354,PA,2025-01-04
46355,MA,2023-02-16
46356,IL,2024-01-04
46357,VA,2023-07-09
46358,NC,2025-02-04
46359,TX,2025-05-18
46360,NY,2025-08-22
46361,MI,2024-03-14
46362,FL,2025-09-13
46363,GA,2025-03-31
46364,NC,2023-08-22
46365,WA,2025-12-24
46366,CA,2023-04-24
46367,NJ,2023-02-20
46368,TX,2024-01-09
46369,GA,2025-11-05
46370,MA,2023-07-09
46371,TX,2023-02-06
46372,CA,2024-03-20
46373,FL,2024-11-27
46374,GA,2023-06-22
46375,PA,2026-01-16
46376,MA,2024-09-29
46377,WA,2024-01-21
46378,VA,2024-04-23
46379,NJ,2025-03-15
46380,AZ,2025-08-07
46381,IL,2023-10-12
46382,CA,2025-01-17
46383,MA,2023-07-25
46384,PA,2024-01-10
46385,WA,2025-07-24
46386,MA,2023-04-23
46387,WA,2025-02-17
46388,WA,2025-08-11
46389,TX,2023-10-03
46390,WA,2024-02-19
46391,CO,2023-12-18
46392,AZ,2025-12-09
46393,CO,2025-06-23
46394,NY,2025-11-30
46395,NJ,2024-11-23
46396,CA,2025-05-17
46397,NY,2023-06-26
46398,NJ,2024-02-14
46399,MA,2026-02-05
46400,TX,2023-02-05
46401,CO,2024-02-11
46402,FL,2023-12-16
46403,NC,2023-11-11
46404,NC,2023-10-06
46405,CO,2025-07-27
46406,AZ,2024-09-03
46407,NY,2025-03-03
46408,VA,2023-12-06
46409,AZ,2025-12-19
46410,MI,2023-04-12
46411,WA,2023-06-10
46412,IL,2025-09-24
46413,CA,2025-03-25
46414,MI,2024-06-28
46415,AZ,2025-05-19
46416,CA,2025-03-27
46417,AZ,2024-04-10
46418,GA,2025-12-17
46419,WA,2025-06-02
46420,MI,2023-12-19
46421,MI,2025-08-12
46422,AZ,2025-09-15
46423,FL,2024-10-17
46424,AZ,2024-07-11
46425,CA,2024-02-26
46426,MI,2023-01-26
46427,TX,2024-08-15
46428,VA,2024-09-12
46429,FL,2023-10-07
46430,NJ,2024-09-30
46431,NJ,2024-09-10
46432,WA,2026-02-23
46433,AZ,2024-06-22
46434,NC,2023-05-10
46435,PA,2025-04-26
46436,AZ,2024-01-16
46437,WA,2024-11-11
46438,NC,2023-05-21
46439,CO,2023-04-01
46440,VA,2024-10-23
46441,VA,2023-02-16
46442,TX,2023-10-30
46443,MA,2024-07-30
46444,AZ,2023-07-16
46445,VA,2024-02-17
46446,IL,2023-12-01
46447,NC,2025-03-08
46448,NJ,2025-01-31
46449,NC,2023-10-29
46450,NC,2024-07-17
46451,NJ,2025-10-25
46452,IL,2024-12-26
46453,NC,2024-11-09
46454,GA,2023-01-30
46455,AZ,2024-12-21
46456,MI,2024-09-26
46457,MA,2023-05-31
46458,VA,2025-08-13
46459,NJ,2025-06-02
46460,MA,2025-11-02
46461,NJ,2023-04-20
46462,AZ,2025-11-27
46463,CA,2025-03-17
46464,CA,2024-02-07
46465,GA,2024-11-22
46466,GA,2024-02-29
46467,PA,2023-05-02
46468,NJ,2023-04-02
46469,NC,2023-01-27
46470,TX,2025-07-07
46471,MI,2023-01-19
46472,NJ,2023-12-02
46473,NJ,2024-01-24
46474,CO,2023-04-03
46475,GA,2023-09-19
46476,CA,2023-02-10
46477,PA,2025-01-21
46478,AZ,2023-02-17
46479,TX,2024-08-27
46480,VA,2023-09-13
46481,IL,2024-06-28
46482,MI,2023-08-07
46483,FL,2023-04-12
46484,CO,2025-06-20
46485,MI,2023-10-29
46486,GA,2025-10-10
46487,MA,2025-11-25
46488,NJ,2024-03-03
46489,CA,2023-05-15
46490,AZ,2024-07-30
46491,NY,2023-11-12
46492,CA,2024-01-03
46493,GA,2023-08-27
46494,FL,2024-11-27
46495,NC,2023-01-29
46496,AZ,2023-07-24
46497,CO,2023-08-20
46498,WA,2025-06-26
46499,WA,2025-05-04
46500,WA,2024-09-13
46501,NJ,2024-08-14
46502,WA,2023-12-02
46503,TX,2024-01-25
46504,IL,2023-02-21
46505,AZ,2024-06-20
46506,CA,2023-06-17
46507,CO,2025-07-20
46508,VA,2025-08-13
46509,FL,2023-12-17
46510,IL,2024-05-29
46511,NY,2024-10-14
46512,NY,2024-03-07
46513,CO,2025-09-01
46514,AZ,2025-04-07
46515,CA,2023-01-02
46516,CO,2025-08-23
46517,MI,2024-06-30
46518,NC,2025-03-29
46519,NC,2023-04-18
46520,MI,2024-09-16
46521,CA,2023-02-25
46522,MI,2023-02-09
46523,GA,2024-05-19
46524,CA,2025-08-30
46525,FL,2024-11-29
46526,GA,2023-01-12
46527,CA,2023-08-23
46528,GA,2025-07-04
46529,AZ,2024-02-28
46530,CO,2023-10-02
46531,WA,2024-08-25
46532,IL,2025-11-18
46533,WA,2024-06-14
46534,FL,2024-10-03
46535,PA,2024-02-28
46536,NC,2024-03-24
46537,MI,2026-01-06
46538,MI,2024-06-03
46539,AZ,2025-11-16
46540,VA,2025-07-14
46541,PA,2024-10-26
46542,FL,2024-07-14
46543,AZ,2025-05-17
46544,NC,2024-09-05
46545,CO,2023-11-12
46546,CO,2023-03-14
46547,GA,2025-11-18
46548,TX,2026-02-23
46549,NC,2026-02-01
46550,MI,2024-10-04
46551,CO,2026-01-23
46552,MI,2023-06-08
46553,TX,2024-11-22
46554,NY,2023-05-16
46555,NY,2023-08-23
46556,GA,2025-02-01
46557,FL,2023-10-09
46558,WA,2024-02-03
46559,NY,2024-04-05
46560,GA,2023-07-03
46561,MA,2024-08-20
46562,TX,2023-05-02
46563,IL,2023-11-14
46564,MA,2023-05-21
46565,AZ,2024-07-11
46566,PA,2025-02-15
46567,IL,2023-12-10
46568,NC,2025-07-07
46569,NJ,2023-01-12
46570,NC,2024-07-06
46571,IL,2024-03-03
46572,VA,2024-06-06
46573,MI,2024-10-20
46574,CO,2024-03-18
46575,AZ,2023-03-14
46576,CO,2025-11-22
46577,WA,2023-05-28
46578,AZ,2023-11-27
46579,FL,2023-12-15
46580,NJ,2024-09-28
46581,WA,2024-09-27
46582,GA,2026-02-21
46583,PA,2025-01-17
46584,NC,2025-04-10
46585,IL,2024-10-15
46586,TX,2023-02-23
46587,TX,2024-03-01
46588,AZ,2025-07-22
46589,CA,2023-03-24
46590,MI,2024-09-09
46591,MI,2024-01-08
46592,WA,2025-04-19
46593,IL,2025-04-29
46594,CO,2023-10-19
46595,NJ,2025-10-29
46596,GA,2024-12-20
46597,MA,2025-02-11
46598,CA,2024-10-16
46599,MA,2025-07-08
46600,NC,2024-05-25
46601,GA,2025-12-23
46602,FL,2024-05-09
46603,NJ,2025-09-30
46604,PA,2025-12-07
46605,MA,2025-07-27
46606,GA,2023-12-08
46607,CA,2024-12-20
46608,PA,2024-03-19
46609,NC,2023-09-20
46610,GA,2023-05-26
46611,FL,2023-05-08
46612,PA,2025-02-12
46613,CO,2024-09-16
46614,TX,2023-09-25
46615,NY,2025-08-31
46616,VA,2023-10-29
46617,PA,2025-12-12
46618,CO,2025-12-21
46619,CO,2025-06-27
46620,TX,2024-04-29
46621,VA,2024-02-25
46622,CO,2024-12-17
46623,NJ,2026-01-18
46624,NJ,2024-08-04
46625,IL,2025-02-18
46626,NC,2023-12-11
46627,GA,2024-03-09
46628,NC,2024-07-12
46629,VA,2024-06-11
46630,IL,2024-01-01
46631,CO,2023-07-14
46632,NY,2025-10-10
46633,CA,2025-09-10
46634,NC,2023-08-22
46635,NC,2024-08-21
46636,NY,2023-03-05
46637,PA,2024-04-22
46638,FL,2025-08-02
46639,NC,2025-08-06
46640,GA,2024-11-24
46641,MA,2026-02-28
46642,GA,2023-08-27
46643,GA,2023-05-20
46644,GA,2024-07-03
46645,CO,2023-04-01
46646,IL,2024-11-05
46647,AZ,2023-12-06
46648,NJ,2024-03-30
46649,NC,2025-04-23
46650,MA,2023-03-11
46651,MI,2025-07-21
46652,NY,2025-09-11
46653,NJ,2025-10-29
46654,CA,2024-12-08
46655,VA,2025-10-23
46656,WA,2023-09-26
46657,CO,2025-10-26
46658,TX,2024-01-20
46659,MA,2025-06-19
46660,WA,2025-09-08
46661,PA,2023-04-06
46662,NC,2024-09-15
46663,VA,2023-05-05
46664,CO,2024-07-06
46665,IL,2025-08-03
46666,IL,2024-01-04
46667,MA,2023-01-07
46668,MA,2023-10-04
46669,FL,2023-07-12
46670,NC,2023-06-09
46671,PA,2024-05-02
46672,NC,2025-09-06
46673,NC,2023-09-04
46674,MI,2023-01-06
46675,VA,2024-07-06
46676,CO,2023-02-02
46677,IL,2025-08-27
46678,NJ,2025-09-29
46679,VA,2025-01-24
46680,CO,2023-04-16
46681,MA,2025-08-03
46682,CA,2024-09-29
46683,FL,2025-12-26
46684,MA,2023-01-04
46685,GA,2023-02-23
46686,NY,2025-09-06
46687,MI,2023-02-14
46688,WA,2025-05-01
46689,GA,2023-06-20
46690,GA,2024-03-25
46691,IL,2024-01-02
46692,MA,2025-06-21
46693,GA,2023-11-07
46694,AZ,2024-11-07
46695,AZ,2023-07-23
46696,NC,2023-09-08
46697,CO,2025-12-30
46698,AZ,2023-09-12
46699,NC,2023-05-09
46700,IL,2024-05-28
46701,IL,2023-12-17
46702,MA,2023-03-25
46703,MA,2026-02-20
46704,NY,2025-04-12
46705,GA,2024-05-29
46706,FL,2024-04-11
46707,VA,2024-01-13
46708,VA,2023-04-14
46709,NC,2025-07-31
46710,GA,2024-07-08
46711,MI,2025-03-25
46712,MI,2024-06-01
46713,PA,2024-06-01
46714,NJ,2023-04-11
46715,MI,2023-08-08
46716,NC,2023-05-18
46717,TX,2024-10-29
46718,WA,2023-09-19
46719,WA,2024-08-07
46720,MA,2023-10-07
46721,PA,2026-01-10
46722,FL,2023-11-20
46723,NJ,2024-03-04
46724,MI,2024-05-20
46725,VA,2024-04-15
46726,PA,2025-02-19
46727,FL,2025-08-28
46728,VA,2024-08-09
46729,MI,2023-05-27
46730,VA,2023-06-10
46731,CA,2024-12-18
46732,IL,2024-07-10
46733,FL,2023-11-08
46734,NJ,2023-08-17
46735,MI,2026-01-28
46736,NC,2024-02-22
46737,NC,2023-03-11
46738,WA,2025-02-01
46739,AZ,2025-01-28
46740,MI,2023-11-06
46741,MI,2025-04-12
46742,NJ,2023-10-28
46743,GA,2025-11-19
46744,FL,2026-01-07
46745,CA,2025-04-20
46746,MI,2023-11-13
46747,NJ,2023-08-09
46748,GA,2023-05-10
46749,WA,2025-01-28
46750,NC,2023-03-09
46751,VA,2023-05-27
46752,PA,2024-04-12
46753,VA,2023-01-05
46754,NJ,2024-08-07
46755,MA,2023-07-31
46756,TX,2024-03-22
46757,FL,2024-01-04
46758,PA,2023-02-28
46759,NC,2023-11-12
46760,GA,2023-05-03
46761,NC,2024-08-14
46762,VA,2024-01-14
46763,CA,2026-01-31
46764,PA,2024-11-03
46765,NJ,2025-07-05
46766,WA,2024-05-20
46767,CO,2024-10-24
46768,NC,2024-02-08
46769,MA,2025-09-09
46770,AZ,2024-07-14
46771,AZ,2024-11-17
46772,FL,2025-12-29
46773,MA,2023-09-12
46774,CA,2023-10-28
46775,IL,2025-06-06
46776,GA,2023-06-04
46777,TX,2023-10-30
46778,FL,2023-09-02
46779,CO,2023-10-15
46780,PA,2025-11-18
46781,WA,2023-07-18
46782,WA,2023-02-22
46783,MI,2026-01-21
46784,CA,2024-03-15
46785,IL,2023-10-26
46786,AZ,2026-02-09
46787,NY,2026-01-19
46788,CA,2025-09-09
46789,IL,2023-02-12
46790,WA,2025-03-26
46791,VA,2025-09-02
46792,WA,2026-01-15
46793,GA,2026-02-15
46794,PA,2023-01-19
46795,MI,2023-02-21
46796,NC,2025-01-20
46797,NC,2024-05-19
46798,VA,2025-06-08
46799,TX,2024-04-19
46800,CA,2023-12-15
46801,AZ,2023-04-28
46802,AZ,2024-10-13
46803,CO,2023-06-15
46804,MI,2023-05-21
46805,PA,2024-05-22
46806,WA,2023-01-28
46807,NJ,2025-10-25
46808,WA,2025-03-24
46809,CO,2023-06-04
46810,CO,2024-02-14
46811,NJ,2025-01-27
46812,NY,2025-12-21
46813,TX,2023-07-15
46814,NC,2024-08-06
46815,NC,2023-03-31
46816,CA,2024-10-01
46817,MI,2024-01-31
46818,TX,2023-06-29
46819,PA,2024-10-26
46820,FL,2025-11-28
46821,NJ,2024-08-05
46822,MA,2023-03-18
46823,GA,2025-03-02
46824,PA,2025-03-23
46825,WA,2025-02-14
46826,PA,2026-02-27
46827,CA,2023-11-19
46828,NY,2024-10-27
46829,NC,2024-07-03
46830,NY,2025-12-16
46831,GA,2025-12-31
46832,NC,2023-11-16
46833,MA,2025-11-01
46834,NY,2023-12-25
46835,CA,2025-02-01
46836,WA,2025-11-22
46837,PA,2024-03-07
46838,CA,2023-10-28
46839,GA,2023-03-16
46840,TX,2025-05-24
46841,NY,2023-08-31
46842,AZ,2023-10-08
46843,VA,2024-06-10
46844,IL,2024-06-05
46845,TX,2023-09-29
46846,WA,2024-01-16
46847,NC,2026-01-26
46848,AZ,2023-08-01
46849,CO,2025-12-05
46850,NC,2024-09-27
46851,NY,2024-05-18
46852,PA,2023-05-09
46853,VA,2023-02-15
46854,WA,2025-08-12
46855,NJ,2024-04-06
46856,CO,2024-03-20
46857,CA,2025-09-05
46858,NC,2025-02-14
46859,NC,2024-07-06
46860,AZ,2024-07-09
46861,NJ,2024-10-02
46862,VA,2023-04-21
46863,PA,2025-10-19
46864,VA,2023-08-13
46865,PA,2026-02-14
46866,FL,2024-02-22
46867,WA,2024-01-23
46868,AZ,2025-04-28
46869,NC,2024-02-27
46870,PA,2025-08-07
46871,AZ,2024-02-14
46872,NJ,2025-03-05
46873,TX,2025-07-09
46874,PA,2025-03-07
46875,NY,2024-01-01
46876,PA,2024-04-10
46877,TX,2024-03-19
46878,MI,2023-12-12
46879,NJ,2024-08-19
46880,WA,2024-01-08
46881,MA,2023-11-18
46882,NY,2023-08-14
46883,VA,2026-02-10
46884,MI,2023-01-18
46885,AZ,2025-04-28
46886,MA,2025-02-09
46887,IL,2025-05-02
46888,AZ,2024-08-17
46889,MA,2023-05-02
46890,MA,2023-01-11
46891,GA,2023-06-30
46892,MA,2024-02-17
46893,AZ,2024-01-23
46894,PA,2023-08-08
46895,VA,2023-11-09
46896,IL,2025-08-18
46897,NC,2024-02-23
46898,CO,2024-03-06
46899,MA,2023-02-03
46900,IL,2023-11-15
46901,FL,2023-10-02
46902,MA,2023-09-23
46903,PA,2024-09-23
46904,CO,2024-11-13
46905,CO,2024-07-05
46906,PA,2023-07-02
46907,PA,2024-03-17
46908,FL,2024-05-04
46909,NC,2025-12-06
46910,GA,2025-08-30
46911,TX,2023-10-20
46912,GA,2023-03-20
46913,TX,2024-09-02
46914,VA,2025-06-17
46915,MA,2024-07-10
46916,FL,2024-08-21
46917,WA,2023-11-25
46918,VA,2024-02-03
46919,MI,2024-10-19
46920,TX,2023-01-03
46921,NY,2023-08-07
46922,PA,2024-11-01
46923,CO,2023-10-26
46924,AZ,2024-10-28
46925,MA,2023-06-04
46926,MA,2025-09-15
46927,CO,2025-10-23
46928,VA,2025-05-20
46929,CA,2024-10-14
46930,PA,2025-05-14
46931,CO,2025-12-19
46932,NC,2024-08-18
46933,PA,2023-12-29
46934,AZ,2025-04-28
46935,AZ,2025-06-09
46936,WA,2024-06-01
46937,CO,2025-06-04
46938,GA,2024-03-23
46939,VA,2024-05-03
46940,NY,2025-10-02
46941,TX,2025-10-15
46942,IL,2024-03-30
46943,GA,2025-08-04
46944,AZ,2023-11-19
46945,NC,2025-05-18
46946,NC,2025-09-24
46947,CO,2025-03-02
46948,AZ,2023-11-17
46949,VA,2026-02-25
46950,IL,2025-07-25
46951,WA,2023-04-10
46952,AZ,2025-03-10
46953,VA,2023-11-23
46954,TX,2023-08-30
46955,PA,2023-02-14
46956,FL,2025-11-21
46957,VA,2024-06-23
46958,VA,2025-01-19
46959,MA,2025-02-20
46960,MA,2024-10-14
46961,TX,2023-04-23
46962,FL,2024-09-16
46963,TX,2024-04-19
46964,MI,2025-10-21
46965,MI,2024-02-22
46966,NY,2023-07-06
46967,IL,2024-03-24
46968,MA,2024-11-12
46969,FL,2025-09-04
46970,WA,2025-01-23
46971,CO,2025-06-27
46972,GA,2023-01-23
46973,MA,2025-12-25
46974,NC,2026-01-14
46975,AZ,2025-07-20
46976,CA,2024-12-12
46977,NJ,2026-01-15
46978,AZ,2023-11-24
46979,TX,2025-05-06
46980,NJ,2025-08-17
46981,WA,2023-08-23
46982,TX,2025-02-12
46983,MI,2025-05-23
46984,CA,2025-09-28
46985,NY,2025-10-06
46986,CO,2023-08-16
46987,MA,2023-03-23
46988,VA,2024-11-03
46989,NC,2023-07-08
46990,TX,2023-01-18
46991,FL,2025-10-27
46992,AZ,2024-02-04
46993,VA,2025-01-04
46994,TX,2025-08-22
46995,VA,2023-03-15
46996,FL,2024-02-17
46997,CO,2024-02-17
46998,GA,2025-11-05
46999,MA,2023-09-17
47000,GA,2025-12-24
47001,AZ,2025-12-31
47002,GA,2025-09-14
47003,MA,2024-10-02
47004,MA,2024-05-20
47005,CO,2026-02-28
47006,PA,2025-01-23
47007,NC,2023-03-07
47008,PA,2025-04-04
47009,PA,2025-05-27
47010,TX,2026-02-03
47011,CO,2025-11-28
47012,CA,2024-05-02
47013,VA,2024-09-27
47014,MI,2026-02-18
47015,IL,2024-08-18
47016,NY,2023-07-28
47017,MA,2025-02-13
47018,VA,2025-08-08
47019,TX,2023-04-22
47020,NJ,2024-08-02
47021,NC,2025-06-10
47022,WA,2025-01-03
47023,NC,2023-01-01
47024,NY,2025-01-28
47025,CA,2026-01-04
47026,WA,2024-02-05
47027,GA,2024-10-29
47028,MI,2025-01-19
47029,GA,2025-08-08
47030,MA,2025-03-13
47031,AZ,2025-06-14
47032,GA,2024-06-14
47033,FL,2026-01-21
47034,TX,2024-05-13
47035,NJ,2024-08-14
47036,FL,2025-02-10
47037,MI,2024-09-16
47038,MA,2023-04-25
47039,CO,2024-07-27
47040,NY,2025-04-30
47041,WA,2026-02-13
47042,WA,2026-02-05
47043,VA,2024-12-16
47044,GA,2023-02-06
47045,VA,2023-02-05
47046,VA,2023-11-21
47047,MI,2024-10-04
47048,VA,2024-02-03
47049,TX,2025-08-20
47050,PA,2023-11-29
47051,IL,2024-12-09
47052,MI,2023-10-06
47053,NC,2023-02-16
47054,PA,2024-12-30
47055,WA,2023-06-08
47056,NY,2023-02-04
47057,NY,2024-05-02
47058,FL,2025-04-04
47059,PA,2024-05-24
47060,FL,2024-09-20
47061,MI,2025-07-06
47062,MA,2024-10-22
47063,AZ,2025-12-06
47064,PA,2026-01-29
47065,AZ,2025-02-16
47066,CA,2024-08-20
47067,NJ,2025-08-04
47068,IL,2024-02-06
47069,NJ,2025-05-16
47070,VA,2025-09-24
47071,GA,2023-10-21
47072,NY,2024-07-01
47073,PA,2024-12-08
47074,WA,2023-08-25
47075,NC,2025-05-13
47076,MI,2025-04-21
47077,NJ,2025-01-16
47078,NC,2023-11-26
47079,FL,2024-04-03
47080,FL,2025-11-02
47081,CO,2023-07-04
47082,AZ,2025-09-28
47083,IL,2023-03-23
47084,MA,2023-11-09
47085,NJ,2025-07-31
47086,PA,2024-06-06
47087,GA,2025-06-28
47088,VA,2024-11-17
47089,TX,2023-04-13
47090,NJ,2025-02-25
47091,NY,2024-12-10
47092,TX,2023-01-30
47093,MI,2024-06-12
47094,CO,2025-01-15
47095,VA,2025-06-30
47096,GA,2023-11-20
47097,NC,2025-03-11
47098,WA,2024-05-20
47099,CO,2025-01-23
47100,AZ,2025-02-17
47101,NJ,2025-02-10
47102,MA,2024-05-31
47103,PA,2025-05-02
47104,AZ,2024-12-17
47105,PA,2024-09-17
47106,VA,2023-10-18
47107,GA,2025-11-15
47108,FL,2024-10-27
47109,MI,2023-02-06
47110,VA,2024-10-12
47111,NC,2023-03-07
47112,TX,2025-11-20
47113,GA,2024-02-06
47114,CO,2023-07-22
47115,MI,2025-10-20
47116,MA,2025-08-11
47117,CA,2024-01-11
47118,NY,2024-05-20
47119,GA,2025-09-08
47120,WA,2024-11-06
47121,CA,2025-11-25
47122,GA,2026-02-04
47123,CA,2023-01-25
47124,CO,2024-02-28
47125,WA,2025-09-25
47126,AZ,2024-11-13
47127,NJ,2024-05-03
47128,PA,2024-02-26
47129,IL,2023-04-19
47130,CA,2024-09-23
47131,NY,2024-12-29
47132,MA,2025-05-02
47133,NY,2023-12-01
47134,WA,2024-09-20
47135,NJ,2024-06-19
47136,GA,2024-03-23
47137,WA,2023-04-27
47138,PA,2025-10-01
47139,TX,2025-12-22
47140,NJ,2025-01-11
47141,VA,2024-05-02
47142,IL,2024-09-09
47143,MA,2023-06-30
47144,NC,2023-11-26
47145,AZ,2026-02-01
47146,NJ,2025-02-28
47147,NC,2024-07-12
47148,NJ,2025-11-05
47149,CO,2024-05-10
47150,MI,2023-02-03
47151,TX,2024-12-20
47152,NJ,2025-08-31
47153,FL,2025-08-23
47154,NC,2024-07-20
47155,FL,2025-06-06
47156,NY,2023-03-15
47157,MI,2024-09-14
47158,MA,2024-04-01
47159,PA,2023-08-28
47160,FL,2026-02-27
47161,FL,2024-11-01
47162,MI,2025-12-22
47163,MI,2025-12-06
47164,VA,2024-06-14
47165,PA,2025-10-31
47166,CO,2024-01-12
47167,IL,2023-08-11
47168,IL,2023-03-15
47169,NJ,2023-05-14
47170,GA,2023-11-02
47171,FL,2024-06-24
47172,GA,2023-10-04
47173,CA,2025-04-16
47174,NJ,2024-08-22
47175,GA,2024-03-15
47176,MI,2025-03-06
47177,CA,2023-02-25
47178,MI,2023-07-02
47179,MA,2025-07-28
47180,IL,2025-11-18
47181,MA,2025-10-23
47182,GA,2023-11-21
47183,NC,2025-10-06
47184,FL,2025-02-17
47185,PA,2023-06-25
47186,GA,2024-09-08
47187,TX,2025-08-06
47188,NC,2024-01-28
47189,NJ,2023-12-24
47190,NJ,2025-12-15
47191,GA,2025-11-05
47192,VA,2023-07-06
47193,CA,2025-01-15
47194,AZ,2023-09-30
47195,WA,2024-05-09
47196,MI,2024-08-29
47197,NC,2023-08-04
47198,WA,2023-04-23
47199,CA,2023-01-30
47200,CA,2023-12-04
47201,TX,2025-09-06
47202,GA,2025-12-06
47203,MA,2025-07-05
47204,IL,2023-02-10
47205,GA,2023-12-19
47206,FL,2024-09-15
47207,FL,2023-07-20
47208,TX,2023-08-04
47209,WA,2024-10-14
47210,WA,2023-08-10
47211,PA,2023-08-13
47212,AZ,2023-04-29
47213,NC,2026-02-07
47214,MA,2024-07-23
47215,MA,2024-04-16
47216,MI,2026-02-11
47217,IL,2025-11-12
47218,FL,2024-11-27
47219,MA,2023-07-28
47220,AZ,2024-11-24
47221,NY,2024-08-29
47222,VA,2024-03-13
47223,PA,2023-09-03
47224,GA,2025-06-30
47225,MA,2025-05-18
47226,NY,2023-09-05
47227,NC,2024-01-26
47228,NY,2023-09-02
47229,VA,2025-02-07
47230,IL,2025-03-17
47231,NJ,2024-09-28
47232,MA,2023-05-05
47233,GA,2023-07-16
47234,MI,2023-08-02
47235,FL,2024-04-05
47236,CO,2024-06-12
47237,AZ,2024-05-12
47238,NC,2024-01-26
47239,MI,2025-05-19
47240,VA,2023-09-25
47241,NY,2024-03-14
47242,IL,2025-04-01
47243,FL,2025-11-04
47244,CO,2025-11-19
47245,GA,2024-07-20
47246,NY,2026-01-01
47247,MA,2024-09-12
47248,MA,2023-11-12
47249,CO,2024-10-09
47250,VA,2025-07-20
47251,WA,2025-04-20
47252,NJ,2025-01-11
47253,VA,2026-02-20
47254,TX,2025-04-17
47255,CA,2023-03-01
47256,FL,2024-05-01
47257,TX,2025-01-06
47258,NY,2024-09-28
47259,IL,2025-12-28
47260,MA,2024-08-07
47261,NC,2024-01-15
47262,MA,2023-03-02
47263,PA,2024-02-21
47264,CO,2024-04-17
47265,VA,2024-01-02
47266,AZ,2023-12-03
47267,NY,2023-09-13
47268,AZ,2023-12-26
47269,NJ,2024-09-14
47270,PA,2023-01-19
47271,NC,2024-10-07
47272,VA,2024-12-12
47273,IL,2024-03-16
47274,VA,2026-01-16
47275,IL,2024-02-07
47276,NC,2023-05-05
47277,PA,2025-07-25
47278,CA,2023-12-13
47279,NY,2024-04-12
47280,VA,2024-11-08
47281,GA,2024-01-18
47282,CO,2023-11-21
47283,PA,2024-10-17
47284,VA,2024-07-04
47285,FL,2025-05-14
47286,IL,2024-07-16
47287,NY,2025-06-19
47288,PA,2023-04-26
47289,WA,2023-03-24
47290,NY,2024-03-21
47291,MI,2026-02-12
47292,VA,2025-03-19
47293,WA,2023-03-26
47294,MA,2023-07-14
47295,MA,2023-02-28
47296,GA,2025-05-09
47297,TX,2024-11-23
47298,PA,2025-03-24
47299,FL,2023-12-24
47300,GA,2024-10-13
47301,AZ,2023-03-29
47302,CO,2025-12-24
47303,PA,2025-09-04
47304,MA,2024-06-18
47305,CO,2023-10-22
47306,GA,2025-12-19
47307,PA,2024-07-09
47308,FL,2025-01-17
47309,WA,2025-12-29
47310,GA,2025-07-12
47311,MA,2024-06-29
47312,AZ,2025-06-25
47313,FL,2025-04-12
47314,IL,2023-05-18
47315,NJ,2024-02-14
47316,CA,2025-06-24
47317,CA,2023-11-25
47318,GA,2023-02-14
47319,MI,2024-10-27
47320,CO,2025-05-23
47321,MI,2023-02-05
47322,VA,2024-02-12
47323,CA,2025-02-01
47324,VA,2024-10-03
47325,MI,2025-01-11
47326,NJ,2023-12-17
47327,NY,2024-11-09
47328,VA,2023-06-03
47329,FL,2023-07-16
47330,CA,2023-03-09
47331,NY,2025-05-03
47332,WA,2025-12-29
47333,CO,2026-02-15
47334,IL,2025-03-09
47335,MI,2024-01-18
47336,IL,2025-10-18
47337,FL,2023-11-21
47338,NY,2024-07-02
47339,TX,2023-04-28
47340,VA,2024-05-28
47341,IL,2024-11-19
47342,IL,2025-09-05
47343,WA,2025-11-06
47344,IL,2023-11-03
47345,NJ,2024-01-05
47346,IL,2023-01-28
47347,VA,2025-06-08
47348,CA,2025-05-31
47349,IL,2024-09-30
47350,WA,2024-09-09
47351,CO,2023-08-03
47352,GA,2025-05-19
47353,AZ,2024-06-22
47354,IL,2023-06-21
47355,VA,2025-03-14
47356,PA,2024-10-17
47357,PA,2023-11-12
47358,NC,2024-04-15
47359,FL,2025-11-11
47360,TX,2023-07-25
47361,NC,2026-01-05
47362,PA,2024-01-12
47363,CA,2024-11-21
47364,MA,2025-05-03
47365,WA,2024-01-18
47366,FL,2023-05-31
47367,GA,2023-12-30
47368,MA,2023-12-01
47369,NC,2023-10-14
47370,VA,2025-07-12
47371,CO,2023-11-19
47372,FL,2024-03-01
47373,NC,2024-10-26
47374,PA,2025-03-11
47375,NC,2024-02-11
47376,CO,2023-12-14
47377,FL,2025-03-31
47378,MI,2023-05-24
47379,CA,2024-02-25
47380,NJ,2023-08-23
47381,MI,2024-10-12
47382,CO,2025-02-18
47383,CA,2023-10-04
47384,VA,2024-02-06
47385,PA,2024-10-15
47386,TX,2024-10-22
47387,MA,2024-05-02
47388,TX,2025-11-24
47389,VA,2025-12-22
47390,CO,2026-02-11
47391,WA,2024-01-08
47392,TX,2025-06-05
47393,WA,2026-02-22
47394,WA,2023-11-15
47395,CO,2024-09-08
47396,PA,2023-04-28
47397,GA,2025-02-05
47398,IL,2023-08-31
47399,NC,2025-06-26
47400,TX,2024-06-27
47401,NY,2024-09-10
47402,NJ,2023-04-07
47403,TX,2023-10-31
47404,GA,2025-09-17
47405,MA,2024-09-08
47406,MI,2025-05-18
47407,NJ,2025-03-15
47408,NJ,2023-04-29
47409,GA,2025-08-14
47410,VA,2023-07-23
47411,MI,2023-02-03
47412,IL,2024-06-01
47413,CO,2024-07-11
47414,NC,2024-02-10
47415,NJ,2023-12-21
47416,GA,2026-01-11
47417,TX,2023-04-24
47418,MA,2024-08-30
47419,GA,2023-01-11
47420,NY,2023-11-13
47421,PA,2024-08-10
47422,MA,2024-11-21
47423,WA,2023-03-04
47424,CO,2023-01-10
47425,FL,2024-05-13
47426,CA,2025-09-10
47427,NJ,2025-07-07
47428,VA,2023-06-05
47429,MI,2023-06-21
47430,NC,2023-08-25
47431,CO,2026-02-14
47432,MI,2023-08-28
47433,IL,2024-01-21
47434,VA,2024-07-23
47435,CO,2023-06-19
47436,TX,2024-02-25
47437,CO,2025-11-12
47438,CO,2023-10-23
47439,PA,2023-08-09
47440,CA,2023-08-22
47441,FL,2025-06-27
47442,MA,2024-04-18
47443,VA,2024-04-25
47444,AZ,2026-01-26
47445,NJ,2025-02-16
47446,CA,2023-07-12
47447,TX,2025-03-30
47448,TX,2023-11-15
47449,IL,2024-03-13
47450,WA,2024-09-29
47451,PA,2023-03-27
47452,NJ,2024-07-15
47453,MI,2025-12-03
47454,MA,2023-09-06
47455,TX,2025-02-15
47456,NJ,2023-01-23
47457,CA,2025-02-02
47458,NJ,2023-07-31
47459,MI,2025-07-18
47460,TX,2024-12-02
47461,CO,2025-10-20
47462,WA,2024-12-27
47463,MI,2024-07-30
47464,TX,2024-09-16
47465,AZ,2025-11-27
47466,CO,2025-06-08
47467,IL,2024-01-05
47468,MI,2025-02-14
47469,TX,2024-03-07
47470,AZ,2023-05-03
47471,WA,2025-11-16
47472,CA,2024-08-05
47473,IL,2023-01-03
47474,MI,2025-05-02
47475,AZ,2025-12-31
47476,PA,2023-05-25
47477,VA,2023-03-13
47478,AZ,2025-12-02
47479,GA,2025-02-14
47480,PA,2024-02-13
47481,MA,2023-12-28
47482,MI,2026-02-21
47483,NJ,2023-11-07
47484,VA,2023-06-22
47485,CO,2024-04-19
47486,IL,2025-04-14
47487,NJ,2025-04-04
47488,WA,2025-12-13
47489,MI,2026-01-30
47490,PA,2024-06-19
47491,IL,2024-07-27
47492,MA,2024-09-02
47493,GA,2025-03-18
47494,CO,2023-06-06
47495,WA,2025-10-28
47496,MI,2024-04-03
47497,MA,2024-02-21
47498,CO,2023-11-16
47499,CA,2026-02-06
47500,CO,2023-03-29
47501,NJ,2024-12-06
47502,MA,2023-01-05
47503,NJ,2024-12-28
47504,PA,2025-09-17
47505,PA,2024-05-26
47506,NY,2024-08-04
47507,NY,2025-04-16
47508,PA,2024-08-13
47509,IL,2024-02-15
47510,TX,2024-07-19
47511,CA,2024-01-17
47512,MI,2025-03-01
47513,CO,2024-09-06
47514,MA,2023-11-11
47515,FL,2024-01-01
47516,AZ,2025-12-21
47517,CA,2025-04-01
47518,NY,2023-05-05
47519,GA,2025-08-28
47520,FL,2024-10-14
47521,TX,2023-02-11
47522,CO,2025-10-31
47523,FL,2023-08-28
47524,MA,2024-01-04
47525,MI,2024-02-10
47526,VA,2023-08-01
47527,AZ,2023-04-19
47528,AZ,2023-06-26
47529,AZ,2023-02-06
47530,WA,2025-09-11
47531,WA,2024-07-23
47532,NJ,2025-08-19
47533,IL,2025-09-13
47534,PA,2023-06-10
47535,VA,2025-07-02
47536,FL,2023-03-16
47537,NY,2023-02-06
47538,IL,2024-07-01
47539,VA,2024-03-13
47540,WA,2024-12-10
47541,TX,2025-08-07
47542,FL,2023-08-13
47543,TX,2025-04-11
47544,TX,2024-11-24
47545,FL,2024-03-05
47546,NY,2023-06-19
47547,FL,2024-09-15
47548,NC,2023-04-03
47549,NJ,2025-04-03
47550,NY,2023-01-15
47551,AZ,2023-10-13
47552,NC,2025-11-12
47553,CO,2025-02-18
47554,NC,2024-05-17
47555,WA,2024-08-26
47556,VA,2025-05-12
47557,MA,2023-05-03
47558,NJ,2024-09-06
47559,FL,2024-08-02
47560,NC,2024-03-16
47561,IL,2025-05-14
47562,VA,2024-04-13
47563,PA,2024-06-09
47564,AZ,2023-01-16
47565,NC,2023-10-20
47566,FL,2023-09-08
47567,MI,2025-02-17
47568,IL,2023-06-10
47569,CA,2025-12-22
47570,IL,2023-12-06
47571,IL,2023-10-16
47572,NY,2025-10-05
47573,PA,2025-03-12
47574,NC,2026-01-06
47575,NC,2025-05-10
47576,GA,2025-08-19
47577,MI,2023-08-30
47578,IL,2025-08-25
47579,PA,2025-04-18
47580,MI,2024-01-07
47581,NJ,2024-08-28
47582,VA,2024-05-01
47583,MA,2024-10-22
47584,NY,2025-07-04
47585,NY,2023-06-08
47586,NY,2024-07-21
47587,NC,2023-07-13
47588,VA,2024-06-21
47589,NJ,2025-12-27
47590,GA,2024-06-25
47591,TX,2025-09-23
47592,VA,2024-12-06
47593,FL,2025-03-29
47594,CA,2025-01-21
47595,CA,2023-09-27
47596,FL,2025-07-20
47597,AZ,2025-03-31
47598,NY,2025-10-10
47599,CO,2024-03-22
47600,VA,2025-01-03
47601,FL,2024-03-17
47602,TX,2024-05-28
47603,TX,2024-04-13
47604,IL,2026-01-06
47605,PA,2024-11-05
47606,VA,2023-11-14
47607,IL,2026-02-09
47608,IL,2023-11-24
47609,IL,2023-02-28
47610,CO,2025-07-25
47611,CO,2025-07-17
47612,GA,2023-08-13
47613,CA,2024-01-17
47614,NC,2023-12-01
47615,CO,2025-02-08
47616,WA,2023-05-11
47617,TX,2023-07-21
47618,NJ,2025-02-25
47619,NC,2025-01-14
47620,TX,2023-10-01
47621,IL,2024-11-05
47622,CO,2025-10-15
47623,NC,2024-10-10
47624,NY,2025-08-03
47625,PA,2023-01-12
47626,GA,2023-08-07
47627,WA,2025-05-02
47628,WA,2023-11-01
47629,CA,2024-06-22
47630,IL,2023-09-03
47631,VA,2023-07-02
47632,NJ,2024-05-03
47633,NJ,2024-09-21
47634,WA,2024-05-29
47635,MA,2023-08-04
47636,MA,2026-01-29
47637,FL,2025-06-06
47638,WA,2023-12-21
47639,NC,2024-10-24
47640,AZ,2025-04-05
47641,CO,2024-06-13
47642,NY,2024-09-16
47643,CA,2023-07-01
47644,AZ,2025-03-09
47645,IL,2024-04-30
47646,NJ,2023-11-16
47647,AZ,2025-11-26
47648,FL,2026-02-08
47649,VA,2024-09-08
47650,NC,2025-05-17
47651,TX,2025-01-28
47652,MA,2023-07-25
47653,CO,2023-12-19
47654,NJ,2025-06-01
47655,PA,2025-05-31
47656,FL,2024-01-08
47657,PA,2023-05-26
47658,PA,2024-07-17
47659,MI,2025-12-01
47660,NC,2023-07-27
47661,PA,2026-02-24
47662,NJ,2023-01-02
47663,NJ,2024-07-16
47664,MI,2025-06-29
47665,IL,2025-11-06
47666,VA,2023-07-01
47667,NJ,2024-01-19
47668,NJ,2024-10-26
47669,MI,2023-04-19
47670,NY,2024-08-09
47671,CO,2024-08-12
47672,IL,2024-10-05
47673,NJ,2023-12-30
47674,GA,2025-10-30
47675,NJ,2024-09-03
47676,VA,2023-01-02
47677,VA,2025-07-09
47678,IL,2024-01-16
47679,IL,2025-09-16
47680,PA,2025-04-07
47681,NY,2026-01-17
47682,WA,2025-02-19
47683,GA,2024-11-04
47684,CA,2024-05-24
47685,FL,2024-07-04
47686,NC,2024-07-07
47687,NC,2025-09-06
47688,AZ,2024-09-13
47689,TX,2024-08-20
47690,CA,2024-05-23
47691,CA,2024-02-27
47692,MI,2024-03-30
47693,CA,2023-09-10
47694,CA,2023-06-08
47695,MI,2026-02-24
47696,VA,2025-01-27
47697,NY,2023-10-12
47698,NJ,2025-12-10
47699,WA,2024-12-17
47700,NY,2025-10-13
47701,FL,2023-03-20
47702,GA,2025-08-24
47703,TX,2025-04-16
47704,NY,2023-01-14
47705,FL,2023-04-04
47706,GA,2025-11-12
47707,FL,2026-01-08
47708,MI,2023-12-10
47709,PA,2024-07-21
47710,WA,2026-02-04
47711,FL,2025-07-14
47712,VA,2024-04-04
47713,CO,2025-01-26
47714,AZ,2023-12-31
47715,VA,2024-02-28
47716,MI,2023-04-04
47717,MI,2026-01-30
47718,FL,2024-01-21
47719,NY,2025-07-07
47720,PA,2024-04-14
47721,FL,2023-07-09
47722,NY,2023-06-04
47723,GA,2025-01-02
47724,NJ,2023-02-06
47725,AZ,2023-11-22
47726,CO,2024-06-11
47727,GA,2026-02-21
47728,FL,2023-01-20
47729,CA,2025-04-21
47730,TX,2025-07-30
47731,MA,2024-01-14
47732,CA,2024-12-26
47733,NJ,2024-10-18
47734,CO,2024-04-08
47735,GA,2024-01-29
47736,CO,2025-06-16
47737,WA,2024-07-31
47738,PA,2025-11-18
47739,NJ,2023-08-26
47740,AZ,2024-10-05
47741,PA,2025-08-11
47742,VA,2023-07-23
47743,MI,2023-06-11
47744,GA,2025-05-05
47745,FL,2023-12-11
47746,GA,2023-04-15
47747,CA,2023-10-08
47748,PA,2023-06-07
47749,NJ,2025-08-08
47750,TX,2024-08-23
47751,FL,2025-07-08
47752,NJ,2025-10-14
47753,NC,2023-08-20
47754,CA,2024-02-27
47755,PA,2023-07-24
47756,IL,2025-02-08
47757,VA,2024-06-11
47758,MI,2023-06-01
47759,FL,2026-02-27
47760,FL,2024-04-21
47761,CA,2025-11-28
47762,WA,2023-12-25
47763,GA,2024-06-07
47764,IL,2026-01-05
47765,MI,2024-08-03
47766,CO,2023-05-23
47767,NJ,2023-03-01
47768,FL,2023-11-16
47769,GA,2025-06-16
47770,MA,2025-08-23
47771,AZ,2023-06-13
47772,AZ,2023-09-26
47773,MA,2025-02-08
47774,CO,2025-06-06
47775,NY,2025-11-29
47776,PA,2025-11-28
47777,IL,2024-11-05
47778,MA,2023-06-22
47779,TX,2023-06-11
47780,CO,2024-01-17
47781,CA,2025-03-20
47782,CA,2023-01-17
47783,NC,2026-02-10
47784,TX,2023-02-04
47785,IL,2023-12-23
47786,MA,2023-09-19
47787,NY,2023-03-15
47788,AZ,2025-03-21
47789,IL,2024-02-11
47790,PA,2023-04-26
47791,WA,2025-05-14
47792,MI,2024-02-22
47793,IL,2025-01-17
47794,CA,2024-03-23
47795,AZ,2025-03-17
47796,NC,2023-07-28
47797,MA,2026-01-01
47798,CO,2023-04-06
47799,AZ,2025-09-30
47800,MA,2025-04-25
47801,GA,2025-10-24
47802,CA,2023-02-20
47803,NC,2024-07-16
47804,GA,2023-05-13
47805,NJ,2025-04-21
47806,NJ,2025-06-05
47807,VA,2025-11-12
47808,MI,2024-04-30
47809,TX,2023-03-28
47810,NY,2025-12-07
47811,IL,2024-11-03
47812,NJ,2024-03-24
47813,WA,2024-06-01
47814,MI,2025-11-16
47815,FL,2024-04-19
47816,FL,2024-05-06
47817,CO,2024-10-07
47818,NC,2025-03-18
47819,VA,2023-06-02
47820,TX,2024-05-13
47821,VA,2025-04-16
47822,CA,2024-12-02
47823,WA,2023-03-20
47824,CO,2025-12-05
47825,TX,2024-02-26
47826,NY,2024-07-13
47827,CA,2025-11-22
47828,VA,2024-06-13
47829,FL,2025-11-25
47830,NJ,2026-01-17
47831,NY,2025-05-26
47832,AZ,2024-09-03
47833,CO,2025-05-24
47834,NJ,2023-01-31
47835,VA,2025-11-10
47836,MI,2023-12-23
47837,NC,2025-01-11
47838,PA,2024-11-07
47839,GA,2025-02-07
47840,VA,2023-11-07
47841,NC,2024-06-18
47842,CA,2024-01-04
47843,MI,2023-11-27
47844,NY,2025-09-25
47845,IL,2025-03-26
47846,VA,2023-12-23
47847,NC,2023-04-09
47848,PA,2024-10-03
47849,MA,2023-09-08
47850,NY,2023-10-23
47851,CO,2024-02-12
47852,VA,2023-12-25
47853,NC,2024-09-13
47854,GA,2025-10-29
47855,CO,2024-09-25
47856,GA,2023-10-26
47857,MI,2024-12-25
47858,IL,2025-08-31
47859,NJ,2024-07-15
47860,MA,2024-08-26
47861,IL,2024-08-25
47862,MA,2025-10-30
47863,TX,2024-12-07
47864,FL,2025-11-19
47865,GA,2023-05-30
47866,TX,2023-04-02
47867,NY,2024-12-13
47868,PA,2023-12-30
47869,VA,2023-10-24
47870,NJ,2025-08-09
47871,MA,2024-04-29
47872,IL,2024-08-03
47873,TX,2024-10-15
47874,IL,2025-11-03
47875,MI,2024-11-17
47876,MA,2025-02-22
47877,IL,2023-12-25
47878,CA,2024-07-08
47879,PA,2025-02-05
47880,AZ,2025-07-21
47881,CA,2024-10-15
47882,GA,2025-11-30
47883,IL,2023-03-28
47884,PA,2025-04-20
47885,NY,2026-01-03
47886,MI,2025-11-08
47887,NJ,2023-05-20
47888,CA,2023-05-11
47889,NJ,2025-07-14
47890,PA,2023-06-28
47891,NY,2025-05-16
47892,CO,2025-03-21
47893,WA,2024-02-10
47894,MA,2023-12-14
47895,MA,2025-05-10
47896,NY,2025-11-28
47897,FL,2023-08-19
47898,NY,2024-05-01
47899,MA,2025-09-03
47900,WA,2023-02-26
47901,CA,2023-02-23
47902,NY,2024-02-25
47903,IL,2023-02-28
47904,AZ,2024-03-05
47905,FL,2024-03-22
47906,MA,2025-05-16
47907,MI,2026-01-22
47908,NY,2024-10-14
47909,VA,2025-04-18
47910,PA,2023-07-31
47911,NY,2025-03-23
47912,PA,2023-05-13
47913,IL,2025-07-28
47914,CO,2023-01-25
47915,VA,2025-09-10
47916,CA,2024-12-12
47917,WA,2025-07-23
47918,CA,2023-02-17
47919,MI,2023-02-21
47920,NJ,2023-03-01
47921,IL,2024-04-17
47922,MA,2025-03-01
47923,IL,2025-03-30
47924,AZ,2025-01-20
47925,VA,2023-07-02
47926,GA,2023-03-05
47927,TX,2023-11-17
47928,CO,2024-09-20
47929,TX,2025-07-16
47930,NJ,2024-09-03
47931,MI,2025-07-19
47932,PA,2024-12-31
47933,VA,2024-07-25
47934,VA,2024-07-19
47935,MA,2025-02-05
47936,AZ,2024-02-15
47937,VA,2023-01-21
47938,WA,2025-08-01
47939,PA,2024-06-30
47940,VA,2024-03-29
47941,CA,2025-10-11
47942,MI,2023-01-05
47943,NJ,2024-11-03
47944,PA,2025-07-09
47945,FL,2024-09-24
47946,AZ,2025-08-05
47947,VA,2024-11-14
47948,NJ,2025-02-26
47949,MI,2025-01-15
47950,GA,2023-11-08
47951,MI,2024-09-22
47952,CO,2024-06-03
47953,TX,2025-04-30
47954,MI,2023-03-05
47955,NY,2024-10-10
47956,NJ,2024-08-06
47957,GA,2023-01-15
47958,CA,2023-04-01
47959,GA,2025-07-22
47960,PA,2026-01-27
47961,MA,2025-03-14
47962,PA,2023-01-10
47963,NY,2023-10-06
47964,NJ,2025-12-27
47965,WA,2023-05-13
47966,AZ,2024-05-30
47967,NY,2024-02-18
47968,MI,2026-02-02
47969,WA,2023-08-13
47970,MA,2025-06-27
47971,WA,2026-02-15
47972,NY,2024-02-20
47973,NJ,2024-02-21
47974,AZ,2025-04-05
47975,WA,2024-09-29
47976,PA,2023-04-22
47977,PA,2025-11-03
47978,NC,2024-02-07
47979,AZ,2023-04-17
47980,IL,2025-10-23
47981,MI,2025-08-08
47982,WA,2024-10-08
47983,NY,2023-11-23
47984,IL,2025-01-26
47985,IL,2024-03-13
47986,PA,2025-11-27
47987,NY,2024-07-28
47988,VA,2025-04-11
47989,VA,2023-01-06
47990,FL,2024-10-01
47991,MA,2023-11-04
47992,CA,2026-02-19
47993,CA,2023-06-21
47994,AZ,2025-07-21
47995,NJ,2025-08-01
47996,PA,2024-03-07
47997,NJ,2023-06-14
47998,IL,2023-02-18
47999,MA,2025-11-28
48000,PA,2023-06-13
48001,WA,2025-12-27
48002,MI,2025-04-12
48003,PA,2025-10-05
48004,NC,2023-10-01
48005,CO,2024-11-11
48006,NJ,2025-05-15
48007,FL,2026-02-20
48008,TX,2025-01-09
48009,MA,2024-05-17
48010,AZ,2024-09-07
48011,FL,2024-11-19
48012,CA,2025-11-17
48013,NJ,2023-05-24
48014,CO,2024-04-27
48015,WA,2026-02-20
48016,VA,2023-04-26
48017,CO,2023-01-22
48018,CO,2023-12-02
48019,PA,2023-11-29
48020,WA,2025-12-08
48021,CO,2023-10-11
48022,MA,2023-03-05
48023,VA,2025-11-15
48024,TX,2023-10-04
48025,MI,2025-10-13
48026,FL,2023-07-16
48027,NJ,2023-01-24
48028,PA,2024-07-30
48029,VA,2025-03-01
48030,MA,2024-08-14
48031,FL,2023-01-08
48032,IL,2024-07-10
48033,PA,2024-04-17
48034,NY,2024-01-01
48035,PA,2025-11-01
48036,NY,2025-12-31
48037,TX,2025-06-24
48038,NC,2023-03-04
48039,MA,2024-07-03
48040,TX,2025-07-02
48041,PA,2024-02-06
48042,TX,2024-10-27
48043,VA,2025-03-03
48044,AZ,2024-04-08
48045,FL,2023-09-02
48046,MI,2024-03-04
48047,NC,2025-08-11
48048,IL,2025-02-24
48049,CA,2023-02-17
48050,IL,2023-01-14
48051,CO,2024-01-26
48052,PA,2024-11-08
48053,MI,2026-02-10
48054,MI,2025-12-23
48055,CO,2026-01-15
48056,IL,2024-05-09
48057,IL,2025-01-15
48058,VA,2023-09-06
48059,TX,2023-03-22
48060,AZ,2024-01-21
48061,NY,2026-01-21
48062,MA,2024-04-10
48063,CO,2024-05-01
48064,NC,2023-04-16
48065,VA,2023-02-05
48066,AZ,2024-11-26
48067,IL,2023-05-29
48068,WA,2024-07-28
48069,FL,2024-01-21
48070,CA,2023-07-21
48071,GA,2024-10-16
48072,NJ,2024-03-21
48073,NC,2023-09-16
48074,FL,2023-09-11
48075,NY,2024-03-05
48076,FL,2024-12-14
48077,VA,2025-11-20
48078,NJ,2025-02-17
48079,WA,2023-10-10
48080,NY,2025-07-30
48081,MA,2023-03-11
48082,TX,2026-01-22
48083,AZ,2023-10-26
48084,MI,2025-03-23
48085,CO,2025-03-28
48086,FL,2023-05-21
48087,PA,2025-02-18
48088,NJ,2024-10-15
48089,WA,2026-01-27
48090,TX,2023-10-30
48091,VA,2024-07-04
48092,NJ,2023-08-01
48093,WA,2024-02-07
48094,GA,2025-12-20
48095,NJ,2025-03-30
48096,VA,2025-10-16
48097,AZ,2024-03-15
48098,NY,2025-06-28
48099,MA,2023-12-23
48100,MI,2023-04-18
48101,MI,2023-05-20
48102,NC,2023-08-31
48103,CO,2024-08-28
48104,TX,2023-12-08
48105,NJ,2025-09-15
48106,FL,2023-08-12
48107,VA,2024-12-16
48108,NJ,2025-01-28
48109,NC,2025-10-19
48110,NY,2025-08-19
48111,MI,2025-05-21
48112,NC,2024-11-21
48113,VA,2026-01-26
48114,GA,2024-07-10
48115,TX,2024-01-19
48116,MI,2024-02-28
48117,GA,2024-01-25
48118,VA,2025-08-04
48119,MA,2025-07-31
48120,IL,2025-07-07
48121,NJ,2024-07-05
48122,PA,2024-02-25
48123,NJ,2026-01-13
48124,TX,2024-11-28
48125,NJ,2025-07-05
48126,MA,2025-07-11
48127,MI,2025-06-25
48128,NJ,2025-11-17
48129,AZ,2025-05-01
48130,TX,2023-06-24
48131,VA,2024-07-12
48132,NJ,2026-02-07
48133,IL,2024-04-30
48134,CO,2024-08-27
48135,WA,2023-09-02
48136,NJ,2024-05-27
48137,NJ,2023-02-04
48138,VA,2023-09-18
48139,TX,2025-12-19
48140,IL,2023-04-10
48141,MI,2024-11-02
48142,CO,2025-01-18
48143,NC,2024-08-29
48144,TX,2023-02-09
48145,PA,2025-03-20
48146,VA,2023-03-15
48147,AZ,2025-01-04
48148,NJ,2025-06-22
48149,NJ,2025-05-08
48150,WA,2023-01-29
48151,GA,2025-04-25
48152,AZ,2025-11-12
48153,AZ,2024-05-30
48154,NC,2023-09-01
48155,MI,2024-06-29
48156,MI,2024-09-08
48157,NC,2023-01-27
48158,TX,2026-01-11
48159,VA,2023-06-08
48160,PA,2024-10-28
48161,NJ,2025-08-13
48162,NY,2025-03-15
48163,NJ,2024-09-24
48164,VA,2023-07-14
48165,AZ,2024-10-07
48166,CO,2026-02-28
48167,AZ,2025-10-15
48168,AZ,2024-05-14
48169,AZ,2024-04-05
48170,MA,2025-06-25
48171,PA,2023-01-27
48172,GA,2023-09-02
48173,MI,2023-05-10
48174,FL,2024-07-20
48175,TX,2024-06-05
48176,NC,2025-10-09
48177,WA,2023-10-18
48178,NJ,2024-10-07
48179,CA,2025-09-17
48180,WA,2025-02-05
48181,VA,2023-07-01
48182,VA,2025-01-03
48183,TX,2025-10-02
48184,CA,2025-04-14
48185,TX,2023-03-23
48186,WA,2024-09-23
48187,WA,2023-03-01
48188,MI,2025-02-20
48189,NC,2025-02-22
48190,PA,2024-02-25
48191,CO,2025-09-19
48192,NJ,2025-12-20
48193,CA,2025-03-03
48194,MA,2024-07-23
48195,WA,2024-08-12
48196,TX,2024-02-25
48197,FL,2023-05-13
48198,TX,2025-04-01
48199,CO,2025-10-30
48200,FL,2025-12-29
48201,TX,2025-12-16
48202,NY,2024-06-21
48203,TX,2024-11-09
48204,MA,2023-06-21
48205,IL,2023-11-16
48206,NC,2024-03-07
48207,PA,2025-12-07
48208,VA,2023-06-23
48209,WA,2023-12-18
48210,CO,2025-09-12
48211,NJ,2024-02-02
48212,CA,2025-02-03
48213,TX,2024-12-23
48214,NY,2023-09-17
48215,NY,2024-10-13
48216,PA,2025-09-21
48217,NJ,2024-01-09
48218,PA,2024-10-04
48219,CA,2025-10-23
48220,WA,2024-09-28
48221,WA,2023-10-25
48222,TX,2024-04-08
48223,PA,2025-08-30
48224,PA,2023-06-05
48225,GA,2023-04-27
48226,PA,2023-04-20
48227,IL,2025-07-01
48228,AZ,2024-09-04
48229,NC,2026-02-16
48230,AZ,2024-12-16
48231,IL,2023-02-23
48232,NC,2024-06-23
48233,IL,2023-08-28
48234,AZ,2023-09-13
48235,NY,2023-01-25
48236,NJ,2023-09-11
48237,MI,2023-04-09
48238,NC,2024-12-19
48239,NC,2024-11-19
48240,CO,2025-08-01
48241,IL,2024-01-15
48242,VA,2025-07-31
48243,MI,2024-07-27
48244,AZ,2024-02-21
48245,TX,2024-05-06
48246,NC,2023-06-19
48247,GA,2024-08-21
48248,NY,2024-06-22
48249,MA,2023-08-18
48250,TX,2023-01-08
48251,MI,2023-07-09
48252,PA,2024-01-07
48253,MI,2025-07-22
48254,IL,2025-06-01
48255,WA,2025-10-24
48256,VA,2025-12-13
48257,IL,2024-03-28
48258,CO,2023-05-26
48259,AZ,2025-07-29
48260,TX,2025-02-24
48261,NY,2025-06-22
48262,CO,2025-11-18
48263,CA,2025-04-01
48264,NY,2025-04-15
48265,NC,2025-08-01
48266,CA,2024-12-16
48267,WA,2026-01-08
48268,CO,2026-01-17
48269,NY,2025-02-23
48270,FL,2024-05-23
48271,FL,2023-11-13
48272,NJ,2023-06-29
48273,NJ,2024-07-07
48274,MA,2025-05-28
48275,CA,2025-03-01
48276,GA,2024-11-30
48277,TX,2024-05-02
48278,IL,2025-12-02
48279,NC,2024-03-18
48280,AZ,2023-07-21
48281,WA,2026-01-01
48282,FL,2023-08-09
48283,GA,2024-09-23
48284,NJ,2025-04-07
48285,PA,2024-01-23
48286,AZ,2025-09-17
48287,GA,2025-09-14
48288,CA,2025-10-24
48289,MA,2024-01-23
48290,NC,2023-06-10
48291,GA,2024-10-15
48292,WA,2024-05-10
48293,CA,2025-06-23
48294,CO,2026-01-16
48295,WA,2025-04-11
48296,IL,2023-07-09
48297,MA,2023-03-30
48298,NC,2024-05-08
48299,MA,2023-09-18
48300,VA,2025-05-27
48301,AZ,2025-11-02
48302,PA,2023-09-07
48303,MA,2024-08-18
48304,MI,2023-04-01
48305,CA,2024-11-04
48306,MA,2024-01-29
48307,NJ,2024-02-26
48308,TX,2023-07-05
48309,WA,2025-09-02
48310,NC,2024-03-23
48311,WA,2024-10-21
48312,CO,2023-02-09
48313,MA,2023-06-01
48314,MA,2023-11-10
48315,IL,2024-09-21
48316,MA,2023-06-27
48317,AZ,2026-01-12
48318,MA,2025-02-20
48319,MI,2023-01-19
48320,WA,2025-11-19
48321,WA,2023-09-29
48322,FL,2023-01-22
48323,AZ,2026-01-12
48324,FL,2025-04-17
48325,WA,2024-09-12
48326,NC,2025-07-27
48327,GA,2024-05-03
48328,AZ,2024-02-07
48329,NJ,2024-05-31
48330,PA,2024-08-05
48331,IL,2024-02-03
48332,CO,2026-02-26
48333,GA,2024-09-21
48334,PA,2025-10-25
48335,AZ,2024-03-13
48336,FL,2023-11-13
48337,PA,2023-05-05
48338,VA,2025-06-12
48339,MA,2023-03-17
48340,WA,2025-08-23
48341,FL,2025-03-03
48342,PA,2023-12-13
48343,MA,2025-07-29
48344,TX,2023-05-10
48345,CA,2024-10-23
48346,MA,2024-12-01
48347,GA,2025-10-12
48348,NY,2024-04-29
48349,MA,2024-07-31
48350,NC,2026-02-16
48351,NY,2024-10-27
48352,VA,2024-07-05
48353,VA,2023-10-27
48354,TX,2023-10-19
48355,VA,2025-08-09
48356,NC,2025-07-23
48357,AZ,2025-09-11
48358,PA,2025-06-27
48359,NC,2025-09-22
48360,TX,2025-02-18
48361,PA,2024-06-16
48362,VA,2023-03-28
48363,FL,2025-02-19
48364,IL,2024-07-11
48365,TX,2024-09-15
48366,VA,2026-02-26
48367,GA,2024-03-16
48368,NY,2026-02-07
48369,MA,2023-05-12
48370,IL,2026-01-03
48371,AZ,2025-07-24
48372,MI,2023-02-22
48373,NY,2023-02-08
48374,NJ,2023-12-04
48375,TX,2024-01-29
48376,IL,2025-10-16
48377,NC,2023-02-20
48378,FL,2025-06-04
48379,CA,2024-12-19
48380,CA,2023-11-11
48381,TX,2026-02-10
48382,CO,2023-04-25
48383,NJ,2025-04-24
48384,FL,2025-11-06
48385,NJ,2025-10-17
48386,CA,2025-04-12
48387,CO,2023-09-14
48388,NC,2026-01-16
48389,IL,2024-06-06
48390,CA,2024-08-01
48391,PA,2025-04-02
48392,NC,2026-01-14
48393,NC,2025-11-30
48394,IL,2024-09-08
48395,CA,2023-10-08
48396,MI,2023-09-13
48397,NC,2023-08-05
48398,NC,2026-01-31
48399,TX,2024-03-25
48400,NY,2025-08-08
48401,FL,2026-01-14
48402,NY,2024-10-19
48403,NJ,2025-02-22
48404,VA,2024-12-14
48405,WA,2024-05-17
48406,FL,2024-11-04
48407,IL,2024-01-11
48408,AZ,2023-03-01
48409,MI,2024-08-10
48410,MA,2024-07-05
48411,PA,2024-10-18
48412,NY,2025-04-03
48413,NY,2025-12-31
48414,CO,2025-12-24
48415,VA,2025-11-21
48416,VA,2025-06-29
48417,GA,2026-02-28
48418,WA,2023-09-07
48419,MA,2023-03-15
48420,VA,2024-06-03
48421,PA,2025-02-22
48422,GA,2025-02-17
48423,AZ,2023-10-06
48424,CA,2025-08-09
48425,CO,2025-04-03
48426,NC,2025-10-14
48427,NC,2025-03-17
48428,GA,2024-10-09
48429,GA,2024-10-06
48430,NC,2025-02-11
48431,MA,2024-06-14
48432,PA,2024-01-16
48433,PA,2023-03-02
48434,PA,2023-07-07
48435,PA,2024-01-21
48436,NC,2024-05-17
48437,MI,2023-06-27
48438,TX,2025-08-16
48439,VA,2023-04-24
48440,VA,2023-07-27
48441,WA,2024-03-30
48442,VA,2024-06-13
48443,NY,2025-05-25
48444,NJ,2024-08-24
48445,NC,2026-01-31
48446,TX,2025-06-22
48447,NC,2025-12-23
48448,MA,2024-10-15
48449,CA,2023-03-19
48450,TX,2024-08-25
48451,WA,2023-02-04
48452,NJ,2024-09-07
48453,AZ,2024-08-10
48454,FL,2024-03-02
48455,TX,2023-05-11
48456,IL,2024-04-01
48457,PA,2026-02-04
48458,IL,2025-08-14
48459,FL,2023-10-06
48460,GA,2023-09-17
48461,NJ,2024-08-30
48462,IL,2025-10-24
48463,MI,2023-08-06
48464,GA,2025-05-08
48465,VA,2025-04-27
48466,NJ,2023-10-13
48467,NC,2023-02-17
48468,NC,2024-04-14
48469,NY,2025-09-22
48470,MI,2023-03-07
48471,IL,2023-08-18
48472,AZ,2025-01-25
48473,FL,2023-01-12
48474,NY,2024-09-04
48475,WA,2024-11-16
48476,AZ,2023-08-30
48477,MI,2023-08-01
48478,TX,2026-02-09
48479,IL,2025-05-23
48480,NJ,2023-12-07
48481,MI,2025-11-26
48482,AZ,2026-01-18
48483,CO,2024-03-20
48484,FL,2023-11-23
48485,PA,2026-01-30
48486,FL,2024-04-19
48487,WA,2024-07-12
48488,IL,2024-06-12
48489,NJ,2025-06-24
48490,MA,2025-08-28
48491,IL,2025-08-12
48492,MA,2025-02-24
48493,GA,2024-12-06
48494,FL,2024-02-23
48495,NC,2024-05-29
48496,MI,2024-12-11
48497,CA,2025-11-24
48498,MI,2024-08-11
48499,GA,2024-09-05
48500,MA,2024-03-25
48501,FL,2024-07-31
48502,NC,2023-02-20
48503,CO,2024-09-27
48504,PA,2024-12-12
48505,MA,2026-01-01
48506,PA,2023-06-16
48507,NY,2023-06-24
48508,CA,2023-01-22
48509,GA,2025-09-09
48510,MA,2025-04-24
48511,AZ,2023-09-02
48512,NC,2023-05-17
48513,CA,2023-10-31
48514,VA,2023-03-31
48515,FL,2024-01-17
48516,MI,2023-06-16
48517,WA,2025-11-13
48518,WA,2025-09-30
48519,AZ,2025-05-11
48520,AZ,2023-04-05
48521,AZ,2024-04-02
48522,WA,2024-06-13
48523,NJ,2024-09-12
48524,TX,2025-06-14
48525,WA,2023-11-16
48526,FL,2024-11-22
48527,MI,2023-10-19
48528,WA,2024-12-02
48529,MA,2023-10-31
48530,WA,2024-07-22
48531,AZ,2023-09-01
48532,MI,2025-05-08
48533,AZ,2024-02-29
48534,AZ,2025-01-02
48535,CO,2023-03-29
48536,CO,2025-12-21
48537,TX,2024-02-17
48538,WA,2024-07-04
48539,PA,2024-08-16
48540,FL,2023-01-10
48541,AZ,2025-12-15
48542,AZ,2023-09-25
48543,WA,2024-01-21
48544,CO,2024-08-07
48545,FL,2025-11-06
48546,WA,2023-02-04
48547,MA,2024-12-10
48548,TX,2025-09-29
48549,VA,2025-03-13
48550,IL,2024-04-07
48551,GA,2023-07-19
48552,NJ,2023-10-17
48553,FL,2025-10-31
48554,FL,2023-01-10
48555,IL,2026-01-10
48556,IL,2025-06-04
48557,TX,2023-06-28
48558,AZ,2026-01-17
48559,CA,2024-09-11
48560,TX,2024-05-28
48561,CO,2025-02-08
48562,CO,2023-05-13
48563,IL,2025-07-17
48564,MA,2023-11-21
48565,NY,2026-02-04
48566,GA,2024-07-15
48567,TX,2023-06-18
48568,NY,2025-08-27
48569,WA,2025-03-21
48570,CA,2025-03-27
48571,WA,2024-05-23
48572,NC,2023-05-26
48573,FL,2025-04-28
48574,PA,2026-01-23
48575,IL,2025-10-12
48576,PA,2025-09-19
48577,WA,2024-02-13
48578,GA,2025-08-08
48579,WA,2025-03-25
48580,VA,2025-09-07
48581,CO,2025-09-03
48582,PA,2024-08-27
48583,VA,2023-03-08
48584,NY,2024-12-11
48585,TX,2025-08-17
48586,TX,2025-07-27
48587,TX,2024-02-25
48588,IL,2023-12-07
48589,MA,2023-06-29
48590,MA,2025-10-16
48591,PA,2025-04-19
48592,MA,2024-01-21
48593,PA,2023-08-31
48594,TX,2023-05-18
48595,CA,2024-08-15
48596,IL,2023-05-06
48597,TX,2023-09-15
48598,VA,2026-02-25
48599,MI,2024-07-07
48600,TX,2024-08-29
48601,MI,2024-10-26
48602,TX,2023-06-19
48603,MI,2024-11-07
48604,GA,2023-12-27
48605,PA,2025-09-28
48606,MI,2024-07-02
48607,FL,2024-12-11
48608,WA,2023-05-14
48609,TX,2024-01-05
48610,NC,2025-05-12
48611,VA,2023-06-23
48612,MI,2025-12-05
48613,PA,2024-02-24
48614,CA,2023-10-24
48615,MI,2025-05-15
48616,PA,2025-04-14
48617,FL,2025-03-01
48618,MI,2023-11-13
48619,CA,2025-01-02
48620,NJ,2026-01-06
48621,NJ,2023-01-30
48622,MA,2025-11-10
48623,MA,2023-05-24
48624,MI,2025-04-09
48625,FL,2024-07-25
48626,MI,2024-09-18
48627,WA,2025-01-28
48628,NC,2025-07-10
48629,MA,2023-12-28
48630,VA,2024-06-14
48631,IL,2024-06-09
48632,VA,2023-03-04
48633,FL,2025-03-21
48634,FL,2023-07-14
48635,NY,2024-11-13
48636,NC,2026-03-01
48637,NY,2025-05-02
48638,PA,2025-11-14
48639,FL,2023-03-15
48640,WA,2023-07-29
48641,FL,2023-08-13
48642,AZ,2024-02-23
48643,TX,2024-02-13
48644,NJ,2023-05-11
48645,NY,2025-08-04
48646,FL,2023-06-27
48647,AZ,2023-10-18
48648,NJ,2025-08-08
48649,WA,2023-05-26
48650,CA,2025-08-04
48651,MI,2025-11-19
48652,VA,2023-02-09
48653,CA,2025-11-19
48654,IL,2024-08-24
48655,WA,2025-04-12
48656,NJ,2025-12-31
48657,FL,2025-11-01
48658,CA,2023-03-19
48659,PA,2026-02-01
48660,AZ,2024-01-29
48661,MA,2025-11-26
48662,MI,2023-10-12
48663,FL,2026-02-01
48664,TX,2024-12-28
48665,AZ,2025-07-20
48666,MA,2024-08-13
48667,NY,2023-12-31
48668,NC,2025-03-12
48669,CA,2024-08-07
48670,NJ,2023-06-12
48671,FL,2025-03-05
48672,VA,2023-10-01
48673,CO,2024-10-19
48674,VA,2024-10-28
48675,IL,2025-01-04
48676,GA,2026-01-25
48677,CA,2024-05-19
48678,CA,2024-01-10
48679,NJ,2025-01-05
48680,WA,2025-12-04
48681,IL,2026-01-31
48682,CO,2025-10-14
48683,TX,2023-09-09
48684,IL,2025-11-05
48685,TX,2023-11-24
48686,CO,2024-10-17
48687,PA,2025-04-02
48688,NJ,2025-03-25
48689,NJ,2023-03-14
48690,FL,2024-09-14
48691,NY,2026-01-27
48692,PA,2024-01-30
48693,GA,2025-05-12
48694,MI,2024-03-12
48695,NC,2024-09-24
48696,MI,2025-05-08
48697,VA,2023-07-18
48698,CO,2024-12-27
48699,MI,2023-12-22
48700,IL,2025-11-11
48701,TX,2024-07-23
48702,NY,2025-10-07
48703,VA,2024-04-13
48704,FL,2023-11-24
48705,FL,2024-09-17
48706,CA,2024-07-20
48707,MI,2024-01-02
48708,GA,2023-06-29
48709,NC,2024-01-28
48710,CO,2025-09-01
48711,MA,2025-09-29
48712,IL,2023-07-04
48713,TX,2023-04-29
48714,FL,2023-11-25
48715,NY,2025-04-25
48716,MA,2025-07-14
48717,NY,2025-05-29
48718,AZ,2023-03-25
48719,MI,2025-10-03
48720,NC,2024-03-13
48721,CA,2024-10-24
48722,IL,2024-11-28
48723,FL,2023-11-20
48724,MI,2025-09-11
48725,CO,2023-07-09
48726,CA,2025-09-05
48727,GA,2024-07-25
48728,IL,2024-02-25
48729,AZ,2025-03-12
48730,NY,2025-03-13
48731,CO,2024-10-22
48732,WA,2023-10-06
48733,WA,2024-07-06
48734,WA,2023-09-12
48735,MA,2024-04-21
48736,MA,2024-04-08
48737,NC,2024-05-19
48738,NJ,2023-07-21
48739,MA,2024-04-09
48740,PA,2024-06-17
48741,NC,2025-11-29
48742,NY,2026-02-27
48743,CO,2023-06-21
48744,CA,2023-08-19
48745,VA,2023-08-25
48746,AZ,2024-08-17
48747,NY,2023-01-10
48748,NJ,2023-03-25
48749,MA,2025-07-08
48750,FL,2024-01-14
48751,NJ,2025-12-04
48752,NC,2024-09-28
48753,NC,2024-05-16
48754,GA,2024-09-07
48755,NJ,2023-02-09
48756,GA,2024-12-10
48757,AZ,2025-09-19
48758,TX,2023-08-28
48759,VA,2024-07-15
48760,AZ,2023-06-06
48761,VA,2025-08-11
48762,TX,2025-02-11
48763,GA,2024-05-30
48764,VA,2024-06-02
48765,NC,2025-09-02
48766,MI,2024-08-09
48767,PA,2023-07-06
48768,CO,2025-04-16
48769,CA,2025-06-05
48770,IL,2024-08-23
48771,MA,2023-01-30
48772,AZ,2024-02-08
48773,NJ,2025-09-16
48774,AZ,2025-12-26
48775,CO,2024-07-26
48776,PA,2023-03-20
48777,PA,2025-08-13
48778,NY,2025-04-25
48779,AZ,2025-03-28
48780,CA,2023-01-15
48781,FL,2025-12-10
48782,CA,2024-12-21
48783,NY,2026-02-18
48784,TX,2025-12-25
48785,FL,2025-11-15
48786,PA,2025-03-16
48787,PA,2025-09-29
48788,IL,2025-06-11
48789,CO,2025-05-09
48790,GA,2025-01-16
48791,MI,2025-12-14
48792,FL,2024-10-10
48793,CA,2025-10-16
48794,AZ,2025-02-22
48795,WA,2025-11-13
48796,WA,2023-08-02
48797,GA,2025-02-26
48798,IL,2023-03-03
48799,WA,2023-02-21
48800,NC,2025-12-11
48801,NC,2023-10-26
48802,WA,2024-08-30
48803,CO,2024-10-11
48804,NJ,2023-11-18
48805,CA,2023-11-23
48806,WA,2024-09-04
48807,CA,2023-01-15
48808,MI,2023-11-27
48809,MA,2024-08-18
48810,AZ,2025-11-30
48811,MI,2023-03-01
48812,MA,2023-10-16
48813,VA,2025-03-30
48814,NC,2024-04-12
48815,CO,2024-01-13
48816,AZ,2023-07-11
48817,MA,2024-01-29
48818,NJ,2023-12-18
48819,GA,2024-09-03
48820,CO,2023-11-11
48821,CO,2024-07-23
48822,TX,2023-08-05
48823,MI,2023-01-09
48824,NC,2025-08-02
48825,MI,2023-03-22
48826,FL,2024-04-16
48827,FL,2025-02-01
48828,CA,2024-07-16
48829,IL,2024-03-04
48830,NY,2025-12-26
48831,MI,2024-01-05
48832,GA,2023-12-27
48833,AZ,2026-01-08
48834,CA,2025-08-14
48835,CA,2023-06-27
48836,NJ,2024-10-15
48837,VA,2024-10-11
48838,NC,2024-01-25
48839,NJ,2025-02-09
48840,IL,2024-01-21
48841,VA,2025-04-23
48842,CA,2025-08-05
48843,PA,2026-01-29
48844,MI,2023-05-21
48845,TX,2024-06-27
48846,NC,2025-07-09
48847,NY,2024-05-13
48848,VA,2025-07-02
48849,NJ,2023-05-18
48850,GA,2024-10-12
48851,WA,2024-08-20
48852,IL,2023-06-07
48853,NY,2023-01-06
48854,CO,2024-08-12
48855,IL,2023-02-27
48856,NJ,2025-09-25
48857,PA,2025-06-10
48858,CO,2023-05-27
48859,CO,2025-08-14
48860,AZ,2025-04-09
48861,MI,2025-09-08
48862,CA,2025-07-19
48863,MA,2026-02-25
48864,NY,2025-12-05
48865,MI,2025-03-13
48866,NJ,2023-12-22
48867,CO,2026-01-29
48868,PA,2024-12-27
48869,NY,2023-04-11
48870,FL,2023-06-12
48871,NY,2024-07-11
48872,VA,2025-10-24
48873,MA,2025-02-01
48874,WA,2025-11-06
48875,VA,2023-12-08
48876,NJ,2024-11-27
48877,VA,2025-09-07
48878,NJ,2024-10-08
48879,GA,2025-08-01
48880,WA,2025-05-09
48881,NJ,2023-08-26
48882,CO,2025-04-24
48883,NY,2025-04-24
48884,TX,2026-02-25
48885,IL,2024-03-15
48886,NJ,2025-10-07
48887,MA,2026-01-12
48888,AZ,2023-06-12
48889,NC,2024-02-27
48890,CO,2023-01-23
48891,MI,2024-01-30
48892,TX,2026-01-07
48893,MA,2026-02-14
48894,CO,2023-08-31
48895,NC,2023-05-09
48896,MI,2024-05-23
48897,IL,2025-07-06
48898,FL,2025-07-19
48899,VA,2024-02-17
48900,IL,2023-04-23
48901,GA,2025-07-01
48902,TX,2023-06-05
48903,MI,2024-02-29
48904,NY,2023-01-17
48905,WA,2024-05-30
48906,MA,2025-11-30
48907,TX,2024-10-07
48908,WA,2025-12-13
48909,FL,2024-12-12
48910,NJ,2025-10-11
48911,MA,2025-05-22
48912,NY,2023-12-13
48913,PA,2024-09-30
48914,NJ,2025-03-31
48915,VA,2024-09-27
48916,MA,2023-01-02
48917,PA,2024-02-08
48918,NY,2025-06-06
48919,TX,2025-05-23
48920,WA,2025-04-09
48921,MA,2026-02-10
48922,VA,2024-10-16
48923,IL,2023-07-19
48924,PA,2024-07-29
48925,MA,2024-05-24
48926,NJ,2023-05-11
48927,IL,2023-12-13
48928,VA,2023-08-10
48929,PA,2026-02-20
48930,CA,2024-04-08
48931,MI,2023-02-09
48932,WA,2024-02-26
48933,PA,2025-09-06
48934,CA,2023-02-14
48935,MA,2023-07-09
48936,FL,2024-09-08
48937,WA,2025-06-06
48938,CA,2024-08-29
48939,CO,2023-01-24
48940,MI,2025-05-07
48941,FL,2024-05-14
48942,TX,2024-04-29
48943,CA,2024-10-03
48944,FL,2024-06-21
48945,TX,2025-12-03
48946,CO,2025-09-23
48947,GA,2024-10-03
48948,PA,2025-02-17
48949,WA,2024-02-18
48950,GA,2025-04-08
48951,CA,2023-12-13
48952,MA,2023-04-17
48953,NJ,2025-12-23
48954,AZ,2024-08-28
48955,MA,2024-01-22
48956,IL,2024-01-18
48957,FL,2023-06-07
48958,VA,2023-04-11
48959,NJ,2024-04-21
48960,GA,2024-09-25
48961,AZ,2023-08-17
48962,TX,2024-08-16
48963,NJ,2024-07-19
48964,MI,2026-02-10
48965,NJ,2024-07-03
48966,CA,2024-01-21
48967,MI,2023-01-20
48968,NY,2024-04-08
48969,TX,2024-12-17
48970,NY,2023-07-25
48971,IL,2024-02-02
48972,VA,2024-05-20
48973,MI,2023-09-23
48974,AZ,2025-10-26
48975,MA,2024-07-24
48976,WA,2025-03-25
48977,WA,2026-02-17
48978,MA,2025-02-10
48979,IL,2024-06-21
48980,PA,2024-06-27
48981,CO,2025-08-09
48982,GA,2024-03-26
48983,NY,2025-06-04
48984,PA,2024-03-17
48985,NY,2026-02-27
48986,MI,2025-12-08
48987,CA,2024-01-04
48988,MA,2024-02-09
48989,NJ,2026-02-06
48990,MI,2024-12-17
48991,AZ,2026-01-24
48992,FL,2025-06-17
48993,MI,2026-02-13
48994,GA,2023-12-17
48995,IL,2024-11-01
48996,PA,2024-01-20
48997,MA,2023-12-14
48998,VA,2024-05-17
48999,MA,2024-05-27
49000,CO,2025-04-27
49001,FL,2023-07-22
49002,TX,2023-02-05
49003,TX,2024-11-29
49004,NC,2024-07-26
49005,CO,2023-11-28
49006,PA,2025-01-17
49007,MI,2023-04-29
49008,VA,2025-02-27
49009,MI,2023-02-09
49010,TX,2025-08-25
49011,CO,2025-05-10
49012,NY,2025-04-26
49013,MI,2023-09-02
49014,WA,2023-06-19
49015,WA,2025-06-12
49016,MA,2024-04-27
49017,WA,2024-02-24
49018,GA,2024-10-12
49019,TX,2023-03-18
49020,GA,2023-02-04
49021,CA,2023-10-20
49022,TX,2023-05-20
49023,FL,2025-09-14
49024,IL,2025-04-10
49025,NC,2024-01-10
49026,CO,2024-05-18
49027,MA,2024-04-10
49028,CO,2023-04-13
49029,IL,2024-12-09
49030,IL,2023-10-28
49031,AZ,2025-04-17
49032,IL,2024-04-22
49033,TX,2024-04-23
49034,AZ,2023-02-17
49035,NC,2025-12-28
49036,MI,2024-07-06
49037,FL,2023-04-17
49038,NJ,2025-02-18
49039,IL,2023-09-28
49040,VA,2023-08-01
49041,MA,2023-12-23
49042,TX,2024-12-21
49043,FL,2025-08-25
49044,IL,2025-07-14
49045,CA,2025-08-19
49046,NJ,2026-01-18
49047,MI,2025-03-19
49048,MA,2025-12-22
49049,VA,2024-05-05
49050,MI,2025-11-28
49051,NJ,2023-05-28
49052,CA,2024-04-23
49053,NJ,2023-06-15
49054,VA,2023-01-23
49055,PA,2025-06-26
49056,VA,2024-12-28
49057,PA,2026-01-26
49058,VA,2024-06-02
49059,NC,2023-09-27
49060,NJ,2023-01-16
49061,MI,2023-08-09
49062,NJ,2024-06-28
49063,GA,2024-07-16
49064,NC,2025-03-28
49065,GA,2025-09-25
49066,NJ,2024-07-28
49067,GA,2023-05-02
49068,FL,2024-06-22
49069,NY,2025-10-09
49070,MA,2023-06-03
49071,VA,2023-02-27
49072,FL,2025-02-01
49073,AZ,2023-08-28
49074,WA,2025-09-17
49075,CA,2024-02-03
49076,NJ,2025-12-25
49077,PA,2024-03-25
49078,NC,2024-04-26
49079,VA,2024-03-06
49080,IL,2023-02-15
49081,PA,2024-10-10
49082,MI,2025-12-30
49083,MA,2024-07-21
49084,TX,2023-05-12
49085,NC,2024-01-16
49086,NY,2023-10-20
49087,VA,2025-05-07
49088,PA,2025-06-03
49089,PA,2025-12-06
49090,NC,2023-01-30
49091,MA,2025-12-05
49092,CA,2025-04-27
49093,NY,2025-12-09
49094,TX,2025-02-26
49095,FL,2025-06-13
49096,MI,2023-03-29
49097,WA,2025-11-29
49098,FL,2024-06-27
49099,MI,2024-05-03
49100,NC,2023-04-07
49101,TX,2024-09-15
49102,CA,2025-01-19
49103,MI,2024-06-07
49104,MA,2023-09-28
49105,PA,2024-11-30
49106,NC,2024-08-06
49107,IL,2023-01-27
49108,NY,2026-01-29
49109,NY,2024-11-23
49110,TX,2025-08-31
49111,CO,2025-10-15
49112,CO,2024-07-04
49113,NC,2023-10-02
49114,MI,2024-09-20
49115,NC,2023-01-14
49116,NC,2024-12-28
49117,PA,2025-03-03
49118,NC,2023-04-21
49119,NJ,2023-11-19
49120,AZ,2025-05-17
49121,PA,2025-05-20
49122,CO,2023-08-05
49123,MA,2024-05-27
49124,AZ,2024-02-11
49125,NY,2024-09-02
49126,CA,2026-01-03
49127,IL,2024-03-28
49128,NJ,2025-01-11
49129,CO,2025-06-18
49130,CA,2025-07-28
49131,TX,2024-08-08
49132,MI,2025-08-26
49133,CA,2025-11-22
49134,NC,2025-10-14
49135,GA,2025-03-05
49136,MA,2023-01-28
49137,AZ,2024-03-05
49138,CO,2023-04-17
49139,GA,2025-11-23
49140,TX,2024-08-30
49141,NC,2023-05-07
49142,NJ,2024-09-27
49143,NY,2025-02-01
49144,IL,2025-06-29
49145,WA,2024-06-22
49146,FL,2024-12-14
49147,IL,2023-05-03
49148,MI,2023-03-30
49149,IL,2024-07-25
49150,PA,2023-03-13
49151,TX,2024-03-31
49152,AZ,2023-10-20
49153,NY,2024-09-13
49154,GA,2026-02-23
49155,CO,2024-07-13
49156,AZ,2025-10-09
49157,FL,2024-04-16
49158,IL,2023-09-26
49159,TX,2023-11-11
49160,NJ,2025-06-19
49161,CO,2024-06-10
49162,TX,2025-04-22
49163,NY,2025-08-09
49164,MI,2025-09-03
49165,MA,2025-02-14
49166,AZ,2025-09-13
49167,TX,2026-02-12
49168,VA,2024-10-08
49169,GA,2025-10-15
49170,MI,2024-01-07
49171,TX,2023-06-01
49172,MI,2024-09-30
49173,CO,2023-12-31
49174,NY,2024-05-29
49175,GA,2024-07-13
49176,CA,2025-07-24
49177,PA,2023-06-26
49178,TX,2024-12-14
49179,NJ,2023-01-17
49180,AZ,2024-06-02
49181,NY,2023-06-20
49182,VA,2023-05-14
49183,AZ,2024-07-04
49184,VA,2025-06-10
49185,PA,2024-06-28
49186,MI,2023-05-31
49187,MA,2023-02-02
49188,WA,2026-01-17
49189,MI,2024-06-25
49190,CO,2025-02-15
49191,NY,2026-02-23
49192,CO,2025-12-30
49193,MA,2023-03-03
49194,PA,2025-01-15
49195,NJ,2024-12-31
49196,WA,2025-09-10
49197,NY,2023-12-20
49198,NC,2024-09-28
49199,NJ,2025-07-20
49200,MA,2025-09-01
49201,NC,2024-10-27
49202,FL,2025-08-17
49203,FL,2024-05-18
49204,CO,2025-12-26
49205,IL,2025-09-27
49206,GA,2025-08-02
49207,NJ,2025-03-28
49208,MI,2023-03-16
49209,NY,2024-11-25
49210,WA,2023-07-07
49211,IL,2023-06-23
49212,CO,2025-08-16
49213,FL,2024-03-07
49214,NJ,2025-12-21
49215,MA,2024-01-15
49216,NJ,2023-08-23
49217,MA,2025-03-26
49218,FL,2024-07-19
49219,CA,2024-03-21
49220,TX,2023-06-10
49221,NY,2023-07-18
49222,VA,2024-09-20
49223,VA,2025-07-26
49224,PA,2026-02-20
49225,TX,2024-06-02
49226,WA,2025-07-24
49227,NJ,2023-11-13
49228,PA,2023-05-22
49229,CA,2023-11-16
49230,WA,2024-07-20
49231,NY,2025-04-14
49232,AZ,2026-01-18
49233,FL,2025-04-05
49234,IL,2024-08-28
49235,GA,2024-10-30
49236,NC,2023-12-11
49237,IL,2023-03-09
49238,NC,2023-09-08
49239,VA,2025-10-21
49240,NJ,2023-11-18
49241,PA,2025-04-28
49242,NY,2025-09-27
49243,CO,2025-10-15
49244,WA,2024-06-18
49245,GA,2024-12-25
49246,MI,2025-01-02
49247,NC,2023-11-21
49248,GA,2025-10-20
49249,FL,2023-05-29
49250,VA,2023-07-18
49251,CA,2026-01-10
49252,NJ,2023-03-20
49253,AZ,2024-12-29
49254,GA,2023-06-25
49255,GA,2023-12-02
49256,CO,2024-12-24
49257,WA,2024-05-07
49258,WA,2023-02-06
49259,NC,2023-04-25
49260,IL,2025-10-25
49261,CA,2025-07-17
49262,GA,2024-03-24
49263,WA,2025-01-21
49264,MA,2025-05-30
49265,NJ,2023-01-07
49266,MI,2023-11-29
49267,CO,2025-05-24
49268,WA,2026-02-13
49269,TX,2024-09-28
49270,IL,2025-08-03
49271,MA,2024-12-15
49272,VA,2023-10-14
49273,AZ,2024-05-01
49274,FL,2023-10-25
49275,GA,2025-09-24
49276,AZ,2025-05-31
49277,NJ,2023-05-19
49278,FL,2024-10-27
49279,NJ,2023-01-15
49280,NC,2024-03-19
49281,NY,2023-04-15
49282,GA,2025-03-06
49283,FL,2024-10-30
49284,FL,2023-08-27
49285,NC,2025-03-30
49286,CA,2024-09-13
49287,AZ,2023-07-09
49288,NY,2023-09-15
49289,PA,2026-01-10
49290,TX,2023-07-12
49291,MA,2024-07-25
49292,PA,2024-02-02
49293,GA,2025-03-06
49294,PA,2023-02-13
49295,WA,2025-06-07
49296,FL,2024-04-12
49297,VA,2023-10-17
49298,NY,2024-04-26
49299,AZ,2023-06-16
49300,VA,2023-09-17
49301,PA,2025-01-16
49302,AZ,2023-06-05
49303,MA,2024-12-05
49304,IL,2023-06-22
49305,PA,2025-04-19
49306,PA,2023-11-13
49307,MA,2023-11-12
49308,CO,2024-02-04
49309,GA,2023-04-22
49310,NC,2024-07-10
49311,WA,2024-10-08
49312,NJ,2025-03-19
49313,WA,2025-02-16
49314,FL,2025-04-12
49315,NJ,2025-09-25
49316,TX,2025-07-29
49317,VA,2024-02-14
49318,MA,2026-01-09
49319,VA,2024-05-20
49320,VA,2023-01-30
49321,WA,2025-04-19
49322,MA,2023-08-09
49323,MI,2024-01-06
49324,NY,2023-01-24
49325,GA,2023-11-25
49326,GA,2025-03-15
49327,VA,2023-09-18
49328,GA,2024-12-28
49329,VA,2024-05-15
49330,VA,2024-07-17
49331,WA,2025-07-18
49332,AZ,2025-10-24
49333,NC,2023-12-24
49334,PA,2024-12-12
49335,GA,2023-03-14
49336,CA,2025-11-30
49337,NY,2024-05-10
49338,NC,2024-02-29
49339,WA,2023-04-05
49340,WA,2023-03-01
49341,IL,2023-01-25
49342,AZ,2025-08-30
49343,CO,2024-12-09
49344,PA,2025-04-08
49345,CA,2025-07-02
49346,NC,2025-04-18
49347,PA,2023-12-28
49348,GA,2025-03-23
49349,FL,2025-09-19
49350,CO,2025-12-11
49351,PA,2025-11-20
49352,MI,2023-07-03
49353,VA,2023-04-27
49354,PA,2026-01-01
49355,WA,2023-05-04
49356,CA,2025-09-18
49357,AZ,2025-04-09
49358,GA,2023-06-27
49359,CO,2024-11-08
49360,WA,2025-10-30
49361,AZ,2025-03-02
49362,MI,2024-09-01
49363,NJ,2024-09-18
49364,AZ,2025-09-13
49365,FL,2024-12-19
49366,CO,2023-04-01
49367,GA,2023-12-13
49368,MA,2024-09-30
49369,FL,2024-02-20
49370,MA,2023-08-25
49371,IL,2023-01-26
49372,NJ,2024-04-27
49373,PA,2023-08-10
49374,TX,2024-10-17
49375,NC,2025-09-06
49376,TX,2025-07-14
49377,CA,2023-11-25
49378,AZ,2025-12-24
49379,VA,2024-10-28
49380,WA,2023-09-03
49381,CO,2025-09-06
49382,PA,2023-06-16
49383,IL,2023-06-12
49384,CO,2024-11-03
49385,MA,2025-04-25
49386,NY,2025-10-21
49387,CO,2023-06-27
49388,FL,2025-10-10
49389,NJ,2025-05-20
49390,WA,2023-09-01
49391,NJ,2024-11-22
49392,VA,2026-02-14
49393,CO,2023-01-07
49394,WA,2026-02-13
49395,WA,2023-09-12
49396,IL,2024-04-16
49397,MI,2024-06-19
49398,MI,2024-08-25
49399,MA,2024-07-04
49400,GA,2025-08-15
49401,AZ,2023-07-14
49402,NJ,2023-07-23
49403,MA,2023-06-06
49404,IL,2025-08-27
49405,MI,2025-02-23
49406,PA,2025-06-23
49407,NC,2024-05-04
49408,FL,2024-05-20
49409,AZ,2023-01-04
49410,NJ,2024-10-22
49411,NC,2025-06-22
49412,PA,2024-07-11
49413,NY,2024-12-24
49414,NJ,2026-02-07
49415,VA,2024-01-28
49416,NJ,2025-08-31
49417,MI,2024-03-07
49418,GA,2023-04-10
49419,NC,2023-02-21
49420,NJ,2025-10-23
49421,WA,2024-09-12
49422,WA,2025-12-22
49423,NJ,2023-04-10
49424,PA,2023-07-03
49425,TX,2023-12-25
49426,VA,2024-06-16
49427,TX,2024-10-16
49428,CA,2026-02-28
49429,PA,2025-10-30
49430,NJ,2023-06-27
49431,WA,2024-12-19
49432,TX,2024-05-23
49433,MI,2026-02-23
49434,NJ,2025-12-03
49435,NY,2025-12-14
49436,NJ,2025-08-25
49437,GA,2023-09-29
49438,VA,2024-07-13
49439,AZ,2025-12-10
49440,NC,2025-04-25
49441,IL,2024-03-03
49442,TX,2025-08-01
49443,MA,2025-01-23
49444,PA,2023-12-16
49445,GA,2023-10-18
49446,GA,2024-05-25
49447,MI,2023-12-17
49448,CA,2024-06-30
49449,MI,2023-08-14
49450,NY,2024-11-09
49451,MI,2024-12-16
49452,CO,2024-03-04
49453,MI,2025-03-06
49454,NJ,2024-12-23
49455,CA,2025-07-04
49456,NJ,2024-04-14
49457,PA,2024-06-06
49458,MI,2025-01-13
49459,NJ,2023-01-20
49460,AZ,2025-03-18
49461,TX,2025-05-03
49462,NJ,2025-09-27
49463,MA,2024-02-17
49464,CO,2023-03-17
49465,WA,2024-02-24
49466,AZ,2024-06-30
49467,NY,2024-09-10
49468,MI,2026-01-14
49469,TX,2024-08-17
49470,GA,2024-06-29
49471,MI,2023-11-26
49472,VA,2026-01-11
49473,NJ,2025-03-29
49474,VA,2023-08-10
49475,NC,2025-10-20
49476,MA,2024-06-21
49477,VA,2023-05-27
49478,CA,2025-10-11
49479,TX,2023-03-09
49480,GA,2023-11-01
49481,MA,2023-01-26
49482,MI,2023-11-19
49483,PA,2024-09-20
49484,VA,2026-01-28
49485,VA,2024-05-07
49486,VA,2024-10-23
49487,AZ,2025-09-16
49488,MI,2023-01-29
49489,MI,2026-02-24
49490,NY,2025-09-02
49491,IL,2026-02-18
49492,GA,2025-04-04
49493,MI,2025-11-26
49494,FL,2023-02-16
49495,NC,2024-04-25
49496,NY,2024-12-04
49497,TX,2025-07-28
49498,MA,2024-08-25
49499,FL,2024-05-08
49500,MA,2026-02-15
49501,WA,2023-06-22
49502,AZ,2023-01-24
49503,CO,2026-01-14
49504,CO,2024-07-24
49505,WA,2023-09-16
49506,MA,2025-12-26
49507,NJ,2025-11-03
49508,IL,2026-01-24
49509,VA,2024-04-01
49510,CO,2023-07-09
49511,GA,2023-12-17
49512,WA,2024-02-28
49513,MA,2023-02-20
49514,AZ,2024-12-13
49515,CA,2026-01-13
49516,NJ,2025-10-30
49517,CO,2025-07-25
49518,TX,2024-05-06
49519,CA,2023-09-25
49520,IL,2023-07-31
49521,AZ,2024-03-23
49522,VA,2024-01-19
49523,CO,2023-09-12
49524,NJ,2023-12-19
49525,TX,2023-07-11
49526,CA,2023-01-14
49527,TX,2025-07-29
49528,MI,2025-05-30
49529,WA,2024-12-12
49530,NJ,2025-04-28
49531,CO,2025-04-26
49532,GA,2025-06-16
49533,VA,2025-06-27
49534,PA,2024-02-23
49535,GA,2025-10-27
49536,FL,2025-09-08
49537,CO,2023-03-31
49538,NJ,2024-06-01
49539,WA,2024-01-11
49540,TX,2025-11-27
49541,WA,2024-03-25
49542,NY,2025-11-21
49543,NJ,2025-03-10
49544,NJ,2025-06-17
49545,NJ,2024-11-03
49546,IL,2023-01-07
49547,CA,2025-08-01
49548,IL,2024-08-23
49549,VA,2023-03-21
49550,WA,2025-07-07
49551,VA,2023-12-03
49552,GA,2023-12-19
49553,VA,2023-12-25
49554,AZ,2025-02-15
49555,MA,2023-06-25
49556,IL,2025-01-29
49557,MI,2024-08-12
49558,NJ,2024-02-24
49559,PA,2023-03-27
49560,MA,2025-03-31
49561,NC,2023-05-12
49562,WA,2025-01-05
49563,CA,2023-02-18
49564,MI,2025-07-27
49565,GA,2025-08-21
49566,WA,2025-11-02
49567,FL,2025-01-27
49568,IL,2023-12-24
49569,WA,2023-06-25
49570,CA,2024-10-31
49571,NY,2025-03-21
49572,FL,2024-11-01
49573,CO,2025-03-29
49574,WA,2024-10-20
49575,MA,2024-10-24
49576,NY,2025-05-31
49577,CO,2023-12-02
49578,WA,2024-09-05
49579,FL,2026-02-06
49580,GA,2024-07-09
49581,IL,2024-06-10
49582,MI,2023-08-24
49583,AZ,2024-06-27
49584,FL,2025-07-14
49585,CO,2024-07-07
49586,TX,2025-02-05
49587,AZ,2024-11-20
49588,VA,2024-08-20
49589,NC,2024-05-22
49590,NY,2025-11-06
49591,MA,2023-08-26
49592,AZ,2024-03-20
49593,PA,2025-07-23
49594,MI,2024-12-21
49595,FL,2024-12-08
49596,FL,2025-12-31
49597,NC,2023-01-26
49598,GA,2023-03-30
49599,NY,2023-08-23
49600,CA,2023-02-08
49601,MI,2023-02-13
49602,MA,2023-12-26
49603,MI,2025-12-23
49604,PA,2025-07-23
49605,CO,2025-06-27
49606,TX,2023-10-11
49607,NY,2025-02-09
49608,FL,2025-03-05
49609,NY,2023-11-27
49610,PA,2025-04-22
49611,NY,2025-04-12
49612,WA,2023-03-12
49613,NC,2023-05-17
49614,WA,2025-12-22
49615,CO,2024-08-11
49616,GA,2025-03-05
49617,NY,2024-06-13
49618,CA,2025-06-30
49619,TX,2025-09-16
49620,IL,2025-07-25
49621,AZ,2024-08-10
49622,WA,2023-02-13
49623,CO,2025-04-12
49624,CO,2024-10-10
49625,NY,2023-04-23
49626,AZ,2025-01-26
49627,GA,2025-10-29
49628,AZ,2026-02-15
49629,AZ,2024-01-21
49630,FL,2023-07-25
49631,AZ,2025-11-18
49632,CA,2024-08-07
49633,AZ,2025-07-08
49634,NY,2024-02-08
49635,AZ,2025-05-01
49636,NJ,2024-05-22
49637,IL,2023-08-31
49638,WA,2023-08-22
49639,PA,2024-04-12
49640,MA,2024-12-20
49641,GA,2024-10-20
49642,IL,2026-01-26
49643,IL,2024-02-15
49644,NY,2023-10-24
49645,MA,2024-01-15
49646,NY,2024-04-18
49647,VA,2025-01-23
49648,MA,2023-01-21
49649,CO,2026-02-02
49650,PA,2026-01-28
49651,CA,2025-02-02
49652,GA,2023-03-24
49653,CO,2024-06-16
49654,GA,2024-04-15
49655,WA,2024-11-17
49656,VA,2024-12-03
49657,AZ,2025-08-17
49658,FL,2025-04-02
49659,CA,2025-08-12
49660,GA,2025-03-08
49661,AZ,2023-06-16
49662,FL,2023-10-01
49663,MI,2023-09-06
49664,FL,2024-01-17
49665,FL,2025-03-02
49666,NY,2024-10-13
49667,PA,2024-10-07
49668,NJ,2023-02-26
49669,VA,2024-06-02
49670,FL,2023-02-27
49671,NY,2023-11-05
49672,CO,2025-07-09
49673,MA,2023-08-12
49674,NJ,2024-10-13
49675,NC,2026-02-09
49676,NY,2025-03-20
49677,AZ,2023-09-04
49678,NY,2026-01-08
49679,NY,2024-06-07
49680,CA,2025-09-21
49681,VA,2023-06-01
49682,IL,2025-03-11
49683,IL,2024-02-24
49684,CA,2023-05-12
49685,NJ,2024-04-27
49686,CA,2023-02-25
49687,IL,2023-04-28
49688,NJ,2024-01-05
49689,IL,2024-12-01
49690,FL,2024-06-03
49691,TX,2024-10-08
49692,AZ,2025-08-01
49693,GA,2023-02-04
49694,IL,2024-08-13
49695,CA,2023-09-24
49696,TX,2024-08-21
49697,CA,2023-09-12
49698,TX,2024-09-01
49699,NY,2024-04-11
49700,WA,2025-02-22
49701,MI,2024-06-01
49702,TX,2023-08-21
49703,MA,2025-11-04
49704,CO,2023-11-25
49705,MA,2025-01-15
49706,NY,2024-07-31
49707,NC,2026-01-25
49708,NC,2023-08-18
49709,MA,2023-08-03
49710,NC,2023-05-21
49711,TX,2025-12-30
49712,MA,2025-04-04
49713,MI,2025-10-20
49714,CA,2024-12-25
49715,NY,2023-05-05
49716,PA,2025-05-30
49717,NC,2025-09-03
49718,CA,2025-05-13
49719,GA,2023-12-10
49720,VA,2023-07-18
49721,VA,2023-07-03
49722,MI,2025-12-21
49723,NY,2025-06-26
49724,NY,2023-05-22
49725,IL,2024-09-21
49726,MA,2024-06-17
49727,AZ,2024-05-07
49728,VA,2024-09-16
49729,NY,2023-01-29
49730,AZ,2023-12-16
49731,FL,2024-11-29
49732,TX,2025-05-03
49733,VA,2024-06-10
49734,WA,2023-04-21
49735,GA,2023-09-04
49736,NY,2023-03-12
49737,VA,2023-04-23
49738,WA,2024-04-10
49739,CO,2025-04-08
49740,IL,2023-02-16
49741,FL,2025-03-04
49742,MI,2024-08-03
49743,NC,2023-08-31
49744,CO,2024-03-31
49745,TX,2025-07-20
49746,FL,2023-07-02
49747,NJ,2025-10-07
49748,GA,2025-08-23
49749,WA,2025-02-01
49750,IL,2024-12-03
49751,PA,2024-09-29
49752,NJ,2024-09-24
49753,NY,2026-01-09
49754,GA,2023-10-22
49755,CO,2024-09-04
49756,MA,2023-06-08
49757,GA,2023-02-27
49758,WA,2023-10-02
49759,WA,2025-12-13
49760,NJ,2025-10-22
49761,NJ,2025-11-11
49762,GA,2024-05-08
49763,NJ,2023-06-15
49764,WA,2023-04-27
49765,GA,2025-02-13
49766,CA,2023-12-09
49767,MI,2023-10-16
49768,NC,2023-12-04
49769,NC,2026-02-18
49770,NJ,2025-05-25
49771,CO,2023-11-11
49772,TX,2024-05-18
49773,VA,2023-05-20
49774,CO,2024-04-29
49775,WA,2026-02-18
49776,NY,2023-09-14
49777,GA,2025-03-05
49778,FL,2023-09-04
49779,AZ,2024-08-07
49780,AZ,2024-03-24
49781,MA,2025-09-14
49782,PA,2024-12-20
49783,CO,2025-05-30
49784,MA,2025-08-24
49785,NJ,2023-06-18
49786,IL,2024-06-30
49787,MI,2024-11-12
49788,AZ,2024-03-31
49789,PA,2025-01-21
49790,MA,2025-04-27
49791,FL,2026-02-08
49792,NC,2024-08-26
49793,CA,2023-10-18
49794,WA,2023-09-30
49795,CO,2024-11-17
49796,NC,2023-10-13
49797,IL,2025-01-25
49798,WA,2023-01-09
49799,NY,2025-03-01
49800,NC,2025-12-04
49801,PA,2025-12-24
49802,WA,2023-12-03
49803,NC,2024-11-16
49804,PA,2024-11-03
49805,TX,2025-10-30
49806,VA,2025-11-17
49807,MI,2023-10-10
49808,NY,2024-05-22
49809,AZ,2025-01-28
49810,TX,2025-06-25
49811,FL,2023-05-30
49812,NY,2025-09-16
49813,AZ,2025-07-23
49814,FL,2025-07-02
49815,FL,2023-11-13
49816,MI,2023-06-23
49817,IL,2023-09-02
49818,PA,2023-12-08
49819,WA,2023-01-09
49820,MA,2024-04-23
49821,NJ,2023-01-22
49822,MA,2023-10-04
49823,TX,2025-07-19
49824,GA,2025-02-05
49825,MA,2025-07-13
49826,MA,2026-01-13
49827,NY,2023-02-22
49828,MI,2025-12-20
49829,PA,2024-11-05
49830,NC,2025-05-04
49831,TX,2024-02-28
49832,TX,2026-01-10
49833,PA,2024-07-24
49834,VA,2025-05-04
49835,IL,2025-02-07
49836,FL,2023-02-27
49837,FL,2023-07-01
49838,CA,2025-07-22
49839,IL,2024-02-13
49840,CO,2024-04-30
49841,CO,2023-01-07
49842,MI,2024-03-05
49843,CO,2024-09-21
49844,WA,2025-10-15
49845,NC,2026-01-23
49846,IL,2025-10-21
49847,WA,2024-10-24
49848,FL,2024-04-02
49849,PA,2025-09-16
49850,FL,2026-01-06
49851,FL,2023-05-05
49852,FL,2025-04-22
49853,AZ,2025-07-10
49854,MI,2023-11-18
49855,IL,2025-11-22
49856,MI,2025-10-01
49857,IL,2024-11-15
49858,WA,2024-12-21
49859,PA,2024-12-19
49860,NJ,2023-11-08
49861,AZ,2023-11-19
49862,NJ,2025-07-06
49863,GA,2025-05-25
49864,CO,2023-02-12
49865,NC,2024-01-25
49866,IL,2025-06-25
49867,NJ,2024-06-12
49868,GA,2023-08-16
49869,WA,2023-08-11
49870,NC,2024-05-18
49871,MI,2023-06-25
49872,FL,2024-02-26
49873,AZ,2025-05-01
49874,IL,2026-01-27
49875,FL,2025-05-25
49876,CO,2024-06-08
49877,MA,2025-05-08
49878,WA,2023-05-11
49879,NC,2023-07-31
49880,IL,2025-11-17
49881,NJ,2023-10-29
49882,MA,2024-10-10
49883,NY,2024-03-21
49884,GA,2024-05-30
49885,MA,2025-12-11
49886,CO,2024-04-17
49887,AZ,2024-11-02
49888,WA,2023-12-28
49889,MI,2024-06-14
49890,TX,2024-05-24
49891,NY,2024-07-06
49892,MI,2025-04-23
49893,NY,2024-09-01
49894,TX,2023-03-28
49895,CA,2024-09-11
49896,CA,2023-11-08
49897,MA,2023-10-02
49898,NC,2026-02-10
49899,PA,2023-11-18
49900,NJ,2023-10-21
49901,CO,2024-07-04
49902,IL,2024-06-06
49903,MA,2025-05-30
49904,CA,2026-01-21
49905,AZ,2024-06-16
49906,CA,2024-10-30
49907,GA,2024-08-27
49908,WA,2025-10-18
49909,MA,2025-09-26
49910,IL,2024-07-07
49911,FL,2024-10-13
49912,CA,2023-01-02
49913,FL,2023-02-09
49914,NC,2026-01-30
49915,NC,2023-11-15
49916,CO,2024-11-03
49917,VA,2025-05-26
49918,PA,2025-07-30
49919,NJ,2025-02-16
49920,VA,2024-05-03
49921,CA,2025-06-25
49922,NY,2025-11-05
49923,CO,2023-09-21
49924,MI,2025-12-06
49925,NY,2025-06-03
49926,NJ,2024-11-16
49927,VA,2024-03-03
49928,PA,2024-08-26
49929,MI,2023-12-04
49930,NC,2023-09-02
49931,GA,2024-05-31
49932,TX,2023-03-13
49933,TX,2023-05-06
49934,IL,2024-05-31
49935,TX,2025-11-24
49936,GA,2023-01-23
49937,NJ,2024-10-23
49938,CO,2023-04-27
49939,FL,2025-04-13
49940,IL,2024-11-06
49941,CO,2024-08-01
49942,FL,2023-01-28
49943,MI,2023-08-24
49944,VA,2025-09-09
49945,WA,2024-04-01
49946,MA,2025-09-05
49947,CO,2024-02-11
49948,MA,2023-07-20
49949,CO,2023-08-20
49950,FL,2025-03-08
49951,CA,2025-05-04
49952,IL,2025-07-05
49953,WA,2025-05-29
49954,NJ,2023-02-11
49955,MI,2026-02-02
49956,FL,2023-05-30
49957,NY,2025-01-29
49958,CA,2026-01-23
49959,GA,2023-02-19
49960,PA,2025-05-27
49961,NY,2024-07-01
49962,GA,2025-08-28
49963,IL,2025-03-07
49964,VA,2024-09-01
49965,IL,2024-09-24
49966,NY,2023-02-19
49967,IL,2024-03-21
49968,TX,2025-10-27
49969,MI,2025-07-28
49970,MA,2025-11-26
49971,VA,2024-05-29
49972,NC,2024-08-17
49973,FL,2025-02-09
49974,GA,2023-12-06
49975,WA,2024-09-05
49976,PA,2024-02-02
49977,NC,2023-01-04
49978,TX,2024-02-23
49979,CA,2024-11-05
49980,CA,2023-11-20
49981,VA,2026-01-06
49982,FL,2024-11-14
49983,MI,2025-11-09
49984,NC,2023-02-24
49985,NC,2025-02-20
49986,FL,2024-07-22
49987,GA,2023-12-06
49988,CO,2023-01-14
49989,FL,2025-12-10
49990,IL,2025-10-01
49991,MA,2023-02-27
49992,NC,2026-02-16
49993,CO,2025-05-04
49994,FL,2024-04-08
49995,CA,2024-07-13
49996,WA,2024-02-15
49997,AZ,2024-12-12
49998,CA,2025-07-12
49999,NJ,2025-09-04
50000,NJ,2024-11-04
