customer_id,variant
1,treatment
2,treatment
3,treatment
4,treatment
5,control
6,control
7,treatment
8,treatment
9,control
10,control
11,treatment
12,control
13,treatment
14,treatment
15,treatment
16,control
17,treatment
18,treatment
19,control
20,control
21,treatment
22,control
23,treatment
24,treatment
25,control
26,treatment
27,treatment
28,control
29,control
30,control
31,treatment
32,control
33,control
34,control
35,treatment
36,treatment
37,treatment
38,control
39,control
40,treatment
41,control
42,treatment
43,control
44,control
45,treatment
46,control
47,control
48,treatment
49,treatment
50,control
51,treatment
52,control
53,control
54,control
55,treatment
56,control
57,treatment
58,treatment
59,treatment
60,treatment
61,control
62,control
63,control
64,control
65,treatment
66,treatment
67,control
68,treatment
69,control
70,control
71,control
72,treatment
73,treatment
74,control
75,treatment
76,treatment
77,control
78,treatment
79,control
80,treatment
81,control
82,treatment
83,treatment
84,control
85,control
86,control
87,control
88,treatment
89,treatment
90,control
91,control
92,control
93,control
94,treatment
95,control
96,control
97,control
98,control
99,control
100,control
101,control
102,treatment
103,control
104,treatment
105,control
106,control
107,control
108,control
109,control
110,treatment
111,control
112,control
113,treatment
114,treatment
115,treatment
116,control
117,treatment
118,treatment
119,control
120,treatment
121,treatment
122,treatment
123,control
124,treatment
125,control
126,treatment
127,control
128,treatment
129,treatment
130,treatment
131,control
132,control
133,treatment
134,control
135,treatment
136,treatment
137,control
138,control
139,control
140,control
141,treatment
142,control
143,control
144,treatment
145,control
146,treatment
147,control
148,control
149,control
150,control
151,treatment
152,treatment
153,treatment
154,control
155,treatment
156,control
157,treatment
158,control
159,control
160,treatment
161,treatment
162,treatment
163,treatment
164,treatment
165,treatment
166,treatment
167,treatment
168,treatment
169,treatment
170,treatment
171,control
172,treatment
173,control
174,treatment
175,treatment
176,treatment
177,control
178,treatment
179,control
180,control
181,treatment
182,treatment
183,treatment
184,treatment
185,control
186,control
187,treatment
188,treatment
189,treatment
190,treatment
191,treatment
192,treatment
193,control
194,control
195,treatment
196,treatment
197,treatment
198,control
199,control
200,control
201,treatment
202,treatment
203,control
204,treatment
205,control
206,treatment
207,control
208,treatment
209,control
210,control
211,control
212,treatment
213,control
214,control
215,control
216,treatment
217,control
218,control
219,control
220,treatment
221,treatment
222,control
223,treatment
224,control
225,control
226,treatment
227,control
228,control
229,treatment
230,control
231,control
232,treatment
233,control
234,control
235,control
236,control
237,control
238,control
239,treatment
240,treatment
241,control
242,treatment
243,control
244,treatment
245,treatment
246,treatment
247,control
248,control
249,control
250,treatment
251,control
252,control
253,control
254,control
255,treatment
256,treatment
257,control
258,control
259,control
260,control
261,treatment
262,treatment
263,treatment
264,control
265,treatment
266,control
267,treatment
268,control
269,treatment
270,control
271,treatment
272,treatment
273,treatment
274,treatment
275,control
276,control
277,treatment
278,control
279,control
280,control
281,treatment
282,treatment
283,treatment
284,control
285,control
286,control
287,control
288,control
289,treatment
290,treatment
291,treatment
292,control
293,control
294,treatment
295,control
296,treatment
297,treatment
298,control
299,treatment
300,treatment
301,control
302,treatment
303,treatment
304,treatment
305,treatment
306,treatment
307,treatment
308,control
309,treatment
310,control
311,control
312,treatment
313,treatment
314,control
315,control
316,control
317,control
318,control
319,control
320,treatment
321,control
322,control
323,treatment
324,treatment
325,control
326,control
327,treatment
328,control
329,treatment
330,control
331,control
332,treatment
333,treatment
334,control
335,treatment
336,treatment
337,control
338,control
339,treatment
340,treatment
341,treatment
342,treatment
343,control
344,control
345,control
346,treatment
347,control
348,treatment
349,control
350,control
351,control
352,control
353,treatment
354,treatment
355,control
356,control
357,control
358,treatment
359,treatment
360,control
361,control
362,treatment
363,treatment
364,treatment
365,control
366,treatment
367,control
368,control
369,control
370,treatment
371,treatment
372,control
373,treatment
374,treatment
375,control
376,treatment
377,control
378,control
379,treatment
380,treatment
381,control
382,treatment
383,treatment
384,treatment
385,control
386,treatment
387,control
388,control
389,control
390,control
391,control
392,control
393,control
394,control
395,control
396,treatment
397,control
398,control
399,control
400,treatment
401,treatment
402,control
403,treatment
404,treatment
405,control
406,treatment
407,treatment
408,treatment
409,treatment
410,control
411,treatment
412,control
413,treatment
414,control
415,control
416,treatment
417,control
418,treatment
419,control
420,treatment
421,control
422,treatment
423,treatment
424,treatment
425,control
426,control
427,control
428,treatment
429,treatment
430,treatment
431,control
432,control
433,treatment
434,control
435,control
436,control
437,treatment
438,treatment
439,control
440,control
441,control
442,control
443,treatment
444,control
445,control
446,treatment
447,treatment
448,control
449,control
450,control
451,control
452,treatment
453,treatment
454,control
455,control
456,control
457,control
458,treatment
459,control
460,treatment
461,control
462,treatment
463,treatment
464,control
465,control
466,treatment
467,control
468,treatment
469,control
470,treatment
471,treatment
472,control
473,control
474,control
475,treatment
476,treatment
477,treatment
478,control
479,treatment
480,control
481,control
482,control
483,control
484,treatment
485,treatment
486,control
487,control
488,control
489,treatment
490,treatment
491,treatment
492,treatment
493,control
494,treatment
495,treatment
496,treatment
497,control
498,control
499,treatment
500,treatment
501,treatment
502,treatment
503,treatment
504,treatment
505,treatment
506,treatment
507,treatment
508,treatment
509,treatment
510,treatment
511,treatment
512,control
513,treatment
514,control
515,control
516,control
517,treatment
518,treatment
519,control
520,control
521,treatment
522,treatment
523,treatment
524,treatment
525,control
526,control
527,treatment
528,treatment
529,control
530,control
531,treatment
532,control
533,control
534,control
535,control
536,treatment
537,treatment
538,control
539,control
540,control
541,treatment
542,treatment
543,control
544,treatment
545,treatment
546,control
547,treatment
548,control
549,control
550,treatment
551,treatment
552,treatment
553,treatment
554,control
555,treatment
556,control
557,treatment
558,control
559,treatment
560,control
561,treatment
562,control
563,control
564,treatment
565,control
566,treatment
567,treatment
568,control
569,control
570,treatment
571,treatment
572,treatment
573,treatment
574,control
575,control
576,control
577,control
578,control
579,treatment
580,treatment
581,control
582,treatment
583,control
584,control
585,control
586,treatment
587,treatment
588,control
589,treatment
590,control
591,control
592,control
593,control
594,control
595,treatment
596,control
597,control
598,treatment
599,control
600,treatment
601,treatment
602,control
603,control
604,control
605,treatment
606,control
607,control
608,treatment
609,treatment
610,treatment
611,treatment
612,control
613,control
614,treatment
615,control
616,treatment
617,control
618,treatment
619,treatment
620,control
621,treatment
622,control
623,control
624,treatment
625,treatment
626,control
627,treatment
628,control
629,control
630,control
631,treatment
632,control
633,control
634,treatment
635,control
636,control
637,treatment
638,control
639,control
640,treatment
641,treatment
642,treatment
643,control
644,treatment
645,treatment
646,treatment
647,control
648,treatment
649,treatment
650,treatment
651,treatment
652,treatment
653,treatment
654,treatment
655,control
656,control
657,treatment
658,treatment
659,control
660,treatment
661,control
662,control
663,treatment
664,treatment
665,treatment
666,control
667,control
668,treatment
669,treatment
670,control
671,control
672,treatment
673,control
674,control
675,treatment
676,control
677,control
678,control
679,control
680,treatment
681,treatment
682,control
683,treatment
684,control
685,treatment
686,control
687,control
688,treatment
689,control
690,control
691,control
692,control
693,control
694,control
695,treatment
696,treatment
697,control
698,control
699,control
700,control
701,control
702,treatment
703,control
704,control
705,control
706,treatment
707,treatment
708,treatment
709,control
710,control
711,control
712,control
713,treatment
714,control
715,treatment
716,control
717,treatment
718,treatment
719,treatment
720,treatment
721,control
722,treatment
723,control
724,control
725,treatment
726,control
727,treatment
728,treatment
729,control
730,treatment
731,treatment
732,treatment
733,control
734,control
735,treatment
736,control
737,control
738,control
739,control
740,treatment
741,control
742,control
743,control
744,control
745,treatment
746,treatment
747,treatment
748,control
749,treatment
750,treatment
751,control
752,treatment
753,treatment
754,control
755,treatment
756,treatment
757,control
758,control
759,control
760,treatment
761,control
762,treatment
763,treatment
764,treatment
765,control
766,control
767,control
768,treatment
769,control
770,control
771,treatment
772,control
773,treatment
774,treatment
775,control
776,treatment
777,control
778,treatment
779,treatment
780,control
781,treatment
782,control
783,treatment
784,control
785,control
786,control
787,treatment
788,treatment
789,treatment
790,treatment
791,control
792,treatment
793,control
794,control
795,control
796,control
797,control
798,control
799,control
800,treatment
801,control
802,treatment
803,control
804,treatment
805,control
806,treatment
807,treatment
808,treatment
809,control
810,control
811,treatment
812,control
813,control
814,treatment
815,control
816,control
817,treatment
818,treatment
819,treatment
820,treatment
821,control
822,treatment
823,control
824,treatment
825,control
826,treatment
827,control
828,treatment
829,control
830,treatment
831,treatment
832,treatment
833,treatment
834,control
835,treatment
836,control
837,treatment
838,control
839,treatment
840,treatment
841,control
842,treatment
843,control
844,treatment
845,control
846,control
847,treatment
848,treatment
849,control
850,treatment
851,control
852,control
853,treatment
854,control
855,treatment
856,treatment
857,treatment
858,control
859,treatment
860,control
861,control
862,control
863,treatment
864,control
865,control
866,control
867,control
868,treatment
869,treatment
870,treatment
871,treatment
872,control
873,treatment
874,treatment
875,treatment
876,control
877,control
878,control
879,treatment
880,control
881,treatment
882,control
883,control
884,control
885,treatment
886,treatment
887,treatment
888,control
889,control
890,treatment
891,treatment
892,control
893,treatment
894,control
895,treatment
896,control
897,treatment
898,control
899,treatment
900,control
901,treatment
902,control
903,treatment
904,treatment
905,treatment
906,treatment
907,treatment
908,treatment
909,treatment
910,control
911,control
912,treatment
913,control
914,treatment
915,control
916,control
917,treatment
918,control
919,control
920,control
921,control
922,treatment
923,treatment
924,treatment
925,treatment
926,treatment
927,treatment
928,control
929,control
930,treatment
931,control
932,control
933,control
934,control
935,treatment
936,treatment
937,control
938,control
939,treatment
940,control
941,treatment
942,treatment
943,control
944,treatment
945,control
946,control
947,control
948,treatment
949,control
950,control
951,control
952,control
953,control
954,control
955,control
956,control
957,treatment
958,control
959,treatment
960,control
961,control
962,treatment
963,control
964,control
965,treatment
966,treatment
967,treatment
968,treatment
969,treatment
970,control
971,treatment
972,treatment
973,treatment
974,treatment
975,control
976,control
977,treatment
978,treatment
979,treatment
980,control
981,treatment
982,control
983,treatment
984,treatment
985,treatment
986,treatment
987,treatment
988,control
989,treatment
990,control
991,control
992,control
993,treatment
994,control
995,control
996,treatment
997,control
998,control
999,treatment
1000,control
1001,treatment
1002,treatment
1003,control
1004,control
1005,control
1006,treatment
1007,treatment
1008,control
1009,control
1010,treatment
1011,treatment
1012,treatment
1013,control
1014,treatment
1015,control
1016,control
1017,treatment
1018,control
1019,control
1020,control
1021,control
1022,treatment
1023,control
1024,treatment
1025,treatment
1026,treatment
1027,control
1028,control
1029,treatment
1030,control
1031,treatment
1032,treatment
1033,treatment
1034,treatment
1035,control
1036,control
1037,treatment
1038,control
1039,control
1040,treatment
1041,treatment
1042,control
1043,control
1044,control
1045,control
1046,treatment
1047,control
1048,control
1049,control
1050,control
1051,treatment
1052,treatment
1053,treatment
1054,treatment
1055,control
1056,control
1057,treatment
1058,treatment
1059,treatment
1060,treatment
1061,control
1062,treatment
1063,treatment
1064,treatment
1065,control
1066,control
1067,treatment
1068,control
1069,control
1070,control
1071,control
1072,treatment
1073,control
1074,treatment
1075,control
1076,treatment
1077,treatment
1078,treatment
1079,treatment
1080,control
1081,treatment
1082,control
1083,treatment
1084,control
1085,control
1086,treatment
1087,treatment
1088,control
1089,treatment
1090,control
1091,control
1092,treatment
1093,control
1094,control
1095,treatment
1096,treatment
1097,control
1098,treatment
1099,treatment
1100,treatment
1101,treatment
1102,treatment
1103,control
1104,control
1105,treatment
1106,treatment
1107,control
1108,treatment
1109,control
1110,control
1111,control
1112,treatment
1113,control
1114,treatment
1115,treatment
1116,control
1117,control
1118,control
1119,control
1120,treatment
1121,treatment
1122,control
1123,treatment
1124,treatment
1125,treatment
1126,control
1127,treatment
1128,control
1129,treatment
1130,control
1131,control
1132,control
1133,control
1134,treatment
1135,treatment
1136,control
1137,control
1138,treatment
1139,treatment
1140,treatment
1141,treatment
1142,control
1143,control
1144,control
1145,treatment
1146,treatment
1147,treatment
1148,control
1149,treatment
1150,control
1151,treatment
1152,control
1153,treatment
1154,control
1155,control
1156,control
1157,control
1158,control
1159,treatment
1160,control
1161,control
1162,treatment
1163,control
1164,treatment
1165,control
1166,treatment
1167,treatment
1168,treatment
1169,treatment
1170,treatment
1171,control
1172,control
1173,control
1174,control
1175,treatment
1176,treatment
1177,treatment
1178,control
1179,treatment
1180,control
1181,treatment
1182,treatment
1183,treatment
1184,treatment
1185,control
1186,control
1187,control
1188,treatment
1189,control
1190,control
1191,treatment
1192,control
1193,control
1194,treatment
1195,treatment
1196,control
1197,treatment
1198,control
1199,control
1200,control
1201,treatment
1202,treatment
1203,control
1204,treatment
1205,control
1206,treatment
1207,control
1208,treatment
1209,control
1210,treatment
1211,control
1212,control
1213,treatment
1214,treatment
1215,treatment
1216,control
1217,control
1218,treatment
1219,control
1220,treatment
1221,control
1222,treatment
1223,treatment
1224,treatment
1225,treatment
1226,treatment
1227,treatment
1228,treatment
1229,treatment
1230,treatment
1231,treatment
1232,treatment
1233,control
1234,treatment
1235,treatment
1236,control
1237,treatment
1238,control
1239,control
1240,control
1241,treatment
1242,control
1243,control
1244,control
1245,control
1246,treatment
1247,control
1248,treatment
1249,control
1250,treatment
1251,control
1252,treatment
1253,control
1254,treatment
1255,treatment
1256,control
1257,control
1258,control
1259,treatment
1260,control
1261,control
1262,treatment
1263,treatment
1264,treatment
1265,control
1266,control
1267,control
1268,control
1269,control
1270,treatment
1271,treatment
1272,treatment
1273,control
1274,control
1275,control
1276,treatment
1277,treatment
1278,control
1279,control
1280,control
1281,treatment
1282,control
1283,control
1284,control
1285,control
1286,treatment
1287,control
1288,control
1289,control
1290,control
1291,treatment
1292,control
1293,treatment
1294,treatment
1295,control
1296,treatment
1297,treatment
1298,control
1299,control
1300,control
1301,control
1302,control
1303,treatment
1304,control
1305,treatment
1306,treatment
1307,control
1308,control
1309,control
1310,control
1311,treatment
1312,control
1313,control
1314,treatment
1315,treatment
1316,control
1317,treatment
1318,control
1319,control
1320,control
1321,treatment
1322,treatment
1323,treatment
1324,treatment
1325,treatment
1326,control
1327,control
1328,treatment
1329,treatment
1330,treatment
1331,control
1332,treatment
1333,treatment
1334,treatment
1335,control
1336,control
1337,control
1338,treatment
1339,treatment
1340,control
1341,treatment
1342,control
1343,control
1344,control
1345,treatment
1346,control
1347,treatment
1348,control
1349,treatment
1350,treatment
1351,treatment
1352,treatment
1353,treatment
1354,treatment
1355,control
1356,control
1357,treatment
1358,treatment
1359,control
1360,control
1361,control
1362,control
1363,treatment
1364,control
1365,control
1366,control
1367,treatment
1368,treatment
1369,control
1370,treatment
1371,treatment
1372,control
1373,control
1374,treatment
1375,control
1376,control
1377,treatment
1378,treatment
1379,treatment
1380,control
1381,control
1382,control
1383,control
1384,control
1385,control
1386,control
1387,control
1388,control
1389,treatment
1390,treatment
1391,treatment
1392,control
1393,control
1394,control
1395,control
1396,control
1397,control
1398,treatment
1399,treatment
1400,control
1401,control
1402,control
1403,control
1404,control
1405,control
1406,treatment
1407,treatment
1408,treatment
1409,control
1410,treatment
1411,control
1412,treatment
1413,control
1414,treatment
1415,control
1416,treatment
1417,control
1418,control
1419,treatment
1420,treatment
1421,treatment
1422,control
1423,treatment
1424,treatment
1425,control
1426,treatment
1427,control
1428,control
1429,control
1430,control
1431,control
1432,treatment
1433,control
1434,treatment
1435,control
1436,treatment
1437,treatment
1438,treatment
1439,control
1440,treatment
1441,treatment
1442,treatment
1443,treatment
1444,treatment
1445,treatment
1446,control
1447,treatment
1448,control
1449,treatment
1450,control
1451,treatment
1452,control
1453,treatment
1454,control
1455,treatment
1456,control
1457,control
1458,control
1459,control
1460,control
1461,control
1462,control
1463,treatment
1464,control
1465,treatment
1466,control
1467,treatment
1468,treatment
1469,treatment
1470,control
1471,treatment
1472,control
1473,treatment
1474,treatment
1475,treatment
1476,control
1477,control
1478,control
1479,treatment
1480,control
1481,control
1482,control
1483,control
1484,control
1485,treatment
1486,control
1487,control
1488,control
1489,treatment
1490,treatment
1491,treatment
1492,treatment
1493,treatment
1494,control
1495,treatment
1496,control
1497,control
1498,control
1499,control
1500,control
1501,treatment
1502,control
1503,treatment
1504,treatment
1505,control
1506,control
1507,treatment
1508,control
1509,treatment
1510,control
1511,control
1512,treatment
1513,treatment
1514,control
1515,treatment
1516,treatment
1517,treatment
1518,control
1519,treatment
1520,control
1521,treatment
1522,treatment
1523,treatment
1524,treatment
1525,treatment
1526,treatment
1527,treatment
1528,control
1529,treatment
1530,control
1531,treatment
1532,treatment
1533,treatment
1534,treatment
1535,control
1536,treatment
1537,control
1538,treatment
1539,treatment
1540,treatment
1541,treatment
1542,treatment
1543,control
1544,treatment
1545,treatment
1546,control
1547,control
1548,treatment
1549,treatment
1550,treatment
1551,control
1552,treatment
1553,control
1554,treatment
1555,control
1556,treatment
1557,treatment
1558,treatment
1559,control
1560,treatment
1561,treatment
1562,treatment
1563,control
1564,treatment
1565,treatment
1566,treatment
1567,treatment
1568,treatment
1569,control
1570,control
1571,treatment
1572,treatment
1573,treatment
1574,treatment
1575,control
1576,control
1577,control
1578,control
1579,control
1580,control
1581,control
1582,treatment
1583,control
1584,control
1585,control
1586,control
1587,treatment
1588,control
1589,control
1590,treatment
1591,control
1592,treatment
1593,control
1594,control
1595,control
1596,control
1597,control
1598,control
1599,treatment
1600,treatment
1601,control
1602,treatment
1603,treatment
1604,control
1605,control
1606,treatment
1607,control
1608,treatment
1609,control
1610,control
1611,control
1612,treatment
1613,control
1614,control
1615,treatment
1616,treatment
1617,treatment
1618,treatment
1619,control
1620,treatment
1621,treatment
1622,treatment
1623,control
1624,control
1625,control
1626,treatment
1627,control
1628,control
1629,control
1630,treatment
1631,treatment
1632,treatment
1633,control
1634,control
1635,treatment
1636,treatment
1637,treatment
1638,control
1639,control
1640,treatment
1641,treatment
1642,control
1643,treatment
1644,control
1645,control
1646,control
1647,control
1648,treatment
1649,control
1650,control
1651,control
1652,control
1653,control
1654,control
1655,control
1656,control
1657,treatment
1658,control
1659,treatment
1660,treatment
1661,treatment
1662,control
1663,treatment
1664,control
1665,treatment
1666,control
1667,control
1668,treatment
1669,control
1670,treatment
1671,control
1672,treatment
1673,treatment
1674,control
1675,treatment
1676,control
1677,treatment
1678,control
1679,treatment
1680,control
1681,control
1682,control
1683,control
1684,control
1685,treatment
1686,treatment
1687,control
1688,control
1689,control
1690,treatment
1691,control
1692,treatment
1693,treatment
1694,treatment
1695,treatment
1696,treatment
1697,treatment
1698,treatment
1699,treatment
1700,treatment
1701,control
1702,control
1703,treatment
1704,treatment
1705,control
1706,control
1707,control
1708,treatment
1709,control
1710,treatment
1711,control
1712,treatment
1713,control
1714,treatment
1715,control
1716,treatment
1717,control
1718,treatment
1719,treatment
1720,control
1721,control
1722,control
1723,control
1724,treatment
1725,treatment
1726,treatment
1727,control
1728,treatment
1729,treatment
1730,treatment
1731,control
1732,treatment
1733,control
1734,control
1735,treatment
1736,control
1737,control
1738,control
1739,control
1740,treatment
1741,control
1742,treatment
1743,control
1744,control
1745,treatment
1746,treatment
1747,treatment
1748,treatment
1749,control
1750,treatment
1751,control
1752,treatment
1753,treatment
1754,treatment
1755,treatment
1756,treatment
1757,control
1758,control
1759,treatment
1760,control
1761,control
1762,control
1763,control
1764,treatment
1765,treatment
1766,control
1767,treatment
1768,control
1769,treatment
1770,treatment
1771,treatment
1772,control
1773,control
1774,treatment
1775,control
1776,control
1777,control
1778,treatment
1779,treatment
1780,treatment
1781,treatment
1782,treatment
1783,control
1784,control
1785,control
1786,control
1787,control
1788,treatment
1789,treatment
1790,treatment
1791,control
1792,treatment
1793,treatment
1794,treatment
1795,treatment
1796,treatment
1797,treatment
1798,treatment
1799,treatment
1800,control
1801,control
1802,control
1803,treatment
1804,control
1805,control
1806,control
1807,control
1808,control
1809,treatment
1810,treatment
1811,treatment
1812,control
1813,control
1814,control
1815,control
1816,control
1817,control
1818,treatment
1819,control
1820,control
1821,treatment
1822,treatment
1823,control
1824,treatment
1825,control
1826,control
1827,control
1828,control
1829,control
1830,treatment
1831,treatment
1832,control
1833,control
1834,treatment
1835,control
1836,control
1837,control
1838,control
1839,control
1840,treatment
1841,control
1842,treatment
1843,control
1844,treatment
1845,control
1846,control
1847,control
1848,treatment
1849,treatment
1850,control
1851,treatment
1852,treatment
1853,treatment
1854,treatment
1855,control
1856,treatment
1857,treatment
1858,control
1859,treatment
1860,control
1861,control
1862,control
1863,control
1864,treatment
1865,control
1866,control
1867,treatment
1868,treatment
1869,control
1870,control
1871,control
1872,control
1873,treatment
1874,treatment
1875,treatment
1876,control
1877,treatment
1878,control
1879,control
1880,treatment
1881,control
1882,control
1883,control
1884,treatment
1885,control
1886,control
1887,control
1888,control
1889,treatment
1890,treatment
1891,control
1892,treatment
1893,control
1894,control
1895,control
1896,control
1897,treatment
1898,control
1899,treatment
1900,treatment
1901,control
1902,control
1903,control
1904,control
1905,treatment
1906,treatment
1907,treatment
1908,control
1909,control
1910,treatment
1911,treatment
1912,treatment
1913,control
1914,control
1915,treatment
1916,control
1917,control
1918,treatment
1919,control
1920,control
1921,control
1922,treatment
1923,control
1924,treatment
1925,control
1926,treatment
1927,treatment
1928,treatment
1929,treatment
1930,control
1931,control
1932,treatment
1933,treatment
1934,treatment
1935,control
1936,control
1937,treatment
1938,control
1939,control
1940,control
1941,control
1942,control
1943,treatment
1944,treatment
1945,treatment
1946,treatment
1947,treatment
1948,control
1949,treatment
1950,treatment
1951,control
1952,treatment
1953,treatment
1954,control
1955,treatment
1956,treatment
1957,control
1958,control
1959,treatment
1960,treatment
1961,control
1962,treatment
1963,treatment
1964,control
1965,treatment
1966,treatment
1967,treatment
1968,control
1969,treatment
1970,treatment
1971,control
1972,treatment
1973,control
1974,control
1975,control
1976,control
1977,treatment
1978,control
1979,treatment
1980,treatment
1981,treatment
1982,treatment
1983,treatment
1984,treatment
1985,treatment
1986,control
1987,treatment
1988,control
1989,treatment
1990,control
1991,treatment
1992,treatment
1993,control
1994,treatment
1995,treatment
1996,treatment
1997,treatment
1998,control
1999,control
2000,control
2001,control
2002,treatment
2003,control
2004,control
2005,treatment
2006,treatment
2007,control
2008,treatment
2009,treatment
2010,treatment
2011,treatment
2012,treatment
2013,control
2014,control
2015,control
2016,treatment
2017,control
2018,treatment
2019,treatment
2020,control
2021,control
2022,treatment
2023,treatment
2024,treatment
2025,treatment
2026,control
2027,treatment
2028,treatment
2029,treatment
2030,control
2031,treatment
2032,treatment
2033,control
2034,treatment
2035,control
2036,control
2037,control
2038,treatment
2039,control
2040,treatment
2041,treatment
2042,control
2043,control
2044,control
2045,treatment
2046,control
2047,treatment
2048,control
2049,control
2050,treatment
2051,control
2052,control
2053,control
2054,control
2055,treatment
2056,treatment
2057,treatment
2058,control
2059,control
2060,treatment
2061,control
2062,control
2063,control
2064,control
2065,treatment
2066,control
2067,control
2068,treatment
2069,treatment
2070,control
2071,control
2072,control
2073,treatment
2074,control
2075,control
2076,control
2077,treatment
2078,control
2079,treatment
2080,control
2081,treatment
2082,treatment
2083,treatment
2084,control
2085,control
2086,treatment
2087,control
2088,treatment
2089,treatment
2090,treatment
2091,treatment
2092,treatment
2093,control
2094,control
2095,control
2096,control
2097,control
2098,treatment
2099,treatment
2100,treatment
2101,control
2102,treatment
2103,control
2104,control
2105,treatment
2106,treatment
2107,control
2108,treatment
2109,control
2110,control
2111,treatment
2112,treatment
2113,control
2114,control
2115,control
2116,treatment
2117,treatment
2118,treatment
2119,treatment
2120,control
2121,treatment
2122,control
2123,control
2124,control
2125,control
2126,treatment
2127,control
2128,treatment
2129,control
2130,control
2131,treatment
2132,treatment
2133,control
2134,treatment
2135,treatment
2136,treatment
2137,control
2138,control
2139,treatment
2140,treatment
2141,control
2142,control
2143,treatment
2144,control
2145,control
2146,treatment
2147,treatment
2148,control
2149,treatment
2150,control
2151,control
2152,treatment
2153,control
2154,control
2155,control
2156,control
2157,control
2158,treatment
2159,control
2160,control
2161,treatment
2162,control
2163,treatment
2164,control
2165,treatment
2166,control
2167,treatment
2168,treatment
2169,control
2170,treatment
2171,treatment
2172,treatment
2173,treatment
2174,control
2175,treatment
2176,treatment
2177,control
2178,treatment
2179,control
2180,treatment
2181,treatment
2182,treatment
2183,treatment
2184,control
2185,treatment
2186,control
2187,treatment
2188,treatment
2189,treatment
2190,treatment
2191,treatment
2192,treatment
2193,control
2194,control
2195,treatment
2196,treatment
2197,treatment
2198,treatment
2199,control
2200,treatment
2201,treatment
2202,treatment
2203,treatment
2204,treatment
2205,control
2206,treatment
2207,treatment
2208,control
2209,control
2210,control
2211,treatment
2212,treatment
2213,control
2214,control
2215,treatment
2216,control
2217,control
2218,control
2219,treatment
2220,control
2221,control
2222,treatment
2223,control
2224,treatment
2225,control
2226,treatment
2227,control
2228,treatment
2229,control
2230,treatment
2231,treatment
2232,treatment
2233,control
2234,treatment
2235,treatment
2236,control
2237,control
2238,treatment
2239,control
2240,control
2241,treatment
2242,treatment
2243,control
2244,control
2245,control
2246,treatment
2247,control
2248,control
2249,treatment
2250,treatment
2251,treatment
2252,control
2253,control
2254,treatment
2255,treatment
2256,treatment
2257,treatment
2258,treatment
2259,treatment
2260,treatment
2261,control
2262,treatment
2263,control
2264,control
2265,treatment
2266,treatment
2267,control
2268,treatment
2269,treatment
2270,control
2271,control
2272,control
2273,control
2274,treatment
2275,control
2276,treatment
2277,treatment
2278,treatment
2279,treatment
2280,control
2281,control
2282,control
2283,control
2284,control
2285,treatment
2286,treatment
2287,control
2288,control
2289,treatment
2290,treatment
2291,control
2292,control
2293,control
2294,control
2295,treatment
2296,treatment
2297,treatment
2298,treatment
2299,control
2300,control
2301,treatment
2302,control
2303,control
2304,control
2305,treatment
2306,control
2307,control
2308,control
2309,control
2310,control
2311,control
2312,control
2313,treatment
2314,treatment
2315,treatment
2316,treatment
2317,treatment
2318,treatment
2319,treatment
2320,treatment
2321,treatment
2322,control
2323,control
2324,control
2325,treatment
2326,control
2327,treatment
2328,control
2329,control
2330,control
2331,treatment
2332,control
2333,control
2334,treatment
2335,treatment
2336,treatment
2337,treatment
2338,treatment
2339,treatment
2340,control
2341,control
2342,treatment
2343,treatment
2344,treatment
2345,treatment
2346,control
2347,treatment
2348,control
2349,control
2350,control
2351,treatment
2352,control
2353,control
2354,treatment
2355,treatment
2356,treatment
2357,control
2358,treatment
2359,treatment
2360,treatment
2361,control
2362,control
2363,treatment
2364,control
2365,treatment
2366,treatment
2367,treatment
2368,treatment
2369,control
2370,control
2371,treatment
2372,treatment
2373,control
2374,control
2375,control
2376,treatment
2377,treatment
2378,control
2379,control
2380,treatment
2381,control
2382,control
2383,control
2384,treatment
2385,control
2386,treatment
2387,control
2388,control
2389,treatment
2390,control
2391,treatment
2392,treatment
2393,treatment
2394,treatment
2395,control
2396,treatment
2397,control
2398,control
2399,treatment
2400,control
2401,control
2402,treatment
2403,treatment
2404,treatment
2405,treatment
2406,control
2407,treatment
2408,treatment
2409,treatment
2410,treatment
2411,control
2412,treatment
2413,control
2414,treatment
2415,control
2416,control
2417,control
2418,control
2419,treatment
2420,treatment
2421,control
2422,treatment
2423,treatment
2424,control
2425,treatment
2426,control
2427,treatment
2428,treatment
2429,control
2430,treatment
2431,treatment
2432,treatment
2433,control
2434,treatment
2435,treatment
2436,treatment
2437,treatment
2438,treatment
2439,control
2440,treatment
2441,control
2442,treatment
2443,control
2444,treatment
2445,treatment
2446,control
2447,treatment
2448,control
2449,control
2450,control
2451,control
2452,treatment
2453,control
2454,control
2455,treatment
2456,treatment
2457,control
2458,control
2459,treatment
2460,treatment
2461,treatment
2462,treatment
2463,control
2464,treatment
2465,treatment
2466,treatment
2467,control
2468,control
2469,control
2470,treatment
2471,treatment
2472,control
2473,control
2474,treatment
2475,control
2476,treatment
2477,control
2478,treatment
2479,control
2480,treatment
2481,treatment
2482,treatment
2483,treatment
2484,treatment
2485,control
2486,treatment
2487,treatment
2488,treatment
2489,control
2490,control
2491,control
2492,control
2493,treatment
2494,control
2495,control
2496,control
2497,control
2498,control
2499,treatment
2500,treatment
2501,control
2502,treatment
2503,treatment
2504,control
2505,treatment
2506,treatment
2507,treatment
2508,treatment
2509,treatment
2510,treatment
2511,treatment
2512,treatment
2513,control
2514,control
2515,treatment
2516,control
2517,control
2518,control
2519,control
2520,control
2521,control
2522,treatment
2523,treatment
2524,treatment
2525,treatment
2526,treatment
2527,treatment
2528,control
2529,control
2530,control
2531,treatment
2532,control
2533,control
2534,treatment
2535,control
2536,control
2537,treatment
2538,control
2539,control
2540,control
2541,treatment
2542,control
2543,treatment
2544,control
2545,control
2546,control
2547,treatment
2548,treatment
2549,control
2550,control
2551,control
2552,treatment
2553,control
2554,treatment
2555,control
2556,treatment
2557,treatment
2558,treatment
2559,treatment
2560,treatment
2561,treatment
2562,treatment
2563,treatment
2564,treatment
2565,control
2566,control
2567,control
2568,control
2569,treatment
2570,control
2571,control
2572,control
2573,treatment
2574,treatment
2575,treatment
2576,treatment
2577,control
2578,treatment
2579,control
2580,control
2581,treatment
2582,control
2583,treatment
2584,control
2585,control
2586,control
2587,treatment
2588,control
2589,treatment
2590,treatment
2591,treatment
2592,control
2593,control
2594,treatment
2595,control
2596,treatment
2597,control
2598,control
2599,control
2600,control
2601,treatment
2602,treatment
2603,control
2604,treatment
2605,treatment
2606,control
2607,control
2608,control
2609,treatment
2610,treatment
2611,control
2612,treatment
2613,treatment
2614,treatment
2615,treatment
2616,control
2617,control
2618,treatment
2619,treatment
2620,treatment
2621,control
2622,treatment
2623,treatment
2624,treatment
2625,treatment
2626,treatment
2627,control
2628,control
2629,treatment
2630,control
2631,treatment
2632,control
2633,treatment
2634,treatment
2635,treatment
2636,treatment
2637,control
2638,control
2639,treatment
2640,treatment
2641,control
2642,treatment
2643,control
2644,treatment
2645,control
2646,control
2647,control
2648,treatment
2649,treatment
2650,treatment
2651,control
2652,control
2653,control
2654,treatment
2655,treatment
2656,treatment
2657,control
2658,treatment
2659,control
2660,treatment
2661,treatment
2662,control
2663,treatment
2664,control
2665,control
2666,control
2667,treatment
2668,control
2669,control
2670,treatment
2671,treatment
2672,treatment
2673,treatment
2674,treatment
2675,treatment
2676,control
2677,control
2678,treatment
2679,treatment
2680,treatment
2681,treatment
2682,treatment
2683,control
2684,treatment
2685,control
2686,control
2687,treatment
2688,control
2689,treatment
2690,treatment
2691,control
2692,control
2693,control
2694,control
2695,control
2696,control
2697,treatment
2698,treatment
2699,control
2700,treatment
2701,treatment
2702,control
2703,treatment
2704,control
2705,treatment
2706,treatment
2707,control
2708,treatment
2709,control
2710,treatment
2711,treatment
2712,control
2713,treatment
2714,treatment
2715,treatment
2716,treatment
2717,control
2718,control
2719,control
2720,treatment
2721,control
2722,treatment
2723,control
2724,control
2725,control
2726,control
2727,control
2728,control
2729,control
2730,control
2731,treatment
2732,control
2733,treatment
2734,control
2735,control
2736,treatment
2737,control
2738,control
2739,treatment
2740,control
2741,control
2742,control
2743,control
2744,control
2745,control
2746,control
2747,control
2748,control
2749,treatment
2750,treatment
2751,control
2752,control
2753,treatment
2754,treatment
2755,treatment
2756,control
2757,treatment
2758,control
2759,control
2760,treatment
2761,control
2762,control
2763,treatment
2764,treatment
2765,treatment
2766,control
2767,control
2768,control
2769,treatment
2770,control
2771,control
2772,treatment
2773,treatment
2774,treatment
2775,control
2776,control
2777,treatment
2778,treatment
2779,control
2780,treatment
2781,control
2782,control
2783,control
2784,control
2785,control
2786,control
2787,control
2788,control
2789,treatment
2790,control
2791,treatment
2792,treatment
2793,treatment
2794,control
2795,control
2796,control
2797,control
2798,control
2799,control
2800,treatment
2801,control
2802,treatment
2803,control
2804,treatment
2805,control
2806,control
2807,control
2808,treatment
2809,control
2810,control
2811,control
2812,treatment
2813,control
2814,treatment
2815,control
2816,control
2817,treatment
2818,control
2819,treatment
2820,control
2821,control
2822,treatment
2823,treatment
2824,control
2825,treatment
2826,treatment
2827,treatment
2828,treatment
2829,treatment
2830,treatment
2831,control
2832,control
2833,treatment
2834,treatment
2835,treatment
2836,control
2837,treatment
2838,control
2839,treatment
2840,control
2841,control
2842,control
2843,control
2844,treatment
2845,treatment
2846,treatment
2847,control
2848,control
2849,treatment
2850,treatment
2851,treatment
2852,treatment
2853,control
2854,treatment
2855,treatment
2856,treatment
2857,treatment
2858,control
2859,control
2860,treatment
2861,control
2862,treatment
2863,control
2864,control
2865,control
2866,control
2867,treatment
2868,treatment
2869,control
2870,treatment
2871,control
2872,control
2873,treatment
2874,treatment
2875,treatment
2876,control
2877,control
2878,treatment
2879,control
2880,control
2881,treatment
2882,treatment
2883,control
2884,treatment
2885,treatment
2886,treatment
2887,control
2888,treatment
2889,treatment
2890,control
2891,control
2892,control
2893,treatment
2894,treatment
2895,control
2896,control
2897,treatment
2898,control
2899,control
2900,treatment
2901,control
2902,treatment
2903,control
2904,control
2905,control
2906,treatment
2907,treatment
2908,treatment
2909,control
2910,treatment
2911,treatment
2912,treatment
2913,control
2914,control
2915,control
2916,control
2917,treatment
2918,control
2919,control
2920,control
2921,control
2922,control
2923,control
2924,treatment
2925,treatment
2926,control
2927,treatment
2928,control
2929,treatment
2930,treatment
2931,control
2932,treatment
2933,treatment
2934,treatment
2935,treatment
2936,treatment
2937,control
2938,control
2939,control
2940,treatment
2941,control
2942,treatment
2943,control
2944,treatment
2945,treatment
2946,treatment
2947,treatment
2948,treatment
2949,treatment
2950,control
2951,treatment
2952,control
2953,treatment
2954,control
2955,treatment
2956,treatment
2957,control
2958,control
2959,treatment
2960,control
2961,treatment
2962,control
2963,treatment
2964,control
2965,control
2966,treatment
2967,control
2968,treatment
2969,control
2970,control
2971,treatment
2972,treatment
2973,treatment
2974,control
2975,control
2976,treatment
2977,control
2978,treatment
2979,control
2980,control
2981,treatment
2982,treatment
2983,treatment
2984,control
2985,control
2986,control
2987,treatment
2988,treatment
2989,control
2990,control
2991,treatment
2992,control
2993,control
2994,treatment
2995,control
2996,control
2997,treatment
2998,treatment
2999,treatment
3000,treatment
3001,control
3002,treatment
3003,control
3004,treatment
3005,control
3006,treatment
3007,treatment
3008,control
3009,control
3010,control
3011,control
3012,treatment
3013,treatment
3014,treatment
3015,control
3016,control
3017,treatment
3018,treatment
3019,control
3020,control
3021,control
3022,control
3023,treatment
3024,control
3025,treatment
3026,control
3027,control
3028,control
3029,control
3030,treatment
3031,treatment
3032,control
3033,control
3034,treatment
3035,control
3036,treatment
3037,treatment
3038,control
3039,control
3040,treatment
3041,treatment
3042,control
3043,control
3044,treatment
3045,treatment
3046,treatment
3047,control
3048,treatment
3049,control
3050,control
3051,control
3052,treatment
3053,control
3054,treatment
3055,treatment
3056,treatment
3057,treatment
3058,control
3059,treatment
3060,treatment
3061,control
3062,treatment
3063,treatment
3064,treatment
3065,control
3066,control
3067,control
3068,control
3069,treatment
3070,control
3071,treatment
3072,control
3073,control
3074,control
3075,treatment
3076,treatment
3077,control
3078,treatment
3079,treatment
3080,control
3081,treatment
3082,control
3083,treatment
3084,treatment
3085,control
3086,treatment
3087,treatment
3088,control
3089,treatment
3090,treatment
3091,control
3092,control
3093,treatment
3094,control
3095,control
3096,treatment
3097,treatment
3098,treatment
3099,control
3100,control
3101,control
3102,treatment
3103,control
3104,control
3105,treatment
3106,treatment
3107,treatment
3108,control
3109,control
3110,control
3111,treatment
3112,control
3113,treatment
3114,control
3115,treatment
3116,control
3117,control
3118,control
3119,control
3120,treatment
3121,treatment
3122,control
3123,treatment
3124,control
3125,control
3126,control
3127,treatment
3128,control
3129,control
3130,treatment
3131,control
3132,control
3133,treatment
3134,control
3135,control
3136,treatment
3137,treatment
3138,control
3139,control
3140,treatment
3141,control
3142,control
3143,control
3144,control
3145,treatment
3146,control
3147,control
3148,treatment
3149,control
3150,treatment
3151,control
3152,treatment
3153,treatment
3154,control
3155,control
3156,treatment
3157,control
3158,control
3159,treatment
3160,treatment
3161,control
3162,treatment
3163,control
3164,control
3165,control
3166,treatment
3167,control
3168,treatment
3169,control
3170,treatment
3171,treatment
3172,treatment
3173,control
3174,treatment
3175,control
3176,treatment
3177,treatment
3178,control
3179,control
3180,control
3181,control
3182,treatment
3183,treatment
3184,control
3185,treatment
3186,treatment
3187,treatment
3188,control
3189,treatment
3190,treatment
3191,control
3192,treatment
3193,treatment
3194,treatment
3195,treatment
3196,control
3197,treatment
3198,treatment
3199,treatment
3200,treatment
3201,treatment
3202,treatment
3203,control
3204,treatment
3205,treatment
3206,treatment
3207,treatment
3208,treatment
3209,treatment
3210,control
3211,control
3212,treatment
3213,control
3214,treatment
3215,treatment
3216,control
3217,control
3218,treatment
3219,treatment
3220,control
3221,treatment
3222,treatment
3223,control
3224,treatment
3225,control
3226,treatment
3227,treatment
3228,control
3229,treatment
3230,treatment
3231,control
3232,control
3233,treatment
3234,control
3235,control
3236,control
3237,control
3238,control
3239,treatment
3240,treatment
3241,control
3242,treatment
3243,treatment
3244,treatment
3245,treatment
3246,control
3247,control
3248,treatment
3249,treatment
3250,treatment
3251,treatment
3252,treatment
3253,control
3254,control
3255,control
3256,treatment
3257,treatment
3258,control
3259,control
3260,treatment
3261,control
3262,treatment
3263,treatment
3264,control
3265,control
3266,treatment
3267,treatment
3268,control
3269,control
3270,control
3271,treatment
3272,control
3273,treatment
3274,treatment
3275,control
3276,control
3277,control
3278,control
3279,control
3280,control
3281,treatment
3282,control
3283,control
3284,treatment
3285,treatment
3286,treatment
3287,control
3288,control
3289,treatment
3290,control
3291,treatment
3292,treatment
3293,treatment
3294,control
3295,treatment
3296,treatment
3297,control
3298,treatment
3299,treatment
3300,treatment
3301,treatment
3302,control
3303,treatment
3304,treatment
3305,control
3306,treatment
3307,control
3308,control
3309,treatment
3310,control
3311,treatment
3312,control
3313,treatment
3314,control
3315,treatment
3316,treatment
3317,treatment
3318,treatment
3319,control
3320,treatment
3321,control
3322,treatment
3323,control
3324,control
3325,treatment
3326,control
3327,control
3328,treatment
3329,control
3330,treatment
3331,treatment
3332,treatment
3333,treatment
3334,control
3335,treatment
3336,treatment
3337,control
3338,control
3339,control
3340,control
3341,treatment
3342,control
3343,control
3344,control
3345,control
3346,control
3347,treatment
3348,control
3349,treatment
3350,treatment
3351,treatment
3352,control
3353,control
3354,control
3355,treatment
3356,control
3357,control
3358,control
3359,control
3360,control
3361,control
3362,control
3363,treatment
3364,control
3365,treatment
3366,treatment
3367,treatment
3368,control
3369,treatment
3370,control
3371,treatment
3372,control
3373,treatment
3374,control
3375,control
3376,control
3377,treatment
3378,control
3379,treatment
3380,treatment
3381,control
3382,control
3383,treatment
3384,control
3385,treatment
3386,treatment
3387,control
3388,control
3389,treatment
3390,treatment
3391,control
3392,control
3393,treatment
3394,treatment
3395,control
3396,control
3397,treatment
3398,treatment
3399,control
3400,control
3401,treatment
3402,control
3403,treatment
3404,treatment
3405,treatment
3406,control
3407,treatment
3408,treatment
3409,control
3410,control
3411,control
3412,control
3413,treatment
3414,treatment
3415,treatment
3416,treatment
3417,treatment
3418,control
3419,control
3420,control
3421,control
3422,treatment
3423,treatment
3424,control
3425,control
3426,control
3427,control
3428,control
3429,control
3430,treatment
3431,treatment
3432,control
3433,treatment
3434,control
3435,treatment
3436,treatment
3437,control
3438,control
3439,treatment
3440,control
3441,treatment
3442,treatment
3443,treatment
3444,control
3445,treatment
3446,treatment
3447,control
3448,treatment
3449,control
3450,control
3451,treatment
3452,treatment
3453,treatment
3454,treatment
3455,treatment
3456,control
3457,treatment
3458,treatment
3459,control
3460,control
3461,control
3462,treatment
3463,control
3464,control
3465,treatment
3466,treatment
3467,control
3468,control
3469,control
3470,control
3471,control
3472,control
3473,control
3474,treatment
3475,treatment
3476,treatment
3477,control
3478,treatment
3479,control
3480,control
3481,treatment
3482,treatment
3483,treatment
3484,treatment
3485,treatment
3486,control
3487,treatment
3488,treatment
3489,treatment
3490,treatment
3491,treatment
3492,control
3493,treatment
3494,control
3495,control
3496,treatment
3497,control
3498,treatment
3499,control
3500,control
3501,control
3502,treatment
3503,control
3504,treatment
3505,treatment
3506,control
3507,control
3508,control
3509,control
3510,control
3511,control
3512,treatment
3513,treatment
3514,treatment
3515,treatment
3516,control
3517,treatment
3518,control
3519,control
3520,control
3521,control
3522,treatment
3523,control
3524,treatment
3525,control
3526,control
3527,control
3528,treatment
3529,control
3530,treatment
3531,control
3532,control
3533,control
3534,treatment
3535,control
3536,control
3537,control
3538,treatment
3539,treatment
3540,control
3541,control
3542,control
3543,treatment
3544,control
3545,treatment
3546,control
3547,treatment
3548,treatment
3549,control
3550,treatment
3551,treatment
3552,control
3553,control
3554,treatment
3555,treatment
3556,treatment
3557,treatment
3558,treatment
3559,control
3560,treatment
3561,control
3562,control
3563,treatment
3564,treatment
3565,treatment
3566,control
3567,treatment
3568,control
3569,treatment
3570,control
3571,treatment
3572,control
3573,control
3574,treatment
3575,treatment
3576,treatment
3577,control
3578,treatment
3579,control
3580,treatment
3581,control
3582,control
3583,treatment
3584,control
3585,treatment
3586,control
3587,treatment
3588,control
3589,treatment
3590,control
3591,control
3592,control
3593,treatment
3594,control
3595,control
3596,control
3597,control
3598,control
3599,control
3600,control
3601,treatment
3602,control
3603,control
3604,treatment
3605,treatment
3606,control
3607,treatment
3608,control
3609,treatment
3610,control
3611,treatment
3612,treatment
3613,control
3614,control
3615,treatment
3616,control
3617,control
3618,control
3619,control
3620,control
3621,treatment
3622,treatment
3623,treatment
3624,control
3625,treatment
3626,treatment
3627,control
3628,treatment
3629,treatment
3630,treatment
3631,control
3632,control
3633,control
3634,control
3635,treatment
3636,control
3637,treatment
3638,treatment
3639,control
3640,treatment
3641,treatment
3642,control
3643,control
3644,control
3645,control
3646,control
3647,treatment
3648,control
3649,treatment
3650,control
3651,control
3652,control
3653,treatment
3654,control
3655,treatment
3656,control
3657,control
3658,treatment
3659,treatment
3660,treatment
3661,treatment
3662,control
3663,control
3664,control
3665,control
3666,control
3667,control
3668,control
3669,treatment
3670,control
3671,control
3672,treatment
3673,treatment
3674,treatment
3675,control
3676,control
3677,control
3678,control
3679,control
3680,control
3681,control
3682,control
3683,control
3684,treatment
3685,control
3686,control
3687,treatment
3688,treatment
3689,control
3690,control
3691,treatment
3692,treatment
3693,control
3694,control
3695,treatment
3696,control
3697,control
3698,treatment
3699,control
3700,control
3701,treatment
3702,treatment
3703,control
3704,treatment
3705,control
3706,treatment
3707,treatment
3708,treatment
3709,control
3710,control
3711,treatment
3712,treatment
3713,control
3714,treatment
3715,treatment
3716,control
3717,treatment
3718,control
3719,control
3720,control
3721,treatment
3722,control
3723,treatment
3724,treatment
3725,control
3726,control
3727,control
3728,control
3729,treatment
3730,treatment
3731,treatment
3732,control
3733,treatment
3734,treatment
3735,treatment
3736,control
3737,control
3738,treatment
3739,treatment
3740,treatment
3741,treatment
3742,control
3743,treatment
3744,control
3745,control
3746,control
3747,control
3748,treatment
3749,treatment
3750,treatment
3751,control
3752,treatment
3753,treatment
3754,control
3755,control
3756,treatment
3757,control
3758,control
3759,treatment
3760,control
3761,treatment
3762,treatment
3763,control
3764,control
3765,treatment
3766,control
3767,treatment
3768,treatment
3769,control
3770,treatment
3771,treatment
3772,control
3773,treatment
3774,control
3775,control
3776,treatment
3777,treatment
3778,control
3779,treatment
3780,treatment
3781,control
3782,treatment
3783,control
3784,treatment
3785,treatment
3786,control
3787,treatment
3788,control
3789,treatment
3790,control
3791,treatment
3792,treatment
3793,treatment
3794,treatment
3795,control
3796,control
3797,control
3798,treatment
3799,control
3800,control
3801,treatment
3802,treatment
3803,treatment
3804,treatment
3805,treatment
3806,control
3807,control
3808,treatment
3809,control
3810,treatment
3811,control
3812,treatment
3813,treatment
3814,control
3815,treatment
3816,control
3817,control
3818,control
3819,control
3820,control
3821,control
3822,control
3823,control
3824,treatment
3825,treatment
3826,treatment
3827,treatment
3828,control
3829,treatment
3830,control
3831,control
3832,control
3833,treatment
3834,treatment
3835,control
3836,control
3837,control
3838,treatment
3839,control
3840,control
3841,control
3842,treatment
3843,control
3844,control
3845,treatment
3846,control
3847,control
3848,control
3849,treatment
3850,control
3851,treatment
3852,treatment
3853,treatment
3854,treatment
3855,control
3856,treatment
3857,treatment
3858,control
3859,treatment
3860,control
3861,treatment
3862,control
3863,control
3864,treatment
3865,control
3866,control
3867,treatment
3868,control
3869,control
3870,control
3871,treatment
3872,control
3873,treatment
3874,control
3875,control
3876,treatment
3877,treatment
3878,treatment
3879,control
3880,control
3881,control
3882,treatment
3883,treatment
3884,treatment
3885,control
3886,treatment
3887,treatment
3888,control
3889,control
3890,treatment
3891,treatment
3892,treatment
3893,control
3894,control
3895,treatment
3896,treatment
3897,treatment
3898,treatment
3899,treatment
3900,control
3901,control
3902,control
3903,control
3904,treatment
3905,control
3906,treatment
3907,control
3908,control
3909,control
3910,control
3911,control
3912,control
3913,treatment
3914,control
3915,treatment
3916,treatment
3917,treatment
3918,control
3919,control
3920,treatment
3921,treatment
3922,treatment
3923,control
3924,control
3925,treatment
3926,treatment
3927,treatment
3928,control
3929,control
3930,control
3931,treatment
3932,treatment
3933,control
3934,control
3935,control
3936,treatment
3937,treatment
3938,control
3939,treatment
3940,treatment
3941,control
3942,treatment
3943,control
3944,treatment
3945,treatment
3946,control
3947,treatment
3948,control
3949,control
3950,control
3951,control
3952,treatment
3953,treatment
3954,treatment
3955,control
3956,treatment
3957,treatment
3958,control
3959,treatment
3960,control
3961,control
3962,control
3963,control
3964,control
3965,control
3966,control
3967,control
3968,treatment
3969,treatment
3970,treatment
3971,treatment
3972,treatment
3973,treatment
3974,treatment
3975,treatment
3976,control
3977,treatment
3978,control
3979,treatment
3980,treatment
3981,treatment
3982,treatment
3983,control
3984,treatment
3985,treatment
3986,treatment
3987,treatment
3988,control
3989,control
3990,control
3991,treatment
3992,treatment
3993,treatment
3994,treatment
3995,control
3996,treatment
3997,treatment
3998,control
3999,control
4000,control
4001,treatment
4002,control
4003,control
4004,treatment
4005,treatment
4006,treatment
4007,control
4008,control
4009,treatment
4010,treatment
4011,control
4012,treatment
4013,control
4014,treatment
4015,control
4016,control
4017,treatment
4018,control
4019,treatment
4020,treatment
4021,control
4022,control
4023,treatment
4024,treatment
4025,control
4026,treatment
4027,treatment
4028,treatment
4029,control
4030,control
4031,treatment
4032,treatment
4033,treatment
4034,treatment
4035,control
4036,control
4037,treatment
4038,treatment
4039,treatment
4040,control
4041,control
4042,treatment
4043,treatment
4044,control
4045,control
4046,control
4047,control
4048,treatment
4049,treatment
4050,treatment
4051,control
4052,treatment
4053,treatment
4054,treatment
4055,control
4056,control
4057,treatment
4058,treatment
4059,treatment
4060,treatment
4061,control
4062,control
4063,control
4064,treatment
4065,treatment
4066,control
4067,treatment
4068,control
4069,control
4070,control
4071,treatment
4072,treatment
4073,treatment
4074,control
4075,treatment
4076,treatment
4077,control
4078,control
4079,treatment
4080,control
4081,treatment
4082,control
4083,treatment
4084,control
4085,treatment
4086,treatment
4087,treatment
4088,treatment
4089,control
4090,treatment
4091,treatment
4092,control
4093,treatment
4094,treatment
4095,control
4096,control
4097,control
4098,treatment
4099,treatment
4100,treatment
4101,treatment
4102,treatment
4103,control
4104,treatment
4105,control
4106,treatment
4107,control
4108,treatment
4109,control
4110,treatment
4111,treatment
4112,control
4113,treatment
4114,control
4115,control
4116,control
4117,treatment
4118,control
4119,control
4120,treatment
4121,treatment
4122,control
4123,control
4124,treatment
4125,control
4126,control
4127,control
4128,control
4129,control
4130,treatment
4131,control
4132,treatment
4133,treatment
4134,control
4135,control
4136,control
4137,control
4138,control
4139,control
4140,control
4141,control
4142,treatment
4143,control
4144,control
4145,control
4146,control
4147,treatment
4148,control
4149,control
4150,treatment
4151,treatment
4152,treatment
4153,control
4154,treatment
4155,treatment
4156,control
4157,treatment
4158,control
4159,control
4160,treatment
4161,control
4162,control
4163,treatment
4164,treatment
4165,control
4166,control
4167,control
4168,treatment
4169,treatment
4170,treatment
4171,treatment
4172,control
4173,treatment
4174,treatment
4175,treatment
4176,control
4177,treatment
4178,treatment
4179,treatment
4180,control
4181,treatment
4182,control
4183,treatment
4184,treatment
4185,treatment
4186,control
4187,treatment
4188,control
4189,control
4190,control
4191,treatment
4192,control
4193,control
4194,treatment
4195,treatment
4196,control
4197,control
4198,control
4199,treatment
4200,treatment
4201,treatment
4202,treatment
4203,treatment
4204,control
4205,treatment
4206,treatment
4207,control
4208,control
4209,control
4210,treatment
4211,control
4212,treatment
4213,treatment
4214,treatment
4215,treatment
4216,treatment
4217,control
4218,control
4219,control
4220,control
4221,control
4222,control
4223,treatment
4224,treatment
4225,control
4226,control
4227,control
4228,treatment
4229,control
4230,treatment
4231,treatment
4232,treatment
4233,treatment
4234,control
4235,treatment
4236,treatment
4237,treatment
4238,treatment
4239,treatment
4240,treatment
4241,control
4242,control
4243,control
4244,control
4245,control
4246,treatment
4247,treatment
4248,treatment
4249,treatment
4250,control
4251,treatment
4252,treatment
4253,control
4254,treatment
4255,control
4256,treatment
4257,control
4258,treatment
4259,treatment
4260,control
4261,treatment
4262,treatment
4263,control
4264,treatment
4265,control
4266,treatment
4267,treatment
4268,treatment
4269,control
4270,control
4271,treatment
4272,control
4273,control
4274,treatment
4275,treatment
4276,control
4277,treatment
4278,control
4279,treatment
4280,control
4281,treatment
4282,treatment
4283,control
4284,treatment
4285,control
4286,treatment
4287,treatment
4288,control
4289,treatment
4290,control
4291,control
4292,treatment
4293,control
4294,control
4295,treatment
4296,control
4297,treatment
4298,treatment
4299,treatment
4300,treatment
4301,control
4302,treatment
4303,control
4304,control
4305,treatment
4306,control
4307,treatment
4308,treatment
4309,treatment
4310,treatment
4311,control
4312,control
4313,control
4314,treatment
4315,control
4316,treatment
4317,control
4318,control
4319,treatment
4320,treatment
4321,control
4322,control
4323,treatment
4324,control
4325,control
4326,treatment
4327,treatment
4328,control
4329,control
4330,control
4331,treatment
4332,treatment
4333,treatment
4334,treatment
4335,treatment
4336,control
4337,treatment
4338,treatment
4339,treatment
4340,treatment
4341,control
4342,control
4343,treatment
4344,control
4345,control
4346,control
4347,treatment
4348,control
4349,treatment
4350,treatment
4351,treatment
4352,treatment
4353,treatment
4354,control
4355,treatment
4356,control
4357,control
4358,control
4359,control
4360,treatment
4361,control
4362,control
4363,control
4364,treatment
4365,treatment
4366,control
4367,control
4368,control
4369,control
4370,treatment
4371,control
4372,treatment
4373,control
4374,control
4375,treatment
4376,control
4377,treatment
4378,control
4379,treatment
4380,treatment
4381,treatment
4382,control
4383,treatment
4384,treatment
4385,treatment
4386,control
4387,control
4388,treatment
4389,treatment
4390,treatment
4391,control
4392,control
4393,control
4394,control
4395,control
4396,treatment
4397,control
4398,control
4399,treatment
4400,treatment
4401,treatment
4402,treatment
4403,control
4404,treatment
4405,control
4406,control
4407,treatment
4408,treatment
4409,treatment
4410,control
4411,control
4412,treatment
4413,control
4414,treatment
4415,control
4416,treatment
4417,treatment
4418,treatment
4419,control
4420,control
4421,treatment
4422,control
4423,treatment
4424,control
4425,treatment
4426,treatment
4427,treatment
4428,control
4429,control
4430,control
4431,control
4432,control
4433,control
4434,control
4435,control
4436,treatment
4437,control
4438,treatment
4439,control
4440,control
4441,control
4442,treatment
4443,control
4444,control
4445,control
4446,treatment
4447,control
4448,control
4449,treatment
4450,control
4451,control
4452,control
4453,control
4454,control
4455,control
4456,treatment
4457,control
4458,treatment
4459,control
4460,treatment
4461,control
4462,treatment
4463,treatment
4464,treatment
4465,treatment
4466,control
4467,control
4468,treatment
4469,control
4470,treatment
4471,control
4472,treatment
4473,treatment
4474,control
4475,control
4476,treatment
4477,treatment
4478,control
4479,control
4480,treatment
4481,control
4482,treatment
4483,treatment
4484,control
4485,treatment
4486,control
4487,control
4488,control
4489,control
4490,treatment
4491,treatment
4492,control
4493,treatment
4494,control
4495,treatment
4496,control
4497,treatment
4498,treatment
4499,control
4500,treatment
4501,treatment
4502,treatment
4503,control
4504,treatment
4505,control
4506,control
4507,treatment
4508,control
4509,control
4510,treatment
4511,control
4512,control
4513,treatment
4514,control
4515,treatment
4516,treatment
4517,treatment
4518,treatment
4519,control
4520,control
4521,control
4522,control
4523,control
4524,treatment
4525,control
4526,treatment
4527,treatment
4528,control
4529,treatment
4530,treatment
4531,treatment
4532,treatment
4533,treatment
4534,control
4535,control
4536,treatment
4537,control
4538,treatment
4539,treatment
4540,control
4541,control
4542,control
4543,treatment
4544,control
4545,control
4546,control
4547,control
4548,treatment
4549,treatment
4550,treatment
4551,treatment
4552,treatment
4553,treatment
4554,treatment
4555,control
4556,control
4557,treatment
4558,control
4559,treatment
4560,treatment
4561,control
4562,treatment
4563,control
4564,control
4565,treatment
4566,control
4567,treatment
4568,treatment
4569,control
4570,control
4571,treatment
4572,control
4573,treatment
4574,treatment
4575,control
4576,control
4577,treatment
4578,treatment
4579,control
4580,control
4581,treatment
4582,treatment
4583,control
4584,treatment
4585,control
4586,treatment
4587,treatment
4588,treatment
4589,treatment
4590,treatment
4591,control
4592,treatment
4593,treatment
4594,control
4595,control
4596,treatment
4597,control
4598,control
4599,treatment
4600,control
4601,control
4602,treatment
4603,control
4604,control
4605,treatment
4606,treatment
4607,control
4608,control
4609,treatment
4610,control
4611,control
4612,control
4613,treatment
4614,control
4615,control
4616,control
4617,treatment
4618,control
4619,control
4620,treatment
4621,control
4622,control
4623,control
4624,control
4625,treatment
4626,control
4627,treatment
4628,treatment
4629,control
4630,treatment
4631,control
4632,treatment
4633,control
4634,control
4635,control
4636,control
4637,treatment
4638,control
4639,treatment
4640,treatment
4641,control
4642,control
4643,treatment
4644,treatment
4645,control
4646,control
4647,control
4648,treatment
4649,control
4650,treatment
4651,control
4652,treatment
4653,treatment
4654,control
4655,control
4656,treatment
4657,treatment
4658,treatment
4659,treatment
4660,treatment
4661,control
4662,treatment
4663,control
4664,control
4665,treatment
4666,treatment
4667,treatment
4668,control
4669,treatment
4670,treatment
4671,treatment
4672,control
4673,control
4674,control
4675,treatment
4676,control
4677,treatment
4678,control
4679,control
4680,control
4681,control
4682,treatment
4683,control
4684,control
4685,treatment
4686,treatment
4687,treatment
4688,treatment
4689,treatment
4690,treatment
4691,treatment
4692,treatment
4693,treatment
4694,control
4695,control
4696,treatment
4697,control
4698,treatment
4699,control
4700,control
4701,treatment
4702,control
4703,treatment
4704,control
4705,treatment
4706,treatment
4707,control
4708,control
4709,treatment
4710,treatment
4711,treatment
4712,control
4713,treatment
4714,treatment
4715,treatment
4716,treatment
4717,control
4718,control
4719,treatment
4720,control
4721,control
4722,treatment
4723,control
4724,treatment
4725,control
4726,treatment
4727,treatment
4728,treatment
4729,control
4730,control
4731,treatment
4732,treatment
4733,control
4734,control
4735,control
4736,control
4737,treatment
4738,treatment
4739,treatment
4740,control
4741,treatment
4742,treatment
4743,control
4744,control
4745,treatment
4746,treatment
4747,treatment
4748,treatment
4749,control
4750,control
4751,control
4752,treatment
4753,treatment
4754,treatment
4755,control
4756,treatment
4757,treatment
4758,control
4759,treatment
4760,treatment
4761,treatment
4762,control
4763,treatment
4764,treatment
4765,treatment
4766,control
4767,control
4768,treatment
4769,control
4770,treatment
4771,control
4772,treatment
4773,treatment
4774,treatment
4775,control
4776,treatment
4777,control
4778,control
4779,treatment
4780,control
4781,treatment
4782,control
4783,treatment
4784,treatment
4785,control
4786,control
4787,control
4788,control
4789,control
4790,treatment
4791,treatment
4792,treatment
4793,treatment
4794,treatment
4795,control
4796,treatment
4797,control
4798,control
4799,control
4800,treatment
4801,control
4802,control
4803,control
4804,control
4805,treatment
4806,treatment
4807,control
4808,control
4809,treatment
4810,treatment
4811,treatment
4812,treatment
4813,treatment
4814,control
4815,treatment
4816,control
4817,treatment
4818,treatment
4819,control
4820,control
4821,treatment
4822,treatment
4823,treatment
4824,treatment
4825,control
4826,control
4827,treatment
4828,treatment
4829,control
4830,treatment
4831,treatment
4832,treatment
4833,control
4834,control
4835,control
4836,treatment
4837,treatment
4838,control
4839,treatment
4840,treatment
4841,control
4842,control
4843,treatment
4844,treatment
4845,treatment
4846,treatment
4847,control
4848,treatment
4849,treatment
4850,control
4851,treatment
4852,treatment
4853,control
4854,treatment
4855,control
4856,control
4857,control
4858,control
4859,treatment
4860,treatment
4861,treatment
4862,control
4863,treatment
4864,treatment
4865,control
4866,treatment
4867,treatment
4868,treatment
4869,treatment
4870,treatment
4871,treatment
4872,control
4873,treatment
4874,treatment
4875,treatment
4876,control
4877,treatment
4878,treatment
4879,treatment
4880,control
4881,treatment
4882,control
4883,control
4884,control
4885,control
4886,control
4887,treatment
4888,treatment
4889,control
4890,treatment
4891,control
4892,treatment
4893,control
4894,control
4895,treatment
4896,control
4897,control
4898,treatment
4899,treatment
4900,control
4901,treatment
4902,control
4903,control
4904,control
4905,treatment
4906,control
4907,control
4908,control
4909,treatment
4910,treatment
4911,treatment
4912,control
4913,treatment
4914,control
4915,control
4916,treatment
4917,treatment
4918,treatment
4919,treatment
4920,control
4921,treatment
4922,control
4923,control
4924,treatment
4925,treatment
4926,control
4927,treatment
4928,treatment
4929,control
4930,control
4931,control
4932,control
4933,treatment
4934,control
4935,control
4936,control
4937,control
4938,control
4939,control
4940,treatment
4941,control
4942,control
4943,control
4944,treatment
4945,control
4946,control
4947,control
4948,treatment
4949,control
4950,treatment
4951,control
4952,control
4953,control
4954,treatment
4955,treatment
4956,treatment
4957,treatment
4958,control
4959,control
4960,treatment
4961,control
4962,treatment
4963,treatment
4964,control
4965,treatment
4966,control
4967,control
4968,treatment
4969,control
4970,control
4971,control
4972,control
4973,control
4974,treatment
4975,treatment
4976,treatment
4977,control
4978,control
4979,control
4980,treatment
4981,control
4982,control
4983,control
4984,control
4985,treatment
4986,control
4987,treatment
4988,treatment
4989,treatment
4990,control
4991,control
4992,treatment
4993,treatment
4994,treatment
4995,control
4996,control
4997,control
4998,control
4999,control
5000,treatment
5001,treatment
5002,control
5003,control
5004,control
5005,control
5006,treatment
5007,treatment
5008,control
5009,treatment
5010,control
5011,treatment
5012,control
5013,control
5014,control
5015,control
5016,control
5017,treatment
5018,control
5019,treatment
5020,treatment
5021,treatment
5022,control
5023,control
5024,treatment
5025,treatment
5026,treatment
5027,control
5028,control
5029,treatment
5030,control
5031,treatment
5032,treatment
5033,treatment
5034,treatment
5035,treatment
5036,treatment
5037,treatment
5038,control
5039,treatment
5040,treatment
5041,control
5042,treatment
5043,control
5044,control
5045,treatment
5046,treatment
5047,control
5048,treatment
5049,treatment
5050,treatment
5051,treatment
5052,control
5053,treatment
5054,treatment
5055,control
5056,treatment
5057,control
5058,treatment
5059,treatment
5060,control
5061,treatment
5062,control
5063,control
5064,treatment
5065,treatment
5066,control
5067,treatment
5068,treatment
5069,treatment
5070,treatment
5071,treatment
5072,control
5073,treatment
5074,treatment
5075,treatment
5076,control
5077,control
5078,control
5079,treatment
5080,control
5081,treatment
5082,treatment
5083,treatment
5084,treatment
5085,control
5086,treatment
5087,control
5088,treatment
5089,treatment
5090,treatment
5091,control
5092,control
5093,treatment
5094,control
5095,treatment
5096,control
5097,treatment
5098,treatment
5099,treatment
5100,treatment
5101,treatment
5102,treatment
5103,control
5104,control
5105,treatment
5106,treatment
5107,treatment
5108,treatment
5109,treatment
5110,control
5111,treatment
5112,control
5113,control
5114,control
5115,control
5116,treatment
5117,control
5118,control
5119,control
5120,treatment
5121,control
5122,control
5123,control
5124,control
5125,control
5126,treatment
5127,treatment
5128,control
5129,treatment
5130,control
5131,treatment
5132,control
5133,control
5134,treatment
5135,treatment
5136,treatment
5137,control
5138,treatment
5139,control
5140,control
5141,treatment
5142,control
5143,control
5144,treatment
5145,control
5146,treatment
5147,treatment
5148,treatment
5149,control
5150,treatment
5151,control
5152,treatment
5153,control
5154,control
5155,treatment
5156,treatment
5157,treatment
5158,control
5159,control
5160,control
5161,control
5162,treatment
5163,treatment
5164,treatment
5165,treatment
5166,treatment
5167,treatment
5168,treatment
5169,treatment
5170,treatment
5171,treatment
5172,treatment
5173,treatment
5174,treatment
5175,control
5176,treatment
5177,control
5178,treatment
5179,treatment
5180,treatment
5181,treatment
5182,treatment
5183,treatment
5184,treatment
5185,treatment
5186,control
5187,control
5188,control
5189,treatment
5190,treatment
5191,treatment
5192,treatment
5193,control
5194,treatment
5195,control
5196,treatment
5197,treatment
5198,treatment
5199,control
5200,control
5201,treatment
5202,control
5203,control
5204,treatment
5205,treatment
5206,control
5207,treatment
5208,treatment
5209,treatment
5210,control
5211,treatment
5212,treatment
5213,control
5214,treatment
5215,control
5216,treatment
5217,control
5218,treatment
5219,treatment
5220,control
5221,control
5222,treatment
5223,control
5224,control
5225,control
5226,control
5227,control
5228,control
5229,treatment
5230,treatment
5231,control
5232,treatment
5233,control
5234,control
5235,control
5236,control
5237,treatment
5238,treatment
5239,treatment
5240,control
5241,treatment
5242,treatment
5243,control
5244,control
5245,treatment
5246,treatment
5247,control
5248,treatment
5249,treatment
5250,control
5251,control
5252,treatment
5253,treatment
5254,control
5255,control
5256,treatment
5257,treatment
5258,control
5259,control
5260,control
5261,treatment
5262,treatment
5263,treatment
5264,control
5265,control
5266,treatment
5267,treatment
5268,treatment
5269,control
5270,treatment
5271,treatment
5272,control
5273,treatment
5274,treatment
5275,control
5276,treatment
5277,control
5278,treatment
5279,treatment
5280,treatment
5281,control
5282,control
5283,treatment
5284,treatment
5285,control
5286,control
5287,control
5288,control
5289,treatment
5290,control
5291,control
5292,treatment
5293,treatment
5294,treatment
5295,treatment
5296,treatment
5297,treatment
5298,control
5299,treatment
5300,treatment
5301,control
5302,control
5303,treatment
5304,control
5305,treatment
5306,treatment
5307,control
5308,treatment
5309,treatment
5310,control
5311,control
5312,control
5313,control
5314,treatment
5315,treatment
5316,treatment
5317,control
5318,control
5319,treatment
5320,treatment
5321,control
5322,control
5323,treatment
5324,control
5325,treatment
5326,control
5327,control
5328,control
5329,treatment
5330,treatment
5331,control
5332,control
5333,control
5334,control
5335,control
5336,control
5337,control
5338,treatment
5339,treatment
5340,control
5341,control
5342,control
5343,control
5344,treatment
5345,control
5346,control
5347,treatment
5348,treatment
5349,treatment
5350,treatment
5351,control
5352,control
5353,control
5354,treatment
5355,treatment
5356,treatment
5357,control
5358,control
5359,treatment
5360,treatment
5361,treatment
5362,control
5363,treatment
5364,control
5365,treatment
5366,treatment
5367,treatment
5368,control
5369,control
5370,control
5371,treatment
5372,control
5373,control
5374,treatment
5375,treatment
5376,control
5377,control
5378,control
5379,treatment
5380,treatment
5381,control
5382,control
5383,control
5384,control
5385,treatment
5386,control
5387,treatment
5388,treatment
5389,treatment
5390,control
5391,control
5392,treatment
5393,control
5394,treatment
5395,control
5396,control
5397,treatment
5398,treatment
5399,control
5400,control
5401,treatment
5402,control
5403,control
5404,control
5405,treatment
5406,treatment
5407,control
5408,control
5409,control
5410,treatment
5411,treatment
5412,control
5413,control
5414,control
5415,control
5416,control
5417,treatment
5418,control
5419,treatment
5420,control
5421,treatment
5422,control
5423,control
5424,control
5425,treatment
5426,control
5427,treatment
5428,treatment
5429,treatment
5430,control
5431,control
5432,control
5433,control
5434,control
5435,treatment
5436,treatment
5437,treatment
5438,control
5439,control
5440,control
5441,treatment
5442,control
5443,treatment
5444,treatment
5445,treatment
5446,control
5447,control
5448,treatment
5449,treatment
5450,treatment
5451,treatment
5452,treatment
5453,control
5454,control
5455,control
5456,treatment
5457,control
5458,control
5459,treatment
5460,control
5461,treatment
5462,control
5463,treatment
5464,treatment
5465,treatment
5466,treatment
5467,treatment
5468,control
5469,treatment
5470,treatment
5471,control
5472,treatment
5473,control
5474,control
5475,control
5476,treatment
5477,treatment
5478,treatment
5479,control
5480,treatment
5481,control
5482,control
5483,treatment
5484,treatment
5485,treatment
5486,control
5487,control
5488,control
5489,treatment
5490,control
5491,control
5492,control
5493,treatment
5494,control
5495,treatment
5496,control
5497,treatment
5498,treatment
5499,treatment
5500,control
5501,treatment
5502,control
5503,treatment
5504,control
5505,control
5506,control
5507,treatment
5508,control
5509,control
5510,treatment
5511,treatment
5512,control
5513,control
5514,control
5515,control
5516,control
5517,treatment
5518,control
5519,control
5520,treatment
5521,treatment
5522,control
5523,treatment
5524,treatment
5525,control
5526,treatment
5527,treatment
5528,control
5529,control
5530,treatment
5531,treatment
5532,treatment
5533,control
5534,treatment
5535,treatment
5536,control
5537,control
5538,treatment
5539,control
5540,treatment
5541,control
5542,treatment
5543,treatment
5544,treatment
5545,treatment
5546,treatment
5547,control
5548,treatment
5549,control
5550,control
5551,treatment
5552,control
5553,treatment
5554,control
5555,control
5556,control
5557,control
5558,treatment
5559,treatment
5560,control
5561,treatment
5562,treatment
5563,control
5564,control
5565,control
5566,control
5567,treatment
5568,treatment
5569,control
5570,treatment
5571,treatment
5572,treatment
5573,treatment
5574,treatment
5575,control
5576,control
5577,control
5578,treatment
5579,control
5580,treatment
5581,control
5582,treatment
5583,treatment
5584,treatment
5585,treatment
5586,treatment
5587,treatment
5588,control
5589,control
5590,control
5591,control
5592,treatment
5593,treatment
5594,treatment
5595,control
5596,control
5597,control
5598,treatment
5599,treatment
5600,treatment
5601,control
5602,control
5603,treatment
5604,treatment
5605,control
5606,control
5607,control
5608,control
5609,treatment
5610,treatment
5611,control
5612,treatment
5613,control
5614,treatment
5615,control
5616,treatment
5617,treatment
5618,control
5619,treatment
5620,treatment
5621,control
5622,control
5623,control
5624,treatment
5625,control
5626,treatment
5627,treatment
5628,treatment
5629,treatment
5630,treatment
5631,control
5632,control
5633,treatment
5634,treatment
5635,control
5636,control
5637,treatment
5638,treatment
5639,control
5640,control
5641,treatment
5642,treatment
5643,control
5644,control
5645,control
5646,control
5647,treatment
5648,treatment
5649,treatment
5650,treatment
5651,control
5652,treatment
5653,control
5654,treatment
5655,control
5656,control
5657,control
5658,treatment
5659,control
5660,control
5661,treatment
5662,treatment
5663,control
5664,control
5665,treatment
5666,control
5667,treatment
5668,treatment
5669,treatment
5670,treatment
5671,treatment
5672,control
5673,control
5674,control
5675,treatment
5676,treatment
5677,control
5678,treatment
5679,treatment
5680,treatment
5681,treatment
5682,control
5683,control
5684,treatment
5685,treatment
5686,control
5687,treatment
5688,control
5689,treatment
5690,treatment
5691,control
5692,treatment
5693,treatment
5694,control
5695,control
5696,treatment
5697,control
5698,treatment
5699,treatment
5700,control
5701,control
5702,treatment
5703,treatment
5704,control
5705,control
5706,treatment
5707,treatment
5708,control
5709,treatment
5710,treatment
5711,control
5712,control
5713,treatment
5714,control
5715,control
5716,treatment
5717,control
5718,treatment
5719,control
5720,treatment
5721,control
5722,treatment
5723,treatment
5724,treatment
5725,control
5726,treatment
5727,control
5728,control
5729,control
5730,treatment
5731,treatment
5732,treatment
5733,control
5734,treatment
5735,treatment
5736,treatment
5737,treatment
5738,treatment
5739,treatment
5740,treatment
5741,treatment
5742,treatment
5743,treatment
5744,treatment
5745,treatment
5746,control
5747,treatment
5748,control
5749,control
5750,treatment
5751,treatment
5752,treatment
5753,treatment
5754,treatment
5755,treatment
5756,treatment
5757,treatment
5758,control
5759,control
5760,treatment
5761,control
5762,treatment
5763,treatment
5764,treatment
5765,control
5766,treatment
5767,treatment
5768,control
5769,treatment
5770,treatment
5771,control
5772,control
5773,control
5774,control
5775,control
5776,control
5777,treatment
5778,treatment
5779,control
5780,control
5781,control
5782,control
5783,control
5784,control
5785,control
5786,control
5787,treatment
5788,control
5789,control
5790,treatment
5791,treatment
5792,control
5793,control
5794,control
5795,treatment
5796,treatment
5797,control
5798,control
5799,treatment
5800,control
5801,control
5802,control
5803,treatment
5804,control
5805,control
5806,treatment
5807,treatment
5808,treatment
5809,control
5810,treatment
5811,control
5812,control
5813,control
5814,treatment
5815,treatment
5816,control
5817,treatment
5818,treatment
5819,control
5820,control
5821,control
5822,treatment
5823,treatment
5824,control
5825,control
5826,control
5827,treatment
5828,control
5829,treatment
5830,control
5831,treatment
5832,control
5833,control
5834,control
5835,treatment
5836,control
5837,control
5838,control
5839,control
5840,treatment
5841,control
5842,treatment
5843,treatment
5844,treatment
5845,control
5846,control
5847,control
5848,treatment
5849,treatment
5850,control
5851,treatment
5852,treatment
5853,treatment
5854,control
5855,control
5856,control
5857,control
5858,control
5859,control
5860,control
5861,treatment
5862,treatment
5863,treatment
5864,control
5865,control
5866,treatment
5867,control
5868,treatment
5869,treatment
5870,treatment
5871,control
5872,treatment
5873,treatment
5874,control
5875,treatment
5876,control
5877,control
5878,treatment
5879,treatment
5880,control
5881,control
5882,control
5883,control
5884,control
5885,treatment
5886,treatment
5887,control
5888,control
5889,control
5890,control
5891,treatment
5892,treatment
5893,treatment
5894,control
5895,control
5896,treatment
5897,control
5898,control
5899,treatment
5900,treatment
5901,control
5902,control
5903,treatment
5904,treatment
5905,treatment
5906,treatment
5907,treatment
5908,treatment
5909,treatment
5910,control
5911,control
5912,control
5913,control
5914,control
5915,treatment
5916,control
5917,treatment
5918,treatment
5919,control
5920,control
5921,treatment
5922,control
5923,control
5924,control
5925,control
5926,treatment
5927,treatment
5928,control
5929,treatment
5930,control
5931,control
5932,treatment
5933,treatment
5934,control
5935,treatment
5936,treatment
5937,treatment
5938,treatment
5939,control
5940,treatment
5941,control
5942,control
5943,treatment
5944,treatment
5945,control
5946,control
5947,treatment
5948,treatment
5949,treatment
5950,treatment
5951,treatment
5952,treatment
5953,treatment
5954,treatment
5955,treatment
5956,treatment
5957,treatment
5958,treatment
5959,treatment
5960,treatment
5961,control
5962,treatment
5963,control
5964,control
5965,treatment
5966,control
5967,treatment
5968,treatment
5969,treatment
5970,control
5971,control
5972,control
5973,control
5974,control
5975,treatment
5976,control
5977,treatment
5978,treatment
5979,treatment
5980,treatment
5981,control
5982,control
5983,treatment
5984,treatment
5985,treatment
5986,treatment
5987,treatment
5988,control
5989,control
5990,control
5991,treatment
5992,control
5993,control
5994,treatment
5995,control
5996,control
5997,treatment
5998,treatment
5999,treatment
6000,control
6001,treatment
6002,treatment
6003,treatment
6004,treatment
6005,control
6006,treatment
6007,treatment
6008,treatment
6009,control
6010,treatment
6011,treatment
6012,control
6013,treatment
6014,control
6015,control
6016,treatment
6017,control
6018,treatment
6019,control
6020,treatment
6021,treatment
6022,control
6023,control
6024,treatment
6025,treatment
6026,treatment
6027,control
6028,treatment
6029,treatment
6030,control
6031,treatment
6032,control
6033,treatment
6034,control
6035,treatment
6036,control
6037,control
6038,control
6039,control
6040,control
6041,control
6042,treatment
6043,control
6044,treatment
6045,control
6046,control
6047,control
6048,treatment
6049,treatment
6050,control
6051,control
6052,treatment
6053,control
6054,treatment
6055,treatment
6056,treatment
6057,control
6058,control
6059,treatment
6060,control
6061,control
6062,treatment
6063,control
6064,treatment
6065,treatment
6066,control
6067,control
6068,control
6069,control
6070,control
6071,control
6072,control
6073,treatment
6074,treatment
6075,treatment
6076,control
6077,treatment
6078,treatment
6079,control
6080,treatment
6081,control
6082,control
6083,control
6084,control
6085,control
6086,control
6087,control
6088,control
6089,control
6090,control
6091,treatment
6092,control
6093,treatment
6094,control
6095,control
6096,control
6097,treatment
6098,treatment
6099,treatment
6100,control
6101,control
6102,treatment
6103,treatment
6104,control
6105,treatment
6106,treatment
6107,control
6108,control
6109,control
6110,treatment
6111,control
6112,control
6113,control
6114,treatment
6115,control
6116,treatment
6117,treatment
6118,treatment
6119,treatment
6120,treatment
6121,control
6122,control
6123,control
6124,treatment
6125,control
6126,control
6127,treatment
6128,control
6129,treatment
6130,treatment
6131,treatment
6132,control
6133,treatment
6134,control
6135,control
6136,treatment
6137,control
6138,treatment
6139,treatment
6140,control
6141,control
6142,control
6143,control
6144,treatment
6145,control
6146,treatment
6147,treatment
6148,treatment
6149,control
6150,treatment
6151,control
6152,treatment
6153,treatment
6154,control
6155,control
6156,treatment
6157,control
6158,treatment
6159,treatment
6160,treatment
6161,control
6162,control
6163,control
6164,control
6165,control
6166,control
6167,treatment
6168,treatment
6169,treatment
6170,control
6171,control
6172,control
6173,treatment
6174,control
6175,treatment
6176,treatment
6177,control
6178,control
6179,control
6180,control
6181,control
6182,control
6183,treatment
6184,control
6185,control
6186,treatment
6187,control
6188,control
6189,control
6190,control
6191,treatment
6192,treatment
6193,control
6194,control
6195,control
6196,control
6197,treatment
6198,control
6199,control
6200,control
6201,treatment
6202,control
6203,treatment
6204,control
6205,control
6206,treatment
6207,treatment
6208,control
6209,treatment
6210,control
6211,treatment
6212,control
6213,treatment
6214,control
6215,treatment
6216,treatment
6217,control
6218,treatment
6219,control
6220,control
6221,treatment
6222,treatment
6223,control
6224,treatment
6225,control
6226,treatment
6227,treatment
6228,control
6229,treatment
6230,control
6231,treatment
6232,treatment
6233,treatment
6234,treatment
6235,control
6236,treatment
6237,treatment
6238,treatment
6239,control
6240,control
6241,control
6242,control
6243,control
6244,control
6245,treatment
6246,control
6247,treatment
6248,treatment
6249,control
6250,control
6251,control
6252,treatment
6253,treatment
6254,control
6255,treatment
6256,control
6257,treatment
6258,control
6259,treatment
6260,control
6261,control
6262,treatment
6263,control
6264,control
6265,treatment
6266,control
6267,control
6268,control
6269,treatment
6270,control
6271,treatment
6272,control
6273,control
6274,control
6275,control
6276,control
6277,control
6278,control
6279,control
6280,treatment
6281,treatment
6282,control
6283,treatment
6284,treatment
6285,treatment
6286,treatment
6287,control
6288,control
6289,control
6290,treatment
6291,control
6292,control
6293,treatment
6294,treatment
6295,treatment
6296,control
6297,treatment
6298,treatment
6299,treatment
6300,control
6301,treatment
6302,control
6303,control
6304,control
6305,treatment
6306,treatment
6307,treatment
6308,control
6309,control
6310,treatment
6311,control
6312,control
6313,control
6314,treatment
6315,treatment
6316,control
6317,control
6318,control
6319,treatment
6320,treatment
6321,treatment
6322,treatment
6323,treatment
6324,control
6325,treatment
6326,treatment
6327,treatment
6328,treatment
6329,control
6330,control
6331,control
6332,control
6333,treatment
6334,control
6335,treatment
6336,control
6337,treatment
6338,treatment
6339,treatment
6340,control
6341,control
6342,treatment
6343,treatment
6344,treatment
6345,treatment
6346,treatment
6347,treatment
6348,treatment
6349,treatment
6350,treatment
6351,control
6352,treatment
6353,treatment
6354,treatment
6355,treatment
6356,control
6357,treatment
6358,treatment
6359,treatment
6360,control
6361,treatment
6362,control
6363,treatment
6364,treatment
6365,control
6366,control
6367,control
6368,control
6369,control
6370,treatment
6371,treatment
6372,treatment
6373,control
6374,treatment
6375,treatment
6376,treatment
6377,treatment
6378,treatment
6379,control
6380,treatment
6381,treatment
6382,control
6383,treatment
6384,treatment
6385,treatment
6386,treatment
6387,treatment
6388,treatment
6389,control
6390,treatment
6391,treatment
6392,treatment
6393,treatment
6394,treatment
6395,control
6396,treatment
6397,control
6398,treatment
6399,treatment
6400,control
6401,treatment
6402,treatment
6403,treatment
6404,control
6405,treatment
6406,control
6407,control
6408,treatment
6409,control
6410,treatment
6411,treatment
6412,control
6413,control
6414,control
6415,control
6416,treatment
6417,treatment
6418,treatment
6419,treatment
6420,control
6421,treatment
6422,treatment
6423,treatment
6424,treatment
6425,control
6426,control
6427,control
6428,treatment
6429,control
6430,treatment
6431,control
6432,control
6433,treatment
6434,control
6435,treatment
6436,treatment
6437,treatment
6438,treatment
6439,treatment
6440,treatment
6441,treatment
6442,control
6443,treatment
6444,control
6445,control
6446,control
6447,treatment
6448,control
6449,control
6450,treatment
6451,treatment
6452,control
6453,treatment
6454,control
6455,treatment
6456,control
6457,control
6458,treatment
6459,control
6460,control
6461,control
6462,control
6463,treatment
6464,treatment
6465,treatment
6466,treatment
6467,treatment
6468,treatment
6469,control
6470,treatment
6471,control
6472,control
6473,treatment
6474,control
6475,control
6476,treatment
6477,control
6478,treatment
6479,treatment
6480,control
6481,control
6482,treatment
6483,treatment
6484,control
6485,control
6486,treatment
6487,treatment
6488,control
6489,control
6490,treatment
6491,treatment
6492,control
6493,treatment
6494,control
6495,control
6496,control
6497,treatment
6498,treatment
6499,control
6500,control
6501,treatment
6502,treatment
6503,control
6504,treatment
6505,treatment
6506,control
6507,control
6508,treatment
6509,treatment
6510,control
6511,treatment
6512,control
6513,control
6514,treatment
6515,treatment
6516,treatment
6517,control
6518,control
6519,treatment
6520,control
6521,treatment
6522,control
6523,treatment
6524,treatment
6525,treatment
6526,treatment
6527,treatment
6528,control
6529,control
6530,control
6531,control
6532,control
6533,treatment
6534,control
6535,treatment
6536,control
6537,control
6538,treatment
6539,treatment
6540,control
6541,treatment
6542,treatment
6543,treatment
6544,control
6545,control
6546,control
6547,treatment
6548,treatment
6549,control
6550,treatment
6551,treatment
6552,control
6553,treatment
6554,control
6555,treatment
6556,control
6557,control
6558,control
6559,control
6560,treatment
6561,treatment
6562,treatment
6563,treatment
6564,control
6565,control
6566,treatment
6567,treatment
6568,treatment
6569,treatment
6570,treatment
6571,control
6572,treatment
6573,control
6574,treatment
6575,control
6576,control
6577,control
6578,treatment
6579,control
6580,control
6581,treatment
6582,control
6583,control
6584,control
6585,control
6586,treatment
6587,control
6588,treatment
6589,control
6590,control
6591,treatment
6592,treatment
6593,control
6594,treatment
6595,treatment
6596,control
6597,treatment
6598,control
6599,treatment
6600,treatment
6601,control
6602,control
6603,treatment
6604,control
6605,control
6606,control
6607,control
6608,treatment
6609,control
6610,treatment
6611,treatment
6612,treatment
6613,treatment
6614,control
6615,control
6616,control
6617,control
6618,treatment
6619,treatment
6620,control
6621,control
6622,control
6623,treatment
6624,control
6625,treatment
6626,control
6627,treatment
6628,treatment
6629,treatment
6630,treatment
6631,control
6632,treatment
6633,control
6634,treatment
6635,treatment
6636,treatment
6637,treatment
6638,treatment
6639,treatment
6640,control
6641,treatment
6642,treatment
6643,control
6644,treatment
6645,treatment
6646,control
6647,treatment
6648,control
6649,treatment
6650,treatment
6651,control
6652,control
6653,treatment
6654,control
6655,treatment
6656,control
6657,treatment
6658,control
6659,control
6660,control
6661,control
6662,control
6663,control
6664,control
6665,control
6666,control
6667,treatment
6668,treatment
6669,treatment
6670,control
6671,control
6672,control
6673,control
6674,treatment
6675,control
6676,control
6677,control
6678,treatment
6679,treatment
6680,control
6681,treatment
6682,control
6683,control
6684,treatment
6685,control
6686,control
6687,control
6688,treatment
6689,control
6690,treatment
6691,treatment
6692,treatment
6693,control
6694,control
6695,control
6696,control
6697,treatment
6698,treatment
6699,control
6700,treatment
6701,treatment
6702,control
6703,treatment
6704,treatment
6705,control
6706,treatment
6707,control
6708,control
6709,treatment
6710,treatment
6711,control
6712,treatment
6713,treatment
6714,control
6715,control
6716,treatment
6717,treatment
6718,treatment
6719,control
6720,treatment
6721,treatment
6722,treatment
6723,control
6724,control
6725,treatment
6726,control
6727,control
6728,treatment
6729,control
6730,treatment
6731,treatment
6732,treatment
6733,treatment
6734,control
6735,treatment
6736,treatment
6737,treatment
6738,control
6739,treatment
6740,control
6741,control
6742,control
6743,treatment
6744,control
6745,treatment
6746,control
6747,control
6748,control
6749,treatment
6750,treatment
6751,treatment
6752,control
6753,treatment
6754,control
6755,treatment
6756,control
6757,treatment
6758,treatment
6759,treatment
6760,control
6761,treatment
6762,treatment
6763,treatment
6764,treatment
6765,treatment
6766,treatment
6767,treatment
6768,control
6769,treatment
6770,treatment
6771,treatment
6772,treatment
6773,control
6774,control
6775,control
6776,treatment
6777,control
6778,treatment
6779,treatment
6780,treatment
6781,treatment
6782,treatment
6783,treatment
6784,treatment
6785,treatment
6786,treatment
6787,treatment
6788,control
6789,control
6790,control
6791,control
6792,control
6793,control
6794,control
6795,control
6796,treatment
6797,treatment
6798,control
6799,control
6800,control
6801,control
6802,control
6803,control
6804,treatment
6805,treatment
6806,control
6807,control
6808,treatment
6809,treatment
6810,control
6811,control
6812,control
6813,control
6814,control
6815,treatment
6816,treatment
6817,control
6818,treatment
6819,treatment
6820,treatment
6821,treatment
6822,treatment
6823,control
6824,control
6825,control
6826,control
6827,control
6828,control
6829,treatment
6830,treatment
6831,treatment
6832,control
6833,control
6834,control
6835,control
6836,control
6837,treatment
6838,control
6839,control
6840,control
6841,treatment
6842,treatment
6843,treatment
6844,control
6845,treatment
6846,treatment
6847,control
6848,treatment
6849,treatment
6850,control
6851,control
6852,control
6853,treatment
6854,treatment
6855,treatment
6856,control
6857,control
6858,control
6859,treatment
6860,treatment
6861,control
6862,control
6863,treatment
6864,control
6865,treatment
6866,control
6867,treatment
6868,control
6869,control
6870,treatment
6871,control
6872,control
6873,treatment
6874,control
6875,treatment
6876,treatment
6877,treatment
6878,treatment
6879,treatment
6880,treatment
6881,control
6882,treatment
6883,treatment
6884,control
6885,control
6886,treatment
6887,treatment
6888,treatment
6889,treatment
6890,control
6891,control
6892,treatment
6893,control
6894,treatment
6895,control
6896,control
6897,control
6898,control
6899,treatment
6900,control
6901,control
6902,control
6903,treatment
6904,control
6905,treatment
6906,control
6907,control
6908,treatment
6909,control
6910,control
6911,treatment
6912,treatment
6913,control
6914,control
6915,treatment
6916,treatment
6917,treatment
6918,treatment
6919,treatment
6920,treatment
6921,treatment
6922,control
6923,control
6924,control
6925,control
6926,treatment
6927,control
6928,treatment
6929,treatment
6930,control
6931,treatment
6932,treatment
6933,control
6934,control
6935,control
6936,control
6937,treatment
6938,treatment
6939,control
6940,control
6941,control
6942,treatment
6943,treatment
6944,control
6945,treatment
6946,treatment
6947,control
6948,control
6949,control
6950,control
6951,control
6952,control
6953,treatment
6954,control
6955,control
6956,control
6957,control
6958,treatment
6959,control
6960,treatment
6961,control
6962,control
6963,treatment
6964,treatment
6965,treatment
6966,treatment
6967,treatment
6968,treatment
6969,control
6970,treatment
6971,control
6972,control
6973,control
6974,treatment
6975,treatment
6976,treatment
6977,control
6978,control
6979,control
6980,control
6981,treatment
6982,control
6983,control
6984,control
6985,treatment
6986,control
6987,control
6988,control
6989,treatment
6990,treatment
6991,treatment
6992,treatment
6993,control
6994,control
6995,treatment
6996,treatment
6997,control
6998,control
6999,control
7000,treatment
7001,treatment
7002,treatment
7003,treatment
7004,control
7005,treatment
7006,control
7007,treatment
7008,control
7009,control
7010,treatment
7011,control
7012,treatment
7013,treatment
7014,control
7015,control
7016,treatment
7017,control
7018,control
7019,treatment
7020,control
7021,control
7022,control
7023,control
7024,control
7025,control
7026,control
7027,control
7028,treatment
7029,treatment
7030,control
7031,control
7032,treatment
7033,control
7034,treatment
7035,treatment
7036,control
7037,treatment
7038,treatment
7039,treatment
7040,control
7041,control
7042,control
7043,control
7044,control
7045,control
7046,treatment
7047,control
7048,treatment
7049,treatment
7050,control
7051,control
7052,treatment
7053,treatment
7054,control
7055,control
7056,control
7057,treatment
7058,control
7059,treatment
7060,control
7061,treatment
7062,treatment
7063,treatment
7064,control
7065,treatment
7066,treatment
7067,treatment
7068,treatment
7069,control
7070,treatment
7071,control
7072,control
7073,control
7074,treatment
7075,treatment
7076,treatment
7077,treatment
7078,treatment
7079,treatment
7080,control
7081,treatment
7082,control
7083,control
7084,treatment
7085,control
7086,control
7087,treatment
7088,control
7089,control
7090,control
7091,treatment
7092,control
7093,treatment
7094,treatment
7095,treatment
7096,treatment
7097,treatment
7098,control
7099,treatment
7100,control
7101,control
7102,treatment
7103,control
7104,control
7105,treatment
7106,control
7107,control
7108,treatment
7109,control
7110,treatment
7111,control
7112,treatment
7113,control
7114,control
7115,control
7116,treatment
7117,control
7118,treatment
7119,control
7120,treatment
7121,control
7122,control
7123,treatment
7124,treatment
7125,treatment
7126,control
7127,treatment
7128,control
7129,treatment
7130,control
7131,control
7132,treatment
7133,control
7134,treatment
7135,treatment
7136,treatment
7137,control
7138,treatment
7139,control
7140,treatment
7141,control
7142,control
7143,control
7144,treatment
7145,treatment
7146,treatment
7147,control
7148,control
7149,control
7150,control
7151,treatment
7152,control
7153,control
7154,treatment
7155,treatment
7156,treatment
7157,control
7158,control
7159,control
7160,treatment
7161,control
7162,control
7163,control
7164,treatment
7165,control
7166,control
7167,treatment
7168,control
7169,control
7170,control
7171,treatment
7172,treatment
7173,treatment
7174,treatment
7175,treatment
7176,control
7177,treatment
7178,treatment
7179,control
7180,control
7181,treatment
7182,treatment
7183,control
7184,treatment
7185,treatment
7186,treatment
7187,treatment
7188,treatment
7189,treatment
7190,treatment
7191,treatment
7192,control
7193,treatment
7194,treatment
7195,treatment
7196,control
7197,treatment
7198,control
7199,control
7200,treatment
7201,treatment
7202,control
7203,treatment
7204,control
7205,control
7206,control
7207,treatment
7208,control
7209,control
7210,treatment
7211,control
7212,treatment
7213,treatment
7214,control
7215,treatment
7216,control
7217,control
7218,control
7219,treatment
7220,treatment
7221,treatment
7222,control
7223,control
7224,treatment
7225,control
7226,treatment
7227,treatment
7228,control
7229,treatment
7230,treatment
7231,treatment
7232,control
7233,treatment
7234,treatment
7235,treatment
7236,treatment
7237,treatment
7238,treatment
7239,control
7240,treatment
7241,treatment
7242,treatment
7243,control
7244,treatment
7245,treatment
7246,treatment
7247,treatment
7248,control
7249,control
7250,treatment
7251,treatment
7252,control
7253,control
7254,control
7255,treatment
7256,control
7257,control
7258,control
7259,treatment
7260,control
7261,treatment
7262,control
7263,treatment
7264,treatment
7265,control
7266,control
7267,treatment
7268,control
7269,control
7270,treatment
7271,treatment
7272,control
7273,treatment
7274,treatment
7275,control
7276,treatment
7277,treatment
7278,treatment
7279,treatment
7280,control
7281,control
7282,control
7283,treatment
7284,control
7285,control
7286,treatment
7287,control
7288,control
7289,control
7290,treatment
7291,treatment
7292,treatment
7293,control
7294,control
7295,control
7296,treatment
7297,treatment
7298,control
7299,control
7300,treatment
7301,treatment
7302,treatment
7303,control
7304,treatment
7305,control
7306,control
7307,control
7308,control
7309,control
7310,control
7311,treatment
7312,control
7313,control
7314,control
7315,treatment
7316,control
7317,control
7318,treatment
7319,treatment
7320,control
7321,control
7322,control
7323,treatment
7324,treatment
7325,control
7326,treatment
7327,control
7328,control
7329,control
7330,control
7331,control
7332,treatment
7333,control
7334,treatment
7335,control
7336,control
7337,treatment
7338,treatment
7339,control
7340,treatment
7341,treatment
7342,control
7343,treatment
7344,control
7345,control
7346,treatment
7347,treatment
7348,control
7349,treatment
7350,treatment
7351,treatment
7352,treatment
7353,treatment
7354,control
7355,treatment
7356,treatment
7357,treatment
7358,treatment
7359,control
7360,treatment
7361,treatment
7362,treatment
7363,treatment
7364,treatment
7365,control
7366,treatment
7367,treatment
7368,treatment
7369,treatment
7370,treatment
7371,control
7372,control
7373,treatment
7374,treatment
7375,control
7376,control
7377,treatment
7378,treatment
7379,control
7380,control
7381,treatment
7382,treatment
7383,treatment
7384,treatment
7385,control
7386,treatment
7387,control
7388,control
7389,treatment
7390,control
7391,control
7392,treatment
7393,control
7394,control
7395,treatment
7396,control
7397,treatment
7398,control
7399,treatment
7400,treatment
7401,treatment
7402,control
7403,treatment
7404,control
7405,treatment
7406,treatment
7407,treatment
7408,treatment
7409,control
7410,treatment
7411,treatment
7412,treatment
7413,control
7414,treatment
7415,control
7416,treatment
7417,control
7418,treatment
7419,treatment
7420,treatment
7421,treatment
7422,treatment
7423,treatment
7424,treatment
7425,treatment
7426,control
7427,control
7428,treatment
7429,treatment
7430,treatment
7431,control
7432,treatment
7433,treatment
7434,treatment
7435,control
7436,control
7437,treatment
7438,treatment
7439,treatment
7440,control
7441,control
7442,control
7443,treatment
7444,control
7445,treatment
7446,control
7447,control
7448,treatment
7449,control
7450,control
7451,treatment
7452,control
7453,treatment
7454,control
7455,control
7456,treatment
7457,control
7458,control
7459,treatment
7460,control
7461,control
7462,control
7463,treatment
7464,treatment
7465,treatment
7466,control
7467,control
7468,control
7469,treatment
7470,treatment
7471,control
7472,treatment
7473,control
7474,control
7475,treatment
7476,treatment
7477,control
7478,treatment
7479,control
7480,treatment
7481,treatment
7482,control
7483,control
7484,treatment
7485,control
7486,treatment
7487,control
7488,treatment
7489,control
7490,treatment
7491,control
7492,treatment
7493,control
7494,control
7495,control
7496,treatment
7497,control
7498,treatment
7499,control
7500,control
7501,control
7502,treatment
7503,treatment
7504,treatment
7505,control
7506,control
7507,control
7508,treatment
7509,control
7510,treatment
7511,control
7512,treatment
7513,control
7514,treatment
7515,treatment
7516,control
7517,treatment
7518,treatment
7519,treatment
7520,control
7521,treatment
7522,control
7523,control
7524,control
7525,control
7526,control
7527,treatment
7528,control
7529,treatment
7530,control
7531,control
7532,control
7533,treatment
7534,treatment
7535,treatment
7536,treatment
7537,control
7538,control
7539,control
7540,treatment
7541,control
7542,treatment
7543,treatment
7544,treatment
7545,treatment
7546,treatment
7547,treatment
7548,treatment
7549,treatment
7550,treatment
7551,control
7552,treatment
7553,control
7554,treatment
7555,treatment
7556,treatment
7557,control
7558,control
7559,control
7560,treatment
7561,treatment
7562,control
7563,treatment
7564,control
7565,treatment
7566,control
7567,control
7568,control
7569,control
7570,treatment
7571,treatment
7572,treatment
7573,treatment
7574,control
7575,control
7576,control
7577,control
7578,treatment
7579,treatment
7580,treatment
7581,control
7582,control
7583,treatment
7584,control
7585,control
7586,treatment
7587,treatment
7588,treatment
7589,treatment
7590,treatment
7591,control
7592,treatment
7593,treatment
7594,treatment
7595,control
7596,control
7597,control
7598,treatment
7599,treatment
7600,control
7601,control
7602,control
7603,treatment
7604,control
7605,control
7606,treatment
7607,control
7608,control
7609,treatment
7610,treatment
7611,treatment
7612,control
7613,treatment
7614,treatment
7615,control
7616,control
7617,treatment
7618,treatment
7619,treatment
7620,control
7621,treatment
7622,treatment
7623,treatment
7624,treatment
7625,control
7626,treatment
7627,treatment
7628,control
7629,control
7630,treatment
7631,control
7632,control
7633,treatment
7634,control
7635,treatment
7636,control
7637,control
7638,control
7639,control
7640,control
7641,treatment
7642,control
7643,treatment
7644,treatment
7645,treatment
7646,treatment
7647,treatment
7648,control
7649,control
7650,treatment
7651,treatment
7652,control
7653,control
7654,treatment
7655,control
7656,treatment
7657,control
7658,control
7659,control
7660,treatment
7661,treatment
7662,treatment
7663,treatment
7664,control
7665,control
7666,treatment
7667,control
7668,control
7669,control
7670,control
7671,control
7672,treatment
7673,treatment
7674,treatment
7675,treatment
7676,treatment
7677,control
7678,treatment
7679,treatment
7680,control
7681,control
7682,control
7683,control
7684,treatment
7685,treatment
7686,treatment
7687,treatment
7688,treatment
7689,control
7690,treatment
7691,treatment
7692,control
7693,treatment
7694,treatment
7695,treatment
7696,control
7697,treatment
7698,control
7699,treatment
7700,control
7701,treatment
7702,control
7703,control
7704,treatment
7705,treatment
7706,treatment
7707,treatment
7708,treatment
7709,treatment
7710,control
7711,control
7712,control
7713,control
7714,control
7715,treatment
7716,treatment
7717,control
7718,control
7719,control
7720,treatment
7721,treatment
7722,control
7723,treatment
7724,control
7725,control
7726,treatment
7727,treatment
7728,control
7729,control
7730,control
7731,treatment
7732,treatment
7733,treatment
7734,treatment
7735,control
7736,treatment
7737,treatment
7738,treatment
7739,control
7740,treatment
7741,control
7742,control
7743,treatment
7744,treatment
7745,treatment
7746,control
7747,treatment
7748,control
7749,control
7750,control
7751,treatment
7752,control
7753,treatment
7754,treatment
7755,control
7756,treatment
7757,treatment
7758,treatment
7759,control
7760,control
7761,control
7762,control
7763,treatment
7764,treatment
7765,treatment
7766,control
7767,control
7768,treatment
7769,treatment
7770,treatment
7771,control
7772,treatment
7773,treatment
7774,control
7775,treatment
7776,treatment
7777,control
7778,treatment
7779,treatment
7780,treatment
7781,treatment
7782,control
7783,control
7784,treatment
7785,control
7786,treatment
7787,treatment
7788,control
7789,control
7790,control
7791,treatment
7792,control
7793,control
7794,treatment
7795,control
7796,treatment
7797,control
7798,treatment
7799,control
7800,control
7801,treatment
7802,control
7803,control
7804,treatment
7805,control
7806,control
7807,control
7808,control
7809,treatment
7810,control
7811,control
7812,control
7813,control
7814,control
7815,control
7816,control
7817,control
7818,treatment
7819,treatment
7820,treatment
7821,control
7822,control
7823,control
7824,control
7825,treatment
7826,treatment
7827,treatment
7828,treatment
7829,control
7830,control
7831,control
7832,treatment
7833,treatment
7834,treatment
7835,treatment
7836,treatment
7837,control
7838,control
7839,control
7840,control
7841,control
7842,treatment
7843,treatment
7844,treatment
7845,treatment
7846,control
7847,treatment
7848,treatment
7849,control
7850,control
7851,treatment
7852,treatment
7853,control
7854,treatment
7855,control
7856,treatment
7857,treatment
7858,control
7859,control
7860,control
7861,control
7862,treatment
7863,control
7864,treatment
7865,treatment
7866,control
7867,control
7868,treatment
7869,treatment
7870,control
7871,treatment
7872,control
7873,treatment
7874,treatment
7875,treatment
7876,control
7877,control
7878,control
7879,control
7880,treatment
7881,control
7882,treatment
7883,treatment
7884,control
7885,treatment
7886,treatment
7887,control
7888,control
7889,control
7890,treatment
7891,control
7892,treatment
7893,treatment
7894,control
7895,treatment
7896,treatment
7897,control
7898,control
7899,control
7900,control
7901,treatment
7902,treatment
7903,treatment
7904,control
7905,control
7906,treatment
7907,treatment
7908,treatment
7909,control
7910,control
7911,control
7912,control
7913,treatment
7914,control
7915,treatment
7916,treatment
7917,control
7918,control
7919,treatment
7920,control
7921,control
7922,control
7923,treatment
7924,treatment
7925,control
7926,treatment
7927,treatment
7928,treatment
7929,control
7930,control
7931,treatment
7932,treatment
7933,treatment
7934,treatment
7935,treatment
7936,control
7937,treatment
7938,treatment
7939,control
7940,control
7941,treatment
7942,treatment
7943,control
7944,treatment
7945,treatment
7946,control
7947,treatment
7948,treatment
7949,treatment
7950,control
7951,treatment
7952,control
7953,control
7954,control
7955,control
7956,control
7957,control
7958,control
7959,treatment
7960,treatment
7961,treatment
7962,control
7963,control
7964,control
7965,control
7966,treatment
7967,control
7968,treatment
7969,treatment
7970,treatment
7971,treatment
7972,treatment
7973,treatment
7974,control
7975,control
7976,treatment
7977,control
7978,control
7979,treatment
7980,control
7981,treatment
7982,treatment
7983,treatment
7984,treatment
7985,control
7986,treatment
7987,control
7988,treatment
7989,treatment
7990,control
7991,treatment
7992,treatment
7993,treatment
7994,control
7995,treatment
7996,treatment
7997,control
7998,treatment
7999,control
8000,treatment
8001,control
8002,control
8003,control
8004,control
8005,treatment
8006,treatment
8007,treatment
8008,control
8009,control
8010,treatment
8011,control
8012,control
8013,treatment
8014,treatment
8015,treatment
8016,treatment
8017,control
8018,control
8019,treatment
8020,treatment
8021,control
8022,treatment
8023,control
8024,treatment
8025,treatment
8026,control
8027,treatment
8028,control
8029,control
8030,control
8031,treatment
8032,treatment
8033,control
8034,treatment
8035,control
8036,treatment
8037,control
8038,control
8039,treatment
8040,control
8041,treatment
8042,control
8043,control
8044,treatment
8045,control
8046,treatment
8047,control
8048,treatment
8049,control
8050,control
8051,control
8052,control
8053,treatment
8054,treatment
8055,control
8056,control
8057,control
8058,control
8059,control
8060,control
8061,treatment
8062,treatment
8063,treatment
8064,treatment
8065,control
8066,control
8067,control
8068,treatment
8069,treatment
8070,treatment
8071,treatment
8072,treatment
8073,treatment
8074,treatment
8075,treatment
8076,treatment
8077,control
8078,treatment
8079,control
8080,treatment
8081,control
8082,treatment
8083,control
8084,control
8085,control
8086,control
8087,treatment
8088,treatment
8089,control
8090,control
8091,treatment
8092,treatment
8093,treatment
8094,control
8095,treatment
8096,control
8097,treatment
8098,control
8099,treatment
8100,treatment
8101,treatment
8102,control
8103,treatment
8104,treatment
8105,treatment
8106,treatment
8107,treatment
8108,control
8109,control
8110,control
8111,treatment
8112,control
8113,control
8114,treatment
8115,treatment
8116,treatment
8117,control
8118,treatment
8119,treatment
8120,control
8121,treatment
8122,control
8123,control
8124,control
8125,treatment
8126,treatment
8127,treatment
8128,treatment
8129,treatment
8130,control
8131,control
8132,control
8133,control
8134,treatment
8135,treatment
8136,treatment
8137,treatment
8138,treatment
8139,control
8140,treatment
8141,treatment
8142,treatment
8143,control
8144,treatment
8145,control
8146,treatment
8147,control
8148,control
8149,control
8150,control
8151,control
8152,treatment
8153,control
8154,treatment
8155,treatment
8156,control
8157,control
8158,control
8159,control
8160,control
8161,control
8162,control
8163,control
8164,treatment
8165,control
8166,treatment
8167,treatment
8168,treatment
8169,treatment
8170,treatment
8171,control
8172,control
8173,treatment
8174,treatment
8175,treatment
8176,treatment
8177,treatment
8178,treatment
8179,treatment
8180,treatment
8181,treatment
8182,treatment
8183,treatment
8184,treatment
8185,control
8186,control
8187,control
8188,treatment
8189,control
8190,control
8191,control
8192,control
8193,treatment
8194,control
8195,treatment
8196,control
8197,control
8198,control
8199,control
8200,treatment
8201,control
8202,control
8203,control
8204,treatment
8205,treatment
8206,control
8207,control
8208,control
8209,treatment
8210,control
8211,treatment
8212,treatment
8213,control
8214,control
8215,treatment
8216,treatment
8217,treatment
8218,control
8219,treatment
8220,control
8221,control
8222,treatment
8223,treatment
8224,treatment
8225,treatment
8226,control
8227,control
8228,treatment
8229,control
8230,control
8231,control
8232,treatment
8233,control
8234,treatment
8235,control
8236,treatment
8237,treatment
8238,treatment
8239,control
8240,control
8241,control
8242,treatment
8243,treatment
8244,control
8245,treatment
8246,treatment
8247,control
8248,treatment
8249,control
8250,control
8251,control
8252,treatment
8253,control
8254,control
8255,treatment
8256,treatment
8257,treatment
8258,treatment
8259,control
8260,treatment
8261,treatment
8262,treatment
8263,treatment
8264,treatment
8265,treatment
8266,control
8267,control
8268,control
8269,treatment
8270,treatment
8271,control
8272,control
8273,treatment
8274,control
8275,control
8276,control
8277,treatment
8278,control
8279,control
8280,treatment
8281,control
8282,control
8283,treatment
8284,treatment
8285,control
8286,control
8287,control
8288,control
8289,control
8290,control
8291,control
8292,treatment
8293,control
8294,treatment
8295,control
8296,treatment
8297,control
8298,control
8299,treatment
8300,treatment
8301,treatment
8302,treatment
8303,treatment
8304,control
8305,control
8306,treatment
8307,control
8308,control
8309,control
8310,treatment
8311,treatment
8312,treatment
8313,control
8314,control
8315,control
8316,treatment
8317,control
8318,treatment
8319,treatment
8320,treatment
8321,treatment
8322,control
8323,control
8324,treatment
8325,control
8326,control
8327,control
8328,control
8329,control
8330,treatment
8331,treatment
8332,control
8333,control
8334,treatment
8335,treatment
8336,treatment
8337,control
8338,treatment
8339,control
8340,control
8341,control
8342,control
8343,treatment
8344,treatment
8345,control
8346,treatment
8347,control
8348,treatment
8349,treatment
8350,control
8351,treatment
8352,control
8353,control
8354,control
8355,control
8356,treatment
8357,control
8358,treatment
8359,control
8360,treatment
8361,treatment
8362,control
8363,treatment
8364,control
8365,control
8366,treatment
8367,control
8368,control
8369,treatment
8370,control
8371,control
8372,control
8373,control
8374,treatment
8375,control
8376,control
8377,control
8378,treatment
8379,control
8380,control
8381,control
8382,control
8383,control
8384,treatment
8385,treatment
8386,treatment
8387,control
8388,control
8389,treatment
8390,treatment
8391,control
8392,control
8393,control
8394,treatment
8395,control
8396,treatment
8397,control
8398,control
8399,control
8400,treatment
8401,treatment
8402,control
8403,control
8404,treatment
8405,control
8406,control
8407,treatment
8408,treatment
8409,control
8410,control
8411,treatment
8412,control
8413,control
8414,control
8415,treatment
8416,control
8417,control
8418,control
8419,treatment
8420,treatment
8421,treatment
8422,treatment
8423,treatment
8424,control
8425,treatment
8426,treatment
8427,treatment
8428,treatment
8429,control
8430,control
8431,treatment
8432,control
8433,control
8434,treatment
8435,treatment
8436,treatment
8437,treatment
8438,control
8439,control
8440,treatment
8441,treatment
8442,control
8443,treatment
8444,control
8445,control
8446,treatment
8447,treatment
8448,control
8449,treatment
8450,treatment
8451,treatment
8452,control
8453,control
8454,treatment
8455,treatment
8456,treatment
8457,control
8458,treatment
8459,control
8460,control
8461,control
8462,treatment
8463,control
8464,control
8465,control
8466,control
8467,treatment
8468,treatment
8469,control
8470,control
8471,treatment
8472,control
8473,treatment
8474,control
8475,treatment
8476,control
8477,control
8478,treatment
8479,treatment
8480,control
8481,control
8482,treatment
8483,control
8484,treatment
8485,control
8486,treatment
8487,treatment
8488,control
8489,treatment
8490,control
8491,treatment
8492,control
8493,control
8494,treatment
8495,treatment
8496,control
8497,control
8498,control
8499,control
8500,control
8501,treatment
8502,treatment
8503,treatment
8504,control
8505,treatment
8506,control
8507,treatment
8508,control
8509,treatment
8510,control
8511,control
8512,treatment
8513,treatment
8514,control
8515,control
8516,control
8517,treatment
8518,treatment
8519,control
8520,control
8521,control
8522,control
8523,control
8524,control
8525,control
8526,control
8527,treatment
8528,treatment
8529,treatment
8530,treatment
8531,treatment
8532,control
8533,control
8534,control
8535,control
8536,treatment
8537,control
8538,treatment
8539,treatment
8540,treatment
8541,treatment
8542,control
8543,treatment
8544,treatment
8545,treatment
8546,control
8547,control
8548,control
8549,control
8550,control
8551,control
8552,treatment
8553,control
8554,treatment
8555,treatment
8556,treatment
8557,control
8558,treatment
8559,treatment
8560,treatment
8561,control
8562,treatment
8563,treatment
8564,control
8565,treatment
8566,control
8567,control
8568,treatment
8569,control
8570,treatment
8571,control
8572,control
8573,treatment
8574,control
8575,control
8576,control
8577,control
8578,control
8579,treatment
8580,treatment
8581,control
8582,treatment
8583,treatment
8584,treatment
8585,treatment
8586,treatment
8587,control
8588,control
8589,treatment
8590,control
8591,treatment
8592,control
8593,control
8594,control
8595,treatment
8596,treatment
8597,treatment
8598,control
8599,treatment
8600,treatment
8601,treatment
8602,control
8603,control
8604,control
8605,treatment
8606,control
8607,control
8608,treatment
8609,control
8610,treatment
8611,control
8612,treatment
8613,treatment
8614,control
8615,control
8616,treatment
8617,treatment
8618,treatment
8619,control
8620,treatment
8621,control
8622,treatment
8623,treatment
8624,control
8625,control
8626,control
8627,treatment
8628,treatment
8629,control
8630,treatment
8631,treatment
8632,treatment
8633,treatment
8634,control
8635,control
8636,treatment
8637,control
8638,control
8639,treatment
8640,control
8641,control
8642,control
8643,treatment
8644,treatment
8645,control
8646,control
8647,control
8648,control
8649,control
8650,control
8651,control
8652,treatment
8653,treatment
8654,treatment
8655,control
8656,treatment
8657,treatment
8658,control
8659,control
8660,control
8661,control
8662,treatment
8663,control
8664,control
8665,treatment
8666,control
8667,control
8668,treatment
8669,control
8670,control
8671,control
8672,control
8673,treatment
8674,control
8675,treatment
8676,control
8677,treatment
8678,treatment
8679,control
8680,control
8681,treatment
8682,control
8683,control
8684,control
8685,control
8686,control
8687,treatment
8688,control
8689,control
8690,control
8691,treatment
8692,treatment
8693,treatment
8694,treatment
8695,control
8696,control
8697,treatment
8698,control
8699,treatment
8700,treatment
8701,treatment
8702,control
8703,control
8704,control
8705,control
8706,treatment
8707,control
8708,treatment
8709,treatment
8710,control
8711,treatment
8712,treatment
8713,treatment
8714,treatment
8715,control
8716,control
8717,control
8718,treatment
8719,treatment
8720,treatment
8721,control
8722,control
8723,treatment
8724,control
8725,treatment
8726,control
8727,treatment
8728,treatment
8729,treatment
8730,treatment
8731,control
8732,treatment
8733,control
8734,control
8735,treatment
8736,treatment
8737,treatment
8738,treatment
8739,control
8740,control
8741,control
8742,control
8743,control
8744,treatment
8745,treatment
8746,treatment
8747,control
8748,treatment
8749,treatment
8750,treatment
8751,control
8752,control
8753,treatment
8754,treatment
8755,treatment
8756,treatment
8757,control
8758,control
8759,control
8760,treatment
8761,control
8762,treatment
8763,control
8764,control
8765,treatment
8766,control
8767,control
8768,treatment
8769,treatment
8770,control
8771,control
8772,control
8773,treatment
8774,control
8775,treatment
8776,treatment
8777,control
8778,treatment
8779,control
8780,control
8781,treatment
8782,control
8783,treatment
8784,treatment
8785,treatment
8786,treatment
8787,treatment
8788,control
8789,treatment
8790,control
8791,control
8792,treatment
8793,control
8794,control
8795,control
8796,control
8797,control
8798,control
8799,control
8800,treatment
8801,control
8802,control
8803,control
8804,control
8805,control
8806,treatment
8807,treatment
8808,treatment
8809,treatment
8810,treatment
8811,control
8812,treatment
8813,treatment
8814,control
8815,treatment
8816,treatment
8817,treatment
8818,control
8819,control
8820,treatment
8821,control
8822,control
8823,control
8824,treatment
8825,treatment
8826,treatment
8827,control
8828,treatment
8829,treatment
8830,treatment
8831,treatment
8832,treatment
8833,treatment
8834,treatment
8835,control
8836,treatment
8837,control
8838,control
8839,control
8840,control
8841,control
8842,control
8843,treatment
8844,treatment
8845,control
8846,control
8847,control
8848,treatment
8849,control
8850,control
8851,control
8852,treatment
8853,control
8854,control
8855,control
8856,treatment
8857,control
8858,treatment
8859,treatment
8860,control
8861,treatment
8862,control
8863,treatment
8864,treatment
8865,treatment
8866,control
8867,control
8868,control
8869,treatment
8870,control
8871,treatment
8872,treatment
8873,treatment
8874,treatment
8875,treatment
8876,control
8877,treatment
8878,treatment
8879,control
8880,treatment
8881,treatment
8882,control
8883,treatment
8884,control
8885,control
8886,control
8887,treatment
8888,treatment
8889,treatment
8890,treatment
8891,treatment
8892,treatment
8893,treatment
8894,control
8895,control
8896,treatment
8897,control
8898,treatment
8899,treatment
8900,control
8901,control
8902,treatment
8903,treatment
8904,treatment
8905,control
8906,control
8907,treatment
8908,treatment
8909,control
8910,control
8911,control
8912,control
8913,treatment
8914,control
8915,treatment
8916,control
8917,treatment
8918,treatment
8919,treatment
8920,control
8921,control
8922,treatment
8923,treatment
8924,control
8925,control
8926,treatment
8927,treatment
8928,control
8929,treatment
8930,treatment
8931,control
8932,control
8933,treatment
8934,treatment
8935,control
8936,treatment
8937,treatment
8938,treatment
8939,control
8940,treatment
8941,control
8942,treatment
8943,treatment
8944,treatment
8945,control
8946,treatment
8947,control
8948,control
8949,treatment
8950,treatment
8951,treatment
8952,control
8953,treatment
8954,control
8955,control
8956,treatment
8957,control
8958,treatment
8959,treatment
8960,treatment
8961,control
8962,control
8963,treatment
8964,control
8965,control
8966,control
8967,control
8968,control
8969,control
8970,treatment
8971,treatment
8972,treatment
8973,treatment
8974,control
8975,treatment
8976,control
8977,control
8978,control
8979,control
8980,control
8981,control
8982,treatment
8983,treatment
8984,treatment
8985,control
8986,control
8987,treatment
8988,treatment
8989,treatment
8990,control
8991,control
8992,treatment
8993,treatment
8994,control
8995,treatment
8996,control
8997,treatment
8998,treatment
8999,control
9000,treatment
9001,treatment
9002,control
9003,control
9004,control
9005,treatment
9006,control
9007,control
9008,control
9009,treatment
9010,control
9011,treatment
9012,control
9013,control
9014,control
9015,control
9016,control
9017,treatment
9018,treatment
9019,treatment
9020,control
9021,treatment
9022,treatment
9023,control
9024,treatment
9025,treatment
9026,control
9027,control
9028,treatment
9029,control
9030,treatment
9031,control
9032,treatment
9033,treatment
9034,treatment
9035,treatment
9036,control
9037,treatment
9038,control
9039,treatment
9040,control
9041,control
9042,treatment
9043,control
9044,control
9045,control
9046,treatment
9047,treatment
9048,treatment
9049,treatment
9050,treatment
9051,control
9052,control
9053,control
9054,control
9055,treatment
9056,treatment
9057,control
9058,treatment
9059,treatment
9060,treatment
9061,control
9062,control
9063,control
9064,control
9065,control
9066,control
9067,treatment
9068,control
9069,treatment
9070,treatment
9071,treatment
9072,treatment
9073,treatment
9074,control
9075,control
9076,control
9077,control
9078,treatment
9079,control
9080,control
9081,treatment
9082,treatment
9083,control
9084,control
9085,treatment
9086,treatment
9087,treatment
9088,control
9089,control
9090,control
9091,control
9092,control
9093,treatment
9094,treatment
9095,treatment
9096,control
9097,control
9098,control
9099,control
9100,treatment
9101,treatment
9102,treatment
9103,treatment
9104,treatment
9105,treatment
9106,treatment
9107,treatment
9108,control
9109,control
9110,treatment
9111,control
9112,control
9113,control
9114,treatment
9115,treatment
9116,control
9117,control
9118,treatment
9119,treatment
9120,control
9121,treatment
9122,treatment
9123,control
9124,control
9125,control
9126,treatment
9127,control
9128,control
9129,control
9130,treatment
9131,control
9132,treatment
9133,control
9134,treatment
9135,treatment
9136,control
9137,control
9138,control
9139,treatment
9140,treatment
9141,treatment
9142,control
9143,control
9144,treatment
9145,treatment
9146,treatment
9147,control
9148,treatment
9149,control
9150,control
9151,control
9152,control
9153,treatment
9154,control
9155,control
9156,control
9157,control
9158,treatment
9159,treatment
9160,control
9161,control
9162,treatment
9163,treatment
9164,treatment
9165,treatment
9166,treatment
9167,control
9168,treatment
9169,treatment
9170,treatment
9171,control
9172,control
9173,control
9174,treatment
9175,treatment
9176,control
9177,treatment
9178,treatment
9179,control
9180,control
9181,treatment
9182,treatment
9183,treatment
9184,treatment
9185,control
9186,control
9187,control
9188,control
9189,treatment
9190,control
9191,control
9192,control
9193,treatment
9194,treatment
9195,treatment
9196,control
9197,control
9198,treatment
9199,treatment
9200,control
9201,treatment
9202,control
9203,control
9204,treatment
9205,control
9206,treatment
9207,treatment
9208,treatment
9209,control
9210,treatment
9211,treatment
9212,treatment
9213,treatment
9214,treatment
9215,control
9216,treatment
9217,control
9218,treatment
9219,treatment
9220,treatment
9221,treatment
9222,treatment
9223,treatment
9224,control
9225,control
9226,treatment
9227,control
9228,treatment
9229,control
9230,treatment
9231,treatment
9232,control
9233,control
9234,treatment
9235,treatment
9236,control
9237,control
9238,treatment
9239,treatment
9240,control
9241,control
9242,treatment
9243,treatment
9244,treatment
9245,control
9246,control
9247,treatment
9248,control
9249,control
9250,treatment
9251,control
9252,treatment
9253,treatment
9254,control
9255,treatment
9256,treatment
9257,control
9258,treatment
9259,control
9260,control
9261,control
9262,treatment
9263,treatment
9264,control
9265,treatment
9266,control
9267,control
9268,control
9269,control
9270,treatment
9271,treatment
9272,treatment
9273,control
9274,control
9275,treatment
9276,control
9277,control
9278,control
9279,control
9280,treatment
9281,control
9282,treatment
9283,control
9284,control
9285,treatment
9286,treatment
9287,treatment
9288,control
9289,control
9290,treatment
9291,treatment
9292,control
9293,control
9294,control
9295,treatment
9296,treatment
9297,treatment
9298,treatment
9299,treatment
9300,treatment
9301,control
9302,control
9303,treatment
9304,control
9305,treatment
9306,control
9307,control
9308,control
9309,control
9310,control
9311,control
9312,control
9313,control
9314,treatment
9315,control
9316,control
9317,treatment
9318,treatment
9319,control
9320,control
9321,treatment
9322,control
9323,treatment
9324,control
9325,treatment
9326,treatment
9327,control
9328,control
9329,control
9330,treatment
9331,treatment
9332,control
9333,control
9334,treatment
9335,control
9336,control
9337,treatment
9338,treatment
9339,treatment
9340,control
9341,control
9342,treatment
9343,control
9344,control
9345,treatment
9346,treatment
9347,treatment
9348,control
9349,treatment
9350,treatment
9351,control
9352,control
9353,treatment
9354,control
9355,control
9356,control
9357,treatment
9358,control
9359,control
9360,control
9361,treatment
9362,treatment
9363,control
9364,treatment
9365,treatment
9366,treatment
9367,control
9368,control
9369,treatment
9370,control
9371,treatment
9372,treatment
9373,treatment
9374,control
9375,control
9376,control
9377,treatment
9378,treatment
9379,control
9380,treatment
9381,control
9382,control
9383,control
9384,treatment
9385,treatment
9386,control
9387,control
9388,control
9389,treatment
9390,control
9391,control
9392,control
9393,treatment
9394,control
9395,treatment
9396,control
9397,treatment
9398,treatment
9399,treatment
9400,control
9401,control
9402,control
9403,control
9404,treatment
9405,control
9406,treatment
9407,treatment
9408,treatment
9409,control
9410,control
9411,control
9412,treatment
9413,treatment
9414,control
9415,treatment
9416,control
9417,treatment
9418,treatment
9419,control
9420,treatment
9421,treatment
9422,treatment
9423,control
9424,treatment
9425,control
9426,treatment
9427,control
9428,treatment
9429,treatment
9430,control
9431,treatment
9432,control
9433,control
9434,control
9435,treatment
9436,control
9437,treatment
9438,control
9439,treatment
9440,treatment
9441,control
9442,treatment
9443,control
9444,treatment
9445,control
9446,control
9447,treatment
9448,treatment
9449,treatment
9450,control
9451,control
9452,treatment
9453,treatment
9454,control
9455,control
9456,treatment
9457,treatment
9458,control
9459,treatment
9460,control
9461,treatment
9462,control
9463,treatment
9464,treatment
9465,control
9466,treatment
9467,control
9468,control
9469,control
9470,treatment
9471,treatment
9472,treatment
9473,treatment
9474,control
9475,control
9476,treatment
9477,control
9478,treatment
9479,treatment
9480,treatment
9481,control
9482,control
9483,treatment
9484,control
9485,control
9486,control
9487,treatment
9488,treatment
9489,control
9490,control
9491,control
9492,control
9493,control
9494,treatment
9495,treatment
9496,treatment
9497,treatment
9498,treatment
9499,control
9500,control
9501,control
9502,treatment
9503,control
9504,treatment
9505,treatment
9506,treatment
9507,control
9508,treatment
9509,control
9510,control
9511,control
9512,treatment
9513,treatment
9514,treatment
9515,treatment
9516,treatment
9517,control
9518,treatment
9519,control
9520,control
9521,control
9522,treatment
9523,treatment
9524,treatment
9525,control
9526,treatment
9527,treatment
9528,treatment
9529,control
9530,control
9531,control
9532,treatment
9533,treatment
9534,treatment
9535,control
9536,control
9537,treatment
9538,control
9539,treatment
9540,treatment
9541,control
9542,control
9543,treatment
9544,control
9545,treatment
9546,treatment
9547,control
9548,treatment
9549,control
9550,control
9551,treatment
9552,control
9553,treatment
9554,treatment
9555,treatment
9556,control
9557,treatment
9558,control
9559,treatment
9560,treatment
9561,control
9562,control
9563,control
9564,treatment
9565,treatment
9566,treatment
9567,treatment
9568,treatment
9569,control
9570,treatment
9571,treatment
9572,control
9573,control
9574,treatment
9575,treatment
9576,treatment
9577,treatment
9578,control
9579,control
9580,treatment
9581,treatment
9582,control
9583,control
9584,control
9585,control
9586,treatment
9587,treatment
9588,treatment
9589,control
9590,control
9591,control
9592,control
9593,control
9594,treatment
9595,treatment
9596,control
9597,control
9598,control
9599,treatment
9600,treatment
9601,treatment
9602,treatment
9603,control
9604,control
9605,control
9606,control
9607,treatment
9608,control
9609,control
9610,treatment
9611,treatment
9612,control
9613,control
9614,control
9615,treatment
9616,control
9617,control
9618,treatment
9619,control
9620,control
9621,control
9622,control
9623,treatment
9624,treatment
9625,control
9626,treatment
9627,control
9628,control
9629,control
9630,treatment
9631,control
9632,treatment
9633,treatment
9634,control
9635,treatment
9636,treatment
9637,treatment
9638,treatment
9639,treatment
9640,treatment
9641,treatment
9642,control
9643,treatment
9644,control
9645,control
9646,treatment
9647,treatment
9648,control
9649,control
9650,control
9651,treatment
9652,control
9653,control
9654,treatment
9655,treatment
9656,treatment
9657,treatment
9658,control
9659,treatment
9660,treatment
9661,treatment
9662,treatment
9663,control
9664,treatment
9665,control
9666,control
9667,control
9668,treatment
9669,treatment
9670,control
9671,treatment
9672,control
9673,control
9674,treatment
9675,treatment
9676,treatment
9677,treatment
9678,control
9679,treatment
9680,treatment
9681,control
9682,treatment
9683,treatment
9684,treatment
9685,control
9686,control
9687,treatment
9688,treatment
9689,treatment
9690,control
9691,control
9692,treatment
9693,treatment
9694,treatment
9695,treatment
9696,treatment
9697,treatment
9698,control
9699,control
9700,control
9701,treatment
9702,control
9703,treatment
9704,control
9705,treatment
9706,control
9707,control
9708,treatment
9709,control
9710,treatment
9711,control
9712,control
9713,control
9714,treatment
9715,control
9716,treatment
9717,treatment
9718,treatment
9719,treatment
9720,control
9721,treatment
9722,treatment
9723,treatment
9724,control
9725,treatment
9726,treatment
9727,control
9728,control
9729,treatment
9730,treatment
9731,control
9732,treatment
9733,treatment
9734,control
9735,treatment
9736,control
9737,control
9738,control
9739,control
9740,treatment
9741,control
9742,treatment
9743,control
9744,control
9745,treatment
9746,treatment
9747,treatment
9748,treatment
9749,control
9750,control
9751,control
9752,treatment
9753,treatment
9754,control
9755,control
9756,treatment
9757,control
9758,control
9759,control
9760,treatment
9761,treatment
9762,treatment
9763,control
9764,control
9765,control
9766,treatment
9767,treatment
9768,control
9769,control
9770,treatment
9771,control
9772,control
9773,control
9774,treatment
9775,treatment
9776,control
9777,control
9778,control
9779,control
9780,treatment
9781,control
9782,control
9783,treatment
9784,control
9785,control
9786,control
9787,treatment
9788,control
9789,treatment
9790,control
9791,treatment
9792,control
9793,treatment
9794,treatment
9795,treatment
9796,control
9797,treatment
9798,control
9799,control
9800,treatment
9801,treatment
9802,control
9803,control
9804,treatment
9805,control
9806,control
9807,control
9808,treatment
9809,control
9810,control
9811,treatment
9812,treatment
9813,control
9814,control
9815,treatment
9816,treatment
9817,control
9818,treatment
9819,treatment
9820,treatment
9821,control
9822,control
9823,control
9824,treatment
9825,control
9826,treatment
9827,treatment
9828,treatment
9829,control
9830,treatment
9831,treatment
9832,treatment
9833,control
9834,treatment
9835,treatment
9836,treatment
9837,treatment
9838,control
9839,control
9840,treatment
9841,control
9842,control
9843,treatment
9844,control
9845,control
9846,control
9847,control
9848,treatment
9849,control
9850,treatment
9851,control
9852,treatment
9853,treatment
9854,treatment
9855,treatment
9856,treatment
9857,treatment
9858,treatment
9859,treatment
9860,control
9861,control
9862,control
9863,treatment
9864,control
9865,control
9866,treatment
9867,control
9868,treatment
9869,treatment
9870,treatment
9871,control
9872,control
9873,control
9874,control
9875,control
9876,treatment
9877,treatment
9878,treatment
9879,treatment
9880,control
9881,treatment
9882,treatment
9883,control
9884,control
9885,control
9886,treatment
9887,control
9888,treatment
9889,control
9890,control
9891,control
9892,treatment
9893,control
9894,treatment
9895,treatment
9896,control
9897,control
9898,treatment
9899,treatment
9900,control
9901,treatment
9902,control
9903,control
9904,control
9905,treatment
9906,control
9907,treatment
9908,control
9909,control
9910,treatment
9911,treatment
9912,control
9913,treatment
9914,treatment
9915,treatment
9916,treatment
9917,treatment
9918,treatment
9919,treatment
9920,control
9921,control
9922,control
9923,treatment
9924,control
9925,control
9926,treatment
9927,control
9928,control
9929,treatment
9930,control
9931,treatment
9932,control
9933,control
9934,control
9935,treatment
9936,treatment
9937,control
9938,treatment
9939,control
9940,treatment
9941,control
9942,treatment
9943,treatment
9944,treatment
9945,treatment
9946,treatment
9947,treatment
9948,treatment
9949,control
9950,treatment
9951,treatment
9952,control
9953,control
9954,control
9955,treatment
9956,control
9957,control
9958,control
9959,control
9960,control
9961,treatment
9962,control
9963,treatment
9964,treatment
9965,treatment
9966,treatment
9967,treatment
9968,control
9969,treatment
9970,treatment
9971,control
9972,control
9973,treatment
9974,control
9975,control
9976,treatment
9977,control
9978,control
9979,treatment
9980,control
9981,treatment
9982,control
9983,treatment
9984,treatment
9985,control
9986,treatment
9987,treatment
9988,control
9989,treatment
9990,control
9991,treatment
9992,control
9993,control
9994,treatment
9995,control
9996,treatment
9997,control
9998,treatment
9999,control
10000,treatment
10001,treatment
10002,control
10003,control
10004,treatment
10005,control
10006,treatment
10007,control
10008,treatment
10009,treatment
10010,control
10011,treatment
10012,treatment
10013,treatment
10014,control
10015,control
10016,treatment
10017,control
10018,treatment
10019,treatment
10020,treatment
10021,treatment
10022,control
10023,control
10024,treatment
10025,control
10026,control
10027,control
10028,control
10029,treatment
10030,treatment
10031,control
10032,treatment
10033,control
10034,treatment
10035,treatment
10036,control
10037,control
10038,treatment
10039,treatment
10040,control
10041,control
10042,treatment
10043,control
10044,control
10045,treatment
10046,control
10047,treatment
10048,treatment
10049,treatment
10050,control
10051,treatment
10052,treatment
10053,treatment
10054,control
10055,treatment
10056,treatment
10057,treatment
10058,treatment
10059,treatment
10060,treatment
10061,treatment
10062,control
10063,control
10064,control
10065,treatment
10066,control
10067,treatment
10068,control
10069,treatment
10070,control
10071,control
10072,control
10073,treatment
10074,control
10075,control
10076,treatment
10077,control
10078,treatment
10079,treatment
10080,treatment
10081,treatment
10082,control
10083,treatment
10084,treatment
10085,treatment
10086,treatment
10087,control
10088,treatment
10089,control
10090,control
10091,control
10092,control
10093,treatment
10094,control
10095,control
10096,control
10097,control
10098,treatment
10099,treatment
10100,treatment
10101,treatment
10102,control
10103,treatment
10104,treatment
10105,control
10106,control
10107,control
10108,control
10109,control
10110,control
10111,control
10112,control
10113,control
10114,control
10115,treatment
10116,control
10117,treatment
10118,treatment
10119,treatment
10120,control
10121,treatment
10122,control
10123,control
10124,treatment
10125,control
10126,treatment
10127,treatment
10128,control
10129,control
10130,treatment
10131,treatment
10132,control
10133,treatment
10134,control
10135,treatment
10136,control
10137,treatment
10138,treatment
10139,treatment
10140,control
10141,treatment
10142,control
10143,control
10144,control
10145,treatment
10146,treatment
10147,treatment
10148,treatment
10149,control
10150,control
10151,treatment
10152,treatment
10153,control
10154,treatment
10155,control
10156,treatment
10157,control
10158,control
10159,treatment
10160,control
10161,treatment
10162,control
10163,treatment
10164,treatment
10165,control
10166,treatment
10167,control
10168,treatment
10169,treatment
10170,control
10171,treatment
10172,control
10173,control
10174,control
10175,treatment
10176,control
10177,control
10178,treatment
10179,control
10180,treatment
10181,treatment
10182,treatment
10183,control
10184,treatment
10185,treatment
10186,control
10187,control
10188,treatment
10189,control
10190,control
10191,control
10192,control
10193,control
10194,control
10195,control
10196,treatment
10197,treatment
10198,control
10199,control
10200,treatment
10201,treatment
10202,treatment
10203,treatment
10204,treatment
10205,control
10206,treatment
10207,treatment
10208,treatment
10209,treatment
10210,treatment
10211,treatment
10212,control
10213,control
10214,control
10215,treatment
10216,treatment
10217,control
10218,treatment
10219,control
10220,treatment
10221,control
10222,treatment
10223,control
10224,control
10225,control
10226,treatment
10227,control
10228,treatment
10229,treatment
10230,control
10231,treatment
10232,control
10233,treatment
10234,treatment
10235,control
10236,treatment
10237,control
10238,control
10239,treatment
10240,control
10241,control
10242,control
10243,treatment
10244,control
10245,treatment
10246,treatment
10247,treatment
10248,control
10249,control
10250,treatment
10251,control
10252,control
10253,control
10254,control
10255,control
10256,treatment
10257,control
10258,treatment
10259,control
10260,treatment
10261,treatment
10262,control
10263,treatment
10264,control
10265,treatment
10266,treatment
10267,control
10268,control
10269,treatment
10270,treatment
10271,control
10272,control
10273,treatment
10274,control
10275,control
10276,control
10277,control
10278,treatment
10279,treatment
10280,treatment
10281,treatment
10282,treatment
10283,control
10284,control
10285,control
10286,treatment
10287,treatment
10288,control
10289,control
10290,treatment
10291,control
10292,control
10293,treatment
10294,treatment
10295,control
10296,treatment
10297,control
10298,treatment
10299,treatment
10300,treatment
10301,control
10302,treatment
10303,treatment
10304,treatment
10305,treatment
10306,control
10307,control
10308,treatment
10309,treatment
10310,control
10311,control
10312,treatment
10313,control
10314,control
10315,control
10316,treatment
10317,treatment
10318,control
10319,treatment
10320,treatment
10321,treatment
10322,control
10323,control
10324,control
10325,control
10326,treatment
10327,treatment
10328,treatment
10329,control
10330,control
10331,control
10332,treatment
10333,control
10334,treatment
10335,control
10336,control
10337,treatment
10338,treatment
10339,treatment
10340,treatment
10341,treatment
10342,treatment
10343,treatment
10344,control
10345,treatment
10346,treatment
10347,treatment
10348,treatment
10349,treatment
10350,control
10351,treatment
10352,treatment
10353,control
10354,control
10355,treatment
10356,treatment
10357,treatment
10358,control
10359,treatment
10360,treatment
10361,control
10362,treatment
10363,treatment
10364,treatment
10365,control
10366,treatment
10367,control
10368,control
10369,control
10370,treatment
10371,treatment
10372,control
10373,control
10374,control
10375,treatment
10376,treatment
10377,control
10378,treatment
10379,control
10380,treatment
10381,treatment
10382,treatment
10383,control
10384,treatment
10385,treatment
10386,treatment
10387,control
10388,control
10389,treatment
10390,treatment
10391,treatment
10392,control
10393,treatment
10394,treatment
10395,control
10396,control
10397,treatment
10398,control
10399,treatment
10400,treatment
10401,control
10402,treatment
10403,control
10404,treatment
10405,control
10406,control
10407,treatment
10408,treatment
10409,control
10410,treatment
10411,control
10412,treatment
10413,treatment
10414,control
10415,control
10416,treatment
10417,treatment
10418,control
10419,control
10420,treatment
10421,treatment
10422,control
10423,control
10424,control
10425,control
10426,control
10427,control
10428,control
10429,treatment
10430,control
10431,treatment
10432,treatment
10433,treatment
10434,treatment
10435,control
10436,treatment
10437,treatment
10438,treatment
10439,control
10440,control
10441,treatment
10442,control
10443,treatment
10444,treatment
10445,control
10446,control
10447,control
10448,control
10449,control
10450,treatment
10451,treatment
10452,control
10453,control
10454,treatment
10455,control
10456,treatment
10457,treatment
10458,treatment
10459,treatment
10460,control
10461,control
10462,control
10463,control
10464,control
10465,control
10466,control
10467,control
10468,control
10469,treatment
10470,treatment
10471,treatment
10472,treatment
10473,treatment
10474,control
10475,control
10476,treatment
10477,treatment
10478,control
10479,control
10480,control
10481,treatment
10482,treatment
10483,control
10484,treatment
10485,control
10486,control
10487,control
10488,control
10489,treatment
10490,treatment
10491,treatment
10492,treatment
10493,treatment
10494,control
10495,control
10496,control
10497,control
10498,control
10499,treatment
10500,control
10501,control
10502,control
10503,control
10504,control
10505,control
10506,treatment
10507,control
10508,control
10509,treatment
10510,control
10511,control
10512,control
10513,treatment
10514,treatment
10515,control
10516,treatment
10517,treatment
10518,treatment
10519,treatment
10520,treatment
10521,treatment
10522,control
10523,control
10524,control
10525,control
10526,treatment
10527,treatment
10528,control
10529,control
10530,treatment
10531,control
10532,treatment
10533,treatment
10534,treatment
10535,treatment
10536,control
10537,control
10538,control
10539,treatment
10540,control
10541,treatment
10542,control
10543,treatment
10544,control
10545,treatment
10546,control
10547,treatment
10548,treatment
10549,control
10550,treatment
10551,treatment
10552,control
10553,treatment
10554,treatment
10555,control
10556,treatment
10557,control
10558,control
10559,treatment
10560,treatment
10561,treatment
10562,treatment
10563,treatment
10564,treatment
10565,control
10566,control
10567,treatment
10568,treatment
10569,control
10570,treatment
10571,control
10572,control
10573,treatment
10574,control
10575,control
10576,control
10577,treatment
10578,treatment
10579,control
10580,control
10581,control
10582,treatment
10583,treatment
10584,treatment
10585,treatment
10586,treatment
10587,treatment
10588,treatment
10589,control
10590,treatment
10591,control
10592,control
10593,treatment
10594,treatment
10595,control
10596,treatment
10597,treatment
10598,control
10599,treatment
10600,control
10601,control
10602,treatment
10603,treatment
10604,treatment
10605,treatment
10606,control
10607,treatment
10608,treatment
10609,control
10610,treatment
10611,control
10612,control
10613,control
10614,treatment
10615,control
10616,control
10617,treatment
10618,treatment
10619,control
10620,treatment
10621,treatment
10622,treatment
10623,control
10624,treatment
10625,treatment
10626,treatment
10627,treatment
10628,treatment
10629,control
10630,treatment
10631,treatment
10632,control
10633,control
10634,treatment
10635,treatment
10636,treatment
10637,treatment
10638,control
10639,treatment
10640,control
10641,treatment
10642,treatment
10643,treatment
10644,treatment
10645,treatment
10646,treatment
10647,treatment
10648,control
10649,control
10650,treatment
10651,treatment
10652,control
10653,control
10654,control
10655,treatment
10656,treatment
10657,control
10658,treatment
10659,treatment
10660,treatment
10661,control
10662,treatment
10663,control
10664,treatment
10665,control
10666,control
10667,control
10668,control
10669,treatment
10670,control
10671,treatment
10672,control
10673,treatment
10674,treatment
10675,control
10676,treatment
10677,treatment
10678,treatment
10679,treatment
10680,control
10681,treatment
10682,control
10683,treatment
10684,treatment
10685,treatment
10686,treatment
10687,treatment
10688,treatment
10689,control
10690,control
10691,control
10692,treatment
10693,treatment
10694,control
10695,control
10696,treatment
10697,treatment
10698,treatment
10699,control
10700,treatment
10701,control
10702,control
10703,control
10704,treatment
10705,control
10706,control
10707,treatment
10708,treatment
10709,treatment
10710,treatment
10711,control
10712,control
10713,control
10714,control
10715,control
10716,treatment
10717,control
10718,control
10719,treatment
10720,treatment
10721,treatment
10722,treatment
10723,treatment
10724,treatment
10725,treatment
10726,treatment
10727,treatment
10728,treatment
10729,control
10730,control
10731,control
10732,control
10733,treatment
10734,treatment
10735,treatment
10736,treatment
10737,treatment
10738,control
10739,control
10740,control
10741,treatment
10742,treatment
10743,treatment
10744,control
10745,treatment
10746,treatment
10747,treatment
10748,treatment
10749,treatment
10750,treatment
10751,treatment
10752,control
10753,treatment
10754,control
10755,treatment
10756,treatment
10757,control
10758,treatment
10759,treatment
10760,treatment
10761,treatment
10762,control
10763,treatment
10764,control
10765,treatment
10766,control
10767,treatment
10768,control
10769,control
10770,treatment
10771,treatment
10772,control
10773,treatment
10774,control
10775,control
10776,treatment
10777,treatment
10778,treatment
10779,control
10780,treatment
10781,treatment
10782,control
10783,treatment
10784,control
10785,control
10786,control
10787,treatment
10788,treatment
10789,control
10790,control
10791,control
10792,control
10793,treatment
10794,treatment
10795,treatment
10796,control
10797,treatment
10798,control
10799,control
10800,treatment
10801,control
10802,control
10803,control
10804,treatment
10805,control
10806,control
10807,treatment
10808,treatment
10809,treatment
10810,control
10811,control
10812,treatment
10813,control
10814,control
10815,control
10816,control
10817,treatment
10818,treatment
10819,control
10820,treatment
10821,control
10822,treatment
10823,control
10824,control
10825,control
10826,control
10827,treatment
10828,treatment
10829,treatment
10830,treatment
10831,control
10832,treatment
10833,control
10834,treatment
10835,treatment
10836,treatment
10837,treatment
10838,treatment
10839,treatment
10840,treatment
10841,treatment
10842,control
10843,control
10844,control
10845,control
10846,control
10847,control
10848,control
10849,control
10850,control
10851,treatment
10852,treatment
10853,treatment
10854,treatment
10855,treatment
10856,treatment
10857,control
10858,control
10859,treatment
10860,control
10861,control
10862,control
10863,control
10864,control
10865,treatment
10866,treatment
10867,control
10868,control
10869,control
10870,control
10871,control
10872,treatment
10873,treatment
10874,control
10875,treatment
10876,treatment
10877,treatment
10878,treatment
10879,treatment
10880,treatment
10881,control
10882,treatment
10883,treatment
10884,treatment
10885,treatment
10886,control
10887,treatment
10888,treatment
10889,control
10890,control
10891,control
10892,control
10893,control
10894,treatment
10895,treatment
10896,treatment
10897,treatment
10898,treatment
10899,control
10900,control
10901,control
10902,control
10903,treatment
10904,treatment
10905,control
10906,treatment
10907,control
10908,control
10909,control
10910,treatment
10911,control
10912,treatment
10913,treatment
10914,treatment
10915,treatment
10916,control
10917,treatment
10918,control
10919,treatment
10920,treatment
10921,treatment
10922,treatment
10923,control
10924,treatment
10925,control
10926,treatment
10927,treatment
10928,control
10929,control
10930,treatment
10931,control
10932,control
10933,treatment
10934,treatment
10935,treatment
10936,treatment
10937,treatment
10938,treatment
10939,control
10940,treatment
10941,control
10942,treatment
10943,treatment
10944,treatment
10945,control
10946,treatment
10947,control
10948,control
10949,treatment
10950,treatment
10951,control
10952,control
10953,control
10954,treatment
10955,control
10956,treatment
10957,control
10958,control
10959,treatment
10960,treatment
10961,treatment
10962,treatment
10963,control
10964,control
10965,treatment
10966,control
10967,control
10968,treatment
10969,control
10970,treatment
10971,control
10972,control
10973,treatment
10974,control
10975,treatment
10976,treatment
10977,treatment
10978,treatment
10979,treatment
10980,treatment
10981,control
10982,treatment
10983,treatment
10984,treatment
10985,control
10986,control
10987,treatment
10988,control
10989,control
10990,control
10991,control
10992,treatment
10993,treatment
10994,control
10995,control
10996,control
10997,treatment
10998,treatment
10999,control
11000,control
11001,control
11002,treatment
11003,control
11004,treatment
11005,control
11006,control
11007,treatment
11008,treatment
11009,treatment
11010,control
11011,treatment
11012,treatment
11013,control
11014,treatment
11015,control
11016,control
11017,control
11018,treatment
11019,control
11020,treatment
11021,control
11022,control
11023,treatment
11024,control
11025,control
11026,control
11027,control
11028,treatment
11029,treatment
11030,control
11031,control
11032,control
11033,treatment
11034,treatment
11035,treatment
11036,control
11037,treatment
11038,treatment
11039,treatment
11040,treatment
11041,treatment
11042,treatment
11043,control
11044,control
11045,treatment
11046,control
11047,control
11048,control
11049,control
11050,treatment
11051,treatment
11052,treatment
11053,control
11054,control
11055,treatment
11056,control
11057,treatment
11058,treatment
11059,control
11060,control
11061,treatment
11062,control
11063,treatment
11064,treatment
11065,treatment
11066,control
11067,control
11068,control
11069,treatment
11070,control
11071,treatment
11072,treatment
11073,treatment
11074,control
11075,treatment
11076,treatment
11077,control
11078,treatment
11079,treatment
11080,control
11081,control
11082,treatment
11083,treatment
11084,control
11085,treatment
11086,treatment
11087,control
11088,treatment
11089,control
11090,control
11091,control
11092,control
11093,treatment
11094,control
11095,control
11096,treatment
11097,treatment
11098,control
11099,treatment
11100,control
11101,control
11102,control
11103,control
11104,treatment
11105,treatment
11106,treatment
11107,control
11108,control
11109,treatment
11110,control
11111,control
11112,control
11113,control
11114,control
11115,control
11116,control
11117,treatment
11118,control
11119,control
11120,control
11121,control
11122,treatment
11123,control
11124,treatment
11125,treatment
11126,treatment
11127,treatment
11128,treatment
11129,treatment
11130,treatment
11131,control
11132,treatment
11133,treatment
11134,control
11135,treatment
11136,treatment
11137,treatment
11138,control
11139,control
11140,treatment
11141,control
11142,treatment
11143,control
11144,control
11145,treatment
11146,control
11147,treatment
11148,treatment
11149,control
11150,treatment
11151,treatment
11152,control
11153,control
11154,treatment
11155,treatment
11156,control
11157,control
11158,treatment
11159,control
11160,control
11161,treatment
11162,treatment
11163,control
11164,treatment
11165,control
11166,treatment
11167,control
11168,treatment
11169,treatment
11170,control
11171,treatment
11172,treatment
11173,treatment
11174,treatment
11175,treatment
11176,treatment
11177,control
11178,treatment
11179,treatment
11180,control
11181,control
11182,treatment
11183,treatment
11184,control
11185,treatment
11186,control
11187,control
11188,control
11189,control
11190,treatment
11191,control
11192,treatment
11193,treatment
11194,control
11195,control
11196,treatment
11197,treatment
11198,control
11199,control
11200,control
11201,treatment
11202,treatment
11203,treatment
11204,treatment
11205,control
11206,treatment
11207,treatment
11208,treatment
11209,control
11210,control
11211,control
11212,control
11213,treatment
11214,treatment
11215,treatment
11216,treatment
11217,control
11218,treatment
11219,treatment
11220,control
11221,treatment
11222,control
11223,control
11224,treatment
11225,treatment
11226,treatment
11227,treatment
11228,control
11229,treatment
11230,treatment
11231,treatment
11232,treatment
11233,control
11234,treatment
11235,treatment
11236,control
11237,control
11238,treatment
11239,control
11240,treatment
11241,control
11242,treatment
11243,treatment
11244,treatment
11245,treatment
11246,control
11247,control
11248,control
11249,treatment
11250,control
11251,control
11252,treatment
11253,control
11254,treatment
11255,control
11256,treatment
11257,treatment
11258,treatment
11259,treatment
11260,control
11261,treatment
11262,treatment
11263,control
11264,control
11265,treatment
11266,treatment
11267,control
11268,control
11269,control
11270,control
11271,treatment
11272,control
11273,control
11274,treatment
11275,control
11276,control
11277,treatment
11278,control
11279,treatment
11280,treatment
11281,control
11282,treatment
11283,treatment
11284,treatment
11285,control
11286,treatment
11287,treatment
11288,control
11289,control
11290,control
11291,control
11292,control
11293,control
11294,treatment
11295,control
11296,treatment
11297,control
11298,control
11299,control
11300,treatment
11301,treatment
11302,treatment
11303,control
11304,treatment
11305,control
11306,control
11307,treatment
11308,treatment
11309,control
11310,control
11311,control
11312,control
11313,treatment
11314,treatment
11315,treatment
11316,treatment
11317,control
11318,treatment
11319,control
11320,treatment
11321,treatment
11322,treatment
11323,control
11324,control
11325,treatment
11326,treatment
11327,control
11328,treatment
11329,control
11330,treatment
11331,treatment
11332,control
11333,control
11334,treatment
11335,control
11336,treatment
11337,control
11338,treatment
11339,control
11340,control
11341,control
11342,treatment
11343,control
11344,treatment
11345,control
11346,control
11347,treatment
11348,control
11349,treatment
11350,control
11351,control
11352,control
11353,control
11354,control
11355,control
11356,control
11357,treatment
11358,control
11359,treatment
11360,control
11361,treatment
11362,treatment
11363,control
11364,treatment
11365,control
11366,control
11367,treatment
11368,control
11369,treatment
11370,treatment
11371,treatment
11372,treatment
11373,treatment
11374,treatment
11375,treatment
11376,treatment
11377,treatment
11378,treatment
11379,treatment
11380,treatment
11381,control
11382,control
11383,treatment
11384,control
11385,treatment
11386,treatment
11387,control
11388,control
11389,treatment
11390,control
11391,treatment
11392,control
11393,treatment
11394,control
11395,control
11396,control
11397,treatment
11398,control
11399,control
11400,control
11401,control
11402,control
11403,control
11404,treatment
11405,control
11406,control
11407,control
11408,control
11409,treatment
11410,control
11411,control
11412,treatment
11413,control
11414,control
11415,treatment
11416,treatment
11417,control
11418,treatment
11419,control
11420,control
11421,treatment
11422,treatment
11423,treatment
11424,treatment
11425,control
11426,treatment
11427,control
11428,treatment
11429,treatment
11430,treatment
11431,control
11432,control
11433,control
11434,control
11435,control
11436,treatment
11437,treatment
11438,treatment
11439,treatment
11440,control
11441,control
11442,control
11443,treatment
11444,control
11445,control
11446,treatment
11447,control
11448,treatment
11449,control
11450,treatment
11451,treatment
11452,control
11453,treatment
11454,treatment
11455,treatment
11456,treatment
11457,control
11458,control
11459,treatment
11460,treatment
11461,treatment
11462,control
11463,control
11464,treatment
11465,control
11466,control
11467,control
11468,control
11469,treatment
11470,control
11471,control
11472,treatment
11473,treatment
11474,control
11475,treatment
11476,control
11477,treatment
11478,treatment
11479,control
11480,treatment
11481,control
11482,treatment
11483,control
11484,treatment
11485,treatment
11486,control
11487,control
11488,control
11489,treatment
11490,treatment
11491,treatment
11492,treatment
11493,treatment
11494,control
11495,treatment
11496,control
11497,control
11498,treatment
11499,control
11500,control
11501,treatment
11502,treatment
11503,control
11504,control
11505,treatment
11506,control
11507,treatment
11508,control
11509,treatment
11510,control
11511,treatment
11512,treatment
11513,treatment
11514,treatment
11515,control
11516,treatment
11517,control
11518,control
11519,control
11520,control
11521,control
11522,treatment
11523,treatment
11524,control
11525,treatment
11526,control
11527,treatment
11528,control
11529,control
11530,treatment
11531,treatment
11532,treatment
11533,treatment
11534,treatment
11535,treatment
11536,control
11537,control
11538,treatment
11539,control
11540,control
11541,control
11542,treatment
11543,treatment
11544,control
11545,control
11546,control
11547,control
11548,control
11549,treatment
11550,control
11551,control
11552,control
11553,treatment
11554,control
11555,control
11556,control
11557,control
11558,treatment
11559,treatment
11560,control
11561,treatment
11562,treatment
11563,treatment
11564,treatment
11565,control
11566,treatment
11567,treatment
11568,treatment
11569,treatment
11570,treatment
11571,control
11572,treatment
11573,control
11574,control
11575,treatment
11576,control
11577,control
11578,control
11579,treatment
11580,control
11581,control
11582,treatment
11583,treatment
11584,control
11585,treatment
11586,control
11587,treatment
11588,control
11589,control
11590,control
11591,control
11592,treatment
11593,treatment
11594,treatment
11595,treatment
11596,control
11597,treatment
11598,treatment
11599,treatment
11600,treatment
11601,control
11602,control
11603,treatment
11604,control
11605,control
11606,treatment
11607,control
11608,control
11609,control
11610,treatment
11611,treatment
11612,control
11613,control
11614,control
11615,treatment
11616,control
11617,treatment
11618,treatment
11619,control
11620,treatment
11621,control
11622,treatment
11623,treatment
11624,treatment
11625,treatment
11626,control
11627,control
11628,treatment
11629,control
11630,control
11631,treatment
11632,treatment
11633,treatment
11634,treatment
11635,treatment
11636,treatment
11637,treatment
11638,control
11639,control
11640,treatment
11641,treatment
11642,treatment
11643,control
11644,control
11645,treatment
11646,treatment
11647,treatment
11648,control
11649,control
11650,control
11651,control
11652,control
11653,treatment
11654,control
11655,treatment
11656,treatment
11657,control
11658,treatment
11659,treatment
11660,control
11661,treatment
11662,control
11663,treatment
11664,control
11665,treatment
11666,treatment
11667,treatment
11668,control
11669,control
11670,control
11671,treatment
11672,control
11673,control
11674,control
11675,control
11676,treatment
11677,control
11678,treatment
11679,control
11680,control
11681,control
11682,treatment
11683,control
11684,control
11685,control
11686,treatment
11687,control
11688,treatment
11689,control
11690,treatment
11691,treatment
11692,treatment
11693,control
11694,control
11695,treatment
11696,treatment
11697,treatment
11698,control
11699,control
11700,treatment
11701,control
11702,treatment
11703,treatment
11704,control
11705,treatment
11706,treatment
11707,control
11708,control
11709,control
11710,control
11711,treatment
11712,treatment
11713,control
11714,treatment
11715,treatment
11716,control
11717,treatment
11718,treatment
11719,treatment
11720,treatment
11721,treatment
11722,control
11723,control
11724,control
11725,control
11726,control
11727,treatment
11728,treatment
11729,control
11730,treatment
11731,control
11732,control
11733,treatment
11734,control
11735,control
11736,treatment
11737,treatment
11738,treatment
11739,treatment
11740,treatment
11741,control
11742,control
11743,control
11744,control
11745,treatment
11746,treatment
11747,control
11748,treatment
11749,control
11750,treatment
11751,control
11752,control
11753,treatment
11754,treatment
11755,control
11756,treatment
11757,treatment
11758,control
11759,treatment
11760,control
11761,control
11762,treatment
11763,control
11764,treatment
11765,control
11766,control
11767,treatment
11768,control
11769,treatment
11770,treatment
11771,control
11772,treatment
11773,control
11774,treatment
11775,treatment
11776,control
11777,treatment
11778,treatment
11779,treatment
11780,control
11781,treatment
11782,treatment
11783,treatment
11784,treatment
11785,treatment
11786,treatment
11787,treatment
11788,treatment
11789,control
11790,control
11791,control
11792,control
11793,control
11794,treatment
11795,treatment
11796,control
11797,control
11798,control
11799,control
11800,treatment
11801,treatment
11802,treatment
11803,control
11804,control
11805,treatment
11806,treatment
11807,treatment
11808,control
11809,control
11810,control
11811,treatment
11812,treatment
11813,control
11814,treatment
11815,control
11816,treatment
11817,control
11818,treatment
11819,treatment
11820,treatment
11821,control
11822,treatment
11823,control
11824,treatment
11825,control
11826,control
11827,treatment
11828,control
11829,treatment
11830,control
11831,treatment
11832,treatment
11833,treatment
11834,control
11835,treatment
11836,control
11837,control
11838,control
11839,treatment
11840,control
11841,treatment
11842,treatment
11843,control
11844,treatment
11845,control
11846,control
11847,treatment
11848,treatment
11849,control
11850,treatment
11851,control
11852,control
11853,treatment
11854,treatment
11855,control
11856,treatment
11857,control
11858,treatment
11859,control
11860,control
11861,treatment
11862,treatment
11863,control
11864,treatment
11865,control
11866,control
11867,treatment
11868,control
11869,treatment
11870,control
11871,control
11872,control
11873,treatment
11874,treatment
11875,treatment
11876,control
11877,treatment
11878,control
11879,control
11880,control
11881,treatment
11882,control
11883,treatment
11884,treatment
11885,control
11886,control
11887,control
11888,treatment
11889,treatment
11890,treatment
11891,treatment
11892,treatment
11893,treatment
11894,control
11895,treatment
11896,treatment
11897,treatment
11898,treatment
11899,control
11900,control
11901,control
11902,control
11903,treatment
11904,treatment
11905,control
11906,treatment
11907,treatment
11908,treatment
11909,control
11910,control
11911,control
11912,control
11913,control
11914,treatment
11915,treatment
11916,control
11917,treatment
11918,control
11919,treatment
11920,control
11921,treatment
11922,treatment
11923,treatment
11924,treatment
11925,control
11926,control
11927,treatment
11928,control
11929,treatment
11930,treatment
11931,treatment
11932,treatment
11933,treatment
11934,treatment
11935,treatment
11936,control
11937,treatment
11938,control
11939,treatment
11940,treatment
11941,treatment
11942,control
11943,control
11944,control
11945,treatment
11946,treatment
11947,treatment
11948,treatment
11949,control
11950,control
11951,control
11952,control
11953,control
11954,control
11955,treatment
11956,control
11957,control
11958,treatment
11959,treatment
11960,treatment
11961,control
11962,control
11963,control
11964,control
11965,treatment
11966,treatment
11967,control
11968,treatment
11969,treatment
11970,treatment
11971,treatment
11972,control
11973,control
11974,control
11975,treatment
11976,treatment
11977,treatment
11978,control
11979,treatment
11980,control
11981,treatment
11982,control
11983,treatment
11984,control
11985,control
11986,treatment
11987,treatment
11988,control
11989,treatment
11990,control
11991,treatment
11992,treatment
11993,control
11994,control
11995,control
11996,control
11997,treatment
11998,control
11999,control
12000,control
12001,treatment
12002,treatment
12003,treatment
12004,treatment
12005,control
12006,control
12007,treatment
12008,control
12009,treatment
12010,control
12011,treatment
12012,control
12013,treatment
12014,treatment
12015,control
12016,treatment
12017,control
12018,control
12019,control
12020,control
12021,treatment
12022,treatment
12023,treatment
12024,treatment
12025,treatment
12026,treatment
12027,control
12028,treatment
12029,control
12030,treatment
12031,control
12032,control
12033,control
12034,treatment
12035,control
12036,treatment
12037,treatment
12038,control
12039,treatment
12040,control
12041,treatment
12042,treatment
12043,control
12044,control
12045,control
12046,control
12047,treatment
12048,treatment
12049,control
12050,control
12051,control
12052,treatment
12053,control
12054,control
12055,treatment
12056,control
12057,control
12058,control
12059,treatment
12060,control
12061,control
12062,treatment
12063,control
12064,treatment
12065,control
12066,control
12067,control
12068,treatment
12069,treatment
12070,treatment
12071,treatment
12072,treatment
12073,control
12074,treatment
12075,control
12076,control
12077,treatment
12078,control
12079,control
12080,treatment
12081,treatment
12082,control
12083,control
12084,treatment
12085,treatment
12086,treatment
12087,control
12088,control
12089,treatment
12090,treatment
12091,control
12092,control
12093,treatment
12094,control
12095,treatment
12096,control
12097,treatment
12098,treatment
12099,control
12100,treatment
12101,control
12102,control
12103,control
12104,treatment
12105,treatment
12106,control
12107,control
12108,control
12109,treatment
12110,treatment
12111,treatment
12112,treatment
12113,treatment
12114,control
12115,treatment
12116,control
12117,control
12118,treatment
12119,treatment
12120,control
12121,control
12122,control
12123,control
12124,treatment
12125,treatment
12126,treatment
12127,treatment
12128,control
12129,control
12130,treatment
12131,treatment
12132,control
12133,control
12134,control
12135,treatment
12136,control
12137,treatment
12138,control
12139,control
12140,treatment
12141,control
12142,control
12143,treatment
12144,control
12145,control
12146,control
12147,control
12148,control
12149,control
12150,control
12151,treatment
12152,treatment
12153,treatment
12154,treatment
12155,control
12156,control
12157,treatment
12158,control
12159,treatment
12160,treatment
12161,control
12162,treatment
12163,control
12164,treatment
12165,control
12166,control
12167,treatment
12168,treatment
12169,control
12170,treatment
12171,control
12172,control
12173,treatment
12174,control
12175,control
12176,treatment
12177,control
12178,control
12179,control
12180,control
12181,control
12182,treatment
12183,treatment
12184,treatment
12185,treatment
12186,control
12187,control
12188,treatment
12189,control
12190,treatment
12191,control
12192,control
12193,control
12194,control
12195,treatment
12196,control
12197,treatment
12198,control
12199,treatment
12200,control
12201,treatment
12202,treatment
12203,control
12204,treatment
12205,control
12206,treatment
12207,control
12208,treatment
12209,control
12210,treatment
12211,treatment
12212,treatment
12213,control
12214,control
12215,treatment
12216,treatment
12217,treatment
12218,treatment
12219,control
12220,treatment
12221,treatment
12222,control
12223,control
12224,treatment
12225,control
12226,treatment
12227,treatment
12228,control
12229,treatment
12230,treatment
12231,control
12232,treatment
12233,treatment
12234,treatment
12235,treatment
12236,treatment
12237,treatment
12238,treatment
12239,control
12240,control
12241,control
12242,treatment
12243,control
12244,treatment
12245,control
12246,treatment
12247,treatment
12248,treatment
12249,treatment
12250,treatment
12251,treatment
12252,treatment
12253,control
12254,control
12255,control
12256,treatment
12257,treatment
12258,treatment
12259,control
12260,control
12261,treatment
12262,control
12263,control
12264,control
12265,treatment
12266,treatment
12267,control
12268,control
12269,treatment
12270,treatment
12271,treatment
12272,control
12273,control
12274,treatment
12275,control
12276,control
12277,treatment
12278,control
12279,control
12280,treatment
12281,treatment
12282,treatment
12283,treatment
12284,control
12285,treatment
12286,control
12287,control
12288,treatment
12289,control
12290,treatment
12291,control
12292,treatment
12293,control
12294,control
12295,treatment
12296,control
12297,control
12298,control
12299,control
12300,control
12301,treatment
12302,treatment
12303,treatment
12304,control
12305,control
12306,control
12307,control
12308,control
12309,control
12310,treatment
12311,control
12312,treatment
12313,treatment
12314,treatment
12315,treatment
12316,treatment
12317,control
12318,control
12319,control
12320,control
12321,treatment
12322,treatment
12323,control
12324,treatment
12325,control
12326,treatment
12327,control
12328,control
12329,control
12330,treatment
12331,control
12332,treatment
12333,control
12334,control
12335,control
12336,treatment
12337,control
12338,control
12339,control
12340,treatment
12341,control
12342,control
12343,treatment
12344,treatment
12345,treatment
12346,treatment
12347,control
12348,control
12349,control
12350,treatment
12351,control
12352,control
12353,control
12354,treatment
12355,control
12356,control
12357,control
12358,control
12359,treatment
12360,treatment
12361,control
12362,treatment
12363,treatment
12364,treatment
12365,treatment
12366,treatment
12367,treatment
12368,control
12369,control
12370,control
12371,treatment
12372,treatment
12373,control
12374,treatment
12375,control
12376,treatment
12377,treatment
12378,control
12379,control
12380,control
12381,treatment
12382,treatment
12383,treatment
12384,treatment
12385,control
12386,treatment
12387,treatment
12388,treatment
12389,treatment
12390,control
12391,treatment
12392,treatment
12393,treatment
12394,control
12395,control
12396,treatment
12397,treatment
12398,control
12399,control
12400,treatment
12401,treatment
12402,control
12403,control
12404,control
12405,treatment
12406,control
12407,control
12408,treatment
12409,treatment
12410,treatment
12411,treatment
12412,control
12413,control
12414,control
12415,control
12416,control
12417,treatment
12418,control
12419,control
12420,control
12421,control
12422,control
12423,control
12424,treatment
12425,treatment
12426,control
12427,treatment
12428,control
12429,treatment
12430,control
12431,treatment
12432,control
12433,control
12434,control
12435,control
12436,treatment
12437,treatment
12438,treatment
12439,treatment
12440,treatment
12441,treatment
12442,treatment
12443,control
12444,treatment
12445,control
12446,control
12447,treatment
12448,treatment
12449,treatment
12450,control
12451,control
12452,control
12453,control
12454,control
12455,treatment
12456,treatment
12457,control
12458,control
12459,treatment
12460,treatment
12461,treatment
12462,treatment
12463,control
12464,control
12465,treatment
12466,treatment
12467,control
12468,treatment
12469,control
12470,control
12471,treatment
12472,control
12473,treatment
12474,treatment
12475,treatment
12476,control
12477,treatment
12478,treatment
12479,control
12480,control
12481,control
12482,control
12483,control
12484,control
12485,treatment
12486,treatment
12487,control
12488,treatment
12489,control
12490,control
12491,control
12492,treatment
12493,treatment
12494,treatment
12495,control
12496,control
12497,control
12498,treatment
12499,treatment
12500,treatment
12501,treatment
12502,treatment
12503,treatment
12504,treatment
12505,treatment
12506,control
12507,treatment
12508,treatment
12509,treatment
12510,treatment
12511,treatment
12512,control
12513,treatment
12514,control
12515,control
12516,control
12517,control
12518,treatment
12519,control
12520,treatment
12521,control
12522,treatment
12523,control
12524,treatment
12525,treatment
12526,control
12527,treatment
12528,control
12529,treatment
12530,treatment
12531,control
12532,treatment
12533,treatment
12534,treatment
12535,treatment
12536,treatment
12537,control
12538,treatment
12539,control
12540,treatment
12541,treatment
12542,treatment
12543,control
12544,control
12545,control
12546,treatment
12547,control
12548,control
12549,control
12550,treatment
12551,treatment
12552,control
12553,treatment
12554,control
12555,control
12556,treatment
12557,control
12558,control
12559,control
12560,control
12561,treatment
12562,treatment
12563,control
12564,treatment
12565,control
12566,treatment
12567,treatment
12568,control
12569,control
12570,treatment
12571,control
12572,control
12573,treatment
12574,treatment
12575,control
12576,treatment
12577,control
12578,treatment
12579,control
12580,treatment
12581,control
12582,treatment
12583,treatment
12584,control
12585,treatment
12586,control
12587,treatment
12588,treatment
12589,treatment
12590,treatment
12591,control
12592,control
12593,treatment
12594,control
12595,control
12596,control
12597,treatment
12598,treatment
12599,control
12600,control
12601,treatment
12602,control
12603,treatment
12604,control
12605,control
12606,control
12607,control
12608,control
12609,treatment
12610,treatment
12611,control
12612,control
12613,control
12614,treatment
12615,treatment
12616,control
12617,control
12618,control
12619,control
12620,control
12621,treatment
12622,treatment
12623,treatment
12624,treatment
12625,control
12626,treatment
12627,treatment
12628,control
12629,treatment
12630,control
12631,treatment
12632,control
12633,control
12634,control
12635,control
12636,treatment
12637,control
12638,treatment
12639,treatment
12640,treatment
12641,treatment
12642,treatment
12643,control
12644,treatment
12645,control
12646,control
12647,control
12648,treatment
12649,control
12650,control
12651,treatment
12652,control
12653,control
12654,treatment
12655,control
12656,treatment
12657,treatment
12658,treatment
12659,treatment
12660,control
12661,control
12662,treatment
12663,treatment
12664,treatment
12665,treatment
12666,treatment
12667,control
12668,treatment
12669,treatment
12670,control
12671,control
12672,treatment
12673,treatment
12674,treatment
12675,treatment
12676,treatment
12677,treatment
12678,control
12679,treatment
12680,control
12681,treatment
12682,treatment
12683,treatment
12684,control
12685,treatment
12686,treatment
12687,control
12688,control
12689,control
12690,control
12691,treatment
12692,treatment
12693,treatment
12694,treatment
12695,control
12696,control
12697,control
12698,treatment
12699,control
12700,control
12701,treatment
12702,treatment
12703,control
12704,control
12705,control
12706,control
12707,control
12708,treatment
12709,treatment
12710,control
12711,treatment
12712,control
12713,treatment
12714,treatment
12715,treatment
12716,control
12717,treatment
12718,treatment
12719,control
12720,control
12721,control
12722,control
12723,control
12724,treatment
12725,control
12726,control
12727,control
12728,control
12729,treatment
12730,treatment
12731,control
12732,control
12733,treatment
12734,treatment
12735,treatment
12736,control
12737,treatment
12738,control
12739,control
12740,control
12741,control
12742,treatment
12743,treatment
12744,control
12745,treatment
12746,control
12747,treatment
12748,treatment
12749,treatment
12750,control
12751,treatment
12752,control
12753,treatment
12754,treatment
12755,treatment
12756,control
12757,treatment
12758,control
12759,treatment
12760,treatment
12761,control
12762,control
12763,control
12764,control
12765,treatment
12766,treatment
12767,treatment
12768,treatment
12769,treatment
12770,treatment
12771,control
12772,treatment
12773,treatment
12774,treatment
12775,treatment
12776,treatment
12777,control
12778,control
12779,treatment
12780,control
12781,treatment
12782,treatment
12783,treatment
12784,control
12785,treatment
12786,treatment
12787,treatment
12788,treatment
12789,treatment
12790,control
12791,treatment
12792,control
12793,treatment
12794,treatment
12795,treatment
12796,control
12797,control
12798,treatment
12799,control
12800,treatment
12801,treatment
12802,treatment
12803,control
12804,control
12805,control
12806,treatment
12807,control
12808,control
12809,treatment
12810,treatment
12811,control
12812,treatment
12813,treatment
12814,treatment
12815,treatment
12816,treatment
12817,control
12818,control
12819,treatment
12820,treatment
12821,treatment
12822,control
12823,control
12824,control
12825,control
12826,control
12827,control
12828,treatment
12829,control
12830,control
12831,treatment
12832,treatment
12833,control
12834,control
12835,treatment
12836,control
12837,control
12838,treatment
12839,treatment
12840,treatment
12841,control
12842,control
12843,treatment
12844,treatment
12845,treatment
12846,control
12847,control
12848,control
12849,treatment
12850,treatment
12851,control
12852,treatment
12853,treatment
12854,treatment
12855,treatment
12856,control
12857,control
12858,treatment
12859,treatment
12860,treatment
12861,control
12862,treatment
12863,treatment
12864,treatment
12865,control
12866,treatment
12867,control
12868,control
12869,treatment
12870,treatment
12871,treatment
12872,control
12873,treatment
12874,treatment
12875,control
12876,control
12877,control
12878,control
12879,treatment
12880,control
12881,treatment
12882,control
12883,treatment
12884,control
12885,treatment
12886,treatment
12887,treatment
12888,treatment
12889,treatment
12890,treatment
12891,treatment
12892,control
12893,treatment
12894,control
12895,treatment
12896,treatment
12897,control
12898,treatment
12899,treatment
12900,treatment
12901,control
12902,control
12903,treatment
12904,control
12905,treatment
12906,treatment
12907,control
12908,treatment
12909,treatment
12910,control
12911,treatment
12912,control
12913,control
12914,treatment
12915,treatment
12916,control
12917,control
12918,control
12919,treatment
12920,control
12921,treatment
12922,control
12923,treatment
12924,treatment
12925,control
12926,control
12927,control
12928,treatment
12929,treatment
12930,treatment
12931,control
12932,treatment
12933,control
12934,treatment
12935,treatment
12936,treatment
12937,control
12938,treatment
12939,treatment
12940,control
12941,treatment
12942,control
12943,treatment
12944,treatment
12945,treatment
12946,control
12947,control
12948,treatment
12949,treatment
12950,treatment
12951,control
12952,treatment
12953,treatment
12954,treatment
12955,control
12956,control
12957,control
12958,treatment
12959,treatment
12960,control
12961,control
12962,treatment
12963,control
12964,control
12965,control
12966,treatment
12967,control
12968,treatment
12969,control
12970,control
12971,treatment
12972,treatment
12973,control
12974,control
12975,control
12976,control
12977,treatment
12978,treatment
12979,control
12980,control
12981,control
12982,treatment
12983,control
12984,control
12985,control
12986,treatment
12987,treatment
12988,control
12989,control
12990,control
12991,control
12992,treatment
12993,treatment
12994,control
12995,control
12996,treatment
12997,treatment
12998,treatment
12999,treatment
13000,treatment
13001,control
13002,control
13003,treatment
13004,control
13005,control
13006,treatment
13007,control
13008,treatment
13009,treatment
13010,control
13011,control
13012,control
13013,control
13014,control
13015,treatment
13016,treatment
13017,control
13018,control
13019,treatment
13020,control
13021,treatment
13022,treatment
13023,control
13024,control
13025,treatment
13026,treatment
13027,treatment
13028,treatment
13029,treatment
13030,control
13031,treatment
13032,control
13033,treatment
13034,treatment
13035,control
13036,control
13037,control
13038,control
13039,control
13040,treatment
13041,control
13042,treatment
13043,control
13044,treatment
13045,treatment
13046,control
13047,control
13048,control
13049,treatment
13050,treatment
13051,control
13052,treatment
13053,treatment
13054,control
13055,control
13056,control
13057,control
13058,control
13059,control
13060,treatment
13061,treatment
13062,control
13063,control
13064,control
13065,treatment
13066,treatment
13067,control
13068,control
13069,treatment
13070,treatment
13071,treatment
13072,treatment
13073,treatment
13074,control
13075,control
13076,control
13077,treatment
13078,treatment
13079,control
13080,treatment
13081,treatment
13082,control
13083,treatment
13084,control
13085,control
13086,control
13087,control
13088,treatment
13089,treatment
13090,control
13091,treatment
13092,treatment
13093,treatment
13094,control
13095,control
13096,control
13097,treatment
13098,treatment
13099,control
13100,treatment
13101,control
13102,treatment
13103,treatment
13104,treatment
13105,treatment
13106,control
13107,control
13108,treatment
13109,treatment
13110,control
13111,treatment
13112,control
13113,control
13114,control
13115,treatment
13116,control
13117,treatment
13118,treatment
13119,control
13120,treatment
13121,treatment
13122,treatment
13123,control
13124,control
13125,control
13126,control
13127,control
13128,treatment
13129,control
13130,control
13131,control
13132,treatment
13133,treatment
13134,treatment
13135,control
13136,control
13137,treatment
13138,treatment
13139,control
13140,treatment
13141,control
13142,control
13143,treatment
13144,treatment
13145,control
13146,treatment
13147,treatment
13148,treatment
13149,control
13150,treatment
13151,treatment
13152,control
13153,treatment
13154,treatment
13155,control
13156,control
13157,treatment
13158,control
13159,treatment
13160,control
13161,treatment
13162,treatment
13163,treatment
13164,control
13165,control
13166,treatment
13167,control
13168,control
13169,treatment
13170,control
13171,treatment
13172,treatment
13173,control
13174,treatment
13175,control
13176,control
13177,control
13178,treatment
13179,control
13180,treatment
13181,treatment
13182,treatment
13183,control
13184,treatment
13185,treatment
13186,control
13187,treatment
13188,treatment
13189,control
13190,treatment
13191,treatment
13192,control
13193,control
13194,treatment
13195,treatment
13196,treatment
13197,control
13198,treatment
13199,treatment
13200,control
13201,treatment
13202,treatment
13203,treatment
13204,control
13205,control
13206,control
13207,treatment
13208,treatment
13209,control
13210,treatment
13211,control
13212,control
13213,control
13214,control
13215,treatment
13216,control
13217,treatment
13218,treatment
13219,treatment
13220,control
13221,treatment
13222,control
13223,control
13224,control
13225,control
13226,control
13227,control
13228,control
13229,treatment
13230,treatment
13231,control
13232,control
13233,control
13234,control
13235,treatment
13236,treatment
13237,control
13238,control
13239,control
13240,control
13241,treatment
13242,treatment
13243,treatment
13244,treatment
13245,control
13246,control
13247,treatment
13248,control
13249,treatment
13250,treatment
13251,treatment
13252,treatment
13253,treatment
13254,treatment
13255,control
13256,treatment
13257,treatment
13258,treatment
13259,control
13260,treatment
13261,control
13262,treatment
13263,control
13264,control
13265,control
13266,treatment
13267,treatment
13268,control
13269,treatment
13270,treatment
13271,treatment
13272,treatment
13273,treatment
13274,treatment
13275,treatment
13276,treatment
13277,control
13278,treatment
13279,control
13280,treatment
13281,control
13282,control
13283,control
13284,control
13285,treatment
13286,treatment
13287,treatment
13288,control
13289,control
13290,control
13291,treatment
13292,control
13293,treatment
13294,treatment
13295,control
13296,treatment
13297,control
13298,control
13299,treatment
13300,treatment
13301,treatment
13302,control
13303,control
13304,treatment
13305,control
13306,control
13307,treatment
13308,treatment
13309,treatment
13310,treatment
13311,control
13312,treatment
13313,control
13314,treatment
13315,treatment
13316,treatment
13317,treatment
13318,treatment
13319,control
13320,control
13321,control
13322,control
13323,treatment
13324,control
13325,control
13326,control
13327,treatment
13328,treatment
13329,control
13330,control
13331,treatment
13332,control
13333,treatment
13334,treatment
13335,control
13336,treatment
13337,control
13338,treatment
13339,treatment
13340,control
13341,treatment
13342,treatment
13343,treatment
13344,treatment
13345,control
13346,treatment
13347,control
13348,treatment
13349,treatment
13350,treatment
13351,control
13352,treatment
13353,treatment
13354,treatment
13355,treatment
13356,control
13357,control
13358,control
13359,control
13360,control
13361,treatment
13362,control
13363,treatment
13364,control
13365,treatment
13366,treatment
13367,control
13368,treatment
13369,treatment
13370,control
13371,treatment
13372,control
13373,control
13374,control
13375,treatment
13376,treatment
13377,treatment
13378,control
13379,treatment
13380,treatment
13381,control
13382,control
13383,treatment
13384,control
13385,treatment
13386,treatment
13387,treatment
13388,treatment
13389,control
13390,control
13391,treatment
13392,treatment
13393,treatment
13394,control
13395,control
13396,treatment
13397,control
13398,treatment
13399,control
13400,treatment
13401,control
13402,control
13403,treatment
13404,treatment
13405,control
13406,control
13407,treatment
13408,treatment
13409,treatment
13410,control
13411,control
13412,control
13413,control
13414,control
13415,treatment
13416,control
13417,control
13418,control
13419,treatment
13420,treatment
13421,treatment
13422,control
13423,control
13424,control
13425,control
13426,treatment
13427,treatment
13428,control
13429,control
13430,treatment
13431,treatment
13432,treatment
13433,treatment
13434,control
13435,treatment
13436,treatment
13437,treatment
13438,control
13439,treatment
13440,treatment
13441,control
13442,control
13443,control
13444,treatment
13445,control
13446,control
13447,control
13448,treatment
13449,control
13450,control
13451,treatment
13452,control
13453,control
13454,control
13455,control
13456,control
13457,treatment
13458,control
13459,treatment
13460,control
13461,control
13462,treatment
13463,control
13464,treatment
13465,treatment
13466,treatment
13467,treatment
13468,control
13469,control
13470,control
13471,treatment
13472,treatment
13473,treatment
13474,treatment
13475,treatment
13476,control
13477,control
13478,control
13479,treatment
13480,control
13481,control
13482,treatment
13483,control
13484,treatment
13485,treatment
13486,control
13487,treatment
13488,treatment
13489,control
13490,control
13491,treatment
13492,treatment
13493,control
13494,treatment
13495,treatment
13496,control
13497,treatment
13498,control
13499,control
13500,control
13501,treatment
13502,treatment
13503,treatment
13504,control
13505,treatment
13506,control
13507,treatment
13508,control
13509,control
13510,treatment
13511,treatment
13512,control
13513,control
13514,treatment
13515,control
13516,control
13517,treatment
13518,control
13519,control
13520,control
13521,treatment
13522,control
13523,treatment
13524,control
13525,treatment
13526,treatment
13527,control
13528,control
13529,treatment
13530,treatment
13531,control
13532,treatment
13533,treatment
13534,control
13535,treatment
13536,treatment
13537,control
13538,control
13539,control
13540,control
13541,treatment
13542,control
13543,control
13544,treatment
13545,control
13546,treatment
13547,treatment
13548,control
13549,treatment
13550,control
13551,treatment
13552,treatment
13553,control
13554,control
13555,control
13556,treatment
13557,treatment
13558,control
13559,control
13560,control
13561,control
13562,control
13563,control
13564,control
13565,treatment
13566,control
13567,control
13568,control
13569,control
13570,control
13571,control
13572,control
13573,treatment
13574,control
13575,control
13576,treatment
13577,control
13578,treatment
13579,treatment
13580,treatment
13581,control
13582,control
13583,treatment
13584,control
13585,control
13586,control
13587,treatment
13588,treatment
13589,treatment
13590,treatment
13591,treatment
13592,treatment
13593,treatment
13594,control
13595,treatment
13596,control
13597,control
13598,treatment
13599,control
13600,control
13601,treatment
13602,control
13603,treatment
13604,treatment
13605,treatment
13606,treatment
13607,treatment
13608,treatment
13609,treatment
13610,treatment
13611,control
13612,treatment
13613,control
13614,control
13615,treatment
13616,control
13617,control
13618,treatment
13619,control
13620,treatment
13621,treatment
13622,control
13623,treatment
13624,treatment
13625,treatment
13626,treatment
13627,treatment
13628,control
13629,treatment
13630,treatment
13631,control
13632,treatment
13633,control
13634,control
13635,treatment
13636,treatment
13637,treatment
13638,treatment
13639,treatment
13640,control
13641,control
13642,treatment
13643,control
13644,treatment
13645,control
13646,treatment
13647,control
13648,control
13649,control
13650,treatment
13651,treatment
13652,treatment
13653,control
13654,treatment
13655,treatment
13656,control
13657,treatment
13658,control
13659,treatment
13660,treatment
13661,control
13662,control
13663,treatment
13664,control
13665,control
13666,control
13667,treatment
13668,treatment
13669,control
13670,control
13671,treatment
13672,treatment
13673,treatment
13674,control
13675,treatment
13676,control
13677,control
13678,treatment
13679,treatment
13680,control
13681,treatment
13682,control
13683,control
13684,control
13685,treatment
13686,control
13687,control
13688,control
13689,treatment
13690,control
13691,control
13692,control
13693,control
13694,treatment
13695,control
13696,treatment
13697,control
13698,treatment
13699,treatment
13700,control
13701,control
13702,control
13703,control
13704,control
13705,control
13706,treatment
13707,control
13708,control
13709,control
13710,treatment
13711,control
13712,control
13713,treatment
13714,control
13715,treatment
13716,treatment
13717,control
13718,treatment
13719,treatment
13720,control
13721,treatment
13722,treatment
13723,control
13724,treatment
13725,treatment
13726,treatment
13727,control
13728,control
13729,treatment
13730,treatment
13731,treatment
13732,treatment
13733,control
13734,control
13735,treatment
13736,control
13737,treatment
13738,treatment
13739,control
13740,treatment
13741,treatment
13742,treatment
13743,treatment
13744,treatment
13745,treatment
13746,treatment
13747,control
13748,control
13749,control
13750,control
13751,treatment
13752,control
13753,treatment
13754,treatment
13755,control
13756,treatment
13757,control
13758,treatment
13759,control
13760,control
13761,treatment
13762,treatment
13763,treatment
13764,treatment
13765,control
13766,control
13767,treatment
13768,control
13769,treatment
13770,treatment
13771,treatment
13772,treatment
13773,treatment
13774,control
13775,treatment
13776,control
13777,control
13778,treatment
13779,treatment
13780,control
13781,treatment
13782,treatment
13783,treatment
13784,control
13785,treatment
13786,treatment
13787,control
13788,control
13789,control
13790,control
13791,control
13792,treatment
13793,control
13794,control
13795,treatment
13796,treatment
13797,control
13798,control
13799,treatment
13800,control
13801,control
13802,control
13803,control
13804,control
13805,control
13806,control
13807,treatment
13808,treatment
13809,treatment
13810,treatment
13811,treatment
13812,treatment
13813,treatment
13814,control
13815,treatment
13816,treatment
13817,treatment
13818,control
13819,control
13820,treatment
13821,treatment
13822,treatment
13823,treatment
13824,control
13825,treatment
13826,control
13827,treatment
13828,control
13829,control
13830,treatment
13831,treatment
13832,treatment
13833,treatment
13834,treatment
13835,treatment
13836,treatment
13837,control
13838,treatment
13839,treatment
13840,control
13841,treatment
13842,control
13843,treatment
13844,control
13845,treatment
13846,control
13847,control
13848,treatment
13849,control
13850,treatment
13851,treatment
13852,control
13853,control
13854,treatment
13855,treatment
13856,control
13857,control
13858,treatment
13859,treatment
13860,treatment
13861,treatment
13862,treatment
13863,treatment
13864,control
13865,treatment
13866,treatment
13867,control
13868,control
13869,treatment
13870,control
13871,control
13872,treatment
13873,treatment
13874,control
13875,control
13876,treatment
13877,treatment
13878,control
13879,treatment
13880,treatment
13881,treatment
13882,control
13883,treatment
13884,control
13885,control
13886,treatment
13887,control
13888,control
13889,control
13890,control
13891,treatment
13892,control
13893,treatment
13894,control
13895,control
13896,control
13897,treatment
13898,treatment
13899,control
13900,control
13901,control
13902,control
13903,control
13904,treatment
13905,control
13906,treatment
13907,control
13908,treatment
13909,treatment
13910,treatment
13911,treatment
13912,treatment
13913,treatment
13914,control
13915,control
13916,treatment
13917,treatment
13918,treatment
13919,control
13920,treatment
13921,treatment
13922,control
13923,treatment
13924,control
13925,control
13926,control
13927,treatment
13928,control
13929,control
13930,control
13931,control
13932,control
13933,treatment
13934,control
13935,treatment
13936,control
13937,control
13938,control
13939,control
13940,treatment
13941,control
13942,control
13943,control
13944,control
13945,treatment
13946,control
13947,control
13948,control
13949,treatment
13950,control
13951,control
13952,treatment
13953,treatment
13954,control
13955,treatment
13956,control
13957,treatment
13958,treatment
13959,control
13960,treatment
13961,treatment
13962,treatment
13963,treatment
13964,control
13965,control
13966,treatment
13967,control
13968,control
13969,treatment
13970,treatment
13971,control
13972,control
13973,treatment
13974,treatment
13975,control
13976,control
13977,treatment
13978,control
13979,treatment
13980,control
13981,control
13982,treatment
13983,control
13984,treatment
13985,control
13986,control
13987,control
13988,treatment
13989,control
13990,control
13991,treatment
13992,control
13993,treatment
13994,control
13995,treatment
13996,control
13997,treatment
13998,treatment
13999,treatment
14000,control
14001,treatment
14002,treatment
14003,treatment
14004,control
14005,control
14006,treatment
14007,control
14008,control
14009,control
14010,treatment
14011,treatment
14012,control
14013,treatment
14014,control
14015,control
14016,treatment
14017,control
14018,control
14019,control
14020,control
14021,control
14022,treatment
14023,treatment
14024,control
14025,control
14026,treatment
14027,treatment
14028,treatment
14029,control
14030,treatment
14031,control
14032,control
14033,treatment
14034,control
14035,control
14036,control
14037,control
14038,control
14039,treatment
14040,treatment
14041,treatment
14042,treatment
14043,control
14044,treatment
14045,treatment
14046,control
14047,control
14048,control
14049,treatment
14050,control
14051,control
14052,treatment
14053,treatment
14054,control
14055,treatment
14056,control
14057,treatment
14058,treatment
14059,treatment
14060,treatment
14061,treatment
14062,control
14063,control
14064,control
14065,treatment
14066,treatment
14067,treatment
14068,control
14069,treatment
14070,control
14071,control
14072,control
14073,treatment
14074,treatment
14075,treatment
14076,control
14077,treatment
14078,control
14079,control
14080,treatment
14081,treatment
14082,treatment
14083,control
14084,control
14085,treatment
14086,treatment
14087,control
14088,treatment
14089,control
14090,treatment
14091,treatment
14092,control
14093,control
14094,treatment
14095,treatment
14096,control
14097,control
14098,control
14099,treatment
14100,treatment
14101,treatment
14102,treatment
14103,control
14104,treatment
14105,treatment
14106,control
14107,treatment
14108,treatment
14109,control
14110,treatment
14111,treatment
14112,treatment
14113,treatment
14114,control
14115,treatment
14116,treatment
14117,treatment
14118,treatment
14119,control
14120,treatment
14121,treatment
14122,treatment
14123,treatment
14124,treatment
14125,control
14126,treatment
14127,control
14128,treatment
14129,treatment
14130,treatment
14131,control
14132,treatment
14133,treatment
14134,treatment
14135,control
14136,treatment
14137,treatment
14138,control
14139,control
14140,treatment
14141,control
14142,control
14143,treatment
14144,control
14145,treatment
14146,treatment
14147,control
14148,treatment
14149,treatment
14150,treatment
14151,treatment
14152,treatment
14153,control
14154,control
14155,control
14156,control
14157,treatment
14158,control
14159,control
14160,treatment
14161,treatment
14162,control
14163,control
14164,control
14165,treatment
14166,control
14167,treatment
14168,control
14169,control
14170,treatment
14171,control
14172,treatment
14173,control
14174,control
14175,control
14176,treatment
14177,treatment
14178,treatment
14179,treatment
14180,control
14181,control
14182,control
14183,control
14184,control
14185,treatment
14186,treatment
14187,control
14188,treatment
14189,control
14190,control
14191,treatment
14192,control
14193,control
14194,control
14195,treatment
14196,control
14197,control
14198,control
14199,treatment
14200,treatment
14201,control
14202,control
14203,treatment
14204,control
14205,treatment
14206,treatment
14207,control
14208,control
14209,treatment
14210,control
14211,control
14212,control
14213,control
14214,control
14215,treatment
14216,treatment
14217,treatment
14218,control
14219,control
14220,treatment
14221,control
14222,treatment
14223,treatment
14224,treatment
14225,control
14226,treatment
14227,treatment
14228,control
14229,control
14230,treatment
14231,treatment
14232,treatment
14233,control
14234,control
14235,control
14236,control
14237,treatment
14238,control
14239,treatment
14240,treatment
14241,control
14242,treatment
14243,treatment
14244,treatment
14245,control
14246,treatment
14247,treatment
14248,control
14249,treatment
14250,treatment
14251,control
14252,treatment
14253,treatment
14254,control
14255,treatment
14256,control
14257,control
14258,treatment
14259,control
14260,control
14261,treatment
14262,control
14263,treatment
14264,treatment
14265,control
14266,control
14267,control
14268,treatment
14269,control
14270,treatment
14271,control
14272,treatment
14273,treatment
14274,treatment
14275,treatment
14276,treatment
14277,control
14278,treatment
14279,control
14280,control
14281,control
14282,control
14283,control
14284,control
14285,control
14286,treatment
14287,treatment
14288,control
14289,control
14290,control
14291,treatment
14292,control
14293,treatment
14294,control
14295,treatment
14296,treatment
14297,control
14298,control
14299,treatment
14300,control
14301,control
14302,control
14303,treatment
14304,treatment
14305,control
14306,control
14307,control
14308,treatment
14309,treatment
14310,control
14311,treatment
14312,control
14313,treatment
14314,treatment
14315,treatment
14316,control
14317,control
14318,control
14319,control
14320,control
14321,treatment
14322,control
14323,treatment
14324,control
14325,control
14326,treatment
14327,control
14328,treatment
14329,treatment
14330,treatment
14331,treatment
14332,treatment
14333,treatment
14334,treatment
14335,control
14336,treatment
14337,control
14338,treatment
14339,treatment
14340,treatment
14341,treatment
14342,control
14343,treatment
14344,treatment
14345,control
14346,control
14347,treatment
14348,control
14349,control
14350,control
14351,treatment
14352,treatment
14353,treatment
14354,treatment
14355,control
14356,treatment
14357,treatment
14358,treatment
14359,treatment
14360,treatment
14361,control
14362,treatment
14363,control
14364,control
14365,control
14366,treatment
14367,treatment
14368,control
14369,control
14370,control
14371,treatment
14372,control
14373,control
14374,control
14375,treatment
14376,control
14377,treatment
14378,control
14379,control
14380,control
14381,control
14382,control
14383,treatment
14384,treatment
14385,treatment
14386,treatment
14387,treatment
14388,treatment
14389,control
14390,treatment
14391,control
14392,control
14393,treatment
14394,treatment
14395,treatment
14396,treatment
14397,control
14398,control
14399,treatment
14400,control
14401,treatment
14402,control
14403,control
14404,control
14405,control
14406,treatment
14407,control
14408,control
14409,treatment
14410,control
14411,treatment
14412,treatment
14413,treatment
14414,control
14415,control
14416,control
14417,treatment
14418,control
14419,control
14420,treatment
14421,control
14422,treatment
14423,treatment
14424,control
14425,control
14426,control
14427,control
14428,control
14429,control
14430,treatment
14431,treatment
14432,control
14433,control
14434,control
14435,control
14436,control
14437,control
14438,control
14439,control
14440,control
14441,treatment
14442,control
14443,control
14444,control
14445,treatment
14446,control
14447,treatment
14448,control
14449,treatment
14450,control
14451,control
14452,treatment
14453,control
14454,treatment
14455,treatment
14456,control
14457,treatment
14458,control
14459,treatment
14460,control
14461,control
14462,treatment
14463,treatment
14464,control
14465,control
14466,control
14467,treatment
14468,treatment
14469,treatment
14470,control
14471,control
14472,treatment
14473,treatment
14474,treatment
14475,treatment
14476,control
14477,control
14478,treatment
14479,treatment
14480,treatment
14481,control
14482,treatment
14483,treatment
14484,treatment
14485,treatment
14486,treatment
14487,treatment
14488,control
14489,control
14490,control
14491,treatment
14492,control
14493,control
14494,control
14495,control
14496,control
14497,treatment
14498,control
14499,control
14500,treatment
14501,treatment
14502,treatment
14503,treatment
14504,control
14505,treatment
14506,treatment
14507,control
14508,control
14509,treatment
14510,control
14511,control
14512,control
14513,treatment
14514,control
14515,control
14516,control
14517,control
14518,treatment
14519,control
14520,control
14521,control
14522,treatment
14523,treatment
14524,treatment
14525,control
14526,treatment
14527,control
14528,treatment
14529,treatment
14530,treatment
14531,control
14532,control
14533,control
14534,treatment
14535,treatment
14536,treatment
14537,control
14538,treatment
14539,control
14540,treatment
14541,treatment
14542,treatment
14543,treatment
14544,control
14545,control
14546,control
14547,treatment
14548,control
14549,treatment
14550,control
14551,treatment
14552,treatment
14553,treatment
14554,treatment
14555,treatment
14556,control
14557,treatment
14558,control
14559,control
14560,treatment
14561,control
14562,treatment
14563,control
14564,control
14565,treatment
14566,control
14567,treatment
14568,control
14569,control
14570,treatment
14571,control
14572,control
14573,treatment
14574,treatment
14575,control
14576,treatment
14577,control
14578,control
14579,treatment
14580,treatment
14581,control
14582,treatment
14583,control
14584,treatment
14585,control
14586,control
14587,treatment
14588,treatment
14589,treatment
14590,control
14591,treatment
14592,treatment
14593,treatment
14594,control
14595,treatment
14596,treatment
14597,treatment
14598,treatment
14599,control
14600,control
14601,control
14602,treatment
14603,treatment
14604,treatment
14605,treatment
14606,treatment
14607,treatment
14608,treatment
14609,control
14610,control
14611,treatment
14612,control
14613,control
14614,treatment
14615,treatment
14616,control
14617,control
14618,treatment
14619,control
14620,treatment
14621,control
14622,control
14623,treatment
14624,control
14625,control
14626,treatment
14627,treatment
14628,control
14629,treatment
14630,treatment
14631,treatment
14632,control
14633,treatment
14634,treatment
14635,control
14636,treatment
14637,control
14638,control
14639,control
14640,treatment
14641,control
14642,treatment
14643,control
14644,treatment
14645,control
14646,control
14647,treatment
14648,control
14649,treatment
14650,treatment
14651,control
14652,control
14653,control
14654,treatment
14655,treatment
14656,treatment
14657,treatment
14658,treatment
14659,control
14660,treatment
14661,treatment
14662,treatment
14663,control
14664,treatment
14665,control
14666,control
14667,control
14668,treatment
14669,control
14670,treatment
14671,control
14672,treatment
14673,control
14674,control
14675,control
14676,treatment
14677,control
14678,treatment
14679,treatment
14680,control
14681,treatment
14682,control
14683,control
14684,treatment
14685,control
14686,control
14687,control
14688,control
14689,treatment
14690,treatment
14691,control
14692,treatment
14693,treatment
14694,treatment
14695,treatment
14696,treatment
14697,treatment
14698,control
14699,control
14700,control
14701,treatment
14702,treatment
14703,control
14704,control
14705,control
14706,control
14707,treatment
14708,control
14709,treatment
14710,treatment
14711,control
14712,control
14713,treatment
14714,treatment
14715,treatment
14716,control
14717,control
14718,treatment
14719,treatment
14720,control
14721,treatment
14722,control
14723,control
14724,control
14725,control
14726,control
14727,control
14728,treatment
14729,treatment
14730,control
14731,treatment
14732,control
14733,treatment
14734,treatment
14735,treatment
14736,control
14737,control
14738,control
14739,control
14740,control
14741,control
14742,treatment
14743,control
14744,control
14745,control
14746,treatment
14747,control
14748,control
14749,control
14750,control
14751,control
14752,control
14753,control
14754,treatment
14755,control
14756,control
14757,treatment
14758,treatment
14759,treatment
14760,control
14761,treatment
14762,control
14763,treatment
14764,control
14765,control
14766,control
14767,control
14768,treatment
14769,control
14770,control
14771,control
14772,control
14773,control
14774,control
14775,treatment
14776,control
14777,treatment
14778,treatment
14779,control
14780,treatment
14781,treatment
14782,treatment
14783,treatment
14784,treatment
14785,treatment
14786,treatment
14787,control
14788,control
14789,control
14790,treatment
14791,treatment
14792,control
14793,treatment
14794,control
14795,control
14796,control
14797,treatment
14798,control
14799,treatment
14800,treatment
14801,control
14802,control
14803,control
14804,treatment
14805,control
14806,control
14807,control
14808,control
14809,control
14810,treatment
14811,treatment
14812,treatment
14813,treatment
14814,control
14815,treatment
14816,control
14817,treatment
14818,control
14819,treatment
14820,treatment
14821,treatment
14822,treatment
14823,control
14824,treatment
14825,treatment
14826,control
14827,control
14828,control
14829,control
14830,control
14831,treatment
14832,control
14833,treatment
14834,treatment
14835,treatment
14836,treatment
14837,treatment
14838,control
14839,treatment
14840,control
14841,control
14842,treatment
14843,treatment
14844,treatment
14845,control
14846,treatment
14847,treatment
14848,control
14849,treatment
14850,control
14851,treatment
14852,control
14853,treatment
14854,control
14855,treatment
14856,treatment
14857,treatment
14858,control
14859,treatment
14860,treatment
14861,control
14862,control
14863,control
14864,control
14865,treatment
14866,treatment
14867,control
14868,control
14869,control
14870,control
14871,control
14872,control
14873,treatment
14874,treatment
14875,treatment
14876,treatment
14877,control
14878,treatment
14879,control
14880,treatment
14881,treatment
14882,control
14883,control
14884,treatment
14885,treatment
14886,control
14887,control
14888,treatment
14889,treatment
14890,treatment
14891,treatment
14892,treatment
14893,treatment
14894,control
14895,treatment
14896,control
14897,treatment
14898,control
14899,treatment
14900,control
14901,treatment
14902,control
14903,control
14904,treatment
14905,treatment
14906,treatment
14907,treatment
14908,treatment
14909,treatment
14910,treatment
14911,control
14912,control
14913,treatment
14914,treatment
14915,treatment
14916,treatment
14917,control
14918,treatment
14919,control
14920,control
14921,control
14922,control
14923,treatment
14924,control
14925,treatment
14926,control
14927,treatment
14928,treatment
14929,control
14930,control
14931,control
14932,treatment
14933,control
14934,control
14935,control
14936,control
14937,treatment
14938,control
14939,treatment
14940,control
14941,control
14942,control
14943,control
14944,treatment
14945,control
14946,control
14947,control
14948,control
14949,treatment
14950,control
14951,treatment
14952,treatment
14953,treatment
14954,treatment
14955,control
14956,control
14957,treatment
14958,control
14959,treatment
14960,treatment
14961,treatment
14962,control
14963,treatment
14964,control
14965,control
14966,treatment
14967,control
14968,treatment
14969,control
14970,control
14971,treatment
14972,treatment
14973,treatment
14974,treatment
14975,control
14976,treatment
14977,control
14978,control
14979,treatment
14980,control
14981,control
14982,control
14983,control
14984,treatment
14985,treatment
14986,control
14987,treatment
14988,treatment
14989,control
14990,treatment
14991,treatment
14992,treatment
14993,treatment
14994,control
14995,treatment
14996,control
14997,treatment
14998,treatment
14999,control
15000,control
15001,treatment
15002,treatment
15003,treatment
15004,treatment
15005,treatment
15006,treatment
15007,treatment
15008,control
15009,treatment
15010,treatment
15011,control
15012,treatment
15013,control
15014,treatment
15015,treatment
15016,treatment
15017,control
15018,treatment
15019,control
15020,treatment
15021,treatment
15022,control
15023,control
15024,treatment
15025,control
15026,control
15027,treatment
15028,treatment
15029,treatment
15030,treatment
15031,control
15032,treatment
15033,treatment
15034,control
15035,control
15036,control
15037,treatment
15038,treatment
15039,control
15040,control
15041,control
15042,treatment
15043,treatment
15044,control
15045,control
15046,control
15047,control
15048,treatment
15049,treatment
15050,treatment
15051,treatment
15052,control
15053,treatment
15054,treatment
15055,treatment
15056,treatment
15057,treatment
15058,treatment
15059,treatment
15060,control
15061,treatment
15062,control
15063,treatment
15064,treatment
15065,treatment
15066,treatment
15067,control
15068,control
15069,treatment
15070,control
15071,treatment
15072,control
15073,treatment
15074,treatment
15075,treatment
15076,treatment
15077,treatment
15078,control
15079,treatment
15080,treatment
15081,control
15082,treatment
15083,treatment
15084,control
15085,treatment
15086,control
15087,treatment
15088,control
15089,treatment
15090,treatment
15091,control
15092,control
15093,treatment
15094,treatment
15095,control
15096,control
15097,treatment
15098,treatment
15099,control
15100,treatment
15101,treatment
15102,control
15103,treatment
15104,control
15105,control
15106,control
15107,control
15108,treatment
15109,treatment
15110,control
15111,control
15112,treatment
15113,treatment
15114,control
15115,treatment
15116,treatment
15117,control
15118,treatment
15119,control
15120,control
15121,treatment
15122,control
15123,treatment
15124,control
15125,treatment
15126,control
15127,control
15128,control
15129,treatment
15130,treatment
15131,control
15132,control
15133,control
15134,treatment
15135,treatment
15136,treatment
15137,control
15138,treatment
15139,control
15140,treatment
15141,treatment
15142,control
15143,control
15144,control
15145,control
15146,control
15147,treatment
15148,treatment
15149,control
15150,control
15151,treatment
15152,control
15153,treatment
15154,treatment
15155,treatment
15156,control
15157,control
15158,treatment
15159,treatment
15160,treatment
15161,control
15162,control
15163,control
15164,treatment
15165,control
15166,treatment
15167,control
15168,treatment
15169,control
15170,treatment
15171,treatment
15172,control
15173,control
15174,treatment
15175,treatment
15176,treatment
15177,treatment
15178,control
15179,treatment
15180,treatment
15181,treatment
15182,control
15183,treatment
15184,control
15185,control
15186,treatment
15187,treatment
15188,control
15189,treatment
15190,control
15191,control
15192,control
15193,treatment
15194,treatment
15195,treatment
15196,treatment
15197,treatment
15198,treatment
15199,treatment
15200,treatment
15201,control
15202,control
15203,control
15204,control
15205,treatment
15206,treatment
15207,control
15208,control
15209,treatment
15210,treatment
15211,control
15212,control
15213,control
15214,treatment
15215,treatment
15216,control
15217,control
15218,control
15219,treatment
15220,treatment
15221,treatment
15222,treatment
15223,treatment
15224,control
15225,control
15226,control
15227,control
15228,treatment
15229,treatment
15230,control
15231,control
15232,control
15233,treatment
15234,control
15235,control
15236,treatment
15237,treatment
15238,control
15239,control
15240,control
15241,treatment
15242,control
15243,control
15244,treatment
15245,control
15246,control
15247,treatment
15248,treatment
15249,treatment
15250,control
15251,treatment
15252,control
15253,control
15254,control
15255,treatment
15256,treatment
15257,treatment
15258,treatment
15259,control
15260,control
15261,control
15262,control
15263,treatment
15264,control
15265,control
15266,treatment
15267,control
15268,control
15269,control
15270,treatment
15271,treatment
15272,treatment
15273,control
15274,treatment
15275,control
15276,control
15277,treatment
15278,treatment
15279,control
15280,control
15281,control
15282,control
15283,control
15284,treatment
15285,control
15286,control
15287,control
15288,treatment
15289,treatment
15290,control
15291,control
15292,treatment
15293,control
15294,control
15295,control
15296,treatment
15297,control
15298,control
15299,treatment
15300,treatment
15301,control
15302,treatment
15303,control
15304,treatment
15305,treatment
15306,treatment
15307,control
15308,control
15309,control
15310,control
15311,control
15312,control
15313,control
15314,control
15315,treatment
15316,treatment
15317,control
15318,treatment
15319,treatment
15320,control
15321,control
15322,treatment
15323,treatment
15324,control
15325,control
15326,treatment
15327,control
15328,control
15329,control
15330,control
15331,treatment
15332,control
15333,treatment
15334,treatment
15335,treatment
15336,control
15337,control
15338,treatment
15339,control
15340,treatment
15341,treatment
15342,treatment
15343,treatment
15344,treatment
15345,treatment
15346,control
15347,treatment
15348,control
15349,treatment
15350,treatment
15351,control
15352,control
15353,treatment
15354,treatment
15355,treatment
15356,treatment
15357,treatment
15358,treatment
15359,control
15360,control
15361,treatment
15362,control
15363,treatment
15364,treatment
15365,treatment
15366,control
15367,treatment
15368,treatment
15369,control
15370,treatment
15371,treatment
15372,control
15373,control
15374,treatment
15375,control
15376,control
15377,treatment
15378,control
15379,treatment
15380,control
15381,control
15382,treatment
15383,control
15384,control
15385,treatment
15386,treatment
15387,control
15388,control
15389,treatment
15390,treatment
15391,control
15392,treatment
15393,control
15394,control
15395,control
15396,control
15397,control
15398,treatment
15399,control
15400,treatment
15401,treatment
15402,treatment
15403,control
15404,treatment
15405,control
15406,treatment
15407,treatment
15408,treatment
15409,treatment
15410,control
15411,treatment
15412,treatment
15413,control
15414,control
15415,control
15416,treatment
15417,control
15418,treatment
15419,control
15420,treatment
15421,control
15422,control
15423,control
15424,treatment
15425,control
15426,control
15427,treatment
15428,control
15429,control
15430,treatment
15431,control
15432,control
15433,treatment
15434,treatment
15435,control
15436,control
15437,treatment
15438,treatment
15439,control
15440,control
15441,treatment
15442,control
15443,treatment
15444,treatment
15445,treatment
15446,control
15447,control
15448,treatment
15449,control
15450,control
15451,treatment
15452,control
15453,treatment
15454,treatment
15455,control
15456,treatment
15457,control
15458,treatment
15459,treatment
15460,control
15461,control
15462,treatment
15463,treatment
15464,treatment
15465,treatment
15466,control
15467,control
15468,treatment
15469,control
15470,treatment
15471,treatment
15472,treatment
15473,control
15474,treatment
15475,control
15476,control
15477,treatment
15478,treatment
15479,control
15480,treatment
15481,control
15482,treatment
15483,treatment
15484,treatment
15485,control
15486,control
15487,control
15488,control
15489,control
15490,treatment
15491,treatment
15492,control
15493,treatment
15494,treatment
15495,treatment
15496,control
15497,control
15498,treatment
15499,control
15500,control
15501,treatment
15502,treatment
15503,control
15504,treatment
15505,treatment
15506,control
15507,control
15508,treatment
15509,control
15510,control
15511,treatment
15512,control
15513,treatment
15514,treatment
15515,treatment
15516,treatment
15517,treatment
15518,treatment
15519,control
15520,treatment
15521,control
15522,treatment
15523,treatment
15524,control
15525,treatment
15526,control
15527,control
15528,treatment
15529,control
15530,treatment
15531,control
15532,control
15533,treatment
15534,control
15535,treatment
15536,treatment
15537,treatment
15538,treatment
15539,control
15540,treatment
15541,treatment
15542,treatment
15543,control
15544,treatment
15545,control
15546,control
15547,control
15548,treatment
15549,control
15550,control
15551,control
15552,control
15553,control
15554,treatment
15555,treatment
15556,control
15557,control
15558,treatment
15559,treatment
15560,treatment
15561,control
15562,treatment
15563,treatment
15564,treatment
15565,treatment
15566,control
15567,treatment
15568,treatment
15569,control
15570,treatment
15571,treatment
15572,treatment
15573,treatment
15574,control
15575,control
15576,control
15577,control
15578,control
15579,control
15580,control
15581,control
15582,control
15583,control
15584,control
15585,treatment
15586,treatment
15587,control
15588,treatment
15589,treatment
15590,treatment
15591,treatment
15592,treatment
15593,control
15594,control
15595,treatment
15596,treatment
15597,control
15598,treatment
15599,treatment
15600,control
15601,treatment
15602,treatment
15603,control
15604,control
15605,treatment
15606,control
15607,control
15608,control
15609,treatment
15610,control
15611,control
15612,treatment
15613,control
15614,control
15615,control
15616,treatment
15617,control
15618,control
15619,treatment
15620,control
15621,treatment
15622,treatment
15623,treatment
15624,control
15625,control
15626,treatment
15627,control
15628,treatment
15629,control
15630,control
15631,treatment
15632,treatment
15633,treatment
15634,control
15635,treatment
15636,control
15637,treatment
15638,control
15639,treatment
15640,treatment
15641,control
15642,control
15643,treatment
15644,treatment
15645,control
15646,treatment
15647,treatment
15648,control
15649,treatment
15650,treatment
15651,control
15652,control
15653,treatment
15654,control
15655,control
15656,treatment
15657,control
15658,treatment
15659,control
15660,control
15661,treatment
15662,treatment
15663,treatment
15664,treatment
15665,control
15666,control
15667,control
15668,control
15669,treatment
15670,treatment
15671,control
15672,control
15673,treatment
15674,treatment
15675,treatment
15676,treatment
15677,treatment
15678,treatment
15679,treatment
15680,treatment
15681,control
15682,treatment
15683,control
15684,control
15685,treatment
15686,treatment
15687,control
15688,treatment
15689,treatment
15690,treatment
15691,treatment
15692,treatment
15693,treatment
15694,treatment
15695,treatment
15696,control
15697,treatment
15698,control
15699,treatment
15700,control
15701,treatment
15702,treatment
15703,treatment
15704,treatment
15705,treatment
15706,control
15707,control
15708,control
15709,treatment
15710,control
15711,treatment
15712,control
15713,treatment
15714,treatment
15715,treatment
15716,control
15717,control
15718,treatment
15719,treatment
15720,treatment
15721,control
15722,control
15723,control
15724,control
15725,control
15726,treatment
15727,control
15728,treatment
15729,treatment
15730,control
15731,control
15732,control
15733,control
15734,treatment
15735,control
15736,treatment
15737,control
15738,treatment
15739,control
15740,control
15741,control
15742,control
15743,control
15744,control
15745,treatment
15746,control
15747,control
15748,treatment
15749,control
15750,control
15751,treatment
15752,control
15753,treatment
15754,treatment
15755,control
15756,control
15757,control
15758,control
15759,treatment
15760,control
15761,treatment
15762,treatment
15763,treatment
15764,treatment
15765,treatment
15766,treatment
15767,treatment
15768,control
15769,treatment
15770,control
15771,treatment
15772,treatment
15773,treatment
15774,control
15775,control
15776,control
15777,control
15778,control
15779,treatment
15780,treatment
15781,treatment
15782,treatment
15783,treatment
15784,control
15785,treatment
15786,control
15787,treatment
15788,treatment
15789,treatment
15790,treatment
15791,control
15792,control
15793,treatment
15794,treatment
15795,control
15796,control
15797,treatment
15798,treatment
15799,treatment
15800,control
15801,control
15802,treatment
15803,treatment
15804,control
15805,control
15806,treatment
15807,control
15808,control
15809,treatment
15810,treatment
15811,treatment
15812,control
15813,control
15814,control
15815,control
15816,control
15817,control
15818,treatment
15819,treatment
15820,control
15821,control
15822,treatment
15823,control
15824,control
15825,control
15826,treatment
15827,treatment
15828,treatment
15829,control
15830,treatment
15831,control
15832,control
15833,treatment
15834,treatment
15835,control
15836,control
15837,control
15838,treatment
15839,treatment
15840,control
15841,treatment
15842,treatment
15843,control
15844,control
15845,treatment
15846,treatment
15847,control
15848,treatment
15849,treatment
15850,control
15851,treatment
15852,control
15853,control
15854,treatment
15855,control
15856,treatment
15857,treatment
15858,control
15859,treatment
15860,treatment
15861,control
15862,control
15863,control
15864,control
15865,treatment
15866,control
15867,control
15868,control
15869,control
15870,treatment
15871,control
15872,control
15873,control
15874,treatment
15875,treatment
15876,treatment
15877,treatment
15878,treatment
15879,treatment
15880,treatment
15881,treatment
15882,control
15883,treatment
15884,control
15885,treatment
15886,treatment
15887,control
15888,treatment
15889,treatment
15890,treatment
15891,control
15892,treatment
15893,control
15894,treatment
15895,control
15896,treatment
15897,treatment
15898,control
15899,treatment
15900,control
15901,control
15902,treatment
15903,control
15904,control
15905,control
15906,control
15907,treatment
15908,control
15909,control
15910,treatment
15911,treatment
15912,control
15913,treatment
15914,treatment
15915,control
15916,treatment
15917,treatment
15918,treatment
15919,treatment
15920,treatment
15921,control
15922,treatment
15923,treatment
15924,control
15925,control
15926,control
15927,treatment
15928,treatment
15929,control
15930,control
15931,control
15932,treatment
15933,treatment
15934,treatment
15935,treatment
15936,control
15937,control
15938,control
15939,control
15940,control
15941,control
15942,treatment
15943,treatment
15944,treatment
15945,treatment
15946,treatment
15947,treatment
15948,control
15949,control
15950,treatment
15951,treatment
15952,treatment
15953,control
15954,control
15955,treatment
15956,control
15957,control
15958,control
15959,control
15960,control
15961,treatment
15962,treatment
15963,treatment
15964,control
15965,control
15966,control
15967,treatment
15968,control
15969,control
15970,treatment
15971,control
15972,treatment
15973,treatment
15974,treatment
15975,treatment
15976,control
15977,control
15978,control
15979,treatment
15980,treatment
15981,treatment
15982,treatment
15983,control
15984,control
15985,control
15986,control
15987,treatment
15988,control
15989,treatment
15990,treatment
15991,treatment
15992,treatment
15993,treatment
15994,treatment
15995,control
15996,treatment
15997,control
15998,control
15999,treatment
16000,control
16001,control
16002,control
16003,control
16004,treatment
16005,control
16006,control
16007,treatment
16008,control
16009,control
16010,control
16011,control
16012,control
16013,treatment
16014,control
16015,control
16016,treatment
16017,control
16018,control
16019,control
16020,control
16021,control
16022,treatment
16023,control
16024,treatment
16025,treatment
16026,treatment
16027,treatment
16028,control
16029,treatment
16030,control
16031,control
16032,control
16033,treatment
16034,treatment
16035,treatment
16036,control
16037,control
16038,control
16039,control
16040,control
16041,treatment
16042,control
16043,treatment
16044,control
16045,treatment
16046,treatment
16047,control
16048,treatment
16049,control
16050,control
16051,control
16052,treatment
16053,treatment
16054,treatment
16055,treatment
16056,treatment
16057,treatment
16058,control
16059,control
16060,control
16061,control
16062,treatment
16063,control
16064,control
16065,treatment
16066,treatment
16067,treatment
16068,control
16069,treatment
16070,control
16071,treatment
16072,control
16073,control
16074,control
16075,treatment
16076,treatment
16077,control
16078,control
16079,treatment
16080,control
16081,control
16082,control
16083,control
16084,control
16085,control
16086,treatment
16087,control
16088,control
16089,treatment
16090,treatment
16091,treatment
16092,treatment
16093,treatment
16094,treatment
16095,control
16096,control
16097,control
16098,treatment
16099,control
16100,control
16101,control
16102,treatment
16103,control
16104,treatment
16105,treatment
16106,control
16107,treatment
16108,control
16109,treatment
16110,control
16111,treatment
16112,treatment
16113,control
16114,control
16115,treatment
16116,treatment
16117,treatment
16118,treatment
16119,treatment
16120,treatment
16121,control
16122,treatment
16123,control
16124,control
16125,control
16126,control
16127,control
16128,treatment
16129,treatment
16130,control
16131,treatment
16132,treatment
16133,control
16134,control
16135,treatment
16136,treatment
16137,control
16138,control
16139,control
16140,treatment
16141,control
16142,control
16143,treatment
16144,control
16145,treatment
16146,treatment
16147,control
16148,control
16149,control
16150,treatment
16151,treatment
16152,treatment
16153,treatment
16154,treatment
16155,treatment
16156,treatment
16157,treatment
16158,control
16159,control
16160,control
16161,control
16162,control
16163,control
16164,treatment
16165,treatment
16166,control
16167,control
16168,treatment
16169,treatment
16170,treatment
16171,treatment
16172,treatment
16173,treatment
16174,treatment
16175,treatment
16176,control
16177,control
16178,treatment
16179,control
16180,treatment
16181,control
16182,treatment
16183,treatment
16184,control
16185,control
16186,control
16187,control
16188,treatment
16189,treatment
16190,treatment
16191,treatment
16192,treatment
16193,control
16194,treatment
16195,control
16196,control
16197,control
16198,control
16199,treatment
16200,control
16201,control
16202,treatment
16203,control
16204,treatment
16205,treatment
16206,treatment
16207,treatment
16208,control
16209,treatment
16210,control
16211,treatment
16212,treatment
16213,control
16214,treatment
16215,treatment
16216,treatment
16217,control
16218,treatment
16219,treatment
16220,control
16221,control
16222,treatment
16223,control
16224,treatment
16225,control
16226,control
16227,control
16228,control
16229,control
16230,control
16231,control
16232,control
16233,control
16234,control
16235,treatment
16236,control
16237,treatment
16238,control
16239,control
16240,control
16241,control
16242,treatment
16243,treatment
16244,treatment
16245,control
16246,control
16247,treatment
16248,control
16249,treatment
16250,control
16251,control
16252,control
16253,treatment
16254,treatment
16255,control
16256,control
16257,control
16258,control
16259,control
16260,treatment
16261,treatment
16262,treatment
16263,treatment
16264,treatment
16265,treatment
16266,control
16267,control
16268,treatment
16269,control
16270,control
16271,control
16272,treatment
16273,treatment
16274,treatment
16275,treatment
16276,treatment
16277,control
16278,control
16279,treatment
16280,control
16281,control
16282,treatment
16283,control
16284,treatment
16285,control
16286,control
16287,control
16288,treatment
16289,control
16290,control
16291,treatment
16292,control
16293,treatment
16294,treatment
16295,treatment
16296,control
16297,control
16298,treatment
16299,treatment
16300,control
16301,treatment
16302,control
16303,treatment
16304,treatment
16305,control
16306,control
16307,treatment
16308,treatment
16309,control
16310,control
16311,control
16312,treatment
16313,treatment
16314,treatment
16315,treatment
16316,control
16317,control
16318,treatment
16319,control
16320,treatment
16321,control
16322,control
16323,control
16324,control
16325,control
16326,control
16327,control
16328,control
16329,control
16330,control
16331,control
16332,treatment
16333,treatment
16334,treatment
16335,treatment
16336,control
16337,treatment
16338,control
16339,treatment
16340,control
16341,control
16342,treatment
16343,treatment
16344,control
16345,control
16346,treatment
16347,control
16348,treatment
16349,treatment
16350,control
16351,control
16352,control
16353,control
16354,treatment
16355,treatment
16356,control
16357,control
16358,control
16359,control
16360,treatment
16361,treatment
16362,control
16363,treatment
16364,control
16365,treatment
16366,control
16367,treatment
16368,treatment
16369,treatment
16370,control
16371,control
16372,treatment
16373,control
16374,treatment
16375,treatment
16376,control
16377,control
16378,control
16379,treatment
16380,control
16381,control
16382,control
16383,treatment
16384,treatment
16385,treatment
16386,control
16387,treatment
16388,treatment
16389,treatment
16390,control
16391,treatment
16392,treatment
16393,control
16394,treatment
16395,control
16396,control
16397,control
16398,control
16399,treatment
16400,control
16401,control
16402,control
16403,treatment
16404,control
16405,treatment
16406,treatment
16407,treatment
16408,control
16409,control
16410,treatment
16411,control
16412,control
16413,treatment
16414,treatment
16415,treatment
16416,control
16417,treatment
16418,treatment
16419,treatment
16420,control
16421,treatment
16422,control
16423,treatment
16424,treatment
16425,treatment
16426,treatment
16427,treatment
16428,control
16429,control
16430,treatment
16431,treatment
16432,treatment
16433,control
16434,control
16435,control
16436,treatment
16437,control
16438,control
16439,control
16440,treatment
16441,treatment
16442,treatment
16443,treatment
16444,treatment
16445,control
16446,control
16447,control
16448,control
16449,treatment
16450,control
16451,treatment
16452,treatment
16453,control
16454,control
16455,treatment
16456,control
16457,control
16458,control
16459,treatment
16460,control
16461,control
16462,treatment
16463,treatment
16464,treatment
16465,control
16466,control
16467,control
16468,control
16469,control
16470,control
16471,control
16472,control
16473,treatment
16474,treatment
16475,control
16476,treatment
16477,control
16478,control
16479,treatment
16480,control
16481,treatment
16482,control
16483,treatment
16484,treatment
16485,treatment
16486,control
16487,control
16488,control
16489,treatment
16490,control
16491,control
16492,control
16493,control
16494,treatment
16495,treatment
16496,control
16497,treatment
16498,control
16499,treatment
16500,treatment
16501,control
16502,control
16503,treatment
16504,control
16505,treatment
16506,treatment
16507,treatment
16508,control
16509,control
16510,treatment
16511,treatment
16512,control
16513,treatment
16514,treatment
16515,control
16516,treatment
16517,treatment
16518,control
16519,control
16520,treatment
16521,control
16522,treatment
16523,treatment
16524,control
16525,control
16526,treatment
16527,control
16528,control
16529,control
16530,control
16531,control
16532,control
16533,control
16534,control
16535,treatment
16536,control
16537,treatment
16538,treatment
16539,control
16540,treatment
16541,control
16542,control
16543,treatment
16544,treatment
16545,treatment
16546,control
16547,control
16548,control
16549,treatment
16550,control
16551,control
16552,treatment
16553,control
16554,treatment
16555,treatment
16556,treatment
16557,control
16558,control
16559,treatment
16560,control
16561,control
16562,control
16563,treatment
16564,control
16565,control
16566,treatment
16567,control
16568,treatment
16569,treatment
16570,treatment
16571,treatment
16572,treatment
16573,control
16574,control
16575,treatment
16576,treatment
16577,treatment
16578,control
16579,control
16580,treatment
16581,control
16582,control
16583,treatment
16584,control
16585,control
16586,treatment
16587,control
16588,control
16589,control
16590,treatment
16591,treatment
16592,control
16593,control
16594,control
16595,treatment
16596,treatment
16597,control
16598,treatment
16599,control
16600,control
16601,control
16602,treatment
16603,treatment
16604,control
16605,treatment
16606,control
16607,control
16608,control
16609,treatment
16610,treatment
16611,control
16612,control
16613,treatment
16614,treatment
16615,treatment
16616,control
16617,control
16618,control
16619,treatment
16620,control
16621,treatment
16622,control
16623,treatment
16624,control
16625,treatment
16626,treatment
16627,control
16628,control
16629,control
16630,treatment
16631,control
16632,control
16633,treatment
16634,treatment
16635,treatment
16636,treatment
16637,control
16638,treatment
16639,treatment
16640,treatment
16641,control
16642,treatment
16643,treatment
16644,control
16645,control
16646,treatment
16647,control
16648,control
16649,treatment
16650,control
16651,treatment
16652,treatment
16653,treatment
16654,control
16655,control
16656,treatment
16657,treatment
16658,control
16659,control
16660,treatment
16661,control
16662,control
16663,control
16664,treatment
16665,treatment
16666,control
16667,treatment
16668,control
16669,treatment
16670,control
16671,control
16672,treatment
16673,control
16674,control
16675,control
16676,treatment
16677,treatment
16678,treatment
16679,treatment
16680,treatment
16681,treatment
16682,control
16683,control
16684,control
16685,control
16686,control
16687,control
16688,treatment
16689,treatment
16690,control
16691,control
16692,treatment
16693,treatment
16694,treatment
16695,control
16696,treatment
16697,treatment
16698,control
16699,treatment
16700,control
16701,control
16702,treatment
16703,treatment
16704,control
16705,treatment
16706,control
16707,treatment
16708,control
16709,treatment
16710,control
16711,control
16712,treatment
16713,treatment
16714,treatment
16715,control
16716,treatment
16717,treatment
16718,treatment
16719,control
16720,control
16721,treatment
16722,control
16723,treatment
16724,treatment
16725,treatment
16726,control
16727,treatment
16728,treatment
16729,control
16730,treatment
16731,treatment
16732,control
16733,treatment
16734,control
16735,treatment
16736,control
16737,treatment
16738,treatment
16739,treatment
16740,control
16741,treatment
16742,treatment
16743,control
16744,treatment
16745,control
16746,treatment
16747,treatment
16748,control
16749,control
16750,control
16751,treatment
16752,control
16753,treatment
16754,control
16755,control
16756,control
16757,control
16758,treatment
16759,treatment
16760,treatment
16761,control
16762,control
16763,control
16764,treatment
16765,treatment
16766,control
16767,control
16768,treatment
16769,treatment
16770,treatment
16771,control
16772,control
16773,treatment
16774,control
16775,treatment
16776,treatment
16777,treatment
16778,control
16779,control
16780,control
16781,treatment
16782,control
16783,treatment
16784,control
16785,treatment
16786,treatment
16787,control
16788,control
16789,treatment
16790,treatment
16791,treatment
16792,control
16793,treatment
16794,control
16795,treatment
16796,control
16797,treatment
16798,treatment
16799,control
16800,control
16801,treatment
16802,control
16803,treatment
16804,treatment
16805,control
16806,treatment
16807,control
16808,treatment
16809,control
16810,control
16811,treatment
16812,control
16813,treatment
16814,control
16815,control
16816,control
16817,treatment
16818,control
16819,treatment
16820,control
16821,treatment
16822,control
16823,control
16824,treatment
16825,treatment
16826,control
16827,control
16828,treatment
16829,control
16830,control
16831,control
16832,control
16833,treatment
16834,treatment
16835,control
16836,treatment
16837,treatment
16838,control
16839,control
16840,treatment
16841,treatment
16842,control
16843,control
16844,treatment
16845,control
16846,control
16847,treatment
16848,treatment
16849,treatment
16850,control
16851,control
16852,control
16853,control
16854,treatment
16855,treatment
16856,control
16857,control
16858,control
16859,treatment
16860,treatment
16861,control
16862,treatment
16863,treatment
16864,treatment
16865,control
16866,treatment
16867,treatment
16868,treatment
16869,control
16870,control
16871,control
16872,control
16873,treatment
16874,treatment
16875,control
16876,treatment
16877,control
16878,control
16879,treatment
16880,control
16881,control
16882,control
16883,treatment
16884,treatment
16885,control
16886,control
16887,treatment
16888,control
16889,control
16890,control
16891,control
16892,control
16893,treatment
16894,treatment
16895,treatment
16896,treatment
16897,control
16898,control
16899,treatment
16900,control
16901,control
16902,treatment
16903,control
16904,treatment
16905,control
16906,control
16907,treatment
16908,treatment
16909,treatment
16910,treatment
16911,control
16912,control
16913,control
16914,control
16915,control
16916,control
16917,control
16918,treatment
16919,treatment
16920,control
16921,control
16922,control
16923,treatment
16924,control
16925,control
16926,treatment
16927,control
16928,control
16929,control
16930,treatment
16931,control
16932,treatment
16933,control
16934,control
16935,control
16936,control
16937,control
16938,treatment
16939,control
16940,treatment
16941,treatment
16942,control
16943,treatment
16944,treatment
16945,treatment
16946,treatment
16947,treatment
16948,treatment
16949,control
16950,treatment
16951,treatment
16952,control
16953,treatment
16954,control
16955,treatment
16956,control
16957,control
16958,treatment
16959,treatment
16960,treatment
16961,control
16962,treatment
16963,treatment
16964,control
16965,control
16966,treatment
16967,control
16968,treatment
16969,treatment
16970,treatment
16971,control
16972,control
16973,control
16974,control
16975,treatment
16976,control
16977,treatment
16978,treatment
16979,treatment
16980,treatment
16981,control
16982,treatment
16983,treatment
16984,control
16985,treatment
16986,treatment
16987,treatment
16988,treatment
16989,control
16990,control
16991,control
16992,treatment
16993,treatment
16994,control
16995,control
16996,treatment
16997,control
16998,treatment
16999,control
17000,control
17001,control
17002,treatment
17003,control
17004,control
17005,treatment
17006,control
17007,control
17008,control
17009,treatment
17010,treatment
17011,treatment
17012,treatment
17013,control
17014,control
17015,treatment
17016,treatment
17017,treatment
17018,treatment
17019,treatment
17020,treatment
17021,treatment
17022,control
17023,control
17024,control
17025,treatment
17026,control
17027,control
17028,treatment
17029,control
17030,control
17031,treatment
17032,treatment
17033,control
17034,treatment
17035,treatment
17036,treatment
17037,control
17038,treatment
17039,treatment
17040,control
17041,treatment
17042,control
17043,treatment
17044,treatment
17045,control
17046,control
17047,treatment
17048,treatment
17049,control
17050,treatment
17051,treatment
17052,control
17053,treatment
17054,control
17055,treatment
17056,control
17057,control
17058,treatment
17059,control
17060,treatment
17061,treatment
17062,treatment
17063,treatment
17064,treatment
17065,control
17066,treatment
17067,treatment
17068,treatment
17069,control
17070,control
17071,treatment
17072,control
17073,treatment
17074,control
17075,treatment
17076,control
17077,control
17078,treatment
17079,treatment
17080,treatment
17081,treatment
17082,control
17083,treatment
17084,treatment
17085,control
17086,treatment
17087,treatment
17088,treatment
17089,treatment
17090,control
17091,treatment
17092,treatment
17093,treatment
17094,treatment
17095,control
17096,treatment
17097,treatment
17098,control
17099,control
17100,control
17101,control
17102,control
17103,treatment
17104,treatment
17105,control
17106,treatment
17107,control
17108,treatment
17109,control
17110,control
17111,treatment
17112,control
17113,control
17114,control
17115,control
17116,control
17117,control
17118,treatment
17119,control
17120,control
17121,control
17122,treatment
17123,control
17124,control
17125,treatment
17126,treatment
17127,treatment
17128,control
17129,control
17130,control
17131,control
17132,treatment
17133,treatment
17134,treatment
17135,treatment
17136,control
17137,treatment
17138,control
17139,control
17140,treatment
17141,treatment
17142,control
17143,treatment
17144,control
17145,control
17146,treatment
17147,control
17148,control
17149,control
17150,treatment
17151,control
17152,treatment
17153,control
17154,treatment
17155,control
17156,treatment
17157,treatment
17158,control
17159,treatment
17160,treatment
17161,control
17162,control
17163,control
17164,treatment
17165,control
17166,treatment
17167,control
17168,control
17169,treatment
17170,treatment
17171,treatment
17172,control
17173,control
17174,control
17175,control
17176,treatment
17177,control
17178,treatment
17179,control
17180,treatment
17181,control
17182,treatment
17183,control
17184,control
17185,treatment
17186,treatment
17187,control
17188,control
17189,treatment
17190,treatment
17191,treatment
17192,treatment
17193,control
17194,treatment
17195,control
17196,control
17197,treatment
17198,control
17199,control
17200,treatment
17201,control
17202,control
17203,treatment
17204,control
17205,treatment
17206,control
17207,control
17208,control
17209,control
17210,control
17211,control
17212,treatment
17213,treatment
17214,control
17215,control
17216,treatment
17217,control
17218,treatment
17219,treatment
17220,treatment
17221,treatment
17222,control
17223,control
17224,treatment
17225,treatment
17226,treatment
17227,treatment
17228,treatment
17229,control
17230,treatment
17231,control
17232,control
17233,treatment
17234,treatment
17235,control
17236,control
17237,control
17238,treatment
17239,control
17240,control
17241,control
17242,control
17243,treatment
17244,treatment
17245,treatment
17246,treatment
17247,treatment
17248,control
17249,treatment
17250,treatment
17251,treatment
17252,treatment
17253,treatment
17254,control
17255,treatment
17256,treatment
17257,treatment
17258,control
17259,control
17260,treatment
17261,control
17262,control
17263,control
17264,control
17265,control
17266,treatment
17267,treatment
17268,control
17269,treatment
17270,treatment
17271,control
17272,treatment
17273,control
17274,treatment
17275,treatment
17276,treatment
17277,treatment
17278,treatment
17279,treatment
17280,treatment
17281,control
17282,control
17283,treatment
17284,treatment
17285,treatment
17286,treatment
17287,control
17288,treatment
17289,treatment
17290,control
17291,treatment
17292,treatment
17293,control
17294,treatment
17295,control
17296,treatment
17297,control
17298,treatment
17299,control
17300,treatment
17301,control
17302,treatment
17303,control
17304,control
17305,control
17306,control
17307,treatment
17308,treatment
17309,control
17310,control
17311,control
17312,treatment
17313,control
17314,control
17315,treatment
17316,control
17317,control
17318,treatment
17319,treatment
17320,treatment
17321,control
17322,control
17323,treatment
17324,treatment
17325,control
17326,treatment
17327,control
17328,control
17329,control
17330,treatment
17331,treatment
17332,treatment
17333,control
17334,control
17335,control
17336,treatment
17337,control
17338,treatment
17339,control
17340,control
17341,control
17342,treatment
17343,control
17344,control
17345,control
17346,control
17347,treatment
17348,control
17349,treatment
17350,treatment
17351,treatment
17352,control
17353,control
17354,control
17355,control
17356,control
17357,treatment
17358,control
17359,treatment
17360,treatment
17361,control
17362,control
17363,control
17364,treatment
17365,control
17366,control
17367,treatment
17368,control
17369,treatment
17370,treatment
17371,treatment
17372,control
17373,treatment
17374,control
17375,control
17376,treatment
17377,treatment
17378,treatment
17379,treatment
17380,control
17381,control
17382,control
17383,treatment
17384,control
17385,treatment
17386,control
17387,control
17388,control
17389,treatment
17390,control
17391,control
17392,treatment
17393,control
17394,treatment
17395,treatment
17396,treatment
17397,control
17398,control
17399,treatment
17400,control
17401,control
17402,treatment
17403,control
17404,treatment
17405,treatment
17406,treatment
17407,control
17408,control
17409,treatment
17410,treatment
17411,treatment
17412,control
17413,treatment
17414,control
17415,control
17416,treatment
17417,control
17418,treatment
17419,treatment
17420,treatment
17421,treatment
17422,control
17423,treatment
17424,treatment
17425,treatment
17426,control
17427,treatment
17428,treatment
17429,treatment
17430,treatment
17431,treatment
17432,control
17433,control
17434,control
17435,control
17436,control
17437,control
17438,control
17439,control
17440,control
17441,treatment
17442,treatment
17443,control
17444,treatment
17445,control
17446,treatment
17447,treatment
17448,treatment
17449,control
17450,control
17451,treatment
17452,treatment
17453,control
17454,control
17455,treatment
17456,control
17457,treatment
17458,treatment
17459,treatment
17460,control
17461,treatment
17462,control
17463,treatment
17464,control
17465,treatment
17466,treatment
17467,treatment
17468,control
17469,control
17470,treatment
17471,treatment
17472,control
17473,treatment
17474,treatment
17475,control
17476,control
17477,treatment
17478,treatment
17479,treatment
17480,treatment
17481,control
17482,control
17483,control
17484,control
17485,treatment
17486,control
17487,treatment
17488,control
17489,control
17490,treatment
17491,treatment
17492,treatment
17493,control
17494,treatment
17495,control
17496,treatment
17497,control
17498,treatment
17499,treatment
17500,treatment
17501,control
17502,treatment
17503,treatment
17504,control
17505,control
17506,treatment
17507,treatment
17508,control
17509,treatment
17510,treatment
17511,treatment
17512,treatment
17513,control
17514,control
17515,treatment
17516,treatment
17517,control
17518,control
17519,treatment
17520,treatment
17521,treatment
17522,treatment
17523,control
17524,treatment
17525,treatment
17526,treatment
17527,treatment
17528,control
17529,treatment
17530,treatment
17531,treatment
17532,treatment
17533,control
17534,treatment
17535,control
17536,treatment
17537,control
17538,treatment
17539,control
17540,treatment
17541,control
17542,treatment
17543,control
17544,treatment
17545,control
17546,control
17547,control
17548,treatment
17549,treatment
17550,treatment
17551,control
17552,control
17553,control
17554,treatment
17555,treatment
17556,control
17557,control
17558,treatment
17559,treatment
17560,treatment
17561,treatment
17562,control
17563,treatment
17564,control
17565,treatment
17566,control
17567,control
17568,control
17569,control
17570,treatment
17571,control
17572,control
17573,treatment
17574,control
17575,control
17576,control
17577,treatment
17578,control
17579,control
17580,control
17581,treatment
17582,control
17583,treatment
17584,control
17585,treatment
17586,treatment
17587,control
17588,control
17589,treatment
17590,treatment
17591,treatment
17592,treatment
17593,control
17594,treatment
17595,control
17596,control
17597,treatment
17598,control
17599,treatment
17600,control
17601,treatment
17602,treatment
17603,treatment
17604,control
17605,treatment
17606,treatment
17607,treatment
17608,control
17609,control
17610,control
17611,treatment
17612,treatment
17613,control
17614,treatment
17615,control
17616,control
17617,treatment
17618,treatment
17619,treatment
17620,treatment
17621,treatment
17622,control
17623,treatment
17624,treatment
17625,control
17626,treatment
17627,control
17628,control
17629,treatment
17630,control
17631,control
17632,control
17633,treatment
17634,control
17635,control
17636,treatment
17637,treatment
17638,control
17639,control
17640,treatment
17641,treatment
17642,treatment
17643,control
17644,treatment
17645,control
17646,control
17647,treatment
17648,treatment
17649,treatment
17650,control
17651,control
17652,treatment
17653,control
17654,control
17655,treatment
17656,control
17657,control
17658,treatment
17659,control
17660,treatment
17661,treatment
17662,treatment
17663,treatment
17664,control
17665,control
17666,treatment
17667,treatment
17668,control
17669,treatment
17670,control
17671,control
17672,treatment
17673,control
17674,treatment
17675,control
17676,control
17677,control
17678,control
17679,treatment
17680,treatment
17681,control
17682,control
17683,control
17684,control
17685,control
17686,control
17687,control
17688,control
17689,control
17690,control
17691,control
17692,control
17693,control
17694,control
17695,treatment
17696,control
17697,control
17698,control
17699,treatment
17700,control
17701,treatment
17702,control
17703,treatment
17704,treatment
17705,treatment
17706,control
17707,treatment
17708,treatment
17709,treatment
17710,treatment
17711,control
17712,treatment
17713,control
17714,control
17715,treatment
17716,control
17717,treatment
17718,control
17719,treatment
17720,treatment
17721,treatment
17722,control
17723,control
17724,treatment
17725,treatment
17726,control
17727,control
17728,treatment
17729,treatment
17730,control
17731,control
17732,treatment
17733,treatment
17734,control
17735,control
17736,control
17737,control
17738,control
17739,control
17740,control
17741,control
17742,control
17743,control
17744,control
17745,control
17746,control
17747,control
17748,treatment
17749,control
17750,treatment
17751,control
17752,treatment
17753,treatment
17754,control
17755,treatment
17756,control
17757,treatment
17758,treatment
17759,treatment
17760,control
17761,treatment
17762,control
17763,treatment
17764,treatment
17765,treatment
17766,control
17767,treatment
17768,treatment
17769,control
17770,control
17771,control
17772,treatment
17773,control
17774,control
17775,control
17776,control
17777,treatment
17778,treatment
17779,control
17780,control
17781,control
17782,control
17783,control
17784,treatment
17785,control
17786,control
17787,treatment
17788,control
17789,control
17790,control
17791,control
17792,control
17793,treatment
17794,treatment
17795,control
17796,treatment
17797,treatment
17798,treatment
17799,treatment
17800,treatment
17801,treatment
17802,treatment
17803,treatment
17804,treatment
17805,treatment
17806,control
17807,control
17808,treatment
17809,treatment
17810,control
17811,control
17812,control
17813,treatment
17814,treatment
17815,control
17816,treatment
17817,treatment
17818,treatment
17819,treatment
17820,treatment
17821,treatment
17822,treatment
17823,control
17824,control
17825,treatment
17826,treatment
17827,control
17828,control
17829,treatment
17830,treatment
17831,treatment
17832,treatment
17833,control
17834,treatment
17835,treatment
17836,treatment
17837,treatment
17838,control
17839,treatment
17840,control
17841,control
17842,treatment
17843,control
17844,treatment
17845,treatment
17846,control
17847,control
17848,control
17849,treatment
17850,control
17851,treatment
17852,control
17853,treatment
17854,control
17855,control
17856,treatment
17857,control
17858,control
17859,treatment
17860,treatment
17861,treatment
17862,control
17863,control
17864,control
17865,control
17866,treatment
17867,control
17868,treatment
17869,control
17870,control
17871,treatment
17872,control
17873,control
17874,control
17875,treatment
17876,treatment
17877,treatment
17878,treatment
17879,control
17880,treatment
17881,control
17882,control
17883,control
17884,control
17885,control
17886,control
17887,control
17888,control
17889,control
17890,treatment
17891,treatment
17892,control
17893,control
17894,treatment
17895,control
17896,treatment
17897,treatment
17898,treatment
17899,treatment
17900,control
17901,treatment
17902,treatment
17903,treatment
17904,treatment
17905,control
17906,treatment
17907,control
17908,control
17909,control
17910,control
17911,treatment
17912,control
17913,control
17914,treatment
17915,control
17916,control
17917,control
17918,control
17919,treatment
17920,control
17921,treatment
17922,control
17923,treatment
17924,treatment
17925,treatment
17926,control
17927,treatment
17928,treatment
17929,treatment
17930,control
17931,treatment
17932,control
17933,control
17934,control
17935,control
17936,control
17937,treatment
17938,control
17939,control
17940,control
17941,treatment
17942,control
17943,control
17944,control
17945,control
17946,control
17947,control
17948,control
17949,control
17950,treatment
17951,control
17952,control
17953,treatment
17954,control
17955,treatment
17956,treatment
17957,treatment
17958,control
17959,treatment
17960,treatment
17961,control
17962,control
17963,control
17964,treatment
17965,control
17966,treatment
17967,control
17968,control
17969,control
17970,control
17971,treatment
17972,control
17973,treatment
17974,control
17975,treatment
17976,control
17977,control
17978,control
17979,treatment
17980,treatment
17981,treatment
17982,control
17983,control
17984,treatment
17985,control
17986,treatment
17987,control
17988,treatment
17989,control
17990,control
17991,treatment
17992,treatment
17993,control
17994,treatment
17995,treatment
17996,treatment
17997,treatment
17998,control
17999,control
18000,treatment
18001,treatment
18002,control
18003,control
18004,treatment
18005,control
18006,control
18007,control
18008,treatment
18009,treatment
18010,control
18011,treatment
18012,treatment
18013,treatment
18014,treatment
18015,control
18016,treatment
18017,treatment
18018,control
18019,control
18020,treatment
18021,control
18022,treatment
18023,treatment
18024,control
18025,control
18026,control
18027,control
18028,control
18029,treatment
18030,control
18031,control
18032,treatment
18033,treatment
18034,treatment
18035,treatment
18036,treatment
18037,control
18038,control
18039,control
18040,control
18041,treatment
18042,control
18043,control
18044,control
18045,control
18046,treatment
18047,control
18048,treatment
18049,control
18050,treatment
18051,treatment
18052,control
18053,treatment
18054,control
18055,treatment
18056,control
18057,treatment
18058,treatment
18059,control
18060,control
18061,control
18062,treatment
18063,control
18064,treatment
18065,treatment
18066,control
18067,control
18068,control
18069,treatment
18070,treatment
18071,control
18072,treatment
18073,control
18074,treatment
18075,treatment
18076,control
18077,treatment
18078,treatment
18079,control
18080,control
18081,treatment
18082,treatment
18083,control
18084,control
18085,control
18086,control
18087,treatment
18088,control
18089,treatment
18090,control
18091,control
18092,control
18093,control
18094,treatment
18095,control
18096,treatment
18097,control
18098,treatment
18099,control
18100,control
18101,treatment
18102,treatment
18103,control
18104,treatment
18105,treatment
18106,control
18107,treatment
18108,treatment
18109,treatment
18110,control
18111,treatment
18112,control
18113,control
18114,control
18115,treatment
18116,treatment
18117,control
18118,treatment
18119,control
18120,treatment
18121,treatment
18122,treatment
18123,control
18124,treatment
18125,treatment
18126,control
18127,control
18128,treatment
18129,control
18130,treatment
18131,treatment
18132,treatment
18133,control
18134,control
18135,treatment
18136,control
18137,treatment
18138,control
18139,control
18140,treatment
18141,control
18142,treatment
18143,control
18144,treatment
18145,control
18146,treatment
18147,treatment
18148,control
18149,control
18150,control
18151,control
18152,control
18153,treatment
18154,control
18155,treatment
18156,control
18157,treatment
18158,treatment
18159,control
18160,treatment
18161,treatment
18162,treatment
18163,treatment
18164,control
18165,control
18166,treatment
18167,treatment
18168,treatment
18169,treatment
18170,control
18171,control
18172,control
18173,control
18174,control
18175,control
18176,control
18177,control
18178,treatment
18179,control
18180,control
18181,control
18182,control
18183,treatment
18184,treatment
18185,control
18186,treatment
18187,control
18188,treatment
18189,treatment
18190,control
18191,control
18192,treatment
18193,control
18194,treatment
18195,treatment
18196,treatment
18197,treatment
18198,control
18199,treatment
18200,treatment
18201,control
18202,treatment
18203,control
18204,treatment
18205,treatment
18206,control
18207,control
18208,treatment
18209,treatment
18210,control
18211,control
18212,control
18213,control
18214,control
18215,control
18216,control
18217,treatment
18218,control
18219,control
18220,control
18221,treatment
18222,treatment
18223,control
18224,treatment
18225,treatment
18226,treatment
18227,control
18228,treatment
18229,treatment
18230,treatment
18231,treatment
18232,control
18233,control
18234,treatment
18235,treatment
18236,treatment
18237,control
18238,treatment
18239,treatment
18240,control
18241,control
18242,control
18243,control
18244,control
18245,control
18246,control
18247,control
18248,control
18249,treatment
18250,treatment
18251,treatment
18252,control
18253,control
18254,control
18255,control
18256,treatment
18257,control
18258,control
18259,treatment
18260,treatment
18261,control
18262,treatment
18263,control
18264,control
18265,control
18266,treatment
18267,control
18268,control
18269,treatment
18270,control
18271,control
18272,treatment
18273,control
18274,control
18275,treatment
18276,control
18277,treatment
18278,control
18279,control
18280,treatment
18281,treatment
18282,treatment
18283,control
18284,treatment
18285,treatment
18286,treatment
18287,treatment
18288,control
18289,treatment
18290,treatment
18291,control
18292,treatment
18293,control
18294,treatment
18295,treatment
18296,treatment
18297,control
18298,control
18299,control
18300,control
18301,treatment
18302,treatment
18303,treatment
18304,treatment
18305,control
18306,treatment
18307,control
18308,control
18309,control
18310,treatment
18311,treatment
18312,treatment
18313,control
18314,control
18315,control
18316,treatment
18317,control
18318,treatment
18319,control
18320,control
18321,control
18322,control
18323,control
18324,control
18325,treatment
18326,control
18327,treatment
18328,treatment
18329,control
18330,control
18331,treatment
18332,control
18333,control
18334,treatment
18335,treatment
18336,treatment
18337,control
18338,treatment
18339,control
18340,control
18341,control
18342,control
18343,treatment
18344,control
18345,control
18346,control
18347,control
18348,control
18349,treatment
18350,treatment
18351,treatment
18352,control
18353,control
18354,treatment
18355,treatment
18356,treatment
18357,treatment
18358,treatment
18359,treatment
18360,treatment
18361,treatment
18362,treatment
18363,control
18364,treatment
18365,treatment
18366,control
18367,treatment
18368,treatment
18369,control
18370,control
18371,treatment
18372,control
18373,treatment
18374,treatment
18375,treatment
18376,treatment
18377,treatment
18378,control
18379,control
18380,treatment
18381,treatment
18382,control
18383,treatment
18384,control
18385,control
18386,control
18387,control
18388,treatment
18389,treatment
18390,treatment
18391,control
18392,treatment
18393,treatment
18394,control
18395,control
18396,treatment
18397,treatment
18398,control
18399,treatment
18400,control
18401,treatment
18402,treatment
18403,control
18404,control
18405,treatment
18406,control
18407,control
18408,treatment
18409,control
18410,control
18411,control
18412,control
18413,control
18414,treatment
18415,control
18416,treatment
18417,treatment
18418,control
18419,treatment
18420,treatment
18421,control
18422,treatment
18423,control
18424,control
18425,treatment
18426,treatment
18427,treatment
18428,control
18429,treatment
18430,treatment
18431,control
18432,treatment
18433,treatment
18434,control
18435,treatment
18436,treatment
18437,treatment
18438,treatment
18439,treatment
18440,treatment
18441,treatment
18442,control
18443,treatment
18444,control
18445,control
18446,treatment
18447,control
18448,treatment
18449,control
18450,control
18451,treatment
18452,control
18453,treatment
18454,treatment
18455,treatment
18456,treatment
18457,treatment
18458,treatment
18459,control
18460,treatment
18461,control
18462,treatment
18463,treatment
18464,treatment
18465,treatment
18466,control
18467,treatment
18468,treatment
18469,control
18470,control
18471,treatment
18472,control
18473,control
18474,treatment
18475,control
18476,treatment
18477,control
18478,control
18479,treatment
18480,control
18481,control
18482,treatment
18483,treatment
18484,control
18485,treatment
18486,control
18487,control
18488,control
18489,control
18490,control
18491,treatment
18492,treatment
18493,control
18494,control
18495,treatment
18496,control
18497,control
18498,control
18499,treatment
18500,control
18501,treatment
18502,treatment
18503,treatment
18504,treatment
18505,control
18506,treatment
18507,treatment
18508,control
18509,treatment
18510,treatment
18511,treatment
18512,control
18513,treatment
18514,control
18515,control
18516,control
18517,control
18518,control
18519,control
18520,treatment
18521,control
18522,treatment
18523,control
18524,control
18525,control
18526,control
18527,treatment
18528,control
18529,control
18530,control
18531,control
18532,control
18533,control
18534,treatment
18535,treatment
18536,control
18537,treatment
18538,control
18539,treatment
18540,treatment
18541,control
18542,control
18543,control
18544,control
18545,control
18546,treatment
18547,treatment
18548,treatment
18549,control
18550,treatment
18551,treatment
18552,treatment
18553,treatment
18554,treatment
18555,treatment
18556,treatment
18557,treatment
18558,control
18559,control
18560,treatment
18561,control
18562,control
18563,control
18564,treatment
18565,treatment
18566,control
18567,control
18568,treatment
18569,control
18570,control
18571,treatment
18572,control
18573,control
18574,treatment
18575,control
18576,control
18577,treatment
18578,control
18579,control
18580,control
18581,control
18582,treatment
18583,treatment
18584,treatment
18585,treatment
18586,control
18587,control
18588,control
18589,treatment
18590,control
18591,treatment
18592,treatment
18593,control
18594,treatment
18595,control
18596,control
18597,treatment
18598,treatment
18599,treatment
18600,treatment
18601,treatment
18602,control
18603,treatment
18604,treatment
18605,control
18606,treatment
18607,control
18608,treatment
18609,control
18610,control
18611,control
18612,control
18613,treatment
18614,treatment
18615,treatment
18616,control
18617,treatment
18618,treatment
18619,control
18620,control
18621,control
18622,treatment
18623,treatment
18624,control
18625,treatment
18626,control
18627,treatment
18628,control
18629,control
18630,treatment
18631,treatment
18632,control
18633,treatment
18634,control
18635,control
18636,treatment
18637,treatment
18638,treatment
18639,control
18640,treatment
18641,treatment
18642,treatment
18643,treatment
18644,treatment
18645,control
18646,control
18647,treatment
18648,control
18649,control
18650,treatment
18651,treatment
18652,control
18653,treatment
18654,treatment
18655,treatment
18656,treatment
18657,control
18658,treatment
18659,control
18660,treatment
18661,treatment
18662,treatment
18663,control
18664,control
18665,treatment
18666,treatment
18667,treatment
18668,treatment
18669,control
18670,control
18671,treatment
18672,control
18673,control
18674,treatment
18675,control
18676,treatment
18677,treatment
18678,treatment
18679,control
18680,control
18681,control
18682,control
18683,treatment
18684,control
18685,treatment
18686,treatment
18687,control
18688,control
18689,treatment
18690,treatment
18691,treatment
18692,control
18693,control
18694,treatment
18695,control
18696,treatment
18697,control
18698,treatment
18699,treatment
18700,control
18701,control
18702,treatment
18703,control
18704,control
18705,treatment
18706,treatment
18707,treatment
18708,treatment
18709,treatment
18710,control
18711,control
18712,treatment
18713,control
18714,control
18715,control
18716,treatment
18717,control
18718,control
18719,treatment
18720,control
18721,control
18722,treatment
18723,treatment
18724,treatment
18725,control
18726,control
18727,control
18728,treatment
18729,treatment
18730,treatment
18731,control
18732,control
18733,treatment
18734,treatment
18735,control
18736,treatment
18737,treatment
18738,treatment
18739,control
18740,treatment
18741,treatment
18742,treatment
18743,treatment
18744,treatment
18745,control
18746,treatment
18747,control
18748,treatment
18749,control
18750,control
18751,control
18752,treatment
18753,control
18754,control
18755,control
18756,control
18757,treatment
18758,treatment
18759,treatment
18760,control
18761,treatment
18762,treatment
18763,treatment
18764,treatment
18765,treatment
18766,control
18767,treatment
18768,control
18769,treatment
18770,treatment
18771,treatment
18772,treatment
18773,control
18774,control
18775,control
18776,control
18777,control
18778,treatment
18779,control
18780,treatment
18781,control
18782,control
18783,treatment
18784,treatment
18785,control
18786,control
18787,control
18788,treatment
18789,control
18790,control
18791,treatment
18792,treatment
18793,treatment
18794,treatment
18795,control
18796,treatment
18797,treatment
18798,control
18799,treatment
18800,control
18801,control
18802,control
18803,treatment
18804,control
18805,control
18806,treatment
18807,treatment
18808,control
18809,treatment
18810,treatment
18811,treatment
18812,treatment
18813,treatment
18814,control
18815,control
18816,treatment
18817,treatment
18818,control
18819,treatment
18820,control
18821,treatment
18822,control
18823,treatment
18824,treatment
18825,treatment
18826,treatment
18827,control
18828,control
18829,treatment
18830,treatment
18831,control
18832,treatment
18833,treatment
18834,treatment
18835,control
18836,treatment
18837,treatment
18838,treatment
18839,control
18840,control
18841,control
18842,control
18843,control
18844,control
18845,control
18846,treatment
18847,treatment
18848,control
18849,treatment
18850,control
18851,treatment
18852,treatment
18853,treatment
18854,control
18855,control
18856,treatment
18857,treatment
18858,control
18859,control
18860,control
18861,control
18862,control
18863,control
18864,treatment
18865,treatment
18866,treatment
18867,control
18868,treatment
18869,treatment
18870,control
18871,treatment
18872,treatment
18873,control
18874,control
18875,control
18876,treatment
18877,treatment
18878,control
18879,treatment
18880,control
18881,control
18882,treatment
18883,treatment
18884,control
18885,control
18886,control
18887,control
18888,control
18889,control
18890,treatment
18891,control
18892,treatment
18893,control
18894,control
18895,treatment
18896,control
18897,treatment
18898,control
18899,control
18900,treatment
18901,control
18902,treatment
18903,treatment
18904,treatment
18905,treatment
18906,treatment
18907,control
18908,treatment
18909,control
18910,control
18911,treatment
18912,control
18913,control
18914,control
18915,treatment
18916,control
18917,treatment
18918,treatment
18919,control
18920,treatment
18921,treatment
18922,treatment
18923,control
18924,treatment
18925,control
18926,treatment
18927,control
18928,control
18929,control
18930,control
18931,control
18932,treatment
18933,treatment
18934,treatment
18935,control
18936,control
18937,treatment
18938,control
18939,treatment
18940,control
18941,treatment
18942,control
18943,treatment
18944,treatment
18945,treatment
18946,treatment
18947,treatment
18948,treatment
18949,treatment
18950,control
18951,control
18952,treatment
18953,control
18954,treatment
18955,control
18956,treatment
18957,control
18958,control
18959,treatment
18960,control
18961,control
18962,control
18963,control
18964,treatment
18965,treatment
18966,treatment
18967,treatment
18968,treatment
18969,control
18970,treatment
18971,control
18972,control
18973,control
18974,control
18975,control
18976,control
18977,treatment
18978,control
18979,control
18980,treatment
18981,control
18982,treatment
18983,control
18984,control
18985,treatment
18986,control
18987,treatment
18988,control
18989,treatment
18990,treatment
18991,treatment
18992,control
18993,treatment
18994,treatment
18995,treatment
18996,control
18997,control
18998,treatment
18999,control
19000,control
19001,treatment
19002,treatment
19003,treatment
19004,control
19005,treatment
19006,control
19007,treatment
19008,control
19009,control
19010,treatment
19011,treatment
19012,control
19013,treatment
19014,treatment
19015,control
19016,treatment
19017,control
19018,treatment
19019,control
19020,treatment
19021,control
19022,treatment
19023,treatment
19024,treatment
19025,control
19026,treatment
19027,control
19028,control
19029,treatment
19030,control
19031,treatment
19032,control
19033,treatment
19034,treatment
19035,treatment
19036,control
19037,control
19038,control
19039,treatment
19040,control
19041,control
19042,treatment
19043,treatment
19044,control
19045,treatment
19046,control
19047,treatment
19048,control
19049,control
19050,treatment
19051,treatment
19052,control
19053,control
19054,control
19055,treatment
19056,treatment
19057,treatment
19058,control
19059,control
19060,control
19061,treatment
19062,control
19063,treatment
19064,control
19065,control
19066,control
19067,control
19068,control
19069,control
19070,treatment
19071,treatment
19072,control
19073,control
19074,control
19075,control
19076,treatment
19077,control
19078,control
19079,control
19080,treatment
19081,control
19082,control
19083,treatment
19084,control
19085,control
19086,control
19087,treatment
19088,control
19089,control
19090,control
19091,control
19092,control
19093,control
19094,control
19095,control
19096,control
19097,control
19098,treatment
19099,treatment
19100,control
19101,treatment
19102,control
19103,treatment
19104,control
19105,control
19106,treatment
19107,treatment
19108,control
19109,treatment
19110,treatment
19111,control
19112,treatment
19113,treatment
19114,control
19115,control
19116,treatment
19117,treatment
19118,control
19119,control
19120,control
19121,treatment
19122,treatment
19123,control
19124,control
19125,control
19126,treatment
19127,treatment
19128,control
19129,control
19130,control
19131,control
19132,treatment
19133,control
19134,treatment
19135,treatment
19136,treatment
19137,treatment
19138,control
19139,treatment
19140,treatment
19141,control
19142,treatment
19143,treatment
19144,treatment
19145,control
19146,control
19147,control
19148,treatment
19149,treatment
19150,treatment
19151,control
19152,control
19153,control
19154,control
19155,treatment
19156,treatment
19157,control
19158,control
19159,control
19160,control
19161,control
19162,treatment
19163,treatment
19164,control
19165,control
19166,control
19167,treatment
19168,treatment
19169,control
19170,control
19171,control
19172,control
19173,control
19174,control
19175,treatment
19176,control
19177,treatment
19178,treatment
19179,control
19180,treatment
19181,control
19182,treatment
19183,control
19184,treatment
19185,treatment
19186,treatment
19187,control
19188,control
19189,control
19190,treatment
19191,control
19192,treatment
19193,control
19194,control
19195,control
19196,control
19197,control
19198,treatment
19199,control
19200,control
19201,control
19202,control
19203,control
19204,control
19205,control
19206,treatment
19207,treatment
19208,treatment
19209,treatment
19210,control
19211,treatment
19212,treatment
19213,control
19214,treatment
19215,treatment
19216,control
19217,control
19218,treatment
19219,treatment
19220,treatment
19221,treatment
19222,control
19223,treatment
19224,control
19225,control
19226,control
19227,treatment
19228,treatment
19229,control
19230,control
19231,treatment
19232,treatment
19233,control
19234,control
19235,control
19236,treatment
19237,control
19238,control
19239,control
19240,control
19241,treatment
19242,treatment
19243,control
19244,control
19245,control
19246,treatment
19247,control
19248,control
19249,treatment
19250,treatment
19251,treatment
19252,treatment
19253,treatment
19254,control
19255,treatment
19256,treatment
19257,treatment
19258,treatment
19259,treatment
19260,treatment
19261,treatment
19262,control
19263,treatment
19264,control
19265,control
19266,treatment
19267,control
19268,treatment
19269,control
19270,treatment
19271,control
19272,control
19273,control
19274,treatment
19275,control
19276,treatment
19277,treatment
19278,control
19279,control
19280,control
19281,treatment
19282,treatment
19283,treatment
19284,control
19285,control
19286,treatment
19287,treatment
19288,control
19289,treatment
19290,control
19291,control
19292,treatment
19293,control
19294,control
19295,control
19296,control
19297,control
19298,treatment
19299,treatment
19300,treatment
19301,control
19302,control
19303,control
19304,treatment
19305,treatment
19306,control
19307,control
19308,treatment
19309,control
19310,treatment
19311,treatment
19312,control
19313,treatment
19314,treatment
19315,treatment
19316,control
19317,treatment
19318,control
19319,control
19320,treatment
19321,control
19322,control
19323,treatment
19324,control
19325,treatment
19326,control
19327,control
19328,control
19329,control
19330,treatment
19331,treatment
19332,treatment
19333,control
19334,control
19335,control
19336,treatment
19337,control
19338,control
19339,treatment
19340,control
19341,control
19342,control
19343,control
19344,control
19345,treatment
19346,treatment
19347,control
19348,treatment
19349,control
19350,treatment
19351,control
19352,treatment
19353,control
19354,control
19355,treatment
19356,control
19357,treatment
19358,control
19359,control
19360,control
19361,treatment
19362,treatment
19363,control
19364,control
19365,treatment
19366,treatment
19367,treatment
19368,treatment
19369,treatment
19370,control
19371,treatment
19372,treatment
19373,treatment
19374,treatment
19375,control
19376,treatment
19377,treatment
19378,treatment
19379,control
19380,control
19381,control
19382,treatment
19383,treatment
19384,control
19385,treatment
19386,control
19387,treatment
19388,control
19389,control
19390,treatment
19391,control
19392,control
19393,treatment
19394,treatment
19395,treatment
19396,treatment
19397,treatment
19398,treatment
19399,treatment
19400,control
19401,control
19402,control
19403,treatment
19404,control
19405,control
19406,treatment
19407,treatment
19408,control
19409,control
19410,treatment
19411,treatment
19412,treatment
19413,treatment
19414,control
19415,treatment
19416,control
19417,control
19418,treatment
19419,control
19420,control
19421,treatment
19422,treatment
19423,control
19424,treatment
19425,treatment
19426,control
19427,control
19428,treatment
19429,treatment
19430,control
19431,treatment
19432,treatment
19433,treatment
19434,treatment
19435,control
19436,control
19437,control
19438,treatment
19439,treatment
19440,treatment
19441,treatment
19442,treatment
19443,control
19444,control
19445,control
19446,control
19447,control
19448,control
19449,treatment
19450,control
19451,control
19452,control
19453,control
19454,control
19455,treatment
19456,control
19457,control
19458,treatment
19459,treatment
19460,treatment
19461,treatment
19462,treatment
19463,control
19464,treatment
19465,treatment
19466,control
19467,control
19468,treatment
19469,treatment
19470,treatment
19471,control
19472,treatment
19473,treatment
19474,treatment
19475,control
19476,treatment
19477,control
19478,control
19479,control
19480,control
19481,control
19482,treatment
19483,treatment
19484,control
19485,treatment
19486,control
19487,treatment
19488,treatment
19489,treatment
19490,control
19491,treatment
19492,control
19493,treatment
19494,treatment
19495,control
19496,control
19497,treatment
19498,treatment
19499,control
19500,control
19501,control
19502,treatment
19503,treatment
19504,treatment
19505,control
19506,treatment
19507,control
19508,treatment
19509,control
19510,treatment
19511,control
19512,control
19513,control
19514,control
19515,control
19516,treatment
19517,treatment
19518,control
19519,control
19520,control
19521,treatment
19522,control
19523,control
19524,control
19525,treatment
19526,treatment
19527,control
19528,treatment
19529,treatment
19530,treatment
19531,treatment
19532,treatment
19533,control
19534,treatment
19535,treatment
19536,treatment
19537,control
19538,treatment
19539,control
19540,control
19541,treatment
19542,treatment
19543,treatment
19544,control
19545,control
19546,control
19547,control
19548,treatment
19549,control
19550,control
19551,control
19552,control
19553,control
19554,control
19555,treatment
19556,treatment
19557,control
19558,treatment
19559,control
19560,control
19561,treatment
19562,treatment
19563,control
19564,treatment
19565,treatment
19566,treatment
19567,treatment
19568,treatment
19569,control
19570,treatment
19571,treatment
19572,control
19573,treatment
19574,control
19575,treatment
19576,control
19577,treatment
19578,treatment
19579,control
19580,treatment
19581,control
19582,control
19583,control
19584,treatment
19585,control
19586,treatment
19587,control
19588,treatment
19589,control
19590,treatment
19591,control
19592,treatment
19593,treatment
19594,control
19595,control
19596,treatment
19597,treatment
19598,control
19599,treatment
19600,treatment
19601,control
19602,control
19603,treatment
19604,treatment
19605,treatment
19606,treatment
19607,control
19608,control
19609,control
19610,treatment
19611,treatment
19612,treatment
19613,treatment
19614,control
19615,treatment
19616,treatment
19617,treatment
19618,treatment
19619,treatment
19620,control
19621,treatment
19622,control
19623,treatment
19624,treatment
19625,treatment
19626,control
19627,treatment
19628,treatment
19629,control
19630,treatment
19631,control
19632,treatment
19633,control
19634,treatment
19635,treatment
19636,treatment
19637,control
19638,treatment
19639,control
19640,treatment
19641,treatment
19642,treatment
19643,treatment
19644,control
19645,treatment
19646,control
19647,treatment
19648,control
19649,treatment
19650,control
19651,treatment
19652,control
19653,treatment
19654,treatment
19655,control
19656,treatment
19657,treatment
19658,treatment
19659,treatment
19660,control
19661,control
19662,control
19663,control
19664,treatment
19665,control
19666,control
19667,treatment
19668,control
19669,control
19670,treatment
19671,control
19672,treatment
19673,control
19674,control
19675,treatment
19676,control
19677,treatment
19678,treatment
19679,treatment
19680,treatment
19681,control
19682,treatment
19683,control
19684,treatment
19685,treatment
19686,control
19687,control
19688,control
19689,control
19690,treatment
19691,control
19692,control
19693,treatment
19694,control
19695,control
19696,control
19697,control
19698,treatment
19699,treatment
19700,treatment
19701,treatment
19702,treatment
19703,control
19704,control
19705,treatment
19706,treatment
19707,treatment
19708,treatment
19709,control
19710,treatment
19711,treatment
19712,treatment
19713,control
19714,control
19715,treatment
19716,control
19717,treatment
19718,treatment
19719,control
19720,control
19721,control
19722,control
19723,control
19724,treatment
19725,control
19726,treatment
19727,treatment
19728,treatment
19729,control
19730,control
19731,treatment
19732,control
19733,control
19734,treatment
19735,control
19736,treatment
19737,treatment
19738,treatment
19739,control
19740,treatment
19741,treatment
19742,control
19743,control
19744,treatment
19745,treatment
19746,control
19747,treatment
19748,treatment
19749,control
19750,control
19751,treatment
19752,treatment
19753,control
19754,treatment
19755,control
19756,control
19757,treatment
19758,treatment
19759,treatment
19760,control
19761,treatment
19762,control
19763,control
19764,treatment
19765,control
19766,treatment
19767,treatment
19768,treatment
19769,treatment
19770,treatment
19771,control
19772,control
19773,control
19774,control
19775,treatment
19776,control
19777,control
19778,treatment
19779,control
19780,control
19781,treatment
19782,treatment
19783,control
19784,treatment
19785,control
19786,control
19787,control
19788,control
19789,control
19790,control
19791,treatment
19792,control
19793,control
19794,control
19795,control
19796,treatment
19797,treatment
19798,control
19799,treatment
19800,control
19801,treatment
19802,treatment
19803,control
19804,control
19805,control
19806,treatment
19807,treatment
19808,control
19809,treatment
19810,control
19811,treatment
19812,treatment
19813,treatment
19814,treatment
19815,treatment
19816,control
19817,treatment
19818,control
19819,control
19820,control
19821,control
19822,control
19823,treatment
19824,control
19825,treatment
19826,control
19827,treatment
19828,control
19829,treatment
19830,control
19831,treatment
19832,control
19833,control
19834,control
19835,control
19836,control
19837,control
19838,treatment
19839,treatment
19840,treatment
19841,treatment
19842,control
19843,control
19844,treatment
19845,control
19846,control
19847,treatment
19848,control
19849,treatment
19850,treatment
19851,treatment
19852,treatment
19853,treatment
19854,treatment
19855,control
19856,treatment
19857,treatment
19858,control
19859,control
19860,treatment
19861,control
19862,control
19863,control
19864,control
19865,control
19866,control
19867,treatment
19868,treatment
19869,control
19870,control
19871,treatment
19872,treatment
19873,treatment
19874,control
19875,control
19876,control
19877,control
19878,control
19879,control
19880,control
19881,control
19882,treatment
19883,treatment
19884,control
19885,treatment
19886,control
19887,control
19888,control
19889,control
19890,treatment
19891,control
19892,treatment
19893,control
19894,control
19895,treatment
19896,control
19897,treatment
19898,control
19899,treatment
19900,treatment
19901,treatment
19902,treatment
19903,treatment
19904,treatment
19905,treatment
19906,treatment
19907,treatment
19908,treatment
19909,treatment
19910,treatment
19911,control
19912,treatment
19913,control
19914,control
19915,control
19916,control
19917,treatment
19918,control
19919,control
19920,treatment
19921,control
19922,control
19923,control
19924,control
19925,control
19926,treatment
19927,control
19928,control
19929,control
19930,treatment
19931,control
19932,control
19933,treatment
19934,control
19935,treatment
19936,control
19937,treatment
19938,control
19939,treatment
19940,control
19941,control
19942,treatment
19943,control
19944,control
19945,treatment
19946,control
19947,control
19948,control
19949,treatment
19950,treatment
19951,treatment
19952,control
19953,control
19954,treatment
19955,control
19956,treatment
19957,treatment
19958,treatment
19959,control
19960,treatment
19961,control
19962,treatment
19963,treatment
19964,control
19965,treatment
19966,control
19967,treatment
19968,treatment
19969,control
19970,treatment
19971,control
19972,control
19973,control
19974,treatment
19975,control
19976,treatment
19977,treatment
19978,treatment
19979,control
19980,treatment
19981,treatment
19982,control
19983,control
19984,treatment
19985,control
19986,control
19987,treatment
19988,treatment
19989,treatment
19990,control
19991,control
19992,treatment
19993,treatment
19994,treatment
19995,control
19996,control
19997,control
19998,treatment
19999,treatment
20000,control
20001,control
20002,control
20003,control
20004,control
20005,treatment
20006,treatment
20007,control
20008,control
20009,control
20010,treatment
20011,treatment
20012,control
20013,control
20014,treatment
20015,control
20016,treatment
20017,control
20018,treatment
20019,treatment
20020,control
20021,control
20022,control
20023,control
20024,treatment
20025,control
20026,control
20027,control
20028,control
20029,treatment
20030,control
20031,treatment
20032,control
20033,control
20034,control
20035,control
20036,control
20037,treatment
20038,control
20039,control
20040,control
20041,treatment
20042,control
20043,control
20044,control
20045,control
20046,control
20047,treatment
20048,control
20049,treatment
20050,treatment
20051,treatment
20052,control
20053,control
20054,treatment
20055,treatment
20056,treatment
20057,treatment
20058,control
20059,treatment
20060,treatment
20061,treatment
20062,treatment
20063,control
20064,control
20065,treatment
20066,control
20067,control
20068,treatment
20069,control
20070,treatment
20071,control
20072,treatment
20073,treatment
20074,control
20075,treatment
20076,control
20077,control
20078,control
20079,control
20080,treatment
20081,control
20082,control
20083,treatment
20084,control
20085,treatment
20086,control
20087,control
20088,treatment
20089,treatment
20090,control
20091,treatment
20092,control
20093,control
20094,treatment
20095,treatment
20096,control
20097,treatment
20098,treatment
20099,control
20100,control
20101,treatment
20102,control
20103,control
20104,treatment
20105,control
20106,control
20107,control
20108,treatment
20109,control
20110,control
20111,treatment
20112,treatment
20113,control
20114,treatment
20115,control
20116,control
20117,treatment
20118,control
20119,treatment
20120,control
20121,treatment
20122,treatment
20123,control
20124,control
20125,treatment
20126,control
20127,control
20128,control
20129,treatment
20130,treatment
20131,control
20132,control
20133,control
20134,control
20135,treatment
20136,control
20137,control
20138,treatment
20139,treatment
20140,treatment
20141,treatment
20142,treatment
20143,treatment
20144,control
20145,control
20146,control
20147,control
20148,control
20149,treatment
20150,treatment
20151,treatment
20152,control
20153,control
20154,control
20155,treatment
20156,treatment
20157,treatment
20158,control
20159,treatment
20160,control
20161,control
20162,treatment
20163,treatment
20164,treatment
20165,control
20166,control
20167,treatment
20168,treatment
20169,treatment
20170,treatment
20171,treatment
20172,treatment
20173,treatment
20174,treatment
20175,treatment
20176,control
20177,control
20178,control
20179,control
20180,control
20181,treatment
20182,treatment
20183,control
20184,control
20185,treatment
20186,control
20187,treatment
20188,control
20189,control
20190,control
20191,control
20192,treatment
20193,control
20194,control
20195,treatment
20196,control
20197,treatment
20198,control
20199,control
20200,control
20201,treatment
20202,control
20203,control
20204,treatment
20205,treatment
20206,treatment
20207,treatment
20208,control
20209,treatment
20210,treatment
20211,control
20212,control
20213,control
20214,control
20215,control
20216,control
20217,treatment
20218,treatment
20219,treatment
20220,control
20221,treatment
20222,treatment
20223,control
20224,treatment
20225,control
20226,treatment
20227,treatment
20228,control
20229,control
20230,treatment
20231,control
20232,treatment
20233,treatment
20234,control
20235,treatment
20236,control
20237,treatment
20238,treatment
20239,control
20240,treatment
20241,treatment
20242,control
20243,treatment
20244,control
20245,treatment
20246,treatment
20247,control
20248,treatment
20249,control
20250,control
20251,control
20252,control
20253,treatment
20254,treatment
20255,control
20256,treatment
20257,treatment
20258,treatment
20259,treatment
20260,control
20261,control
20262,control
20263,control
20264,control
20265,control
20266,control
20267,treatment
20268,treatment
20269,treatment
20270,control
20271,treatment
20272,treatment
20273,treatment
20274,control
20275,control
20276,control
20277,treatment
20278,control
20279,control
20280,treatment
20281,treatment
20282,control
20283,control
20284,control
20285,treatment
20286,control
20287,treatment
20288,control
20289,treatment
20290,control
20291,control
20292,control
20293,control
20294,control
20295,control
20296,treatment
20297,control
20298,treatment
20299,treatment
20300,control
20301,control
20302,treatment
20303,control
20304,control
20305,treatment
20306,control
20307,treatment
20308,control
20309,treatment
20310,treatment
20311,control
20312,treatment
20313,treatment
20314,control
20315,treatment
20316,treatment
20317,control
20318,control
20319,control
20320,treatment
20321,control
20322,treatment
20323,treatment
20324,treatment
20325,treatment
20326,treatment
20327,treatment
20328,treatment
20329,treatment
20330,treatment
20331,treatment
20332,treatment
20333,control
20334,control
20335,treatment
20336,control
20337,control
20338,control
20339,treatment
20340,control
20341,treatment
20342,treatment
20343,control
20344,control
20345,control
20346,control
20347,treatment
20348,control
20349,treatment
20350,treatment
20351,treatment
20352,treatment
20353,treatment
20354,treatment
20355,treatment
20356,treatment
20357,treatment
20358,treatment
20359,control
20360,control
20361,control
20362,treatment
20363,treatment
20364,control
20365,treatment
20366,treatment
20367,treatment
20368,control
20369,treatment
20370,treatment
20371,control
20372,treatment
20373,control
20374,treatment
20375,treatment
20376,control
20377,control
20378,control
20379,control
20380,treatment
20381,control
20382,control
20383,treatment
20384,treatment
20385,treatment
20386,control
20387,control
20388,treatment
20389,control
20390,control
20391,treatment
20392,control
20393,control
20394,control
20395,treatment
20396,treatment
20397,control
20398,control
20399,treatment
20400,control
20401,treatment
20402,treatment
20403,control
20404,control
20405,control
20406,treatment
20407,treatment
20408,control
20409,treatment
20410,control
20411,control
20412,control
20413,treatment
20414,treatment
20415,control
20416,treatment
20417,control
20418,treatment
20419,treatment
20420,control
20421,treatment
20422,treatment
20423,control
20424,control
20425,treatment
20426,control
20427,treatment
20428,control
20429,treatment
20430,treatment
20431,control
20432,control
20433,treatment
20434,control
20435,control
20436,treatment
20437,treatment
20438,treatment
20439,control
20440,control
20441,treatment
20442,control
20443,treatment
20444,control
20445,control
20446,control
20447,control
20448,control
20449,treatment
20450,control
20451,treatment
20452,treatment
20453,control
20454,control
20455,treatment
20456,treatment
20457,treatment
20458,treatment
20459,treatment
20460,control
20461,control
20462,control
20463,control
20464,control
20465,control
20466,treatment
20467,control
20468,treatment
20469,treatment
20470,treatment
20471,control
20472,control
20473,control
20474,control
20475,treatment
20476,treatment
20477,treatment
20478,control
20479,control
20480,treatment
20481,treatment
20482,control
20483,treatment
20484,control
20485,treatment
20486,control
20487,control
20488,control
20489,treatment
20490,treatment
20491,control
20492,control
20493,control
20494,control
20495,control
20496,control
20497,treatment
20498,treatment
20499,treatment
20500,control
20501,control
20502,control
20503,treatment
20504,treatment
20505,control
20506,control
20507,treatment
20508,treatment
20509,treatment
20510,control
20511,control
20512,control
20513,control
20514,control
20515,control
20516,control
20517,control
20518,control
20519,control
20520,control
20521,treatment
20522,control
20523,treatment
20524,treatment
20525,control
20526,control
20527,control
20528,control
20529,treatment
20530,treatment
20531,treatment
20532,treatment
20533,treatment
20534,control
20535,control
20536,control
20537,control
20538,treatment
20539,control
20540,control
20541,control
20542,treatment
20543,treatment
20544,treatment
20545,treatment
20546,treatment
20547,control
20548,control
20549,control
20550,treatment
20551,treatment
20552,control
20553,control
20554,control
20555,control
20556,control
20557,control
20558,control
20559,treatment
20560,treatment
20561,control
20562,treatment
20563,treatment
20564,treatment
20565,control
20566,control
20567,control
20568,control
20569,control
20570,treatment
20571,control
20572,treatment
20573,treatment
20574,treatment
20575,treatment
20576,treatment
20577,treatment
20578,control
20579,treatment
20580,treatment
20581,treatment
20582,control
20583,treatment
20584,treatment
20585,treatment
20586,treatment
20587,control
20588,treatment
20589,control
20590,treatment
20591,treatment
20592,treatment
20593,control
20594,treatment
20595,treatment
20596,treatment
20597,control
20598,treatment
20599,treatment
20600,treatment
20601,treatment
20602,treatment
20603,treatment
20604,treatment
20605,treatment
20606,treatment
20607,treatment
20608,control
20609,treatment
20610,treatment
20611,control
20612,control
20613,treatment
20614,control
20615,control
20616,treatment
20617,control
20618,treatment
20619,control
20620,control
20621,treatment
20622,treatment
20623,treatment
20624,control
20625,treatment
20626,treatment
20627,treatment
20628,treatment
20629,control
20630,treatment
20631,treatment
20632,control
20633,treatment
20634,control
20635,treatment
20636,treatment
20637,treatment
20638,treatment
20639,treatment
20640,treatment
20641,control
20642,control
20643,treatment
20644,treatment
20645,control
20646,control
20647,treatment
20648,treatment
20649,control
20650,control
20651,treatment
20652,control
20653,treatment
20654,treatment
20655,treatment
20656,treatment
20657,control
20658,treatment
20659,treatment
20660,treatment
20661,treatment
20662,control
20663,treatment
20664,control
20665,treatment
20666,treatment
20667,control
20668,control
20669,treatment
20670,treatment
20671,control
20672,control
20673,treatment
20674,control
20675,treatment
20676,treatment
20677,treatment
20678,treatment
20679,control
20680,treatment
20681,control
20682,control
20683,control
20684,control
20685,control
20686,treatment
20687,control
20688,treatment
20689,control
20690,control
20691,treatment
20692,control
20693,treatment
20694,treatment
20695,control
20696,control
20697,control
20698,treatment
20699,treatment
20700,treatment
20701,treatment
20702,control
20703,treatment
20704,treatment
20705,treatment
20706,treatment
20707,treatment
20708,control
20709,treatment
20710,treatment
20711,treatment
20712,control
20713,treatment
20714,treatment
20715,control
20716,treatment
20717,treatment
20718,treatment
20719,control
20720,treatment
20721,treatment
20722,treatment
20723,control
20724,treatment
20725,treatment
20726,control
20727,control
20728,treatment
20729,treatment
20730,treatment
20731,treatment
20732,control
20733,treatment
20734,control
20735,treatment
20736,treatment
20737,control
20738,treatment
20739,treatment
20740,control
20741,control
20742,treatment
20743,treatment
20744,control
20745,treatment
20746,control
20747,treatment
20748,control
20749,control
20750,treatment
20751,control
20752,control
20753,control
20754,treatment
20755,control
20756,treatment
20757,control
20758,control
20759,treatment
20760,treatment
20761,treatment
20762,treatment
20763,treatment
20764,control
20765,treatment
20766,control
20767,treatment
20768,treatment
20769,treatment
20770,treatment
20771,treatment
20772,control
20773,treatment
20774,control
20775,treatment
20776,treatment
20777,control
20778,control
20779,control
20780,treatment
20781,control
20782,treatment
20783,treatment
20784,treatment
20785,control
20786,treatment
20787,treatment
20788,treatment
20789,treatment
20790,control
20791,control
20792,treatment
20793,treatment
20794,control
20795,control
20796,treatment
20797,treatment
20798,control
20799,treatment
20800,control
20801,treatment
20802,treatment
20803,control
20804,treatment
20805,treatment
20806,treatment
20807,control
20808,control
20809,treatment
20810,control
20811,treatment
20812,treatment
20813,treatment
20814,control
20815,control
20816,treatment
20817,treatment
20818,control
20819,control
20820,treatment
20821,control
20822,control
20823,treatment
20824,treatment
20825,control
20826,control
20827,control
20828,control
20829,control
20830,treatment
20831,control
20832,control
20833,control
20834,treatment
20835,treatment
20836,control
20837,treatment
20838,control
20839,control
20840,treatment
20841,control
20842,control
20843,treatment
20844,treatment
20845,treatment
20846,control
20847,control
20848,control
20849,control
20850,control
20851,treatment
20852,control
20853,control
20854,treatment
20855,control
20856,treatment
20857,treatment
20858,treatment
20859,treatment
20860,control
20861,control
20862,control
20863,control
20864,control
20865,control
20866,treatment
20867,treatment
20868,treatment
20869,control
20870,treatment
20871,treatment
20872,treatment
20873,control
20874,control
20875,treatment
20876,treatment
20877,control
20878,control
20879,treatment
20880,treatment
20881,control
20882,treatment
20883,control
20884,control
20885,control
20886,control
20887,control
20888,treatment
20889,treatment
20890,control
20891,treatment
20892,control
20893,treatment
20894,control
20895,control
20896,control
20897,treatment
20898,treatment
20899,treatment
20900,control
20901,control
20902,treatment
20903,treatment
20904,control
20905,treatment
20906,treatment
20907,control
20908,treatment
20909,treatment
20910,control
20911,treatment
20912,treatment
20913,treatment
20914,treatment
20915,control
20916,treatment
20917,treatment
20918,control
20919,treatment
20920,treatment
20921,control
20922,control
20923,control
20924,control
20925,treatment
20926,control
20927,treatment
20928,control
20929,control
20930,treatment
20931,treatment
20932,treatment
20933,treatment
20934,treatment
20935,control
20936,control
20937,treatment
20938,treatment
20939,treatment
20940,treatment
20941,control
20942,control
20943,control
20944,control
20945,treatment
20946,control
20947,control
20948,control
20949,treatment
20950,control
20951,control
20952,treatment
20953,control
20954,treatment
20955,treatment
20956,control
20957,control
20958,control
20959,control
20960,control
20961,treatment
20962,control
20963,control
20964,treatment
20965,control
20966,control
20967,treatment
20968,control
20969,control
20970,control
20971,treatment
20972,treatment
20973,control
20974,treatment
20975,treatment
20976,control
20977,treatment
20978,control
20979,control
20980,treatment
20981,treatment
20982,treatment
20983,treatment
20984,control
20985,control
20986,treatment
20987,control
20988,treatment
20989,treatment
20990,control
20991,treatment
20992,treatment
20993,treatment
20994,control
20995,treatment
20996,treatment
20997,control
20998,control
20999,control
21000,treatment
21001,control
21002,control
21003,treatment
21004,treatment
21005,treatment
21006,treatment
21007,treatment
21008,control
21009,treatment
21010,control
21011,treatment
21012,control
21013,control
21014,treatment
21015,treatment
21016,control
21017,control
21018,treatment
21019,treatment
21020,control
21021,control
21022,treatment
21023,control
21024,control
21025,treatment
21026,treatment
21027,control
21028,treatment
21029,treatment
21030,treatment
21031,treatment
21032,treatment
21033,treatment
21034,control
21035,control
21036,control
21037,control
21038,treatment
21039,control
21040,treatment
21041,control
21042,control
21043,control
21044,control
21045,treatment
21046,control
21047,treatment
21048,control
21049,treatment
21050,control
21051,treatment
21052,control
21053,treatment
21054,treatment
21055,control
21056,treatment
21057,control
21058,treatment
21059,control
21060,control
21061,treatment
21062,control
21063,treatment
21064,treatment
21065,treatment
21066,treatment
21067,control
21068,treatment
21069,control
21070,control
21071,treatment
21072,control
21073,control
21074,control
21075,control
21076,treatment
21077,control
21078,treatment
21079,control
21080,control
21081,control
21082,treatment
21083,treatment
21084,control
21085,control
21086,treatment
21087,control
21088,control
21089,treatment
21090,control
21091,control
21092,treatment
21093,treatment
21094,treatment
21095,control
21096,treatment
21097,treatment
21098,treatment
21099,treatment
21100,treatment
21101,treatment
21102,treatment
21103,treatment
21104,control
21105,control
21106,control
21107,treatment
21108,treatment
21109,treatment
21110,control
21111,treatment
21112,control
21113,treatment
21114,control
21115,treatment
21116,treatment
21117,treatment
21118,control
21119,treatment
21120,control
21121,control
21122,treatment
21123,control
21124,control
21125,control
21126,treatment
21127,control
21128,treatment
21129,control
21130,control
21131,control
21132,control
21133,control
21134,control
21135,control
21136,control
21137,control
21138,treatment
21139,treatment
21140,control
21141,control
21142,control
21143,control
21144,treatment
21145,control
21146,control
21147,treatment
21148,treatment
21149,treatment
21150,control
21151,treatment
21152,treatment
21153,control
21154,control
21155,treatment
21156,control
21157,treatment
21158,control
21159,treatment
21160,control
21161,treatment
21162,treatment
21163,treatment
21164,treatment
21165,treatment
21166,treatment
21167,control
21168,control
21169,control
21170,control
21171,control
21172,control
21173,control
21174,control
21175,control
21176,treatment
21177,control
21178,treatment
21179,treatment
21180,control
21181,treatment
21182,treatment
21183,control
21184,control
21185,control
21186,control
21187,treatment
21188,control
21189,treatment
21190,treatment
21191,treatment
21192,treatment
21193,control
21194,control
21195,treatment
21196,treatment
21197,control
21198,treatment
21199,control
21200,control
21201,treatment
21202,control
21203,treatment
21204,treatment
21205,treatment
21206,control
21207,treatment
21208,control
21209,treatment
21210,treatment
21211,control
21212,treatment
21213,control
21214,treatment
21215,treatment
21216,control
21217,treatment
21218,control
21219,control
21220,control
21221,control
21222,treatment
21223,control
21224,control
21225,treatment
21226,treatment
21227,treatment
21228,control
21229,control
21230,treatment
21231,treatment
21232,treatment
21233,control
21234,control
21235,control
21236,control
21237,treatment
21238,treatment
21239,treatment
21240,treatment
21241,treatment
21242,control
21243,treatment
21244,control
21245,control
21246,treatment
21247,control
21248,control
21249,control
21250,control
21251,control
21252,treatment
21253,treatment
21254,treatment
21255,treatment
21256,treatment
21257,control
21258,treatment
21259,control
21260,control
21261,treatment
21262,treatment
21263,control
21264,control
21265,treatment
21266,treatment
21267,treatment
21268,control
21269,treatment
21270,control
21271,treatment
21272,control
21273,treatment
21274,treatment
21275,control
21276,control
21277,treatment
21278,control
21279,control
21280,treatment
21281,control
21282,control
21283,treatment
21284,treatment
21285,control
21286,treatment
21287,control
21288,treatment
21289,treatment
21290,control
21291,control
21292,control
21293,treatment
21294,control
21295,control
21296,control
21297,treatment
21298,treatment
21299,control
21300,treatment
21301,treatment
21302,treatment
21303,control
21304,control
21305,control
21306,control
21307,control
21308,control
21309,control
21310,treatment
21311,control
21312,treatment
21313,control
21314,control
21315,control
21316,treatment
21317,control
21318,treatment
21319,control
21320,treatment
21321,control
21322,control
21323,treatment
21324,treatment
21325,control
21326,control
21327,treatment
21328,treatment
21329,treatment
21330,treatment
21331,treatment
21332,control
21333,treatment
21334,control
21335,treatment
21336,control
21337,control
21338,treatment
21339,treatment
21340,treatment
21341,control
21342,control
21343,treatment
21344,treatment
21345,control
21346,treatment
21347,control
21348,treatment
21349,treatment
21350,control
21351,control
21352,control
21353,control
21354,treatment
21355,control
21356,treatment
21357,treatment
21358,treatment
21359,control
21360,treatment
21361,control
21362,treatment
21363,treatment
21364,treatment
21365,treatment
21366,control
21367,treatment
21368,control
21369,control
21370,control
21371,control
21372,treatment
21373,treatment
21374,control
21375,treatment
21376,control
21377,control
21378,control
21379,treatment
21380,control
21381,control
21382,control
21383,treatment
21384,control
21385,treatment
21386,control
21387,treatment
21388,control
21389,treatment
21390,treatment
21391,treatment
21392,control
21393,treatment
21394,treatment
21395,treatment
21396,control
21397,control
21398,control
21399,control
21400,control
21401,control
21402,control
21403,treatment
21404,treatment
21405,control
21406,treatment
21407,treatment
21408,control
21409,treatment
21410,control
21411,control
21412,treatment
21413,control
21414,treatment
21415,treatment
21416,treatment
21417,treatment
21418,treatment
21419,treatment
21420,control
21421,treatment
21422,control
21423,treatment
21424,treatment
21425,treatment
21426,treatment
21427,treatment
21428,treatment
21429,control
21430,treatment
21431,control
21432,treatment
21433,treatment
21434,treatment
21435,treatment
21436,control
21437,control
21438,treatment
21439,treatment
21440,control
21441,control
21442,control
21443,treatment
21444,treatment
21445,treatment
21446,control
21447,control
21448,treatment
21449,treatment
21450,control
21451,treatment
21452,treatment
21453,control
21454,treatment
21455,treatment
21456,treatment
21457,control
21458,treatment
21459,control
21460,control
21461,control
21462,control
21463,treatment
21464,control
21465,treatment
21466,treatment
21467,control
21468,treatment
21469,treatment
21470,treatment
21471,control
21472,control
21473,treatment
21474,treatment
21475,treatment
21476,control
21477,control
21478,treatment
21479,treatment
21480,control
21481,treatment
21482,control
21483,control
21484,control
21485,control
21486,treatment
21487,control
21488,treatment
21489,control
21490,control
21491,control
21492,treatment
21493,control
21494,treatment
21495,treatment
21496,treatment
21497,control
21498,treatment
21499,treatment
21500,control
21501,treatment
21502,control
21503,control
21504,control
21505,treatment
21506,treatment
21507,treatment
21508,treatment
21509,treatment
21510,treatment
21511,control
21512,control
21513,treatment
21514,control
21515,treatment
21516,control
21517,treatment
21518,control
21519,treatment
21520,control
21521,treatment
21522,control
21523,treatment
21524,treatment
21525,control
21526,control
21527,treatment
21528,control
21529,treatment
21530,treatment
21531,control
21532,treatment
21533,treatment
21534,control
21535,treatment
21536,control
21537,treatment
21538,control
21539,treatment
21540,control
21541,control
21542,treatment
21543,treatment
21544,treatment
21545,treatment
21546,control
21547,treatment
21548,treatment
21549,control
21550,treatment
21551,treatment
21552,treatment
21553,control
21554,control
21555,control
21556,treatment
21557,treatment
21558,control
21559,treatment
21560,treatment
21561,treatment
21562,treatment
21563,treatment
21564,control
21565,treatment
21566,treatment
21567,control
21568,treatment
21569,control
21570,treatment
21571,treatment
21572,treatment
21573,treatment
21574,control
21575,treatment
21576,treatment
21577,control
21578,control
21579,control
21580,control
21581,treatment
21582,treatment
21583,treatment
21584,control
21585,treatment
21586,control
21587,treatment
21588,treatment
21589,treatment
21590,treatment
21591,treatment
21592,treatment
21593,treatment
21594,control
21595,control
21596,treatment
21597,control
21598,control
21599,control
21600,control
21601,treatment
21602,treatment
21603,treatment
21604,treatment
21605,treatment
21606,treatment
21607,treatment
21608,control
21609,treatment
21610,treatment
21611,treatment
21612,treatment
21613,treatment
21614,control
21615,control
21616,treatment
21617,control
21618,control
21619,control
21620,treatment
21621,treatment
21622,control
21623,control
21624,control
21625,treatment
21626,treatment
21627,treatment
21628,treatment
21629,treatment
21630,control
21631,treatment
21632,treatment
21633,control
21634,control
21635,control
21636,treatment
21637,control
21638,control
21639,treatment
21640,control
21641,treatment
21642,treatment
21643,treatment
21644,control
21645,control
21646,treatment
21647,treatment
21648,control
21649,treatment
21650,control
21651,control
21652,control
21653,treatment
21654,treatment
21655,treatment
21656,treatment
21657,treatment
21658,control
21659,control
21660,control
21661,control
21662,control
21663,treatment
21664,control
21665,treatment
21666,control
21667,treatment
21668,control
21669,control
21670,control
21671,control
21672,treatment
21673,control
21674,control
21675,treatment
21676,treatment
21677,control
21678,treatment
21679,treatment
21680,treatment
21681,treatment
21682,treatment
21683,treatment
21684,treatment
21685,treatment
21686,treatment
21687,control
21688,treatment
21689,control
21690,treatment
21691,treatment
21692,treatment
21693,control
21694,control
21695,control
21696,control
21697,treatment
21698,control
21699,control
21700,control
21701,control
21702,treatment
21703,control
21704,control
21705,control
21706,control
21707,control
21708,treatment
21709,treatment
21710,treatment
21711,control
21712,treatment
21713,control
21714,control
21715,treatment
21716,control
21717,control
21718,control
21719,control
21720,control
21721,treatment
21722,treatment
21723,treatment
21724,control
21725,treatment
21726,control
21727,control
21728,treatment
21729,control
21730,control
21731,treatment
21732,control
21733,treatment
21734,treatment
21735,treatment
21736,control
21737,control
21738,treatment
21739,treatment
21740,treatment
21741,treatment
21742,control
21743,treatment
21744,control
21745,control
21746,treatment
21747,treatment
21748,control
21749,treatment
21750,treatment
21751,control
21752,treatment
21753,treatment
21754,treatment
21755,control
21756,control
21757,treatment
21758,treatment
21759,control
21760,treatment
21761,treatment
21762,control
21763,control
21764,treatment
21765,treatment
21766,treatment
21767,treatment
21768,control
21769,control
21770,treatment
21771,treatment
21772,treatment
21773,control
21774,control
21775,treatment
21776,treatment
21777,treatment
21778,treatment
21779,treatment
21780,control
21781,treatment
21782,control
21783,control
21784,treatment
21785,treatment
21786,treatment
21787,control
21788,treatment
21789,control
21790,treatment
21791,treatment
21792,control
21793,control
21794,treatment
21795,control
21796,treatment
21797,treatment
21798,treatment
21799,treatment
21800,control
21801,treatment
21802,control
21803,treatment
21804,control
21805,treatment
21806,control
21807,control
21808,control
21809,treatment
21810,control
21811,control
21812,treatment
21813,control
21814,control
21815,control
21816,control
21817,control
21818,treatment
21819,treatment
21820,control
21821,treatment
21822,control
21823,treatment
21824,treatment
21825,control
21826,control
21827,treatment
21828,control
21829,control
21830,treatment
21831,treatment
21832,control
21833,treatment
21834,treatment
21835,treatment
21836,treatment
21837,treatment
21838,control
21839,treatment
21840,control
21841,treatment
21842,treatment
21843,control
21844,control
21845,treatment
21846,treatment
21847,control
21848,control
21849,control
21850,treatment
21851,treatment
21852,control
21853,control
21854,treatment
21855,control
21856,control
21857,treatment
21858,treatment
21859,treatment
21860,treatment
21861,control
21862,control
21863,treatment
21864,control
21865,control
21866,treatment
21867,control
21868,treatment
21869,treatment
21870,control
21871,control
21872,control
21873,treatment
21874,treatment
21875,control
21876,control
21877,control
21878,control
21879,control
21880,control
21881,control
21882,treatment
21883,control
21884,treatment
21885,treatment
21886,control
21887,control
21888,treatment
21889,control
21890,control
21891,control
21892,treatment
21893,treatment
21894,control
21895,control
21896,control
21897,control
21898,control
21899,control
21900,treatment
21901,treatment
21902,treatment
21903,treatment
21904,control
21905,control
21906,control
21907,treatment
21908,treatment
21909,treatment
21910,control
21911,control
21912,control
21913,treatment
21914,treatment
21915,treatment
21916,treatment
21917,treatment
21918,control
21919,treatment
21920,control
21921,control
21922,control
21923,treatment
21924,treatment
21925,treatment
21926,control
21927,treatment
21928,control
21929,control
21930,control
21931,treatment
21932,treatment
21933,control
21934,treatment
21935,control
21936,treatment
21937,treatment
21938,treatment
21939,control
21940,treatment
21941,control
21942,treatment
21943,control
21944,treatment
21945,treatment
21946,control
21947,treatment
21948,treatment
21949,treatment
21950,control
21951,control
21952,control
21953,treatment
21954,treatment
21955,treatment
21956,treatment
21957,control
21958,control
21959,treatment
21960,treatment
21961,control
21962,treatment
21963,treatment
21964,treatment
21965,treatment
21966,control
21967,treatment
21968,treatment
21969,treatment
21970,treatment
21971,treatment
21972,control
21973,control
21974,treatment
21975,control
21976,control
21977,control
21978,control
21979,treatment
21980,control
21981,treatment
21982,treatment
21983,treatment
21984,treatment
21985,treatment
21986,treatment
21987,treatment
21988,treatment
21989,control
21990,control
21991,control
21992,control
21993,control
21994,treatment
21995,treatment
21996,treatment
21997,treatment
21998,treatment
21999,treatment
22000,control
22001,treatment
22002,treatment
22003,treatment
22004,treatment
22005,treatment
22006,control
22007,control
22008,treatment
22009,control
22010,treatment
22011,treatment
22012,treatment
22013,treatment
22014,treatment
22015,treatment
22016,treatment
22017,control
22018,control
22019,control
22020,treatment
22021,control
22022,control
22023,treatment
22024,control
22025,treatment
22026,treatment
22027,treatment
22028,treatment
22029,control
22030,treatment
22031,treatment
22032,control
22033,treatment
22034,treatment
22035,control
22036,control
22037,control
22038,treatment
22039,treatment
22040,treatment
22041,treatment
22042,control
22043,control
22044,treatment
22045,control
22046,treatment
22047,control
22048,control
22049,treatment
22050,treatment
22051,control
22052,control
22053,treatment
22054,control
22055,treatment
22056,control
22057,control
22058,control
22059,treatment
22060,treatment
22061,control
22062,control
22063,treatment
22064,treatment
22065,treatment
22066,control
22067,control
22068,control
22069,treatment
22070,control
22071,treatment
22072,treatment
22073,control
22074,control
22075,treatment
22076,control
22077,control
22078,control
22079,treatment
22080,treatment
22081,treatment
22082,treatment
22083,treatment
22084,treatment
22085,control
22086,treatment
22087,control
22088,control
22089,control
22090,treatment
22091,treatment
22092,treatment
22093,control
22094,control
22095,control
22096,treatment
22097,treatment
22098,control
22099,treatment
22100,control
22101,treatment
22102,control
22103,treatment
22104,treatment
22105,control
22106,treatment
22107,control
22108,control
22109,control
22110,treatment
22111,control
22112,treatment
22113,treatment
22114,control
22115,treatment
22116,control
22117,treatment
22118,treatment
22119,control
22120,treatment
22121,control
22122,control
22123,treatment
22124,treatment
22125,treatment
22126,control
22127,control
22128,treatment
22129,treatment
22130,treatment
22131,treatment
22132,control
22133,control
22134,control
22135,control
22136,control
22137,control
22138,control
22139,treatment
22140,treatment
22141,treatment
22142,treatment
22143,treatment
22144,control
22145,treatment
22146,treatment
22147,treatment
22148,treatment
22149,treatment
22150,treatment
22151,treatment
22152,treatment
22153,control
22154,treatment
22155,treatment
22156,treatment
22157,treatment
22158,control
22159,control
22160,control
22161,control
22162,control
22163,treatment
22164,treatment
22165,control
22166,control
22167,treatment
22168,treatment
22169,control
22170,control
22171,control
22172,control
22173,treatment
22174,treatment
22175,treatment
22176,treatment
22177,control
22178,control
22179,control
22180,control
22181,treatment
22182,control
22183,treatment
22184,control
22185,control
22186,control
22187,control
22188,control
22189,treatment
22190,control
22191,treatment
22192,treatment
22193,treatment
22194,control
22195,control
22196,treatment
22197,treatment
22198,control
22199,control
22200,treatment
22201,control
22202,treatment
22203,control
22204,control
22205,treatment
22206,treatment
22207,treatment
22208,treatment
22209,treatment
22210,control
22211,control
22212,control
22213,treatment
22214,control
22215,control
22216,treatment
22217,treatment
22218,control
22219,control
22220,control
22221,control
22222,treatment
22223,control
22224,treatment
22225,control
22226,control
22227,control
22228,control
22229,control
22230,control
22231,treatment
22232,control
22233,control
22234,control
22235,treatment
22236,control
22237,treatment
22238,control
22239,control
22240,treatment
22241,treatment
22242,control
22243,control
22244,treatment
22245,control
22246,control
22247,treatment
22248,treatment
22249,treatment
22250,treatment
22251,control
22252,treatment
22253,treatment
22254,control
22255,treatment
22256,treatment
22257,control
22258,treatment
22259,control
22260,treatment
22261,control
22262,treatment
22263,control
22264,treatment
22265,control
22266,control
22267,treatment
22268,control
22269,treatment
22270,treatment
22271,treatment
22272,treatment
22273,treatment
22274,control
22275,control
22276,treatment
22277,treatment
22278,treatment
22279,treatment
22280,treatment
22281,treatment
22282,control
22283,treatment
22284,treatment
22285,treatment
22286,control
22287,control
22288,control
22289,treatment
22290,treatment
22291,treatment
22292,treatment
22293,control
22294,control
22295,treatment
22296,control
22297,treatment
22298,control
22299,treatment
22300,control
22301,treatment
22302,control
22303,control
22304,control
22305,control
22306,treatment
22307,treatment
22308,treatment
22309,treatment
22310,treatment
22311,treatment
22312,treatment
22313,control
22314,treatment
22315,treatment
22316,control
22317,control
22318,treatment
22319,control
22320,control
22321,treatment
22322,treatment
22323,control
22324,control
22325,control
22326,treatment
22327,treatment
22328,treatment
22329,control
22330,control
22331,control
22332,control
22333,treatment
22334,control
22335,treatment
22336,control
22337,treatment
22338,treatment
22339,treatment
22340,treatment
22341,control
22342,control
22343,control
22344,control
22345,control
22346,treatment
22347,treatment
22348,control
22349,treatment
22350,control
22351,treatment
22352,control
22353,control
22354,treatment
22355,control
22356,treatment
22357,control
22358,treatment
22359,treatment
22360,treatment
22361,control
22362,control
22363,treatment
22364,treatment
22365,control
22366,control
22367,treatment
22368,treatment
22369,treatment
22370,control
22371,control
22372,treatment
22373,treatment
22374,control
22375,control
22376,control
22377,control
22378,treatment
22379,treatment
22380,control
22381,control
22382,treatment
22383,control
22384,control
22385,treatment
22386,treatment
22387,treatment
22388,control
22389,treatment
22390,treatment
22391,control
22392,control
22393,control
22394,treatment
22395,control
22396,control
22397,control
22398,treatment
22399,control
22400,control
22401,control
22402,control
22403,treatment
22404,treatment
22405,treatment
22406,control
22407,treatment
22408,control
22409,control
22410,control
22411,treatment
22412,treatment
22413,control
22414,treatment
22415,control
22416,treatment
22417,treatment
22418,treatment
22419,control
22420,control
22421,treatment
22422,treatment
22423,control
22424,treatment
22425,control
22426,control
22427,control
22428,control
22429,treatment
22430,treatment
22431,treatment
22432,treatment
22433,control
22434,control
22435,control
22436,treatment
22437,control
22438,control
22439,treatment
22440,control
22441,control
22442,treatment
22443,treatment
22444,control
22445,control
22446,control
22447,control
22448,control
22449,control
22450,control
22451,control
22452,treatment
22453,treatment
22454,control
22455,control
22456,treatment
22457,treatment
22458,control
22459,control
22460,treatment
22461,treatment
22462,treatment
22463,control
22464,control
22465,treatment
22466,control
22467,control
22468,treatment
22469,treatment
22470,treatment
22471,treatment
22472,control
22473,control
22474,treatment
22475,control
22476,treatment
22477,treatment
22478,treatment
22479,treatment
22480,control
22481,treatment
22482,treatment
22483,treatment
22484,treatment
22485,treatment
22486,control
22487,treatment
22488,control
22489,control
22490,treatment
22491,control
22492,control
22493,control
22494,control
22495,treatment
22496,treatment
22497,treatment
22498,treatment
22499,control
22500,control
22501,treatment
22502,treatment
22503,treatment
22504,treatment
22505,control
22506,treatment
22507,control
22508,control
22509,treatment
22510,control
22511,control
22512,control
22513,control
22514,treatment
22515,control
22516,treatment
22517,control
22518,treatment
22519,control
22520,control
22521,control
22522,control
22523,treatment
22524,treatment
22525,treatment
22526,treatment
22527,control
22528,control
22529,control
22530,control
22531,control
22532,treatment
22533,control
22534,treatment
22535,treatment
22536,control
22537,treatment
22538,treatment
22539,treatment
22540,control
22541,treatment
22542,treatment
22543,treatment
22544,treatment
22545,treatment
22546,control
22547,treatment
22548,control
22549,control
22550,control
22551,control
22552,treatment
22553,treatment
22554,treatment
22555,treatment
22556,control
22557,treatment
22558,control
22559,treatment
22560,treatment
22561,control
22562,control
22563,treatment
22564,control
22565,treatment
22566,control
22567,treatment
22568,control
22569,treatment
22570,control
22571,control
22572,control
22573,control
22574,treatment
22575,control
22576,control
22577,control
22578,control
22579,control
22580,control
22581,control
22582,treatment
22583,control
22584,treatment
22585,control
22586,control
22587,control
22588,treatment
22589,treatment
22590,control
22591,treatment
22592,treatment
22593,control
22594,control
22595,treatment
22596,treatment
22597,control
22598,treatment
22599,control
22600,control
22601,treatment
22602,control
22603,treatment
22604,control
22605,control
22606,control
22607,control
22608,control
22609,treatment
22610,control
22611,treatment
22612,treatment
22613,treatment
22614,control
22615,control
22616,control
22617,treatment
22618,treatment
22619,control
22620,treatment
22621,treatment
22622,control
22623,treatment
22624,treatment
22625,control
22626,control
22627,control
22628,control
22629,control
22630,control
22631,control
22632,control
22633,control
22634,control
22635,treatment
22636,treatment
22637,treatment
22638,treatment
22639,control
22640,control
22641,treatment
22642,control
22643,treatment
22644,control
22645,treatment
22646,treatment
22647,treatment
22648,control
22649,treatment
22650,control
22651,treatment
22652,control
22653,treatment
22654,treatment
22655,control
22656,treatment
22657,control
22658,treatment
22659,treatment
22660,control
22661,control
22662,treatment
22663,control
22664,control
22665,treatment
22666,treatment
22667,treatment
22668,control
22669,control
22670,control
22671,treatment
22672,control
22673,treatment
22674,control
22675,treatment
22676,control
22677,treatment
22678,treatment
22679,treatment
22680,treatment
22681,treatment
22682,treatment
22683,treatment
22684,treatment
22685,control
22686,treatment
22687,treatment
22688,control
22689,treatment
22690,control
22691,control
22692,control
22693,control
22694,treatment
22695,control
22696,control
22697,treatment
22698,control
22699,treatment
22700,treatment
22701,control
22702,treatment
22703,treatment
22704,control
22705,treatment
22706,control
22707,treatment
22708,treatment
22709,control
22710,control
22711,treatment
22712,treatment
22713,control
22714,control
22715,control
22716,control
22717,treatment
22718,control
22719,control
22720,treatment
22721,control
22722,treatment
22723,treatment
22724,control
22725,control
22726,control
22727,control
22728,control
22729,control
22730,control
22731,control
22732,treatment
22733,treatment
22734,control
22735,control
22736,treatment
22737,control
22738,control
22739,control
22740,treatment
22741,control
22742,treatment
22743,control
22744,treatment
22745,treatment
22746,treatment
22747,control
22748,control
22749,control
22750,control
22751,treatment
22752,treatment
22753,control
22754,treatment
22755,control
22756,control
22757,treatment
22758,control
22759,control
22760,control
22761,treatment
22762,control
22763,treatment
22764,treatment
22765,treatment
22766,control
22767,control
22768,treatment
22769,control
22770,control
22771,treatment
22772,treatment
22773,control
22774,treatment
22775,treatment
22776,control
22777,control
22778,control
22779,treatment
22780,treatment
22781,control
22782,treatment
22783,treatment
22784,treatment
22785,control
22786,control
22787,control
22788,control
22789,control
22790,control
22791,control
22792,treatment
22793,control
22794,control
22795,treatment
22796,treatment
22797,control
22798,treatment
22799,control
22800,control
22801,control
22802,treatment
22803,treatment
22804,control
22805,control
22806,control
22807,treatment
22808,treatment
22809,control
22810,control
22811,control
22812,control
22813,control
22814,treatment
22815,control
22816,treatment
22817,control
22818,control
22819,control
22820,control
22821,control
22822,control
22823,treatment
22824,control
22825,control
22826,control
22827,control
22828,control
22829,control
22830,control
22831,treatment
22832,treatment
22833,treatment
22834,control
22835,treatment
22836,control
22837,treatment
22838,control
22839,control
22840,treatment
22841,treatment
22842,treatment
22843,control
22844,control
22845,control
22846,control
22847,treatment
22848,control
22849,treatment
22850,control
22851,control
22852,treatment
22853,control
22854,treatment
22855,control
22856,control
22857,control
22858,control
22859,treatment
22860,treatment
22861,control
22862,control
22863,treatment
22864,treatment
22865,control
22866,control
22867,treatment
22868,treatment
22869,treatment
22870,treatment
22871,control
22872,control
22873,control
22874,control
22875,treatment
22876,control
22877,control
22878,treatment
22879,control
22880,treatment
22881,treatment
22882,control
22883,control
22884,control
22885,treatment
22886,treatment
22887,control
22888,control
22889,control
22890,control
22891,control
22892,treatment
22893,treatment
22894,control
22895,treatment
22896,treatment
22897,treatment
22898,control
22899,control
22900,control
22901,treatment
22902,control
22903,treatment
22904,treatment
22905,control
22906,control
22907,control
22908,control
22909,treatment
22910,treatment
22911,treatment
22912,control
22913,treatment
22914,control
22915,treatment
22916,control
22917,treatment
22918,treatment
22919,control
22920,treatment
22921,treatment
22922,control
22923,control
22924,treatment
22925,treatment
22926,control
22927,treatment
22928,control
22929,treatment
22930,treatment
22931,control
22932,treatment
22933,control
22934,treatment
22935,treatment
22936,treatment
22937,treatment
22938,treatment
22939,treatment
22940,treatment
22941,treatment
22942,control
22943,control
22944,control
22945,treatment
22946,control
22947,control
22948,treatment
22949,treatment
22950,control
22951,treatment
22952,control
22953,control
22954,treatment
22955,treatment
22956,treatment
22957,treatment
22958,control
22959,treatment
22960,control
22961,treatment
22962,control
22963,treatment
22964,treatment
22965,control
22966,control
22967,treatment
22968,treatment
22969,treatment
22970,control
22971,treatment
22972,treatment
22973,control
22974,control
22975,control
22976,control
22977,treatment
22978,control
22979,treatment
22980,treatment
22981,control
22982,control
22983,control
22984,treatment
22985,treatment
22986,treatment
22987,control
22988,control
22989,control
22990,treatment
22991,treatment
22992,treatment
22993,treatment
22994,treatment
22995,control
22996,control
22997,control
22998,control
22999,control
23000,treatment
23001,treatment
23002,control
23003,control
23004,control
23005,control
23006,control
23007,control
23008,control
23009,treatment
23010,treatment
23011,control
23012,treatment
23013,control
23014,treatment
23015,control
23016,control
23017,control
23018,control
23019,treatment
23020,control
23021,control
23022,control
23023,treatment
23024,treatment
23025,treatment
23026,treatment
23027,control
23028,control
23029,control
23030,treatment
23031,treatment
23032,treatment
23033,control
23034,control
23035,treatment
23036,treatment
23037,treatment
23038,treatment
23039,control
23040,treatment
23041,control
23042,treatment
23043,control
23044,treatment
23045,control
23046,treatment
23047,treatment
23048,treatment
23049,control
23050,control
23051,treatment
23052,treatment
23053,treatment
23054,control
23055,control
23056,control
23057,treatment
23058,control
23059,treatment
23060,control
23061,treatment
23062,treatment
23063,treatment
23064,treatment
23065,control
23066,treatment
23067,treatment
23068,treatment
23069,control
23070,treatment
23071,control
23072,control
23073,control
23074,treatment
23075,control
23076,control
23077,control
23078,control
23079,treatment
23080,control
23081,treatment
23082,control
23083,treatment
23084,control
23085,treatment
23086,control
23087,control
23088,treatment
23089,treatment
23090,control
23091,treatment
23092,treatment
23093,control
23094,treatment
23095,control
23096,treatment
23097,treatment
23098,treatment
23099,treatment
23100,treatment
23101,treatment
23102,treatment
23103,control
23104,control
23105,treatment
23106,treatment
23107,control
23108,treatment
23109,treatment
23110,treatment
23111,treatment
23112,control
23113,treatment
23114,treatment
23115,control
23116,treatment
23117,treatment
23118,control
23119,control
23120,treatment
23121,control
23122,control
23123,control
23124,treatment
23125,control
23126,control
23127,treatment
23128,control
23129,treatment
23130,treatment
23131,treatment
23132,control
23133,control
23134,control
23135,treatment
23136,control
23137,control
23138,treatment
23139,treatment
23140,control
23141,control
23142,treatment
23143,control
23144,treatment
23145,treatment
23146,control
23147,treatment
23148,treatment
23149,treatment
23150,control
23151,treatment
23152,control
23153,control
23154,treatment
23155,control
23156,control
23157,control
23158,control
23159,control
23160,control
23161,treatment
23162,treatment
23163,control
23164,treatment
23165,treatment
23166,treatment
23167,control
23168,treatment
23169,control
23170,control
23171,control
23172,treatment
23173,control
23174,control
23175,control
23176,treatment
23177,treatment
23178,treatment
23179,control
23180,control
23181,control
23182,treatment
23183,control
23184,control
23185,treatment
23186,control
23187,control
23188,control
23189,control
23190,control
23191,control
23192,control
23193,control
23194,control
23195,control
23196,treatment
23197,control
23198,control
23199,control
23200,control
23201,treatment
23202,control
23203,treatment
23204,control
23205,treatment
23206,control
23207,treatment
23208,control
23209,control
23210,control
23211,control
23212,control
23213,control
23214,treatment
23215,treatment
23216,control
23217,treatment
23218,treatment
23219,control
23220,control
23221,treatment
23222,treatment
23223,control
23224,control
23225,treatment
23226,control
23227,treatment
23228,control
23229,treatment
23230,treatment
23231,treatment
23232,control
23233,treatment
23234,control
23235,control
23236,control
23237,treatment
23238,treatment
23239,control
23240,treatment
23241,control
23242,treatment
23243,treatment
23244,control
23245,control
23246,control
23247,treatment
23248,treatment
23249,control
23250,treatment
23251,control
23252,control
23253,treatment
23254,control
23255,treatment
23256,treatment
23257,treatment
23258,treatment
23259,control
23260,treatment
23261,control
23262,control
23263,treatment
23264,treatment
23265,treatment
23266,control
23267,treatment
23268,control
23269,treatment
23270,treatment
23271,control
23272,treatment
23273,control
23274,treatment
23275,control
23276,control
23277,treatment
23278,treatment
23279,control
23280,treatment
23281,control
23282,treatment
23283,treatment
23284,control
23285,control
23286,treatment
23287,treatment
23288,control
23289,control
23290,control
23291,control
23292,treatment
23293,control
23294,control
23295,control
23296,treatment
23297,treatment
23298,treatment
23299,treatment
23300,treatment
23301,control
23302,control
23303,treatment
23304,treatment
23305,treatment
23306,control
23307,treatment
23308,control
23309,treatment
23310,control
23311,control
23312,treatment
23313,treatment
23314,control
23315,control
23316,treatment
23317,control
23318,control
23319,treatment
23320,treatment
23321,treatment
23322,control
23323,treatment
23324,control
23325,treatment
23326,control
23327,control
23328,control
23329,treatment
23330,control
23331,control
23332,control
23333,treatment
23334,treatment
23335,control
23336,control
23337,treatment
23338,treatment
23339,control
23340,control
23341,control
23342,control
23343,treatment
23344,control
23345,treatment
23346,control
23347,control
23348,control
23349,control
23350,treatment
23351,treatment
23352,control
23353,treatment
23354,treatment
23355,control
23356,control
23357,control
23358,control
23359,control
23360,control
23361,control
23362,treatment
23363,control
23364,treatment
23365,treatment
23366,treatment
23367,control
23368,treatment
23369,control
23370,treatment
23371,control
23372,control
23373,treatment
23374,treatment
23375,treatment
23376,treatment
23377,treatment
23378,control
23379,treatment
23380,treatment
23381,control
23382,control
23383,treatment
23384,control
23385,treatment
23386,treatment
23387,control
23388,treatment
23389,treatment
23390,treatment
23391,control
23392,treatment
23393,control
23394,treatment
23395,control
23396,control
23397,control
23398,treatment
23399,treatment
23400,control
23401,treatment
23402,control
23403,control
23404,control
23405,treatment
23406,treatment
23407,control
23408,treatment
23409,treatment
23410,control
23411,treatment
23412,treatment
23413,control
23414,treatment
23415,control
23416,control
23417,treatment
23418,treatment
23419,control
23420,control
23421,control
23422,control
23423,control
23424,control
23425,treatment
23426,treatment
23427,treatment
23428,control
23429,treatment
23430,treatment
23431,treatment
23432,treatment
23433,control
23434,control
23435,control
23436,treatment
23437,treatment
23438,treatment
23439,control
23440,control
23441,control
23442,control
23443,control
23444,control
23445,control
23446,treatment
23447,treatment
23448,control
23449,treatment
23450,control
23451,control
23452,control
23453,treatment
23454,treatment
23455,treatment
23456,control
23457,treatment
23458,control
23459,control
23460,treatment
23461,treatment
23462,treatment
23463,treatment
23464,control
23465,treatment
23466,treatment
23467,control
23468,treatment
23469,treatment
23470,control
23471,treatment
23472,treatment
23473,treatment
23474,control
23475,treatment
23476,control
23477,control
23478,treatment
23479,control
23480,control
23481,control
23482,treatment
23483,control
23484,control
23485,control
23486,control
23487,treatment
23488,treatment
23489,treatment
23490,control
23491,control
23492,control
23493,treatment
23494,control
23495,control
23496,treatment
23497,treatment
23498,control
23499,control
23500,treatment
23501,control
23502,control
23503,treatment
23504,control
23505,treatment
23506,control
23507,treatment
23508,control
23509,treatment
23510,control
23511,treatment
23512,control
23513,control
23514,treatment
23515,treatment
23516,control
23517,control
23518,control
23519,treatment
23520,treatment
23521,control
23522,control
23523,treatment
23524,control
23525,treatment
23526,treatment
23527,treatment
23528,control
23529,control
23530,treatment
23531,treatment
23532,control
23533,treatment
23534,control
23535,treatment
23536,control
23537,treatment
23538,treatment
23539,control
23540,treatment
23541,treatment
23542,control
23543,treatment
23544,control
23545,control
23546,treatment
23547,treatment
23548,control
23549,treatment
23550,control
23551,treatment
23552,control
23553,control
23554,treatment
23555,control
23556,control
23557,treatment
23558,treatment
23559,treatment
23560,treatment
23561,control
23562,treatment
23563,treatment
23564,treatment
23565,treatment
23566,control
23567,control
23568,treatment
23569,treatment
23570,control
23571,control
23572,control
23573,control
23574,control
23575,control
23576,control
23577,treatment
23578,treatment
23579,treatment
23580,control
23581,control
23582,control
23583,treatment
23584,control
23585,control
23586,control
23587,control
23588,treatment
23589,treatment
23590,control
23591,treatment
23592,control
23593,treatment
23594,treatment
23595,control
23596,treatment
23597,control
23598,treatment
23599,control
23600,control
23601,treatment
23602,control
23603,control
23604,treatment
23605,control
23606,treatment
23607,control
23608,treatment
23609,control
23610,treatment
23611,treatment
23612,treatment
23613,control
23614,treatment
23615,control
23616,control
23617,treatment
23618,treatment
23619,control
23620,control
23621,treatment
23622,treatment
23623,treatment
23624,treatment
23625,treatment
23626,control
23627,control
23628,treatment
23629,treatment
23630,treatment
23631,treatment
23632,treatment
23633,treatment
23634,treatment
23635,control
23636,treatment
23637,treatment
23638,control
23639,control
23640,treatment
23641,control
23642,control
23643,treatment
23644,treatment
23645,treatment
23646,treatment
23647,treatment
23648,treatment
23649,control
23650,control
23651,control
23652,treatment
23653,treatment
23654,treatment
23655,control
23656,treatment
23657,treatment
23658,treatment
23659,treatment
23660,control
23661,treatment
23662,control
23663,control
23664,treatment
23665,treatment
23666,treatment
23667,treatment
23668,treatment
23669,control
23670,treatment
23671,treatment
23672,treatment
23673,control
23674,treatment
23675,control
23676,control
23677,treatment
23678,control
23679,control
23680,control
23681,treatment
23682,treatment
23683,treatment
23684,control
23685,control
23686,treatment
23687,treatment
23688,control
23689,control
23690,control
23691,control
23692,control
23693,control
23694,control
23695,treatment
23696,control
23697,treatment
23698,control
23699,treatment
23700,treatment
23701,control
23702,control
23703,treatment
23704,control
23705,treatment
23706,control
23707,control
23708,treatment
23709,treatment
23710,control
23711,treatment
23712,control
23713,control
23714,control
23715,control
23716,control
23717,control
23718,treatment
23719,treatment
23720,treatment
23721,control
23722,control
23723,treatment
23724,control
23725,control
23726,treatment
23727,control
23728,control
23729,treatment
23730,treatment
23731,treatment
23732,control
23733,control
23734,treatment
23735,control
23736,treatment
23737,control
23738,treatment
23739,treatment
23740,treatment
23741,control
23742,treatment
23743,control
23744,treatment
23745,control
23746,control
23747,treatment
23748,control
23749,treatment
23750,control
23751,treatment
23752,control
23753,control
23754,treatment
23755,treatment
23756,control
23757,control
23758,treatment
23759,control
23760,treatment
23761,control
23762,treatment
23763,control
23764,treatment
23765,treatment
23766,treatment
23767,treatment
23768,treatment
23769,control
23770,treatment
23771,control
23772,control
23773,treatment
23774,treatment
23775,treatment
23776,treatment
23777,treatment
23778,treatment
23779,control
23780,control
23781,control
23782,treatment
23783,control
23784,control
23785,control
23786,treatment
23787,control
23788,control
23789,treatment
23790,treatment
23791,treatment
23792,control
23793,control
23794,treatment
23795,control
23796,treatment
23797,control
23798,treatment
23799,treatment
23800,treatment
23801,treatment
23802,treatment
23803,control
23804,treatment
23805,treatment
23806,control
23807,treatment
23808,control
23809,control
23810,treatment
23811,control
23812,treatment
23813,treatment
23814,treatment
23815,control
23816,treatment
23817,treatment
23818,control
23819,control
23820,control
23821,treatment
23822,treatment
23823,treatment
23824,treatment
23825,control
23826,control
23827,control
23828,control
23829,treatment
23830,treatment
23831,treatment
23832,control
23833,control
23834,control
23835,control
23836,control
23837,treatment
23838,treatment
23839,control
23840,control
23841,control
23842,control
23843,treatment
23844,treatment
23845,treatment
23846,control
23847,treatment
23848,treatment
23849,control
23850,control
23851,treatment
23852,treatment
23853,control
23854,control
23855,treatment
23856,treatment
23857,control
23858,treatment
23859,treatment
23860,control
23861,control
23862,control
23863,control
23864,control
23865,treatment
23866,control
23867,control
23868,control
23869,control
23870,control
23871,control
23872,control
23873,control
23874,treatment
23875,control
23876,treatment
23877,control
23878,control
23879,treatment
23880,control
23881,treatment
23882,control
23883,control
23884,treatment
23885,control
23886,control
23887,treatment
23888,control
23889,control
23890,control
23891,control
23892,treatment
23893,treatment
23894,control
23895,control
23896,treatment
23897,control
23898,control
23899,treatment
23900,control
23901,control
23902,control
23903,treatment
23904,control
23905,treatment
23906,control
23907,treatment
23908,control
23909,treatment
23910,control
23911,control
23912,control
23913,control
23914,treatment
23915,treatment
23916,treatment
23917,treatment
23918,treatment
23919,control
23920,control
23921,treatment
23922,control
23923,control
23924,control
23925,control
23926,treatment
23927,treatment
23928,treatment
23929,control
23930,control
23931,treatment
23932,control
23933,control
23934,treatment
23935,control
23936,control
23937,control
23938,control
23939,treatment
23940,control
23941,treatment
23942,treatment
23943,treatment
23944,control
23945,treatment
23946,treatment
23947,control
23948,control
23949,treatment
23950,treatment
23951,treatment
23952,control
23953,control
23954,control
23955,treatment
23956,control
23957,control
23958,control
23959,treatment
23960,treatment
23961,control
23962,control
23963,control
23964,control
23965,control
23966,treatment
23967,treatment
23968,treatment
23969,control
23970,control
23971,treatment
23972,treatment
23973,control
23974,control
23975,control
23976,treatment
23977,control
23978,control
23979,treatment
23980,control
23981,treatment
23982,control
23983,control
23984,control
23985,treatment
23986,control
23987,treatment
23988,treatment
23989,control
23990,control
23991,treatment
23992,control
23993,treatment
23994,treatment
23995,control
23996,control
23997,treatment
23998,treatment
23999,control
24000,treatment
24001,control
24002,control
24003,control
24004,control
24005,treatment
24006,control
24007,control
24008,treatment
24009,treatment
24010,control
24011,treatment
24012,treatment
24013,control
24014,control
24015,treatment
24016,treatment
24017,control
24018,treatment
24019,treatment
24020,control
24021,treatment
24022,treatment
24023,control
24024,treatment
24025,control
24026,treatment
24027,treatment
24028,treatment
24029,control
24030,control
24031,control
24032,control
24033,treatment
24034,control
24035,control
24036,control
24037,treatment
24038,control
24039,control
24040,control
24041,treatment
24042,control
24043,treatment
24044,control
24045,treatment
24046,treatment
24047,treatment
24048,treatment
24049,treatment
24050,control
24051,treatment
24052,control
24053,treatment
24054,control
24055,treatment
24056,treatment
24057,control
24058,control
24059,treatment
24060,treatment
24061,treatment
24062,control
24063,treatment
24064,treatment
24065,treatment
24066,control
24067,treatment
24068,treatment
24069,treatment
24070,control
24071,treatment
24072,control
24073,treatment
24074,treatment
24075,treatment
24076,control
24077,control
24078,treatment
24079,treatment
24080,control
24081,control
24082,control
24083,treatment
24084,treatment
24085,treatment
24086,treatment
24087,control
24088,treatment
24089,treatment
24090,treatment
24091,control
24092,control
24093,treatment
24094,treatment
24095,control
24096,control
24097,treatment
24098,control
24099,control
24100,treatment
24101,treatment
24102,control
24103,treatment
24104,control
24105,control
24106,control
24107,control
24108,control
24109,control
24110,control
24111,control
24112,treatment
24113,control
24114,treatment
24115,treatment
24116,treatment
24117,treatment
24118,treatment
24119,control
24120,control
24121,treatment
24122,control
24123,control
24124,control
24125,treatment
24126,treatment
24127,treatment
24128,control
24129,treatment
24130,control
24131,control
24132,treatment
24133,treatment
24134,treatment
24135,control
24136,control
24137,control
24138,control
24139,treatment
24140,control
24141,treatment
24142,control
24143,control
24144,treatment
24145,treatment
24146,treatment
24147,control
24148,treatment
24149,treatment
24150,treatment
24151,control
24152,control
24153,treatment
24154,treatment
24155,treatment
24156,treatment
24157,control
24158,control
24159,treatment
24160,treatment
24161,control
24162,treatment
24163,control
24164,treatment
24165,control
24166,control
24167,control
24168,treatment
24169,treatment
24170,treatment
24171,control
24172,treatment
24173,treatment
24174,control
24175,treatment
24176,control
24177,treatment
24178,treatment
24179,treatment
24180,control
24181,treatment
24182,treatment
24183,control
24184,control
24185,control
24186,control
24187,control
24188,treatment
24189,control
24190,treatment
24191,control
24192,treatment
24193,treatment
24194,treatment
24195,treatment
24196,treatment
24197,control
24198,treatment
24199,control
24200,control
24201,control
24202,control
24203,control
24204,treatment
24205,control
24206,treatment
24207,treatment
24208,control
24209,control
24210,treatment
24211,treatment
24212,control
24213,control
24214,treatment
24215,control
24216,control
24217,control
24218,control
24219,treatment
24220,treatment
24221,control
24222,treatment
24223,treatment
24224,control
24225,treatment
24226,treatment
24227,treatment
24228,treatment
24229,treatment
24230,control
24231,treatment
24232,treatment
24233,control
24234,control
24235,treatment
24236,treatment
24237,control
24238,control
24239,treatment
24240,treatment
24241,treatment
24242,control
24243,control
24244,control
24245,control
24246,treatment
24247,treatment
24248,control
24249,control
24250,treatment
24251,treatment
24252,control
24253,treatment
24254,treatment
24255,control
24256,treatment
24257,treatment
24258,control
24259,control
24260,control
24261,control
24262,control
24263,control
24264,control
24265,control
24266,control
24267,treatment
24268,treatment
24269,control
24270,treatment
24271,control
24272,control
24273,control
24274,treatment
24275,treatment
24276,treatment
24277,treatment
24278,control
24279,control
24280,treatment
24281,treatment
24282,treatment
24283,control
24284,control
24285,treatment
24286,treatment
24287,treatment
24288,treatment
24289,treatment
24290,treatment
24291,treatment
24292,control
24293,treatment
24294,treatment
24295,control
24296,treatment
24297,control
24298,control
24299,control
24300,treatment
24301,treatment
24302,control
24303,treatment
24304,control
24305,control
24306,treatment
24307,treatment
24308,treatment
24309,treatment
24310,control
24311,control
24312,treatment
24313,control
24314,control
24315,treatment
24316,treatment
24317,control
24318,control
24319,control
24320,control
24321,treatment
24322,control
24323,treatment
24324,control
24325,control
24326,control
24327,control
24328,treatment
24329,treatment
24330,control
24331,control
24332,treatment
24333,treatment
24334,control
24335,control
24336,control
24337,control
24338,control
24339,control
24340,treatment
24341,treatment
24342,control
24343,treatment
24344,control
24345,control
24346,treatment
24347,treatment
24348,control
24349,treatment
24350,treatment
24351,control
24352,treatment
24353,control
24354,treatment
24355,control
24356,control
24357,treatment
24358,treatment
24359,treatment
24360,control
24361,control
24362,treatment
24363,treatment
24364,control
24365,treatment
24366,control
24367,treatment
24368,control
24369,control
24370,treatment
24371,control
24372,treatment
24373,treatment
24374,control
24375,treatment
24376,treatment
24377,control
24378,control
24379,control
24380,control
24381,control
24382,control
24383,control
24384,control
24385,control
24386,control
24387,treatment
24388,control
24389,control
24390,treatment
24391,treatment
24392,control
24393,treatment
24394,control
24395,control
24396,control
24397,treatment
24398,treatment
24399,control
24400,control
24401,control
24402,treatment
24403,treatment
24404,control
24405,control
24406,control
24407,control
24408,treatment
24409,treatment
24410,control
24411,control
24412,control
24413,control
24414,treatment
24415,treatment
24416,treatment
24417,treatment
24418,treatment
24419,control
24420,treatment
24421,treatment
24422,treatment
24423,treatment
24424,treatment
24425,control
24426,treatment
24427,control
24428,treatment
24429,treatment
24430,control
24431,control
24432,control
24433,treatment
24434,treatment
24435,control
24436,treatment
24437,control
24438,treatment
24439,control
24440,control
24441,treatment
24442,control
24443,control
24444,control
24445,treatment
24446,control
24447,control
24448,control
24449,control
24450,control
24451,treatment
24452,treatment
24453,treatment
24454,control
24455,treatment
24456,treatment
24457,control
24458,control
24459,treatment
24460,control
24461,control
24462,control
24463,control
24464,treatment
24465,control
24466,treatment
24467,treatment
24468,control
24469,control
24470,treatment
24471,control
24472,treatment
24473,control
24474,control
24475,treatment
24476,control
24477,control
24478,control
24479,control
24480,control
24481,control
24482,control
24483,control
24484,treatment
24485,control
24486,control
24487,control
24488,control
24489,control
24490,control
24491,treatment
24492,treatment
24493,treatment
24494,treatment
24495,control
24496,control
24497,control
24498,treatment
24499,control
24500,control
24501,control
24502,control
24503,treatment
24504,control
24505,control
24506,treatment
24507,control
24508,treatment
24509,treatment
24510,treatment
24511,control
24512,control
24513,control
24514,treatment
24515,control
24516,control
24517,control
24518,treatment
24519,control
24520,control
24521,control
24522,control
24523,treatment
24524,treatment
24525,control
24526,control
24527,treatment
24528,treatment
24529,control
24530,treatment
24531,control
24532,control
24533,treatment
24534,control
24535,treatment
24536,control
24537,treatment
24538,control
24539,control
24540,treatment
24541,treatment
24542,control
24543,treatment
24544,treatment
24545,control
24546,control
24547,treatment
24548,treatment
24549,treatment
24550,control
24551,treatment
24552,treatment
24553,treatment
24554,treatment
24555,treatment
24556,treatment
24557,treatment
24558,control
24559,control
24560,treatment
24561,control
24562,treatment
24563,treatment
24564,treatment
24565,control
24566,treatment
24567,treatment
24568,control
24569,control
24570,treatment
24571,treatment
24572,control
24573,control
24574,treatment
24575,control
24576,treatment
24577,control
24578,control
24579,control
24580,treatment
24581,treatment
24582,control
24583,treatment
24584,treatment
24585,treatment
24586,control
24587,treatment
24588,control
24589,treatment
24590,treatment
24591,treatment
24592,control
24593,treatment
24594,treatment
24595,control
24596,control
24597,control
24598,treatment
24599,treatment
24600,control
24601,treatment
24602,treatment
24603,treatment
24604,control
24605,treatment
24606,control
24607,treatment
24608,treatment
24609,control
24610,treatment
24611,treatment
24612,control
24613,control
24614,treatment
24615,treatment
24616,treatment
24617,control
24618,control
24619,treatment
24620,treatment
24621,control
24622,treatment
24623,control
24624,treatment
24625,control
24626,control
24627,treatment
24628,treatment
24629,control
24630,control
24631,control
24632,treatment
24633,control
24634,control
24635,control
24636,treatment
24637,control
24638,treatment
24639,treatment
24640,treatment
24641,treatment
24642,treatment
24643,control
24644,control
24645,control
24646,treatment
24647,treatment
24648,treatment
24649,treatment
24650,treatment
24651,control
24652,control
24653,control
24654,treatment
24655,control
24656,treatment
24657,treatment
24658,control
24659,control
24660,treatment
24661,treatment
24662,treatment
24663,control
24664,control
24665,treatment
24666,treatment
24667,treatment
24668,control
24669,control
24670,control
24671,treatment
24672,treatment
24673,control
24674,control
24675,treatment
24676,treatment
24677,treatment
24678,treatment
24679,control
24680,control
24681,treatment
24682,treatment
24683,control
24684,treatment
24685,control
24686,treatment
24687,control
24688,control
24689,control
24690,control
24691,control
24692,control
24693,control
24694,treatment
24695,treatment
24696,control
24697,treatment
24698,control
24699,treatment
24700,control
24701,control
24702,treatment
24703,control
24704,control
24705,control
24706,control
24707,treatment
24708,treatment
24709,control
24710,control
24711,treatment
24712,control
24713,treatment
24714,control
24715,treatment
24716,treatment
24717,control
24718,control
24719,control
24720,control
24721,treatment
24722,treatment
24723,treatment
24724,treatment
24725,treatment
24726,control
24727,treatment
24728,treatment
24729,control
24730,control
24731,treatment
24732,treatment
24733,control
24734,treatment
24735,control
24736,control
24737,treatment
24738,treatment
24739,treatment
24740,treatment
24741,control
24742,treatment
24743,control
24744,treatment
24745,control
24746,treatment
24747,control
24748,treatment
24749,control
24750,control
24751,control
24752,control
24753,control
24754,control
24755,control
24756,control
24757,treatment
24758,treatment
24759,control
24760,control
24761,treatment
24762,control
24763,control
24764,control
24765,control
24766,control
24767,treatment
24768,control
24769,control
24770,treatment
24771,treatment
24772,control
24773,treatment
24774,treatment
24775,control
24776,treatment
24777,control
24778,treatment
24779,treatment
24780,treatment
24781,control
24782,control
24783,treatment
24784,treatment
24785,control
24786,control
24787,control
24788,treatment
24789,treatment
24790,control
24791,control
24792,treatment
24793,control
24794,treatment
24795,control
24796,control
24797,control
24798,treatment
24799,control
24800,control
24801,treatment
24802,treatment
24803,treatment
24804,treatment
24805,control
24806,control
24807,treatment
24808,treatment
24809,treatment
24810,control
24811,treatment
24812,control
24813,treatment
24814,control
24815,treatment
24816,control
24817,control
24818,control
24819,treatment
24820,control
24821,control
24822,treatment
24823,treatment
24824,treatment
24825,control
24826,control
24827,control
24828,treatment
24829,control
24830,treatment
24831,treatment
24832,treatment
24833,treatment
24834,treatment
24835,control
24836,treatment
24837,treatment
24838,control
24839,treatment
24840,treatment
24841,control
24842,treatment
24843,control
24844,control
24845,control
24846,control
24847,treatment
24848,treatment
24849,treatment
24850,treatment
24851,control
24852,control
24853,control
24854,control
24855,treatment
24856,treatment
24857,treatment
24858,control
24859,treatment
24860,control
24861,treatment
24862,control
24863,treatment
24864,treatment
24865,treatment
24866,control
24867,control
24868,control
24869,control
24870,treatment
24871,control
24872,control
24873,treatment
24874,treatment
24875,control
24876,control
24877,control
24878,control
24879,treatment
24880,treatment
24881,treatment
24882,control
24883,treatment
24884,control
24885,control
24886,control
24887,treatment
24888,treatment
24889,treatment
24890,control
24891,treatment
24892,treatment
24893,treatment
24894,control
24895,treatment
24896,treatment
24897,treatment
24898,treatment
24899,control
24900,control
24901,treatment
24902,treatment
24903,treatment
24904,control
24905,treatment
24906,control
24907,treatment
24908,control
24909,control
24910,control
24911,treatment
24912,control
24913,control
24914,treatment
24915,treatment
24916,treatment
24917,control
24918,control
24919,control
24920,control
24921,control
24922,treatment
24923,control
24924,control
24925,treatment
24926,control
24927,treatment
24928,treatment
24929,control
24930,control
24931,control
24932,treatment
24933,treatment
24934,control
24935,treatment
24936,control
24937,treatment
24938,treatment
24939,treatment
24940,control
24941,treatment
24942,treatment
24943,treatment
24944,treatment
24945,control
24946,control
24947,treatment
24948,treatment
24949,treatment
24950,control
24951,treatment
24952,control
24953,treatment
24954,control
24955,control
24956,control
24957,control
24958,treatment
24959,control
24960,control
24961,control
24962,control
24963,treatment
24964,treatment
24965,control
24966,control
24967,treatment
24968,control
24969,control
24970,treatment
24971,treatment
24972,control
24973,control
24974,treatment
24975,control
24976,treatment
24977,control
24978,treatment
24979,control
24980,control
24981,treatment
24982,control
24983,control
24984,treatment
24985,control
24986,control
24987,control
24988,control
24989,treatment
24990,treatment
24991,control
24992,treatment
24993,control
24994,treatment
24995,control
24996,treatment
24997,treatment
24998,control
24999,control
25000,control
25001,treatment
25002,control
25003,treatment
25004,treatment
25005,control
25006,treatment
25007,treatment
25008,treatment
25009,control
25010,control
25011,control
25012,treatment
25013,control
25014,treatment
25015,control
25016,treatment
25017,treatment
25018,control
25019,control
25020,treatment
25021,treatment
25022,control
25023,control
25024,control
25025,treatment
25026,treatment
25027,control
25028,control
25029,treatment
25030,control
25031,control
25032,treatment
25033,control
25034,control
25035,control
25036,control
25037,control
25038,control
25039,treatment
25040,treatment
25041,control
25042,treatment
25043,treatment
25044,treatment
25045,treatment
25046,treatment
25047,treatment
25048,control
25049,treatment
25050,treatment
25051,treatment
25052,treatment
25053,control
25054,control
25055,treatment
25056,control
25057,control
25058,control
25059,treatment
25060,control
25061,treatment
25062,control
25063,treatment
25064,control
25065,treatment
25066,control
25067,treatment
25068,control
25069,control
25070,treatment
25071,treatment
25072,control
25073,treatment
25074,control
25075,treatment
25076,control
25077,treatment
25078,control
25079,control
25080,treatment
25081,treatment
25082,treatment
25083,control
25084,treatment
25085,control
25086,control
25087,treatment
25088,control
25089,control
25090,control
25091,treatment
25092,treatment
25093,treatment
25094,control
25095,treatment
25096,treatment
25097,control
25098,control
25099,treatment
25100,treatment
25101,control
25102,control
25103,treatment
25104,control
25105,control
25106,treatment
25107,treatment
25108,control
25109,control
25110,control
25111,control
25112,control
25113,control
25114,treatment
25115,control
25116,control
25117,treatment
25118,treatment
25119,control
25120,control
25121,control
25122,control
25123,control
25124,control
25125,control
25126,control
25127,control
25128,treatment
25129,treatment
25130,treatment
25131,control
25132,control
25133,treatment
25134,control
25135,control
25136,treatment
25137,control
25138,treatment
25139,treatment
25140,control
25141,treatment
25142,treatment
25143,treatment
25144,treatment
25145,control
25146,treatment
25147,control
25148,control
25149,treatment
25150,control
25151,treatment
25152,treatment
25153,control
25154,control
25155,control
25156,treatment
25157,treatment
25158,treatment
25159,control
25160,treatment
25161,control
25162,control
25163,control
25164,treatment
25165,treatment
25166,control
25167,control
25168,treatment
25169,treatment
25170,control
25171,control
25172,control
25173,control
25174,control
25175,control
25176,treatment
25177,treatment
25178,treatment
25179,treatment
25180,treatment
25181,control
25182,control
25183,control
25184,control
25185,treatment
25186,treatment
25187,control
25188,treatment
25189,treatment
25190,control
25191,control
25192,control
25193,control
25194,control
25195,control
25196,treatment
25197,treatment
25198,treatment
25199,treatment
25200,treatment
25201,treatment
25202,treatment
25203,control
25204,control
25205,control
25206,treatment
25207,control
25208,control
25209,control
25210,control
25211,treatment
25212,control
25213,treatment
25214,control
25215,treatment
25216,treatment
25217,treatment
25218,treatment
25219,treatment
25220,treatment
25221,treatment
25222,treatment
25223,control
25224,control
25225,treatment
25226,treatment
25227,treatment
25228,treatment
25229,treatment
25230,treatment
25231,treatment
25232,treatment
25233,control
25234,treatment
25235,treatment
25236,control
25237,control
25238,control
25239,control
25240,treatment
25241,control
25242,control
25243,treatment
25244,treatment
25245,control
25246,treatment
25247,treatment
25248,treatment
25249,control
25250,treatment
25251,control
25252,treatment
25253,treatment
25254,treatment
25255,treatment
25256,control
25257,control
25258,treatment
25259,control
25260,treatment
25261,treatment
25262,control
25263,control
25264,control
25265,treatment
25266,control
25267,treatment
25268,treatment
25269,control
25270,control
25271,control
25272,treatment
25273,treatment
25274,control
25275,control
25276,treatment
25277,treatment
25278,treatment
25279,control
25280,treatment
25281,treatment
25282,treatment
25283,treatment
25284,control
25285,control
25286,treatment
25287,treatment
25288,control
25289,control
25290,treatment
25291,treatment
25292,treatment
25293,control
25294,control
25295,treatment
25296,treatment
25297,treatment
25298,control
25299,treatment
25300,control
25301,treatment
25302,treatment
25303,control
25304,control
25305,treatment
25306,treatment
25307,control
25308,control
25309,treatment
25310,treatment
25311,treatment
25312,control
25313,treatment
25314,control
25315,treatment
25316,treatment
25317,treatment
25318,treatment
25319,control
25320,control
25321,control
25322,treatment
25323,treatment
25324,treatment
25325,treatment
25326,treatment
25327,treatment
25328,treatment
25329,control
25330,treatment
25331,control
25332,treatment
25333,control
25334,control
25335,treatment
25336,control
25337,treatment
25338,treatment
25339,control
25340,control
25341,control
25342,treatment
25343,treatment
25344,control
25345,treatment
25346,control
25347,treatment
25348,treatment
25349,control
25350,treatment
25351,treatment
25352,control
25353,control
25354,treatment
25355,control
25356,control
25357,treatment
25358,treatment
25359,control
25360,treatment
25361,treatment
25362,control
25363,control
25364,treatment
25365,control
25366,treatment
25367,treatment
25368,treatment
25369,control
25370,control
25371,control
25372,treatment
25373,control
25374,control
25375,treatment
25376,treatment
25377,treatment
25378,control
25379,control
25380,control
25381,treatment
25382,control
25383,control
25384,control
25385,control
25386,treatment
25387,control
25388,control
25389,treatment
25390,control
25391,control
25392,treatment
25393,treatment
25394,treatment
25395,treatment
25396,treatment
25397,control
25398,control
25399,control
25400,control
25401,treatment
25402,treatment
25403,treatment
25404,treatment
25405,treatment
25406,treatment
25407,treatment
25408,treatment
25409,control
25410,treatment
25411,treatment
25412,treatment
25413,treatment
25414,treatment
25415,control
25416,control
25417,control
25418,control
25419,control
25420,treatment
25421,treatment
25422,treatment
25423,control
25424,control
25425,treatment
25426,treatment
25427,control
25428,control
25429,treatment
25430,treatment
25431,treatment
25432,control
25433,treatment
25434,treatment
25435,control
25436,control
25437,treatment
25438,control
25439,treatment
25440,treatment
25441,control
25442,treatment
25443,treatment
25444,control
25445,control
25446,treatment
25447,control
25448,treatment
25449,treatment
25450,treatment
25451,treatment
25452,treatment
25453,control
25454,treatment
25455,treatment
25456,treatment
25457,control
25458,treatment
25459,treatment
25460,treatment
25461,control
25462,treatment
25463,control
25464,treatment
25465,treatment
25466,treatment
25467,treatment
25468,treatment
25469,control
25470,treatment
25471,treatment
25472,treatment
25473,treatment
25474,control
25475,treatment
25476,treatment
25477,control
25478,treatment
25479,control
25480,control
25481,treatment
25482,treatment
25483,control
25484,treatment
25485,treatment
25486,treatment
25487,control
25488,control
25489,control
25490,control
25491,treatment
25492,treatment
25493,control
25494,treatment
25495,treatment
25496,treatment
25497,control
25498,treatment
25499,control
25500,control
25501,treatment
25502,treatment
25503,treatment
25504,control
25505,treatment
25506,control
25507,treatment
25508,control
25509,control
25510,treatment
25511,control
25512,control
25513,treatment
25514,treatment
25515,control
25516,treatment
25517,control
25518,control
25519,control
25520,treatment
25521,control
25522,treatment
25523,control
25524,treatment
25525,control
25526,control
25527,treatment
25528,control
25529,control
25530,control
25531,control
25532,control
25533,control
25534,control
25535,treatment
25536,treatment
25537,control
25538,control
25539,control
25540,treatment
25541,treatment
25542,treatment
25543,treatment
25544,treatment
25545,treatment
25546,treatment
25547,control
25548,treatment
25549,control
25550,treatment
25551,treatment
25552,control
25553,control
25554,control
25555,control
25556,control
25557,treatment
25558,control
25559,treatment
25560,control
25561,treatment
25562,treatment
25563,treatment
25564,control
25565,control
25566,treatment
25567,control
25568,treatment
25569,treatment
25570,treatment
25571,treatment
25572,treatment
25573,control
25574,control
25575,control
25576,control
25577,treatment
25578,treatment
25579,control
25580,control
25581,treatment
25582,control
25583,control
25584,treatment
25585,control
25586,treatment
25587,control
25588,control
25589,control
25590,treatment
25591,control
25592,treatment
25593,treatment
25594,treatment
25595,treatment
25596,treatment
25597,treatment
25598,treatment
25599,treatment
25600,control
25601,treatment
25602,control
25603,control
25604,treatment
25605,control
25606,treatment
25607,control
25608,treatment
25609,treatment
25610,treatment
25611,control
25612,control
25613,control
25614,control
25615,treatment
25616,treatment
25617,control
25618,control
25619,treatment
25620,control
25621,control
25622,treatment
25623,treatment
25624,treatment
25625,treatment
25626,treatment
25627,control
25628,treatment
25629,treatment
25630,treatment
25631,treatment
25632,treatment
25633,control
25634,control
25635,treatment
25636,treatment
25637,control
25638,treatment
25639,control
25640,treatment
25641,treatment
25642,control
25643,control
25644,treatment
25645,treatment
25646,treatment
25647,control
25648,control
25649,treatment
25650,treatment
25651,control
25652,treatment
25653,control
25654,treatment
25655,treatment
25656,treatment
25657,treatment
25658,treatment
25659,control
25660,treatment
25661,control
25662,control
25663,treatment
25664,treatment
25665,treatment
25666,treatment
25667,treatment
25668,control
25669,control
25670,treatment
25671,control
25672,treatment
25673,treatment
25674,treatment
25675,treatment
25676,control
25677,control
25678,control
25679,control
25680,treatment
25681,treatment
25682,control
25683,treatment
25684,treatment
25685,control
25686,control
25687,treatment
25688,treatment
25689,control
25690,control
25691,control
25692,control
25693,treatment
25694,control
25695,control
25696,control
25697,treatment
25698,treatment
25699,treatment
25700,treatment
25701,treatment
25702,treatment
25703,control
25704,treatment
25705,control
25706,treatment
25707,treatment
25708,treatment
25709,treatment
25710,treatment
25711,treatment
25712,control
25713,treatment
25714,control
25715,control
25716,control
25717,treatment
25718,treatment
25719,treatment
25720,control
25721,control
25722,control
25723,control
25724,treatment
25725,control
25726,treatment
25727,treatment
25728,control
25729,control
25730,control
25731,treatment
25732,control
25733,treatment
25734,control
25735,control
25736,treatment
25737,control
25738,control
25739,control
25740,control
25741,treatment
25742,control
25743,control
25744,control
25745,control
25746,treatment
25747,control
25748,treatment
25749,treatment
25750,control
25751,treatment
25752,treatment
25753,treatment
25754,treatment
25755,treatment
25756,control
25757,control
25758,control
25759,control
25760,control
25761,treatment
25762,treatment
25763,treatment
25764,treatment
25765,treatment
25766,control
25767,treatment
25768,control
25769,treatment
25770,treatment
25771,control
25772,control
25773,control
25774,treatment
25775,treatment
25776,treatment
25777,treatment
25778,control
25779,treatment
25780,treatment
25781,treatment
25782,treatment
25783,control
25784,control
25785,treatment
25786,treatment
25787,control
25788,control
25789,control
25790,treatment
25791,control
25792,treatment
25793,treatment
25794,treatment
25795,control
25796,treatment
25797,treatment
25798,control
25799,control
25800,control
25801,control
25802,treatment
25803,control
25804,treatment
25805,control
25806,control
25807,treatment
25808,control
25809,treatment
25810,control
25811,treatment
25812,treatment
25813,treatment
25814,control
25815,control
25816,treatment
25817,control
25818,treatment
25819,treatment
25820,treatment
25821,treatment
25822,treatment
25823,control
25824,control
25825,treatment
25826,treatment
25827,control
25828,control
25829,treatment
25830,treatment
25831,treatment
25832,treatment
25833,treatment
25834,treatment
25835,treatment
25836,control
25837,treatment
25838,treatment
25839,treatment
25840,treatment
25841,treatment
25842,treatment
25843,treatment
25844,treatment
25845,treatment
25846,control
25847,treatment
25848,treatment
25849,treatment
25850,control
25851,control
25852,treatment
25853,treatment
25854,control
25855,control
25856,treatment
25857,treatment
25858,treatment
25859,treatment
25860,control
25861,control
25862,treatment
25863,treatment
25864,control
25865,treatment
25866,treatment
25867,treatment
25868,control
25869,control
25870,control
25871,control
25872,treatment
25873,control
25874,control
25875,control
25876,control
25877,control
25878,treatment
25879,treatment
25880,treatment
25881,control
25882,treatment
25883,treatment
25884,treatment
25885,treatment
25886,control
25887,treatment
25888,treatment
25889,control
25890,control
25891,control
25892,treatment
25893,control
25894,control
25895,treatment
25896,treatment
25897,control
25898,treatment
25899,control
25900,treatment
25901,treatment
25902,control
25903,treatment
25904,treatment
25905,treatment
25906,treatment
25907,treatment
25908,control
25909,treatment
25910,treatment
25911,treatment
25912,treatment
25913,treatment
25914,control
25915,treatment
25916,control
25917,control
25918,treatment
25919,control
25920,treatment
25921,treatment
25922,treatment
25923,control
25924,control
25925,treatment
25926,treatment
25927,control
25928,control
25929,treatment
25930,control
25931,treatment
25932,treatment
25933,treatment
25934,treatment
25935,control
25936,control
25937,control
25938,control
25939,treatment
25940,control
25941,control
25942,control
25943,control
25944,control
25945,control
25946,treatment
25947,treatment
25948,control
25949,treatment
25950,control
25951,control
25952,treatment
25953,treatment
25954,control
25955,treatment
25956,treatment
25957,treatment
25958,treatment
25959,control
25960,control
25961,control
25962,control
25963,control
25964,control
25965,control
25966,control
25967,treatment
25968,control
25969,treatment
25970,treatment
25971,treatment
25972,control
25973,control
25974,treatment
25975,control
25976,control
25977,control
25978,treatment
25979,control
25980,control
25981,treatment
25982,treatment
25983,treatment
25984,control
25985,control
25986,treatment
25987,control
25988,treatment
25989,treatment
25990,control
25991,treatment
25992,treatment
25993,treatment
25994,treatment
25995,treatment
25996,treatment
25997,treatment
25998,control
25999,control
26000,control
26001,treatment
26002,treatment
26003,treatment
26004,treatment
26005,treatment
26006,treatment
26007,control
26008,treatment
26009,control
26010,treatment
26011,treatment
26012,control
26013,control
26014,treatment
26015,control
26016,treatment
26017,control
26018,control
26019,treatment
26020,control
26021,treatment
26022,control
26023,control
26024,treatment
26025,treatment
26026,treatment
26027,control
26028,treatment
26029,treatment
26030,treatment
26031,control
26032,treatment
26033,treatment
26034,treatment
26035,treatment
26036,control
26037,treatment
26038,treatment
26039,treatment
26040,control
26041,treatment
26042,control
26043,treatment
26044,treatment
26045,treatment
26046,treatment
26047,treatment
26048,treatment
26049,control
26050,control
26051,control
26052,control
26053,treatment
26054,control
26055,treatment
26056,treatment
26057,treatment
26058,treatment
26059,treatment
26060,control
26061,control
26062,control
26063,control
26064,treatment
26065,treatment
26066,control
26067,treatment
26068,treatment
26069,control
26070,control
26071,control
26072,treatment
26073,treatment
26074,treatment
26075,treatment
26076,control
26077,treatment
26078,control
26079,treatment
26080,control
26081,control
26082,treatment
26083,control
26084,treatment
26085,treatment
26086,treatment
26087,treatment
26088,treatment
26089,control
26090,control
26091,treatment
26092,control
26093,control
26094,control
26095,control
26096,treatment
26097,control
26098,control
26099,control
26100,control
26101,control
26102,control
26103,treatment
26104,treatment
26105,treatment
26106,control
26107,control
26108,control
26109,treatment
26110,control
26111,control
26112,control
26113,treatment
26114,treatment
26115,treatment
26116,treatment
26117,control
26118,treatment
26119,control
26120,treatment
26121,control
26122,treatment
26123,control
26124,treatment
26125,treatment
26126,treatment
26127,control
26128,control
26129,treatment
26130,treatment
26131,control
26132,control
26133,control
26134,treatment
26135,treatment
26136,treatment
26137,treatment
26138,treatment
26139,control
26140,control
26141,control
26142,control
26143,control
26144,control
26145,control
26146,control
26147,treatment
26148,control
26149,treatment
26150,treatment
26151,treatment
26152,treatment
26153,treatment
26154,control
26155,treatment
26156,treatment
26157,control
26158,control
26159,treatment
26160,treatment
26161,treatment
26162,control
26163,treatment
26164,control
26165,control
26166,treatment
26167,control
26168,control
26169,treatment
26170,control
26171,treatment
26172,control
26173,control
26174,control
26175,control
26176,treatment
26177,control
26178,control
26179,treatment
26180,control
26181,control
26182,treatment
26183,control
26184,treatment
26185,control
26186,treatment
26187,treatment
26188,control
26189,control
26190,treatment
26191,treatment
26192,control
26193,control
26194,control
26195,treatment
26196,control
26197,control
26198,treatment
26199,control
26200,control
26201,treatment
26202,control
26203,control
26204,treatment
26205,treatment
26206,control
26207,treatment
26208,treatment
26209,control
26210,treatment
26211,control
26212,control
26213,control
26214,treatment
26215,treatment
26216,control
26217,control
26218,control
26219,control
26220,treatment
26221,treatment
26222,treatment
26223,control
26224,control
26225,control
26226,control
26227,treatment
26228,control
26229,control
26230,control
26231,control
26232,control
26233,treatment
26234,treatment
26235,control
26236,control
26237,treatment
26238,control
26239,control
26240,control
26241,control
26242,treatment
26243,control
26244,treatment
26245,control
26246,control
26247,treatment
26248,treatment
26249,treatment
26250,control
26251,treatment
26252,treatment
26253,control
26254,control
26255,treatment
26256,control
26257,treatment
26258,treatment
26259,treatment
26260,control
26261,control
26262,treatment
26263,treatment
26264,control
26265,treatment
26266,control
26267,control
26268,treatment
26269,treatment
26270,treatment
26271,treatment
26272,control
26273,treatment
26274,treatment
26275,control
26276,treatment
26277,treatment
26278,control
26279,treatment
26280,treatment
26281,treatment
26282,control
26283,treatment
26284,treatment
26285,control
26286,treatment
26287,control
26288,control
26289,treatment
26290,treatment
26291,control
26292,treatment
26293,control
26294,control
26295,control
26296,control
26297,treatment
26298,treatment
26299,control
26300,control
26301,control
26302,treatment
26303,control
26304,control
26305,control
26306,control
26307,treatment
26308,control
26309,control
26310,treatment
26311,control
26312,control
26313,treatment
26314,control
26315,treatment
26316,control
26317,treatment
26318,treatment
26319,treatment
26320,control
26321,control
26322,treatment
26323,treatment
26324,treatment
26325,treatment
26326,treatment
26327,control
26328,treatment
26329,control
26330,control
26331,treatment
26332,treatment
26333,treatment
26334,control
26335,control
26336,treatment
26337,control
26338,treatment
26339,treatment
26340,treatment
26341,control
26342,control
26343,control
26344,control
26345,treatment
26346,control
26347,control
26348,treatment
26349,control
26350,treatment
26351,treatment
26352,control
26353,control
26354,control
26355,treatment
26356,treatment
26357,control
26358,treatment
26359,control
26360,treatment
26361,treatment
26362,treatment
26363,treatment
26364,treatment
26365,control
26366,treatment
26367,treatment
26368,treatment
26369,treatment
26370,treatment
26371,control
26372,control
26373,control
26374,control
26375,treatment
26376,treatment
26377,control
26378,treatment
26379,treatment
26380,control
26381,treatment
26382,control
26383,treatment
26384,treatment
26385,control
26386,control
26387,control
26388,treatment
26389,treatment
26390,control
26391,treatment
26392,treatment
26393,control
26394,treatment
26395,control
26396,treatment
26397,treatment
26398,control
26399,control
26400,treatment
26401,treatment
26402,control
26403,control
26404,control
26405,treatment
26406,control
26407,control
26408,control
26409,treatment
26410,control
26411,control
26412,control
26413,control
26414,treatment
26415,control
26416,control
26417,treatment
26418,treatment
26419,treatment
26420,treatment
26421,control
26422,treatment
26423,control
26424,control
26425,treatment
26426,treatment
26427,control
26428,control
26429,treatment
26430,treatment
26431,treatment
26432,control
26433,control
26434,control
26435,control
26436,control
26437,treatment
26438,treatment
26439,control
26440,treatment
26441,treatment
26442,treatment
26443,treatment
26444,control
26445,control
26446,control
26447,control
26448,control
26449,control
26450,treatment
26451,treatment
26452,treatment
26453,control
26454,treatment
26455,treatment
26456,control
26457,treatment
26458,control
26459,treatment
26460,control
26461,control
26462,control
26463,control
26464,control
26465,treatment
26466,treatment
26467,treatment
26468,treatment
26469,treatment
26470,control
26471,treatment
26472,treatment
26473,treatment
26474,treatment
26475,treatment
26476,treatment
26477,control
26478,treatment
26479,treatment
26480,treatment
26481,treatment
26482,treatment
26483,control
26484,control
26485,control
26486,treatment
26487,control
26488,control
26489,treatment
26490,treatment
26491,treatment
26492,control
26493,control
26494,treatment
26495,treatment
26496,control
26497,control
26498,control
26499,treatment
26500,treatment
26501,treatment
26502,treatment
26503,control
26504,control
26505,treatment
26506,treatment
26507,control
26508,control
26509,treatment
26510,control
26511,control
26512,treatment
26513,control
26514,treatment
26515,treatment
26516,treatment
26517,treatment
26518,treatment
26519,control
26520,treatment
26521,treatment
26522,control
26523,control
26524,treatment
26525,treatment
26526,control
26527,treatment
26528,control
26529,control
26530,control
26531,treatment
26532,control
26533,control
26534,control
26535,treatment
26536,control
26537,control
26538,control
26539,control
26540,control
26541,control
26542,treatment
26543,treatment
26544,treatment
26545,control
26546,control
26547,control
26548,control
26549,treatment
26550,control
26551,treatment
26552,control
26553,control
26554,treatment
26555,treatment
26556,treatment
26557,control
26558,treatment
26559,control
26560,treatment
26561,control
26562,control
26563,control
26564,control
26565,control
26566,treatment
26567,treatment
26568,treatment
26569,treatment
26570,treatment
26571,control
26572,treatment
26573,treatment
26574,control
26575,treatment
26576,treatment
26577,control
26578,treatment
26579,control
26580,treatment
26581,control
26582,control
26583,treatment
26584,treatment
26585,control
26586,treatment
26587,control
26588,control
26589,control
26590,treatment
26591,control
26592,control
26593,treatment
26594,control
26595,control
26596,treatment
26597,treatment
26598,treatment
26599,control
26600,control
26601,treatment
26602,treatment
26603,treatment
26604,treatment
26605,treatment
26606,treatment
26607,control
26608,control
26609,control
26610,treatment
26611,treatment
26612,treatment
26613,control
26614,control
26615,control
26616,treatment
26617,control
26618,treatment
26619,control
26620,treatment
26621,treatment
26622,treatment
26623,control
26624,control
26625,control
26626,control
26627,treatment
26628,treatment
26629,treatment
26630,control
26631,treatment
26632,treatment
26633,control
26634,control
26635,treatment
26636,control
26637,control
26638,control
26639,control
26640,control
26641,control
26642,control
26643,control
26644,control
26645,treatment
26646,control
26647,control
26648,control
26649,control
26650,treatment
26651,treatment
26652,control
26653,treatment
26654,control
26655,control
26656,control
26657,control
26658,control
26659,treatment
26660,control
26661,control
26662,treatment
26663,control
26664,treatment
26665,control
26666,control
26667,control
26668,control
26669,treatment
26670,control
26671,control
26672,control
26673,treatment
26674,control
26675,treatment
26676,control
26677,control
26678,treatment
26679,treatment
26680,treatment
26681,control
26682,treatment
26683,treatment
26684,treatment
26685,treatment
26686,treatment
26687,treatment
26688,control
26689,treatment
26690,treatment
26691,treatment
26692,control
26693,treatment
26694,treatment
26695,control
26696,control
26697,treatment
26698,treatment
26699,treatment
26700,treatment
26701,treatment
26702,control
26703,treatment
26704,control
26705,control
26706,control
26707,treatment
26708,treatment
26709,control
26710,control
26711,control
26712,treatment
26713,treatment
26714,control
26715,treatment
26716,treatment
26717,control
26718,control
26719,control
26720,treatment
26721,treatment
26722,control
26723,control
26724,treatment
26725,treatment
26726,treatment
26727,treatment
26728,control
26729,treatment
26730,control
26731,control
26732,treatment
26733,treatment
26734,treatment
26735,control
26736,control
26737,treatment
26738,treatment
26739,treatment
26740,control
26741,treatment
26742,treatment
26743,treatment
26744,treatment
26745,control
26746,treatment
26747,control
26748,control
26749,treatment
26750,treatment
26751,treatment
26752,control
26753,control
26754,control
26755,treatment
26756,control
26757,treatment
26758,treatment
26759,control
26760,treatment
26761,control
26762,treatment
26763,treatment
26764,treatment
26765,control
26766,control
26767,control
26768,control
26769,treatment
26770,control
26771,control
26772,control
26773,treatment
26774,control
26775,control
26776,control
26777,control
26778,treatment
26779,treatment
26780,treatment
26781,control
26782,control
26783,control
26784,treatment
26785,control
26786,control
26787,control
26788,control
26789,treatment
26790,treatment
26791,control
26792,control
26793,control
26794,control
26795,control
26796,treatment
26797,treatment
26798,control
26799,treatment
26800,treatment
26801,control
26802,control
26803,treatment
26804,control
26805,control
26806,treatment
26807,control
26808,control
26809,control
26810,treatment
26811,treatment
26812,treatment
26813,treatment
26814,control
26815,treatment
26816,treatment
26817,treatment
26818,control
26819,treatment
26820,control
26821,control
26822,control
26823,control
26824,control
26825,control
26826,treatment
26827,treatment
26828,treatment
26829,control
26830,treatment
26831,control
26832,control
26833,control
26834,control
26835,control
26836,control
26837,control
26838,treatment
26839,treatment
26840,control
26841,control
26842,treatment
26843,control
26844,treatment
26845,control
26846,treatment
26847,treatment
26848,treatment
26849,control
26850,control
26851,control
26852,treatment
26853,treatment
26854,control
26855,control
26856,control
26857,treatment
26858,treatment
26859,control
26860,control
26861,control
26862,treatment
26863,treatment
26864,control
26865,control
26866,control
26867,treatment
26868,control
26869,treatment
26870,treatment
26871,treatment
26872,control
26873,treatment
26874,control
26875,control
26876,treatment
26877,control
26878,treatment
26879,control
26880,control
26881,control
26882,control
26883,control
26884,control
26885,control
26886,treatment
26887,control
26888,treatment
26889,control
26890,control
26891,control
26892,control
26893,treatment
26894,control
26895,control
26896,control
26897,control
26898,treatment
26899,treatment
26900,control
26901,treatment
26902,control
26903,control
26904,control
26905,control
26906,treatment
26907,control
26908,treatment
26909,treatment
26910,control
26911,treatment
26912,treatment
26913,treatment
26914,control
26915,control
26916,treatment
26917,control
26918,treatment
26919,treatment
26920,treatment
26921,control
26922,control
26923,control
26924,control
26925,treatment
26926,control
26927,treatment
26928,treatment
26929,control
26930,treatment
26931,control
26932,control
26933,treatment
26934,control
26935,control
26936,control
26937,treatment
26938,treatment
26939,treatment
26940,control
26941,treatment
26942,control
26943,control
26944,control
26945,control
26946,treatment
26947,treatment
26948,control
26949,control
26950,treatment
26951,treatment
26952,control
26953,control
26954,treatment
26955,control
26956,treatment
26957,control
26958,treatment
26959,control
26960,treatment
26961,control
26962,treatment
26963,control
26964,control
26965,treatment
26966,treatment
26967,treatment
26968,control
26969,control
26970,control
26971,treatment
26972,control
26973,treatment
26974,treatment
26975,control
26976,treatment
26977,treatment
26978,treatment
26979,treatment
26980,control
26981,control
26982,treatment
26983,treatment
26984,treatment
26985,treatment
26986,treatment
26987,treatment
26988,control
26989,control
26990,control
26991,control
26992,treatment
26993,control
26994,treatment
26995,treatment
26996,control
26997,control
26998,control
26999,treatment
27000,control
27001,treatment
27002,control
27003,control
27004,control
27005,control
27006,control
27007,control
27008,treatment
27009,control
27010,treatment
27011,control
27012,control
27013,control
27014,control
27015,treatment
27016,control
27017,treatment
27018,control
27019,control
27020,treatment
27021,control
27022,treatment
27023,control
27024,control
27025,treatment
27026,treatment
27027,treatment
27028,treatment
27029,treatment
27030,treatment
27031,treatment
27032,control
27033,treatment
27034,treatment
27035,control
27036,treatment
27037,treatment
27038,control
27039,control
27040,treatment
27041,control
27042,treatment
27043,treatment
27044,treatment
27045,control
27046,treatment
27047,control
27048,control
27049,treatment
27050,control
27051,control
27052,treatment
27053,control
27054,control
27055,treatment
27056,control
27057,control
27058,control
27059,treatment
27060,control
27061,control
27062,control
27063,treatment
27064,control
27065,control
27066,treatment
27067,control
27068,control
27069,control
27070,control
27071,control
27072,control
27073,control
27074,control
27075,control
27076,treatment
27077,control
27078,treatment
27079,control
27080,treatment
27081,treatment
27082,treatment
27083,treatment
27084,treatment
27085,treatment
27086,treatment
27087,treatment
27088,control
27089,control
27090,treatment
27091,control
27092,treatment
27093,treatment
27094,control
27095,treatment
27096,treatment
27097,control
27098,treatment
27099,control
27100,control
27101,treatment
27102,treatment
27103,treatment
27104,treatment
27105,treatment
27106,treatment
27107,control
27108,control
27109,treatment
27110,control
27111,treatment
27112,control
27113,control
27114,treatment
27115,control
27116,control
27117,control
27118,control
27119,treatment
27120,treatment
27121,treatment
27122,treatment
27123,control
27124,treatment
27125,control
27126,control
27127,control
27128,treatment
27129,control
27130,control
27131,treatment
27132,control
27133,control
27134,control
27135,treatment
27136,control
27137,control
27138,control
27139,control
27140,control
27141,control
27142,treatment
27143,treatment
27144,treatment
27145,control
27146,treatment
27147,control
27148,treatment
27149,treatment
27150,control
27151,treatment
27152,control
27153,treatment
27154,control
27155,treatment
27156,control
27157,control
27158,control
27159,treatment
27160,treatment
27161,treatment
27162,treatment
27163,control
27164,control
27165,treatment
27166,treatment
27167,control
27168,treatment
27169,control
27170,treatment
27171,control
27172,control
27173,treatment
27174,control
27175,treatment
27176,treatment
27177,treatment
27178,treatment
27179,control
27180,treatment
27181,control
27182,control
27183,treatment
27184,control
27185,control
27186,treatment
27187,treatment
27188,control
27189,treatment
27190,treatment
27191,control
27192,treatment
27193,treatment
27194,control
27195,treatment
27196,control
27197,treatment
27198,treatment
27199,treatment
27200,treatment
27201,treatment
27202,treatment
27203,treatment
27204,control
27205,control
27206,control
27207,treatment
27208,treatment
27209,control
27210,control
27211,control
27212,treatment
27213,control
27214,control
27215,control
27216,control
27217,treatment
27218,control
27219,control
27220,control
27221,treatment
27222,control
27223,control
27224,treatment
27225,control
27226,treatment
27227,control
27228,control
27229,treatment
27230,control
27231,control
27232,treatment
27233,control
27234,treatment
27235,control
27236,treatment
27237,control
27238,control
27239,treatment
27240,treatment
27241,treatment
27242,control
27243,control
27244,control
27245,treatment
27246,control
27247,control
27248,control
27249,treatment
27250,control
27251,control
27252,control
27253,control
27254,control
27255,treatment
27256,control
27257,control
27258,treatment
27259,control
27260,control
27261,control
27262,control
27263,control
27264,control
27265,treatment
27266,control
27267,control
27268,control
27269,control
27270,treatment
27271,control
27272,control
27273,control
27274,control
27275,treatment
27276,treatment
27277,treatment
27278,control
27279,treatment
27280,control
27281,control
27282,treatment
27283,control
27284,control
27285,treatment
27286,control
27287,control
27288,treatment
27289,control
27290,control
27291,treatment
27292,treatment
27293,control
27294,control
27295,treatment
27296,control
27297,treatment
27298,control
27299,control
27300,control
27301,control
27302,control
27303,control
27304,control
27305,control
27306,treatment
27307,control
27308,control
27309,control
27310,control
27311,control
27312,treatment
27313,treatment
27314,control
27315,treatment
27316,control
27317,treatment
27318,control
27319,treatment
27320,treatment
27321,treatment
27322,control
27323,treatment
27324,control
27325,treatment
27326,control
27327,treatment
27328,treatment
27329,control
27330,control
27331,control
27332,control
27333,treatment
27334,treatment
27335,treatment
27336,treatment
27337,treatment
27338,treatment
27339,treatment
27340,control
27341,control
27342,control
27343,treatment
27344,control
27345,treatment
27346,control
27347,treatment
27348,control
27349,control
27350,control
27351,control
27352,treatment
27353,control
27354,treatment
27355,control
27356,treatment
27357,control
27358,control
27359,control
27360,control
27361,control
27362,treatment
27363,control
27364,control
27365,control
27366,treatment
27367,control
27368,control
27369,treatment
27370,control
27371,treatment
27372,treatment
27373,control
27374,control
27375,treatment
27376,control
27377,treatment
27378,control
27379,treatment
27380,control
27381,control
27382,control
27383,treatment
27384,control
27385,treatment
27386,control
27387,control
27388,control
27389,treatment
27390,control
27391,treatment
27392,control
27393,treatment
27394,control
27395,treatment
27396,treatment
27397,treatment
27398,treatment
27399,treatment
27400,control
27401,control
27402,control
27403,treatment
27404,control
27405,treatment
27406,control
27407,control
27408,treatment
27409,treatment
27410,treatment
27411,control
27412,treatment
27413,treatment
27414,control
27415,treatment
27416,treatment
27417,control
27418,treatment
27419,control
27420,treatment
27421,control
27422,treatment
27423,treatment
27424,control
27425,treatment
27426,control
27427,control
27428,treatment
27429,treatment
27430,control
27431,treatment
27432,control
27433,control
27434,control
27435,control
27436,control
27437,treatment
27438,control
27439,control
27440,treatment
27441,treatment
27442,treatment
27443,control
27444,treatment
27445,treatment
27446,control
27447,treatment
27448,treatment
27449,treatment
27450,control
27451,treatment
27452,treatment
27453,treatment
27454,control
27455,treatment
27456,control
27457,treatment
27458,treatment
27459,control
27460,control
27461,control
27462,treatment
27463,treatment
27464,treatment
27465,treatment
27466,treatment
27467,treatment
27468,control
27469,treatment
27470,treatment
27471,treatment
27472,control
27473,treatment
27474,treatment
27475,treatment
27476,control
27477,treatment
27478,control
27479,treatment
27480,treatment
27481,control
27482,control
27483,control
27484,control
27485,treatment
27486,treatment
27487,treatment
27488,control
27489,control
27490,control
27491,treatment
27492,control
27493,treatment
27494,control
27495,control
27496,treatment
27497,control
27498,control
27499,control
27500,treatment
27501,treatment
27502,treatment
27503,control
27504,control
27505,control
27506,control
27507,treatment
27508,treatment
27509,control
27510,control
27511,control
27512,treatment
27513,control
27514,treatment
27515,control
27516,treatment
27517,control
27518,treatment
27519,control
27520,treatment
27521,treatment
27522,treatment
27523,treatment
27524,treatment
27525,control
27526,treatment
27527,treatment
27528,control
27529,control
27530,treatment
27531,treatment
27532,control
27533,treatment
27534,treatment
27535,control
27536,control
27537,treatment
27538,treatment
27539,control
27540,control
27541,control
27542,control
27543,control
27544,treatment
27545,control
27546,control
27547,control
27548,control
27549,control
27550,treatment
27551,control
27552,control
27553,control
27554,treatment
27555,control
27556,control
27557,control
27558,treatment
27559,treatment
27560,treatment
27561,treatment
27562,treatment
27563,treatment
27564,treatment
27565,treatment
27566,treatment
27567,treatment
27568,treatment
27569,control
27570,control
27571,treatment
27572,treatment
27573,treatment
27574,control
27575,treatment
27576,treatment
27577,control
27578,treatment
27579,control
27580,treatment
27581,control
27582,control
27583,treatment
27584,control
27585,control
27586,treatment
27587,control
27588,treatment
27589,control
27590,treatment
27591,control
27592,treatment
27593,control
27594,treatment
27595,control
27596,treatment
27597,treatment
27598,control
27599,control
27600,control
27601,treatment
27602,treatment
27603,control
27604,control
27605,treatment
27606,treatment
27607,control
27608,control
27609,control
27610,treatment
27611,treatment
27612,control
27613,treatment
27614,treatment
27615,treatment
27616,treatment
27617,treatment
27618,control
27619,control
27620,treatment
27621,control
27622,treatment
27623,control
27624,treatment
27625,control
27626,control
27627,treatment
27628,treatment
27629,control
27630,treatment
27631,treatment
27632,control
27633,control
27634,control
27635,control
27636,control
27637,control
27638,treatment
27639,control
27640,control
27641,treatment
27642,treatment
27643,treatment
27644,control
27645,treatment
27646,treatment
27647,control
27648,treatment
27649,treatment
27650,control
27651,treatment
27652,control
27653,control
27654,treatment
27655,control
27656,control
27657,control
27658,control
27659,control
27660,control
27661,control
27662,control
27663,treatment
27664,control
27665,treatment
27666,control
27667,control
27668,treatment
27669,treatment
27670,control
27671,control
27672,treatment
27673,treatment
27674,treatment
27675,treatment
27676,treatment
27677,control
27678,control
27679,treatment
27680,control
27681,treatment
27682,treatment
27683,treatment
27684,treatment
27685,treatment
27686,treatment
27687,control
27688,control
27689,treatment
27690,treatment
27691,treatment
27692,control
27693,control
27694,control
27695,treatment
27696,control
27697,treatment
27698,control
27699,treatment
27700,treatment
27701,treatment
27702,control
27703,treatment
27704,treatment
27705,control
27706,control
27707,treatment
27708,treatment
27709,treatment
27710,treatment
27711,treatment
27712,treatment
27713,treatment
27714,control
27715,control
27716,control
27717,control
27718,treatment
27719,control
27720,treatment
27721,control
27722,control
27723,control
27724,control
27725,control
27726,treatment
27727,control
27728,treatment
27729,control
27730,treatment
27731,treatment
27732,treatment
27733,treatment
27734,treatment
27735,control
27736,treatment
27737,treatment
27738,treatment
27739,control
27740,treatment
27741,treatment
27742,control
27743,treatment
27744,control
27745,control
27746,treatment
27747,control
27748,control
27749,control
27750,treatment
27751,control
27752,treatment
27753,treatment
27754,control
27755,treatment
27756,control
27757,control
27758,control
27759,treatment
27760,treatment
27761,treatment
27762,treatment
27763,treatment
27764,control
27765,treatment
27766,control
27767,treatment
27768,control
27769,treatment
27770,control
27771,control
27772,control
27773,treatment
27774,treatment
27775,treatment
27776,control
27777,treatment
27778,control
27779,control
27780,control
27781,control
27782,treatment
27783,control
27784,treatment
27785,treatment
27786,treatment
27787,treatment
27788,control
27789,treatment
27790,treatment
27791,control
27792,treatment
27793,treatment
27794,treatment
27795,control
27796,treatment
27797,control
27798,treatment
27799,treatment
27800,treatment
27801,control
27802,control
27803,treatment
27804,treatment
27805,treatment
27806,control
27807,treatment
27808,control
27809,control
27810,treatment
27811,treatment
27812,treatment
27813,control
27814,treatment
27815,treatment
27816,control
27817,treatment
27818,control
27819,control
27820,treatment
27821,control
27822,treatment
27823,treatment
27824,control
27825,treatment
27826,control
27827,treatment
27828,control
27829,control
27830,control
27831,control
27832,control
27833,treatment
27834,treatment
27835,control
27836,control
27837,control
27838,control
27839,control
27840,control
27841,control
27842,control
27843,control
27844,control
27845,control
27846,treatment
27847,treatment
27848,treatment
27849,control
27850,control
27851,treatment
27852,control
27853,control
27854,treatment
27855,control
27856,treatment
27857,treatment
27858,control
27859,control
27860,treatment
27861,treatment
27862,control
27863,treatment
27864,control
27865,treatment
27866,control
27867,control
27868,control
27869,control
27870,control
27871,treatment
27872,treatment
27873,control
27874,control
27875,treatment
27876,control
27877,treatment
27878,treatment
27879,control
27880,treatment
27881,control
27882,treatment
27883,control
27884,control
27885,control
27886,treatment
27887,control
27888,treatment
27889,control
27890,treatment
27891,control
27892,treatment
27893,treatment
27894,treatment
27895,control
27896,control
27897,treatment
27898,control
27899,control
27900,treatment
27901,treatment
27902,treatment
27903,treatment
27904,control
27905,treatment
27906,treatment
27907,control
27908,control
27909,control
27910,control
27911,control
27912,control
27913,control
27914,treatment
27915,treatment
27916,treatment
27917,control
27918,control
27919,control
27920,control
27921,treatment
27922,control
27923,treatment
27924,control
27925,treatment
27926,treatment
27927,control
27928,treatment
27929,control
27930,control
27931,treatment
27932,control
27933,control
27934,treatment
27935,treatment
27936,treatment
27937,control
27938,treatment
27939,control
27940,control
27941,control
27942,control
27943,treatment
27944,control
27945,treatment
27946,control
27947,control
27948,control
27949,control
27950,control
27951,treatment
27952,treatment
27953,control
27954,treatment
27955,control
27956,control
27957,treatment
27958,control
27959,control
27960,control
27961,treatment
27962,treatment
27963,treatment
27964,control
27965,control
27966,treatment
27967,control
27968,control
27969,treatment
27970,control
27971,treatment
27972,control
27973,control
27974,control
27975,treatment
27976,control
27977,treatment
27978,treatment
27979,treatment
27980,treatment
27981,control
27982,treatment
27983,treatment
27984,treatment
27985,treatment
27986,control
27987,treatment
27988,treatment
27989,treatment
27990,control
27991,control
27992,control
27993,control
27994,control
27995,treatment
27996,treatment
27997,control
27998,control
27999,control
28000,treatment
28001,treatment
28002,control
28003,treatment
28004,treatment
28005,control
28006,treatment
28007,treatment
28008,control
28009,treatment
28010,control
28011,treatment
28012,treatment
28013,control
28014,treatment
28015,treatment
28016,treatment
28017,treatment
28018,treatment
28019,treatment
28020,control
28021,control
28022,control
28023,control
28024,control
28025,control
28026,control
28027,control
28028,treatment
28029,control
28030,treatment
28031,treatment
28032,treatment
28033,treatment
28034,treatment
28035,control
28036,control
28037,treatment
28038,control
28039,treatment
28040,control
28041,control
28042,treatment
28043,treatment
28044,treatment
28045,treatment
28046,treatment
28047,treatment
28048,control
28049,control
28050,treatment
28051,treatment
28052,control
28053,control
28054,treatment
28055,control
28056,control
28057,control
28058,treatment
28059,control
28060,control
28061,control
28062,treatment
28063,control
28064,treatment
28065,control
28066,control
28067,control
28068,control
28069,control
28070,treatment
28071,control
28072,control
28073,control
28074,treatment
28075,treatment
28076,treatment
28077,control
28078,treatment
28079,treatment
28080,control
28081,treatment
28082,control
28083,control
28084,treatment
28085,treatment
28086,control
28087,treatment
28088,treatment
28089,treatment
28090,treatment
28091,treatment
28092,treatment
28093,treatment
28094,control
28095,control
28096,control
28097,treatment
28098,treatment
28099,treatment
28100,treatment
28101,control
28102,treatment
28103,control
28104,control
28105,treatment
28106,treatment
28107,treatment
28108,control
28109,control
28110,treatment
28111,control
28112,control
28113,treatment
28114,treatment
28115,control
28116,control
28117,control
28118,treatment
28119,treatment
28120,treatment
28121,treatment
28122,treatment
28123,control
28124,control
28125,control
28126,treatment
28127,treatment
28128,control
28129,treatment
28130,control
28131,treatment
28132,treatment
28133,control
28134,treatment
28135,treatment
28136,control
28137,control
28138,treatment
28139,control
28140,treatment
28141,treatment
28142,treatment
28143,treatment
28144,treatment
28145,treatment
28146,treatment
28147,control
28148,treatment
28149,treatment
28150,treatment
28151,treatment
28152,control
28153,treatment
28154,control
28155,treatment
28156,control
28157,control
28158,treatment
28159,treatment
28160,control
28161,control
28162,control
28163,treatment
28164,control
28165,treatment
28166,treatment
28167,treatment
28168,control
28169,treatment
28170,treatment
28171,treatment
28172,control
28173,treatment
28174,treatment
28175,treatment
28176,control
28177,treatment
28178,control
28179,control
28180,control
28181,treatment
28182,treatment
28183,treatment
28184,control
28185,control
28186,treatment
28187,control
28188,control
28189,control
28190,control
28191,control
28192,treatment
28193,treatment
28194,treatment
28195,control
28196,control
28197,treatment
28198,treatment
28199,treatment
28200,treatment
28201,treatment
28202,control
28203,treatment
28204,control
28205,treatment
28206,control
28207,treatment
28208,control
28209,treatment
28210,control
28211,treatment
28212,control
28213,control
28214,control
28215,control
28216,treatment
28217,control
28218,control
28219,treatment
28220,treatment
28221,control
28222,control
28223,treatment
28224,control
28225,control
28226,treatment
28227,control
28228,treatment
28229,control
28230,control
28231,control
28232,control
28233,treatment
28234,treatment
28235,control
28236,treatment
28237,control
28238,control
28239,treatment
28240,treatment
28241,treatment
28242,control
28243,treatment
28244,treatment
28245,treatment
28246,treatment
28247,treatment
28248,control
28249,treatment
28250,control
28251,treatment
28252,treatment
28253,treatment
28254,treatment
28255,treatment
28256,treatment
28257,control
28258,treatment
28259,control
28260,control
28261,treatment
28262,control
28263,control
28264,treatment
28265,treatment
28266,control
28267,treatment
28268,control
28269,treatment
28270,treatment
28271,control
28272,treatment
28273,control
28274,control
28275,control
28276,treatment
28277,control
28278,treatment
28279,control
28280,control
28281,treatment
28282,treatment
28283,control
28284,treatment
28285,treatment
28286,treatment
28287,control
28288,treatment
28289,treatment
28290,treatment
28291,control
28292,treatment
28293,control
28294,treatment
28295,treatment
28296,treatment
28297,treatment
28298,control
28299,treatment
28300,control
28301,treatment
28302,treatment
28303,control
28304,treatment
28305,control
28306,control
28307,control
28308,control
28309,treatment
28310,treatment
28311,treatment
28312,control
28313,treatment
28314,control
28315,control
28316,control
28317,treatment
28318,treatment
28319,control
28320,control
28321,control
28322,control
28323,treatment
28324,treatment
28325,control
28326,treatment
28327,treatment
28328,treatment
28329,treatment
28330,treatment
28331,control
28332,treatment
28333,treatment
28334,control
28335,treatment
28336,treatment
28337,control
28338,control
28339,treatment
28340,treatment
28341,control
28342,treatment
28343,treatment
28344,treatment
28345,treatment
28346,control
28347,treatment
28348,control
28349,control
28350,control
28351,control
28352,control
28353,control
28354,treatment
28355,control
28356,treatment
28357,control
28358,control
28359,treatment
28360,control
28361,treatment
28362,treatment
28363,treatment
28364,control
28365,control
28366,control
28367,control
28368,control
28369,treatment
28370,control
28371,control
28372,control
28373,treatment
28374,treatment
28375,control
28376,treatment
28377,treatment
28378,control
28379,treatment
28380,treatment
28381,control
28382,control
28383,control
28384,treatment
28385,control
28386,control
28387,treatment
28388,treatment
28389,control
28390,control
28391,treatment
28392,treatment
28393,treatment
28394,treatment
28395,control
28396,treatment
28397,control
28398,treatment
28399,control
28400,treatment
28401,treatment
28402,control
28403,treatment
28404,control
28405,control
28406,treatment
28407,treatment
28408,treatment
28409,control
28410,treatment
28411,control
28412,control
28413,control
28414,treatment
28415,treatment
28416,treatment
28417,control
28418,control
28419,treatment
28420,treatment
28421,control
28422,treatment
28423,control
28424,control
28425,treatment
28426,treatment
28427,treatment
28428,control
28429,control
28430,control
28431,control
28432,control
28433,control
28434,treatment
28435,control
28436,control
28437,treatment
28438,treatment
28439,treatment
28440,control
28441,control
28442,treatment
28443,control
28444,control
28445,control
28446,control
28447,treatment
28448,control
28449,control
28450,control
28451,control
28452,treatment
28453,treatment
28454,treatment
28455,treatment
28456,control
28457,control
28458,treatment
28459,treatment
28460,treatment
28461,treatment
28462,control
28463,treatment
28464,control
28465,treatment
28466,control
28467,treatment
28468,treatment
28469,treatment
28470,control
28471,control
28472,treatment
28473,treatment
28474,control
28475,control
28476,control
28477,treatment
28478,treatment
28479,treatment
28480,control
28481,treatment
28482,control
28483,treatment
28484,treatment
28485,treatment
28486,treatment
28487,control
28488,treatment
28489,control
28490,treatment
28491,treatment
28492,treatment
28493,treatment
28494,treatment
28495,treatment
28496,control
28497,treatment
28498,treatment
28499,treatment
28500,treatment
28501,control
28502,treatment
28503,treatment
28504,control
28505,treatment
28506,treatment
28507,control
28508,treatment
28509,treatment
28510,control
28511,treatment
28512,control
28513,treatment
28514,treatment
28515,treatment
28516,control
28517,control
28518,control
28519,control
28520,treatment
28521,treatment
28522,treatment
28523,treatment
28524,control
28525,treatment
28526,treatment
28527,treatment
28528,control
28529,control
28530,control
28531,control
28532,control
28533,treatment
28534,treatment
28535,control
28536,control
28537,treatment
28538,control
28539,control
28540,control
28541,treatment
28542,control
28543,treatment
28544,control
28545,control
28546,control
28547,treatment
28548,control
28549,control
28550,treatment
28551,treatment
28552,control
28553,treatment
28554,control
28555,control
28556,control
28557,control
28558,treatment
28559,treatment
28560,control
28561,treatment
28562,control
28563,control
28564,treatment
28565,treatment
28566,treatment
28567,treatment
28568,treatment
28569,control
28570,treatment
28571,treatment
28572,control
28573,control
28574,control
28575,control
28576,treatment
28577,treatment
28578,treatment
28579,treatment
28580,treatment
28581,treatment
28582,treatment
28583,control
28584,control
28585,treatment
28586,treatment
28587,treatment
28588,treatment
28589,control
28590,treatment
28591,treatment
28592,treatment
28593,treatment
28594,treatment
28595,treatment
28596,treatment
28597,treatment
28598,treatment
28599,control
28600,treatment
28601,control
28602,control
28603,control
28604,control
28605,treatment
28606,treatment
28607,treatment
28608,control
28609,treatment
28610,control
28611,treatment
28612,treatment
28613,treatment
28614,control
28615,control
28616,control
28617,control
28618,treatment
28619,control
28620,control
28621,treatment
28622,treatment
28623,control
28624,treatment
28625,treatment
28626,treatment
28627,control
28628,control
28629,control
28630,treatment
28631,control
28632,control
28633,treatment
28634,treatment
28635,treatment
28636,control
28637,control
28638,treatment
28639,control
28640,treatment
28641,control
28642,treatment
28643,control
28644,control
28645,treatment
28646,control
28647,treatment
28648,control
28649,treatment
28650,treatment
28651,treatment
28652,control
28653,control
28654,treatment
28655,treatment
28656,treatment
28657,control
28658,control
28659,treatment
28660,control
28661,treatment
28662,control
28663,control
28664,control
28665,treatment
28666,treatment
28667,control
28668,treatment
28669,control
28670,treatment
28671,treatment
28672,control
28673,treatment
28674,control
28675,control
28676,control
28677,control
28678,control
28679,treatment
28680,treatment
28681,treatment
28682,treatment
28683,treatment
28684,control
28685,control
28686,control
28687,control
28688,treatment
28689,control
28690,treatment
28691,control
28692,control
28693,treatment
28694,treatment
28695,treatment
28696,control
28697,control
28698,control
28699,treatment
28700,control
28701,treatment
28702,treatment
28703,treatment
28704,treatment
28705,treatment
28706,treatment
28707,control
28708,control
28709,control
28710,control
28711,control
28712,control
28713,control
28714,control
28715,control
28716,treatment
28717,treatment
28718,treatment
28719,control
28720,control
28721,control
28722,control
28723,treatment
28724,treatment
28725,control
28726,treatment
28727,control
28728,control
28729,treatment
28730,control
28731,treatment
28732,treatment
28733,control
28734,control
28735,treatment
28736,treatment
28737,control
28738,control
28739,treatment
28740,treatment
28741,control
28742,treatment
28743,control
28744,treatment
28745,control
28746,control
28747,treatment
28748,control
28749,control
28750,control
28751,treatment
28752,control
28753,control
28754,treatment
28755,control
28756,treatment
28757,treatment
28758,control
28759,control
28760,control
28761,treatment
28762,treatment
28763,control
28764,treatment
28765,control
28766,control
28767,treatment
28768,treatment
28769,control
28770,control
28771,treatment
28772,control
28773,control
28774,control
28775,treatment
28776,control
28777,control
28778,control
28779,treatment
28780,treatment
28781,treatment
28782,control
28783,treatment
28784,control
28785,control
28786,treatment
28787,treatment
28788,control
28789,control
28790,treatment
28791,control
28792,treatment
28793,treatment
28794,control
28795,control
28796,control
28797,control
28798,treatment
28799,control
28800,control
28801,control
28802,treatment
28803,control
28804,control
28805,control
28806,control
28807,treatment
28808,treatment
28809,control
28810,control
28811,control
28812,control
28813,treatment
28814,treatment
28815,control
28816,treatment
28817,treatment
28818,control
28819,treatment
28820,treatment
28821,control
28822,treatment
28823,control
28824,control
28825,treatment
28826,treatment
28827,control
28828,control
28829,treatment
28830,control
28831,treatment
28832,control
28833,treatment
28834,control
28835,control
28836,treatment
28837,treatment
28838,control
28839,treatment
28840,control
28841,control
28842,control
28843,control
28844,control
28845,treatment
28846,treatment
28847,control
28848,treatment
28849,control
28850,control
28851,control
28852,treatment
28853,treatment
28854,treatment
28855,treatment
28856,treatment
28857,treatment
28858,treatment
28859,treatment
28860,control
28861,treatment
28862,control
28863,control
28864,control
28865,treatment
28866,treatment
28867,treatment
28868,treatment
28869,control
28870,control
28871,control
28872,treatment
28873,control
28874,treatment
28875,control
28876,control
28877,control
28878,treatment
28879,treatment
28880,treatment
28881,treatment
28882,control
28883,control
28884,control
28885,control
28886,control
28887,treatment
28888,control
28889,treatment
28890,control
28891,treatment
28892,treatment
28893,control
28894,treatment
28895,control
28896,treatment
28897,treatment
28898,treatment
28899,control
28900,treatment
28901,control
28902,control
28903,treatment
28904,treatment
28905,treatment
28906,treatment
28907,control
28908,treatment
28909,control
28910,control
28911,treatment
28912,treatment
28913,treatment
28914,control
28915,control
28916,control
28917,treatment
28918,control
28919,treatment
28920,treatment
28921,treatment
28922,treatment
28923,control
28924,control
28925,control
28926,treatment
28927,treatment
28928,control
28929,control
28930,control
28931,control
28932,treatment
28933,control
28934,treatment
28935,control
28936,treatment
28937,treatment
28938,control
28939,treatment
28940,control
28941,control
28942,treatment
28943,control
28944,control
28945,treatment
28946,control
28947,treatment
28948,treatment
28949,control
28950,treatment
28951,control
28952,treatment
28953,control
28954,treatment
28955,control
28956,control
28957,treatment
28958,treatment
28959,control
28960,control
28961,treatment
28962,control
28963,control
28964,treatment
28965,control
28966,treatment
28967,control
28968,control
28969,treatment
28970,control
28971,treatment
28972,control
28973,control
28974,control
28975,treatment
28976,control
28977,control
28978,treatment
28979,treatment
28980,treatment
28981,control
28982,treatment
28983,treatment
28984,control
28985,control
28986,control
28987,treatment
28988,treatment
28989,treatment
28990,control
28991,treatment
28992,control
28993,control
28994,treatment
28995,treatment
28996,control
28997,control
28998,treatment
28999,treatment
29000,control
29001,control
29002,control
29003,treatment
29004,control
29005,treatment
29006,control
29007,control
29008,control
29009,treatment
29010,treatment
29011,control
29012,control
29013,control
29014,control
29015,control
29016,treatment
29017,treatment
29018,control
29019,control
29020,treatment
29021,control
29022,control
29023,control
29024,control
29025,treatment
29026,control
29027,control
29028,treatment
29029,treatment
29030,control
29031,treatment
29032,treatment
29033,control
29034,control
29035,treatment
29036,treatment
29037,treatment
29038,control
29039,control
29040,treatment
29041,control
29042,treatment
29043,treatment
29044,control
29045,control
29046,treatment
29047,control
29048,treatment
29049,control
29050,treatment
29051,treatment
29052,treatment
29053,treatment
29054,control
29055,control
29056,treatment
29057,treatment
29058,control
29059,control
29060,control
29061,treatment
29062,treatment
29063,treatment
29064,control
29065,treatment
29066,control
29067,treatment
29068,control
29069,control
29070,control
29071,treatment
29072,treatment
29073,control
29074,treatment
29075,control
29076,treatment
29077,control
29078,treatment
29079,treatment
29080,control
29081,control
29082,control
29083,treatment
29084,control
29085,control
29086,treatment
29087,treatment
29088,treatment
29089,treatment
29090,treatment
29091,control
29092,control
29093,treatment
29094,treatment
29095,control
29096,control
29097,control
29098,treatment
29099,treatment
29100,control
29101,control
29102,control
29103,control
29104,control
29105,control
29106,control
29107,control
29108,control
29109,treatment
29110,treatment
29111,treatment
29112,treatment
29113,treatment
29114,control
29115,control
29116,treatment
29117,control
29118,control
29119,control
29120,treatment
29121,control
29122,control
29123,treatment
29124,treatment
29125,control
29126,control
29127,treatment
29128,control
29129,control
29130,control
29131,treatment
29132,control
29133,treatment
29134,treatment
29135,treatment
29136,treatment
29137,treatment
29138,treatment
29139,control
29140,control
29141,treatment
29142,treatment
29143,treatment
29144,treatment
29145,control
29146,control
29147,treatment
29148,control
29149,control
29150,treatment
29151,treatment
29152,treatment
29153,treatment
29154,control
29155,control
29156,treatment
29157,control
29158,treatment
29159,control
29160,treatment
29161,treatment
29162,control
29163,control
29164,treatment
29165,treatment
29166,control
29167,control
29168,control
29169,treatment
29170,control
29171,treatment
29172,control
29173,control
29174,treatment
29175,control
29176,control
29177,treatment
29178,control
29179,treatment
29180,treatment
29181,treatment
29182,control
29183,control
29184,treatment
29185,treatment
29186,treatment
29187,treatment
29188,control
29189,control
29190,treatment
29191,treatment
29192,control
29193,treatment
29194,treatment
29195,treatment
29196,control
29197,control
29198,treatment
29199,control
29200,treatment
29201,treatment
29202,control
29203,treatment
29204,control
29205,treatment
29206,control
29207,treatment
29208,control
29209,control
29210,treatment
29211,control
29212,treatment
29213,treatment
29214,treatment
29215,treatment
29216,treatment
29217,treatment
29218,control
29219,control
29220,treatment
29221,control
29222,control
29223,control
29224,treatment
29225,treatment
29226,control
29227,treatment
29228,control
29229,treatment
29230,control
29231,control
29232,control
29233,control
29234,control
29235,treatment
29236,control
29237,treatment
29238,treatment
29239,control
29240,treatment
29241,treatment
29242,treatment
29243,treatment
29244,treatment
29245,treatment
29246,treatment
29247,treatment
29248,treatment
29249,control
29250,control
29251,treatment
29252,treatment
29253,control
29254,treatment
29255,treatment
29256,control
29257,treatment
29258,treatment
29259,treatment
29260,control
29261,treatment
29262,control
29263,control
29264,control
29265,control
29266,treatment
29267,control
29268,control
29269,control
29270,control
29271,treatment
29272,treatment
29273,treatment
29274,control
29275,control
29276,treatment
29277,treatment
29278,control
29279,treatment
29280,control
29281,treatment
29282,control
29283,treatment
29284,control
29285,treatment
29286,control
29287,control
29288,control
29289,control
29290,treatment
29291,control
29292,treatment
29293,treatment
29294,treatment
29295,treatment
29296,treatment
29297,treatment
29298,treatment
29299,control
29300,treatment
29301,control
29302,treatment
29303,treatment
29304,control
29305,treatment
29306,treatment
29307,control
29308,control
29309,control
29310,treatment
29311,treatment
29312,control
29313,treatment
29314,treatment
29315,treatment
29316,treatment
29317,treatment
29318,treatment
29319,control
29320,control
29321,control
29322,control
29323,control
29324,treatment
29325,treatment
29326,control
29327,control
29328,control
29329,control
29330,control
29331,control
29332,control
29333,control
29334,treatment
29335,control
29336,treatment
29337,treatment
29338,control
29339,treatment
29340,control
29341,control
29342,treatment
29343,control
29344,control
29345,treatment
29346,treatment
29347,treatment
29348,control
29349,control
29350,control
29351,control
29352,treatment
29353,control
29354,treatment
29355,treatment
29356,control
29357,treatment
29358,treatment
29359,control
29360,treatment
29361,treatment
29362,treatment
29363,treatment
29364,treatment
29365,treatment
29366,control
29367,treatment
29368,treatment
29369,treatment
29370,treatment
29371,treatment
29372,control
29373,control
29374,treatment
29375,treatment
29376,treatment
29377,treatment
29378,control
29379,treatment
29380,treatment
29381,treatment
29382,control
29383,treatment
29384,control
29385,control
29386,control
29387,treatment
29388,control
29389,control
29390,control
29391,treatment
29392,control
29393,control
29394,control
29395,treatment
29396,treatment
29397,treatment
29398,treatment
29399,treatment
29400,control
29401,treatment
29402,control
29403,treatment
29404,treatment
29405,treatment
29406,treatment
29407,control
29408,treatment
29409,control
29410,treatment
29411,treatment
29412,treatment
29413,treatment
29414,treatment
29415,control
29416,treatment
29417,control
29418,control
29419,control
29420,treatment
29421,control
29422,treatment
29423,control
29424,control
29425,treatment
29426,treatment
29427,treatment
29428,treatment
29429,control
29430,treatment
29431,control
29432,treatment
29433,control
29434,treatment
29435,control
29436,control
29437,treatment
29438,control
29439,treatment
29440,control
29441,treatment
29442,control
29443,treatment
29444,control
29445,control
29446,control
29447,control
29448,treatment
29449,control
29450,treatment
29451,treatment
29452,control
29453,control
29454,treatment
29455,control
29456,control
29457,treatment
29458,treatment
29459,treatment
29460,control
29461,control
29462,treatment
29463,treatment
29464,treatment
29465,control
29466,treatment
29467,control
29468,treatment
29469,treatment
29470,treatment
29471,treatment
29472,control
29473,treatment
29474,control
29475,control
29476,control
29477,control
29478,treatment
29479,control
29480,control
29481,treatment
29482,control
29483,control
29484,treatment
29485,control
29486,treatment
29487,control
29488,treatment
29489,treatment
29490,treatment
29491,control
29492,treatment
29493,treatment
29494,control
29495,control
29496,control
29497,treatment
29498,control
29499,treatment
29500,control
29501,control
29502,treatment
29503,control
29504,treatment
29505,treatment
29506,treatment
29507,control
29508,treatment
29509,treatment
29510,treatment
29511,control
29512,control
29513,control
29514,treatment
29515,control
29516,control
29517,treatment
29518,control
29519,treatment
29520,treatment
29521,control
29522,treatment
29523,control
29524,treatment
29525,treatment
29526,control
29527,treatment
29528,control
29529,treatment
29530,treatment
29531,control
29532,control
29533,control
29534,control
29535,treatment
29536,treatment
29537,control
29538,treatment
29539,treatment
29540,treatment
29541,treatment
29542,treatment
29543,treatment
29544,treatment
29545,treatment
29546,treatment
29547,control
29548,treatment
29549,control
29550,treatment
29551,control
29552,treatment
29553,control
29554,treatment
29555,treatment
29556,treatment
29557,treatment
29558,control
29559,control
29560,control
29561,control
29562,control
29563,treatment
29564,control
29565,control
29566,treatment
29567,control
29568,control
29569,control
29570,treatment
29571,treatment
29572,treatment
29573,treatment
29574,control
29575,treatment
29576,treatment
29577,treatment
29578,treatment
29579,control
29580,treatment
29581,control
29582,control
29583,control
29584,control
29585,treatment
29586,treatment
29587,treatment
29588,treatment
29589,control
29590,treatment
29591,control
29592,control
29593,control
29594,treatment
29595,treatment
29596,treatment
29597,control
29598,control
29599,treatment
29600,treatment
29601,treatment
29602,treatment
29603,treatment
29604,control
29605,control
29606,control
29607,treatment
29608,control
29609,control
29610,treatment
29611,treatment
29612,control
29613,treatment
29614,treatment
29615,treatment
29616,treatment
29617,treatment
29618,treatment
29619,control
29620,treatment
29621,control
29622,treatment
29623,treatment
29624,treatment
29625,control
29626,treatment
29627,control
29628,treatment
29629,control
29630,treatment
29631,control
29632,control
29633,control
29634,treatment
29635,control
29636,treatment
29637,control
29638,control
29639,control
29640,treatment
29641,treatment
29642,control
29643,control
29644,control
29645,control
29646,treatment
29647,control
29648,treatment
29649,control
29650,treatment
29651,treatment
29652,treatment
29653,treatment
29654,control
29655,control
29656,control
29657,control
29658,treatment
29659,treatment
29660,treatment
29661,treatment
29662,control
29663,control
29664,control
29665,treatment
29666,treatment
29667,control
29668,control
29669,control
29670,control
29671,treatment
29672,control
29673,control
29674,control
29675,treatment
29676,control
29677,control
29678,control
29679,control
29680,treatment
29681,control
29682,treatment
29683,control
29684,control
29685,treatment
29686,treatment
29687,control
29688,treatment
29689,treatment
29690,treatment
29691,control
29692,treatment
29693,control
29694,treatment
29695,treatment
29696,control
29697,treatment
29698,treatment
29699,control
29700,treatment
29701,treatment
29702,control
29703,treatment
29704,control
29705,control
29706,treatment
29707,treatment
29708,control
29709,control
29710,treatment
29711,control
29712,treatment
29713,control
29714,treatment
29715,control
29716,control
29717,treatment
29718,control
29719,control
29720,control
29721,control
29722,control
29723,treatment
29724,control
29725,treatment
29726,control
29727,treatment
29728,control
29729,control
29730,control
29731,treatment
29732,control
29733,treatment
29734,treatment
29735,control
29736,treatment
29737,control
29738,control
29739,control
29740,treatment
29741,control
29742,control
29743,treatment
29744,treatment
29745,control
29746,treatment
29747,control
29748,control
29749,control
29750,control
29751,control
29752,control
29753,treatment
29754,treatment
29755,control
29756,control
29757,control
29758,treatment
29759,treatment
29760,control
29761,control
29762,control
29763,treatment
29764,control
29765,treatment
29766,treatment
29767,control
29768,control
29769,treatment
29770,control
29771,treatment
29772,control
29773,treatment
29774,treatment
29775,control
29776,treatment
29777,control
29778,control
29779,treatment
29780,control
29781,control
29782,treatment
29783,treatment
29784,control
29785,treatment
29786,treatment
29787,control
29788,control
29789,treatment
29790,control
29791,treatment
29792,control
29793,treatment
29794,treatment
29795,treatment
29796,control
29797,treatment
29798,treatment
29799,control
29800,control
29801,control
29802,control
29803,control
29804,treatment
29805,treatment
29806,control
29807,control
29808,treatment
29809,treatment
29810,control
29811,treatment
29812,control
29813,control
29814,control
29815,control
29816,treatment
29817,control
29818,control
29819,control
29820,treatment
29821,treatment
29822,control
29823,treatment
29824,control
29825,control
29826,control
29827,treatment
29828,treatment
29829,treatment
29830,control
29831,control
29832,treatment
29833,control
29834,control
29835,control
29836,treatment
29837,control
29838,control
29839,control
29840,treatment
29841,control
29842,treatment
29843,control
29844,treatment
29845,treatment
29846,treatment
29847,control
29848,control
29849,treatment
29850,treatment
29851,control
29852,treatment
29853,treatment
29854,control
29855,treatment
29856,control
29857,control
29858,treatment
29859,control
29860,treatment
29861,treatment
29862,treatment
29863,control
29864,control
29865,control
29866,control
29867,treatment
29868,control
29869,treatment
29870,treatment
29871,control
29872,treatment
29873,control
29874,control
29875,treatment
29876,treatment
29877,treatment
29878,treatment
29879,treatment
29880,control
29881,treatment
29882,treatment
29883,control
29884,treatment
29885,treatment
29886,treatment
29887,control
29888,control
29889,treatment
29890,control
29891,treatment
29892,control
29893,control
29894,control
29895,treatment
29896,control
29897,treatment
29898,treatment
29899,treatment
29900,treatment
29901,treatment
29902,treatment
29903,treatment
29904,treatment
29905,control
29906,control
29907,treatment
29908,control
29909,treatment
29910,treatment
29911,treatment
29912,treatment
29913,treatment
29914,control
29915,control
29916,treatment
29917,treatment
29918,control
29919,control
29920,control
29921,treatment
29922,control
29923,control
29924,treatment
29925,control
29926,control
29927,control
29928,control
29929,treatment
29930,control
29931,control
29932,treatment
29933,control
29934,control
29935,treatment
29936,treatment
29937,treatment
29938,control
29939,control
29940,treatment
29941,control
29942,treatment
29943,control
29944,control
29945,treatment
29946,treatment
29947,control
29948,treatment
29949,control
29950,treatment
29951,control
29952,control
29953,treatment
29954,treatment
29955,treatment
29956,control
29957,treatment
29958,control
29959,control
29960,treatment
29961,control
29962,control
29963,treatment
29964,treatment
29965,control
29966,treatment
29967,control
29968,treatment
29969,control
29970,control
29971,control
29972,treatment
29973,treatment
29974,control
29975,treatment
29976,treatment
29977,treatment
29978,treatment
29979,control
29980,control
29981,control
29982,treatment
29983,treatment
29984,treatment
29985,control
29986,treatment
29987,control
29988,treatment
29989,treatment
29990,control
29991,treatment
29992,control
29993,control
29994,treatment
29995,control
29996,control
29997,control
29998,control
29999,treatment
30000,control
30001,treatment
30002,treatment
30003,control
30004,treatment
30005,treatment
30006,treatment
30007,control
30008,control
30009,control
30010,control
30011,treatment
30012,control
30013,control
30014,treatment
30015,treatment
30016,treatment
30017,control
30018,control
30019,control
30020,control
30021,control
30022,treatment
30023,control
30024,treatment
30025,treatment
30026,control
30027,control
30028,control
30029,control
30030,control
30031,treatment
30032,treatment
30033,control
30034,treatment
30035,treatment
30036,treatment
30037,treatment
30038,control
30039,control
30040,control
30041,treatment
30042,control
30043,treatment
30044,control
30045,treatment
30046,control
30047,treatment
30048,treatment
30049,treatment
30050,control
30051,control
30052,treatment
30053,control
30054,treatment
30055,treatment
30056,control
30057,treatment
30058,treatment
30059,treatment
30060,control
30061,control
30062,treatment
30063,treatment
30064,treatment
30065,treatment
30066,treatment
30067,treatment
30068,treatment
30069,treatment
30070,treatment
30071,control
30072,treatment
30073,treatment
30074,treatment
30075,control
30076,treatment
30077,control
30078,control
30079,control
30080,control
30081,treatment
30082,control
30083,control
30084,treatment
30085,control
30086,control
30087,control
30088,treatment
30089,control
30090,treatment
30091,control
30092,treatment
30093,control
30094,treatment
30095,control
30096,treatment
30097,control
30098,control
30099,control
30100,control
30101,control
30102,control
30103,control
30104,treatment
30105,treatment
30106,control
30107,treatment
30108,control
30109,treatment
30110,control
30111,control
30112,treatment
30113,treatment
30114,treatment
30115,treatment
30116,control
30117,control
30118,control
30119,control
30120,treatment
30121,treatment
30122,treatment
30123,treatment
30124,control
30125,control
30126,treatment
30127,treatment
30128,control
30129,control
30130,treatment
30131,treatment
30132,treatment
30133,control
30134,treatment
30135,control
30136,treatment
30137,control
30138,control
30139,control
30140,treatment
30141,treatment
30142,treatment
30143,control
30144,control
30145,treatment
30146,control
30147,treatment
30148,control
30149,control
30150,treatment
30151,treatment
30152,treatment
30153,treatment
30154,treatment
30155,treatment
30156,treatment
30157,treatment
30158,control
30159,treatment
30160,treatment
30161,treatment
30162,control
30163,control
30164,control
30165,treatment
30166,control
30167,control
30168,control
30169,control
30170,control
30171,control
30172,control
30173,control
30174,control
30175,control
30176,treatment
30177,control
30178,treatment
30179,treatment
30180,treatment
30181,control
30182,control
30183,control
30184,treatment
30185,treatment
30186,control
30187,treatment
30188,treatment
30189,treatment
30190,treatment
30191,control
30192,treatment
30193,control
30194,treatment
30195,control
30196,treatment
30197,treatment
30198,treatment
30199,control
30200,control
30201,control
30202,control
30203,treatment
30204,control
30205,treatment
30206,treatment
30207,control
30208,control
30209,control
30210,control
30211,control
30212,control
30213,control
30214,treatment
30215,treatment
30216,control
30217,control
30218,treatment
30219,treatment
30220,control
30221,control
30222,control
30223,treatment
30224,treatment
30225,treatment
30226,control
30227,treatment
30228,treatment
30229,treatment
30230,control
30231,control
30232,control
30233,control
30234,treatment
30235,treatment
30236,treatment
30237,treatment
30238,control
30239,treatment
30240,treatment
30241,treatment
30242,control
30243,control
30244,control
30245,treatment
30246,treatment
30247,control
30248,treatment
30249,control
30250,control
30251,treatment
30252,treatment
30253,control
30254,treatment
30255,treatment
30256,control
30257,control
30258,control
30259,treatment
30260,treatment
30261,treatment
30262,treatment
30263,control
30264,treatment
30265,control
30266,treatment
30267,control
30268,treatment
30269,treatment
30270,control
30271,treatment
30272,treatment
30273,control
30274,treatment
30275,control
30276,treatment
30277,treatment
30278,control
30279,treatment
30280,treatment
30281,treatment
30282,treatment
30283,control
30284,treatment
30285,control
30286,control
30287,treatment
30288,treatment
30289,control
30290,treatment
30291,control
30292,control
30293,control
30294,treatment
30295,treatment
30296,control
30297,treatment
30298,treatment
30299,treatment
30300,control
30301,control
30302,control
30303,control
30304,treatment
30305,control
30306,treatment
30307,control
30308,treatment
30309,control
30310,treatment
30311,control
30312,control
30313,treatment
30314,control
30315,control
30316,treatment
30317,treatment
30318,treatment
30319,control
30320,control
30321,treatment
30322,treatment
30323,control
30324,control
30325,treatment
30326,treatment
30327,treatment
30328,control
30329,control
30330,control
30331,treatment
30332,control
30333,treatment
30334,control
30335,treatment
30336,treatment
30337,treatment
30338,control
30339,control
30340,treatment
30341,treatment
30342,control
30343,control
30344,control
30345,treatment
30346,treatment
30347,treatment
30348,control
30349,treatment
30350,control
30351,control
30352,treatment
30353,control
30354,treatment
30355,treatment
30356,treatment
30357,control
30358,treatment
30359,control
30360,treatment
30361,treatment
30362,control
30363,treatment
30364,treatment
30365,treatment
30366,control
30367,control
30368,treatment
30369,treatment
30370,control
30371,control
30372,control
30373,control
30374,control
30375,control
30376,treatment
30377,treatment
30378,control
30379,treatment
30380,treatment
30381,control
30382,control
30383,control
30384,treatment
30385,treatment
30386,control
30387,control
30388,control
30389,control
30390,treatment
30391,treatment
30392,control
30393,treatment
30394,control
30395,treatment
30396,control
30397,control
30398,control
30399,treatment
30400,control
30401,treatment
30402,control
30403,control
30404,treatment
30405,control
30406,treatment
30407,treatment
30408,control
30409,treatment
30410,control
30411,control
30412,treatment
30413,control
30414,control
30415,control
30416,treatment
30417,treatment
30418,control
30419,control
30420,control
30421,treatment
30422,treatment
30423,control
30424,control
30425,treatment
30426,treatment
30427,control
30428,treatment
30429,treatment
30430,treatment
30431,treatment
30432,treatment
30433,treatment
30434,control
30435,control
30436,treatment
30437,control
30438,control
30439,control
30440,control
30441,treatment
30442,control
30443,treatment
30444,control
30445,treatment
30446,treatment
30447,treatment
30448,treatment
30449,control
30450,control
30451,control
30452,control
30453,treatment
30454,control
30455,treatment
30456,control
30457,control
30458,treatment
30459,treatment
30460,control
30461,treatment
30462,treatment
30463,control
30464,treatment
30465,control
30466,treatment
30467,control
30468,control
30469,treatment
30470,treatment
30471,treatment
30472,treatment
30473,control
30474,control
30475,treatment
30476,treatment
30477,control
30478,control
30479,treatment
30480,control
30481,treatment
30482,control
30483,treatment
30484,treatment
30485,treatment
30486,control
30487,control
30488,treatment
30489,treatment
30490,control
30491,control
30492,control
30493,treatment
30494,control
30495,treatment
30496,treatment
30497,control
30498,treatment
30499,control
30500,control
30501,control
30502,treatment
30503,treatment
30504,treatment
30505,control
30506,control
30507,control
30508,treatment
30509,treatment
30510,control
30511,treatment
30512,control
30513,treatment
30514,treatment
30515,treatment
30516,control
30517,control
30518,control
30519,treatment
30520,control
30521,treatment
30522,treatment
30523,treatment
30524,control
30525,treatment
30526,control
30527,treatment
30528,control
30529,treatment
30530,treatment
30531,treatment
30532,treatment
30533,treatment
30534,treatment
30535,treatment
30536,treatment
30537,treatment
30538,control
30539,control
30540,control
30541,treatment
30542,treatment
30543,treatment
30544,treatment
30545,control
30546,control
30547,treatment
30548,control
30549,treatment
30550,treatment
30551,control
30552,treatment
30553,treatment
30554,control
30555,control
30556,control
30557,treatment
30558,treatment
30559,control
30560,control
30561,control
30562,treatment
30563,treatment
30564,treatment
30565,control
30566,treatment
30567,treatment
30568,treatment
30569,control
30570,treatment
30571,treatment
30572,treatment
30573,control
30574,treatment
30575,control
30576,treatment
30577,control
30578,control
30579,control
30580,treatment
30581,treatment
30582,control
30583,treatment
30584,treatment
30585,control
30586,control
30587,treatment
30588,treatment
30589,treatment
30590,treatment
30591,treatment
30592,treatment
30593,control
30594,treatment
30595,treatment
30596,control
30597,treatment
30598,treatment
30599,control
30600,treatment
30601,treatment
30602,control
30603,treatment
30604,treatment
30605,control
30606,treatment
30607,control
30608,treatment
30609,treatment
30610,control
30611,control
30612,treatment
30613,control
30614,treatment
30615,treatment
30616,treatment
30617,control
30618,control
30619,control
30620,control
30621,control
30622,control
30623,treatment
30624,treatment
30625,control
30626,control
30627,treatment
30628,treatment
30629,treatment
30630,treatment
30631,treatment
30632,control
30633,treatment
30634,control
30635,treatment
30636,treatment
30637,control
30638,treatment
30639,treatment
30640,treatment
30641,control
30642,treatment
30643,control
30644,control
30645,control
30646,treatment
30647,treatment
30648,treatment
30649,treatment
30650,control
30651,treatment
30652,control
30653,control
30654,control
30655,control
30656,control
30657,control
30658,control
30659,treatment
30660,control
30661,treatment
30662,treatment
30663,treatment
30664,treatment
30665,control
30666,control
30667,treatment
30668,treatment
30669,treatment
30670,treatment
30671,treatment
30672,control
30673,treatment
30674,treatment
30675,treatment
30676,control
30677,control
30678,treatment
30679,treatment
30680,control
30681,treatment
30682,control
30683,control
30684,treatment
30685,control
30686,control
30687,control
30688,treatment
30689,control
30690,treatment
30691,control
30692,control
30693,treatment
30694,treatment
30695,treatment
30696,control
30697,control
30698,treatment
30699,control
30700,treatment
30701,treatment
30702,treatment
30703,control
30704,control
30705,treatment
30706,control
30707,treatment
30708,treatment
30709,control
30710,treatment
30711,control
30712,control
30713,control
30714,treatment
30715,treatment
30716,treatment
30717,control
30718,treatment
30719,treatment
30720,control
30721,control
30722,control
30723,control
30724,treatment
30725,treatment
30726,control
30727,control
30728,control
30729,treatment
30730,treatment
30731,treatment
30732,treatment
30733,treatment
30734,treatment
30735,control
30736,treatment
30737,treatment
30738,control
30739,control
30740,control
30741,control
30742,control
30743,treatment
30744,control
30745,control
30746,treatment
30747,treatment
30748,treatment
30749,treatment
30750,control
30751,treatment
30752,control
30753,treatment
30754,control
30755,treatment
30756,control
30757,treatment
30758,control
30759,control
30760,control
30761,control
30762,control
30763,treatment
30764,control
30765,treatment
30766,treatment
30767,control
30768,control
30769,control
30770,treatment
30771,control
30772,control
30773,treatment
30774,treatment
30775,control
30776,treatment
30777,treatment
30778,control
30779,control
30780,control
30781,treatment
30782,control
30783,control
30784,control
30785,control
30786,control
30787,control
30788,treatment
30789,control
30790,treatment
30791,control
30792,control
30793,control
30794,treatment
30795,treatment
30796,treatment
30797,treatment
30798,treatment
30799,control
30800,control
30801,control
30802,treatment
30803,control
30804,treatment
30805,control
30806,treatment
30807,control
30808,control
30809,control
30810,control
30811,treatment
30812,treatment
30813,control
30814,treatment
30815,control
30816,control
30817,treatment
30818,treatment
30819,control
30820,treatment
30821,control
30822,control
30823,treatment
30824,control
30825,control
30826,control
30827,treatment
30828,treatment
30829,treatment
30830,treatment
30831,control
30832,control
30833,control
30834,control
30835,treatment
30836,control
30837,control
30838,control
30839,treatment
30840,control
30841,control
30842,treatment
30843,treatment
30844,treatment
30845,treatment
30846,treatment
30847,treatment
30848,treatment
30849,control
30850,control
30851,control
30852,treatment
30853,control
30854,control
30855,control
30856,control
30857,treatment
30858,control
30859,treatment
30860,treatment
30861,control
30862,treatment
30863,control
30864,treatment
30865,treatment
30866,control
30867,treatment
30868,control
30869,control
30870,treatment
30871,treatment
30872,control
30873,treatment
30874,treatment
30875,treatment
30876,control
30877,treatment
30878,treatment
30879,treatment
30880,control
30881,treatment
30882,treatment
30883,control
30884,control
30885,control
30886,treatment
30887,control
30888,treatment
30889,control
30890,treatment
30891,control
30892,treatment
30893,treatment
30894,control
30895,control
30896,control
30897,control
30898,control
30899,control
30900,treatment
30901,treatment
30902,treatment
30903,control
30904,control
30905,control
30906,control
30907,control
30908,control
30909,treatment
30910,treatment
30911,control
30912,control
30913,control
30914,treatment
30915,treatment
30916,control
30917,control
30918,control
30919,control
30920,treatment
30921,control
30922,treatment
30923,control
30924,treatment
30925,control
30926,treatment
30927,treatment
30928,control
30929,treatment
30930,control
30931,treatment
30932,control
30933,control
30934,control
30935,treatment
30936,control
30937,treatment
30938,control
30939,treatment
30940,treatment
30941,control
30942,treatment
30943,control
30944,treatment
30945,treatment
30946,treatment
30947,treatment
30948,treatment
30949,treatment
30950,control
30951,treatment
30952,treatment
30953,control
30954,treatment
30955,control
30956,control
30957,control
30958,treatment
30959,treatment
30960,control
30961,control
30962,treatment
30963,treatment
30964,treatment
30965,treatment
30966,treatment
30967,treatment
30968,treatment
30969,control
30970,control
30971,control
30972,treatment
30973,treatment
30974,treatment
30975,control
30976,treatment
30977,control
30978,treatment
30979,treatment
30980,treatment
30981,control
30982,control
30983,control
30984,treatment
30985,treatment
30986,control
30987,control
30988,treatment
30989,treatment
30990,control
30991,control
30992,treatment
30993,treatment
30994,control
30995,treatment
30996,control
30997,treatment
30998,treatment
30999,treatment
31000,control
31001,treatment
31002,treatment
31003,treatment
31004,control
31005,control
31006,control
31007,control
31008,treatment
31009,control
31010,treatment
31011,control
31012,control
31013,treatment
31014,control
31015,control
31016,treatment
31017,control
31018,treatment
31019,treatment
31020,control
31021,control
31022,control
31023,control
31024,control
31025,control
31026,control
31027,control
31028,control
31029,treatment
31030,treatment
31031,control
31032,control
31033,treatment
31034,control
31035,control
31036,control
31037,treatment
31038,treatment
31039,treatment
31040,control
31041,control
31042,treatment
31043,treatment
31044,control
31045,treatment
31046,control
31047,control
31048,treatment
31049,treatment
31050,treatment
31051,treatment
31052,control
31053,control
31054,control
31055,treatment
31056,treatment
31057,control
31058,treatment
31059,treatment
31060,treatment
31061,control
31062,treatment
31063,treatment
31064,control
31065,control
31066,treatment
31067,control
31068,control
31069,control
31070,control
31071,control
31072,treatment
31073,control
31074,treatment
31075,treatment
31076,control
31077,treatment
31078,control
31079,control
31080,treatment
31081,control
31082,treatment
31083,control
31084,treatment
31085,treatment
31086,treatment
31087,treatment
31088,treatment
31089,control
31090,control
31091,control
31092,treatment
31093,treatment
31094,treatment
31095,treatment
31096,treatment
31097,control
31098,control
31099,control
31100,treatment
31101,control
31102,control
31103,control
31104,treatment
31105,treatment
31106,treatment
31107,treatment
31108,treatment
31109,control
31110,treatment
31111,control
31112,control
31113,control
31114,control
31115,control
31116,control
31117,control
31118,control
31119,treatment
31120,control
31121,control
31122,control
31123,treatment
31124,treatment
31125,treatment
31126,treatment
31127,treatment
31128,control
31129,control
31130,control
31131,control
31132,control
31133,treatment
31134,control
31135,control
31136,treatment
31137,treatment
31138,treatment
31139,control
31140,control
31141,treatment
31142,control
31143,control
31144,treatment
31145,control
31146,control
31147,control
31148,control
31149,control
31150,treatment
31151,control
31152,control
31153,control
31154,treatment
31155,control
31156,control
31157,control
31158,treatment
31159,treatment
31160,treatment
31161,control
31162,control
31163,treatment
31164,control
31165,control
31166,control
31167,control
31168,treatment
31169,control
31170,control
31171,treatment
31172,treatment
31173,treatment
31174,treatment
31175,control
31176,control
31177,treatment
31178,control
31179,control
31180,treatment
31181,control
31182,control
31183,control
31184,treatment
31185,control
31186,control
31187,treatment
31188,control
31189,treatment
31190,control
31191,treatment
31192,treatment
31193,treatment
31194,control
31195,treatment
31196,treatment
31197,control
31198,treatment
31199,control
31200,control
31201,control
31202,control
31203,treatment
31204,control
31205,treatment
31206,control
31207,control
31208,treatment
31209,control
31210,control
31211,treatment
31212,control
31213,treatment
31214,control
31215,treatment
31216,treatment
31217,control
31218,treatment
31219,treatment
31220,control
31221,treatment
31222,treatment
31223,treatment
31224,control
31225,control
31226,treatment
31227,control
31228,treatment
31229,treatment
31230,control
31231,control
31232,control
31233,control
31234,treatment
31235,treatment
31236,treatment
31237,treatment
31238,control
31239,treatment
31240,treatment
31241,control
31242,control
31243,control
31244,treatment
31245,control
31246,treatment
31247,treatment
31248,treatment
31249,control
31250,treatment
31251,control
31252,treatment
31253,treatment
31254,treatment
31255,treatment
31256,control
31257,treatment
31258,control
31259,treatment
31260,control
31261,treatment
31262,control
31263,control
31264,control
31265,treatment
31266,control
31267,control
31268,control
31269,treatment
31270,treatment
31271,control
31272,treatment
31273,treatment
31274,treatment
31275,control
31276,control
31277,treatment
31278,control
31279,control
31280,treatment
31281,treatment
31282,control
31283,control
31284,control
31285,control
31286,treatment
31287,treatment
31288,control
31289,control
31290,control
31291,treatment
31292,control
31293,treatment
31294,control
31295,control
31296,treatment
31297,control
31298,control
31299,treatment
31300,treatment
31301,control
31302,treatment
31303,control
31304,control
31305,control
31306,control
31307,control
31308,control
31309,treatment
31310,treatment
31311,treatment
31312,control
31313,control
31314,treatment
31315,control
31316,control
31317,control
31318,treatment
31319,control
31320,control
31321,control
31322,treatment
31323,treatment
31324,control
31325,control
31326,control
31327,control
31328,treatment
31329,treatment
31330,control
31331,treatment
31332,control
31333,control
31334,control
31335,control
31336,treatment
31337,control
31338,control
31339,treatment
31340,control
31341,control
31342,treatment
31343,control
31344,control
31345,control
31346,control
31347,control
31348,control
31349,control
31350,control
31351,control
31352,treatment
31353,treatment
31354,treatment
31355,control
31356,control
31357,treatment
31358,treatment
31359,control
31360,control
31361,treatment
31362,control
31363,control
31364,control
31365,control
31366,treatment
31367,control
31368,control
31369,treatment
31370,treatment
31371,control
31372,control
31373,treatment
31374,treatment
31375,control
31376,treatment
31377,control
31378,control
31379,control
31380,treatment
31381,treatment
31382,treatment
31383,treatment
31384,treatment
31385,treatment
31386,treatment
31387,control
31388,control
31389,control
31390,treatment
31391,treatment
31392,control
31393,treatment
31394,control
31395,treatment
31396,treatment
31397,control
31398,control
31399,control
31400,treatment
31401,treatment
31402,treatment
31403,treatment
31404,treatment
31405,control
31406,control
31407,control
31408,control
31409,treatment
31410,treatment
31411,treatment
31412,treatment
31413,treatment
31414,control
31415,control
31416,treatment
31417,treatment
31418,treatment
31419,treatment
31420,control
31421,control
31422,control
31423,control
31424,treatment
31425,control
31426,treatment
31427,control
31428,control
31429,treatment
31430,treatment
31431,treatment
31432,control
31433,control
31434,treatment
31435,control
31436,control
31437,control
31438,control
31439,treatment
31440,treatment
31441,control
31442,control
31443,treatment
31444,control
31445,control
31446,control
31447,treatment
31448,treatment
31449,treatment
31450,control
31451,control
31452,treatment
31453,treatment
31454,treatment
31455,treatment
31456,control
31457,control
31458,control
31459,treatment
31460,control
31461,control
31462,treatment
31463,control
31464,treatment
31465,control
31466,control
31467,treatment
31468,treatment
31469,control
31470,control
31471,control
31472,treatment
31473,treatment
31474,control
31475,control
31476,treatment
31477,control
31478,treatment
31479,control
31480,control
31481,control
31482,treatment
31483,control
31484,control
31485,treatment
31486,treatment
31487,control
31488,treatment
31489,treatment
31490,treatment
31491,treatment
31492,control
31493,treatment
31494,treatment
31495,treatment
31496,control
31497,treatment
31498,treatment
31499,treatment
31500,control
31501,control
31502,control
31503,treatment
31504,control
31505,control
31506,control
31507,treatment
31508,treatment
31509,control
31510,treatment
31511,treatment
31512,treatment
31513,treatment
31514,control
31515,treatment
31516,control
31517,control
31518,treatment
31519,treatment
31520,treatment
31521,control
31522,control
31523,control
31524,control
31525,control
31526,control
31527,control
31528,control
31529,treatment
31530,treatment
31531,control
31532,control
31533,control
31534,control
31535,treatment
31536,treatment
31537,treatment
31538,treatment
31539,control
31540,treatment
31541,control
31542,control
31543,control
31544,treatment
31545,control
31546,control
31547,treatment
31548,treatment
31549,treatment
31550,treatment
31551,treatment
31552,treatment
31553,treatment
31554,treatment
31555,control
31556,treatment
31557,control
31558,treatment
31559,treatment
31560,control
31561,treatment
31562,control
31563,control
31564,treatment
31565,control
31566,treatment
31567,treatment
31568,treatment
31569,control
31570,treatment
31571,treatment
31572,treatment
31573,control
31574,treatment
31575,treatment
31576,treatment
31577,treatment
31578,treatment
31579,control
31580,treatment
31581,treatment
31582,control
31583,treatment
31584,treatment
31585,treatment
31586,control
31587,control
31588,treatment
31589,treatment
31590,treatment
31591,treatment
31592,treatment
31593,treatment
31594,control
31595,control
31596,treatment
31597,treatment
31598,treatment
31599,treatment
31600,control
31601,control
31602,treatment
31603,control
31604,treatment
31605,control
31606,treatment
31607,control
31608,control
31609,control
31610,control
31611,treatment
31612,treatment
31613,control
31614,treatment
31615,control
31616,treatment
31617,treatment
31618,control
31619,control
31620,treatment
31621,treatment
31622,treatment
31623,treatment
31624,treatment
31625,control
31626,treatment
31627,control
31628,control
31629,treatment
31630,control
31631,treatment
31632,treatment
31633,control
31634,treatment
31635,control
31636,control
31637,control
31638,treatment
31639,control
31640,control
31641,control
31642,control
31643,treatment
31644,treatment
31645,control
31646,control
31647,control
31648,treatment
31649,control
31650,treatment
31651,treatment
31652,treatment
31653,treatment
31654,control
31655,control
31656,control
31657,control
31658,treatment
31659,treatment
31660,treatment
31661,treatment
31662,control
31663,control
31664,control
31665,control
31666,control
31667,control
31668,control
31669,control
31670,treatment
31671,control
31672,treatment
31673,treatment
31674,control
31675,treatment
31676,treatment
31677,control
31678,treatment
31679,treatment
31680,treatment
31681,treatment
31682,control
31683,control
31684,treatment
31685,treatment
31686,control
31687,treatment
31688,treatment
31689,control
31690,control
31691,control
31692,control
31693,treatment
31694,control
31695,control
31696,treatment
31697,treatment
31698,treatment
31699,control
31700,control
31701,control
31702,control
31703,treatment
31704,control
31705,treatment
31706,control
31707,treatment
31708,control
31709,control
31710,treatment
31711,treatment
31712,treatment
31713,control
31714,control
31715,treatment
31716,treatment
31717,control
31718,treatment
31719,control
31720,treatment
31721,treatment
31722,control
31723,control
31724,treatment
31725,treatment
31726,treatment
31727,treatment
31728,treatment
31729,control
31730,control
31731,control
31732,control
31733,treatment
31734,control
31735,control
31736,control
31737,control
31738,control
31739,treatment
31740,control
31741,control
31742,control
31743,treatment
31744,control
31745,treatment
31746,control
31747,treatment
31748,control
31749,control
31750,treatment
31751,treatment
31752,control
31753,treatment
31754,control
31755,treatment
31756,treatment
31757,treatment
31758,treatment
31759,control
31760,control
31761,control
31762,treatment
31763,treatment
31764,treatment
31765,control
31766,treatment
31767,treatment
31768,control
31769,control
31770,treatment
31771,treatment
31772,control
31773,treatment
31774,treatment
31775,control
31776,treatment
31777,treatment
31778,control
31779,control
31780,treatment
31781,control
31782,control
31783,control
31784,treatment
31785,treatment
31786,treatment
31787,control
31788,control
31789,control
31790,treatment
31791,control
31792,control
31793,treatment
31794,control
31795,treatment
31796,control
31797,treatment
31798,control
31799,treatment
31800,control
31801,control
31802,treatment
31803,treatment
31804,control
31805,treatment
31806,control
31807,control
31808,treatment
31809,treatment
31810,treatment
31811,control
31812,treatment
31813,treatment
31814,treatment
31815,control
31816,control
31817,control
31818,control
31819,control
31820,treatment
31821,control
31822,control
31823,control
31824,treatment
31825,treatment
31826,treatment
31827,control
31828,treatment
31829,control
31830,treatment
31831,control
31832,control
31833,treatment
31834,control
31835,treatment
31836,treatment
31837,control
31838,treatment
31839,control
31840,treatment
31841,control
31842,control
31843,treatment
31844,treatment
31845,treatment
31846,treatment
31847,control
31848,control
31849,control
31850,control
31851,treatment
31852,treatment
31853,control
31854,treatment
31855,treatment
31856,control
31857,control
31858,treatment
31859,control
31860,treatment
31861,treatment
31862,treatment
31863,control
31864,control
31865,treatment
31866,control
31867,treatment
31868,control
31869,control
31870,control
31871,control
31872,treatment
31873,treatment
31874,treatment
31875,control
31876,control
31877,control
31878,treatment
31879,treatment
31880,treatment
31881,treatment
31882,treatment
31883,control
31884,control
31885,control
31886,treatment
31887,control
31888,control
31889,control
31890,treatment
31891,control
31892,control
31893,control
31894,treatment
31895,control
31896,treatment
31897,control
31898,control
31899,control
31900,control
31901,control
31902,control
31903,treatment
31904,treatment
31905,treatment
31906,treatment
31907,treatment
31908,control
31909,treatment
31910,treatment
31911,treatment
31912,control
31913,control
31914,control
31915,control
31916,control
31917,control
31918,control
31919,treatment
31920,treatment
31921,treatment
31922,control
31923,treatment
31924,treatment
31925,control
31926,control
31927,treatment
31928,treatment
31929,treatment
31930,control
31931,control
31932,control
31933,treatment
31934,control
31935,treatment
31936,treatment
31937,control
31938,control
31939,control
31940,treatment
31941,control
31942,control
31943,treatment
31944,treatment
31945,control
31946,treatment
31947,control
31948,treatment
31949,treatment
31950,treatment
31951,control
31952,control
31953,control
31954,control
31955,treatment
31956,treatment
31957,treatment
31958,treatment
31959,treatment
31960,treatment
31961,treatment
31962,control
31963,control
31964,control
31965,control
31966,control
31967,control
31968,treatment
31969,treatment
31970,control
31971,control
31972,treatment
31973,control
31974,control
31975,control
31976,control
31977,treatment
31978,control
31979,control
31980,treatment
31981,control
31982,treatment
31983,control
31984,treatment
31985,treatment
31986,treatment
31987,control
31988,treatment
31989,treatment
31990,control
31991,treatment
31992,treatment
31993,treatment
31994,control
31995,control
31996,treatment
31997,treatment
31998,treatment
31999,treatment
32000,treatment
32001,control
32002,treatment
32003,control
32004,treatment
32005,control
32006,treatment
32007,treatment
32008,treatment
32009,treatment
32010,control
32011,control
32012,treatment
32013,treatment
32014,control
32015,treatment
32016,treatment
32017,treatment
32018,treatment
32019,treatment
32020,treatment
32021,treatment
32022,control
32023,treatment
32024,control
32025,treatment
32026,treatment
32027,control
32028,treatment
32029,control
32030,control
32031,control
32032,treatment
32033,treatment
32034,treatment
32035,control
32036,control
32037,control
32038,control
32039,control
32040,treatment
32041,treatment
32042,control
32043,treatment
32044,control
32045,treatment
32046,treatment
32047,treatment
32048,treatment
32049,control
32050,treatment
32051,treatment
32052,control
32053,control
32054,treatment
32055,treatment
32056,control
32057,treatment
32058,treatment
32059,treatment
32060,control
32061,control
32062,treatment
32063,treatment
32064,control
32065,treatment
32066,control
32067,control
32068,treatment
32069,treatment
32070,treatment
32071,treatment
32072,treatment
32073,control
32074,treatment
32075,treatment
32076,control
32077,treatment
32078,treatment
32079,control
32080,control
32081,treatment
32082,control
32083,treatment
32084,treatment
32085,treatment
32086,control
32087,treatment
32088,control
32089,control
32090,control
32091,treatment
32092,treatment
32093,control
32094,treatment
32095,treatment
32096,treatment
32097,treatment
32098,control
32099,treatment
32100,treatment
32101,control
32102,control
32103,treatment
32104,control
32105,control
32106,treatment
32107,control
32108,control
32109,control
32110,treatment
32111,control
32112,treatment
32113,treatment
32114,treatment
32115,control
32116,control
32117,control
32118,control
32119,treatment
32120,control
32121,control
32122,control
32123,treatment
32124,treatment
32125,treatment
32126,control
32127,control
32128,treatment
32129,treatment
32130,treatment
32131,treatment
32132,treatment
32133,control
32134,control
32135,treatment
32136,treatment
32137,treatment
32138,control
32139,treatment
32140,treatment
32141,control
32142,treatment
32143,control
32144,treatment
32145,treatment
32146,treatment
32147,treatment
32148,treatment
32149,control
32150,control
32151,treatment
32152,treatment
32153,control
32154,treatment
32155,treatment
32156,control
32157,control
32158,treatment
32159,control
32160,control
32161,control
32162,treatment
32163,control
32164,control
32165,control
32166,control
32167,control
32168,treatment
32169,treatment
32170,treatment
32171,treatment
32172,treatment
32173,control
32174,treatment
32175,treatment
32176,control
32177,treatment
32178,control
32179,control
32180,treatment
32181,treatment
32182,control
32183,treatment
32184,control
32185,control
32186,treatment
32187,control
32188,treatment
32189,treatment
32190,treatment
32191,control
32192,control
32193,control
32194,treatment
32195,control
32196,control
32197,treatment
32198,control
32199,control
32200,treatment
32201,treatment
32202,treatment
32203,control
32204,control
32205,control
32206,treatment
32207,treatment
32208,treatment
32209,treatment
32210,treatment
32211,control
32212,treatment
32213,treatment
32214,treatment
32215,treatment
32216,treatment
32217,treatment
32218,control
32219,treatment
32220,control
32221,control
32222,control
32223,control
32224,control
32225,treatment
32226,treatment
32227,treatment
32228,control
32229,treatment
32230,control
32231,treatment
32232,treatment
32233,control
32234,control
32235,treatment
32236,treatment
32237,control
32238,treatment
32239,control
32240,control
32241,control
32242,control
32243,treatment
32244,control
32245,control
32246,control
32247,control
32248,control
32249,treatment
32250,control
32251,control
32252,control
32253,control
32254,treatment
32255,control
32256,treatment
32257,treatment
32258,control
32259,treatment
32260,control
32261,treatment
32262,control
32263,treatment
32264,control
32265,control
32266,treatment
32267,treatment
32268,control
32269,treatment
32270,control
32271,control
32272,treatment
32273,control
32274,treatment
32275,treatment
32276,treatment
32277,control
32278,treatment
32279,treatment
32280,treatment
32281,control
32282,treatment
32283,treatment
32284,control
32285,treatment
32286,treatment
32287,control
32288,control
32289,treatment
32290,control
32291,control
32292,control
32293,control
32294,control
32295,control
32296,control
32297,control
32298,control
32299,treatment
32300,treatment
32301,control
32302,control
32303,treatment
32304,treatment
32305,treatment
32306,control
32307,treatment
32308,treatment
32309,control
32310,treatment
32311,treatment
32312,treatment
32313,control
32314,treatment
32315,treatment
32316,control
32317,control
32318,control
32319,control
32320,treatment
32321,control
32322,treatment
32323,treatment
32324,control
32325,treatment
32326,control
32327,treatment
32328,control
32329,treatment
32330,treatment
32331,control
32332,treatment
32333,treatment
32334,control
32335,control
32336,control
32337,control
32338,treatment
32339,control
32340,control
32341,control
32342,treatment
32343,control
32344,treatment
32345,treatment
32346,control
32347,control
32348,control
32349,control
32350,control
32351,treatment
32352,control
32353,treatment
32354,treatment
32355,treatment
32356,treatment
32357,treatment
32358,treatment
32359,treatment
32360,treatment
32361,treatment
32362,control
32363,treatment
32364,treatment
32365,control
32366,control
32367,control
32368,control
32369,treatment
32370,control
32371,treatment
32372,control
32373,treatment
32374,treatment
32375,treatment
32376,control
32377,control
32378,treatment
32379,control
32380,treatment
32381,treatment
32382,control
32383,control
32384,treatment
32385,treatment
32386,treatment
32387,treatment
32388,control
32389,control
32390,treatment
32391,control
32392,treatment
32393,control
32394,treatment
32395,treatment
32396,treatment
32397,treatment
32398,treatment
32399,treatment
32400,treatment
32401,control
32402,control
32403,treatment
32404,control
32405,control
32406,control
32407,treatment
32408,control
32409,treatment
32410,control
32411,control
32412,control
32413,treatment
32414,control
32415,treatment
32416,treatment
32417,control
32418,control
32419,treatment
32420,treatment
32421,treatment
32422,treatment
32423,treatment
32424,control
32425,treatment
32426,treatment
32427,treatment
32428,treatment
32429,treatment
32430,control
32431,treatment
32432,control
32433,treatment
32434,control
32435,treatment
32436,control
32437,control
32438,control
32439,treatment
32440,control
32441,treatment
32442,control
32443,treatment
32444,treatment
32445,treatment
32446,control
32447,treatment
32448,control
32449,control
32450,treatment
32451,control
32452,treatment
32453,control
32454,treatment
32455,treatment
32456,treatment
32457,treatment
32458,treatment
32459,control
32460,control
32461,control
32462,treatment
32463,treatment
32464,treatment
32465,treatment
32466,treatment
32467,treatment
32468,treatment
32469,treatment
32470,control
32471,control
32472,treatment
32473,control
32474,control
32475,control
32476,control
32477,treatment
32478,control
32479,treatment
32480,treatment
32481,treatment
32482,control
32483,control
32484,treatment
32485,treatment
32486,treatment
32487,treatment
32488,control
32489,treatment
32490,control
32491,control
32492,treatment
32493,control
32494,control
32495,control
32496,treatment
32497,control
32498,control
32499,treatment
32500,control
32501,control
32502,control
32503,treatment
32504,control
32505,treatment
32506,control
32507,control
32508,treatment
32509,treatment
32510,control
32511,treatment
32512,treatment
32513,control
32514,treatment
32515,treatment
32516,treatment
32517,control
32518,treatment
32519,control
32520,control
32521,treatment
32522,control
32523,treatment
32524,control
32525,control
32526,control
32527,treatment
32528,treatment
32529,control
32530,treatment
32531,treatment
32532,treatment
32533,control
32534,control
32535,control
32536,control
32537,control
32538,treatment
32539,treatment
32540,treatment
32541,control
32542,treatment
32543,treatment
32544,treatment
32545,treatment
32546,control
32547,control
32548,control
32549,control
32550,treatment
32551,treatment
32552,control
32553,treatment
32554,control
32555,control
32556,treatment
32557,treatment
32558,control
32559,treatment
32560,control
32561,control
32562,control
32563,treatment
32564,control
32565,treatment
32566,treatment
32567,treatment
32568,treatment
32569,treatment
32570,control
32571,treatment
32572,control
32573,control
32574,treatment
32575,control
32576,treatment
32577,treatment
32578,control
32579,control
32580,control
32581,treatment
32582,control
32583,control
32584,treatment
32585,treatment
32586,treatment
32587,treatment
32588,control
32589,treatment
32590,treatment
32591,control
32592,control
32593,control
32594,control
32595,control
32596,control
32597,treatment
32598,treatment
32599,treatment
32600,control
32601,treatment
32602,treatment
32603,treatment
32604,control
32605,treatment
32606,control
32607,treatment
32608,treatment
32609,control
32610,treatment
32611,control
32612,control
32613,control
32614,control
32615,control
32616,treatment
32617,treatment
32618,treatment
32619,treatment
32620,control
32621,control
32622,treatment
32623,control
32624,control
32625,control
32626,treatment
32627,treatment
32628,treatment
32629,treatment
32630,control
32631,treatment
32632,control
32633,control
32634,treatment
32635,control
32636,control
32637,control
32638,treatment
32639,control
32640,treatment
32641,treatment
32642,control
32643,control
32644,treatment
32645,control
32646,treatment
32647,treatment
32648,treatment
32649,control
32650,treatment
32651,control
32652,treatment
32653,treatment
32654,treatment
32655,treatment
32656,treatment
32657,treatment
32658,treatment
32659,control
32660,control
32661,control
32662,treatment
32663,treatment
32664,treatment
32665,treatment
32666,treatment
32667,control
32668,treatment
32669,treatment
32670,treatment
32671,treatment
32672,control
32673,treatment
32674,treatment
32675,control
32676,control
32677,control
32678,control
32679,treatment
32680,treatment
32681,control
32682,control
32683,control
32684,control
32685,treatment
32686,treatment
32687,treatment
32688,control
32689,treatment
32690,treatment
32691,treatment
32692,control
32693,treatment
32694,treatment
32695,treatment
32696,control
32697,control
32698,treatment
32699,treatment
32700,treatment
32701,treatment
32702,treatment
32703,treatment
32704,treatment
32705,treatment
32706,treatment
32707,control
32708,control
32709,treatment
32710,control
32711,treatment
32712,treatment
32713,control
32714,control
32715,control
32716,control
32717,treatment
32718,control
32719,control
32720,treatment
32721,control
32722,treatment
32723,control
32724,treatment
32725,treatment
32726,control
32727,control
32728,control
32729,control
32730,treatment
32731,treatment
32732,control
32733,treatment
32734,control
32735,control
32736,control
32737,control
32738,treatment
32739,control
32740,control
32741,control
32742,control
32743,control
32744,control
32745,treatment
32746,control
32747,control
32748,treatment
32749,control
32750,treatment
32751,treatment
32752,control
32753,treatment
32754,treatment
32755,treatment
32756,control
32757,control
32758,control
32759,treatment
32760,treatment
32761,treatment
32762,treatment
32763,control
32764,control
32765,control
32766,treatment
32767,treatment
32768,treatment
32769,treatment
32770,control
32771,control
32772,treatment
32773,control
32774,treatment
32775,control
32776,control
32777,control
32778,treatment
32779,control
32780,control
32781,control
32782,control
32783,treatment
32784,treatment
32785,control
32786,treatment
32787,treatment
32788,treatment
32789,control
32790,control
32791,treatment
32792,control
32793,control
32794,treatment
32795,treatment
32796,control
32797,control
32798,treatment
32799,control
32800,control
32801,control
32802,treatment
32803,treatment
32804,treatment
32805,control
32806,control
32807,control
32808,control
32809,control
32810,control
32811,treatment
32812,treatment
32813,control
32814,treatment
32815,control
32816,treatment
32817,control
32818,treatment
32819,control
32820,control
32821,treatment
32822,treatment
32823,treatment
32824,control
32825,treatment
32826,treatment
32827,control
32828,control
32829,control
32830,treatment
32831,treatment
32832,treatment
32833,control
32834,treatment
32835,control
32836,control
32837,treatment
32838,treatment
32839,control
32840,control
32841,treatment
32842,control
32843,control
32844,control
32845,control
32846,control
32847,treatment
32848,control
32849,treatment
32850,control
32851,control
32852,treatment
32853,control
32854,treatment
32855,treatment
32856,treatment
32857,control
32858,treatment
32859,control
32860,control
32861,control
32862,treatment
32863,treatment
32864,treatment
32865,treatment
32866,treatment
32867,treatment
32868,control
32869,control
32870,control
32871,control
32872,control
32873,control
32874,treatment
32875,control
32876,treatment
32877,control
32878,control
32879,control
32880,treatment
32881,control
32882,treatment
32883,treatment
32884,control
32885,treatment
32886,treatment
32887,control
32888,control
32889,control
32890,treatment
32891,treatment
32892,control
32893,control
32894,treatment
32895,control
32896,control
32897,treatment
32898,control
32899,treatment
32900,treatment
32901,control
32902,control
32903,control
32904,control
32905,control
32906,control
32907,control
32908,treatment
32909,control
32910,treatment
32911,treatment
32912,treatment
32913,treatment
32914,control
32915,treatment
32916,treatment
32917,treatment
32918,treatment
32919,control
32920,treatment
32921,treatment
32922,treatment
32923,control
32924,treatment
32925,control
32926,control
32927,control
32928,control
32929,control
32930,treatment
32931,control
32932,treatment
32933,treatment
32934,treatment
32935,control
32936,control
32937,treatment
32938,control
32939,treatment
32940,treatment
32941,treatment
32942,control
32943,control
32944,control
32945,treatment
32946,treatment
32947,treatment
32948,treatment
32949,control
32950,treatment
32951,treatment
32952,treatment
32953,control
32954,treatment
32955,treatment
32956,treatment
32957,treatment
32958,treatment
32959,treatment
32960,control
32961,control
32962,treatment
32963,control
32964,treatment
32965,control
32966,control
32967,control
32968,control
32969,control
32970,control
32971,control
32972,treatment
32973,treatment
32974,treatment
32975,treatment
32976,control
32977,control
32978,control
32979,treatment
32980,treatment
32981,control
32982,control
32983,treatment
32984,control
32985,control
32986,control
32987,treatment
32988,control
32989,control
32990,treatment
32991,treatment
32992,treatment
32993,treatment
32994,control
32995,control
32996,control
32997,treatment
32998,control
32999,treatment
33000,treatment
33001,control
33002,treatment
33003,treatment
33004,treatment
33005,treatment
33006,control
33007,treatment
33008,control
33009,control
33010,control
33011,treatment
33012,control
33013,treatment
33014,control
33015,treatment
33016,treatment
33017,control
33018,treatment
33019,treatment
33020,control
33021,treatment
33022,control
33023,control
33024,control
33025,control
33026,control
33027,treatment
33028,treatment
33029,control
33030,treatment
33031,treatment
33032,control
33033,treatment
33034,treatment
33035,treatment
33036,control
33037,treatment
33038,treatment
33039,control
33040,treatment
33041,control
33042,control
33043,control
33044,treatment
33045,control
33046,treatment
33047,control
33048,treatment
33049,treatment
33050,treatment
33051,control
33052,control
33053,control
33054,treatment
33055,control
33056,treatment
33057,control
33058,control
33059,control
33060,control
33061,treatment
33062,control
33063,treatment
33064,control
33065,treatment
33066,control
33067,treatment
33068,treatment
33069,control
33070,control
33071,control
33072,treatment
33073,treatment
33074,control
33075,treatment
33076,control
33077,control
33078,treatment
33079,control
33080,control
33081,control
33082,treatment
33083,treatment
33084,control
33085,control
33086,control
33087,treatment
33088,treatment
33089,control
33090,treatment
33091,treatment
33092,control
33093,control
33094,control
33095,treatment
33096,control
33097,control
33098,control
33099,treatment
33100,treatment
33101,control
33102,control
33103,treatment
33104,treatment
33105,treatment
33106,control
33107,control
33108,control
33109,treatment
33110,control
33111,treatment
33112,treatment
33113,control
33114,control
33115,control
33116,treatment
33117,treatment
33118,control
33119,treatment
33120,treatment
33121,control
33122,treatment
33123,treatment
33124,control
33125,treatment
33126,treatment
33127,control
33128,treatment
33129,treatment
33130,treatment
33131,treatment
33132,control
33133,control
33134,control
33135,control
33136,treatment
33137,control
33138,control
33139,treatment
33140,control
33141,treatment
33142,treatment
33143,control
33144,control
33145,control
33146,control
33147,control
33148,treatment
33149,control
33150,treatment
33151,treatment
33152,treatment
33153,control
33154,control
33155,treatment
33156,treatment
33157,control
33158,treatment
33159,control
33160,treatment
33161,control
33162,treatment
33163,control
33164,control
33165,treatment
33166,control
33167,treatment
33168,treatment
33169,control
33170,treatment
33171,control
33172,control
33173,treatment
33174,control
33175,treatment
33176,treatment
33177,control
33178,treatment
33179,treatment
33180,control
33181,control
33182,control
33183,treatment
33184,treatment
33185,control
33186,treatment
33187,control
33188,control
33189,control
33190,control
33191,control
33192,treatment
33193,control
33194,treatment
33195,control
33196,treatment
33197,control
33198,treatment
33199,treatment
33200,treatment
33201,treatment
33202,treatment
33203,treatment
33204,control
33205,treatment
33206,control
33207,control
33208,treatment
33209,treatment
33210,treatment
33211,control
33212,treatment
33213,treatment
33214,control
33215,control
33216,control
33217,control
33218,control
33219,control
33220,treatment
33221,control
33222,control
33223,treatment
33224,control
33225,control
33226,treatment
33227,treatment
33228,control
33229,control
33230,control
33231,treatment
33232,treatment
33233,control
33234,control
33235,treatment
33236,treatment
33237,treatment
33238,control
33239,treatment
33240,treatment
33241,control
33242,control
33243,treatment
33244,treatment
33245,treatment
33246,control
33247,control
33248,control
33249,control
33250,control
33251,treatment
33252,control
33253,treatment
33254,treatment
33255,control
33256,control
33257,control
33258,treatment
33259,treatment
33260,control
33261,control
33262,control
33263,control
33264,treatment
33265,control
33266,treatment
33267,treatment
33268,treatment
33269,treatment
33270,treatment
33271,control
33272,treatment
33273,control
33274,control
33275,control
33276,treatment
33277,control
33278,treatment
33279,control
33280,control
33281,treatment
33282,treatment
33283,treatment
33284,control
33285,control
33286,control
33287,control
33288,control
33289,control
33290,treatment
33291,treatment
33292,control
33293,treatment
33294,control
33295,control
33296,control
33297,treatment
33298,control
33299,control
33300,control
33301,treatment
33302,control
33303,control
33304,treatment
33305,treatment
33306,treatment
33307,treatment
33308,treatment
33309,control
33310,treatment
33311,treatment
33312,treatment
33313,treatment
33314,treatment
33315,treatment
33316,treatment
33317,treatment
33318,control
33319,treatment
33320,treatment
33321,control
33322,treatment
33323,treatment
33324,treatment
33325,treatment
33326,treatment
33327,control
33328,control
33329,control
33330,treatment
33331,control
33332,treatment
33333,treatment
33334,treatment
33335,control
33336,treatment
33337,control
33338,treatment
33339,control
33340,treatment
33341,treatment
33342,treatment
33343,treatment
33344,control
33345,control
33346,treatment
33347,treatment
33348,treatment
33349,control
33350,control
33351,control
33352,treatment
33353,treatment
33354,control
33355,treatment
33356,control
33357,control
33358,treatment
33359,treatment
33360,treatment
33361,control
33362,control
33363,control
33364,control
33365,control
33366,treatment
33367,control
33368,control
33369,treatment
33370,treatment
33371,treatment
33372,treatment
33373,control
33374,control
33375,control
33376,treatment
33377,treatment
33378,control
33379,control
33380,treatment
33381,treatment
33382,control
33383,control
33384,control
33385,treatment
33386,treatment
33387,treatment
33388,control
33389,treatment
33390,control
33391,treatment
33392,treatment
33393,control
33394,control
33395,control
33396,treatment
33397,treatment
33398,treatment
33399,treatment
33400,control
33401,control
33402,control
33403,control
33404,treatment
33405,treatment
33406,control
33407,treatment
33408,control
33409,treatment
33410,control
33411,control
33412,control
33413,control
33414,control
33415,control
33416,treatment
33417,treatment
33418,control
33419,control
33420,control
33421,treatment
33422,treatment
33423,control
33424,control
33425,treatment
33426,treatment
33427,treatment
33428,control
33429,treatment
33430,control
33431,control
33432,control
33433,treatment
33434,control
33435,control
33436,control
33437,control
33438,treatment
33439,treatment
33440,control
33441,treatment
33442,treatment
33443,control
33444,treatment
33445,control
33446,treatment
33447,treatment
33448,treatment
33449,treatment
33450,control
33451,treatment
33452,treatment
33453,control
33454,treatment
33455,treatment
33456,treatment
33457,control
33458,control
33459,treatment
33460,control
33461,treatment
33462,control
33463,control
33464,control
33465,control
33466,treatment
33467,control
33468,treatment
33469,treatment
33470,control
33471,treatment
33472,treatment
33473,treatment
33474,treatment
33475,control
33476,treatment
33477,treatment
33478,treatment
33479,treatment
33480,treatment
33481,control
33482,control
33483,treatment
33484,control
33485,control
33486,treatment
33487,control
33488,control
33489,treatment
33490,control
33491,treatment
33492,control
33493,control
33494,control
33495,control
33496,control
33497,control
33498,treatment
33499,treatment
33500,control
33501,treatment
33502,treatment
33503,treatment
33504,treatment
33505,control
33506,treatment
33507,control
33508,treatment
33509,control
33510,treatment
33511,control
33512,treatment
33513,control
33514,treatment
33515,treatment
33516,control
33517,treatment
33518,control
33519,control
33520,control
33521,control
33522,treatment
33523,control
33524,treatment
33525,control
33526,control
33527,treatment
33528,treatment
33529,treatment
33530,control
33531,control
33532,treatment
33533,control
33534,control
33535,treatment
33536,control
33537,control
33538,treatment
33539,treatment
33540,treatment
33541,treatment
33542,treatment
33543,control
33544,control
33545,control
33546,control
33547,treatment
33548,control
33549,treatment
33550,treatment
33551,control
33552,treatment
33553,treatment
33554,treatment
33555,treatment
33556,control
33557,treatment
33558,treatment
33559,treatment
33560,treatment
33561,treatment
33562,control
33563,treatment
33564,control
33565,treatment
33566,treatment
33567,control
33568,control
33569,treatment
33570,control
33571,control
33572,control
33573,control
33574,control
33575,control
33576,treatment
33577,control
33578,control
33579,treatment
33580,treatment
33581,control
33582,treatment
33583,control
33584,control
33585,treatment
33586,treatment
33587,treatment
33588,treatment
33589,treatment
33590,treatment
33591,control
33592,treatment
33593,treatment
33594,control
33595,treatment
33596,treatment
33597,treatment
33598,control
33599,control
33600,control
33601,treatment
33602,treatment
33603,control
33604,treatment
33605,treatment
33606,treatment
33607,treatment
33608,control
33609,control
33610,treatment
33611,treatment
33612,control
33613,control
33614,treatment
33615,treatment
33616,treatment
33617,control
33618,control
33619,treatment
33620,control
33621,treatment
33622,control
33623,control
33624,treatment
33625,control
33626,treatment
33627,control
33628,control
33629,control
33630,control
33631,control
33632,treatment
33633,treatment
33634,treatment
33635,treatment
33636,treatment
33637,treatment
33638,control
33639,treatment
33640,control
33641,control
33642,control
33643,treatment
33644,control
33645,treatment
33646,control
33647,treatment
33648,treatment
33649,control
33650,treatment
33651,treatment
33652,treatment
33653,treatment
33654,control
33655,treatment
33656,treatment
33657,treatment
33658,treatment
33659,treatment
33660,treatment
33661,control
33662,treatment
33663,control
33664,control
33665,treatment
33666,treatment
33667,control
33668,treatment
33669,treatment
33670,control
33671,control
33672,treatment
33673,treatment
33674,control
33675,treatment
33676,control
33677,control
33678,control
33679,treatment
33680,control
33681,treatment
33682,treatment
33683,control
33684,treatment
33685,control
33686,control
33687,treatment
33688,treatment
33689,treatment
33690,control
33691,treatment
33692,treatment
33693,control
33694,control
33695,treatment
33696,treatment
33697,control
33698,treatment
33699,control
33700,treatment
33701,treatment
33702,treatment
33703,treatment
33704,treatment
33705,control
33706,treatment
33707,control
33708,control
33709,control
33710,treatment
33711,treatment
33712,treatment
33713,control
33714,control
33715,control
33716,control
33717,control
33718,treatment
33719,treatment
33720,control
33721,treatment
33722,treatment
33723,treatment
33724,control
33725,treatment
33726,treatment
33727,treatment
33728,control
33729,treatment
33730,control
33731,treatment
33732,control
33733,control
33734,treatment
33735,control
33736,control
33737,control
33738,control
33739,control
33740,treatment
33741,control
33742,control
33743,treatment
33744,control
33745,control
33746,control
33747,control
33748,treatment
33749,control
33750,treatment
33751,control
33752,control
33753,control
33754,control
33755,treatment
33756,control
33757,treatment
33758,treatment
33759,control
33760,treatment
33761,treatment
33762,control
33763,treatment
33764,control
33765,control
33766,treatment
33767,treatment
33768,treatment
33769,treatment
33770,treatment
33771,treatment
33772,control
33773,control
33774,control
33775,control
33776,control
33777,control
33778,control
33779,control
33780,treatment
33781,control
33782,treatment
33783,control
33784,control
33785,control
33786,control
33787,treatment
33788,treatment
33789,treatment
33790,control
33791,control
33792,treatment
33793,treatment
33794,treatment
33795,control
33796,control
33797,treatment
33798,control
33799,treatment
33800,control
33801,treatment
33802,control
33803,control
33804,control
33805,control
33806,treatment
33807,treatment
33808,treatment
33809,control
33810,control
33811,control
33812,control
33813,control
33814,control
33815,treatment
33816,treatment
33817,control
33818,control
33819,control
33820,control
33821,treatment
33822,control
33823,treatment
33824,treatment
33825,treatment
33826,control
33827,control
33828,control
33829,treatment
33830,control
33831,control
33832,treatment
33833,treatment
33834,control
33835,control
33836,treatment
33837,control
33838,treatment
33839,control
33840,treatment
33841,control
33842,treatment
33843,control
33844,treatment
33845,treatment
33846,control
33847,treatment
33848,treatment
33849,control
33850,treatment
33851,treatment
33852,control
33853,control
33854,control
33855,control
33856,control
33857,control
33858,control
33859,control
33860,treatment
33861,treatment
33862,treatment
33863,control
33864,treatment
33865,treatment
33866,control
33867,control
33868,treatment
33869,control
33870,treatment
33871,control
33872,treatment
33873,treatment
33874,control
33875,control
33876,treatment
33877,control
33878,control
33879,treatment
33880,control
33881,treatment
33882,treatment
33883,control
33884,control
33885,treatment
33886,control
33887,control
33888,control
33889,treatment
33890,treatment
33891,treatment
33892,control
33893,control
33894,treatment
33895,control
33896,treatment
33897,treatment
33898,control
33899,treatment
33900,control
33901,treatment
33902,control
33903,treatment
33904,treatment
33905,control
33906,treatment
33907,control
33908,treatment
33909,control
33910,control
33911,control
33912,control
33913,treatment
33914,treatment
33915,control
33916,treatment
33917,treatment
33918,treatment
33919,control
33920,control
33921,treatment
33922,control
33923,control
33924,control
33925,control
33926,control
33927,treatment
33928,treatment
33929,treatment
33930,treatment
33931,control
33932,treatment
33933,control
33934,treatment
33935,treatment
33936,treatment
33937,treatment
33938,treatment
33939,treatment
33940,treatment
33941,treatment
33942,control
33943,treatment
33944,control
33945,treatment
33946,control
33947,control
33948,control
33949,treatment
33950,treatment
33951,treatment
33952,treatment
33953,control
33954,treatment
33955,treatment
33956,treatment
33957,treatment
33958,treatment
33959,treatment
33960,control
33961,treatment
33962,treatment
33963,control
33964,treatment
33965,treatment
33966,treatment
33967,treatment
33968,control
33969,treatment
33970,treatment
33971,control
33972,control
33973,control
33974,treatment
33975,treatment
33976,control
33977,control
33978,control
33979,treatment
33980,treatment
33981,treatment
33982,control
33983,control
33984,control
33985,treatment
33986,control
33987,control
33988,treatment
33989,treatment
33990,control
33991,control
33992,treatment
33993,treatment
33994,control
33995,control
33996,treatment
33997,control
33998,treatment
33999,treatment
34000,treatment
34001,treatment
34002,control
34003,treatment
34004,treatment
34005,control
34006,control
34007,treatment
34008,treatment
34009,treatment
34010,control
34011,treatment
34012,control
34013,treatment
34014,control
34015,control
34016,control
34017,treatment
34018,control
34019,treatment
34020,control
34021,treatment
34022,control
34023,treatment
34024,control
34025,control
34026,treatment
34027,control
34028,treatment
34029,control
34030,treatment
34031,control
34032,treatment
34033,control
34034,treatment
34035,treatment
34036,treatment
34037,control
34038,control
34039,treatment
34040,treatment
34041,treatment
34042,treatment
34043,treatment
34044,treatment
34045,control
34046,control
34047,control
34048,treatment
34049,control
34050,treatment
34051,control
34052,control
34053,treatment
34054,control
34055,control
34056,treatment
34057,treatment
34058,control
34059,control
34060,treatment
34061,treatment
34062,control
34063,treatment
34064,treatment
34065,treatment
34066,treatment
34067,control
34068,treatment
34069,treatment
34070,control
34071,treatment
34072,treatment
34073,control
34074,control
34075,control
34076,treatment
34077,treatment
34078,control
34079,control
34080,treatment
34081,control
34082,treatment
34083,control
34084,treatment
34085,treatment
34086,control
34087,control
34088,treatment
34089,treatment
34090,control
34091,treatment
34092,control
34093,treatment
34094,control
34095,treatment
34096,control
34097,control
34098,control
34099,control
34100,treatment
34101,control
34102,control
34103,control
34104,treatment
34105,control
34106,treatment
34107,treatment
34108,treatment
34109,control
34110,control
34111,treatment
34112,control
34113,control
34114,control
34115,control
34116,treatment
34117,control
34118,control
34119,control
34120,treatment
34121,treatment
34122,treatment
34123,treatment
34124,treatment
34125,treatment
34126,control
34127,control
34128,treatment
34129,control
34130,treatment
34131,treatment
34132,control
34133,control
34134,control
34135,treatment
34136,control
34137,treatment
34138,control
34139,treatment
34140,treatment
34141,treatment
34142,control
34143,treatment
34144,treatment
34145,treatment
34146,treatment
34147,treatment
34148,control
34149,control
34150,treatment
34151,control
34152,control
34153,control
34154,treatment
34155,control
34156,treatment
34157,control
34158,control
34159,treatment
34160,treatment
34161,treatment
34162,control
34163,treatment
34164,treatment
34165,treatment
34166,treatment
34167,treatment
34168,treatment
34169,treatment
34170,treatment
34171,treatment
34172,control
34173,control
34174,treatment
34175,control
34176,treatment
34177,treatment
34178,control
34179,treatment
34180,control
34181,treatment
34182,treatment
34183,control
34184,treatment
34185,control
34186,control
34187,treatment
34188,control
34189,control
34190,control
34191,control
34192,treatment
34193,control
34194,treatment
34195,control
34196,control
34197,control
34198,control
34199,treatment
34200,treatment
34201,control
34202,treatment
34203,control
34204,control
34205,treatment
34206,control
34207,treatment
34208,treatment
34209,treatment
34210,control
34211,control
34212,control
34213,treatment
34214,control
34215,control
34216,control
34217,treatment
34218,treatment
34219,treatment
34220,control
34221,treatment
34222,treatment
34223,treatment
34224,control
34225,control
34226,control
34227,treatment
34228,treatment
34229,treatment
34230,treatment
34231,treatment
34232,control
34233,control
34234,control
34235,treatment
34236,treatment
34237,control
34238,control
34239,treatment
34240,treatment
34241,treatment
34242,control
34243,control
34244,treatment
34245,control
34246,treatment
34247,treatment
34248,control
34249,control
34250,control
34251,treatment
34252,treatment
34253,control
34254,control
34255,treatment
34256,treatment
34257,control
34258,control
34259,control
34260,control
34261,treatment
34262,control
34263,treatment
34264,treatment
34265,control
34266,control
34267,treatment
34268,control
34269,treatment
34270,control
34271,control
34272,treatment
34273,control
34274,treatment
34275,treatment
34276,treatment
34277,control
34278,treatment
34279,control
34280,control
34281,control
34282,control
34283,treatment
34284,treatment
34285,treatment
34286,control
34287,control
34288,control
34289,treatment
34290,control
34291,control
34292,treatment
34293,control
34294,treatment
34295,control
34296,treatment
34297,control
34298,treatment
34299,treatment
34300,treatment
34301,treatment
34302,treatment
34303,control
34304,treatment
34305,control
34306,control
34307,control
34308,treatment
34309,control
34310,treatment
34311,control
34312,control
34313,treatment
34314,treatment
34315,treatment
34316,control
34317,control
34318,treatment
34319,treatment
34320,control
34321,treatment
34322,control
34323,control
34324,control
34325,control
34326,treatment
34327,treatment
34328,control
34329,treatment
34330,control
34331,treatment
34332,control
34333,control
34334,treatment
34335,treatment
34336,treatment
34337,control
34338,control
34339,control
34340,treatment
34341,treatment
34342,control
34343,treatment
34344,treatment
34345,control
34346,control
34347,control
34348,treatment
34349,control
34350,control
34351,treatment
34352,treatment
34353,treatment
34354,treatment
34355,treatment
34356,control
34357,control
34358,treatment
34359,treatment
34360,treatment
34361,treatment
34362,control
34363,control
34364,treatment
34365,control
34366,treatment
34367,treatment
34368,treatment
34369,treatment
34370,treatment
34371,control
34372,treatment
34373,control
34374,control
34375,treatment
34376,treatment
34377,control
34378,treatment
34379,treatment
34380,control
34381,control
34382,control
34383,treatment
34384,treatment
34385,treatment
34386,treatment
34387,treatment
34388,control
34389,treatment
34390,treatment
34391,control
34392,treatment
34393,treatment
34394,treatment
34395,treatment
34396,control
34397,control
34398,treatment
34399,treatment
34400,control
34401,control
34402,control
34403,treatment
34404,control
34405,treatment
34406,control
34407,treatment
34408,control
34409,control
34410,control
34411,control
34412,treatment
34413,control
34414,control
34415,treatment
34416,control
34417,treatment
34418,treatment
34419,control
34420,control
34421,treatment
34422,treatment
34423,control
34424,treatment
34425,control
34426,treatment
34427,control
34428,control
34429,treatment
34430,control
34431,control
34432,treatment
34433,treatment
34434,treatment
34435,treatment
34436,control
34437,treatment
34438,control
34439,control
34440,treatment
34441,treatment
34442,treatment
34443,treatment
34444,control
34445,treatment
34446,treatment
34447,treatment
34448,treatment
34449,treatment
34450,treatment
34451,control
34452,treatment
34453,treatment
34454,control
34455,treatment
34456,treatment
34457,treatment
34458,control
34459,control
34460,treatment
34461,control
34462,control
34463,control
34464,control
34465,control
34466,treatment
34467,control
34468,control
34469,treatment
34470,treatment
34471,control
34472,treatment
34473,control
34474,control
34475,treatment
34476,treatment
34477,control
34478,treatment
34479,treatment
34480,treatment
34481,control
34482,control
34483,treatment
34484,treatment
34485,control
34486,control
34487,treatment
34488,control
34489,treatment
34490,treatment
34491,treatment
34492,treatment
34493,control
34494,control
34495,treatment
34496,control
34497,control
34498,control
34499,treatment
34500,control
34501,control
34502,control
34503,treatment
34504,treatment
34505,control
34506,treatment
34507,control
34508,control
34509,control
34510,control
34511,treatment
34512,treatment
34513,control
34514,treatment
34515,treatment
34516,control
34517,control
34518,treatment
34519,control
34520,treatment
34521,control
34522,control
34523,treatment
34524,control
34525,control
34526,control
34527,control
34528,treatment
34529,treatment
34530,treatment
34531,control
34532,treatment
34533,treatment
34534,control
34535,treatment
34536,control
34537,control
34538,control
34539,control
34540,treatment
34541,control
34542,control
34543,control
34544,control
34545,control
34546,control
34547,control
34548,control
34549,treatment
34550,control
34551,control
34552,control
34553,control
34554,treatment
34555,control
34556,control
34557,treatment
34558,treatment
34559,control
34560,control
34561,control
34562,control
34563,control
34564,treatment
34565,control
34566,treatment
34567,control
34568,treatment
34569,treatment
34570,control
34571,treatment
34572,control
34573,control
34574,control
34575,control
34576,treatment
34577,treatment
34578,treatment
34579,treatment
34580,treatment
34581,treatment
34582,control
34583,treatment
34584,control
34585,control
34586,treatment
34587,control
34588,control
34589,treatment
34590,control
34591,control
34592,treatment
34593,control
34594,control
34595,treatment
34596,treatment
34597,treatment
34598,treatment
34599,treatment
34600,control
34601,control
34602,control
34603,treatment
34604,treatment
34605,treatment
34606,control
34607,treatment
34608,treatment
34609,treatment
34610,treatment
34611,control
34612,control
34613,control
34614,control
34615,control
34616,treatment
34617,control
34618,control
34619,control
34620,control
34621,control
34622,treatment
34623,treatment
34624,control
34625,treatment
34626,control
34627,control
34628,control
34629,treatment
34630,treatment
34631,treatment
34632,control
34633,treatment
34634,treatment
34635,treatment
34636,treatment
34637,treatment
34638,treatment
34639,treatment
34640,treatment
34641,control
34642,control
34643,control
34644,treatment
34645,control
34646,control
34647,control
34648,control
34649,control
34650,treatment
34651,control
34652,control
34653,control
34654,treatment
34655,control
34656,treatment
34657,control
34658,control
34659,treatment
34660,treatment
34661,treatment
34662,control
34663,control
34664,control
34665,treatment
34666,treatment
34667,control
34668,control
34669,treatment
34670,treatment
34671,control
34672,treatment
34673,control
34674,control
34675,treatment
34676,control
34677,control
34678,control
34679,control
34680,treatment
34681,treatment
34682,treatment
34683,treatment
34684,treatment
34685,treatment
34686,treatment
34687,treatment
34688,treatment
34689,treatment
34690,treatment
34691,treatment
34692,control
34693,treatment
34694,treatment
34695,treatment
34696,treatment
34697,treatment
34698,treatment
34699,treatment
34700,control
34701,treatment
34702,control
34703,control
34704,treatment
34705,treatment
34706,control
34707,treatment
34708,control
34709,control
34710,control
34711,control
34712,treatment
34713,control
34714,control
34715,treatment
34716,treatment
34717,treatment
34718,treatment
34719,control
34720,treatment
34721,treatment
34722,treatment
34723,control
34724,treatment
34725,control
34726,control
34727,control
34728,control
34729,treatment
34730,treatment
34731,control
34732,control
34733,control
34734,control
34735,control
34736,control
34737,treatment
34738,control
34739,treatment
34740,treatment
34741,control
34742,treatment
34743,control
34744,treatment
34745,treatment
34746,control
34747,control
34748,treatment
34749,control
34750,treatment
34751,treatment
34752,treatment
34753,control
34754,control
34755,treatment
34756,control
34757,control
34758,control
34759,control
34760,control
34761,treatment
34762,treatment
34763,control
34764,treatment
34765,control
34766,treatment
34767,control
34768,treatment
34769,control
34770,treatment
34771,control
34772,control
34773,control
34774,control
34775,treatment
34776,control
34777,control
34778,control
34779,control
34780,treatment
34781,control
34782,control
34783,control
34784,control
34785,treatment
34786,treatment
34787,control
34788,treatment
34789,control
34790,treatment
34791,control
34792,treatment
34793,treatment
34794,treatment
34795,treatment
34796,treatment
34797,treatment
34798,treatment
34799,treatment
34800,treatment
34801,control
34802,treatment
34803,treatment
34804,treatment
34805,control
34806,control
34807,treatment
34808,control
34809,control
34810,control
34811,control
34812,treatment
34813,control
34814,control
34815,treatment
34816,control
34817,treatment
34818,treatment
34819,control
34820,treatment
34821,control
34822,control
34823,treatment
34824,treatment
34825,treatment
34826,control
34827,control
34828,control
34829,treatment
34830,treatment
34831,control
34832,control
34833,control
34834,treatment
34835,treatment
34836,treatment
34837,treatment
34838,treatment
34839,treatment
34840,treatment
34841,treatment
34842,control
34843,treatment
34844,treatment
34845,treatment
34846,control
34847,treatment
34848,control
34849,control
34850,control
34851,treatment
34852,control
34853,control
34854,treatment
34855,treatment
34856,treatment
34857,control
34858,control
34859,treatment
34860,treatment
34861,control
34862,control
34863,treatment
34864,treatment
34865,control
34866,treatment
34867,treatment
34868,control
34869,control
34870,control
34871,control
34872,treatment
34873,control
34874,treatment
34875,control
34876,control
34877,treatment
34878,treatment
34879,control
34880,treatment
34881,treatment
34882,control
34883,treatment
34884,control
34885,treatment
34886,control
34887,control
34888,control
34889,control
34890,control
34891,treatment
34892,treatment
34893,treatment
34894,treatment
34895,control
34896,treatment
34897,treatment
34898,control
34899,treatment
34900,control
34901,control
34902,treatment
34903,control
34904,control
34905,control
34906,treatment
34907,treatment
34908,control
34909,treatment
34910,control
34911,control
34912,control
34913,treatment
34914,treatment
34915,control
34916,treatment
34917,treatment
34918,control
34919,treatment
34920,control
34921,treatment
34922,control
34923,control
34924,treatment
34925,control
34926,treatment
34927,treatment
34928,treatment
34929,treatment
34930,treatment
34931,treatment
34932,treatment
34933,control
34934,treatment
34935,treatment
34936,treatment
34937,control
34938,treatment
34939,treatment
34940,control
34941,control
34942,treatment
34943,treatment
34944,control
34945,control
34946,treatment
34947,treatment
34948,treatment
34949,treatment
34950,treatment
34951,treatment
34952,treatment
34953,control
34954,treatment
34955,treatment
34956,control
34957,treatment
34958,control
34959,control
34960,control
34961,control
34962,treatment
34963,control
34964,treatment
34965,treatment
34966,treatment
34967,treatment
34968,control
34969,treatment
34970,treatment
34971,control
34972,treatment
34973,treatment
34974,treatment
34975,treatment
34976,control
34977,control
34978,treatment
34979,control
34980,treatment
34981,control
34982,control
34983,control
34984,control
34985,treatment
34986,control
34987,control
34988,treatment
34989,treatment
34990,treatment
34991,treatment
34992,control
34993,control
34994,control
34995,control
34996,treatment
34997,treatment
34998,control
34999,control
35000,control
35001,treatment
35002,treatment
35003,treatment
35004,treatment
35005,treatment
35006,control
35007,control
35008,control
35009,control
35010,treatment
35011,control
35012,control
35013,treatment
35014,treatment
35015,treatment
35016,control
35017,control
35018,treatment
35019,control
35020,control
35021,treatment
35022,treatment
35023,treatment
35024,treatment
35025,control
35026,treatment
35027,control
35028,control
35029,treatment
35030,control
35031,control
35032,treatment
35033,treatment
35034,control
35035,treatment
35036,control
35037,control
35038,treatment
35039,control
35040,control
35041,treatment
35042,treatment
35043,treatment
35044,control
35045,treatment
35046,treatment
35047,control
35048,treatment
35049,control
35050,treatment
35051,treatment
35052,control
35053,treatment
35054,control
35055,treatment
35056,control
35057,treatment
35058,control
35059,control
35060,control
35061,treatment
35062,treatment
35063,treatment
35064,treatment
35065,control
35066,control
35067,control
35068,control
35069,treatment
35070,treatment
35071,control
35072,treatment
35073,control
35074,control
35075,control
35076,treatment
35077,control
35078,treatment
35079,control
35080,control
35081,treatment
35082,control
35083,treatment
35084,control
35085,treatment
35086,treatment
35087,treatment
35088,control
35089,control
35090,control
35091,control
35092,control
35093,treatment
35094,treatment
35095,control
35096,control
35097,treatment
35098,treatment
35099,control
35100,treatment
35101,treatment
35102,treatment
35103,treatment
35104,treatment
35105,treatment
35106,control
35107,control
35108,control
35109,control
35110,control
35111,treatment
35112,control
35113,control
35114,control
35115,control
35116,control
35117,treatment
35118,treatment
35119,treatment
35120,control
35121,treatment
35122,control
35123,control
35124,control
35125,treatment
35126,treatment
35127,treatment
35128,control
35129,treatment
35130,control
35131,control
35132,control
35133,control
35134,control
35135,treatment
35136,control
35137,treatment
35138,treatment
35139,control
35140,treatment
35141,control
35142,control
35143,control
35144,treatment
35145,treatment
35146,control
35147,control
35148,treatment
35149,control
35150,control
35151,treatment
35152,treatment
35153,control
35154,control
35155,control
35156,treatment
35157,control
35158,treatment
35159,control
35160,treatment
35161,control
35162,treatment
35163,treatment
35164,treatment
35165,control
35166,control
35167,control
35168,control
35169,treatment
35170,treatment
35171,treatment
35172,control
35173,control
35174,treatment
35175,treatment
35176,control
35177,treatment
35178,treatment
35179,treatment
35180,treatment
35181,treatment
35182,treatment
35183,treatment
35184,treatment
35185,treatment
35186,control
35187,treatment
35188,treatment
35189,control
35190,treatment
35191,treatment
35192,treatment
35193,control
35194,control
35195,control
35196,treatment
35197,treatment
35198,treatment
35199,control
35200,control
35201,control
35202,treatment
35203,control
35204,treatment
35205,control
35206,treatment
35207,treatment
35208,treatment
35209,control
35210,treatment
35211,control
35212,treatment
35213,control
35214,treatment
35215,control
35216,treatment
35217,treatment
35218,control
35219,control
35220,treatment
35221,control
35222,treatment
35223,control
35224,treatment
35225,control
35226,treatment
35227,control
35228,treatment
35229,treatment
35230,control
35231,control
35232,control
35233,control
35234,control
35235,control
35236,treatment
35237,treatment
35238,treatment
35239,control
35240,treatment
35241,control
35242,control
35243,treatment
35244,treatment
35245,control
35246,control
35247,treatment
35248,control
35249,control
35250,treatment
35251,treatment
35252,treatment
35253,treatment
35254,treatment
35255,treatment
35256,treatment
35257,control
35258,treatment
35259,treatment
35260,treatment
35261,treatment
35262,control
35263,control
35264,control
35265,treatment
35266,treatment
35267,treatment
35268,treatment
35269,treatment
35270,treatment
35271,treatment
35272,treatment
35273,treatment
35274,treatment
35275,treatment
35276,control
35277,control
35278,treatment
35279,treatment
35280,control
35281,treatment
35282,treatment
35283,treatment
35284,treatment
35285,control
35286,treatment
35287,treatment
35288,control
35289,treatment
35290,treatment
35291,treatment
35292,control
35293,control
35294,control
35295,treatment
35296,control
35297,control
35298,control
35299,control
35300,control
35301,treatment
35302,treatment
35303,treatment
35304,control
35305,control
35306,treatment
35307,control
35308,treatment
35309,treatment
35310,treatment
35311,control
35312,control
35313,treatment
35314,control
35315,control
35316,control
35317,control
35318,treatment
35319,treatment
35320,treatment
35321,control
35322,control
35323,control
35324,control
35325,treatment
35326,treatment
35327,control
35328,control
35329,treatment
35330,treatment
35331,treatment
35332,treatment
35333,treatment
35334,control
35335,control
35336,treatment
35337,treatment
35338,treatment
35339,treatment
35340,control
35341,treatment
35342,control
35343,control
35344,control
35345,treatment
35346,control
35347,treatment
35348,control
35349,treatment
35350,control
35351,treatment
35352,control
35353,treatment
35354,control
35355,treatment
35356,control
35357,control
35358,treatment
35359,control
35360,control
35361,control
35362,treatment
35363,control
35364,control
35365,control
35366,treatment
35367,treatment
35368,treatment
35369,treatment
35370,control
35371,control
35372,treatment
35373,treatment
35374,control
35375,treatment
35376,treatment
35377,control
35378,treatment
35379,treatment
35380,treatment
35381,treatment
35382,treatment
35383,control
35384,control
35385,treatment
35386,treatment
35387,control
35388,treatment
35389,treatment
35390,control
35391,treatment
35392,treatment
35393,control
35394,treatment
35395,control
35396,control
35397,treatment
35398,treatment
35399,control
35400,treatment
35401,control
35402,control
35403,treatment
35404,control
35405,treatment
35406,control
35407,treatment
35408,control
35409,control
35410,control
35411,control
35412,treatment
35413,control
35414,control
35415,control
35416,control
35417,treatment
35418,treatment
35419,treatment
35420,treatment
35421,control
35422,treatment
35423,control
35424,treatment
35425,treatment
35426,treatment
35427,control
35428,control
35429,control
35430,control
35431,treatment
35432,treatment
35433,control
35434,control
35435,treatment
35436,treatment
35437,control
35438,treatment
35439,treatment
35440,treatment
35441,control
35442,treatment
35443,control
35444,treatment
35445,treatment
35446,control
35447,control
35448,treatment
35449,control
35450,treatment
35451,control
35452,treatment
35453,treatment
35454,control
35455,control
35456,treatment
35457,control
35458,control
35459,control
35460,control
35461,control
35462,control
35463,treatment
35464,treatment
35465,control
35466,control
35467,control
35468,control
35469,treatment
35470,treatment
35471,treatment
35472,control
35473,control
35474,control
35475,control
35476,control
35477,control
35478,control
35479,control
35480,control
35481,treatment
35482,control
35483,control
35484,treatment
35485,control
35486,treatment
35487,treatment
35488,treatment
35489,control
35490,treatment
35491,control
35492,control
35493,control
35494,control
35495,treatment
35496,treatment
35497,control
35498,control
35499,control
35500,treatment
35501,control
35502,control
35503,control
35504,treatment
35505,control
35506,treatment
35507,control
35508,control
35509,control
35510,treatment
35511,treatment
35512,control
35513,treatment
35514,control
35515,treatment
35516,treatment
35517,control
35518,treatment
35519,treatment
35520,treatment
35521,control
35522,treatment
35523,control
35524,control
35525,control
35526,treatment
35527,treatment
35528,control
35529,treatment
35530,control
35531,control
35532,control
35533,treatment
35534,control
35535,control
35536,control
35537,control
35538,control
35539,control
35540,control
35541,treatment
35542,treatment
35543,control
35544,control
35545,treatment
35546,control
35547,treatment
35548,treatment
35549,treatment
35550,control
35551,control
35552,treatment
35553,treatment
35554,control
35555,control
35556,control
35557,control
35558,treatment
35559,control
35560,control
35561,control
35562,treatment
35563,control
35564,control
35565,treatment
35566,control
35567,control
35568,treatment
35569,control
35570,control
35571,treatment
35572,treatment
35573,control
35574,control
35575,treatment
35576,control
35577,control
35578,control
35579,control
35580,control
35581,control
35582,control
35583,treatment
35584,treatment
35585,treatment
35586,control
35587,control
35588,control
35589,control
35590,treatment
35591,control
35592,treatment
35593,treatment
35594,treatment
35595,treatment
35596,treatment
35597,control
35598,control
35599,treatment
35600,control
35601,control
35602,control
35603,control
35604,control
35605,control
35606,treatment
35607,treatment
35608,treatment
35609,treatment
35610,control
35611,control
35612,treatment
35613,treatment
35614,treatment
35615,treatment
35616,treatment
35617,control
35618,treatment
35619,control
35620,treatment
35621,control
35622,control
35623,control
35624,control
35625,control
35626,control
35627,treatment
35628,treatment
35629,control
35630,control
35631,control
35632,treatment
35633,treatment
35634,control
35635,treatment
35636,treatment
35637,treatment
35638,control
35639,control
35640,control
35641,treatment
35642,treatment
35643,treatment
35644,control
35645,treatment
35646,control
35647,control
35648,control
35649,treatment
35650,treatment
35651,treatment
35652,control
35653,treatment
35654,treatment
35655,treatment
35656,control
35657,treatment
35658,control
35659,treatment
35660,treatment
35661,control
35662,control
35663,treatment
35664,treatment
35665,control
35666,control
35667,treatment
35668,control
35669,control
35670,treatment
35671,treatment
35672,control
35673,treatment
35674,control
35675,control
35676,treatment
35677,treatment
35678,control
35679,treatment
35680,treatment
35681,treatment
35682,control
35683,treatment
35684,control
35685,treatment
35686,control
35687,treatment
35688,control
35689,treatment
35690,control
35691,control
35692,treatment
35693,treatment
35694,control
35695,control
35696,control
35697,treatment
35698,control
35699,treatment
35700,control
35701,treatment
35702,control
35703,control
35704,treatment
35705,treatment
35706,control
35707,control
35708,control
35709,treatment
35710,treatment
35711,treatment
35712,control
35713,treatment
35714,treatment
35715,treatment
35716,treatment
35717,control
35718,control
35719,control
35720,control
35721,treatment
35722,control
35723,treatment
35724,control
35725,control
35726,control
35727,treatment
35728,treatment
35729,control
35730,control
35731,control
35732,treatment
35733,control
35734,control
35735,control
35736,treatment
35737,treatment
35738,treatment
35739,control
35740,control
35741,treatment
35742,control
35743,control
35744,treatment
35745,treatment
35746,control
35747,control
35748,treatment
35749,treatment
35750,control
35751,treatment
35752,control
35753,treatment
35754,treatment
35755,control
35756,treatment
35757,treatment
35758,control
35759,treatment
35760,control
35761,treatment
35762,control
35763,treatment
35764,control
35765,control
35766,treatment
35767,treatment
35768,control
35769,treatment
35770,treatment
35771,control
35772,treatment
35773,control
35774,treatment
35775,treatment
35776,treatment
35777,control
35778,treatment
35779,control
35780,control
35781,control
35782,control
35783,control
35784,treatment
35785,treatment
35786,treatment
35787,treatment
35788,control
35789,treatment
35790,control
35791,control
35792,control
35793,control
35794,treatment
35795,treatment
35796,control
35797,treatment
35798,treatment
35799,treatment
35800,treatment
35801,treatment
35802,control
35803,control
35804,control
35805,treatment
35806,treatment
35807,treatment
35808,control
35809,treatment
35810,treatment
35811,control
35812,control
35813,treatment
35814,treatment
35815,control
35816,control
35817,treatment
35818,control
35819,treatment
35820,control
35821,control
35822,control
35823,control
35824,treatment
35825,control
35826,treatment
35827,treatment
35828,control
35829,control
35830,control
35831,treatment
35832,control
35833,control
35834,treatment
35835,treatment
35836,control
35837,treatment
35838,treatment
35839,treatment
35840,treatment
35841,control
35842,control
35843,treatment
35844,control
35845,treatment
35846,control
35847,control
35848,control
35849,control
35850,control
35851,control
35852,control
35853,control
35854,control
35855,treatment
35856,control
35857,control
35858,control
35859,treatment
35860,treatment
35861,treatment
35862,treatment
35863,control
35864,treatment
35865,treatment
35866,control
35867,treatment
35868,treatment
35869,control
35870,treatment
35871,control
35872,control
35873,treatment
35874,treatment
35875,treatment
35876,treatment
35877,control
35878,control
35879,control
35880,treatment
35881,control
35882,control
35883,treatment
35884,treatment
35885,control
35886,control
35887,control
35888,treatment
35889,treatment
35890,treatment
35891,treatment
35892,control
35893,control
35894,treatment
35895,treatment
35896,treatment
35897,treatment
35898,treatment
35899,control
35900,treatment
35901,control
35902,control
35903,treatment
35904,control
35905,control
35906,treatment
35907,control
35908,control
35909,treatment
35910,treatment
35911,treatment
35912,treatment
35913,treatment
35914,control
35915,treatment
35916,control
35917,treatment
35918,control
35919,treatment
35920,treatment
35921,treatment
35922,control
35923,treatment
35924,treatment
35925,control
35926,treatment
35927,control
35928,control
35929,control
35930,control
35931,control
35932,treatment
35933,control
35934,control
35935,control
35936,treatment
35937,treatment
35938,treatment
35939,control
35940,control
35941,treatment
35942,treatment
35943,control
35944,treatment
35945,treatment
35946,treatment
35947,control
35948,treatment
35949,control
35950,treatment
35951,control
35952,treatment
35953,control
35954,control
35955,treatment
35956,treatment
35957,control
35958,treatment
35959,treatment
35960,control
35961,treatment
35962,control
35963,treatment
35964,treatment
35965,treatment
35966,treatment
35967,treatment
35968,control
35969,control
35970,control
35971,control
35972,treatment
35973,control
35974,treatment
35975,treatment
35976,treatment
35977,control
35978,treatment
35979,treatment
35980,treatment
35981,treatment
35982,treatment
35983,treatment
35984,control
35985,treatment
35986,control
35987,control
35988,treatment
35989,control
35990,treatment
35991,control
35992,treatment
35993,treatment
35994,treatment
35995,control
35996,treatment
35997,treatment
35998,control
35999,treatment
36000,control
36001,treatment
36002,treatment
36003,treatment
36004,control
36005,treatment
36006,control
36007,control
36008,control
36009,treatment
36010,control
36011,control
36012,control
36013,control
36014,control
36015,treatment
36016,control
36017,treatment
36018,control
36019,control
36020,treatment
36021,control
36022,control
36023,control
36024,control
36025,control
36026,control
36027,control
36028,treatment
36029,treatment
36030,control
36031,treatment
36032,control
36033,treatment
36034,treatment
36035,treatment
36036,control
36037,treatment
36038,treatment
36039,control
36040,control
36041,control
36042,treatment
36043,treatment
36044,treatment
36045,control
36046,treatment
36047,control
36048,treatment
36049,control
36050,treatment
36051,treatment
36052,control
36053,control
36054,control
36055,control
36056,control
36057,control
36058,treatment
36059,control
36060,control
36061,treatment
36062,control
36063,control
36064,control
36065,treatment
36066,treatment
36067,treatment
36068,control
36069,treatment
36070,control
36071,control
36072,treatment
36073,control
36074,control
36075,treatment
36076,treatment
36077,control
36078,control
36079,control
36080,treatment
36081,treatment
36082,treatment
36083,treatment
36084,treatment
36085,treatment
36086,treatment
36087,treatment
36088,control
36089,control
36090,control
36091,control
36092,control
36093,treatment
36094,treatment
36095,control
36096,treatment
36097,treatment
36098,control
36099,treatment
36100,control
36101,control
36102,treatment
36103,control
36104,control
36105,treatment
36106,treatment
36107,treatment
36108,treatment
36109,control
36110,control
36111,control
36112,treatment
36113,control
36114,treatment
36115,control
36116,control
36117,control
36118,control
36119,treatment
36120,treatment
36121,control
36122,treatment
36123,treatment
36124,treatment
36125,treatment
36126,control
36127,control
36128,treatment
36129,treatment
36130,treatment
36131,control
36132,control
36133,treatment
36134,control
36135,treatment
36136,control
36137,treatment
36138,treatment
36139,treatment
36140,treatment
36141,control
36142,control
36143,control
36144,treatment
36145,control
36146,control
36147,control
36148,treatment
36149,treatment
36150,control
36151,treatment
36152,control
36153,control
36154,treatment
36155,control
36156,control
36157,treatment
36158,control
36159,treatment
36160,control
36161,control
36162,control
36163,control
36164,control
36165,control
36166,treatment
36167,treatment
36168,control
36169,control
36170,control
36171,control
36172,control
36173,control
36174,treatment
36175,control
36176,treatment
36177,control
36178,treatment
36179,control
36180,treatment
36181,control
36182,control
36183,treatment
36184,control
36185,control
36186,treatment
36187,control
36188,control
36189,treatment
36190,treatment
36191,control
36192,treatment
36193,control
36194,control
36195,control
36196,control
36197,control
36198,control
36199,control
36200,treatment
36201,control
36202,treatment
36203,control
36204,control
36205,control
36206,treatment
36207,control
36208,treatment
36209,treatment
36210,control
36211,control
36212,treatment
36213,control
36214,control
36215,treatment
36216,control
36217,treatment
36218,control
36219,control
36220,treatment
36221,control
36222,treatment
36223,treatment
36224,treatment
36225,treatment
36226,control
36227,control
36228,control
36229,treatment
36230,control
36231,control
36232,treatment
36233,control
36234,control
36235,treatment
36236,control
36237,treatment
36238,control
36239,treatment
36240,control
36241,treatment
36242,control
36243,treatment
36244,control
36245,treatment
36246,control
36247,treatment
36248,control
36249,treatment
36250,treatment
36251,control
36252,control
36253,treatment
36254,treatment
36255,treatment
36256,control
36257,treatment
36258,control
36259,treatment
36260,treatment
36261,control
36262,control
36263,treatment
36264,control
36265,control
36266,control
36267,treatment
36268,control
36269,control
36270,control
36271,control
36272,control
36273,control
36274,control
36275,control
36276,control
36277,control
36278,control
36279,treatment
36280,control
36281,treatment
36282,control
36283,control
36284,control
36285,control
36286,treatment
36287,control
36288,control
36289,control
36290,control
36291,control
36292,treatment
36293,treatment
36294,control
36295,treatment
36296,treatment
36297,control
36298,control
36299,treatment
36300,control
36301,treatment
36302,control
36303,treatment
36304,treatment
36305,treatment
36306,treatment
36307,treatment
36308,treatment
36309,treatment
36310,treatment
36311,control
36312,treatment
36313,control
36314,control
36315,treatment
36316,control
36317,control
36318,treatment
36319,treatment
36320,control
36321,treatment
36322,control
36323,control
36324,control
36325,control
36326,control
36327,control
36328,control
36329,treatment
36330,treatment
36331,control
36332,treatment
36333,control
36334,treatment
36335,control
36336,treatment
36337,treatment
36338,control
36339,treatment
36340,treatment
36341,control
36342,control
36343,control
36344,control
36345,treatment
36346,treatment
36347,control
36348,treatment
36349,control
36350,treatment
36351,treatment
36352,treatment
36353,control
36354,treatment
36355,treatment
36356,control
36357,control
36358,treatment
36359,treatment
36360,control
36361,treatment
36362,control
36363,treatment
36364,treatment
36365,treatment
36366,treatment
36367,treatment
36368,treatment
36369,treatment
36370,treatment
36371,treatment
36372,treatment
36373,control
36374,treatment
36375,treatment
36376,control
36377,treatment
36378,treatment
36379,control
36380,treatment
36381,treatment
36382,control
36383,treatment
36384,control
36385,control
36386,treatment
36387,treatment
36388,treatment
36389,treatment
36390,control
36391,treatment
36392,treatment
36393,control
36394,treatment
36395,treatment
36396,control
36397,control
36398,treatment
36399,treatment
36400,treatment
36401,control
36402,treatment
36403,control
36404,control
36405,control
36406,control
36407,treatment
36408,control
36409,treatment
36410,treatment
36411,treatment
36412,treatment
36413,control
36414,control
36415,treatment
36416,treatment
36417,control
36418,treatment
36419,control
36420,treatment
36421,control
36422,treatment
36423,treatment
36424,treatment
36425,control
36426,treatment
36427,treatment
36428,treatment
36429,treatment
36430,treatment
36431,control
36432,treatment
36433,treatment
36434,treatment
36435,treatment
36436,treatment
36437,treatment
36438,treatment
36439,treatment
36440,control
36441,treatment
36442,control
36443,control
36444,control
36445,control
36446,treatment
36447,treatment
36448,treatment
36449,control
36450,treatment
36451,control
36452,control
36453,treatment
36454,treatment
36455,control
36456,treatment
36457,control
36458,control
36459,control
36460,control
36461,control
36462,treatment
36463,treatment
36464,treatment
36465,treatment
36466,treatment
36467,treatment
36468,treatment
36469,treatment
36470,treatment
36471,control
36472,control
36473,control
36474,treatment
36475,treatment
36476,treatment
36477,control
36478,treatment
36479,treatment
36480,control
36481,control
36482,treatment
36483,control
36484,control
36485,control
36486,treatment
36487,control
36488,control
36489,treatment
36490,control
36491,treatment
36492,treatment
36493,treatment
36494,control
36495,treatment
36496,control
36497,control
36498,control
36499,control
36500,treatment
36501,control
36502,control
36503,control
36504,treatment
36505,control
36506,control
36507,treatment
36508,treatment
36509,treatment
36510,treatment
36511,control
36512,treatment
36513,control
36514,treatment
36515,treatment
36516,treatment
36517,control
36518,treatment
36519,treatment
36520,treatment
36521,treatment
36522,treatment
36523,control
36524,treatment
36525,control
36526,treatment
36527,control
36528,control
36529,control
36530,treatment
36531,treatment
36532,treatment
36533,control
36534,control
36535,treatment
36536,treatment
36537,control
36538,control
36539,treatment
36540,control
36541,treatment
36542,control
36543,treatment
36544,control
36545,control
36546,treatment
36547,control
36548,control
36549,control
36550,treatment
36551,control
36552,treatment
36553,control
36554,control
36555,control
36556,treatment
36557,control
36558,treatment
36559,control
36560,treatment
36561,control
36562,control
36563,treatment
36564,treatment
36565,treatment
36566,treatment
36567,treatment
36568,treatment
36569,control
36570,control
36571,control
36572,control
36573,control
36574,treatment
36575,treatment
36576,control
36577,treatment
36578,control
36579,treatment
36580,control
36581,treatment
36582,control
36583,control
36584,treatment
36585,treatment
36586,control
36587,treatment
36588,control
36589,control
36590,control
36591,control
36592,treatment
36593,treatment
36594,treatment
36595,treatment
36596,control
36597,treatment
36598,treatment
36599,treatment
36600,control
36601,treatment
36602,treatment
36603,treatment
36604,treatment
36605,control
36606,control
36607,treatment
36608,treatment
36609,control
36610,control
36611,control
36612,treatment
36613,control
36614,treatment
36615,treatment
36616,treatment
36617,treatment
36618,control
36619,control
36620,control
36621,treatment
36622,control
36623,treatment
36624,treatment
36625,control
36626,control
36627,control
36628,treatment
36629,control
36630,control
36631,control
36632,control
36633,control
36634,control
36635,treatment
36636,treatment
36637,treatment
36638,treatment
36639,control
36640,control
36641,control
36642,control
36643,control
36644,treatment
36645,treatment
36646,treatment
36647,treatment
36648,control
36649,control
36650,control
36651,treatment
36652,treatment
36653,control
36654,treatment
36655,treatment
36656,control
36657,control
36658,control
36659,control
36660,control
36661,control
36662,treatment
36663,treatment
36664,control
36665,control
36666,control
36667,control
36668,control
36669,treatment
36670,control
36671,control
36672,treatment
36673,control
36674,treatment
36675,control
36676,treatment
36677,control
36678,control
36679,treatment
36680,treatment
36681,control
36682,control
36683,control
36684,control
36685,control
36686,control
36687,treatment
36688,treatment
36689,control
36690,treatment
36691,treatment
36692,treatment
36693,control
36694,control
36695,treatment
36696,treatment
36697,treatment
36698,treatment
36699,control
36700,control
36701,control
36702,treatment
36703,control
36704,control
36705,treatment
36706,treatment
36707,treatment
36708,treatment
36709,control
36710,treatment
36711,control
36712,treatment
36713,treatment
36714,treatment
36715,control
36716,treatment
36717,control
36718,control
36719,control
36720,control
36721,control
36722,control
36723,treatment
36724,control
36725,treatment
36726,control
36727,treatment
36728,treatment
36729,control
36730,treatment
36731,treatment
36732,treatment
36733,control
36734,treatment
36735,treatment
36736,control
36737,control
36738,treatment
36739,treatment
36740,control
36741,treatment
36742,treatment
36743,treatment
36744,treatment
36745,control
36746,control
36747,treatment
36748,treatment
36749,treatment
36750,control
36751,treatment
36752,control
36753,treatment
36754,treatment
36755,control
36756,treatment
36757,control
36758,control
36759,control
36760,control
36761,treatment
36762,control
36763,control
36764,control
36765,treatment
36766,treatment
36767,control
36768,control
36769,treatment
36770,treatment
36771,treatment
36772,treatment
36773,control
36774,control
36775,control
36776,control
36777,treatment
36778,treatment
36779,treatment
36780,treatment
36781,control
36782,treatment
36783,treatment
36784,treatment
36785,control
36786,treatment
36787,treatment
36788,control
36789,control
36790,control
36791,treatment
36792,control
36793,treatment
36794,control
36795,treatment
36796,treatment
36797,control
36798,control
36799,treatment
36800,treatment
36801,treatment
36802,control
36803,treatment
36804,treatment
36805,control
36806,treatment
36807,treatment
36808,treatment
36809,control
36810,treatment
36811,treatment
36812,treatment
36813,treatment
36814,control
36815,treatment
36816,treatment
36817,control
36818,control
36819,treatment
36820,control
36821,treatment
36822,control
36823,control
36824,control
36825,control
36826,treatment
36827,control
36828,treatment
36829,control
36830,treatment
36831,control
36832,treatment
36833,treatment
36834,control
36835,control
36836,control
36837,treatment
36838,control
36839,control
36840,control
36841,treatment
36842,control
36843,treatment
36844,control
36845,control
36846,treatment
36847,control
36848,treatment
36849,treatment
36850,treatment
36851,control
36852,treatment
36853,control
36854,treatment
36855,treatment
36856,treatment
36857,control
36858,control
36859,treatment
36860,control
36861,control
36862,treatment
36863,treatment
36864,treatment
36865,control
36866,control
36867,treatment
36868,treatment
36869,treatment
36870,control
36871,treatment
36872,control
36873,treatment
36874,treatment
36875,treatment
36876,control
36877,control
36878,control
36879,control
36880,treatment
36881,control
36882,treatment
36883,treatment
36884,treatment
36885,treatment
36886,control
36887,control
36888,treatment
36889,control
36890,treatment
36891,treatment
36892,treatment
36893,control
36894,treatment
36895,control
36896,control
36897,control
36898,control
36899,treatment
36900,treatment
36901,treatment
36902,control
36903,control
36904,treatment
36905,control
36906,control
36907,control
36908,control
36909,control
36910,treatment
36911,treatment
36912,treatment
36913,treatment
36914,treatment
36915,control
36916,control
36917,treatment
36918,treatment
36919,treatment
36920,control
36921,control
36922,control
36923,control
36924,control
36925,control
36926,control
36927,control
36928,control
36929,control
36930,control
36931,control
36932,treatment
36933,treatment
36934,treatment
36935,control
36936,control
36937,treatment
36938,treatment
36939,treatment
36940,treatment
36941,treatment
36942,treatment
36943,control
36944,treatment
36945,treatment
36946,treatment
36947,control
36948,treatment
36949,control
36950,treatment
36951,treatment
36952,control
36953,control
36954,control
36955,treatment
36956,treatment
36957,control
36958,control
36959,treatment
36960,treatment
36961,control
36962,control
36963,treatment
36964,control
36965,treatment
36966,treatment
36967,treatment
36968,control
36969,control
36970,treatment
36971,control
36972,treatment
36973,control
36974,treatment
36975,treatment
36976,control
36977,control
36978,treatment
36979,treatment
36980,control
36981,treatment
36982,treatment
36983,control
36984,control
36985,treatment
36986,treatment
36987,treatment
36988,control
36989,control
36990,treatment
36991,treatment
36992,control
36993,control
36994,treatment
36995,control
36996,control
36997,treatment
36998,control
36999,control
37000,treatment
37001,treatment
37002,control
37003,control
37004,control
37005,control
37006,treatment
37007,treatment
37008,control
37009,control
37010,treatment
37011,treatment
37012,control
37013,treatment
37014,treatment
37015,treatment
37016,control
37017,treatment
37018,control
37019,treatment
37020,treatment
37021,control
37022,control
37023,control
37024,control
37025,control
37026,treatment
37027,treatment
37028,treatment
37029,control
37030,treatment
37031,control
37032,treatment
37033,treatment
37034,control
37035,control
37036,control
37037,control
37038,treatment
37039,control
37040,treatment
37041,control
37042,control
37043,control
37044,control
37045,control
37046,control
37047,treatment
37048,control
37049,treatment
37050,control
37051,treatment
37052,treatment
37053,treatment
37054,treatment
37055,treatment
37056,control
37057,control
37058,treatment
37059,treatment
37060,treatment
37061,treatment
37062,control
37063,control
37064,control
37065,control
37066,control
37067,treatment
37068,treatment
37069,control
37070,control
37071,control
37072,control
37073,treatment
37074,control
37075,control
37076,control
37077,control
37078,control
37079,treatment
37080,control
37081,treatment
37082,treatment
37083,treatment
37084,control
37085,control
37086,control
37087,treatment
37088,treatment
37089,control
37090,control
37091,control
37092,control
37093,treatment
37094,treatment
37095,treatment
37096,treatment
37097,control
37098,treatment
37099,treatment
37100,treatment
37101,control
37102,treatment
37103,treatment
37104,control
37105,treatment
37106,control
37107,treatment
37108,control
37109,control
37110,control
37111,treatment
37112,treatment
37113,treatment
37114,treatment
37115,treatment
37116,control
37117,treatment
37118,treatment
37119,treatment
37120,control
37121,treatment
37122,control
37123,treatment
37124,treatment
37125,treatment
37126,treatment
37127,control
37128,treatment
37129,treatment
37130,control
37131,control
37132,treatment
37133,treatment
37134,treatment
37135,control
37136,control
37137,treatment
37138,control
37139,treatment
37140,treatment
37141,control
37142,treatment
37143,treatment
37144,treatment
37145,treatment
37146,treatment
37147,treatment
37148,control
37149,control
37150,treatment
37151,treatment
37152,treatment
37153,treatment
37154,treatment
37155,control
37156,control
37157,treatment
37158,control
37159,control
37160,treatment
37161,treatment
37162,treatment
37163,treatment
37164,treatment
37165,control
37166,treatment
37167,treatment
37168,treatment
37169,treatment
37170,treatment
37171,control
37172,treatment
37173,control
37174,control
37175,treatment
37176,treatment
37177,control
37178,treatment
37179,control
37180,control
37181,control
37182,control
37183,treatment
37184,treatment
37185,treatment
37186,treatment
37187,control
37188,treatment
37189,treatment
37190,control
37191,treatment
37192,control
37193,treatment
37194,treatment
37195,treatment
37196,treatment
37197,treatment
37198,control
37199,control
37200,treatment
37201,treatment
37202,treatment
37203,treatment
37204,treatment
37205,control
37206,control
37207,control
37208,treatment
37209,control
37210,treatment
37211,treatment
37212,treatment
37213,control
37214,treatment
37215,treatment
37216,control
37217,treatment
37218,control
37219,treatment
37220,treatment
37221,treatment
37222,treatment
37223,treatment
37224,control
37225,treatment
37226,control
37227,treatment
37228,control
37229,control
37230,control
37231,treatment
37232,treatment
37233,control
37234,control
37235,control
37236,treatment
37237,control
37238,control
37239,control
37240,control
37241,treatment
37242,treatment
37243,treatment
37244,control
37245,control
37246,control
37247,treatment
37248,control
37249,control
37250,control
37251,treatment
37252,control
37253,treatment
37254,treatment
37255,control
37256,control
37257,treatment
37258,control
37259,treatment
37260,treatment
37261,treatment
37262,control
37263,treatment
37264,treatment
37265,treatment
37266,treatment
37267,control
37268,control
37269,control
37270,control
37271,treatment
37272,treatment
37273,control
37274,treatment
37275,control
37276,control
37277,control
37278,treatment
37279,control
37280,treatment
37281,treatment
37282,treatment
37283,treatment
37284,control
37285,control
37286,control
37287,treatment
37288,treatment
37289,treatment
37290,control
37291,control
37292,treatment
37293,treatment
37294,control
37295,treatment
37296,treatment
37297,treatment
37298,treatment
37299,treatment
37300,treatment
37301,treatment
37302,control
37303,treatment
37304,treatment
37305,control
37306,treatment
37307,treatment
37308,control
37309,control
37310,treatment
37311,control
37312,treatment
37313,control
37314,control
37315,treatment
37316,treatment
37317,control
37318,control
37319,control
37320,treatment
37321,treatment
37322,treatment
37323,treatment
37324,control
37325,treatment
37326,control
37327,treatment
37328,treatment
37329,control
37330,treatment
37331,treatment
37332,control
37333,treatment
37334,treatment
37335,treatment
37336,control
37337,control
37338,control
37339,control
37340,control
37341,treatment
37342,control
37343,control
37344,control
37345,treatment
37346,control
37347,control
37348,treatment
37349,control
37350,treatment
37351,treatment
37352,control
37353,control
37354,treatment
37355,treatment
37356,treatment
37357,control
37358,control
37359,control
37360,treatment
37361,treatment
37362,treatment
37363,control
37364,control
37365,treatment
37366,control
37367,treatment
37368,control
37369,treatment
37370,treatment
37371,treatment
37372,control
37373,treatment
37374,control
37375,control
37376,treatment
37377,control
37378,control
37379,treatment
37380,treatment
37381,treatment
37382,control
37383,control
37384,treatment
37385,treatment
37386,treatment
37387,treatment
37388,control
37389,treatment
37390,control
37391,treatment
37392,treatment
37393,control
37394,treatment
37395,treatment
37396,control
37397,control
37398,control
37399,control
37400,treatment
37401,treatment
37402,control
37403,treatment
37404,control
37405,treatment
37406,treatment
37407,control
37408,treatment
37409,treatment
37410,treatment
37411,control
37412,treatment
37413,treatment
37414,treatment
37415,control
37416,treatment
37417,control
37418,control
37419,control
37420,control
37421,treatment
37422,treatment
37423,control
37424,treatment
37425,treatment
37426,control
37427,control
37428,control
37429,treatment
37430,treatment
37431,treatment
37432,treatment
37433,control
37434,treatment
37435,control
37436,treatment
37437,control
37438,control
37439,control
37440,treatment
37441,control
37442,control
37443,treatment
37444,control
37445,treatment
37446,treatment
37447,treatment
37448,treatment
37449,control
37450,treatment
37451,control
37452,control
37453,treatment
37454,control
37455,treatment
37456,control
37457,treatment
37458,treatment
37459,treatment
37460,treatment
37461,control
37462,treatment
37463,control
37464,treatment
37465,treatment
37466,treatment
37467,treatment
37468,control
37469,treatment
37470,treatment
37471,control
37472,treatment
37473,control
37474,treatment
37475,treatment
37476,treatment
37477,treatment
37478,treatment
37479,treatment
37480,treatment
37481,control
37482,control
37483,treatment
37484,treatment
37485,control
37486,treatment
37487,control
37488,control
37489,treatment
37490,treatment
37491,control
37492,control
37493,treatment
37494,control
37495,control
37496,treatment
37497,control
37498,control
37499,control
37500,control
37501,control
37502,control
37503,control
37504,treatment
37505,control
37506,control
37507,treatment
37508,treatment
37509,treatment
37510,control
37511,treatment
37512,control
37513,control
37514,control
37515,treatment
37516,control
37517,treatment
37518,control
37519,control
37520,treatment
37521,control
37522,treatment
37523,treatment
37524,control
37525,treatment
37526,treatment
37527,treatment
37528,control
37529,control
37530,treatment
37531,control
37532,control
37533,control
37534,treatment
37535,treatment
37536,treatment
37537,treatment
37538,control
37539,control
37540,control
37541,control
37542,treatment
37543,treatment
37544,treatment
37545,control
37546,treatment
37547,control
37548,treatment
37549,control
37550,treatment
37551,treatment
37552,control
37553,control
37554,control
37555,treatment
37556,treatment
37557,treatment
37558,treatment
37559,control
37560,control
37561,control
37562,control
37563,control
37564,treatment
37565,control
37566,control
37567,control
37568,treatment
37569,treatment
37570,treatment
37571,control
37572,treatment
37573,treatment
37574,control
37575,treatment
37576,control
37577,control
37578,treatment
37579,treatment
37580,control
37581,control
37582,control
37583,treatment
37584,treatment
37585,control
37586,control
37587,treatment
37588,treatment
37589,treatment
37590,treatment
37591,treatment
37592,control
37593,treatment
37594,treatment
37595,treatment
37596,control
37597,treatment
37598,treatment
37599,treatment
37600,control
37601,control
37602,treatment
37603,treatment
37604,treatment
37605,treatment
37606,control
37607,treatment
37608,treatment
37609,control
37610,control
37611,control
37612,control
37613,control
37614,control
37615,control
37616,treatment
37617,control
37618,treatment
37619,treatment
37620,treatment
37621,control
37622,control
37623,treatment
37624,control
37625,control
37626,treatment
37627,treatment
37628,treatment
37629,treatment
37630,treatment
37631,treatment
37632,treatment
37633,control
37634,control
37635,control
37636,treatment
37637,treatment
37638,treatment
37639,treatment
37640,control
37641,treatment
37642,treatment
37643,treatment
37644,treatment
37645,treatment
37646,control
37647,treatment
37648,treatment
37649,treatment
37650,control
37651,treatment
37652,treatment
37653,treatment
37654,control
37655,control
37656,control
37657,control
37658,treatment
37659,treatment
37660,treatment
37661,control
37662,treatment
37663,control
37664,control
37665,treatment
37666,control
37667,control
37668,control
37669,treatment
37670,control
37671,control
37672,treatment
37673,control
37674,treatment
37675,control
37676,treatment
37677,control
37678,control
37679,treatment
37680,treatment
37681,control
37682,control
37683,control
37684,treatment
37685,treatment
37686,control
37687,control
37688,control
37689,control
37690,control
37691,treatment
37692,treatment
37693,treatment
37694,control
37695,control
37696,treatment
37697,control
37698,control
37699,treatment
37700,treatment
37701,control
37702,control
37703,control
37704,control
37705,treatment
37706,treatment
37707,treatment
37708,control
37709,treatment
37710,treatment
37711,treatment
37712,treatment
37713,control
37714,control
37715,control
37716,treatment
37717,treatment
37718,control
37719,treatment
37720,treatment
37721,treatment
37722,treatment
37723,control
37724,treatment
37725,control
37726,treatment
37727,treatment
37728,treatment
37729,treatment
37730,control
37731,control
37732,treatment
37733,treatment
37734,control
37735,treatment
37736,control
37737,control
37738,control
37739,treatment
37740,control
37741,control
37742,control
37743,treatment
37744,treatment
37745,treatment
37746,control
37747,treatment
37748,treatment
37749,control
37750,treatment
37751,treatment
37752,control
37753,control
37754,control
37755,treatment
37756,treatment
37757,control
37758,treatment
37759,control
37760,control
37761,control
37762,treatment
37763,treatment
37764,control
37765,control
37766,treatment
37767,treatment
37768,treatment
37769,treatment
37770,control
37771,treatment
37772,control
37773,treatment
37774,control
37775,control
37776,control
37777,control
37778,control
37779,control
37780,control
37781,treatment
37782,treatment
37783,treatment
37784,treatment
37785,control
37786,control
37787,treatment
37788,control
37789,treatment
37790,control
37791,treatment
37792,treatment
37793,treatment
37794,treatment
37795,control
37796,control
37797,control
37798,treatment
37799,control
37800,treatment
37801,treatment
37802,treatment
37803,treatment
37804,treatment
37805,treatment
37806,treatment
37807,control
37808,control
37809,treatment
37810,control
37811,treatment
37812,treatment
37813,treatment
37814,control
37815,treatment
37816,control
37817,treatment
37818,treatment
37819,treatment
37820,treatment
37821,control
37822,control
37823,control
37824,treatment
37825,treatment
37826,control
37827,treatment
37828,treatment
37829,control
37830,control
37831,treatment
37832,control
37833,control
37834,treatment
37835,treatment
37836,control
37837,control
37838,treatment
37839,control
37840,control
37841,control
37842,treatment
37843,treatment
37844,control
37845,treatment
37846,control
37847,control
37848,control
37849,control
37850,treatment
37851,control
37852,treatment
37853,control
37854,treatment
37855,treatment
37856,treatment
37857,treatment
37858,treatment
37859,treatment
37860,control
37861,control
37862,control
37863,treatment
37864,control
37865,control
37866,treatment
37867,control
37868,control
37869,treatment
37870,treatment
37871,treatment
37872,control
37873,control
37874,control
37875,treatment
37876,control
37877,treatment
37878,treatment
37879,treatment
37880,control
37881,control
37882,control
37883,control
37884,treatment
37885,control
37886,treatment
37887,control
37888,treatment
37889,treatment
37890,treatment
37891,control
37892,treatment
37893,control
37894,treatment
37895,control
37896,control
37897,treatment
37898,control
37899,control
37900,control
37901,control
37902,control
37903,control
37904,treatment
37905,control
37906,treatment
37907,treatment
37908,treatment
37909,control
37910,control
37911,control
37912,treatment
37913,control
37914,treatment
37915,control
37916,treatment
37917,treatment
37918,control
37919,treatment
37920,control
37921,treatment
37922,control
37923,control
37924,treatment
37925,control
37926,control
37927,control
37928,control
37929,treatment
37930,control
37931,control
37932,treatment
37933,control
37934,treatment
37935,treatment
37936,control
37937,treatment
37938,control
37939,treatment
37940,control
37941,treatment
37942,control
37943,control
37944,control
37945,control
37946,treatment
37947,treatment
37948,treatment
37949,control
37950,control
37951,treatment
37952,control
37953,control
37954,treatment
37955,control
37956,treatment
37957,treatment
37958,control
37959,treatment
37960,treatment
37961,treatment
37962,control
37963,control
37964,control
37965,control
37966,treatment
37967,control
37968,treatment
37969,control
37970,treatment
37971,control
37972,control
37973,control
37974,control
37975,control
37976,control
37977,treatment
37978,treatment
37979,treatment
37980,treatment
37981,control
37982,treatment
37983,treatment
37984,control
37985,control
37986,control
37987,treatment
37988,treatment
37989,control
37990,treatment
37991,control
37992,treatment
37993,treatment
37994,control
37995,control
37996,treatment
37997,control
37998,treatment
37999,treatment
38000,treatment
38001,treatment
38002,control
38003,treatment
38004,treatment
38005,control
38006,treatment
38007,treatment
38008,treatment
38009,control
38010,treatment
38011,control
38012,treatment
38013,control
38014,control
38015,control
38016,control
38017,treatment
38018,control
38019,control
38020,treatment
38021,control
38022,treatment
38023,treatment
38024,treatment
38025,treatment
38026,control
38027,treatment
38028,control
38029,control
38030,treatment
38031,control
38032,treatment
38033,control
38034,control
38035,control
38036,control
38037,treatment
38038,treatment
38039,control
38040,control
38041,control
38042,treatment
38043,control
38044,control
38045,control
38046,control
38047,control
38048,control
38049,treatment
38050,control
38051,treatment
38052,control
38053,treatment
38054,control
38055,control
38056,treatment
38057,treatment
38058,control
38059,control
38060,treatment
38061,control
38062,control
38063,control
38064,treatment
38065,treatment
38066,control
38067,control
38068,treatment
38069,treatment
38070,treatment
38071,control
38072,control
38073,control
38074,control
38075,treatment
38076,treatment
38077,treatment
38078,treatment
38079,treatment
38080,treatment
38081,treatment
38082,control
38083,control
38084,treatment
38085,control
38086,treatment
38087,control
38088,treatment
38089,control
38090,treatment
38091,treatment
38092,control
38093,treatment
38094,treatment
38095,treatment
38096,control
38097,control
38098,treatment
38099,treatment
38100,treatment
38101,treatment
38102,control
38103,treatment
38104,treatment
38105,treatment
38106,treatment
38107,control
38108,treatment
38109,treatment
38110,treatment
38111,control
38112,control
38113,control
38114,treatment
38115,control
38116,control
38117,treatment
38118,control
38119,control
38120,control
38121,control
38122,treatment
38123,treatment
38124,control
38125,treatment
38126,control
38127,treatment
38128,treatment
38129,control
38130,treatment
38131,control
38132,control
38133,control
38134,control
38135,control
38136,control
38137,treatment
38138,control
38139,control
38140,control
38141,control
38142,control
38143,treatment
38144,control
38145,treatment
38146,control
38147,treatment
38148,treatment
38149,control
38150,control
38151,control
38152,control
38153,control
38154,treatment
38155,treatment
38156,control
38157,treatment
38158,treatment
38159,control
38160,control
38161,control
38162,control
38163,treatment
38164,treatment
38165,control
38166,control
38167,treatment
38168,control
38169,control
38170,treatment
38171,control
38172,treatment
38173,control
38174,treatment
38175,treatment
38176,treatment
38177,control
38178,control
38179,control
38180,treatment
38181,treatment
38182,control
38183,treatment
38184,control
38185,control
38186,treatment
38187,control
38188,treatment
38189,treatment
38190,treatment
38191,control
38192,control
38193,control
38194,treatment
38195,treatment
38196,treatment
38197,control
38198,treatment
38199,control
38200,treatment
38201,treatment
38202,treatment
38203,treatment
38204,treatment
38205,treatment
38206,treatment
38207,treatment
38208,control
38209,control
38210,treatment
38211,treatment
38212,control
38213,control
38214,control
38215,control
38216,control
38217,treatment
38218,control
38219,control
38220,control
38221,treatment
38222,treatment
38223,control
38224,treatment
38225,control
38226,control
38227,treatment
38228,treatment
38229,control
38230,treatment
38231,control
38232,control
38233,control
38234,treatment
38235,treatment
38236,control
38237,control
38238,treatment
38239,treatment
38240,control
38241,treatment
38242,treatment
38243,control
38244,control
38245,treatment
38246,control
38247,treatment
38248,control
38249,treatment
38250,control
38251,treatment
38252,treatment
38253,control
38254,treatment
38255,control
38256,control
38257,treatment
38258,treatment
38259,control
38260,control
38261,control
38262,control
38263,control
38264,treatment
38265,control
38266,control
38267,treatment
38268,treatment
38269,treatment
38270,treatment
38271,treatment
38272,control
38273,control
38274,treatment
38275,treatment
38276,treatment
38277,treatment
38278,treatment
38279,treatment
38280,treatment
38281,control
38282,treatment
38283,treatment
38284,treatment
38285,control
38286,treatment
38287,control
38288,control
38289,treatment
38290,control
38291,control
38292,control
38293,treatment
38294,control
38295,control
38296,control
38297,treatment
38298,treatment
38299,treatment
38300,treatment
38301,control
38302,treatment
38303,treatment
38304,treatment
38305,treatment
38306,treatment
38307,control
38308,treatment
38309,control
38310,treatment
38311,control
38312,treatment
38313,treatment
38314,treatment
38315,control
38316,control
38317,control
38318,treatment
38319,control
38320,control
38321,control
38322,treatment
38323,control
38324,treatment
38325,treatment
38326,treatment
38327,control
38328,control
38329,control
38330,treatment
38331,control
38332,control
38333,treatment
38334,control
38335,treatment
38336,control
38337,treatment
38338,treatment
38339,control
38340,control
38341,treatment
38342,control
38343,treatment
38344,control
38345,treatment
38346,control
38347,control
38348,treatment
38349,treatment
38350,treatment
38351,control
38352,control
38353,control
38354,control
38355,control
38356,control
38357,treatment
38358,control
38359,treatment
38360,control
38361,control
38362,treatment
38363,treatment
38364,treatment
38365,control
38366,treatment
38367,control
38368,control
38369,control
38370,control
38371,control
38372,treatment
38373,treatment
38374,control
38375,control
38376,treatment
38377,control
38378,treatment
38379,control
38380,control
38381,control
38382,treatment
38383,control
38384,control
38385,control
38386,control
38387,treatment
38388,control
38389,treatment
38390,control
38391,treatment
38392,control
38393,control
38394,control
38395,control
38396,treatment
38397,treatment
38398,control
38399,treatment
38400,control
38401,control
38402,treatment
38403,control
38404,control
38405,treatment
38406,treatment
38407,control
38408,treatment
38409,treatment
38410,control
38411,control
38412,treatment
38413,treatment
38414,control
38415,control
38416,treatment
38417,treatment
38418,control
38419,control
38420,treatment
38421,treatment
38422,treatment
38423,control
38424,control
38425,control
38426,treatment
38427,control
38428,control
38429,treatment
38430,treatment
38431,treatment
38432,control
38433,treatment
38434,treatment
38435,control
38436,treatment
38437,treatment
38438,control
38439,control
38440,control
38441,treatment
38442,control
38443,treatment
38444,treatment
38445,treatment
38446,control
38447,control
38448,control
38449,control
38450,control
38451,treatment
38452,treatment
38453,treatment
38454,control
38455,control
38456,treatment
38457,treatment
38458,control
38459,control
38460,control
38461,control
38462,treatment
38463,treatment
38464,control
38465,treatment
38466,control
38467,treatment
38468,control
38469,control
38470,treatment
38471,treatment
38472,treatment
38473,treatment
38474,treatment
38475,control
38476,treatment
38477,control
38478,treatment
38479,treatment
38480,control
38481,control
38482,control
38483,control
38484,control
38485,control
38486,control
38487,treatment
38488,treatment
38489,control
38490,control
38491,treatment
38492,treatment
38493,treatment
38494,control
38495,control
38496,treatment
38497,control
38498,treatment
38499,control
38500,treatment
38501,treatment
38502,control
38503,control
38504,control
38505,treatment
38506,control
38507,treatment
38508,control
38509,treatment
38510,treatment
38511,control
38512,control
38513,control
38514,control
38515,control
38516,control
38517,treatment
38518,treatment
38519,control
38520,control
38521,control
38522,control
38523,control
38524,treatment
38525,treatment
38526,treatment
38527,treatment
38528,control
38529,control
38530,control
38531,control
38532,treatment
38533,control
38534,control
38535,control
38536,control
38537,treatment
38538,treatment
38539,control
38540,control
38541,treatment
38542,control
38543,control
38544,control
38545,treatment
38546,control
38547,treatment
38548,control
38549,treatment
38550,treatment
38551,treatment
38552,control
38553,treatment
38554,control
38555,control
38556,control
38557,control
38558,treatment
38559,control
38560,control
38561,treatment
38562,control
38563,control
38564,treatment
38565,control
38566,control
38567,treatment
38568,treatment
38569,control
38570,treatment
38571,treatment
38572,treatment
38573,control
38574,treatment
38575,treatment
38576,control
38577,control
38578,treatment
38579,treatment
38580,control
38581,treatment
38582,control
38583,treatment
38584,control
38585,control
38586,treatment
38587,control
38588,treatment
38589,control
38590,control
38591,treatment
38592,control
38593,treatment
38594,control
38595,treatment
38596,control
38597,control
38598,treatment
38599,control
38600,control
38601,control
38602,control
38603,control
38604,treatment
38605,treatment
38606,treatment
38607,control
38608,treatment
38609,treatment
38610,treatment
38611,control
38612,treatment
38613,treatment
38614,treatment
38615,control
38616,treatment
38617,treatment
38618,treatment
38619,control
38620,treatment
38621,control
38622,control
38623,treatment
38624,control
38625,treatment
38626,control
38627,treatment
38628,treatment
38629,treatment
38630,control
38631,control
38632,treatment
38633,treatment
38634,treatment
38635,control
38636,treatment
38637,control
38638,control
38639,treatment
38640,treatment
38641,treatment
38642,treatment
38643,control
38644,control
38645,control
38646,treatment
38647,control
38648,control
38649,treatment
38650,control
38651,control
38652,control
38653,control
38654,control
38655,treatment
38656,treatment
38657,treatment
38658,treatment
38659,control
38660,control
38661,treatment
38662,control
38663,treatment
38664,control
38665,control
38666,control
38667,control
38668,treatment
38669,treatment
38670,control
38671,control
38672,control
38673,control
38674,control
38675,treatment
38676,treatment
38677,treatment
38678,control
38679,control
38680,control
38681,treatment
38682,control
38683,control
38684,control
38685,control
38686,control
38687,control
38688,control
38689,control
38690,treatment
38691,control
38692,treatment
38693,treatment
38694,control
38695,control
38696,treatment
38697,treatment
38698,control
38699,control
38700,treatment
38701,control
38702,control
38703,treatment
38704,control
38705,treatment
38706,treatment
38707,treatment
38708,control
38709,treatment
38710,control
38711,treatment
38712,treatment
38713,treatment
38714,treatment
38715,treatment
38716,treatment
38717,control
38718,control
38719,control
38720,control
38721,control
38722,treatment
38723,control
38724,treatment
38725,control
38726,control
38727,control
38728,control
38729,treatment
38730,control
38731,control
38732,treatment
38733,treatment
38734,control
38735,control
38736,treatment
38737,control
38738,treatment
38739,treatment
38740,control
38741,treatment
38742,control
38743,treatment
38744,treatment
38745,control
38746,control
38747,treatment
38748,control
38749,control
38750,control
38751,treatment
38752,treatment
38753,treatment
38754,control
38755,control
38756,treatment
38757,treatment
38758,treatment
38759,control
38760,treatment
38761,treatment
38762,treatment
38763,control
38764,treatment
38765,control
38766,treatment
38767,treatment
38768,treatment
38769,control
38770,control
38771,treatment
38772,treatment
38773,control
38774,control
38775,control
38776,treatment
38777,treatment
38778,treatment
38779,treatment
38780,treatment
38781,control
38782,treatment
38783,control
38784,treatment
38785,treatment
38786,treatment
38787,control
38788,treatment
38789,treatment
38790,treatment
38791,treatment
38792,treatment
38793,control
38794,control
38795,control
38796,control
38797,control
38798,treatment
38799,treatment
38800,treatment
38801,treatment
38802,control
38803,control
38804,control
38805,treatment
38806,treatment
38807,control
38808,control
38809,treatment
38810,control
38811,treatment
38812,treatment
38813,control
38814,control
38815,control
38816,control
38817,control
38818,treatment
38819,treatment
38820,treatment
38821,treatment
38822,treatment
38823,control
38824,control
38825,treatment
38826,control
38827,control
38828,treatment
38829,treatment
38830,treatment
38831,treatment
38832,treatment
38833,control
38834,treatment
38835,control
38836,treatment
38837,treatment
38838,control
38839,treatment
38840,control
38841,treatment
38842,control
38843,treatment
38844,control
38845,treatment
38846,control
38847,control
38848,control
38849,control
38850,treatment
38851,control
38852,treatment
38853,control
38854,treatment
38855,treatment
38856,control
38857,treatment
38858,control
38859,treatment
38860,control
38861,treatment
38862,control
38863,treatment
38864,treatment
38865,control
38866,control
38867,control
38868,treatment
38869,treatment
38870,control
38871,treatment
38872,control
38873,control
38874,control
38875,control
38876,treatment
38877,treatment
38878,treatment
38879,control
38880,treatment
38881,treatment
38882,control
38883,control
38884,treatment
38885,control
38886,treatment
38887,treatment
38888,treatment
38889,control
38890,treatment
38891,control
38892,control
38893,control
38894,treatment
38895,control
38896,control
38897,control
38898,control
38899,control
38900,treatment
38901,treatment
38902,treatment
38903,control
38904,control
38905,control
38906,treatment
38907,control
38908,control
38909,treatment
38910,treatment
38911,control
38912,control
38913,control
38914,treatment
38915,treatment
38916,control
38917,control
38918,treatment
38919,control
38920,treatment
38921,control
38922,control
38923,treatment
38924,treatment
38925,control
38926,treatment
38927,control
38928,treatment
38929,control
38930,treatment
38931,control
38932,treatment
38933,treatment
38934,control
38935,treatment
38936,control
38937,treatment
38938,treatment
38939,treatment
38940,control
38941,treatment
38942,control
38943,treatment
38944,control
38945,treatment
38946,treatment
38947,control
38948,treatment
38949,treatment
38950,control
38951,treatment
38952,treatment
38953,treatment
38954,treatment
38955,treatment
38956,treatment
38957,treatment
38958,treatment
38959,control
38960,treatment
38961,control
38962,control
38963,control
38964,control
38965,treatment
38966,treatment
38967,treatment
38968,control
38969,treatment
38970,treatment
38971,treatment
38972,control
38973,treatment
38974,treatment
38975,treatment
38976,treatment
38977,control
38978,treatment
38979,treatment
38980,control
38981,treatment
38982,control
38983,control
38984,control
38985,treatment
38986,control
38987,control
38988,treatment
38989,control
38990,treatment
38991,treatment
38992,control
38993,treatment
38994,control
38995,control
38996,treatment
38997,treatment
38998,control
38999,control
39000,control
39001,control
39002,treatment
39003,control
39004,control
39005,control
39006,treatment
39007,treatment
39008,control
39009,control
39010,control
39011,treatment
39012,control
39013,control
39014,control
39015,control
39016,treatment
39017,treatment
39018,treatment
39019,control
39020,treatment
39021,treatment
39022,control
39023,control
39024,treatment
39025,treatment
39026,treatment
39027,control
39028,treatment
39029,treatment
39030,treatment
39031,treatment
39032,treatment
39033,control
39034,treatment
39035,treatment
39036,treatment
39037,control
39038,control
39039,treatment
39040,treatment
39041,control
39042,control
39043,treatment
39044,control
39045,treatment
39046,treatment
39047,treatment
39048,control
39049,treatment
39050,treatment
39051,treatment
39052,control
39053,treatment
39054,control
39055,control
39056,control
39057,control
39058,control
39059,treatment
39060,control
39061,treatment
39062,treatment
39063,control
39064,control
39065,control
39066,treatment
39067,control
39068,control
39069,control
39070,control
39071,treatment
39072,treatment
39073,treatment
39074,treatment
39075,control
39076,control
39077,treatment
39078,control
39079,control
39080,treatment
39081,treatment
39082,treatment
39083,control
39084,treatment
39085,control
39086,control
39087,control
39088,treatment
39089,treatment
39090,control
39091,control
39092,control
39093,control
39094,control
39095,treatment
39096,treatment
39097,treatment
39098,treatment
39099,control
39100,treatment
39101,control
39102,control
39103,treatment
39104,treatment
39105,treatment
39106,treatment
39107,treatment
39108,treatment
39109,control
39110,treatment
39111,control
39112,control
39113,treatment
39114,treatment
39115,control
39116,control
39117,treatment
39118,treatment
39119,treatment
39120,control
39121,control
39122,control
39123,treatment
39124,treatment
39125,control
39126,treatment
39127,treatment
39128,treatment
39129,treatment
39130,treatment
39131,control
39132,treatment
39133,control
39134,treatment
39135,control
39136,treatment
39137,treatment
39138,treatment
39139,treatment
39140,treatment
39141,control
39142,control
39143,treatment
39144,control
39145,control
39146,control
39147,treatment
39148,treatment
39149,control
39150,treatment
39151,control
39152,control
39153,treatment
39154,control
39155,treatment
39156,treatment
39157,treatment
39158,treatment
39159,control
39160,control
39161,treatment
39162,treatment
39163,control
39164,control
39165,treatment
39166,treatment
39167,control
39168,control
39169,control
39170,treatment
39171,control
39172,treatment
39173,treatment
39174,treatment
39175,treatment
39176,treatment
39177,treatment
39178,treatment
39179,control
39180,control
39181,treatment
39182,control
39183,treatment
39184,control
39185,control
39186,treatment
39187,treatment
39188,treatment
39189,control
39190,control
39191,treatment
39192,control
39193,treatment
39194,treatment
39195,control
39196,treatment
39197,treatment
39198,control
39199,treatment
39200,control
39201,treatment
39202,control
39203,treatment
39204,control
39205,control
39206,control
39207,treatment
39208,treatment
39209,treatment
39210,control
39211,treatment
39212,control
39213,control
39214,treatment
39215,treatment
39216,treatment
39217,control
39218,control
39219,control
39220,control
39221,control
39222,control
39223,treatment
39224,control
39225,treatment
39226,control
39227,control
39228,control
39229,control
39230,treatment
39231,treatment
39232,treatment
39233,treatment
39234,control
39235,treatment
39236,treatment
39237,treatment
39238,treatment
39239,control
39240,treatment
39241,treatment
39242,control
39243,treatment
39244,control
39245,control
39246,control
39247,treatment
39248,control
39249,control
39250,control
39251,control
39252,treatment
39253,control
39254,treatment
39255,treatment
39256,treatment
39257,control
39258,control
39259,control
39260,control
39261,treatment
39262,treatment
39263,control
39264,control
39265,control
39266,treatment
39267,control
39268,treatment
39269,control
39270,control
39271,treatment
39272,control
39273,control
39274,control
39275,treatment
39276,treatment
39277,treatment
39278,treatment
39279,treatment
39280,treatment
39281,control
39282,treatment
39283,treatment
39284,control
39285,control
39286,control
39287,treatment
39288,control
39289,treatment
39290,control
39291,treatment
39292,control
39293,treatment
39294,treatment
39295,control
39296,treatment
39297,control
39298,control
39299,control
39300,treatment
39301,control
39302,treatment
39303,control
39304,treatment
39305,control
39306,control
39307,treatment
39308,control
39309,control
39310,treatment
39311,control
39312,control
39313,control
39314,treatment
39315,treatment
39316,treatment
39317,control
39318,treatment
39319,control
39320,treatment
39321,control
39322,treatment
39323,control
39324,treatment
39325,treatment
39326,control
39327,treatment
39328,control
39329,treatment
39330,treatment
39331,treatment
39332,treatment
39333,treatment
39334,control
39335,control
39336,control
39337,treatment
39338,control
39339,control
39340,control
39341,treatment
39342,treatment
39343,treatment
39344,control
39345,treatment
39346,treatment
39347,treatment
39348,control
39349,control
39350,control
39351,control
39352,control
39353,treatment
39354,control
39355,treatment
39356,treatment
39357,treatment
39358,treatment
39359,control
39360,treatment
39361,treatment
39362,treatment
39363,control
39364,control
39365,treatment
39366,treatment
39367,control
39368,control
39369,treatment
39370,treatment
39371,treatment
39372,treatment
39373,treatment
39374,treatment
39375,control
39376,treatment
39377,treatment
39378,control
39379,control
39380,control
39381,treatment
39382,control
39383,treatment
39384,treatment
39385,treatment
39386,control
39387,control
39388,treatment
39389,treatment
39390,treatment
39391,treatment
39392,treatment
39393,treatment
39394,control
39395,treatment
39396,control
39397,control
39398,treatment
39399,control
39400,control
39401,control
39402,treatment
39403,treatment
39404,control
39405,treatment
39406,control
39407,control
39408,treatment
39409,control
39410,treatment
39411,treatment
39412,treatment
39413,treatment
39414,treatment
39415,treatment
39416,control
39417,control
39418,treatment
39419,treatment
39420,control
39421,control
39422,treatment
39423,treatment
39424,treatment
39425,treatment
39426,control
39427,control
39428,control
39429,control
39430,treatment
39431,treatment
39432,treatment
39433,control
39434,control
39435,treatment
39436,treatment
39437,treatment
39438,control
39439,control
39440,treatment
39441,control
39442,control
39443,control
39444,control
39445,control
39446,treatment
39447,treatment
39448,treatment
39449,control
39450,treatment
39451,control
39452,treatment
39453,control
39454,control
39455,treatment
39456,treatment
39457,treatment
39458,treatment
39459,treatment
39460,treatment
39461,control
39462,treatment
39463,treatment
39464,control
39465,control
39466,control
39467,treatment
39468,control
39469,treatment
39470,treatment
39471,treatment
39472,treatment
39473,treatment
39474,control
39475,control
39476,treatment
39477,control
39478,treatment
39479,treatment
39480,treatment
39481,control
39482,treatment
39483,control
39484,treatment
39485,control
39486,control
39487,treatment
39488,treatment
39489,control
39490,control
39491,treatment
39492,control
39493,treatment
39494,control
39495,control
39496,treatment
39497,control
39498,control
39499,treatment
39500,control
39501,control
39502,treatment
39503,control
39504,control
39505,control
39506,control
39507,treatment
39508,control
39509,treatment
39510,treatment
39511,treatment
39512,treatment
39513,treatment
39514,control
39515,control
39516,control
39517,treatment
39518,control
39519,control
39520,treatment
39521,control
39522,control
39523,control
39524,control
39525,treatment
39526,treatment
39527,control
39528,control
39529,treatment
39530,control
39531,treatment
39532,treatment
39533,control
39534,treatment
39535,treatment
39536,control
39537,control
39538,treatment
39539,treatment
39540,control
39541,control
39542,control
39543,treatment
39544,control
39545,control
39546,control
39547,control
39548,treatment
39549,treatment
39550,control
39551,control
39552,treatment
39553,control
39554,treatment
39555,treatment
39556,treatment
39557,control
39558,treatment
39559,control
39560,treatment
39561,treatment
39562,treatment
39563,treatment
39564,treatment
39565,control
39566,control
39567,control
39568,control
39569,treatment
39570,treatment
39571,treatment
39572,control
39573,treatment
39574,treatment
39575,treatment
39576,treatment
39577,control
39578,control
39579,control
39580,control
39581,treatment
39582,control
39583,control
39584,treatment
39585,control
39586,control
39587,control
39588,control
39589,control
39590,control
39591,control
39592,control
39593,control
39594,treatment
39595,treatment
39596,treatment
39597,control
39598,treatment
39599,treatment
39600,treatment
39601,control
39602,treatment
39603,control
39604,control
39605,treatment
39606,treatment
39607,treatment
39608,treatment
39609,treatment
39610,control
39611,treatment
39612,control
39613,treatment
39614,control
39615,treatment
39616,treatment
39617,control
39618,control
39619,control
39620,treatment
39621,treatment
39622,treatment
39623,treatment
39624,treatment
39625,control
39626,control
39627,control
39628,treatment
39629,treatment
39630,control
39631,control
39632,treatment
39633,control
39634,treatment
39635,control
39636,treatment
39637,treatment
39638,treatment
39639,control
39640,treatment
39641,treatment
39642,control
39643,control
39644,control
39645,control
39646,treatment
39647,treatment
39648,control
39649,treatment
39650,treatment
39651,treatment
39652,control
39653,treatment
39654,treatment
39655,treatment
39656,treatment
39657,control
39658,treatment
39659,treatment
39660,treatment
39661,treatment
39662,control
39663,control
39664,treatment
39665,treatment
39666,control
39667,treatment
39668,treatment
39669,control
39670,treatment
39671,control
39672,treatment
39673,control
39674,treatment
39675,treatment
39676,control
39677,treatment
39678,treatment
39679,treatment
39680,treatment
39681,treatment
39682,control
39683,control
39684,control
39685,control
39686,control
39687,treatment
39688,control
39689,control
39690,treatment
39691,treatment
39692,control
39693,treatment
39694,treatment
39695,treatment
39696,control
39697,treatment
39698,control
39699,treatment
39700,treatment
39701,treatment
39702,treatment
39703,control
39704,control
39705,control
39706,treatment
39707,treatment
39708,treatment
39709,control
39710,control
39711,control
39712,control
39713,treatment
39714,treatment
39715,treatment
39716,control
39717,control
39718,control
39719,control
39720,control
39721,treatment
39722,control
39723,control
39724,treatment
39725,treatment
39726,treatment
39727,control
39728,control
39729,control
39730,control
39731,control
39732,control
39733,treatment
39734,treatment
39735,control
39736,treatment
39737,control
39738,treatment
39739,control
39740,treatment
39741,control
39742,control
39743,treatment
39744,control
39745,control
39746,control
39747,treatment
39748,treatment
39749,treatment
39750,treatment
39751,treatment
39752,treatment
39753,control
39754,treatment
39755,treatment
39756,control
39757,treatment
39758,treatment
39759,control
39760,treatment
39761,control
39762,treatment
39763,control
39764,treatment
39765,treatment
39766,control
39767,treatment
39768,control
39769,treatment
39770,control
39771,control
39772,control
39773,treatment
39774,treatment
39775,treatment
39776,control
39777,treatment
39778,control
39779,control
39780,treatment
39781,treatment
39782,control
39783,control
39784,treatment
39785,control
39786,control
39787,control
39788,treatment
39789,control
39790,treatment
39791,treatment
39792,treatment
39793,treatment
39794,control
39795,treatment
39796,treatment
39797,treatment
39798,control
39799,treatment
39800,control
39801,control
39802,control
39803,treatment
39804,treatment
39805,treatment
39806,treatment
39807,treatment
39808,control
39809,treatment
39810,treatment
39811,control
39812,treatment
39813,control
39814,treatment
39815,treatment
39816,control
39817,control
39818,treatment
39819,treatment
39820,control
39821,control
39822,control
39823,control
39824,treatment
39825,control
39826,treatment
39827,treatment
39828,control
39829,treatment
39830,treatment
39831,control
39832,control
39833,control
39834,treatment
39835,treatment
39836,treatment
39837,treatment
39838,treatment
39839,control
39840,control
39841,treatment
39842,control
39843,control
39844,treatment
39845,control
39846,control
39847,treatment
39848,control
39849,control
39850,treatment
39851,treatment
39852,control
39853,control
39854,control
39855,treatment
39856,control
39857,treatment
39858,treatment
39859,control
39860,treatment
39861,control
39862,control
39863,control
39864,treatment
39865,treatment
39866,treatment
39867,treatment
39868,control
39869,treatment
39870,treatment
39871,treatment
39872,control
39873,control
39874,control
39875,control
39876,treatment
39877,treatment
39878,treatment
39879,treatment
39880,control
39881,control
39882,control
39883,control
39884,control
39885,treatment
39886,control
39887,treatment
39888,treatment
39889,treatment
39890,treatment
39891,treatment
39892,control
39893,treatment
39894,control
39895,control
39896,treatment
39897,treatment
39898,control
39899,control
39900,treatment
39901,treatment
39902,control
39903,treatment
39904,treatment
39905,control
39906,control
39907,control
39908,treatment
39909,treatment
39910,treatment
39911,treatment
39912,control
39913,treatment
39914,control
39915,treatment
39916,control
39917,control
39918,control
39919,control
39920,control
39921,control
39922,control
39923,control
39924,treatment
39925,control
39926,control
39927,treatment
39928,control
39929,treatment
39930,control
39931,control
39932,control
39933,treatment
39934,control
39935,control
39936,control
39937,treatment
39938,control
39939,treatment
39940,control
39941,control
39942,control
39943,control
39944,control
39945,treatment
39946,treatment
39947,control
39948,control
39949,treatment
39950,control
39951,treatment
39952,treatment
39953,control
39954,treatment
39955,treatment
39956,treatment
39957,control
39958,control
39959,control
39960,treatment
39961,treatment
39962,treatment
39963,treatment
39964,treatment
39965,control
39966,control
39967,control
39968,treatment
39969,control
39970,control
39971,control
39972,treatment
39973,control
39974,treatment
39975,treatment
39976,treatment
39977,treatment
39978,control
39979,treatment
39980,control
39981,control
39982,control
39983,treatment
39984,control
39985,control
39986,control
39987,control
39988,treatment
39989,control
39990,control
39991,control
39992,control
39993,control
39994,control
39995,treatment
39996,treatment
39997,treatment
39998,treatment
39999,control
40000,treatment
40001,treatment
40002,treatment
40003,treatment
40004,control
40005,control
40006,control
40007,control
40008,control
40009,treatment
40010,control
40011,control
40012,treatment
40013,treatment
40014,treatment
40015,treatment
40016,treatment
40017,treatment
40018,control
40019,treatment
40020,control
40021,control
40022,treatment
40023,treatment
40024,treatment
40025,treatment
40026,control
40027,treatment
40028,control
40029,control
40030,treatment
40031,treatment
40032,control
40033,control
40034,control
40035,control
40036,treatment
40037,treatment
40038,control
40039,control
40040,treatment
40041,control
40042,control
40043,treatment
40044,treatment
40045,treatment
40046,treatment
40047,treatment
40048,control
40049,control
40050,treatment
40051,control
40052,control
40053,control
40054,treatment
40055,control
40056,treatment
40057,treatment
40058,control
40059,control
40060,treatment
40061,treatment
40062,treatment
40063,control
40064,treatment
40065,control
40066,control
40067,control
40068,control
40069,treatment
40070,treatment
40071,control
40072,control
40073,treatment
40074,control
40075,treatment
40076,treatment
40077,treatment
40078,treatment
40079,control
40080,control
40081,control
40082,treatment
40083,control
40084,treatment
40085,treatment
40086,treatment
40087,treatment
40088,control
40089,control
40090,control
40091,control
40092,control
40093,treatment
40094,control
40095,control
40096,treatment
40097,treatment
40098,treatment
40099,treatment
40100,control
40101,treatment
40102,control
40103,treatment
40104,control
40105,treatment
40106,control
40107,control
40108,control
40109,treatment
40110,control
40111,control
40112,treatment
40113,control
40114,control
40115,control
40116,treatment
40117,control
40118,treatment
40119,treatment
40120,control
40121,treatment
40122,control
40123,treatment
40124,treatment
40125,treatment
40126,control
40127,control
40128,treatment
40129,control
40130,treatment
40131,control
40132,control
40133,control
40134,control
40135,control
40136,treatment
40137,treatment
40138,control
40139,control
40140,treatment
40141,treatment
40142,control
40143,control
40144,treatment
40145,treatment
40146,treatment
40147,treatment
40148,treatment
40149,treatment
40150,control
40151,control
40152,control
40153,control
40154,treatment
40155,control
40156,treatment
40157,control
40158,control
40159,treatment
40160,treatment
40161,treatment
40162,control
40163,control
40164,treatment
40165,treatment
40166,control
40167,control
40168,treatment
40169,treatment
40170,control
40171,treatment
40172,treatment
40173,control
40174,control
40175,control
40176,treatment
40177,control
40178,control
40179,treatment
40180,control
40181,treatment
40182,treatment
40183,control
40184,control
40185,treatment
40186,control
40187,control
40188,treatment
40189,control
40190,control
40191,control
40192,treatment
40193,control
40194,control
40195,treatment
40196,treatment
40197,control
40198,treatment
40199,control
40200,control
40201,control
40202,treatment
40203,treatment
40204,treatment
40205,control
40206,treatment
40207,treatment
40208,treatment
40209,treatment
40210,control
40211,control
40212,treatment
40213,treatment
40214,control
40215,control
40216,treatment
40217,treatment
40218,control
40219,treatment
40220,treatment
40221,treatment
40222,control
40223,treatment
40224,control
40225,treatment
40226,treatment
40227,treatment
40228,treatment
40229,treatment
40230,control
40231,control
40232,treatment
40233,treatment
40234,treatment
40235,control
40236,control
40237,treatment
40238,control
40239,control
40240,treatment
40241,treatment
40242,treatment
40243,control
40244,treatment
40245,control
40246,control
40247,treatment
40248,control
40249,control
40250,control
40251,treatment
40252,control
40253,treatment
40254,treatment
40255,control
40256,treatment
40257,control
40258,control
40259,control
40260,treatment
40261,control
40262,treatment
40263,control
40264,control
40265,treatment
40266,treatment
40267,control
40268,treatment
40269,control
40270,control
40271,control
40272,treatment
40273,control
40274,treatment
40275,control
40276,control
40277,treatment
40278,treatment
40279,treatment
40280,control
40281,treatment
40282,control
40283,treatment
40284,treatment
40285,control
40286,treatment
40287,control
40288,treatment
40289,control
40290,treatment
40291,control
40292,control
40293,treatment
40294,treatment
40295,treatment
40296,control
40297,control
40298,treatment
40299,treatment
40300,control
40301,control
40302,control
40303,treatment
40304,control
40305,treatment
40306,treatment
40307,treatment
40308,control
40309,treatment
40310,treatment
40311,treatment
40312,treatment
40313,treatment
40314,treatment
40315,treatment
40316,control
40317,control
40318,treatment
40319,treatment
40320,treatment
40321,treatment
40322,control
40323,treatment
40324,control
40325,treatment
40326,treatment
40327,control
40328,treatment
40329,treatment
40330,treatment
40331,treatment
40332,control
40333,control
40334,control
40335,treatment
40336,treatment
40337,control
40338,control
40339,treatment
40340,treatment
40341,control
40342,treatment
40343,treatment
40344,treatment
40345,control
40346,control
40347,treatment
40348,treatment
40349,treatment
40350,treatment
40351,control
40352,control
40353,control
40354,control
40355,treatment
40356,control
40357,treatment
40358,treatment
40359,control
40360,treatment
40361,treatment
40362,control
40363,control
40364,control
40365,control
40366,treatment
40367,control
40368,control
40369,treatment
40370,treatment
40371,control
40372,treatment
40373,treatment
40374,control
40375,treatment
40376,control
40377,control
40378,treatment
40379,control
40380,treatment
40381,control
40382,treatment
40383,control
40384,control
40385,treatment
40386,treatment
40387,treatment
40388,control
40389,control
40390,treatment
40391,control
40392,control
40393,control
40394,treatment
40395,treatment
40396,control
40397,treatment
40398,treatment
40399,control
40400,control
40401,treatment
40402,treatment
40403,control
40404,control
40405,treatment
40406,treatment
40407,treatment
40408,control
40409,treatment
40410,control
40411,treatment
40412,control
40413,control
40414,treatment
40415,control
40416,treatment
40417,treatment
40418,treatment
40419,control
40420,treatment
40421,treatment
40422,control
40423,control
40424,treatment
40425,treatment
40426,treatment
40427,control
40428,treatment
40429,treatment
40430,treatment
40431,treatment
40432,control
40433,control
40434,treatment
40435,control
40436,treatment
40437,treatment
40438,control
40439,control
40440,control
40441,treatment
40442,control
40443,control
40444,treatment
40445,treatment
40446,control
40447,treatment
40448,treatment
40449,control
40450,control
40451,treatment
40452,treatment
40453,control
40454,treatment
40455,control
40456,treatment
40457,control
40458,treatment
40459,control
40460,control
40461,treatment
40462,control
40463,treatment
40464,control
40465,treatment
40466,treatment
40467,control
40468,treatment
40469,control
40470,treatment
40471,control
40472,control
40473,control
40474,control
40475,treatment
40476,treatment
40477,control
40478,treatment
40479,treatment
40480,treatment
40481,control
40482,treatment
40483,control
40484,treatment
40485,treatment
40486,treatment
40487,treatment
40488,control
40489,control
40490,control
40491,treatment
40492,treatment
40493,control
40494,control
40495,control
40496,control
40497,treatment
40498,treatment
40499,control
40500,treatment
40501,treatment
40502,control
40503,control
40504,treatment
40505,treatment
40506,treatment
40507,treatment
40508,control
40509,treatment
40510,treatment
40511,treatment
40512,control
40513,control
40514,control
40515,control
40516,control
40517,treatment
40518,treatment
40519,control
40520,control
40521,treatment
40522,control
40523,control
40524,treatment
40525,treatment
40526,treatment
40527,treatment
40528,treatment
40529,control
40530,treatment
40531,treatment
40532,control
40533,control
40534,treatment
40535,control
40536,treatment
40537,control
40538,control
40539,control
40540,treatment
40541,control
40542,treatment
40543,treatment
40544,control
40545,treatment
40546,control
40547,treatment
40548,treatment
40549,treatment
40550,treatment
40551,control
40552,control
40553,control
40554,control
40555,control
40556,treatment
40557,control
40558,control
40559,treatment
40560,treatment
40561,control
40562,treatment
40563,treatment
40564,control
40565,treatment
40566,treatment
40567,control
40568,treatment
40569,treatment
40570,control
40571,treatment
40572,treatment
40573,treatment
40574,treatment
40575,treatment
40576,control
40577,control
40578,treatment
40579,treatment
40580,treatment
40581,treatment
40582,treatment
40583,control
40584,control
40585,treatment
40586,control
40587,control
40588,control
40589,treatment
40590,control
40591,treatment
40592,control
40593,control
40594,control
40595,control
40596,control
40597,treatment
40598,control
40599,treatment
40600,treatment
40601,treatment
40602,control
40603,control
40604,control
40605,control
40606,control
40607,treatment
40608,control
40609,treatment
40610,control
40611,treatment
40612,treatment
40613,treatment
40614,control
40615,control
40616,control
40617,control
40618,treatment
40619,control
40620,control
40621,treatment
40622,control
40623,treatment
40624,control
40625,treatment
40626,treatment
40627,treatment
40628,control
40629,control
40630,control
40631,treatment
40632,treatment
40633,control
40634,treatment
40635,control
40636,treatment
40637,treatment
40638,treatment
40639,treatment
40640,treatment
40641,control
40642,control
40643,treatment
40644,control
40645,treatment
40646,control
40647,treatment
40648,control
40649,treatment
40650,treatment
40651,control
40652,treatment
40653,control
40654,treatment
40655,control
40656,treatment
40657,control
40658,treatment
40659,control
40660,control
40661,control
40662,control
40663,control
40664,treatment
40665,treatment
40666,treatment
40667,treatment
40668,treatment
40669,treatment
40670,treatment
40671,control
40672,control
40673,treatment
40674,control
40675,control
40676,treatment
40677,treatment
40678,treatment
40679,treatment
40680,control
40681,treatment
40682,control
40683,treatment
40684,control
40685,control
40686,control
40687,treatment
40688,treatment
40689,control
40690,treatment
40691,treatment
40692,control
40693,control
40694,control
40695,control
40696,control
40697,treatment
40698,treatment
40699,treatment
40700,control
40701,treatment
40702,control
40703,treatment
40704,control
40705,control
40706,control
40707,treatment
40708,control
40709,control
40710,treatment
40711,treatment
40712,control
40713,treatment
40714,control
40715,treatment
40716,control
40717,treatment
40718,control
40719,treatment
40720,control
40721,treatment
40722,control
40723,control
40724,control
40725,treatment
40726,control
40727,treatment
40728,control
40729,control
40730,treatment
40731,treatment
40732,control
40733,control
40734,control
40735,treatment
40736,treatment
40737,treatment
40738,control
40739,treatment
40740,control
40741,treatment
40742,treatment
40743,treatment
40744,control
40745,control
40746,treatment
40747,control
40748,control
40749,treatment
40750,treatment
40751,control
40752,control
40753,treatment
40754,treatment
40755,treatment
40756,control
40757,treatment
40758,treatment
40759,treatment
40760,control
40761,control
40762,control
40763,control
40764,control
40765,control
40766,treatment
40767,treatment
40768,treatment
40769,control
40770,treatment
40771,control
40772,treatment
40773,control
40774,control
40775,control
40776,control
40777,control
40778,control
40779,control
40780,treatment
40781,treatment
40782,treatment
40783,treatment
40784,control
40785,treatment
40786,control
40787,treatment
40788,treatment
40789,control
40790,treatment
40791,control
40792,control
40793,treatment
40794,treatment
40795,control
40796,control
40797,treatment
40798,treatment
40799,control
40800,control
40801,control
40802,treatment
40803,treatment
40804,treatment
40805,treatment
40806,control
40807,control
40808,control
40809,control
40810,treatment
40811,treatment
40812,treatment
40813,treatment
40814,control
40815,control
40816,treatment
40817,treatment
40818,control
40819,control
40820,treatment
40821,control
40822,treatment
40823,control
40824,treatment
40825,control
40826,treatment
40827,control
40828,control
40829,treatment
40830,control
40831,control
40832,treatment
40833,treatment
40834,treatment
40835,control
40836,control
40837,treatment
40838,treatment
40839,control
40840,treatment
40841,control
40842,control
40843,treatment
40844,treatment
40845,control
40846,control
40847,treatment
40848,treatment
40849,control
40850,control
40851,control
40852,treatment
40853,control
40854,control
40855,treatment
40856,control
40857,control
40858,control
40859,control
40860,control
40861,treatment
40862,control
40863,treatment
40864,treatment
40865,treatment
40866,control
40867,treatment
40868,treatment
40869,treatment
40870,treatment
40871,control
40872,treatment
40873,treatment
40874,control
40875,control
40876,treatment
40877,control
40878,control
40879,treatment
40880,control
40881,control
40882,control
40883,control
40884,treatment
40885,treatment
40886,treatment
40887,control
40888,treatment
40889,control
40890,control
40891,control
40892,control
40893,treatment
40894,treatment
40895,control
40896,treatment
40897,treatment
40898,control
40899,treatment
40900,control
40901,control
40902,control
40903,treatment
40904,treatment
40905,control
40906,control
40907,control
40908,control
40909,treatment
40910,control
40911,treatment
40912,control
40913,treatment
40914,treatment
40915,control
40916,control
40917,control
40918,control
40919,treatment
40920,control
40921,control
40922,treatment
40923,treatment
40924,treatment
40925,control
40926,control
40927,treatment
40928,control
40929,control
40930,treatment
40931,treatment
40932,control
40933,treatment
40934,treatment
40935,control
40936,treatment
40937,control
40938,control
40939,treatment
40940,treatment
40941,control
40942,control
40943,treatment
40944,control
40945,treatment
40946,treatment
40947,treatment
40948,control
40949,control
40950,control
40951,treatment
40952,control
40953,control
40954,control
40955,treatment
40956,treatment
40957,treatment
40958,control
40959,control
40960,treatment
40961,control
40962,control
40963,treatment
40964,treatment
40965,control
40966,treatment
40967,treatment
40968,control
40969,control
40970,control
40971,treatment
40972,treatment
40973,treatment
40974,control
40975,control
40976,control
40977,treatment
40978,control
40979,control
40980,control
40981,control
40982,control
40983,treatment
40984,treatment
40985,control
40986,treatment
40987,treatment
40988,treatment
40989,treatment
40990,control
40991,treatment
40992,control
40993,control
40994,control
40995,treatment
40996,treatment
40997,control
40998,treatment
40999,control
41000,control
41001,treatment
41002,control
41003,treatment
41004,treatment
41005,control
41006,treatment
41007,treatment
41008,control
41009,treatment
41010,treatment
41011,treatment
41012,treatment
41013,control
41014,control
41015,treatment
41016,control
41017,treatment
41018,treatment
41019,control
41020,treatment
41021,treatment
41022,control
41023,control
41024,control
41025,treatment
41026,treatment
41027,treatment
41028,control
41029,treatment
41030,treatment
41031,treatment
41032,treatment
41033,control
41034,treatment
41035,control
41036,treatment
41037,control
41038,control
41039,treatment
41040,control
41041,treatment
41042,treatment
41043,control
41044,treatment
41045,control
41046,control
41047,control
41048,control
41049,treatment
41050,control
41051,treatment
41052,treatment
41053,control
41054,treatment
41055,treatment
41056,control
41057,treatment
41058,treatment
41059,treatment
41060,treatment
41061,treatment
41062,control
41063,control
41064,control
41065,control
41066,treatment
41067,control
41068,control
41069,treatment
41070,treatment
41071,control
41072,treatment
41073,control
41074,treatment
41075,control
41076,treatment
41077,treatment
41078,treatment
41079,treatment
41080,treatment
41081,control
41082,treatment
41083,control
41084,treatment
41085,control
41086,control
41087,treatment
41088,control
41089,treatment
41090,control
41091,treatment
41092,control
41093,treatment
41094,treatment
41095,treatment
41096,control
41097,treatment
41098,treatment
41099,treatment
41100,control
41101,treatment
41102,treatment
41103,control
41104,treatment
41105,treatment
41106,control
41107,control
41108,treatment
41109,control
41110,treatment
41111,treatment
41112,control
41113,control
41114,treatment
41115,control
41116,control
41117,treatment
41118,control
41119,control
41120,treatment
41121,treatment
41122,control
41123,treatment
41124,treatment
41125,treatment
41126,treatment
41127,treatment
41128,control
41129,control
41130,treatment
41131,treatment
41132,treatment
41133,control
41134,control
41135,control
41136,treatment
41137,control
41138,control
41139,control
41140,treatment
41141,control
41142,treatment
41143,treatment
41144,control
41145,treatment
41146,control
41147,control
41148,control
41149,treatment
41150,control
41151,treatment
41152,control
41153,treatment
41154,treatment
41155,control
41156,control
41157,control
41158,control
41159,treatment
41160,control
41161,control
41162,control
41163,treatment
41164,control
41165,treatment
41166,treatment
41167,treatment
41168,control
41169,control
41170,control
41171,treatment
41172,control
41173,control
41174,treatment
41175,treatment
41176,control
41177,control
41178,control
41179,treatment
41180,control
41181,control
41182,treatment
41183,control
41184,control
41185,treatment
41186,treatment
41187,treatment
41188,treatment
41189,treatment
41190,control
41191,control
41192,control
41193,control
41194,treatment
41195,control
41196,treatment
41197,treatment
41198,control
41199,control
41200,treatment
41201,control
41202,treatment
41203,control
41204,treatment
41205,control
41206,control
41207,control
41208,treatment
41209,control
41210,treatment
41211,control
41212,control
41213,control
41214,treatment
41215,control
41216,control
41217,control
41218,treatment
41219,control
41220,treatment
41221,treatment
41222,control
41223,treatment
41224,control
41225,control
41226,control
41227,treatment
41228,control
41229,control
41230,control
41231,control
41232,control
41233,treatment
41234,treatment
41235,control
41236,control
41237,control
41238,control
41239,treatment
41240,control
41241,treatment
41242,control
41243,control
41244,control
41245,control
41246,control
41247,treatment
41248,control
41249,treatment
41250,treatment
41251,control
41252,control
41253,treatment
41254,control
41255,control
41256,control
41257,treatment
41258,treatment
41259,control
41260,control
41261,treatment
41262,control
41263,control
41264,treatment
41265,control
41266,control
41267,treatment
41268,treatment
41269,control
41270,treatment
41271,control
41272,treatment
41273,treatment
41274,control
41275,control
41276,treatment
41277,treatment
41278,control
41279,treatment
41280,control
41281,treatment
41282,control
41283,treatment
41284,treatment
41285,treatment
41286,treatment
41287,control
41288,treatment
41289,control
41290,control
41291,control
41292,treatment
41293,treatment
41294,treatment
41295,control
41296,treatment
41297,control
41298,control
41299,control
41300,treatment
41301,treatment
41302,control
41303,treatment
41304,control
41305,control
41306,control
41307,treatment
41308,control
41309,control
41310,treatment
41311,control
41312,treatment
41313,control
41314,treatment
41315,control
41316,control
41317,treatment
41318,treatment
41319,treatment
41320,treatment
41321,treatment
41322,control
41323,control
41324,control
41325,control
41326,treatment
41327,control
41328,control
41329,treatment
41330,control
41331,treatment
41332,treatment
41333,control
41334,treatment
41335,control
41336,control
41337,treatment
41338,control
41339,control
41340,treatment
41341,control
41342,treatment
41343,treatment
41344,control
41345,control
41346,treatment
41347,control
41348,control
41349,control
41350,treatment
41351,control
41352,treatment
41353,control
41354,treatment
41355,control
41356,treatment
41357,treatment
41358,treatment
41359,control
41360,treatment
41361,treatment
41362,treatment
41363,control
41364,control
41365,treatment
41366,control
41367,control
41368,treatment
41369,control
41370,treatment
41371,treatment
41372,treatment
41373,control
41374,control
41375,treatment
41376,treatment
41377,treatment
41378,treatment
41379,control
41380,treatment
41381,control
41382,control
41383,control
41384,treatment
41385,treatment
41386,treatment
41387,treatment
41388,treatment
41389,treatment
41390,treatment
41391,treatment
41392,control
41393,control
41394,control
41395,treatment
41396,control
41397,control
41398,control
41399,control
41400,control
41401,treatment
41402,treatment
41403,control
41404,control
41405,control
41406,control
41407,treatment
41408,treatment
41409,control
41410,treatment
41411,treatment
41412,treatment
41413,treatment
41414,control
41415,treatment
41416,treatment
41417,treatment
41418,control
41419,treatment
41420,treatment
41421,treatment
41422,control
41423,treatment
41424,treatment
41425,control
41426,treatment
41427,treatment
41428,control
41429,control
41430,control
41431,control
41432,treatment
41433,control
41434,treatment
41435,treatment
41436,treatment
41437,treatment
41438,treatment
41439,control
41440,control
41441,control
41442,treatment
41443,control
41444,control
41445,control
41446,control
41447,treatment
41448,control
41449,treatment
41450,treatment
41451,treatment
41452,control
41453,treatment
41454,control
41455,control
41456,treatment
41457,control
41458,treatment
41459,treatment
41460,treatment
41461,control
41462,control
41463,control
41464,treatment
41465,treatment
41466,control
41467,control
41468,control
41469,treatment
41470,treatment
41471,treatment
41472,control
41473,treatment
41474,control
41475,treatment
41476,treatment
41477,control
41478,treatment
41479,control
41480,treatment
41481,control
41482,control
41483,treatment
41484,control
41485,control
41486,treatment
41487,treatment
41488,treatment
41489,control
41490,control
41491,control
41492,control
41493,treatment
41494,treatment
41495,control
41496,treatment
41497,control
41498,treatment
41499,treatment
41500,control
41501,treatment
41502,treatment
41503,treatment
41504,treatment
41505,control
41506,treatment
41507,treatment
41508,control
41509,control
41510,control
41511,treatment
41512,control
41513,control
41514,treatment
41515,treatment
41516,control
41517,treatment
41518,control
41519,control
41520,treatment
41521,control
41522,control
41523,control
41524,treatment
41525,control
41526,treatment
41527,control
41528,treatment
41529,control
41530,treatment
41531,treatment
41532,control
41533,control
41534,treatment
41535,control
41536,treatment
41537,control
41538,control
41539,treatment
41540,control
41541,treatment
41542,control
41543,treatment
41544,control
41545,treatment
41546,control
41547,treatment
41548,treatment
41549,treatment
41550,control
41551,treatment
41552,control
41553,control
41554,control
41555,control
41556,control
41557,control
41558,treatment
41559,treatment
41560,treatment
41561,control
41562,control
41563,control
41564,treatment
41565,treatment
41566,control
41567,treatment
41568,treatment
41569,treatment
41570,treatment
41571,control
41572,treatment
41573,treatment
41574,treatment
41575,control
41576,treatment
41577,control
41578,control
41579,control
41580,control
41581,control
41582,control
41583,treatment
41584,control
41585,control
41586,treatment
41587,treatment
41588,treatment
41589,treatment
41590,control
41591,control
41592,treatment
41593,control
41594,treatment
41595,treatment
41596,control
41597,treatment
41598,control
41599,treatment
41600,control
41601,treatment
41602,control
41603,treatment
41604,control
41605,treatment
41606,treatment
41607,treatment
41608,control
41609,treatment
41610,control
41611,control
41612,control
41613,control
41614,control
41615,control
41616,control
41617,control
41618,control
41619,treatment
41620,treatment
41621,control
41622,treatment
41623,control
41624,control
41625,treatment
41626,treatment
41627,control
41628,treatment
41629,treatment
41630,treatment
41631,treatment
41632,treatment
41633,control
41634,treatment
41635,treatment
41636,control
41637,control
41638,treatment
41639,treatment
41640,control
41641,control
41642,treatment
41643,control
41644,treatment
41645,control
41646,treatment
41647,control
41648,control
41649,treatment
41650,control
41651,treatment
41652,treatment
41653,treatment
41654,control
41655,treatment
41656,control
41657,treatment
41658,control
41659,control
41660,control
41661,control
41662,treatment
41663,control
41664,control
41665,control
41666,treatment
41667,treatment
41668,control
41669,control
41670,treatment
41671,treatment
41672,control
41673,control
41674,control
41675,control
41676,treatment
41677,control
41678,treatment
41679,treatment
41680,control
41681,control
41682,control
41683,control
41684,control
41685,control
41686,control
41687,treatment
41688,control
41689,control
41690,control
41691,treatment
41692,control
41693,treatment
41694,control
41695,treatment
41696,treatment
41697,control
41698,treatment
41699,treatment
41700,treatment
41701,control
41702,treatment
41703,control
41704,control
41705,treatment
41706,treatment
41707,treatment
41708,control
41709,treatment
41710,treatment
41711,treatment
41712,treatment
41713,treatment
41714,treatment
41715,control
41716,control
41717,treatment
41718,treatment
41719,control
41720,treatment
41721,control
41722,control
41723,treatment
41724,control
41725,treatment
41726,treatment
41727,treatment
41728,control
41729,control
41730,treatment
41731,treatment
41732,control
41733,treatment
41734,treatment
41735,control
41736,control
41737,treatment
41738,control
41739,control
41740,control
41741,control
41742,control
41743,treatment
41744,treatment
41745,control
41746,treatment
41747,control
41748,treatment
41749,treatment
41750,control
41751,control
41752,control
41753,treatment
41754,control
41755,treatment
41756,control
41757,control
41758,control
41759,treatment
41760,treatment
41761,treatment
41762,treatment
41763,treatment
41764,control
41765,treatment
41766,treatment
41767,control
41768,control
41769,control
41770,control
41771,control
41772,control
41773,treatment
41774,control
41775,control
41776,control
41777,control
41778,control
41779,treatment
41780,control
41781,treatment
41782,control
41783,control
41784,control
41785,control
41786,control
41787,control
41788,control
41789,control
41790,control
41791,control
41792,control
41793,treatment
41794,control
41795,control
41796,treatment
41797,treatment
41798,control
41799,treatment
41800,treatment
41801,control
41802,control
41803,treatment
41804,treatment
41805,treatment
41806,treatment
41807,treatment
41808,treatment
41809,treatment
41810,treatment
41811,control
41812,treatment
41813,treatment
41814,control
41815,control
41816,treatment
41817,treatment
41818,control
41819,control
41820,treatment
41821,control
41822,treatment
41823,control
41824,control
41825,control
41826,control
41827,treatment
41828,control
41829,control
41830,treatment
41831,control
41832,treatment
41833,control
41834,control
41835,treatment
41836,treatment
41837,treatment
41838,control
41839,treatment
41840,treatment
41841,treatment
41842,control
41843,control
41844,treatment
41845,treatment
41846,treatment
41847,control
41848,treatment
41849,control
41850,control
41851,treatment
41852,treatment
41853,treatment
41854,control
41855,control
41856,control
41857,control
41858,control
41859,control
41860,control
41861,control
41862,control
41863,treatment
41864,treatment
41865,treatment
41866,control
41867,control
41868,control
41869,treatment
41870,control
41871,control
41872,control
41873,treatment
41874,treatment
41875,treatment
41876,control
41877,treatment
41878,treatment
41879,treatment
41880,treatment
41881,treatment
41882,control
41883,treatment
41884,treatment
41885,control
41886,treatment
41887,treatment
41888,control
41889,control
41890,treatment
41891,treatment
41892,control
41893,control
41894,treatment
41895,control
41896,control
41897,treatment
41898,treatment
41899,control
41900,treatment
41901,treatment
41902,control
41903,control
41904,control
41905,control
41906,treatment
41907,treatment
41908,treatment
41909,treatment
41910,control
41911,control
41912,treatment
41913,treatment
41914,control
41915,treatment
41916,treatment
41917,control
41918,control
41919,control
41920,control
41921,control
41922,treatment
41923,control
41924,control
41925,control
41926,treatment
41927,treatment
41928,treatment
41929,control
41930,control
41931,control
41932,treatment
41933,treatment
41934,control
41935,control
41936,control
41937,control
41938,control
41939,control
41940,treatment
41941,treatment
41942,control
41943,control
41944,control
41945,treatment
41946,treatment
41947,treatment
41948,treatment
41949,control
41950,control
41951,control
41952,treatment
41953,treatment
41954,control
41955,control
41956,treatment
41957,control
41958,treatment
41959,control
41960,treatment
41961,treatment
41962,treatment
41963,treatment
41964,control
41965,treatment
41966,treatment
41967,treatment
41968,treatment
41969,control
41970,treatment
41971,treatment
41972,control
41973,treatment
41974,control
41975,treatment
41976,treatment
41977,control
41978,treatment
41979,treatment
41980,treatment
41981,treatment
41982,control
41983,treatment
41984,treatment
41985,control
41986,control
41987,treatment
41988,control
41989,treatment
41990,control
41991,control
41992,treatment
41993,control
41994,treatment
41995,treatment
41996,control
41997,treatment
41998,treatment
41999,control
42000,control
42001,treatment
42002,treatment
42003,treatment
42004,control
42005,treatment
42006,treatment
42007,control
42008,treatment
42009,treatment
42010,control
42011,treatment
42012,treatment
42013,control
42014,treatment
42015,treatment
42016,treatment
42017,treatment
42018,control
42019,control
42020,treatment
42021,control
42022,control
42023,treatment
42024,control
42025,control
42026,treatment
42027,treatment
42028,control
42029,control
42030,control
42031,control
42032,control
42033,treatment
42034,treatment
42035,control
42036,treatment
42037,control
42038,control
42039,control
42040,treatment
42041,control
42042,control
42043,treatment
42044,treatment
42045,control
42046,control
42047,control
42048,control
42049,control
42050,treatment
42051,treatment
42052,control
42053,treatment
42054,treatment
42055,treatment
42056,control
42057,treatment
42058,treatment
42059,treatment
42060,treatment
42061,treatment
42062,treatment
42063,treatment
42064,control
42065,control
42066,control
42067,control
42068,treatment
42069,treatment
42070,control
42071,control
42072,control
42073,treatment
42074,control
42075,treatment
42076,control
42077,control
42078,control
42079,control
42080,treatment
42081,treatment
42082,treatment
42083,control
42084,control
42085,control
42086,treatment
42087,control
42088,control
42089,treatment
42090,treatment
42091,treatment
42092,control
42093,treatment
42094,treatment
42095,treatment
42096,control
42097,treatment
42098,control
42099,control
42100,control
42101,control
42102,treatment
42103,treatment
42104,control
42105,treatment
42106,control
42107,control
42108,treatment
42109,control
42110,control
42111,control
42112,control
42113,control
42114,control
42115,control
42116,control
42117,treatment
42118,treatment
42119,control
42120,treatment
42121,control
42122,control
42123,control
42124,control
42125,treatment
42126,treatment
42127,treatment
42128,treatment
42129,control
42130,control
42131,control
42132,control
42133,control
42134,treatment
42135,control
42136,treatment
42137,treatment
42138,control
42139,control
42140,control
42141,treatment
42142,treatment
42143,treatment
42144,control
42145,control
42146,control
42147,control
42148,control
42149,treatment
42150,treatment
42151,treatment
42152,control
42153,treatment
42154,control
42155,treatment
42156,control
42157,control
42158,treatment
42159,control
42160,control
42161,treatment
42162,control
42163,control
42164,treatment
42165,control
42166,control
42167,treatment
42168,treatment
42169,control
42170,treatment
42171,treatment
42172,control
42173,treatment
42174,control
42175,treatment
42176,treatment
42177,control
42178,treatment
42179,treatment
42180,treatment
42181,treatment
42182,treatment
42183,treatment
42184,control
42185,treatment
42186,treatment
42187,control
42188,treatment
42189,control
42190,control
42191,treatment
42192,treatment
42193,treatment
42194,treatment
42195,control
42196,control
42197,control
42198,control
42199,control
42200,control
42201,treatment
42202,treatment
42203,treatment
42204,control
42205,treatment
42206,control
42207,control
42208,treatment
42209,treatment
42210,treatment
42211,control
42212,treatment
42213,treatment
42214,treatment
42215,treatment
42216,treatment
42217,control
42218,control
42219,treatment
42220,control
42221,control
42222,treatment
42223,treatment
42224,control
42225,treatment
42226,treatment
42227,treatment
42228,control
42229,control
42230,control
42231,treatment
42232,control
42233,control
42234,treatment
42235,control
42236,control
42237,control
42238,treatment
42239,control
42240,control
42241,control
42242,control
42243,control
42244,treatment
42245,treatment
42246,treatment
42247,treatment
42248,treatment
42249,control
42250,treatment
42251,control
42252,treatment
42253,treatment
42254,control
42255,treatment
42256,control
42257,treatment
42258,treatment
42259,control
42260,treatment
42261,treatment
42262,treatment
42263,control
42264,control
42265,control
42266,control
42267,control
42268,control
42269,control
42270,control
42271,control
42272,treatment
42273,treatment
42274,control
42275,treatment
42276,treatment
42277,control
42278,treatment
42279,treatment
42280,treatment
42281,treatment
42282,treatment
42283,treatment
42284,control
42285,control
42286,control
42287,treatment
42288,control
42289,treatment
42290,treatment
42291,treatment
42292,control
42293,treatment
42294,control
42295,control
42296,treatment
42297,control
42298,control
42299,treatment
42300,control
42301,treatment
42302,treatment
42303,control
42304,treatment
42305,treatment
42306,treatment
42307,control
42308,control
42309,treatment
42310,control
42311,treatment
42312,treatment
42313,control
42314,control
42315,treatment
42316,treatment
42317,control
42318,control
42319,treatment
42320,treatment
42321,treatment
42322,control
42323,control
42324,treatment
42325,control
42326,control
42327,treatment
42328,control
42329,control
42330,treatment
42331,treatment
42332,treatment
42333,treatment
42334,treatment
42335,treatment
42336,treatment
42337,control
42338,treatment
42339,control
42340,control
42341,control
42342,treatment
42343,treatment
42344,treatment
42345,treatment
42346,control
42347,control
42348,control
42349,treatment
42350,control
42351,treatment
42352,treatment
42353,control
42354,control
42355,control
42356,treatment
42357,control
42358,control
42359,control
42360,treatment
42361,control
42362,control
42363,control
42364,control
42365,control
42366,control
42367,treatment
42368,control
42369,control
42370,treatment
42371,control
42372,control
42373,treatment
42374,treatment
42375,treatment
42376,control
42377,treatment
42378,control
42379,treatment
42380,control
42381,treatment
42382,control
42383,control
42384,treatment
42385,treatment
42386,treatment
42387,control
42388,treatment
42389,treatment
42390,treatment
42391,treatment
42392,control
42393,control
42394,treatment
42395,control
42396,control
42397,control
42398,control
42399,control
42400,treatment
42401,treatment
42402,control
42403,treatment
42404,treatment
42405,control
42406,control
42407,control
42408,control
42409,treatment
42410,treatment
42411,treatment
42412,control
42413,treatment
42414,control
42415,treatment
42416,control
42417,treatment
42418,treatment
42419,treatment
42420,control
42421,treatment
42422,treatment
42423,treatment
42424,control
42425,control
42426,control
42427,control
42428,control
42429,treatment
42430,treatment
42431,control
42432,treatment
42433,control
42434,control
42435,control
42436,control
42437,treatment
42438,treatment
42439,control
42440,treatment
42441,treatment
42442,treatment
42443,treatment
42444,control
42445,treatment
42446,control
42447,control
42448,control
42449,control
42450,control
42451,treatment
42452,treatment
42453,control
42454,control
42455,control
42456,control
42457,control
42458,treatment
42459,treatment
42460,control
42461,control
42462,control
42463,control
42464,control
42465,treatment
42466,control
42467,control
42468,control
42469,treatment
42470,control
42471,treatment
42472,treatment
42473,control
42474,treatment
42475,treatment
42476,treatment
42477,control
42478,control
42479,control
42480,control
42481,control
42482,treatment
42483,control
42484,control
42485,control
42486,treatment
42487,treatment
42488,treatment
42489,control
42490,treatment
42491,treatment
42492,treatment
42493,control
42494,treatment
42495,control
42496,control
42497,treatment
42498,control
42499,treatment
42500,control
42501,control
42502,control
42503,control
42504,treatment
42505,control
42506,control
42507,control
42508,treatment
42509,control
42510,treatment
42511,control
42512,treatment
42513,treatment
42514,treatment
42515,control
42516,control
42517,treatment
42518,control
42519,treatment
42520,treatment
42521,treatment
42522,treatment
42523,control
42524,control
42525,control
42526,treatment
42527,treatment
42528,treatment
42529,treatment
42530,control
42531,treatment
42532,control
42533,treatment
42534,control
42535,treatment
42536,control
42537,control
42538,treatment
42539,control
42540,treatment
42541,control
42542,treatment
42543,treatment
42544,treatment
42545,control
42546,control
42547,control
42548,treatment
42549,treatment
42550,treatment
42551,treatment
42552,control
42553,treatment
42554,control
42555,treatment
42556,control
42557,control
42558,control
42559,control
42560,treatment
42561,control
42562,control
42563,treatment
42564,control
42565,control
42566,treatment
42567,control
42568,treatment
42569,treatment
42570,control
42571,treatment
42572,treatment
42573,control
42574,control
42575,treatment
42576,treatment
42577,treatment
42578,control
42579,control
42580,treatment
42581,treatment
42582,treatment
42583,treatment
42584,control
42585,control
42586,control
42587,control
42588,control
42589,treatment
42590,treatment
42591,treatment
42592,control
42593,treatment
42594,treatment
42595,control
42596,treatment
42597,control
42598,control
42599,control
42600,treatment
42601,treatment
42602,control
42603,treatment
42604,control
42605,treatment
42606,treatment
42607,control
42608,control
42609,treatment
42610,control
42611,treatment
42612,treatment
42613,treatment
42614,control
42615,control
42616,treatment
42617,treatment
42618,control
42619,treatment
42620,treatment
42621,control
42622,treatment
42623,control
42624,control
42625,treatment
42626,treatment
42627,treatment
42628,control
42629,control
42630,control
42631,treatment
42632,treatment
42633,treatment
42634,control
42635,treatment
42636,treatment
42637,control
42638,treatment
42639,control
42640,treatment
42641,control
42642,treatment
42643,treatment
42644,treatment
42645,control
42646,treatment
42647,control
42648,control
42649,treatment
42650,control
42651,control
42652,treatment
42653,control
42654,treatment
42655,control
42656,treatment
42657,treatment
42658,treatment
42659,control
42660,treatment
42661,control
42662,treatment
42663,control
42664,treatment
42665,control
42666,treatment
42667,treatment
42668,treatment
42669,treatment
42670,treatment
42671,treatment
42672,treatment
42673,control
42674,control
42675,treatment
42676,control
42677,control
42678,treatment
42679,control
42680,control
42681,treatment
42682,treatment
42683,control
42684,control
42685,control
42686,treatment
42687,control
42688,control
42689,treatment
42690,treatment
42691,treatment
42692,control
42693,control
42694,control
42695,treatment
42696,control
42697,control
42698,treatment
42699,control
42700,treatment
42701,treatment
42702,control
42703,treatment
42704,control
42705,control
42706,control
42707,treatment
42708,treatment
42709,control
42710,treatment
42711,treatment
42712,control
42713,control
42714,control
42715,control
42716,control
42717,treatment
42718,treatment
42719,treatment
42720,control
42721,control
42722,control
42723,treatment
42724,control
42725,control
42726,control
42727,treatment
42728,treatment
42729,treatment
42730,treatment
42731,treatment
42732,control
42733,treatment
42734,control
42735,treatment
42736,control
42737,treatment
42738,control
42739,treatment
42740,control
42741,control
42742,treatment
42743,control
42744,treatment
42745,control
42746,treatment
42747,treatment
42748,control
42749,control
42750,treatment
42751,control
42752,treatment
42753,treatment
42754,control
42755,treatment
42756,treatment
42757,control
42758,treatment
42759,treatment
42760,control
42761,control
42762,control
42763,treatment
42764,control
42765,control
42766,treatment
42767,control
42768,control
42769,control
42770,treatment
42771,treatment
42772,control
42773,control
42774,control
42775,control
42776,control
42777,control
42778,control
42779,control
42780,control
42781,control
42782,control
42783,control
42784,treatment
42785,control
42786,control
42787,treatment
42788,control
42789,control
42790,control
42791,treatment
42792,control
42793,treatment
42794,treatment
42795,treatment
42796,treatment
42797,control
42798,treatment
42799,treatment
42800,treatment
42801,treatment
42802,control
42803,control
42804,treatment
42805,treatment
42806,control
42807,treatment
42808,control
42809,control
42810,treatment
42811,treatment
42812,treatment
42813,treatment
42814,treatment
42815,treatment
42816,treatment
42817,control
42818,treatment
42819,treatment
42820,treatment
42821,control
42822,control
42823,control
42824,treatment
42825,treatment
42826,control
42827,treatment
42828,control
42829,treatment
42830,control
42831,treatment
42832,control
42833,treatment
42834,treatment
42835,treatment
42836,treatment
42837,control
42838,control
42839,treatment
42840,control
42841,treatment
42842,treatment
42843,control
42844,treatment
42845,treatment
42846,treatment
42847,control
42848,treatment
42849,treatment
42850,treatment
42851,treatment
42852,treatment
42853,treatment
42854,treatment
42855,control
42856,treatment
42857,control
42858,control
42859,control
42860,control
42861,treatment
42862,control
42863,treatment
42864,control
42865,treatment
42866,control
42867,treatment
42868,treatment
42869,control
42870,treatment
42871,control
42872,control
42873,control
42874,treatment
42875,control
42876,control
42877,control
42878,treatment
42879,treatment
42880,control
42881,treatment
42882,treatment
42883,treatment
42884,control
42885,treatment
42886,treatment
42887,treatment
42888,control
42889,treatment
42890,control
42891,control
42892,treatment
42893,treatment
42894,treatment
42895,treatment
42896,control
42897,treatment
42898,control
42899,treatment
42900,treatment
42901,control
42902,control
42903,treatment
42904,control
42905,control
42906,control
42907,control
42908,treatment
42909,control
42910,treatment
42911,treatment
42912,control
42913,treatment
42914,control
42915,control
42916,control
42917,control
42918,control
42919,treatment
42920,control
42921,control
42922,control
42923,treatment
42924,control
42925,control
42926,control
42927,control
42928,treatment
42929,treatment
42930,treatment
42931,control
42932,control
42933,control
42934,treatment
42935,control
42936,control
42937,control
42938,treatment
42939,control
42940,treatment
42941,control
42942,control
42943,control
42944,control
42945,control
42946,control
42947,treatment
42948,control
42949,treatment
42950,treatment
42951,treatment
42952,treatment
42953,treatment
42954,control
42955,treatment
42956,control
42957,control
42958,treatment
42959,treatment
42960,control
42961,treatment
42962,treatment
42963,control
42964,treatment
42965,treatment
42966,control
42967,control
42968,control
42969,control
42970,control
42971,control
42972,treatment
42973,control
42974,treatment
42975,treatment
42976,control
42977,treatment
42978,treatment
42979,control
42980,control
42981,control
42982,control
42983,control
42984,treatment
42985,treatment
42986,treatment
42987,control
42988,treatment
42989,treatment
42990,treatment
42991,treatment
42992,control
42993,treatment
42994,treatment
42995,control
42996,treatment
42997,control
42998,control
42999,treatment
43000,control
43001,control
43002,treatment
43003,control
43004,control
43005,control
43006,control
43007,control
43008,control
43009,control
43010,control
43011,control
43012,control
43013,treatment
43014,control
43015,control
43016,treatment
43017,treatment
43018,control
43019,treatment
43020,control
43021,treatment
43022,treatment
43023,treatment
43024,control
43025,control
43026,treatment
43027,control
43028,treatment
43029,control
43030,treatment
43031,treatment
43032,treatment
43033,treatment
43034,control
43035,treatment
43036,treatment
43037,control
43038,treatment
43039,treatment
43040,control
43041,treatment
43042,treatment
43043,control
43044,control
43045,control
43046,control
43047,treatment
43048,treatment
43049,control
43050,treatment
43051,control
43052,treatment
43053,control
43054,control
43055,treatment
43056,control
43057,treatment
43058,treatment
43059,treatment
43060,treatment
43061,control
43062,treatment
43063,control
43064,treatment
43065,treatment
43066,control
43067,treatment
43068,control
43069,treatment
43070,control
43071,treatment
43072,treatment
43073,treatment
43074,treatment
43075,control
43076,control
43077,treatment
43078,treatment
43079,treatment
43080,control
43081,treatment
43082,treatment
43083,treatment
43084,control
43085,treatment
43086,treatment
43087,control
43088,control
43089,treatment
43090,control
43091,control
43092,treatment
43093,control
43094,control
43095,treatment
43096,control
43097,control
43098,control
43099,control
43100,control
43101,treatment
43102,treatment
43103,control
43104,control
43105,treatment
43106,treatment
43107,control
43108,control
43109,control
43110,treatment
43111,treatment
43112,control
43113,control
43114,control
43115,control
43116,treatment
43117,control
43118,control
43119,control
43120,treatment
43121,control
43122,control
43123,treatment
43124,control
43125,control
43126,treatment
43127,treatment
43128,treatment
43129,control
43130,control
43131,control
43132,treatment
43133,control
43134,control
43135,treatment
43136,control
43137,treatment
43138,control
43139,treatment
43140,treatment
43141,control
43142,control
43143,treatment
43144,control
43145,control
43146,control
43147,control
43148,control
43149,control
43150,control
43151,control
43152,control
43153,control
43154,treatment
43155,treatment
43156,control
43157,control
43158,control
43159,treatment
43160,treatment
43161,treatment
43162,treatment
43163,treatment
43164,control
43165,treatment
43166,control
43167,treatment
43168,treatment
43169,control
43170,control
43171,treatment
43172,control
43173,control
43174,treatment
43175,control
43176,control
43177,control
43178,treatment
43179,treatment
43180,control
43181,control
43182,treatment
43183,treatment
43184,control
43185,treatment
43186,control
43187,treatment
43188,control
43189,control
43190,treatment
43191,control
43192,control
43193,treatment
43194,treatment
43195,treatment
43196,control
43197,treatment
43198,control
43199,control
43200,control
43201,control
43202,control
43203,control
43204,treatment
43205,control
43206,control
43207,control
43208,treatment
43209,control
43210,treatment
43211,treatment
43212,control
43213,treatment
43214,control
43215,control
43216,treatment
43217,treatment
43218,control
43219,treatment
43220,control
43221,control
43222,control
43223,treatment
43224,treatment
43225,treatment
43226,treatment
43227,control
43228,treatment
43229,treatment
43230,treatment
43231,control
43232,control
43233,treatment
43234,control
43235,treatment
43236,control
43237,control
43238,control
43239,control
43240,control
43241,treatment
43242,treatment
43243,treatment
43244,treatment
43245,control
43246,control
43247,treatment
43248,treatment
43249,treatment
43250,control
43251,control
43252,control
43253,treatment
43254,treatment
43255,treatment
43256,control
43257,treatment
43258,treatment
43259,control
43260,control
43261,control
43262,treatment
43263,control
43264,control
43265,control
43266,control
43267,control
43268,control
43269,treatment
43270,treatment
43271,treatment
43272,treatment
43273,control
43274,treatment
43275,control
43276,control
43277,treatment
43278,control
43279,control
43280,treatment
43281,treatment
43282,treatment
43283,treatment
43284,treatment
43285,treatment
43286,control
43287,control
43288,control
43289,treatment
43290,control
43291,control
43292,control
43293,treatment
43294,treatment
43295,control
43296,treatment
43297,treatment
43298,treatment
43299,control
43300,control
43301,control
43302,control
43303,treatment
43304,control
43305,treatment
43306,treatment
43307,control
43308,control
43309,control
43310,control
43311,treatment
43312,treatment
43313,treatment
43314,treatment
43315,treatment
43316,control
43317,control
43318,control
43319,treatment
43320,treatment
43321,treatment
43322,treatment
43323,treatment
43324,treatment
43325,treatment
43326,control
43327,control
43328,treatment
43329,treatment
43330,treatment
43331,control
43332,treatment
43333,control
43334,control
43335,control
43336,control
43337,treatment
43338,control
43339,treatment
43340,treatment
43341,control
43342,treatment
43343,treatment
43344,treatment
43345,control
43346,control
43347,control
43348,treatment
43349,control
43350,treatment
43351,control
43352,treatment
43353,treatment
43354,treatment
43355,treatment
43356,control
43357,treatment
43358,control
43359,control
43360,treatment
43361,treatment
43362,control
43363,treatment
43364,control
43365,treatment
43366,control
43367,control
43368,control
43369,treatment
43370,control
43371,control
43372,control
43373,treatment
43374,treatment
43375,control
43376,treatment
43377,treatment
43378,treatment
43379,control
43380,treatment
43381,treatment
43382,control
43383,treatment
43384,treatment
43385,treatment
43386,treatment
43387,treatment
43388,treatment
43389,treatment
43390,control
43391,control
43392,control
43393,treatment
43394,treatment
43395,control
43396,control
43397,treatment
43398,control
43399,control
43400,control
43401,treatment
43402,treatment
43403,control
43404,treatment
43405,control
43406,treatment
43407,treatment
43408,control
43409,treatment
43410,control
43411,control
43412,treatment
43413,control
43414,treatment
43415,control
43416,treatment
43417,treatment
43418,control
43419,treatment
43420,control
43421,treatment
43422,control
43423,treatment
43424,treatment
43425,control
43426,treatment
43427,treatment
43428,control
43429,treatment
43430,treatment
43431,control
43432,control
43433,control
43434,control
43435,control
43436,treatment
43437,treatment
43438,control
43439,treatment
43440,control
43441,control
43442,control
43443,treatment
43444,treatment
43445,treatment
43446,treatment
43447,control
43448,control
43449,control
43450,control
43451,control
43452,treatment
43453,control
43454,control
43455,control
43456,control
43457,treatment
43458,treatment
43459,treatment
43460,treatment
43461,control
43462,control
43463,control
43464,control
43465,treatment
43466,control
43467,treatment
43468,treatment
43469,treatment
43470,treatment
43471,treatment
43472,control
43473,control
43474,treatment
43475,control
43476,treatment
43477,treatment
43478,treatment
43479,control
43480,treatment
43481,control
43482,control
43483,treatment
43484,control
43485,treatment
43486,control
43487,control
43488,control
43489,treatment
43490,control
43491,control
43492,control
43493,treatment
43494,treatment
43495,control
43496,treatment
43497,control
43498,control
43499,treatment
43500,treatment
43501,treatment
43502,control
43503,treatment
43504,treatment
43505,treatment
43506,control
43507,treatment
43508,treatment
43509,treatment
43510,control
43511,treatment
43512,treatment
43513,control
43514,control
43515,treatment
43516,treatment
43517,control
43518,treatment
43519,control
43520,treatment
43521,control
43522,control
43523,control
43524,control
43525,treatment
43526,treatment
43527,treatment
43528,control
43529,treatment
43530,treatment
43531,treatment
43532,treatment
43533,control
43534,control
43535,treatment
43536,treatment
43537,treatment
43538,control
43539,treatment
43540,treatment
43541,control
43542,control
43543,treatment
43544,treatment
43545,treatment
43546,treatment
43547,control
43548,treatment
43549,control
43550,control
43551,control
43552,control
43553,treatment
43554,control
43555,treatment
43556,treatment
43557,control
43558,control
43559,control
43560,treatment
43561,treatment
43562,control
43563,treatment
43564,treatment
43565,control
43566,control
43567,control
43568,treatment
43569,treatment
43570,control
43571,treatment
43572,treatment
43573,treatment
43574,treatment
43575,treatment
43576,control
43577,treatment
43578,treatment
43579,control
43580,control
43581,control
43582,treatment
43583,control
43584,treatment
43585,treatment
43586,treatment
43587,treatment
43588,treatment
43589,control
43590,treatment
43591,treatment
43592,control
43593,control
43594,treatment
43595,control
43596,control
43597,treatment
43598,control
43599,control
43600,treatment
43601,control
43602,control
43603,control
43604,treatment
43605,control
43606,treatment
43607,control
43608,treatment
43609,control
43610,control
43611,treatment
43612,treatment
43613,control
43614,control
43615,control
43616,treatment
43617,treatment
43618,treatment
43619,treatment
43620,treatment
43621,control
43622,treatment
43623,treatment
43624,treatment
43625,control
43626,treatment
43627,treatment
43628,control
43629,treatment
43630,control
43631,control
43632,treatment
43633,treatment
43634,control
43635,treatment
43636,control
43637,treatment
43638,treatment
43639,treatment
43640,treatment
43641,control
43642,control
43643,treatment
43644,control
43645,treatment
43646,treatment
43647,treatment
43648,treatment
43649,treatment
43650,control
43651,control
43652,treatment
43653,control
43654,control
43655,control
43656,treatment
43657,treatment
43658,treatment
43659,control
43660,control
43661,treatment
43662,control
43663,treatment
43664,treatment
43665,control
43666,treatment
43667,treatment
43668,treatment
43669,treatment
43670,treatment
43671,treatment
43672,treatment
43673,control
43674,control
43675,treatment
43676,control
43677,control
43678,control
43679,treatment
43680,control
43681,control
43682,treatment
43683,treatment
43684,treatment
43685,control
43686,treatment
43687,control
43688,control
43689,treatment
43690,treatment
43691,control
43692,control
43693,control
43694,treatment
43695,treatment
43696,control
43697,treatment
43698,treatment
43699,control
43700,control
43701,control
43702,treatment
43703,control
43704,control
43705,control
43706,treatment
43707,treatment
43708,treatment
43709,control
43710,treatment
43711,control
43712,control
43713,treatment
43714,control
43715,control
43716,control
43717,treatment
43718,treatment
43719,treatment
43720,control
43721,treatment
43722,treatment
43723,control
43724,treatment
43725,treatment
43726,treatment
43727,treatment
43728,treatment
43729,control
43730,control
43731,treatment
43732,control
43733,control
43734,control
43735,control
43736,treatment
43737,treatment
43738,control
43739,control
43740,control
43741,treatment
43742,control
43743,treatment
43744,control
43745,treatment
43746,treatment
43747,control
43748,control
43749,treatment
43750,treatment
43751,treatment
43752,treatment
43753,control
43754,treatment
43755,control
43756,control
43757,treatment
43758,control
43759,control
43760,treatment
43761,treatment
43762,treatment
43763,treatment
43764,treatment
43765,treatment
43766,control
43767,treatment
43768,control
43769,control
43770,treatment
43771,treatment
43772,control
43773,treatment
43774,treatment
43775,treatment
43776,treatment
43777,control
43778,control
43779,treatment
43780,treatment
43781,control
43782,treatment
43783,control
43784,treatment
43785,control
43786,treatment
43787,treatment
43788,treatment
43789,treatment
43790,control
43791,treatment
43792,control
43793,treatment
43794,control
43795,control
43796,treatment
43797,control
43798,control
43799,treatment
43800,control
43801,control
43802,treatment
43803,treatment
43804,treatment
43805,treatment
43806,control
43807,treatment
43808,treatment
43809,control
43810,control
43811,control
43812,control
43813,treatment
43814,treatment
43815,control
43816,treatment
43817,treatment
43818,control
43819,control
43820,control
43821,treatment
43822,control
43823,control
43824,treatment
43825,control
43826,control
43827,treatment
43828,control
43829,control
43830,treatment
43831,treatment
43832,treatment
43833,control
43834,treatment
43835,control
43836,treatment
43837,control
43838,treatment
43839,control
43840,control
43841,control
43842,treatment
43843,treatment
43844,treatment
43845,control
43846,treatment
43847,treatment
43848,treatment
43849,control
43850,treatment
43851,control
43852,treatment
43853,control
43854,treatment
43855,control
43856,control
43857,treatment
43858,treatment
43859,treatment
43860,treatment
43861,control
43862,treatment
43863,treatment
43864,control
43865,treatment
43866,treatment
43867,control
43868,treatment
43869,treatment
43870,control
43871,treatment
43872,treatment
43873,treatment
43874,treatment
43875,control
43876,treatment
43877,control
43878,treatment
43879,treatment
43880,control
43881,control
43882,control
43883,control
43884,control
43885,treatment
43886,control
43887,treatment
43888,control
43889,treatment
43890,treatment
43891,control
43892,control
43893,treatment
43894,treatment
43895,control
43896,control
43897,treatment
43898,treatment
43899,treatment
43900,control
43901,control
43902,treatment
43903,control
43904,treatment
43905,treatment
43906,control
43907,treatment
43908,treatment
43909,control
43910,control
43911,control
43912,treatment
43913,treatment
43914,treatment
43915,treatment
43916,treatment
43917,control
43918,control
43919,control
43920,control
43921,control
43922,control
43923,control
43924,control
43925,control
43926,control
43927,control
43928,treatment
43929,control
43930,control
43931,control
43932,treatment
43933,treatment
43934,treatment
43935,control
43936,treatment
43937,treatment
43938,treatment
43939,treatment
43940,control
43941,treatment
43942,treatment
43943,control
43944,treatment
43945,control
43946,treatment
43947,control
43948,control
43949,control
43950,control
43951,control
43952,control
43953,treatment
43954,control
43955,treatment
43956,control
43957,treatment
43958,control
43959,treatment
43960,control
43961,control
43962,control
43963,treatment
43964,treatment
43965,control
43966,treatment
43967,control
43968,treatment
43969,treatment
43970,control
43971,control
43972,treatment
43973,control
43974,treatment
43975,control
43976,treatment
43977,control
43978,treatment
43979,treatment
43980,control
43981,treatment
43982,control
43983,treatment
43984,treatment
43985,control
43986,control
43987,control
43988,treatment
43989,treatment
43990,control
43991,treatment
43992,control
43993,treatment
43994,control
43995,treatment
43996,control
43997,control
43998,treatment
43999,treatment
44000,treatment
44001,control
44002,control
44003,treatment
44004,control
44005,treatment
44006,control
44007,treatment
44008,treatment
44009,treatment
44010,treatment
44011,control
44012,control
44013,treatment
44014,treatment
44015,treatment
44016,control
44017,treatment
44018,treatment
44019,control
44020,treatment
44021,control
44022,control
44023,control
44024,treatment
44025,control
44026,control
44027,control
44028,treatment
44029,treatment
44030,control
44031,control
44032,control
44033,control
44034,treatment
44035,treatment
44036,control
44037,control
44038,treatment
44039,treatment
44040,treatment
44041,control
44042,treatment
44043,control
44044,treatment
44045,control
44046,treatment
44047,control
44048,treatment
44049,control
44050,treatment
44051,treatment
44052,control
44053,treatment
44054,control
44055,treatment
44056,control
44057,treatment
44058,control
44059,treatment
44060,control
44061,treatment
44062,control
44063,treatment
44064,treatment
44065,treatment
44066,control
44067,control
44068,control
44069,control
44070,treatment
44071,treatment
44072,control
44073,control
44074,control
44075,control
44076,treatment
44077,control
44078,treatment
44079,control
44080,treatment
44081,treatment
44082,treatment
44083,control
44084,treatment
44085,treatment
44086,control
44087,treatment
44088,control
44089,treatment
44090,treatment
44091,control
44092,treatment
44093,control
44094,control
44095,control
44096,treatment
44097,control
44098,control
44099,control
44100,control
44101,treatment
44102,control
44103,control
44104,treatment
44105,treatment
44106,treatment
44107,treatment
44108,treatment
44109,treatment
44110,control
44111,control
44112,control
44113,control
44114,control
44115,control
44116,treatment
44117,control
44118,control
44119,control
44120,control
44121,treatment
44122,treatment
44123,treatment
44124,treatment
44125,control
44126,control
44127,control
44128,treatment
44129,treatment
44130,control
44131,treatment
44132,treatment
44133,control
44134,treatment
44135,treatment
44136,control
44137,treatment
44138,treatment
44139,control
44140,control
44141,treatment
44142,treatment
44143,treatment
44144,treatment
44145,control
44146,control
44147,control
44148,treatment
44149,treatment
44150,treatment
44151,control
44152,treatment
44153,control
44154,treatment
44155,control
44156,control
44157,treatment
44158,control
44159,control
44160,control
44161,control
44162,treatment
44163,control
44164,control
44165,control
44166,treatment
44167,treatment
44168,treatment
44169,treatment
44170,control
44171,treatment
44172,control
44173,treatment
44174,treatment
44175,control
44176,control
44177,control
44178,treatment
44179,treatment
44180,control
44181,treatment
44182,control
44183,control
44184,treatment
44185,control
44186,control
44187,treatment
44188,control
44189,treatment
44190,control
44191,treatment
44192,control
44193,treatment
44194,treatment
44195,control
44196,treatment
44197,control
44198,treatment
44199,treatment
44200,control
44201,control
44202,control
44203,control
44204,control
44205,control
44206,treatment
44207,control
44208,treatment
44209,control
44210,control
44211,control
44212,treatment
44213,treatment
44214,control
44215,control
44216,control
44217,treatment
44218,control
44219,control
44220,control
44221,control
44222,control
44223,treatment
44224,control
44225,treatment
44226,treatment
44227,treatment
44228,treatment
44229,control
44230,treatment
44231,treatment
44232,treatment
44233,control
44234,control
44235,control
44236,treatment
44237,control
44238,control
44239,control
44240,control
44241,treatment
44242,treatment
44243,control
44244,treatment
44245,control
44246,treatment
44247,control
44248,treatment
44249,treatment
44250,control
44251,treatment
44252,treatment
44253,treatment
44254,treatment
44255,control
44256,control
44257,control
44258,control
44259,treatment
44260,control
44261,treatment
44262,control
44263,treatment
44264,control
44265,treatment
44266,control
44267,treatment
44268,control
44269,treatment
44270,control
44271,control
44272,treatment
44273,control
44274,control
44275,treatment
44276,control
44277,treatment
44278,control
44279,treatment
44280,control
44281,control
44282,treatment
44283,treatment
44284,treatment
44285,treatment
44286,treatment
44287,treatment
44288,treatment
44289,treatment
44290,treatment
44291,control
44292,control
44293,control
44294,control
44295,control
44296,control
44297,control
44298,control
44299,treatment
44300,control
44301,control
44302,treatment
44303,control
44304,control
44305,treatment
44306,control
44307,treatment
44308,treatment
44309,treatment
44310,treatment
44311,treatment
44312,treatment
44313,treatment
44314,control
44315,control
44316,treatment
44317,treatment
44318,control
44319,treatment
44320,control
44321,control
44322,treatment
44323,treatment
44324,control
44325,treatment
44326,control
44327,treatment
44328,treatment
44329,treatment
44330,control
44331,control
44332,control
44333,treatment
44334,treatment
44335,control
44336,treatment
44337,control
44338,control
44339,treatment
44340,control
44341,control
44342,treatment
44343,control
44344,treatment
44345,control
44346,treatment
44347,control
44348,treatment
44349,control
44350,treatment
44351,treatment
44352,treatment
44353,treatment
44354,treatment
44355,treatment
44356,control
44357,control
44358,control
44359,treatment
44360,control
44361,treatment
44362,control
44363,treatment
44364,control
44365,control
44366,treatment
44367,control
44368,treatment
44369,treatment
44370,control
44371,treatment
44372,treatment
44373,control
44374,treatment
44375,control
44376,treatment
44377,control
44378,control
44379,treatment
44380,control
44381,treatment
44382,control
44383,control
44384,control
44385,control
44386,treatment
44387,treatment
44388,treatment
44389,treatment
44390,treatment
44391,treatment
44392,treatment
44393,treatment
44394,control
44395,treatment
44396,control
44397,control
44398,treatment
44399,treatment
44400,control
44401,control
44402,treatment
44403,control
44404,control
44405,control
44406,treatment
44407,treatment
44408,control
44409,control
44410,control
44411,control
44412,treatment
44413,control
44414,control
44415,control
44416,treatment
44417,control
44418,treatment
44419,control
44420,control
44421,treatment
44422,control
44423,treatment
44424,treatment
44425,control
44426,control
44427,treatment
44428,control
44429,treatment
44430,control
44431,treatment
44432,control
44433,treatment
44434,control
44435,treatment
44436,control
44437,control
44438,treatment
44439,treatment
44440,treatment
44441,treatment
44442,treatment
44443,control
44444,treatment
44445,control
44446,treatment
44447,treatment
44448,treatment
44449,treatment
44450,treatment
44451,control
44452,treatment
44453,treatment
44454,treatment
44455,control
44456,treatment
44457,control
44458,control
44459,treatment
44460,treatment
44461,treatment
44462,treatment
44463,control
44464,control
44465,treatment
44466,control
44467,control
44468,control
44469,control
44470,control
44471,treatment
44472,treatment
44473,treatment
44474,control
44475,control
44476,control
44477,control
44478,treatment
44479,control
44480,treatment
44481,treatment
44482,treatment
44483,control
44484,control
44485,control
44486,treatment
44487,treatment
44488,treatment
44489,control
44490,control
44491,treatment
44492,control
44493,treatment
44494,control
44495,treatment
44496,control
44497,control
44498,treatment
44499,treatment
44500,treatment
44501,control
44502,treatment
44503,control
44504,control
44505,control
44506,control
44507,control
44508,control
44509,control
44510,treatment
44511,treatment
44512,control
44513,control
44514,treatment
44515,treatment
44516,treatment
44517,treatment
44518,treatment
44519,control
44520,control
44521,control
44522,control
44523,control
44524,control
44525,treatment
44526,control
44527,treatment
44528,control
44529,control
44530,treatment
44531,control
44532,treatment
44533,treatment
44534,control
44535,control
44536,control
44537,control
44538,control
44539,treatment
44540,treatment
44541,control
44542,treatment
44543,treatment
44544,control
44545,treatment
44546,control
44547,treatment
44548,control
44549,treatment
44550,treatment
44551,control
44552,treatment
44553,control
44554,control
44555,treatment
44556,treatment
44557,control
44558,treatment
44559,treatment
44560,treatment
44561,treatment
44562,treatment
44563,treatment
44564,control
44565,control
44566,treatment
44567,treatment
44568,control
44569,control
44570,control
44571,treatment
44572,treatment
44573,treatment
44574,control
44575,treatment
44576,control
44577,control
44578,treatment
44579,treatment
44580,treatment
44581,treatment
44582,control
44583,control
44584,treatment
44585,control
44586,treatment
44587,treatment
44588,treatment
44589,control
44590,control
44591,control
44592,treatment
44593,control
44594,treatment
44595,control
44596,treatment
44597,treatment
44598,control
44599,control
44600,control
44601,treatment
44602,treatment
44603,control
44604,control
44605,control
44606,treatment
44607,control
44608,treatment
44609,treatment
44610,treatment
44611,treatment
44612,control
44613,treatment
44614,treatment
44615,treatment
44616,control
44617,control
44618,treatment
44619,treatment
44620,treatment
44621,treatment
44622,control
44623,treatment
44624,control
44625,control
44626,control
44627,control
44628,control
44629,treatment
44630,control
44631,treatment
44632,treatment
44633,control
44634,treatment
44635,control
44636,control
44637,control
44638,treatment
44639,control
44640,treatment
44641,control
44642,treatment
44643,treatment
44644,treatment
44645,treatment
44646,treatment
44647,treatment
44648,control
44649,treatment
44650,control
44651,treatment
44652,treatment
44653,control
44654,control
44655,treatment
44656,control
44657,control
44658,treatment
44659,treatment
44660,control
44661,treatment
44662,control
44663,control
44664,treatment
44665,control
44666,control
44667,treatment
44668,treatment
44669,treatment
44670,control
44671,treatment
44672,treatment
44673,treatment
44674,control
44675,control
44676,control
44677,treatment
44678,control
44679,control
44680,treatment
44681,treatment
44682,control
44683,treatment
44684,control
44685,treatment
44686,treatment
44687,treatment
44688,treatment
44689,control
44690,treatment
44691,control
44692,control
44693,control
44694,treatment
44695,treatment
44696,control
44697,treatment
44698,control
44699,treatment
44700,treatment
44701,control
44702,treatment
44703,treatment
44704,treatment
44705,control
44706,control
44707,control
44708,treatment
44709,treatment
44710,treatment
44711,treatment
44712,control
44713,control
44714,control
44715,treatment
44716,control
44717,treatment
44718,treatment
44719,control
44720,control
44721,treatment
44722,control
44723,treatment
44724,treatment
44725,treatment
44726,control
44727,control
44728,treatment
44729,control
44730,treatment
44731,treatment
44732,treatment
44733,control
44734,control
44735,control
44736,treatment
44737,control
44738,treatment
44739,treatment
44740,treatment
44741,treatment
44742,control
44743,treatment
44744,control
44745,control
44746,control
44747,control
44748,control
44749,control
44750,control
44751,control
44752,control
44753,control
44754,control
44755,control
44756,treatment
44757,control
44758,treatment
44759,control
44760,treatment
44761,treatment
44762,control
44763,control
44764,control
44765,control
44766,control
44767,treatment
44768,treatment
44769,treatment
44770,control
44771,treatment
44772,control
44773,treatment
44774,treatment
44775,treatment
44776,control
44777,control
44778,control
44779,treatment
44780,treatment
44781,control
44782,treatment
44783,control
44784,control
44785,treatment
44786,treatment
44787,treatment
44788,treatment
44789,treatment
44790,treatment
44791,treatment
44792,treatment
44793,treatment
44794,treatment
44795,control
44796,control
44797,treatment
44798,treatment
44799,control
44800,control
44801,control
44802,treatment
44803,treatment
44804,control
44805,control
44806,control
44807,control
44808,control
44809,control
44810,control
44811,treatment
44812,treatment
44813,treatment
44814,control
44815,treatment
44816,treatment
44817,control
44818,control
44819,control
44820,treatment
44821,treatment
44822,treatment
44823,treatment
44824,control
44825,treatment
44826,control
44827,treatment
44828,treatment
44829,treatment
44830,control
44831,control
44832,control
44833,treatment
44834,control
44835,control
44836,treatment
44837,treatment
44838,treatment
44839,control
44840,control
44841,treatment
44842,treatment
44843,control
44844,treatment
44845,control
44846,treatment
44847,control
44848,treatment
44849,control
44850,treatment
44851,control
44852,treatment
44853,treatment
44854,control
44855,control
44856,treatment
44857,treatment
44858,treatment
44859,treatment
44860,treatment
44861,treatment
44862,control
44863,treatment
44864,treatment
44865,control
44866,treatment
44867,treatment
44868,control
44869,treatment
44870,treatment
44871,control
44872,treatment
44873,control
44874,treatment
44875,control
44876,control
44877,treatment
44878,treatment
44879,treatment
44880,treatment
44881,control
44882,control
44883,treatment
44884,control
44885,control
44886,control
44887,treatment
44888,treatment
44889,control
44890,treatment
44891,treatment
44892,control
44893,control
44894,treatment
44895,control
44896,treatment
44897,control
44898,control
44899,control
44900,treatment
44901,treatment
44902,treatment
44903,treatment
44904,treatment
44905,treatment
44906,control
44907,treatment
44908,treatment
44909,treatment
44910,treatment
44911,control
44912,control
44913,treatment
44914,treatment
44915,treatment
44916,control
44917,treatment
44918,treatment
44919,treatment
44920,control
44921,treatment
44922,treatment
44923,control
44924,control
44925,treatment
44926,control
44927,control
44928,treatment
44929,control
44930,control
44931,treatment
44932,control
44933,control
44934,treatment
44935,treatment
44936,control
44937,control
44938,treatment
44939,treatment
44940,treatment
44941,treatment
44942,control
44943,treatment
44944,treatment
44945,treatment
44946,treatment
44947,treatment
44948,treatment
44949,control
44950,control
44951,control
44952,treatment
44953,control
44954,treatment
44955,control
44956,control
44957,control
44958,treatment
44959,treatment
44960,treatment
44961,control
44962,control
44963,treatment
44964,treatment
44965,treatment
44966,treatment
44967,treatment
44968,control
44969,treatment
44970,control
44971,treatment
44972,treatment
44973,treatment
44974,treatment
44975,control
44976,control
44977,control
44978,treatment
44979,treatment
44980,treatment
44981,treatment
44982,treatment
44983,control
44984,control
44985,control
44986,control
44987,control
44988,treatment
44989,control
44990,control
44991,control
44992,treatment
44993,treatment
44994,treatment
44995,control
44996,treatment
44997,control
44998,control
44999,treatment
45000,treatment
45001,control
45002,treatment
45003,control
45004,control
45005,treatment
45006,treatment
45007,control
45008,control
45009,control
45010,control
45011,treatment
45012,control
45013,control
45014,treatment
45015,control
45016,treatment
45017,treatment
45018,control
45019,control
45020,treatment
45021,control
45022,treatment
45023,treatment
45024,treatment
45025,control
45026,treatment
45027,treatment
45028,control
45029,treatment
45030,treatment
45031,control
45032,control
45033,control
45034,treatment
45035,treatment
45036,treatment
45037,control
45038,control
45039,control
45040,treatment
45041,treatment
45042,control
45043,control
45044,control
45045,treatment
45046,treatment
45047,control
45048,control
45049,treatment
45050,treatment
45051,control
45052,treatment
45053,control
45054,control
45055,control
45056,treatment
45057,control
45058,treatment
45059,control
45060,control
45061,control
45062,treatment
45063,treatment
45064,control
45065,control
45066,treatment
45067,control
45068,treatment
45069,treatment
45070,treatment
45071,control
45072,treatment
45073,control
45074,control
45075,control
45076,control
45077,control
45078,treatment
45079,control
45080,control
45081,control
45082,treatment
45083,treatment
45084,control
45085,control
45086,treatment
45087,control
45088,control
45089,control
45090,control
45091,control
45092,control
45093,control
45094,treatment
45095,control
45096,control
45097,treatment
45098,treatment
45099,treatment
45100,treatment
45101,treatment
45102,control
45103,treatment
45104,treatment
45105,control
45106,control
45107,treatment
45108,control
45109,treatment
45110,control
45111,control
45112,treatment
45113,treatment
45114,control
45115,control
45116,control
45117,treatment
45118,control
45119,control
45120,treatment
45121,treatment
45122,treatment
45123,control
45124,treatment
45125,treatment
45126,control
45127,treatment
45128,treatment
45129,control
45130,control
45131,treatment
45132,treatment
45133,treatment
45134,treatment
45135,control
45136,control
45137,treatment
45138,treatment
45139,control
45140,control
45141,treatment
45142,control
45143,control
45144,control
45145,treatment
45146,control
45147,control
45148,control
45149,control
45150,control
45151,treatment
45152,control
45153,treatment
45154,control
45155,treatment
45156,treatment
45157,control
45158,treatment
45159,treatment
45160,treatment
45161,treatment
45162,control
45163,treatment
45164,treatment
45165,treatment
45166,control
45167,control
45168,control
45169,treatment
45170,control
45171,treatment
45172,treatment
45173,treatment
45174,treatment
45175,control
45176,treatment
45177,treatment
45178,treatment
45179,control
45180,control
45181,treatment
45182,treatment
45183,control
45184,treatment
45185,control
45186,treatment
45187,treatment
45188,control
45189,treatment
45190,control
45191,control
45192,treatment
45193,control
45194,control
45195,treatment
45196,control
45197,control
45198,treatment
45199,control
45200,treatment
45201,treatment
45202,control
45203,control
45204,control
45205,control
45206,control
45207,treatment
45208,treatment
45209,control
45210,treatment
45211,treatment
45212,control
45213,treatment
45214,treatment
45215,treatment
45216,control
45217,treatment
45218,treatment
45219,treatment
45220,treatment
45221,control
45222,treatment
45223,treatment
45224,control
45225,control
45226,control
45227,treatment
45228,treatment
45229,control
45230,treatment
45231,control
45232,treatment
45233,treatment
45234,control
45235,control
45236,control
45237,treatment
45238,treatment
45239,control
45240,control
45241,treatment
45242,control
45243,treatment
45244,treatment
45245,control
45246,control
45247,treatment
45248,control
45249,control
45250,treatment
45251,treatment
45252,control
45253,treatment
45254,control
45255,treatment
45256,control
45257,treatment
45258,control
45259,control
45260,control
45261,treatment
45262,treatment
45263,treatment
45264,control
45265,control
45266,control
45267,control
45268,treatment
45269,control
45270,treatment
45271,control
45272,treatment
45273,treatment
45274,treatment
45275,treatment
45276,treatment
45277,treatment
45278,treatment
45279,control
45280,treatment
45281,treatment
45282,treatment
45283,control
45284,treatment
45285,control
45286,treatment
45287,treatment
45288,control
45289,control
45290,treatment
45291,control
45292,treatment
45293,control
45294,control
45295,control
45296,control
45297,control
45298,control
45299,treatment
45300,control
45301,control
45302,treatment
45303,treatment
45304,treatment
45305,control
45306,treatment
45307,control
45308,treatment
45309,treatment
45310,treatment
45311,treatment
45312,control
45313,treatment
45314,treatment
45315,control
45316,treatment
45317,control
45318,treatment
45319,control
45320,control
45321,treatment
45322,treatment
45323,control
45324,control
45325,treatment
45326,control
45327,control
45328,treatment
45329,control
45330,treatment
45331,treatment
45332,control
45333,control
45334,control
45335,control
45336,treatment
45337,control
45338,treatment
45339,control
45340,control
45341,treatment
45342,control
45343,treatment
45344,treatment
45345,control
45346,control
45347,control
45348,control
45349,treatment
45350,treatment
45351,treatment
45352,treatment
45353,control
45354,treatment
45355,treatment
45356,treatment
45357,treatment
45358,treatment
45359,control
45360,treatment
45361,control
45362,control
45363,control
45364,treatment
45365,control
45366,treatment
45367,treatment
45368,control
45369,control
45370,control
45371,treatment
45372,control
45373,control
45374,control
45375,control
45376,treatment
45377,control
45378,control
45379,treatment
45380,control
45381,control
45382,control
45383,control
45384,control
45385,treatment
45386,treatment
45387,treatment
45388,control
45389,treatment
45390,control
45391,treatment
45392,treatment
45393,control
45394,control
45395,control
45396,control
45397,control
45398,control
45399,control
45400,treatment
45401,control
45402,treatment
45403,treatment
45404,control
45405,control
45406,treatment
45407,control
45408,control
45409,treatment
45410,treatment
45411,control
45412,treatment
45413,treatment
45414,control
45415,control
45416,control
45417,treatment
45418,control
45419,treatment
45420,control
45421,control
45422,treatment
45423,treatment
45424,control
45425,treatment
45426,treatment
45427,control
45428,control
45429,control
45430,control
45431,treatment
45432,control
45433,treatment
45434,control
45435,control
45436,control
45437,control
45438,control
45439,control
45440,control
45441,treatment
45442,treatment
45443,control
45444,control
45445,control
45446,treatment
45447,treatment
45448,treatment
45449,control
45450,control
45451,control
45452,treatment
45453,treatment
45454,treatment
45455,treatment
45456,control
45457,treatment
45458,treatment
45459,control
45460,control
45461,treatment
45462,control
45463,treatment
45464,treatment
45465,control
45466,treatment
45467,control
45468,treatment
45469,treatment
45470,control
45471,treatment
45472,control
45473,control
45474,control
45475,treatment
45476,treatment
45477,control
45478,treatment
45479,control
45480,treatment
45481,treatment
45482,treatment
45483,control
45484,treatment
45485,control
45486,treatment
45487,treatment
45488,control
45489,control
45490,treatment
45491,control
45492,treatment
45493,control
45494,control
45495,treatment
45496,control
45497,control
45498,treatment
45499,control
45500,control
45501,treatment
45502,treatment
45503,treatment
45504,control
45505,treatment
45506,control
45507,control
45508,control
45509,treatment
45510,control
45511,control
45512,treatment
45513,treatment
45514,control
45515,treatment
45516,treatment
45517,control
45518,treatment
45519,treatment
45520,treatment
45521,control
45522,treatment
45523,control
45524,treatment
45525,treatment
45526,control
45527,treatment
45528,treatment
45529,treatment
45530,control
45531,control
45532,control
45533,control
45534,treatment
45535,control
45536,control
45537,treatment
45538,control
45539,control
45540,control
45541,treatment
45542,control
45543,control
45544,control
45545,treatment
45546,control
45547,treatment
45548,treatment
45549,control
45550,control
45551,treatment
45552,control
45553,control
45554,treatment
45555,treatment
45556,treatment
45557,control
45558,treatment
45559,treatment
45560,control
45561,control
45562,treatment
45563,treatment
45564,control
45565,control
45566,treatment
45567,control
45568,control
45569,control
45570,control
45571,control
45572,treatment
45573,treatment
45574,treatment
45575,control
45576,treatment
45577,treatment
45578,treatment
45579,treatment
45580,control
45581,treatment
45582,treatment
45583,treatment
45584,control
45585,treatment
45586,control
45587,control
45588,treatment
45589,treatment
45590,control
45591,treatment
45592,treatment
45593,treatment
45594,treatment
45595,treatment
45596,treatment
45597,control
45598,control
45599,treatment
45600,control
45601,treatment
45602,control
45603,control
45604,control
45605,treatment
45606,control
45607,treatment
45608,treatment
45609,treatment
45610,treatment
45611,treatment
45612,treatment
45613,control
45614,treatment
45615,control
45616,treatment
45617,control
45618,control
45619,control
45620,treatment
45621,control
45622,control
45623,treatment
45624,treatment
45625,control
45626,treatment
45627,control
45628,treatment
45629,control
45630,control
45631,control
45632,control
45633,control
45634,treatment
45635,treatment
45636,control
45637,treatment
45638,treatment
45639,control
45640,treatment
45641,control
45642,treatment
45643,control
45644,treatment
45645,treatment
45646,control
45647,control
45648,control
45649,control
45650,control
45651,control
45652,treatment
45653,treatment
45654,control
45655,control
45656,control
45657,treatment
45658,control
45659,treatment
45660,control
45661,control
45662,control
45663,treatment
45664,treatment
45665,control
45666,treatment
45667,control
45668,control
45669,treatment
45670,treatment
45671,control
45672,treatment
45673,treatment
45674,control
45675,treatment
45676,treatment
45677,treatment
45678,treatment
45679,treatment
45680,treatment
45681,treatment
45682,treatment
45683,treatment
45684,control
45685,control
45686,treatment
45687,control
45688,treatment
45689,treatment
45690,control
45691,control
45692,treatment
45693,treatment
45694,treatment
45695,control
45696,treatment
45697,control
45698,treatment
45699,control
45700,treatment
45701,treatment
45702,control
45703,treatment
45704,control
45705,control
45706,control
45707,control
45708,treatment
45709,treatment
45710,treatment
45711,treatment
45712,control
45713,control
45714,treatment
45715,control
45716,treatment
45717,treatment
45718,control
45719,treatment
45720,treatment
45721,treatment
45722,control
45723,treatment
45724,treatment
45725,treatment
45726,treatment
45727,control
45728,control
45729,control
45730,treatment
45731,treatment
45732,control
45733,treatment
45734,treatment
45735,treatment
45736,treatment
45737,control
45738,control
45739,control
45740,control
45741,treatment
45742,treatment
45743,treatment
45744,treatment
45745,control
45746,treatment
45747,treatment
45748,treatment
45749,treatment
45750,control
45751,treatment
45752,treatment
45753,treatment
45754,control
45755,control
45756,treatment
45757,control
45758,control
45759,treatment
45760,control
45761,control
45762,control
45763,treatment
45764,control
45765,control
45766,control
45767,treatment
45768,control
45769,control
45770,treatment
45771,control
45772,treatment
45773,control
45774,treatment
45775,treatment
45776,treatment
45777,control
45778,treatment
45779,treatment
45780,control
45781,treatment
45782,control
45783,control
45784,treatment
45785,control
45786,control
45787,treatment
45788,control
45789,treatment
45790,treatment
45791,treatment
45792,control
45793,treatment
45794,treatment
45795,control
45796,control
45797,control
45798,treatment
45799,control
45800,control
45801,treatment
45802,control
45803,control
45804,control
45805,control
45806,treatment
45807,control
45808,control
45809,control
45810,control
45811,control
45812,control
45813,control
45814,control
45815,treatment
45816,treatment
45817,control
45818,control
45819,control
45820,treatment
45821,treatment
45822,control
45823,treatment
45824,control
45825,treatment
45826,treatment
45827,control
45828,control
45829,treatment
45830,control
45831,control
45832,control
45833,treatment
45834,control
45835,treatment
45836,treatment
45837,control
45838,treatment
45839,treatment
45840,control
45841,control
45842,treatment
45843,control
45844,control
45845,control
45846,control
45847,control
45848,control
45849,control
45850,control
45851,control
45852,treatment
45853,treatment
45854,control
45855,treatment
45856,control
45857,treatment
45858,control
45859,control
45860,control
45861,control
45862,control
45863,control
45864,treatment
45865,treatment
45866,control
45867,treatment
45868,control
45869,treatment
45870,treatment
45871,treatment
45872,control
45873,treatment
45874,treatment
45875,control
45876,treatment
45877,treatment
45878,treatment
45879,treatment
45880,control
45881,control
45882,treatment
45883,treatment
45884,treatment
45885,treatment
45886,control
45887,control
45888,control
45889,treatment
45890,treatment
45891,control
45892,treatment
45893,treatment
45894,treatment
45895,control
45896,control
45897,control
45898,control
45899,treatment
45900,control
45901,control
45902,control
45903,treatment
45904,treatment
45905,control
45906,control
45907,treatment
45908,treatment
45909,treatment
45910,control
45911,control
45912,treatment
45913,treatment
45914,control
45915,treatment
45916,control
45917,treatment
45918,treatment
45919,treatment
45920,control
45921,control
45922,treatment
45923,treatment
45924,treatment
45925,control
45926,control
45927,treatment
45928,treatment
45929,treatment
45930,control
45931,control
45932,treatment
45933,treatment
45934,control
45935,treatment
45936,control
45937,control
45938,control
45939,treatment
45940,treatment
45941,control
45942,control
45943,treatment
45944,control
45945,control
45946,treatment
45947,control
45948,treatment
45949,treatment
45950,control
45951,control
45952,control
45953,control
45954,treatment
45955,control
45956,control
45957,control
45958,treatment
45959,treatment
45960,control
45961,control
45962,control
45963,treatment
45964,control
45965,control
45966,treatment
45967,treatment
45968,treatment
45969,control
45970,treatment
45971,control
45972,treatment
45973,control
45974,treatment
45975,treatment
45976,treatment
45977,control
45978,control
45979,control
45980,treatment
45981,treatment
45982,treatment
45983,treatment
45984,control
45985,control
45986,treatment
45987,treatment
45988,treatment
45989,control
45990,treatment
45991,treatment
45992,treatment
45993,treatment
45994,control
45995,treatment
45996,control
45997,treatment
45998,control
45999,control
46000,treatment
46001,control
46002,treatment
46003,control
46004,treatment
46005,treatment
46006,treatment
46007,treatment
46008,control
46009,control
46010,control
46011,treatment
46012,treatment
46013,treatment
46014,treatment
46015,control
46016,treatment
46017,treatment
46018,control
46019,treatment
46020,treatment
46021,treatment
46022,treatment
46023,control
46024,treatment
46025,treatment
46026,treatment
46027,treatment
46028,control
46029,control
46030,treatment
46031,control
46032,control
46033,treatment
46034,control
46035,treatment
46036,treatment
46037,control
46038,control
46039,treatment
46040,treatment
46041,treatment
46042,control
46043,control
46044,treatment
46045,treatment
46046,treatment
46047,treatment
46048,control
46049,control
46050,treatment
46051,control
46052,treatment
46053,control
46054,treatment
46055,control
46056,treatment
46057,treatment
46058,control
46059,control
46060,control
46061,control
46062,control
46063,treatment
46064,treatment
46065,control
46066,treatment
46067,control
46068,treatment
46069,treatment
46070,control
46071,treatment
46072,treatment
46073,treatment
46074,control
46075,control
46076,treatment
46077,control
46078,control
46079,treatment
46080,treatment
46081,control
46082,treatment
46083,treatment
46084,control
46085,treatment
46086,control
46087,treatment
46088,control
46089,treatment
46090,treatment
46091,treatment
46092,treatment
46093,treatment
46094,control
46095,treatment
46096,treatment
46097,treatment
46098,control
46099,treatment
46100,treatment
46101,treatment
46102,control
46103,treatment
46104,control
46105,treatment
46106,treatment
46107,control
46108,treatment
46109,control
46110,control
46111,treatment
46112,control
46113,treatment
46114,treatment
46115,treatment
46116,control
46117,control
46118,treatment
46119,control
46120,control
46121,control
46122,control
46123,treatment
46124,control
46125,treatment
46126,control
46127,treatment
46128,treatment
46129,control
46130,treatment
46131,control
46132,treatment
46133,control
46134,control
46135,treatment
46136,treatment
46137,treatment
46138,treatment
46139,control
46140,treatment
46141,control
46142,control
46143,control
46144,treatment
46145,control
46146,control
46147,control
46148,control
46149,treatment
46150,control
46151,control
46152,control
46153,treatment
46154,treatment
46155,treatment
46156,treatment
46157,control
46158,control
46159,control
46160,control
46161,treatment
46162,treatment
46163,treatment
46164,treatment
46165,control
46166,control
46167,treatment
46168,control
46169,control
46170,treatment
46171,treatment
46172,treatment
46173,control
46174,control
46175,treatment
46176,control
46177,control
46178,treatment
46179,control
46180,control
46181,control
46182,control
46183,treatment
46184,control
46185,control
46186,control
46187,control
46188,treatment
46189,treatment
46190,treatment
46191,treatment
46192,treatment
46193,control
46194,control
46195,control
46196,treatment
46197,treatment
46198,treatment
46199,control
46200,control
46201,treatment
46202,control
46203,control
46204,control
46205,treatment
46206,treatment
46207,control
46208,control
46209,treatment
46210,control
46211,treatment
46212,treatment
46213,control
46214,control
46215,control
46216,control
46217,control
46218,control
46219,treatment
46220,treatment
46221,treatment
46222,treatment
46223,treatment
46224,treatment
46225,treatment
46226,control
46227,treatment
46228,control
46229,control
46230,treatment
46231,control
46232,control
46233,control
46234,treatment
46235,control
46236,treatment
46237,control
46238,treatment
46239,control
46240,control
46241,control
46242,control
46243,treatment
46244,control
46245,treatment
46246,control
46247,control
46248,control
46249,control
46250,treatment
46251,control
46252,treatment
46253,control
46254,control
46255,control
46256,treatment
46257,control
46258,control
46259,treatment
46260,control
46261,control
46262,treatment
46263,control
46264,control
46265,treatment
46266,control
46267,control
46268,treatment
46269,treatment
46270,treatment
46271,treatment
46272,control
46273,control
46274,control
46275,treatment
46276,treatment
46277,control
46278,control
46279,treatment
46280,treatment
46281,treatment
46282,control
46283,treatment
46284,treatment
46285,control
46286,treatment
46287,treatment
46288,control
46289,control
46290,control
46291,treatment
46292,control
46293,treatment
46294,treatment
46295,treatment
46296,treatment
46297,control
46298,control
46299,treatment
46300,treatment
46301,treatment
46302,control
46303,control
46304,treatment
46305,control
46306,control
46307,control
46308,treatment
46309,treatment
46310,control
46311,treatment
46312,treatment
46313,control
46314,treatment
46315,treatment
46316,control
46317,treatment
46318,treatment
46319,treatment
46320,control
46321,treatment
46322,treatment
46323,treatment
46324,control
46325,treatment
46326,treatment
46327,treatment
46328,treatment
46329,control
46330,treatment
46331,control
46332,control
46333,control
46334,control
46335,control
46336,control
46337,control
46338,control
46339,control
46340,treatment
46341,treatment
46342,treatment
46343,treatment
46344,treatment
46345,treatment
46346,treatment
46347,treatment
46348,control
46349,treatment
46350,treatment
46351,control
46352,treatment
46353,control
46354,control
46355,treatment
46356,treatment
46357,treatment
46358,treatment
46359,control
46360,treatment
46361,treatment
46362,treatment
46363,treatment
46364,treatment
46365,control
46366,treatment
46367,control
46368,control
46369,treatment
46370,treatment
46371,treatment
46372,treatment
46373,control
46374,treatment
46375,control
46376,control
46377,control
46378,treatment
46379,treatment
46380,treatment
46381,treatment
46382,treatment
46383,treatment
46384,control
46385,treatment
46386,control
46387,control
46388,control
46389,control
46390,treatment
46391,treatment
46392,treatment
46393,control
46394,treatment
46395,treatment
46396,treatment
46397,treatment
46398,control
46399,treatment
46400,control
46401,control
46402,control
46403,treatment
46404,control
46405,control
46406,control
46407,control
46408,treatment
46409,control
46410,control
46411,control
46412,control
46413,control
46414,treatment
46415,control
46416,treatment
46417,control
46418,control
46419,treatment
46420,treatment
46421,treatment
46422,control
46423,control
46424,control
46425,treatment
46426,control
46427,treatment
46428,control
46429,control
46430,control
46431,treatment
46432,treatment
46433,treatment
46434,treatment
46435,control
46436,treatment
46437,control
46438,control
46439,control
46440,treatment
46441,treatment
46442,treatment
46443,control
46444,treatment
46445,treatment
46446,treatment
46447,control
46448,control
46449,control
46450,treatment
46451,treatment
46452,control
46453,control
46454,control
46455,treatment
46456,control
46457,treatment
46458,treatment
46459,treatment
46460,treatment
46461,treatment
46462,control
46463,treatment
46464,control
46465,treatment
46466,control
46467,control
46468,treatment
46469,treatment
46470,treatment
46471,control
46472,treatment
46473,treatment
46474,treatment
46475,control
46476,control
46477,control
46478,treatment
46479,treatment
46480,treatment
46481,control
46482,treatment
46483,control
46484,treatment
46485,treatment
46486,control
46487,treatment
46488,control
46489,treatment
46490,treatment
46491,treatment
46492,control
46493,control
46494,control
46495,control
46496,treatment
46497,control
46498,treatment
46499,control
46500,treatment
46501,treatment
46502,treatment
46503,treatment
46504,control
46505,treatment
46506,control
46507,treatment
46508,control
46509,control
46510,treatment
46511,control
46512,control
46513,control
46514,treatment
46515,treatment
46516,control
46517,treatment
46518,treatment
46519,treatment
46520,treatment
46521,control
46522,control
46523,control
46524,treatment
46525,treatment
46526,control
46527,treatment
46528,treatment
46529,treatment
46530,treatment
46531,treatment
46532,control
46533,treatment
46534,treatment
46535,control
46536,control
46537,treatment
46538,control
46539,control
46540,treatment
46541,treatment
46542,control
46543,control
46544,treatment
46545,treatment
46546,treatment
46547,treatment
46548,treatment
46549,control
46550,control
46551,control
46552,control
46553,control
46554,control
46555,control
46556,treatment
46557,treatment
46558,treatment
46559,control
46560,treatment
46561,treatment
46562,treatment
46563,treatment
46564,treatment
46565,control
46566,control
46567,control
46568,treatment
46569,treatment
46570,control
46571,control
46572,treatment
46573,treatment
46574,treatment
46575,treatment
46576,control
46577,control
46578,control
46579,treatment
46580,treatment
46581,control
46582,control
46583,treatment
46584,control
46585,treatment
46586,treatment
46587,control
46588,control
46589,treatment
46590,treatment
46591,control
46592,control
46593,control
46594,treatment
46595,control
46596,treatment
46597,control
46598,control
46599,control
46600,control
46601,control
46602,control
46603,control
46604,treatment
46605,control
46606,treatment
46607,treatment
46608,control
46609,treatment
46610,control
46611,treatment
46612,treatment
46613,treatment
46614,treatment
46615,control
46616,treatment
46617,control
46618,treatment
46619,control
46620,control
46621,treatment
46622,treatment
46623,treatment
46624,control
46625,treatment
46626,control
46627,treatment
46628,treatment
46629,control
46630,control
46631,control
46632,control
46633,treatment
46634,control
46635,treatment
46636,treatment
46637,control
46638,treatment
46639,control
46640,control
46641,control
46642,control
46643,treatment
46644,control
46645,treatment
46646,control
46647,treatment
46648,control
46649,control
46650,control
46651,treatment
46652,treatment
46653,control
46654,treatment
46655,treatment
46656,control
46657,control
46658,control
46659,treatment
46660,treatment
46661,control
46662,treatment
46663,control
46664,treatment
46665,control
46666,treatment
46667,treatment
46668,treatment
46669,treatment
46670,control
46671,treatment
46672,control
46673,treatment
46674,control
46675,control
46676,treatment
46677,control
46678,control
46679,treatment
46680,control
46681,control
46682,treatment
46683,treatment
46684,control
46685,treatment
46686,treatment
46687,control
46688,treatment
46689,control
46690,treatment
46691,treatment
46692,control
46693,treatment
46694,control
46695,control
46696,treatment
46697,treatment
46698,control
46699,control
46700,control
46701,control
46702,control
46703,treatment
46704,treatment
46705,control
46706,treatment
46707,control
46708,control
46709,treatment
46710,treatment
46711,treatment
46712,treatment
46713,control
46714,treatment
46715,control
46716,treatment
46717,control
46718,treatment
46719,control
46720,treatment
46721,treatment
46722,control
46723,treatment
46724,treatment
46725,treatment
46726,treatment
46727,control
46728,control
46729,control
46730,treatment
46731,control
46732,control
46733,treatment
46734,control
46735,treatment
46736,treatment
46737,control
46738,control
46739,treatment
46740,control
46741,control
46742,treatment
46743,control
46744,control
46745,control
46746,treatment
46747,treatment
46748,treatment
46749,control
46750,control
46751,control
46752,treatment
46753,treatment
46754,treatment
46755,treatment
46756,control
46757,treatment
46758,control
46759,treatment
46760,treatment
46761,treatment
46762,control
46763,treatment
46764,control
46765,treatment
46766,control
46767,control
46768,treatment
46769,control
46770,treatment
46771,control
46772,control
46773,control
46774,control
46775,treatment
46776,treatment
46777,control
46778,control
46779,control
46780,treatment
46781,control
46782,treatment
46783,treatment
46784,treatment
46785,treatment
46786,control
46787,treatment
46788,control
46789,treatment
46790,control
46791,treatment
46792,control
46793,treatment
46794,control
46795,treatment
46796,control
46797,control
46798,control
46799,treatment
46800,control
46801,treatment
46802,control
46803,control
46804,treatment
46805,control
46806,control
46807,treatment
46808,control
46809,control
46810,treatment
46811,control
46812,treatment
46813,treatment
46814,control
46815,control
46816,control
46817,treatment
46818,control
46819,treatment
46820,control
46821,control
46822,treatment
46823,treatment
46824,control
46825,control
46826,control
46827,control
46828,control
46829,treatment
46830,control
46831,treatment
46832,control
46833,control
46834,control
46835,control
46836,treatment
46837,control
46838,treatment
46839,treatment
46840,control
46841,treatment
46842,treatment
46843,treatment
46844,treatment
46845,control
46846,treatment
46847,control
46848,treatment
46849,treatment
46850,treatment
46851,treatment
46852,control
46853,treatment
46854,control
46855,control
46856,treatment
46857,control
46858,control
46859,control
46860,control
46861,treatment
46862,treatment
46863,control
46864,control
46865,treatment
46866,control
46867,control
46868,treatment
46869,treatment
46870,treatment
46871,treatment
46872,control
46873,treatment
46874,control
46875,treatment
46876,treatment
46877,control
46878,treatment
46879,control
46880,treatment
46881,control
46882,control
46883,control
46884,control
46885,treatment
46886,treatment
46887,control
46888,control
46889,control
46890,control
46891,treatment
46892,treatment
46893,treatment
46894,treatment
46895,treatment
46896,control
46897,treatment
46898,control
46899,control
46900,control
46901,control
46902,control
46903,control
46904,control
46905,treatment
46906,treatment
46907,control
46908,treatment
46909,control
46910,treatment
46911,treatment
46912,control
46913,treatment
46914,control
46915,treatment
46916,control
46917,treatment
46918,control
46919,treatment
46920,treatment
46921,control
46922,treatment
46923,control
46924,treatment
46925,treatment
46926,treatment
46927,treatment
46928,control
46929,control
46930,control
46931,treatment
46932,treatment
46933,treatment
46934,treatment
46935,control
46936,treatment
46937,treatment
46938,treatment
46939,control
46940,treatment
46941,treatment
46942,control
46943,control
46944,control
46945,treatment
46946,treatment
46947,treatment
46948,treatment
46949,control
46950,control
46951,control
46952,control
46953,control
46954,control
46955,control
46956,control
46957,treatment
46958,treatment
46959,treatment
46960,control
46961,control
46962,treatment
46963,treatment
46964,treatment
46965,treatment
46966,treatment
46967,control
46968,treatment
46969,control
46970,control
46971,control
46972,control
46973,treatment
46974,treatment
46975,control
46976,treatment
46977,control
46978,control
46979,control
46980,control
46981,control
46982,treatment
46983,treatment
46984,treatment
46985,control
46986,control
46987,treatment
46988,control
46989,control
46990,control
46991,treatment
46992,control
46993,control
46994,control
46995,control
46996,control
46997,control
46998,control
46999,control
47000,treatment
47001,control
47002,treatment
47003,control
47004,treatment
47005,control
47006,control
47007,control
47008,treatment
47009,treatment
47010,control
47011,treatment
47012,treatment
47013,treatment
47014,treatment
47015,treatment
47016,treatment
47017,treatment
47018,treatment
47019,treatment
47020,treatment
47021,control
47022,control
47023,treatment
47024,control
47025,treatment
47026,treatment
47027,control
47028,control
47029,treatment
47030,control
47031,control
47032,control
47033,control
47034,control
47035,control
47036,treatment
47037,treatment
47038,control
47039,treatment
47040,treatment
47041,control
47042,treatment
47043,control
47044,treatment
47045,control
47046,treatment
47047,treatment
47048,treatment
47049,treatment
47050,treatment
47051,control
47052,treatment
47053,treatment
47054,control
47055,treatment
47056,treatment
47057,treatment
47058,treatment
47059,control
47060,control
47061,treatment
47062,treatment
47063,treatment
47064,control
47065,treatment
47066,treatment
47067,treatment
47068,treatment
47069,treatment
47070,control
47071,treatment
47072,treatment
47073,treatment
47074,control
47075,control
47076,control
47077,treatment
47078,control
47079,treatment
47080,control
47081,control
47082,control
47083,control
47084,treatment
47085,treatment
47086,treatment
47087,control
47088,treatment
47089,treatment
47090,control
47091,treatment
47092,control
47093,control
47094,treatment
47095,treatment
47096,control
47097,treatment
47098,control
47099,treatment
47100,treatment
47101,control
47102,treatment
47103,treatment
47104,treatment
47105,treatment
47106,control
47107,treatment
47108,treatment
47109,control
47110,treatment
47111,treatment
47112,treatment
47113,treatment
47114,control
47115,control
47116,treatment
47117,treatment
47118,control
47119,control
47120,treatment
47121,control
47122,treatment
47123,treatment
47124,treatment
47125,treatment
47126,control
47127,control
47128,treatment
47129,control
47130,control
47131,treatment
47132,control
47133,control
47134,control
47135,control
47136,control
47137,control
47138,control
47139,treatment
47140,treatment
47141,control
47142,control
47143,control
47144,control
47145,control
47146,treatment
47147,control
47148,control
47149,control
47150,control
47151,control
47152,treatment
47153,treatment
47154,treatment
47155,treatment
47156,control
47157,control
47158,control
47159,control
47160,control
47161,control
47162,treatment
47163,control
47164,control
47165,control
47166,control
47167,treatment
47168,treatment
47169,control
47170,treatment
47171,treatment
47172,control
47173,control
47174,control
47175,control
47176,treatment
47177,control
47178,control
47179,treatment
47180,control
47181,control
47182,treatment
47183,treatment
47184,treatment
47185,control
47186,treatment
47187,treatment
47188,treatment
47189,control
47190,control
47191,control
47192,treatment
47193,control
47194,control
47195,treatment
47196,treatment
47197,control
47198,control
47199,control
47200,treatment
47201,treatment
47202,treatment
47203,treatment
47204,treatment
47205,treatment
47206,control
47207,treatment
47208,treatment
47209,control
47210,treatment
47211,control
47212,control
47213,control
47214,treatment
47215,control
47216,treatment
47217,treatment
47218,treatment
47219,treatment
47220,control
47221,treatment
47222,treatment
47223,treatment
47224,control
47225,control
47226,control
47227,treatment
47228,control
47229,treatment
47230,treatment
47231,control
47232,treatment
47233,treatment
47234,treatment
47235,control
47236,treatment
47237,control
47238,control
47239,treatment
47240,treatment
47241,control
47242,treatment
47243,treatment
47244,control
47245,control
47246,treatment
47247,control
47248,treatment
47249,treatment
47250,treatment
47251,control
47252,treatment
47253,control
47254,control
47255,control
47256,control
47257,treatment
47258,treatment
47259,control
47260,treatment
47261,control
47262,control
47263,treatment
47264,treatment
47265,treatment
47266,control
47267,treatment
47268,treatment
47269,treatment
47270,control
47271,control
47272,treatment
47273,treatment
47274,treatment
47275,treatment
47276,control
47277,control
47278,treatment
47279,treatment
47280,treatment
47281,treatment
47282,treatment
47283,control
47284,treatment
47285,treatment
47286,treatment
47287,control
47288,treatment
47289,treatment
47290,control
47291,control
47292,control
47293,control
47294,control
47295,treatment
47296,treatment
47297,treatment
47298,treatment
47299,treatment
47300,treatment
47301,control
47302,treatment
47303,control
47304,control
47305,treatment
47306,control
47307,treatment
47308,control
47309,control
47310,treatment
47311,control
47312,treatment
47313,control
47314,control
47315,treatment
47316,control
47317,treatment
47318,control
47319,control
47320,treatment
47321,control
47322,treatment
47323,treatment
47324,treatment
47325,control
47326,treatment
47327,treatment
47328,control
47329,treatment
47330,treatment
47331,treatment
47332,control
47333,treatment
47334,treatment
47335,treatment
47336,treatment
47337,control
47338,treatment
47339,control
47340,control
47341,treatment
47342,treatment
47343,treatment
47344,control
47345,treatment
47346,control
47347,treatment
47348,control
47349,control
47350,control
47351,treatment
47352,control
47353,control
47354,control
47355,treatment
47356,control
47357,treatment
47358,treatment
47359,treatment
47360,treatment
47361,treatment
47362,control
47363,treatment
47364,control
47365,treatment
47366,treatment
47367,control
47368,treatment
47369,treatment
47370,treatment
47371,treatment
47372,treatment
47373,control
47374,treatment
47375,treatment
47376,treatment
47377,treatment
47378,control
47379,control
47380,treatment
47381,control
47382,control
47383,treatment
47384,treatment
47385,control
47386,treatment
47387,control
47388,treatment
47389,control
47390,treatment
47391,control
47392,treatment
47393,treatment
47394,treatment
47395,treatment
47396,treatment
47397,treatment
47398,treatment
47399,treatment
47400,treatment
47401,treatment
47402,control
47403,treatment
47404,treatment
47405,control
47406,control
47407,control
47408,control
47409,treatment
47410,treatment
47411,control
47412,treatment
47413,treatment
47414,control
47415,control
47416,control
47417,control
47418,control
47419,treatment
47420,treatment
47421,control
47422,treatment
47423,treatment
47424,treatment
47425,treatment
47426,control
47427,control
47428,treatment
47429,treatment
47430,treatment
47431,control
47432,treatment
47433,control
47434,control
47435,treatment
47436,treatment
47437,control
47438,control
47439,control
47440,treatment
47441,treatment
47442,treatment
47443,control
47444,control
47445,control
47446,treatment
47447,treatment
47448,control
47449,control
47450,control
47451,control
47452,treatment
47453,treatment
47454,control
47455,treatment
47456,control
47457,control
47458,treatment
47459,control
47460,treatment
47461,treatment
47462,control
47463,control
47464,treatment
47465,treatment
47466,treatment
47467,control
47468,control
47469,treatment
47470,control
47471,treatment
47472,treatment
47473,control
47474,control
47475,control
47476,control
47477,treatment
47478,control
47479,treatment
47480,treatment
47481,control
47482,control
47483,control
47484,treatment
47485,treatment
47486,treatment
47487,control
47488,control
47489,treatment
47490,control
47491,control
47492,control
47493,treatment
47494,control
47495,treatment
47496,treatment
47497,treatment
47498,control
47499,control
47500,control
47501,treatment
47502,treatment
47503,control
47504,control
47505,treatment
47506,treatment
47507,control
47508,control
47509,control
47510,treatment
47511,control
47512,control
47513,control
47514,control
47515,treatment
47516,control
47517,treatment
47518,treatment
47519,control
47520,treatment
47521,control
47522,treatment
47523,control
47524,treatment
47525,control
47526,control
47527,control
47528,treatment
47529,control
47530,treatment
47531,control
47532,control
47533,treatment
47534,control
47535,control
47536,control
47537,treatment
47538,treatment
47539,treatment
47540,control
47541,control
47542,treatment
47543,control
47544,control
47545,treatment
47546,treatment
47547,treatment
47548,treatment
47549,control
47550,control
47551,control
47552,control
47553,treatment
47554,treatment
47555,control
47556,treatment
47557,treatment
47558,control
47559,control
47560,control
47561,control
47562,treatment
47563,treatment
47564,control
47565,control
47566,control
47567,treatment
47568,treatment
47569,control
47570,treatment
47571,treatment
47572,control
47573,control
47574,treatment
47575,treatment
47576,treatment
47577,control
47578,treatment
47579,control
47580,treatment
47581,control
47582,treatment
47583,treatment
47584,control
47585,control
47586,control
47587,control
47588,treatment
47589,treatment
47590,control
47591,treatment
47592,treatment
47593,control
47594,control
47595,treatment
47596,treatment
47597,control
47598,control
47599,control
47600,control
47601,treatment
47602,treatment
47603,control
47604,treatment
47605,treatment
47606,treatment
47607,control
47608,treatment
47609,treatment
47610,control
47611,treatment
47612,control
47613,control
47614,control
47615,treatment
47616,control
47617,control
47618,control
47619,control
47620,control
47621,control
47622,control
47623,control
47624,control
47625,treatment
47626,treatment
47627,control
47628,control
47629,treatment
47630,treatment
47631,treatment
47632,treatment
47633,control
47634,control
47635,treatment
47636,control
47637,control
47638,control
47639,treatment
47640,treatment
47641,control
47642,treatment
47643,control
47644,treatment
47645,treatment
47646,control
47647,control
47648,treatment
47649,control
47650,treatment
47651,treatment
47652,treatment
47653,treatment
47654,control
47655,control
47656,treatment
47657,treatment
47658,treatment
47659,control
47660,treatment
47661,treatment
47662,treatment
47663,treatment
47664,treatment
47665,treatment
47666,control
47667,treatment
47668,treatment
47669,treatment
47670,treatment
47671,treatment
47672,treatment
47673,control
47674,control
47675,control
47676,control
47677,treatment
47678,control
47679,treatment
47680,control
47681,treatment
47682,treatment
47683,control
47684,control
47685,treatment
47686,treatment
47687,treatment
47688,treatment
47689,treatment
47690,control
47691,treatment
47692,treatment
47693,treatment
47694,control
47695,treatment
47696,treatment
47697,treatment
47698,control
47699,treatment
47700,treatment
47701,treatment
47702,control
47703,treatment
47704,treatment
47705,treatment
47706,treatment
47707,control
47708,treatment
47709,control
47710,treatment
47711,control
47712,control
47713,control
47714,control
47715,control
47716,control
47717,treatment
47718,treatment
47719,control
47720,control
47721,control
47722,treatment
47723,control
47724,control
47725,treatment
47726,control
47727,treatment
47728,control
47729,control
47730,control
47731,treatment
47732,control
47733,treatment
47734,control
47735,treatment
47736,control
47737,control
47738,treatment
47739,control
47740,control
47741,control
47742,treatment
47743,treatment
47744,treatment
47745,treatment
47746,control
47747,control
47748,control
47749,control
47750,control
47751,control
47752,treatment
47753,treatment
47754,treatment
47755,treatment
47756,treatment
47757,control
47758,treatment
47759,control
47760,treatment
47761,treatment
47762,control
47763,control
47764,control
47765,control
47766,control
47767,control
47768,treatment
47769,treatment
47770,control
47771,control
47772,treatment
47773,treatment
47774,treatment
47775,control
47776,control
47777,treatment
47778,control
47779,control
47780,control
47781,treatment
47782,control
47783,control
47784,treatment
47785,treatment
47786,treatment
47787,treatment
47788,treatment
47789,treatment
47790,control
47791,treatment
47792,treatment
47793,control
47794,control
47795,treatment
47796,treatment
47797,treatment
47798,control
47799,treatment
47800,control
47801,treatment
47802,control
47803,treatment
47804,treatment
47805,treatment
47806,treatment
47807,treatment
47808,treatment
47809,control
47810,control
47811,control
47812,control
47813,control
47814,control
47815,control
47816,control
47817,control
47818,control
47819,treatment
47820,treatment
47821,control
47822,treatment
47823,control
47824,treatment
47825,control
47826,control
47827,treatment
47828,treatment
47829,control
47830,control
47831,treatment
47832,treatment
47833,treatment
47834,treatment
47835,control
47836,control
47837,treatment
47838,control
47839,control
47840,control
47841,control
47842,treatment
47843,treatment
47844,control
47845,treatment
47846,treatment
47847,control
47848,treatment
47849,control
47850,treatment
47851,control
47852,control
47853,treatment
47854,treatment
47855,treatment
47856,treatment
47857,treatment
47858,control
47859,treatment
47860,treatment
47861,control
47862,treatment
47863,control
47864,treatment
47865,control
47866,treatment
47867,treatment
47868,control
47869,control
47870,control
47871,treatment
47872,control
47873,treatment
47874,treatment
47875,control
47876,control
47877,control
47878,control
47879,control
47880,treatment
47881,control
47882,control
47883,treatment
47884,treatment
47885,control
47886,control
47887,control
47888,treatment
47889,control
47890,treatment
47891,treatment
47892,treatment
47893,control
47894,treatment
47895,control
47896,control
47897,treatment
47898,treatment
47899,treatment
47900,control
47901,treatment
47902,control
47903,control
47904,control
47905,control
47906,control
47907,treatment
47908,control
47909,control
47910,treatment
47911,treatment
47912,treatment
47913,control
47914,control
47915,control
47916,control
47917,control
47918,treatment
47919,control
47920,treatment
47921,treatment
47922,control
47923,control
47924,control
47925,control
47926,treatment
47927,control
47928,control
47929,treatment
47930,treatment
47931,treatment
47932,control
47933,control
47934,control
47935,control
47936,treatment
47937,control
47938,control
47939,treatment
47940,control
47941,control
47942,control
47943,treatment
47944,treatment
47945,control
47946,treatment
47947,treatment
47948,control
47949,treatment
47950,control
47951,treatment
47952,control
47953,treatment
47954,treatment
47955,treatment
47956,treatment
47957,control
47958,control
47959,control
47960,control
47961,control
47962,control
47963,treatment
47964,treatment
47965,control
47966,control
47967,treatment
47968,control
47969,control
47970,treatment
47971,control
47972,treatment
47973,control
47974,control
47975,treatment
47976,treatment
47977,treatment
47978,treatment
47979,control
47980,treatment
47981,control
47982,control
47983,treatment
47984,treatment
47985,treatment
47986,control
47987,treatment
47988,treatment
47989,treatment
47990,treatment
47991,treatment
47992,control
47993,control
47994,treatment
47995,control
47996,control
47997,control
47998,treatment
47999,control
48000,treatment
48001,treatment
48002,treatment
48003,treatment
48004,control
48005,control
48006,control
48007,control
48008,treatment
48009,control
48010,control
48011,control
48012,control
48013,treatment
48014,control
48015,control
48016,treatment
48017,treatment
48018,control
48019,control
48020,treatment
48021,control
48022,treatment
48023,treatment
48024,treatment
48025,treatment
48026,control
48027,control
48028,control
48029,control
48030,control
48031,treatment
48032,treatment
48033,treatment
48034,control
48035,control
48036,control
48037,control
48038,control
48039,treatment
48040,treatment
48041,control
48042,control
48043,treatment
48044,control
48045,control
48046,treatment
48047,control
48048,treatment
48049,control
48050,control
48051,treatment
48052,treatment
48053,control
48054,treatment
48055,control
48056,control
48057,treatment
48058,treatment
48059,control
48060,treatment
48061,control
48062,control
48063,treatment
48064,control
48065,treatment
48066,control
48067,control
48068,control
48069,treatment
48070,treatment
48071,treatment
48072,treatment
48073,control
48074,control
48075,control
48076,control
48077,control
48078,treatment
48079,treatment
48080,control
48081,control
48082,treatment
48083,treatment
48084,treatment
48085,control
48086,control
48087,control
48088,treatment
48089,control
48090,control
48091,control
48092,control
48093,treatment
48094,treatment
48095,control
48096,control
48097,control
48098,control
48099,treatment
48100,treatment
48101,treatment
48102,control
48103,treatment
48104,control
48105,treatment
48106,treatment
48107,treatment
48108,treatment
48109,control
48110,treatment
48111,control
48112,treatment
48113,control
48114,treatment
48115,control
48116,control
48117,control
48118,control
48119,treatment
48120,treatment
48121,control
48122,control
48123,control
48124,control
48125,treatment
48126,control
48127,control
48128,control
48129,treatment
48130,treatment
48131,control
48132,treatment
48133,treatment
48134,control
48135,control
48136,control
48137,control
48138,control
48139,control
48140,treatment
48141,treatment
48142,treatment
48143,treatment
48144,treatment
48145,treatment
48146,treatment
48147,control
48148,treatment
48149,treatment
48150,treatment
48151,treatment
48152,control
48153,control
48154,treatment
48155,control
48156,control
48157,treatment
48158,treatment
48159,control
48160,control
48161,control
48162,treatment
48163,treatment
48164,control
48165,control
48166,treatment
48167,treatment
48168,control
48169,control
48170,treatment
48171,control
48172,control
48173,treatment
48174,treatment
48175,treatment
48176,treatment
48177,control
48178,treatment
48179,control
48180,control
48181,treatment
48182,control
48183,control
48184,control
48185,control
48186,treatment
48187,control
48188,treatment
48189,treatment
48190,treatment
48191,treatment
48192,control
48193,treatment
48194,control
48195,treatment
48196,control
48197,control
48198,control
48199,treatment
48200,treatment
48201,control
48202,control
48203,control
48204,treatment
48205,control
48206,treatment
48207,control
48208,control
48209,control
48210,treatment
48211,treatment
48212,treatment
48213,treatment
48214,treatment
48215,treatment
48216,control
48217,control
48218,control
48219,control
48220,control
48221,control
48222,treatment
48223,treatment
48224,control
48225,treatment
48226,treatment
48227,control
48228,control
48229,control
48230,control
48231,treatment
48232,treatment
48233,control
48234,control
48235,treatment
48236,treatment
48237,treatment
48238,treatment
48239,treatment
48240,control
48241,control
48242,control
48243,control
48244,control
48245,control
48246,treatment
48247,control
48248,treatment
48249,treatment
48250,treatment
48251,control
48252,treatment
48253,control
48254,control
48255,treatment
48256,treatment
48257,control
48258,control
48259,control
48260,treatment
48261,control
48262,treatment
48263,treatment
48264,treatment
48265,treatment
48266,treatment
48267,control
48268,treatment
48269,control
48270,control
48271,control
48272,control
48273,treatment
48274,treatment
48275,control
48276,treatment
48277,control
48278,treatment
48279,control
48280,treatment
48281,control
48282,control
48283,treatment
48284,treatment
48285,control
48286,treatment
48287,control
48288,control
48289,control
48290,control
48291,treatment
48292,control
48293,treatment
48294,treatment
48295,treatment
48296,treatment
48297,control
48298,treatment
48299,control
48300,control
48301,treatment
48302,treatment
48303,treatment
48304,treatment
48305,control
48306,treatment
48307,treatment
48308,control
48309,treatment
48310,control
48311,treatment
48312,treatment
48313,control
48314,treatment
48315,treatment
48316,control
48317,control
48318,treatment
48319,control
48320,treatment
48321,treatment
48322,treatment
48323,control
48324,treatment
48325,control
48326,treatment
48327,control
48328,control
48329,control
48330,control
48331,treatment
48332,control
48333,treatment
48334,treatment
48335,treatment
48336,treatment
48337,treatment
48338,control
48339,treatment
48340,control
48341,control
48342,treatment
48343,control
48344,treatment
48345,treatment
48346,control
48347,control
48348,control
48349,control
48350,control
48351,control
48352,control
48353,treatment
48354,control
48355,control
48356,treatment
48357,control
48358,control
48359,treatment
48360,control
48361,control
48362,control
48363,control
48364,treatment
48365,control
48366,treatment
48367,control
48368,treatment
48369,treatment
48370,control
48371,treatment
48372,treatment
48373,control
48374,treatment
48375,treatment
48376,control
48377,treatment
48378,treatment
48379,treatment
48380,treatment
48381,treatment
48382,treatment
48383,control
48384,treatment
48385,control
48386,treatment
48387,control
48388,control
48389,control
48390,control
48391,control
48392,treatment
48393,treatment
48394,control
48395,control
48396,treatment
48397,treatment
48398,treatment
48399,treatment
48400,treatment
48401,treatment
48402,control
48403,control
48404,control
48405,treatment
48406,control
48407,treatment
48408,control
48409,control
48410,control
48411,control
48412,control
48413,treatment
48414,treatment
48415,control
48416,treatment
48417,control
48418,treatment
48419,treatment
48420,treatment
48421,treatment
48422,control
48423,treatment
48424,treatment
48425,treatment
48426,control
48427,control
48428,treatment
48429,treatment
48430,treatment
48431,control
48432,treatment
48433,control
48434,control
48435,control
48436,control
48437,treatment
48438,treatment
48439,control
48440,treatment
48441,treatment
48442,treatment
48443,treatment
48444,control
48445,treatment
48446,treatment
48447,treatment
48448,treatment
48449,treatment
48450,control
48451,treatment
48452,control
48453,control
48454,treatment
48455,control
48456,treatment
48457,treatment
48458,control
48459,control
48460,control
48461,treatment
48462,control
48463,treatment
48464,treatment
48465,control
48466,treatment
48467,treatment
48468,control
48469,treatment
48470,control
48471,treatment
48472,treatment
48473,treatment
48474,control
48475,treatment
48476,control
48477,treatment
48478,treatment
48479,treatment
48480,treatment
48481,treatment
48482,control
48483,treatment
48484,treatment
48485,control
48486,control
48487,treatment
48488,control
48489,control
48490,control
48491,control
48492,treatment
48493,treatment
48494,control
48495,treatment
48496,treatment
48497,treatment
48498,treatment
48499,control
48500,treatment
48501,control
48502,treatment
48503,treatment
48504,control
48505,control
48506,control
48507,treatment
48508,treatment
48509,treatment
48510,treatment
48511,control
48512,control
48513,control
48514,treatment
48515,treatment
48516,treatment
48517,control
48518,treatment
48519,treatment
48520,control
48521,control
48522,control
48523,treatment
48524,treatment
48525,control
48526,control
48527,control
48528,treatment
48529,control
48530,control
48531,control
48532,control
48533,treatment
48534,control
48535,control
48536,treatment
48537,control
48538,control
48539,control
48540,treatment
48541,control
48542,treatment
48543,treatment
48544,treatment
48545,control
48546,treatment
48547,control
48548,control
48549,control
48550,control
48551,control
48552,treatment
48553,control
48554,treatment
48555,control
48556,treatment
48557,treatment
48558,treatment
48559,treatment
48560,control
48561,control
48562,treatment
48563,treatment
48564,control
48565,control
48566,treatment
48567,treatment
48568,control
48569,treatment
48570,control
48571,treatment
48572,control
48573,treatment
48574,control
48575,control
48576,treatment
48577,treatment
48578,control
48579,control
48580,treatment
48581,control
48582,treatment
48583,control
48584,control
48585,control
48586,treatment
48587,treatment
48588,control
48589,treatment
48590,treatment
48591,treatment
48592,treatment
48593,treatment
48594,control
48595,control
48596,control
48597,treatment
48598,treatment
48599,control
48600,control
48601,control
48602,control
48603,treatment
48604,treatment
48605,control
48606,treatment
48607,control
48608,treatment
48609,treatment
48610,treatment
48611,treatment
48612,control
48613,control
48614,control
48615,treatment
48616,control
48617,treatment
48618,control
48619,treatment
48620,control
48621,control
48622,treatment
48623,control
48624,treatment
48625,treatment
48626,treatment
48627,control
48628,treatment
48629,treatment
48630,control
48631,treatment
48632,treatment
48633,control
48634,treatment
48635,control
48636,treatment
48637,control
48638,treatment
48639,treatment
48640,control
48641,treatment
48642,control
48643,treatment
48644,treatment
48645,control
48646,control
48647,treatment
48648,control
48649,treatment
48650,control
48651,control
48652,treatment
48653,control
48654,treatment
48655,control
48656,control
48657,treatment
48658,control
48659,treatment
48660,control
48661,control
48662,control
48663,treatment
48664,control
48665,treatment
48666,control
48667,treatment
48668,treatment
48669,treatment
48670,treatment
48671,treatment
48672,treatment
48673,treatment
48674,treatment
48675,control
48676,treatment
48677,treatment
48678,control
48679,control
48680,treatment
48681,control
48682,control
48683,treatment
48684,control
48685,control
48686,treatment
48687,treatment
48688,treatment
48689,treatment
48690,control
48691,control
48692,treatment
48693,control
48694,treatment
48695,control
48696,treatment
48697,treatment
48698,treatment
48699,treatment
48700,treatment
48701,treatment
48702,control
48703,control
48704,control
48705,treatment
48706,treatment
48707,treatment
48708,control
48709,control
48710,control
48711,treatment
48712,control
48713,treatment
48714,treatment
48715,control
48716,control
48717,treatment
48718,treatment
48719,treatment
48720,treatment
48721,control
48722,control
48723,treatment
48724,treatment
48725,control
48726,control
48727,control
48728,control
48729,treatment
48730,treatment
48731,treatment
48732,control
48733,control
48734,treatment
48735,treatment
48736,control
48737,control
48738,control
48739,treatment
48740,control
48741,treatment
48742,control
48743,treatment
48744,treatment
48745,control
48746,control
48747,treatment
48748,treatment
48749,treatment
48750,treatment
48751,control
48752,treatment
48753,treatment
48754,treatment
48755,treatment
48756,control
48757,treatment
48758,control
48759,treatment
48760,control
48761,treatment
48762,control
48763,control
48764,control
48765,control
48766,control
48767,control
48768,treatment
48769,control
48770,control
48771,treatment
48772,control
48773,control
48774,control
48775,control
48776,treatment
48777,control
48778,treatment
48779,control
48780,control
48781,treatment
48782,treatment
48783,treatment
48784,control
48785,treatment
48786,control
48787,treatment
48788,treatment
48789,control
48790,control
48791,control
48792,treatment
48793,treatment
48794,control
48795,control
48796,control
48797,treatment
48798,control
48799,control
48800,treatment
48801,treatment
48802,treatment
48803,control
48804,treatment
48805,control
48806,treatment
48807,control
48808,treatment
48809,control
48810,control
48811,treatment
48812,treatment
48813,treatment
48814,control
48815,treatment
48816,treatment
48817,control
48818,treatment
48819,control
48820,control
48821,treatment
48822,control
48823,control
48824,treatment
48825,control
48826,control
48827,treatment
48828,treatment
48829,treatment
48830,treatment
48831,treatment
48832,treatment
48833,treatment
48834,control
48835,control
48836,control
48837,control
48838,treatment
48839,control
48840,treatment
48841,control
48842,control
48843,control
48844,treatment
48845,control
48846,treatment
48847,treatment
48848,control
48849,control
48850,control
48851,control
48852,control
48853,treatment
48854,control
48855,control
48856,control
48857,control
48858,control
48859,treatment
48860,control
48861,control
48862,control
48863,treatment
48864,control
48865,control
48866,treatment
48867,treatment
48868,treatment
48869,treatment
48870,control
48871,treatment
48872,treatment
48873,control
48874,control
48875,treatment
48876,control
48877,control
48878,treatment
48879,control
48880,control
48881,treatment
48882,treatment
48883,treatment
48884,treatment
48885,treatment
48886,treatment
48887,treatment
48888,control
48889,treatment
48890,control
48891,treatment
48892,treatment
48893,treatment
48894,control
48895,treatment
48896,treatment
48897,treatment
48898,treatment
48899,control
48900,treatment
48901,treatment
48902,control
48903,control
48904,control
48905,control
48906,control
48907,control
48908,control
48909,treatment
48910,control
48911,control
48912,treatment
48913,control
48914,control
48915,treatment
48916,control
48917,control
48918,treatment
48919,control
48920,treatment
48921,control
48922,control
48923,treatment
48924,treatment
48925,treatment
48926,control
48927,control
48928,control
48929,treatment
48930,control
48931,treatment
48932,treatment
48933,treatment
48934,treatment
48935,control
48936,treatment
48937,treatment
48938,control
48939,treatment
48940,control
48941,treatment
48942,treatment
48943,control
48944,control
48945,treatment
48946,control
48947,treatment
48948,treatment
48949,treatment
48950,control
48951,treatment
48952,treatment
48953,treatment
48954,treatment
48955,control
48956,control
48957,treatment
48958,control
48959,control
48960,control
48961,treatment
48962,control
48963,treatment
48964,control
48965,treatment
48966,control
48967,control
48968,control
48969,treatment
48970,treatment
48971,treatment
48972,treatment
48973,treatment
48974,treatment
48975,control
48976,control
48977,control
48978,control
48979,control
48980,treatment
48981,treatment
48982,treatment
48983,treatment
48984,control
48985,control
48986,treatment
48987,control
48988,treatment
48989,treatment
48990,control
48991,treatment
48992,treatment
48993,control
48994,control
48995,treatment
48996,treatment
48997,control
48998,control
48999,treatment
49000,control
49001,control
49002,treatment
49003,treatment
49004,treatment
49005,treatment
49006,treatment
49007,treatment
49008,treatment
49009,control
49010,control
49011,control
49012,control
49013,treatment
49014,treatment
49015,control
49016,treatment
49017,control
49018,control
49019,control
49020,control
49021,control
49022,control
49023,control
49024,control
49025,treatment
49026,control
49027,control
49028,treatment
49029,treatment
49030,treatment
49031,treatment
49032,control
49033,treatment
49034,treatment
49035,treatment
49036,control
49037,treatment
49038,treatment
49039,treatment
49040,control
49041,control
49042,control
49043,treatment
49044,control
49045,treatment
49046,control
49047,treatment
49048,control
49049,control
49050,control
49051,control
49052,control
49053,control
49054,control
49055,control
49056,control
49057,treatment
49058,treatment
49059,treatment
49060,treatment
49061,control
49062,treatment
49063,treatment
49064,treatment
49065,control
49066,treatment
49067,control
49068,control
49069,treatment
49070,control
49071,treatment
49072,control
49073,control
49074,treatment
49075,control
49076,control
49077,treatment
49078,treatment
49079,control
49080,control
49081,control
49082,control
49083,treatment
49084,control
49085,treatment
49086,treatment
49087,treatment
49088,treatment
49089,treatment
49090,treatment
49091,control
49092,treatment
49093,control
49094,control
49095,treatment
49096,treatment
49097,control
49098,control
49099,control
49100,treatment
49101,treatment
49102,treatment
49103,control
49104,control
49105,treatment
49106,treatment
49107,control
49108,control
49109,treatment
49110,treatment
49111,control
49112,treatment
49113,treatment
49114,control
49115,control
49116,treatment
49117,control
49118,control
49119,treatment
49120,treatment
49121,treatment
49122,control
49123,control
49124,control
49125,control
49126,treatment
49127,treatment
49128,control
49129,control
49130,control
49131,control
49132,treatment
49133,control
49134,control
49135,treatment
49136,treatment
49137,control
49138,control
49139,treatment
49140,control
49141,control
49142,treatment
49143,treatment
49144,treatment
49145,control
49146,treatment
49147,control
49148,control
49149,treatment
49150,control
49151,control
49152,control
49153,control
49154,treatment
49155,treatment
49156,control
49157,control
49158,control
49159,control
49160,treatment
49161,treatment
49162,treatment
49163,control
49164,treatment
49165,treatment
49166,control
49167,control
49168,treatment
49169,control
49170,treatment
49171,control
49172,treatment
49173,treatment
49174,control
49175,treatment
49176,control
49177,control
49178,treatment
49179,control
49180,control
49181,treatment
49182,treatment
49183,control
49184,treatment
49185,treatment
49186,treatment
49187,control
49188,control
49189,control
49190,control
49191,control
49192,control
49193,treatment
49194,control
49195,control
49196,control
49197,treatment
49198,control
49199,control
49200,control
49201,control
49202,treatment
49203,treatment
49204,control
49205,control
49206,control
49207,control
49208,treatment
49209,control
49210,control
49211,treatment
49212,control
49213,treatment
49214,treatment
49215,treatment
49216,treatment
49217,treatment
49218,treatment
49219,control
49220,control
49221,control
49222,treatment
49223,control
49224,control
49225,treatment
49226,control
49227,treatment
49228,treatment
49229,control
49230,control
49231,control
49232,control
49233,control
49234,control
49235,treatment
49236,treatment
49237,control
49238,control
49239,control
49240,treatment
49241,control
49242,control
49243,control
49244,treatment
49245,treatment
49246,treatment
49247,treatment
49248,control
49249,treatment
49250,treatment
49251,treatment
49252,control
49253,control
49254,treatment
49255,treatment
49256,treatment
49257,control
49258,treatment
49259,treatment
49260,control
49261,treatment
49262,treatment
49263,control
49264,control
49265,treatment
49266,treatment
49267,control
49268,control
49269,treatment
49270,control
49271,treatment
49272,treatment
49273,control
49274,control
49275,treatment
49276,treatment
49277,treatment
49278,treatment
49279,control
49280,control
49281,control
49282,treatment
49283,treatment
49284,treatment
49285,treatment
49286,treatment
49287,control
49288,control
49289,control
49290,treatment
49291,treatment
49292,control
49293,treatment
49294,treatment
49295,control
49296,control
49297,control
49298,control
49299,control
49300,control
49301,treatment
49302,treatment
49303,control
49304,treatment
49305,control
49306,treatment
49307,treatment
49308,control
49309,treatment
49310,treatment
49311,treatment
49312,treatment
49313,control
49314,control
49315,control
49316,control
49317,control
49318,control
49319,treatment
49320,treatment
49321,control
49322,control
49323,control
49324,treatment
49325,control
49326,control
49327,control
49328,treatment
49329,control
49330,treatment
49331,control
49332,treatment
49333,control
49334,control
49335,treatment
49336,control
49337,control
49338,treatment
49339,control
49340,control
49341,control
49342,treatment
49343,control
49344,treatment
49345,control
49346,control
49347,control
49348,control
49349,treatment
49350,treatment
49351,treatment
49352,control
49353,treatment
49354,treatment
49355,control
49356,treatment
49357,control
49358,treatment
49359,control
49360,control
49361,treatment
49362,treatment
49363,treatment
49364,control
49365,treatment
49366,control
49367,control
49368,control
49369,treatment
49370,control
49371,treatment
49372,treatment
49373,treatment
49374,treatment
49375,treatment
49376,treatment
49377,control
49378,treatment
49379,treatment
49380,control
49381,control
49382,control
49383,control
49384,treatment
49385,treatment
49386,treatment
49387,control
49388,treatment
49389,control
49390,treatment
49391,control
49392,control
49393,control
49394,treatment
49395,treatment
49396,control
49397,control
49398,control
49399,control
49400,treatment
49401,control
49402,control
49403,control
49404,control
49405,control
49406,treatment
49407,control
49408,control
49409,control
49410,control
49411,treatment
49412,control
49413,treatment
49414,control
49415,control
49416,treatment
49417,control
49418,treatment
49419,control
49420,control
49421,control
49422,treatment
49423,treatment
49424,control
49425,treatment
49426,treatment
49427,treatment
49428,control
49429,control
49430,control
49431,treatment
49432,control
49433,control
49434,control
49435,control
49436,treatment
49437,control
49438,control
49439,control
49440,control
49441,treatment
49442,control
49443,control
49444,control
49445,control
49446,treatment
49447,treatment
49448,treatment
49449,control
49450,treatment
49451,control
49452,treatment
49453,control
49454,control
49455,control
49456,control
49457,treatment
49458,treatment
49459,control
49460,treatment
49461,treatment
49462,control
49463,control
49464,control
49465,treatment
49466,control
49467,treatment
49468,control
49469,treatment
49470,control
49471,treatment
49472,control
49473,treatment
49474,treatment
49475,control
49476,control
49477,treatment
49478,control
49479,treatment
49480,treatment
49481,control
49482,control
49483,treatment
49484,control
49485,treatment
49486,control
49487,control
49488,treatment
49489,treatment
49490,treatment
49491,control
49492,control
49493,treatment
49494,control
49495,treatment
49496,control
49497,treatment
49498,control
49499,treatment
49500,control
49501,treatment
49502,control
49503,control
49504,control
49505,treatment
49506,control
49507,control
49508,control
49509,treatment
49510,treatment
49511,control
49512,treatment
49513,treatment
49514,control
49515,treatment
49516,treatment
49517,control
49518,control
49519,control
49520,treatment
49521,treatment
49522,control
49523,control
49524,control
49525,control
49526,treatment
49527,control
49528,control
49529,treatment
49530,control
49531,treatment
49532,treatment
49533,control
49534,control
49535,treatment
49536,treatment
49537,treatment
49538,treatment
49539,treatment
49540,control
49541,treatment
49542,control
49543,control
49544,control
49545,control
49546,control
49547,control
49548,control
49549,control
49550,control
49551,control
49552,treatment
49553,control
49554,treatment
49555,control
49556,treatment
49557,treatment
49558,treatment
49559,control
49560,control
49561,control
49562,treatment
49563,treatment
49564,treatment
49565,treatment
49566,treatment
49567,treatment
49568,control
49569,treatment
49570,treatment
49571,control
49572,treatment
49573,control
49574,control
49575,treatment
49576,treatment
49577,control
49578,control
49579,treatment
49580,treatment
49581,treatment
49582,control
49583,treatment
49584,treatment
49585,control
49586,treatment
49587,treatment
49588,control
49589,control
49590,control
49591,treatment
49592,treatment
49593,control
49594,treatment
49595,control
49596,control
49597,treatment
49598,treatment
49599,control
49600,control
49601,treatment
49602,treatment
49603,treatment
49604,treatment
49605,treatment
49606,control
49607,control
49608,control
49609,control
49610,treatment
49611,treatment
49612,treatment
49613,control
49614,control
49615,treatment
49616,control
49617,control
49618,treatment
49619,treatment
49620,control
49621,treatment
49622,treatment
49623,treatment
49624,control
49625,control
49626,control
49627,control
49628,treatment
49629,treatment
49630,control
49631,control
49632,treatment
49633,treatment
49634,control
49635,control
49636,control
49637,control
49638,treatment
49639,treatment
49640,control
49641,control
49642,treatment
49643,control
49644,treatment
49645,treatment
49646,treatment
49647,treatment
49648,control
49649,control
49650,treatment
49651,treatment
49652,treatment
49653,treatment
49654,control
49655,treatment
49656,control
49657,control
49658,control
49659,control
49660,control
49661,treatment
49662,control
49663,treatment
49664,control
49665,control
49666,control
49667,control
49668,treatment
49669,treatment
49670,control
49671,control
49672,treatment
49673,treatment
49674,control
49675,control
49676,control
49677,control
49678,control
49679,treatment
49680,control
49681,control
49682,control
49683,treatment
49684,treatment
49685,control
49686,treatment
49687,treatment
49688,treatment
49689,treatment
49690,treatment
49691,control
49692,control
49693,treatment
49694,control
49695,control
49696,control
49697,control
49698,treatment
49699,treatment
49700,control
49701,control
49702,control
49703,treatment
49704,treatment
49705,treatment
49706,control
49707,treatment
49708,treatment
49709,treatment
49710,treatment
49711,control
49712,treatment
49713,control
49714,treatment
49715,control
49716,treatment
49717,treatment
49718,control
49719,treatment
49720,control
49721,control
49722,control
49723,treatment
49724,treatment
49725,control
49726,control
49727,control
49728,control
49729,treatment
49730,treatment
49731,control
49732,treatment
49733,treatment
49734,control
49735,control
49736,treatment
49737,treatment
49738,treatment
49739,control
49740,treatment
49741,control
49742,control
49743,treatment
49744,control
49745,treatment
49746,control
49747,control
49748,treatment
49749,treatment
49750,treatment
49751,treatment
49752,treatment
49753,treatment
49754,control
49755,treatment
49756,treatment
49757,treatment
49758,treatment
49759,control
49760,control
49761,control
49762,treatment
49763,treatment
49764,control
49765,control
49766,treatment
49767,control
49768,control
49769,treatment
49770,control
49771,treatment
49772,control
49773,treatment
49774,control
49775,treatment
49776,treatment
49777,treatment
49778,control
49779,treatment
49780,treatment
49781,control
49782,control
49783,control
49784,control
49785,control
49786,control
49787,control
49788,treatment
49789,control
49790,treatment
49791,control
49792,treatment
49793,treatment
49794,control
49795,control
49796,treatment
49797,control
49798,treatment
49799,treatment
49800,control
49801,control
49802,control
49803,control
49804,treatment
49805,control
49806,control
49807,treatment
49808,treatment
49809,treatment
49810,control
49811,control
49812,treatment
49813,control
49814,treatment
49815,treatment
49816,control
49817,treatment
49818,treatment
49819,treatment
49820,treatment
49821,control
49822,control
49823,control
49824,control
49825,treatment
49826,treatment
49827,control
49828,control
49829,treatment
49830,treatment
49831,treatment
49832,treatment
49833,control
49834,treatment
49835,treatment
49836,treatment
49837,treatment
49838,treatment
49839,treatment
49840,treatment
49841,treatment
49842,control
49843,treatment
49844,control
49845,control
49846,treatment
49847,control
49848,treatment
49849,treatment
49850,treatment
49851,treatment
49852,control
49853,control
49854,treatment
49855,treatment
49856,treatment
49857,treatment
49858,treatment
49859,control
49860,control
49861,treatment
49862,treatment
49863,control
49864,treatment
49865,control
49866,control
49867,control
49868,control
49869,control
49870,control
49871,control
49872,control
49873,treatment
49874,control
49875,treatment
49876,control
49877,treatment
49878,control
49879,control
49880,treatment
49881,treatment
49882,treatment
49883,control
49884,control
49885,control
49886,control
49887,treatment
49888,treatment
49889,control
49890,control
49891,treatment
49892,treatment
49893,treatment
49894,control
49895,control
49896,control
49897,control
49898,control
49899,treatment
49900,treatment
49901,treatment
49902,treatment
49903,control
49904,treatment
49905,treatment
49906,control
49907,treatment
49908,treatment
49909,treatment
49910,control
49911,control
49912,treatment
49913,control
49914,treatment
49915,control
49916,treatment
49917,control
49918,treatment
49919,control
49920,treatment
49921,control
49922,treatment
49923,treatment
49924,control
49925,control
49926,control
49927,treatment
49928,treatment
49929,treatment
49930,treatment
49931,control
49932,control
49933,control
49934,control
49935,control
49936,treatment
49937,control
49938,control
49939,control
49940,control
49941,control
49942,control
49943,treatment
49944,treatment
49945,control
49946,treatment
49947,control
49948,control
49949,control
49950,treatment
49951,treatment
49952,treatment
49953,treatment
49954,control
49955,control
49956,treatment
49957,control
49958,treatment
49959,control
49960,control
49961,treatment
49962,control
49963,control
49964,control
49965,treatment
49966,treatment
49967,treatment
49968,treatment
49969,treatment
49970,control
49971,control
49972,control
49973,treatment
49974,treatment
49975,control
49976,control
49977,control
49978,control
49979,control
49980,control
49981,treatment
49982,control
49983,control
49984,treatment
49985,treatment
49986,control
49987,treatment
49988,treatment
49989,control
49990,treatment
49991,control
49992,control
49993,control
49994,control
49995,treatment
49996,control
49997,treatment
49998,treatment
49999,control
50000,control
