subscription_id,event_date,event_type,mrr_change
14,2023-01-29,new,29
19,2023-12-14,new,29
21,2025-05-11,new,79
24,2026-01-22,new,79
24,2026-07-21,churn,-79
41,2025-04-26,new,79
48,2025-07-15,new,29
51,2023-03-13,new,29
51,2023-06-11,contraction,-50
51,2023-09-09,churn,-29
54,2023-09-06,new,79
58,2025-04-30,new,29
66,2024-04-11,new,199
71,2024-03-29,new,79
75,2025-12-16,new,29
75,2026-03-16,contraction,-50
98,2023-03-18,new,29
102,2025-12-26,new,29
102,2026-06-24,churn,-29
106,2024-04-16,new,79
131,2024-04-27,new,29
145,2024-10-07,new,29
150,2024-11-26,new,29
150,2025-02-24,contraction,-50
150,2025-05-25,churn,-29
152,2023-10-29,new,29
155,2023-11-05,new,199
155,2024-05-03,churn,-199
159,2024-03-21,new,79
160,2026-02-08,new,29
160,2026-08-07,churn,-29
162,2024-07-12,new,79
165,2025-11-03,new,29
165,2026-05-02,churn,-29
166,2024-06-30,new,29
183,2025-01-06,new,29
183,2025-04-06,expansion,50
189,2025-07-17,new,29
190,2023-07-12,new,199
195,2023-02-11,new,29
195,2023-08-10,churn,-29
202,2023-10-27,new,29
209,2023-04-07,new,79
214,2023-04-19,new,29
216,2025-03-22,new,29
219,2024-09-30,new,199
222,2023-07-05,new,29
224,2023-03-24,new,79
224,2023-09-20,churn,-79
228,2025-07-05,new,79
228,2025-10-03,contraction,-50
229,2023-09-30,new,79
232,2025-03-20,new,29
234,2023-02-19,new,29
239,2024-07-17,new,29
244,2024-11-26,new,79
250,2024-06-22,new,199
259,2023-07-21,new,79
259,2024-01-17,churn,-79
260,2025-08-08,new,29
268,2024-07-09,new,29
268,2025-01-05,churn,-29
269,2024-08-05,new,79
282,2023-07-17,new,29
289,2023-01-21,new,29
291,2024-01-11,new,29
293,2026-02-12,new,79
293,2026-08-11,churn,-79
299,2023-10-18,new,29
300,2023-04-05,new,79
316,2025-12-30,new,199
317,2025-05-11,new,79
325,2024-10-20,new,199
330,2025-09-04,new,79
332,2024-08-13,new,199
336,2024-04-26,new,79
348,2025-08-22,new,79
348,2026-02-18,churn,-79
354,2023-10-01,new,29
354,2023-12-30,expansion,50
370,2023-02-17,new,79
384,2023-12-16,new,29
403,2026-01-10,new,29
403,2026-04-10,contraction,-50
403,2026-07-09,churn,-29
406,2024-08-03,new,199
408,2024-11-23,new,29
414,2023-11-12,new,29
420,2023-04-09,new,199
422,2023-02-05,new,29
423,2025-11-10,new,79
430,2026-02-25,new,29
445,2023-09-17,new,29
449,2025-10-11,new,29
458,2023-03-09,new,79
458,2023-09-05,churn,-79
461,2024-05-31,new,29
463,2024-03-07,new,199
469,2024-03-12,new,29
469,2024-06-10,contraction,-50
470,2024-02-09,new,29
470,2024-08-07,churn,-29
471,2023-12-15,new,29
471,2024-06-12,churn,-29
479,2024-11-02,new,79
479,2025-01-31,contraction,-50
479,2025-05-01,churn,-79
480,2025-03-06,new,29
480,2025-06-04,expansion,50
480,2025-09-02,churn,-29
482,2024-06-16,new,199
482,2024-12-13,churn,-199
493,2025-10-22,new,199
505,2023-04-19,new,29
513,2025-11-18,new,29
513,2026-05-17,churn,-29
514,2025-06-23,new,79
514,2025-09-21,expansion,50
525,2024-11-11,new,29
525,2025-02-09,contraction,-50
525,2025-05-10,churn,-29
527,2024-08-19,new,29
528,2023-06-24,new,29
538,2023-10-11,new,29
541,2023-09-11,new,199
542,2025-06-26,new,29
545,2024-05-21,new,199
545,2024-11-17,churn,-199
550,2023-11-06,new,29
550,2024-02-04,expansion,50
551,2024-04-01,new,79
563,2025-02-24,new,29
580,2023-04-18,new,29
593,2026-01-17,new,29
593,2026-07-16,churn,-29
596,2025-06-17,new,29
598,2025-12-13,new,199
599,2024-10-30,new,29
599,2025-01-28,contraction,-50
605,2023-12-24,new,29
608,2025-06-18,new,29
633,2025-01-27,new,79
634,2024-08-22,new,29
637,2024-02-29,new,29
641,2025-11-19,new,29
642,2023-06-11,new,79
645,2023-11-01,new,79
649,2026-03-06,new,79
649,2026-09-02,churn,-79
651,2026-01-09,new,79
651,2026-07-08,churn,-79
656,2026-01-10,new,29
659,2023-10-09,new,79
659,2024-04-06,churn,-79
663,2024-05-09,new,29
676,2024-02-23,new,199
676,2024-05-23,expansion,50
683,2025-08-02,new,199
683,2026-01-29,churn,-199
689,2023-05-04,new,79
690,2025-09-03,new,79
696,2024-04-20,new,29
702,2025-10-14,new,79
707,2024-07-23,new,79
712,2023-08-30,new,199
719,2023-10-12,new,29
719,2024-04-09,churn,-29
720,2024-02-25,new,29
723,2025-04-04,new,29
723,2025-10-01,churn,-29
727,2023-06-06,new,79
735,2025-11-09,new,29
739,2023-10-08,new,29
740,2023-09-22,new,199
740,2024-03-20,churn,-199
744,2026-01-22,new,29
744,2026-07-21,churn,-29
745,2025-07-10,new,79
745,2025-10-08,contraction,-50
751,2025-08-16,new,29
755,2025-06-22,new,79
760,2024-12-06,new,79
760,2025-06-04,churn,-79
768,2024-06-15,new,79
772,2023-02-11,new,79
772,2023-08-10,churn,-79
774,2023-09-21,new,79
780,2025-10-29,new,199
784,2024-10-28,new,199
787,2023-08-29,new,29
787,2024-02-25,churn,-29
789,2023-06-09,new,29
790,2025-07-18,new,79
792,2026-02-05,new,79
799,2023-02-13,new,29
814,2026-03-07,new,79
816,2023-08-27,new,79
819,2024-06-13,new,199
819,2024-12-10,churn,-199
828,2023-09-04,new,79
836,2024-11-12,new,29
837,2025-07-16,new,29
838,2024-02-14,new,29
838,2024-05-14,expansion,50
838,2024-08-12,churn,-29
848,2025-11-18,new,79
869,2023-12-08,new,79
869,2024-03-07,contraction,-50
877,2024-05-24,new,199
877,2024-11-20,churn,-199
885,2023-08-11,new,29
889,2023-05-31,new,29
895,2023-04-26,new,79
895,2023-07-25,expansion,50
907,2025-01-07,new,199
909,2023-04-13,new,29
909,2023-10-10,churn,-29
913,2025-10-06,new,199
914,2025-05-08,new,199
921,2026-01-30,new,29
923,2026-01-07,new,29
923,2026-04-07,expansion,50
924,2023-05-14,new,79
924,2023-11-10,churn,-79
930,2024-11-18,new,79
932,2025-07-12,new,29
932,2026-01-08,churn,-29
942,2024-03-04,new,79
942,2024-06-02,expansion,50
951,2025-11-09,new,29
953,2023-06-06,new,29
954,2024-02-16,new,79
965,2024-11-16,new,29
966,2024-05-28,new,199
966,2024-11-24,churn,-199
968,2026-01-26,new,29
973,2023-02-15,new,29
976,2024-08-07,new,199
984,2023-02-12,new,79
984,2023-05-13,contraction,-50
993,2025-10-09,new,29
997,2023-11-01,new,79
998,2025-03-31,new,79
1005,2025-10-18,new,79
1010,2024-03-23,new,79
1018,2023-11-15,new,79
1020,2025-01-05,new,29
1050,2025-10-01,new,79
1050,2026-03-30,churn,-79
1051,2023-11-18,new,29
1051,2024-05-16,churn,-29
1054,2025-12-04,new,79
1054,2026-03-04,expansion,50
1060,2024-06-15,new,29
1060,2024-12-12,churn,-29
1063,2025-04-14,new,29
1067,2023-05-06,new,29
1071,2025-04-05,new,29
1072,2024-06-15,new,79
1074,2025-04-29,new,29
1076,2025-11-28,new,79
1078,2024-07-24,new,29
1080,2025-06-21,new,79
1080,2025-09-19,expansion,50
1083,2025-02-09,new,29
1097,2023-09-13,new,79
1098,2025-04-30,new,79
1102,2024-03-29,new,29
1108,2025-08-27,new,29
1115,2026-01-24,new,79
1118,2025-04-14,new,79
1125,2023-12-20,new,79
1125,2024-03-19,contraction,-50
1126,2023-04-04,new,29
1136,2025-03-17,new,199
1136,2025-09-13,churn,-199
1140,2024-05-27,new,29
1140,2024-11-23,churn,-29
1145,2024-03-24,new,29
1154,2025-10-26,new,79
1154,2026-04-24,churn,-79
1155,2024-11-12,new,199
1155,2025-05-11,churn,-199
1159,2023-05-03,new,79
1159,2023-08-01,expansion,50
1162,2024-09-29,new,199
1162,2025-03-28,churn,-199
1164,2024-06-08,new,79
1164,2024-09-06,expansion,50
1174,2023-10-01,new,79
1181,2025-09-19,new,29
1190,2025-08-10,new,29
1193,2023-11-10,new,79
1198,2026-03-10,new,79
1198,2026-09-06,churn,-79
1199,2023-03-14,new,29
1199,2023-09-10,churn,-29
1204,2023-12-04,new,79
1210,2024-11-07,new,79
1213,2025-12-31,new,79
1216,2023-07-24,new,79
1217,2025-08-31,new,79
1217,2026-02-27,churn,-79
1221,2025-05-15,new,29
1224,2023-06-18,new,79
1224,2023-12-15,churn,-79
1230,2025-12-26,new,199
1231,2023-12-20,new,79
1234,2024-02-26,new,29
1234,2024-08-24,churn,-29
1235,2023-06-02,new,199
1236,2026-02-11,new,29
1236,2026-05-12,contraction,-50
1243,2025-04-05,new,29
1247,2025-11-06,new,29
1255,2023-09-18,new,79
1267,2023-12-18,new,29
1272,2024-09-11,new,79
1272,2024-12-10,contraction,-50
1272,2025-03-10,churn,-79
1276,2024-12-26,new,29
1276,2025-06-24,churn,-29
1280,2023-03-28,new,29
1282,2024-11-27,new,79
1282,2025-02-25,expansion,50
1293,2025-07-20,new,29
1293,2026-01-16,churn,-29
1311,2023-08-14,new,29
1314,2024-08-14,new,79
1314,2024-11-12,expansion,50
1319,2023-01-18,new,29
1320,2025-06-28,new,199
1320,2025-09-26,contraction,-50
1320,2025-12-25,churn,-199
1340,2024-07-11,new,29
1342,2023-12-27,new,79
1349,2026-03-14,new,79
1351,2024-10-28,new,29
1351,2025-04-26,churn,-29
1357,2025-08-06,new,29
1361,2026-02-05,new,79
1366,2024-06-19,new,79
1366,2024-12-16,churn,-79
1369,2026-03-13,new,29
1371,2025-05-07,new,79
1373,2025-06-29,new,79
1374,2026-01-26,new,79
1384,2023-05-31,new,199
1384,2023-11-27,churn,-199
1387,2024-02-14,new,29
1387,2024-05-14,expansion,50
1392,2025-12-20,new,29
1392,2026-06-18,churn,-29
1407,2023-09-04,new,79
1411,2024-12-18,new,79
1412,2025-04-14,new,29
1412,2025-07-13,expansion,50
1412,2025-10-11,churn,-29
1420,2023-07-01,new,29
1431,2025-05-13,new,79
1431,2025-08-11,contraction,-50
1432,2025-06-19,new,79
1438,2024-03-24,new,29
1443,2023-02-24,new,29
1446,2023-07-02,new,29
1450,2024-09-06,new,29
1456,2025-03-25,new,29
1467,2024-07-26,new,199
1472,2024-04-07,new,29
1472,2024-07-06,expansion,50
1485,2023-01-31,new,29
1487,2025-06-11,new,199
1487,2025-09-09,expansion,50
1489,2025-07-13,new,79
1491,2025-07-16,new,79
1491,2026-01-12,churn,-79
1501,2023-08-21,new,79
1501,2023-11-19,contraction,-50
1504,2024-09-17,new,29
1509,2026-01-26,new,29
1509,2026-07-25,churn,-29
1516,2023-04-22,new,29
1516,2023-07-21,contraction,-50
1517,2025-04-13,new,29
1520,2024-03-19,new,79
1524,2025-12-19,new,79
1524,2026-06-17,churn,-79
1527,2024-05-28,new,199
1527,2024-11-24,churn,-199
1539,2026-01-14,new,199
1540,2023-06-22,new,199
1541,2025-08-10,new,29
1541,2026-02-06,churn,-29
1554,2025-06-20,new,29
1556,2025-10-11,new,29
1572,2023-06-22,new,199
1584,2025-07-29,new,29
1586,2025-02-05,new,79
1594,2024-05-04,new,199
1595,2024-01-08,new,199
1595,2024-04-07,expansion,50
1595,2024-07-06,churn,-199
1606,2024-05-16,new,29
1606,2024-08-14,expansion,50
1607,2025-01-23,new,29
1611,2024-10-08,new,199
1613,2025-09-27,new,29
1615,2023-06-26,new,79
1635,2026-01-04,new,79
1636,2026-03-01,new,29
1637,2023-09-11,new,29
1641,2024-06-15,new,29
1641,2024-09-13,contraction,-50
1644,2024-05-29,new,79
1644,2024-08-27,contraction,-50
1644,2024-11-25,churn,-79
1645,2026-02-20,new,29
1645,2026-08-19,churn,-29
1647,2023-01-22,new,29
1647,2023-04-22,contraction,-50
1647,2023-07-21,churn,-29
1651,2024-08-07,new,29
1652,2023-10-06,new,29
1668,2023-11-14,new,29
1668,2024-05-12,churn,-29
1674,2025-06-22,new,79
1676,2023-05-17,new,29
1676,2023-11-13,churn,-29
1683,2024-08-21,new,79
1684,2024-04-30,new,79
1695,2025-10-27,new,79
1697,2025-03-18,new,79
1700,2025-11-29,new,29
1702,2023-01-18,new,29
1709,2023-12-27,new,79
1711,2025-06-30,new,29
1711,2025-12-27,churn,-29
1720,2023-12-14,new,199
1725,2023-01-26,new,29
1725,2023-07-25,churn,-29
1735,2026-02-01,new,199
1742,2023-01-17,new,79
1747,2024-08-09,new,29
1747,2025-02-05,churn,-29
1751,2024-02-02,new,199
1751,2024-05-02,expansion,50
1753,2024-04-29,new,29
1763,2023-04-02,new,29
1763,2023-09-29,churn,-29
1791,2024-05-11,new,79
1791,2024-11-07,churn,-79
1797,2024-05-27,new,79
1797,2024-11-23,churn,-79
1809,2026-02-09,new,29
1809,2026-08-08,churn,-29
1810,2024-12-12,new,29
1810,2025-03-12,contraction,-50
1813,2023-04-07,new,199
1813,2023-07-06,expansion,50
1817,2026-02-17,new,29
1822,2023-05-28,new,199
1825,2024-04-20,new,79
1832,2024-02-01,new,29
1832,2024-07-30,churn,-29
1837,2023-05-01,new,29
1840,2023-03-28,new,79
1847,2025-02-19,new,79
1851,2025-03-16,new,29
1851,2025-09-12,churn,-29
1864,2023-07-30,new,29
1867,2024-07-05,new,29
1870,2024-09-30,new,199
1875,2023-10-21,new,79
1877,2025-08-13,new,79
1877,2026-02-09,churn,-79
1879,2024-03-31,new,29
1897,2024-03-27,new,79
1898,2025-03-15,new,79
1903,2025-11-13,new,29
1908,2023-02-01,new,29
1908,2023-07-31,churn,-29
1916,2024-07-11,new,29
1923,2023-12-20,new,29
1927,2024-08-09,new,29
1928,2026-03-12,new,79
1934,2023-11-25,new,29
1943,2025-11-06,new,29
1953,2023-06-13,new,199
1953,2023-12-10,churn,-199
1960,2024-12-16,new,79
1963,2025-08-30,new,29
1963,2026-02-26,churn,-29
1965,2023-02-10,new,29
1966,2024-10-26,new,29
1966,2025-04-24,churn,-29
1972,2025-02-25,new,29
1972,2025-05-26,contraction,-50
1988,2024-01-06,new,29
1996,2024-07-09,new,29
1996,2025-01-05,churn,-29
2017,2025-02-02,new,79
2017,2025-08-01,churn,-79
2023,2025-03-29,new,199
2023,2025-06-27,expansion,50
2028,2024-01-28,new,29
2029,2023-08-15,new,29
2029,2023-11-13,expansion,50
2030,2025-03-20,new,29
2032,2024-10-25,new,79
2034,2025-04-03,new,199
2045,2023-05-01,new,29
2048,2025-08-20,new,79
2080,2023-03-10,new,29
2080,2023-06-08,expansion,50
2082,2025-06-22,new,79
2095,2023-08-17,new,29
2095,2024-02-13,churn,-29
2106,2025-08-05,new,199
2110,2023-12-11,new,79
2112,2023-03-09,new,29
2113,2024-04-27,new,79
2113,2024-07-26,expansion,50
2119,2024-07-07,new,79
2119,2025-01-03,churn,-79
2123,2024-03-04,new,29
2136,2023-02-24,new,29
2138,2023-11-30,new,79
2138,2024-02-28,contraction,-50
2138,2024-05-28,churn,-79
2139,2025-01-16,new,29
2151,2023-02-21,new,79
2166,2025-06-22,new,199
2166,2025-12-19,churn,-199
2167,2023-07-09,new,29
2168,2023-11-28,new,29
2169,2025-10-12,new,79
2171,2025-06-03,new,29
2175,2024-04-29,new,29
2177,2026-01-07,new,29
2177,2026-07-06,churn,-29
2183,2023-03-31,new,29
2189,2025-01-07,new,199
2192,2025-10-07,new,29
2197,2024-11-18,new,29
2198,2026-01-28,new,29
2199,2023-03-25,new,29
2199,2023-09-21,churn,-29
2200,2024-01-23,new,199
2202,2023-04-10,new,29
2207,2024-09-28,new,79
2210,2024-10-01,new,79
2210,2025-03-30,churn,-79
2212,2023-06-16,new,29
2214,2025-05-30,new,79
2217,2025-09-12,new,79
2217,2025-12-11,expansion,50
2221,2023-11-14,new,29
2221,2024-05-12,churn,-29
2228,2024-06-23,new,29
2230,2023-02-04,new,29
2234,2024-12-15,new,79
2234,2025-06-13,churn,-79
2237,2023-06-16,new,79
2238,2025-03-09,new,79
2241,2025-01-06,new,199
2248,2025-11-06,new,79
2248,2026-02-04,expansion,50
2250,2025-10-31,new,29
2251,2024-01-18,new,29
2251,2024-07-16,churn,-29
2255,2024-05-09,new,29
2255,2024-11-05,churn,-29
2256,2025-09-22,new,29
2259,2023-01-29,new,79
2261,2023-06-06,new,199
2261,2023-12-03,churn,-199
2264,2023-11-28,new,29
2264,2024-05-26,churn,-29
2266,2023-11-07,new,29
2269,2023-10-05,new,29
2269,2024-01-03,contraction,-50
2273,2026-01-11,new,29
2276,2025-01-16,new,29
2276,2025-07-15,churn,-29
2277,2025-09-13,new,79
2277,2025-12-12,contraction,-50
2286,2023-10-25,new,29
2292,2025-12-17,new,199
2292,2026-06-15,churn,-199
2295,2025-01-09,new,199
2302,2025-08-18,new,29
2307,2024-03-20,new,29
2322,2024-11-26,new,29
2322,2025-05-25,churn,-29
2328,2026-03-11,new,29
2329,2025-11-27,new,29
2332,2025-07-27,new,29
2333,2024-09-25,new,29
2333,2025-03-24,churn,-29
2334,2023-11-16,new,79
2334,2024-02-14,contraction,-50
2338,2023-07-17,new,79
2338,2024-01-13,churn,-79
2343,2026-01-28,new,79
2343,2026-04-28,expansion,50
2345,2024-08-18,new,29
2345,2024-11-16,contraction,-50
2348,2025-05-17,new,79
2352,2024-06-02,new,79
2354,2025-06-11,new,79
2355,2025-11-23,new,79
2358,2023-05-26,new,29
2359,2025-01-27,new,29
2359,2025-07-26,churn,-29
2361,2026-02-04,new,79
2361,2026-08-03,churn,-79
2363,2025-02-14,new,199
2369,2025-01-15,new,29
2392,2025-11-08,new,29
2394,2023-04-08,new,29
2394,2023-10-05,churn,-29
2399,2023-12-28,new,79
2410,2024-10-29,new,79
2412,2025-09-24,new,79
2416,2023-10-31,new,199
2424,2023-10-18,new,29
2427,2026-03-14,new,199
2427,2026-09-10,churn,-199
2437,2026-03-15,new,79
2438,2023-02-23,new,29
2446,2023-09-21,new,29
2448,2023-08-10,new,29
2448,2024-02-06,churn,-29
2452,2026-01-19,new,79
2452,2026-04-19,expansion,50
2452,2026-07-18,churn,-79
2453,2025-12-22,new,29
2453,2026-06-20,churn,-29
2454,2025-01-20,new,29
2454,2025-04-20,expansion,50
2455,2026-01-13,new,79
2455,2026-07-12,churn,-79
2462,2024-04-10,new,29
2462,2024-10-07,churn,-29
2467,2024-04-16,new,29
2469,2025-12-13,new,79
2469,2026-06-11,churn,-79
2476,2024-08-14,new,199
2476,2025-02-10,churn,-199
2494,2024-12-16,new,29
2497,2025-04-03,new,199
2508,2024-08-08,new,29
2508,2025-02-04,churn,-29
2514,2024-01-30,new,29
2527,2023-08-18,new,29
2544,2023-07-08,new,29
2545,2025-08-31,new,29
2548,2026-01-06,new,199
2548,2026-04-06,contraction,-50
2549,2025-06-26,new,29
2549,2025-12-23,churn,-29
2550,2024-09-04,new,199
2563,2023-08-28,new,29
2563,2024-02-24,churn,-29
2566,2024-11-18,new,29
2567,2023-07-02,new,29
2567,2023-09-30,contraction,-50
2570,2023-09-15,new,29
2574,2025-12-30,new,29
2591,2023-08-25,new,29
2591,2024-02-21,churn,-29
2595,2023-02-06,new,29
2601,2024-02-28,new,29
2607,2024-07-02,new,29
2607,2024-12-29,churn,-29
2615,2024-12-14,new,29
2616,2024-11-25,new,79
2620,2023-05-27,new,29
2621,2023-04-16,new,29
2621,2023-10-13,churn,-29
2626,2024-02-06,new,29
2628,2026-01-31,new,29
2628,2026-07-30,churn,-29
2642,2025-08-11,new,29
2642,2025-11-09,contraction,-50
2642,2026-02-07,churn,-29
2643,2024-01-18,new,79
2659,2024-03-30,new,199
2662,2025-08-19,new,29
2662,2026-02-15,churn,-29
2669,2023-11-04,new,29
2679,2023-01-17,new,29
2680,2025-06-25,new,79
2684,2025-08-24,new,29
2684,2026-02-20,churn,-29
2686,2025-09-23,new,29
2689,2023-05-04,new,199
2689,2023-10-31,churn,-199
2702,2023-02-15,new,199
2702,2023-08-14,churn,-199
2703,2023-04-25,new,29
2706,2024-05-24,new,79
2707,2024-04-30,new,29
2707,2024-10-27,churn,-29
2709,2025-01-18,new,29
2710,2025-10-09,new,79
2712,2023-09-24,new,29
2720,2023-03-25,new,29
2729,2024-08-17,new,199
2735,2024-06-16,new,29
2735,2024-12-13,churn,-29
2751,2024-09-22,new,29
2751,2024-12-21,expansion,50
2753,2023-02-20,new,79
2756,2023-12-16,new,79
2756,2024-03-15,expansion,50
2788,2023-01-27,new,29
2790,2023-10-15,new,79
2790,2024-01-13,expansion,50
2794,2024-07-06,new,29
2794,2025-01-02,churn,-29
2798,2025-03-13,new,79
2803,2023-09-29,new,29
2803,2024-03-27,churn,-29
2813,2023-01-16,new,29
2813,2023-07-15,churn,-29
2820,2024-05-07,new,79
2827,2025-01-07,new,199
2834,2025-11-07,new,29
2841,2023-06-03,new,199
2849,2026-02-25,new,199
2849,2026-08-24,churn,-199
2851,2026-03-06,new,199
2854,2024-02-19,new,79
2856,2023-04-24,new,29
2857,2024-06-16,new,79
2862,2025-02-02,new,29
2881,2025-06-28,new,79
2886,2025-11-12,new,29
2892,2023-11-13,new,29
2899,2025-07-25,new,199
2910,2023-04-11,new,79
2910,2023-10-08,churn,-79
2911,2023-11-07,new,199
2914,2023-07-23,new,79
2929,2023-11-17,new,29
2929,2024-02-15,expansion,50
2931,2025-09-23,new,29
2933,2023-12-24,new,79
2936,2026-02-22,new,29
2936,2026-05-23,expansion,50
2937,2023-12-31,new,199
2937,2024-06-28,churn,-199
2955,2023-04-17,new,79
2958,2026-03-05,new,79
2958,2026-09-01,churn,-79
2961,2024-01-21,new,79
2961,2024-04-20,expansion,50
2962,2023-07-18,new,29
2962,2024-01-14,churn,-29
2965,2025-08-26,new,29
2965,2026-02-22,churn,-29
2968,2023-08-25,new,29
2968,2023-11-23,expansion,50
2980,2023-04-21,new,29
2980,2023-10-18,churn,-29
2981,2024-12-25,new,79
2982,2023-06-13,new,29
2982,2023-12-10,churn,-29
2986,2024-01-08,new,29
2988,2023-11-27,new,199
2989,2025-06-18,new,29
2989,2025-09-16,expansion,50
3005,2025-12-04,new,79
3011,2023-12-01,new,29
3015,2026-01-23,new,79
3015,2026-07-22,churn,-79
3023,2025-08-18,new,29
3024,2023-10-10,new,29
3024,2024-04-07,churn,-29
3025,2024-03-25,new,29
3025,2024-09-21,churn,-29
3031,2024-03-02,new,79
3032,2023-12-01,new,29
3032,2024-02-29,expansion,50
3033,2025-01-25,new,29
3033,2025-07-24,churn,-29
3034,2025-03-30,new,29
3034,2025-09-26,churn,-29
3035,2024-03-07,new,79
3037,2025-03-16,new,29
3038,2023-04-15,new,29
3043,2025-08-08,new,29
3054,2024-07-05,new,199
3055,2023-03-18,new,29
3061,2023-12-28,new,29
3062,2024-01-27,new,79
3067,2025-03-12,new,29
3076,2025-06-29,new,29
3079,2023-10-06,new,29
3084,2024-11-24,new,29
3084,2025-05-23,churn,-29
3095,2024-02-14,new,29
3096,2024-07-16,new,29
3096,2025-01-12,churn,-29
3099,2023-04-02,new,79
3100,2025-12-23,new,199
3109,2025-09-15,new,29
3109,2025-12-14,expansion,50
3115,2025-11-18,new,29
3115,2026-05-17,churn,-29
3121,2025-07-27,new,29
3121,2026-01-23,churn,-29
3125,2024-06-14,new,79
3133,2024-10-06,new,29
3134,2025-09-09,new,79
3136,2024-01-10,new,29
3136,2024-04-09,contraction,-50
3142,2023-09-25,new,79
3142,2023-12-24,expansion,50
3145,2024-10-08,new,29
3145,2025-04-06,churn,-29
3147,2024-03-07,new,79
3147,2024-06-05,contraction,-50
3156,2025-08-15,new,29
3164,2025-10-04,new,29
3168,2023-03-18,new,79
3174,2025-05-09,new,79
3174,2025-11-05,churn,-79
3176,2025-02-03,new,29
3176,2025-05-04,contraction,-50
3179,2025-01-23,new,29
3187,2025-05-25,new,29
3193,2023-09-23,new,29
3198,2024-05-01,new,79
3209,2024-05-30,new,29
3212,2025-01-15,new,79
3212,2025-04-15,contraction,-50
3216,2024-09-16,new,29
3223,2023-10-01,new,199
3224,2025-01-09,new,29
3226,2023-06-01,new,79
3235,2024-10-30,new,29
3237,2025-04-16,new,29
3239,2024-05-22,new,79
3239,2024-11-18,churn,-79
3242,2024-05-14,new,79
3246,2025-07-04,new,29
3246,2025-12-31,churn,-29
3248,2023-06-03,new,29
3251,2024-04-27,new,79
3251,2024-07-26,expansion,50
3252,2023-10-25,new,79
3254,2023-02-02,new,79
3257,2024-09-07,new,79
3257,2025-03-06,churn,-79
3260,2025-11-22,new,29
3262,2025-10-22,new,29
3263,2024-12-31,new,29
3263,2025-03-31,expansion,50
3266,2025-01-21,new,29
3274,2023-02-14,new,79
3277,2026-02-01,new,79
3277,2026-07-31,churn,-79
3279,2026-03-11,new,29
3283,2024-02-17,new,79
3301,2023-02-05,new,199
3304,2025-08-20,new,79
3306,2026-01-05,new,79
3312,2024-03-30,new,29
3312,2024-09-26,churn,-29
3325,2024-03-04,new,79
3325,2024-08-31,churn,-79
3326,2024-12-30,new,29
3326,2025-03-30,contraction,-50
3328,2025-08-16,new,79
3328,2025-11-14,contraction,-50
3335,2026-01-04,new,29
3335,2026-04-04,expansion,50
3341,2025-05-24,new,29
3343,2023-05-29,new,79
3344,2025-04-13,new,29
3365,2025-08-30,new,199
3370,2025-01-26,new,79
3370,2025-07-25,churn,-79
3375,2023-12-30,new,29
3385,2024-06-09,new,29
3388,2024-05-02,new,199
3389,2024-07-10,new,29
3393,2023-09-19,new,29
3393,2024-03-17,churn,-29
3400,2023-04-19,new,29
3404,2023-02-14,new,29
3406,2024-11-05,new,29
3410,2024-08-05,new,29
3415,2024-10-12,new,199
3416,2024-07-08,new,29
3416,2024-10-06,expansion,50
3416,2025-01-04,churn,-29
3418,2023-07-03,new,199
3425,2025-07-19,new,79
3430,2023-08-06,new,29
3438,2025-09-12,new,79
3443,2025-11-12,new,79
3447,2024-10-18,new,29
3447,2025-01-16,contraction,-50
3449,2023-08-28,new,199
3451,2025-10-11,new,29
3452,2024-12-26,new,79
3454,2024-03-27,new,29
3454,2024-09-23,churn,-29
3455,2025-12-25,new,199
3458,2024-12-02,new,29
3469,2025-07-06,new,199
3469,2025-10-04,contraction,-50
3469,2026-01-02,churn,-199
3471,2025-04-28,new,199
3475,2024-03-01,new,29
3475,2024-05-30,expansion,50
3482,2026-01-19,new,29
3482,2026-04-19,contraction,-50
3486,2025-08-15,new,29
3502,2024-09-22,new,79
3503,2024-06-21,new,79
3504,2023-02-09,new,29
3517,2023-07-02,new,29
3522,2024-06-29,new,79
3527,2025-03-05,new,79
3546,2025-12-27,new,79
3547,2025-05-18,new,199
3547,2025-08-16,contraction,-50
3547,2025-11-14,churn,-199
3549,2025-11-03,new,79
3549,2026-02-01,expansion,50
3552,2024-09-09,new,79
3557,2025-08-26,new,29
3558,2023-12-18,new,79
3558,2024-06-15,churn,-79
3589,2024-10-25,new,79
3592,2024-01-29,new,29
3595,2024-12-23,new,29
3595,2025-03-23,contraction,-50
3595,2025-06-21,churn,-29
3602,2025-07-30,new,199
3629,2025-05-10,new,29
3631,2023-01-24,new,29
3631,2023-04-24,expansion,50
3632,2023-06-17,new,199
3637,2024-05-01,new,199
3638,2025-10-04,new,29
3638,2026-01-02,contraction,-50
3643,2024-11-25,new,79
3644,2025-12-08,new,199
3644,2026-06-06,churn,-199
3645,2024-04-30,new,29
3646,2025-01-25,new,79
3654,2025-02-18,new,79
3654,2025-05-19,expansion,50
3654,2025-08-17,churn,-79
3656,2025-01-11,new,79
3669,2023-09-06,new,29
3672,2025-08-10,new,29
3673,2023-06-11,new,199
3677,2023-05-02,new,29
3677,2023-10-29,churn,-29
3679,2025-06-12,new,29
3682,2025-11-15,new,79
3684,2023-12-28,new,79
3687,2024-06-18,new,79
3687,2024-12-15,churn,-79
3691,2024-08-21,new,29
3694,2023-10-03,new,29
3694,2024-03-31,churn,-29
3695,2025-08-05,new,29
3709,2023-09-26,new,29
3709,2024-03-24,churn,-29
3728,2023-08-08,new,29
3731,2024-09-09,new,29
3731,2025-03-08,churn,-29
3734,2023-01-21,new,29
3739,2024-04-16,new,29
3739,2024-10-13,churn,-29
3745,2024-09-20,new,79
3758,2025-07-01,new,79
3758,2025-09-29,contraction,-50
3772,2023-12-03,new,29
3772,2024-05-31,churn,-29
3773,2023-07-17,new,29
3773,2024-01-13,churn,-29
3775,2024-09-25,new,29
3775,2025-03-24,churn,-29
3780,2024-11-28,new,79
3790,2024-10-03,new,29
3790,2025-04-01,churn,-29
3798,2023-03-26,new,29
3801,2023-06-22,new,29
3801,2023-12-19,churn,-29
3803,2023-12-07,new,199
3806,2024-03-06,new,29
3806,2024-06-04,expansion,50
3808,2025-06-19,new,79
3808,2025-12-16,churn,-79
3811,2025-07-15,new,79
3811,2026-01-11,churn,-79
3815,2024-11-14,new,79
3817,2024-11-11,new,199
3818,2025-11-22,new,29
3818,2026-02-20,expansion,50
3820,2023-11-24,new,79
3824,2024-11-19,new,29
3827,2026-03-08,new,79
3835,2023-07-06,new,199
3836,2025-10-29,new,29
3838,2023-04-09,new,29
3841,2023-04-10,new,199
3847,2023-08-30,new,79
3848,2025-05-01,new,199
3848,2025-10-28,churn,-199
3849,2023-10-06,new,29
3850,2024-04-09,new,79
3858,2023-04-24,new,29
3867,2023-06-07,new,29
3867,2023-12-04,churn,-29
3868,2023-05-03,new,29
3868,2023-10-30,churn,-29
3869,2023-08-24,new,29
3876,2024-08-05,new,79
3877,2025-09-25,new,29
3877,2025-12-24,contraction,-50
3881,2023-02-05,new,79
3888,2024-11-03,new,29
3889,2024-01-04,new,79
3892,2024-06-15,new,79
3898,2024-10-10,new,79
3898,2025-01-08,contraction,-50
3900,2025-05-30,new,79
3903,2023-04-23,new,79
3903,2023-10-20,churn,-79
3914,2023-09-13,new,29
3918,2025-10-28,new,29
3920,2023-08-01,new,29
3934,2024-04-05,new,79
3934,2024-10-02,churn,-79
3937,2024-07-29,new,79
3938,2025-10-08,new,79
3940,2025-06-18,new,199
3944,2023-07-30,new,29
3944,2024-01-26,churn,-29
3952,2025-02-10,new,29
3952,2025-05-11,expansion,50
3952,2025-08-09,churn,-29
3960,2024-07-27,new,79
3962,2024-10-26,new,29
3967,2023-12-31,new,29
3967,2024-06-28,churn,-29
3974,2026-03-12,new,199
3974,2026-06-10,expansion,50
3979,2024-11-19,new,29
3985,2023-04-12,new,29
3992,2023-10-15,new,79
3994,2025-06-14,new,29
3999,2025-08-20,new,79
4006,2023-02-17,new,29
4006,2023-08-16,churn,-29
4007,2025-03-03,new,29
4008,2025-03-20,new,79
4017,2025-01-04,new,29
4022,2025-03-26,new,79
4022,2025-09-22,churn,-79
4028,2024-06-02,new,199
4028,2024-11-29,churn,-199
4033,2023-10-14,new,79
4039,2025-03-20,new,29
4050,2023-12-08,new,29
4055,2024-01-19,new,29
4057,2025-04-08,new,29
4063,2023-04-24,new,29
4065,2023-03-31,new,79
4072,2023-11-11,new,29
4072,2024-05-09,churn,-29
4074,2025-10-06,new,29
4074,2026-04-04,churn,-29
4081,2024-06-24,new,29
4090,2025-12-07,new,29
4092,2023-09-25,new,29
4105,2025-08-16,new,79
4106,2023-07-25,new,79
4107,2024-04-16,new,79
4111,2025-11-03,new,79
4113,2025-04-21,new,29
4122,2024-07-13,new,29
4125,2025-10-27,new,29
4126,2024-02-17,new,29
4128,2024-10-15,new,79
4128,2025-04-13,churn,-79
4131,2023-05-23,new,29
4136,2026-02-14,new,29
4142,2023-04-11,new,79
4145,2025-12-31,new,29
4145,2026-03-31,expansion,50
4148,2025-03-16,new,29
4150,2025-08-19,new,29
4155,2024-03-19,new,79
4155,2024-06-17,expansion,50
4162,2023-06-02,new,29
4165,2023-08-17,new,199
4166,2023-11-02,new,29
4167,2025-08-16,new,79
4171,2024-07-17,new,79
4171,2024-10-15,expansion,50
4173,2025-10-28,new,29
4176,2026-01-18,new,29
4176,2026-04-18,contraction,-50
4177,2025-07-23,new,199
4177,2025-10-21,expansion,50
4182,2024-01-17,new,29
4194,2025-10-08,new,79
4194,2026-04-06,churn,-79
4196,2025-07-30,new,29
4196,2026-01-26,churn,-29
4197,2024-09-26,new,199
4205,2023-08-05,new,79
4210,2023-08-06,new,29
4213,2024-07-21,new,29
4213,2025-01-17,churn,-29
4219,2024-10-28,new,79
4221,2025-04-26,new,29
4221,2025-10-23,churn,-29
4222,2025-04-13,new,29
4222,2025-10-10,churn,-29
4223,2023-03-29,new,29
4226,2023-12-17,new,79
4226,2024-03-16,expansion,50
4229,2023-01-29,new,29
4229,2023-04-29,expansion,50
4229,2023-07-28,churn,-29
4232,2023-07-21,new,199
4233,2025-12-31,new,79
4238,2024-07-06,new,29
4238,2025-01-02,churn,-29
4239,2025-08-08,new,199
4239,2026-02-04,churn,-199
4243,2024-03-15,new,29
4251,2026-01-02,new,199
4260,2023-08-25,new,29
4261,2025-08-15,new,79
4263,2023-08-01,new,29
4263,2024-01-28,churn,-29
4264,2023-05-23,new,29
4267,2023-08-30,new,29
4269,2025-11-20,new,29
4269,2026-02-18,expansion,50
4273,2024-03-15,new,29
4273,2024-09-11,churn,-29
4274,2023-11-29,new,79
4281,2024-02-17,new,29
4281,2024-05-17,contraction,-50
4281,2024-08-15,churn,-29
4287,2026-01-27,new,199
4287,2026-07-26,churn,-199
4293,2023-05-04,new,79
4313,2026-03-03,new,29
4317,2023-11-17,new,29
4318,2024-09-21,new,29
4318,2024-12-20,contraction,-50
4322,2026-02-02,new,199
4322,2026-08-01,churn,-199
4326,2023-11-20,new,79
4326,2024-05-18,churn,-79
4337,2025-12-13,new,29
4350,2023-03-11,new,29
4360,2024-04-11,new,29
4360,2024-10-08,churn,-29
4368,2025-07-24,new,29
4379,2024-06-24,new,29
4385,2025-07-16,new,199
4387,2025-05-23,new,29
4387,2025-11-19,churn,-29
4399,2024-09-09,new,79
4399,2025-03-08,churn,-79
4416,2024-07-18,new,29
4416,2024-10-16,expansion,50
4422,2023-02-05,new,79
4427,2023-07-22,new,29
4427,2024-01-18,churn,-29
4432,2025-09-01,new,29
4434,2023-02-25,new,29
4437,2025-11-13,new,29
4438,2025-04-19,new,79
4445,2023-12-21,new,199
4449,2024-10-07,new,79
4458,2025-04-12,new,199
4458,2025-07-11,expansion,50
4458,2025-10-09,churn,-199
4462,2025-04-16,new,29
4464,2024-05-19,new,29
4464,2024-11-15,churn,-29
4466,2024-03-31,new,29
4472,2023-06-03,new,79
4475,2024-04-20,new,79
4476,2024-11-15,new,29
4477,2025-12-13,new,199
4477,2026-03-13,expansion,50
4477,2026-06-11,churn,-199
4479,2024-05-14,new,199
4493,2025-04-25,new,29
4494,2025-09-13,new,29
4497,2024-12-12,new,79
4497,2025-03-12,expansion,50
4497,2025-06-10,churn,-79
4501,2025-08-16,new,29
4503,2023-08-04,new,29
4504,2024-06-14,new,79
4504,2024-12-11,churn,-79
4508,2023-12-28,new,79
4516,2024-04-11,new,29
4517,2025-05-24,new,199
4523,2026-02-21,new,199
4524,2025-05-21,new,29
4524,2025-11-17,churn,-29
4525,2025-05-25,new,199
4528,2024-03-17,new,79
4536,2024-05-15,new,29
4536,2024-08-13,contraction,-50
4536,2024-11-11,churn,-29
4537,2026-02-20,new,29
4537,2026-05-21,expansion,50
4542,2023-06-10,new,79
4542,2023-09-08,expansion,50
4545,2025-03-28,new,29
4548,2025-06-26,new,29
4550,2023-11-22,new,79
4550,2024-05-20,churn,-79
4553,2025-03-11,new,79
4557,2023-08-31,new,29
4558,2025-07-12,new,199
4561,2024-01-16,new,29
4563,2026-02-16,new,79
4573,2025-11-06,new,199
4577,2025-08-02,new,199
4577,2025-10-31,contraction,-50
4577,2026-01-29,churn,-199
4580,2023-10-24,new,79
4580,2024-04-21,churn,-79
4592,2023-02-13,new,29
4596,2024-01-02,new,29
4596,2024-04-01,expansion,50
4599,2023-11-05,new,79
4601,2025-01-31,new,29
4609,2025-05-07,new,29
4613,2024-11-26,new,29
4624,2025-07-24,new,199
4628,2025-12-11,new,29
4631,2025-12-30,new,29
4635,2024-03-29,new,79
4637,2025-01-31,new,29
4641,2023-06-19,new,79
4641,2023-09-17,expansion,50
4643,2024-05-18,new,29
4643,2024-08-16,expansion,50
4645,2023-09-12,new,79
4645,2023-12-11,contraction,-50
4645,2024-03-10,churn,-79
4648,2024-08-24,new,79
4652,2024-04-19,new,29
4652,2024-10-16,churn,-29
4660,2023-12-09,new,29
4674,2024-03-25,new,79
4674,2024-06-23,expansion,50
4678,2024-12-29,new,29
4678,2025-03-29,contraction,-50
4678,2025-06-27,churn,-29
4682,2025-11-02,new,79
4683,2023-11-02,new,29
4683,2024-04-30,churn,-29
4689,2024-04-15,new,79
4693,2023-10-27,new,79
4696,2023-08-17,new,199
4705,2025-02-22,new,79
4709,2025-07-26,new,29
4710,2024-07-22,new,79
4710,2025-01-18,churn,-79
4711,2024-05-08,new,29
4711,2024-11-04,churn,-29
4715,2023-05-05,new,29
4717,2024-01-01,new,199
4720,2024-03-11,new,29
4722,2023-05-06,new,79
4735,2024-11-10,new,29
4737,2023-07-17,new,79
4741,2025-03-27,new,79
4748,2025-05-25,new,29
4748,2025-08-23,expansion,50
4754,2025-05-29,new,29
4755,2026-03-04,new,29
4765,2023-07-21,new,29
4774,2025-04-20,new,199
4779,2025-01-08,new,29
4779,2025-04-08,contraction,-50
4780,2023-01-23,new,79
4780,2023-04-23,expansion,50
4786,2025-07-24,new,29
4786,2026-01-20,churn,-29
4793,2024-11-25,new,29
4799,2023-01-25,new,29
4816,2024-09-22,new,29
4831,2025-12-26,new,29
4835,2025-08-24,new,79
4835,2026-02-20,churn,-79
4838,2023-05-02,new,199
4841,2025-05-03,new,29
4841,2025-10-30,churn,-29
4859,2025-11-10,new,79
4862,2023-11-15,new,29
4862,2024-05-13,churn,-29
4870,2026-02-12,new,29
4870,2026-08-11,churn,-29
4880,2025-12-24,new,199
4886,2026-01-27,new,29
4886,2026-07-26,churn,-29
4887,2025-07-22,new,79
4887,2026-01-18,churn,-79
4888,2025-03-02,new,79
4889,2023-08-24,new,79
4889,2024-02-20,churn,-79
4894,2023-12-05,new,29
4900,2025-08-21,new,29
4900,2025-11-19,expansion,50
4910,2023-03-12,new,29
4910,2023-06-10,contraction,-50
4912,2025-04-01,new,199
4917,2023-01-23,new,199
4917,2023-04-23,expansion,50
4917,2023-07-22,churn,-199
4918,2023-05-19,new,79
4920,2025-10-01,new,79
4932,2024-12-14,new,29
4943,2023-03-29,new,79
4948,2023-10-31,new,29
4953,2023-03-30,new,199
4954,2024-11-19,new,199
4956,2024-02-29,new,79
4956,2024-08-27,churn,-79
4959,2023-08-14,new,199
4961,2024-01-10,new,29
4961,2024-04-09,contraction,-50
4966,2023-07-07,new,29
4969,2023-03-27,new,199
4978,2024-04-22,new,199
4978,2024-07-21,contraction,-50
4991,2024-02-27,new,79
4998,2023-04-20,new,79
4999,2024-07-08,new,79
5006,2025-01-22,new,29
5015,2024-06-05,new,199
5015,2024-12-02,churn,-199
5026,2023-02-25,new,199
5026,2023-08-24,churn,-199
5035,2025-06-12,new,29
5043,2025-01-19,new,79
5043,2025-04-19,contraction,-50
5045,2023-07-03,new,29
5048,2025-08-10,new,29
5060,2025-04-23,new,29
5060,2025-10-20,churn,-29
5065,2023-08-22,new,29
5066,2024-12-19,new,29
5066,2025-06-17,churn,-29
5068,2023-09-19,new,79
5081,2026-03-06,new,29
5085,2023-05-28,new,29
5087,2025-05-13,new,199
5087,2025-08-11,expansion,50
5089,2023-11-29,new,79
5089,2024-02-27,expansion,50
5092,2024-04-10,new,29
5095,2025-10-15,new,29
5095,2026-01-13,contraction,-50
5100,2024-10-20,new,199
5100,2025-01-18,expansion,50
5100,2025-04-18,churn,-199
5107,2025-05-30,new,29
5120,2023-09-03,new,29
5121,2025-08-26,new,79
5124,2024-12-11,new,29
5124,2025-06-09,churn,-29
5125,2024-05-26,new,79
5141,2023-07-23,new,29
5141,2023-10-21,contraction,-50
5141,2024-01-19,churn,-29
5148,2023-09-22,new,29
5148,2023-12-21,expansion,50
5151,2024-11-29,new,79
5154,2023-08-28,new,199
5157,2023-04-04,new,79
5157,2023-10-01,churn,-79
5160,2024-01-15,new,29
5162,2024-07-16,new,29
5162,2025-01-12,churn,-29
5163,2023-12-11,new,29
5163,2024-03-10,contraction,-50
5167,2024-03-25,new,79
5175,2025-08-27,new,29
5181,2025-12-18,new,79
5181,2026-06-16,churn,-79
5183,2023-05-21,new,79
5187,2025-12-15,new,29
5187,2026-03-15,expansion,50
5190,2024-01-17,new,29
5192,2026-01-13,new,29
5194,2025-09-04,new,79
5199,2025-06-09,new,29
5201,2024-01-08,new,79
5201,2024-04-07,contraction,-50
5203,2025-01-20,new,199
5206,2024-08-24,new,79
5211,2023-10-26,new,29
5211,2024-04-23,churn,-29
5216,2023-09-08,new,29
5216,2023-12-07,contraction,-50
5221,2025-09-02,new,29
5229,2023-11-13,new,79
5234,2025-03-16,new,29
5237,2025-08-16,new,29
5245,2025-04-10,new,29
5245,2025-07-09,contraction,-50
5247,2023-02-12,new,199
5249,2023-05-29,new,29
5251,2026-02-02,new,29
5253,2023-07-19,new,29
5254,2024-08-09,new,79
5259,2023-03-27,new,79
5259,2023-06-25,expansion,50
5259,2023-09-23,churn,-79
5269,2024-09-20,new,79
5269,2024-12-19,contraction,-50
5270,2024-05-31,new,199
5270,2024-08-29,contraction,-50
5273,2024-10-08,new,29
5293,2026-02-12,new,29
5293,2026-08-11,churn,-29
5294,2023-07-24,new,29
5294,2023-10-22,expansion,50
5300,2023-03-09,new,79
5302,2025-12-21,new,29
5303,2025-10-22,new,29
5309,2025-10-19,new,79
5311,2023-03-22,new,29
5315,2026-02-11,new,79
5320,2025-04-24,new,29
5320,2025-10-21,churn,-29
5323,2023-02-28,new,29
5326,2026-02-03,new,199
5330,2025-05-01,new,199
5331,2023-05-05,new,29
5338,2023-03-26,new,29
5339,2024-04-18,new,29
5343,2024-10-17,new,29
5344,2024-05-25,new,199
5349,2024-07-24,new,199
5359,2023-02-10,new,79
5359,2023-05-11,expansion,50
5362,2023-05-05,new,29
5362,2023-11-01,churn,-29
5367,2026-02-09,new,29
5375,2025-08-27,new,29
5375,2026-02-23,churn,-29
5389,2024-10-30,new,199
5401,2025-11-06,new,199
5407,2023-07-14,new,29
5407,2024-01-10,churn,-29
5409,2023-10-15,new,29
5412,2025-11-14,new,29
5412,2026-02-12,expansion,50
5416,2024-07-08,new,29
5424,2023-12-22,new,29
5424,2024-03-21,expansion,50
5434,2024-07-06,new,29
5437,2024-02-09,new,79
5438,2024-03-11,new,29
5443,2025-06-29,new,29
5448,2023-03-08,new,29
5450,2025-04-22,new,79
5450,2025-07-21,contraction,-50
5451,2026-01-20,new,29
5455,2024-10-13,new,79
5462,2025-02-16,new,29
5462,2025-05-17,contraction,-50
5467,2023-08-11,new,29
5471,2024-10-21,new,199
5471,2025-01-19,contraction,-50
5473,2024-05-07,new,199
5473,2024-08-05,contraction,-50
5479,2023-08-15,new,29
5479,2024-02-11,churn,-29
5485,2024-05-21,new,79
5495,2025-09-13,new,199
5496,2023-09-30,new,29
5496,2024-03-28,churn,-29
5498,2023-02-19,new,79
5503,2023-11-12,new,29
5505,2025-02-28,new,79
5511,2023-09-30,new,29
5518,2024-04-28,new,29
5522,2024-11-20,new,79
5523,2024-12-10,new,79
5534,2023-01-18,new,79
5535,2023-02-27,new,79
5535,2023-05-28,contraction,-50
5538,2026-02-09,new,79
5539,2025-01-14,new,29
5540,2024-10-24,new,79
5548,2024-06-15,new,29
5549,2025-03-10,new,79
5550,2025-11-01,new,29
5554,2023-06-19,new,29
5563,2024-12-10,new,29
5563,2025-03-10,expansion,50
5563,2025-06-08,churn,-29
5571,2025-06-03,new,79
5577,2025-03-17,new,199
5582,2025-07-25,new,29
5582,2025-10-23,expansion,50
5586,2023-04-03,new,199
5586,2023-09-30,churn,-199
5587,2024-03-02,new,79
5596,2023-05-04,new,79
5602,2023-12-14,new,29
5606,2024-01-06,new,29
5620,2023-12-05,new,79
5622,2024-09-07,new,79
5624,2025-05-04,new,29
5624,2025-08-02,expansion,50
5624,2025-10-31,churn,-29
5630,2025-12-20,new,199
5630,2026-03-20,contraction,-50
5635,2024-11-07,new,79
5640,2025-12-17,new,79
5647,2025-10-04,new,79
5650,2023-11-19,new,79
5650,2024-05-17,churn,-79
5652,2024-04-29,new,29
5654,2023-11-02,new,79
5661,2023-04-19,new,79
5679,2025-06-15,new,199
5685,2025-05-25,new,29
5690,2024-05-16,new,79
5694,2025-08-22,new,79
5695,2023-09-24,new,29
5699,2024-02-17,new,29
5707,2024-11-03,new,29
5707,2025-02-01,contraction,-50
5733,2025-10-08,new,29
5733,2026-04-06,churn,-29
5734,2025-10-16,new,199
5734,2026-04-14,churn,-199
5735,2026-01-11,new,79
5735,2026-07-10,churn,-79
5745,2023-05-28,new,79
5754,2024-08-18,new,29
5765,2024-04-12,new,29
5770,2023-05-31,new,29
5784,2024-11-17,new,79
5789,2023-07-19,new,29
5789,2024-01-15,churn,-29
5793,2025-10-05,new,199
5795,2024-01-19,new,79
5796,2026-02-18,new,199
5801,2024-11-27,new,79
5802,2025-07-16,new,199
5802,2026-01-12,churn,-199
5808,2023-10-01,new,79
5816,2025-03-03,new,29
5821,2024-01-07,new,29
5821,2024-04-06,contraction,-50
5834,2025-05-16,new,199
5837,2026-01-15,new,29
5837,2026-04-15,expansion,50
5837,2026-07-14,churn,-29
5838,2025-08-20,new,79
5842,2024-11-20,new,29
5842,2025-05-19,churn,-29
5860,2024-03-05,new,199
5867,2023-06-08,new,29
5867,2023-09-06,expansion,50
5871,2023-01-22,new,79
5872,2025-04-09,new,29
5873,2023-07-11,new,29
5873,2024-01-07,churn,-29
5880,2025-04-14,new,199
5880,2025-07-13,expansion,50
5891,2025-05-02,new,199
5893,2024-11-09,new,79
5895,2025-12-29,new,79
5897,2025-11-07,new,79
5897,2026-05-06,churn,-79
5906,2025-08-11,new,79
5910,2024-09-19,new,29
5910,2025-03-18,churn,-29
5912,2023-10-04,new,29
5928,2023-06-20,new,29
5930,2025-02-05,new,29
5936,2023-09-23,new,79
5944,2023-10-16,new,29
5947,2023-05-08,new,199
5948,2023-03-24,new,29
5965,2024-12-30,new,29
5967,2025-03-26,new,29
5968,2026-01-22,new,79
5974,2026-01-15,new,29
5974,2026-04-15,expansion,50
5976,2023-12-05,new,29
5976,2024-03-04,expansion,50
5976,2024-06-02,churn,-29
5983,2023-12-30,new,79
5984,2025-09-04,new,79
5984,2026-03-03,churn,-79
5993,2024-09-25,new,29
5995,2024-03-25,new,29
5995,2024-09-21,churn,-29
5999,2023-10-08,new,79
6003,2024-12-24,new,29
6009,2024-10-16,new,29
6009,2025-04-14,churn,-29
6015,2025-01-12,new,29
6017,2025-07-12,new,79
6026,2025-10-25,new,29
6031,2023-03-22,new,29
6031,2023-06-20,expansion,50
6031,2023-09-18,churn,-29
6042,2023-12-28,new,199
6056,2025-10-03,new,199
6057,2025-04-03,new,79
6057,2025-09-30,churn,-79
6066,2023-02-13,new,29
6071,2023-08-21,new,29
6082,2025-02-10,new,79
6082,2025-08-09,churn,-79
6084,2023-10-20,new,199
6087,2026-02-09,new,29
6088,2025-03-03,new,199
6088,2025-08-30,churn,-199
6105,2023-01-21,new,79
6105,2023-04-21,expansion,50
6110,2024-08-11,new,29
6119,2024-08-24,new,29
6133,2023-05-19,new,199
6133,2023-08-17,expansion,50
6133,2023-11-15,churn,-199
6134,2025-09-16,new,29
6137,2024-11-08,new,79
6138,2024-08-13,new,29
6138,2025-02-09,churn,-29
6142,2023-06-12,new,79
6142,2023-09-10,expansion,50
6142,2023-12-09,churn,-79
6159,2025-02-06,new,79
6164,2025-11-16,new,29
6168,2023-05-30,new,29
6180,2025-12-21,new,199
6185,2024-12-07,new,29
6188,2025-01-08,new,79
6191,2025-07-29,new,79
6191,2025-10-27,contraction,-50
6194,2025-07-26,new,29
6194,2025-10-24,expansion,50
6196,2025-07-08,new,29
6199,2025-01-30,new,199
6200,2025-08-12,new,199
6204,2024-04-01,new,79
6209,2025-07-04,new,29
6209,2025-10-02,expansion,50
6209,2025-12-31,churn,-29
6211,2024-12-18,new,29
6231,2025-11-04,new,29
6232,2025-01-05,new,79
6232,2025-04-05,contraction,-50
6238,2024-05-26,new,29
6247,2024-05-20,new,199
6247,2024-11-16,churn,-199
6250,2023-12-08,new,199
6250,2024-03-07,contraction,-50
6250,2024-06-05,churn,-199
6254,2025-10-25,new,79
6254,2026-04-23,churn,-79
6264,2025-12-15,new,199
6266,2025-10-26,new,79
6269,2023-03-17,new,79
6269,2023-09-13,churn,-79
6271,2023-03-31,new,199
6278,2023-08-06,new,29
6278,2023-11-04,contraction,-50
6281,2025-06-12,new,79
6293,2024-05-26,new,29
6293,2024-08-24,expansion,50
6296,2025-08-01,new,79
6298,2023-12-31,new,29
6298,2024-03-30,expansion,50
6304,2023-05-03,new,29
6313,2025-08-10,new,199
6317,2024-08-29,new,29
6325,2024-07-02,new,29
6325,2024-09-30,contraction,-50
6325,2024-12-29,churn,-29
6336,2024-05-27,new,199
6336,2024-08-25,expansion,50
6336,2024-11-23,churn,-199
6339,2025-10-01,new,199
6346,2023-11-15,new,79
6348,2024-07-22,new,29
6351,2025-09-13,new,29
6351,2026-03-12,churn,-29
6353,2025-12-13,new,199
6356,2023-08-10,new,79
6359,2025-04-13,new,29
6364,2025-01-23,new,79
6365,2023-11-05,new,29
6367,2024-05-28,new,79
6372,2023-02-11,new,29
6372,2023-05-12,contraction,-50
6372,2023-08-10,churn,-29
6373,2024-11-25,new,29
6373,2025-05-24,churn,-29
6387,2025-03-18,new,79
6390,2023-08-18,new,29
6392,2024-07-20,new,199
6395,2025-12-21,new,29
6398,2026-01-26,new,79
6402,2024-03-24,new,79
6407,2024-07-17,new,29
6407,2025-01-13,churn,-29
6415,2024-11-06,new,29
6424,2023-11-18,new,199
6429,2025-05-29,new,199
6431,2024-02-18,new,29
6433,2023-05-10,new,79
6436,2023-09-05,new,79
6438,2026-01-20,new,79
6440,2024-09-14,new,199
6440,2025-03-13,churn,-199
6457,2023-03-28,new,79
6458,2026-02-07,new,29
6458,2026-08-06,churn,-29
6463,2024-08-20,new,29
6463,2024-11-18,expansion,50
6463,2025-02-16,churn,-29
6466,2023-06-06,new,29
6466,2023-09-04,contraction,-50
6472,2023-07-08,new,79
6473,2025-05-24,new,29
6474,2023-08-22,new,29
6479,2025-06-16,new,199
6482,2025-07-23,new,29
6502,2023-07-20,new,199
6507,2023-07-09,new,199
6510,2025-07-14,new,29
6511,2025-11-06,new,79
6514,2025-08-14,new,199
6519,2023-07-27,new,29
6520,2024-11-16,new,29
6520,2025-05-15,churn,-29
6524,2025-07-04,new,79
6524,2025-12-31,churn,-79
6530,2024-08-21,new,79
6533,2025-07-25,new,29
6533,2025-10-23,contraction,-50
6537,2024-07-12,new,29
6537,2025-01-08,churn,-29
6550,2026-01-27,new,29
6559,2023-09-21,new,29
6561,2023-08-13,new,29
6561,2023-11-11,contraction,-50
6564,2023-06-05,new,29
6570,2025-02-07,new,79
6580,2024-06-02,new,29
6580,2024-11-29,churn,-29
6582,2024-06-23,new,199
6593,2023-08-04,new,29
6598,2024-06-03,new,199
6598,2024-09-01,expansion,50
6598,2024-11-30,churn,-199
6605,2023-08-11,new,79
6605,2023-11-09,contraction,-50
6608,2024-08-24,new,79
6609,2025-07-20,new,79
6613,2023-05-20,new,199
6616,2024-10-26,new,199
6616,2025-04-24,churn,-199
6617,2024-12-21,new,79
6617,2025-03-21,expansion,50
6623,2023-04-20,new,29
6623,2023-10-17,churn,-29
6628,2025-02-06,new,29
6628,2025-08-05,churn,-29
6631,2023-01-28,new,29
6638,2023-05-23,new,29
6638,2023-11-19,churn,-29
6639,2025-04-11,new,79
6650,2023-01-18,new,29
6655,2024-07-02,new,79
6657,2025-06-13,new,79
6657,2025-12-10,churn,-79
6662,2024-06-01,new,199
6663,2023-09-04,new,199
6663,2023-12-03,contraction,-50
6665,2025-02-03,new,79
6665,2025-08-02,churn,-79
6677,2025-05-13,new,79
6683,2023-06-05,new,29
6689,2025-03-23,new,29
6690,2026-02-08,new,29
6691,2025-08-27,new,29
6695,2025-07-09,new,79
6695,2026-01-05,churn,-79
6704,2024-11-13,new,29
6712,2023-04-10,new,29
6713,2024-03-31,new,79
6720,2023-04-01,new,29
6736,2023-08-01,new,79
6736,2024-01-28,churn,-79
6751,2023-11-29,new,79
6761,2023-07-24,new,199
6767,2023-09-17,new,199
6771,2025-08-10,new,199
6782,2024-12-14,new,29
6790,2025-04-04,new,199
6790,2025-07-03,expansion,50
6792,2023-02-05,new,199
6794,2024-05-25,new,79
6794,2024-11-21,churn,-79
6798,2025-11-28,new,29
6798,2026-05-27,churn,-29
6799,2026-01-27,new,29
6817,2025-05-03,new,29
6817,2025-08-01,expansion,50
6817,2025-10-30,churn,-29
6819,2025-05-03,new,79
6819,2025-10-30,churn,-79
6829,2023-08-18,new,29
6829,2024-02-14,churn,-29
6830,2024-08-17,new,29
6830,2024-11-15,contraction,-50
6830,2025-02-13,churn,-29
6832,2023-08-28,new,79
6832,2024-02-24,churn,-79
6836,2026-02-23,new,29
6836,2026-08-22,churn,-29
6837,2026-01-02,new,29
6838,2024-07-13,new,29
6838,2025-01-09,churn,-29
6842,2024-01-07,new,29
6843,2024-05-21,new,29
6847,2024-01-28,new,79
6851,2023-06-20,new,79
6852,2023-05-05,new,79
6869,2024-05-02,new,29
6871,2024-12-16,new,79
6877,2023-04-15,new,199
6892,2026-03-01,new,79
6892,2026-05-30,contraction,-50
6893,2025-06-02,new,29
6894,2025-10-27,new,29
6894,2026-01-25,contraction,-50
6898,2023-06-30,new,29
6900,2023-12-12,new,29
6904,2025-04-29,new,29
6904,2025-07-28,contraction,-50
6906,2025-02-22,new,29
6906,2025-05-23,expansion,50
6906,2025-08-21,churn,-29
6913,2026-03-08,new,29
6916,2023-12-05,new,29
6916,2024-03-04,expansion,50
6919,2024-09-03,new,29
6919,2025-03-02,churn,-29
6933,2025-06-26,new,79
6935,2025-06-20,new,79
6936,2024-03-25,new,79
6937,2023-03-19,new,79
6938,2023-05-29,new,29
6943,2025-11-13,new,29
6947,2025-11-14,new,29
6948,2025-05-26,new,29
6950,2023-12-30,new,29
6960,2024-02-04,new,199
6962,2025-04-29,new,79
6962,2025-10-26,churn,-79
6963,2025-03-21,new,79
6981,2024-01-08,new,79
6981,2024-07-06,churn,-79
6986,2024-06-14,new,79
6986,2024-12-11,churn,-79
6989,2025-01-20,new,29
6992,2024-02-20,new,199
6992,2024-05-20,expansion,50
6992,2024-08-18,churn,-199
6997,2024-07-24,new,79
6998,2026-03-03,new,29
7002,2025-04-08,new,79
7008,2023-12-12,new,29
7008,2024-06-09,churn,-29
7023,2023-02-07,new,79
7023,2023-08-06,churn,-79
7037,2026-01-29,new,29
7039,2023-04-02,new,29
7040,2025-09-02,new,79
7040,2026-03-01,churn,-79
7041,2024-08-18,new,79
7051,2023-02-20,new,199
7052,2023-05-09,new,199
7053,2024-09-11,new,79
7053,2024-12-10,expansion,50
7054,2024-04-02,new,29
7065,2025-10-17,new,29
7065,2026-04-15,churn,-29
7070,2024-01-05,new,199
7070,2024-04-04,contraction,-50
7070,2024-07-03,churn,-199
7079,2024-12-14,new,79
7083,2025-11-13,new,79
7092,2024-03-04,new,29
7092,2024-08-31,churn,-29
7095,2024-08-09,new,79
7098,2023-07-07,new,29
7103,2023-04-11,new,79
7103,2023-10-08,churn,-79
7110,2025-03-05,new,29
7114,2024-02-25,new,79
7118,2023-11-04,new,29
7118,2024-02-02,expansion,50
7126,2023-09-24,new,29
7126,2024-03-22,churn,-29
7131,2024-10-01,new,79
7136,2023-03-28,new,79
7139,2023-12-23,new,79
7139,2024-03-22,contraction,-50
7142,2023-12-09,new,29
7147,2024-07-19,new,29
7154,2025-10-10,new,79
7171,2024-12-03,new,29
7176,2023-11-08,new,29
7190,2023-05-08,new,79
7193,2025-10-22,new,29
7199,2023-07-29,new,79
7201,2024-03-31,new,199
7206,2023-11-19,new,79
7207,2023-11-15,new,29
7210,2023-02-22,new,29
7214,2026-03-02,new,29
7214,2026-05-31,expansion,50
7215,2023-03-06,new,29
7216,2024-11-14,new,79
7216,2025-02-12,contraction,-50
7216,2025-05-13,churn,-79
7217,2023-03-30,new,79
7219,2024-12-10,new,79
7220,2026-02-18,new,79
7224,2023-07-19,new,79
7224,2023-10-17,expansion,50
7225,2023-06-18,new,79
7225,2023-09-16,contraction,-50
7231,2023-07-05,new,79
7234,2024-07-16,new,199
7235,2024-12-17,new,79
7236,2024-11-12,new,79
7243,2023-10-04,new,79
7244,2026-03-10,new,199
7246,2025-06-12,new,79
7274,2024-02-07,new,29
7274,2024-08-05,churn,-29
7276,2025-04-08,new,29
7278,2023-10-11,new,199
7300,2025-07-20,new,199
7307,2025-11-14,new,79
7314,2025-08-31,new,29
7316,2024-08-12,new,79
7316,2024-11-10,expansion,50
7325,2024-11-16,new,29
7327,2023-09-09,new,29
7328,2024-04-20,new,79
7329,2023-04-25,new,79
7330,2025-01-24,new,29
7330,2025-04-24,contraction,-50
7340,2026-01-24,new,29
7340,2026-07-23,churn,-29
7352,2023-06-28,new,79
7355,2024-12-11,new,79
7364,2024-12-12,new,29
7364,2025-03-12,contraction,-50
7369,2026-01-03,new,79
7369,2026-04-03,contraction,-50
7372,2024-08-14,new,79
7372,2025-02-10,churn,-79
7375,2023-02-24,new,29
7387,2025-12-09,new,79
7387,2026-06-07,churn,-79
7390,2025-07-08,new,199
7398,2023-09-02,new,199
7406,2023-08-31,new,29
7407,2024-10-17,new,79
7411,2025-04-03,new,79
7411,2025-09-30,churn,-79
7413,2026-03-13,new,29
7415,2025-11-14,new,79
7417,2023-05-12,new,79
7418,2024-03-01,new,79
7418,2024-05-30,contraction,-50
7420,2026-02-05,new,79
7420,2026-05-06,expansion,50
7425,2025-05-24,new,29
7425,2025-11-20,churn,-29
7427,2023-08-14,new,29
7427,2024-02-10,churn,-29
7429,2026-01-19,new,79
7432,2024-09-29,new,79
7433,2025-09-12,new,199
7433,2025-12-11,expansion,50
7437,2023-08-01,new,79
7439,2024-02-03,new,199
7439,2024-08-01,churn,-199
7440,2023-08-03,new,29
7440,2023-11-01,contraction,-50
7443,2025-12-17,new,29
7454,2023-11-22,new,29
7455,2023-02-24,new,199
7455,2023-08-23,churn,-199
7457,2024-08-18,new,199
7457,2025-02-14,churn,-199
7461,2024-04-16,new,29
7465,2023-05-13,new,29
7465,2023-11-09,churn,-29
7477,2025-09-04,new,79
7485,2025-08-23,new,29
7488,2025-08-23,new,199
7492,2023-02-26,new,79
7496,2025-05-10,new,79
7496,2025-11-06,churn,-79
7509,2025-04-05,new,79
7517,2025-11-01,new,29
7520,2024-02-14,new,79
7520,2024-05-14,contraction,-50
7521,2025-03-17,new,79
7521,2025-09-13,churn,-79
7524,2025-01-28,new,79
7524,2025-07-27,churn,-79
7528,2023-07-28,new,29
7538,2025-04-07,new,79
7538,2025-07-06,contraction,-50
7547,2023-02-24,new,29
7556,2025-08-14,new,79
7556,2026-02-10,churn,-79
7563,2025-04-03,new,29
7567,2025-12-26,new,79
7577,2023-01-21,new,29
7580,2023-01-19,new,79
7580,2023-04-19,expansion,50
7581,2023-10-26,new,199
7581,2024-04-23,churn,-199
7582,2025-01-06,new,29
7583,2025-10-27,new,79
7583,2026-04-25,churn,-79
7589,2025-12-04,new,199
7596,2025-12-30,new,29
7596,2026-06-28,churn,-29
7606,2026-01-05,new,79
7611,2023-06-07,new,29
7612,2024-08-06,new,29
7613,2023-10-19,new,79
7622,2023-08-18,new,199
7624,2024-06-28,new,79
7624,2024-09-26,expansion,50
7627,2025-04-10,new,29
7627,2025-07-09,contraction,-50
7639,2024-11-03,new,79
7646,2024-02-07,new,29
7647,2023-03-21,new,79
7647,2023-06-19,contraction,-50
7647,2023-09-17,churn,-79
7649,2025-07-18,new,29
7653,2024-04-12,new,29
7655,2025-02-23,new,79
7655,2025-08-22,churn,-79
7656,2025-06-16,new,29
7656,2025-09-14,contraction,-50
7657,2025-10-27,new,29
7674,2023-11-29,new,29
7681,2025-11-16,new,79
7687,2024-12-06,new,79
7702,2026-01-14,new,29
7702,2026-07-13,churn,-29
7703,2025-04-24,new,29
7703,2025-10-21,churn,-29
7720,2025-01-21,new,79
7726,2024-04-14,new,79
7726,2024-10-11,churn,-79
7727,2024-10-03,new,29
7727,2025-04-01,churn,-29
7729,2024-01-13,new,29
7729,2024-07-11,churn,-29
7730,2024-09-04,new,29
7730,2025-03-03,churn,-29
7731,2023-05-28,new,29
7731,2023-11-24,churn,-29
7735,2024-11-12,new,29
7735,2025-02-10,expansion,50
7739,2025-04-24,new,199
7739,2025-10-21,churn,-199
7740,2025-12-03,new,29
7750,2026-02-02,new,79
7751,2023-12-14,new,79
7751,2024-06-11,churn,-79
7754,2025-01-14,new,29
7756,2025-01-28,new,29
7756,2025-07-27,churn,-29
7758,2025-12-19,new,29
7758,2026-03-19,contraction,-50
7759,2025-10-20,new,199
7759,2026-04-18,churn,-199
7760,2025-04-22,new,79
7767,2024-12-13,new,29
7770,2025-03-03,new,79
7770,2025-08-30,churn,-79
7771,2024-01-29,new,29
7778,2023-12-30,new,29
7779,2026-03-02,new,29
7779,2026-05-31,contraction,-50
7779,2026-08-29,churn,-29
7780,2023-04-18,new,79
7781,2023-06-05,new,29
7786,2023-05-19,new,79
7789,2023-11-16,new,29
7789,2024-02-14,expansion,50
7789,2024-05-14,churn,-29
7795,2023-10-08,new,29
7803,2023-03-30,new,29
7820,2025-10-13,new,29
7821,2026-02-14,new,79
7822,2023-01-25,new,29
7826,2024-04-26,new,199
7826,2024-07-25,expansion,50
7839,2025-08-23,new,29
7839,2026-02-19,churn,-29
7842,2023-11-03,new,79
7843,2023-06-21,new,79
7848,2023-06-02,new,29
7848,2023-08-31,contraction,-50
7850,2023-03-20,new,29
7852,2025-05-04,new,79
7853,2025-10-26,new,79
7856,2023-12-31,new,29
7857,2023-06-11,new,29
7860,2023-12-25,new,29
7867,2025-06-24,new,199
7872,2025-09-10,new,79
7872,2026-03-09,churn,-79
7880,2023-02-06,new,199
7896,2024-06-05,new,199
7898,2024-12-23,new,29
7899,2023-06-06,new,29
7903,2024-02-16,new,79
7926,2023-04-13,new,79
7926,2023-10-10,churn,-79
7937,2024-08-31,new,29
7937,2025-02-27,churn,-29
7939,2023-03-21,new,79
7958,2024-03-04,new,29
7958,2024-06-02,contraction,-50
7966,2026-01-20,new,199
7972,2023-11-28,new,29
7979,2025-12-15,new,79
7996,2024-12-15,new,29
7998,2024-02-04,new,29
8004,2026-01-06,new,29
8004,2026-07-05,churn,-29
8012,2025-01-30,new,79
8013,2023-01-23,new,29
8013,2023-07-22,churn,-29
8014,2023-02-11,new,79
8018,2023-05-03,new,79
8018,2023-10-30,churn,-79
8024,2023-11-12,new,29
8028,2024-09-13,new,199
8034,2026-02-05,new,29
8034,2026-08-04,churn,-29
8038,2025-05-13,new,29
8038,2025-08-11,expansion,50
8041,2024-11-13,new,79
8041,2025-05-12,churn,-79
8050,2024-03-08,new,29
8050,2024-06-06,contraction,-50
8050,2024-09-04,churn,-29
8051,2025-02-07,new,199
8052,2024-11-07,new,29
8053,2024-12-03,new,199
8054,2023-04-29,new,29
8058,2023-03-13,new,79
8062,2025-04-13,new,199
8068,2025-03-24,new,199
8071,2024-02-06,new,29
8071,2024-05-06,contraction,-50
8072,2025-05-19,new,29
8073,2026-01-01,new,79
8073,2026-04-01,contraction,-50
8074,2023-09-17,new,29
8075,2025-12-19,new,199
8084,2025-08-24,new,79
8089,2024-01-10,new,199
8089,2024-04-09,expansion,50
8089,2024-07-08,churn,-199
8097,2023-12-22,new,29
8099,2025-03-24,new,79
8102,2023-04-23,new,29
8104,2025-05-03,new,29
8108,2024-04-15,new,199
8109,2023-09-30,new,29
8110,2023-03-18,new,199
8110,2023-09-14,churn,-199
8111,2024-05-11,new,199
8118,2024-08-16,new,79
8118,2025-02-12,churn,-79
8125,2024-05-20,new,29
8143,2024-04-01,new,79
8143,2024-06-30,contraction,-50
8145,2023-10-16,new,29
8146,2024-09-24,new,79
8146,2024-12-23,expansion,50
8146,2025-03-23,churn,-79
8156,2025-04-27,new,29
8167,2024-03-18,new,79
8167,2024-09-14,churn,-79
8170,2023-03-18,new,29
8174,2024-05-14,new,79
8174,2024-08-12,expansion,50
8182,2023-02-03,new,199
8188,2025-12-11,new,29
8188,2026-06-09,churn,-29
8189,2023-03-28,new,79
8189,2023-09-24,churn,-79
8191,2024-10-29,new,29
8191,2025-04-27,churn,-29
8193,2023-02-14,new,29
8194,2024-07-25,new,79
8198,2023-10-19,new,29
8198,2024-01-17,contraction,-50
8199,2023-08-24,new,199
8211,2023-01-24,new,79
8213,2025-06-02,new,29
8214,2025-08-05,new,79
8218,2024-09-11,new,29
8219,2026-03-12,new,79
8229,2024-08-28,new,29
8235,2025-12-03,new,29
8235,2026-03-03,expansion,50
8238,2024-12-03,new,79
8238,2025-03-03,contraction,-50
8246,2026-02-13,new,29
8249,2024-12-06,new,199
8252,2026-02-11,new,29
8259,2023-02-08,new,29
8262,2025-01-22,new,79
8262,2025-04-22,contraction,-50
8265,2026-01-01,new,29
8272,2025-10-05,new,29
8278,2025-09-29,new,79
8278,2025-12-28,expansion,50
8281,2025-07-02,new,199
8281,2025-09-30,expansion,50
8282,2024-02-17,new,29
8294,2023-11-20,new,79
8294,2024-05-18,churn,-79
8297,2023-07-10,new,79
8297,2023-10-08,expansion,50
8297,2024-01-06,churn,-79
8300,2025-10-30,new,29
8304,2023-03-04,new,29
8306,2025-01-02,new,29
8307,2023-04-09,new,29
8314,2023-07-30,new,29
8330,2025-07-20,new,199
8333,2023-06-28,new,199
8335,2024-08-07,new,29
8335,2025-02-03,churn,-29
8345,2023-05-25,new,29
8351,2025-04-25,new,199
8354,2024-01-23,new,199
8360,2026-03-03,new,79
8373,2025-11-09,new,199
8374,2025-02-22,new,29
8382,2024-03-17,new,79
8384,2023-06-18,new,79
8385,2023-08-06,new,29
8388,2025-11-05,new,199
8388,2026-02-03,expansion,50
8388,2026-05-04,churn,-199
8389,2025-02-19,new,79
8389,2025-05-20,expansion,50
8390,2024-06-01,new,79
8403,2023-05-05,new,79
8408,2024-11-29,new,29
8413,2023-02-15,new,29
8413,2023-08-14,churn,-29
8420,2023-06-25,new,79
8423,2023-12-19,new,29
8424,2025-03-15,new,29
8426,2023-12-18,new,199
8429,2024-05-28,new,79
8429,2024-08-26,expansion,50
8431,2025-04-13,new,29
8433,2024-04-26,new,29
8436,2025-06-13,new,199
8442,2024-08-25,new,29
8444,2023-04-24,new,29
8451,2023-05-17,new,79
8451,2023-08-15,contraction,-50
8454,2025-06-04,new,29
8456,2025-12-20,new,29
8456,2026-06-18,churn,-29
8458,2023-11-07,new,79
8476,2023-12-21,new,29
8478,2026-01-18,new,29
8478,2026-04-18,expansion,50
8479,2023-04-25,new,79
8479,2023-07-24,contraction,-50
8482,2023-01-25,new,29
8482,2023-07-24,churn,-29
8483,2025-10-24,new,199
8484,2025-12-20,new,29
8499,2025-09-07,new,29
8502,2024-05-05,new,199
8503,2024-07-16,new,29
8507,2025-02-08,new,199
8513,2024-06-22,new,79
8514,2024-12-14,new,199
8515,2024-11-26,new,29
8516,2023-12-05,new,29
8518,2025-05-25,new,79
8519,2023-02-25,new,29
8520,2024-02-12,new,29
8522,2023-08-06,new,199
8525,2025-03-07,new,79
8525,2025-06-05,expansion,50
8525,2025-09-03,churn,-79
8527,2023-03-09,new,29
8527,2023-09-05,churn,-29
8535,2023-11-20,new,199
8538,2025-11-21,new,29
8538,2026-05-20,churn,-29
8539,2024-06-20,new,29
8539,2024-12-17,churn,-29
8540,2025-06-11,new,29
8541,2023-04-19,new,29
8544,2024-03-06,new,29
8561,2024-06-16,new,79
8563,2023-05-22,new,29
8563,2023-11-18,churn,-29
8564,2023-12-16,new,79
8564,2024-03-15,expansion,50
8564,2024-06-13,churn,-79
8566,2023-05-16,new,29
8566,2023-11-12,churn,-29
8576,2023-09-19,new,29
8579,2025-04-27,new,199
8579,2025-07-26,contraction,-50
8581,2023-12-28,new,79
8590,2024-06-17,new,199
8600,2025-06-09,new,29
8602,2024-09-06,new,79
8602,2025-03-05,churn,-79
8603,2023-04-20,new,29
8603,2023-10-17,churn,-29
8610,2023-12-08,new,79
8613,2023-09-27,new,29
8616,2025-08-02,new,29
8616,2025-10-31,expansion,50
8627,2023-06-03,new,29
8627,2023-09-01,contraction,-50
8627,2023-11-30,churn,-29
8629,2023-01-29,new,79
8643,2023-04-22,new,79
8643,2023-07-21,expansion,50
8643,2023-10-19,churn,-79
8644,2025-10-06,new,79
8649,2024-03-20,new,79
8649,2024-09-16,churn,-79
8652,2024-06-11,new,29
8654,2024-11-18,new,79
8663,2023-05-02,new,29
8664,2025-09-06,new,29
8668,2024-09-05,new,79
8668,2025-03-04,churn,-79
8675,2024-02-03,new,29
8676,2025-12-06,new,29
8678,2024-05-16,new,29
8678,2024-11-12,churn,-29
8689,2023-05-15,new,29
8689,2023-11-11,churn,-29
8692,2024-02-25,new,29
8692,2024-08-23,churn,-29
8695,2023-05-19,new,29
8695,2023-11-15,churn,-29
8699,2024-09-20,new,79
8705,2025-05-14,new,199
8713,2025-05-12,new,79
8714,2025-06-29,new,79
8715,2023-07-03,new,29
8716,2024-07-25,new,79
8716,2024-10-23,expansion,50
8723,2023-02-15,new,29
8736,2023-04-28,new,29
8736,2023-10-25,churn,-29
8743,2026-02-16,new,29
8748,2024-07-17,new,79
8757,2023-05-17,new,29
8757,2023-08-15,contraction,-50
8759,2026-03-04,new,29
8762,2025-06-29,new,29
8764,2025-01-08,new,29
8766,2025-02-16,new,79
8768,2023-11-01,new,29
8768,2024-01-30,contraction,-50
8771,2024-12-11,new,79
8774,2024-07-04,new,199
8777,2024-01-04,new,29
8777,2024-04-03,expansion,50
8777,2024-07-02,churn,-29
8786,2023-07-01,new,79
8789,2024-04-06,new,199
8790,2024-01-02,new,199
8791,2023-01-25,new,79
8805,2024-06-08,new,79
8806,2024-06-09,new,79
8806,2024-09-07,contraction,-50
8806,2024-12-06,churn,-79
8808,2023-07-27,new,29
8808,2024-01-23,churn,-29
8812,2023-03-07,new,79
8812,2023-09-03,churn,-79
8818,2025-02-23,new,29
8818,2025-05-24,contraction,-50
8823,2023-06-15,new,29
8827,2025-07-07,new,79
8830,2025-03-16,new,79
8831,2023-04-30,new,29
8838,2025-07-10,new,29
8839,2025-01-22,new,29
8852,2026-03-14,new,199
8874,2026-02-28,new,79
8874,2026-08-27,churn,-79
8879,2025-07-29,new,29
8881,2024-04-30,new,29
8883,2023-03-04,new,29
8883,2023-08-31,churn,-29
8890,2025-10-21,new,199
8890,2026-01-19,contraction,-50
8895,2023-09-12,new,79
8897,2023-02-28,new,29
8902,2025-08-26,new,79
8902,2026-02-22,churn,-79
8904,2025-08-26,new,29
8904,2025-11-24,expansion,50
8904,2026-02-22,churn,-29
8922,2025-12-25,new,79
8924,2023-12-31,new,29
8924,2024-06-28,churn,-29
8926,2024-03-09,new,79
8934,2023-12-25,new,29
8936,2023-07-05,new,79
8938,2023-02-04,new,29
8942,2023-12-08,new,79
8942,2024-03-07,contraction,-50
8947,2023-11-07,new,199
8949,2025-02-12,new,199
8950,2024-10-29,new,29
8950,2025-01-27,contraction,-50
8954,2025-12-18,new,29
8955,2026-02-21,new,79
8956,2026-02-10,new,29
8961,2024-08-01,new,29
8962,2023-03-19,new,29
8963,2024-02-13,new,199
8963,2024-05-13,expansion,50
8968,2024-08-25,new,79
8968,2025-02-21,churn,-79
8969,2025-10-25,new,29
8972,2023-10-22,new,29
8975,2023-09-06,new,79
8975,2024-03-04,churn,-79
8983,2025-06-29,new,29
8983,2025-09-27,contraction,-50
8988,2023-07-02,new,29
8989,2023-04-28,new,199
8990,2023-06-09,new,29
8990,2023-12-06,churn,-29
8994,2023-06-17,new,79
9006,2025-03-05,new,79
9015,2025-08-06,new,79
9019,2023-03-25,new,29
9023,2024-08-07,new,79
9027,2025-02-28,new,79
9030,2024-03-06,new,29
9030,2024-06-04,contraction,-50
9034,2023-08-06,new,79
9041,2025-05-25,new,29
9074,2025-12-27,new,79
9082,2023-05-02,new,29
9086,2023-02-04,new,199
9087,2025-03-05,new,199
9093,2024-04-21,new,29
9096,2023-10-16,new,29
9098,2023-04-07,new,29
9101,2026-01-27,new,199
9101,2026-07-26,churn,-199
9104,2023-09-23,new,199
9115,2025-09-01,new,29
9121,2023-08-02,new,29
9123,2024-11-11,new,29
9124,2025-01-20,new,79
9126,2023-03-31,new,199
9126,2023-06-29,expansion,50
9126,2023-09-27,churn,-199
9129,2025-10-20,new,199
9129,2026-04-18,churn,-199
9139,2023-04-21,new,29
9139,2023-07-20,contraction,-50
9140,2023-09-04,new,79
9142,2025-07-07,new,29
9142,2026-01-03,churn,-29
9148,2024-01-28,new,79
9149,2024-12-29,new,79
9153,2026-02-22,new,199
9153,2026-05-23,contraction,-50
9156,2025-01-22,new,79
9157,2024-04-12,new,29
9157,2024-07-11,expansion,50
9161,2025-08-29,new,79
9171,2023-02-14,new,29
9185,2025-03-10,new,29
9185,2025-09-06,churn,-29
9186,2025-04-29,new,79
9189,2024-05-09,new,29
9191,2023-11-09,new,79
9194,2023-10-01,new,79
9195,2025-10-25,new,199
9195,2026-04-23,churn,-199
9198,2025-01-28,new,79
9198,2025-04-28,expansion,50
9198,2025-07-27,churn,-79
9206,2025-12-24,new,199
9206,2026-03-24,expansion,50
9210,2023-10-17,new,29
9213,2023-06-08,new,79
9213,2023-12-05,churn,-79
9215,2025-02-10,new,29
9231,2025-10-12,new,79
9242,2024-03-13,new,79
9242,2024-09-09,churn,-79
9246,2024-01-17,new,29
9246,2024-07-15,churn,-29
9256,2023-09-09,new,29
9256,2023-12-08,expansion,50
9258,2023-10-16,new,29
9260,2024-07-13,new,79
9260,2024-10-11,contraction,-50
9260,2025-01-09,churn,-79
9266,2023-06-08,new,29
9266,2023-12-05,churn,-29
9282,2024-03-13,new,29
9292,2024-11-09,new,79
9292,2025-02-07,expansion,50
9293,2025-11-04,new,79
9293,2026-02-02,contraction,-50
9304,2025-05-07,new,199
9304,2025-11-03,churn,-199
9305,2025-09-06,new,29
9306,2024-11-17,new,29
9331,2023-03-29,new,79
9339,2024-04-15,new,199
9339,2024-10-12,churn,-199
9340,2025-07-17,new,29
9340,2025-10-15,contraction,-50
9343,2026-02-27,new,79
9354,2024-05-20,new,79
9357,2023-09-28,new,29
9357,2023-12-27,expansion,50
9370,2023-06-29,new,199
9375,2024-08-21,new,29
9377,2025-09-04,new,199
9380,2024-09-22,new,79
9380,2025-03-21,churn,-79
9381,2024-07-31,new,199
9389,2026-03-01,new,29
9396,2025-08-22,new,79
9396,2026-02-18,churn,-79
9398,2025-02-17,new,79
9401,2025-07-05,new,79
9412,2024-03-18,new,79
9412,2024-06-16,contraction,-50
9415,2025-12-13,new,29
9415,2026-03-13,expansion,50
9416,2025-06-23,new,29
9419,2025-07-04,new,199
9419,2025-10-02,contraction,-50
9420,2023-08-20,new,29
9420,2023-11-18,contraction,-50
9421,2023-12-29,new,29
9421,2024-06-26,churn,-29
9422,2024-03-01,new,29
9422,2024-05-30,expansion,50
9422,2024-08-28,churn,-29
9423,2025-01-15,new,29
9426,2023-09-15,new,79
9429,2025-07-27,new,29
9429,2025-10-25,contraction,-50
9433,2024-11-03,new,199
9433,2025-02-01,contraction,-50
9438,2023-05-13,new,79
9446,2024-10-29,new,29
9446,2025-01-27,expansion,50
9448,2024-09-10,new,29
9448,2025-03-09,churn,-29
9464,2025-08-16,new,79
9471,2024-04-22,new,29
9477,2023-03-26,new,29
9477,2023-09-22,churn,-29
9483,2023-08-11,new,79
9485,2024-12-22,new,29
9491,2025-09-17,new,79
9493,2024-12-06,new,79
9494,2023-04-23,new,199
9494,2023-07-22,contraction,-50
9496,2023-09-09,new,79
9496,2023-12-08,expansion,50
9498,2024-10-06,new,29
9505,2024-09-07,new,29
9505,2025-03-06,churn,-29
9506,2025-09-20,new,199
9508,2025-04-04,new,29
9508,2025-10-01,churn,-29
9510,2024-04-28,new,29
9515,2024-07-10,new,79
9521,2025-03-03,new,79
9523,2024-05-19,new,29
9524,2023-08-18,new,79
9524,2023-11-16,contraction,-50
9528,2023-03-08,new,79
9534,2023-07-05,new,29
9537,2024-04-14,new,29
9543,2024-10-12,new,79
9548,2023-07-09,new,199
9556,2025-08-25,new,29
9558,2024-09-22,new,79
9558,2025-03-21,churn,-79
9563,2023-07-27,new,29
9567,2023-01-22,new,29
9567,2023-04-22,expansion,50
9570,2025-07-08,new,29
9577,2025-11-04,new,29
9581,2025-01-07,new,79
9596,2025-04-24,new,199
9600,2024-05-17,new,29
9600,2024-08-15,contraction,-50
9611,2025-01-23,new,29
9614,2025-12-07,new,29
9619,2025-06-03,new,79
9631,2026-01-08,new,79
9633,2026-01-22,new,29
9640,2025-10-29,new,29
9649,2025-04-28,new,29
9649,2025-07-27,expansion,50
9651,2024-04-20,new,199
9654,2023-07-27,new,29
9656,2025-02-12,new,79
9657,2025-07-09,new,79
9657,2026-01-05,churn,-79
9660,2023-07-06,new,79
9660,2023-10-04,contraction,-50
9660,2024-01-02,churn,-79
9665,2023-03-29,new,79
9676,2023-05-16,new,29
9676,2023-08-14,expansion,50
9695,2025-05-03,new,29
9698,2025-03-30,new,79
9707,2024-08-21,new,79
9707,2025-02-17,churn,-79
9708,2025-07-17,new,199
9721,2025-03-05,new,199
9721,2025-09-01,churn,-199
9722,2023-02-20,new,79
9722,2023-08-19,churn,-79
9723,2023-01-31,new,79
9727,2023-03-29,new,29
9727,2023-09-25,churn,-29
9728,2025-01-24,new,79
9729,2025-02-11,new,29
9729,2025-08-10,churn,-29
9743,2024-06-17,new,79
9743,2024-12-14,churn,-79
9756,2024-01-14,new,199
9756,2024-07-12,churn,-199
9763,2024-09-29,new,29
9766,2023-04-14,new,79
9773,2026-02-08,new,29
9773,2026-05-09,expansion,50
9774,2024-07-02,new,79
9777,2023-10-27,new,199
9790,2025-10-12,new,79
9795,2025-12-18,new,29
9795,2026-06-16,churn,-29
9808,2023-05-27,new,79
9820,2025-04-12,new,29
9823,2024-06-13,new,79
9828,2024-10-13,new,79
9835,2023-02-09,new,29
9835,2023-08-08,churn,-29
9836,2024-04-24,new,29
9837,2024-01-24,new,29
9847,2024-09-25,new,29
9854,2024-03-02,new,199
9866,2023-02-04,new,29
9866,2023-08-03,churn,-29
9872,2024-09-28,new,79
9873,2023-04-10,new,79
9873,2023-10-07,churn,-79
9883,2025-08-31,new,29
9884,2024-06-01,new,29
9886,2026-01-24,new,199
9888,2025-06-21,new,79
9890,2026-01-12,new,79
9890,2026-04-12,contraction,-50
9895,2023-01-30,new,199
9898,2024-12-18,new,29
9898,2025-03-18,contraction,-50
9901,2026-01-09,new,29
9910,2024-10-22,new,29
9910,2025-01-20,expansion,50
9915,2024-05-14,new,29
9915,2024-11-10,churn,-29
9923,2024-07-06,new,79
9924,2024-09-27,new,29
9935,2025-02-18,new,79
9935,2025-05-19,expansion,50
9935,2025-08-17,churn,-79
9937,2023-08-10,new,29
9939,2024-11-21,new,199
9953,2023-03-19,new,79
9953,2023-06-17,expansion,50
9966,2025-12-31,new,29
9971,2024-10-21,new,79
9971,2025-01-19,contraction,-50
9978,2024-02-10,new,79
9979,2023-10-23,new,79
9979,2024-04-20,churn,-79
9980,2024-07-07,new,29
9980,2024-10-05,expansion,50
9986,2025-10-31,new,29
9986,2026-04-29,churn,-29
9993,2025-01-08,new,79
9993,2025-07-07,churn,-79
9998,2024-08-19,new,29
10004,2024-11-06,new,79
10006,2024-07-02,new,29
10007,2023-11-08,new,199
10019,2025-06-26,new,29
10019,2025-12-23,churn,-29
10022,2024-01-23,new,79
10024,2023-10-04,new,199
10037,2024-03-10,new,29
10042,2023-06-14,new,29
10044,2025-11-22,new,29
10047,2025-01-08,new,199
10054,2024-01-13,new,199
10059,2023-10-03,new,199
10061,2025-07-29,new,29
10069,2024-04-04,new,29
10083,2025-04-11,new,29
10085,2023-01-22,new,79
10085,2023-07-21,churn,-79
10088,2024-10-28,new,199
10091,2024-06-04,new,199
10092,2024-06-17,new,29
10092,2024-12-14,churn,-29
10112,2025-05-15,new,199
10115,2024-03-22,new,79
10115,2024-09-18,churn,-79
10118,2025-05-25,new,29
10119,2026-01-17,new,29
10121,2025-01-28,new,29
10124,2023-07-08,new,199
10124,2023-10-06,contraction,-50
10126,2026-02-11,new,29
10127,2024-06-11,new,29
10127,2024-12-08,churn,-29
10128,2026-03-08,new,79
10135,2023-07-02,new,79
10137,2023-06-03,new,199
10137,2023-09-01,contraction,-50
10140,2025-10-02,new,79
10141,2023-11-09,new,199
10162,2024-03-27,new,29
10164,2024-12-04,new,29
10164,2025-06-02,churn,-29
10167,2023-10-30,new,79
10167,2024-01-28,expansion,50
10170,2025-01-04,new,79
10170,2025-04-04,expansion,50
10184,2025-11-30,new,29
10188,2024-01-03,new,29
10189,2023-01-30,new,199
10190,2023-11-16,new,29
10190,2024-05-14,churn,-29
10191,2024-09-29,new,79
10197,2023-01-29,new,29
10197,2023-07-28,churn,-29
10204,2025-01-15,new,29
10206,2024-05-24,new,79
10206,2024-11-20,churn,-79
10208,2026-01-24,new,79
10211,2024-01-07,new,29
10218,2025-07-15,new,79
10221,2025-03-19,new,29
10221,2025-09-15,churn,-29
10225,2023-05-14,new,79
10230,2023-12-03,new,199
10232,2023-12-14,new,79
10232,2024-06-11,churn,-79
10242,2023-07-21,new,199
10243,2023-09-21,new,29
10247,2025-11-04,new,199
10247,2026-02-02,contraction,-50
10250,2023-01-30,new,79
10250,2023-07-29,churn,-79
10259,2024-12-02,new,79
10263,2024-10-05,new,29
10263,2025-04-03,churn,-29
10264,2024-08-30,new,29
10264,2025-02-26,churn,-29
10267,2023-07-27,new,199
10267,2024-01-23,churn,-199
10281,2024-04-03,new,29
10282,2024-09-05,new,199
10282,2025-03-04,churn,-199
10283,2024-02-06,new,29
10283,2024-08-04,churn,-29
10284,2023-02-02,new,29
10284,2023-08-01,churn,-29
10289,2025-02-24,new,79
10289,2025-05-25,expansion,50
10293,2024-04-09,new,29
10310,2025-07-07,new,29
10313,2023-07-20,new,29
10321,2024-01-05,new,29
10321,2024-04-04,expansion,50
10327,2023-07-23,new,29
10328,2024-07-11,new,79
10328,2025-01-07,churn,-79
10341,2026-02-17,new,29
10341,2026-05-18,contraction,-50
10341,2026-08-16,churn,-29
10353,2023-12-26,new,29
10355,2024-06-22,new,29
10357,2024-09-06,new,29
10357,2024-12-05,expansion,50
10376,2023-01-27,new,29
10376,2023-04-27,expansion,50
10385,2023-01-24,new,79
10393,2025-03-16,new,29
10403,2025-05-30,new,199
10406,2024-01-13,new,29
10409,2025-08-05,new,79
10420,2026-01-11,new,29
10420,2026-04-11,expansion,50
10421,2024-01-12,new,29
10421,2024-07-10,churn,-29
10426,2024-07-13,new,79
10429,2023-04-16,new,79
10437,2025-03-02,new,29
10438,2025-11-10,new,79
10438,2026-05-09,churn,-79
10443,2024-04-22,new,79
10444,2024-11-08,new,29
10444,2025-05-07,churn,-29
10448,2024-03-15,new,29
10448,2024-09-11,churn,-29
10472,2023-02-08,new,29
10473,2025-02-06,new,29
10475,2023-12-30,new,79
10475,2024-06-27,churn,-79
10478,2024-09-05,new,79
10484,2024-05-20,new,79
10500,2023-10-20,new,29
10500,2024-01-18,expansion,50
10507,2024-05-28,new,79
10507,2024-11-24,churn,-79
10511,2025-11-22,new,199
10512,2024-09-20,new,29
10513,2025-10-11,new,29
10516,2023-03-14,new,29
10518,2024-09-03,new,79
10520,2023-06-26,new,29
10520,2023-12-23,churn,-29
10521,2023-12-05,new,79
10523,2024-08-17,new,29
10530,2024-02-29,new,79
10545,2024-03-24,new,29
10547,2024-09-21,new,79
10547,2024-12-20,expansion,50
10548,2025-09-27,new,79
10548,2025-12-26,expansion,50
10550,2024-03-31,new,29
10553,2023-09-16,new,29
10553,2023-12-15,expansion,50
10553,2024-03-14,churn,-29
10565,2023-05-05,new,29
10565,2023-08-03,contraction,-50
10572,2023-02-10,new,199
10574,2025-07-14,new,29
10574,2025-10-12,expansion,50
10574,2026-01-10,churn,-29
10577,2025-10-07,new,29
10578,2023-04-02,new,199
10578,2023-09-29,churn,-199
10584,2023-03-08,new,29
10584,2023-06-06,contraction,-50
10587,2023-02-17,new,79
10587,2023-05-18,contraction,-50
10590,2024-03-15,new,79
10591,2025-03-12,new,29
10593,2024-05-24,new,199
10596,2024-12-11,new,79
10596,2025-06-09,churn,-79
10602,2024-08-04,new,79
10602,2025-01-31,churn,-79
10604,2024-02-27,new,199
10604,2024-05-27,contraction,-50
10621,2025-03-22,new,29
10626,2025-08-26,new,79
10628,2023-05-18,new,79
10634,2024-10-27,new,29
10636,2024-08-28,new,79
10644,2025-08-18,new,29
10650,2023-04-28,new,29
10651,2025-12-10,new,79
10654,2025-06-29,new,79
10658,2024-12-01,new,79
10658,2025-05-30,churn,-79
10663,2025-04-02,new,29
10668,2025-09-30,new,79
10668,2026-03-29,churn,-79
10670,2024-12-31,new,79
10672,2025-11-06,new,29
10677,2025-05-29,new,79
10686,2025-12-01,new,199
10687,2023-02-05,new,29
10689,2025-08-26,new,29
10689,2025-11-24,contraction,-50
10690,2024-12-09,new,29
10691,2025-03-23,new,29
10691,2025-09-19,churn,-29
10692,2024-05-08,new,29
10699,2025-02-21,new,29
10702,2026-02-13,new,29
10703,2026-02-26,new,29
10710,2023-07-23,new,79
10710,2023-10-21,expansion,50
10714,2023-05-26,new,79
10723,2024-03-22,new,29
10727,2023-05-31,new,199
10727,2023-11-27,churn,-199
10735,2024-04-13,new,29
10737,2023-10-27,new,79
10744,2024-09-18,new,29
10747,2024-05-23,new,29
10752,2025-08-28,new,29
10755,2025-11-28,new,29
10755,2026-05-27,churn,-29
10759,2023-08-24,new,79
10759,2023-11-22,expansion,50
10764,2025-11-08,new,29
10765,2026-02-26,new,29
10766,2025-06-10,new,79
10766,2025-12-07,churn,-79
10775,2025-12-19,new,79
10776,2024-09-29,new,79
10776,2024-12-28,expansion,50
10776,2025-03-28,churn,-79
10777,2023-11-01,new,79
10777,2024-01-30,contraction,-50
10779,2023-06-21,new,29
10788,2023-12-26,new,79
10793,2025-03-21,new,29
10795,2024-10-12,new,79
10795,2025-01-10,contraction,-50
10795,2025-04-10,churn,-79
10798,2024-11-26,new,29
10798,2025-05-25,churn,-29
10799,2024-07-16,new,79
10803,2025-08-18,new,29
10803,2026-02-14,churn,-29
10804,2025-11-07,new,29
10810,2025-12-30,new,79
10813,2023-04-04,new,29
10815,2025-08-30,new,199
10818,2024-06-19,new,79
10818,2024-09-17,contraction,-50
10823,2023-03-02,new,79
10824,2024-10-29,new,29
10827,2025-10-13,new,29
10828,2025-12-17,new,29
10828,2026-03-17,expansion,50
10830,2024-12-11,new,199
10830,2025-06-09,churn,-199
10833,2024-09-01,new,79
10833,2024-11-30,expansion,50
10834,2026-02-09,new,29
10836,2024-02-03,new,79
10836,2024-08-01,churn,-79
10846,2023-07-14,new,29
10849,2024-11-26,new,79
10850,2025-04-11,new,29
10850,2025-10-08,churn,-29
10851,2023-10-22,new,29
10853,2025-02-06,new,79
10857,2026-02-17,new,29
10859,2024-10-17,new,29
10863,2024-01-27,new,29
10865,2024-12-11,new,199
10874,2026-01-05,new,79
10879,2025-08-31,new,79
10879,2025-11-29,contraction,-50
10883,2023-11-18,new,29
10884,2024-07-30,new,79
10896,2025-05-15,new,29
10901,2024-06-03,new,79
10907,2024-06-29,new,79
10909,2023-11-25,new,29
10909,2024-02-23,expansion,50
10909,2024-05-23,churn,-29
10914,2025-01-06,new,29
10918,2024-01-17,new,199
10921,2025-09-10,new,79
10921,2026-03-09,churn,-79
10922,2025-12-06,new,29
10940,2023-04-24,new,29
10944,2023-07-13,new,79
10944,2024-01-09,churn,-79
10946,2023-06-16,new,79
10955,2025-08-29,new,79
10969,2025-02-25,new,29
10976,2024-10-09,new,29
10976,2025-04-07,churn,-29
10989,2025-01-22,new,79
11000,2024-01-11,new,79
11002,2026-02-27,new,79
11002,2026-05-28,expansion,50
11006,2023-01-16,new,79
11021,2024-04-06,new,29
11028,2024-11-14,new,79
11029,2023-08-07,new,79
11029,2024-02-03,churn,-79
11032,2023-05-17,new,29
11035,2025-08-21,new,79
11035,2026-02-17,churn,-79
11037,2024-02-03,new,79
11041,2024-09-30,new,79
11044,2023-04-15,new,29
11044,2023-10-12,churn,-29
11045,2024-05-25,new,79
11055,2023-05-01,new,29
11065,2025-03-10,new,29
11065,2025-09-06,churn,-29
11071,2024-09-26,new,29
11071,2024-12-25,contraction,-50
11093,2024-07-02,new,29
11093,2024-12-29,churn,-29
11095,2025-04-18,new,79
11096,2024-01-29,new,29
11096,2024-04-28,expansion,50
11096,2024-07-27,churn,-29
11098,2025-11-12,new,79
11098,2026-05-11,churn,-79
11116,2025-02-25,new,79
11133,2025-07-04,new,29
11133,2025-12-31,churn,-29
11150,2023-12-18,new,29
11154,2025-12-19,new,79
11154,2026-06-17,churn,-79
11160,2023-09-19,new,29
11162,2024-03-02,new,29
11162,2024-05-31,expansion,50
11162,2024-08-29,churn,-29
11165,2023-09-07,new,199
11170,2025-10-08,new,79
11180,2024-10-17,new,79
11180,2025-04-15,churn,-79
11184,2024-08-25,new,79
11184,2025-02-21,churn,-79
11187,2026-03-03,new,199
11187,2026-06-01,expansion,50
11206,2023-10-09,new,199
11209,2023-03-17,new,79
11210,2023-07-02,new,29
11210,2023-12-29,churn,-29
11214,2025-01-06,new,29
11214,2025-04-06,expansion,50
11217,2023-09-23,new,79
11219,2023-05-15,new,29
11220,2023-03-04,new,79
11222,2025-01-26,new,29
11222,2025-04-26,contraction,-50
11231,2025-05-13,new,29
11233,2023-03-14,new,29
11241,2023-04-22,new,29
11245,2024-02-15,new,79
11248,2026-02-24,new,79
11259,2025-02-01,new,29
11266,2025-06-11,new,29
11271,2023-09-17,new,29
11272,2024-04-10,new,79
11272,2024-10-07,churn,-79
11275,2024-11-30,new,199
11282,2023-11-16,new,29
11286,2023-05-25,new,79
11286,2023-11-21,churn,-79
11302,2023-10-14,new,29
11307,2024-09-26,new,79
11307,2025-03-25,churn,-79
11310,2023-04-06,new,79
11315,2023-05-25,new,79
11316,2023-08-17,new,79
11318,2025-09-11,new,29
11322,2024-03-13,new,79
11325,2023-10-06,new,79
11327,2023-01-27,new,199
11334,2023-07-13,new,29
11334,2023-10-11,contraction,-50
11334,2024-01-09,churn,-29
11338,2023-11-04,new,79
11340,2024-02-15,new,29
11340,2024-08-13,churn,-29
11342,2025-10-05,new,29
11342,2026-01-03,contraction,-50
11345,2024-02-20,new,29
11352,2023-10-06,new,29
11354,2023-07-15,new,29
11354,2024-01-11,churn,-29
11366,2023-03-18,new,29
11366,2023-09-14,churn,-29
11370,2024-01-14,new,29
11373,2025-09-10,new,29
11373,2026-03-09,churn,-29
11377,2026-02-07,new,29
11383,2023-09-30,new,199
11383,2024-03-28,churn,-199
11384,2024-02-06,new,199
11387,2025-12-21,new,29
11387,2026-06-19,churn,-29
11390,2025-08-26,new,199
11392,2025-05-09,new,79
11394,2023-08-15,new,29
11395,2025-08-17,new,29
11396,2025-07-23,new,79
11411,2023-05-07,new,29
11411,2023-11-03,churn,-29
11417,2025-02-01,new,199
11417,2025-05-02,contraction,-50
11422,2024-06-06,new,79
11426,2025-10-16,new,29
11426,2026-04-14,churn,-29
11427,2025-04-07,new,79
11433,2025-12-04,new,29
11433,2026-06-02,churn,-29
11444,2025-09-29,new,29
11448,2024-01-19,new,79
11450,2026-02-12,new,29
11450,2026-05-13,expansion,50
11453,2025-09-23,new,29
11453,2025-12-22,contraction,-50
11456,2023-04-18,new,199
11460,2024-07-14,new,199
11462,2025-11-13,new,79
11462,2026-02-11,expansion,50
11466,2024-11-20,new,79
11466,2025-05-19,churn,-79
11475,2024-09-22,new,79
11478,2023-03-31,new,29
11478,2023-06-29,expansion,50
11482,2025-05-19,new,199
11482,2025-11-15,churn,-199
11484,2023-07-24,new,79
11493,2024-01-13,new,29
11494,2023-02-22,new,29
11494,2023-05-23,expansion,50
11510,2023-12-22,new,79
11511,2023-11-13,new,29
11517,2024-03-27,new,79
11517,2024-06-25,expansion,50
11521,2023-04-21,new,29
11524,2025-04-15,new,79
11524,2025-07-14,contraction,-50
11525,2023-11-16,new,79
11528,2025-02-22,new,29
11539,2023-09-30,new,29
11542,2023-08-21,new,79
11543,2024-04-24,new,29
11545,2023-10-12,new,199
11545,2024-01-10,expansion,50
11548,2024-07-08,new,29
11548,2025-01-04,churn,-29
11549,2024-05-05,new,79
11550,2024-08-02,new,29
11554,2024-06-19,new,29
11554,2024-12-16,churn,-29
11556,2024-12-09,new,29
11558,2024-10-27,new,29
11558,2025-01-25,expansion,50
11561,2024-09-10,new,199
11562,2023-08-23,new,199
11562,2024-02-19,churn,-199
11563,2025-11-09,new,199
11563,2026-05-08,churn,-199
11564,2024-11-14,new,199
11577,2024-08-03,new,79
11577,2025-01-30,churn,-79
11580,2024-06-13,new,29
11582,2024-04-04,new,29
11585,2023-10-30,new,79
11590,2023-12-02,new,199
11590,2024-05-30,churn,-199
11593,2025-07-10,new,79
11599,2025-09-28,new,79
11622,2025-09-26,new,29
11623,2025-05-15,new,199
11625,2024-04-20,new,29
11625,2024-10-17,churn,-29
11639,2025-05-06,new,29
11639,2025-08-04,expansion,50
11639,2025-11-02,churn,-29
11648,2025-12-18,new,29
11652,2024-01-28,new,79
11654,2024-04-17,new,79
11654,2024-10-14,churn,-79
11657,2024-10-08,new,79
11661,2023-07-29,new,199
11661,2024-01-25,churn,-199
11667,2024-01-02,new,29
11676,2026-02-25,new,29
11677,2023-03-27,new,79
11681,2024-05-12,new,29
11681,2024-08-10,expansion,50
11683,2023-11-28,new,79
11683,2024-02-26,expansion,50
11684,2025-11-25,new,29
11684,2026-02-23,expansion,50
11687,2023-09-03,new,29
11691,2025-02-22,new,79
11694,2023-11-01,new,79
11702,2024-03-01,new,29
11714,2023-05-30,new,79
11714,2023-11-26,churn,-79
11721,2025-03-22,new,79
11721,2025-09-18,churn,-79
11730,2025-05-02,new,29
11735,2025-11-25,new,79
11735,2026-05-24,churn,-79
11736,2025-04-08,new,199
11736,2025-07-07,contraction,-50
11737,2024-10-21,new,199
11737,2025-04-19,churn,-199
11739,2025-11-02,new,29
11739,2026-05-01,churn,-29
11746,2024-04-28,new,29
11746,2024-07-27,expansion,50
11749,2024-07-06,new,79
11762,2025-08-11,new,79
11763,2023-02-12,new,79
11763,2023-05-13,expansion,50
11767,2023-02-06,new,29
11776,2024-10-01,new,79
11779,2023-12-06,new,29
11784,2023-05-10,new,29
11784,2023-08-08,contraction,-50
11785,2024-01-07,new,79
11795,2024-08-06,new,79
11801,2026-01-01,new,29
11809,2024-05-29,new,29
11809,2024-11-25,churn,-29
11811,2025-10-16,new,79
11811,2026-04-14,churn,-79
11816,2026-01-11,new,29
11816,2026-07-10,churn,-29
11820,2024-10-08,new,29
11820,2025-01-06,expansion,50
11829,2024-07-26,new,29
11831,2024-10-18,new,79
11842,2026-02-18,new,29
11842,2026-08-17,churn,-29
11856,2023-03-21,new,29
11861,2025-02-12,new,79
11863,2024-11-06,new,79
11864,2024-01-07,new,29
11871,2024-02-25,new,79
11871,2024-05-25,contraction,-50
11895,2026-03-04,new,29
11897,2023-07-11,new,79
11899,2024-09-12,new,79
11899,2024-12-11,expansion,50
11900,2026-02-04,new,29
11902,2023-12-22,new,29
11913,2023-09-28,new,79
11916,2025-05-22,new,29
11916,2025-08-20,contraction,-50
11917,2023-05-27,new,29
11920,2024-07-07,new,29
11920,2024-10-05,expansion,50
11921,2023-10-24,new,29
11921,2024-01-22,contraction,-50
11921,2024-04-21,churn,-29
11931,2025-06-11,new,29
11937,2025-04-19,new,79
11937,2025-10-16,churn,-79
11939,2025-01-17,new,29
11940,2024-02-10,new,199
11940,2024-08-08,churn,-199
11943,2023-02-11,new,79
11949,2024-03-31,new,79
11958,2023-04-11,new,29
11967,2026-02-10,new,79
11969,2023-11-16,new,79
11976,2026-02-12,new,29
11982,2024-01-23,new,199
11986,2023-01-25,new,29
11997,2023-12-22,new,29
11999,2025-06-16,new,199
12002,2025-09-18,new,29
12012,2025-05-12,new,29
12016,2025-04-10,new,79
12016,2025-07-09,expansion,50
12034,2023-02-21,new,79
12043,2024-04-24,new,29
12049,2024-12-15,new,79
12057,2024-04-09,new,29
12057,2024-07-08,contraction,-50
12058,2023-08-19,new,29
12060,2024-08-23,new,29
12064,2024-03-28,new,199
12065,2024-04-29,new,79
12066,2023-01-21,new,29
12073,2025-09-18,new,29
12074,2024-12-01,new,79
12074,2025-05-30,churn,-79
12083,2024-07-03,new,79
12085,2025-03-03,new,79
12085,2025-08-30,churn,-79
12089,2023-06-22,new,79
12089,2023-09-20,expansion,50
12091,2023-07-30,new,79
12099,2023-02-22,new,29
12105,2024-09-22,new,199
12105,2024-12-21,contraction,-50
12105,2025-03-21,churn,-199
12108,2025-06-18,new,29
12108,2025-09-16,expansion,50
12114,2023-04-03,new,29
12115,2025-12-10,new,29
12115,2026-06-08,churn,-29
12116,2025-04-10,new,29
12117,2025-07-31,new,29
12117,2025-10-29,contraction,-50
12122,2023-10-21,new,199
12124,2024-12-07,new,29
12130,2024-06-17,new,79
12130,2024-12-14,churn,-79
12143,2026-02-06,new,79
12143,2026-05-07,contraction,-50
12149,2025-11-25,new,29
12154,2025-11-04,new,29
12159,2024-01-17,new,79
12159,2024-04-16,contraction,-50
12160,2025-12-10,new,29
12165,2024-09-08,new,29
12167,2023-09-27,new,29
12170,2025-04-30,new,29
12172,2025-12-05,new,29
12175,2023-10-01,new,29
12178,2026-02-19,new,79
12192,2024-11-20,new,29
12192,2025-02-18,contraction,-50
12208,2026-01-08,new,29
12212,2023-01-18,new,29
12216,2023-11-16,new,29
12217,2023-11-25,new,29
12217,2024-02-23,expansion,50
12227,2023-02-15,new,29
12227,2023-05-16,contraction,-50
12232,2023-01-28,new,29
12232,2023-07-27,churn,-29
12233,2025-01-18,new,29
12237,2025-11-01,new,29
12238,2025-12-29,new,29
12242,2024-12-07,new,199
12248,2023-10-06,new,29
12253,2024-12-17,new,29
12253,2025-03-17,expansion,50
12253,2025-06-15,churn,-29
12256,2026-02-16,new,199
12256,2026-05-17,expansion,50
12256,2026-08-15,churn,-199
12259,2024-01-01,new,199
12265,2025-02-15,new,79
12266,2025-01-17,new,29
12266,2025-07-16,churn,-29
12269,2025-08-17,new,29
12270,2023-10-07,new,199
12281,2024-03-16,new,29
12284,2024-05-29,new,29
12284,2024-11-25,churn,-29
12302,2023-10-14,new,29
12302,2024-04-11,churn,-29
12303,2024-03-10,new,29
12311,2025-12-30,new,29
12311,2026-03-30,expansion,50
12311,2026-06-28,churn,-29
12312,2023-10-15,new,199
12313,2024-12-17,new,29
12319,2025-06-18,new,79
12319,2025-12-15,churn,-79
12322,2023-03-30,new,79
12322,2023-09-26,churn,-79
12325,2024-05-19,new,29
12326,2024-08-09,new,29
12326,2025-02-05,churn,-29
12328,2025-06-07,new,29
12332,2025-08-11,new,29
12332,2026-02-07,churn,-29
12339,2025-12-17,new,199
12339,2026-03-17,expansion,50
12339,2026-06-15,churn,-199
12361,2023-09-25,new,79
12370,2026-01-26,new,29
12377,2024-10-01,new,29
12380,2025-09-04,new,29
12380,2025-12-03,contraction,-50
12380,2026-03-03,churn,-29
12381,2025-02-04,new,79
12381,2025-08-03,churn,-79
12383,2023-01-16,new,79
12383,2023-04-16,contraction,-50
12385,2025-06-16,new,199
12397,2023-08-15,new,79
12400,2024-02-26,new,79
12401,2024-03-28,new,29
12405,2024-07-30,new,29
12405,2025-01-26,churn,-29
12412,2023-04-02,new,79
12412,2023-09-29,churn,-79
12420,2024-12-02,new,79
12420,2025-03-02,expansion,50
12421,2023-06-29,new,29
12431,2024-01-14,new,29
12431,2024-07-12,churn,-29
12432,2024-01-19,new,199
12432,2024-04-18,contraction,-50
12436,2023-05-30,new,79
12436,2023-08-28,contraction,-50
12437,2023-03-01,new,29
12441,2025-02-19,new,199
12441,2025-08-18,churn,-199
12450,2025-02-15,new,29
12455,2023-03-24,new,79
12462,2023-11-03,new,29
12462,2024-05-01,churn,-29
12482,2024-05-19,new,199
12484,2023-07-10,new,199
12486,2024-01-09,new,79
12490,2023-11-23,new,29
12490,2024-02-21,expansion,50
12508,2026-02-22,new,79
12517,2023-10-09,new,29
12519,2023-02-24,new,79
12519,2023-08-23,churn,-79
12525,2024-10-15,new,79
12527,2025-11-01,new,29
12527,2026-04-30,churn,-29
12530,2026-01-01,new,79
12553,2024-06-07,new,29
12553,2024-12-04,churn,-29
12559,2024-11-04,new,29
12569,2023-03-28,new,29
12570,2024-09-23,new,29
12575,2024-03-06,new,29
12578,2024-06-21,new,29
12582,2023-09-21,new,79
12582,2024-03-19,churn,-79
12588,2023-04-20,new,199
12591,2023-05-17,new,199
12591,2023-08-15,contraction,-50
12592,2026-03-08,new,199
12592,2026-06-06,contraction,-50
12614,2023-01-28,new,29
12614,2023-04-28,contraction,-50
12615,2024-07-09,new,29
12624,2025-06-07,new,29
12627,2025-02-24,new,29
12633,2024-02-18,new,29
12633,2024-08-16,churn,-29
12640,2023-07-15,new,29
12640,2024-01-11,churn,-29
12641,2024-02-29,new,79
12641,2024-08-27,churn,-79
12647,2023-04-29,new,29
12652,2024-09-09,new,199
12658,2024-01-05,new,29
12661,2024-05-04,new,29
12669,2024-12-06,new,79
12669,2025-06-04,churn,-79
12685,2025-03-31,new,29
12687,2024-11-06,new,29
12696,2025-06-06,new,79
12698,2024-10-30,new,29
12700,2024-10-16,new,29
12704,2023-10-20,new,79
12708,2023-12-28,new,29
12708,2024-03-27,contraction,-50
12708,2024-06-25,churn,-29
12710,2025-09-17,new,79
12711,2025-04-28,new,29
12715,2024-02-05,new,79
12719,2023-12-18,new,79
12719,2024-03-17,expansion,50
12720,2025-06-25,new,29
12720,2025-09-23,expansion,50
12720,2025-12-22,churn,-29
12723,2024-11-11,new,29
12723,2025-02-09,contraction,-50
12727,2025-05-12,new,199
12727,2025-08-10,contraction,-50
12730,2024-05-04,new,79
12730,2024-10-31,churn,-79
12736,2024-05-30,new,199
12736,2024-08-28,expansion,50
12748,2025-05-15,new,199
12757,2025-02-27,new,199
12757,2025-05-28,expansion,50
12759,2024-12-10,new,29
12760,2025-02-24,new,79
12760,2025-08-23,churn,-79
12762,2025-01-24,new,79
12769,2024-01-22,new,79
12769,2024-07-20,churn,-79
12772,2025-10-26,new,29
12782,2025-12-18,new,29
12786,2024-11-30,new,79
12786,2025-02-28,contraction,-50
12787,2025-11-13,new,79
12787,2026-02-11,expansion,50
12801,2025-02-19,new,29
12805,2024-01-11,new,199
12807,2023-07-11,new,199
12807,2023-10-09,expansion,50
12810,2024-10-29,new,79
12811,2025-03-08,new,79
12811,2025-09-04,churn,-79
12818,2025-01-06,new,199
12823,2025-02-15,new,199
12828,2024-10-26,new,29
12834,2023-02-22,new,79
12843,2023-03-29,new,199
12843,2023-09-25,churn,-199
12845,2025-09-24,new,29
12847,2023-04-22,new,199
12851,2024-02-25,new,199
12851,2024-08-23,churn,-199
12853,2024-04-06,new,79
12855,2025-11-24,new,29
12860,2024-08-31,new,79
12860,2025-02-27,churn,-79
12865,2023-05-07,new,79
12866,2025-01-31,new,79
12868,2025-05-09,new,29
12868,2025-11-05,churn,-29
12870,2025-11-11,new,79
12878,2025-03-25,new,29
12878,2025-09-21,churn,-29
12883,2024-01-27,new,29
12883,2024-04-26,expansion,50
12885,2024-07-09,new,79
12885,2024-10-07,expansion,50
12898,2025-12-31,new,199
12898,2026-06-29,churn,-199
12900,2024-09-04,new,199
12907,2025-11-06,new,29
12911,2023-03-14,new,199
12911,2023-09-10,churn,-199
12912,2024-06-16,new,29
12912,2024-12-13,churn,-29
12914,2023-06-15,new,29
12920,2024-04-25,new,79
12936,2026-02-07,new,79
12937,2025-07-07,new,29
12940,2025-04-27,new,79
12943,2023-12-07,new,79
12946,2023-11-06,new,29
12946,2024-02-04,contraction,-50
12946,2024-05-04,churn,-29
12948,2023-03-12,new,79
12950,2023-02-04,new,199
12950,2023-08-03,churn,-199
12955,2023-01-16,new,79
12955,2023-07-15,churn,-79
12958,2025-01-09,new,79
12958,2025-07-08,churn,-79
12965,2025-09-03,new,29
12965,2025-12-02,expansion,50
12965,2026-03-02,churn,-29
12969,2024-10-29,new,29
12969,2025-01-27,expansion,50
12972,2025-07-05,new,29
12979,2025-03-11,new,29
12979,2025-09-07,churn,-29
12982,2023-08-20,new,29
12982,2023-11-18,contraction,-50
12986,2023-09-15,new,79
12994,2023-01-28,new,29
12995,2023-10-31,new,79
12998,2023-02-18,new,29
12998,2023-08-17,churn,-29
13006,2026-01-03,new,79
13007,2024-10-17,new,29
13018,2024-03-01,new,29
13018,2024-08-28,churn,-29
13024,2025-08-10,new,29
13024,2026-02-06,churn,-29
13029,2025-09-11,new,199
13029,2026-03-10,churn,-199
13051,2024-03-18,new,29
13054,2024-06-11,new,199
13065,2023-09-09,new,79
13065,2023-12-08,expansion,50
13066,2024-05-01,new,29
13072,2023-03-31,new,29
13072,2023-09-27,churn,-29
13073,2025-04-09,new,79
13077,2024-08-04,new,199
13085,2026-02-17,new,29
13087,2024-02-11,new,79
13089,2023-07-03,new,29
13089,2023-10-01,contraction,-50
13089,2023-12-30,churn,-29
13101,2024-05-23,new,79
13101,2024-11-19,churn,-79
13103,2024-10-07,new,79
13103,2025-01-05,expansion,50
13105,2025-04-25,new,79
13105,2025-10-22,churn,-79
13113,2025-07-01,new,29
13124,2024-11-23,new,199
13124,2025-05-22,churn,-199
13127,2025-08-08,new,199
13134,2025-08-07,new,79
13137,2024-06-02,new,79
13139,2025-07-12,new,29
13144,2025-08-01,new,79
13146,2023-01-20,new,79
13147,2024-06-19,new,199
13158,2024-05-12,new,199
13163,2023-02-01,new,79
13165,2025-09-21,new,79
13169,2024-11-11,new,29
13170,2024-09-12,new,29
13188,2024-10-03,new,79
13190,2024-06-14,new,79
13195,2023-02-04,new,29
13195,2023-08-03,churn,-29
13198,2025-11-24,new,199
13200,2025-06-28,new,79
13200,2025-12-25,churn,-79
13204,2023-02-22,new,29
13207,2023-02-16,new,79
13207,2023-05-17,contraction,-50
13211,2025-09-26,new,29
13211,2026-03-25,churn,-29
13213,2023-03-01,new,29
13213,2023-08-28,churn,-29
13218,2025-10-12,new,199
13232,2024-06-15,new,29
13236,2025-01-18,new,29
13238,2024-04-14,new,29
13240,2024-07-12,new,79
13241,2025-05-29,new,79
13241,2025-11-25,churn,-79
13244,2024-01-24,new,199
13244,2024-07-22,churn,-199
13246,2024-10-16,new,79
13252,2023-06-15,new,79
13254,2026-01-25,new,79
13254,2026-07-24,churn,-79
13255,2023-03-26,new,29
13256,2024-03-16,new,29
13256,2024-06-14,expansion,50
13260,2023-12-14,new,79
13260,2024-06-11,churn,-79
13262,2023-09-01,new,79
13264,2025-08-26,new,199
13265,2024-04-19,new,79
13265,2024-10-16,churn,-79
13274,2025-10-07,new,199
13277,2025-03-08,new,29
13277,2025-09-04,churn,-29
13287,2023-05-05,new,79
13292,2025-02-22,new,79
13296,2024-07-01,new,79
13299,2025-01-20,new,29
13299,2025-07-19,churn,-29
13305,2024-10-11,new,29
13305,2025-01-09,expansion,50
13314,2026-01-29,new,29
13315,2023-09-03,new,79
13319,2024-09-13,new,79
13333,2025-03-06,new,29
13334,2023-10-21,new,29
13336,2025-04-27,new,79
13342,2024-04-19,new,79
13344,2024-03-03,new,79
13345,2023-05-12,new,79
13348,2025-04-20,new,29
13349,2025-10-21,new,79
13356,2023-10-17,new,79
13357,2023-10-29,new,79
13363,2023-09-16,new,29
13367,2025-09-23,new,79
13367,2025-12-22,contraction,-50
13367,2026-03-22,churn,-79
13372,2023-07-13,new,29
13376,2023-11-22,new,199
13377,2025-01-22,new,79
13389,2023-04-06,new,79
13398,2024-10-16,new,29
13400,2023-07-28,new,29
13406,2023-05-04,new,79
13407,2024-02-18,new,29
13408,2025-08-02,new,79
13409,2025-06-05,new,29
13420,2023-06-20,new,79
13420,2023-12-17,churn,-79
13429,2023-04-28,new,199
13431,2025-01-11,new,199
13434,2025-08-03,new,29
13438,2023-10-15,new,29
13454,2024-11-20,new,79
13454,2025-05-19,churn,-79
13457,2025-05-11,new,29
13458,2024-04-19,new,79
13461,2025-02-20,new,79
13461,2025-08-19,churn,-79
13475,2025-07-02,new,29
13475,2025-12-29,churn,-29
13485,2023-01-29,new,29
13493,2024-12-04,new,29
13498,2023-06-16,new,29
13498,2023-12-13,churn,-29
13501,2024-09-02,new,199
13501,2025-03-01,churn,-199
13504,2025-11-03,new,29
13506,2024-10-08,new,199
13513,2025-12-30,new,79
13519,2023-04-06,new,199
13520,2023-12-31,new,29
13526,2024-12-25,new,199
13526,2025-06-23,churn,-199
13527,2024-09-24,new,29
13530,2025-11-18,new,199
13539,2023-11-22,new,29
13541,2024-11-30,new,29
13544,2025-04-21,new,199
13546,2024-10-28,new,199
13551,2023-08-13,new,29
13552,2025-11-26,new,79
13556,2024-10-27,new,29
13559,2024-02-26,new,199
13561,2024-11-28,new,199
13566,2025-08-20,new,199
13578,2025-10-25,new,29
13589,2025-05-17,new,29
13595,2026-02-17,new,29
13597,2023-04-17,new,29
13598,2024-05-14,new,79
13599,2024-03-11,new,29
13600,2024-12-31,new,29
13600,2025-06-29,churn,-29
13605,2026-02-09,new,29
13619,2024-03-27,new,79
13619,2024-09-23,churn,-79
13623,2025-10-15,new,29
13623,2026-01-13,contraction,-50
13624,2024-10-10,new,29
13639,2023-12-18,new,79
13649,2024-12-02,new,29
13660,2026-02-11,new,199
13664,2025-06-15,new,29
13664,2025-12-12,churn,-29
13669,2024-10-31,new,79
13669,2025-04-29,churn,-79
13675,2024-11-09,new,29
13677,2024-06-15,new,79
13677,2024-12-12,churn,-79
13682,2024-05-05,new,29
13683,2024-03-24,new,79
13693,2024-02-14,new,29
13695,2025-02-24,new,29
13703,2025-07-27,new,29
13708,2024-10-09,new,79
13727,2024-03-13,new,29
13727,2024-06-11,expansion,50
13727,2024-09-09,churn,-29
13730,2025-05-01,new,29
13736,2025-10-28,new,79
13741,2023-07-20,new,79
13749,2025-06-17,new,199
13749,2025-09-15,contraction,-50
13755,2023-12-30,new,29
13760,2024-09-17,new,79
13762,2023-09-07,new,79
13765,2025-11-22,new,29
13769,2025-02-21,new,29
13769,2025-05-22,contraction,-50
13779,2023-05-29,new,79
13779,2023-11-25,churn,-79
13785,2024-08-29,new,79
13786,2025-06-29,new,29
13800,2025-03-27,new,79
13800,2025-09-23,churn,-79
13802,2026-01-30,new,29
13810,2024-04-05,new,79
13810,2024-10-02,churn,-79
13819,2024-05-07,new,29
13822,2024-09-16,new,79
13822,2025-03-15,churn,-79
13823,2023-06-06,new,79
13828,2024-06-21,new,29
13829,2024-12-24,new,79
13835,2024-11-27,new,29
13836,2023-04-11,new,79
13836,2023-10-08,churn,-79
13838,2024-04-19,new,29
13838,2024-10-16,churn,-29
13843,2024-08-06,new,79
13843,2024-11-04,expansion,50
13843,2025-02-02,churn,-79
13856,2025-10-31,new,29
13857,2024-07-01,new,29
13858,2024-01-23,new,79
13859,2025-10-27,new,79
13859,2026-04-25,churn,-79
13864,2025-07-31,new,29
13864,2026-01-27,churn,-29
13871,2024-09-13,new,29
13871,2024-12-12,contraction,-50
13871,2025-03-12,churn,-29
13872,2025-03-03,new,79
13874,2024-06-25,new,29
13874,2024-09-23,contraction,-50
13889,2025-03-31,new,199
13893,2024-06-02,new,199
13897,2024-08-29,new,199
13912,2024-07-31,new,29
13914,2024-09-29,new,29
13921,2023-12-27,new,29
13923,2025-06-05,new,29
13923,2025-09-03,contraction,-50
13923,2025-12-02,churn,-29
13935,2025-11-15,new,29
13943,2026-02-13,new,79
13944,2024-02-23,new,79
13946,2023-03-25,new,29
13960,2025-01-27,new,29
13960,2025-07-26,churn,-29
13964,2023-10-07,new,29
13965,2024-04-16,new,79
13969,2024-07-03,new,199
13969,2024-10-01,expansion,50
13974,2025-01-30,new,29
13981,2023-10-17,new,199
13981,2024-01-15,contraction,-50
13988,2026-01-03,new,79
13988,2026-04-03,contraction,-50
13988,2026-07-02,churn,-79
13993,2023-05-09,new,29
14006,2025-01-25,new,29
14019,2025-09-10,new,79
14027,2024-01-16,new,29
14029,2025-08-07,new,29
14034,2024-07-14,new,29
14039,2023-12-04,new,29
14045,2023-09-15,new,29
14045,2024-03-13,churn,-29
14046,2023-04-13,new,79
14046,2023-07-12,expansion,50
14046,2023-10-10,churn,-79
14054,2025-01-15,new,79
14055,2025-09-26,new,29
14066,2025-07-14,new,29
14067,2024-07-12,new,79
14067,2024-10-10,contraction,-50
14086,2023-12-11,new,29
14088,2023-10-03,new,199
14089,2025-01-01,new,79
14090,2023-10-06,new,29
14090,2024-04-03,churn,-29
14094,2023-06-24,new,29
14094,2023-12-21,churn,-29
14102,2023-09-30,new,29
14106,2025-08-19,new,199
14107,2023-08-17,new,79
14107,2024-02-13,churn,-79
14108,2026-02-04,new,79
14110,2023-09-04,new,199
14118,2023-10-30,new,79
14118,2024-01-28,contraction,-50
14120,2024-03-26,new,79
14120,2024-09-22,churn,-79
14130,2024-03-13,new,29
14135,2025-12-26,new,199
14135,2026-06-24,churn,-199
14136,2024-07-23,new,29
14136,2025-01-19,churn,-29
14138,2023-02-28,new,79
14138,2023-08-27,churn,-79
14142,2025-04-06,new,79
14145,2023-08-21,new,29
14147,2023-12-14,new,29
14147,2024-06-11,churn,-29
14150,2023-08-19,new,79
14152,2025-01-27,new,79
14169,2025-10-02,new,79
14169,2025-12-31,contraction,-50
14172,2023-01-20,new,199
14172,2023-07-19,churn,-199
14178,2025-10-12,new,79
14185,2026-01-08,new,29
14190,2025-01-29,new,29
14190,2025-07-28,churn,-29
14200,2024-12-11,new,79
14209,2023-06-08,new,199
14216,2023-11-11,new,79
14220,2023-11-27,new,29
14220,2024-02-25,contraction,-50
14220,2024-05-25,churn,-29
14233,2025-04-25,new,199
14233,2025-10-22,churn,-199
14239,2025-11-11,new,29
14239,2026-05-10,churn,-29
14244,2023-08-24,new,29
14247,2025-11-04,new,79
14247,2026-02-02,expansion,50
14248,2024-08-03,new,29
14258,2024-01-24,new,79
14266,2023-04-25,new,79
14270,2024-11-01,new,29
14270,2025-01-30,expansion,50
14279,2025-05-27,new,199
14281,2025-06-03,new,79
14282,2023-11-28,new,79
14285,2025-03-01,new,79
14287,2024-10-09,new,29
14288,2024-06-30,new,79
14290,2025-11-11,new,29
14295,2025-04-07,new,79
14295,2025-10-04,churn,-79
14299,2024-12-20,new,79
14300,2025-03-19,new,29
14302,2025-04-21,new,29
14302,2025-07-20,expansion,50
14312,2024-07-15,new,79
14312,2025-01-11,churn,-79
14326,2024-08-06,new,29
14328,2025-12-31,new,29
14328,2026-03-31,expansion,50
14346,2023-09-19,new,29
14346,2024-03-17,churn,-29
14347,2023-07-08,new,199
14347,2023-10-06,contraction,-50
14347,2024-01-04,churn,-199
14354,2026-03-09,new,29
14368,2023-05-11,new,79
14368,2023-11-07,churn,-79
14369,2024-01-12,new,29
14377,2024-09-18,new,29
14377,2025-03-17,churn,-29
14386,2023-06-27,new,29
14386,2023-12-24,churn,-29
14388,2023-07-13,new,29
14389,2026-01-03,new,199
14389,2026-07-02,churn,-199
14391,2024-08-05,new,29
14400,2026-02-05,new,29
14406,2024-03-12,new,29
14409,2025-02-28,new,29
14412,2024-08-01,new,29
14414,2025-03-29,new,199
14418,2024-06-14,new,29
14418,2024-12-11,churn,-29
14427,2025-08-04,new,79
14431,2025-05-16,new,79
14431,2025-08-14,expansion,50
14431,2025-11-12,churn,-79
14438,2023-01-30,new,29
14442,2025-05-09,new,29
14448,2025-02-13,new,79
14449,2024-10-06,new,79
14457,2023-06-12,new,29
14458,2025-10-24,new,29
14461,2025-11-28,new,79
14461,2026-02-26,expansion,50
14463,2023-07-04,new,29
14463,2023-10-02,contraction,-50
14471,2024-11-04,new,29
14471,2025-05-03,churn,-29
14476,2025-09-19,new,29
14476,2026-03-18,churn,-29
14478,2024-05-19,new,29
14479,2023-04-25,new,29
14483,2023-03-19,new,29
14483,2023-09-15,churn,-29
14497,2023-05-10,new,29
14505,2026-01-21,new,29
14505,2026-04-21,expansion,50
14510,2026-01-10,new,29
14510,2026-04-10,contraction,-50
14513,2024-04-17,new,29
14518,2025-08-18,new,29
14518,2026-02-14,churn,-29
14520,2025-03-14,new,199
14529,2025-03-29,new,79
14529,2025-09-25,churn,-79
14535,2023-10-04,new,79
14540,2024-08-12,new,29
14544,2025-01-27,new,199
14545,2024-04-24,new,29
14545,2024-10-21,churn,-29
14549,2026-02-26,new,29
14550,2023-09-15,new,79
14561,2025-07-10,new,79
14561,2025-10-08,contraction,-50
14561,2026-01-06,churn,-79
14566,2025-12-28,new,79
14571,2025-04-28,new,29
14579,2023-05-10,new,79
14582,2023-09-22,new,29
14582,2024-03-20,churn,-29
14583,2025-06-11,new,29
14585,2026-01-01,new,29
14589,2023-04-20,new,79
14589,2023-10-17,churn,-79
14593,2023-11-28,new,29
14595,2023-05-14,new,79
14602,2025-04-07,new,29
14602,2025-07-06,contraction,-50
14607,2025-05-19,new,29
14607,2025-08-17,contraction,-50
14614,2024-09-03,new,29
14615,2024-11-17,new,29
14627,2024-06-15,new,29
14629,2023-07-08,new,199
14635,2024-10-10,new,29
14636,2023-09-16,new,29
14636,2024-03-14,churn,-29
14639,2023-01-31,new,199
14656,2026-03-09,new,79
14656,2026-06-07,contraction,-50
14658,2025-06-11,new,199
14658,2025-12-08,churn,-199
14664,2023-09-06,new,199
14664,2023-12-05,contraction,-50
14664,2024-03-04,churn,-199
14670,2023-05-30,new,29
14679,2024-09-20,new,29
14687,2025-11-24,new,29
14689,2024-03-03,new,79
14690,2023-12-26,new,79
14690,2024-06-23,churn,-79
14691,2024-10-26,new,79
14691,2025-04-24,churn,-79
14721,2024-11-18,new,29
14721,2025-05-17,churn,-29
14730,2025-06-27,new,79
14730,2025-12-24,churn,-79
14740,2025-06-04,new,29
14741,2025-02-12,new,199
14750,2023-07-04,new,29
14755,2025-12-30,new,29
14759,2023-10-12,new,199
14764,2024-08-05,new,79
14771,2025-02-21,new,79
14781,2024-07-10,new,79
14781,2024-10-08,expansion,50
14788,2023-01-16,new,29
14790,2024-01-12,new,79
14790,2024-07-10,churn,-79
14801,2025-01-16,new,79
14804,2023-11-03,new,79
14804,2024-05-01,churn,-79
14807,2023-07-22,new,29
14807,2023-10-20,expansion,50
14809,2026-03-08,new,79
14810,2025-06-23,new,29
14810,2025-12-20,churn,-29
14813,2023-11-03,new,29
14828,2024-06-16,new,29
14829,2023-12-10,new,199
14829,2024-06-07,churn,-199
14830,2024-12-05,new,199
14832,2024-02-10,new,29
14832,2024-05-10,contraction,-50
14844,2025-05-06,new,79
14848,2025-02-05,new,79
14848,2025-08-04,churn,-79
14855,2023-05-06,new,199
14856,2026-02-27,new,29
14861,2025-04-26,new,29
14861,2025-07-25,expansion,50
14861,2025-10-23,churn,-29
14867,2025-10-06,new,79
14867,2026-04-04,churn,-79
14868,2023-09-26,new,29
14868,2023-12-25,contraction,-50
14868,2024-03-24,churn,-29
14872,2023-08-02,new,79
14873,2024-12-02,new,29
14878,2025-04-12,new,79
14891,2024-08-25,new,199
14892,2024-12-09,new,199
14894,2025-12-14,new,199
14894,2026-03-14,contraction,-50
14896,2025-08-21,new,199
14896,2025-11-19,contraction,-50
14900,2023-03-22,new,29
14908,2023-02-10,new,29
14918,2024-05-22,new,29
14921,2025-05-03,new,79
14927,2025-07-08,new,79
14929,2023-10-07,new,29
14929,2024-01-05,expansion,50
14931,2024-04-19,new,79
14936,2025-10-06,new,29
14936,2026-04-04,churn,-29
14939,2023-08-17,new,29
14939,2024-02-13,churn,-29
14954,2023-12-08,new,29
14954,2024-06-05,churn,-29
14961,2024-05-31,new,79
14961,2024-08-29,contraction,-50
14964,2023-10-14,new,29
14964,2024-01-12,expansion,50
14974,2025-10-12,new,29
14978,2024-06-16,new,79
14984,2025-09-15,new,79
14984,2025-12-14,expansion,50
14990,2024-01-16,new,29
14996,2023-08-17,new,79
14996,2024-02-13,churn,-79
14999,2025-10-07,new,29
15001,2023-11-12,new,79
15006,2024-09-26,new,29
15015,2025-02-28,new,29
15015,2025-08-27,churn,-29
15021,2023-07-20,new,199
15024,2025-04-18,new,29
15024,2025-10-15,churn,-29
15025,2024-11-24,new,79
15025,2025-05-23,churn,-79
15032,2023-06-22,new,29
15053,2025-08-22,new,79
15056,2026-01-27,new,29
15056,2026-04-27,contraction,-50
15058,2025-03-13,new,29
15064,2023-08-02,new,29
15064,2024-01-29,churn,-29
15069,2023-04-28,new,29
15069,2023-07-27,contraction,-50
15071,2024-10-26,new,79
15071,2025-01-24,contraction,-50
15081,2025-11-30,new,199
15084,2023-02-14,new,79
15096,2023-09-28,new,29
15098,2023-06-11,new,79
15098,2023-12-08,churn,-79
15108,2024-06-11,new,199
15108,2024-09-09,contraction,-50
15114,2025-11-06,new,79
15114,2026-05-05,churn,-79
15119,2023-08-07,new,29
15122,2025-08-20,new,29
15122,2026-02-16,churn,-29
15124,2023-06-15,new,79
15124,2023-09-13,expansion,50
15143,2025-05-17,new,79
15145,2026-01-13,new,79
15150,2025-07-18,new,79
15150,2026-01-14,churn,-79
15161,2024-03-03,new,79
15161,2024-08-30,churn,-79
15162,2023-12-15,new,29
15162,2024-06-12,churn,-29
15163,2025-06-22,new,199
15164,2025-11-06,new,79
15164,2026-05-05,churn,-79
15167,2025-05-01,new,79
15167,2025-10-28,churn,-79
15171,2025-09-20,new,29
15172,2024-03-23,new,29
15176,2024-10-25,new,29
15177,2025-07-13,new,79
15182,2026-01-01,new,29
15190,2024-11-05,new,29
15190,2025-05-04,churn,-29
15194,2025-10-30,new,29
15199,2024-07-09,new,199
15202,2024-11-22,new,199
15215,2025-09-01,new,79
15221,2024-01-05,new,79
15221,2024-07-03,churn,-79
15223,2024-07-04,new,79
15223,2024-12-31,churn,-79
15231,2024-02-23,new,29
15234,2024-03-31,new,29
15234,2024-06-29,contraction,-50
15234,2024-09-27,churn,-29
15237,2023-03-31,new,79
15245,2023-10-08,new,29
15247,2023-09-30,new,79
15249,2023-08-02,new,29
15250,2024-10-24,new,29
15251,2026-01-26,new,79
15251,2026-04-26,expansion,50
15258,2024-01-21,new,29
15258,2024-07-19,churn,-29
15259,2025-11-27,new,79
15260,2024-09-25,new,29
15260,2024-12-24,contraction,-50
15260,2025-03-24,churn,-29
15263,2025-04-11,new,79
15286,2025-05-11,new,29
15288,2026-01-22,new,79
15288,2026-04-22,contraction,-50
15289,2023-03-27,new,79
15290,2023-10-05,new,29
15293,2024-06-28,new,29
15293,2024-12-25,churn,-29
15296,2023-05-12,new,29
15300,2023-01-26,new,29
15300,2023-04-26,expansion,50
15306,2023-12-11,new,79
15307,2023-04-15,new,29
15316,2023-02-17,new,79
15316,2023-05-18,contraction,-50
15317,2025-03-11,new,29
15317,2025-06-09,expansion,50
15322,2023-11-08,new,29
15330,2025-04-12,new,79
15330,2025-10-09,churn,-79
15334,2024-07-10,new,29
15337,2024-08-18,new,79
15338,2024-01-02,new,199
15339,2023-09-27,new,29
15345,2025-07-07,new,79
15351,2023-05-29,new,79
15355,2024-12-12,new,29
15358,2025-07-26,new,29
15363,2024-02-27,new,29
15363,2024-05-27,contraction,-50
15364,2024-08-17,new,79
15364,2024-11-15,expansion,50
15371,2023-06-01,new,29
15387,2025-02-08,new,29
15390,2023-04-20,new,79
15402,2024-06-16,new,29
15402,2024-09-14,expansion,50
15407,2025-08-10,new,29
15408,2025-10-30,new,199
15408,2026-04-28,churn,-199
15409,2025-08-20,new,29
15409,2025-11-18,expansion,50
15410,2024-06-29,new,29
15410,2024-12-26,churn,-29
15414,2025-12-22,new,29
15414,2026-06-20,churn,-29
15419,2025-08-19,new,29
15421,2023-06-16,new,29
15427,2023-07-21,new,29
15434,2025-11-22,new,29
15435,2025-06-04,new,199
15441,2024-05-15,new,79
15447,2023-12-24,new,29
15447,2024-03-23,expansion,50
15449,2026-02-26,new,29
15450,2023-11-05,new,29
15450,2024-02-03,expansion,50
15450,2024-05-03,churn,-29
15474,2024-10-07,new,29
15476,2024-11-11,new,29
15476,2025-05-10,churn,-29
15479,2023-05-12,new,79
15492,2023-06-08,new,29
15500,2025-07-05,new,29
15500,2026-01-01,churn,-29
15505,2024-11-21,new,79
15509,2023-06-12,new,29
15514,2024-03-13,new,79
15523,2023-02-07,new,29
15527,2024-09-24,new,29
15528,2024-09-12,new,79
15531,2024-11-02,new,29
15531,2025-05-01,churn,-29
15533,2023-03-02,new,29
15537,2024-04-29,new,29
15540,2024-12-14,new,79
15540,2025-06-12,churn,-79
15552,2023-07-31,new,79
15552,2024-01-27,churn,-79
15557,2024-05-02,new,79
15557,2024-07-31,expansion,50
15562,2025-04-18,new,79
15566,2025-08-17,new,79
15586,2023-04-27,new,199
15586,2023-10-24,churn,-199
15590,2023-07-30,new,29
15591,2026-02-25,new,79
15596,2024-01-31,new,79
15599,2024-04-07,new,199
15599,2024-07-06,contraction,-50
15602,2025-05-28,new,79
15604,2024-11-08,new,29
15622,2023-07-22,new,79
15628,2023-04-04,new,29
15632,2024-09-24,new,29
15637,2023-06-02,new,199
15639,2023-08-18,new,79
15655,2023-02-23,new,29
15658,2025-02-22,new,79
15658,2025-05-23,expansion,50
15664,2023-04-27,new,29
15674,2025-06-20,new,79
15685,2023-06-27,new,199
15685,2023-09-25,contraction,-50
15692,2025-03-04,new,29
15692,2025-08-31,churn,-29
15693,2025-09-11,new,29
15693,2026-03-10,churn,-29
15701,2025-10-24,new,29
15703,2025-11-03,new,29
15711,2025-08-25,new,199
15711,2025-11-23,contraction,-50
15711,2026-02-21,churn,-199
15713,2024-02-01,new,199
15713,2024-05-01,expansion,50
15717,2023-11-04,new,199
15726,2024-09-05,new,79
15732,2025-09-10,new,79
15734,2024-06-03,new,199
15735,2023-08-21,new,79
15748,2024-02-19,new,199
15753,2026-02-14,new,29
15753,2026-08-13,churn,-29
15756,2025-07-22,new,29
15756,2026-01-18,churn,-29
15760,2023-02-08,new,79
15765,2025-08-23,new,199
15766,2025-11-02,new,29
15772,2023-09-01,new,79
15789,2025-04-03,new,79
15790,2025-12-14,new,29
15795,2023-03-23,new,29
15800,2024-03-16,new,79
15806,2025-10-05,new,199
15808,2024-01-27,new,79
15818,2024-01-26,new,79
15823,2025-12-15,new,29
15823,2026-06-13,churn,-29
15824,2024-10-19,new,29
15824,2025-04-17,churn,-29
15827,2023-09-16,new,29
15828,2025-05-09,new,29
15828,2025-11-05,churn,-29
15834,2023-03-26,new,29
15841,2025-09-01,new,29
15841,2025-11-30,expansion,50
15846,2024-05-17,new,79
15859,2025-12-04,new,29
15859,2026-03-04,contraction,-50
15863,2025-07-01,new,29
15882,2024-08-17,new,79
15887,2023-05-10,new,79
15903,2023-01-21,new,29
15904,2025-08-17,new,29
15906,2025-07-18,new,199
15906,2025-10-16,expansion,50
15908,2025-02-28,new,29
15908,2025-05-29,expansion,50
15908,2025-08-27,churn,-29
15915,2025-04-05,new,29
15925,2024-09-24,new,29
15925,2024-12-23,expansion,50
15925,2025-03-23,churn,-29
15936,2023-10-28,new,79
15937,2025-10-23,new,29
15939,2023-03-07,new,29
15946,2026-03-16,new,29
15948,2024-06-22,new,79
15953,2026-03-02,new,29
15953,2026-08-29,churn,-29
15955,2023-11-24,new,29
15967,2024-03-11,new,29
15967,2024-09-07,churn,-29
15968,2023-09-25,new,29
15969,2025-10-10,new,79
15969,2026-04-08,churn,-79
15975,2023-11-07,new,199
15980,2025-07-26,new,29
15980,2026-01-22,churn,-29
15981,2025-11-20,new,79
15987,2025-10-10,new,79
15988,2023-04-11,new,29
15990,2024-07-31,new,79
15990,2025-01-27,churn,-79
15993,2023-05-26,new,29
15997,2025-09-10,new,29
16000,2025-12-22,new,29
16000,2026-03-22,expansion,50
16002,2023-04-28,new,29
16002,2023-07-27,contraction,-50
16012,2024-12-31,new,29
16015,2024-03-16,new,199
16015,2024-06-14,contraction,-50
16015,2024-09-12,churn,-199
16020,2026-03-13,new,29
16021,2024-07-31,new,29
16023,2024-07-22,new,79
16030,2024-05-29,new,199
16032,2023-03-05,new,29
16045,2024-01-26,new,29
16045,2024-04-25,expansion,50
16047,2025-04-10,new,29
16050,2025-02-21,new,79
16053,2024-04-12,new,199
16056,2023-09-08,new,199
16057,2024-10-20,new,29
16060,2025-06-01,new,79
16080,2024-10-08,new,29
16081,2023-09-09,new,29
16081,2023-12-08,contraction,-50
16093,2025-01-13,new,79
16098,2023-07-20,new,79
16098,2024-01-16,churn,-79
16108,2023-06-21,new,29
16109,2023-07-15,new,79
16120,2025-06-12,new,79
16122,2024-07-14,new,29
16122,2025-01-10,churn,-29
16126,2025-11-02,new,79
16131,2025-03-06,new,29
16136,2025-12-11,new,79
16136,2026-06-09,churn,-79
16140,2023-10-26,new,199
16141,2025-04-27,new,29
16148,2023-03-03,new,79
16148,2023-06-01,contraction,-50
16154,2024-01-20,new,29
16159,2023-03-21,new,29
16165,2025-10-02,new,79
16168,2023-04-27,new,79
16175,2023-06-15,new,29
16178,2025-11-09,new,79
16181,2024-02-22,new,79
16182,2025-08-11,new,199
16182,2025-11-09,expansion,50
16186,2024-06-10,new,79
16191,2024-11-03,new,79
16191,2025-02-01,contraction,-50
16205,2024-06-04,new,79
16205,2024-12-01,churn,-79
16223,2025-12-23,new,29
16227,2023-02-04,new,79
16227,2023-08-03,churn,-79
16229,2025-09-11,new,79
16229,2026-03-10,churn,-79
16234,2023-10-26,new,29
16237,2023-01-18,new,79
16240,2023-06-28,new,29
16240,2023-09-26,expansion,50
16240,2023-12-25,churn,-29
16247,2023-09-10,new,199
16252,2025-06-05,new,29
16253,2026-02-28,new,79
16255,2026-02-20,new,199
16256,2024-06-26,new,79
16269,2023-09-12,new,199
16278,2023-03-09,new,79
16286,2025-08-14,new,29
16287,2023-08-08,new,29
16287,2024-02-04,churn,-29
16297,2023-01-18,new,29
16298,2024-06-08,new,79
16304,2024-02-06,new,29
16308,2024-06-03,new,79
16312,2023-06-12,new,29
16315,2023-11-25,new,79
16316,2024-11-02,new,29
16316,2025-01-31,contraction,-50
16330,2023-12-29,new,79
16331,2026-01-07,new,79
16331,2026-07-06,churn,-79
16336,2023-04-17,new,29
16337,2023-07-24,new,29
16339,2023-08-08,new,29
16349,2024-12-10,new,29
16349,2025-03-10,contraction,-50
16371,2023-06-17,new,29
16371,2023-09-15,expansion,50
16371,2023-12-14,churn,-29
16373,2023-01-30,new,29
16373,2023-04-30,contraction,-50
16374,2023-09-17,new,29
16374,2024-03-15,churn,-29
16378,2025-07-02,new,29
16378,2025-12-29,churn,-29
16379,2023-03-08,new,29
16395,2025-01-09,new,29
16396,2025-04-09,new,29
16398,2025-02-12,new,199
16401,2024-09-25,new,29
16401,2025-03-24,churn,-29
16402,2025-03-22,new,29
16404,2023-08-22,new,79
16408,2024-01-14,new,199
16409,2024-06-03,new,199
16412,2024-08-14,new,79
16431,2023-10-14,new,29
16431,2024-04-11,churn,-29
16433,2023-06-30,new,29
16435,2026-01-29,new,29
16435,2026-07-28,churn,-29
16436,2024-10-25,new,29
16440,2023-06-19,new,29
16443,2024-06-15,new,29
16443,2024-12-12,churn,-29
16445,2025-10-18,new,79
16462,2024-11-25,new,29
16462,2025-02-23,expansion,50
16462,2025-05-24,churn,-29
16471,2024-10-31,new,29
16471,2025-01-29,expansion,50
16473,2023-10-10,new,29
16473,2024-04-07,churn,-29
16478,2025-04-16,new,29
16484,2025-09-16,new,79
16484,2026-03-15,churn,-79
16485,2024-06-04,new,29
16486,2023-03-30,new,29
16486,2023-06-28,expansion,50
16494,2025-01-17,new,29
16494,2025-07-16,churn,-29
16496,2024-04-16,new,79
16499,2023-12-17,new,29
16501,2025-08-07,new,79
16520,2026-01-18,new,29
16533,2023-09-23,new,79
16533,2023-12-22,expansion,50
16533,2024-03-21,churn,-79
16535,2023-12-30,new,79
16540,2025-07-21,new,79
16549,2023-02-07,new,29
16550,2023-12-07,new,79
16555,2025-04-01,new,79
16555,2025-09-28,churn,-79
16564,2023-08-17,new,29
16564,2024-02-13,churn,-29
16569,2024-04-26,new,79
16584,2023-03-17,new,79
16589,2025-02-08,new,199
16593,2023-07-26,new,29
16593,2024-01-22,churn,-29
16595,2026-03-10,new,79
16596,2025-08-28,new,199
16600,2023-02-04,new,199
16602,2024-03-23,new,79
16603,2025-10-11,new,29
16603,2026-04-09,churn,-29
16604,2024-09-17,new,29
16604,2025-03-16,churn,-29
16605,2024-05-16,new,79
16607,2023-07-19,new,29
16607,2024-01-15,churn,-29
16615,2025-10-11,new,29
16615,2026-04-09,churn,-29
16620,2023-08-09,new,199
16631,2024-03-01,new,29
16631,2024-05-30,contraction,-50
16631,2024-08-28,churn,-29
16634,2024-08-08,new,79
16638,2023-03-28,new,29
16638,2023-09-24,churn,-29
16642,2023-05-01,new,29
16650,2024-04-25,new,29
16656,2024-03-06,new,79
16660,2023-12-26,new,29
16664,2025-09-22,new,79
16665,2023-02-07,new,29
16671,2025-04-02,new,29
16671,2025-07-01,expansion,50
16673,2023-06-17,new,29
16678,2024-01-19,new,29
16679,2024-08-05,new,79
16681,2023-06-19,new,199
16682,2025-03-19,new,79
16685,2026-01-11,new,29
16687,2025-05-09,new,79
16692,2025-09-30,new,79
16697,2023-11-29,new,29
16700,2023-02-23,new,79
16702,2023-04-30,new,29
16706,2025-09-25,new,29
16709,2024-11-01,new,29
16709,2025-04-30,churn,-29
16716,2025-11-26,new,79
16716,2026-05-25,churn,-79
16720,2023-03-03,new,79
16723,2025-05-04,new,79
16723,2025-08-02,contraction,-50
16728,2023-02-06,new,199
16729,2023-08-29,new,29
16741,2026-01-15,new,29
16742,2025-02-11,new,29
16746,2023-02-24,new,79
16746,2023-05-25,expansion,50
16746,2023-08-23,churn,-79
16754,2025-08-06,new,29
16758,2024-02-29,new,79
16759,2023-10-07,new,29
16766,2023-07-25,new,29
16766,2023-10-23,expansion,50
16766,2024-01-21,churn,-29
16767,2024-09-23,new,29
16774,2023-05-12,new,79
16777,2025-05-24,new,199
16778,2023-11-06,new,79
16781,2024-10-10,new,29
16781,2025-04-08,churn,-29
16786,2025-11-27,new,79
16786,2026-02-25,contraction,-50
16786,2026-05-26,churn,-79
16792,2024-08-01,new,29
16798,2023-05-21,new,29
16800,2025-12-14,new,79
16800,2026-03-14,contraction,-50
16801,2025-09-12,new,199
16806,2025-01-18,new,29
16817,2024-01-22,new,79
16817,2024-07-20,churn,-79
16821,2025-04-27,new,199
16821,2025-10-24,churn,-199
16824,2024-05-05,new,29
16826,2024-12-07,new,79
16827,2024-05-17,new,29
16833,2023-08-20,new,79
16837,2025-07-08,new,29
16837,2025-10-06,expansion,50
16839,2026-02-07,new,79
16840,2023-09-05,new,79
16855,2026-01-23,new,79
16864,2023-10-08,new,79
16867,2023-08-02,new,29
16867,2023-10-31,expansion,50
16873,2024-01-13,new,29
16880,2026-01-13,new,79
16880,2026-07-12,churn,-79
16882,2025-05-29,new,199
16883,2023-03-16,new,79
16883,2023-09-12,churn,-79
16891,2026-02-16,new,79
16891,2026-05-17,contraction,-50
16891,2026-08-15,churn,-79
16893,2023-10-21,new,29
16893,2024-04-18,churn,-29
16914,2023-07-26,new,79
16919,2024-02-27,new,29
16925,2024-11-29,new,79
16937,2026-03-02,new,199
16939,2026-03-08,new,199
16944,2024-05-30,new,79
16944,2024-11-26,churn,-79
16950,2025-04-03,new,79
16955,2026-02-10,new,29
16957,2024-01-28,new,79
16962,2023-10-22,new,79
16969,2023-07-27,new,199
16969,2024-01-23,churn,-199
16971,2025-09-03,new,29
16978,2023-06-09,new,29
16981,2025-12-05,new,29
16983,2026-01-03,new,29
16983,2026-07-02,churn,-29
16991,2023-10-15,new,29
16991,2024-01-13,contraction,-50
16994,2025-02-12,new,79
17006,2024-01-15,new,199
17007,2025-04-27,new,29
17010,2023-04-21,new,79
17010,2023-10-18,churn,-79
17011,2024-03-15,new,29
17021,2025-01-11,new,199
17028,2025-06-09,new,79
17028,2025-09-07,contraction,-50
17028,2025-12-06,churn,-79
17029,2023-02-12,new,79
17030,2024-10-12,new,29
17040,2024-08-27,new,199
17040,2025-02-23,churn,-199
17041,2023-05-10,new,79
17042,2023-01-19,new,79
17044,2026-03-12,new,79
17045,2023-01-24,new,79
17045,2023-04-24,expansion,50
17054,2025-04-12,new,199
17054,2025-10-09,churn,-199
17058,2026-01-05,new,79
17065,2024-11-03,new,29
17067,2024-08-05,new,29
17070,2023-06-23,new,79
17078,2025-03-22,new,199
17087,2025-08-26,new,79
17089,2023-07-22,new,79
17089,2023-10-20,expansion,50
17101,2024-12-18,new,199
17104,2025-08-20,new,79
17111,2023-04-24,new,29
17112,2024-05-02,new,29
17113,2025-11-27,new,29
17116,2024-11-17,new,29
17118,2024-09-12,new,29
17120,2024-07-31,new,29
17121,2023-11-28,new,29
17121,2024-05-26,churn,-29
17124,2026-01-29,new,29
17124,2026-04-29,contraction,-50
17128,2023-05-07,new,29
17128,2023-08-05,expansion,50
17133,2024-10-20,new,79
17140,2024-06-14,new,79
17141,2023-12-11,new,79
17141,2024-06-08,churn,-79
17148,2024-06-22,new,29
17148,2024-09-20,contraction,-50
17157,2024-02-21,new,29
17157,2024-05-21,expansion,50
17162,2024-10-21,new,79
17167,2023-06-21,new,79
17168,2024-09-20,new,29
17172,2023-10-09,new,79
17174,2024-09-23,new,29
17174,2025-03-22,churn,-29
17177,2025-05-01,new,79
17182,2025-11-19,new,29
17183,2025-09-10,new,199
17185,2023-06-02,new,79
17190,2024-08-30,new,79
17190,2025-02-26,churn,-79
17191,2023-11-11,new,79
17191,2024-02-09,expansion,50
17193,2025-06-18,new,29
17195,2025-03-27,new,29
17196,2025-04-12,new,29
17199,2024-09-02,new,199
17200,2023-02-11,new,79
17205,2023-10-27,new,29
17205,2024-04-24,churn,-29
17211,2024-04-12,new,199
17224,2024-08-03,new,79
17224,2024-11-01,contraction,-50
17236,2024-08-05,new,29
17247,2024-01-13,new,29
17247,2024-07-11,churn,-29
17248,2023-07-14,new,199
17250,2023-08-18,new,29
17250,2024-02-14,churn,-29
17252,2024-01-02,new,199
17260,2024-12-09,new,29
17260,2025-06-07,churn,-29
17262,2025-11-03,new,29
17270,2024-04-11,new,29
17279,2023-08-29,new,29
17280,2026-02-18,new,199
17287,2023-04-18,new,199
17287,2023-07-17,contraction,-50
17294,2025-07-20,new,29
17300,2025-06-04,new,29
17322,2024-11-24,new,29
17324,2025-04-28,new,79
17324,2025-07-27,contraction,-50
17324,2025-10-25,churn,-79
17331,2023-07-24,new,29
17344,2024-07-17,new,29
17352,2024-09-13,new,79
17358,2023-03-20,new,79
17362,2025-02-15,new,29
17367,2025-09-03,new,79
17370,2023-02-14,new,29
17370,2023-05-15,expansion,50
17380,2026-01-02,new,29
17380,2026-04-02,contraction,-50
17385,2026-02-16,new,79
17387,2025-05-16,new,79
17387,2025-11-12,churn,-79
17391,2024-07-17,new,79
17400,2023-12-02,new,29
17405,2023-10-02,new,29
17406,2025-09-28,new,29
17407,2025-12-13,new,79
17407,2026-06-11,churn,-79
17411,2024-07-21,new,79
17419,2025-09-21,new,29
17419,2026-03-20,churn,-29
17425,2024-10-29,new,29
17432,2026-01-04,new,29
17432,2026-07-03,churn,-29
17433,2025-08-04,new,29
17437,2023-03-01,new,79
17442,2024-07-02,new,29
17444,2024-05-24,new,79
17446,2023-03-16,new,29
17449,2023-09-03,new,79
17450,2025-03-22,new,79
17451,2024-04-07,new,79
17451,2024-10-04,churn,-79
17453,2024-01-18,new,29
17467,2025-02-10,new,29
17470,2023-08-07,new,29
17471,2024-01-29,new,199
17473,2026-02-27,new,79
17477,2024-02-15,new,29
17486,2025-02-13,new,79
17486,2025-08-12,churn,-79
17490,2025-07-09,new,29
17491,2025-08-25,new,79
17492,2024-11-25,new,79
17504,2026-01-21,new,79
17505,2025-03-20,new,29
17515,2024-12-27,new,199
17521,2024-05-22,new,79
17526,2025-06-24,new,199
17526,2025-09-22,contraction,-50
17532,2023-03-23,new,199
17532,2023-09-19,churn,-199
17533,2025-05-02,new,29
17539,2025-07-10,new,29
17545,2025-06-08,new,29
17547,2024-02-04,new,29
17547,2024-08-02,churn,-29
17552,2025-09-20,new,29
17552,2026-03-19,churn,-29
17556,2025-03-12,new,79
17556,2025-06-10,contraction,-50
17558,2025-01-16,new,79
17558,2025-07-15,churn,-79
17561,2023-09-18,new,199
17561,2024-03-16,churn,-199
17567,2025-05-31,new,79
17570,2024-12-26,new,29
17574,2024-01-11,new,79
17576,2023-02-09,new,29
17583,2024-05-08,new,29
17583,2024-08-06,contraction,-50
17585,2024-04-18,new,79
17586,2023-05-08,new,79
17587,2025-11-24,new,199
17588,2024-04-17,new,29
17591,2024-08-13,new,29
17592,2025-03-25,new,79
17592,2025-09-21,churn,-79
17594,2023-09-25,new,79
17594,2024-03-23,churn,-79
17595,2025-08-30,new,79
17598,2025-01-12,new,79
17598,2025-04-12,contraction,-50
17599,2024-09-18,new,79
17607,2023-01-25,new,29
17609,2025-10-23,new,29
17616,2024-11-21,new,29
17625,2023-12-24,new,29
17637,2023-11-19,new,79
17637,2024-05-17,churn,-79
17647,2024-02-22,new,79
17649,2023-01-29,new,29
17659,2023-05-11,new,199
17662,2023-03-24,new,199
17662,2023-06-22,contraction,-50
17665,2024-02-10,new,79
17665,2024-08-08,churn,-79
17675,2024-01-16,new,79
17688,2023-04-11,new,29
17691,2023-11-06,new,199
17691,2024-05-04,churn,-199
17700,2023-09-08,new,29
17725,2024-10-09,new,199
17725,2025-04-07,churn,-199
17734,2024-01-15,new,79
17736,2023-01-24,new,79
17739,2023-07-04,new,29
17745,2025-04-01,new,79
17747,2023-11-06,new,79
17747,2024-05-04,churn,-79
17755,2024-05-29,new,199
17755,2024-08-27,expansion,50
17756,2025-04-24,new,79
17757,2024-05-31,new,79
17759,2025-01-14,new,29
17768,2024-01-05,new,29
17768,2024-07-03,churn,-29
17772,2023-11-18,new,29
17775,2026-02-03,new,79
17778,2024-09-15,new,29
17779,2024-10-09,new,29
17782,2023-05-26,new,29
17782,2023-11-22,churn,-29
17789,2024-10-29,new,29
17790,2023-03-10,new,79
17792,2024-11-24,new,79
17793,2026-01-29,new,29
17801,2024-03-09,new,29
17805,2025-10-09,new,79
17807,2026-01-20,new,79
17807,2026-07-19,churn,-79
17811,2026-01-28,new,79
17812,2025-04-06,new,79
17813,2023-09-14,new,199
17813,2023-12-13,expansion,50
17813,2024-03-12,churn,-199
17814,2025-08-03,new,29
17814,2026-01-30,churn,-29
17818,2025-06-21,new,29
17818,2025-09-19,contraction,-50
17825,2024-03-18,new,199
17825,2024-06-16,contraction,-50
17830,2023-10-25,new,29
17837,2023-01-21,new,29
17837,2023-07-20,churn,-29
17840,2026-01-10,new,79
17846,2026-02-08,new,79
17846,2026-05-09,expansion,50
17850,2026-01-13,new,29
17852,2024-04-01,new,29
17852,2024-06-30,contraction,-50
17869,2024-12-01,new,199
17869,2025-05-30,churn,-199
17871,2023-12-17,new,199
17871,2024-03-16,contraction,-50
17880,2024-06-04,new,79
17885,2024-07-18,new,79
17892,2024-09-18,new,79
17892,2024-12-17,contraction,-50
17897,2025-03-25,new,79
17903,2023-06-25,new,199
17911,2025-11-05,new,79
17932,2023-03-09,new,79
17932,2023-06-07,contraction,-50
17934,2024-11-17,new,79
17934,2025-05-16,churn,-79
17936,2024-12-06,new,29
17939,2023-08-28,new,79
17939,2024-02-24,churn,-79
17943,2025-06-28,new,29
17943,2025-12-25,churn,-29
17949,2024-07-03,new,79
17949,2024-12-30,churn,-79
17952,2024-08-15,new,29
17959,2025-09-24,new,29
17959,2026-03-23,churn,-29
17962,2024-08-11,new,199
17966,2024-10-22,new,29
17966,2025-04-20,churn,-29
17973,2026-02-07,new,29
17976,2025-07-09,new,29
17980,2025-02-24,new,79
17992,2023-03-22,new,29
17994,2023-09-17,new,79
18007,2024-01-29,new,79
18020,2025-12-01,new,199
18024,2025-09-06,new,199
18029,2024-09-24,new,29
18029,2024-12-23,contraction,-50
18045,2025-08-31,new,79
18049,2024-05-18,new,29
18055,2024-02-19,new,199
18058,2023-12-01,new,79
18063,2023-02-26,new,29
18063,2023-08-25,churn,-29
18064,2023-09-06,new,29
18066,2024-03-27,new,199
18069,2025-07-11,new,29
18083,2025-10-04,new,79
18089,2024-08-29,new,199
18090,2025-12-19,new,199
18093,2025-03-05,new,29
18093,2025-06-03,contraction,-50
18103,2025-07-24,new,29
18103,2026-01-20,churn,-29
18123,2025-03-14,new,29
18125,2024-03-20,new,79
18125,2024-09-16,churn,-79
18127,2024-03-22,new,29
18130,2024-11-18,new,29
18134,2025-06-19,new,79
18134,2025-12-16,churn,-79
18137,2025-12-14,new,199
18142,2024-08-13,new,199
18152,2025-05-06,new,199
18158,2025-05-16,new,29
18162,2024-06-28,new,29
18163,2023-03-25,new,79
18163,2023-09-21,churn,-79
18166,2024-06-11,new,29
18166,2024-12-08,churn,-29
18168,2023-03-10,new,199
18168,2023-06-08,contraction,-50
18169,2026-01-24,new,79
18169,2026-04-24,contraction,-50
18184,2025-07-26,new,79
18193,2023-06-15,new,199
18196,2025-08-15,new,29
18197,2023-03-30,new,29
18197,2023-09-26,churn,-29
18204,2023-03-27,new,29
18220,2024-03-21,new,79
18221,2026-01-02,new,79
18228,2025-11-12,new,79
18232,2025-11-25,new,29
18235,2025-01-12,new,199
18235,2025-07-11,churn,-199
18241,2025-02-05,new,79
18242,2023-06-20,new,29
18242,2023-12-17,churn,-29
18247,2023-01-25,new,199
18247,2023-04-25,contraction,-50
18252,2023-08-18,new,29
18252,2024-02-14,churn,-29
18255,2025-09-23,new,79
18255,2025-12-22,expansion,50
18261,2025-07-09,new,29
18261,2026-01-05,churn,-29
18263,2024-01-28,new,29
18269,2026-01-26,new,29
18275,2023-08-31,new,29
18275,2024-02-27,churn,-29
18276,2023-09-17,new,79
18286,2023-06-22,new,79
18286,2023-12-19,churn,-79
18292,2023-03-23,new,79
18295,2025-05-12,new,79
18295,2025-11-08,churn,-79
18297,2025-06-21,new,79
18304,2023-09-12,new,79
18310,2023-12-16,new,79
18310,2024-06-13,churn,-79
18313,2024-12-16,new,29
18327,2025-06-20,new,29
18332,2023-04-23,new,79
18332,2023-10-20,churn,-79
18341,2025-02-28,new,79
18345,2026-03-14,new,29
18350,2024-03-05,new,199
18356,2025-01-19,new,29
18357,2025-01-05,new,79
18357,2025-04-05,contraction,-50
18371,2024-11-25,new,29
18377,2026-01-12,new,79
18381,2026-03-04,new,199
18386,2024-04-28,new,199
18386,2024-07-27,contraction,-50
18386,2024-10-25,churn,-199
18392,2023-11-17,new,199
18397,2025-05-18,new,29
18407,2024-10-03,new,29
18407,2025-04-01,churn,-29
18417,2025-11-05,new,29
18417,2026-05-04,churn,-29
18420,2024-01-19,new,79
18425,2024-06-29,new,29
18426,2025-04-21,new,79
18426,2025-10-18,churn,-79
18427,2025-04-25,new,199
18432,2025-03-30,new,29
18436,2025-11-01,new,29
18437,2025-06-19,new,199
18437,2025-09-17,contraction,-50
18439,2023-04-04,new,79
18443,2025-06-23,new,29
18443,2025-12-20,churn,-29
18454,2026-01-06,new,79
18454,2026-07-05,churn,-79
18460,2023-09-19,new,29
18464,2025-02-21,new,29
18464,2025-05-22,contraction,-50
18464,2025-08-20,churn,-29
18485,2026-01-25,new,29
18495,2023-02-05,new,29
18501,2024-03-27,new,29
18502,2023-05-25,new,29
18502,2023-08-23,contraction,-50
18504,2025-03-15,new,79
18508,2025-05-28,new,29
18508,2025-11-24,churn,-29
18509,2023-09-02,new,79
18509,2024-02-29,churn,-79
18527,2025-08-25,new,79
18538,2025-04-24,new,79
18538,2025-10-21,churn,-79
18547,2025-09-20,new,79
18547,2025-12-19,expansion,50
18548,2024-02-23,new,29
18553,2023-04-29,new,199
18553,2023-10-26,churn,-199
18555,2025-10-21,new,79
18564,2023-10-18,new,29
18577,2025-04-04,new,199
18577,2025-07-03,expansion,50
18582,2026-03-03,new,29
18582,2026-06-01,contraction,-50
18582,2026-08-30,churn,-29
18585,2023-07-06,new,29
18585,2024-01-02,churn,-29
18587,2025-04-20,new,79
18587,2025-10-17,churn,-79
18596,2025-02-13,new,199
18597,2026-03-05,new,29
18600,2023-08-15,new,199
18601,2023-03-25,new,29
18605,2023-03-24,new,79
18618,2023-08-05,new,199
18627,2023-05-19,new,79
18627,2023-11-15,churn,-79
18630,2023-10-20,new,199
18635,2025-12-10,new,199
18637,2023-01-17,new,29
18638,2024-08-10,new,29
18641,2024-01-01,new,29
18642,2025-12-02,new,79
18644,2025-05-31,new,79
18644,2025-11-27,churn,-79
18653,2023-04-26,new,79
18660,2024-03-04,new,79
18665,2023-07-19,new,29
18665,2023-10-17,contraction,-50
18666,2025-11-23,new,79
18669,2023-08-21,new,79
18672,2024-04-28,new,199
18674,2023-05-06,new,199
18678,2025-05-25,new,199
18678,2025-11-21,churn,-199
18680,2026-02-20,new,29
18680,2026-05-21,contraction,-50
18680,2026-08-19,churn,-29
18683,2024-04-12,new,29
18683,2024-07-11,contraction,-50
18683,2024-10-09,churn,-29
18687,2025-05-30,new,199
18694,2025-04-07,new,29
18694,2025-10-04,churn,-29
18699,2024-08-16,new,29
18699,2024-11-14,contraction,-50
18712,2025-03-09,new,79
18714,2025-06-10,new,79
18716,2024-03-04,new,79
18722,2023-05-07,new,29
18722,2023-11-03,churn,-29
18727,2025-07-22,new,29
18747,2024-11-27,new,79
18750,2024-05-26,new,79
18751,2024-09-18,new,29
18772,2025-08-08,new,79
18775,2023-04-16,new,79
18777,2025-08-22,new,199
18781,2024-05-08,new,29
18783,2024-07-04,new,79
18788,2025-12-10,new,79
18788,2026-06-08,churn,-79
18796,2023-04-22,new,199
18816,2024-06-20,new,29
18819,2024-08-08,new,79
18823,2023-10-03,new,79
18823,2024-03-31,churn,-79
18826,2023-05-27,new,199
18826,2023-11-23,churn,-199
18854,2025-08-21,new,79
18854,2025-11-19,contraction,-50
18859,2023-05-29,new,29
18859,2023-08-27,contraction,-50
18859,2023-11-25,churn,-29
18862,2023-12-19,new,29
18884,2024-08-12,new,79
18887,2025-10-26,new,29
18888,2025-10-24,new,199
18892,2023-04-11,new,29
18895,2025-11-08,new,79
18895,2026-02-06,expansion,50
18899,2025-07-30,new,29
18908,2023-06-11,new,29
18910,2023-11-27,new,79
18910,2024-05-25,churn,-79
18915,2025-09-22,new,29
18915,2025-12-21,contraction,-50
18915,2026-03-21,churn,-29
18920,2025-09-05,new,29
18928,2025-10-06,new,79
18930,2023-03-27,new,29
18936,2024-02-05,new,29
18938,2025-02-28,new,79
18938,2025-08-27,churn,-79
18939,2023-11-05,new,29
18941,2026-02-19,new,79
18942,2026-01-29,new,199
18950,2023-10-04,new,29
18953,2025-04-02,new,29
18957,2025-04-09,new,79
18959,2025-03-19,new,199
18959,2025-06-17,contraction,-50
18969,2024-08-16,new,29
18969,2024-11-14,expansion,50
18969,2025-02-12,churn,-29
18982,2025-07-20,new,29
18985,2025-05-01,new,79
19007,2025-11-05,new,199
19015,2023-06-21,new,29
19017,2023-05-07,new,29
19024,2023-04-19,new,79
19039,2025-11-02,new,29
19040,2024-01-01,new,79
19042,2023-09-30,new,79
19044,2025-01-11,new,29
19047,2025-05-29,new,199
19058,2023-03-09,new,79
19061,2023-06-08,new,29
19063,2025-03-28,new,79
19070,2024-08-27,new,29
19070,2025-02-23,churn,-29
19072,2023-04-27,new,29
19079,2025-10-05,new,79
19079,2026-04-03,churn,-79
19081,2023-11-05,new,29
19082,2026-03-14,new,29
19098,2025-12-04,new,29
19103,2025-09-01,new,79
19107,2025-02-14,new,29
19111,2025-05-20,new,29
19111,2025-08-18,contraction,-50
19119,2023-08-03,new,79
19128,2025-09-19,new,199
19130,2023-12-20,new,79
19139,2024-07-14,new,79
19139,2024-10-12,contraction,-50
19151,2026-02-08,new,29
19151,2026-05-09,contraction,-50
19157,2025-02-23,new,79
19160,2023-06-04,new,79
19160,2023-09-02,contraction,-50
19160,2023-12-01,churn,-79
19173,2023-07-01,new,29
19173,2023-12-28,churn,-29
19177,2025-09-10,new,79
19177,2025-12-09,expansion,50
19178,2023-07-13,new,29
19184,2025-02-23,new,79
19184,2025-05-24,contraction,-50
19185,2023-05-25,new,29
19185,2023-08-23,contraction,-50
19186,2025-11-05,new,199
19186,2026-05-04,churn,-199
19187,2025-03-11,new,29
19192,2025-03-04,new,29
19192,2025-06-02,contraction,-50
19196,2024-09-08,new,29
19213,2025-08-22,new,29
19232,2024-12-20,new,29
19243,2024-08-03,new,29
19243,2024-11-01,contraction,-50
19244,2024-02-04,new,79
19245,2024-09-04,new,29
19254,2026-02-02,new,199
19254,2026-05-03,contraction,-50
19255,2024-06-27,new,199
19259,2026-01-01,new,79
19265,2024-01-03,new,199
19268,2023-08-25,new,79
19270,2025-05-24,new,199
19270,2025-08-22,expansion,50
19270,2025-11-20,churn,-199
19277,2024-08-17,new,29
19283,2023-09-17,new,79
19289,2023-11-04,new,199
19289,2024-05-02,churn,-199
19296,2026-02-05,new,79
19309,2024-04-01,new,199
19310,2025-01-08,new,29
19310,2025-07-07,churn,-29
19313,2023-05-28,new,29
19313,2023-11-24,churn,-29
19322,2025-05-05,new,79
19322,2025-08-03,contraction,-50
19327,2024-02-12,new,199
19327,2024-08-10,churn,-199
19329,2024-01-31,new,29
19330,2024-10-13,new,79
19348,2024-03-07,new,79
19352,2023-05-08,new,79
19352,2023-11-04,churn,-79
19364,2023-03-17,new,79
19364,2023-06-15,expansion,50
19364,2023-09-13,churn,-79
19366,2025-07-21,new,29
19373,2023-11-13,new,79
19374,2024-12-03,new,79
19374,2025-06-01,churn,-79
19382,2024-09-01,new,29
19385,2024-10-17,new,199
19389,2024-09-01,new,29
19392,2023-02-01,new,29
19394,2024-10-27,new,79
19394,2025-04-25,churn,-79
19399,2025-10-31,new,79
19399,2026-01-29,contraction,-50
19400,2023-07-16,new,29
19405,2024-01-03,new,29
19405,2024-07-01,churn,-29
19408,2023-12-06,new,199
19409,2026-01-18,new,199
19418,2025-11-06,new,79
19424,2025-10-25,new,29
19424,2026-01-23,expansion,50
19428,2023-04-09,new,29
19430,2024-04-12,new,79
19430,2024-07-11,contraction,-50
19430,2024-10-09,churn,-79
19431,2026-02-23,new,29
19434,2026-01-29,new,79
19436,2024-06-01,new,29
19436,2024-08-30,expansion,50
19436,2024-11-28,churn,-29
19439,2024-05-25,new,29
19439,2024-11-21,churn,-29
19442,2024-02-05,new,29
19443,2024-11-21,new,79
19445,2025-05-29,new,29
19450,2025-06-16,new,29
19460,2023-04-20,new,29
19460,2023-10-17,churn,-29
19462,2024-02-14,new,29
19462,2024-08-12,churn,-29
19465,2024-01-26,new,199
19473,2026-01-12,new,79
19473,2026-07-11,churn,-79
19493,2026-03-04,new,29
19497,2025-06-15,new,29
19498,2024-07-29,new,29
19498,2024-10-27,expansion,50
19501,2025-10-03,new,29
19501,2026-04-01,churn,-29
19502,2024-02-08,new,29
19503,2024-11-30,new,79
19505,2026-03-04,new,79
19512,2025-06-20,new,29
19524,2023-04-25,new,29
19524,2023-07-24,contraction,-50
19542,2023-11-05,new,199
19545,2025-04-16,new,29
19552,2025-01-03,new,79
19552,2025-04-03,expansion,50
19565,2023-10-13,new,29
19565,2024-04-10,churn,-29
19566,2024-02-17,new,79
19566,2024-08-15,churn,-79
19569,2025-02-28,new,29
19569,2025-08-27,churn,-29
19577,2024-08-07,new,29
19578,2024-09-29,new,79
19578,2025-03-28,churn,-79
19579,2023-07-20,new,79
19580,2024-10-19,new,79
19580,2025-04-17,churn,-79
19589,2024-08-05,new,79
19590,2025-10-12,new,29
19590,2026-01-10,expansion,50
19595,2024-11-03,new,29
19597,2025-09-17,new,79
19604,2023-06-21,new,79
19610,2024-12-08,new,79
19610,2025-06-06,churn,-79
19619,2025-05-31,new,29
19619,2025-11-27,churn,-29
19621,2023-02-18,new,79
19621,2023-05-19,expansion,50
19624,2024-12-25,new,29
19632,2025-03-02,new,29
19632,2025-05-31,expansion,50
19634,2024-02-24,new,79
19634,2024-08-22,churn,-79
19636,2025-07-04,new,79
19650,2025-07-09,new,29
19655,2023-10-04,new,29
19655,2024-01-02,expansion,50
19657,2023-07-28,new,79
19657,2024-01-24,churn,-79
19658,2026-01-07,new,199
19667,2025-03-30,new,79
19671,2023-02-09,new,29
19674,2026-02-28,new,79
19698,2023-03-08,new,29
19702,2023-07-03,new,79
19702,2023-10-01,contraction,-50
19708,2023-10-03,new,79
19710,2024-11-22,new,29
19710,2025-05-21,churn,-29
19711,2025-12-30,new,29
19719,2024-11-11,new,79
19719,2025-05-10,churn,-79
19727,2024-04-16,new,199
19727,2024-10-13,churn,-199
19731,2024-01-06,new,79
19733,2025-03-21,new,29
19733,2025-06-19,expansion,50
19741,2025-02-01,new,29
19741,2025-05-02,expansion,50
19743,2023-01-26,new,29
19743,2023-04-26,expansion,50
19743,2023-07-25,churn,-29
19744,2023-10-01,new,199
19746,2024-11-14,new,29
19748,2023-06-17,new,79
19749,2023-05-29,new,79
19751,2023-05-11,new,29
19758,2024-05-09,new,29
19761,2026-03-14,new,79
19762,2025-03-01,new,29
19764,2025-08-27,new,79
19768,2025-11-01,new,29
19768,2026-04-30,churn,-29
19774,2023-06-28,new,29
19774,2023-12-25,churn,-29
19777,2025-10-29,new,29
19779,2025-06-07,new,29
19786,2024-10-15,new,29
19791,2024-11-20,new,79
19791,2025-02-18,contraction,-50
19792,2025-11-23,new,29
19795,2024-07-29,new,79
19810,2025-05-16,new,29
19818,2023-11-26,new,79
19820,2026-02-25,new,29
19820,2026-08-24,churn,-29
19825,2025-04-19,new,199
19825,2025-07-18,contraction,-50
19828,2025-12-19,new,29
19850,2023-07-11,new,199
19853,2023-06-18,new,29
19858,2024-09-30,new,29
19867,2025-06-19,new,79
19869,2025-04-01,new,199
19877,2023-01-27,new,199
19880,2024-08-28,new,79
19880,2025-02-24,churn,-79
19882,2024-11-07,new,199
19894,2024-03-19,new,79
19896,2023-09-16,new,79
19898,2023-11-18,new,79
19904,2023-07-28,new,79
19909,2023-06-13,new,29
19911,2025-03-19,new,79
19911,2025-09-15,churn,-79
19914,2023-09-10,new,79
19914,2023-12-09,expansion,50
19924,2024-11-08,new,29
19937,2025-06-08,new,199
19940,2023-12-13,new,29
19955,2024-02-03,new,29
19956,2024-02-12,new,29
19956,2024-05-12,contraction,-50
19971,2025-07-10,new,29
19973,2025-09-19,new,29
19975,2023-08-31,new,79
19983,2023-03-17,new,79
19983,2023-09-13,churn,-79
19984,2025-11-23,new,79
19984,2026-05-22,churn,-79
19993,2025-03-10,new,29
19995,2023-01-20,new,29
19997,2024-01-07,new,29
19998,2024-02-13,new,29
20010,2023-12-20,new,79
20010,2024-06-17,churn,-79
20011,2024-08-02,new,199
20018,2025-10-06,new,29
20019,2025-09-30,new,79
20020,2024-05-14,new,79
20021,2023-05-25,new,29
20022,2023-03-04,new,79
20029,2025-01-12,new,79
20033,2024-03-26,new,29
20033,2024-06-24,contraction,-50
20035,2026-02-08,new,29
20050,2024-07-10,new,79
20056,2023-04-13,new,29
20059,2025-06-14,new,29
20061,2023-12-01,new,199
20064,2025-02-26,new,79
20064,2025-05-27,contraction,-50
20064,2025-08-25,churn,-79
20065,2025-05-04,new,199
20067,2024-02-21,new,79
20069,2024-02-03,new,29
20073,2025-09-11,new,29
20077,2025-03-22,new,29
20077,2025-09-18,churn,-29
20096,2024-11-04,new,79
20097,2023-06-13,new,29
20097,2023-12-10,churn,-29
20103,2023-08-27,new,79
20107,2023-06-22,new,199
20107,2023-12-19,churn,-199
20111,2023-06-27,new,29
20111,2023-12-24,churn,-29
20115,2023-06-08,new,29
20115,2023-09-06,contraction,-50
20122,2025-01-12,new,79
20124,2024-11-10,new,79
20124,2025-02-08,expansion,50
20133,2025-06-06,new,79
20133,2025-12-03,churn,-79
20135,2025-01-28,new,79
20135,2025-04-28,contraction,-50
20140,2023-07-11,new,79
20140,2024-01-07,churn,-79
20141,2024-11-01,new,29
20141,2025-01-30,contraction,-50
20143,2023-06-05,new,199
20143,2023-12-02,churn,-199
20144,2023-10-10,new,79
20148,2024-07-29,new,79
20148,2024-10-27,contraction,-50
20150,2026-02-07,new,79
20159,2026-01-26,new,79
20163,2023-08-12,new,79
20164,2024-05-21,new,199
20164,2024-11-17,churn,-199
20176,2025-07-05,new,29
20182,2024-05-02,new,29
20184,2026-01-16,new,29
20188,2025-06-23,new,29
20190,2024-01-31,new,29
20195,2024-10-02,new,79
20199,2026-01-11,new,29
20200,2023-05-02,new,199
20200,2023-10-29,churn,-199
20209,2023-10-03,new,29
20214,2023-08-23,new,29
20215,2025-05-28,new,29
20222,2023-08-27,new,29
20225,2024-01-13,new,79
20225,2024-07-11,churn,-79
20227,2024-11-20,new,29
20230,2024-12-06,new,79
20239,2024-08-05,new,29
20245,2023-11-16,new,79
20245,2024-05-14,churn,-79
20254,2025-02-05,new,29
20254,2025-05-06,expansion,50
20256,2024-01-26,new,79
20260,2025-11-03,new,79
20265,2025-09-05,new,29
20275,2025-05-25,new,79
20275,2025-11-21,churn,-79
20277,2023-06-07,new,199
20297,2024-12-12,new,29
20301,2023-11-15,new,29
20301,2024-05-13,churn,-29
20305,2025-12-30,new,29
20309,2023-04-05,new,29
20312,2025-01-13,new,29
20314,2025-10-21,new,29
20315,2024-02-22,new,79
20316,2025-08-28,new,79
20316,2026-02-24,churn,-79
20317,2025-02-23,new,79
20322,2023-08-19,new,199
20325,2023-09-23,new,29
20332,2023-09-07,new,29
20348,2024-12-06,new,79
20351,2024-09-21,new,29
20351,2025-03-20,churn,-29
20357,2026-01-11,new,29
20360,2024-01-18,new,79
20387,2023-10-11,new,79
20387,2024-04-08,churn,-79
20389,2023-05-19,new,29
20390,2024-02-19,new,29
20408,2024-08-13,new,199
20411,2025-12-21,new,199
20411,2026-03-21,contraction,-50
20412,2024-01-12,new,29
20420,2025-07-06,new,79
20423,2023-01-18,new,199
20427,2023-06-30,new,199
20432,2025-03-15,new,29
20432,2025-06-13,contraction,-50
20438,2023-09-09,new,29
20438,2024-03-07,churn,-29
20453,2023-09-11,new,199
20456,2024-10-09,new,79
20456,2025-04-07,churn,-79
20457,2024-09-07,new,29
20457,2025-03-06,churn,-29
20462,2024-09-05,new,79
20462,2025-03-04,churn,-79
20477,2025-03-30,new,29
20483,2023-05-17,new,29
20485,2024-12-04,new,29
20496,2024-04-09,new,29
20496,2024-07-08,expansion,50
20497,2023-04-28,new,199
20500,2025-07-04,new,79
20501,2023-06-10,new,29
20504,2026-01-02,new,79
20506,2024-11-10,new,79
20506,2025-02-08,contraction,-50
20514,2025-12-25,new,199
20514,2026-06-23,churn,-199
20517,2025-05-07,new,29
20521,2025-06-14,new,79
20531,2025-04-27,new,29
20532,2024-05-16,new,29
20538,2025-03-14,new,79
20542,2024-06-01,new,29
20543,2025-07-20,new,199
20551,2025-04-28,new,29
20552,2025-06-19,new,29
20552,2025-09-17,expansion,50
20553,2025-10-16,new,199
20554,2024-06-03,new,29
20559,2024-04-29,new,199
20566,2024-04-12,new,79
20578,2023-08-11,new,29
20579,2025-05-16,new,29
20582,2024-11-23,new,79
20585,2025-06-14,new,199
20590,2024-01-11,new,29
20594,2023-05-26,new,29
20599,2023-11-01,new,29
20601,2024-09-30,new,79
20613,2025-02-02,new,29
20616,2023-06-23,new,79
20627,2024-09-22,new,79
20638,2024-09-18,new,199
20638,2025-03-17,churn,-199
20645,2024-12-01,new,29
20647,2023-02-24,new,199
20648,2024-12-13,new,79
20648,2025-03-13,expansion,50
20650,2026-01-28,new,29
20650,2026-07-27,churn,-29
20657,2025-09-01,new,29
20659,2024-10-10,new,29
20662,2025-08-31,new,79
20666,2023-07-04,new,29
20667,2025-03-07,new,29
20667,2025-06-05,expansion,50
20675,2023-10-20,new,29
20680,2023-12-27,new,199
20681,2026-02-28,new,79
20681,2026-05-29,contraction,-50
20682,2024-08-17,new,29
20684,2024-11-19,new,29
20691,2024-06-19,new,199
20695,2026-02-08,new,79
20701,2023-08-25,new,79
20706,2025-01-21,new,29
20711,2024-08-02,new,29
20713,2024-07-12,new,29
20713,2024-10-10,contraction,-50
20713,2025-01-08,churn,-29
20719,2025-06-25,new,29
20719,2025-09-23,contraction,-50
20720,2024-02-08,new,29
20722,2023-03-01,new,199
20723,2024-02-23,new,199
20726,2023-12-30,new,199
20728,2025-12-04,new,29
20728,2026-03-04,contraction,-50
20730,2025-01-10,new,29
20730,2025-07-09,churn,-29
20731,2023-04-12,new,79
20731,2023-07-11,contraction,-50
20731,2023-10-09,churn,-79
20734,2024-02-04,new,79
20734,2024-08-02,churn,-79
20744,2023-03-01,new,29
20744,2023-08-28,churn,-29
20754,2023-06-13,new,29
20757,2025-05-14,new,79
20757,2025-11-10,churn,-79
20762,2025-06-08,new,29
20762,2025-09-06,contraction,-50
20767,2024-05-03,new,79
20776,2024-04-06,new,199
20776,2024-10-03,churn,-199
20781,2025-03-21,new,79
20785,2026-02-14,new,79
20785,2026-05-15,expansion,50
20789,2024-07-18,new,29
20790,2025-04-08,new,29
20792,2024-06-19,new,29
20806,2024-07-25,new,79
20806,2024-10-23,expansion,50
20807,2024-11-01,new,29
20811,2025-05-22,new,79
20811,2025-08-20,expansion,50
20813,2023-08-15,new,79
20820,2024-09-11,new,79
20820,2025-03-10,churn,-79
20826,2023-02-21,new,79
20833,2023-07-25,new,29
20833,2023-10-23,contraction,-50
20833,2024-01-21,churn,-29
20839,2024-11-03,new,79
20845,2023-02-22,new,199
20847,2024-02-19,new,79
20854,2024-11-04,new,29
20855,2023-04-27,new,79
20855,2023-10-24,churn,-79
20865,2024-02-07,new,29
20873,2024-07-27,new,199
20875,2023-09-11,new,29
20880,2024-01-04,new,79
20881,2024-03-10,new,79
20881,2024-09-06,churn,-79
20883,2023-12-10,new,79
20884,2025-06-06,new,29
20886,2025-01-22,new,79
20888,2025-02-01,new,199
20888,2025-07-31,churn,-199
20895,2024-10-14,new,29
20895,2025-01-12,expansion,50
20895,2025-04-12,churn,-29
20898,2023-02-25,new,29
20901,2024-01-06,new,79
20902,2023-10-21,new,29
20902,2024-04-18,churn,-29
20914,2023-04-17,new,29
20920,2024-03-05,new,199
20927,2024-03-31,new,29
20927,2024-09-27,churn,-29
20933,2024-02-09,new,29
20941,2023-08-03,new,29
20942,2024-12-11,new,29
20943,2024-05-08,new,199
20946,2025-10-28,new,79
20953,2023-09-16,new,29
20966,2023-11-21,new,79
20967,2023-10-01,new,29
20967,2023-12-30,contraction,-50
20967,2024-03-29,churn,-29
20974,2024-06-25,new,29
20979,2026-03-15,new,199
20979,2026-06-13,expansion,50
20981,2025-10-02,new,199
20985,2025-12-02,new,29
20985,2026-05-31,churn,-29
20994,2025-05-08,new,29
20994,2025-11-04,churn,-29
20998,2024-02-26,new,79
21008,2023-10-19,new,29
21016,2025-01-28,new,29
21018,2025-04-03,new,199
21018,2025-09-30,churn,-199
21023,2025-03-14,new,29
21028,2023-07-05,new,29
21028,2024-01-01,churn,-29
21032,2023-06-12,new,29
21032,2023-12-09,churn,-29
21033,2024-03-31,new,29
21042,2024-08-14,new,29
21050,2023-09-13,new,29
21059,2024-03-26,new,29
21067,2026-01-09,new,199
21071,2024-08-07,new,29
21076,2023-05-10,new,29
21077,2025-12-08,new,29
21079,2026-01-21,new,79
21084,2024-09-13,new,199
21089,2025-11-01,new,199
21092,2024-03-14,new,79
21095,2024-04-09,new,199
21104,2023-03-03,new,29
21115,2024-11-05,new,29
21115,2025-02-03,contraction,-50
21116,2024-09-18,new,29
21116,2024-12-17,contraction,-50
21117,2026-03-03,new,199
21122,2024-05-07,new,79
21129,2025-06-01,new,29
21131,2023-02-20,new,29
21132,2024-03-12,new,79
21133,2023-12-19,new,199
21138,2024-03-10,new,29
21154,2025-09-24,new,29
21166,2025-03-01,new,79
21175,2025-11-11,new,79
21175,2026-02-09,contraction,-50
21175,2026-05-10,churn,-79
21176,2023-09-28,new,29
21176,2023-12-27,expansion,50
21181,2023-12-26,new,199
21190,2024-04-13,new,79
21190,2024-07-12,expansion,50
21197,2026-03-08,new,29
21197,2026-09-04,churn,-29
21201,2023-06-27,new,29
21214,2023-11-06,new,79
21220,2023-03-31,new,79
21220,2023-09-27,churn,-79
21222,2023-03-22,new,29
21222,2023-09-18,churn,-29
21227,2025-02-01,new,199
21228,2025-12-29,new,199
21229,2025-05-08,new,199
21237,2023-11-12,new,29
21246,2025-12-27,new,29
21246,2026-03-27,contraction,-50
21247,2025-03-12,new,29
21249,2025-09-17,new,29
21249,2025-12-16,expansion,50
21249,2026-03-16,churn,-29
21262,2024-10-06,new,29
21279,2023-02-27,new,29
21290,2023-03-05,new,29
21290,2023-06-03,contraction,-50
21291,2023-12-01,new,79
21291,2024-02-29,contraction,-50
21291,2024-05-29,churn,-79
21298,2023-07-21,new,29
21298,2023-10-19,expansion,50
21300,2024-12-18,new,29
21301,2023-05-07,new,29
21310,2025-09-21,new,79
21325,2023-05-17,new,199
21328,2024-09-03,new,199
21333,2023-05-30,new,79
21333,2023-08-28,expansion,50
21339,2025-01-05,new,29
21340,2026-03-09,new,79
21340,2026-09-05,churn,-79
21341,2024-04-30,new,29
21358,2024-05-28,new,29
21358,2024-11-24,churn,-29
21359,2025-12-29,new,79
21363,2024-12-19,new,29
21363,2025-03-19,contraction,-50
21363,2025-06-17,churn,-29
21364,2025-07-04,new,199
21364,2025-12-31,churn,-199
21366,2023-10-24,new,79
21368,2023-09-29,new,29
21373,2025-07-20,new,199
21391,2026-01-18,new,79
21403,2024-02-28,new,29
21412,2025-05-12,new,79
21412,2025-08-10,expansion,50
21413,2025-08-18,new,29
21413,2026-02-14,churn,-29
21417,2023-11-15,new,79
21417,2024-05-13,churn,-79
21419,2023-10-07,new,199
21419,2024-04-04,churn,-199
21434,2023-01-31,new,29
21435,2025-11-18,new,29
21435,2026-02-16,contraction,-50
21447,2025-06-09,new,79
21457,2023-11-05,new,29
21457,2024-05-03,churn,-29
21461,2025-09-18,new,29
21463,2026-02-09,new,29
21466,2023-10-11,new,29
21466,2024-04-08,churn,-29
21467,2023-08-12,new,79
21468,2025-09-22,new,79
21479,2025-11-14,new,29
21479,2026-02-12,expansion,50
21480,2023-11-26,new,199
21480,2024-05-24,churn,-199
21485,2024-10-21,new,79
21494,2024-10-04,new,79
21495,2023-09-07,new,199
21497,2024-03-31,new,79
21501,2024-01-04,new,29
21507,2025-03-22,new,79
21510,2025-09-08,new,199
21511,2024-08-22,new,29
21511,2024-11-20,expansion,50
21511,2025-02-18,churn,-29
21513,2026-02-03,new,29
21517,2024-02-13,new,29
21517,2024-08-11,churn,-29
21523,2024-12-18,new,29
21530,2024-06-20,new,79
21541,2023-01-30,new,199
21551,2025-06-25,new,29
21552,2026-02-27,new,199
21556,2026-03-10,new,79
21560,2024-09-12,new,29
21560,2025-03-11,churn,-29
21561,2026-01-08,new,29
21562,2024-01-16,new,79
21562,2024-04-15,expansion,50
21574,2024-03-02,new,79
21574,2024-08-29,churn,-79
21580,2026-01-10,new,199
21580,2026-07-09,churn,-199
21582,2024-08-05,new,29
21582,2024-11-03,expansion,50
21583,2023-06-15,new,79
21590,2025-01-15,new,79
21591,2024-06-22,new,29
21598,2025-02-26,new,29
21598,2025-08-25,churn,-29
21599,2025-05-18,new,199
21613,2024-08-21,new,29
21613,2025-02-17,churn,-29
21624,2023-05-06,new,29
21627,2023-11-21,new,79
21627,2024-05-19,churn,-79
21628,2023-04-19,new,79
21643,2025-05-31,new,29
21643,2025-11-27,churn,-29
21649,2025-01-23,new,199
21655,2026-01-25,new,79
21655,2026-07-24,churn,-79
21661,2023-02-03,new,199
21661,2023-05-04,expansion,50
21661,2023-08-02,churn,-199
21663,2024-11-24,new,199
21674,2026-01-07,new,29
21674,2026-07-06,churn,-29
21681,2023-02-12,new,79
21683,2025-05-08,new,79
21687,2025-05-26,new,79
21701,2023-10-03,new,29
21709,2025-05-09,new,79
21709,2025-11-05,churn,-79
21730,2024-09-13,new,79
21731,2024-03-20,new,199
21732,2025-10-16,new,79
21732,2026-04-14,churn,-79
21734,2023-11-26,new,29
21735,2023-06-17,new,29
21738,2025-03-19,new,199
21740,2025-09-13,new,199
21740,2026-03-12,churn,-199
21753,2023-01-29,new,79
21753,2023-04-29,contraction,-50
21791,2024-12-16,new,29
21792,2024-07-11,new,79
21793,2025-09-24,new,79
21793,2025-12-23,contraction,-50
21797,2023-03-05,new,79
21799,2025-06-18,new,79
21801,2025-08-02,new,79
21813,2025-05-03,new,29
21818,2023-12-10,new,199
21820,2023-03-16,new,29
21820,2023-09-12,churn,-29
21827,2025-03-02,new,29
21841,2025-10-17,new,79
21849,2026-02-17,new,29
21849,2026-08-16,churn,-29
21857,2025-06-05,new,29
21857,2025-12-02,churn,-29
21863,2024-05-02,new,29
21875,2025-01-28,new,79
21896,2024-02-27,new,79
21916,2024-08-25,new,79
21918,2024-03-25,new,79
21919,2026-01-10,new,29
21920,2025-11-10,new,29
21920,2026-05-09,churn,-29
21921,2025-12-29,new,29
21921,2026-03-29,expansion,50
21927,2024-07-29,new,79
21930,2024-04-27,new,79
21933,2023-05-16,new,79
21934,2025-01-23,new,79
21936,2025-03-14,new,29
21936,2025-06-12,contraction,-50
21937,2026-02-13,new,29
21939,2025-10-18,new,79
21943,2025-10-12,new,79
21951,2023-04-26,new,199
21954,2025-05-12,new,79
21958,2025-06-28,new,199
21970,2024-04-03,new,29
21974,2023-08-20,new,29
21986,2024-09-08,new,79
21990,2025-02-09,new,29
21991,2023-01-22,new,29
21991,2023-07-21,churn,-29
21993,2026-02-28,new,29
21995,2023-03-19,new,29
21995,2023-09-15,churn,-29
21996,2024-03-31,new,29
21997,2024-08-24,new,79
21999,2023-11-06,new,29
22012,2023-05-24,new,29
22012,2023-11-20,churn,-29
22014,2024-10-27,new,29
22027,2023-08-21,new,29
22029,2023-07-16,new,79
22033,2024-03-13,new,29
22036,2023-09-26,new,29
22038,2024-03-16,new,79
22038,2024-06-14,contraction,-50
22048,2023-03-10,new,29
22048,2023-09-06,churn,-29
22060,2024-01-28,new,29
22064,2025-04-08,new,79
22079,2025-06-01,new,199
22081,2025-05-28,new,199
22084,2023-06-18,new,29
22092,2025-05-12,new,79
22092,2025-11-08,churn,-79
22096,2025-04-01,new,79
22098,2024-08-06,new,29
22098,2025-02-02,churn,-29
22112,2023-02-21,new,199
22112,2023-08-20,churn,-199
22117,2025-07-15,new,79
22117,2025-10-13,contraction,-50
22121,2024-04-09,new,29
22124,2023-08-15,new,29
22124,2024-02-11,churn,-29
22128,2025-09-10,new,79
22131,2024-04-20,new,79
22133,2024-01-10,new,29
22146,2025-10-05,new,79
22146,2026-01-03,contraction,-50
22148,2025-08-16,new,79
22187,2024-07-17,new,29
22195,2024-06-19,new,29
22197,2025-03-21,new,79
22207,2025-07-25,new,29
22207,2026-01-21,churn,-29
22208,2025-10-26,new,79
22216,2023-05-15,new,29
22222,2024-04-11,new,79
22228,2025-10-14,new,29
22236,2023-02-09,new,79
22239,2023-12-22,new,79
22249,2023-03-11,new,29
22252,2025-05-01,new,79
22255,2023-01-19,new,79
22271,2024-01-18,new,79
22284,2025-09-04,new,199
22285,2025-09-16,new,79
22285,2026-03-15,churn,-79
22289,2023-07-15,new,79
22307,2024-01-16,new,29
22312,2023-03-18,new,29
22312,2023-06-16,contraction,-50
22312,2023-09-14,churn,-29
22316,2024-09-14,new,79
22316,2025-03-13,churn,-79
22322,2023-08-25,new,79
22324,2023-11-29,new,79
22340,2023-02-22,new,79
22349,2024-07-09,new,29
22356,2025-01-26,new,29
22362,2024-05-13,new,29
22366,2025-07-21,new,199
22369,2024-08-18,new,199
22370,2023-05-26,new,29
22371,2024-01-16,new,79
22372,2024-03-11,new,29
22372,2024-09-07,churn,-29
22382,2024-11-02,new,79
22385,2024-04-15,new,29
22386,2025-07-22,new,29
22386,2026-01-18,churn,-29
22389,2024-04-02,new,29
22390,2025-06-08,new,199
22390,2025-09-06,contraction,-50
22415,2023-06-25,new,29
22415,2023-12-22,churn,-29
22416,2024-11-23,new,29
22417,2023-01-28,new,79
22436,2025-01-30,new,79
22439,2025-06-25,new,29
22440,2024-12-25,new,29
22442,2023-09-24,new,79
22443,2025-01-22,new,29
22443,2025-07-21,churn,-29
22451,2025-12-25,new,199
22452,2023-07-06,new,79
22452,2023-10-04,expansion,50
22457,2026-01-04,new,79
22457,2026-04-04,contraction,-50
22468,2024-03-29,new,29
22481,2023-06-20,new,79
22484,2025-02-07,new,29
22499,2023-02-09,new,29
22506,2025-07-20,new,29
22506,2026-01-16,churn,-29
22508,2025-05-13,new,79
22508,2025-11-09,churn,-79
22514,2023-06-13,new,29
22515,2023-12-18,new,29
22525,2023-02-19,new,29
22525,2023-05-20,contraction,-50
22534,2025-05-31,new,79
22534,2025-08-29,expansion,50
22535,2025-11-01,new,29
22541,2024-06-08,new,79
22542,2025-09-27,new,199
22550,2024-03-21,new,79
22554,2024-04-04,new,29
22554,2024-07-03,contraction,-50
22563,2023-02-25,new,29
22566,2025-08-03,new,79
22566,2026-01-30,churn,-79
22571,2025-06-14,new,29
22571,2025-09-12,expansion,50
22572,2023-12-21,new,29
22574,2024-08-05,new,199
22582,2025-08-04,new,29
22584,2023-11-02,new,29
22595,2025-09-28,new,29
22609,2025-05-28,new,79
22617,2025-07-08,new,79
22618,2025-01-10,new,29
22619,2026-03-12,new,79
22623,2024-02-03,new,29
22630,2025-10-31,new,79
22632,2024-10-15,new,79
22632,2025-01-13,contraction,-50
22636,2023-08-31,new,29
22636,2024-02-27,churn,-29
22641,2025-11-01,new,29
22641,2026-04-30,churn,-29
22643,2024-12-17,new,199
22643,2025-06-15,churn,-199
22653,2025-07-19,new,29
22658,2024-08-21,new,29
22662,2023-06-05,new,29
22665,2024-02-10,new,79
22682,2023-11-22,new,79
22682,2024-05-20,churn,-79
22683,2025-07-27,new,79
22690,2023-04-19,new,199
22692,2024-01-10,new,79
22692,2024-07-08,churn,-79
22695,2024-02-17,new,29
22697,2024-02-13,new,199
22699,2024-12-16,new,199
22708,2026-02-18,new,79
22708,2026-05-19,contraction,-50
22711,2025-09-07,new,29
22712,2025-05-30,new,199
22714,2023-07-17,new,199
22715,2026-02-07,new,199
22724,2025-02-16,new,29
22724,2025-05-17,expansion,50
22724,2025-08-15,churn,-29
22732,2023-03-25,new,29
22732,2023-06-23,contraction,-50
22736,2023-03-09,new,79
22753,2023-02-02,new,199
22755,2023-01-25,new,79
22758,2024-09-26,new,79
22765,2025-03-14,new,29
22792,2024-07-18,new,29
22799,2025-01-27,new,29
22799,2025-04-27,contraction,-50
22803,2024-12-13,new,199
22809,2025-11-10,new,29
22810,2025-12-01,new,199
22817,2024-10-18,new,79
22817,2025-04-16,churn,-79
22818,2023-07-08,new,79
22818,2023-10-06,contraction,-50
22818,2024-01-04,churn,-79
22819,2026-01-30,new,29
22827,2024-01-11,new,29
22830,2025-11-20,new,199
22839,2024-12-18,new,29
22839,2025-03-18,contraction,-50
22848,2025-01-23,new,199
22848,2025-07-22,churn,-199
22859,2025-11-09,new,29
22859,2026-05-08,churn,-29
22872,2023-11-20,new,29
22875,2024-12-21,new,79
22877,2025-01-31,new,79
22885,2025-01-26,new,29
22885,2025-04-26,expansion,50
22885,2025-07-25,churn,-29
22886,2023-07-10,new,79
22892,2024-11-04,new,29
22896,2025-02-19,new,199
22897,2025-03-28,new,29
22909,2023-09-09,new,29
22915,2023-01-17,new,29
22927,2024-03-27,new,79
22927,2024-09-23,churn,-79
22954,2024-09-27,new,79
22964,2024-01-16,new,79
22964,2024-04-15,contraction,-50
22964,2024-07-14,churn,-79
22967,2024-05-19,new,29
22969,2024-09-08,new,29
22975,2025-06-13,new,79
22981,2025-11-04,new,79
22985,2023-06-02,new,29
22985,2023-08-31,expansion,50
22988,2023-06-21,new,29
22990,2023-07-30,new,79
22990,2023-10-28,contraction,-50
22993,2023-05-04,new,29
22999,2025-04-06,new,29
22999,2025-07-05,expansion,50
23002,2025-03-29,new,29
23002,2025-06-27,expansion,50
23004,2024-04-30,new,29
23022,2024-02-01,new,79
23024,2026-02-11,new,79
23031,2024-06-13,new,79
23031,2024-12-10,churn,-79
23037,2025-12-01,new,199
23037,2026-05-30,churn,-199
23042,2024-07-10,new,29
23043,2024-09-23,new,29
23046,2025-04-03,new,29
23046,2025-07-02,expansion,50
23049,2026-01-31,new,29
23053,2025-12-11,new,29
23069,2023-07-06,new,79
23069,2023-10-04,contraction,-50
23074,2024-12-13,new,29
23074,2025-03-13,contraction,-50
23074,2025-06-11,churn,-29
23078,2024-06-13,new,79
23078,2024-12-10,churn,-79
23083,2023-12-25,new,29
23083,2024-03-24,expansion,50
23090,2023-04-27,new,29
23096,2023-08-15,new,29
23101,2025-05-27,new,199
23101,2025-08-25,expansion,50
23103,2024-07-23,new,29
23104,2025-03-28,new,29
23104,2025-09-24,churn,-29
23105,2024-03-14,new,79
23105,2024-09-10,churn,-79
23108,2023-12-27,new,79
23109,2024-12-12,new,199
23113,2023-08-17,new,79
23113,2024-02-13,churn,-79
23117,2025-08-13,new,79
23117,2026-02-09,churn,-79
23127,2023-12-15,new,79
23127,2024-06-12,churn,-79
23138,2023-05-16,new,29
23140,2023-01-19,new,79
23147,2023-03-28,new,29
23150,2023-05-18,new,29
23156,2026-01-15,new,199
23160,2025-01-08,new,79
23164,2025-02-26,new,29
23164,2025-08-25,churn,-29
23167,2023-09-09,new,29
23167,2023-12-08,expansion,50
23171,2023-10-21,new,29
23171,2024-01-19,contraction,-50
23199,2025-12-16,new,29
23208,2024-11-26,new,79
23208,2025-05-25,churn,-79
23209,2025-06-04,new,29
23213,2025-09-13,new,79
23213,2026-03-12,churn,-79
23225,2024-06-11,new,29
23225,2024-12-08,churn,-29
23226,2026-01-03,new,79
23226,2026-04-03,expansion,50
23226,2026-07-02,churn,-79
23227,2025-07-05,new,29
23233,2025-08-27,new,79
23233,2025-11-25,contraction,-50
23235,2023-12-08,new,29
23238,2024-02-13,new,79
23242,2025-08-23,new,29
23243,2024-03-02,new,29
23248,2023-05-26,new,199
23253,2024-01-06,new,29
23253,2024-04-05,expansion,50
23254,2025-12-06,new,79
23255,2025-06-22,new,79
23255,2025-12-19,churn,-79
23263,2023-12-23,new,199
23263,2024-06-20,churn,-199
23267,2023-08-24,new,29
23270,2024-05-20,new,79
23274,2025-06-03,new,79
23274,2025-11-30,churn,-79
23278,2025-01-24,new,79
23291,2023-07-30,new,29
23291,2024-01-26,churn,-29
23293,2025-06-14,new,199
23295,2023-06-17,new,199
23299,2023-11-21,new,29
23299,2024-02-19,expansion,50
23304,2023-04-17,new,29
23304,2023-10-14,churn,-29
23307,2024-05-13,new,79
23312,2024-10-24,new,79
23312,2025-04-22,churn,-79
23314,2024-04-22,new,29
23316,2024-03-08,new,29
23319,2023-08-04,new,79
23325,2025-05-27,new,79
23328,2026-03-07,new,29
23330,2023-08-16,new,29
23332,2024-05-31,new,29
23338,2023-11-01,new,29
23338,2024-04-29,churn,-29
23340,2026-01-25,new,29
23343,2025-08-17,new,199
23343,2026-02-13,churn,-199
23344,2023-10-28,new,29
23344,2024-01-26,contraction,-50
23345,2024-09-27,new,79
23345,2024-12-26,expansion,50
23349,2023-05-27,new,29
23349,2023-08-25,contraction,-50
23350,2023-12-20,new,199
23350,2024-03-19,expansion,50
23350,2024-06-17,churn,-199
23353,2025-05-13,new,29
23355,2024-09-11,new,29
23355,2025-03-10,churn,-29
23366,2024-06-27,new,79
23366,2024-12-24,churn,-79
23370,2024-03-23,new,79
23370,2024-06-21,expansion,50
23370,2024-09-19,churn,-79
23384,2025-11-29,new,29
23387,2025-09-02,new,79
23389,2026-02-28,new,79
23389,2026-05-29,contraction,-50
23400,2024-11-10,new,29
23402,2025-03-10,new,29
23410,2024-03-07,new,199
23410,2024-09-03,churn,-199
23415,2024-12-22,new,79
23425,2025-02-26,new,29
23425,2025-05-27,contraction,-50
23431,2023-08-03,new,29
23431,2023-11-01,expansion,50
23433,2025-08-06,new,29
23438,2023-04-10,new,79
23443,2024-09-24,new,79
23449,2023-07-27,new,199
23451,2024-12-22,new,29
23451,2025-06-20,churn,-29
23455,2024-09-30,new,199
23461,2025-10-22,new,29
23468,2025-12-02,new,29
23468,2026-03-02,contraction,-50
23469,2023-08-12,new,79
23492,2023-10-10,new,79
23492,2024-01-08,expansion,50
23521,2023-12-06,new,199
23521,2024-03-05,expansion,50
23531,2025-10-15,new,29
23535,2023-06-09,new,29
23535,2023-12-06,churn,-29
23541,2025-06-23,new,79
23545,2023-10-21,new,79
23545,2024-04-18,churn,-79
23549,2023-04-17,new,29
23552,2024-05-08,new,199
23552,2024-11-04,churn,-199
23554,2023-09-09,new,29
23554,2024-03-07,churn,-29
23560,2023-03-10,new,29
23569,2025-01-06,new,79
23574,2026-02-02,new,29
23577,2026-01-18,new,29
23578,2025-04-22,new,29
23586,2024-05-20,new,79
23587,2023-12-09,new,29
23587,2024-06-06,churn,-29
23588,2023-01-16,new,79
23588,2023-04-16,contraction,-50
23588,2023-07-15,churn,-79
23590,2023-07-21,new,79
23590,2023-10-19,expansion,50
23596,2024-02-09,new,29
23596,2024-08-07,churn,-29
23605,2024-09-10,new,29
23610,2025-10-24,new,29
23610,2026-04-22,churn,-29
23611,2025-01-09,new,29
23611,2025-07-08,churn,-29
23615,2025-07-12,new,79
23615,2026-01-08,churn,-79
23619,2025-05-04,new,199
23622,2024-02-16,new,29
23625,2024-07-26,new,29
23625,2024-10-24,expansion,50
23629,2026-02-07,new,29
23629,2026-08-06,churn,-29
23632,2025-12-17,new,29
23633,2025-05-11,new,29
23635,2026-03-13,new,29
23640,2024-05-26,new,29
23651,2024-09-01,new,79
23652,2023-11-21,new,199
23654,2023-06-26,new,199
23659,2024-09-08,new,79
23659,2025-03-07,churn,-79
23660,2026-02-06,new,199
23661,2026-02-01,new,199
23661,2026-07-31,churn,-199
23672,2024-07-30,new,29
23672,2025-01-26,churn,-29
23678,2023-01-21,new,79
23691,2023-11-06,new,199
23698,2026-02-04,new,29
23704,2024-10-30,new,79
23707,2023-11-25,new,79
23707,2024-05-23,churn,-79
23717,2025-09-08,new,79
23720,2025-01-31,new,79
23720,2025-05-01,contraction,-50
23721,2023-04-14,new,29
23725,2024-10-30,new,79
23725,2025-04-28,churn,-79
23733,2026-01-13,new,79
23733,2026-07-12,churn,-79
23743,2023-06-09,new,29
23746,2023-12-19,new,199
23767,2025-03-06,new,29
23768,2023-04-01,new,29
23777,2023-10-23,new,29
23779,2024-06-28,new,199
23779,2024-12-25,churn,-199
23781,2025-09-16,new,29
23797,2025-01-19,new,199
23797,2025-07-18,churn,-199
23802,2025-03-20,new,79
23810,2023-09-22,new,29
23810,2023-12-21,contraction,-50
23813,2025-03-08,new,79
23813,2025-06-06,expansion,50
23833,2025-08-27,new,79
23835,2023-02-12,new,29
23848,2025-02-26,new,79
23850,2024-07-24,new,29
23860,2025-11-21,new,79
23860,2026-05-20,churn,-79
23865,2023-02-23,new,29
23865,2023-08-22,churn,-29
23871,2024-01-12,new,29
23872,2024-04-21,new,29
23872,2024-07-20,expansion,50
23872,2024-10-18,churn,-29
23891,2024-08-09,new,79
23891,2025-02-05,churn,-79
23895,2026-03-13,new,79
23895,2026-06-11,contraction,-50
23895,2026-09-09,churn,-79
23899,2025-08-01,new,29
23901,2024-04-30,new,29
23902,2025-02-18,new,29
23905,2023-08-18,new,79
23906,2025-09-01,new,79
23915,2024-09-05,new,199
23916,2025-07-17,new,79
23920,2023-03-23,new,29
23920,2023-09-19,churn,-29
23922,2025-07-16,new,29
23922,2025-10-14,expansion,50
23922,2026-01-12,churn,-29
23926,2025-04-10,new,79
23926,2025-10-07,churn,-79
23931,2025-10-04,new,29
23935,2025-11-17,new,29
23940,2024-02-22,new,79
23948,2024-12-23,new,29
23948,2025-03-23,contraction,-50
23950,2024-12-30,new,79
23950,2025-03-30,expansion,50
23950,2025-06-28,churn,-79
23957,2024-07-25,new,79
23960,2023-01-28,new,29
23976,2023-09-04,new,29
23976,2023-12-03,contraction,-50
23978,2024-07-30,new,29
23983,2025-10-04,new,79
23984,2023-09-30,new,79
23990,2024-03-15,new,29
23993,2025-09-02,new,79
23996,2023-07-02,new,79
23998,2025-07-12,new,79
24008,2025-05-10,new,29
24008,2025-11-06,churn,-29
24019,2023-01-19,new,29
24019,2023-07-18,churn,-29
24022,2024-08-25,new,29
24035,2025-09-14,new,29
24039,2024-01-25,new,199
24040,2024-10-22,new,199
24041,2026-02-22,new,29
24052,2024-10-07,new,79
24052,2025-01-05,contraction,-50
24056,2024-11-12,new,29
24059,2025-12-03,new,29
24064,2025-12-28,new,79
24067,2025-07-06,new,29
24069,2025-12-29,new,79
24073,2024-11-29,new,199
24081,2025-02-09,new,29
24081,2025-08-08,churn,-29
24082,2025-02-13,new,79
24088,2024-04-19,new,29
24088,2024-10-16,churn,-29
24091,2023-02-23,new,199
24096,2025-09-21,new,79
24100,2024-08-13,new,29
24102,2025-11-15,new,199
24104,2023-08-14,new,29
24112,2025-03-26,new,79
24112,2025-09-22,churn,-79
24127,2024-09-16,new,79
24136,2026-03-01,new,29
24140,2025-12-02,new,29
24163,2025-11-03,new,29
24163,2026-05-02,churn,-29
24164,2025-03-17,new,79
24170,2025-06-03,new,29
24177,2024-02-17,new,29
24181,2024-10-06,new,29
24181,2025-01-04,expansion,50
24182,2024-10-05,new,79
24182,2025-01-03,expansion,50
24190,2023-07-12,new,79
24190,2024-01-08,churn,-79
24192,2026-02-27,new,79
24193,2024-01-28,new,29
24194,2023-04-22,new,199
24194,2023-10-19,churn,-199
24198,2023-06-28,new,29
24206,2023-12-30,new,199
24210,2023-03-06,new,29
24211,2025-05-07,new,79
24218,2023-04-22,new,79
24223,2025-10-19,new,29
24225,2025-09-11,new,29
24225,2026-03-10,churn,-29
24226,2023-10-15,new,199
24230,2026-01-07,new,199
24241,2024-07-24,new,29
24243,2025-06-05,new,199
24243,2025-09-03,contraction,-50
24243,2025-12-02,churn,-199
24245,2026-02-19,new,29
24247,2025-01-25,new,199
24252,2025-07-24,new,29
24252,2025-10-22,contraction,-50
24256,2026-02-26,new,79
24260,2024-11-21,new,29
24263,2023-06-02,new,29
24267,2023-04-06,new,29
24290,2026-02-28,new,79
24300,2023-01-19,new,199
24301,2025-03-30,new,79
24301,2025-09-26,churn,-79
24303,2023-04-29,new,29
24303,2023-07-28,contraction,-50
24305,2023-10-24,new,29
24306,2025-01-27,new,79
24306,2025-04-27,expansion,50
24313,2024-07-26,new,29
24316,2023-06-21,new,29
24316,2023-09-19,expansion,50
24318,2025-05-26,new,29
24319,2026-03-12,new,79
24321,2025-08-03,new,29
24321,2026-01-30,churn,-29
24326,2026-02-17,new,79
24329,2023-12-20,new,29
24329,2024-06-17,churn,-29
24340,2026-01-07,new,29
24350,2025-09-02,new,29
24350,2026-03-01,churn,-29
24352,2024-05-27,new,29
24352,2024-08-25,expansion,50
24353,2023-08-01,new,29
24359,2025-04-13,new,79
24360,2025-08-25,new,199
24360,2026-02-21,churn,-199
24363,2025-10-16,new,29
24371,2025-01-29,new,29
24371,2025-04-29,expansion,50
24374,2023-06-11,new,79
24374,2023-09-09,expansion,50
24382,2023-10-03,new,199
24382,2024-01-01,contraction,-50
24387,2024-09-23,new,29
24399,2025-01-21,new,199
24400,2023-07-01,new,29
24400,2023-12-28,churn,-29
24409,2024-08-08,new,29
24427,2023-06-03,new,79
24427,2023-09-01,contraction,-50
24430,2023-07-06,new,29
24430,2023-10-04,contraction,-50
24433,2023-06-17,new,29
24437,2023-11-22,new,29
24437,2024-02-20,contraction,-50
24442,2023-07-18,new,29
24442,2024-01-14,churn,-29
24447,2024-07-31,new,79
24447,2025-01-27,churn,-79
24451,2025-03-15,new,199
24451,2025-09-11,churn,-199
24454,2025-07-03,new,199
24462,2025-12-20,new,29
24469,2024-07-15,new,79
24470,2025-06-18,new,29
24484,2023-05-10,new,29
24488,2023-06-04,new,79
24494,2025-05-25,new,79
24496,2024-11-16,new,29
24528,2023-11-13,new,79
24538,2024-12-22,new,29
24538,2025-03-22,expansion,50
24539,2023-03-24,new,79
24539,2023-09-20,churn,-79
24545,2026-01-26,new,29
24555,2023-10-10,new,79
24556,2023-05-02,new,29
24562,2023-09-04,new,29
24562,2024-03-02,churn,-29
24579,2023-12-11,new,29
24580,2023-04-09,new,29
24580,2023-07-08,contraction,-50
24592,2025-07-03,new,79
24592,2025-12-30,churn,-79
24609,2025-06-09,new,29
24609,2025-12-06,churn,-29
24616,2023-09-12,new,79
24620,2025-02-25,new,199
24627,2023-09-08,new,29
24627,2024-03-06,churn,-29
24629,2026-02-26,new,79
24629,2026-08-25,churn,-79
24643,2024-12-09,new,29
24655,2025-05-12,new,199
24670,2023-06-10,new,79
24670,2023-12-07,churn,-79
24676,2024-12-30,new,79
24679,2023-07-09,new,79
24679,2023-10-07,contraction,-50
24683,2024-07-30,new,29
24683,2025-01-26,churn,-29
24695,2023-01-31,new,29
24703,2025-03-28,new,79
24704,2026-02-17,new,29
24711,2024-05-23,new,79
24712,2023-04-12,new,29
24713,2023-05-15,new,79
24714,2025-08-18,new,29
24714,2026-02-14,churn,-29
24716,2023-12-31,new,79
24716,2024-06-28,churn,-79
24720,2023-12-03,new,29
24720,2024-03-02,contraction,-50
24727,2023-07-19,new,29
24729,2025-04-18,new,79
24735,2026-01-10,new,29
24736,2023-09-27,new,79
24738,2023-02-16,new,79
24738,2023-05-17,contraction,-50
24738,2023-08-15,churn,-79
24740,2025-01-15,new,29
24744,2025-06-25,new,29
24753,2023-06-27,new,199
24756,2024-10-07,new,79
24759,2024-12-08,new,79
24759,2025-03-08,expansion,50
24759,2025-06-06,churn,-79
24760,2025-11-05,new,199
24760,2026-05-04,churn,-199
24762,2025-09-05,new,29
24773,2024-04-23,new,29
24774,2025-05-12,new,29
24774,2025-11-08,churn,-29
24782,2023-02-19,new,29
24782,2023-05-20,expansion,50
24788,2025-10-01,new,79
24789,2024-08-27,new,79
24792,2023-10-27,new,79
24804,2025-07-24,new,29
24807,2026-01-31,new,29
24807,2026-07-30,churn,-29
24809,2023-10-12,new,29
24809,2024-04-09,churn,-29
24811,2026-03-10,new,199
24812,2025-05-03,new,29
24819,2026-03-16,new,79
24819,2026-09-12,churn,-79
24824,2025-03-20,new,79
24824,2025-06-18,expansion,50
24825,2023-03-31,new,29
24825,2023-09-27,churn,-29
24834,2024-01-20,new,199
24836,2023-08-31,new,29
24842,2024-12-24,new,199
24851,2023-02-02,new,29
24860,2023-11-06,new,79
24860,2024-05-04,churn,-79
24863,2023-08-25,new,29
24863,2024-02-21,churn,-29
24864,2025-11-17,new,79
24864,2026-02-15,expansion,50
24864,2026-05-16,churn,-79
24867,2024-09-07,new,199
24867,2024-12-06,contraction,-50
24878,2024-09-17,new,29
24878,2024-12-16,expansion,50
24879,2023-12-21,new,29
24883,2023-06-11,new,29
24893,2026-03-11,new,79
24906,2024-12-25,new,29
24913,2023-05-27,new,199
24913,2023-08-25,contraction,-50
24924,2024-01-24,new,29
24924,2024-07-22,churn,-29
24938,2026-02-05,new,79
24938,2026-08-04,churn,-79
24941,2025-07-09,new,199
24947,2026-03-11,new,29
24954,2023-06-15,new,199
24962,2025-03-21,new,79
24962,2025-06-19,contraction,-50
24968,2024-02-03,new,29
24973,2023-04-25,new,29
24973,2023-10-22,churn,-29
24985,2024-12-07,new,79
24988,2023-10-31,new,79
24990,2025-06-06,new,29
24991,2024-11-12,new,199
25007,2024-08-10,new,79
25007,2024-11-08,contraction,-50
25008,2024-04-09,new,29
25017,2024-02-21,new,29
25020,2025-06-29,new,29
25029,2025-05-13,new,29
25029,2025-11-09,churn,-29
25038,2026-01-25,new,79
25041,2023-12-18,new,79
25042,2023-10-28,new,29
25043,2023-09-26,new,199
25050,2025-04-10,new,29
25059,2025-09-05,new,29
25061,2023-05-13,new,29
25065,2023-07-21,new,79
25065,2023-10-19,contraction,-50
25066,2024-04-18,new,79
25066,2024-07-17,expansion,50
25067,2025-10-02,new,29
25067,2026-03-31,churn,-29
25073,2023-03-27,new,29
25075,2025-07-12,new,199
25076,2025-03-02,new,79
25076,2025-05-31,contraction,-50
25094,2024-07-17,new,79
25101,2023-04-02,new,29
25108,2024-05-01,new,79
25111,2025-11-22,new,29
25118,2023-12-04,new,199
25133,2024-04-01,new,29
25134,2024-11-15,new,29
25138,2024-03-26,new,199
25143,2023-06-19,new,29
25143,2023-09-17,contraction,-50
25162,2025-02-05,new,199
25172,2025-03-18,new,79
25178,2025-12-27,new,29
25180,2026-01-17,new,79
25180,2026-04-17,expansion,50
25184,2025-02-24,new,29
25184,2025-05-25,contraction,-50
25191,2023-08-13,new,79
25191,2023-11-11,contraction,-50
25192,2023-05-30,new,29
25197,2024-11-29,new,29
25200,2024-02-09,new,199
25200,2024-05-09,contraction,-50
25207,2023-10-26,new,79
25209,2026-03-08,new,29
25209,2026-06-06,contraction,-50
25212,2025-04-16,new,79
25212,2025-10-13,churn,-79
25213,2023-07-31,new,29
25223,2025-10-07,new,79
25230,2024-10-20,new,79
25240,2024-02-26,new,29
25241,2024-09-09,new,79
25241,2025-03-08,churn,-79
25245,2025-12-26,new,79
25245,2026-06-24,churn,-79
25247,2025-05-18,new,79
25247,2025-08-16,expansion,50
25247,2025-11-14,churn,-79
25253,2023-02-11,new,29
25257,2023-07-29,new,79
25258,2024-10-29,new,79
25258,2025-01-27,expansion,50
25263,2023-01-29,new,29
25263,2023-07-28,churn,-29
25268,2024-07-26,new,29
25275,2023-11-29,new,29
25281,2024-12-21,new,29
25288,2025-05-22,new,29
25296,2023-09-09,new,199
25297,2024-03-28,new,29
25297,2024-09-24,churn,-29
25311,2025-09-01,new,79
25312,2024-08-21,new,29
25314,2024-05-09,new,29
25315,2023-02-01,new,29
25319,2025-12-14,new,199
25319,2026-06-12,churn,-199
25330,2025-12-19,new,29
25332,2025-02-15,new,199
25332,2025-05-16,contraction,-50
25332,2025-08-14,churn,-199
25338,2025-09-22,new,199
25341,2024-11-24,new,29
25341,2025-05-23,churn,-29
25342,2024-02-05,new,79
25342,2024-05-05,contraction,-50
25347,2026-02-11,new,29
25347,2026-08-10,churn,-29
25352,2025-06-18,new,29
25352,2025-09-16,contraction,-50
25357,2023-08-28,new,29
25357,2023-11-26,contraction,-50
25357,2024-02-24,churn,-29
25365,2025-01-31,new,79
25373,2025-03-04,new,29
25377,2024-07-01,new,29
25377,2024-12-28,churn,-29
25379,2023-09-26,new,79
25379,2023-12-25,contraction,-50
25379,2024-03-24,churn,-79
25380,2025-01-19,new,29
25380,2025-07-18,churn,-29
25388,2024-08-06,new,79
25388,2024-11-04,contraction,-50
25388,2025-02-02,churn,-79
25391,2023-07-22,new,79
25391,2024-01-18,churn,-79
25397,2023-04-27,new,29
25401,2025-05-04,new,29
25404,2024-09-12,new,79
25404,2025-03-11,churn,-79
25412,2023-10-14,new,29
25415,2023-10-21,new,29
25415,2024-04-18,churn,-29
25421,2023-05-18,new,79
25421,2023-11-14,churn,-79
25430,2026-01-19,new,29
25430,2026-07-18,churn,-29
25436,2025-02-06,new,29
25443,2026-02-10,new,29
25443,2026-05-11,expansion,50
25446,2025-06-27,new,199
25446,2025-12-24,churn,-199
25458,2025-07-03,new,79
25458,2025-12-30,churn,-79
25460,2024-09-17,new,29
25460,2024-12-16,expansion,50
25465,2025-01-31,new,29
25489,2023-04-08,new,79
25497,2025-06-12,new,79
25505,2025-02-09,new,79
25507,2025-06-12,new,79
25513,2023-08-10,new,29
25514,2025-03-14,new,79
25520,2023-04-07,new,29
25520,2023-07-06,contraction,-50
25528,2025-06-22,new,29
25554,2024-07-01,new,29
25561,2024-03-15,new,79
25563,2023-04-09,new,29
25563,2023-10-06,churn,-29
25578,2023-06-04,new,29
25578,2023-09-02,contraction,-50
25588,2023-08-29,new,29
25592,2024-07-01,new,79
25601,2024-06-16,new,79
25605,2023-11-24,new,79
25608,2024-12-10,new,29
25610,2023-10-22,new,79
25611,2023-11-05,new,29
25635,2023-12-01,new,199
25639,2024-03-19,new,29
25641,2026-03-10,new,199
25641,2026-09-06,churn,-199
25642,2025-02-27,new,29
25646,2023-09-10,new,29
25646,2024-03-08,churn,-29
25650,2023-03-27,new,29
25650,2023-09-23,churn,-29
25657,2023-05-22,new,79
25658,2024-03-16,new,79
25658,2024-09-12,churn,-79
25661,2024-05-23,new,29
25662,2024-02-07,new,29
25666,2026-03-07,new,79
25669,2024-04-04,new,199
25677,2023-11-18,new,199
25677,2024-02-16,expansion,50
25687,2023-11-26,new,29
25687,2024-02-24,contraction,-50
25687,2024-05-24,churn,-29
25688,2023-02-22,new,199
25689,2023-12-09,new,29
25689,2024-06-06,churn,-29
25694,2025-02-23,new,79
25701,2023-12-10,new,199
25709,2024-08-09,new,199
25711,2023-02-13,new,79
25714,2024-09-13,new,29
25731,2024-10-02,new,29
25736,2025-02-19,new,29
25741,2025-12-10,new,29
25745,2026-02-03,new,29
25751,2025-06-03,new,79
25751,2025-11-30,churn,-79
25753,2026-03-03,new,199
25753,2026-08-30,churn,-199
25759,2023-01-16,new,79
25776,2025-08-01,new,79
25779,2024-10-07,new,79
25790,2025-06-09,new,199
25792,2023-09-28,new,79
25792,2024-03-26,churn,-79
25798,2024-10-24,new,29
25798,2025-01-22,expansion,50
25799,2024-03-28,new,29
25804,2023-04-07,new,199
25804,2023-07-06,contraction,-50
25805,2024-12-07,new,79
25805,2025-03-07,expansion,50
25807,2023-09-13,new,29
25808,2023-06-29,new,79
25809,2025-12-04,new,79
25809,2026-06-02,churn,-79
25811,2024-04-18,new,199
25811,2024-10-15,churn,-199
25812,2023-11-15,new,29
25812,2024-02-13,contraction,-50
25812,2024-05-13,churn,-29
25814,2025-03-20,new,199
25818,2024-12-29,new,29
25825,2023-05-09,new,79
25825,2023-08-07,contraction,-50
25825,2023-11-05,churn,-79
25829,2023-12-29,new,199
25833,2026-01-04,new,29
25847,2024-01-23,new,29
25847,2024-07-21,churn,-29
25850,2025-05-11,new,29
25851,2024-06-22,new,29
25853,2026-01-12,new,199
25853,2026-04-12,contraction,-50
25854,2026-02-23,new,199
25855,2025-06-04,new,79
25858,2025-04-13,new,79
25858,2025-07-12,contraction,-50
25864,2024-01-26,new,29
25866,2024-01-31,new,29
25866,2024-04-30,expansion,50
25869,2025-07-09,new,79
25874,2024-07-23,new,29
25874,2024-10-21,contraction,-50
25876,2025-03-25,new,29
25876,2025-09-21,churn,-29
25879,2024-02-27,new,79
25881,2024-12-01,new,29
25888,2025-07-08,new,29
25888,2026-01-04,churn,-29
25891,2025-01-22,new,79
25893,2025-05-28,new,79
25895,2023-09-27,new,199
25899,2024-09-26,new,29
25899,2025-03-25,churn,-29
25905,2025-07-25,new,29
25908,2025-09-04,new,79
25908,2026-03-03,churn,-79
25909,2024-10-13,new,29
25910,2024-06-20,new,29
25912,2023-01-31,new,29
25915,2025-03-19,new,29
25915,2025-06-17,expansion,50
25917,2023-09-03,new,79
25917,2024-03-01,churn,-79
25919,2024-09-12,new,79
25919,2025-03-11,churn,-79
25920,2024-06-15,new,29
25930,2025-08-03,new,199
25930,2025-11-01,expansion,50
25936,2023-07-17,new,79
25942,2024-02-24,new,79
25943,2025-11-21,new,29
25943,2026-05-20,churn,-29
25944,2025-07-26,new,79
25947,2023-02-12,new,79
25947,2023-08-11,churn,-79
25953,2023-09-27,new,29
25953,2024-03-25,churn,-29
25957,2023-12-17,new,199
25957,2024-06-14,churn,-199
25973,2026-03-02,new,199
25974,2023-02-19,new,79
25974,2023-08-18,churn,-79
25982,2025-08-02,new,79
25984,2024-02-24,new,79
25984,2024-05-24,contraction,-50
25984,2024-08-22,churn,-79
25994,2023-06-06,new,29
25994,2023-12-03,churn,-29
26000,2025-09-07,new,29
26012,2023-08-01,new,29
26017,2024-12-03,new,199
26026,2025-07-30,new,29
26027,2024-09-15,new,79
26032,2023-07-15,new,79
26032,2024-01-11,churn,-79
26047,2026-02-27,new,29
26048,2024-08-13,new,199
26050,2024-09-09,new,29
26050,2025-03-08,churn,-29
26051,2025-03-09,new,29
26054,2025-02-02,new,29
26060,2024-05-04,new,29
26060,2024-10-31,churn,-29
26061,2026-01-18,new,79
26065,2023-04-05,new,79
26073,2023-09-19,new,79
26075,2025-01-30,new,199
26076,2025-11-28,new,79
26076,2026-05-27,churn,-79
26084,2023-03-09,new,29
26088,2024-10-06,new,79
26091,2025-02-13,new,29
26103,2025-05-21,new,79
26115,2025-03-08,new,79
26117,2025-01-20,new,199
26117,2025-07-19,churn,-199
26127,2024-01-06,new,79
26132,2024-11-10,new,199
26133,2024-01-30,new,29
26133,2024-07-28,churn,-29
26139,2024-03-09,new,79
26140,2023-09-10,new,29
26143,2024-08-18,new,29
26147,2024-06-20,new,199
26152,2023-11-09,new,29
26153,2024-01-20,new,79
26153,2024-04-19,contraction,-50
26156,2024-11-05,new,199
26159,2026-02-10,new,29
26163,2024-11-23,new,29
26167,2025-06-15,new,29
26176,2026-01-11,new,29
26180,2025-02-15,new,29
26183,2025-06-26,new,199
26184,2024-04-03,new,29
26187,2025-10-31,new,29
26190,2025-05-13,new,79
26200,2024-05-16,new,79
26200,2024-11-12,churn,-79
26204,2024-11-14,new,29
26207,2026-01-20,new,29
26212,2025-09-24,new,29
26213,2025-02-14,new,79
26214,2023-04-02,new,29
26217,2023-05-02,new,29
26220,2025-11-11,new,29
26222,2023-11-03,new,29
26222,2024-02-01,contraction,-50
26223,2025-09-20,new,79
26223,2026-03-19,churn,-79
26226,2024-05-20,new,79
26226,2024-08-18,expansion,50
26235,2024-07-25,new,29
26235,2025-01-21,churn,-29
26239,2023-04-03,new,29
26241,2024-06-12,new,79
26263,2026-02-21,new,79
26264,2025-04-13,new,29
26268,2025-11-12,new,79
26271,2024-05-22,new,79
26271,2024-11-18,churn,-79
26272,2024-11-10,new,29
26272,2025-05-09,churn,-29
26276,2024-03-20,new,29
26276,2024-09-16,churn,-29
26280,2023-10-20,new,79
26282,2025-11-25,new,199
26299,2023-05-11,new,199
26301,2023-02-16,new,79
26301,2023-08-15,churn,-79
26302,2023-11-09,new,199
26311,2025-02-08,new,29
26321,2024-03-29,new,29
26331,2023-05-17,new,199
26343,2024-12-27,new,29
26343,2025-06-25,churn,-29
26345,2024-03-13,new,29
26345,2024-09-09,churn,-29
26355,2023-11-15,new,79
26355,2024-05-13,churn,-79
26365,2026-02-19,new,79
26371,2024-05-10,new,29
26383,2024-02-12,new,29
26386,2025-02-19,new,79
26391,2023-02-01,new,79
26391,2023-07-31,churn,-79
26395,2024-01-16,new,79
26401,2024-02-08,new,29
26408,2024-07-24,new,79
26408,2025-01-20,churn,-79
26414,2024-03-06,new,79
26414,2024-06-04,expansion,50
26414,2024-09-02,churn,-79
26422,2025-08-27,new,29
26422,2026-02-23,churn,-29
26425,2024-09-11,new,29
26431,2024-08-17,new,29
26447,2024-07-02,new,79
26447,2024-09-30,expansion,50
26450,2023-05-20,new,29
26452,2025-12-12,new,29
26452,2026-03-12,expansion,50
26452,2026-06-10,churn,-29
26453,2023-09-20,new,29
26453,2024-03-18,churn,-29
26455,2023-04-22,new,29
26455,2023-07-21,expansion,50
26455,2023-10-19,churn,-29
26461,2024-07-03,new,29
26461,2024-10-01,contraction,-50
26473,2025-03-29,new,29
26479,2025-10-29,new,79
26481,2024-10-31,new,199
26483,2026-02-08,new,79
26484,2023-05-26,new,199
26484,2023-08-24,contraction,-50
26490,2025-04-04,new,79
26492,2024-12-02,new,29
26494,2025-04-03,new,29
26495,2023-01-19,new,29
26510,2024-09-19,new,79
26515,2023-09-01,new,79
26515,2024-02-28,churn,-79
26521,2025-12-07,new,79
26527,2024-06-03,new,79
26534,2023-08-09,new,199
26538,2025-05-17,new,79
26538,2025-11-13,churn,-79
26544,2023-04-12,new,29
26544,2023-07-11,contraction,-50
26546,2025-08-25,new,29
26555,2025-02-20,new,29
26555,2025-05-21,expansion,50
26558,2024-11-12,new,29
26562,2023-02-27,new,29
26562,2023-08-26,churn,-29
26566,2026-01-12,new,199
26566,2026-07-11,churn,-199
26572,2024-08-28,new,199
26572,2024-11-26,contraction,-50
26572,2025-02-24,churn,-199
26581,2024-04-07,new,79
26581,2024-10-04,churn,-79
26583,2023-06-29,new,199
26588,2026-02-26,new,29
26588,2026-08-25,churn,-29
26591,2023-11-28,new,79
26591,2024-05-26,churn,-79
26596,2023-02-26,new,199
26598,2023-11-05,new,29
26608,2025-10-19,new,79
26608,2026-04-17,churn,-79
26619,2024-10-30,new,29
26620,2026-01-02,new,29
26620,2026-07-01,churn,-29
26623,2024-04-26,new,79
26633,2024-04-17,new,79
26636,2024-05-18,new,29
26636,2024-11-14,churn,-29
26637,2024-09-30,new,29
26642,2025-02-05,new,79
26643,2024-01-06,new,199
26645,2024-12-07,new,199
26645,2025-06-05,churn,-199
26646,2025-02-16,new,199
26650,2024-11-16,new,199
26651,2024-02-20,new,29
26651,2024-08-18,churn,-29
26652,2023-09-02,new,29
26652,2024-02-29,churn,-29
26655,2023-05-09,new,29
26657,2025-11-17,new,29
26669,2024-05-13,new,29
26675,2025-07-08,new,79
26678,2026-02-25,new,29
26678,2026-08-24,churn,-29
26685,2025-12-29,new,29
26689,2025-07-28,new,79
26691,2023-02-20,new,29
26692,2025-01-08,new,79
26699,2023-12-25,new,29
26700,2024-10-11,new,29
26700,2025-04-09,churn,-29
26703,2025-12-24,new,199
26705,2025-06-09,new,29
26705,2025-09-07,contraction,-50
26709,2023-01-17,new,29
26711,2025-01-26,new,79
26714,2025-04-22,new,29
26718,2025-09-13,new,29
26718,2025-12-12,contraction,-50
26718,2026-03-12,churn,-29
26719,2024-09-24,new,199
26719,2025-03-23,churn,-199
26724,2023-08-08,new,79
26729,2025-05-01,new,199
26733,2025-07-18,new,79
26733,2026-01-14,churn,-79
26734,2025-03-02,new,29
26735,2024-10-23,new,199
26736,2024-06-28,new,79
26736,2024-12-25,churn,-79
26760,2024-09-07,new,29
26760,2024-12-06,contraction,-50
26777,2025-02-02,new,29
26779,2023-10-09,new,79
26789,2024-08-17,new,29
26798,2023-06-13,new,79
26821,2025-10-03,new,79
26823,2023-05-20,new,29
26823,2023-08-18,contraction,-50
26829,2025-01-27,new,79
26830,2023-12-22,new,199
26830,2024-03-21,contraction,-50
26832,2023-12-01,new,29
26836,2025-11-14,new,29
26836,2026-05-13,churn,-29
26838,2025-08-29,new,29
26851,2025-06-22,new,29
26855,2023-05-13,new,79
26870,2024-01-12,new,29
26875,2023-05-27,new,29
26880,2025-03-28,new,79
26881,2023-05-11,new,29
26889,2023-10-22,new,29
26889,2024-01-20,expansion,50
26889,2024-04-19,churn,-29
26894,2024-05-09,new,79
26896,2023-10-15,new,79
26896,2024-04-12,churn,-79
26898,2024-06-19,new,29
26898,2024-12-16,churn,-29
26903,2026-03-04,new,29
26903,2026-06-02,contraction,-50
26909,2025-09-26,new,199
26909,2025-12-25,expansion,50
26909,2026-03-25,churn,-199
26911,2024-11-15,new,29
26913,2024-11-30,new,79
26914,2023-03-15,new,29
26915,2024-03-09,new,29
26933,2025-02-15,new,79
26947,2023-08-13,new,29
26947,2023-11-11,expansion,50
26949,2025-06-11,new,199
26959,2025-05-28,new,29
26960,2025-10-04,new,199
26960,2026-01-02,contraction,-50
26962,2025-09-15,new,29
26965,2025-09-09,new,199
26971,2023-10-07,new,79
26972,2025-12-28,new,79
26977,2024-06-18,new,79
26977,2024-12-15,churn,-79
26988,2023-12-20,new,29
26991,2023-08-02,new,29
26995,2025-05-23,new,199
26995,2025-08-21,expansion,50
26997,2023-03-06,new,29
26997,2023-06-04,expansion,50
27000,2024-02-18,new,29
27003,2026-01-19,new,29
27006,2025-11-10,new,79
27008,2024-09-04,new,29
27012,2025-04-04,new,199
27012,2025-07-03,expansion,50
27012,2025-10-01,churn,-199
27020,2023-07-16,new,199
27020,2024-01-12,churn,-199
27036,2026-02-17,new,29
27039,2023-09-30,new,29
27041,2025-06-19,new,29
27047,2023-12-31,new,79
27054,2025-05-21,new,29
27062,2023-10-19,new,29
27065,2024-07-24,new,29
27068,2023-07-05,new,29
27068,2023-10-03,contraction,-50
27068,2024-01-01,churn,-29
27079,2023-09-17,new,199
27079,2024-03-15,churn,-199
27087,2026-02-16,new,79
27089,2023-12-14,new,29
27089,2024-03-13,contraction,-50
27089,2024-06-11,churn,-29
27091,2024-06-28,new,79
27094,2024-09-26,new,29
27112,2023-03-10,new,29
27112,2023-09-06,churn,-29
27113,2023-06-28,new,199
27113,2023-12-25,churn,-199
27126,2025-12-03,new,199
27126,2026-03-03,contraction,-50
27128,2023-08-21,new,29
27136,2023-04-04,new,29
27136,2023-10-01,churn,-29
27145,2024-04-05,new,79
27148,2026-02-07,new,29
27148,2026-08-06,churn,-29
27151,2024-10-30,new,29
27155,2023-09-15,new,29
27155,2024-03-13,churn,-29
27161,2025-03-30,new,199
27163,2024-12-23,new,29
27163,2025-06-21,churn,-29
27168,2026-02-24,new,79
27176,2025-01-31,new,79
27176,2025-05-01,contraction,-50
27176,2025-07-30,churn,-79
27181,2026-02-04,new,29
27181,2026-08-03,churn,-29
27186,2025-11-26,new,199
27190,2025-04-10,new,199
27190,2025-07-09,contraction,-50
27193,2025-12-27,new,29
27193,2026-06-25,churn,-29
27200,2023-04-18,new,79
27200,2023-07-17,contraction,-50
27202,2025-10-13,new,29
27207,2023-03-06,new,199
27207,2023-06-04,contraction,-50
27212,2025-02-13,new,29
27218,2025-08-18,new,29
27224,2024-05-18,new,79
27224,2024-08-16,contraction,-50
27227,2025-06-02,new,29
27227,2025-08-31,expansion,50
27233,2023-05-19,new,29
27241,2025-01-09,new,29
27241,2025-04-09,expansion,50
27255,2026-02-25,new,29
27255,2026-08-24,churn,-29
27270,2024-03-16,new,29
27271,2024-09-30,new,79
27272,2024-01-03,new,79
27272,2024-07-01,churn,-79
27283,2024-01-16,new,199
27294,2025-01-09,new,29
27296,2025-06-24,new,79
27296,2025-12-21,churn,-79
27304,2024-06-06,new,199
27305,2024-04-24,new,29
27305,2024-07-23,contraction,-50
27307,2025-03-27,new,79
27307,2025-09-23,churn,-79
27310,2024-02-03,new,79
27320,2025-05-26,new,79
27325,2024-01-21,new,79
27332,2025-11-21,new,29
27344,2025-11-18,new,199
27353,2023-08-03,new,199
27356,2024-04-09,new,79
27359,2025-09-19,new,79
27366,2024-08-26,new,79
27366,2024-11-24,contraction,-50
27382,2023-09-19,new,79
27384,2023-06-04,new,79
27399,2024-04-16,new,29
27399,2024-07-15,contraction,-50
27400,2024-03-08,new,29
27400,2024-06-06,expansion,50
27408,2023-06-11,new,29
27410,2023-07-13,new,29
27410,2024-01-09,churn,-29
27418,2024-10-07,new,79
27422,2024-02-06,new,29
27423,2025-03-26,new,79
27423,2025-09-22,churn,-79
27425,2023-12-25,new,199
27431,2026-02-13,new,79
27432,2024-05-20,new,29
27434,2023-04-06,new,79
27437,2025-11-10,new,29
27437,2026-02-08,contraction,-50
27441,2024-04-09,new,29
27441,2024-10-06,churn,-29
27455,2024-01-06,new,29
27455,2024-07-04,churn,-29
27464,2024-12-21,new,29
27476,2023-03-13,new,29
27485,2023-11-08,new,79
27491,2024-05-15,new,29
27496,2025-06-19,new,79
27496,2025-12-16,churn,-79
27498,2024-12-17,new,29
27498,2025-03-17,contraction,-50
27505,2025-12-19,new,29
27507,2024-01-16,new,199
27507,2024-07-14,churn,-199
27508,2023-07-27,new,29
27508,2023-10-25,expansion,50
27508,2024-01-23,churn,-29
27515,2023-06-13,new,29
27539,2024-09-17,new,29
27539,2024-12-16,expansion,50
27540,2024-03-27,new,29
27544,2025-03-26,new,29
27550,2025-10-07,new,29
27553,2023-08-24,new,29
27557,2025-12-22,new,29
27559,2024-11-21,new,79
27566,2023-05-21,new,79
27566,2023-11-17,churn,-79
27573,2023-08-19,new,79
27573,2024-02-15,churn,-79
27575,2023-09-09,new,29
27575,2023-12-08,contraction,-50
27576,2023-04-21,new,29
27588,2023-08-12,new,199
27590,2025-05-10,new,79
27593,2023-09-25,new,29
27593,2023-12-24,contraction,-50
27599,2025-10-11,new,29
27602,2025-11-25,new,29
27602,2026-02-23,expansion,50
27606,2023-11-15,new,29
27607,2023-04-14,new,79
27608,2025-06-13,new,79
27613,2023-10-26,new,29
27617,2025-09-04,new,199
27625,2023-04-27,new,199
27625,2023-10-24,churn,-199
27641,2024-09-24,new,29
27643,2023-05-26,new,29
27646,2023-11-26,new,199
27655,2025-07-26,new,29
27657,2025-08-07,new,29
27661,2023-10-16,new,79
27666,2023-05-29,new,79
27674,2025-08-19,new,79
27680,2025-09-25,new,29
27681,2023-11-02,new,29
27682,2023-12-20,new,29
27685,2024-07-20,new,29
27685,2024-10-18,contraction,-50
27686,2023-05-22,new,79
27687,2025-02-28,new,29
27691,2023-08-25,new,29
27698,2023-09-08,new,29
27703,2024-08-21,new,29
27723,2024-12-18,new,29
27724,2023-06-09,new,29
27726,2023-04-01,new,29
27732,2025-09-09,new,79
27733,2023-08-02,new,29
27737,2023-04-19,new,79
27737,2023-10-16,churn,-79
27738,2025-06-10,new,199
27740,2023-11-08,new,79
27743,2023-11-29,new,79
27744,2023-10-14,new,79
27744,2024-04-11,churn,-79
27745,2023-08-11,new,29
27745,2023-11-09,contraction,-50
27747,2024-02-22,new,79
27750,2024-09-15,new,199
27752,2024-04-28,new,79
27754,2025-04-18,new,79
27754,2025-10-15,churn,-79
27758,2023-04-16,new,79
27758,2023-10-13,churn,-79
27760,2025-03-19,new,199
27763,2024-07-24,new,29
27767,2025-08-18,new,199
27779,2023-12-31,new,79
27785,2025-12-08,new,79
27795,2024-06-12,new,29
27795,2024-09-10,contraction,-50
27811,2024-10-14,new,29
27811,2025-04-12,churn,-29
27816,2026-02-24,new,29
27816,2026-05-25,expansion,50
27820,2024-04-25,new,199
27820,2024-07-24,expansion,50
27831,2026-03-15,new,29
27831,2026-06-13,expansion,50
27840,2024-02-12,new,79
27842,2024-06-12,new,29
27842,2024-12-09,churn,-29
27847,2024-07-14,new,199
27847,2024-10-12,expansion,50
27847,2025-01-10,churn,-199
27851,2025-11-29,new,79
27851,2026-05-28,churn,-79
27852,2023-08-02,new,29
27854,2023-04-16,new,199
27874,2023-06-30,new,79
27880,2024-10-03,new,79
27880,2025-01-01,expansion,50
27882,2023-08-10,new,29
27884,2023-09-28,new,79
27884,2024-03-26,churn,-79
27887,2026-01-20,new,199
27895,2023-12-18,new,29
27896,2024-11-29,new,79
27896,2025-02-27,contraction,-50
27910,2024-05-16,new,29
27918,2023-10-27,new,29
27918,2024-01-25,contraction,-50
27919,2025-08-10,new,29
27923,2024-06-08,new,199
27924,2025-04-20,new,29
27925,2023-03-17,new,29
27927,2023-04-14,new,29
27934,2025-11-02,new,199
27934,2026-05-01,churn,-199
27946,2023-06-18,new,199
27948,2024-12-07,new,79
27952,2026-02-20,new,29
27958,2024-12-16,new,79
27963,2024-11-06,new,79
27969,2025-03-07,new,79
27969,2025-09-03,churn,-79
27973,2025-04-17,new,29
28011,2025-02-03,new,79
28011,2025-05-04,expansion,50
28015,2023-03-27,new,29
28015,2023-09-23,churn,-29
28016,2026-03-03,new,29
28017,2025-07-10,new,79
28019,2023-10-02,new,79
28020,2023-08-31,new,29
28031,2023-10-21,new,79
28031,2024-04-18,churn,-79
28044,2025-02-20,new,199
28049,2025-02-08,new,29
28050,2025-08-26,new,29
28059,2024-04-10,new,29
28059,2024-10-07,churn,-29
28061,2023-08-10,new,29
28068,2025-04-14,new,79
28069,2023-03-25,new,79
28069,2023-09-21,churn,-79
28075,2024-09-09,new,199
28081,2024-01-11,new,199
28081,2024-07-09,churn,-199
28083,2024-09-16,new,79
28083,2025-03-15,churn,-79
28086,2023-12-11,new,79
28086,2024-06-08,churn,-79
28091,2025-06-11,new,29
28093,2023-12-22,new,29
28113,2024-11-10,new,29
28113,2025-05-09,churn,-29
28127,2024-07-16,new,29
28127,2024-10-14,contraction,-50
28134,2025-05-12,new,29
28134,2025-08-10,contraction,-50
28134,2025-11-08,churn,-29
28138,2023-12-27,new,79
28138,2024-03-26,contraction,-50
28141,2024-09-20,new,29
28142,2023-10-17,new,29
28143,2024-10-06,new,79
28149,2024-08-15,new,29
28149,2025-02-11,churn,-29
28150,2024-06-06,new,79
28154,2025-11-22,new,29
28154,2026-02-20,contraction,-50
28161,2025-05-10,new,29
28161,2025-11-06,churn,-29
28163,2026-01-25,new,29
28166,2025-02-03,new,29
28177,2025-05-02,new,79
28180,2023-06-06,new,29
28188,2025-03-22,new,79
28188,2025-06-20,contraction,-50
28206,2024-03-06,new,79
28207,2025-11-03,new,29
28213,2024-03-22,new,29
28213,2024-09-18,churn,-29
28214,2023-09-11,new,29
28216,2023-09-09,new,29
28216,2024-03-07,churn,-29
28228,2025-07-06,new,79
28228,2026-01-02,churn,-79
28229,2024-11-16,new,79
28231,2024-09-13,new,79
28237,2024-09-14,new,29
28249,2025-06-08,new,29
28249,2025-12-05,churn,-29
28251,2024-11-27,new,199
28251,2025-02-25,contraction,-50
28251,2025-05-26,churn,-199
28255,2026-03-09,new,29
28257,2025-03-15,new,199
28267,2023-12-01,new,79
28267,2024-02-29,expansion,50
28268,2023-08-22,new,29
28278,2023-07-27,new,79
28280,2025-09-17,new,199
28280,2026-03-16,churn,-199
28284,2023-06-17,new,199
28284,2023-12-14,churn,-199
28288,2025-02-16,new,199
28290,2024-12-16,new,29
28290,2025-06-14,churn,-29
28295,2024-03-02,new,29
28308,2024-01-26,new,29
28320,2024-08-24,new,29
28321,2024-01-12,new,79
28321,2024-04-11,contraction,-50
28326,2024-08-10,new,199
28326,2025-02-06,churn,-199
28327,2024-04-07,new,29
28330,2024-07-17,new,79
28336,2024-06-06,new,199
28336,2024-09-04,expansion,50
28340,2025-06-16,new,29
28344,2025-09-26,new,29
28344,2025-12-25,contraction,-50
28344,2026-03-25,churn,-29
28347,2025-03-08,new,29
28347,2025-09-04,churn,-29
28348,2024-11-20,new,79
28353,2025-12-10,new,199
28362,2023-12-23,new,79
28362,2024-03-22,expansion,50
28366,2025-02-04,new,199
28377,2025-09-13,new,199
28387,2026-01-14,new,199
28389,2026-02-02,new,29
28399,2024-07-30,new,199
28407,2024-06-08,new,29
28409,2023-03-08,new,29
28428,2025-01-15,new,79
28439,2023-11-18,new,79
28440,2025-01-05,new,29
28450,2024-01-11,new,29
28450,2024-04-10,expansion,50
28450,2024-07-09,churn,-29
28454,2023-12-29,new,29
28464,2024-08-30,new,79
28468,2025-07-15,new,29
28468,2026-01-11,churn,-29
28482,2025-11-08,new,199
28482,2026-02-06,expansion,50
28484,2025-07-02,new,29
28491,2025-01-14,new,199
28491,2025-04-14,contraction,-50
28498,2026-01-15,new,199
28499,2024-03-30,new,79
28499,2024-06-28,contraction,-50
28503,2023-05-16,new,29
28507,2024-05-03,new,29
28507,2024-10-30,churn,-29
28520,2023-03-08,new,29
28529,2024-11-01,new,199
28529,2025-01-30,expansion,50
28529,2025-04-30,churn,-199
28531,2025-08-30,new,29
28531,2026-02-26,churn,-29
28539,2025-09-27,new,29
28545,2023-02-27,new,79
28548,2026-02-19,new,79
28549,2025-08-09,new,79
28551,2024-10-12,new,29
28551,2025-04-10,churn,-29
28552,2026-02-25,new,199
28555,2023-12-12,new,79
28557,2025-05-26,new,29
28570,2025-01-15,new,29
28571,2025-03-21,new,79
28571,2025-06-19,expansion,50
28571,2025-09-17,churn,-79
28577,2024-03-13,new,199
28581,2025-03-09,new,29
28581,2025-09-05,churn,-29
28582,2024-04-12,new,79
28591,2023-06-23,new,29
28610,2025-02-16,new,79
28611,2025-10-06,new,29
28612,2024-12-09,new,29
28616,2023-06-23,new,199
28620,2024-02-12,new,199
28625,2023-11-02,new,29
28625,2024-01-31,expansion,50
28625,2024-04-30,churn,-29
28633,2024-06-07,new,199
28636,2023-02-21,new,29
28643,2026-03-10,new,199
28645,2023-09-28,new,29
28645,2024-03-26,churn,-29
28653,2025-07-31,new,79
28654,2025-04-12,new,29
28664,2023-07-26,new,29
28665,2026-01-28,new,79
28665,2026-07-27,churn,-79
28666,2025-05-20,new,29
28666,2025-08-18,expansion,50
28667,2024-04-23,new,199
28676,2024-04-08,new,199
28677,2023-12-28,new,79
28686,2023-03-13,new,29
28688,2023-05-09,new,29
28690,2026-01-11,new,199
28692,2023-11-15,new,199
28696,2025-07-14,new,79
28705,2023-01-27,new,199
28706,2024-04-17,new,79
28709,2026-02-04,new,29
28714,2025-12-20,new,29
28714,2026-03-20,contraction,-50
28719,2025-12-10,new,29
28719,2026-03-10,contraction,-50
28724,2023-11-27,new,29
28729,2025-08-20,new,199
28729,2025-11-18,expansion,50
28744,2024-10-19,new,79
28744,2025-04-17,churn,-79
28756,2025-10-04,new,199
28758,2023-12-04,new,29
28758,2024-06-01,churn,-29
28772,2025-02-25,new,79
28773,2024-09-16,new,29
28773,2024-12-15,expansion,50
28775,2025-06-10,new,29
28775,2025-12-07,churn,-29
28779,2024-05-04,new,199
28783,2025-05-21,new,79
28784,2025-06-27,new,29
28794,2025-01-12,new,29
28797,2023-10-23,new,79
28804,2023-08-05,new,199
28804,2024-02-01,churn,-199
28831,2024-01-20,new,29
28841,2023-10-31,new,29
28842,2025-09-18,new,29
28843,2025-09-02,new,29
28845,2023-04-06,new,79
28848,2025-04-06,new,79
28856,2023-08-27,new,29
28856,2024-02-23,churn,-29
28857,2023-08-30,new,79
28873,2025-03-07,new,29
28875,2024-01-24,new,29
28877,2025-02-03,new,29
28878,2025-12-16,new,79
28885,2023-06-26,new,29
28885,2023-09-24,expansion,50
28892,2023-03-23,new,199
28906,2025-10-28,new,29
28906,2026-01-26,contraction,-50
28906,2026-04-26,churn,-29
28907,2024-01-28,new,79
28908,2024-02-11,new,79
28908,2024-05-11,expansion,50
28911,2024-02-20,new,29
28911,2024-08-18,churn,-29
28912,2023-05-18,new,29
28915,2023-03-30,new,79
28915,2023-09-26,churn,-79
28917,2023-07-11,new,199
28917,2024-01-07,churn,-199
28918,2025-11-24,new,29
28928,2024-01-25,new,79
28931,2023-06-15,new,29
28935,2024-11-07,new,79
28935,2025-05-06,churn,-79
28936,2024-10-30,new,29
28946,2024-12-03,new,79
28966,2024-03-29,new,29
28966,2024-09-25,churn,-29
28967,2025-06-30,new,79
28967,2025-12-27,churn,-79
28968,2024-08-18,new,199
28969,2023-02-16,new,199
28969,2023-08-15,churn,-199
28977,2024-07-31,new,29
28977,2024-10-29,contraction,-50
28977,2025-01-27,churn,-29
28983,2024-10-22,new,199
28983,2025-01-20,contraction,-50
28984,2023-07-24,new,79
28984,2023-10-22,contraction,-50
28985,2024-08-15,new,29
28986,2025-04-30,new,29
28987,2025-05-27,new,29
28987,2025-11-23,churn,-29
28988,2024-10-24,new,79
28989,2024-09-13,new,29
28989,2025-03-12,churn,-29
28991,2024-01-28,new,29
28991,2024-07-26,churn,-29
28998,2025-05-30,new,29
28998,2025-11-26,churn,-29
29008,2025-03-15,new,79
29008,2025-09-11,churn,-79
29025,2026-02-28,new,79
29026,2023-12-01,new,29
29029,2024-05-19,new,29
29030,2024-09-24,new,79
29030,2025-03-23,churn,-79
29035,2024-01-20,new,79
29035,2024-04-19,expansion,50
29040,2023-02-12,new,79
29040,2023-05-13,contraction,-50
29041,2025-05-13,new,199
29041,2025-08-11,contraction,-50
29042,2024-04-09,new,199
29049,2023-02-28,new,199
29049,2023-05-29,contraction,-50
29049,2023-08-27,churn,-199
29051,2023-05-11,new,79
29054,2024-04-01,new,199
29054,2024-09-28,churn,-199
29060,2025-07-28,new,79
29061,2025-07-18,new,199
29072,2026-02-09,new,29
29075,2024-06-15,new,79
29076,2025-08-16,new,199
29076,2026-02-12,churn,-199
29077,2023-07-15,new,29
29082,2024-07-01,new,29
29089,2023-05-31,new,79
29093,2025-10-01,new,29
29095,2024-01-21,new,79
29095,2024-04-20,expansion,50
29097,2024-10-14,new,29
29097,2025-04-12,churn,-29
29100,2023-09-30,new,79
29108,2023-09-07,new,29
29109,2023-08-14,new,79
29128,2024-05-21,new,29
29129,2025-03-05,new,29
29129,2025-09-01,churn,-29
29130,2025-09-09,new,79
29130,2026-03-08,churn,-79
29149,2024-05-13,new,29
29152,2024-08-06,new,79
29158,2025-04-07,new,79
29166,2025-12-04,new,29
29167,2023-12-06,new,29
29170,2025-04-01,new,29
29175,2023-06-07,new,29
29194,2025-03-14,new,29
29200,2024-11-02,new,29
29213,2023-05-04,new,199
29219,2023-10-14,new,29
29219,2024-04-11,churn,-29
29223,2024-05-21,new,29
29224,2024-05-03,new,29
29228,2023-08-17,new,29
29232,2025-11-09,new,79
29234,2025-06-05,new,29
29234,2025-12-02,churn,-29
29241,2023-01-19,new,79
29241,2023-07-18,churn,-79
29245,2024-07-15,new,29
29251,2023-06-28,new,199
29264,2024-02-27,new,79
29264,2024-08-25,churn,-79
29271,2024-03-21,new,199
29272,2024-07-19,new,79
29279,2023-05-04,new,29
29283,2023-09-05,new,79
29295,2024-09-08,new,199
29295,2025-03-07,churn,-199
29305,2025-05-10,new,199
29310,2025-04-19,new,29
29311,2024-11-06,new,79
29311,2025-05-05,churn,-79
29320,2025-01-29,new,29
29320,2025-07-28,churn,-29
29325,2025-09-08,new,79
29325,2025-12-07,contraction,-50
29326,2023-06-20,new,29
29326,2023-12-17,churn,-29
29327,2025-11-25,new,79
29329,2024-10-16,new,29
29329,2025-04-14,churn,-29
29335,2024-08-24,new,29
29338,2026-01-31,new,29
29338,2026-05-01,contraction,-50
29340,2024-08-18,new,79
29349,2023-05-03,new,199
29358,2025-11-13,new,29
29364,2023-12-11,new,29
29367,2025-11-23,new,29
29368,2025-11-22,new,79
29368,2026-05-21,churn,-79
29370,2025-11-01,new,29
29374,2024-03-27,new,79
29378,2024-04-25,new,29
29382,2023-09-10,new,79
29387,2023-08-18,new,79
29387,2024-02-14,churn,-79
29393,2025-01-28,new,199
29405,2024-01-19,new,199
29411,2026-03-04,new,79
29417,2025-09-26,new,29
29422,2024-12-07,new,79
29422,2025-03-07,expansion,50
29425,2026-02-17,new,79
29425,2026-08-16,churn,-79
29427,2025-09-07,new,29
29427,2025-12-06,expansion,50
29433,2023-12-25,new,79
29453,2024-01-22,new,79
29460,2023-12-22,new,29
29465,2025-07-19,new,79
29468,2024-11-08,new,29
29468,2025-05-07,churn,-29
29469,2023-08-02,new,79
29469,2023-10-31,expansion,50
29471,2023-08-30,new,29
29473,2025-01-17,new,79
29473,2025-04-17,expansion,50
29473,2025-07-16,churn,-79
29480,2023-05-09,new,199
29481,2023-04-29,new,79
29481,2023-07-28,expansion,50
29481,2023-10-26,churn,-79
29482,2024-03-18,new,29
29498,2024-12-01,new,29
29498,2025-05-30,churn,-29
29499,2026-03-02,new,79
29500,2024-11-01,new,29
29500,2025-01-30,expansion,50
29502,2023-06-23,new,29
29505,2024-01-13,new,29
29506,2024-09-20,new,29
29516,2023-02-13,new,29
29517,2025-09-04,new,29
29517,2026-03-03,churn,-29
29518,2023-06-26,new,29
29520,2024-07-27,new,29
29523,2024-05-12,new,29
29523,2024-08-10,contraction,-50
29523,2024-11-08,churn,-29
29529,2024-02-21,new,199
29529,2024-08-19,churn,-199
29530,2024-01-31,new,29
29534,2026-02-08,new,29
29540,2024-08-28,new,79
29540,2025-02-24,churn,-79
29551,2025-12-23,new,199
29557,2026-02-01,new,79
29570,2024-01-14,new,79
29571,2023-11-27,new,79
29576,2024-11-28,new,79
29588,2024-04-25,new,199
29588,2024-07-24,contraction,-50
29598,2025-02-16,new,79
29598,2025-05-17,expansion,50
29603,2024-12-25,new,79
29610,2024-11-02,new,29
29611,2023-01-24,new,79
29613,2024-06-28,new,79
29613,2024-12-25,churn,-79
29615,2025-12-19,new,79
29630,2025-09-21,new,79
29632,2023-05-31,new,79
29632,2023-11-27,churn,-79
29650,2024-06-22,new,29
29659,2023-10-22,new,79
29664,2023-06-19,new,79
29664,2023-09-17,expansion,50
29670,2023-11-13,new,29
29675,2024-05-04,new,79
29676,2024-07-05,new,79
29678,2025-07-08,new,29
29684,2023-10-20,new,29
29690,2025-01-22,new,79
29691,2023-03-04,new,29
29693,2025-01-25,new,199
29693,2025-07-24,churn,-199
29694,2025-08-17,new,79
29696,2025-09-26,new,199
29699,2026-02-02,new,199
29702,2025-02-18,new,29
29720,2025-07-06,new,79
29720,2025-10-04,expansion,50
29724,2023-03-01,new,29
29728,2026-02-21,new,79
29741,2023-10-08,new,79
29741,2024-04-05,churn,-79
29744,2024-02-12,new,29
29744,2024-05-12,contraction,-50
29744,2024-08-10,churn,-29
29747,2025-01-22,new,79
29749,2024-10-09,new,29
29751,2024-07-03,new,79
29751,2024-12-30,churn,-79
29760,2024-05-22,new,199
29766,2025-02-19,new,29
29767,2025-09-20,new,29
29772,2023-12-15,new,79
29772,2024-06-12,churn,-79
29774,2024-08-09,new,199
29774,2025-02-05,churn,-199
29780,2025-03-12,new,29
29791,2023-08-28,new,29
29794,2025-12-20,new,79
29796,2023-04-03,new,79
29797,2025-04-19,new,79
29797,2025-07-18,contraction,-50
29800,2026-02-09,new,29
29806,2025-01-13,new,79
29806,2025-04-13,expansion,50
29810,2025-08-07,new,29
29820,2024-06-20,new,29
29825,2023-11-17,new,79
29825,2024-05-15,churn,-79
29829,2024-04-09,new,29
29830,2025-06-10,new,29
29830,2025-12-07,churn,-29
29831,2023-02-16,new,79
29831,2023-05-17,contraction,-50
29837,2024-04-30,new,79
29839,2024-08-24,new,29
29843,2025-11-18,new,79
29844,2024-06-05,new,29
29844,2024-09-03,expansion,50
29855,2023-10-06,new,29
29856,2024-12-12,new,29
29856,2025-06-10,churn,-29
29859,2026-01-25,new,29
29861,2026-03-08,new,79
29863,2024-11-04,new,29
29863,2025-02-02,contraction,-50
29864,2025-03-23,new,79
29870,2024-01-11,new,199
29870,2024-07-09,churn,-199
29872,2023-12-15,new,79
29872,2024-03-14,contraction,-50
29876,2025-05-22,new,29
29876,2025-11-18,churn,-29
29881,2024-04-18,new,79
29889,2023-11-08,new,79
29889,2024-05-06,churn,-79
29892,2023-11-12,new,29
29898,2025-10-15,new,29
29904,2023-07-16,new,29
29905,2024-02-09,new,29
29905,2024-05-09,expansion,50
29909,2025-07-02,new,79
29913,2025-01-12,new,29
29913,2025-04-12,contraction,-50
29913,2025-07-11,churn,-29
29916,2023-06-25,new,79
29918,2023-01-26,new,79
29920,2023-07-24,new,29
29920,2023-10-22,expansion,50
29923,2024-02-12,new,199
29934,2025-07-28,new,79
29934,2026-01-24,churn,-79
29936,2025-08-02,new,29
29940,2024-04-22,new,29
29944,2023-11-13,new,79
29950,2023-04-19,new,29
29950,2023-07-18,expansion,50
29957,2026-03-03,new,29
29968,2025-12-20,new,29
29976,2024-09-14,new,79
29976,2024-12-13,expansion,50
29982,2025-08-06,new,29
29985,2024-08-04,new,29
29985,2025-01-31,churn,-29
29997,2024-10-29,new,29
30003,2024-12-27,new,29
30006,2025-12-23,new,79
30010,2024-03-13,new,79
30011,2023-09-16,new,29
30015,2024-12-31,new,29
30016,2023-08-03,new,79
30023,2026-03-07,new,79
30024,2023-03-09,new,29
30026,2024-01-24,new,29
30026,2024-07-22,churn,-29
30029,2024-09-18,new,29
30031,2024-12-03,new,29
30035,2024-09-29,new,29
30035,2025-03-28,churn,-29
30039,2024-11-28,new,29
30041,2024-12-25,new,29
30048,2023-11-02,new,29
30048,2024-04-30,churn,-29
30053,2023-11-21,new,79
30053,2024-02-19,expansion,50
30064,2026-01-17,new,79
30064,2026-07-16,churn,-79
30067,2025-09-20,new,29
30067,2026-03-19,churn,-29
30075,2023-11-11,new,199
30077,2026-03-16,new,79
30079,2024-03-16,new,79
30089,2024-04-11,new,29
30090,2025-08-04,new,79
30090,2026-01-31,churn,-79
30099,2024-04-30,new,29
30107,2024-08-19,new,29
30108,2025-01-03,new,79
30113,2025-02-24,new,199
30116,2024-01-21,new,79
30117,2024-01-14,new,29
30134,2023-02-26,new,199
30143,2026-02-23,new,29
30150,2024-01-06,new,29
30159,2023-07-07,new,29
30159,2024-01-03,churn,-29
30176,2026-02-05,new,29
30178,2024-12-19,new,29
30180,2026-03-14,new,79
30182,2023-01-27,new,199
30185,2023-03-30,new,199
30192,2024-10-27,new,29
30192,2025-04-25,churn,-29
30199,2024-08-24,new,79
30199,2024-11-22,expansion,50
30200,2023-03-11,new,79
30202,2024-07-07,new,29
30209,2024-06-16,new,29
30209,2024-12-13,churn,-29
30221,2024-11-12,new,29
30223,2024-08-06,new,79
30223,2024-11-04,expansion,50
30223,2025-02-02,churn,-79
30227,2023-03-08,new,29
30227,2023-09-04,churn,-29
30233,2023-06-03,new,79
30238,2023-02-13,new,29
30254,2023-04-25,new,79
30256,2023-11-09,new,79
30260,2023-10-31,new,79
30260,2024-04-28,churn,-79
30315,2025-12-18,new,29
30323,2024-05-12,new,29
30328,2025-05-14,new,199
30328,2025-11-10,churn,-199
30333,2024-04-25,new,29
30340,2026-03-02,new,199
30340,2026-08-29,churn,-199
30343,2024-01-19,new,79
30343,2024-07-17,churn,-79
30344,2024-02-04,new,29
30344,2024-05-04,contraction,-50
30345,2023-10-16,new,79
30354,2025-10-04,new,29
30356,2024-04-21,new,79
30359,2024-11-02,new,29
30360,2025-12-31,new,199
30360,2026-06-29,churn,-199
30366,2024-03-27,new,29
30373,2024-05-21,new,29
30375,2023-04-27,new,199
30380,2025-08-25,new,29
30382,2025-06-15,new,79
30382,2025-12-12,churn,-79
30386,2026-03-10,new,199
30386,2026-06-08,contraction,-50
30389,2025-07-14,new,79
30390,2023-11-23,new,29
30390,2024-02-21,contraction,-50
30395,2023-07-05,new,29
30395,2024-01-01,churn,-29
30397,2025-12-29,new,29
30397,2026-03-29,contraction,-50
30397,2026-06-27,churn,-29
30407,2023-07-06,new,29
30407,2023-10-04,expansion,50
30416,2023-12-09,new,29
30427,2025-05-20,new,29
30427,2025-08-18,expansion,50
30432,2025-02-14,new,29
30432,2025-05-15,expansion,50
30432,2025-08-13,churn,-29
30435,2024-06-25,new,29
30435,2024-12-22,churn,-29
30452,2025-11-16,new,29
30452,2026-02-14,expansion,50
30452,2026-05-15,churn,-29
30458,2024-11-22,new,79
30459,2023-10-16,new,199
30479,2026-03-07,new,79
30485,2025-01-07,new,79
30495,2023-10-07,new,29
30495,2024-01-05,expansion,50
30498,2026-01-26,new,79
30502,2023-11-06,new,199
30505,2025-06-29,new,29
30511,2025-07-26,new,29
30511,2026-01-22,churn,-29
30512,2025-10-29,new,29
30525,2024-02-03,new,29
30533,2023-07-17,new,29
30548,2025-01-08,new,79
30550,2024-12-27,new,29
30551,2025-10-09,new,29
30552,2023-08-20,new,29
30553,2024-06-09,new,79
30553,2024-12-06,churn,-79
30554,2023-09-30,new,199
30569,2024-08-19,new,29
30569,2024-11-17,expansion,50
30569,2025-02-15,churn,-29
30571,2024-12-27,new,79
30592,2024-09-01,new,29
30602,2025-02-04,new,29
30602,2025-08-03,churn,-29
30603,2023-10-13,new,29
30606,2023-04-12,new,29
30606,2023-10-09,churn,-29
30608,2025-01-03,new,29
30614,2024-02-04,new,29
30616,2023-08-26,new,199
30626,2023-04-18,new,79
30628,2024-09-01,new,29
30628,2025-02-28,churn,-29
30630,2023-06-18,new,29
30656,2024-02-03,new,79
30661,2023-05-15,new,199
30661,2023-11-11,churn,-199
30673,2023-12-25,new,79
30674,2025-04-21,new,79
30679,2023-12-11,new,29
30691,2023-11-03,new,29
30691,2024-05-01,churn,-29
30699,2025-07-07,new,29
30702,2024-08-18,new,29
30702,2025-02-14,churn,-29
30704,2024-07-29,new,29
30713,2024-03-27,new,29
30714,2025-10-25,new,199
30718,2024-10-25,new,29
30719,2024-06-16,new,79
30720,2025-03-12,new,29
30720,2025-09-08,churn,-29
30729,2023-10-05,new,29
30729,2024-04-02,churn,-29
30730,2025-11-28,new,79
30730,2026-05-27,churn,-79
30732,2025-05-04,new,29
30740,2026-03-12,new,79
30740,2026-06-10,contraction,-50
30744,2024-11-02,new,79
30744,2025-05-01,churn,-79
30760,2025-06-19,new,79
30760,2025-09-17,contraction,-50
30765,2025-12-26,new,79
30770,2023-09-30,new,29
30770,2024-03-28,churn,-29
30777,2025-11-05,new,79
30777,2026-05-04,churn,-79
30788,2025-05-28,new,79
30788,2025-11-24,churn,-79
30794,2025-01-21,new,199
30798,2024-12-31,new,199
30807,2025-06-20,new,29
30811,2023-12-12,new,79
30813,2024-08-22,new,199
30813,2025-02-18,churn,-199
30814,2023-12-31,new,29
30814,2024-06-28,churn,-29
30817,2023-12-11,new,29
30817,2024-06-08,churn,-29
30818,2024-05-07,new,79
30820,2025-02-10,new,79
30827,2025-09-02,new,29
30828,2023-10-09,new,29
30828,2024-01-07,expansion,50
30832,2023-07-04,new,29
30832,2023-12-31,churn,-29
30833,2023-01-28,new,29
30835,2024-02-08,new,29
30835,2024-08-06,churn,-29
30839,2023-08-01,new,79
30845,2023-05-12,new,79
30848,2025-01-02,new,29
30848,2025-07-01,churn,-29
30849,2025-06-01,new,79
30858,2024-05-15,new,199
30858,2024-11-11,churn,-199
30862,2026-02-08,new,29
30863,2025-03-15,new,79
30868,2023-02-12,new,79
30871,2024-04-24,new,79
30871,2024-10-21,churn,-79
30875,2023-11-03,new,29
30878,2023-07-08,new,79
30879,2023-02-14,new,29
30882,2023-12-25,new,79
30883,2025-12-11,new,79
30884,2025-10-14,new,199
30886,2026-02-09,new,29
30889,2025-05-31,new,29
30889,2025-11-27,churn,-29
30892,2023-09-16,new,79
30897,2025-03-04,new,29
30901,2023-01-25,new,79
30902,2025-09-12,new,29
30906,2025-01-11,new,29
30908,2025-11-09,new,29
30912,2024-12-07,new,29
30912,2025-03-07,contraction,-50
30915,2024-12-29,new,29
30921,2025-10-08,new,29
30921,2026-01-06,contraction,-50
30928,2025-04-13,new,29
30935,2024-07-01,new,199
30936,2026-01-23,new,79
30938,2023-08-31,new,79
30939,2025-12-11,new,79
30940,2025-10-01,new,79
30943,2024-09-28,new,79
30945,2023-06-20,new,29
30946,2023-10-02,new,79
30959,2026-01-21,new,79
30962,2023-11-19,new,29
30962,2024-02-17,expansion,50
30966,2024-08-03,new,29
30971,2026-01-15,new,79
30975,2025-11-20,new,29
30985,2024-04-15,new,29
30985,2024-10-12,churn,-29
30997,2024-10-07,new,29
30997,2025-01-05,contraction,-50
31014,2024-03-08,new,29
31014,2024-06-06,contraction,-50
31014,2024-09-04,churn,-29
31020,2024-06-25,new,29
31020,2024-12-22,churn,-29
31042,2025-09-10,new,29
31046,2026-02-06,new,79
31046,2026-05-07,contraction,-50
31058,2024-01-12,new,29
31058,2024-07-10,churn,-29
31062,2023-10-09,new,29
31068,2023-10-10,new,29
31068,2024-04-07,churn,-29
31072,2023-07-04,new,199
31077,2023-09-06,new,79
31078,2024-09-15,new,199
31088,2024-05-13,new,79
31092,2023-06-25,new,29
31099,2025-12-08,new,79
31099,2026-03-08,expansion,50
31099,2026-06-06,churn,-79
31104,2024-06-18,new,29
31104,2024-12-15,churn,-29
31110,2024-10-31,new,29
31121,2024-01-14,new,79
31122,2025-06-18,new,199
31126,2024-09-01,new,29
31130,2023-11-26,new,79
31136,2023-03-09,new,199
31143,2023-01-16,new,29
31143,2023-04-16,contraction,-50
31148,2025-05-05,new,79
31149,2023-03-06,new,29
31151,2023-03-31,new,29
31151,2023-06-29,expansion,50
31155,2025-05-08,new,79
31155,2025-08-06,expansion,50
31156,2025-05-15,new,79
31158,2025-02-09,new,79
31179,2024-04-25,new,79
31181,2024-05-01,new,29
31189,2023-10-27,new,29
31189,2024-04-24,churn,-29
31202,2025-12-02,new,29
31202,2026-05-31,churn,-29
31203,2024-10-21,new,29
31204,2024-03-04,new,79
31206,2025-12-16,new,29
31206,2026-03-16,expansion,50
31209,2025-12-13,new,29
31217,2025-12-04,new,29
31221,2024-07-18,new,79
31222,2025-01-08,new,29
31233,2024-02-25,new,29
31233,2024-08-23,churn,-29
31234,2023-04-13,new,79
31234,2023-10-10,churn,-79
31235,2024-09-13,new,79
31238,2023-03-17,new,79
31246,2023-05-03,new,29
31247,2025-11-02,new,29
31253,2023-12-02,new,29
31253,2024-03-01,expansion,50
31258,2024-10-09,new,199
31258,2025-01-07,expansion,50
31271,2023-07-01,new,199
31271,2023-12-28,churn,-199
31281,2026-02-09,new,29
31282,2023-07-01,new,199
31282,2023-09-29,expansion,50
31282,2023-12-28,churn,-199
31284,2024-03-30,new,29
31285,2024-07-27,new,199
31285,2025-01-23,churn,-199
31290,2024-05-20,new,29
31290,2024-11-16,churn,-29
31310,2023-06-13,new,79
31310,2023-12-10,churn,-79
31315,2023-05-29,new,199
31317,2024-10-13,new,29
31317,2025-04-11,churn,-29
31321,2025-04-20,new,29
31324,2024-01-24,new,29
31325,2023-04-10,new,29
31326,2023-04-09,new,29
31329,2023-01-21,new,79
31331,2023-01-29,new,79
31333,2025-04-11,new,29
31339,2024-04-22,new,199
31339,2024-10-19,churn,-199
31341,2024-06-04,new,79
31343,2023-09-08,new,79
31345,2024-09-20,new,29
31345,2024-12-19,expansion,50
31350,2024-11-06,new,29
31351,2023-06-30,new,199
31366,2024-09-21,new,29
31366,2025-03-20,churn,-29
31369,2023-02-14,new,79
31369,2023-08-13,churn,-79
31370,2023-06-06,new,29
31370,2023-12-03,churn,-29
31374,2024-06-09,new,29
31379,2026-03-12,new,29
31383,2024-02-03,new,29
31386,2023-08-21,new,79
31386,2023-11-19,expansion,50
31399,2026-02-12,new,79
31400,2023-06-16,new,79
31404,2024-04-10,new,29
31405,2025-04-12,new,29
31411,2025-09-26,new,79
31411,2025-12-25,expansion,50
31411,2026-03-25,churn,-79
31416,2023-08-27,new,199
31416,2024-02-23,churn,-199
31428,2023-08-11,new,79
31430,2025-02-25,new,29
31434,2026-03-14,new,199
31435,2024-09-06,new,29
31443,2024-03-28,new,199
31456,2023-07-18,new,29
31456,2023-10-16,contraction,-50
31458,2025-04-14,new,29
31468,2024-11-13,new,29
31468,2025-05-12,churn,-29
31474,2023-08-03,new,79
31483,2023-08-21,new,199
31485,2023-03-01,new,29
31485,2023-05-30,contraction,-50
31485,2023-08-28,churn,-29
31486,2023-06-24,new,79
31488,2026-02-12,new,79
31488,2026-05-13,contraction,-50
31493,2025-03-19,new,79
31498,2025-12-13,new,199
31498,2026-03-13,contraction,-50
31500,2024-12-16,new,79
31506,2023-12-27,new,79
31511,2023-12-18,new,199
31530,2024-12-25,new,29
31530,2025-06-23,churn,-29
31534,2023-03-03,new,29
31546,2025-11-27,new,29
31550,2025-03-18,new,29
31554,2024-07-20,new,29
31557,2023-12-03,new,79
31557,2024-03-02,contraction,-50
31565,2023-06-02,new,79
31565,2023-11-29,churn,-79
31570,2025-06-10,new,29
31571,2024-05-31,new,29
31573,2025-02-02,new,29
31582,2024-02-14,new,79
31584,2023-04-10,new,29
31585,2025-12-10,new,29
31585,2026-03-10,expansion,50
31595,2026-01-12,new,79
31595,2026-07-11,churn,-79
31596,2024-04-04,new,29
31596,2024-10-01,churn,-29
31604,2025-02-15,new,29
31604,2025-05-16,contraction,-50
31604,2025-08-14,churn,-29
31605,2023-06-08,new,29
31605,2023-09-06,contraction,-50
31605,2023-12-05,churn,-29
31611,2023-08-28,new,79
31611,2023-11-26,expansion,50
31613,2026-01-17,new,29
31615,2023-05-05,new,199
31616,2023-12-19,new,199
31628,2024-07-21,new,79
31629,2023-03-23,new,29
31641,2026-03-15,new,29
31642,2024-01-26,new,29
31651,2025-02-20,new,29
31659,2023-06-05,new,199
31660,2025-09-21,new,79
31661,2023-08-01,new,79
31663,2024-01-15,new,29
31670,2023-07-02,new,199
31673,2023-06-08,new,29
31674,2023-12-11,new,29
31674,2024-03-10,expansion,50
31680,2025-03-08,new,29
31680,2025-06-06,contraction,-50
31683,2024-08-13,new,29
31693,2024-02-25,new,29
31697,2024-11-01,new,29
31706,2023-09-08,new,29
31711,2026-01-21,new,29
31712,2024-09-10,new,79
31712,2025-03-09,churn,-79
31718,2024-03-13,new,29
31729,2025-12-04,new,79
31729,2026-06-02,churn,-79
31736,2024-09-29,new,79
31738,2024-01-14,new,29
31748,2023-02-02,new,29
31752,2024-05-18,new,199
31767,2025-02-04,new,79
31772,2025-09-20,new,29
31775,2024-06-12,new,199
31794,2024-07-24,new,79
31794,2024-10-22,contraction,-50
31800,2023-09-23,new,199
31800,2023-12-22,expansion,50
31800,2024-03-21,churn,-199
31804,2024-01-19,new,29
31807,2023-07-29,new,29
31807,2024-01-25,churn,-29
31808,2024-09-12,new,79
31814,2023-06-20,new,29
31814,2023-09-18,contraction,-50
31815,2025-06-09,new,29
31815,2025-09-07,contraction,-50
31826,2023-01-17,new,79
31828,2025-03-07,new,79
31833,2024-08-25,new,29
31836,2024-09-24,new,29
31843,2024-09-02,new,29
31848,2025-12-13,new,199
31849,2025-05-03,new,29
31850,2024-06-10,new,29
31850,2024-12-07,churn,-29
31856,2024-05-02,new,29
31856,2024-07-31,contraction,-50
31857,2024-04-25,new,199
31863,2025-10-08,new,29
31872,2024-08-29,new,199
31872,2024-11-27,contraction,-50
31878,2024-03-25,new,29
31884,2025-11-07,new,79
31888,2023-03-19,new,29
31888,2023-06-17,contraction,-50
31888,2023-09-15,churn,-29
31890,2023-04-28,new,29
31896,2025-02-18,new,79
31896,2025-05-19,expansion,50
31896,2025-08-17,churn,-79
31906,2025-03-06,new,79
31908,2025-10-14,new,79
31908,2026-04-12,churn,-79
31910,2025-01-17,new,79
31914,2025-10-31,new,29
31919,2023-11-18,new,29
31919,2024-05-16,churn,-29
31922,2023-02-28,new,29
31923,2024-01-04,new,29
31926,2024-02-13,new,29
31929,2023-09-02,new,29
31929,2024-02-29,churn,-29
31934,2023-08-18,new,79
31934,2023-11-16,expansion,50
31935,2025-01-28,new,29
31935,2025-07-27,churn,-29
31940,2023-12-17,new,29
31941,2024-06-20,new,79
31946,2024-10-31,new,79
31951,2024-05-14,new,79
31956,2023-06-08,new,79
31959,2023-12-01,new,199
31959,2024-02-29,contraction,-50
31965,2024-09-18,new,29
31971,2024-10-21,new,29
31972,2023-05-12,new,29
31980,2023-07-18,new,79
31982,2023-10-22,new,29
31982,2024-04-19,churn,-29
31986,2025-10-03,new,79
32013,2024-01-29,new,29
32013,2024-07-27,churn,-29
32018,2023-01-29,new,29
32024,2025-06-11,new,29
32028,2023-08-20,new,29
32033,2024-04-19,new,29
32041,2026-03-08,new,29
32041,2026-06-06,expansion,50
32042,2024-07-30,new,29
32043,2023-07-11,new,29
32043,2024-01-07,churn,-29
32065,2023-08-02,new,79
32067,2023-02-11,new,79
32071,2023-12-04,new,29
32071,2024-03-03,expansion,50
32080,2023-10-11,new,29
32080,2024-01-09,contraction,-50
32082,2026-02-10,new,199
32083,2023-09-08,new,29
32083,2024-03-06,churn,-29
32085,2025-07-14,new,29
32090,2025-02-14,new,79
32102,2025-02-01,new,29
32106,2024-11-21,new,79
32110,2025-12-31,new,29
32113,2024-01-28,new,199
32117,2023-11-19,new,79
32117,2024-05-17,churn,-79
32132,2025-02-10,new,29
32132,2025-08-09,churn,-29
32135,2025-05-07,new,29
32142,2023-02-27,new,29
32147,2025-07-11,new,29
32148,2024-08-14,new,29
32148,2025-02-10,churn,-29
32155,2024-12-30,new,79
32155,2025-06-28,churn,-79
32157,2024-08-23,new,79
32159,2024-08-12,new,199
32159,2025-02-08,churn,-199
32160,2023-06-05,new,29
32160,2023-12-02,churn,-29
32162,2023-06-25,new,29
32162,2023-12-22,churn,-29
32178,2024-12-07,new,79
32178,2025-06-05,churn,-79
32183,2024-06-17,new,29
32186,2024-04-11,new,29
32187,2025-05-17,new,29
32188,2023-07-04,new,29
32194,2025-08-03,new,79
32197,2023-10-07,new,29
32197,2024-01-05,expansion,50
32197,2024-04-04,churn,-29
32199,2023-06-24,new,29
32214,2025-05-02,new,29
32214,2025-10-29,churn,-29
32221,2024-06-06,new,79
32222,2023-11-24,new,29
32223,2025-08-16,new,79
32223,2026-02-12,churn,-79
32233,2024-06-03,new,79
32233,2024-11-30,churn,-79
32240,2023-11-14,new,29
32243,2023-09-27,new,79
32243,2023-12-26,expansion,50
32247,2023-09-30,new,29
32247,2024-03-28,churn,-29
32253,2025-07-03,new,79
32253,2025-12-30,churn,-79
32267,2023-09-29,new,29
32267,2023-12-28,expansion,50
32267,2024-03-27,churn,-29
32278,2025-08-31,new,79
32281,2026-02-07,new,79
32282,2026-03-15,new,29
32282,2026-09-11,churn,-29
32289,2024-01-14,new,79
32293,2024-06-19,new,29
32302,2024-07-29,new,29
32303,2026-02-14,new,29
32312,2025-11-28,new,199
32321,2025-10-15,new,29
32329,2024-12-31,new,29
32336,2024-02-15,new,199
32338,2024-12-06,new,29
32339,2024-03-09,new,29
32349,2023-10-11,new,29
32349,2024-04-08,churn,-29
32353,2025-09-17,new,29
32353,2026-03-16,churn,-29
32359,2025-06-21,new,79
32361,2025-08-26,new,79
32361,2026-02-22,churn,-79
32364,2023-03-27,new,79
32371,2023-03-09,new,199
32372,2025-11-07,new,29
32372,2026-05-06,churn,-29
32378,2025-10-01,new,29
32386,2024-05-25,new,199
32386,2024-11-21,churn,-199
32394,2024-11-22,new,29
32396,2023-04-23,new,29
32396,2023-10-20,churn,-29
32401,2023-07-08,new,79
32401,2023-10-06,contraction,-50
32416,2026-03-08,new,29
32418,2024-10-24,new,29
32424,2024-07-15,new,79
32429,2025-05-22,new,29
32433,2025-02-20,new,29
32433,2025-08-19,churn,-29
32441,2023-08-24,new,79
32449,2026-03-10,new,79
32451,2024-05-28,new,29
32454,2024-06-20,new,29
32454,2024-09-18,expansion,50
32456,2025-07-11,new,29
32465,2025-11-23,new,199
32467,2023-04-13,new,29
32474,2023-05-30,new,29
32474,2023-11-26,churn,-29
32486,2024-11-30,new,79
32505,2026-02-13,new,29
32505,2026-08-12,churn,-29
32506,2023-10-14,new,199
32512,2025-05-09,new,29
32515,2025-01-03,new,199
32515,2025-04-03,contraction,-50
32516,2024-01-04,new,29
32524,2025-08-18,new,29
32527,2025-08-06,new,29
32528,2023-10-08,new,79
32531,2024-06-06,new,79
32533,2024-06-17,new,199
32535,2023-07-31,new,29
32535,2024-01-27,churn,-29
32538,2023-09-27,new,79
32543,2024-09-20,new,79
32559,2025-01-14,new,29
32559,2025-07-13,churn,-29
32561,2024-06-10,new,79
32569,2023-12-12,new,199
32586,2024-05-30,new,199
32586,2024-11-26,churn,-199
32597,2023-03-16,new,29
32601,2025-01-29,new,199
32601,2025-04-29,contraction,-50
32602,2023-04-12,new,199
32602,2023-10-09,churn,-199
32604,2026-02-20,new,29
32604,2026-08-19,churn,-29
32605,2024-10-25,new,29
32605,2025-04-23,churn,-29
32608,2023-03-19,new,79
32608,2023-09-15,churn,-79
32611,2023-09-10,new,199
32614,2024-02-05,new,199
32617,2024-01-10,new,29
32617,2024-04-09,contraction,-50
32621,2025-05-08,new,79
32661,2024-10-27,new,79
32667,2026-03-06,new,29
32667,2026-06-04,expansion,50
32673,2026-01-18,new,79
32675,2023-02-14,new,79
32675,2023-05-15,expansion,50
32690,2026-01-25,new,199
32693,2025-10-05,new,79
32693,2026-04-03,churn,-79
32703,2024-07-10,new,29
32703,2025-01-06,churn,-29
32704,2023-06-21,new,79
32704,2023-12-18,churn,-79
32716,2024-05-16,new,29
32717,2025-09-18,new,29
32732,2023-02-21,new,79
32732,2023-05-22,contraction,-50
32738,2024-03-09,new,79
32739,2025-06-18,new,29
32750,2024-12-01,new,79
32760,2023-08-09,new,199
32760,2023-11-07,contraction,-50
32762,2023-01-18,new,199
32778,2024-04-04,new,29
32781,2025-04-03,new,199
32781,2025-07-02,expansion,50
32781,2025-09-30,churn,-199
32782,2024-04-19,new,79
32790,2023-06-25,new,199
32790,2023-12-22,churn,-199
32792,2025-07-02,new,29
32802,2024-03-26,new,199
32803,2023-08-03,new,29
32804,2024-03-24,new,29
32819,2023-03-02,new,29
32819,2023-05-31,expansion,50
32824,2026-03-09,new,29
32827,2023-12-03,new,29
32827,2024-05-31,churn,-29
32828,2023-06-27,new,79
32828,2023-09-25,contraction,-50
32828,2023-12-24,churn,-79
32836,2024-01-06,new,79
32845,2025-02-21,new,29
32845,2025-05-22,contraction,-50
32846,2023-12-19,new,199
32850,2025-05-24,new,79
32857,2025-07-11,new,79
32858,2023-06-07,new,199
32864,2023-04-24,new,29
32864,2023-10-21,churn,-29
32872,2023-09-07,new,29
32875,2023-12-22,new,199
32875,2024-06-19,churn,-199
32881,2023-05-22,new,29
32882,2025-07-03,new,29
32882,2025-12-30,churn,-29
32894,2023-12-05,new,29
32900,2023-11-15,new,29
32900,2024-05-13,churn,-29
32908,2024-10-12,new,79
32911,2025-05-25,new,29
32915,2025-05-25,new,199
32916,2023-04-09,new,79
32920,2023-02-17,new,29
32920,2023-05-18,expansion,50
32920,2023-08-16,churn,-29
32921,2025-03-14,new,29
32924,2025-05-22,new,29
32925,2024-02-16,new,79
32926,2025-04-20,new,199
32927,2024-11-29,new,79
32927,2025-02-27,contraction,-50
32927,2025-05-28,churn,-79
32930,2024-03-19,new,79
32930,2024-09-15,churn,-79
32937,2023-08-19,new,79
32938,2023-10-12,new,29
32969,2023-07-12,new,29
32979,2024-12-07,new,29
32984,2023-04-25,new,79
32993,2024-10-29,new,79
32993,2025-01-27,contraction,-50
33002,2025-07-26,new,29
33002,2025-10-24,expansion,50
33006,2025-11-18,new,29
33009,2025-01-16,new,79
33010,2024-11-09,new,29
33010,2025-05-08,churn,-29
33016,2025-09-30,new,79
33017,2023-04-19,new,29
33017,2023-07-18,contraction,-50
33017,2023-10-16,churn,-29
33018,2023-11-09,new,29
33018,2024-02-07,contraction,-50
33018,2024-05-07,churn,-29
33019,2024-06-11,new,199
33026,2025-04-14,new,29
33026,2025-10-11,churn,-29
33028,2023-05-06,new,29
33046,2023-02-27,new,29
33052,2025-07-30,new,29
33052,2026-01-26,churn,-29
33054,2023-12-11,new,79
33054,2024-06-08,churn,-79
33062,2023-10-06,new,79
33063,2024-05-07,new,79
33067,2025-12-21,new,79
33071,2025-05-18,new,29
33074,2024-02-09,new,199
33074,2024-08-07,churn,-199
33078,2023-12-22,new,29
33080,2023-11-22,new,199
33080,2024-02-20,expansion,50
33081,2023-07-22,new,79
33081,2024-01-18,churn,-79
33084,2024-09-20,new,79
33090,2023-12-28,new,29
33090,2024-06-25,churn,-29
33092,2023-03-31,new,29
33121,2024-04-08,new,29
33121,2024-07-07,contraction,-50
33124,2024-01-17,new,79
33131,2024-02-13,new,199
33135,2023-04-14,new,29
33145,2024-07-03,new,29
33145,2024-12-30,churn,-29
33155,2024-10-14,new,79
33158,2023-03-08,new,29
33158,2023-09-04,churn,-29
33162,2026-02-25,new,79
33162,2026-05-26,expansion,50
33171,2026-01-14,new,199
33173,2024-08-02,new,29
33173,2025-01-29,churn,-29
33176,2025-04-15,new,29
33178,2025-05-28,new,29
33179,2024-02-02,new,199
33181,2024-11-24,new,79
33181,2025-05-23,churn,-79
33185,2024-01-02,new,79
33185,2024-06-30,churn,-79
33188,2025-05-12,new,79
33188,2025-11-08,churn,-79
33192,2023-10-21,new,79
33194,2023-05-04,new,29
33194,2023-10-31,churn,-29
33200,2023-03-18,new,199
33201,2023-07-05,new,29
33201,2024-01-01,churn,-29
33207,2023-06-02,new,29
33207,2023-08-31,expansion,50
33210,2023-04-27,new,29
33212,2023-02-03,new,79
33212,2023-08-02,churn,-79
33220,2023-01-22,new,79
33220,2023-04-22,contraction,-50
33221,2023-12-14,new,199
33222,2025-11-27,new,29
33226,2026-01-09,new,29
33231,2025-11-29,new,29
33231,2026-02-27,expansion,50
33234,2024-12-03,new,199
33234,2025-03-03,expansion,50
33237,2025-04-21,new,199
33238,2026-01-20,new,79
33238,2026-07-19,churn,-79
33245,2024-10-17,new,29
33250,2024-10-29,new,29
33250,2025-04-27,churn,-29
33252,2024-02-22,new,79
33252,2024-05-22,expansion,50
33254,2024-06-12,new,79
33256,2025-11-14,new,29
33258,2025-03-23,new,79
33258,2025-06-21,contraction,-50
33259,2025-01-20,new,199
33260,2026-01-08,new,29
33260,2026-07-07,churn,-29
33268,2024-07-31,new,29
33271,2023-06-18,new,29
33273,2023-06-22,new,29
33274,2025-07-23,new,29
33276,2024-04-12,new,29
33276,2024-07-11,expansion,50
33282,2024-10-15,new,29
33282,2025-04-13,churn,-29
33283,2024-08-29,new,199
33284,2023-03-08,new,29
33284,2023-09-04,churn,-29
33291,2023-12-27,new,29
33297,2023-02-14,new,29
33298,2024-05-27,new,29
33299,2024-05-23,new,79
33303,2024-11-16,new,79
33303,2025-02-14,contraction,-50
33316,2024-07-03,new,29
33316,2024-12-30,churn,-29
33318,2025-01-19,new,79
33320,2024-07-16,new,29
33323,2023-08-30,new,29
33326,2026-02-09,new,79
33326,2026-08-08,churn,-79
33330,2023-03-14,new,29
33331,2025-12-31,new,29
33336,2024-08-06,new,29
33336,2024-11-04,contraction,-50
33344,2025-04-26,new,29
33347,2025-05-01,new,79
33347,2025-07-30,contraction,-50
33351,2026-02-24,new,29
33353,2024-11-28,new,79
33358,2024-05-27,new,79
33359,2025-05-05,new,79
33360,2025-11-29,new,29
33360,2026-05-28,churn,-29
33371,2024-04-12,new,29
33374,2023-06-29,new,79
33379,2024-02-24,new,29
33379,2024-08-22,churn,-29
33383,2023-02-01,new,199
33383,2023-07-31,churn,-199
33386,2025-11-14,new,29
33393,2024-12-10,new,29
33393,2025-06-08,churn,-29
33401,2026-01-30,new,29
33403,2023-11-29,new,79
33403,2024-05-27,churn,-79
33406,2023-07-23,new,29
33413,2025-03-04,new,79
33416,2023-08-15,new,29
33416,2023-11-13,contraction,-50
33421,2025-11-13,new,79
33421,2026-02-11,contraction,-50
33427,2023-09-28,new,199
33429,2023-04-28,new,79
33431,2024-07-05,new,29
33440,2024-05-06,new,29
33440,2024-08-04,contraction,-50
33445,2023-06-10,new,29
33446,2025-06-19,new,29
33446,2025-12-16,churn,-29
33447,2025-01-19,new,79
33447,2025-07-18,churn,-79
33448,2024-05-19,new,79
33455,2023-12-03,new,79
33456,2025-02-16,new,29
33457,2025-10-21,new,79
33457,2026-04-19,churn,-79
33467,2024-12-11,new,29
33470,2024-04-02,new,29
33471,2023-09-20,new,29
33472,2025-08-03,new,29
33472,2026-01-30,churn,-29
33475,2025-05-12,new,79
33491,2023-10-24,new,29
33492,2026-03-10,new,29
33495,2024-09-27,new,199
33496,2024-07-24,new,79
33496,2024-10-22,contraction,-50
33506,2026-01-24,new,79
33508,2023-05-29,new,29
33508,2023-11-25,churn,-29
33516,2026-02-08,new,29
33530,2025-04-15,new,29
33530,2025-07-14,expansion,50
33533,2026-03-10,new,79
33533,2026-06-08,contraction,-50
33533,2026-09-06,churn,-79
33540,2024-01-01,new,79
33541,2023-10-20,new,29
33547,2026-01-01,new,29
33550,2024-11-16,new,29
33550,2025-02-14,contraction,-50
33556,2023-10-15,new,29
33556,2024-04-12,churn,-29
33559,2025-02-17,new,29
33559,2025-05-18,contraction,-50
33559,2025-08-16,churn,-29
33564,2025-09-09,new,29
33565,2025-08-16,new,79
33566,2023-03-02,new,79
33580,2024-05-08,new,199
33581,2024-09-16,new,29
33586,2023-07-26,new,199
33587,2024-10-18,new,29
33590,2025-05-13,new,29
33593,2023-10-10,new,29
33593,2024-01-08,expansion,50
33594,2024-10-09,new,29
33598,2025-11-09,new,199
33599,2025-10-16,new,29
33599,2026-04-14,churn,-29
33606,2024-10-20,new,29
33609,2025-06-24,new,79
33611,2025-10-30,new,29
33625,2024-12-12,new,79
33625,2025-06-10,churn,-79
33632,2026-02-16,new,29
33634,2025-01-12,new,29
33634,2025-04-12,expansion,50
33634,2025-07-11,churn,-29
33641,2024-05-19,new,29
33641,2024-11-15,churn,-29
33642,2025-02-18,new,29
33642,2025-05-19,contraction,-50
33642,2025-08-17,churn,-29
33649,2025-07-13,new,79
33658,2025-08-08,new,29
33658,2025-11-06,expansion,50
33663,2023-06-10,new,79
33666,2023-06-26,new,79
33666,2023-09-24,expansion,50
33667,2024-07-31,new,199
33675,2025-11-02,new,199
33680,2024-02-22,new,199
33684,2024-06-12,new,79
33684,2024-12-09,churn,-79
33686,2024-03-25,new,29
33687,2023-03-03,new,199
33693,2023-06-26,new,79
33693,2023-12-23,churn,-79
33703,2024-04-12,new,29
33703,2024-07-11,contraction,-50
33704,2023-02-09,new,29
33704,2023-05-10,contraction,-50
33705,2026-01-27,new,199
33711,2023-06-30,new,79
33711,2023-12-27,churn,-79
33715,2024-06-21,new,79
33723,2026-01-20,new,79
33727,2023-01-30,new,79
33727,2023-04-30,contraction,-50
33730,2026-01-01,new,199
33730,2026-06-30,churn,-199
33734,2024-08-14,new,79
33734,2024-11-12,expansion,50
33735,2025-07-19,new,79
33735,2026-01-15,churn,-79
33738,2025-05-15,new,29
33739,2023-03-16,new,79
33739,2023-09-12,churn,-79
33740,2023-06-20,new,79
33740,2023-09-18,expansion,50
33746,2025-02-21,new,79
33758,2024-04-27,new,29
33758,2024-10-24,churn,-29
33759,2025-01-06,new,29
33768,2026-01-16,new,79
33768,2026-07-15,churn,-79
33773,2025-07-11,new,199
33773,2026-01-07,churn,-199
33780,2024-03-02,new,29
33780,2024-08-29,churn,-29
33791,2023-11-01,new,199
33801,2025-11-23,new,79
33815,2023-07-29,new,29
33818,2024-06-08,new,29
33820,2025-10-05,new,199
33820,2026-04-03,churn,-199
33822,2025-11-12,new,29
33825,2024-03-29,new,29
33827,2025-02-10,new,199
33836,2024-05-30,new,79
33840,2024-09-07,new,29
33842,2024-12-20,new,29
33842,2025-03-20,contraction,-50
33844,2026-01-06,new,29
33845,2025-01-22,new,79
33846,2025-07-20,new,29
33852,2026-01-01,new,79
33859,2025-02-05,new,29
33863,2024-06-27,new,79
33863,2024-12-24,churn,-79
33867,2025-01-06,new,29
33867,2025-04-06,expansion,50
33869,2023-06-12,new,199
33876,2025-03-19,new,29
33879,2024-07-08,new,29
33880,2025-04-13,new,79
33880,2025-07-12,contraction,-50
33888,2024-08-21,new,29
33890,2023-01-18,new,79
33897,2023-08-19,new,79
33899,2025-08-04,new,79
33904,2024-04-05,new,199
33916,2024-02-05,new,29
33917,2024-06-15,new,29
33917,2024-09-13,contraction,-50
33923,2024-02-15,new,29
33931,2026-02-24,new,29
33931,2026-05-25,contraction,-50
33931,2026-08-23,churn,-29
33932,2023-10-11,new,29
33936,2023-11-02,new,29
33936,2024-01-31,contraction,-50
33938,2023-09-07,new,29
33938,2023-12-06,expansion,50
33939,2023-11-17,new,79
33939,2024-02-15,contraction,-50
33945,2025-04-20,new,29
33945,2025-07-19,expansion,50
33948,2025-07-26,new,29
33949,2025-08-24,new,29
33949,2025-11-22,contraction,-50
33951,2025-11-29,new,29
33957,2023-04-30,new,79
33959,2024-11-21,new,79
33961,2026-02-27,new,79
33961,2026-08-26,churn,-79
33965,2023-07-22,new,199
33971,2026-01-23,new,29
33971,2026-07-22,churn,-29
33972,2025-07-27,new,79
33972,2025-10-25,expansion,50
33972,2026-01-23,churn,-79
33974,2025-02-22,new,29
33974,2025-08-21,churn,-29
33977,2025-12-17,new,79
33977,2026-06-15,churn,-79
33979,2025-09-23,new,79
33981,2023-09-10,new,199
33984,2025-01-26,new,199
33988,2024-10-28,new,79
33993,2024-11-05,new,29
34000,2023-10-29,new,79
34003,2024-11-01,new,79
34003,2025-01-30,expansion,50
34010,2023-03-13,new,79
34026,2023-02-14,new,79
34027,2023-06-25,new,79
34031,2024-08-03,new,29
34031,2024-11-01,contraction,-50
34031,2025-01-30,churn,-29
34059,2024-09-14,new,79
34060,2024-08-06,new,79
34060,2024-11-04,expansion,50
34072,2024-04-07,new,29
34075,2023-12-11,new,79
34080,2023-11-18,new,29
34086,2023-09-07,new,29
34086,2023-12-06,contraction,-50
34086,2024-03-05,churn,-29
34087,2024-03-23,new,79
34092,2023-06-08,new,79
34092,2023-12-05,churn,-79
34093,2023-02-02,new,29
34093,2023-05-03,expansion,50
34094,2025-01-16,new,199
34094,2025-07-15,churn,-199
34096,2025-01-31,new,29
34096,2025-05-01,expansion,50
34116,2025-03-11,new,29
34118,2024-05-12,new,199
34118,2024-08-10,expansion,50
34125,2023-04-25,new,79
34138,2023-06-07,new,199
34138,2023-09-05,expansion,50
34138,2023-12-04,churn,-199
34139,2024-09-16,new,29
34141,2024-01-07,new,199
34146,2024-03-17,new,79
34151,2025-05-12,new,29
34161,2025-09-05,new,29
34163,2024-04-09,new,29
34163,2024-10-06,churn,-29
34166,2024-11-09,new,79
34166,2025-02-07,expansion,50
34171,2024-04-15,new,29
34171,2024-07-14,contraction,-50
34171,2024-10-12,churn,-29
34173,2024-05-02,new,29
34175,2023-03-10,new,79
34175,2023-06-08,contraction,-50
34177,2023-08-18,new,79
34181,2025-01-15,new,29
34197,2023-04-08,new,29
34197,2023-07-07,expansion,50
34199,2025-12-31,new,199
34205,2024-02-17,new,199
34214,2023-06-20,new,29
34220,2025-03-12,new,29
34222,2023-08-31,new,29
34226,2024-10-07,new,29
34229,2023-07-08,new,79
34244,2023-10-12,new,79
34244,2024-01-10,contraction,-50
34247,2023-08-29,new,199
34247,2023-11-27,contraction,-50
34247,2024-02-25,churn,-199
34249,2023-05-17,new,79
34259,2023-08-17,new,29
34262,2024-06-13,new,29
34262,2024-12-10,churn,-29
34265,2025-04-18,new,29
34265,2025-07-17,expansion,50
34267,2024-05-13,new,29
34269,2026-02-25,new,29
34269,2026-05-26,contraction,-50
34269,2026-08-24,churn,-29
34280,2024-08-29,new,199
34280,2025-02-25,churn,-199
34281,2024-10-25,new,29
34283,2023-08-28,new,79
34283,2024-02-24,churn,-79
34292,2025-03-27,new,29
34292,2025-06-25,expansion,50
34293,2025-01-26,new,79
34312,2025-05-21,new,29
34320,2024-08-21,new,79
34321,2025-01-17,new,79
34329,2024-05-19,new,29
34329,2024-11-15,churn,-29
34330,2023-05-28,new,79
34330,2023-11-24,churn,-79
34339,2024-02-07,new,29
34339,2024-08-05,churn,-29
34349,2023-04-25,new,79
34351,2024-03-18,new,79
34365,2024-07-10,new,79
34384,2024-01-18,new,79
34386,2023-03-24,new,79
34389,2025-06-16,new,79
34403,2023-12-10,new,29
34403,2024-03-09,contraction,-50
34405,2025-02-18,new,29
34405,2025-05-19,contraction,-50
34414,2023-06-11,new,79
34418,2025-01-19,new,199
34419,2023-02-22,new,29
34424,2025-05-13,new,199
34424,2025-11-09,churn,-199
34433,2023-02-20,new,79
34434,2025-09-01,new,79
34445,2024-01-27,new,29
34445,2024-07-25,churn,-29
34446,2024-08-26,new,199
34446,2024-11-24,expansion,50
34447,2025-02-27,new,29
34447,2025-08-26,churn,-29
34448,2025-04-16,new,29
34449,2023-01-17,new,29
34452,2025-08-15,new,79
34458,2024-01-09,new,79
34462,2023-03-04,new,199
34468,2024-04-26,new,29
34478,2025-09-02,new,199
34490,2025-05-23,new,79
34493,2025-11-15,new,29
34496,2023-07-01,new,29
34496,2023-12-28,churn,-29
34498,2024-07-31,new,79
34499,2023-12-09,new,29
34513,2024-06-03,new,79
34514,2026-01-22,new,29
34514,2026-07-21,churn,-29
34515,2025-02-03,new,79
34519,2024-02-28,new,79
34519,2024-08-26,churn,-79
34535,2023-09-09,new,29
34537,2026-01-05,new,29
34537,2026-07-04,churn,-29
34538,2023-05-30,new,79
34546,2024-07-23,new,199
34555,2024-08-25,new,29
34560,2024-03-12,new,79
34562,2023-12-01,new,29
34562,2024-02-29,expansion,50
34566,2023-05-06,new,29
34580,2023-11-19,new,199
34580,2024-05-17,churn,-199
34588,2024-05-28,new,29
34594,2024-01-21,new,199
34601,2023-05-30,new,29
34601,2023-11-26,churn,-29
34608,2023-08-20,new,79
34608,2024-02-16,churn,-79
34612,2024-03-08,new,79
34612,2024-09-04,churn,-79
34619,2024-12-26,new,79
34622,2023-12-02,new,29
34644,2025-08-04,new,29
34644,2025-11-02,contraction,-50
34644,2026-01-31,churn,-29
34645,2025-09-10,new,29
34652,2024-11-14,new,29
34653,2023-10-11,new,29
34653,2024-04-08,churn,-29
34654,2024-08-12,new,29
34654,2024-11-10,contraction,-50
34659,2025-09-28,new,79
34660,2023-04-09,new,199
34660,2023-10-06,churn,-199
34663,2023-05-13,new,79
34669,2025-03-18,new,29
34670,2025-11-22,new,79
34678,2025-10-11,new,29
34683,2024-03-07,new,29
34687,2024-12-15,new,29
34687,2025-06-13,churn,-29
34691,2023-02-02,new,29
34692,2023-06-26,new,29
34703,2023-06-03,new,29
34710,2023-04-27,new,79
34711,2025-12-14,new,79
34712,2024-04-30,new,29
34712,2024-10-27,churn,-29
34716,2024-05-13,new,29
34716,2024-08-11,contraction,-50
34725,2024-08-17,new,79
34725,2025-02-13,churn,-79
34735,2023-04-19,new,79
34744,2024-05-18,new,29
34744,2024-11-14,churn,-29
34756,2023-05-17,new,79
34757,2025-09-24,new,79
34762,2023-10-19,new,29
34767,2024-05-02,new,29
34769,2023-06-29,new,29
34769,2023-09-27,contraction,-50
34771,2025-09-16,new,29
34771,2026-03-15,churn,-29
34773,2024-10-15,new,29
34773,2025-04-13,churn,-29
34782,2024-04-19,new,29
34784,2023-11-24,new,199
34786,2023-06-19,new,29
34793,2023-02-12,new,79
34796,2023-05-14,new,79
34801,2023-07-17,new,29
34801,2023-10-15,expansion,50
34801,2024-01-13,churn,-29
34803,2023-07-17,new,29
34803,2024-01-13,churn,-29
34813,2026-02-10,new,79
34815,2026-01-12,new,29
34825,2023-09-27,new,79
34833,2025-07-21,new,29
34836,2023-04-07,new,29
34840,2025-02-04,new,199
34840,2025-08-03,churn,-199
34848,2025-12-22,new,79
34848,2026-06-20,churn,-79
34853,2023-07-09,new,199
34857,2025-01-07,new,29
34857,2025-04-07,expansion,50
34863,2023-09-19,new,29
34870,2023-07-10,new,79
34885,2024-10-07,new,29
34885,2025-04-05,churn,-29
34893,2024-04-10,new,29
34898,2025-10-16,new,29
34898,2026-04-14,churn,-29
34903,2023-05-15,new,79
34908,2023-07-14,new,79
34916,2025-03-15,new,199
34925,2024-08-18,new,29
34935,2025-05-20,new,79
34939,2025-02-02,new,29
34948,2024-05-19,new,29
34965,2024-05-11,new,79
34967,2025-02-26,new,29
34973,2024-01-25,new,29
34973,2024-07-23,churn,-29
34975,2023-02-14,new,79
34979,2023-08-23,new,29
34992,2023-07-18,new,29
35006,2025-06-12,new,199
35007,2025-12-12,new,199
35011,2025-08-07,new,199
35020,2024-09-14,new,79
35025,2024-02-04,new,29
35032,2024-10-19,new,79
35036,2024-01-03,new,79
35038,2023-07-15,new,29
35038,2024-01-11,churn,-29
35040,2024-11-11,new,29
35040,2025-05-10,churn,-29
35041,2025-12-31,new,79
35053,2025-03-20,new,29
35055,2024-10-18,new,29
35062,2023-01-30,new,199
35062,2023-04-30,contraction,-50
35066,2025-04-10,new,29
35071,2024-03-17,new,29
35083,2023-03-26,new,29
35083,2023-09-22,churn,-29
35085,2026-01-12,new,29
35085,2026-04-12,contraction,-50
35089,2024-01-19,new,29
35100,2024-04-15,new,29
35100,2024-10-12,churn,-29
35101,2023-02-16,new,199
35105,2024-03-14,new,79
35105,2024-06-12,expansion,50
35107,2025-04-09,new,29
35109,2026-03-02,new,199
35112,2023-08-27,new,29
35112,2024-02-23,churn,-29
35115,2024-10-25,new,29
35115,2025-01-23,expansion,50
35116,2025-01-26,new,79
35116,2025-07-25,churn,-79
35123,2023-01-24,new,79
35123,2023-04-24,expansion,50
35125,2023-11-13,new,79
35129,2024-06-10,new,79
35136,2025-12-29,new,29
35136,2026-06-27,churn,-29
35137,2023-06-11,new,79
35137,2023-09-09,expansion,50
35137,2023-12-08,churn,-79
35148,2025-11-16,new,79
35159,2025-10-13,new,79
35159,2026-04-11,churn,-79
35171,2025-09-04,new,79
35173,2025-09-30,new,29
35175,2023-04-13,new,29
35185,2023-02-06,new,79
35185,2023-08-05,churn,-79
35188,2024-09-08,new,29
35190,2024-01-02,new,79
35192,2024-02-23,new,29
35208,2023-05-17,new,199
35212,2024-07-04,new,29
35212,2024-12-31,churn,-29
35214,2023-04-28,new,29
35214,2023-10-25,churn,-29
35220,2025-09-14,new,29
35221,2025-05-27,new,29
35221,2025-11-23,churn,-29
35235,2024-08-26,new,79
35235,2025-02-22,churn,-79
35238,2026-01-13,new,29
35238,2026-07-12,churn,-29
35244,2023-10-12,new,199
35255,2024-08-09,new,29
35265,2025-04-18,new,29
35266,2025-06-12,new,79
35269,2024-06-23,new,79
35271,2024-05-25,new,79
35271,2024-11-21,churn,-79
35275,2026-02-14,new,79
35280,2023-06-17,new,79
35280,2023-09-15,expansion,50
35280,2023-12-14,churn,-79
35282,2023-02-27,new,29
35282,2023-05-28,expansion,50
35287,2026-02-15,new,79
35287,2026-08-14,churn,-79
35292,2024-10-09,new,29
35296,2025-07-10,new,29
35296,2026-01-06,churn,-29
35305,2024-02-25,new,29
35308,2023-07-12,new,29
35309,2024-11-16,new,29
35310,2025-04-06,new,79
35310,2025-10-03,churn,-79
35315,2023-07-08,new,79
35315,2023-10-06,expansion,50
35320,2024-09-07,new,79
35320,2025-03-06,churn,-79
35326,2025-12-17,new,29
35341,2023-03-22,new,29
35341,2023-09-18,churn,-29
35345,2024-05-27,new,199
35360,2024-02-24,new,29
35360,2024-05-24,contraction,-50
35363,2025-01-29,new,79
35363,2025-07-28,churn,-79
35377,2023-06-10,new,29
35385,2025-03-07,new,29
35385,2025-09-03,churn,-29
35404,2025-03-12,new,29
35404,2025-09-08,churn,-29
35413,2023-07-21,new,29
35416,2025-06-16,new,199
35416,2025-12-13,churn,-199
35419,2023-04-24,new,29
35425,2023-08-20,new,29
35434,2024-07-04,new,29
35437,2023-05-06,new,199
35455,2023-10-30,new,79
35457,2024-01-24,new,29
35457,2024-04-23,contraction,-50
35464,2023-07-05,new,79
35475,2025-09-11,new,79
35489,2025-09-13,new,79
35490,2025-06-19,new,29
35490,2025-09-17,contraction,-50
35493,2025-09-16,new,29
35495,2025-08-01,new,29
35495,2026-01-28,churn,-29
35498,2023-10-30,new,79
35498,2024-01-28,expansion,50
35532,2026-01-14,new,29
35533,2024-02-13,new,79
35553,2023-05-09,new,79
35553,2023-11-05,churn,-79
35558,2023-05-09,new,79
35570,2024-07-19,new,79
35570,2025-01-15,churn,-79
35572,2024-05-01,new,29
35573,2026-02-22,new,79
35579,2025-07-19,new,199
35586,2025-05-08,new,29
35592,2024-08-21,new,29
35593,2025-12-22,new,29
35602,2025-03-03,new,29
35602,2025-06-01,contraction,-50
35623,2026-03-02,new,199
35623,2026-08-29,churn,-199
35628,2025-09-09,new,199
35631,2024-10-30,new,79
35631,2025-01-28,contraction,-50
35636,2023-10-19,new,29
35641,2025-05-04,new,29
35643,2023-09-23,new,199
35646,2023-01-29,new,79
35648,2025-10-18,new,29
35648,2026-01-16,contraction,-50
35654,2023-05-22,new,29
35655,2025-10-30,new,29
35655,2026-01-28,expansion,50
35660,2024-09-29,new,79
35661,2023-04-04,new,29
35661,2023-07-03,contraction,-50
35661,2023-10-01,churn,-29
35667,2023-09-01,new,29
35667,2024-02-28,churn,-29
35673,2025-08-13,new,79
35673,2026-02-09,churn,-79
35675,2025-01-13,new,29
35675,2025-04-13,expansion,50
35676,2023-06-20,new,29
35685,2023-07-26,new,29
35689,2023-04-13,new,79
35697,2024-07-17,new,79
35702,2023-12-29,new,79
35707,2023-11-05,new,79
35734,2025-08-19,new,79
35736,2024-11-24,new,29
35736,2025-02-22,contraction,-50
35738,2023-05-06,new,29
35738,2023-11-02,churn,-29
35741,2023-07-15,new,79
35741,2023-10-13,contraction,-50
35747,2026-01-06,new,199
35753,2024-02-23,new,79
35763,2024-07-25,new,29
35763,2024-10-23,contraction,-50
35788,2023-10-24,new,199
35794,2024-06-12,new,199
35798,2024-10-29,new,29
35802,2023-05-19,new,199
35803,2023-10-15,new,199
35803,2024-04-12,churn,-199
35817,2025-04-27,new,199
35817,2025-10-24,churn,-199
35819,2025-01-17,new,79
35819,2025-04-17,contraction,-50
35824,2024-07-18,new,79
35827,2025-02-20,new,29
35827,2025-08-19,churn,-29
35831,2023-10-22,new,29
35833,2026-02-21,new,79
35844,2023-04-30,new,29
35845,2023-02-13,new,79
35856,2025-05-05,new,79
35856,2025-11-01,churn,-79
35867,2023-03-16,new,79
35874,2023-01-17,new,29
35879,2026-01-23,new,29
35879,2026-04-23,contraction,-50
35880,2023-05-14,new,29
35880,2023-08-12,expansion,50
35880,2023-11-10,churn,-29
35882,2024-08-05,new,199
35891,2025-05-17,new,79
35891,2025-11-13,churn,-79
35895,2023-08-15,new,199
35896,2024-12-31,new,79
35896,2025-03-31,expansion,50
35897,2024-07-17,new,199
35900,2026-01-02,new,79
35903,2025-10-01,new,29
35905,2025-12-24,new,79
35906,2023-12-03,new,29
35908,2024-07-04,new,79
35915,2025-04-21,new,29
35917,2025-04-09,new,79
35919,2023-02-10,new,29
35919,2023-08-09,churn,-29
35931,2024-01-16,new,29
35941,2024-06-07,new,79
35950,2024-02-27,new,29
35970,2023-03-11,new,29
35970,2023-06-09,contraction,-50
35970,2023-09-07,churn,-29
35972,2023-11-06,new,29
35972,2024-02-04,expansion,50
35973,2023-03-11,new,199
35975,2025-08-13,new,29
35975,2026-02-09,churn,-29
35976,2023-04-05,new,29
35978,2023-11-07,new,199
35990,2025-10-05,new,79
35990,2026-04-03,churn,-79
35994,2025-01-20,new,199
35995,2025-05-17,new,29
36004,2025-10-13,new,79
36004,2026-04-11,churn,-79
36005,2023-06-21,new,29
36016,2023-11-03,new,79
36017,2024-09-19,new,29
36017,2025-03-18,churn,-29
36025,2023-09-18,new,29
36027,2025-06-27,new,29
36035,2023-11-10,new,79
36037,2025-10-17,new,29
36041,2025-08-18,new,29
36049,2024-02-15,new,79
36057,2023-03-27,new,79
36062,2024-12-03,new,79
36062,2025-06-01,churn,-79
36074,2023-11-19,new,29
36074,2024-02-17,contraction,-50
36082,2023-05-28,new,79
36097,2023-09-12,new,199
36099,2024-07-06,new,29
36105,2025-09-01,new,79
36107,2026-02-17,new,29
36108,2025-06-21,new,29
36112,2024-07-13,new,29
36115,2023-06-16,new,199
36117,2023-07-02,new,29
36117,2023-09-30,contraction,-50
36120,2023-10-21,new,29
36121,2023-11-28,new,29
36125,2025-07-23,new,29
36126,2024-06-05,new,29
36126,2024-12-02,churn,-29
36130,2025-12-23,new,79
36137,2025-04-23,new,29
36137,2025-07-22,contraction,-50
36142,2026-01-14,new,29
36143,2024-03-18,new,29
36144,2023-11-27,new,29
36144,2024-05-25,churn,-29
36145,2024-05-06,new,29
36145,2024-08-04,expansion,50
36151,2024-02-06,new,79
36152,2025-09-06,new,79
36154,2023-05-27,new,29
36165,2025-08-23,new,29
36172,2025-04-03,new,199
36178,2024-09-24,new,199
36179,2025-03-07,new,29
36179,2025-09-03,churn,-29
36180,2024-03-11,new,79
36180,2024-09-07,churn,-79
36181,2025-09-13,new,79
36182,2023-07-08,new,29
36186,2023-07-07,new,29
36188,2023-10-21,new,199
36188,2024-04-18,churn,-199
36190,2024-06-08,new,29
36190,2024-09-06,expansion,50
36198,2025-11-08,new,199
36198,2026-05-07,churn,-199
36199,2023-11-22,new,29
36200,2026-02-01,new,29
36206,2024-05-22,new,79
36206,2024-08-20,expansion,50
36206,2024-11-18,churn,-79
36211,2026-01-02,new,79
36214,2024-11-24,new,29
36215,2025-06-28,new,79
36219,2024-07-04,new,29
36221,2024-05-19,new,29
36221,2024-11-15,churn,-29
36227,2026-03-14,new,29
36229,2025-09-11,new,29
36238,2024-06-09,new,79
36242,2023-08-14,new,79
36244,2025-05-19,new,79
36247,2025-04-29,new,29
36247,2025-10-26,churn,-29
36250,2025-12-17,new,29
36250,2026-06-15,churn,-29
36258,2023-04-20,new,199
36262,2025-10-03,new,29
36266,2024-07-17,new,29
36269,2025-12-16,new,29
36273,2024-05-02,new,199
36281,2024-01-09,new,29
36281,2024-07-07,churn,-29
36289,2025-10-02,new,29
36289,2026-03-31,churn,-29
36297,2024-07-21,new,79
36298,2026-02-01,new,29
36300,2023-02-27,new,79
36309,2024-12-04,new,29
36309,2025-03-04,expansion,50
36312,2024-01-15,new,29
36316,2025-02-18,new,199
36316,2025-05-19,contraction,-50
36316,2025-08-17,churn,-199
36317,2024-11-26,new,199
36322,2024-05-27,new,199
36334,2024-06-23,new,29
36335,2025-05-28,new,199
36335,2025-08-26,contraction,-50
36335,2025-11-24,churn,-199
36336,2023-10-27,new,79
36336,2024-01-25,contraction,-50
36340,2024-12-13,new,79
36352,2025-08-06,new,29
36356,2023-04-18,new,29
36362,2025-08-23,new,29
36367,2024-01-13,new,199
36372,2024-01-01,new,29
36387,2026-02-12,new,29
36391,2025-03-26,new,29
36391,2025-09-22,churn,-29
36396,2023-10-11,new,79
36402,2025-04-11,new,79
36403,2025-02-10,new,29
36409,2025-02-14,new,29
36409,2025-08-13,churn,-29
36410,2023-09-26,new,79
36410,2024-03-24,churn,-79
36415,2025-10-23,new,79
36436,2023-08-17,new,79
36436,2023-11-15,expansion,50
36437,2025-05-18,new,29
36453,2025-07-23,new,29
36453,2025-10-21,expansion,50
36453,2026-01-19,churn,-29
36460,2025-11-03,new,29
36460,2026-05-02,churn,-29
36461,2023-06-18,new,79
36461,2023-12-15,churn,-79
36462,2023-06-23,new,29
36467,2025-12-20,new,29
36477,2024-07-03,new,79
36478,2023-03-30,new,79
36488,2026-02-18,new,199
36488,2026-08-17,churn,-199
36499,2024-07-06,new,79
36500,2024-12-18,new,29
36505,2025-01-16,new,79
36506,2023-08-16,new,79
36507,2024-08-24,new,79
36510,2024-11-21,new,29
36510,2025-02-19,expansion,50
36510,2025-05-20,churn,-29
36519,2024-07-23,new,29
36521,2024-07-19,new,29
36523,2026-01-27,new,29
36523,2026-04-27,expansion,50
36523,2026-07-26,churn,-29
36524,2023-12-18,new,79
36528,2025-05-15,new,29
36528,2025-08-13,expansion,50
36534,2024-05-18,new,79
36536,2023-03-29,new,29
36536,2023-06-27,expansion,50
36542,2025-04-24,new,29
36543,2024-08-17,new,79
36551,2023-05-22,new,29
36551,2023-08-20,expansion,50
36562,2023-04-15,new,79
36570,2024-09-06,new,79
36574,2025-12-04,new,29
36574,2026-06-02,churn,-29
36575,2025-08-01,new,29
36577,2023-07-02,new,29
36578,2024-10-31,new,29
36578,2025-01-29,contraction,-50
36586,2024-05-10,new,29
36586,2024-08-08,expansion,50
36590,2023-11-27,new,29
36593,2024-09-27,new,29
36595,2023-02-02,new,29
36599,2024-03-30,new,29
36599,2024-06-28,contraction,-50
36602,2024-11-16,new,29
36603,2025-05-03,new,79
36608,2023-09-25,new,199
36608,2023-12-24,expansion,50
36619,2023-01-19,new,79
36619,2023-04-19,contraction,-50
36619,2023-07-18,churn,-79
36621,2024-01-30,new,29
36629,2024-06-10,new,79
36635,2024-01-10,new,29
36639,2024-08-14,new,29
36642,2025-03-12,new,79
36642,2025-09-08,churn,-79
36646,2025-05-30,new,79
36649,2024-05-01,new,199
36649,2024-10-28,churn,-199
36656,2024-05-06,new,29
36656,2024-08-04,expansion,50
36656,2024-11-02,churn,-29
36657,2024-02-06,new,79
36666,2024-05-14,new,199
36672,2023-08-19,new,79
36682,2025-11-29,new,29
36682,2026-05-28,churn,-29
36683,2024-04-12,new,79
36685,2024-03-20,new,29
36685,2024-09-16,churn,-29
36687,2025-05-16,new,29
36687,2025-08-14,contraction,-50
36695,2024-03-02,new,79
36695,2024-08-29,churn,-79
36697,2024-02-05,new,79
36703,2023-05-13,new,79
36703,2023-11-09,churn,-79
36707,2025-10-28,new,29
36707,2026-04-26,churn,-29
36708,2024-04-27,new,199
36716,2024-05-05,new,29
36716,2024-08-03,expansion,50
36722,2023-03-19,new,29
36723,2025-11-01,new,29
36731,2024-11-29,new,79
36738,2025-05-08,new,79
36742,2025-12-02,new,79
36742,2026-03-02,contraction,-50
36744,2024-11-02,new,79
36744,2025-05-01,churn,-79
36746,2023-09-20,new,29
36749,2025-09-02,new,29
36753,2023-02-17,new,199
36757,2025-05-13,new,79
36758,2023-02-27,new,29
36759,2024-09-25,new,199
36759,2025-03-24,churn,-199
36760,2024-04-16,new,79
36760,2024-07-15,expansion,50
36760,2024-10-13,churn,-79
36761,2024-09-08,new,79
36764,2023-05-01,new,79
36769,2023-04-21,new,29
36772,2024-12-04,new,29
36777,2023-02-06,new,29
36777,2023-05-07,expansion,50
36780,2024-05-04,new,199
36781,2024-12-12,new,29
36799,2024-02-13,new,79
36799,2024-08-11,churn,-79
36803,2024-01-07,new,29
36804,2025-04-30,new,79
36804,2025-07-29,contraction,-50
36813,2023-03-20,new,79
36813,2023-09-16,churn,-79
36815,2023-12-23,new,29
36815,2024-06-20,churn,-29
36816,2024-06-07,new,79
36816,2024-09-05,expansion,50
36820,2024-12-09,new,79
36823,2024-09-25,new,79
36831,2023-07-30,new,79
36834,2023-09-21,new,79
36835,2023-08-29,new,79
36837,2024-04-09,new,199
36839,2025-01-29,new,29
36848,2023-02-08,new,199
36848,2023-08-07,churn,-199
36852,2025-12-31,new,29
36852,2026-06-29,churn,-29
36854,2026-02-20,new,29
36858,2025-12-20,new,79
36858,2026-06-18,churn,-79
36863,2024-10-02,new,29
36863,2024-12-31,expansion,50
36863,2025-03-31,churn,-29
36864,2025-10-18,new,79
36878,2024-07-06,new,199
36882,2025-09-21,new,29
36893,2024-07-23,new,29
36897,2024-06-02,new,199
36897,2024-08-31,contraction,-50
36898,2023-05-28,new,29
36898,2023-08-26,contraction,-50
36908,2025-07-30,new,29
36909,2025-02-08,new,79
36914,2025-12-01,new,29
36922,2025-11-22,new,29
36922,2026-05-21,churn,-29
36938,2024-02-23,new,79
36942,2025-02-24,new,79
36943,2023-12-07,new,199
36945,2023-08-31,new,79
36950,2024-10-01,new,29
36957,2023-09-04,new,199
36968,2023-03-28,new,29
36968,2023-09-24,churn,-29
36971,2025-01-13,new,29
36971,2025-04-13,expansion,50
36971,2025-07-12,churn,-29
36977,2025-01-19,new,29
37006,2025-08-21,new,29
37007,2023-09-23,new,29
37012,2023-12-10,new,29
37019,2025-09-08,new,199
37020,2024-02-18,new,79
37030,2024-06-05,new,79
37033,2024-02-17,new,29
37033,2024-05-17,expansion,50
37034,2024-04-19,new,29
37034,2024-10-16,churn,-29
37052,2024-03-30,new,199
37054,2023-04-18,new,29
37054,2023-10-15,churn,-29
37059,2023-11-19,new,29
37059,2024-05-17,churn,-29
37060,2024-03-07,new,79
37060,2024-06-05,contraction,-50
37060,2024-09-03,churn,-79
37064,2025-12-20,new,79
37068,2025-03-13,new,29
37071,2024-05-23,new,79
37071,2024-08-21,expansion,50
37072,2024-06-24,new,79
37084,2026-02-04,new,79
37093,2024-05-05,new,79
37096,2026-01-07,new,79
37100,2023-10-17,new,29
37100,2024-01-15,expansion,50
37107,2025-01-09,new,79
37109,2023-03-13,new,29
37112,2023-07-06,new,199
37121,2025-05-30,new,79
37124,2025-02-26,new,29
37125,2023-11-28,new,29
37142,2024-03-31,new,29
37165,2024-12-30,new,79
37185,2025-11-24,new,79
37195,2024-10-24,new,199
37195,2025-01-22,contraction,-50
37206,2024-04-19,new,29
37206,2024-07-18,contraction,-50
37207,2025-01-18,new,199
37213,2023-09-23,new,29
37213,2024-03-21,churn,-29
37236,2024-08-12,new,79
37240,2025-12-03,new,29
37241,2023-08-16,new,79
37241,2023-11-14,expansion,50
37242,2024-04-30,new,29
37242,2024-07-29,contraction,-50
37242,2024-10-27,churn,-29
37243,2023-08-24,new,29
37257,2024-06-01,new,79
37269,2024-11-08,new,29
37269,2025-05-07,churn,-29
37271,2023-10-20,new,79
37273,2023-04-09,new,29
37276,2025-01-29,new,79
37276,2025-07-28,churn,-79
37277,2023-06-15,new,29
37279,2025-04-30,new,29
37279,2025-10-27,churn,-29
37286,2024-01-01,new,79
37290,2024-05-14,new,29
37290,2024-11-10,churn,-29
37293,2025-02-08,new,199
37295,2024-06-25,new,199
37300,2025-11-18,new,79
37300,2026-02-16,contraction,-50
37302,2024-09-22,new,79
37307,2025-09-09,new,79
37312,2024-10-02,new,29
37312,2024-12-31,contraction,-50
37315,2023-07-27,new,79
37317,2023-12-21,new,79
37318,2025-10-21,new,199
37320,2024-03-03,new,29
37323,2025-05-03,new,79
37323,2025-10-30,churn,-79
37327,2023-12-21,new,29
37340,2025-07-23,new,29
37355,2023-05-03,new,79
37363,2023-01-17,new,79
37377,2025-09-21,new,29
37377,2025-12-20,expansion,50
37377,2026-03-20,churn,-29
37380,2024-06-26,new,79
37380,2024-12-23,churn,-79
37385,2026-01-28,new,79
37385,2026-04-28,expansion,50
37385,2026-07-27,churn,-79
37390,2025-11-29,new,29
37392,2025-11-07,new,79
37392,2026-05-06,churn,-79
37395,2023-07-28,new,29
37395,2023-10-26,contraction,-50
37405,2025-11-29,new,29
37408,2024-08-21,new,29
37412,2024-03-26,new,79
37414,2023-07-09,new,79
37424,2025-10-09,new,79
37434,2023-05-21,new,29
37446,2025-03-19,new,29
37461,2024-03-07,new,79
37461,2024-06-05,expansion,50
37466,2025-08-28,new,79
37466,2025-11-26,expansion,50
37469,2024-01-09,new,29
37481,2026-01-23,new,29
37493,2025-10-09,new,29
37495,2024-11-20,new,79
37502,2023-05-19,new,29
37514,2023-01-30,new,29
37519,2024-11-30,new,29
37519,2025-05-29,churn,-29
37520,2025-04-27,new,29
37522,2025-08-31,new,199
37529,2023-07-29,new,29
37529,2023-10-27,contraction,-50
37531,2025-12-14,new,29
37535,2023-03-21,new,29
37535,2023-06-19,contraction,-50
37536,2026-02-27,new,29
37536,2026-08-26,churn,-29
37540,2024-11-05,new,79
37540,2025-02-03,contraction,-50
37543,2025-09-23,new,29
37551,2023-03-06,new,199
37551,2023-06-04,contraction,-50
37552,2023-05-16,new,79
37555,2023-08-29,new,29
37556,2023-10-20,new,79
37568,2024-12-21,new,79
37573,2025-02-22,new,29
37573,2025-05-23,expansion,50
37581,2023-12-03,new,29
37581,2024-05-31,churn,-29
37585,2023-05-21,new,79
37587,2024-01-24,new,79
37588,2024-07-23,new,79
37588,2024-10-21,contraction,-50
37608,2024-04-22,new,29
37613,2024-02-23,new,199
37613,2024-08-21,churn,-199
37620,2025-02-23,new,29
37620,2025-08-22,churn,-29
37624,2023-08-20,new,29
37627,2025-10-25,new,199
37627,2026-04-23,churn,-199
37628,2023-10-16,new,199
37628,2024-04-13,churn,-199
37629,2023-05-10,new,79
37645,2025-12-17,new,29
37647,2024-11-26,new,79
37650,2023-11-11,new,79
37650,2024-05-09,churn,-79
37655,2023-10-04,new,29
37655,2024-04-01,churn,-29
37656,2025-10-07,new,29
37663,2025-05-19,new,29
37663,2025-08-17,expansion,50
37664,2023-03-07,new,79
37674,2024-03-24,new,199
37675,2025-05-04,new,29
37684,2025-12-02,new,29
37687,2026-01-16,new,79
37687,2026-07-15,churn,-79
37689,2026-01-23,new,29
37690,2025-12-03,new,79
37697,2023-09-01,new,29
37697,2024-02-28,churn,-29
37703,2024-03-01,new,199
37709,2024-03-11,new,29
37714,2026-02-06,new,199
37714,2026-08-05,churn,-199
37718,2023-02-28,new,29
37718,2023-08-27,churn,-29
37726,2025-10-25,new,29
37726,2026-04-23,churn,-29
37729,2025-02-12,new,29
37735,2023-09-16,new,29
37753,2025-11-02,new,29
37755,2024-08-24,new,29
37757,2026-03-16,new,79
37758,2024-10-18,new,79
37758,2025-01-16,contraction,-50
37766,2024-03-09,new,79
37774,2025-03-25,new,29
37774,2025-09-21,churn,-29
37783,2025-04-20,new,79
37792,2025-12-04,new,79
37792,2026-06-02,churn,-79
37793,2024-02-06,new,29
37802,2024-06-24,new,29
37811,2024-10-04,new,29
37814,2024-11-12,new,199
37819,2024-06-26,new,79
37827,2025-10-31,new,79
37827,2026-04-29,churn,-79
37829,2023-04-21,new,79
37831,2023-08-29,new,199
37832,2023-02-13,new,29
37835,2023-02-18,new,199
37835,2023-05-19,expansion,50
37836,2025-12-25,new,29
37836,2026-06-23,churn,-29
37852,2025-02-07,new,29
37859,2025-06-21,new,29
37867,2025-05-09,new,29
37867,2025-11-05,churn,-29
37868,2025-05-18,new,29
37879,2023-04-04,new,29
37879,2023-10-01,churn,-29
37880,2024-12-15,new,79
37890,2024-09-11,new,29
37897,2025-12-10,new,29
37899,2023-08-09,new,29
37899,2023-11-07,contraction,-50
37902,2026-02-02,new,29
37905,2023-06-01,new,79
37909,2025-03-23,new,79
37910,2024-08-23,new,29
37913,2024-01-14,new,199
37913,2024-07-12,churn,-199
37916,2024-02-02,new,29
37920,2025-12-11,new,79
37938,2025-10-01,new,79
37939,2023-05-16,new,79
37939,2023-08-14,contraction,-50
37940,2025-03-06,new,79
37946,2026-02-18,new,79
37948,2025-06-14,new,29
37948,2025-12-11,churn,-29
37960,2023-06-20,new,79
37964,2023-10-27,new,29
37964,2024-01-25,expansion,50
37970,2025-08-20,new,29
37970,2025-11-18,contraction,-50
37984,2025-12-24,new,79
37988,2026-01-09,new,29
38005,2025-03-10,new,79
38011,2024-05-04,new,29
38011,2024-10-31,churn,-29
38013,2023-09-18,new,29
38014,2024-07-02,new,29
38014,2024-12-29,churn,-29
38021,2023-06-21,new,29
38023,2023-04-14,new,29
38027,2023-11-11,new,79
38034,2024-05-07,new,29
38036,2025-12-11,new,29
38036,2026-03-11,contraction,-50
38038,2025-05-24,new,29
38039,2025-08-06,new,29
38045,2024-08-18,new,29
38050,2023-10-18,new,29
38058,2023-11-18,new,199
38078,2024-07-09,new,79
38082,2024-10-24,new,29
38083,2023-04-07,new,199
38095,2024-04-06,new,29
38101,2023-03-18,new,29
38112,2025-02-14,new,29
38112,2025-08-13,churn,-29
38127,2026-03-12,new,29
38129,2024-09-02,new,79
38133,2023-02-12,new,29
38139,2025-05-05,new,79
38139,2025-08-03,expansion,50
38145,2023-02-19,new,29
38145,2023-08-18,churn,-29
38146,2024-07-17,new,79
38149,2025-11-24,new,79
38158,2023-03-20,new,29
38170,2023-03-27,new,29
38178,2025-03-01,new,29
38180,2024-01-01,new,79
38188,2025-02-07,new,79
38202,2023-06-19,new,29
38207,2025-06-05,new,29
38208,2025-05-22,new,79
38217,2026-01-28,new,79
38217,2026-07-27,churn,-79
38218,2023-06-13,new,79
38225,2023-10-19,new,79
38225,2024-01-17,contraction,-50
38238,2023-02-02,new,199
38239,2023-02-07,new,199
38243,2024-04-19,new,29
38243,2024-10-16,churn,-29
38245,2024-08-20,new,29
38248,2023-01-22,new,29
38256,2025-05-26,new,79
38257,2024-04-09,new,29
38261,2023-12-17,new,29
38261,2024-06-14,churn,-29
38262,2025-07-04,new,29
38262,2025-12-31,churn,-29
38263,2024-02-12,new,29
38270,2025-01-19,new,79
38270,2025-07-18,churn,-79
38282,2023-11-26,new,79
38282,2024-05-24,churn,-79
38284,2024-06-09,new,79
38284,2024-12-06,churn,-79
38286,2025-02-14,new,29
38301,2025-08-29,new,199
38303,2025-06-06,new,79
38305,2023-10-02,new,29
38305,2024-03-30,churn,-29
38315,2023-09-07,new,29
38315,2023-12-06,expansion,50
38320,2024-11-18,new,79
38322,2024-12-09,new,29
38327,2025-04-07,new,79
38336,2024-01-16,new,29
38336,2024-07-14,churn,-29
38341,2023-09-02,new,79
38341,2023-12-01,expansion,50
38346,2025-12-20,new,29
38346,2026-06-18,churn,-29
38353,2023-07-09,new,79
38355,2025-06-09,new,79
38360,2025-03-10,new,29
38360,2025-06-08,contraction,-50
38363,2023-11-19,new,79
38363,2024-02-17,expansion,50
38363,2024-05-17,churn,-79
38365,2023-03-17,new,29
38372,2024-10-25,new,199
38372,2025-01-23,contraction,-50
38379,2025-01-09,new,79
38385,2024-03-25,new,79
38386,2024-09-14,new,29
38387,2023-11-30,new,199
38401,2025-09-29,new,79
38404,2024-03-14,new,199
38404,2024-09-10,churn,-199
38407,2024-06-12,new,79
38409,2025-02-13,new,79
38417,2025-03-14,new,29
38417,2025-06-12,contraction,-50
38419,2025-03-12,new,79
38422,2024-11-15,new,199
38428,2026-03-13,new,79
38428,2026-09-09,churn,-79
38433,2024-06-29,new,29
38433,2024-12-26,churn,-29
38439,2024-07-25,new,79
38439,2025-01-21,churn,-79
38451,2024-08-25,new,79
38458,2025-02-01,new,79
38458,2025-07-31,churn,-79
38460,2025-07-16,new,29
38460,2026-01-12,churn,-29
38465,2026-03-16,new,29
38474,2023-11-29,new,79
38476,2024-01-09,new,29
38476,2024-07-07,churn,-29
38477,2025-04-04,new,29
38479,2024-08-05,new,29
38480,2025-08-15,new,29
38480,2025-11-13,expansion,50
38480,2026-02-11,churn,-29
38488,2025-04-22,new,79
38488,2025-10-19,churn,-79
38493,2024-08-06,new,199
38495,2023-06-27,new,79
38504,2024-07-11,new,29
38507,2024-09-14,new,79
38508,2026-03-05,new,199
38510,2025-06-03,new,79
38514,2024-02-26,new,79
38515,2023-05-21,new,29
38515,2023-11-17,churn,-29
38516,2024-08-30,new,29
38518,2023-06-26,new,199
38520,2023-10-23,new,79
38539,2024-12-22,new,29
38548,2024-04-29,new,29
38548,2024-07-28,expansion,50
38550,2023-11-05,new,29
38560,2023-04-02,new,29
38560,2023-07-01,expansion,50
38566,2023-09-23,new,29
38567,2025-03-17,new,29
38567,2025-09-13,churn,-29
38572,2024-01-26,new,79
38576,2023-11-11,new,199
38577,2023-05-04,new,79
38583,2024-09-07,new,199
38583,2025-03-06,churn,-199
38584,2025-06-22,new,199
38584,2025-12-19,churn,-199
38587,2023-09-22,new,79
38587,2024-03-20,churn,-79
38588,2025-12-16,new,79
38590,2023-09-03,new,199
38605,2024-01-13,new,29
38607,2025-05-19,new,29
38610,2024-05-16,new,79
38612,2024-08-19,new,29
38612,2025-02-15,churn,-29
38624,2024-03-23,new,29
38629,2024-12-19,new,29
38629,2025-03-19,expansion,50
38632,2025-07-06,new,79
38648,2023-09-08,new,79
38648,2023-12-07,expansion,50
38654,2025-01-19,new,199
38656,2024-08-11,new,79
38658,2023-01-31,new,29
38658,2023-05-01,contraction,-50
38658,2023-07-30,churn,-29
38660,2024-10-23,new,79
38663,2024-11-29,new,79
38669,2025-11-11,new,199
38669,2026-05-10,churn,-199
38675,2025-10-26,new,199
38675,2026-01-24,contraction,-50
38676,2023-06-27,new,199
38679,2023-10-17,new,29
38681,2024-10-13,new,79
38687,2025-09-15,new,29
38687,2026-03-14,churn,-29
38688,2024-04-16,new,29
38688,2024-10-13,churn,-29
38699,2023-09-29,new,29
38700,2025-09-26,new,199
38703,2024-01-22,new,199
38703,2024-07-20,churn,-199
38709,2023-04-10,new,29
38709,2023-10-07,churn,-29
38711,2024-02-26,new,29
38711,2024-08-24,churn,-29
38713,2025-12-30,new,29
38713,2026-03-30,contraction,-50
38713,2026-06-28,churn,-29
38716,2024-01-12,new,79
38719,2024-09-26,new,79
38722,2024-04-03,new,29
38722,2024-09-30,churn,-29
38724,2024-04-30,new,29
38733,2023-12-13,new,29
38744,2025-09-03,new,79
38744,2026-03-02,churn,-79
38751,2025-03-19,new,29
38757,2026-01-30,new,29
38757,2026-07-29,churn,-29
38758,2023-08-29,new,29
38758,2024-02-25,churn,-29
38774,2025-01-29,new,29
38774,2025-07-28,churn,-29
38790,2024-06-11,new,29
38790,2024-09-09,expansion,50
38799,2025-04-06,new,29
38799,2025-07-05,expansion,50
38801,2024-10-27,new,79
38802,2024-04-07,new,79
38802,2024-10-04,churn,-79
38804,2024-02-07,new,79
38809,2025-03-26,new,29
38809,2025-09-22,churn,-29
38823,2023-05-18,new,79
38829,2024-06-27,new,29
38829,2024-09-25,expansion,50
38830,2024-02-01,new,79
38830,2024-05-01,expansion,50
38831,2025-01-26,new,79
38832,2025-11-15,new,79
38832,2026-02-13,expansion,50
38833,2026-01-04,new,29
38833,2026-07-03,churn,-29
38835,2023-03-26,new,79
38846,2025-02-16,new,29
38848,2025-06-16,new,79
38848,2025-09-14,contraction,-50
38851,2023-12-04,new,79
38857,2024-04-03,new,79
38860,2024-02-14,new,199
38860,2024-08-12,churn,-199
38862,2026-02-13,new,79
38865,2024-06-22,new,199
38871,2024-05-24,new,79
38878,2024-01-03,new,29
38880,2024-11-29,new,79
38887,2025-09-27,new,199
38892,2023-02-26,new,29
38906,2025-02-17,new,29
38906,2025-08-16,churn,-29
38908,2024-08-09,new,29
38908,2025-02-05,churn,-29
38931,2025-01-28,new,29
38934,2024-08-20,new,29
38936,2024-04-24,new,29
38936,2024-10-21,churn,-29
38946,2025-08-05,new,29
38946,2026-02-01,churn,-29
38953,2025-03-02,new,29
38957,2023-03-25,new,29
38957,2023-06-23,expansion,50
38967,2024-03-06,new,79
38969,2024-08-07,new,199
38969,2024-11-05,contraction,-50
38975,2025-11-18,new,79
38977,2023-11-12,new,79
38977,2024-05-10,churn,-79
38978,2025-04-19,new,29
38987,2024-07-21,new,199
38993,2023-03-03,new,29
38995,2023-08-05,new,79
39002,2025-06-08,new,199
39003,2023-02-24,new,29
39008,2025-09-03,new,199
39014,2024-03-05,new,199
39022,2025-01-16,new,199
39030,2023-04-29,new,79
39033,2024-05-09,new,199
39036,2025-07-17,new,79
39041,2024-02-24,new,29
39045,2025-01-08,new,29
39045,2025-07-07,churn,-29
39046,2024-11-26,new,29
39048,2023-01-17,new,29
39049,2025-12-17,new,29
39049,2026-03-17,contraction,-50
39050,2026-03-13,new,79
39054,2025-01-01,new,29
39056,2025-12-30,new,79
39056,2026-03-30,expansion,50
39058,2025-01-26,new,29
39062,2025-08-20,new,199
39062,2026-02-16,churn,-199
39064,2023-08-12,new,29
39072,2025-07-26,new,79
39078,2025-07-12,new,29
39078,2026-01-08,churn,-29
39090,2024-08-16,new,29
39093,2025-07-11,new,29
39097,2024-11-02,new,79
39102,2024-07-13,new,29
39102,2025-01-09,churn,-29
39104,2024-10-19,new,79
39106,2025-11-13,new,79
39109,2024-12-05,new,79
39110,2023-07-19,new,199
39119,2025-06-30,new,29
39119,2025-09-28,contraction,-50
39119,2025-12-27,churn,-29
39126,2025-05-03,new,79
39127,2023-08-31,new,29
39138,2024-08-09,new,79
39139,2025-04-04,new,79
39139,2025-10-01,churn,-79
39145,2023-11-11,new,29
39145,2024-02-09,contraction,-50
39156,2023-05-13,new,29
39158,2023-08-25,new,29
39158,2023-11-23,contraction,-50
39159,2023-06-24,new,29
39159,2023-12-21,churn,-29
39163,2025-03-28,new,199
39163,2025-06-26,contraction,-50
39170,2025-12-20,new,79
39173,2026-03-15,new,79
39173,2026-06-13,contraction,-50
39183,2026-02-06,new,79
39183,2026-05-07,contraction,-50
39189,2025-05-04,new,199
39189,2025-08-02,contraction,-50
39191,2023-09-20,new,29
39196,2025-07-07,new,29
39197,2024-03-04,new,79
39212,2023-12-25,new,29
39212,2024-03-24,expansion,50
39213,2023-05-11,new,79
39216,2025-12-15,new,79
39216,2026-06-13,churn,-79
39219,2025-09-28,new,29
39219,2026-03-27,churn,-29
39226,2024-04-16,new,79
39228,2024-06-16,new,79
39228,2024-12-13,churn,-79
39232,2024-02-27,new,29
39232,2024-08-25,churn,-29
39240,2026-02-24,new,199
39240,2026-08-23,churn,-199
39241,2023-08-04,new,29
39241,2023-11-02,contraction,-50
39265,2024-03-31,new,199
39265,2024-06-29,contraction,-50
39280,2026-03-11,new,29
39280,2026-09-07,churn,-29
39281,2024-04-15,new,79
39293,2023-05-26,new,29
39304,2024-09-05,new,79
39304,2024-12-04,contraction,-50
39307,2024-11-10,new,29
39311,2023-09-03,new,29
39317,2026-01-18,new,79
39319,2025-04-30,new,29
39325,2024-05-14,new,29
39335,2023-02-28,new,29
39339,2023-07-09,new,199
39351,2024-01-24,new,29
39356,2024-11-03,new,199
39356,2025-02-01,expansion,50
39357,2023-09-02,new,199
39357,2024-02-29,churn,-199
39364,2023-04-25,new,199
39364,2023-10-22,churn,-199
39370,2026-03-03,new,79
39379,2023-02-04,new,79
39379,2023-05-05,expansion,50
39380,2024-04-04,new,29
39385,2024-11-27,new,29
39386,2025-09-10,new,79
39389,2024-05-07,new,79
39392,2024-02-27,new,79
39400,2024-07-23,new,79
39410,2026-01-11,new,79
39427,2025-05-11,new,29
39429,2024-09-20,new,79
39430,2023-11-01,new,29
39432,2026-02-14,new,79
39438,2023-09-11,new,29
39438,2023-12-10,contraction,-50
39440,2025-05-17,new,79
39441,2025-09-08,new,29
39441,2025-12-07,contraction,-50
39441,2026-03-07,churn,-29
39452,2023-11-13,new,199
39455,2025-11-26,new,199
39460,2024-12-25,new,199
39465,2025-10-31,new,29
39465,2026-04-29,churn,-29
39471,2023-10-16,new,79
39475,2025-03-27,new,29
39477,2024-01-13,new,79
39477,2024-07-11,churn,-79
39484,2023-06-01,new,29
39485,2026-01-01,new,199
39488,2023-07-03,new,79
39489,2024-09-26,new,199
39489,2025-03-25,churn,-199
39499,2023-05-17,new,79
39499,2023-08-15,expansion,50
39513,2025-08-14,new,79
39513,2026-02-10,churn,-79
39529,2023-05-13,new,29
39529,2023-08-11,contraction,-50
39535,2024-03-11,new,29
39539,2024-06-10,new,199
39548,2023-06-04,new,199
39548,2023-09-02,contraction,-50
39562,2023-03-17,new,29
39564,2025-05-04,new,79
39564,2025-08-02,expansion,50
39564,2025-10-31,churn,-79
39565,2025-11-24,new,29
39568,2024-12-03,new,29
39568,2025-06-01,churn,-29
39575,2024-07-22,new,79
39578,2023-09-01,new,29
39578,2023-11-30,contraction,-50
39584,2024-01-04,new,29
39584,2024-07-02,churn,-29
39600,2026-03-11,new,79
39602,2023-06-24,new,199
39602,2023-12-21,churn,-199
39614,2023-05-24,new,79
39623,2023-03-02,new,29
39637,2024-03-21,new,79
39637,2024-09-17,churn,-79
39638,2024-12-14,new,29
39650,2025-05-24,new,29
39650,2025-11-20,churn,-29
39652,2023-06-09,new,79
39652,2023-09-07,contraction,-50
39656,2025-05-24,new,29
39656,2025-08-22,contraction,-50
39674,2024-06-11,new,29
39678,2025-05-26,new,79
39678,2025-11-22,churn,-79
39680,2026-02-17,new,199
39682,2024-06-01,new,29
39687,2025-08-23,new,79
39709,2023-04-11,new,29
39709,2023-07-10,expansion,50
39711,2024-09-13,new,29
39719,2025-11-06,new,79
39725,2024-07-06,new,29
39739,2025-01-10,new,79
39739,2025-07-09,churn,-79
39740,2023-05-19,new,79
39742,2024-09-16,new,79
39747,2023-05-21,new,79
39749,2023-10-25,new,29
39749,2024-04-22,churn,-29
39750,2023-02-14,new,199
39756,2025-08-30,new,79
39756,2026-02-26,churn,-79
39763,2023-10-01,new,79
39766,2024-03-18,new,29
39769,2024-04-09,new,79
39771,2023-11-10,new,199
39774,2025-04-06,new,79
39775,2023-01-20,new,29
39778,2025-08-02,new,199
39778,2025-10-31,expansion,50
39778,2026-01-29,churn,-199
39780,2023-12-27,new,79
39780,2024-03-26,contraction,-50
39787,2023-10-26,new,199
39792,2025-06-30,new,199
39793,2023-08-25,new,29
39793,2023-11-23,contraction,-50
39810,2023-03-26,new,199
39811,2025-04-17,new,79
39816,2025-03-15,new,29
39816,2025-06-13,expansion,50
39820,2024-08-31,new,29
39820,2024-11-29,expansion,50
39823,2024-05-28,new,29
39823,2024-11-24,churn,-29
39826,2025-07-29,new,79
39837,2025-10-17,new,29
39840,2025-02-02,new,29
39842,2023-04-19,new,79
39843,2023-12-31,new,199
39850,2024-07-15,new,199
39852,2024-07-27,new,199
39857,2024-11-03,new,29
39865,2024-03-15,new,29
39868,2024-09-05,new,29
39868,2024-12-04,expansion,50
39868,2025-03-04,churn,-29
39869,2023-11-23,new,29
39874,2025-03-13,new,29
39875,2024-07-15,new,29
39875,2024-10-13,expansion,50
39875,2025-01-11,churn,-29
39886,2025-05-11,new,29
39889,2025-11-20,new,79
39893,2025-10-05,new,79
39900,2025-06-15,new,29
39917,2025-04-02,new,29
39923,2023-02-05,new,29
39923,2023-05-06,expansion,50
39923,2023-08-04,churn,-29
39930,2024-10-11,new,29
39932,2026-02-24,new,29
39933,2025-01-08,new,79
39933,2025-07-07,churn,-79
39936,2023-12-09,new,29
39939,2024-07-20,new,29
39939,2025-01-16,churn,-29
39941,2026-02-27,new,29
39941,2026-05-28,expansion,50
39952,2024-08-22,new,79
39953,2023-09-22,new,29
39954,2024-09-02,new,79
39961,2024-04-29,new,199
39961,2024-10-26,churn,-199
39963,2025-07-30,new,199
39969,2026-02-28,new,199
39971,2026-02-28,new,29
39971,2026-08-27,churn,-29
39972,2025-04-09,new,29
39974,2023-12-10,new,199
40003,2024-04-12,new,29
40006,2025-08-03,new,29
40006,2026-01-30,churn,-29
40009,2023-10-01,new,199
40016,2025-09-24,new,29
40023,2025-08-06,new,199
40024,2023-07-16,new,29
40024,2024-01-12,churn,-29
40028,2025-02-23,new,29
40030,2025-03-28,new,199
40030,2025-09-24,churn,-199
40035,2023-09-16,new,79
40042,2023-02-02,new,199
40045,2023-02-06,new,29
40045,2023-05-07,expansion,50
40053,2023-03-22,new,29
40066,2025-12-27,new,29
40070,2023-02-10,new,29
40072,2023-07-31,new,79
40076,2024-01-28,new,29
40076,2024-04-27,contraction,-50
40076,2024-07-26,churn,-29
40077,2026-01-24,new,79
40080,2023-02-07,new,79
40082,2023-10-23,new,29
40088,2023-06-04,new,199
40093,2023-02-09,new,79
40093,2023-08-08,churn,-79
40107,2023-02-20,new,29
40107,2023-05-21,expansion,50
40108,2025-12-18,new,79
40121,2025-03-12,new,199
40129,2023-04-11,new,79
40132,2026-02-20,new,29
40135,2025-09-17,new,29
40135,2026-03-16,churn,-29
40136,2024-10-15,new,79
40136,2025-01-13,expansion,50
40141,2026-01-10,new,199
40141,2026-07-09,churn,-199
40142,2024-05-08,new,199
40153,2024-11-16,new,29
40155,2023-09-25,new,29
40165,2024-06-21,new,29
40173,2023-07-13,new,29
40183,2024-04-21,new,79
40188,2023-10-06,new,79
40188,2024-01-04,contraction,-50
40197,2023-01-19,new,29
40198,2023-09-02,new,29
40200,2025-06-27,new,29
40203,2023-05-05,new,29
40203,2023-11-01,churn,-29
40209,2025-12-17,new,29
40219,2023-12-30,new,79
40219,2024-03-29,contraction,-50
40230,2024-04-21,new,29
40230,2024-10-18,churn,-29
40234,2024-11-15,new,79
40234,2025-05-14,churn,-79
40239,2025-09-03,new,79
40246,2024-12-14,new,79
40247,2023-09-20,new,199
40254,2023-05-30,new,29
40256,2024-08-09,new,199
40256,2024-11-07,contraction,-50
40257,2025-03-26,new,29
40258,2024-12-06,new,29
40266,2025-09-20,new,29
40266,2025-12-19,expansion,50
40270,2025-11-04,new,29
40304,2025-09-22,new,29
40307,2024-02-10,new,29
40308,2025-05-31,new,29
40310,2023-11-07,new,29
40310,2024-02-05,contraction,-50
40331,2023-11-05,new,79
40335,2023-08-11,new,79
40349,2025-05-27,new,79
40349,2025-11-23,churn,-79
40354,2025-09-17,new,29
40354,2025-12-16,contraction,-50
40354,2026-03-16,churn,-29
40362,2023-03-22,new,29
40378,2024-04-15,new,29
40378,2024-10-12,churn,-29
40391,2025-09-19,new,29
40397,2025-12-01,new,29
40397,2026-05-30,churn,-29
40400,2025-03-21,new,29
40400,2025-06-19,expansion,50
40405,2024-12-19,new,29
40409,2024-05-22,new,29
40411,2026-03-12,new,29
40412,2023-10-12,new,29
40415,2025-07-24,new,79
40421,2024-04-02,new,199
40421,2024-07-01,contraction,-50
40421,2024-09-29,churn,-199
40423,2023-08-04,new,29
40423,2023-11-02,expansion,50
40427,2023-03-05,new,199
40430,2025-11-25,new,29
40432,2023-07-09,new,29
40434,2025-02-28,new,79
40434,2025-08-27,churn,-79
40438,2025-03-20,new,79
40438,2025-06-18,expansion,50
40445,2024-09-12,new,79
40448,2023-04-20,new,79
40456,2023-03-02,new,29
40456,2023-08-29,churn,-29
40458,2026-01-11,new,29
40463,2025-12-29,new,199
40463,2026-03-29,expansion,50
40465,2023-01-19,new,79
40472,2024-10-24,new,29
40476,2024-05-08,new,29
40476,2024-08-06,contraction,-50
40483,2025-10-31,new,199
40493,2023-08-22,new,29
40514,2024-06-27,new,79
40516,2024-02-03,new,29
40519,2023-10-10,new,29
40520,2025-10-01,new,29
40526,2026-02-14,new,79
40526,2026-08-13,churn,-79
40533,2024-04-26,new,29
40534,2025-09-04,new,29
40534,2025-12-03,expansion,50
40534,2026-03-03,churn,-29
40535,2023-02-16,new,29
40539,2025-04-09,new,79
40539,2025-07-08,expansion,50
40540,2023-12-06,new,199
40540,2024-06-03,churn,-199
40542,2023-10-27,new,29
40546,2024-12-04,new,79
40549,2024-12-19,new,29
40550,2023-07-08,new,199
40552,2024-11-17,new,29
40552,2025-02-15,contraction,-50
40554,2025-01-09,new,199
40556,2024-11-22,new,199
40560,2024-07-14,new,79
40560,2025-01-10,churn,-79
40562,2023-12-08,new,29
40565,2024-08-15,new,79
40565,2025-02-11,churn,-79
40566,2023-10-13,new,29
40566,2024-01-11,expansion,50
40570,2023-10-01,new,29
40570,2024-03-29,churn,-29
40578,2025-07-23,new,29
40582,2025-03-13,new,29
40583,2025-09-07,new,79
40583,2026-03-06,churn,-79
40589,2024-03-12,new,29
40592,2025-10-03,new,79
40592,2026-04-01,churn,-79
40600,2024-02-13,new,199
40600,2024-05-13,expansion,50
40604,2023-07-10,new,79
40605,2023-01-28,new,199
40605,2023-07-27,churn,-199
40612,2023-11-23,new,29
40621,2024-07-20,new,29
40622,2024-12-11,new,199
40627,2023-11-25,new,79
40647,2023-02-02,new,29
40648,2023-07-23,new,79
40654,2023-09-19,new,29
40657,2023-10-06,new,79
40659,2025-09-07,new,79
40661,2025-05-04,new,29
40664,2024-07-02,new,29
40667,2024-12-16,new,79
40671,2023-06-17,new,79
40671,2023-09-15,contraction,-50
40673,2024-11-18,new,29
40685,2025-03-26,new,29
40688,2023-07-14,new,29
40688,2024-01-10,churn,-29
40690,2023-04-18,new,79
40710,2026-02-16,new,79
40710,2026-08-15,churn,-79
40722,2024-12-08,new,29
40727,2023-04-05,new,79
40730,2023-01-17,new,29
40732,2025-09-25,new,79
40732,2026-03-24,churn,-79
40734,2025-10-19,new,79
40735,2023-09-24,new,79
40741,2023-06-28,new,29
40743,2025-01-31,new,29
40746,2023-01-20,new,199
40749,2023-10-12,new,29
40749,2024-04-09,churn,-29
40751,2025-04-10,new,29
40752,2025-04-14,new,29
40755,2025-09-22,new,29
40755,2025-12-21,expansion,50
40757,2025-06-09,new,29
40757,2025-09-07,contraction,-50
40758,2025-10-28,new,29
40759,2025-01-10,new,199
40761,2025-03-04,new,29
40763,2024-03-27,new,29
40764,2024-09-24,new,29
40770,2025-05-11,new,79
40770,2025-11-07,churn,-79
40773,2025-04-07,new,79
40792,2025-02-20,new,79
40792,2025-08-19,churn,-79
40794,2023-07-24,new,29
40795,2025-05-26,new,29
40801,2024-02-07,new,29
40801,2024-05-07,contraction,-50
40803,2024-02-02,new,29
40803,2024-05-02,expansion,50
40810,2023-08-12,new,29
40810,2023-11-10,contraction,-50
40816,2025-10-04,new,199
40817,2023-09-11,new,79
40819,2023-11-26,new,29
40819,2024-05-24,churn,-29
40829,2026-01-14,new,79
40833,2025-02-17,new,79
40839,2023-01-22,new,79
40839,2023-07-21,churn,-79
40852,2023-09-01,new,29
40855,2025-05-25,new,79
40860,2024-06-07,new,29
40860,2024-12-04,churn,-29
40861,2025-11-16,new,199
40861,2026-02-14,contraction,-50
40876,2024-02-13,new,199
40882,2024-04-07,new,29
40883,2025-03-15,new,79
40883,2025-09-11,churn,-79
40890,2023-01-23,new,199
40904,2023-03-05,new,29
40904,2023-06-03,expansion,50
40908,2025-08-02,new,29
40919,2024-06-04,new,79
40920,2024-09-19,new,199
40937,2023-02-09,new,29
40937,2023-05-10,contraction,-50
40937,2023-08-08,churn,-29
40944,2024-09-14,new,29
40946,2024-07-18,new,79
40948,2023-04-04,new,79
40948,2023-07-03,contraction,-50
40949,2024-07-08,new,79
40949,2025-01-04,churn,-79
40950,2024-05-08,new,29
40950,2024-11-04,churn,-29
40954,2026-01-16,new,199
40954,2026-04-16,expansion,50
40956,2024-06-12,new,199
40959,2025-11-08,new,29
40962,2024-10-15,new,29
40966,2025-02-17,new,79
40972,2023-05-12,new,79
40972,2023-11-08,churn,-79
40973,2023-09-01,new,29
40976,2023-11-02,new,29
40976,2024-01-31,expansion,50
40986,2024-02-22,new,29
40987,2023-08-01,new,79
40990,2023-06-04,new,29
40991,2025-01-16,new,29
40991,2025-07-15,churn,-29
40996,2023-08-15,new,29
40997,2026-02-05,new,29
40997,2026-05-06,expansion,50
40999,2023-11-25,new,29
40999,2024-05-23,churn,-29
41007,2023-12-16,new,79
41020,2024-01-02,new,199
41021,2023-04-01,new,29
41028,2024-09-11,new,29
41035,2025-11-12,new,79
41040,2025-08-05,new,29
41044,2023-04-12,new,29
41052,2023-03-01,new,79
41052,2023-05-30,contraction,-50
41055,2024-12-23,new,29
41059,2023-02-02,new,199
41067,2025-01-19,new,79
41070,2024-01-10,new,29
41079,2023-08-18,new,79
41087,2026-01-08,new,199
41090,2023-04-11,new,79
41093,2024-03-07,new,79
41100,2025-06-29,new,199
41104,2026-01-11,new,29
41113,2025-12-03,new,79
41116,2023-03-29,new,29
41117,2023-08-21,new,29
41117,2024-02-17,churn,-29
41118,2023-05-13,new,29
41120,2023-03-28,new,199
41120,2023-09-24,churn,-199
41121,2023-08-16,new,79
41124,2025-09-19,new,79
41124,2025-12-18,contraction,-50
41124,2026-03-18,churn,-79
41130,2023-08-13,new,29
41131,2025-06-26,new,199
41137,2026-02-04,new,79
41140,2023-04-05,new,29
41166,2025-06-21,new,29
41166,2025-09-19,expansion,50
41167,2023-09-22,new,79
41167,2024-03-20,churn,-79
41172,2024-10-15,new,79
41172,2025-04-13,churn,-79
41176,2023-02-24,new,79
41178,2025-04-18,new,199
41181,2025-04-19,new,199
41181,2025-07-18,contraction,-50
41182,2025-11-16,new,29
41182,2026-02-14,expansion,50
41185,2023-05-03,new,79
41185,2023-10-30,churn,-79
41186,2023-02-23,new,29
41188,2023-03-04,new,79
41196,2025-03-09,new,79
41201,2025-11-06,new,79
41201,2026-05-05,churn,-79
41207,2025-02-25,new,29
41212,2026-01-26,new,29
41217,2023-09-17,new,199
41218,2025-03-03,new,29
41218,2025-06-01,contraction,-50
41225,2023-02-24,new,79
41227,2025-09-22,new,79
41227,2026-03-21,churn,-79
41235,2025-02-13,new,199
41247,2023-04-16,new,199
41247,2023-07-15,expansion,50
41248,2026-02-21,new,79
41248,2026-05-22,contraction,-50
41248,2026-08-20,churn,-79
41249,2025-02-05,new,199
41249,2025-05-06,expansion,50
41254,2024-11-03,new,199
41255,2025-04-02,new,29
41255,2025-07-01,expansion,50
41260,2025-01-30,new,29
41261,2023-05-31,new,29
41268,2024-07-27,new,29
41279,2024-12-02,new,79
41286,2024-10-22,new,29
41286,2025-01-20,expansion,50
41286,2025-04-20,churn,-29
41287,2024-01-04,new,79
41297,2024-10-13,new,29
41301,2025-12-25,new,79
41301,2026-06-23,churn,-79
41308,2025-03-05,new,29
41308,2025-09-01,churn,-29
41310,2025-12-26,new,29
41310,2026-06-24,churn,-29
41317,2024-04-12,new,29
41318,2025-02-22,new,199
41319,2024-04-14,new,79
41319,2024-07-13,contraction,-50
41331,2024-09-03,new,79
41331,2024-12-02,contraction,-50
41332,2025-12-04,new,29
41338,2025-12-11,new,29
41340,2023-01-30,new,29
41340,2023-07-29,churn,-29
41346,2023-09-09,new,29
41350,2023-11-15,new,29
41350,2024-05-13,churn,-29
41360,2026-02-02,new,29
41360,2026-08-01,churn,-29
41361,2024-10-03,new,29
41362,2023-02-24,new,29
41364,2026-02-12,new,199
41365,2025-06-03,new,79
41366,2023-12-17,new,79
41366,2024-03-16,expansion,50
41372,2025-01-21,new,29
41373,2025-04-26,new,29
41378,2023-02-17,new,79
41385,2025-11-30,new,79
41386,2024-12-05,new,29
41392,2023-02-16,new,79
41392,2023-08-15,churn,-79
41394,2023-10-25,new,79
41394,2024-01-23,contraction,-50
41404,2024-08-23,new,199
41406,2023-07-06,new,29
41408,2026-03-10,new,29
41419,2024-09-06,new,79
41419,2024-12-05,contraction,-50
41431,2024-05-10,new,79
41431,2024-11-06,churn,-79
41440,2023-11-02,new,199
41445,2024-10-12,new,29
41445,2025-04-10,churn,-29
41450,2023-04-01,new,29
41450,2023-09-28,churn,-29
41453,2024-01-04,new,29
41454,2025-02-09,new,29
41454,2025-05-10,contraction,-50
41458,2023-07-13,new,79
41458,2023-10-11,contraction,-50
41463,2023-06-02,new,79
41472,2026-03-01,new,79
41473,2023-11-26,new,79
41499,2025-08-12,new,29
41499,2026-02-08,churn,-29
41504,2023-09-28,new,29
41507,2025-06-06,new,29
41516,2025-01-05,new,79
41520,2025-05-22,new,79
41521,2023-01-16,new,79
41521,2023-07-15,churn,-79
41531,2024-01-13,new,79
41531,2024-04-12,expansion,50
41538,2025-10-14,new,29
41540,2025-06-28,new,79
41550,2023-08-16,new,29
41550,2024-02-12,churn,-29
41557,2023-04-13,new,29
41564,2024-10-12,new,79
41565,2025-07-27,new,199
41565,2026-01-23,churn,-199
41566,2024-08-17,new,79
41566,2025-02-13,churn,-79
41570,2025-05-02,new,29
41570,2025-10-29,churn,-29
41571,2025-01-30,new,199
41578,2023-02-25,new,29
41580,2023-05-02,new,29
41581,2024-02-12,new,79
41581,2024-08-10,churn,-79
41582,2026-02-16,new,199
41586,2023-01-25,new,29
41586,2023-04-25,expansion,50
41586,2023-07-24,churn,-29
41589,2026-01-17,new,79
41589,2026-07-16,churn,-79
41591,2026-03-08,new,29
41594,2025-03-12,new,29
41595,2024-12-27,new,29
41605,2025-07-25,new,199
41605,2026-01-21,churn,-199
41607,2023-12-06,new,199
41607,2024-06-03,churn,-199
41612,2025-07-16,new,29
41612,2026-01-12,churn,-29
41616,2026-03-12,new,79
41617,2024-07-20,new,29
41617,2025-01-16,churn,-29
41619,2023-01-20,new,29
41619,2023-07-19,churn,-29
41620,2024-04-04,new,29
41622,2026-01-18,new,29
41624,2025-04-28,new,29
41625,2025-09-29,new,29
41628,2023-07-13,new,79
41628,2023-10-11,expansion,50
41632,2024-06-30,new,29
41632,2024-12-27,churn,-29
41636,2025-03-09,new,79
41637,2024-12-03,new,79
41637,2025-06-01,churn,-79
41639,2025-02-01,new,79
41642,2025-03-23,new,79
41642,2025-09-19,churn,-79
41643,2024-04-04,new,199
41655,2023-02-25,new,79
41658,2024-07-02,new,79
41658,2024-12-29,churn,-79
41671,2024-05-01,new,199
41671,2024-10-28,churn,-199
41680,2025-05-20,new,29
41680,2025-11-16,churn,-29
41684,2025-11-24,new,199
41691,2026-03-04,new,29
41691,2026-08-31,churn,-29
41694,2024-10-09,new,199
41699,2023-08-26,new,29
41699,2024-02-22,churn,-29
41703,2025-02-24,new,199
41708,2024-08-19,new,29
41708,2024-11-17,contraction,-50
41716,2025-03-12,new,79
41721,2026-01-17,new,29
41722,2023-06-14,new,29
41728,2026-01-04,new,29
41739,2025-01-20,new,199
41744,2024-11-28,new,29
41748,2025-10-09,new,79
41758,2023-09-26,new,29
41758,2023-12-25,contraction,-50
41760,2025-05-10,new,29
41766,2024-12-14,new,79
41773,2024-01-28,new,79
41773,2024-07-26,churn,-79
41774,2024-01-22,new,79
41776,2023-12-07,new,29
41780,2024-07-06,new,199
41785,2024-03-19,new,29
41786,2023-02-06,new,199
41786,2023-05-07,expansion,50
41786,2023-08-05,churn,-199
41791,2024-02-29,new,79
41802,2024-02-02,new,199
41803,2025-03-16,new,29
41803,2025-06-14,expansion,50
41803,2025-09-12,churn,-29
41805,2023-09-02,new,29
41806,2024-06-30,new,79
41816,2025-03-30,new,79
41817,2023-06-03,new,79
41822,2023-05-04,new,29
41830,2023-06-09,new,29
41834,2023-06-03,new,29
41836,2023-10-11,new,79
41842,2025-07-19,new,79
41844,2024-09-09,new,79
41844,2024-12-08,contraction,-50
41844,2025-03-08,churn,-79
41845,2024-01-03,new,29
41852,2023-07-10,new,29
41854,2025-01-05,new,29
41869,2025-07-01,new,29
41872,2023-06-24,new,199
41875,2023-03-23,new,29
41877,2024-08-17,new,29
41877,2025-02-13,churn,-29
41882,2023-08-24,new,29
41901,2024-11-14,new,79
41902,2025-07-28,new,79
41902,2025-10-26,contraction,-50
41909,2025-12-18,new,29
41909,2026-03-18,contraction,-50
41913,2023-10-03,new,29
41916,2024-07-16,new,199
41923,2026-02-23,new,79
41923,2026-08-22,churn,-79
41926,2024-05-30,new,29
41926,2024-11-26,churn,-29
41928,2025-04-16,new,199
41936,2026-03-08,new,29
41938,2023-07-27,new,79
41938,2024-01-23,churn,-79
41940,2023-08-28,new,79
41942,2025-09-06,new,29
41949,2025-08-30,new,29
41951,2023-05-22,new,79
41952,2025-09-25,new,79
41956,2024-10-01,new,29
41957,2025-07-13,new,29
41965,2023-11-14,new,79
41976,2024-04-12,new,29
41976,2024-10-09,churn,-29
41977,2023-07-05,new,199
41977,2024-01-01,churn,-199
41987,2025-06-16,new,29
41987,2025-09-14,expansion,50
41990,2024-11-03,new,29
41992,2023-07-09,new,79
41998,2024-06-26,new,29
41999,2025-01-12,new,29
41999,2025-07-11,churn,-29
42000,2023-03-29,new,79
42000,2023-09-25,churn,-79
42004,2024-08-13,new,29
42017,2025-07-24,new,29
42017,2025-10-22,contraction,-50
42019,2024-07-05,new,199
42021,2025-05-14,new,29
42021,2025-08-12,expansion,50
42022,2023-05-21,new,29
42022,2023-11-17,churn,-29
42026,2024-11-06,new,199
42042,2023-04-20,new,79
42042,2023-10-17,churn,-79
42051,2025-08-25,new,29
42053,2023-08-24,new,29
42053,2024-02-20,churn,-29
42057,2025-11-04,new,79
42059,2023-10-13,new,29
42059,2024-01-11,expansion,50
42060,2023-07-16,new,199
42063,2023-10-23,new,79
42065,2024-10-13,new,79
42065,2025-01-11,expansion,50
42068,2023-06-01,new,29
42069,2023-07-31,new,79
42071,2026-02-07,new,199
42071,2026-05-08,expansion,50
42071,2026-08-06,churn,-199
42073,2023-01-22,new,79
42079,2025-01-02,new,79
42079,2025-04-02,contraction,-50
42082,2024-05-05,new,79
42082,2024-08-03,contraction,-50
42083,2025-04-03,new,29
42085,2025-10-16,new,79
42093,2025-07-19,new,29
42111,2024-09-16,new,79
42111,2025-03-15,churn,-79
42114,2025-05-14,new,29
42114,2025-11-10,churn,-29
42117,2025-02-25,new,29
42117,2025-08-24,churn,-29
42119,2026-01-04,new,79
42119,2026-04-04,contraction,-50
42120,2023-09-16,new,29
42122,2024-11-16,new,199
42123,2024-07-22,new,79
42130,2024-06-05,new,29
42133,2025-11-17,new,79
42134,2024-01-13,new,199
42136,2023-12-13,new,29
42147,2024-04-04,new,29
42161,2023-09-25,new,79
42161,2024-03-23,churn,-79
42162,2026-01-31,new,79
42170,2025-04-07,new,79
42170,2025-07-06,expansion,50
42170,2025-10-04,churn,-79
42178,2025-03-30,new,29
42184,2023-09-18,new,199
42189,2023-11-07,new,29
42191,2025-05-28,new,29
42200,2023-02-09,new,79
42200,2023-08-08,churn,-79
42205,2024-11-16,new,79
42205,2025-05-15,churn,-79
42210,2024-12-20,new,79
42210,2025-03-20,expansion,50
42213,2023-05-11,new,79
42228,2024-07-30,new,29
42228,2025-01-26,churn,-29
42232,2024-01-05,new,29
42236,2023-08-11,new,79
42255,2023-11-14,new,79
42255,2024-05-12,churn,-79
42259,2025-06-28,new,29
42259,2025-12-25,churn,-29
42261,2024-04-04,new,79
42262,2023-04-08,new,79
42271,2024-07-01,new,199
42271,2024-09-29,expansion,50
42275,2023-05-19,new,29
42276,2025-01-21,new,29
42276,2025-07-20,churn,-29
42278,2023-07-07,new,29
42278,2024-01-03,churn,-29
42279,2024-06-19,new,29
42297,2025-04-03,new,79
42302,2023-06-30,new,29
42302,2023-12-27,churn,-29
42306,2023-01-18,new,29
42306,2023-04-18,expansion,50
42313,2024-01-03,new,29
42333,2024-12-18,new,29
42338,2023-02-20,new,29
42339,2024-07-11,new,29
42345,2026-02-10,new,199
42351,2026-01-24,new,79
42356,2023-05-09,new,29
42356,2023-11-05,churn,-29
42367,2025-10-05,new,29
42368,2025-01-01,new,199
42375,2024-08-10,new,29
42378,2026-01-30,new,29
42378,2026-07-29,churn,-29
42379,2023-03-07,new,79
42379,2023-09-03,churn,-79
42387,2025-11-08,new,29
42393,2025-02-02,new,29
42393,2025-05-03,expansion,50
42403,2025-02-02,new,29
42404,2023-12-27,new,29
42404,2024-03-26,contraction,-50
42408,2023-09-29,new,79
42408,2023-12-28,contraction,-50
42416,2024-07-31,new,29
42418,2024-12-27,new,79
42418,2025-06-25,churn,-79
42419,2023-04-18,new,29
42419,2023-10-15,churn,-29
42427,2023-03-02,new,29
42427,2023-08-29,churn,-29
42432,2024-02-25,new,29
42436,2024-11-08,new,29
42439,2025-11-15,new,79
42445,2024-05-27,new,199
42449,2025-03-06,new,29
42459,2025-07-30,new,79
42465,2023-02-25,new,199
42465,2023-08-24,churn,-199
42469,2024-11-23,new,79
42488,2025-07-30,new,79
42492,2025-10-25,new,79
42496,2026-02-09,new,79
42508,2025-09-03,new,199
42518,2024-09-26,new,79
42519,2025-06-05,new,29
42525,2023-06-07,new,199
42526,2025-09-30,new,199
42526,2026-03-29,churn,-199
42538,2025-12-02,new,199
42538,2026-05-31,churn,-199
42540,2025-07-30,new,79
42548,2023-01-28,new,79
42554,2025-12-29,new,29
42561,2026-01-16,new,199
42561,2026-07-15,churn,-199
42564,2024-10-31,new,79
42565,2024-04-08,new,199
42565,2024-07-07,expansion,50
42568,2023-02-18,new,29
42574,2023-03-05,new,29
42574,2023-09-01,churn,-29
42575,2024-10-06,new,79
42579,2025-01-27,new,29
42579,2025-04-27,contraction,-50
42579,2025-07-26,churn,-29
42581,2023-08-15,new,29
42589,2025-02-17,new,29
42593,2024-04-03,new,199
42594,2024-06-12,new,79
42614,2025-05-12,new,29
42618,2023-09-17,new,79
42618,2023-12-16,contraction,-50
42621,2025-01-05,new,29
42625,2025-03-16,new,29
42625,2025-09-12,churn,-29
42632,2025-10-31,new,29
42632,2026-01-29,contraction,-50
42638,2024-01-06,new,29
42638,2024-04-05,expansion,50
42639,2023-11-15,new,29
42639,2024-02-13,contraction,-50
42640,2023-12-24,new,79
42640,2024-03-23,contraction,-50
42641,2023-07-12,new,29
42643,2025-12-15,new,29
42652,2024-02-27,new,79
42652,2024-08-25,churn,-79
42653,2024-07-28,new,79
42657,2025-07-03,new,79
42657,2025-12-30,churn,-79
42665,2024-09-20,new,79
42665,2025-03-19,churn,-79
42675,2024-10-28,new,79
42684,2025-06-01,new,29
42692,2025-08-30,new,199
42692,2025-11-28,contraction,-50
42692,2026-02-26,churn,-199
42719,2023-11-18,new,79
42727,2024-06-21,new,29
42734,2025-02-04,new,29
42745,2024-07-05,new,79
42749,2024-08-15,new,29
42750,2023-01-30,new,199
42750,2023-07-29,churn,-199
42755,2023-06-27,new,79
42759,2024-02-21,new,79
42759,2024-08-19,churn,-79
42761,2023-06-12,new,29
42768,2025-05-06,new,29
42770,2024-07-12,new,79
42770,2025-01-08,churn,-79
42779,2023-02-11,new,79
42787,2024-07-12,new,79
42787,2025-01-08,churn,-79
42789,2025-03-14,new,29
42789,2025-09-10,churn,-29
42792,2025-12-28,new,29
42794,2023-08-26,new,79
42800,2024-04-29,new,79
42800,2024-07-28,contraction,-50
42802,2023-06-25,new,29
42807,2024-01-19,new,29
42807,2024-04-18,expansion,50
42813,2023-12-01,new,29
42821,2025-03-02,new,79
42824,2024-05-02,new,79
42825,2023-10-15,new,29
42826,2024-12-05,new,29
42831,2026-03-04,new,79
42832,2024-08-04,new,29
42835,2024-04-23,new,199
42839,2024-01-09,new,79
42839,2024-07-07,churn,-79
42842,2024-12-07,new,79
42842,2025-06-05,churn,-79
42845,2023-05-21,new,79
42845,2023-11-17,churn,-79
42848,2025-02-20,new,29
42848,2025-05-21,expansion,50
42852,2023-10-08,new,79
42860,2023-06-25,new,29
42860,2023-09-23,expansion,50
42860,2023-12-22,churn,-29
42865,2023-03-13,new,79
42865,2023-06-11,contraction,-50
42867,2023-02-12,new,199
42867,2023-05-13,contraction,-50
42867,2023-08-11,churn,-199
42869,2023-09-04,new,29
42878,2024-12-30,new,79
42878,2025-06-28,churn,-79
42887,2025-09-08,new,29
42887,2026-03-07,churn,-29
42888,2024-12-30,new,29
42888,2025-03-30,contraction,-50
42892,2026-03-11,new,79
42892,2026-06-09,expansion,50
42893,2025-06-30,new,29
42895,2023-05-16,new,29
42900,2023-08-07,new,29
42903,2024-09-08,new,29
42904,2025-04-17,new,29
42905,2025-07-07,new,29
42928,2024-11-07,new,29
42928,2025-05-06,churn,-29
42937,2025-05-23,new,29
42949,2025-04-18,new,29
42949,2025-10-15,churn,-29
42953,2024-05-08,new,79
42957,2023-07-06,new,79
42960,2025-04-12,new,199
42975,2023-02-17,new,29
42975,2023-05-18,expansion,50
42978,2025-02-16,new,199
42984,2023-08-06,new,199
42984,2024-02-02,churn,-199
42985,2024-07-23,new,29
42989,2024-02-04,new,29
42989,2024-05-04,contraction,-50
42994,2024-12-10,new,29
43004,2026-03-16,new,29
43004,2026-09-12,churn,-29
43005,2023-03-08,new,29
43007,2023-12-30,new,29
43007,2024-03-29,contraction,-50
43017,2023-01-22,new,29
43017,2023-04-22,expansion,50
43017,2023-07-21,churn,-29
43035,2023-11-15,new,29
43035,2024-05-13,churn,-29
43037,2025-01-11,new,79
43039,2023-08-30,new,79
43040,2024-11-03,new,79
43041,2023-12-05,new,199
43041,2024-06-02,churn,-199
43046,2025-09-21,new,79
43046,2025-12-20,contraction,-50
43046,2026-03-20,churn,-79
43048,2026-02-09,new,79
43063,2024-08-12,new,29
43064,2023-05-05,new,199
43070,2023-06-02,new,79
43073,2023-10-22,new,79
43073,2024-04-19,churn,-79
43074,2023-07-11,new,29
43078,2023-04-06,new,79
43078,2023-07-05,expansion,50
43087,2024-05-17,new,79
43094,2024-10-08,new,29
43096,2024-02-20,new,199
43104,2024-03-03,new,79
43104,2024-08-30,churn,-79
43105,2024-07-11,new,29
43105,2025-01-07,churn,-29
43116,2023-11-20,new,29
43116,2024-02-18,contraction,-50
43116,2024-05-18,churn,-29
43117,2023-07-13,new,79
43127,2026-02-03,new,29
43130,2024-03-28,new,29
43136,2024-12-27,new,29
43139,2023-11-10,new,79
43139,2024-05-08,churn,-79
43142,2024-12-16,new,199
43143,2024-02-02,new,79
43145,2024-02-22,new,199
43154,2025-12-01,new,79
43154,2026-03-01,contraction,-50
43154,2026-05-30,churn,-79
43155,2024-08-01,new,79
43158,2025-03-26,new,29
43158,2025-09-22,churn,-29
43161,2025-03-31,new,29
43162,2024-03-08,new,29
43163,2025-12-23,new,29
43165,2025-10-19,new,29
43165,2026-01-17,expansion,50
43165,2026-04-17,churn,-29
43166,2023-06-10,new,29
43166,2023-12-07,churn,-29
43172,2024-09-24,new,29
43173,2025-03-04,new,29
43182,2026-03-02,new,29
43185,2025-08-31,new,29
43185,2025-11-29,contraction,-50
43191,2025-11-10,new,29
43191,2026-02-08,expansion,50
43192,2024-04-18,new,79
43193,2023-06-23,new,29
43193,2023-12-20,churn,-29
43194,2024-01-02,new,199
43195,2025-06-07,new,29
43195,2025-12-04,churn,-29
43196,2025-12-21,new,29
43198,2025-09-17,new,79
43198,2025-12-16,contraction,-50
43198,2026-03-16,churn,-79
43199,2024-05-16,new,29
43199,2024-08-14,contraction,-50
43199,2024-11-12,churn,-29
43201,2023-04-29,new,29
43204,2025-02-19,new,29
43207,2024-06-03,new,29
43210,2023-08-05,new,199
43213,2024-01-17,new,199
43213,2024-04-16,expansion,50
43213,2024-07-15,churn,-199
43214,2023-04-10,new,199
43216,2025-08-04,new,199
43222,2023-02-07,new,29
43224,2025-12-12,new,79
43225,2023-08-25,new,79
43225,2023-11-23,contraction,-50
43225,2024-02-21,churn,-79
43242,2023-02-08,new,79
43249,2023-09-30,new,79
43252,2025-06-23,new,29
43257,2023-09-12,new,29
43262,2024-08-24,new,79
43262,2025-02-20,churn,-79
43281,2025-05-27,new,29
43281,2025-11-23,churn,-29
43282,2023-03-24,new,199
43293,2025-09-08,new,29
43296,2026-01-06,new,29
43296,2026-07-05,churn,-29
43298,2025-02-03,new,79
43300,2023-08-27,new,29
43300,2023-11-25,expansion,50
43308,2024-08-12,new,29
43308,2024-11-10,expansion,50
43317,2024-05-03,new,79
43318,2025-04-03,new,29
43320,2025-01-04,new,29
43326,2023-08-08,new,79
43331,2024-11-15,new,29
43334,2025-08-15,new,29
43337,2024-02-07,new,29
43338,2025-03-03,new,199
43341,2025-07-06,new,79
43354,2024-09-24,new,29
43363,2023-03-17,new,79
43364,2024-03-14,new,29
43364,2024-09-10,churn,-29
43366,2023-08-29,new,29
43382,2024-01-14,new,29
43384,2024-08-30,new,199
43388,2024-12-21,new,29
43388,2025-03-21,expansion,50
43390,2024-04-01,new,29
43391,2025-01-21,new,29
43403,2024-05-30,new,79
43405,2024-08-01,new,29
43409,2023-11-19,new,29
43412,2023-04-01,new,79
43427,2023-09-10,new,79
43428,2025-02-17,new,79
43429,2024-07-12,new,79
43433,2023-04-23,new,29
43436,2024-12-06,new,79
43445,2024-07-25,new,29
43445,2024-10-23,contraction,-50
43454,2025-04-03,new,79
43460,2024-05-13,new,199
43466,2023-01-20,new,79
43473,2023-09-08,new,79
43476,2024-02-10,new,29
43485,2024-12-19,new,79
43485,2025-03-19,contraction,-50
43490,2023-08-21,new,79
43496,2023-03-18,new,79
43501,2024-08-04,new,79
43506,2025-11-27,new,29
43511,2024-11-24,new,29
43513,2023-08-10,new,79
43514,2025-02-12,new,29
43518,2023-06-24,new,29
43529,2025-12-16,new,199
43533,2023-02-01,new,29
43541,2024-12-24,new,29
43547,2023-06-19,new,79
43547,2023-09-17,expansion,50
43550,2023-10-24,new,29
43564,2025-02-22,new,199
43565,2024-03-23,new,29
43569,2024-01-23,new,29
43569,2024-07-21,churn,-29
43576,2026-01-19,new,29
43579,2025-12-08,new,29
43580,2025-01-15,new,79
43580,2025-04-15,contraction,-50
43580,2025-07-14,churn,-79
43589,2023-04-21,new,29
43589,2023-07-20,contraction,-50
43593,2024-01-21,new,79
43594,2026-01-15,new,29
43601,2025-01-01,new,199
43601,2025-04-01,expansion,50
43605,2023-03-12,new,29
43607,2024-12-25,new,29
43607,2025-06-23,churn,-29
43615,2025-04-17,new,29
43616,2023-12-17,new,79
43618,2023-10-01,new,29
43618,2024-03-29,churn,-29
43619,2023-11-04,new,29
43619,2024-05-02,churn,-29
43620,2024-06-02,new,79
43622,2023-01-19,new,29
43622,2023-04-19,contraction,-50
43622,2023-07-18,churn,-29
43627,2026-02-10,new,29
43637,2023-09-26,new,79
43637,2024-03-24,churn,-79
43641,2023-06-28,new,29
43643,2023-12-30,new,29
43664,2024-08-05,new,79
43664,2024-11-03,expansion,50
43664,2025-02-01,churn,-79
43673,2023-04-08,new,79
43676,2025-06-20,new,79
43676,2025-12-17,churn,-79
43678,2023-07-16,new,29
43678,2023-10-14,contraction,-50
43680,2024-04-02,new,199
43680,2024-09-29,churn,-199
43685,2024-12-29,new,29
43685,2025-03-29,expansion,50
43693,2023-11-23,new,29
43693,2024-05-21,churn,-29
43694,2024-07-08,new,199
43694,2024-10-06,expansion,50
43694,2025-01-04,churn,-199
43702,2025-06-03,new,199
43704,2023-06-29,new,29
43705,2023-10-05,new,29
43716,2024-01-02,new,29
43716,2024-06-30,churn,-29
43718,2025-10-20,new,29
43718,2026-01-18,contraction,-50
43736,2024-09-21,new,79
43736,2025-03-20,churn,-79
43737,2025-07-09,new,29
43747,2024-10-06,new,79
43748,2026-01-18,new,29
43757,2025-01-19,new,29
43764,2023-08-14,new,29
43774,2024-07-06,new,79
43783,2025-04-23,new,199
43783,2025-10-20,churn,-199
43787,2023-06-06,new,79
43789,2026-01-16,new,29
43789,2026-07-15,churn,-29
43791,2024-12-08,new,29
43799,2024-06-24,new,79
43799,2024-12-21,churn,-79
43804,2025-07-13,new,29
43816,2023-04-29,new,199
43820,2025-05-01,new,29
43837,2023-10-04,new,29
43866,2024-07-02,new,29
43866,2024-09-30,contraction,-50
43867,2023-10-20,new,199
43868,2025-11-28,new,29
43874,2024-11-12,new,79
43875,2023-05-14,new,29
43876,2024-10-08,new,29
43878,2024-03-15,new,29
43881,2025-06-03,new,199
43889,2025-07-08,new,79
43891,2024-07-04,new,29
43894,2024-09-19,new,29
43903,2024-10-27,new,199
43910,2025-03-01,new,79
43911,2023-05-21,new,79
43934,2025-06-25,new,29
43938,2023-04-06,new,29
43938,2023-07-05,contraction,-50
43941,2023-02-14,new,79
43941,2023-08-13,churn,-79
43942,2024-03-24,new,29
43945,2024-12-30,new,29
43952,2025-09-06,new,29
43963,2024-07-27,new,79
43964,2024-06-08,new,79
43973,2024-03-15,new,199
43973,2024-09-11,churn,-199
43978,2025-04-26,new,29
43979,2023-06-18,new,29
43998,2025-02-15,new,29
44008,2023-03-25,new,29
44010,2025-07-21,new,79
44010,2026-01-17,churn,-79
44014,2025-04-01,new,79
44014,2025-06-30,contraction,-50
44016,2024-12-03,new,29
44019,2023-03-17,new,199
44019,2023-06-15,expansion,50
44024,2023-10-26,new,29
44028,2024-11-07,new,29
44042,2025-07-04,new,29
44043,2024-09-28,new,199
44044,2023-03-21,new,29
44045,2024-01-18,new,29
44051,2025-02-26,new,199
44054,2024-03-24,new,79
44055,2023-05-02,new,79
44070,2023-06-05,new,29
44076,2023-10-30,new,199
44081,2024-10-11,new,29
44084,2024-04-21,new,79
44084,2024-07-20,expansion,50
44085,2024-01-29,new,29
44086,2023-07-23,new,29
44086,2024-01-19,churn,-29
44087,2024-04-08,new,79
44095,2025-12-22,new,79
44095,2026-06-20,churn,-79
44100,2025-04-09,new,79
44100,2025-07-08,contraction,-50
44100,2025-10-06,churn,-79
44111,2023-07-12,new,79
44111,2024-01-08,churn,-79
44112,2023-08-12,new,29
44115,2025-10-27,new,79
44116,2026-01-06,new,79
44118,2024-02-01,new,79
44121,2023-07-01,new,29
44121,2023-12-28,churn,-29
44124,2023-09-05,new,199
44124,2023-12-04,contraction,-50
44125,2023-06-27,new,29
44137,2024-05-16,new,79
44151,2024-12-03,new,29
44158,2026-02-04,new,29
44158,2026-08-03,churn,-29
44165,2026-01-28,new,29
44165,2026-04-28,contraction,-50
44169,2023-07-11,new,79
44185,2024-02-18,new,29
44197,2024-11-28,new,199
44201,2024-11-30,new,79
44211,2024-03-26,new,79
44217,2024-02-13,new,29
44223,2026-01-13,new,29
44231,2024-09-23,new,79
44231,2025-03-22,churn,-79
44245,2024-10-30,new,29
44245,2025-01-28,expansion,50
44245,2025-04-28,churn,-29
44246,2024-03-10,new,29
44251,2023-05-28,new,29
44251,2023-11-24,churn,-29
44258,2023-07-31,new,199
44267,2025-04-18,new,79
44272,2023-03-14,new,199
44272,2023-09-10,churn,-199
44279,2023-05-06,new,79
44283,2024-07-14,new,29
44285,2024-08-19,new,29
44285,2025-02-15,churn,-29
44287,2026-01-14,new,79
44288,2024-10-18,new,79
44289,2024-01-04,new,29
44301,2025-03-31,new,29
44303,2024-06-28,new,199
44310,2025-12-05,new,29
44311,2024-12-13,new,29
44313,2024-02-10,new,79
44313,2024-08-08,churn,-79
44317,2024-06-07,new,29
44317,2024-09-05,expansion,50
44327,2025-07-29,new,79
44334,2025-01-31,new,29
44340,2024-07-17,new,199
44341,2024-05-03,new,29
44343,2023-03-14,new,79
44344,2023-07-06,new,29
44349,2023-11-11,new,29
44353,2025-11-01,new,29
44353,2026-04-30,churn,-29
44359,2023-03-07,new,199
44359,2023-06-05,expansion,50
44366,2025-03-28,new,79
44370,2025-08-12,new,79
44373,2024-06-22,new,29
44379,2023-11-14,new,199
44384,2023-09-14,new,199
44385,2025-01-15,new,29
44388,2023-11-22,new,29
44389,2025-08-04,new,79
44399,2025-05-17,new,79
44399,2025-08-15,expansion,50
44400,2025-06-29,new,29
44403,2025-10-02,new,199
44406,2025-10-30,new,199
44406,2026-01-28,expansion,50
44412,2024-12-11,new,29
44417,2024-08-01,new,29
44417,2025-01-28,churn,-29
44420,2023-10-31,new,79
44420,2024-01-29,expansion,50
44421,2025-05-13,new,199
44426,2023-02-16,new,29
44426,2023-08-15,churn,-29
44434,2025-12-09,new,79
44434,2026-03-09,contraction,-50
44448,2024-02-23,new,29
44448,2024-05-23,contraction,-50
44449,2023-07-24,new,29
44449,2023-10-22,expansion,50
44460,2023-10-12,new,29
44467,2025-02-14,new,199
44467,2025-08-13,churn,-199
44471,2025-05-05,new,29
44471,2025-08-03,expansion,50
44471,2025-11-01,churn,-29
44493,2025-08-23,new,79
44495,2023-11-05,new,199
44498,2025-04-13,new,79
44498,2025-07-12,expansion,50
44499,2023-07-20,new,29
44503,2025-03-27,new,199
44506,2024-01-03,new,29
44506,2024-04-02,contraction,-50
44510,2023-02-06,new,199
44512,2023-02-15,new,29
44515,2025-01-10,new,29
44516,2023-03-10,new,29
44516,2023-06-08,expansion,50
44517,2024-01-21,new,79
44524,2023-10-29,new,79
44524,2024-04-26,churn,-79
44540,2023-06-02,new,79
44545,2024-07-08,new,29
44546,2026-01-31,new,79
44559,2023-08-06,new,199
44559,2024-02-02,churn,-199
44563,2026-02-09,new,29
44564,2026-02-06,new,79
44566,2025-11-20,new,29
44566,2026-05-19,churn,-29
44567,2024-05-03,new,29
44567,2024-10-30,churn,-29
44571,2024-04-02,new,199
44571,2024-09-29,churn,-199
44579,2025-04-30,new,29
44579,2025-10-27,churn,-29
44580,2024-09-11,new,29
44580,2024-12-10,expansion,50
44580,2025-03-10,churn,-29
44586,2025-08-24,new,79
44590,2025-10-24,new,29
44590,2026-04-22,churn,-29
44597,2025-10-22,new,79
44597,2026-04-20,churn,-79
44606,2026-01-20,new,79
44612,2024-01-30,new,29
44612,2024-07-28,churn,-29
44615,2025-05-05,new,199
44615,2025-11-01,churn,-199
44617,2025-02-12,new,199
44617,2025-05-13,contraction,-50
44618,2024-04-16,new,79
44618,2024-07-15,expansion,50
44627,2025-08-13,new,29
44629,2024-09-10,new,199
44636,2024-06-29,new,29
44644,2023-11-03,new,29
44646,2025-02-13,new,79
44650,2025-03-19,new,29
44653,2025-08-10,new,29
44653,2026-02-06,churn,-29
44655,2023-08-22,new,199
44656,2024-11-04,new,79
44665,2025-10-23,new,199
44669,2025-09-21,new,79
44679,2025-08-30,new,79
44679,2026-02-26,churn,-79
44680,2025-11-11,new,79
44680,2026-02-09,expansion,50
44687,2024-11-05,new,199
44687,2025-05-04,churn,-199
44691,2024-06-15,new,199
44691,2024-09-13,contraction,-50
44695,2023-03-11,new,29
44707,2024-09-18,new,29
44710,2023-06-03,new,79
44710,2023-11-30,churn,-79
44716,2023-07-29,new,79
44718,2024-09-16,new,29
44721,2024-01-28,new,29
44733,2023-06-10,new,29
44738,2025-03-28,new,29
44742,2025-06-21,new,79
44744,2025-04-19,new,29
44744,2025-10-16,churn,-29
44763,2023-07-31,new,29
44763,2023-10-29,contraction,-50
44773,2025-03-11,new,79
44774,2023-11-24,new,79
44780,2024-09-23,new,199
44781,2025-10-31,new,79
44781,2026-01-29,expansion,50
44787,2026-01-10,new,199
44792,2025-06-06,new,199
44792,2025-12-03,churn,-199
44794,2025-10-01,new,29
44796,2026-01-26,new,79
44798,2025-06-05,new,29
44800,2023-12-27,new,79
44802,2024-01-07,new,29
44812,2024-04-27,new,29
44815,2023-10-10,new,79
44817,2025-07-20,new,29
44818,2023-08-18,new,79
44824,2025-12-15,new,29
44838,2025-03-19,new,29
44838,2025-09-15,churn,-29
44851,2026-01-06,new,199
44861,2024-11-14,new,199
44861,2025-05-13,churn,-199
44866,2024-09-21,new,29
44868,2023-11-06,new,79
44873,2024-05-02,new,29
44880,2025-05-04,new,199
44880,2025-08-02,contraction,-50
44893,2025-02-16,new,29
44893,2025-05-17,contraction,-50
44897,2024-02-22,new,29
44904,2023-11-20,new,199
44906,2023-03-07,new,29
44914,2024-01-12,new,79
44921,2026-02-09,new,29
44921,2026-05-10,expansion,50
44921,2026-08-08,churn,-29
44925,2026-03-13,new,29
44925,2026-09-09,churn,-29
44928,2024-08-14,new,199
44928,2025-02-10,churn,-199
44931,2023-12-30,new,29
44931,2024-03-29,contraction,-50
44931,2024-06-27,churn,-29
44936,2025-12-20,new,29
44940,2026-03-12,new,199
44941,2025-08-29,new,29
44942,2024-05-20,new,79
44942,2024-11-16,churn,-79
44949,2023-08-17,new,199
44950,2025-02-02,new,29
44953,2024-04-27,new,79
44953,2024-10-24,churn,-79
44954,2025-01-27,new,29
44973,2023-05-31,new,199
44982,2024-06-02,new,29
44982,2024-08-31,expansion,50
44983,2025-05-17,new,29
44984,2023-07-08,new,29
44985,2023-05-06,new,29
44986,2023-05-12,new,79
44986,2023-08-10,contraction,-50
44990,2026-01-11,new,199
44995,2023-09-30,new,79
44995,2024-03-28,churn,-79
45001,2023-06-10,new,29
45001,2023-12-07,churn,-29
45002,2023-08-02,new,79
45005,2023-05-26,new,79
45006,2025-02-20,new,79
45009,2025-08-09,new,29
45011,2023-05-09,new,29
45012,2025-09-13,new,29
45016,2023-09-02,new,29
45016,2023-12-01,contraction,-50
45017,2025-02-03,new,79
45024,2024-10-19,new,29
45024,2025-04-17,churn,-29
45025,2023-01-30,new,199
45026,2025-11-17,new,79
45035,2024-06-22,new,29
45036,2025-04-12,new,79
45036,2025-10-09,churn,-79
45037,2023-07-07,new,29
45037,2024-01-03,churn,-29
45042,2025-04-11,new,79
45046,2023-04-22,new,29
45046,2023-07-21,contraction,-50
45048,2023-09-01,new,29
45069,2023-03-02,new,29
45074,2023-03-09,new,199
45085,2025-01-23,new,79
45087,2025-08-01,new,29
45087,2025-10-30,contraction,-50
45088,2025-09-28,new,79
45097,2023-02-07,new,29
45099,2025-01-22,new,79
45099,2025-04-22,contraction,-50
45100,2023-12-22,new,29
45102,2025-04-12,new,79
45102,2025-07-11,contraction,-50
45103,2023-09-28,new,199
45105,2025-07-23,new,29
45106,2023-08-15,new,79
45106,2023-11-13,contraction,-50
45107,2024-02-01,new,79
45111,2025-02-11,new,29
45111,2025-08-10,churn,-29
45124,2023-04-04,new,29
45126,2024-05-02,new,199
45126,2024-10-29,churn,-199
45130,2023-04-22,new,79
45130,2023-10-19,churn,-79
45133,2023-09-20,new,79
45135,2026-01-06,new,29
45145,2023-08-24,new,79
45145,2024-02-20,churn,-79
45149,2024-07-25,new,29
45149,2025-01-21,churn,-29
45150,2024-11-26,new,199
45153,2023-03-06,new,79
45157,2024-03-22,new,79
45157,2024-06-20,contraction,-50
45157,2024-09-18,churn,-79
45160,2023-12-31,new,29
45161,2023-01-17,new,199
45161,2023-04-17,expansion,50
45171,2024-07-01,new,199
45171,2024-12-28,churn,-199
45173,2024-09-07,new,79
45173,2024-12-06,expansion,50
45178,2024-12-01,new,29
45198,2025-05-14,new,29
45198,2025-11-10,churn,-29
45200,2025-10-20,new,29
45201,2023-12-06,new,199
45202,2024-03-22,new,199
45202,2024-09-18,churn,-199
45209,2024-07-06,new,29
45215,2024-03-01,new,79
45216,2024-02-25,new,29
45216,2024-08-23,churn,-29
45219,2023-03-12,new,199
45224,2025-10-09,new,199
45231,2025-11-09,new,79
45231,2026-05-08,churn,-79
45233,2025-09-22,new,79
45233,2026-03-21,churn,-79
45236,2023-08-05,new,29
45236,2024-02-01,churn,-29
45238,2025-09-15,new,199
45238,2026-03-14,churn,-199
45239,2025-01-30,new,29
45239,2025-07-29,churn,-29
45255,2025-04-19,new,79
45255,2025-07-18,expansion,50
45261,2023-10-05,new,79
45261,2024-01-03,expansion,50
45273,2024-08-25,new,29
45278,2025-10-25,new,29
45290,2024-01-08,new,79
45292,2024-03-29,new,29
45297,2023-08-26,new,29
45299,2026-03-04,new,199
45300,2025-06-13,new,29
45303,2025-03-29,new,199
45303,2025-06-27,expansion,50
45311,2025-12-23,new,79
45311,2026-06-21,churn,-79
45321,2025-04-13,new,199
45334,2025-03-01,new,29
45338,2026-03-02,new,79
45338,2026-05-31,contraction,-50
45346,2024-02-06,new,29
45346,2024-08-04,churn,-29
45349,2023-07-19,new,79
45350,2025-08-30,new,29
45350,2026-02-26,churn,-29
45352,2025-01-16,new,29
45352,2025-04-16,contraction,-50
45358,2025-12-13,new,79
45373,2023-08-19,new,29
45374,2024-06-23,new,79
45377,2025-06-15,new,199
45395,2024-03-14,new,79
45395,2024-09-10,churn,-79
45409,2024-01-18,new,29
45413,2025-11-09,new,79
45434,2025-01-07,new,79
45440,2025-03-02,new,29
45449,2025-08-06,new,199
45451,2024-01-27,new,29
45452,2023-09-07,new,79
45452,2024-03-05,churn,-79
45455,2026-01-24,new,29
45458,2023-11-07,new,79
45458,2024-05-05,churn,-79
45461,2025-05-22,new,199
45465,2025-01-16,new,79
45466,2024-06-18,new,29
45471,2026-02-20,new,79
45485,2025-01-06,new,29
45493,2024-06-22,new,79
45493,2024-09-20,contraction,-50
45494,2023-09-26,new,29
45494,2023-12-25,expansion,50
45499,2025-03-10,new,29
45500,2024-10-17,new,29
45500,2025-04-15,churn,-29
45503,2025-11-10,new,199
45504,2025-05-07,new,29
45507,2024-11-05,new,79
45509,2025-12-15,new,199
45509,2026-06-13,churn,-199
45511,2023-12-04,new,29
45518,2025-07-23,new,79
45522,2025-05-01,new,79
45522,2025-10-28,churn,-79
45524,2024-12-04,new,29
45527,2025-05-26,new,29
45541,2024-12-27,new,199
45542,2024-01-25,new,29
45546,2023-11-13,new,29
45553,2024-11-07,new,29
45554,2023-07-27,new,199
45556,2024-09-01,new,79
45556,2024-11-30,contraction,-50
45556,2025-02-28,churn,-79
45566,2024-02-10,new,199
45568,2023-03-18,new,29
45578,2024-04-07,new,79
45578,2024-10-04,churn,-79
45589,2025-11-06,new,199
45597,2024-06-15,new,29
45600,2026-02-25,new,79
45601,2026-01-23,new,199
45603,2024-04-01,new,29
45607,2023-06-10,new,79
45607,2023-09-08,contraction,-50
45610,2024-11-26,new,79
45617,2024-04-22,new,79
45617,2024-07-21,contraction,-50
45622,2024-02-26,new,79
45627,2024-03-10,new,199
45633,2024-04-16,new,79
45642,2025-03-05,new,29
45642,2025-09-01,churn,-29
45647,2025-02-10,new,79
45652,2023-06-06,new,29
45652,2023-12-03,churn,-29
45657,2025-06-12,new,79
45657,2025-09-10,contraction,-50
45664,2026-01-19,new,29
45664,2026-04-19,contraction,-50
45666,2023-10-04,new,79
45670,2025-06-15,new,29
45673,2024-12-11,new,29
45673,2025-03-11,contraction,-50
45674,2024-11-25,new,79
45678,2024-11-30,new,79
45685,2023-01-21,new,79
45685,2023-07-20,churn,-79
45689,2025-03-19,new,79
45690,2024-11-17,new,79
45690,2025-05-16,churn,-79
45692,2023-09-22,new,29
45692,2024-03-20,churn,-29
45699,2025-01-17,new,29
45702,2023-02-07,new,29
45706,2026-03-01,new,79
45706,2026-08-28,churn,-79
45720,2025-01-26,new,29
45721,2023-12-17,new,199
45722,2023-07-13,new,29
45723,2024-03-24,new,79
45723,2024-09-20,churn,-79
45728,2024-04-27,new,29
45732,2023-10-20,new,29
45732,2024-04-17,churn,-29
45737,2024-09-07,new,79
45739,2023-06-23,new,29
45741,2023-05-12,new,79
45742,2023-02-23,new,29
45744,2025-09-26,new,29
45748,2026-03-06,new,79
45751,2024-05-20,new,29
45751,2024-11-16,churn,-29
45753,2023-08-09,new,79
45755,2025-10-14,new,29
45755,2026-04-12,churn,-29
45757,2024-08-01,new,79
45758,2025-07-07,new,29
45760,2026-02-05,new,29
45760,2026-05-06,contraction,-50
45760,2026-08-04,churn,-29
45766,2024-04-12,new,29
45766,2024-10-09,churn,-29
45771,2025-12-01,new,29
45774,2024-07-06,new,29
45774,2025-01-02,churn,-29
45778,2025-02-04,new,79
45785,2023-06-10,new,79
45786,2025-08-05,new,29
45786,2026-02-01,churn,-29
45802,2023-01-31,new,79
45805,2025-07-09,new,79
45805,2025-10-07,contraction,-50
45806,2024-08-07,new,29
45819,2025-10-08,new,29
45826,2024-08-22,new,29
45828,2023-07-26,new,29
45829,2024-04-15,new,79
45829,2024-07-14,contraction,-50
45866,2025-04-28,new,29
45869,2025-11-18,new,29
45871,2025-09-19,new,79
45871,2025-12-18,contraction,-50
45872,2024-10-23,new,79
45875,2025-07-03,new,29
45875,2025-12-30,churn,-29
45878,2025-07-18,new,29
45878,2026-01-14,churn,-29
45884,2024-11-23,new,29
45884,2025-05-22,churn,-29
45885,2023-01-25,new,79
45885,2023-04-25,contraction,-50
45892,2023-08-01,new,199
45892,2024-01-28,churn,-199
45896,2023-02-11,new,29
45896,2023-08-10,churn,-29
45907,2026-02-16,new,29
45908,2023-09-04,new,79
45913,2025-07-08,new,29
45917,2025-09-18,new,79
45919,2024-07-12,new,79
45927,2025-07-19,new,29
45927,2025-10-17,expansion,50
45929,2023-05-10,new,79
45931,2023-11-04,new,79
45937,2024-07-09,new,29
45938,2023-10-28,new,29
45940,2023-08-22,new,29
45941,2025-03-15,new,79
45948,2023-01-31,new,79
45951,2023-06-14,new,79
45951,2023-12-11,churn,-79
45965,2024-07-14,new,29
45969,2026-01-13,new,79
45969,2026-07-12,churn,-79
45970,2025-11-14,new,29
45975,2023-05-01,new,29
45979,2025-11-15,new,79
45982,2024-12-14,new,29
45985,2023-06-01,new,29
45990,2023-03-06,new,79
45999,2023-07-05,new,29
46000,2025-04-01,new,79
46000,2025-06-30,contraction,-50
46003,2025-10-14,new,29
46011,2024-07-15,new,29
46015,2025-12-22,new,79
46018,2024-06-18,new,199
46019,2024-05-22,new,79
46019,2024-11-18,churn,-79
46027,2025-11-11,new,199
46028,2025-05-28,new,29
46028,2025-11-24,churn,-29
46033,2025-05-23,new,29
46034,2024-12-07,new,79
46037,2023-05-01,new,29
46039,2025-07-03,new,29
46039,2025-10-01,contraction,-50
46044,2023-05-11,new,29
46050,2024-05-09,new,29
46050,2024-08-07,contraction,-50
46079,2025-01-16,new,29
46079,2025-07-15,churn,-29
46082,2025-07-16,new,29
46086,2024-08-06,new,29
46089,2024-02-27,new,29
46089,2024-08-25,churn,-29
46090,2024-08-29,new,79
46093,2026-03-11,new,199
46093,2026-09-07,churn,-199
46098,2026-02-28,new,199
46105,2025-12-02,new,29
46105,2026-05-31,churn,-29
46106,2026-03-08,new,79
46111,2023-01-29,new,199
46113,2025-08-08,new,29
46113,2026-02-04,churn,-29
46122,2024-04-21,new,79
46125,2023-12-14,new,29
46125,2024-06-11,churn,-29
46128,2023-10-11,new,29
46134,2025-06-17,new,29
46144,2025-06-14,new,29
46151,2024-07-21,new,29
46156,2023-04-03,new,199
46156,2023-09-30,churn,-199
46158,2024-02-23,new,29
46161,2025-07-21,new,79
46180,2025-01-27,new,79
46180,2025-04-27,expansion,50
46189,2023-09-01,new,199
46190,2024-06-11,new,199
46196,2024-09-20,new,79
46206,2026-02-17,new,29
46207,2025-01-10,new,199
46207,2025-04-10,contraction,-50
46208,2024-12-24,new,79
46216,2023-07-31,new,29
46234,2025-04-08,new,29
46238,2023-07-01,new,29
46238,2023-09-29,contraction,-50
46250,2024-12-07,new,79
46254,2024-05-14,new,79
46258,2024-10-07,new,29
46264,2023-07-11,new,79
46264,2023-10-09,contraction,-50
46267,2024-11-03,new,79
46268,2023-05-30,new,29
46268,2023-11-26,churn,-29
46279,2023-10-17,new,29
46283,2025-04-02,new,29
46283,2025-07-01,contraction,-50
46287,2025-11-11,new,199
46290,2024-05-04,new,29
46300,2025-07-10,new,79
46300,2026-01-06,churn,-79
46317,2024-02-02,new,29
46319,2025-08-03,new,199
46319,2025-11-01,expansion,50
46319,2026-01-30,churn,-199
46327,2025-07-02,new,29
46327,2025-12-29,churn,-29
46346,2023-10-03,new,29
46349,2024-02-29,new,29
46349,2024-08-27,churn,-29
46355,2023-03-03,new,79
46355,2023-08-30,churn,-79
46357,2023-07-24,new,29
46358,2025-02-19,new,79
46360,2025-09-06,new,199
46370,2023-07-24,new,29
46375,2026-01-31,new,29
46375,2026-07-30,churn,-29
46376,2024-10-14,new,79
46378,2024-05-08,new,29
46380,2025-08-22,new,29
46387,2025-03-04,new,29
46395,2024-12-08,new,29
46395,2025-06-06,churn,-29
46397,2023-07-11,new,29
46397,2023-10-09,expansion,50
46401,2024-02-26,new,79
46408,2023-12-21,new,29
46418,2026-01-01,new,79
46418,2026-04-01,expansion,50
46418,2026-06-30,churn,-79
46422,2025-09-30,new,79
46423,2024-11-01,new,79
46423,2025-01-30,contraction,-50
46431,2024-09-25,new,79
46434,2023-05-25,new,199
46435,2025-05-11,new,79
46440,2024-11-07,new,29
46451,2025-11-09,new,79
46454,2023-02-14,new,79
46455,2025-01-05,new,199
46457,2023-06-15,new,79
46467,2023-05-17,new,29
46470,2025-07-22,new,199
46470,2025-10-20,expansion,50
46473,2024-02-08,new,79
46496,2023-08-08,new,79
46504,2023-03-08,new,79
46510,2024-06-13,new,29
46517,2024-07-15,new,79
46517,2025-01-11,churn,-79
46518,2025-04-13,new,29
46518,2025-10-10,churn,-29
46520,2024-10-01,new,29
46520,2024-12-30,expansion,50
46521,2023-03-12,new,29
46532,2025-12-03,new,199
46532,2026-03-03,expansion,50
46532,2026-06-01,churn,-199
46533,2024-06-29,new,29
46533,2024-09-27,expansion,50
46534,2024-10-18,new,29
46534,2025-04-16,churn,-29
46542,2024-07-29,new,29
46545,2023-11-27,new,79
46558,2024-02-18,new,79
46559,2024-04-20,new,29
46561,2024-09-04,new,79
46561,2025-03-03,churn,-79
46565,2024-07-26,new,29
46575,2023-03-29,new,79
46579,2023-12-30,new,29
46583,2025-02-01,new,29
46583,2025-07-31,churn,-29
46587,2024-03-16,new,29
46609,2023-10-05,new,29
46612,2025-02-27,new,29
46616,2023-11-13,new,79
46628,2024-07-27,new,79
46629,2024-06-26,new,79
46629,2024-12-23,churn,-79
46632,2025-10-25,new,79
46636,2023-03-20,new,29
46636,2023-09-16,churn,-29
46638,2025-08-17,new,199
46638,2025-11-15,contraction,-50
46640,2024-12-09,new,79
46640,2025-03-09,contraction,-50
46645,2023-04-16,new,29
46645,2023-10-13,churn,-29
46647,2023-12-21,new,29
46648,2024-04-14,new,79
46648,2024-07-13,contraction,-50
46653,2025-11-13,new,29
46656,2023-10-11,new,79
46656,2024-04-08,churn,-79
46663,2023-05-20,new,29
46663,2023-11-16,churn,-29
46665,2025-08-18,new,79
46668,2023-10-19,new,79
46669,2023-07-27,new,29
46670,2023-06-24,new,79
46700,2024-06-12,new,29
46704,2025-04-27,new,79
46705,2024-06-13,new,29
46705,2024-09-11,contraction,-50
46707,2024-01-28,new,29
46709,2025-08-15,new,79
46721,2026-01-25,new,29
46725,2024-04-30,new,29
46726,2025-03-06,new,199
46727,2025-09-12,new,199
46728,2024-08-24,new,29
46733,2023-11-23,new,79
46734,2023-09-01,new,29
46737,2023-03-26,new,199
46746,2023-11-28,new,29
46751,2023-06-11,new,199
46751,2023-12-08,churn,-199
46754,2024-08-22,new,79
46754,2024-11-20,contraction,-50
46761,2024-08-29,new,199
46763,2026-02-15,new,199
46768,2024-02-23,new,79
46770,2024-07-29,new,29
46771,2024-12-02,new,29
46771,2025-05-31,churn,-29
46772,2026-01-13,new,29
46772,2026-07-12,churn,-29
46779,2023-10-30,new,29
46781,2023-08-02,new,29
46782,2023-03-09,new,29
46783,2026-02-05,new,199
46786,2026-02-24,new,29
46793,2026-03-02,new,29
46794,2023-02-03,new,79
46794,2023-08-02,churn,-79
46796,2025-02-04,new,29
46796,2025-08-03,churn,-29
46797,2024-06-03,new,199
46807,2025-11-09,new,29
46810,2024-02-29,new,79
46812,2026-01-05,new,199
46815,2023-04-15,new,199
46815,2023-10-12,churn,-199
46817,2024-02-15,new,29
46821,2024-08-20,new,29
46823,2025-03-17,new,79
46831,2026-01-15,new,79
46836,2025-12-07,new,199
46838,2023-11-12,new,29
46838,2024-02-10,contraction,-50
46840,2025-06-08,new,199
46840,2025-12-05,churn,-199
46844,2024-06-20,new,29
46844,2024-09-18,expansion,50
46846,2024-01-31,new,79
46852,2023-05-24,new,29
46852,2023-11-20,churn,-29
46854,2025-08-27,new,29
46869,2024-03-13,new,199
46874,2025-03-22,new,29
46888,2024-09-01,new,199
46894,2023-08-23,new,29
46894,2023-11-21,expansion,50
46903,2024-10-08,new,199
46910,2025-09-14,new,29
46910,2026-03-13,churn,-29
46914,2025-07-02,new,29
46915,2024-07-25,new,79
46916,2024-09-05,new,79
46920,2023-01-18,new,199
46927,2025-11-07,new,29
46927,2026-05-06,churn,-29
46933,2024-01-13,new,79
46937,2025-06-19,new,199
46942,2024-04-14,new,199
46952,2025-03-25,new,29
46956,2025-12-06,new,79
46961,2023-05-08,new,79
46968,2024-11-27,new,29
46970,2025-02-07,new,199
46970,2025-08-06,churn,-199
46971,2025-07-12,new,29
46972,2023-02-07,new,29
46974,2026-01-29,new,29
46993,2025-01-19,new,29
47000,2026-01-08,new,29
47000,2026-07-07,churn,-29
47004,2024-06-04,new,29
47010,2026-02-18,new,199
47010,2026-08-17,churn,-199
47024,2025-02-12,new,79
47026,2024-02-20,new,79
47026,2024-05-20,expansion,50
47026,2024-08-18,churn,-79
47032,2024-06-29,new,29
47032,2024-12-26,churn,-29
47037,2024-10-01,new,199
47037,2025-03-30,churn,-199
47042,2026-02-20,new,199
47049,2025-09-04,new,29
47049,2025-12-03,contraction,-50
47052,2023-10-21,new,29
47057,2024-05-17,new,29
47067,2025-08-19,new,29
47067,2026-02-15,churn,-29
47069,2025-05-31,new,79
47069,2025-08-29,contraction,-50
47081,2023-07-19,new,29
47082,2025-10-13,new,29
47087,2025-07-13,new,79
47087,2026-01-09,churn,-79
47088,2024-12-02,new,199
47091,2024-12-25,new,29
47092,2023-02-14,new,29
47114,2023-08-06,new,29
47118,2024-06-04,new,79
47118,2024-12-01,churn,-79
47120,2024-11-21,new,29
47121,2025-12-10,new,29
47123,2023-02-09,new,29
47128,2024-03-12,new,29
47131,2025-01-13,new,29
47138,2025-10-16,new,79
47140,2025-01-26,new,29
47143,2023-07-15,new,199
47143,2024-01-11,churn,-199
47152,2025-09-15,new,79
47152,2026-03-14,churn,-79
47155,2025-06-21,new,79
47159,2023-09-12,new,29
47159,2024-03-10,churn,-29
47161,2024-11-16,new,29
47162,2026-01-06,new,79
47169,2023-05-29,new,79
47169,2023-11-25,churn,-79
47170,2023-11-17,new,29
47174,2024-09-06,new,29
47175,2024-03-30,new,79
47187,2025-08-21,new,29
47190,2025-12-30,new,79
47201,2025-09-21,new,29
47202,2025-12-21,new,199
47208,2023-08-19,new,199
47215,2024-05-01,new,29
47217,2025-11-27,new,29
47219,2023-08-12,new,29
47219,2023-11-10,contraction,-50
47219,2024-02-08,churn,-29
47223,2023-09-18,new,29
47223,2024-03-16,churn,-29
47226,2023-09-20,new,199
47234,2023-08-17,new,29
47236,2024-06-27,new,79
47236,2024-12-24,churn,-79
47237,2024-05-27,new,79
47241,2024-03-29,new,29
47244,2025-12-04,new,79
47244,2026-03-04,expansion,50
47249,2024-10-24,new,79
47291,2026-02-27,new,29
47296,2025-05-24,new,79
47297,2024-12-08,new,79
47298,2025-04-08,new,199
47303,2025-09-19,new,199
47325,2025-01-26,new,199
47325,2025-04-26,contraction,-50
47329,2023-07-31,new,199
47339,2023-05-13,new,79
47339,2023-11-09,churn,-79
47344,2023-11-18,new,29
47347,2025-06-23,new,79
47350,2024-09-24,new,29
47354,2023-07-06,new,79
47355,2025-03-29,new,29
47366,2023-06-15,new,29
47376,2023-12-29,new,79
47376,2024-06-26,churn,-79
47379,2024-03-11,new,29
47385,2024-10-30,new,29
47385,2025-04-28,churn,-29
47386,2024-11-06,new,79
47392,2025-06-20,new,29
47393,2026-03-09,new,29
47394,2023-11-30,new,199
47394,2024-02-28,expansion,50
47394,2024-05-28,churn,-199
47399,2025-07-11,new,79
47399,2026-01-07,churn,-79
47408,2023-05-14,new,29
47411,2023-02-18,new,29
47414,2024-02-25,new,79
47414,2024-08-23,churn,-79
47416,2026-01-26,new,79
47421,2024-08-25,new,79
47426,2025-09-25,new,79
47427,2025-07-22,new,29
47427,2026-01-18,churn,-29
47435,2023-07-04,new,29
47436,2024-03-11,new,79
47436,2024-09-07,churn,-79
47437,2025-11-27,new,79
47449,2024-03-28,new,29
47455,2025-03-02,new,29
47458,2023-08-15,new,29
47468,2025-03-01,new,29
47468,2025-08-28,churn,-29
47473,2023-01-18,new,79
47473,2023-04-18,expansion,50
47477,2023-03-28,new,29
47480,2024-02-28,new,79
47481,2024-01-12,new,29
47491,2024-08-11,new,29
47491,2025-02-07,churn,-29
47492,2024-09-17,new,79
47493,2025-04-02,new,79
47493,2025-09-29,churn,-79
47495,2025-11-12,new,29
47495,2026-05-11,churn,-29
47496,2024-04-18,new,199
47501,2024-12-21,new,199
47501,2025-06-19,churn,-199
47506,2024-08-19,new,29
47507,2025-05-01,new,79
47507,2025-07-30,contraction,-50
47507,2025-10-28,churn,-79
47508,2024-08-28,new,29
47508,2025-02-24,churn,-29
47510,2024-08-03,new,199
47515,2024-01-16,new,29
47516,2026-01-05,new,199
47520,2024-10-29,new,79
47520,2025-01-27,expansion,50
47523,2023-09-12,new,199
47527,2023-05-04,new,29
47527,2023-08-02,expansion,50
47527,2023-10-31,churn,-29
47549,2025-04-18,new,29
47551,2023-10-28,new,29
47554,2024-06-01,new,79
47558,2024-09-21,new,29
47558,2024-12-20,contraction,-50
47566,2023-09-23,new,29
47567,2025-03-04,new,199
47567,2025-08-31,churn,-199
47574,2026-01-21,new,79
47576,2025-09-03,new,29
47576,2025-12-02,expansion,50
47576,2026-03-02,churn,-29
47577,2023-09-14,new,29
47577,2024-03-12,churn,-29
47578,2025-09-09,new,29
47579,2025-05-03,new,199
47581,2024-09-12,new,29
47587,2023-07-28,new,79
47600,2025-01-18,new,79
47601,2024-04-01,new,79
47603,2024-04-28,new,29
47603,2024-10-25,churn,-29
47608,2023-12-09,new,79
47614,2023-12-16,new,79
47617,2023-08-05,new,29
47620,2023-10-16,new,29
47623,2024-10-25,new,29
47628,2023-11-16,new,79
47635,2023-08-19,new,29
47636,2026-02-13,new,199
47636,2026-08-12,churn,-199
47637,2025-06-21,new,79
47637,2025-12-18,churn,-79
47642,2024-10-01,new,29
47642,2024-12-30,contraction,-50
47645,2024-05-15,new,29
47645,2024-11-11,churn,-29
47646,2023-12-01,new,29
47646,2024-05-29,churn,-29
47650,2025-06-01,new,79
47653,2024-01-03,new,79
47655,2025-06-15,new,29
47657,2023-06-10,new,79
47657,2023-12-07,churn,-79
47662,2023-01-17,new,29
47665,2025-11-21,new,79
47665,2026-05-20,churn,-79
47668,2024-11-10,new,29
47681,2026-02-01,new,79
47681,2026-07-31,churn,-79
47683,2024-11-19,new,79
47683,2025-02-17,contraction,-50
47683,2025-05-18,churn,-79
47685,2024-07-19,new,29
47690,2024-06-07,new,199
47690,2024-09-05,contraction,-50
47690,2024-12-04,churn,-199
47693,2023-09-25,new,29
47696,2025-02-11,new,29
47696,2025-08-10,churn,-29
47697,2023-10-27,new,79
47700,2025-10-28,new,29
47700,2026-04-26,churn,-29
47702,2025-09-08,new,199
47705,2023-04-19,new,79
47706,2025-11-27,new,199
47708,2023-12-25,new,29
47708,2024-06-22,churn,-29
47718,2024-02-05,new,199
47718,2024-08-03,churn,-199
47722,2023-06-19,new,79
47722,2023-12-16,churn,-79
47727,2026-03-08,new,79
47727,2026-09-04,churn,-79
47728,2023-02-04,new,79
47728,2023-08-03,churn,-79
47729,2025-05-06,new,29
47729,2025-08-04,expansion,50
47729,2025-11-02,churn,-29
47736,2025-07-01,new,79
47746,2023-04-30,new,79
47746,2023-07-29,expansion,50
47751,2025-07-23,new,79
47752,2025-10-29,new,29
47773,2025-02-23,new,79
47773,2025-08-22,churn,-79
47778,2023-07-07,new,29
47779,2023-06-26,new,29
47784,2023-02-19,new,79
47784,2023-05-20,contraction,-50
47790,2023-05-11,new,29
47790,2023-08-09,expansion,50
47790,2023-11-07,churn,-29
47795,2025-04-01,new,29
47802,2023-03-07,new,29
47803,2024-07-31,new,79
47806,2025-06-20,new,29
47810,2025-12-22,new,199
47812,2024-04-08,new,29
47815,2024-05-04,new,29
47823,2023-04-04,new,29
47824,2025-12-20,new,199
47826,2024-07-28,new,199
47828,2024-06-28,new,29
47832,2024-09-18,new,29
47833,2025-06-08,new,29
47833,2025-12-05,churn,-29
47838,2024-11-22,new,29
47839,2025-02-22,new,29
47841,2024-07-03,new,199
47841,2024-12-30,churn,-199
47843,2023-12-12,new,29
47845,2025-04-10,new,29
47851,2024-02-27,new,79
47855,2024-10-10,new,29
47856,2023-11-10,new,29
47857,2025-01-09,new,199
47857,2025-07-08,churn,-199
47859,2024-07-30,new,29
47860,2024-09-10,new,199
47860,2025-03-09,churn,-199
47861,2024-09-09,new,29
47863,2024-12-22,new,199
47865,2023-06-14,new,199
47867,2024-12-28,new,29
47867,2025-03-28,expansion,50
47868,2024-01-14,new,199
47868,2024-07-12,churn,-199
47873,2024-10-30,new,79
47894,2023-12-29,new,79
47894,2024-06-26,churn,-79
47899,2025-09-18,new,29
47901,2023-03-10,new,199
47901,2023-09-06,churn,-199
47905,2024-04-06,new,29
47910,2023-08-15,new,79
47911,2025-04-07,new,79
47914,2023-02-09,new,79
47914,2023-08-08,churn,-79
47917,2025-08-07,new,29
47918,2023-03-04,new,29
47918,2023-08-31,churn,-29
47933,2024-08-09,new,29
47935,2025-02-20,new,29
47935,2025-08-19,churn,-29
47943,2024-11-18,new,29
47947,2024-11-29,new,199
47947,2025-05-28,churn,-199
47953,2025-05-15,new,29
47956,2024-08-21,new,79
47958,2023-04-16,new,29
47960,2026-02-11,new,199
47966,2024-06-14,new,79
47987,2024-08-12,new,79
47993,2023-07-06,new,29
48000,2023-06-28,new,29
48002,2025-04-27,new,29
48002,2025-07-26,contraction,-50
48002,2025-10-24,churn,-29
48006,2025-05-30,new,29
48007,2026-03-07,new,29
48007,2026-06-05,contraction,-50
48007,2026-09-03,churn,-29
48011,2024-12-04,new,29
48016,2023-05-11,new,79
48020,2025-12-23,new,29
48022,2023-03-20,new,79
48024,2023-10-19,new,29
48028,2024-08-14,new,199
48028,2025-02-10,churn,-199
48031,2023-01-23,new,79
48031,2023-07-22,churn,-79
48032,2024-07-25,new,29
48032,2024-10-23,expansion,50
48032,2025-01-21,churn,-29
48034,2024-01-16,new,29
48036,2026-01-15,new,29
48036,2026-07-14,churn,-29
48043,2025-03-18,new,29
48052,2024-11-23,new,29
48053,2026-02-25,new,29
48065,2023-02-20,new,29
48072,2024-04-05,new,79
48072,2024-07-04,expansion,50
48077,2025-12-05,new,79
48085,2025-04-12,new,79
48090,2023-11-14,new,79
48090,2024-05-12,churn,-79
48107,2024-12-31,new,29
48112,2024-12-06,new,29
48118,2025-08-19,new,29
48118,2026-02-15,churn,-29
48123,2026-01-28,new,79
48124,2024-12-13,new,29
48124,2025-03-13,contraction,-50
48130,2023-07-09,new,29
48136,2024-06-11,new,29
48140,2023-04-25,new,29
48144,2023-02-24,new,29
48149,2025-05-23,new,79
48150,2023-02-13,new,29
48150,2023-05-14,expansion,50
48158,2026-01-26,new,199
48163,2024-10-09,new,29
48163,2025-04-07,churn,-29
48164,2023-07-29,new,29
48164,2024-01-25,churn,-29
48166,2026-03-15,new,29
48166,2026-09-11,churn,-29
48170,2025-07-10,new,29
48180,2025-02-20,new,79
48180,2025-08-19,churn,-79
48184,2025-04-29,new,79
48184,2025-07-28,expansion,50
48189,2025-03-09,new,79
48189,2025-09-05,churn,-79
48191,2025-10-04,new,29
48196,2024-03-11,new,29
48209,2024-01-02,new,199
48212,2025-02-18,new,29
48218,2024-10-19,new,29
48233,2023-09-12,new,29
48233,2024-03-10,churn,-29
48248,2024-07-07,new,79
48254,2025-06-16,new,29
48260,2025-03-11,new,199
48260,2025-09-07,churn,-199
48263,2025-04-16,new,79
48264,2025-04-30,new,29
48265,2025-08-16,new,79
48265,2025-11-14,contraction,-50
48268,2026-02-01,new,79
48268,2026-07-31,churn,-79
48275,2025-03-16,new,29
48276,2024-12-15,new,79
48278,2025-12-17,new,29
48278,2026-03-17,expansion,50
48278,2026-06-15,churn,-29
48287,2025-09-29,new,199
48291,2024-10-30,new,29
48294,2026-01-31,new,29
48294,2026-07-30,churn,-29
48298,2024-05-23,new,79
48300,2025-06-11,new,29
48300,2025-12-08,churn,-29
48309,2025-09-17,new,29
48309,2026-03-16,churn,-29
48315,2024-10-06,new,29
48315,2025-01-04,contraction,-50
48315,2025-04-04,churn,-29
48317,2026-01-27,new,29
48323,2026-01-27,new,29
48334,2025-11-09,new,29
48336,2023-11-28,new,29
48339,2023-04-01,new,199
48339,2023-06-30,expansion,50
48356,2025-08-07,new,79
48356,2026-02-03,churn,-79
48358,2025-07-12,new,29
48360,2025-03-05,new,29
48361,2024-07-01,new,79
48361,2024-12-28,churn,-79
48368,2026-02-22,new,199
48377,2023-03-07,new,29
48377,2023-06-05,expansion,50
48378,2025-06-19,new,29
48378,2025-12-16,churn,-29
48379,2025-01-03,new,29
48380,2023-11-26,new,29
48383,2025-05-09,new,29
48383,2025-08-07,contraction,-50
48385,2025-11-01,new,79
48388,2026-01-31,new,29
48388,2026-05-01,contraction,-50
48390,2024-08-16,new,79
48390,2025-02-12,churn,-79
48394,2024-09-23,new,79
48395,2023-10-23,new,79
48398,2026-02-15,new,29
48400,2025-08-23,new,79
48400,2026-02-19,churn,-79
48401,2026-01-29,new,199
48401,2026-07-28,churn,-199
48415,2025-12-06,new,199
48417,2026-03-15,new,79
48425,2025-04-18,new,79
48425,2025-10-15,churn,-79
48434,2023-07-22,new,29
48438,2025-08-31,new,29
48443,2025-06-09,new,29
48446,2025-07-07,new,79
48451,2023-02-19,new,79
48451,2023-08-18,churn,-79
48454,2024-03-17,new,79
48454,2024-06-15,contraction,-50
48454,2024-09-13,churn,-79
48459,2023-10-21,new,29
48459,2024-04-18,churn,-29
48461,2024-09-14,new,79
48464,2025-05-23,new,29
48465,2025-05-12,new,79
48465,2025-11-08,churn,-79
48469,2025-10-07,new,29
48469,2026-01-05,expansion,50
48473,2023-01-27,new,29
48473,2023-04-27,expansion,50
48473,2023-07-26,churn,-29
48474,2024-09-19,new,29
48483,2024-04-04,new,79
48487,2024-07-27,new,199
48490,2025-09-12,new,79
48490,2026-03-11,churn,-79
48497,2025-12-09,new,79
48497,2026-06-07,churn,-79
48499,2024-09-20,new,79
48504,2024-12-27,new,29
48508,2023-02-06,new,29
48512,2023-06-01,new,199
48520,2023-04-20,new,79
48521,2024-04-17,new,29
48525,2023-12-01,new,79
48547,2024-12-25,new,29
48547,2025-06-23,churn,-29
48552,2023-11-01,new,79
48552,2024-01-30,expansion,50
48555,2026-01-25,new,29
48555,2026-04-25,contraction,-50
48559,2024-09-26,new,79
48559,2024-12-25,expansion,50
48561,2025-02-23,new,79
48589,2023-07-14,new,79
48589,2023-10-12,expansion,50
48594,2023-06-02,new,29
48600,2024-09-13,new,199
48601,2024-11-10,new,79
48606,2024-07-17,new,29
48614,2023-11-08,new,79
48614,2024-02-06,expansion,50
48614,2024-05-06,churn,-79
48622,2025-11-25,new,79
48622,2026-05-24,churn,-79
48623,2023-06-08,new,29
48634,2023-07-29,new,199
48634,2023-10-27,expansion,50
48640,2023-08-13,new,199
48649,2023-06-10,new,29
48649,2023-09-08,expansion,50
48663,2026-02-16,new,79
48665,2025-08-04,new,79
48665,2025-11-02,contraction,-50
48672,2023-10-16,new,199
48674,2024-11-12,new,79
48680,2025-12-19,new,199
48681,2026-02-15,new,79
48681,2026-08-14,churn,-79
48686,2024-11-01,new,29
48705,2024-10-02,new,29
48705,2025-03-31,churn,-29
48719,2025-10-18,new,29
48719,2026-01-16,expansion,50
48720,2024-03-28,new,79
48722,2024-12-13,new,29
48724,2025-09-26,new,29
48735,2024-05-06,new,79
48739,2024-04-24,new,29
48743,2023-07-06,new,29
48743,2024-01-02,churn,-29
48744,2023-09-03,new,79
48747,2023-01-25,new,29
48751,2025-12-19,new,29
48751,2026-06-17,churn,-29
48756,2024-12-25,new,29
48756,2025-06-23,churn,-29
48757,2025-10-04,new,29
48758,2023-09-12,new,29
48768,2025-05-01,new,29
48777,2025-08-28,new,199
48780,2023-01-30,new,79
48781,2025-12-25,new,199
48781,2026-06-23,churn,-199
48784,2026-01-09,new,199
48787,2025-10-14,new,79
48787,2026-04-12,churn,-79
48789,2025-05-24,new,29
48806,2024-09-19,new,29
48806,2024-12-18,expansion,50
48809,2024-09-02,new,199
48810,2025-12-15,new,199
48818,2024-01-02,new,29
48824,2025-08-17,new,79
48824,2025-11-15,expansion,50
48829,2024-03-19,new,29
48831,2024-01-20,new,199
48832,2024-01-11,new,29
48839,2025-02-24,new,29
48839,2025-08-23,churn,-29
48844,2023-06-05,new,29
48853,2023-01-21,new,79
48856,2025-10-10,new,79
48859,2025-08-29,new,29
48862,2025-08-03,new,79
48862,2025-11-01,expansion,50
48864,2025-12-20,new,79
48864,2026-06-18,churn,-79
48875,2023-12-23,new,29
48875,2024-06-20,churn,-29
48886,2025-10-22,new,29
48886,2026-04-20,churn,-29
48891,2024-02-14,new,79
48899,2024-03-03,new,79
48903,2024-03-15,new,29
48914,2025-04-15,new,29
48916,2023-01-17,new,29
48919,2025-06-07,new,79
48919,2025-12-04,churn,-79
48920,2025-04-24,new,29
48920,2025-07-23,expansion,50
48920,2025-10-21,churn,-29
48922,2024-10-31,new,29
48931,2023-02-24,new,79
48932,2024-03-12,new,29
48932,2024-06-10,contraction,-50
48933,2025-09-21,new,29
48938,2024-09-13,new,79
48938,2025-03-12,churn,-79
48941,2024-05-29,new,29
48941,2024-08-27,contraction,-50
48941,2024-11-25,churn,-29
48945,2025-12-18,new,79
48945,2026-03-18,contraction,-50
48949,2024-03-04,new,79
48960,2024-10-10,new,79
48967,2023-02-04,new,199
48970,2023-08-09,new,79
48974,2025-11-10,new,29
48977,2026-03-04,new,29
48980,2024-07-12,new,199
48981,2025-08-24,new,29
48981,2026-02-20,churn,-29
48982,2024-04-10,new,79
48982,2024-10-07,churn,-79
48985,2026-03-14,new,29
48985,2026-06-12,expansion,50
48985,2026-09-10,churn,-29
48987,2024-01-19,new,79
48987,2024-04-18,expansion,50
48987,2024-07-17,churn,-79
48993,2026-02-28,new,199
48993,2026-05-29,contraction,-50
48998,2024-06-01,new,79
48999,2024-06-11,new,79
49003,2024-12-14,new,79
49005,2023-12-13,new,79
49009,2023-02-24,new,199
49009,2023-08-23,churn,-199
49014,2023-07-04,new,29
49016,2024-05-12,new,29
49017,2024-03-10,new,79
49017,2024-09-06,churn,-79
49020,2023-02-19,new,29
49023,2025-09-29,new,29
49023,2025-12-28,expansion,50
49024,2025-04-25,new,79
49024,2025-10-22,churn,-79
49035,2026-01-12,new,29
49039,2023-10-13,new,79
49040,2023-08-16,new,29
49044,2025-07-29,new,79
49052,2024-05-08,new,29
49059,2023-10-12,new,29
49067,2023-05-17,new,29
49069,2025-10-24,new,29
49072,2025-02-16,new,29
49074,2025-10-02,new,29
49084,2023-05-27,new,29
49084,2023-08-25,expansion,50
49084,2023-11-23,churn,-29
49085,2024-01-31,new,79
49098,2024-07-12,new,29
49103,2024-06-22,new,29
49111,2025-10-30,new,29
49111,2026-01-28,contraction,-50
49113,2023-10-17,new,29
49116,2025-01-12,new,199
49116,2025-07-11,churn,-199
49117,2025-03-18,new,79
49117,2025-06-16,expansion,50
49126,2026-01-18,new,29
49131,2024-08-23,new,79
49137,2024-03-20,new,79
49140,2024-09-14,new,79
49140,2024-12-13,contraction,-50
49142,2024-10-12,new,199
49143,2025-02-16,new,79
49144,2025-07-14,new,29
49146,2024-12-29,new,29
49147,2023-05-18,new,29
49148,2023-04-14,new,29
49154,2026-03-10,new,79
49158,2023-10-11,new,29
49159,2023-11-26,new,29
49160,2025-07-04,new,29
49161,2024-06-25,new,79
49161,2024-12-22,churn,-79
49165,2025-03-01,new,29
49165,2025-05-30,expansion,50
49169,2025-10-30,new,29
49175,2024-07-28,new,29
49175,2025-01-24,churn,-29
49199,2025-08-04,new,79
49226,2025-08-08,new,29
49226,2025-11-06,contraction,-50
49226,2026-02-04,churn,-29
49228,2023-06-06,new,29
49239,2025-11-05,new,29
49249,2023-06-13,new,29
49249,2023-09-11,expansion,50
49252,2023-04-04,new,29
49276,2025-06-15,new,29
49286,2024-09-28,new,79
49288,2023-09-30,new,79
49288,2023-12-29,expansion,50
49288,2024-03-28,churn,-79
49290,2023-07-27,new,29
49291,2024-08-09,new,199
49292,2024-02-17,new,29
49292,2024-08-15,churn,-29
49293,2025-03-21,new,79
49295,2025-06-22,new,199
49298,2024-05-11,new,29
49310,2024-07-25,new,199
49310,2025-01-21,churn,-199
49311,2024-10-23,new,79
49311,2025-04-21,churn,-79
49312,2025-04-03,new,29
49314,2025-04-27,new,29
49314,2025-07-26,expansion,50
49316,2025-08-13,new,29
49316,2026-02-09,churn,-29
49317,2024-02-29,new,79
49317,2024-08-27,churn,-79
49321,2025-05-04,new,29
49323,2024-01-21,new,79
49323,2024-07-19,churn,-79
49328,2025-01-12,new,79
49329,2024-05-30,new,199
49329,2024-11-26,churn,-199
49340,2023-03-16,new,79
49346,2025-05-03,new,29
49346,2025-08-01,contraction,-50
49347,2024-01-12,new,29
49347,2024-07-10,churn,-29
49365,2025-01-03,new,29
49365,2025-07-02,churn,-29
49369,2024-03-06,new,29
49375,2025-09-21,new,79
49375,2025-12-20,expansion,50
49376,2025-07-29,new,29
49376,2026-01-25,churn,-29
49378,2026-01-08,new,29
49393,2023-01-22,new,199
49394,2026-02-28,new,199
49411,2025-07-07,new,199
49416,2025-09-15,new,29
49421,2024-09-27,new,79
49423,2023-04-25,new,29
49424,2023-07-18,new,79
49424,2023-10-16,contraction,-50
49436,2025-09-09,new,199
49439,2025-12-25,new,79
49439,2026-06-23,churn,-79
49450,2024-11-24,new,79
49450,2025-02-22,contraction,-50
49456,2024-04-29,new,79
49459,2023-02-04,new,199
49459,2023-08-03,churn,-199
49466,2024-07-15,new,29
49467,2024-09-25,new,29
49479,2023-03-24,new,29
49481,2023-02-10,new,79
49481,2023-08-09,churn,-79
49482,2023-12-04,new,29
49486,2024-11-07,new,29
49486,2025-05-06,churn,-29
49488,2023-02-13,new,29
49494,2023-03-03,new,29
49500,2026-03-02,new,29
49506,2026-01-10,new,79
49514,2024-12-28,new,79
49514,2025-03-28,expansion,50
49516,2025-11-14,new,29
49519,2023-10-10,new,79
49523,2023-09-27,new,199
49523,2024-03-25,churn,-199
49528,2025-06-14,new,29
49528,2025-12-11,churn,-29
49531,2025-05-11,new,199
49532,2025-07-01,new,79
49535,2025-11-11,new,29
49536,2025-09-23,new,29
49540,2025-12-12,new,199
49540,2026-03-12,expansion,50
49549,2023-04-05,new,199
49556,2025-02-13,new,29
49557,2024-08-27,new,79
49564,2025-08-11,new,79
49564,2026-02-07,churn,-79
49566,2025-11-17,new,199
49572,2024-11-16,new,29
49579,2026-02-21,new,29
49579,2026-08-20,churn,-29
49583,2024-07-12,new,79
49585,2024-07-22,new,29
49585,2025-01-18,churn,-29
49599,2023-09-07,new,79
49599,2024-03-05,churn,-79
49603,2026-01-07,new,29
49603,2026-07-06,churn,-29
49605,2025-07-12,new,29
49607,2025-02-24,new,29
49617,2024-06-28,new,199
49617,2024-09-26,contraction,-50
49619,2025-10-01,new,29
49619,2026-03-30,churn,-29
49625,2023-05-08,new,29
49625,2023-11-04,churn,-29
49630,2023-08-09,new,79
49631,2025-12-03,new,79
49631,2026-06-01,churn,-79
49638,2023-09-06,new,29
49638,2024-03-04,churn,-29
49646,2024-05-03,new,29
49648,2023-02-05,new,29
49649,2026-02-17,new,79
49649,2026-05-18,contraction,-50
49655,2024-12-02,new,29
49660,2025-03-23,new,79
49661,2023-07-01,new,29
49669,2024-06-17,new,29
49671,2023-11-20,new,29
49678,2026-01-23,new,79
49680,2025-10-06,new,79
49682,2025-03-26,new,79
49687,2023-05-13,new,199
49692,2025-08-16,new,79
49692,2026-02-12,churn,-79
49703,2025-11-19,new,29
49707,2026-02-09,new,29
49707,2026-05-10,expansion,50
49709,2023-08-18,new,79
49712,2025-04-19,new,199
49718,2025-05-28,new,29
49724,2023-06-06,new,29
49726,2024-07-02,new,29
49726,2024-12-29,churn,-29
49729,2023-02-13,new,29
49729,2023-05-14,contraction,-50
49730,2023-12-31,new,29
49732,2025-05-18,new,29
49735,2023-09-19,new,29
49745,2025-08-04,new,29
49757,2023-03-14,new,29
49757,2023-09-10,churn,-29
49760,2025-11-06,new,29
49772,2024-06-02,new,79
49778,2023-09-19,new,29
49778,2023-12-18,contraction,-50
49778,2024-03-17,churn,-29
49784,2025-09-08,new,199
49784,2025-12-07,contraction,-50
49788,2024-04-15,new,79
49788,2024-10-12,churn,-79
49792,2024-09-10,new,29
49792,2025-03-09,churn,-29
49794,2023-10-15,new,29
49794,2024-01-13,contraction,-50
49794,2024-04-12,churn,-29
49801,2026-01-08,new,79
49805,2025-11-14,new,79
49809,2025-02-12,new,79
49809,2025-05-13,contraction,-50
49809,2025-08-11,churn,-79
49827,2023-03-09,new,79
49827,2023-06-07,contraction,-50
49827,2023-09-05,churn,-79
49830,2025-05-19,new,79
49830,2025-08-17,expansion,50
49831,2024-03-14,new,29
49831,2024-09-10,churn,-29
49833,2024-08-08,new,199
49839,2024-02-28,new,79
49845,2026-02-07,new,199
49855,2025-12-07,new,29
49859,2025-01-03,new,79
49859,2025-07-02,churn,-79
49868,2023-08-31,new,79
49876,2024-06-23,new,79
49876,2024-12-20,churn,-79
49877,2025-05-23,new,199
49877,2025-08-21,contraction,-50
49881,2023-11-13,new,29
49884,2024-06-14,new,29
49884,2024-12-11,churn,-29
49894,2023-04-12,new,79
49897,2023-10-17,new,29
49899,2023-12-03,new,199
49899,2024-05-31,churn,-199
49900,2023-11-05,new,79
49901,2024-07-19,new,29
49903,2025-06-14,new,79
49906,2024-11-14,new,79
49911,2024-10-28,new,199
49913,2023-02-24,new,29
49913,2023-08-23,churn,-29
49920,2024-05-18,new,29
49920,2024-11-14,churn,-29
49921,2025-07-10,new,79
49924,2025-12-21,new,79
49929,2023-12-19,new,29
49930,2023-09-17,new,79
49930,2024-03-15,churn,-79
49932,2023-03-28,new,79
49933,2023-05-21,new,29
49935,2025-12-09,new,199
49935,2026-06-07,churn,-199
49937,2024-11-07,new,29
49937,2025-05-06,churn,-29
49942,2023-02-12,new,79
49958,2026-02-07,new,79
49958,2026-08-06,churn,-79
49962,2025-09-12,new,29
49962,2026-03-11,churn,-29
49966,2023-03-06,new,29
49979,2024-11-20,new,29
49981,2026-01-21,new,29
49987,2023-12-21,new,29
