customer_id,templates_used,workflows_created,days_active_during_trial,integrations_connected
1,1,0,5,1
2,2,1,3,2
3,1,0,1,0
4,1,1,3,2
5,1,3,6,0
6,1,1,4,1
7,0,0,3,0
8,1,1,6,2
9,0,0,5,1
10,1,1,5,1
11,1,0,4,1
12,1,0,6,1
13,2,1,4,2
14,6,1,12,1
15,3,1,4,1
16,0,1,4,0
17,1,0,2,0
18,0,0,6,0
19,4,2,8,0
20,2,1,4,0
21,3,3,13,1
22,3,1,4,0
23,2,0,6,1
24,6,1,11,2
25,4,0,2,0
26,3,1,1,0
27,1,1,2,0
28,3,3,5,2
29,2,1,5,0
30,1,1,5,0
31,1,0,5,1
32,1,1,3,0
33,3,1,6,2
34,1,1,2,0
35,1,1,3,0
36,0,1,2,1
37,2,0,6,0
38,2,0,5,0
39,1,1,4,1
40,0,2,4,0
41,5,3,11,1
42,0,2,5,2
43,3,3,1,0
44,3,1,6,0
45,1,1,2,0
46,1,1,3,1
47,3,0,2,0
48,3,3,13,1
49,3,0,5,0
50,2,1,6,0
51,3,3,8,2
52,3,0,4,1
53,0,0,2,0
54,2,3,9,2
55,1,3,4,0
56,1,3,6,1
57,2,1,4,1
58,7,5,7,5
59,0,0,4,1
60,3,0,2,0
61,0,0,1,0
62,2,2,4,1
63,1,1,4,0
64,0,0,3,1
65,2,0,3,2
66,6,2,7,3
67,0,0,6,0
68,0,1,4,0
69,3,0,5,2
70,1,2,2,2
71,3,2,12,3
72,0,2,6,0
73,0,1,4,0
74,0,0,5,0
75,5,3,6,2
76,3,2,3,1
77,2,1,3,2
78,2,1,6,0
79,0,0,3,0
80,1,0,4,0
81,1,1,1,0
82,4,1,5,0
83,0,0,6,3
84,1,0,2,0
85,1,3,5,0
86,0,1,4,0
87,2,1,4,1
88,1,3,2,0
89,1,2,4,2
90,1,2,5,1
91,0,0,5,1
92,1,0,5,2
93,0,0,5,0
94,1,2,6,0
95,0,2,5,0
96,2,0,3,0
97,3,0,1,2
98,3,3,8,1
99,1,0,2,0
100,0,0,5,3
101,1,2,1,0
102,4,1,10,0
103,2,1,3,0
104,3,2,1,0
105,1,0,3,1
106,5,3,14,2
107,0,1,4,0
108,1,0,3,0
109,2,0,5,1
110,0,1,6,0
111,0,2,4,0
112,1,1,3,2
113,2,1,5,0
114,0,3,5,2
115,0,1,5,0
116,1,3,5,2
117,0,1,2,2
118,0,2,3,0
119,1,0,3,1
120,4,1,2,0
121,0,2,2,1
122,2,1,4,1
123,1,1,6,1
124,0,1,3,0
125,0,1,4,1
126,0,1,2,1
127,1,1,3,0
128,1,0,2,2
129,2,0,2,1
130,1,1,6,3
131,2,5,5,5
132,2,3,6,1
133,1,2,5,0
134,3,1,3,1
135,2,0,4,1
136,1,0,6,0
137,0,2,1,1
138,0,1,1,3
139,1,0,3,1
140,0,2,4,1
141,2,0,2,2
142,2,0,1,0
143,0,0,1,1
144,2,0,5,1
145,6,1,6,2
146,2,1,1,1
147,1,2,4,1
148,1,2,1,2
149,0,1,2,0
150,6,2,8,4
151,1,0,1,0
152,8,2,9,1
153,1,0,2,0
154,1,1,5,1
155,4,5,9,1
156,0,1,2,1
157,1,0,4,0
158,3,2,4,1
159,4,3,6,2
160,6,2,12,3
161,0,2,1,0
162,3,2,6,1
163,2,2,2,1
164,0,3,1,0
165,1,2,14,1
166,5,2,7,4
167,4,1,2,0
168,2,2,2,3
169,2,1,5,0
170,2,1,5,1
171,1,1,6,0
172,0,1,3,1
173,4,0,4,2
174,0,1,6,2
175,2,2,5,1
176,1,1,1,1
177,1,1,2,2
178,0,0,1,0
179,3,0,5,2
180,4,2,5,0
181,0,1,1,0
182,2,0,3,0
183,5,4,6,4
184,1,0,6,0
185,0,0,4,0
186,0,1,6,1
187,0,1,5,1
188,1,1,2,2
189,6,3,13,2
190,6,4,5,2
191,0,2,1,0
192,1,0,3,0
193,1,3,3,0
194,3,3,1,0
195,4,1,11,5
196,1,1,2,0
197,2,0,6,0
198,0,3,4,1
199,1,1,4,0
200,1,1,1,0
201,1,2,1,0
202,3,3,14,0
203,0,1,1,0
204,1,0,5,0
205,0,0,6,1
206,1,0,5,3
207,4,3,6,1
208,0,1,5,0
209,5,4,5,1
210,1,1,4,1
211,2,2,1,1
212,0,0,2,0
213,1,1,4,0
214,7,5,5,0
215,3,1,4,1
216,4,4,7,3
217,1,3,2,0
218,2,1,2,1
219,4,1,8,2
220,0,0,4,1
221,3,1,2,2
222,6,4,10,1
223,0,1,4,0
224,6,3,13,1
225,0,1,5,2
226,1,1,5,0
227,4,1,3,0
228,2,5,9,5
229,5,3,10,2
230,2,1,6,0
231,2,0,4,1
232,5,4,5,3
233,0,0,3,1
234,4,2,5,3
235,1,0,3,0
236,2,2,4,0
237,0,0,6,0
238,1,1,6,1
239,3,2,9,3
240,0,0,3,1
241,1,0,1,0
242,1,2,2,0
243,1,1,3,0
244,4,6,9,2
245,1,2,6,0
246,2,1,2,0
247,0,3,2,2
248,0,1,3,1
249,1,2,6,0
250,7,3,14,1
251,1,0,5,0
252,2,0,2,3
253,2,1,3,1
254,0,3,4,0
255,2,0,2,1
256,2,0,5,0
257,2,0,2,0
258,4,2,4,0
259,2,4,7,3
260,4,1,9,2
261,0,0,6,1
262,2,3,4,1
263,0,2,1,0
264,1,1,2,1
265,3,0,3,1
266,3,1,4,0
267,0,0,4,1
268,6,5,9,1
269,2,2,9,1
270,2,0,2,0
271,1,3,3,1
272,1,0,2,0
273,1,2,1,1
274,1,0,5,1
275,2,1,5,0
276,1,1,5,0
277,0,1,5,0
278,4,2,5,0
279,1,2,1,2
280,0,3,3,0
281,0,0,6,0
282,5,4,6,1
283,2,0,2,0
284,1,3,4,2
285,1,0,1,1
286,1,2,5,2
287,1,0,4,1
288,0,2,1,1
289,7,2,6,3
290,3,2,3,0
291,4,3,8,3
292,0,2,6,2
293,3,3,14,2
294,0,0,5,0
295,2,3,2,1
296,1,2,2,2
297,1,1,6,3
298,0,2,6,0
299,6,2,14,1
300,1,4,11,2
301,3,1,2,1
302,1,0,4,1
303,2,0,4,0
304,0,1,1,0
305,1,0,3,2
306,2,2,4,1
307,0,0,3,0
308,1,0,5,1
309,2,0,5,3
310,0,1,6,1
311,0,2,2,3
312,0,2,1,1
313,2,2,4,0
314,0,1,4,0
315,3,2,5,2
316,4,1,13,3
317,4,4,7,1
318,1,0,5,0
319,1,3,5,0
320,2,3,2,1
321,2,0,1,2
322,4,0,5,1
323,2,0,2,1
324,0,0,3,0
325,4,2,6,2
326,0,0,3,0
327,1,2,2,1
328,1,0,5,1
329,2,1,6,0
330,6,4,7,4
331,1,2,3,2
332,3,3,12,1
333,1,2,4,0
334,0,0,6,1
335,1,1,4,0
336,4,3,10,2
337,2,0,6,1
338,0,0,6,0
339,4,3,6,0
340,1,1,3,1
341,0,1,5,0
342,1,1,2,1
343,0,3,4,2
344,1,1,4,0
345,0,2,5,0
346,3,2,1,0
347,1,1,2,1
348,5,2,11,1
349,3,2,5,1
350,1,2,5,0
351,3,0,6,3
352,1,1,5,1
353,1,0,3,2
354,7,3,12,1
355,2,1,3,1
356,1,1,3,1
357,3,1,6,1
358,2,2,3,1
359,2,0,1,0
360,0,3,6,0
361,0,0,6,0
362,1,1,3,0
363,3,1,2,1
364,3,2,5,1
365,0,1,6,2
366,2,1,3,0
367,0,2,5,0
368,3,1,1,1
369,1,0,1,1
370,4,2,5,3
371,0,1,6,1
372,0,3,5,0
373,1,0,5,1
374,0,0,2,3
375,1,0,3,1
376,1,1,4,2
377,1,0,2,0
378,1,0,4,0
379,0,3,1,0
380,1,1,1,0
381,2,2,3,0
382,3,1,3,1
383,0,0,3,0
384,5,1,9,3
385,0,1,2,3
386,1,0,4,1
387,2,1,6,0
388,2,1,2,1
389,1,0,1,0
390,1,1,3,1
391,0,0,4,3
392,2,1,6,2
393,2,0,2,2
394,2,0,1,0
395,1,0,6,0
396,0,2,6,1
397,3,2,4,2
398,0,0,6,0
399,1,0,6,3
400,3,0,1,1
401,4,1,6,1
402,2,0,5,2
403,5,6,12,1
404,0,0,5,0
405,0,0,5,0
406,3,2,10,1
407,1,2,6,1
408,5,2,12,3
409,1,1,6,2
410,1,0,2,0
411,2,0,3,2
412,0,2,4,2
413,2,0,3,0
414,5,6,9,3
415,1,2,3,1
416,2,0,4,0
417,0,2,2,0
418,1,0,1,2
419,0,1,2,1
420,5,3,10,0
421,3,0,4,0
422,6,2,12,2
423,8,1,11,2
424,1,0,2,0
425,0,0,1,2
426,0,0,6,0
427,3,0,5,2
428,1,0,3,0
429,2,0,1,1
430,5,5,9,0
431,3,1,3,0
432,1,0,2,1
433,1,1,6,0
434,3,0,2,1
435,2,2,3,0
436,1,2,3,2
437,0,0,5,1
438,0,3,6,1
439,2,0,6,0
440,4,1,5,3
441,0,0,3,2
442,0,3,2,0
443,1,2,1,1
444,1,2,3,0
445,5,3,14,2
446,0,2,3,2
447,1,1,5,1
448,1,0,4,0
449,6,3,7,3
450,1,1,5,1
451,0,0,3,0
452,4,1,6,0
453,2,0,5,1
454,0,0,6,0
455,0,0,1,1
456,1,3,3,0
457,0,1,4,2
458,1,2,9,5
459,1,1,3,0
460,1,0,6,1
461,3,2,8,3
462,1,0,3,3
463,5,4,9,2
464,1,0,3,1
465,0,0,2,3
466,0,3,5,1
467,0,1,4,1
468,0,0,6,3
469,4,1,9,2
470,3,3,7,2
471,4,5,5,1
472,3,0,4,0
473,0,3,4,0
474,4,1,1,1
475,2,0,2,2
476,2,1,6,0
477,1,1,5,1
478,0,1,4,1
479,6,3,13,2
480,5,3,11,2
481,3,1,6,1
482,3,4,6,1
483,0,3,5,0
484,1,1,1,0
485,1,1,3,0
486,4,2,1,0
487,0,1,6,1
488,1,3,1,1
489,0,0,2,0
490,1,0,2,0
491,1,0,6,3
492,1,0,2,1
493,3,3,14,2
494,0,0,5,0
495,0,0,3,0
496,2,0,5,3
497,1,1,4,0
498,1,0,1,0
499,0,0,3,2
500,2,0,6,1
501,2,1,2,0
502,1,0,3,2
503,2,0,1,1
504,0,1,2,1
505,3,1,10,2
506,1,0,3,3
507,0,2,3,1
508,0,3,6,0
509,1,0,1,2
510,1,2,3,0
511,1,1,2,0
512,1,2,3,0
513,4,5,13,2
514,1,3,11,1
515,0,2,4,0
516,0,3,5,0
517,0,3,2,3
518,1,2,3,1
519,1,0,5,0
520,1,0,4,2
521,1,1,1,3
522,1,0,2,1
523,3,1,1,0
524,1,2,1,3
525,5,6,7,2
526,0,1,5,0
527,3,3,13,0
528,4,3,11,2
529,1,0,2,0
530,1,0,5,0
531,3,2,4,1
532,1,1,4,2
533,1,2,2,0
534,1,3,4,0
535,3,0,3,0
536,3,2,5,0
537,1,0,6,0
538,5,3,11,3
539,3,0,6,2
540,1,1,6,1
541,3,2,11,2
542,4,4,11,2
543,1,0,1,0
544,1,1,5,0
545,5,2,7,2
546,0,0,6,0
547,2,0,3,1
548,1,1,1,2
549,1,0,4,1
550,3,3,13,3
551,7,3,9,1
552,1,3,1,0
553,0,0,3,0
554,1,0,2,2
555,0,0,5,0
556,1,0,1,0
557,1,0,2,0
558,2,1,4,0
559,2,2,5,3
560,1,2,6,2
561,1,0,3,0
562,2,3,3,3
563,6,1,10,3
564,1,1,2,0
565,2,1,6,0
566,0,2,1,0
567,0,1,3,3
568,2,1,4,2
569,2,1,1,3
570,0,1,4,3
571,2,0,6,3
572,0,1,4,2
573,0,3,3,1
574,0,1,4,0
575,3,3,6,2
576,0,0,5,0
577,0,0,5,2
578,2,0,4,1
579,1,2,5,0
580,5,4,10,2
581,0,1,5,0
582,2,2,6,0
583,3,3,3,0
584,3,1,1,0
585,1,3,2,1
586,1,0,1,0
587,1,2,6,0
588,3,0,2,2
589,2,0,3,1
590,4,3,6,0
591,2,1,1,1
592,1,1,6,0
593,2,4,11,1
594,2,1,1,0
595,1,0,4,1
596,3,3,14,3
597,0,2,1,0
598,6,2,6,2
599,3,4,12,5
600,2,1,5,1
601,3,0,4,0
602,4,1,1,0
603,1,2,5,1
604,1,0,3,1
605,3,3,7,3
606,2,3,2,0
607,1,0,1,1
608,3,4,12,4
609,0,3,6,0
610,3,1,1,0
611,1,1,6,0
612,1,0,4,0
613,1,0,2,0
614,0,3,1,3
615,1,0,1,0
616,2,3,4,1
617,2,0,6,0
618,1,0,3,0
619,0,0,2,2
620,2,0,6,3
621,2,0,3,1
622,2,0,3,1
623,3,1,3,2
624,3,0,3,1
625,0,1,6,1
626,1,1,4,1
627,0,3,6,0
628,1,1,2,0
629,1,3,4,1
630,1,1,4,0
631,2,0,5,0
632,2,0,3,2
633,5,3,11,4
634,4,3,13,5
635,3,2,1,0
636,1,3,1,0
637,5,3,7,1
638,0,1,2,0
639,0,0,4,1
640,1,0,1,0
641,4,1,6,2
642,5,1,13,5
643,1,0,1,0
644,1,0,4,0
645,3,2,14,3
646,1,2,5,2
647,1,1,3,1
648,0,2,6,1
649,5,4,9,2
650,1,3,5,3
651,6,2,11,2
652,0,1,6,2
653,2,0,5,1
654,1,1,2,0
655,1,0,6,0
656,2,2,14,2
657,3,3,5,3
658,0,1,3,0
659,4,3,9,5
660,3,3,6,1
661,2,3,5,1
662,1,3,1,0
663,5,4,14,3
664,1,1,3,0
665,2,0,4,0
666,3,0,5,0
667,4,1,1,0
668,2,2,1,1
669,1,1,1,0
670,0,0,3,0
671,2,0,3,1
672,0,1,5,1
673,2,1,6,0
674,1,2,1,0
675,2,0,1,0
676,4,2,11,3
677,3,0,3,0
678,0,3,5,0
679,4,0,6,1
680,1,2,1,1
681,0,0,5,0
682,1,2,6,0
683,5,2,11,4
684,0,0,3,0
685,0,2,1,0
686,1,3,1,3
687,4,2,4,0
688,0,1,2,0
689,5,2,11,1
690,4,2,5,1
691,2,0,5,0
692,1,1,5,2
693,3,0,2,0
694,1,1,5,1
695,2,1,5,1
696,2,1,13,2
697,1,1,3,0
698,3,1,5,0
699,1,1,1,3
700,2,0,2,1
701,2,0,1,2
702,5,5,8,2
703,0,2,4,0
704,1,1,5,0
705,2,0,3,0
706,3,1,5,3
707,4,3,9,0
708,2,3,5,1
709,2,0,2,2
710,1,0,2,0
711,1,1,5,1
712,7,3,9,1
713,0,1,3,1
714,3,0,5,1
715,1,0,5,0
716,2,1,5,1
717,1,2,5,1
718,0,0,3,2
719,3,3,14,1
720,2,5,5,2
721,3,3,3,1
722,2,0,2,0
723,2,4,13,1
724,1,0,5,1
725,1,2,6,0
726,1,1,5,0
727,5,4,5,5
728,3,2,3,0
729,4,3,2,0
730,3,0,1,0
731,0,2,1,1
732,1,1,6,1
733,0,2,1,0
734,0,1,6,3
735,5,2,5,3
736,2,2,6,0
737,1,1,6,2
738,1,0,5,1
739,7,4,7,3
740,6,4,6,3
741,1,1,6,1
742,2,3,1,0
743,4,1,5,0
744,7,4,9,5
745,1,3,11,1
746,3,0,5,2
747,0,1,3,0
748,0,1,1,1
749,3,1,1,2
750,0,0,3,3
751,3,1,9,3
752,3,1,3,1
753,0,1,4,3
754,1,0,6,0
755,4,2,9,2
756,2,3,1,3
757,0,0,1,2
758,0,1,2,0
759,3,1,4,0
760,3,4,14,2
761,0,0,5,0
762,3,0,1,0
763,0,0,2,0
764,2,1,4,1
765,1,0,4,0
766,1,2,2,3
767,3,3,6,1
768,3,3,9,3
769,3,0,2,2
770,0,1,3,0
771,2,0,2,2
772,1,2,6,3
773,1,3,2,1
774,5,2,12,3
775,1,0,4,0
776,2,0,5,3
777,1,0,6,0
778,2,2,6,1
779,1,3,4,0
780,4,4,9,1
781,0,0,2,3
782,1,0,6,0
783,0,3,4,1
784,3,2,5,3
785,1,1,3,1
786,1,3,4,1
787,3,6,7,4
788,2,3,6,2
789,6,2,11,1
790,3,4,9,3
791,0,1,2,3
792,3,2,12,2
793,2,1,5,0
794,0,0,2,0
795,1,2,1,1
796,1,3,2,0
797,0,1,2,0
798,1,0,1,2
799,3,2,9,3
800,2,0,6,0
801,1,1,2,1
802,1,1,5,0
803,2,0,3,1
804,2,0,6,0
805,0,1,2,3
806,1,2,1,0
807,3,0,1,2
808,2,0,2,0
809,1,0,2,1
810,0,1,2,0
811,1,0,5,0
812,0,1,6,1
813,1,1,1,0
814,5,3,8,1
815,0,2,1,1
816,3,5,9,1
817,0,2,4,0
818,1,1,5,0
819,4,4,7,1
820,1,0,4,0
821,4,0,5,1
822,1,1,4,0
823,0,1,6,1
824,1,1,5,1
825,0,1,6,2
826,3,3,3,0
827,1,1,2,1
828,3,2,12,1
829,0,0,2,1
830,0,1,5,0
831,0,0,6,1
832,3,1,1,2
833,1,0,3,1
834,2,0,1,2
835,3,0,4,3
836,4,3,14,1
837,1,2,5,2
838,6,3,5,2
839,0,1,3,1
840,2,0,5,1
841,2,1,4,0
842,0,1,5,1
843,1,1,5,0
844,2,1,3,0
845,1,1,5,1
846,1,0,3,1
847,0,1,3,1
848,4,2,5,3
849,1,0,5,0
850,0,1,5,0
851,4,1,4,0
852,3,2,4,0
853,2,0,3,1
854,1,1,2,0
855,1,2,2,0
856,2,0,5,0
857,0,0,5,0
858,1,0,5,0
859,2,1,6,1
860,1,2,5,2
861,0,1,5,0
862,0,0,1,1
863,1,1,2,0
864,0,0,1,0
865,2,2,6,1
866,0,3,1,0
867,1,0,2,3
868,0,0,6,0
869,4,2,10,2
870,3,1,4,2
871,3,0,1,0
872,1,0,1,0
873,0,0,6,2
874,2,1,4,1
875,3,1,2,2
876,2,0,4,0
877,1,4,7,2
878,1,3,2,0
879,4,1,5,1
880,2,0,3,0
881,1,1,4,0
882,0,0,1,0
883,1,3,2,0
884,1,0,1,1
885,3,4,9,0
886,0,0,4,3
887,1,0,4,0
888,1,0,1,1
889,4,3,14,0
890,0,0,2,0
891,0,2,6,1
892,3,2,4,0
893,0,3,1,1
894,4,0,5,0
895,4,2,8,1
896,2,2,3,2
897,2,0,3,1
898,1,0,3,0
899,1,2,3,2
900,0,0,4,0
901,4,0,3,1
902,1,0,3,0
903,2,1,4,3
904,2,0,4,2
905,1,1,5,0
906,0,1,6,2
907,2,5,9,3
908,4,1,4,0
909,5,2,9,2
910,0,3,3,0
911,0,1,5,2
912,0,0,6,0
913,8,6,5,2
914,5,4,6,2
915,2,0,5,1
916,0,1,4,2
917,1,1,4,0
918,0,0,2,1
919,1,3,3,0
920,1,0,5,0
921,5,6,12,3
922,1,1,3,1
923,4,4,12,1
924,5,3,11,2
925,1,0,5,1
926,0,0,3,0
927,2,0,4,1
928,1,0,1,1
929,2,1,5,0
930,4,4,11,2
931,0,0,4,1
932,4,3,12,2
933,1,0,5,0
934,0,0,2,1
935,3,3,4,0
936,4,1,5,0
937,2,0,4,2
938,0,1,6,1
939,1,0,5,0
940,0,1,2,0
941,2,0,3,1
942,2,3,14,3
943,1,0,5,0
944,3,1,3,1
945,1,1,3,0
946,0,0,4,0
947,4,0,2,0
948,1,2,1,1
949,0,2,1,0
950,2,0,2,2
951,3,2,14,1
952,2,2,6,0
953,3,5,5,1
954,2,3,12,2
955,1,3,5,1
956,0,3,2,1
957,0,0,5,2
958,2,0,5,1
959,4,0,3,1
960,1,0,4,0
961,1,0,2,0
962,1,1,3,0
963,3,1,4,2
964,2,3,6,0
965,4,3,13,1
966,6,4,10,1
967,2,0,4,2
968,3,4,13,1
969,2,1,1,2
970,1,3,5,2
971,0,0,3,1
972,1,0,5,0
973,5,3,7,3
974,2,1,5,1
975,3,0,3,1
976,4,3,5,2
977,1,0,6,2
978,1,1,6,0
979,3,3,4,3
980,1,0,3,0
981,2,0,3,1
982,0,1,1,0
983,1,3,3,0
984,3,1,12,3
985,0,0,3,1
986,3,0,6,0
987,3,1,1,0
988,1,0,5,1
989,0,0,1,0
990,0,1,5,0
991,4,0,3,2
992,1,1,4,0
993,3,4,7,2
994,1,1,3,1
995,3,1,1,0
996,2,3,3,0
997,4,4,8,3
998,6,6,14,2
999,1,0,5,0
1000,1,1,4,1
1001,2,1,6,0
1002,0,0,3,2
1003,1,0,4,0
1004,1,0,1,0
1005,3,1,8,3
1006,3,1,4,2
1007,1,0,2,2
1008,1,2,1,1
1009,0,1,3,1
1010,3,2,12,1
1011,2,0,6,0
1012,1,1,1,0
1013,1,2,3,1
1014,1,0,3,1
1015,3,1,1,0
1016,2,1,6,0
1017,4,1,3,0
1018,3,4,13,4
1019,4,0,4,2
1020,7,2,5,2
1021,3,1,6,0
1022,3,1,2,0
1023,3,1,4,0
1024,1,1,1,0
1025,1,1,5,0
1026,0,1,2,0
1027,1,2,4,0
1028,0,3,5,0
1029,1,2,6,0
1030,2,2,5,0
1031,1,2,5,1
1032,4,0,2,1
1033,3,0,6,0
1034,2,1,2,2
1035,1,1,3,1
1036,3,0,6,0
1037,2,1,4,3
1038,1,1,1,0
1039,0,3,4,1
1040,0,1,5,0
1041,1,0,5,0
1042,0,0,2,0
1043,3,1,6,0
1044,0,1,1,0
1045,2,0,6,0
1046,2,0,4,2
1047,1,1,3,1
1048,0,0,2,0
1049,0,2,1,1
1050,6,2,14,2
1051,3,2,8,1
1052,3,2,2,3
1053,0,0,2,0
1054,3,2,13,2
1055,2,1,5,3
1056,0,0,4,1
1057,1,1,6,3
1058,1,1,1,1
1059,1,0,1,1
1060,3,3,10,2
1061,0,1,1,0
1062,1,0,2,2
1063,6,1,6,4
1064,0,0,4,0
1065,3,1,6,0
1066,2,1,4,0
1067,3,2,14,4
1068,0,2,3,1
1069,0,1,5,1
1070,0,2,2,0
1071,6,3,9,2
1072,7,3,10,3
1073,2,0,4,0
1074,2,3,14,2
1075,1,2,2,0
1076,5,2,6,2
1077,0,0,3,2
1078,1,3,5,0
1079,3,0,4,1
1080,3,3,5,2
1081,3,1,3,0
1082,1,0,2,2
1083,4,3,12,2
1084,4,0,1,1
1085,3,2,5,0
1086,1,1,5,2
1087,1,0,1,0
1088,1,1,6,0
1089,0,3,4,1
1090,1,0,4,0
1091,1,3,4,0
1092,2,1,3,1
1093,2,0,5,0
1094,1,0,4,0
1095,4,2,6,1
1096,2,3,1,1
1097,7,5,12,2
1098,5,1,5,3
1099,1,0,2,0
1100,0,3,5,0
1101,3,0,2,0
1102,4,2,10,1
1103,1,2,3,1
1104,1,1,5,2
1105,3,0,2,2
1106,0,0,3,1
1107,0,2,6,1
1108,4,3,8,2
1109,2,0,6,0
1110,0,0,2,1
1111,2,1,6,0
1112,0,0,6,0
1113,1,0,3,1
1114,1,0,2,0
1115,7,3,5,1
1116,0,0,3,0
1117,0,0,4,1
1118,5,4,14,2
1119,0,1,1,0
1120,0,0,6,2
1121,1,1,4,0
1122,0,0,1,1
1123,1,2,1,1
1124,0,0,4,1
1125,6,4,11,1
1126,5,4,7,1
1127,0,0,5,0
1128,1,0,4,0
1129,0,0,4,0
1130,0,0,2,0
1131,1,0,4,0
1132,1,3,3,2
1133,1,3,6,0
1134,1,0,6,0
1135,4,1,6,0
1136,5,1,8,1
1137,0,1,5,1
1138,1,0,4,0
1139,2,0,3,0
1140,6,3,14,2
1141,0,0,6,1
1142,2,3,4,0
1143,3,1,1,2
1144,0,2,1,0
1145,3,4,11,1
1146,0,3,6,0
1147,3,1,6,1
1148,4,0,6,0
1149,2,0,5,2
1150,2,1,3,1
1151,1,1,5,0
1152,2,0,3,1
1153,3,1,3,0
1154,7,3,8,3
1155,5,2,7,2
1156,0,1,3,0
1157,1,2,1,2
1158,1,0,2,1
1159,5,3,6,3
1160,1,3,1,0
1161,2,2,3,2
1162,5,2,14,3
1163,0,0,4,1
1164,4,3,7,3
1165,2,0,3,1
1166,1,1,2,1
1167,0,2,4,0
1168,0,2,6,1
1169,1,0,6,0
1170,1,0,2,0
1171,1,1,6,3
1172,0,2,3,1
1173,0,1,1,2
1174,3,5,12,2
1175,1,1,2,0
1176,1,1,2,1
1177,2,3,3,1
1178,1,0,5,0
1179,1,1,4,2
1180,2,1,4,0
1181,2,1,14,2
1182,1,0,3,0
1183,2,1,2,0
1184,2,0,4,1
1185,0,0,1,2
1186,2,0,6,0
1187,2,1,6,1
1188,0,0,6,0
1189,1,3,4,1
1190,5,3,14,4
1191,0,0,1,2
1192,1,0,5,0
1193,2,4,11,2
1194,1,3,6,1
1195,1,0,5,0
1196,0,1,2,0
1197,1,1,3,1
1198,4,5,7,2
1199,4,3,12,1
1200,0,1,2,0
1201,1,1,6,0
1202,1,0,5,0
1203,1,3,3,3
1204,4,3,9,1
1205,2,2,6,0
1206,4,1,6,0
1207,1,0,4,0
1208,0,3,3,0
1209,3,1,5,0
1210,4,2,10,1
1211,0,0,6,1
1212,1,1,5,0
1213,5,4,10,2
1214,1,0,2,0
1215,0,0,6,0
1216,4,1,12,5
1217,4,2,13,2
1218,3,1,6,0
1219,0,0,5,2
1220,0,0,5,2
1221,3,4,5,2
1222,0,0,3,1
1223,1,1,5,0
1224,7,3,10,1
1225,0,0,6,0
1226,2,0,1,2
1227,3,0,3,2
1228,2,3,6,0
1229,2,0,4,0
1230,3,3,13,2
1231,5,4,12,1
1232,1,1,3,3
1233,1,0,3,2
1234,6,5,13,1
1235,3,1,13,2
1236,5,5,5,1
1237,4,1,3,2
1238,1,1,5,1
1239,2,0,4,0
1240,2,1,3,2
1241,0,0,1,0
1242,0,1,1,0
1243,5,6,6,2
1244,1,0,5,1
1245,2,2,6,2
1246,4,0,2,0
1247,2,3,11,2
1248,0,0,6,1
1249,0,0,4,2
1250,0,2,4,3
1251,1,0,5,1
1252,1,0,3,0
1253,0,0,2,0
1254,2,1,6,0
1255,3,3,9,2
1256,2,0,1,0
1257,1,1,2,1
1258,1,3,1,3
1259,2,1,2,0
1260,2,1,2,1
1261,0,2,3,1
1262,1,2,2,1
1263,3,2,3,3
1264,1,0,1,0
1265,1,1,3,0
1266,2,0,3,0
1267,3,2,8,2
1268,2,1,3,1
1269,3,1,6,1
1270,1,2,3,2
1271,4,2,2,2
1272,6,5,14,1
1273,0,1,6,1
1274,3,2,2,0
1275,1,0,5,0
1276,5,4,12,3
1277,2,3,6,0
1278,2,1,1,2
1279,0,0,1,1
1280,3,2,14,1
1281,3,1,3,0
1282,5,2,8,2
1283,1,1,3,0
1284,0,0,4,0
1285,0,2,5,0
1286,1,1,5,1
1287,0,1,3,0
1288,1,1,5,1
1289,3,1,4,1
1290,0,1,5,0
1291,0,0,3,1
1292,0,1,4,0
1293,3,4,9,2
1294,1,1,4,1
1295,2,3,4,1
1296,1,3,4,1
1297,3,1,1,0
1298,3,1,6,0
1299,4,2,1,0
1300,1,0,4,0
1301,1,1,1,2
1302,3,1,3,0
1303,0,0,5,0
1304,4,3,5,2
1305,1,0,1,1
1306,1,0,5,0
1307,2,1,1,0
1308,2,1,6,2
1309,0,0,4,1
1310,1,0,4,2
1311,3,2,13,3
1312,0,2,2,0
1313,1,1,2,0
1314,5,2,7,1
1315,1,2,5,2
1316,1,1,4,0
1317,2,0,5,1
1318,3,0,3,2
1319,6,4,14,0
1320,2,1,7,5
1321,1,0,2,0
1322,2,3,5,1
1323,1,0,5,0
1324,0,3,6,0
1325,2,2,5,1
1326,2,2,6,0
1327,4,3,4,0
1328,1,1,3,1
1329,2,1,4,1
1330,4,1,6,0
1331,0,1,2,0
1332,0,0,2,3
1333,0,0,4,0
1334,1,0,5,2
1335,0,0,5,1
1336,2,0,4,1
1337,0,0,6,0
1338,0,0,3,0
1339,1,0,1,0
1340,4,1,11,2
1341,1,0,2,1
1342,3,4,7,1
1343,4,0,3,0
1344,2,0,2,0
1345,1,2,6,0
1346,1,2,2,0
1347,1,1,2,2
1348,1,2,3,0
1349,5,3,9,2
1350,2,3,5,0
1351,6,2,14,1
1352,0,2,5,2
1353,3,1,1,0
1354,0,0,5,1
1355,0,0,3,0
1356,2,1,2,1
1357,4,2,6,2
1358,4,1,2,1
1359,2,1,2,0
1360,0,0,4,0
1361,4,4,12,0
1362,3,0,2,1
1363,1,1,3,1
1364,2,1,3,1
1365,1,1,6,0
1366,3,4,13,3
1367,2,1,3,0
1368,4,0,2,1
1369,2,2,11,1
1370,4,0,1,0
1371,4,3,11,0
1372,2,0,5,0
1373,5,4,5,2
1374,3,2,13,2
1375,0,0,4,0
1376,0,0,5,2
1377,0,1,1,1
1378,0,0,4,1
1379,1,0,4,1
1380,3,1,4,1
1381,2,1,1,0
1382,0,0,2,2
1383,1,0,4,2
1384,7,2,6,2
1385,0,2,4,0
1386,2,3,2,0
1387,5,2,9,2
1388,2,3,6,0
1389,3,2,3,0
1390,3,1,6,1
1391,0,1,2,0
1392,5,2,8,3
1393,4,0,2,0
1394,1,3,2,3
1395,2,0,2,1
1396,1,1,5,0
1397,0,1,1,0
1398,2,1,1,0
1399,0,0,4,0
1400,1,2,3,0
1401,1,0,5,1
1402,3,1,3,0
1403,2,0,4,1
1404,0,1,5,1
1405,1,0,1,1
1406,0,2,2,0
1407,8,2,7,3
1408,3,0,6,0
1409,3,1,6,3
1410,0,1,6,0
1411,5,2,9,2
1412,5,4,7,0
1413,2,0,5,0
1414,0,1,3,1
1415,0,0,3,1
1416,1,3,6,0
1417,1,1,6,0
1418,0,0,4,0
1419,0,0,2,3
1420,2,4,13,2
1421,0,2,6,0
1422,1,1,2,1
1423,3,3,4,0
1424,0,0,6,0
1425,3,1,6,2
1426,1,0,4,2
1427,2,0,1,0
1428,3,1,2,1
1429,1,0,5,1
1430,1,1,6,2
1431,5,2,5,4
1432,5,2,5,5
1433,2,0,4,1
1434,1,2,4,0
1435,0,1,1,0
1436,3,2,1,0
1437,1,0,1,1
1438,3,2,14,3
1439,1,1,1,0
1440,1,2,3,0
1441,0,0,4,0
1442,1,0,1,1
1443,6,1,7,2
1444,1,2,2,0
1445,1,1,3,1
1446,5,2,14,2
1447,1,2,3,0
1448,0,0,1,0
1449,0,0,2,2
1450,5,4,8,2
1451,0,1,5,0
1452,3,2,5,0
1453,1,0,1,1
1454,0,1,3,1
1455,1,0,5,2
1456,4,4,13,2
1457,1,0,6,0
1458,1,3,1,0
1459,1,0,2,0
1460,2,0,1,0
1461,1,1,1,1
1462,0,1,2,3
1463,0,1,6,2
1464,0,0,5,1
1465,0,0,4,0
1466,1,0,2,0
1467,3,4,14,4
1468,2,0,1,1
1469,1,1,2,0
1470,1,2,1,0
1471,4,0,4,1
1472,6,4,8,3
1473,1,1,4,2
1474,1,1,6,0
1475,2,1,3,0
1476,0,0,2,0
1477,1,1,2,2
1478,0,0,6,2
1479,2,0,5,0
1480,1,1,6,1
1481,2,0,5,0
1482,1,2,5,2
1483,2,2,1,0
1484,1,0,3,1
1485,4,5,5,1
1486,4,1,2,2
1487,3,4,7,1
1488,1,0,4,2
1489,8,3,7,1
1490,0,1,5,1
1491,3,3,8,1
1492,0,3,6,2
1493,1,0,2,0
1494,1,1,5,1
1495,1,3,3,1
1496,0,0,4,2
1497,0,2,5,0
1498,2,0,4,0
1499,2,3,6,0
1500,1,0,1,3
1501,2,2,6,2
1502,2,1,5,1
1503,1,0,2,3
1504,7,3,8,4
1505,3,0,6,2
1506,2,0,5,1
1507,3,0,2,2
1508,0,1,3,0
1509,3,4,7,4
1510,1,1,3,1
1511,0,1,6,2
1512,1,0,2,0
1513,0,0,6,0
1514,2,1,5,0
1515,3,3,2,0
1516,4,3,14,3
1517,5,5,14,1
1518,2,0,6,0
1519,3,2,1,0
1520,8,4,6,2
1521,4,0,4,0
1522,1,1,6,0
1523,0,0,3,0
1524,3,1,8,2
1525,2,0,4,1
1526,0,1,1,0
1527,4,3,10,1
1528,2,0,6,0
1529,1,1,4,2
1530,1,0,4,1
1531,0,3,4,0
1532,0,0,6,0
1533,2,1,2,0
1534,1,3,5,0
1535,1,0,1,1
1536,1,1,6,1
1537,1,0,1,0
1538,1,0,6,2
1539,5,2,13,1
1540,7,2,14,1
1541,4,3,12,3
1542,2,0,3,0
1543,2,1,4,2
1544,0,0,6,0
1545,0,1,3,0
1546,2,1,4,2
1547,1,1,6,0
1548,3,1,4,0
1549,1,1,4,0
1550,2,1,6,1
1551,2,0,6,0
1552,1,3,1,0
1553,1,2,1,1
1554,4,3,7,5
1555,0,2,4,1
1556,6,2,12,2
1557,0,1,1,2
1558,0,1,4,1
1559,0,0,6,0
1560,0,0,5,3
1561,1,1,3,3
1562,1,3,3,2
1563,0,3,6,2
1564,3,0,4,3
1565,2,0,2,0
1566,4,0,4,2
1567,1,0,3,0
1568,3,0,2,0
1569,4,1,4,1
1570,1,2,3,1
1571,0,1,6,0
1572,4,1,14,0
1573,0,2,6,1
1574,0,0,6,0
1575,2,1,5,3
1576,0,0,3,1
1577,1,1,2,1
1578,0,1,5,1
1579,2,1,4,2
1580,1,3,2,0
1581,2,0,1,1
1582,1,1,1,0
1583,0,1,1,0
1584,6,3,5,4
1585,1,1,3,1
1586,4,5,12,1
1587,1,1,2,0
1588,0,0,3,0
1589,1,0,4,1
1590,1,0,1,1
1591,2,2,4,2
1592,2,1,4,0
1593,3,0,6,1
1594,4,5,13,2
1595,2,4,7,1
1596,0,1,3,2
1597,1,1,6,2
1598,1,3,3,0
1599,1,1,6,0
1600,0,3,2,2
1601,0,1,3,0
1602,1,3,1,3
1603,1,0,5,1
1604,1,1,3,1
1605,1,1,6,0
1606,4,3,12,1
1607,4,5,10,0
1608,3,0,4,1
1609,1,0,2,0
1610,1,0,3,0
1611,2,3,10,2
1612,2,0,6,0
1613,4,2,5,1
1614,2,2,2,2
1615,8,1,11,2
1616,0,1,4,0
1617,2,2,2,2
1618,0,0,5,1
1619,1,1,5,1
1620,4,1,3,1
1621,3,0,2,0
1622,0,0,1,0
1623,2,1,3,2
1624,0,1,3,0
1625,2,0,5,1
1626,1,0,1,2
1627,3,1,5,0
1628,3,1,6,2
1629,1,0,6,0
1630,0,3,6,0
1631,1,0,3,0
1632,1,1,1,0
1633,3,0,2,0
1634,3,3,6,0
1635,4,4,7,0
1636,3,6,13,2
1637,6,1,6,2
1638,2,0,5,0
1639,3,0,4,2
1640,1,0,2,1
1641,5,6,12,1
1642,2,1,2,1
1643,1,2,4,0
1644,4,1,10,2
1645,4,3,10,2
1646,0,1,6,2
1647,3,2,13,2
1648,1,0,6,1
1649,0,1,5,0
1650,0,0,6,0
1651,3,4,7,1
1652,2,4,11,1
1653,1,3,4,0
1654,1,0,6,0
1655,1,1,6,1
1656,0,0,5,0
1657,2,1,5,2
1658,1,1,1,1
1659,1,2,5,0
1660,2,1,4,3
1661,0,0,6,0
1662,1,1,2,0
1663,3,1,5,1
1664,2,0,5,0
1665,1,3,1,1
1666,3,0,3,1
1667,0,3,3,0
1668,2,5,5,1
1669,1,0,5,0
1670,3,1,4,0
1671,1,2,6,0
1672,1,2,6,1
1673,1,2,5,0
1674,3,5,8,2
1675,2,2,4,3
1676,5,5,11,1
1677,0,0,6,0
1678,0,2,4,0
1679,2,0,5,0
1680,2,0,5,1
1681,1,1,1,1
1682,2,1,6,0
1683,4,3,7,3
1684,4,2,9,1
1685,0,1,1,0
1686,2,0,5,1
1687,2,0,1,0
1688,2,3,1,0
1689,0,1,2,2
1690,0,1,2,0
1691,3,3,4,0
1692,1,0,1,1
1693,2,0,1,1
1694,0,1,4,0
1695,5,6,5,2
1696,2,1,1,0
1697,4,1,13,1
1698,0,0,6,2
1699,0,0,5,0
1700,4,1,5,3
1701,1,1,5,0
1702,1,2,11,1
1703,1,1,3,1
1704,1,1,5,0
1705,2,1,1,0
1706,0,2,6,0
1707,1,1,3,0
1708,1,3,1,3
1709,4,3,10,2
1710,1,0,6,0
1711,4,4,5,3
1712,0,3,2,1
1713,2,0,4,0
1714,0,0,3,1
1715,1,3,5,0
1716,3,1,2,1
1717,1,1,3,1
1718,0,0,5,0
1719,1,1,1,0
1720,3,4,11,3
1721,1,3,4,3
1722,0,1,5,3
1723,2,0,3,3
1724,3,2,3,1
1725,7,4,5,3
1726,1,0,1,1
1727,1,0,5,0
1728,1,0,5,0
1729,4,0,2,0
1730,2,0,4,1
1731,1,1,5,0
1732,1,2,2,2
1733,1,0,6,1
1734,0,1,3,2
1735,4,1,9,2
1736,2,0,3,1
1737,3,0,1,0
1738,0,0,1,2
1739,0,1,4,1
1740,2,2,6,1
1741,1,0,3,0
1742,4,4,13,2
1743,1,0,5,0
1744,2,2,2,0
1745,3,2,2,0
1746,1,3,2,0
1747,6,4,5,4
1748,2,3,3,0
1749,2,1,2,0
1750,0,1,4,1
1751,5,2,12,3
1752,1,0,5,1
1753,3,2,6,1
1754,0,1,5,0
1755,2,0,5,1
1756,2,0,6,1
1757,2,1,5,1
1758,0,0,3,0
1759,0,0,1,3
1760,0,1,2,1
1761,3,2,4,1
1762,0,0,5,1
1763,4,4,13,3
1764,4,1,6,2
1765,0,0,4,0
1766,3,0,2,2
1767,2,3,6,0
1768,2,1,2,1
1769,0,0,6,0
1770,0,0,4,0
1771,1,1,1,3
1772,3,0,1,0
1773,2,3,6,1
1774,1,1,3,0
1775,1,0,4,0
1776,0,1,4,0
1777,0,0,1,0
1778,0,0,6,0
1779,0,0,5,1
1780,1,3,6,0
1781,1,0,4,2
1782,2,0,1,0
1783,0,1,2,0
1784,0,0,6,2
1785,2,1,1,1
1786,1,1,6,0
1787,1,1,4,0
1788,1,1,6,1
1789,0,2,3,0
1790,0,0,1,1
1791,3,5,14,3
1792,1,2,3,0
1793,0,2,1,0
1794,4,2,6,2
1795,0,3,2,2
1796,1,1,6,1
1797,5,4,8,1
1798,2,0,1,0
1799,2,3,2,2
1800,0,1,4,1
1801,3,0,1,0
1802,0,0,1,2
1803,3,0,3,0
1804,0,1,4,0
1805,4,0,3,3
1806,1,1,1,1
1807,2,1,6,0
1808,1,0,2,0
1809,3,4,10,3
1810,4,4,12,0
1811,0,2,2,0
1812,0,0,6,0
1813,2,2,8,1
1814,2,2,2,0
1815,2,1,4,0
1816,0,0,4,2
1817,8,3,5,2
1818,2,0,2,0
1819,0,0,2,0
1820,1,3,6,1
1821,0,0,2,1
1822,1,2,14,3
1823,0,1,6,0
1824,2,1,1,0
1825,1,3,6,0
1826,0,3,3,0
1827,0,0,1,1
1828,2,1,2,1
1829,1,0,3,1
1830,1,0,3,3
1831,3,1,2,3
1832,3,4,10,1
1833,1,0,4,3
1834,2,2,3,0
1835,1,2,2,1
1836,1,1,6,0
1837,5,5,6,2
1838,2,1,1,1
1839,2,1,3,2
1840,2,3,13,1
1841,0,0,1,3
1842,1,0,5,1
1843,0,1,4,1
1844,2,1,3,2
1845,0,2,4,0
1846,3,0,4,1
1847,2,2,11,3
1848,3,0,6,2
1849,0,0,2,0
1850,2,2,2,0
1851,5,1,8,3
1852,0,1,5,3
1853,2,1,6,0
1854,0,1,1,0
1855,1,0,6,1
1856,1,1,3,0
1857,2,0,5,0
1858,0,2,4,0
1859,0,0,1,0
1860,0,0,4,0
1861,3,0,3,0
1862,0,1,4,0
1863,1,1,1,0
1864,5,3,7,1
1865,4,0,1,1
1866,1,0,4,2
1867,3,2,13,3
1868,0,0,2,2
1869,0,0,3,0
1870,2,1,6,4
1871,0,3,4,1
1872,1,0,1,1
1873,3,2,1,2
1874,1,3,3,2
1875,3,4,5,2
1876,0,1,2,1
1877,1,4,14,2
1878,1,0,1,0
1879,3,2,11,2
1880,1,1,5,0
1881,1,1,2,0
1882,0,1,2,0
1883,1,2,4,1
1884,4,1,2,1
1885,0,1,4,0
1886,0,0,4,1
1887,1,0,6,2
1888,2,2,6,0
1889,0,0,4,0
1890,3,2,3,1
1891,1,2,3,1
1892,2,1,6,0
1893,4,0,1,0
1894,0,3,5,2
1895,3,0,4,0
1896,1,1,5,0
1897,2,4,8,3
1898,4,4,5,4
1899,1,2,6,2
1900,0,1,2,0
1901,2,0,1,1
1902,1,1,1,0
1903,4,1,9,5
1904,1,1,3,3
1905,0,1,4,0
1906,0,0,4,0
1907,0,3,4,0
1908,4,2,12,2
1909,2,2,2,3
1910,2,0,5,1
1911,1,3,4,0
1912,0,0,5,0
1913,1,0,3,0
1914,1,0,5,1
1915,2,0,1,3
1916,7,4,13,1
1917,1,0,3,0
1918,1,2,3,0
1919,0,0,2,0
1920,0,0,5,1
1921,2,0,2,2
1922,2,0,4,0
1923,6,2,8,1
1924,1,0,6,0
1925,1,0,6,3
1926,3,0,4,3
1927,3,4,10,0
1928,2,3,12,3
1929,1,1,1,1
1930,0,3,3,0
1931,2,0,1,1
1932,2,0,6,0
1933,0,0,2,0
1934,3,2,5,2
1935,2,0,6,2
1936,2,2,3,1
1937,1,3,6,1
1938,0,2,2,2
1939,1,1,4,0
1940,4,2,5,2
1941,0,1,6,1
1942,1,2,1,1
1943,4,6,5,3
1944,0,1,1,1
1945,0,1,6,3
1946,3,1,6,2
1947,0,2,5,2
1948,1,0,1,0
1949,1,0,5,1
1950,1,1,5,1
1951,2,0,2,0
1952,1,1,1,1
1953,4,5,13,2
1954,0,1,5,0
1955,0,0,4,3
1956,1,0,6,0
1957,0,0,4,0
1958,1,0,3,0
1959,3,0,4,2
1960,1,2,9,3
1961,1,1,6,2
1962,2,1,2,0
1963,5,2,13,4
1964,3,0,4,0
1965,4,5,14,2
1966,5,1,11,4
1967,3,3,2,1
1968,2,0,6,0
1969,1,2,2,3
1970,1,0,2,0
1971,1,1,2,0
1972,4,4,12,3
1973,1,3,1,1
1974,0,0,5,0
1975,0,1,6,1
1976,1,1,1,1
1977,0,2,4,0
1978,1,3,3,0
1979,1,1,4,0
1980,1,0,5,0
1981,0,1,6,1
1982,0,1,2,2
1983,1,3,2,1
1984,2,0,6,0
1985,0,1,2,0
1986,3,0,1,2
1987,0,0,5,1
1988,1,2,8,2
1989,1,0,1,2
1990,1,0,1,1
1991,4,1,3,2
1992,1,1,3,2
1993,1,1,5,0
1994,3,0,2,1
1995,3,0,5,1
1996,5,2,5,2
1997,2,1,3,0
1998,1,0,6,1
1999,1,0,4,1
2000,1,1,4,1
2001,1,3,3,0
2002,0,0,6,1
2003,2,0,5,0
2004,0,2,4,0
2005,1,1,3,1
2006,0,0,4,0
2007,1,0,1,0
2008,0,2,2,0
2009,2,1,1,1
2010,3,1,1,1
2011,3,3,4,0
2012,2,0,6,0
2013,3,1,5,1
2014,1,1,6,0
2015,1,2,5,0
2016,2,1,4,0
2017,5,4,13,1
2018,3,1,1,2
2019,1,0,6,2
2020,1,0,2,0
2021,0,2,4,0
2022,2,1,4,0
2023,3,4,8,2
2024,0,0,3,0
2025,4,1,1,3
2026,1,0,1,1
2027,2,1,2,0
2028,4,3,8,2
2029,7,4,9,1
2030,6,1,8,2
2031,1,1,4,1
2032,3,3,6,2
2033,4,0,3,0
2034,4,4,9,1
2035,0,0,1,0
2036,1,0,6,2
2037,1,0,2,0
2038,0,1,5,0
2039,2,0,5,1
2040,2,3,2,2
2041,0,0,5,0
2042,0,1,3,1
2043,4,2,5,2
2044,1,3,1,1
2045,2,3,9,2
2046,1,1,1,1
2047,1,0,2,0
2048,5,5,8,2
2049,0,1,6,2
2050,1,0,2,0
2051,1,0,2,0
2052,2,1,1,1
2053,2,0,1,1
2054,1,0,3,1
2055,1,2,2,0
2056,4,0,2,0
2057,2,1,2,2
2058,0,1,1,0
2059,0,3,4,0
2060,1,1,5,2
2061,3,0,6,0
2062,0,1,1,0
2063,1,2,5,2
2064,1,1,6,0
2065,0,1,1,2
2066,1,0,5,3
2067,2,1,5,0
2068,1,0,6,1
2069,1,1,6,1
2070,2,1,6,0
2071,1,1,1,1
2072,1,1,5,1
2073,1,1,1,0
2074,1,1,5,1
2075,0,1,2,1
2076,0,0,3,1
2077,1,2,2,1
2078,1,0,2,0
2079,2,0,1,1
2080,1,4,14,1
2081,2,3,5,0
2082,5,2,5,0
2083,4,3,2,0
2084,3,3,1,0
2085,1,2,4,1
2086,2,1,2,0
2087,2,1,3,1
2088,0,0,1,3
2089,0,0,6,3
2090,0,1,2,1
2091,1,1,6,3
2092,1,1,6,2
2093,2,2,1,2
2094,3,0,3,0
2095,2,2,13,2
2096,0,1,1,0
2097,0,1,1,2
2098,0,2,3,1
2099,0,0,4,2
2100,0,1,2,0
2101,0,2,1,0
2102,0,0,4,0
2103,3,0,5,0
2104,1,2,1,0
2105,1,0,2,3
2106,3,5,5,2
2107,2,0,6,0
2108,0,0,5,0
2109,3,0,1,3
2110,3,2,14,3
2111,2,2,3,1
2112,5,5,13,2
2113,3,2,8,2
2114,1,1,4,1
2115,2,1,6,0
2116,0,2,3,1
2117,1,2,4,0
2118,0,0,6,0
2119,2,1,8,3
2120,4,2,1,0
2121,0,1,4,1
2122,0,1,2,0
2123,1,4,10,1
2124,3,0,3,1
2125,1,3,3,0
2126,3,2,3,2
2127,1,0,2,2
2128,0,0,3,0
2129,0,0,4,2
2130,1,1,3,1
2131,1,1,2,0
2132,2,3,6,1
2133,1,3,2,0
2134,0,1,2,0
2135,3,0,5,0
2136,4,3,14,1
2137,0,0,5,0
2138,7,3,8,1
2139,8,3,14,3
2140,0,0,6,0
2141,3,0,6,0
2142,2,1,5,2
2143,3,0,1,0
2144,0,1,4,2
2145,0,1,5,0
2146,1,1,4,0
2147,0,1,3,0
2148,1,1,6,2
2149,0,0,2,1
2150,1,2,1,1
2151,4,3,12,1
2152,1,1,2,0
2153,0,2,3,1
2154,0,1,2,2
2155,1,2,2,0
2156,0,0,2,0
2157,2,0,6,1
2158,0,0,3,1
2159,4,2,2,2
2160,1,1,1,1
2161,0,3,1,0
2162,1,0,3,0
2163,1,0,6,2
2164,2,1,5,0
2165,1,1,3,0
2166,6,3,7,2
2167,5,3,13,0
2168,4,2,5,2
2169,5,3,11,0
2170,0,0,4,0
2171,5,2,9,2
2172,2,1,5,2
2173,3,1,5,1
2174,1,0,1,3
2175,2,2,5,3
2176,0,0,2,2
2177,6,5,5,2
2178,1,3,1,0
2179,1,2,6,2
2180,2,0,3,0
2181,1,3,6,0
2182,2,1,5,1
2183,3,4,8,1
2184,2,0,6,2
2185,2,0,1,1
2186,1,1,5,1
2187,0,2,4,0
2188,0,1,1,1
2189,5,2,5,1
2190,1,2,2,1
2191,1,0,4,1
2192,2,2,5,3
2193,2,1,3,0
2194,2,1,6,2
2195,2,1,3,0
2196,0,1,3,0
2197,5,3,10,2
2198,6,1,14,1
2199,7,3,13,2
2200,3,2,14,1
2201,1,0,6,2
2202,3,3,9,3
2203,0,0,4,0
2204,1,0,6,0
2205,0,0,5,0
2206,1,3,2,1
2207,3,1,5,2
2208,0,2,1,0
2209,4,0,6,0
2210,3,3,7,0
2211,0,2,4,2
2212,5,5,7,2
2213,2,0,6,1
2214,3,4,9,2
2215,1,0,6,1
2216,1,0,4,0
2217,3,4,11,3
2218,3,1,2,1
2219,2,2,5,0
2220,1,1,3,0
2221,7,2,6,3
2222,1,0,5,3
2223,1,1,5,0
2224,2,1,1,2
2225,2,0,2,1
2226,2,3,4,0
2227,0,0,6,3
2228,7,2,12,2
2229,2,0,6,0
2230,2,2,7,2
2231,2,3,2,0
2232,1,0,5,1
2233,1,1,2,0
2234,4,6,9,2
2235,2,1,4,0
2236,1,2,5,0
2237,5,1,12,2
2238,4,3,8,1
2239,2,0,5,0
2240,1,3,1,1
2241,3,3,5,2
2242,2,2,5,0
2243,2,1,3,0
2244,2,0,6,1
2245,2,0,6,0
2246,0,0,3,2
2247,1,1,3,0
2248,3,6,12,3
2249,0,1,1,1
2250,5,4,8,2
2251,2,1,5,5
2252,2,1,1,2
2253,0,0,4,0
2254,1,1,3,0
2255,6,5,14,2
2256,5,5,13,2
2257,0,0,5,1
2258,1,1,5,1
2259,6,1,14,1
2260,1,3,6,1
2261,7,3,11,3
2262,0,2,6,0
2263,1,0,4,0
2264,6,2,11,2
2265,4,0,2,0
2266,3,1,12,4
2267,0,2,2,0
2268,2,2,4,1
2269,4,3,12,2
2270,1,1,3,2
2271,3,0,3,2
2272,1,0,3,0
2273,2,3,14,2
2274,1,1,3,0
2275,3,2,4,0
2276,6,2,9,2
2277,4,3,8,3
2278,0,0,3,0
2279,1,3,1,1
2280,3,0,1,0
2281,0,1,5,0
2282,0,0,3,0
2283,1,1,5,0
2284,1,3,5,1
2285,1,0,5,1
2286,2,5,12,1
2287,1,0,1,0
2288,1,0,1,0
2289,2,0,4,3
2290,0,0,6,0
2291,2,0,2,0
2292,4,4,7,1
2293,2,0,5,1
2294,4,1,5,2
2295,4,2,14,1
2296,0,0,5,2
2297,1,0,3,1
2298,0,0,2,0
2299,0,0,3,0
2300,2,0,3,0
2301,2,0,4,2
2302,4,5,11,3
2303,0,3,3,0
2304,1,2,4,1
2305,0,2,3,1
2306,2,1,1,1
2307,5,2,13,1
2308,0,0,6,0
2309,1,0,4,0
2310,1,0,2,1
2311,1,2,6,0
2312,1,1,6,0
2313,1,0,6,1
2314,1,3,5,0
2315,2,0,3,1
2316,3,1,2,0
2317,0,1,6,0
2318,2,0,1,0
2319,0,1,1,1
2320,1,1,6,3
2321,0,1,5,1
2322,4,1,6,3
2323,1,1,4,1
2324,0,1,5,0
2325,1,2,2,1
2326,0,3,3,0
2327,1,3,3,2
2328,8,3,12,3
2329,3,3,6,2
2330,2,0,4,0
2331,1,0,4,1
2332,2,3,6,2
2333,4,2,14,3
2334,3,4,12,1
2335,1,2,6,1
2336,3,2,1,1
2337,1,0,1,0
2338,4,3,6,1
2339,0,0,4,0
2340,3,2,1,3
2341,4,2,6,0
2342,1,0,4,1
2343,3,3,7,2
2344,1,0,3,0
2345,3,6,13,2
2346,2,2,3,1
2347,1,1,6,1
2348,4,4,8,2
2349,2,1,6,0
2350,2,0,5,1
2351,0,1,6,1
2352,2,2,11,1
2353,1,1,6,0
2354,6,2,11,2
2355,7,2,9,1
2356,0,0,3,0
2357,0,0,3,0
2358,3,4,8,0
2359,6,3,11,0
2360,0,0,6,2
2361,1,3,10,1
2362,0,0,1,0
2363,4,5,13,1
2364,1,0,5,1
2365,4,0,1,1
2366,0,0,3,0
2367,3,0,5,0
2368,0,3,6,0
2369,3,3,10,2
2370,1,0,5,0
2371,2,2,2,0
2372,1,0,5,1
2373,0,3,5,1
2374,1,0,3,1
2375,2,1,6,2
2376,1,0,3,0
2377,2,1,1,2
2378,0,3,1,0
2379,1,0,3,1
2380,0,1,2,0
2381,1,1,2,2
2382,1,1,3,0
2383,2,0,5,0
2384,1,0,3,0
2385,3,0,2,2
2386,1,1,2,0
2387,2,0,6,1
2388,2,0,5,3
2389,0,1,2,0
2390,0,1,6,1
2391,0,0,4,0
2392,3,1,7,3
2393,1,0,6,2
2394,5,2,6,5
2395,2,3,2,2
2396,1,0,4,0
2397,2,0,6,0
2398,0,2,5,0
2399,3,5,9,5
2400,1,1,5,2
2401,0,0,4,1
2402,3,2,2,1
2403,3,1,2,0
2404,3,2,3,1
2405,0,0,5,0
2406,3,2,2,0
2407,2,0,1,1
2408,2,2,1,1
2409,1,0,6,1
2410,4,3,11,2
2411,2,1,6,0
2412,2,5,14,1
2413,0,2,6,0
2414,0,0,1,0
2415,0,0,2,2
2416,1,3,12,2
2417,0,3,1,1
2418,1,1,1,0
2419,1,1,4,2
2420,2,0,3,0
2421,0,1,4,0
2422,0,3,3,0
2423,1,0,3,3
2424,2,1,7,3
2425,1,1,2,0
2426,0,0,4,1
2427,5,4,5,1
2428,4,1,3,2
2429,4,2,2,1
2430,2,0,3,0
2431,1,1,3,1
2432,2,0,2,0
2433,2,0,3,1
2434,2,1,3,0
2435,0,0,3,0
2436,1,1,5,0
2437,5,4,6,1
2438,4,3,8,4
2439,0,1,5,0
2440,1,3,1,0
2441,1,1,2,0
2442,1,1,5,1
2443,0,2,3,1
2444,3,1,3,1
2445,0,0,2,0
2446,4,4,9,1
2447,1,2,5,0
2448,3,2,14,2
2449,0,0,4,1
2450,0,0,3,1
2451,0,0,3,1
2452,3,4,9,1
2453,3,4,7,4
2454,5,1,12,1
2455,8,3,14,2
2456,1,1,4,2
2457,0,0,1,1
2458,2,1,2,1
2459,1,0,5,2
2460,1,2,2,0
2461,1,1,6,3
2462,5,2,7,3
2463,2,1,6,0
2464,2,1,1,0
2465,1,0,1,0
2466,2,1,4,0
2467,5,1,11,2
2468,2,2,6,0
2469,5,5,8,1
2470,1,1,1,0
2471,0,1,3,0
2472,0,1,3,0
2473,1,0,2,0
2474,1,3,4,0
2475,2,1,4,2
2476,3,3,5,2
2477,2,0,4,1
2478,2,1,4,1
2479,0,3,2,1
2480,1,1,2,2
2481,1,1,4,1
2482,1,2,5,1
2483,1,3,3,3
2484,1,2,5,3
2485,0,1,1,2
2486,0,0,6,0
2487,1,1,4,0
2488,1,2,2,1
2489,2,1,3,0
2490,2,1,6,1
2491,1,1,6,0
2492,0,1,2,0
2493,2,0,2,1
2494,6,6,9,1
2495,0,1,3,3
2496,1,0,6,0
2497,4,4,8,2
2498,2,1,5,2
2499,1,0,1,1
2500,4,1,6,1
2501,2,2,1,2
2502,1,1,3,0
2503,4,1,1,1
2504,2,1,3,0
2505,1,1,3,0
2506,3,1,4,0
2507,1,0,4,3
2508,1,2,8,2
2509,0,0,1,0
2510,0,3,5,0
2511,0,1,4,0
2512,1,2,2,0
2513,0,1,3,1
2514,4,5,8,3
2515,0,0,3,1
2516,1,1,6,0
2517,1,0,6,0
2518,1,2,4,0
2519,2,0,3,0
2520,3,0,4,0
2521,0,0,2,0
2522,0,1,2,2
2523,3,3,4,0
2524,1,0,4,0
2525,1,1,5,0
2526,2,3,3,1
2527,5,4,6,2
2528,1,1,4,2
2529,0,0,4,0
2530,2,0,6,0
2531,1,2,5,0
2532,3,0,3,1
2533,1,0,3,0
2534,2,0,4,0
2535,0,1,6,2
2536,1,1,6,1
2537,2,1,6,3
2538,0,3,2,1
2539,0,1,6,0
2540,0,3,1,3
2541,2,0,3,1
2542,2,1,4,3
2543,1,0,3,1
2544,3,2,9,1
2545,7,4,10,1
2546,0,1,1,0
2547,2,0,3,0
2548,5,3,8,1
2549,5,3,7,2
2550,7,3,9,4
2551,0,1,3,1
2552,2,0,4,1
2553,1,1,4,0
2554,1,1,1,0
2555,4,0,6,1
2556,1,1,6,0
2557,1,1,3,1
2558,3,3,5,2
2559,1,1,1,3
2560,0,1,5,1
2561,1,1,1,0
2562,0,0,5,0
2563,2,4,6,3
2564,0,0,5,0
2565,2,1,5,1
2566,4,3,6,0
2567,3,3,8,3
2568,0,0,4,1
2569,0,3,2,0
2570,7,3,12,4
2571,1,0,3,0
2572,1,0,5,0
2573,0,1,5,0
2574,4,4,8,4
2575,1,0,6,1
2576,1,1,5,0
2577,1,2,3,0
2578,1,0,2,1
2579,4,1,1,1
2580,1,1,3,0
2581,1,2,3,1
2582,1,0,6,0
2583,2,0,6,0
2584,4,2,3,0
2585,1,2,1,0
2586,1,1,4,0
2587,3,0,6,0
2588,2,0,3,1
2589,1,0,6,0
2590,0,0,2,0
2591,5,2,8,3
2592,1,0,1,0
2593,3,1,1,1
2594,3,2,6,0
2595,3,1,13,2
2596,0,0,2,2
2597,0,0,6,1
2598,0,1,5,0
2599,2,0,6,0
2600,1,0,4,1
2601,5,3,14,4
2602,2,2,3,2
2603,0,0,4,0
2604,3,2,2,3
2605,1,3,2,0
2606,1,0,3,0
2607,2,3,12,1
2608,0,1,4,0
2609,3,1,5,1
2610,2,1,2,1
2611,1,0,5,0
2612,1,3,6,0
2613,1,3,2,2
2614,2,0,3,2
2615,4,3,12,0
2616,4,3,7,1
2617,2,0,1,0
2618,3,2,4,1
2619,0,1,4,2
2620,4,3,9,5
2621,5,1,8,1
2622,0,0,3,0
2623,1,1,5,1
2624,1,0,5,2
2625,1,0,3,0
2626,1,2,9,3
2627,2,0,5,1
2628,3,4,7,1
2629,2,1,5,0
2630,2,1,2,0
2631,0,1,2,0
2632,4,0,5,1
2633,0,0,5,0
2634,4,0,5,0
2635,1,1,2,2
2636,1,0,6,0
2637,0,0,4,0
2638,0,3,4,0
2639,0,0,3,0
2640,3,2,6,0
2641,1,1,4,0
2642,3,4,13,2
2643,3,6,14,2
2644,1,2,5,0
2645,1,3,4,1
2646,2,0,2,0
2647,0,1,6,0
2648,4,0,3,0
2649,3,2,2,1
2650,0,0,5,1
2651,3,1,6,0
2652,1,0,6,2
2653,1,0,5,0
2654,0,0,6,0
2655,2,2,4,0
2656,2,0,3,1
2657,1,0,6,1
2658,0,1,2,1
2659,5,5,6,1
2660,1,2,6,0
2661,0,1,6,1
2662,3,4,5,3
2663,4,1,2,3
2664,0,0,5,0
2665,1,1,1,1
2666,0,0,3,1
2667,1,2,6,0
2668,1,0,4,0
2669,2,4,8,3
2670,1,0,2,3
2671,0,0,2,0
2672,2,0,2,0
2673,1,1,5,1
2674,1,1,2,1
2675,1,3,5,1
2676,2,2,2,3
2677,3,1,1,0
2678,4,1,5,2
2679,3,1,10,4
2680,3,4,13,2
2681,1,1,2,1
2682,0,0,6,1
2683,3,1,3,0
2684,4,2,9,1
2685,1,0,4,2
2686,4,5,14,0
2687,1,2,6,0
2688,1,1,6,0
2689,6,6,6,1
2690,1,0,3,0
2691,0,2,3,2
2692,2,2,4,1
2693,3,1,1,1
2694,0,2,6,2
2695,2,3,5,0
2696,0,3,6,0
2697,1,3,3,0
2698,1,0,2,0
2699,1,1,3,2
2700,0,0,4,1
2701,0,1,6,1
2702,4,4,13,3
2703,7,3,14,1
2704,0,3,5,0
2705,0,0,2,1
2706,2,2,14,2
2707,5,2,9,2
2708,2,0,5,0
2709,7,5,14,0
2710,3,6,10,3
2711,2,0,3,2
2712,4,2,5,5
2713,1,1,4,1
2714,1,0,1,0
2715,2,0,6,2
2716,1,0,1,0
2717,3,0,2,0
2718,1,0,2,0
2719,0,0,2,1
2720,1,6,5,2
2721,0,0,1,3
2722,0,2,6,0
2723,2,2,3,0
2724,2,1,1,0
2725,0,0,1,2
2726,1,1,6,0
2727,3,1,1,0
2728,0,0,2,0
2729,6,5,7,2
2730,2,1,5,0
2731,0,1,4,0
2732,1,0,2,2
2733,2,3,5,3
2734,1,0,5,2
2735,8,1,12,5
2736,1,0,1,0
2737,1,0,3,0
2738,1,0,2,1
2739,0,2,5,1
2740,1,1,2,0
2741,0,0,1,0
2742,1,1,6,1
2743,1,1,4,1
2744,1,0,5,2
2745,4,1,4,0
2746,0,2,1,0
2747,1,1,1,1
2748,0,2,6,0
2749,0,3,6,1
2750,4,0,1,1
2751,2,4,11,3
2752,0,1,3,2
2753,5,2,13,2
2754,2,0,1,3
2755,0,1,2,1
2756,3,3,7,1
2757,0,1,3,0
2758,1,2,5,0
2759,2,0,4,1
2760,1,2,2,0
2761,1,1,1,2
2762,1,0,3,0
2763,0,0,2,0
2764,0,1,5,1
2765,1,0,6,1
2766,3,1,6,0
2767,0,0,4,1
2768,0,0,5,2
2769,1,1,6,2
2770,1,0,1,1
2771,2,1,6,0
2772,3,1,4,2
2773,0,1,6,1
2774,2,0,3,0
2775,3,0,3,1
2776,0,0,2,0
2777,0,0,5,1
2778,2,0,6,1
2779,2,0,5,0
2780,1,0,3,0
2781,0,0,4,0
2782,3,1,2,0
2783,1,2,4,1
2784,1,3,2,1
2785,2,0,3,0
2786,2,2,4,3
2787,3,0,2,2
2788,4,6,7,2
2789,2,1,2,0
2790,7,3,9,3
2791,1,1,6,0
2792,2,3,4,0
2793,3,1,1,0
2794,6,3,8,1
2795,1,1,5,0
2796,0,2,4,1
2797,3,0,6,1
2798,4,4,11,2
2799,4,3,5,0
2800,2,0,2,2
2801,2,1,6,1
2802,4,1,1,3
2803,5,3,5,4
2804,4,0,1,0
2805,2,3,4,2
2806,1,3,6,0
2807,1,2,3,0
2808,2,2,3,2
2809,3,2,3,0
2810,0,0,1,1
2811,0,0,2,1
2812,0,0,2,0
2813,2,2,14,3
2814,3,0,3,0
2815,0,0,4,1
2816,2,0,1,0
2817,0,2,3,0
2818,0,1,5,1
2819,2,1,1,3
2820,6,3,5,2
2821,0,1,4,2
2822,1,0,5,0
2823,2,0,3,1
2824,3,0,5,0
2825,1,0,4,0
2826,1,0,4,0
2827,5,3,5,1
2828,3,0,3,2
2829,1,2,6,0
2830,1,0,5,0
2831,2,0,5,0
2832,1,0,4,0
2833,4,2,4,1
2834,2,5,11,2
2835,1,1,3,2
2836,2,0,5,0
2837,2,0,5,0
2838,1,1,6,0
2839,2,0,4,0
2840,1,0,1,3
2841,4,5,10,1
2842,1,0,1,2
2843,1,0,6,0
2844,1,0,3,1
2845,0,3,6,2
2846,1,0,2,1
2847,2,0,3,1
2848,1,0,5,2
2849,3,1,11,4
2850,3,1,6,1
2851,3,4,12,5
2852,3,2,3,0
2853,2,0,6,3
2854,7,5,7,2
2855,1,0,1,3
2856,3,3,5,2
2857,2,3,7,2
2858,0,1,2,0
2859,4,0,3,1
2860,2,2,6,3
2861,0,0,1,0
2862,4,3,9,3
2863,3,0,2,1
2864,4,1,3,0
2865,0,1,6,1
2866,0,0,4,0
2867,1,2,6,0
2868,1,0,1,1
2869,0,1,3,3
2870,1,1,5,0
2871,1,1,3,1
2872,1,0,4,1
2873,1,0,5,2
2874,3,0,6,1
2875,1,1,3,1
2876,3,0,5,0
2877,2,1,1,0
2878,2,0,2,0
2879,2,1,4,3
2880,0,1,6,0
2881,7,2,5,1
2882,1,1,6,0
2883,1,0,5,2
2884,3,2,5,0
2885,2,1,1,0
2886,4,2,7,0
2887,0,3,5,1
2888,1,1,6,2
2889,2,2,2,2
2890,2,1,4,1
2891,2,0,6,1
2892,5,2,5,1
2893,0,0,6,2
2894,1,1,2,0
2895,1,1,5,2
2896,0,3,1,1
2897,0,0,1,0
2898,0,0,2,0
2899,5,5,9,5
2900,2,1,2,1
2901,1,0,4,0
2902,2,0,3,1
2903,0,1,4,2
2904,0,0,2,1
2905,2,2,4,1
2906,1,0,6,0
2907,1,2,2,0
2908,0,1,3,1
2909,3,0,1,0
2910,3,3,10,2
2911,4,1,5,3
2912,2,1,3,2
2913,0,2,4,0
2914,2,1,12,2
2915,1,0,3,1
2916,0,1,1,1
2917,3,3,5,0
2918,1,2,1,2
2919,2,1,5,0
2920,1,1,3,0
2921,2,3,2,0
2922,1,0,1,0
2923,4,2,6,0
2924,2,1,1,1
2925,3,0,3,2
2926,0,1,5,2
2927,1,1,2,0
2928,0,0,1,1
2929,3,2,12,3
2930,0,1,3,0
2931,3,6,10,2
2932,1,2,4,0
2933,4,2,5,2
2934,1,1,2,1
2935,1,1,2,1
2936,7,3,6,4
2937,3,3,14,1
2938,2,0,3,1
2939,1,0,6,1
2940,1,0,4,0
2941,1,0,1,0
2942,0,2,4,0
2943,2,0,5,0
2944,1,1,4,2
2945,1,1,1,1
2946,0,0,3,2
2947,2,0,4,0
2948,1,1,6,2
2949,2,0,6,3
2950,4,0,3,0
2951,2,1,6,0
2952,1,0,2,1
2953,1,0,5,1
2954,2,0,1,1
2955,5,6,9,1
2956,0,0,1,2
2957,1,3,1,0
2958,3,3,5,1
2959,3,2,6,1
2960,1,1,4,0
2961,3,2,12,2
2962,3,6,12,1
2963,1,0,2,1
2964,1,2,2,3
2965,5,2,9,1
2966,2,0,2,1
2967,1,0,3,0
2968,5,1,6,2
2969,1,0,5,0
2970,1,1,3,1
2971,1,1,2,1
2972,1,1,6,0
2973,2,1,2,0
2974,0,3,2,0
2975,1,0,1,0
2976,1,1,2,1
2977,1,2,6,0
2978,1,1,4,0
2979,1,0,1,0
2980,6,3,6,1
2981,6,4,14,3
2982,5,3,11,1
2983,2,0,4,0
2984,3,2,5,2
2985,1,2,2,0
2986,3,1,14,3
2987,1,3,2,0
2988,6,3,12,3
2989,3,2,5,1
2990,2,0,3,1
2991,0,1,2,0
2992,1,2,5,0
2993,0,2,3,1
2994,0,1,2,0
2995,0,1,1,0
2996,2,1,6,0
2997,1,0,6,0
2998,2,0,4,3
2999,1,3,4,1
3000,0,0,6,0
3001,2,3,1,1
3002,1,1,6,1
3003,0,1,5,0
3004,0,0,4,0
3005,5,2,14,1
3006,1,1,4,2
3007,3,1,5,1
3008,0,2,2,2
3009,1,1,5,2
3010,3,0,3,1
3011,4,2,11,2
3012,1,3,2,2
3013,0,2,2,2
3014,0,1,3,1
3015,2,4,14,3
3016,2,1,2,0
3017,1,1,5,1
3018,0,2,4,0
3019,1,1,4,0
3020,0,2,2,2
3021,1,2,5,1
3022,1,1,3,1
3023,5,4,10,1
3024,1,4,7,2
3025,8,5,13,1
3026,2,1,2,1
3027,3,1,1,1
3028,3,2,2,0
3029,0,2,5,0
3030,2,1,4,2
3031,2,3,13,1
3032,7,4,11,2
3033,4,3,9,3
3034,3,5,10,1
3035,5,4,10,1
3036,2,2,6,0
3037,4,3,8,5
3038,5,4,7,0
3039,3,1,5,1
3040,2,0,5,0
3041,2,3,6,0
3042,2,1,4,0
3043,5,2,9,3
3044,0,3,5,1
3045,1,1,3,1
3046,2,1,4,1
3047,0,0,5,2
3048,1,0,3,0
3049,1,0,2,1
3050,0,2,3,2
3051,2,0,6,0
3052,2,1,6,0
3053,0,0,2,0
3054,3,5,8,1
3055,1,2,8,1
3056,1,1,5,0
3057,0,1,5,0
3058,0,0,4,2
3059,1,1,5,2
3060,0,1,3,3
3061,4,3,14,1
3062,2,2,7,2
3063,1,1,2,1
3064,2,1,1,1
3065,1,0,5,0
3066,1,3,2,0
3067,3,3,13,3
3068,1,3,3,0
3069,1,1,4,0
3070,3,0,3,1
3071,1,0,1,0
3072,2,3,6,0
3073,1,3,3,0
3074,0,2,2,0
3075,3,1,3,0
3076,5,3,13,1
3077,1,2,5,1
3078,3,2,1,1
3079,6,3,9,3
3080,1,0,4,0
3081,1,1,2,0
3082,0,1,3,0
3083,0,0,6,0
3084,1,5,10,2
3085,1,1,5,2
3086,2,0,1,0
3087,4,1,3,1
3088,1,1,5,1
3089,2,2,2,0
3090,3,0,3,1
3091,0,1,6,0
3092,3,1,2,1
3093,0,2,5,0
3094,1,0,1,0
3095,2,2,6,4
3096,5,1,5,1
3097,0,3,1,0
3098,3,2,1,1
3099,4,3,7,1
3100,7,4,13,0
3101,4,0,3,1
3102,1,0,1,2
3103,1,1,5,2
3104,1,2,3,1
3105,1,0,2,1
3106,1,0,5,0
3107,2,3,1,0
3108,2,2,6,1
3109,4,1,12,2
3110,1,0,4,0
3111,2,0,3,2
3112,0,0,3,0
3113,1,0,2,0
3114,2,1,6,0
3115,3,4,9,1
3116,0,2,6,0
3117,1,1,5,0
3118,0,2,3,0
3119,1,0,1,0
3120,0,0,4,0
3121,5,2,8,2
3122,1,0,3,0
3123,2,0,1,1
3124,2,0,6,0
3125,1,3,7,1
3126,0,1,4,1
3127,1,0,2,0
3128,4,1,4,0
3129,1,1,5,0
3130,1,1,5,2
3131,0,1,2,3
3132,0,1,3,1
3133,1,3,5,0
3134,3,3,7,4
3135,0,0,5,1
3136,2,2,6,2
3137,0,0,3,0
3138,0,0,4,0
3139,0,1,2,2
3140,2,1,4,3
3141,1,0,4,1
3142,3,3,9,1
3143,0,0,1,2
3144,0,1,6,0
3145,5,2,14,3
3146,1,1,5,0
3147,2,3,11,1
3148,0,1,2,0
3149,0,0,2,1
3150,0,2,6,1
3151,0,2,4,1
3152,1,2,2,0
3153,2,1,6,3
3154,1,0,2,0
3155,2,0,2,3
3156,4,1,9,5
3157,4,1,1,1
3158,0,0,2,3
3159,2,2,4,1
3160,1,1,6,1
3161,3,0,4,1
3162,3,0,3,2
3163,2,1,6,0
3164,3,3,8,2
3165,2,1,5,1
3166,0,0,2,2
3167,1,0,2,0
3168,4,5,7,2
3169,1,0,5,1
3170,0,0,4,0
3171,4,1,4,2
3172,0,1,6,0
3173,0,1,6,0
3174,2,4,11,2
3175,0,2,2,0
3176,7,5,7,3
3177,3,1,1,1
3178,1,1,4,2
3179,5,4,5,2
3180,1,1,5,1
3181,0,2,2,0
3182,2,0,5,0
3183,3,0,1,0
3184,0,0,5,0
3185,1,2,5,0
3186,1,3,3,1
3187,5,3,11,0
3188,0,1,4,3
3189,0,0,5,2
3190,1,0,4,1
3191,0,1,5,0
3192,0,0,6,0
3193,4,3,7,2
3194,1,0,2,1
3195,0,0,6,0
3196,1,1,6,1
3197,2,0,1,1
3198,6,3,13,2
3199,4,0,6,0
3200,0,2,2,0
3201,3,1,5,2
3202,2,0,2,0
3203,1,0,4,0
3204,3,0,3,1
3205,2,0,2,1
3206,1,0,6,0
3207,4,1,5,1
3208,2,0,3,1
3209,4,2,6,1
3210,1,1,3,0
3211,0,1,6,2
3212,5,3,12,3
3213,0,1,3,0
3214,1,1,5,0
3215,2,2,6,0
3216,3,3,11,2
3217,2,0,6,0
3218,0,0,4,0
3219,0,0,2,0
3220,1,3,2,0
3221,0,0,6,0
3222,0,1,4,1
3223,5,3,14,2
3224,4,6,11,3
3225,3,1,1,1
3226,5,3,7,1
3227,0,0,6,1
3228,4,1,3,1
3229,0,3,6,2
3230,1,1,3,2
3231,0,1,2,3
3232,1,2,6,0
3233,2,1,6,1
3234,1,1,3,0
3235,5,4,9,1
3236,0,2,2,0
3237,3,3,13,1
3238,2,0,6,0
3239,2,2,11,0
3240,0,1,1,2
3241,1,0,4,3
3242,2,1,13,2
3243,4,3,1,1
3244,1,0,2,0
3245,3,1,4,2
3246,7,4,12,2
3247,4,2,1,0
3248,5,4,13,2
3249,0,0,1,0
3250,4,1,6,2
3251,6,2,12,2
3252,4,3,10,1
3253,1,1,3,0
3254,4,3,12,2
3255,4,1,3,1
3256,1,0,6,1
3257,3,4,9,2
3258,0,0,6,1
3259,2,0,4,1
3260,4,5,8,3
3261,0,0,2,0
3262,4,2,13,3
3263,4,3,9,5
3264,0,3,3,1
3265,0,2,3,1
3266,4,3,10,2
3267,2,0,1,0
3268,4,2,6,1
3269,2,0,5,2
3270,0,1,4,2
3271,0,3,5,1
3272,0,2,6,1
3273,3,2,2,1
3274,5,6,8,1
3275,1,0,2,1
3276,0,0,3,0
3277,5,2,13,2
3278,0,0,1,1
3279,4,2,11,2
3280,0,2,4,1
3281,0,0,4,1
3282,0,0,3,1
3283,1,3,14,2
3284,0,0,1,0
3285,3,2,3,1
3286,3,0,5,0
3287,0,1,3,0
3288,1,3,6,0
3289,2,3,5,1
3290,0,0,6,0
3291,1,2,5,1
3292,0,3,6,0
3293,3,0,3,1
3294,2,1,4,0
3295,0,1,1,1
3296,1,0,5,0
3297,2,0,2,0
3298,0,0,3,0
3299,1,1,4,1
3300,0,2,6,1
3301,4,3,6,3
3302,2,3,1,0
3303,0,1,4,0
3304,2,2,7,1
3305,1,2,5,0
3306,2,6,5,2
3307,2,0,6,0
3308,0,1,2,0
3309,0,3,2,0
3310,1,2,2,0
3311,1,0,6,3
3312,8,2,12,3
3313,1,1,6,0
3314,3,1,4,1
3315,1,1,3,0
3316,2,2,4,0
3317,2,0,2,0
3318,1,1,1,0
3319,4,1,2,0
3320,0,0,5,0
3321,0,2,4,1
3322,2,1,4,0
3323,1,2,5,0
3324,1,0,1,0
3325,3,1,13,1
3326,4,3,11,3
3327,0,0,3,1
3328,3,3,8,3
3329,1,1,6,0
3330,0,0,5,1
3331,0,0,2,2
3332,0,1,4,1
3333,1,0,1,0
3334,2,1,5,0
3335,3,4,5,4
3336,0,2,6,0
3337,1,0,4,2
3338,3,0,5,0
3339,1,2,6,2
3340,2,0,4,0
3341,4,4,7,0
3342,1,2,1,1
3343,6,4,6,1
3344,3,2,5,0
3345,2,2,6,0
3346,1,2,5,0
3347,0,3,1,1
3348,1,2,5,0
3349,3,1,5,0
3350,1,2,3,1
3351,3,1,2,1
3352,2,1,2,0
3353,1,1,1,3
3354,2,0,1,2
3355,1,0,2,2
3356,0,0,6,0
3357,3,1,5,1
3358,0,2,5,1
3359,2,2,2,1
3360,0,1,4,0
3361,1,1,4,0
3362,2,3,4,0
3363,4,0,5,0
3364,3,0,2,0
3365,5,2,10,1
3366,3,1,3,0
3367,3,0,5,1
3368,0,1,3,1
3369,3,2,5,0
3370,2,1,8,1
3371,1,1,4,0
3372,1,2,2,1
3373,0,0,6,1
3374,3,0,2,1
3375,5,4,13,1
3376,1,0,2,0
3377,2,0,1,0
3378,2,1,2,1
3379,1,0,2,3
3380,2,0,5,1
3381,0,0,4,3
3382,2,1,5,0
3383,0,0,2,0
3384,1,0,1,3
3385,4,6,10,1
3386,3,0,6,0
3387,1,0,5,0
3388,6,5,9,2
3389,7,3,7,4
3390,1,1,6,1
3391,2,2,5,2
3392,2,1,4,0
3393,4,1,9,2
3394,0,0,6,1
3395,0,1,1,0
3396,0,0,3,2
3397,2,1,2,1
3398,1,0,4,0
3399,2,3,3,0
3400,3,4,9,0
3401,1,2,2,1
3402,1,0,4,2
3403,1,0,6,3
3404,6,3,5,3
3405,4,0,2,1
3406,4,2,9,2
3407,4,1,1,0
3408,0,1,6,2
3409,4,2,1,0
3410,4,1,5,3
3411,3,2,5,0
3412,0,1,5,0
3413,2,3,6,0
3414,2,0,6,2
3415,4,1,6,3
3416,2,2,14,1
3417,0,1,6,2
3418,6,4,10,2
3419,0,3,6,0
3420,2,0,3,0
3421,0,1,6,0
3422,3,1,3,0
3423,1,1,2,1
3424,1,0,3,3
3425,5,4,9,3
3426,3,0,1,1
3427,1,0,4,1
3428,0,2,2,0
3429,0,1,2,0
3430,4,4,7,1
3431,2,3,2,2
3432,1,2,4,0
3433,2,0,2,0
3434,0,1,1,0
3435,0,1,4,1
3436,0,0,6,0
3437,2,1,6,0
3438,4,5,8,2
3439,0,1,3,1
3440,1,1,5,3
3441,0,2,1,0
3442,0,0,6,0
3443,3,4,12,1
3444,0,1,3,1
3445,0,1,1,1
3446,0,0,4,3
3447,5,1,5,1
3448,0,1,5,0
3449,2,4,7,2
3450,1,1,6,3
3451,6,2,6,2
3452,2,2,11,2
3453,1,1,2,0
3454,5,3,9,5
3455,2,3,13,1
3456,0,0,4,0
3457,0,2,5,1
3458,7,3,7,2
3459,3,0,5,1
3460,3,2,1,0
3461,1,0,3,1
3462,2,2,2,2
3463,1,2,3,0
3464,2,1,2,1
3465,2,0,6,1
3466,1,0,6,1
3467,2,1,4,1
3468,2,0,4,2
3469,3,2,12,2
3470,0,1,2,1
3471,3,2,14,1
3472,3,3,1,0
3473,0,1,2,1
3474,1,0,3,1
3475,1,2,5,1
3476,2,0,3,1
3477,2,2,1,0
3478,0,0,1,1
3479,3,2,2,1
3480,3,1,2,0
3481,1,3,1,1
3482,4,2,12,1
3483,1,3,1,1
3484,2,3,3,1
3485,0,1,4,0
3486,5,1,12,3
3487,0,3,4,0
3488,1,0,2,0
3489,1,0,4,1
3490,0,1,2,0
3491,1,2,6,1
3492,2,1,3,0
3493,0,0,5,0
3494,2,0,4,1
3495,0,0,6,1
3496,2,1,4,2
3497,0,1,3,0
3498,0,1,4,0
3499,0,2,1,1
3500,2,1,6,1
3501,1,1,2,2
3502,3,1,11,2
3503,7,4,8,2
3504,4,4,9,2
3505,1,1,6,1
3506,0,0,5,0
3507,1,0,2,0
3508,0,0,4,1
3509,4,0,6,0
3510,1,1,6,0
3511,1,0,1,3
3512,2,1,2,1
3513,3,1,5,0
3514,2,2,5,0
3515,0,1,2,2
3516,0,0,4,1
3517,5,4,10,1
3518,1,1,6,0
3519,0,0,3,0
3520,1,0,5,0
3521,2,0,1,0
3522,5,2,10,1
3523,0,0,2,0
3524,2,0,1,1
3525,1,2,5,1
3526,3,1,5,2
3527,5,3,11,1
3528,1,1,3,0
3529,2,2,2,2
3530,2,1,3,0
3531,1,1,1,0
3532,1,2,6,0
3533,1,1,1,0
3534,1,1,2,0
3535,0,1,1,0
3536,0,1,1,0
3537,0,3,4,0
3538,1,1,1,1
3539,0,0,4,1
3540,0,0,6,1
3541,1,1,2,0
3542,1,1,6,1
3543,2,1,6,3
3544,1,1,2,0
3545,1,0,6,0
3546,4,4,8,3
3547,3,4,12,4
3548,0,0,6,1
3549,5,3,12,4
3550,2,0,3,1
3551,3,0,5,0
3552,4,4,8,1
3553,1,1,6,1
3554,0,1,3,1
3555,3,0,5,0
3556,0,3,5,1
3557,4,2,13,2
3558,4,3,9,3
3559,1,0,2,1
3560,2,1,1,0
3561,1,0,5,3
3562,3,0,6,1
3563,1,3,4,1
3564,1,3,1,2
3565,3,3,6,0
3566,2,1,4,1
3567,2,0,3,2
3568,0,0,3,0
3569,1,1,3,1
3570,2,1,5,0
3571,0,0,4,0
3572,2,1,3,1
3573,2,3,3,0
3574,1,0,4,0
3575,0,0,6,1
3576,0,1,6,0
3577,0,0,3,0
3578,2,0,5,0
3579,0,2,1,2
3580,1,2,5,1
3581,0,0,3,2
3582,1,1,3,0
3583,1,0,2,0
3584,3,3,6,1
3585,2,0,3,0
3586,2,0,1,3
3587,2,1,5,3
3588,1,0,6,0
3589,5,3,13,3
3590,1,0,3,0
3591,2,0,1,0
3592,3,3,5,2
3593,0,1,6,0
3594,0,0,5,0
3595,2,4,12,4
3596,2,0,3,2
3597,0,3,2,1
3598,1,2,2,0
3599,0,0,4,1
3600,2,2,1,0
3601,2,0,5,1
3602,3,3,5,0
3603,0,3,6,1
3604,3,0,5,0
3605,0,1,4,1
3606,1,2,2,2
3607,1,1,6,0
3608,1,2,6,0
3609,1,1,1,1
3610,2,1,6,1
3611,3,0,4,1
3612,1,0,2,2
3613,1,0,3,0
3614,0,1,6,1
3615,1,0,6,0
3616,2,0,1,0
3617,0,1,3,1
3618,2,0,3,0
3619,0,1,6,1
3620,3,1,5,1
3621,1,1,5,0
3622,1,1,1,3
3623,0,0,5,0
3624,1,0,2,0
3625,1,0,6,1
3626,1,3,2,3
3627,1,3,6,1
3628,0,0,6,0
3629,7,2,7,1
3630,2,0,5,3
3631,7,3,7,2
3632,5,2,9,1
3633,0,0,6,2
3634,0,1,5,0
3635,1,1,5,1
3636,2,0,2,0
3637,2,4,9,2
3638,3,1,11,1
3639,1,1,4,0
3640,3,1,3,3
3641,3,0,3,0
3642,2,1,3,1
3643,5,2,10,2
3644,5,4,13,0
3645,3,5,14,2
3646,4,1,13,2
3647,2,1,6,0
3648,0,0,1,0
3649,1,1,6,0
3650,1,2,1,1
3651,0,0,1,0
3652,1,1,4,1
3653,0,0,2,0
3654,4,3,5,3
3655,1,0,5,0
3656,1,3,10,2
3657,3,0,5,1
3658,2,0,2,0
3659,0,0,6,1
3660,2,3,4,0
3661,3,0,4,0
3662,1,3,1,2
3663,1,1,6,0
3664,0,1,5,0
3665,1,2,2,0
3666,0,0,2,3
3667,2,0,6,0
3668,2,2,1,0
3669,4,2,13,1
3670,0,0,2,0
3671,1,0,1,0
3672,3,2,14,3
3673,1,1,13,1
3674,2,1,2,1
3675,1,0,6,1
3676,0,0,4,2
3677,2,3,13,3
3678,2,1,5,0
3679,6,3,12,2
3680,0,1,1,1
3681,1,0,4,0
3682,2,2,8,1
3683,3,2,3,3
3684,6,4,7,5
3685,1,1,1,1
3686,2,1,4,1
3687,4,2,5,2
3688,1,0,1,0
3689,3,2,6,0
3690,1,3,4,1
3691,2,5,8,1
3692,1,1,4,2
3693,0,0,2,0
3694,3,2,9,2
3695,5,4,12,3
3696,0,2,4,1
3697,0,1,1,1
3698,0,1,4,0
3699,1,1,6,0
3700,2,0,3,0
3701,2,1,1,2
3702,2,0,2,0
3703,2,1,6,0
3704,3,1,4,0
3705,1,0,6,0
3706,1,1,4,0
3707,2,0,5,0
3708,1,2,2,1
3709,2,6,10,1
3710,0,0,3,0
3711,0,1,6,2
3712,3,3,3,3
3713,1,1,2,0
3714,2,0,4,0
3715,3,0,5,0
3716,1,3,5,2
3717,0,1,5,1
3718,0,2,1,0
3719,1,2,2,0
3720,4,0,2,1
3721,1,0,1,1
3722,0,2,5,0
3723,1,0,6,0
3724,1,1,5,0
3725,3,1,2,0
3726,2,3,2,2
3727,1,1,4,0
3728,5,4,9,2
3729,1,2,2,0
3730,1,0,1,1
3731,2,4,9,4
3732,2,2,1,0
3733,1,1,1,0
3734,1,4,12,2
3735,1,0,3,1
3736,2,2,6,0
3737,0,1,1,0
3738,0,0,1,2
3739,3,2,5,2
3740,1,0,6,0
3741,0,2,4,0
3742,0,0,3,0
3743,0,1,1,0
3744,1,1,1,0
3745,6,1,14,2
3746,2,0,5,2
3747,0,2,5,1
3748,3,0,2,3
3749,1,0,2,0
3750,3,1,5,1
3751,0,1,3,0
3752,2,1,5,1
3753,2,0,6,1
3754,1,2,2,0
3755,1,0,3,1
3756,2,2,4,0
3757,1,0,6,2
3758,4,3,10,1
3759,0,2,1,0
3760,2,0,2,1
3761,2,1,2,0
3762,2,1,5,2
3763,1,1,4,2
3764,4,0,3,0
3765,0,2,5,1
3766,0,1,4,2
3767,0,1,5,2
3768,0,0,6,1
3769,1,0,2,1
3770,0,0,2,0
3771,1,1,3,1
3772,6,4,8,3
3773,4,2,7,2
3774,3,1,3,0
3775,5,6,13,3
3776,2,0,4,1
3777,1,0,2,0
3778,0,2,6,1
3779,0,0,1,1
3780,4,5,8,2
3781,1,1,2,1
3782,1,0,1,1
3783,1,0,6,0
3784,0,0,5,0
3785,1,0,4,0
3786,0,0,6,1
3787,2,1,2,2
3788,3,2,2,0
3789,0,3,4,0
3790,2,5,11,3
3791,0,3,5,0
3792,2,0,2,1
3793,2,0,4,1
3794,1,0,4,0
3795,3,3,1,1
3796,3,0,6,1
3797,1,1,1,0
3798,4,2,13,1
3799,3,1,1,1
3800,4,0,5,0
3801,6,4,6,2
3802,2,1,5,1
3803,4,2,12,2
3804,2,0,4,1
3805,1,0,4,0
3806,4,3,11,1
3807,1,0,5,1
3808,2,3,7,4
3809,1,1,2,0
3810,1,0,6,0
3811,3,4,8,4
3812,1,1,6,0
3813,0,1,2,2
3814,0,1,6,1
3815,3,3,13,1
3816,1,2,3,0
3817,4,3,11,3
3818,2,4,10,2
3819,3,2,6,0
3820,5,3,10,1
3821,0,3,4,0
3822,4,0,3,3
3823,1,3,3,0
3824,7,3,9,1
3825,2,2,5,2
3826,3,0,6,0
3827,3,3,13,4
3828,0,1,3,1
3829,1,0,5,1
3830,1,0,5,0
3831,2,1,4,2
3832,3,0,5,1
3833,4,0,2,0
3834,1,1,6,1
3835,3,1,5,0
3836,1,4,11,4
3837,0,3,2,0
3838,4,2,14,2
3839,0,2,1,2
3840,0,0,4,3
3841,4,2,7,3
3842,1,1,6,0
3843,1,0,3,0
3844,2,1,1,0
3845,0,0,6,0
3846,1,1,6,0
3847,3,6,8,3
3848,4,3,5,1
3849,6,3,14,2
3850,8,4,13,3
3851,0,3,4,0
3852,4,1,5,0
3853,0,2,2,0
3854,1,0,1,0
3855,0,3,5,1
3856,0,1,4,0
3857,2,2,6,1
3858,3,5,14,2
3859,0,0,6,1
3860,1,1,3,0
3861,1,1,2,0
3862,0,1,1,1
3863,1,1,4,0
3864,2,2,3,0
3865,0,2,3,0
3866,0,1,5,1
3867,5,3,13,1
3868,4,3,10,4
3869,3,6,8,2
3870,3,0,5,1
3871,0,0,1,0
3872,0,0,6,0
3873,3,2,5,1
3874,1,2,5,2
3875,2,0,2,1
3876,6,3,14,0
3877,1,6,12,3
3878,1,3,4,1
3879,1,1,1,1
3880,2,1,1,0
3881,1,5,7,0
3882,4,0,2,0
3883,2,2,2,3
3884,2,1,6,1
3885,0,0,4,0
3886,2,0,2,0
3887,1,2,6,2
3888,4,1,5,3
3889,4,1,10,3
3890,0,1,2,1
3891,2,0,2,0
3892,6,2,14,1
3893,1,1,2,0
3894,4,0,4,1
3895,1,0,2,0
3896,0,2,5,0
3897,1,1,5,2
3898,5,3,5,3
3899,1,1,5,0
3900,5,3,14,1
3901,3,0,1,1
3902,4,0,6,2
3903,1,3,9,2
3904,3,0,1,0
3905,0,0,4,3
3906,2,1,5,3
3907,1,3,3,0
3908,1,0,1,1
3909,3,0,4,0
3910,1,0,1,0
3911,1,1,2,3
3912,1,2,1,1
3913,4,0,4,0
3914,6,5,8,2
3915,0,0,6,2
3916,1,1,4,1
3917,3,1,3,2
3918,3,2,7,2
3919,1,2,2,2
3920,1,3,11,1
3921,2,1,2,0
3922,0,0,5,1
3923,0,3,3,0
3924,0,0,1,0
3925,1,0,4,1
3926,0,1,1,2
3927,0,0,4,0
3928,0,0,3,1
3929,1,3,5,2
3930,3,0,5,2
3931,1,0,6,2
3932,1,0,2,0
3933,1,1,2,0
3934,5,2,10,3
3935,1,0,2,1
3936,1,1,2,2
3937,6,4,10,1
3938,4,6,6,2
3939,1,1,5,0
3940,3,4,11,2
3941,3,1,2,0
3942,3,0,2,0
3943,2,2,4,0
3944,6,3,12,2
3945,1,1,2,1
3946,4,1,2,1
3947,0,2,5,2
3948,2,2,2,1
3949,1,3,1,1
3950,1,0,6,1
3951,1,1,4,2
3952,6,2,13,3
3953,1,0,5,2
3954,0,0,3,0
3955,1,0,1,0
3956,1,2,2,0
3957,0,0,2,1
3958,1,1,4,1
3959,1,1,4,1
3960,3,4,11,4
3961,4,0,3,1
3962,2,3,14,3
3963,3,2,2,3
3964,4,1,4,1
3965,2,0,3,1
3966,0,2,1,1
3967,7,2,14,0
3968,2,1,6,1
3969,0,3,5,0
3970,3,0,1,1
3971,2,1,2,1
3972,2,0,6,0
3973,0,1,3,0
3974,2,4,11,2
3975,4,0,4,1
3976,0,1,2,0
3977,0,1,6,0
3978,1,1,3,1
3979,4,2,6,2
3980,2,0,2,0
3981,2,1,4,0
3982,1,1,3,0
3983,4,3,5,0
3984,1,3,2,2
3985,3,2,11,2
3986,1,1,5,1
3987,1,0,1,0
3988,0,1,6,0
3989,1,1,1,1
3990,3,1,5,1
3991,1,2,2,2
3992,5,2,9,2
3993,1,1,1,1
3994,5,3,13,1
3995,1,1,5,0
3996,0,0,3,2
3997,1,1,2,0
3998,1,0,3,1
3999,5,2,14,2
4000,1,2,2,0
4001,1,1,1,1
4002,1,3,3,0
4003,3,1,6,1
4004,1,0,3,2
4005,2,3,1,1
4006,4,4,13,1
4007,5,2,5,1
4008,2,5,14,2
4009,2,0,1,1
4010,4,1,1,0
4011,1,3,1,1
4012,0,1,4,1
4013,0,1,1,0
4014,0,0,2,2
4015,0,0,2,1
4016,0,3,1,2
4017,4,2,11,1
4018,1,1,3,2
4019,0,2,6,0
4020,1,0,1,1
4021,1,0,1,2
4022,8,4,8,4
4023,1,0,2,3
4024,4,1,2,0
4025,1,1,1,1
4026,0,1,1,0
4027,1,0,2,3
4028,4,5,14,2
4029,1,0,4,0
4030,2,0,6,1
4031,2,0,1,0
4032,1,1,5,0
4033,1,3,14,2
4034,2,1,4,0
4035,1,3,4,0
4036,2,1,3,0
4037,2,0,5,0
4038,2,2,2,1
4039,6,3,6,3
4040,2,1,3,1
4041,1,2,5,1
4042,0,1,3,1
4043,2,1,3,0
4044,1,0,4,1
4045,0,0,5,0
4046,0,0,6,0
4047,1,1,1,1
4048,0,1,3,1
4049,2,1,3,0
4050,2,1,5,2
4051,0,1,3,0
4052,3,2,4,0
4053,1,0,4,0
4054,1,0,2,2
4055,2,4,11,0
4056,2,0,3,0
4057,5,4,14,3
4058,1,1,3,2
4059,0,3,4,1
4060,2,0,4,0
4061,3,1,5,0
4062,2,0,5,0
4063,1,4,12,3
4064,1,1,6,0
4065,5,6,6,3
4066,2,1,1,0
4067,2,0,2,1
4068,2,0,4,3
4069,0,0,2,1
4070,0,2,1,2
4071,1,1,2,0
4072,2,2,5,0
4073,2,0,6,1
4074,3,3,7,2
4075,0,2,2,3
4076,1,0,5,0
4077,2,1,2,0
4078,1,2,4,1
4079,1,1,5,0
4080,0,3,3,2
4081,5,2,12,2
4082,1,1,2,1
4083,2,0,3,0
4084,1,2,2,1
4085,1,2,2,2
4086,2,0,6,0
4087,4,1,1,0
4088,1,0,5,1
4089,4,0,5,0
4090,2,4,8,3
4091,1,1,6,0
4092,3,4,7,3
4093,1,1,6,1
4094,1,1,6,0
4095,0,3,2,0
4096,0,0,3,0
4097,0,0,5,0
4098,1,3,4,2
4099,1,0,5,2
4100,2,1,5,0
4101,0,1,5,1
4102,1,1,3,2
4103,1,0,6,0
4104,1,1,4,1
4105,5,3,6,3
4106,2,6,7,2
4107,4,2,10,3
4108,2,0,5,1
4109,2,0,5,2
4110,1,0,5,2
4111,4,2,13,4
4112,1,2,4,0
4113,4,2,7,0
4114,1,0,5,3
4115,3,1,6,1
4116,0,1,3,0
4117,1,0,1,0
4118,0,0,3,0
4119,1,1,2,1
4120,0,1,3,0
4121,4,0,6,1
4122,6,2,7,3
4123,1,1,6,1
4124,0,1,6,2
4125,2,3,10,2
4126,4,2,5,1
4127,1,0,1,1
4128,2,3,8,2
4129,1,1,2,0
4130,0,0,3,0
4131,3,4,14,0
4132,2,3,3,0
4133,2,0,4,0
4134,1,1,1,0
4135,2,0,1,1
4136,4,3,12,2
4137,3,3,2,1
4138,1,0,6,0
4139,1,1,6,1
4140,4,0,5,0
4141,2,3,3,0
4142,4,2,11,0
4143,0,0,3,0
4144,1,0,1,0
4145,5,6,7,0
4146,2,1,3,1
4147,1,0,5,1
4148,6,5,10,2
4149,1,0,4,2
4150,6,2,10,1
4151,4,1,5,1
4152,2,0,2,0
4153,1,1,2,2
4154,1,3,3,1
4155,4,4,9,3
4156,0,2,1,0
4157,2,2,4,0
4158,1,1,4,1
4159,0,1,6,0
4160,3,1,6,2
4161,2,1,6,1
4162,4,4,9,2
4163,2,1,3,0
4164,1,0,3,3
4165,4,1,13,1
4166,7,3,5,2
4167,3,3,5,2
4168,3,0,2,2
4169,1,0,2,2
4170,0,0,6,1
4171,1,3,5,0
4172,2,3,5,3
4173,2,1,6,1
4174,1,0,3,0
4175,0,0,2,0
4176,4,1,13,1
4177,5,3,7,2
4178,2,1,1,0
4179,3,0,2,2
4180,1,3,2,2
4181,1,1,3,0
4182,4,3,10,3
4183,2,1,2,2
4184,0,1,4,1
4185,1,1,3,2
4186,1,0,5,1
4187,1,0,3,1
4188,2,0,5,0
4189,1,0,6,1
4190,2,0,1,1
4191,0,1,5,0
4192,3,1,6,1
4193,1,0,1,0
4194,2,4,10,3
4195,2,0,6,0
4196,4,2,14,3
4197,3,4,9,3
4198,2,0,4,1
4199,2,1,2,1
4200,1,0,4,0
4201,2,0,5,1
4202,2,1,3,0
4203,0,1,2,1
4204,1,1,6,0
4205,2,4,14,3
4206,1,0,4,0
4207,1,0,3,0
4208,1,1,5,1
4209,0,3,5,0
4210,8,6,14,2
4211,3,3,6,0
4212,1,0,1,2
4213,4,3,10,2
4214,1,0,3,1
4215,2,1,5,0
4216,0,0,4,3
4217,1,2,4,1
4218,1,0,6,1
4219,3,3,9,2
4220,0,3,3,0
4221,7,3,13,2
4222,4,5,9,1
4223,2,4,14,2
4224,2,0,5,0
4225,0,1,5,0
4226,3,4,14,0
4227,1,0,4,2
4228,3,0,6,2
4229,3,2,5,3
4230,0,1,6,0
4231,1,0,4,1
4232,5,1,14,2
4233,6,4,8,1
4234,1,3,1,0
4235,0,0,2,0
4236,1,0,1,0
4237,2,2,6,0
4238,4,3,14,1
4239,4,3,10,1
4240,0,3,2,3
4241,1,2,1,2
4242,0,2,3,2
4243,3,6,9,2
4244,3,1,1,2
4245,1,1,3,0
4246,0,2,4,1
4247,0,0,5,0
4248,1,1,5,0
4249,0,1,2,1
4250,0,0,6,1
4251,4,4,13,0
4252,1,1,5,0
4253,0,3,4,2
4254,3,1,5,0
4255,2,3,6,0
4256,1,0,6,0
4257,1,1,4,0
4258,1,0,5,1
4259,0,2,4,0
4260,5,1,8,2
4261,3,2,13,1
4262,0,0,6,1
4263,5,4,6,2
4264,3,3,6,1
4265,2,2,6,1
4266,1,1,2,3
4267,2,3,14,1
4268,1,2,2,1
4269,3,1,7,1
4270,2,1,3,1
4271,1,2,4,1
4272,0,1,1,1
4273,8,2,7,1
4274,5,4,14,2
4275,2,0,1,0
4276,0,0,2,3
4277,1,0,1,0
4278,1,0,6,2
4279,2,1,1,1
4280,3,1,3,1
4281,2,3,7,4
4282,3,0,5,2
4283,4,2,5,0
4284,1,1,1,0
4285,4,2,2,0
4286,2,2,6,0
4287,7,2,10,1
4288,1,0,5,1
4289,3,2,4,0
4290,3,1,4,0
4291,2,0,4,1
4292,2,1,6,0
4293,6,4,12,2
4294,4,0,6,1
4295,3,0,6,1
4296,3,0,6,1
4297,2,1,3,0
4298,1,0,3,1
4299,0,0,5,0
4300,3,0,5,1
4301,1,3,3,1
4302,1,0,1,0
4303,1,1,2,0
4304,0,1,5,1
4305,2,2,5,0
4306,1,0,3,1
4307,1,1,2,2
4308,0,2,4,2
4309,0,0,1,0
4310,1,0,5,1
4311,2,2,5,0
4312,3,1,3,0
4313,4,2,9,1
4314,3,1,6,1
4315,2,1,6,0
4316,2,0,6,1
4317,3,2,7,1
4318,1,3,14,3
4319,2,0,1,2
4320,0,0,4,0
4321,1,0,4,0
4322,3,5,13,2
4323,0,0,1,1
4324,2,0,6,0
4325,1,1,2,0
4326,4,1,7,1
4327,2,1,5,1
4328,4,1,1,0
4329,0,0,1,1
4330,1,0,3,0
4331,0,0,2,0
4332,1,1,6,3
4333,1,2,2,0
4334,2,0,1,0
4335,2,1,4,0
4336,4,1,3,1
4337,5,5,12,3
4338,0,2,4,2
4339,0,1,5,2
4340,1,1,4,1
4341,4,2,2,0
4342,4,1,1,1
4343,1,2,2,0
4344,3,3,5,0
4345,0,1,4,1
4346,3,1,5,1
4347,0,3,3,0
4348,1,2,1,1
4349,4,0,4,2
4350,3,3,8,2
4351,2,0,5,0
4352,4,1,4,0
4353,1,1,1,1
4354,1,1,5,0
4355,0,0,1,3
4356,0,3,6,0
4357,1,1,3,0
4358,1,0,2,0
4359,1,3,3,1
4360,5,4,6,2
4361,0,0,4,1
4362,0,3,6,0
4363,2,0,3,1
4364,2,0,5,0
4365,0,0,5,0
4366,0,0,2,1
4367,0,0,6,0
4368,1,3,8,2
4369,2,3,3,1
4370,0,3,3,1
4371,1,1,5,2
4372,1,0,3,1
4373,1,1,3,0
4374,3,1,1,3
4375,4,1,6,0
4376,1,2,1,3
4377,3,1,4,0
4378,0,0,5,2
4379,3,3,9,2
4380,2,0,3,2
4381,0,1,5,0
4382,1,3,6,2
4383,0,2,6,1
4384,4,0,1,1
4385,3,3,10,1
4386,1,0,3,0
4387,4,4,10,3
4388,1,1,3,3
4389,1,1,2,2
4390,0,1,5,0
4391,0,1,5,2
4392,1,1,2,0
4393,0,0,4,2
4394,2,1,6,2
4395,3,1,2,0
4396,2,0,2,1
4397,1,1,2,0
4398,0,1,3,1
4399,7,2,11,2
4400,0,2,5,0
4401,0,0,4,0
4402,4,1,2,1
4403,1,1,1,0
4404,1,0,5,2
4405,1,0,5,0
4406,1,2,1,2
4407,1,0,6,0
4408,1,2,1,1
4409,1,0,5,2
4410,3,0,6,2
4411,0,1,6,1
4412,4,1,3,2
4413,2,3,6,1
4414,0,2,2,0
4415,3,0,3,1
4416,7,3,7,4
4417,3,1,1,1
4418,4,1,1,0
4419,1,1,2,1
4420,0,0,6,0
4421,0,1,1,1
4422,4,2,12,2
4423,3,1,6,1
4424,2,0,1,2
4425,0,1,6,0
4426,0,2,6,0
4427,3,2,9,2
4428,2,0,5,1
4429,1,0,1,1
4430,3,2,6,1
4431,1,0,5,1
4432,8,2,14,2
4433,2,1,1,3
4434,6,2,12,3
4435,1,2,3,1
4436,1,0,4,2
4437,4,4,8,2
4438,4,4,12,1
4439,1,1,5,1
4440,4,0,1,0
4441,1,1,1,2
4442,1,1,2,0
4443,3,0,1,0
4444,1,0,4,1
4445,4,3,13,2
4446,2,1,3,2
4447,1,1,3,0
4448,1,2,5,1
4449,5,4,11,1
4450,1,0,2,0
4451,2,2,3,1
4452,1,0,6,2
4453,1,1,2,1
4454,2,1,6,0
4455,1,1,5,0
4456,1,1,5,1
4457,0,0,5,0
4458,3,2,14,2
4459,1,0,5,0
4460,2,0,1,0
4461,1,1,3,0
4462,1,1,12,2
4463,1,1,5,0
4464,1,2,11,2
4465,1,3,3,0
4466,6,1,14,1
4467,1,1,3,0
4468,3,1,5,1
4469,2,0,5,2
4470,0,0,5,2
4471,0,0,1,1
4472,1,4,10,2
4473,0,1,2,1
4474,1,1,5,2
4475,7,3,8,2
4476,4,5,11,0
4477,8,2,6,2
4478,2,0,5,0
4479,2,3,11,3
4480,2,3,3,1
4481,0,0,5,0
4482,1,2,1,0
4483,0,0,2,1
4484,1,3,5,0
4485,1,0,6,2
4486,1,0,3,0
4487,2,0,1,2
4488,0,2,2,0
4489,1,2,6,0
4490,4,0,2,0
4491,0,1,1,1
4492,0,1,4,1
4493,4,4,9,1
4494,6,1,13,2
4495,0,2,6,0
4496,1,1,5,0
4497,6,3,10,2
4498,0,0,4,0
4499,1,0,1,0
4500,1,2,2,0
4501,1,3,6,2
4502,2,1,4,0
4503,5,3,14,4
4504,3,3,10,1
4505,1,1,3,0
4506,1,2,6,2
4507,2,3,1,0
4508,5,3,8,4
4509,4,1,4,2
4510,0,1,1,2
4511,3,2,4,0
4512,0,2,3,0
4513,1,0,2,2
4514,1,1,5,0
4515,0,1,1,2
4516,8,6,11,1
4517,3,2,9,3
4518,1,0,2,0
4519,2,2,3,2
4520,0,0,1,0
4521,1,1,3,0
4522,3,0,2,1
4523,7,5,5,2
4524,5,4,14,1
4525,6,5,8,1
4526,2,0,6,0
4527,1,1,5,0
4528,5,3,8,1
4529,0,0,1,0
4530,1,0,5,2
4531,2,3,6,2
4532,1,1,6,0
4533,0,1,1,2
4534,2,1,4,0
4535,2,0,1,1
4536,3,1,12,2
4537,2,1,11,2
4538,3,0,4,1
4539,4,1,5,1
4540,0,2,6,0
4541,1,3,4,1
4542,4,2,13,2
4543,1,2,3,0
4544,1,2,2,0
4545,5,2,5,1
4546,0,0,4,0
4547,0,1,1,0
4548,3,1,5,1
4549,4,0,3,2
4550,4,4,10,1
4551,0,1,1,0
4552,2,0,5,0
4553,4,5,5,0
4554,2,1,6,3
4555,1,0,3,1
4556,1,0,5,0
4557,7,3,8,1
4558,6,2,6,0
4559,1,3,6,0
4560,0,1,6,0
4561,7,1,5,2
4562,1,1,5,0
4563,4,4,12,4
4564,2,1,5,2
4565,1,1,4,1
4566,1,2,3,3
4567,3,1,6,2
4568,0,0,3,1
4569,1,0,2,2
4570,1,1,4,0
4571,0,1,4,1
4572,4,2,3,1
4573,4,3,9,2
4574,1,1,4,0
4575,0,1,2,1
4576,1,0,2,0
4577,4,2,5,2
4578,3,1,1,0
4579,0,1,3,2
4580,3,5,7,2
4581,0,0,4,2
4582,1,3,3,0
4583,1,0,1,1
4584,1,0,3,0
4585,1,0,3,0
4586,2,1,1,0
4587,2,0,3,1
4588,0,1,3,1
4589,0,0,6,0
4590,1,1,2,0
4591,1,1,4,1
4592,3,3,5,3
4593,2,3,5,2
4594,0,0,1,0
4595,1,2,4,0
4596,3,3,8,2
4597,1,1,5,0
4598,0,3,2,0
4599,4,2,6,3
4600,0,1,1,0
4601,2,3,12,1
4602,0,1,5,2
4603,1,0,4,0
4604,0,1,4,2
4605,0,0,4,0
4606,3,0,3,1
4607,1,1,1,0
4608,0,2,3,1
4609,2,4,11,2
4610,2,0,5,1
4611,2,1,3,1
4612,1,1,4,1
4613,4,3,11,2
4614,0,0,6,0
4615,2,0,5,1
4616,2,0,6,0
4617,0,1,1,2
4618,3,0,6,2
4619,1,1,1,1
4620,2,0,6,0
4621,4,0,1,1
4622,0,0,5,1
4623,1,1,3,1
4624,3,3,13,3
4625,0,0,3,0
4626,2,0,4,1
4627,1,2,5,1
4628,1,3,6,1
4629,1,1,3,1
4630,3,1,5,0
4631,5,3,14,1
4632,1,0,3,1
4633,1,0,5,2
4634,0,0,4,0
4635,3,3,12,2
4636,1,1,1,0
4637,4,5,7,1
4638,0,0,5,0
4639,0,0,2,0
4640,0,3,2,2
4641,2,2,7,3
4642,1,1,6,0
4643,5,4,5,1
4644,1,2,3,0
4645,5,2,13,2
4646,1,0,1,0
4647,0,1,2,0
4648,5,5,6,0
4649,1,0,6,0
4650,1,0,5,1
4651,0,0,6,1
4652,6,5,7,2
4653,3,0,3,0
4654,0,2,2,0
4655,4,1,3,0
4656,1,0,5,1
4657,2,1,6,1
4658,0,0,5,0
4659,0,3,2,0
4660,5,4,13,1
4661,1,0,1,0
4662,0,0,6,2
4663,2,3,1,0
4664,0,0,6,2
4665,1,0,1,0
4666,1,0,6,0
4667,0,0,2,0
4668,1,0,1,2
4669,0,1,3,0
4670,1,1,1,1
4671,1,1,1,1
4672,2,0,1,0
4673,1,3,4,0
4674,5,5,13,1
4675,2,3,2,1
4676,1,0,5,0
4677,0,0,4,0
4678,5,2,12,2
4679,0,0,3,0
4680,0,0,5,2
4681,0,0,2,1
4682,7,3,5,4
4683,4,4,10,2
4684,2,1,3,0
4685,1,3,5,1
4686,0,1,4,2
4687,3,1,3,0
4688,1,3,6,1
4689,3,4,5,3
4690,3,1,2,0
4691,0,1,4,3
4692,1,1,3,2
4693,3,3,14,2
4694,1,1,1,2
4695,2,3,6,0
4696,3,2,7,2
4697,2,0,4,1
4698,1,1,1,2
4699,2,0,6,3
4700,1,0,1,1
4701,1,2,6,2
4702,2,2,5,2
4703,2,1,3,1
4704,0,1,3,0
4705,5,3,5,1
4706,0,0,6,1
4707,1,0,2,0
4708,3,2,5,0
4709,6,3,10,2
4710,6,4,13,1
4711,6,3,14,4
4712,0,1,4,3
4713,1,1,4,0
4714,2,2,1,1
4715,4,3,6,2
4716,2,1,3,0
4717,4,4,8,1
4718,0,0,3,0
4719,2,1,3,1
4720,5,5,12,0
4721,1,1,2,0
4722,7,5,13,0
4723,0,0,2,0
4724,1,1,5,2
4725,2,1,2,1
4726,2,0,1,0
4727,1,0,6,2
4728,0,1,4,1
4729,1,0,2,1
4730,1,1,4,3
4731,0,0,2,1
4732,0,1,4,0
4733,2,1,5,0
4734,1,1,6,3
4735,4,1,5,0
4736,0,0,3,0
4737,6,2,6,0
4738,1,0,4,1
4739,1,2,3,0
4740,1,3,6,2
4741,4,4,11,0
4742,3,1,3,0
4743,1,0,1,2
4744,1,2,6,1
4745,1,0,3,1
4746,1,0,6,0
4747,3,0,5,1
4748,6,2,9,2
4749,1,0,6,1
4750,2,0,4,0
4751,2,1,2,0
4752,3,0,5,2
4753,1,0,3,0
4754,4,5,6,2
4755,8,4,14,1
4756,1,0,2,0
4757,4,3,5,1
4758,0,1,4,0
4759,1,1,4,0
4760,1,2,4,0
4761,2,1,4,0
4762,0,1,3,1
4763,2,0,3,1
4764,0,1,2,0
4765,2,3,6,3
4766,1,0,5,1
4767,1,0,1,2
4768,2,0,4,1
4769,2,0,2,0
4770,0,0,1,0
4771,1,2,6,1
4772,0,3,3,0
4773,2,1,3,0
4774,4,1,6,2
4775,3,1,5,0
4776,1,0,3,0
4777,0,2,2,0
4778,1,1,4,1
4779,7,3,12,3
4780,5,3,13,2
4781,1,1,4,1
4782,1,0,5,2
4783,2,0,5,0
4784,1,3,6,0
4785,1,3,1,1
4786,4,6,5,2
4787,1,0,3,3
4788,1,2,4,0
4789,1,0,1,1
4790,0,1,5,1
4791,1,0,3,0
4792,2,1,3,3
4793,5,2,14,1
4794,3,2,4,2
4795,1,0,2,0
4796,1,1,6,0
4797,2,2,2,0
4798,3,0,1,1
4799,5,3,13,2
4800,1,2,3,2
4801,1,1,3,2
4802,1,0,2,0
4803,1,1,3,1
4804,1,2,3,1
4805,2,1,3,2
4806,0,3,4,1
4807,0,1,4,0
4808,1,0,4,0
4809,4,0,2,1
4810,2,0,6,0
4811,3,1,5,0
4812,4,2,6,3
4813,3,3,6,0
4814,0,2,4,0
4815,0,1,3,0
4816,4,4,8,2
4817,1,1,6,0
4818,2,0,4,1
4819,1,2,2,1
4820,1,1,2,0
4821,1,1,1,2
4822,0,2,3,2
4823,1,1,3,0
4824,1,0,2,1
4825,0,1,5,1
4826,1,0,3,2
4827,2,1,3,0
4828,1,1,6,0
4829,3,2,5,1
4830,0,0,5,2
4831,6,4,14,2
4832,0,2,6,0
4833,0,0,2,0
4834,1,0,4,1
4835,6,3,11,2
4836,2,1,4,3
4837,3,0,4,1
4838,7,3,14,2
4839,3,1,3,0
4840,1,0,5,2
4841,4,4,6,1
4842,0,2,3,0
4843,0,0,6,1
4844,1,1,3,2
4845,3,0,2,0
4846,0,1,1,0
4847,0,2,5,0
4848,0,0,1,2
4849,0,0,6,0
4850,2,1,3,2
4851,1,1,2,1
4852,1,3,3,0
4853,0,2,5,0
4854,1,2,6,0
4855,1,0,3,1
4856,1,1,5,1
4857,0,1,1,0
4858,0,1,2,0
4859,5,1,5,2
4860,4,0,6,0
4861,0,1,3,3
4862,2,2,14,2
4863,2,3,6,1
4864,4,2,1,0
4865,0,1,2,0
4866,0,1,5,0
4867,4,0,4,0
4868,0,0,5,2
4869,3,0,1,2
4870,5,3,13,1
4871,1,2,6,0
4872,2,1,2,0
4873,2,0,2,1
4874,0,1,5,1
4875,4,3,4,0
4876,1,0,6,1
4877,3,2,3,0
4878,2,0,6,2
4879,0,0,6,0
4880,7,3,12,1
4881,0,0,4,0
4882,2,1,5,1
4883,0,2,5,0
4884,2,1,4,0
4885,4,0,2,0
4886,4,4,12,1
4887,5,2,14,4
4888,4,4,11,2
4889,5,1,11,3
4890,2,2,5,0
4891,2,0,2,0
4892,1,0,3,0
4893,1,3,3,0
4894,4,4,12,2
4895,1,1,1,2
4896,3,1,4,1
4897,0,2,3,0
4898,1,1,2,0
4899,1,1,1,1
4900,6,2,7,3
4901,2,2,1,0
4902,0,2,5,1
4903,2,1,5,0
4904,0,0,5,0
4905,1,0,2,0
4906,3,0,6,1
4907,2,0,6,0
4908,1,3,5,1
4909,1,2,3,0
4910,6,1,7,3
4911,1,1,4,1
4912,4,3,13,0
4913,1,0,3,1
4914,0,0,4,0
4915,1,3,3,0
4916,3,1,1,0
4917,4,2,14,4
4918,6,1,7,2
4919,1,0,1,1
4920,2,4,12,2
4921,1,2,1,0
4922,0,0,2,0
4923,3,1,4,0
4924,0,0,5,1
4925,0,0,6,1
4926,2,1,1,1
4927,2,2,5,0
4928,1,0,2,1
4929,0,0,6,1
4930,1,1,4,0
4931,4,1,5,1
4932,2,2,6,3
4933,4,1,6,0
4934,0,1,6,0
4935,0,0,3,2
4936,0,0,5,0
4937,1,0,1,3
4938,0,0,6,0
4939,1,0,2,1
4940,1,0,5,2
4941,1,1,6,0
4942,1,1,5,3
4943,1,6,11,2
4944,3,3,5,1
4945,0,1,1,0
4946,2,3,6,0
4947,4,1,4,0
4948,7,4,6,1
4949,0,1,1,0
4950,0,1,1,1
4951,1,1,6,1
4952,1,1,6,1
4953,3,3,12,2
4954,5,3,10,3
4955,1,0,2,2
4956,3,4,9,1
4957,1,0,6,1
4958,0,1,2,0
4959,6,3,10,3
4960,2,0,3,1
4961,2,6,13,1
4962,3,0,1,2
4963,0,0,3,0
4964,0,0,6,2
4965,2,3,1,1
4966,2,1,14,3
4967,1,1,1,1
4968,2,0,6,2
4969,4,4,13,1
4970,2,0,1,0
4971,1,1,6,1
4972,0,1,5,0
4973,3,1,3,0
4974,1,1,1,0
4975,3,1,2,1
4976,1,0,1,0
4977,2,2,1,0
4978,3,3,14,3
4979,3,3,5,0
4980,1,1,2,0
4981,1,1,4,1
4982,3,0,5,0
4983,0,2,1,0
4984,4,1,1,2
4985,1,1,5,0
4986,0,2,3,1
4987,1,1,4,0
4988,1,0,6,1
4989,2,0,1,1
4990,2,0,3,1
4991,1,3,14,4
4992,0,0,1,0
4993,2,2,1,1
4994,1,1,3,1
4995,3,1,3,0
4996,1,1,6,0
4997,1,0,1,0
4998,3,2,14,1
4999,5,2,13,0
5000,1,1,5,0
5001,2,0,5,1
5002,3,2,6,0
5003,2,1,3,2
5004,0,3,2,0
5005,1,1,3,0
5006,6,2,14,1
5007,0,2,4,1
5008,1,1,2,2
5009,0,0,1,2
5010,1,2,6,0
5011,0,2,2,0
5012,0,0,2,2
5013,1,3,3,0
5014,1,1,6,0
5015,1,3,12,1
5016,1,1,3,2
5017,4,0,4,0
5018,3,1,1,0
5019,0,0,3,1
5020,0,0,2,0
5021,3,0,1,1
5022,3,1,6,1
5023,2,2,4,0
5024,0,1,1,0
5025,3,0,6,2
5026,7,3,14,3
5027,1,1,6,2
5028,4,0,5,1
5029,2,1,2,1
5030,2,0,5,0
5031,0,1,6,1
5032,2,2,1,0
5033,1,0,4,1
5034,2,1,6,3
5035,5,6,12,1
5036,3,1,5,0
5037,0,1,5,0
5038,1,0,6,0
5039,0,0,1,1
5040,1,0,6,2
5041,0,1,3,3
5042,1,2,2,0
5043,2,4,11,3
5044,1,2,3,1
5045,5,1,11,2
5046,1,0,4,3
5047,3,1,5,0
5048,3,3,6,2
5049,2,0,4,1
5050,3,0,6,1
5051,1,0,6,2
5052,0,1,5,2
5053,1,0,3,1
5054,0,0,6,0
5055,0,1,3,2
5056,0,0,5,2
5057,3,1,4,0
5058,1,3,4,1
5059,0,1,6,1
5060,1,2,12,1
5061,0,1,3,1
5062,1,0,4,0
5063,1,0,1,0
5064,0,2,1,1
5065,4,3,14,1
5066,3,4,5,3
5067,0,1,6,1
5068,8,3,14,3
5069,1,1,3,0
5070,1,0,1,1
5071,0,0,4,1
5072,1,0,1,2
5073,0,1,2,0
5074,1,1,2,0
5075,0,0,4,2
5076,1,0,1,2
5077,3,0,5,0
5078,2,0,5,2
5079,4,0,1,1
5080,1,0,2,1
5081,5,4,8,1
5082,2,3,6,0
5083,4,1,1,2
5084,3,3,6,3
5085,2,1,12,2
5086,4,0,5,0
5087,3,5,10,1
5088,0,0,3,1
5089,3,5,5,1
5090,0,0,1,2
5091,0,0,2,0
5092,4,3,13,2
5093,0,0,6,2
5094,2,1,2,0
5095,3,4,8,2
5096,1,2,2,1
5097,1,2,5,0
5098,1,0,6,0
5099,0,0,4,0
5100,3,1,14,1
5101,1,0,6,0
5102,2,3,6,0
5103,0,1,2,0
5104,2,1,3,2
5105,0,0,2,1
5106,1,2,3,0
5107,4,3,8,0
5108,1,3,4,1
5109,0,1,1,0
5110,3,2,6,0
5111,1,0,1,1
5112,1,0,1,0
5113,0,0,3,0
5114,0,2,1,0
5115,2,0,6,3
5116,1,1,4,0
5117,1,2,5,0
5118,0,2,6,1
5119,2,1,5,0
5120,6,2,6,2
5121,5,2,9,2
5122,1,1,6,1
5123,3,0,2,1
5124,3,5,14,1
5125,6,2,6,2
5126,0,0,4,0
5127,1,0,5,0
5128,1,1,3,0
5129,2,0,3,0
5130,1,1,6,1
5131,0,2,4,1
5132,1,1,4,0
5133,0,1,2,2
5134,1,3,4,2
5135,1,3,6,0
5136,0,3,1,2
5137,2,1,5,0
5138,2,1,4,0
5139,2,1,3,1
5140,1,0,5,0
5141,7,3,14,1
5142,1,1,1,0
5143,3,2,4,0
5144,3,0,3,1
5145,4,1,2,1
5146,1,1,3,2
5147,3,2,2,0
5148,7,3,8,1
5149,0,1,2,0
5150,0,2,1,1
5151,6,6,9,3
5152,0,0,3,2
5153,1,0,4,2
5154,4,3,10,5
5155,0,1,3,0
5156,0,2,5,1
5157,7,1,6,3
5158,1,0,2,0
5159,1,0,2,1
5160,3,4,10,2
5161,2,1,1,3
5162,3,2,11,2
5163,2,3,6,1
5164,1,0,1,0
5165,3,0,2,0
5166,1,1,3,1
5167,3,3,13,2
5168,4,0,5,0
5169,3,0,4,1
5170,0,1,6,2
5171,0,1,4,1
5172,3,2,6,2
5173,1,3,1,3
5174,1,1,3,1
5175,5,4,10,2
5176,1,0,2,2
5177,3,0,6,2
5178,2,1,6,0
5179,1,1,5,1
5180,0,0,6,0
5181,6,3,7,2
5182,1,0,3,1
5183,3,4,13,0
5184,2,0,3,1
5185,1,1,5,1
5186,0,2,2,1
5187,4,4,8,1
5188,2,0,5,1
5189,1,1,6,1
5190,4,3,10,4
5191,1,1,3,0
5192,6,3,13,3
5193,3,3,5,0
5194,4,3,8,1
5195,0,0,4,0
5196,4,0,5,3
5197,0,0,4,1
5198,0,1,3,2
5199,6,3,10,3
5200,4,1,6,1
5201,3,2,5,4
5202,1,2,3,0
5203,4,5,7,4
5204,1,2,3,1
5205,1,1,5,0
5206,7,3,7,1
5207,1,0,3,0
5208,1,2,4,1
5209,0,0,5,1
5210,1,0,2,2
5211,3,4,13,2
5212,0,3,1,2
5213,0,1,5,0
5214,3,1,5,3
5215,2,0,6,0
5216,4,1,13,2
5217,4,0,1,1
5218,2,0,1,2
5219,3,0,6,0
5220,0,1,1,1
5221,6,6,8,2
5222,1,1,4,0
5223,1,0,2,0
5224,1,0,4,0
5225,2,1,3,0
5226,1,0,3,1
5227,0,1,6,2
5228,1,0,3,0
5229,5,1,10,1
5230,0,0,2,0
5231,0,1,5,0
5232,1,0,6,1
5233,4,1,3,1
5234,5,3,5,1
5235,3,0,5,0
5236,2,1,4,0
5237,8,4,10,2
5238,0,3,4,0
5239,3,1,2,1
5240,1,1,1,2
5241,2,0,6,1
5242,1,1,1,0
5243,0,0,1,0
5244,1,1,4,0
5245,6,4,7,1
5246,0,3,3,0
5247,5,4,7,0
5248,0,0,6,0
5249,3,1,9,2
5250,1,0,6,1
5251,3,4,9,1
5252,1,0,5,0
5253,4,4,11,3
5254,5,3,14,1
5255,3,0,5,0
5256,1,0,1,0
5257,0,0,2,0
5258,2,1,3,0
5259,4,3,7,3
5260,4,0,2,2
5261,4,3,5,1
5262,3,0,1,0
5263,3,3,1,0
5264,1,1,6,0
5265,3,1,1,2
5266,0,0,2,0
5267,2,0,5,2
5268,2,2,3,0
5269,3,3,14,2
5270,3,3,8,3
5271,1,0,2,1
5272,1,0,1,1
5273,5,3,7,5
5274,4,0,6,0
5275,1,0,3,1
5276,3,1,6,0
5277,2,1,3,0
5278,1,3,2,0
5279,1,0,4,1
5280,1,3,6,0
5281,0,3,2,0
5282,3,1,2,1
5283,1,1,5,1
5284,0,0,1,0
5285,0,1,5,2
5286,2,1,2,1
5287,1,3,5,0
5288,4,1,5,2
5289,4,0,1,2
5290,3,3,6,0
5291,0,3,5,1
5292,1,2,2,0
5293,5,3,6,1
5294,5,2,6,2
5295,1,1,2,0
5296,2,1,2,0
5297,3,1,1,0
5298,3,1,4,1
5299,0,2,5,2
5300,4,6,9,1
5301,2,2,4,0
5302,5,5,5,5
5303,2,2,5,2
5304,0,0,5,0
5305,3,1,6,1
5306,0,1,3,2
5307,2,2,4,1
5308,0,0,4,0
5309,2,4,9,2
5310,2,3,3,2
5311,3,3,5,2
5312,1,1,2,1
5313,2,1,2,0
5314,3,1,4,0
5315,5,3,9,1
5316,4,1,6,0
5317,1,2,5,1
5318,0,2,3,0
5319,0,0,3,2
5320,4,4,11,3
5321,2,0,3,1
5322,1,3,6,3
5323,5,1,6,2
5324,4,3,1,1
5325,1,0,5,0
5326,7,2,10,1
5327,2,2,4,1
5328,0,3,1,1
5329,3,1,2,0
5330,7,3,10,0
5331,4,3,6,2
5332,0,1,5,1
5333,1,0,1,2
5334,0,2,4,0
5335,1,1,3,0
5336,1,1,2,1
5337,2,0,4,0
5338,5,2,5,1
5339,5,2,5,3
5340,1,0,1,0
5341,1,2,2,0
5342,0,0,3,0
5343,5,3,10,1
5344,4,2,14,3
5345,0,3,6,1
5346,2,1,1,2
5347,3,2,3,1
5348,3,1,5,0
5349,7,3,13,1
5350,1,0,4,1
5351,0,2,5,0
5352,3,0,1,1
5353,0,1,3,1
5354,4,3,1,0
5355,3,1,3,2
5356,2,0,5,0
5357,3,2,6,2
5358,1,0,1,1
5359,5,2,10,2
5360,0,1,1,2
5361,1,0,1,0
5362,3,2,11,1
5363,0,0,5,3
5364,1,1,6,0
5365,1,1,6,0
5366,4,0,3,0
5367,6,2,14,2
5368,2,2,3,0
5369,2,0,6,0
5370,4,0,3,2
5371,2,2,4,1
5372,0,0,6,0
5373,2,1,4,3
5374,0,0,2,0
5375,2,6,12,1
5376,0,1,3,0
5377,0,0,4,0
5378,2,1,1,3
5379,1,0,6,2
5380,1,1,1,1
5381,1,2,6,0
5382,1,2,2,1
5383,1,0,6,1
5384,0,0,4,2
5385,0,0,6,0
5386,1,0,4,2
5387,1,0,2,0
5388,2,0,4,1
5389,2,1,10,2
5390,4,1,2,2
5391,1,0,1,1
5392,1,2,4,2
5393,1,0,1,0
5394,0,3,3,0
5395,0,0,5,1
5396,0,0,3,2
5397,4,2,5,1
5398,1,1,1,0
5399,2,1,2,0
5400,2,1,5,2
5401,4,1,8,2
5402,1,0,1,2
5403,2,3,1,0
5404,1,1,6,2
5405,2,1,6,0
5406,2,0,2,0
5407,1,4,10,3
5408,1,1,6,0
5409,3,4,11,0
5410,1,0,3,1
5411,1,3,2,0
5412,1,3,7,2
5413,0,2,1,1
5414,2,3,2,0
5415,0,0,2,0
5416,1,3,5,1
5417,2,2,6,0
5418,2,1,4,0
5419,3,1,5,2
5420,2,0,1,2
5421,1,1,4,0
5422,0,1,1,0
5423,3,0,1,2
5424,5,1,11,1
5425,1,1,1,0
5426,3,0,2,0
5427,2,1,5,1
5428,2,0,1,0
5429,0,2,2,0
5430,2,1,3,0
5431,1,0,2,2
5432,2,1,5,0
5433,1,2,2,1
5434,4,3,5,3
5435,2,1,2,3
5436,1,0,3,2
5437,8,2,10,2
5438,3,3,11,2
5439,4,0,1,0
5440,2,1,6,0
5441,2,0,3,1
5442,0,0,6,0
5443,5,4,7,2
5444,1,1,5,0
5445,4,0,1,1
5446,1,2,3,1
5447,2,3,6,2
5448,3,2,10,3
5449,2,1,1,0
5450,4,4,10,2
5451,7,5,6,2
5452,1,0,3,0
5453,0,0,4,1
5454,0,1,6,0
5455,5,5,6,3
5456,2,1,1,1
5457,0,3,6,0
5458,3,3,6,0
5459,1,1,4,0
5460,0,0,6,1
5461,1,1,6,0
5462,4,2,10,2
5463,0,0,1,0
5464,1,2,2,1
5465,0,0,3,0
5466,0,0,1,2
5467,4,2,7,1
5468,2,1,5,3
5469,2,0,6,0
5470,4,0,2,2
5471,2,2,7,2
5472,1,0,6,1
5473,5,3,5,3
5474,0,0,5,1
5475,3,0,6,1
5476,0,2,3,2
5477,0,3,5,0
5478,1,0,4,2
5479,3,3,8,1
5480,1,0,5,1
5481,0,0,1,1
5482,2,2,5,1
5483,1,0,5,2
5484,3,0,5,3
5485,5,3,12,2
5486,0,1,6,0
5487,4,0,5,0
5488,0,3,5,0
5489,2,1,2,0
5490,1,1,5,1
5491,2,2,3,0
5492,2,0,2,0
5493,0,1,3,3
5494,2,0,2,2
5495,5,3,9,0
5496,8,6,13,1
5497,1,0,2,0
5498,2,4,6,3
5499,3,0,5,1
5500,1,2,5,0
5501,3,1,5,1
5502,0,0,1,0
5503,5,6,6,2
5504,4,3,4,0
5505,5,2,9,1
5506,1,0,5,0
5507,0,0,4,2
5508,0,0,5,1
5509,0,0,3,0
5510,2,0,3,1
5511,6,1,11,1
5512,1,0,2,1
5513,2,2,5,0
5514,2,1,2,0
5515,0,1,1,0
5516,0,3,4,0
5517,0,1,5,2
5518,4,3,5,5
5519,0,0,3,0
5520,1,1,4,0
5521,0,1,5,0
5522,5,4,9,2
5523,1,1,9,1
5524,0,1,1,1
5525,1,3,5,0
5526,3,3,3,2
5527,0,1,3,0
5528,0,1,5,0
5529,0,0,1,1
5530,2,0,1,0
5531,2,0,4,1
5532,1,3,4,0
5533,3,1,1,3
5534,6,3,12,2
5535,2,5,5,4
5536,1,0,5,1
5537,3,2,1,0
5538,4,5,8,1
5539,4,3,6,1
5540,4,4,13,3
5541,1,1,3,0
5542,1,1,4,1
5543,0,0,3,1
5544,2,2,6,0
5545,0,3,4,2
5546,3,0,3,1
5547,0,1,4,3
5548,5,4,13,1
5549,7,2,8,1
5550,4,3,10,2
5551,2,0,1,0
5552,2,3,3,0
5553,3,0,4,0
5554,4,4,7,1
5555,0,0,3,1
5556,0,1,3,0
5557,0,1,5,1
5558,0,2,1,2
5559,2,0,4,1
5560,0,1,6,0
5561,1,1,6,1
5562,3,0,5,0
5563,7,6,7,2
5564,1,0,1,0
5565,0,3,4,1
5566,0,1,4,1
5567,1,0,4,2
5568,1,1,2,1
5569,1,1,1,0
5570,4,3,6,2
5571,6,3,14,2
5572,1,0,4,1
5573,4,0,6,3
5574,0,0,1,1
5575,0,2,4,1
5576,1,2,1,0
5577,3,2,8,1
5578,2,0,5,0
5579,1,2,3,0
5580,3,0,1,1
5581,2,0,5,2
5582,1,3,9,1
5583,3,2,1,1
5584,2,0,6,2
5585,1,1,2,1
5586,5,3,8,1
5587,1,1,9,2
5588,1,0,6,0
5589,1,1,2,0
5590,0,0,5,0
5591,2,1,3,0
5592,3,0,4,1
5593,0,0,1,3
5594,1,1,1,0
5595,3,3,1,0
5596,3,3,14,3
5597,4,3,4,2
5598,2,3,3,0
5599,0,1,2,1
5600,2,0,6,0
5601,1,0,3,0
5602,5,2,13,2
5603,1,2,5,0
5604,0,1,6,1
5605,2,3,5,0
5606,3,1,5,2
5607,1,0,6,0
5608,3,0,5,0
5609,1,0,6,1
5610,0,2,1,2
5611,4,0,1,0
5612,0,0,1,2
5613,1,0,3,1
5614,0,2,1,1
5615,0,1,5,1
5616,2,0,3,0
5617,1,2,5,1
5618,2,2,2,1
5619,0,1,5,0
5620,4,5,8,3
5621,0,0,6,1
5622,3,3,12,2
5623,0,1,4,0
5624,7,2,7,0
5625,3,0,2,0
5626,1,0,4,0
5627,2,2,5,3
5628,2,0,3,2
5629,0,0,2,1
5630,1,4,10,2
5631,0,0,2,1
5632,3,2,6,1
5633,0,2,3,1
5634,1,0,4,0
5635,3,3,13,1
5636,0,0,3,0
5637,2,2,2,1
5638,0,1,5,1
5639,0,0,1,1
5640,4,4,14,2
5641,1,1,4,0
5642,0,0,4,1
5643,1,0,4,3
5644,1,1,4,1
5645,1,2,1,0
5646,3,0,2,0
5647,3,4,6,2
5648,3,1,3,3
5649,4,0,4,0
5650,3,5,13,1
5651,3,3,2,0
5652,5,3,11,4
5653,1,0,6,1
5654,4,6,11,3
5655,0,0,3,0
5656,0,0,4,0
5657,1,1,6,1
5658,1,1,1,0
5659,1,1,6,0
5660,0,0,1,1
5661,2,4,5,3
5662,0,3,4,0
5663,1,0,3,0
5664,0,1,4,0
5665,1,1,1,3
5666,0,0,1,0
5667,1,1,5,3
5668,0,1,5,0
5669,0,2,5,1
5670,1,0,1,0
5671,0,0,1,1
5672,0,0,1,0
5673,0,1,6,0
5674,0,1,1,1
5675,0,0,1,0
5676,4,1,3,1
5677,4,1,1,0
5678,0,1,5,0
5679,7,5,6,3
5680,2,1,4,1
5681,0,2,6,2
5682,0,0,5,1
5683,2,0,5,3
5684,3,1,4,0
5685,4,4,9,3
5686,2,0,4,0
5687,0,1,3,2
5688,0,0,2,2
5689,2,1,5,0
5690,4,2,7,3
5691,1,0,6,1
5692,1,1,3,0
5693,2,1,2,1
5694,5,3,12,1
5695,4,2,7,1
5696,1,1,6,2
5697,1,1,2,2
5698,3,1,5,0
5699,2,5,6,2
5700,0,1,1,1
5701,0,0,2,2
5702,1,0,4,1
5703,1,1,4,0
5704,1,1,1,1
5705,1,0,3,2
5706,0,0,6,1
5707,3,5,14,2
5708,2,1,1,0
5709,2,1,3,1
5710,0,1,1,1
5711,1,0,5,1
5712,0,0,3,2
5713,0,1,1,0
5714,0,1,5,1
5715,0,1,2,0
5716,4,1,2,0
5717,2,1,3,2
5718,2,1,5,0
5719,2,1,2,0
5720,3,1,3,1
5721,1,3,5,1
5722,1,0,5,2
5723,3,1,5,0
5724,1,1,5,1
5725,2,0,1,0
5726,1,1,4,0
5727,3,1,2,2
5728,2,3,1,1
5729,2,2,5,1
5730,1,1,3,0
5731,1,0,5,0
5732,0,0,2,0
5733,3,2,9,2
5734,5,3,9,2
5735,5,2,9,5
5736,4,2,2,1
5737,1,1,5,0
5738,0,3,6,0
5739,1,2,3,0
5740,1,0,4,0
5741,3,0,5,2
5742,2,2,2,0
5743,0,2,6,0
5744,1,0,2,0
5745,5,2,7,2
5746,4,1,5,3
5747,2,3,1,0
5748,1,2,3,3
5749,3,0,2,0
5750,1,0,5,0
5751,1,0,2,0
5752,3,0,6,0
5753,3,1,3,0
5754,3,3,12,1
5755,4,1,2,0
5756,1,1,1,1
5757,2,1,2,0
5758,0,0,2,1
5759,2,2,4,1
5760,0,0,2,0
5761,3,0,6,0
5762,2,2,6,0
5763,1,2,2,0
5764,0,1,2,2
5765,6,3,8,2
5766,2,2,4,1
5767,0,1,4,1
5768,4,0,1,2
5769,0,2,4,1
5770,3,5,11,1
5771,1,0,6,0
5772,3,0,1,0
5773,1,1,4,0
5774,0,0,2,1
5775,1,1,3,0
5776,0,0,5,1
5777,1,1,4,1
5778,2,1,1,0
5779,3,0,2,1
5780,2,1,4,3
5781,2,1,4,0
5782,1,0,5,0
5783,2,0,3,2
5784,2,1,8,3
5785,2,1,4,0
5786,0,1,6,2
5787,4,1,6,2
5788,2,0,2,2
5789,4,5,6,3
5790,4,0,6,0
5791,2,1,4,0
5792,1,1,5,1
5793,2,2,14,2
5794,0,0,4,1
5795,5,2,6,2
5796,4,4,6,1
5797,1,2,4,3
5798,1,0,5,2
5799,1,1,1,3
5800,1,2,6,2
5801,2,5,6,2
5802,3,1,11,1
5803,3,1,1,3
5804,0,1,4,1
5805,1,1,3,2
5806,1,1,6,0
5807,4,0,3,0
5808,6,6,6,1
5809,0,1,6,1
5810,3,1,4,1
5811,1,3,2,1
5812,2,3,1,2
5813,0,2,1,1
5814,0,0,1,0
5815,1,0,4,2
5816,2,3,14,2
5817,1,2,5,3
5818,1,0,4,0
5819,0,1,3,0
5820,1,3,6,0
5821,5,5,10,1
5822,2,0,3,3
5823,0,1,3,0
5824,0,2,4,2
5825,1,0,2,0
5826,0,0,6,0
5827,1,0,6,0
5828,4,0,4,1
5829,1,0,5,2
5830,2,1,3,0
5831,2,2,2,2
5832,1,1,4,0
5833,0,1,4,0
5834,5,3,11,2
5835,1,2,5,0
5836,1,0,4,2
5837,5,3,13,4
5838,2,1,8,1
5839,1,1,3,0
5840,3,0,2,2
5841,0,3,6,0
5842,4,6,9,5
5843,2,0,3,1
5844,0,1,6,0
5845,0,3,6,1
5846,1,1,3,0
5847,0,1,1,2
5848,2,1,1,0
5849,0,1,3,2
5850,0,0,4,0
5851,0,2,3,0
5852,1,0,3,0
5853,1,0,3,3
5854,1,1,3,1
5855,1,0,4,0
5856,0,2,2,0
5857,0,3,4,1
5858,1,1,3,0
5859,1,1,3,2
5860,4,2,9,2
5861,1,1,1,0
5862,1,1,5,3
5863,0,0,5,0
5864,1,2,5,0
5865,1,2,2,0
5866,1,3,3,1
5867,4,6,10,3
5868,4,0,4,2
5869,0,1,4,0
5870,1,0,2,0
5871,7,1,7,0
5872,1,2,14,1
5873,2,2,10,4
5874,3,0,1,2
5875,1,0,4,1
5876,1,0,5,1
5877,4,0,4,2
5878,0,1,6,0
5879,0,0,2,0
5880,3,4,11,3
5881,1,1,5,1
5882,3,1,2,3
5883,0,1,3,1
5884,1,0,1,0
5885,1,1,1,0
5886,2,1,2,0
5887,0,1,2,1
5888,1,3,2,2
5889,1,0,1,2
5890,3,2,2,0
5891,5,2,5,1
5892,1,0,2,2
5893,4,4,10,1
5894,1,1,3,2
5895,3,4,6,3
5896,1,2,6,0
5897,4,4,9,2
5898,2,2,4,0
5899,4,3,6,0
5900,1,2,4,1
5901,1,0,3,0
5902,1,0,5,0
5903,0,1,4,0
5904,1,0,3,0
5905,2,0,6,1
5906,3,3,11,1
5907,3,0,4,0
5908,0,0,2,0
5909,0,1,6,1
5910,4,5,5,1
5911,0,0,2,2
5912,5,2,10,1
5913,0,0,2,1
5914,2,2,5,1
5915,0,0,2,1
5916,1,0,2,1
5917,1,0,6,0
5918,1,2,2,0
5919,1,1,1,0
5920,0,2,1,0
5921,2,3,6,1
5922,1,1,3,0
5923,1,3,2,1
5924,0,2,2,0
5925,4,0,1,0
5926,1,0,3,0
5927,0,1,2,1
5928,3,2,10,3
5929,1,0,1,1
5930,3,6,7,1
5931,1,1,4,1
5932,0,2,1,0
5933,1,1,6,3
5934,0,0,4,2
5935,1,2,3,0
5936,4,4,11,4
5937,0,0,2,0
5938,1,2,5,0
5939,1,1,3,1
5940,0,0,4,1
5941,0,1,4,1
5942,0,1,5,0
5943,2,1,1,0
5944,4,4,11,2
5945,1,2,2,2
5946,4,1,4,0
5947,5,2,14,3
5948,3,4,6,3
5949,1,0,3,0
5950,0,0,5,0
5951,3,2,3,1
5952,1,1,1,1
5953,1,1,5,1
5954,0,1,3,0
5955,1,0,1,0
5956,0,0,4,0
5957,1,1,5,0
5958,2,1,2,0
5959,4,0,2,1
5960,3,0,3,0
5961,2,0,1,2
5962,2,1,2,0
5963,1,0,3,2
5964,3,0,3,0
5965,5,1,12,2
5966,4,1,5,0
5967,4,3,7,1
5968,3,3,5,2
5969,1,2,2,0
5970,3,0,2,1
5971,0,0,4,1
5972,1,0,3,0
5973,1,0,3,0
5974,4,3,7,1
5975,2,3,2,1
5976,5,4,11,1
5977,3,1,4,1
5978,0,1,1,0
5979,3,1,3,0
5980,1,0,5,2
5981,0,0,1,2
5982,2,3,1,0
5983,3,3,12,1
5984,6,4,5,2
5985,2,3,5,0
5986,0,1,4,1
5987,2,1,5,0
5988,2,0,3,3
5989,0,1,3,1
5990,0,0,5,1
5991,0,3,4,0
5992,1,0,2,1
5993,2,2,7,3
5994,2,0,4,1
5995,1,3,7,2
5996,2,1,3,0
5997,0,1,3,0
5998,2,1,4,1
5999,6,1,7,3
6000,4,1,2,0
6001,2,1,6,1
6002,0,0,6,2
6003,4,5,12,1
6004,1,1,6,1
6005,1,0,3,1
6006,0,0,2,2
6007,1,0,3,2
6008,1,1,5,1
6009,7,2,11,2
6010,1,2,6,0
6011,1,3,6,3
6012,0,1,5,0
6013,3,2,1,3
6014,2,1,3,0
6015,6,2,7,2
6016,1,1,4,1
6017,8,2,12,2
6018,3,1,4,0
6019,0,0,1,0
6020,1,2,1,1
6021,0,0,2,0
6022,1,3,1,1
6023,0,0,6,0
6024,4,2,4,1
6025,1,0,5,2
6026,6,6,11,2
6027,1,0,5,1
6028,1,1,1,0
6029,0,0,1,0
6030,3,1,6,0
6031,3,4,7,1
6032,2,1,1,1
6033,1,2,4,0
6034,2,1,1,0
6035,3,0,6,1
6036,1,0,6,0
6037,2,2,6,0
6038,3,0,5,0
6039,3,1,2,1
6040,4,0,5,0
6041,4,0,4,0
6042,6,2,8,2
6043,0,0,6,0
6044,1,0,2,2
6045,0,1,6,1
6046,0,1,6,1
6047,1,1,5,0
6048,0,0,4,0
6049,2,0,1,0
6050,0,1,5,0
6051,0,1,1,1
6052,0,1,2,0
6053,1,1,6,0
6054,1,1,2,1
6055,0,2,1,3
6056,5,3,10,4
6057,3,2,8,3
6058,0,1,1,0
6059,0,3,2,0
6060,1,2,6,2
6061,4,0,4,0
6062,1,1,6,0
6063,0,2,5,2
6064,0,0,6,1
6065,0,1,4,2
6066,4,2,5,4
6067,2,1,4,0
6068,3,0,3,0
6069,1,0,4,0
6070,1,0,1,0
6071,6,2,10,3
6072,1,0,6,0
6073,1,1,1,0
6074,0,0,3,0
6075,2,0,2,1
6076,1,0,1,1
6077,0,1,5,1
6078,3,1,2,0
6079,2,3,6,1
6080,3,2,2,2
6081,3,0,5,1
6082,3,5,11,2
6083,1,0,1,2
6084,8,3,10,3
6085,2,0,6,0
6086,2,2,4,0
6087,2,4,7,1
6088,3,4,11,2
6089,2,2,5,0
6090,1,1,1,1
6091,0,0,3,3
6092,1,0,2,0
6093,0,0,4,2
6094,1,0,1,0
6095,3,0,1,1
6096,1,0,3,0
6097,0,0,4,0
6098,0,1,1,0
6099,3,1,4,0
6100,2,2,4,0
6101,1,1,1,0
6102,2,1,6,0
6103,0,1,5,0
6104,2,0,2,1
6105,2,3,5,3
6106,1,0,5,0
6107,0,1,1,1
6108,1,0,1,0
6109,1,3,5,0
6110,5,3,7,1
6111,2,2,2,0
6112,0,1,2,0
6113,3,1,4,2
6114,1,1,4,0
6115,0,1,6,2
6116,0,1,5,2
6117,1,0,5,0
6118,1,2,1,0
6119,6,2,13,2
6120,1,0,6,0
6121,3,3,1,0
6122,2,2,2,2
6123,1,1,6,2
6124,2,2,2,1
6125,0,2,1,0
6126,3,0,2,0
6127,0,1,3,0
6128,1,0,1,0
6129,2,1,4,0
6130,1,0,6,0
6131,0,0,3,2
6132,1,0,1,0
6133,3,4,7,0
6134,6,2,7,4
6135,4,3,5,1
6136,1,1,6,0
6137,5,3,6,1
6138,4,5,13,1
6139,1,0,1,1
6140,1,0,4,1
6141,0,1,1,0
6142,1,3,11,1
6143,1,2,1,3
6144,0,0,2,0
6145,0,0,5,0
6146,1,1,2,0
6147,2,1,6,0
6148,1,3,6,3
6149,3,2,4,1
6150,0,1,4,0
6151,1,0,3,0
6152,0,0,6,2
6153,1,3,3,1
6154,0,2,4,1
6155,3,0,6,2
6156,1,1,2,0
6157,1,1,3,3
6158,0,0,2,1
6159,3,3,6,2
6160,3,1,4,1
6161,1,0,2,1
6162,2,2,4,0
6163,4,1,4,1
6164,4,2,14,1
6165,2,1,6,0
6166,3,1,6,0
6167,1,0,1,0
6168,3,4,12,5
6169,0,2,2,0
6170,1,2,2,0
6171,0,0,2,0
6172,0,1,4,1
6173,3,0,3,0
6174,0,2,6,0
6175,1,0,3,0
6176,0,3,4,0
6177,1,0,2,3
6178,2,1,6,3
6179,1,2,4,0
6180,1,3,8,2
6181,1,0,4,0
6182,1,3,5,1
6183,2,1,1,1
6184,2,2,2,0
6185,7,3,13,3
6186,1,1,4,1
6187,0,0,6,1
6188,3,2,11,0
6189,4,1,2,2
6190,1,1,3,2
6191,5,1,11,1
6192,4,0,2,2
6193,3,2,3,1
6194,3,4,9,4
6195,1,1,5,1
6196,3,2,10,2
6197,1,0,2,1
6198,2,0,6,1
6199,5,5,11,2
6200,2,6,12,2
6201,0,3,1,0
6202,1,1,3,0
6203,2,1,5,0
6204,4,3,8,2
6205,0,1,6,0
6206,0,2,6,0
6207,2,0,4,1
6208,2,0,6,2
6209,5,2,9,4
6210,0,0,3,1
6211,6,4,12,2
6212,2,1,6,0
6213,0,0,3,2
6214,1,0,4,1
6215,0,2,3,1
6216,1,0,5,1
6217,0,0,1,0
6218,2,3,4,0
6219,1,2,3,1
6220,4,2,4,2
6221,0,0,6,1
6222,0,1,2,3
6223,1,3,2,0
6224,1,0,5,1
6225,3,3,5,1
6226,1,1,6,1
6227,2,0,2,1
6228,3,0,6,0
6229,3,0,2,0
6230,1,2,1,2
6231,3,4,7,1
6232,4,3,11,2
6233,1,0,3,0
6234,1,1,4,2
6235,1,1,5,0
6236,0,2,3,1
6237,2,3,6,2
6238,5,2,6,1
6239,1,0,1,0
6240,1,1,1,2
6241,2,3,4,0
6242,0,0,3,2
6243,2,0,2,1
6244,1,0,4,0
6245,1,2,3,2
6246,0,1,5,1
6247,5,3,9,1
6248,2,1,3,0
6249,2,3,4,0
6250,1,3,14,1
6251,0,0,5,1
6252,0,2,3,0
6253,1,1,2,0
6254,2,4,5,2
6255,3,0,6,0
6256,3,2,5,0
6257,0,0,6,0
6258,2,2,2,0
6259,2,1,1,2
6260,0,1,1,2
6261,1,3,4,0
6262,0,0,6,1
6263,2,2,5,0
6264,6,4,6,3
6265,0,0,2,0
6266,3,4,13,3
6267,2,0,5,1
6268,1,1,1,0
6269,3,1,8,1
6270,1,3,2,0
6271,3,3,5,1
6272,0,0,3,0
6273,1,1,1,0
6274,0,1,1,1
6275,1,3,6,0
6276,1,0,6,0
6277,2,3,3,2
6278,5,2,13,2
6279,1,2,3,1
6280,0,0,5,1
6281,6,3,14,1
6282,1,0,4,0
6283,4,3,3,0
6284,2,1,4,0
6285,2,0,3,2
6286,0,1,2,2
6287,0,0,5,2
6288,1,1,6,0
6289,2,1,3,0
6290,0,0,3,1
6291,0,2,1,1
6292,0,2,3,2
6293,3,3,8,3
6294,2,0,4,0
6295,2,1,6,0
6296,6,4,5,3
6297,3,2,6,0
6298,4,5,14,1
6299,0,0,1,1
6300,3,1,2,2
6301,0,1,4,0
6302,2,3,6,2
6303,0,0,3,0
6304,5,2,10,1
6305,3,0,3,1
6306,0,0,6,0
6307,1,0,4,1
6308,2,3,1,0
6309,3,0,3,0
6310,2,2,1,0
6311,1,1,3,3
6312,1,1,2,0
6313,1,3,8,1
6314,2,1,5,0
6315,1,0,6,3
6316,1,0,2,0
6317,5,6,14,1
6318,1,0,5,1
6319,0,2,3,0
6320,0,0,3,1
6321,1,0,2,0
6322,0,1,2,1
6323,2,0,5,0
6324,1,0,6,0
6325,2,6,10,1
6326,1,0,4,0
6327,2,0,4,2
6328,0,1,2,0
6329,0,0,3,2
6330,1,1,3,2
6331,0,2,4,0
6332,4,1,1,0
6333,1,0,6,0
6334,1,1,4,0
6335,1,1,4,0
6336,4,2,11,1
6337,2,2,2,0
6338,0,1,4,1
6339,8,3,9,2
6340,0,0,2,0
6341,1,0,4,1
6342,1,0,6,0
6343,0,1,5,0
6344,1,1,2,0
6345,1,0,1,3
6346,2,4,8,1
6347,2,0,2,0
6348,4,4,10,3
6349,1,0,2,1
6350,1,2,4,0
6351,4,2,9,2
6352,0,1,5,1
6353,6,3,13,1
6354,3,1,5,0
6355,2,3,2,2
6356,3,4,10,3
6357,0,2,5,0
6358,0,3,3,1
6359,6,3,6,2
6360,1,0,3,3
6361,1,1,6,1
6362,3,1,2,1
6363,1,0,5,2
6364,5,6,14,2
6365,5,2,8,2
6366,3,1,5,0
6367,4,2,9,3
6368,1,0,4,0
6369,1,1,1,1
6370,3,0,1,0
6371,3,1,5,2
6372,4,4,7,2
6373,7,5,12,1
6374,1,1,5,0
6375,0,1,6,0
6376,1,1,1,0
6377,1,2,6,0
6378,0,2,2,2
6379,1,3,1,0
6380,3,0,3,2
6381,4,1,3,2
6382,2,3,3,0
6383,3,0,6,0
6384,0,0,3,0
6385,3,2,6,0
6386,0,0,1,0
6387,6,4,5,2
6388,0,0,3,0
6389,1,0,3,0
6390,5,4,7,2
6391,1,1,1,0
6392,4,2,14,1
6393,0,2,6,1
6394,0,1,4,0
6395,5,1,5,1
6396,2,0,2,0
6397,0,2,6,0
6398,1,1,10,2
6399,0,2,4,0
6400,2,3,6,0
6401,4,1,1,1
6402,1,3,13,2
6403,1,0,4,0
6404,3,3,5,0
6405,3,0,5,1
6406,4,0,6,0
6407,3,3,14,2
6408,4,1,4,1
6409,3,1,2,0
6410,0,0,3,0
6411,1,2,1,1
6412,1,0,6,2
6413,0,0,2,0
6414,1,0,6,0
6415,4,4,9,3
6416,3,1,1,3
6417,1,1,6,1
6418,0,0,4,0
6419,1,2,4,1
6420,2,0,2,1
6421,0,0,1,0
6422,1,1,3,1
6423,2,1,3,0
6424,8,3,6,2
6425,4,0,5,2
6426,1,3,2,0
6427,1,1,2,3
6428,2,1,3,0
6429,5,2,9,1
6430,2,1,3,0
6431,2,4,11,1
6432,3,3,5,0
6433,3,6,9,1
6434,0,0,5,0
6435,2,1,2,0
6436,1,2,7,2
6437,2,3,4,0
6438,4,2,9,2
6439,2,0,2,0
6440,3,2,7,3
6441,1,0,2,0
6442,0,1,6,0
6443,3,0,1,3
6444,1,0,6,1
6445,1,3,3,3
6446,0,0,6,1
6447,1,1,6,3
6448,0,1,6,1
6449,4,0,2,2
6450,1,1,5,1
6451,1,1,6,0
6452,1,1,4,2
6453,0,1,5,1
6454,3,2,5,1
6455,1,1,3,0
6456,1,0,2,1
6457,3,3,13,3
6458,1,3,10,3
6459,2,1,5,3
6460,0,1,1,1
6461,4,1,5,1
6462,1,0,4,2
6463,3,5,14,0
6464,2,0,6,0
6465,0,0,1,0
6466,3,5,7,2
6467,2,0,1,0
6468,2,1,3,1
6469,1,1,6,0
6470,1,2,4,0
6471,1,2,2,0
6472,3,4,13,3
6473,3,4,8,1
6474,2,3,11,2
6475,0,1,6,0
6476,1,0,4,0
6477,1,0,2,1
6478,0,1,2,0
6479,4,1,9,1
6480,0,3,4,0
6481,3,1,3,2
6482,5,4,7,2
6483,1,1,6,0
6484,0,0,5,0
6485,1,0,2,2
6486,2,2,6,0
6487,1,1,3,0
6488,1,2,1,0
6489,1,3,5,1
6490,0,2,1,1
6491,1,2,1,0
6492,1,0,3,2
6493,1,1,2,0
6494,0,0,6,1
6495,1,1,6,0
6496,0,0,4,1
6497,1,0,6,0
6498,0,2,1,1
6499,4,3,5,1
6500,0,1,1,1
6501,2,0,6,0
6502,4,2,10,5
6503,2,0,6,0
6504,0,2,6,0
6505,2,3,1,0
6506,1,1,6,1
6507,1,2,12,1
6508,4,3,6,2
6509,1,1,1,0
6510,8,4,7,2
6511,7,1,10,1
6512,0,1,3,0
6513,1,1,2,2
6514,7,2,14,3
6515,0,1,2,3
6516,3,2,2,0
6517,0,2,3,0
6518,1,3,5,0
6519,6,1,14,2
6520,1,4,7,2
6521,3,1,4,1
6522,1,0,2,0
6523,4,1,3,0
6524,4,2,12,2
6525,1,1,1,0
6526,1,3,5,2
6527,0,0,6,0
6528,0,0,3,0
6529,0,1,4,1
6530,5,2,5,3
6531,2,3,4,1
6532,1,0,4,0
6533,3,5,13,2
6534,0,0,4,0
6535,1,2,3,0
6536,3,0,5,2
6537,3,5,13,1
6538,1,2,4,1
6539,4,0,4,1
6540,2,3,4,1
6541,3,1,5,3
6542,1,1,5,0
6543,2,1,1,2
6544,4,1,6,0
6545,0,0,3,0
6546,1,0,1,2
6547,1,2,2,1
6548,0,3,3,2
6549,1,0,5,2
6550,4,2,9,2
6551,0,0,1,0
6552,2,1,6,2
6553,3,2,5,0
6554,3,0,6,0
6555,3,2,6,1
6556,1,0,3,1
6557,1,2,1,0
6558,2,0,6,0
6559,1,3,7,2
6560,4,0,3,2
6561,4,2,10,2
6562,2,1,3,0
6563,2,0,1,0
6564,4,2,7,3
6565,2,0,4,0
6566,1,0,3,3
6567,2,1,3,0
6568,0,0,3,1
6569,0,1,2,0
6570,5,3,7,1
6571,1,0,3,1
6572,3,0,1,2
6573,1,2,6,3
6574,0,2,4,0
6575,2,1,2,0
6576,3,0,2,1
6577,0,2,5,0
6578,4,1,5,1
6579,3,0,1,2
6580,2,3,5,1
6581,0,1,2,0
6582,4,3,7,1
6583,2,0,2,0
6584,0,0,1,2
6585,2,3,1,0
6586,0,1,5,0
6587,1,0,3,0
6588,0,1,1,1
6589,1,0,5,1
6590,1,0,4,0
6591,1,1,5,0
6592,0,1,5,0
6593,6,4,12,2
6594,0,0,1,2
6595,0,0,6,0
6596,1,1,2,0
6597,1,1,5,1
6598,3,3,5,3
6599,0,0,4,0
6600,3,1,4,0
6601,1,2,6,1
6602,0,1,5,0
6603,0,0,5,0
6604,1,1,4,1
6605,3,2,14,4
6606,1,1,4,2
6607,1,0,5,2
6608,8,6,13,2
6609,5,3,10,2
6610,1,2,6,1
6611,0,2,2,1
6612,0,1,4,1
6613,3,1,7,1
6614,1,1,2,1
6615,2,0,1,2
6616,5,2,8,3
6617,3,2,11,1
6618,2,0,5,1
6619,1,0,2,3
6620,1,1,2,1
6621,1,1,2,2
6622,0,1,2,0
6623,5,3,5,3
6624,0,1,5,1
6625,1,0,2,1
6626,4,1,3,0
6627,3,0,3,1
6628,4,4,12,2
6629,2,2,3,1
6630,0,1,2,3
6631,8,6,8,1
6632,1,2,5,0
6633,0,0,6,1
6634,0,0,2,0
6635,1,0,4,1
6636,4,2,5,3
6637,0,2,4,1
6638,1,2,12,1
6639,3,3,13,3
6640,0,3,6,2
6641,0,0,6,0
6642,2,3,3,1
6643,0,3,4,0
6644,3,2,6,1
6645,2,3,3,0
6646,1,0,1,0
6647,1,2,1,1
6648,1,0,3,1
6649,4,1,3,0
6650,3,2,9,3
6651,1,0,2,2
6652,2,0,3,0
6653,3,2,6,0
6654,3,0,2,0
6655,7,3,9,1
6656,1,0,4,0
6657,5,3,13,1
6658,4,0,1,1
6659,0,1,5,0
6660,1,0,4,2
6661,2,1,5,0
6662,5,3,13,0
6663,4,1,14,3
6664,1,0,2,0
6665,4,4,12,2
6666,0,3,2,0
6667,0,2,6,0
6668,1,1,5,1
6669,3,0,4,0
6670,1,0,4,0
6671,2,3,1,0
6672,1,0,3,2
6673,3,1,2,3
6674,0,3,3,0
6675,3,0,5,1
6676,1,1,3,0
6677,4,3,14,1
6678,0,1,3,0
6679,0,1,1,1
6680,0,2,3,1
6681,0,1,4,0
6682,4,1,4,2
6683,2,2,5,2
6684,1,0,6,1
6685,1,1,2,2
6686,0,2,2,1
6687,0,0,1,0
6688,1,0,5,0
6689,7,3,10,4
6690,1,4,8,5
6691,4,5,14,2
6692,2,0,4,0
6693,1,0,6,2
6694,2,0,2,2
6695,3,3,14,2
6696,4,0,2,1
6697,2,1,4,1
6698,2,0,5,0
6699,4,1,1,1
6700,0,1,1,2
6701,0,0,2,3
6702,0,3,1,1
6703,1,2,3,0
6704,5,3,5,2
6705,0,1,6,1
6706,0,1,1,0
6707,0,0,4,0
6708,1,1,4,2
6709,2,2,3,0
6710,1,0,4,0
6711,0,1,4,1
6712,5,6,11,5
6713,4,1,7,2
6714,1,1,2,3
6715,2,3,6,1
6716,4,2,6,0
6717,2,0,5,2
6718,1,1,4,0
6719,3,0,3,1
6720,3,1,12,2
6721,0,1,2,2
6722,1,2,5,0
6723,3,2,1,2
6724,1,1,6,0
6725,2,1,5,0
6726,1,1,1,0
6727,2,0,1,1
6728,1,1,4,0
6729,2,1,6,0
6730,1,1,2,0
6731,4,2,2,1
6732,1,0,4,0
6733,0,0,4,0
6734,0,0,4,0
6735,1,0,4,1
6736,3,3,5,2
6737,1,0,5,0
6738,4,0,3,0
6739,1,0,4,0
6740,0,0,5,0
6741,3,1,4,2
6742,2,1,6,0
6743,3,2,3,0
6744,1,1,5,1
6745,3,1,5,0
6746,2,0,1,2
6747,2,0,3,0
6748,1,1,6,2
6749,2,1,3,0
6750,1,3,3,2
6751,3,1,13,2
6752,1,0,1,1
6753,3,3,2,0
6754,4,0,1,0
6755,2,2,3,0
6756,2,1,2,0
6757,0,2,5,1
6758,1,0,5,1
6759,1,0,5,2
6760,1,0,6,0
6761,3,3,10,2
6762,0,3,1,0
6763,1,0,4,0
6764,4,0,5,0
6765,1,0,5,1
6766,0,1,1,0
6767,4,4,11,1
6768,1,0,2,1
6769,1,3,2,1
6770,2,0,4,1
6771,6,5,8,1
6772,4,2,1,0
6773,2,1,5,0
6774,0,2,3,2
6775,1,0,6,1
6776,1,0,4,1
6777,1,3,2,2
6778,1,3,4,3
6779,1,1,4,0
6780,1,0,3,0
6781,1,0,1,2
6782,4,6,8,3
6783,0,0,5,1
6784,3,1,3,0
6785,2,2,4,2
6786,0,0,2,1
6787,1,1,1,0
6788,2,1,5,1
6789,4,2,6,1
6790,4,3,10,1
6791,2,0,5,0
6792,4,2,12,0
6793,0,2,2,1
6794,7,3,6,3
6795,0,0,3,2
6796,1,1,5,0
6797,1,0,1,1
6798,4,3,12,2
6799,8,1,8,2
6800,1,0,2,1
6801,0,1,5,0
6802,4,3,5,2
6803,0,1,3,0
6804,2,0,2,0
6805,1,0,6,0
6806,1,1,3,0
6807,3,1,4,2
6808,1,3,6,1
6809,0,0,4,0
6810,0,1,4,1
6811,1,2,2,0
6812,0,0,5,1
6813,1,1,2,1
6814,2,3,6,1
6815,3,3,4,1
6816,1,1,3,0
6817,6,4,8,1
6818,2,3,5,0
6819,5,2,11,1
6820,3,0,4,1
6821,2,0,4,1
6822,1,3,2,0
6823,1,0,4,1
6824,1,2,5,0
6825,1,2,6,3
6826,2,2,1,2
6827,2,0,4,2
6828,2,2,2,0
6829,5,5,5,2
6830,6,3,5,2
6831,3,3,6,0
6832,5,3,6,0
6833,3,1,1,1
6834,1,2,2,1
6835,1,3,5,1
6836,4,5,6,5
6837,5,2,10,2
6838,3,5,11,2
6839,0,0,3,1
6840,2,2,2,0
6841,1,0,6,0
6842,4,1,6,3
6843,4,3,13,1
6844,2,0,4,0
6845,2,1,6,2
6846,0,1,3,0
6847,3,2,7,5
6848,0,3,2,0
6849,0,0,2,3
6850,1,3,4,0
6851,3,2,13,1
6852,2,3,11,1
6853,2,1,1,1
6854,0,1,6,0
6855,2,1,1,0
6856,1,0,4,1
6857,2,2,4,0
6858,2,2,4,0
6859,2,0,1,1
6860,1,2,6,1
6861,2,0,3,3
6862,1,1,2,1
6863,4,1,4,0
6864,2,0,2,0
6865,1,3,6,1
6866,4,3,4,1
6867,3,0,3,2
6868,4,0,1,0
6869,4,3,5,2
6870,0,0,1,0
6871,4,1,7,2
6872,0,0,3,1
6873,1,0,6,0
6874,0,0,4,0
6875,1,1,3,1
6876,2,2,1,1
6877,4,2,7,2
6878,0,2,1,1
6879,1,1,3,0
6880,2,2,5,1
6881,1,1,3,0
6882,0,2,4,0
6883,0,2,4,1
6884,1,0,5,1
6885,1,1,2,3
6886,1,3,6,0
6887,1,0,1,2
6888,3,2,6,0
6889,2,2,2,1
6890,0,0,6,1
6891,1,1,4,0
6892,7,3,14,2
6893,4,1,5,2
6894,5,3,14,1
6895,2,0,3,0
6896,2,0,2,0
6897,0,2,4,2
6898,5,4,11,1
6899,2,1,2,0
6900,5,2,7,1
6901,0,0,3,1
6902,1,3,3,2
6903,2,1,2,2
6904,4,5,6,1
6905,4,1,2,0
6906,4,2,6,1
6907,0,3,6,0
6908,2,1,1,2
6909,1,0,4,0
6910,2,0,1,0
6911,2,0,1,1
6912,3,1,4,0
6913,5,4,5,1
6914,1,1,4,1
6915,2,3,4,0
6916,1,3,14,1
6917,1,0,1,0
6918,1,1,5,0
6919,5,3,13,1
6920,1,1,3,0
6921,2,1,1,1
6922,0,2,3,2
6923,1,0,5,1
6924,2,0,1,2
6925,1,1,6,0
6926,0,0,4,0
6927,1,0,2,0
6928,0,1,2,0
6929,1,2,6,0
6930,1,3,2,1
6931,1,0,1,0
6932,2,1,4,2
6933,3,3,11,4
6934,0,1,3,0
6935,6,3,13,4
6936,7,2,13,4
6937,8,3,13,2
6938,4,6,6,3
6939,1,2,4,0
6940,0,0,4,3
6941,2,2,4,1
6942,1,3,5,1
6943,1,1,6,3
6944,1,0,6,0
6945,3,0,6,1
6946,1,2,1,1
6947,4,1,12,2
6948,5,1,10,3
6949,1,1,6,0
6950,7,5,13,3
6951,0,0,1,0
6952,2,0,3,2
6953,0,0,1,0
6954,1,0,6,0
6955,1,0,3,0
6956,4,1,3,0
6957,2,0,4,0
6958,0,3,4,0
6959,0,0,1,0
6960,3,2,5,1
6961,1,2,1,1
6962,3,3,6,2
6963,4,5,12,4
6964,2,1,5,0
6965,1,0,1,1
6966,2,0,3,0
6967,0,1,1,0
6968,0,1,3,0
6969,1,2,2,0
6970,0,1,2,0
6971,0,0,3,0
6972,0,0,6,1
6973,0,0,6,0
6974,1,0,5,3
6975,3,0,4,1
6976,0,0,2,0
6977,0,3,2,1
6978,1,0,2,2
6979,1,0,4,1
6980,1,1,2,0
6981,4,3,7,2
6982,2,0,1,0
6983,1,2,6,1
6984,4,1,2,0
6985,1,3,1,0
6986,1,4,7,3
6987,1,3,1,2
6988,1,0,5,0
6989,5,4,11,2
6990,1,0,3,1
6991,1,1,4,0
6992,3,4,8,1
6993,2,2,3,2
6994,0,1,2,0
6995,3,3,4,0
6996,0,0,6,0
6997,7,3,14,3
6998,4,3,12,2
6999,1,1,5,3
7000,2,2,3,0
7001,1,0,6,3
7002,4,3,9,2
7003,2,2,6,0
7004,0,1,6,0
7005,1,0,5,0
7006,1,3,1,0
7007,2,0,2,0
7008,7,4,12,1
7009,2,3,6,1
7010,2,0,5,0
7011,1,0,6,1
7012,4,0,4,1
7013,0,0,4,1
7014,1,1,1,1
7015,2,3,1,0
7016,0,0,2,1
7017,0,0,4,0
7018,0,3,2,0
7019,0,0,2,0
7020,0,3,6,0
7021,1,0,6,2
7022,2,1,2,1
7023,3,6,8,2
7024,3,1,5,0
7025,2,0,3,0
7026,0,1,2,0
7027,3,1,2,0
7028,0,0,5,1
7029,1,1,5,0
7030,3,1,1,2
7031,1,3,5,2
7032,3,0,5,1
7033,0,0,1,0
7034,0,1,6,0
7035,1,1,5,0
7036,1,1,4,2
7037,1,3,9,1
7038,0,1,6,2
7039,4,6,9,2
7040,7,3,10,1
7041,5,2,7,2
7042,1,3,1,0
7043,3,1,5,0
7044,0,1,6,0
7045,0,2,1,1
7046,3,1,6,3
7047,0,2,4,0
7048,1,3,4,0
7049,0,1,5,3
7050,2,2,4,1
7051,3,2,14,1
7052,5,2,13,1
7053,3,3,8,2
7054,3,2,9,2
7055,1,1,3,2
7056,2,0,2,0
7057,0,0,4,0
7058,0,2,6,1
7059,1,2,6,1
7060,2,0,3,0
7061,1,0,4,2
7062,1,0,5,0
7063,1,2,4,0
7064,1,0,6,1
7065,5,3,7,0
7066,1,1,5,2
7067,2,3,5,0
7068,1,0,4,3
7069,1,0,1,2
7070,2,3,11,3
7071,0,3,3,2
7072,2,0,5,0
7073,1,1,2,0
7074,0,1,3,0
7075,0,0,5,0
7076,3,0,1,1
7077,3,0,6,3
7078,0,1,3,0
7079,7,6,6,5
7080,3,1,3,1
7081,2,2,5,0
7082,0,1,5,2
7083,4,3,10,0
7084,3,0,3,1
7085,1,1,6,0
7086,4,1,4,2
7087,1,0,3,0
7088,0,1,6,0
7089,0,0,1,1
7090,3,1,5,1
7091,1,0,1,0
7092,2,5,7,3
7093,0,3,2,0
7094,1,3,6,0
7095,3,2,13,3
7096,4,1,5,0
7097,3,0,1,0
7098,5,2,10,0
7099,0,1,6,1
7100,2,0,1,1
7101,0,3,6,1
7102,1,2,5,0
7103,5,2,10,2
7104,3,0,3,1
7105,1,0,1,2
7106,1,1,1,2
7107,1,1,3,1
7108,1,2,6,1
7109,4,0,4,0
7110,5,3,8,1
7111,3,0,6,0
7112,0,2,1,2
7113,0,2,2,1
7114,5,5,12,5
7115,0,1,1,1
7116,3,1,5,2
7117,0,3,1,0
7118,2,2,7,3
7119,0,0,6,1
7120,1,0,3,3
7121,2,1,5,1
7122,2,1,1,0
7123,4,3,4,2
7124,2,3,5,2
7125,2,0,1,1
7126,3,6,6,0
7127,3,3,6,0
7128,1,1,6,0
7129,1,1,3,0
7130,0,0,5,0
7131,5,3,6,2
7132,0,0,1,0
7133,1,0,2,0
7134,0,0,6,0
7135,0,0,4,1
7136,5,2,14,4
7137,1,1,1,1
7138,0,0,4,0
7139,2,3,14,1
7140,0,0,5,2
7141,1,0,2,2
7142,7,5,7,1
7143,1,1,4,0
7144,1,0,1,3
7145,0,3,4,0
7146,1,3,4,0
7147,4,6,10,1
7148,3,2,6,2
7149,0,0,3,1
7150,3,1,5,1
7151,2,1,5,2
7152,0,1,2,0
7153,1,1,4,3
7154,4,6,13,2
7155,3,1,4,0
7156,3,1,5,3
7157,4,3,6,0
7158,0,2,6,2
7159,1,1,2,1
7160,0,2,1,0
7161,1,1,3,0
7162,1,0,1,0
7163,2,1,6,0
7164,0,3,2,3
7165,1,1,4,1
7166,2,1,1,0
7167,3,3,4,1
7168,1,1,2,0
7169,0,0,1,2
7170,3,1,2,0
7171,3,3,14,2
7172,1,3,2,3
7173,3,3,2,1
7174,1,2,2,1
7175,1,3,2,0
7176,4,2,9,2
7177,3,0,1,0
7178,3,0,5,2
7179,1,1,4,0
7180,0,2,1,2
7181,0,2,3,0
7182,3,1,6,0
7183,2,0,6,0
7184,1,1,5,1
7185,1,2,2,1
7186,1,1,5,0
7187,2,1,1,2
7188,2,1,4,0
7189,0,2,5,1
7190,2,2,10,1
7191,2,1,6,0
7192,0,2,5,1
7193,5,2,13,1
7194,3,0,4,0
7195,0,2,1,1
7196,0,1,5,1
7197,0,1,2,0
7198,2,0,4,0
7199,6,3,7,1
7200,1,3,3,0
7201,3,3,14,1
7202,0,0,4,0
7203,2,1,5,2
7204,3,0,4,1
7205,0,3,5,0
7206,3,4,10,0
7207,1,5,10,2
7208,0,1,5,0
7209,4,0,5,0
7210,3,4,6,3
7211,3,1,1,2
7212,0,0,4,0
7213,0,0,3,0
7214,2,1,11,2
7215,4,1,6,2
7216,2,5,9,2
7217,4,1,5,1
7218,4,0,6,0
7219,4,5,7,2
7220,1,3,9,4
7221,1,1,1,0
7222,1,1,3,1
7223,4,1,2,2
7224,4,1,12,3
7225,4,4,12,2
7226,2,0,3,1
7227,2,0,3,1
7228,0,1,6,3
7229,1,2,4,1
7230,0,0,4,0
7231,3,5,13,2
7232,2,2,3,0
7233,0,1,5,0
7234,3,5,8,3
7235,6,3,9,2
7236,2,3,7,3
7237,3,0,6,0
7238,0,3,3,1
7239,2,0,1,2
7240,0,0,4,1
7241,1,2,3,0
7242,3,1,4,2
7243,5,3,13,1
7244,4,1,13,4
7245,3,0,3,1
7246,5,3,14,2
7247,1,1,3,0
7248,1,0,4,2
7249,2,1,1,0
7250,3,1,2,0
7251,1,0,6,3
7252,0,0,3,1
7253,0,0,4,1
7254,0,3,6,0
7255,4,2,6,1
7256,1,0,6,1
7257,1,1,4,3
7258,3,1,4,2
7259,2,2,3,2
7260,0,1,2,0
7261,2,0,2,1
7262,3,0,6,0
7263,2,1,1,0
7264,3,1,5,0
7265,1,0,3,1
7266,0,0,5,1
7267,1,2,3,0
7268,0,0,6,2
7269,2,0,5,0
7270,1,1,3,1
7271,1,0,1,2
7272,0,2,1,1
7273,0,0,3,0
7274,5,4,6,5
7275,0,0,3,2
7276,4,2,5,1
7277,0,0,3,2
7278,4,4,6,1
7279,1,2,4,1
7280,0,0,3,0
7281,4,0,6,0
7282,1,2,5,0
7283,1,3,6,0
7284,0,3,4,2
7285,1,2,6,0
7286,0,1,3,1
7287,1,0,2,3
7288,2,0,1,0
7289,3,1,6,1
7290,1,2,5,0
7291,2,0,5,1
7292,1,1,1,0
7293,1,1,6,3
7294,3,2,2,2
7295,1,0,5,0
7296,1,2,3,1
7297,2,3,1,0
7298,2,0,1,1
7299,2,0,5,0
7300,6,4,12,2
7301,1,1,6,2
7302,1,1,6,2
7303,1,1,5,1
7304,3,1,1,2
7305,1,2,3,3
7306,0,0,1,0
7307,5,6,14,4
7308,1,1,4,3
7309,3,0,3,1
7310,1,0,2,0
7311,1,1,5,2
7312,0,3,3,0
7313,3,0,5,2
7314,4,5,12,2
7315,1,0,4,0
7316,4,3,8,4
7317,1,2,1,1
7318,1,1,2,0
7319,2,1,5,1
7320,0,0,5,1
7321,1,1,4,1
7322,1,0,4,0
7323,1,1,4,1
7324,1,1,4,0
7325,1,5,9,3
7326,2,1,5,0
7327,4,2,9,1
7328,7,3,10,4
7329,1,4,8,1
7330,7,5,8,2
7331,1,1,4,2
7332,2,2,6,1
7333,4,1,6,1
7334,2,3,4,0
7335,2,0,2,2
7336,2,1,1,0
7337,1,1,4,1
7338,4,0,3,1
7339,0,3,4,0
7340,5,1,14,0
7341,1,1,1,0
7342,0,0,5,1
7343,3,0,6,1
7344,0,2,5,1
7345,3,3,4,2
7346,0,3,6,1
7347,1,1,1,0
7348,1,0,6,3
7349,1,0,2,0
7350,1,3,4,3
7351,4,0,5,3
7352,6,5,12,1
7353,1,3,2,0
7354,0,1,6,0
7355,5,4,12,1
7356,0,1,3,2
7357,0,0,5,0
7358,1,1,4,2
7359,3,1,5,1
7360,0,0,6,3
7361,0,0,4,2
7362,0,3,2,0
7363,1,0,2,2
7364,7,2,13,3
7365,0,3,4,1
7366,4,1,1,0
7367,2,1,3,1
7368,3,1,3,1
7369,4,3,6,2
7370,0,2,6,0
7371,1,1,5,1
7372,3,2,12,0
7373,0,3,3,0
7374,1,1,5,0
7375,5,3,9,2
7376,4,0,6,0
7377,1,2,6,0
7378,1,3,6,1
7379,3,2,1,1
7380,1,3,1,0
7381,1,0,4,0
7382,2,0,1,0
7383,3,2,4,0
7384,0,1,4,1
7385,0,2,6,0
7386,1,2,4,3
7387,4,3,8,3
7388,3,3,6,1
7389,3,0,6,0
7390,4,3,13,0
7391,1,3,1,2
7392,0,3,1,0
7393,1,2,1,0
7394,0,1,5,2
7395,3,0,3,1
7396,3,2,6,0
7397,1,0,4,1
7398,7,4,13,2
7399,1,0,5,1
7400,4,0,3,0
7401,1,3,1,0
7402,2,1,1,0
7403,0,0,1,0
7404,0,0,5,1
7405,0,0,1,0
7406,3,3,14,2
7407,1,3,11,2
7408,4,1,2,1
7409,0,0,3,2
7410,0,0,3,0
7411,2,4,10,0
7412,1,1,2,1
7413,3,2,8,5
7414,1,1,2,0
7415,3,5,12,3
7416,4,1,5,1
7417,3,3,8,2
7418,5,3,8,2
7419,0,1,5,0
7420,1,4,5,1
7421,0,0,4,0
7422,4,1,3,1
7423,2,1,4,0
7424,3,0,5,2
7425,5,4,8,3
7426,0,0,6,2
7427,4,5,8,2
7428,2,1,5,0
7429,4,3,7,0
7430,1,1,3,2
7431,3,1,4,0
7432,4,4,12,1
7433,8,5,7,1
7434,4,2,1,1
7435,1,3,2,1
7436,4,3,3,0
7437,6,2,14,3
7438,1,1,6,1
7439,4,1,10,2
7440,5,4,13,3
7441,4,0,3,2
7442,1,1,1,1
7443,6,1,7,1
7444,1,1,1,0
7445,3,2,1,1
7446,1,0,1,1
7447,2,1,4,0
7448,1,2,3,1
7449,2,2,2,0
7450,1,3,3,0
7451,2,1,2,1
7452,3,0,5,0
7453,3,0,1,0
7454,5,2,6,3
7455,2,1,11,2
7456,1,1,4,0
7457,5,2,8,4
7458,0,1,6,2
7459,0,0,1,2
7460,0,1,6,2
7461,3,2,10,1
7462,0,2,4,1
7463,0,2,6,0
7464,4,1,6,0
7465,3,3,13,3
7466,1,0,3,1
7467,1,2,5,0
7468,0,0,5,3
7469,2,1,5,0
7470,3,0,4,1
7471,3,1,2,0
7472,4,1,1,0
7473,3,1,6,1
7474,0,0,6,0
7475,3,0,3,1
7476,1,0,3,3
7477,4,2,10,3
7478,1,0,5,0
7479,1,1,3,1
7480,1,3,1,0
7481,2,3,3,0
7482,0,1,4,0
7483,0,0,1,0
7484,1,1,3,1
7485,3,4,7,2
7486,2,2,6,0
7487,0,0,1,0
7488,4,6,6,1
7489,1,0,6,1
7490,2,0,1,0
7491,0,1,1,2
7492,6,3,8,2
7493,3,1,4,0
7494,2,0,2,1
7495,3,1,1,0
7496,3,5,6,1
7497,1,1,4,0
7498,2,3,2,1
7499,2,1,1,0
7500,0,0,3,0
7501,0,2,2,0
7502,2,0,1,1
7503,1,2,6,0
7504,3,0,2,0
7505,2,1,1,1
7506,1,0,2,0
7507,3,1,4,1
7508,1,0,5,0
7509,3,2,11,2
7510,1,1,5,1
7511,1,3,5,1
7512,1,1,5,0
7513,0,0,6,0
7514,1,0,2,0
7515,0,0,6,0
7516,2,1,4,0
7517,4,3,12,2
7518,1,2,3,0
7519,1,0,6,1
7520,4,2,8,4
7521,8,2,6,1
7522,1,3,4,0
7523,1,1,1,0
7524,3,1,5,3
7525,1,0,4,0
7526,1,2,2,0
7527,1,0,2,2
7528,4,2,13,0
7529,1,3,5,2
7530,4,0,6,1
7531,2,0,2,0
7532,1,3,3,0
7533,1,0,5,1
7534,4,1,5,0
7535,2,1,5,0
7536,1,0,5,1
7537,1,2,4,1
7538,3,2,6,2
7539,2,0,3,3
7540,0,3,6,1
7541,3,0,6,1
7542,0,1,4,0
7543,0,1,1,0
7544,3,1,4,2
7545,1,0,6,0
7546,1,1,3,1
7547,3,2,11,4
7548,4,0,2,0
7549,0,0,4,1
7550,4,1,3,1
7551,0,0,4,3
7552,0,0,2,0
7553,1,2,5,2
7554,0,1,5,0
7555,1,0,2,1
7556,5,3,8,3
7557,2,2,4,0
7558,4,1,4,1
7559,2,1,6,3
7560,1,2,2,1
7561,2,0,4,1
7562,0,0,3,0
7563,5,2,9,1
7564,0,2,1,1
7565,2,0,4,2
7566,3,0,1,0
7567,5,3,9,2
7568,4,0,5,0
7569,0,1,3,3
7570,2,1,3,0
7571,1,1,5,2
7572,0,2,3,0
7573,0,0,1,3
7574,0,0,1,1
7575,0,1,4,1
7576,2,1,5,0
7577,4,6,13,5
7578,2,0,2,0
7579,0,0,2,0
7580,5,3,11,2
7581,3,2,7,2
7582,5,3,14,0
7583,3,3,12,4
7584,3,0,4,1
7585,3,0,3,1
7586,0,0,3,3
7587,0,3,3,1
7588,3,1,6,0
7589,2,4,12,2
7590,1,0,3,0
7591,3,1,3,0
7592,2,0,2,1
7593,2,0,1,0
7594,0,1,4,0
7595,2,1,5,3
7596,2,3,9,3
7597,0,0,3,2
7598,0,1,2,2
7599,2,3,3,1
7600,0,0,6,1
7601,2,1,1,1
7602,2,3,2,0
7603,0,2,6,0
7604,0,1,6,1
7605,1,2,4,0
7606,3,1,9,2
7607,1,0,3,2
7608,0,3,6,0
7609,0,0,3,0
7610,1,1,1,0
7611,3,2,8,1
7612,3,3,8,0
7613,3,2,10,1
7614,1,0,5,1
7615,1,0,5,0
7616,3,1,1,0
7617,1,2,1,1
7618,3,2,4,2
7619,0,1,2,1
7620,0,3,5,1
7621,2,3,3,0
7622,6,4,14,1
7623,2,0,4,0
7624,3,4,12,3
7625,0,0,1,2
7626,2,1,3,0
7627,6,1,12,1
7628,1,3,3,1
7629,1,0,6,0
7630,0,2,3,0
7631,0,0,3,0
7632,1,0,1,0
7633,1,3,1,0
7634,1,0,2,0
7635,0,0,1,0
7636,2,1,4,1
7637,3,0,6,2
7638,1,0,3,1
7639,5,3,7,2
7640,2,3,3,0
7641,3,0,2,0
7642,1,1,6,0
7643,2,1,1,2
7644,0,1,2,0
7645,2,0,3,0
7646,7,1,11,0
7647,4,2,5,1
7648,1,1,2,1
7649,7,1,5,1
7650,1,1,5,0
7651,0,1,4,0
7652,1,1,5,0
7653,4,4,13,3
7654,0,1,1,2
7655,6,2,11,1
7656,3,2,6,1
7657,3,1,9,2
7658,0,2,6,2
7659,3,1,6,0
7660,1,1,1,1
7661,1,0,2,3
7662,2,1,3,0
7663,2,1,5,0
7664,1,0,4,0
7665,1,1,5,1
7666,2,1,6,1
7667,3,1,6,1
7668,1,0,1,0
7669,1,0,2,0
7670,0,0,6,1
7671,0,2,3,0
7672,0,0,5,0
7673,0,1,1,2
7674,2,2,5,2
7675,2,1,5,2
7676,3,0,5,2
7677,4,0,5,2
7678,2,0,4,2
7679,1,1,5,1
7680,0,0,1,0
7681,2,3,12,3
7682,0,0,6,2
7683,1,3,2,1
7684,0,1,6,1
7685,1,1,5,1
7686,2,3,5,2
7687,5,2,5,4
7688,0,2,1,2
7689,1,1,3,0
7690,3,0,1,1
7691,1,2,4,3
7692,0,1,4,1
7693,0,1,3,0
7694,0,3,4,1
7695,1,0,5,2
7696,1,1,6,0
7697,2,0,3,1
7698,0,2,5,2
7699,2,1,6,0
7700,1,2,2,0
7701,2,1,2,0
7702,3,5,13,2
7703,5,1,10,2
7704,3,3,6,0
7705,3,0,1,0
7706,1,1,1,2
7707,1,0,3,0
7708,1,0,3,2
7709,1,1,4,1
7710,2,1,5,3
7711,1,1,1,1
7712,2,1,1,0
7713,2,2,6,1
7714,1,0,6,0
7715,2,1,6,0
7716,0,0,5,3
7717,3,1,6,2
7718,2,2,6,1
7719,1,1,1,1
7720,6,2,5,1
7721,0,3,6,0
7722,3,0,6,2
7723,2,0,3,0
7724,0,0,1,0
7725,0,1,3,0
7726,1,2,12,3
7727,4,2,9,0
7728,0,1,5,2
7729,7,1,12,4
7730,7,3,9,4
7731,2,2,8,3
7732,1,3,1,0
7733,3,3,1,2
7734,3,0,2,0
7735,3,4,8,2
7736,1,1,1,0
7737,1,0,4,0
7738,2,0,5,0
7739,1,2,10,1
7740,4,2,7,3
7741,1,1,2,0
7742,3,1,4,0
7743,1,1,1,0
7744,0,0,6,1
7745,1,3,5,1
7746,1,1,1,1
7747,2,1,6,1
7748,4,0,6,1
7749,3,0,5,0
7750,7,5,11,2
7751,5,3,6,1
7752,2,0,2,2
7753,4,0,3,1
7754,4,5,11,2
7755,2,1,4,0
7756,8,3,13,1
7757,2,2,5,0
7758,6,3,10,0
7759,5,2,6,2
7760,3,2,11,4
7761,1,0,5,0
7762,3,1,2,0
7763,0,1,3,1
7764,0,2,4,1
7765,0,0,5,1
7766,0,0,1,1
7767,5,3,6,2
7768,2,1,4,0
7769,2,0,6,0
7770,4,1,14,1
7771,5,2,8,3
7772,1,1,6,0
7773,1,1,5,0
7774,1,0,5,0
7775,0,0,3,0
7776,2,0,6,0
7777,0,0,4,1
7778,6,5,12,2
7779,4,2,11,1
7780,3,5,14,1
7781,4,3,6,2
7782,2,0,6,1
7783,3,2,5,0
7784,2,1,6,2
7785,2,1,3,0
7786,2,4,13,4
7787,4,1,5,1
7788,0,2,6,0
7789,7,2,7,1
7790,2,3,1,0
7791,1,1,6,2
7792,1,3,5,1
7793,1,1,5,0
7794,3,1,1,0
7795,5,3,6,1
7796,0,1,4,0
7797,3,0,4,0
7798,0,1,4,0
7799,1,3,1,0
7800,3,1,2,1
7801,1,0,4,0
7802,4,1,4,0
7803,5,1,7,1
7804,1,0,2,0
7805,3,1,2,1
7806,1,3,4,1
7807,1,2,3,0
7808,0,0,5,1
7809,1,1,6,1
7810,2,0,4,1
7811,1,1,2,0
7812,3,1,4,1
7813,1,0,5,0
7814,1,2,1,0
7815,1,0,3,2
7816,1,1,6,0
7817,2,0,4,0
7818,2,1,1,2
7819,1,1,5,1
7820,6,2,13,1
7821,4,6,11,2
7822,5,3,12,3
7823,2,0,1,1
7824,1,1,3,0
7825,1,2,4,0
7826,3,3,8,1
7827,4,0,5,1
7828,0,0,6,0
7829,2,0,2,0
7830,3,0,4,0
7831,4,2,4,0
7832,0,0,4,2
7833,0,2,3,3
7834,4,1,2,0
7835,2,2,6,3
7836,0,3,2,1
7837,1,1,2,1
7838,1,0,2,1
7839,1,5,14,2
7840,1,2,4,0
7841,1,1,2,0
7842,3,4,10,2
7843,6,4,14,2
7844,2,2,3,2
7845,2,0,6,1
7846,0,0,4,0
7847,0,0,6,3
7848,2,3,5,1
7849,2,3,6,2
7850,2,1,14,2
7851,0,0,2,3
7852,7,4,14,2
7853,7,5,9,3
7854,2,1,5,0
7855,0,0,1,0
7856,2,3,8,3
7857,5,3,14,2
7858,0,3,4,0
7859,1,0,4,0
7860,4,3,11,3
7861,1,2,6,1
7862,2,0,2,0
7863,1,0,5,0
7864,1,1,2,1
7865,1,1,5,2
7866,0,1,6,0
7867,5,3,11,1
7868,0,0,6,3
7869,3,1,1,1
7870,2,0,5,0
7871,3,0,1,0
7872,4,3,11,4
7873,2,3,2,0
7874,0,0,4,1
7875,1,1,6,1
7876,2,0,3,0
7877,1,1,4,1
7878,0,0,2,2
7879,2,0,1,2
7880,6,4,11,4
7881,1,3,6,1
7882,0,0,2,0
7883,0,0,3,0
7884,2,1,1,0
7885,0,1,2,0
7886,1,1,5,1
7887,1,1,1,0
7888,2,0,5,1
7889,1,1,1,2
7890,0,1,6,1
7891,2,0,1,2
7892,0,1,1,1
7893,0,1,6,0
7894,0,0,4,0
7895,0,0,1,1
7896,4,5,12,4
7897,0,1,4,0
7898,4,2,14,1
7899,3,3,7,3
7900,2,1,2,1
7901,1,1,5,2
7902,2,0,2,1
7903,4,2,13,0
7904,1,3,2,0
7905,0,2,6,1
7906,2,0,3,2
7907,4,1,4,0
7908,1,1,3,3
7909,2,1,4,2
7910,2,0,2,0
7911,4,0,4,0
7912,0,0,3,0
7913,2,0,6,0
7914,0,1,1,1
7915,0,1,6,0
7916,0,1,6,1
7917,1,1,6,0
7918,3,0,5,2
7919,3,3,1,1
7920,0,0,5,1
7921,2,0,3,1
7922,0,1,3,0
7923,3,0,6,0
7924,1,0,3,0
7925,1,0,3,0
7926,2,1,13,3
7927,2,0,1,2
7928,0,0,2,1
7929,3,3,4,1
7930,1,0,6,2
7931,3,0,4,0
7932,0,1,6,0
7933,1,1,6,1
7934,4,0,2,2
7935,0,0,3,1
7936,1,0,5,1
7937,3,2,5,1
7938,0,1,4,2
7939,6,5,13,2
7940,2,0,2,0
7941,1,2,3,2
7942,0,0,5,0
7943,1,1,6,1
7944,0,1,3,0
7945,1,1,2,0
7946,0,1,3,0
7947,2,1,1,0
7948,1,1,1,2
7949,1,1,3,0
7950,1,1,1,0
7951,0,1,2,1
7952,0,0,1,1
7953,1,2,4,0
7954,2,1,1,1
7955,2,1,4,1
7956,0,0,1,0
7957,1,0,5,0
7958,3,3,13,1
7959,0,0,2,0
7960,2,0,5,0
7961,1,3,3,2
7962,0,2,1,2
7963,0,0,2,2
7964,1,0,4,0
7965,2,0,6,0
7966,3,3,8,3
7967,0,0,3,0
7968,1,1,1,1
7969,4,2,4,2
7970,1,1,6,0
7971,1,0,1,1
7972,7,3,14,3
7973,0,1,1,1
7974,3,1,4,0
7975,2,0,1,1
7976,0,0,1,0
7977,1,0,2,0
7978,2,1,2,0
7979,7,3,14,2
7980,4,2,2,0
7981,1,1,4,0
7982,1,2,6,2
7983,1,1,4,1
7984,0,0,3,0
7985,3,2,5,0
7986,1,2,3,1
7987,1,2,4,1
7988,2,3,1,0
7989,0,0,2,3
7990,2,1,2,2
7991,3,0,4,0
7992,0,1,4,0
7993,0,0,2,1
7994,0,2,6,1
7995,2,1,2,0
7996,3,3,10,1
7997,1,2,3,0
7998,4,3,13,2
7999,1,0,6,1
8000,0,1,5,1
8001,2,2,6,0
8002,0,1,2,0
8003,0,2,3,0
8004,5,2,13,3
8005,1,0,1,1
8006,0,2,2,0
8007,1,1,4,0
8008,4,0,6,2
8009,1,0,3,2
8010,1,1,3,2
8011,2,1,6,1
8012,5,4,12,0
8013,3,3,10,3
8014,3,4,10,2
8015,0,0,2,0
8016,3,1,1,1
8017,0,2,3,0
8018,5,4,5,4
8019,4,1,2,1
8020,1,1,1,1
8021,1,0,3,0
8022,0,0,4,2
8023,3,2,5,2
8024,6,1,14,3
8025,1,3,6,3
8026,1,0,1,2
8027,2,1,5,0
8028,3,3,11,2
8029,2,0,2,0
8030,0,2,2,3
8031,2,1,5,1
8032,1,1,3,0
8033,1,2,1,0
8034,4,2,7,2
8035,1,0,4,0
8036,1,1,4,1
8037,1,0,4,0
8038,5,3,9,1
8039,1,0,4,0
8040,0,1,5,2
8041,5,1,10,0
8042,0,0,3,1
8043,0,0,4,0
8044,0,0,1,0
8045,1,1,1,0
8046,3,2,5,0
8047,0,0,2,0
8048,0,0,6,0
8049,2,1,4,2
8050,4,3,11,1
8051,1,1,10,1
8052,2,2,10,3
8053,3,2,8,3
8054,5,2,10,2
8055,0,1,3,0
8056,4,2,1,0
8057,1,0,1,0
8058,3,4,12,4
8059,1,1,1,0
8060,1,1,4,1
8061,1,2,3,0
8062,1,4,5,5
8063,2,0,4,2
8064,2,1,5,0
8065,3,1,6,0
8066,0,1,5,0
8067,1,2,6,0
8068,5,2,11,2
8069,1,2,5,3
8070,1,1,5,0
8071,3,6,14,2
8072,3,3,14,2
8073,3,3,12,0
8074,2,2,13,1
8075,4,2,10,3
8076,1,1,2,0
8077,0,2,1,2
8078,1,2,3,1
8079,3,0,3,2
8080,4,1,1,0
8081,3,0,4,1
8082,1,2,4,0
8083,0,3,3,0
8084,6,6,6,1
8085,2,1,4,0
8086,2,0,6,0
8087,1,0,6,2
8088,0,3,1,1
8089,3,2,10,4
8090,1,1,3,2
8091,1,1,4,0
8092,2,1,3,2
8093,1,0,4,0
8094,1,1,6,0
8095,2,1,5,2
8096,1,3,3,1
8097,6,3,9,2
8098,2,2,4,0
8099,4,3,8,2
8100,1,2,3,3
8101,3,0,6,3
8102,6,2,11,1
8103,2,2,3,1
8104,5,4,14,2
8105,1,0,5,1
8106,2,0,1,2
8107,4,3,2,1
8108,6,4,10,1
8109,1,4,10,1
8110,3,3,7,1
8111,4,2,14,2
8112,0,0,5,1
8113,2,0,5,1
8114,0,0,1,0
8115,2,0,6,0
8116,2,3,5,1
8117,3,2,4,2
8118,5,1,6,3
8119,0,1,6,0
8120,4,1,3,1
8121,0,2,4,3
8122,0,2,6,0
8123,1,1,1,3
8124,1,2,3,0
8125,6,2,5,1
8126,1,1,1,1
8127,0,1,1,1
8128,1,3,5,0
8129,0,2,6,1
8130,1,3,1,0
8131,0,1,6,0
8132,0,1,4,0
8133,0,1,1,1
8134,0,0,2,3
8135,0,2,1,0
8136,2,2,6,0
8137,1,0,1,0
8138,4,0,6,1
8139,1,2,4,0
8140,0,0,2,0
8141,1,0,3,3
8142,2,1,3,1
8143,4,1,13,0
8144,2,2,6,0
8145,6,3,6,1
8146,3,4,9,2
8147,0,0,2,2
8148,1,2,1,1
8149,0,1,1,0
8150,3,0,3,1
8151,0,0,2,0
8152,0,2,4,1
8153,0,0,3,0
8154,1,0,3,1
8155,0,0,3,0
8156,6,3,12,1
8157,1,1,1,0
8158,2,0,3,2
8159,2,3,5,3
8160,1,0,3,0
8161,0,0,3,1
8162,2,0,3,1
8163,1,0,6,1
8164,1,2,6,1
8165,0,3,1,0
8166,4,3,4,1
8167,4,6,6,2
8168,0,3,5,3
8169,0,2,3,1
8170,5,3,13,3
8171,0,1,4,1
8172,0,1,3,0
8173,3,0,2,1
8174,6,3,9,2
8175,2,1,6,1
8176,0,2,4,0
8177,2,0,1,0
8178,0,0,5,1
8179,3,0,4,1
8180,1,0,5,1
8181,0,0,4,0
8182,6,3,5,1
8183,1,0,3,0
8184,2,0,3,0
8185,0,0,4,1
8186,1,0,3,0
8187,1,0,4,1
8188,3,3,13,3
8189,4,3,8,2
8190,0,0,6,0
8191,6,3,12,0
8192,3,1,2,0
8193,7,2,8,3
8194,7,2,12,3
8195,2,1,6,0
8196,2,2,6,0
8197,2,1,1,2
8198,3,4,9,1
8199,3,2,6,1
8200,0,1,1,0
8201,0,2,1,0
8202,1,1,2,1
8203,0,0,6,0
8204,0,0,2,2
8205,4,1,5,3
8206,1,0,5,0
8207,1,1,3,1
8208,1,0,4,2
8209,1,1,5,2
8210,0,0,6,0
8211,2,2,6,1
8212,1,1,3,0
8213,2,4,10,3
8214,5,4,12,4
8215,0,1,5,1
8216,2,0,1,0
8217,3,3,2,1
8218,4,6,11,0
8219,5,4,6,2
8220,1,0,6,1
8221,2,1,5,0
8222,0,3,1,0
8223,0,1,1,0
8224,2,1,5,2
8225,0,0,6,0
8226,1,1,4,0
8227,0,1,3,0
8228,1,0,6,1
8229,3,2,13,2
8230,2,1,6,0
8231,2,0,6,2
8232,1,1,3,0
8233,1,3,5,1
8234,2,0,6,1
8235,5,6,8,4
8236,1,1,1,0
8237,1,0,2,0
8238,5,3,14,2
8239,2,2,5,0
8240,0,0,1,0
8241,1,0,6,0
8242,1,0,4,0
8243,0,1,2,0
8244,2,0,2,0
8245,1,2,5,0
8246,2,4,10,3
8247,3,0,5,2
8248,4,1,5,1
8249,5,6,8,1
8250,2,1,5,0
8251,0,1,4,0
8252,4,2,14,1
8253,1,1,6,1
8254,2,0,5,2
8255,2,3,5,2
8256,0,2,5,2
8257,1,0,6,2
8258,0,1,3,2
8259,3,4,7,4
8260,0,3,2,0
8261,0,0,1,0
8262,2,2,8,3
8263,0,3,4,0
8264,1,0,3,0
8265,5,4,14,5
8266,1,0,3,0
8267,1,1,2,0
8268,1,0,1,2
8269,0,0,5,1
8270,1,0,4,0
8271,3,1,1,0
8272,5,3,6,2
8273,2,0,2,0
8274,2,0,5,2
8275,0,1,2,1
8276,1,1,5,0
8277,1,1,1,0
8278,1,3,9,2
8279,0,2,1,0
8280,3,1,6,0
8281,3,4,9,3
8282,3,3,7,2
8283,1,0,6,0
8284,4,3,5,0
8285,0,3,5,0
8286,0,0,2,0
8287,1,2,1,0
8288,0,3,5,0
8289,0,2,3,0
8290,1,3,1,2
8291,1,0,5,0
8292,1,2,3,0
8293,1,0,4,2
8294,5,4,9,3
8295,3,2,1,2
8296,2,1,6,0
8297,4,5,11,1
8298,0,0,1,0
8299,0,0,1,0
8300,2,4,13,2
8301,0,3,1,0
8302,2,0,2,1
8303,0,0,2,0
8304,4,3,8,1
8305,1,3,6,0
8306,5,6,7,2
8307,6,4,13,1
8308,1,2,6,0
8309,1,0,3,0
8310,3,1,3,2
8311,1,1,1,3
8312,1,0,1,1
8313,1,0,3,2
8314,1,3,13,1
8315,2,1,5,0
8316,2,3,4,2
8317,2,2,6,0
8318,3,1,4,0
8319,0,0,1,1
8320,4,1,5,0
8321,2,0,2,0
8322,0,1,2,1
8323,1,1,5,0
8324,0,2,3,0
8325,1,3,5,2
8326,1,0,2,0
8327,1,0,1,2
8328,1,0,2,1
8329,3,0,5,3
8330,4,4,10,2
8331,0,2,3,2
8332,0,0,3,1
8333,7,4,10,3
8334,0,1,6,0
8335,5,1,8,2
8336,2,0,1,2
8337,0,1,3,0
8338,0,1,5,3
8339,2,0,3,1
8340,1,1,4,0
8341,0,0,1,2
8342,0,1,1,0
8343,1,1,2,0
8344,3,0,4,0
8345,1,4,9,2
8346,1,0,3,1
8347,4,1,2,0
8348,0,2,3,1
8349,2,0,6,0
8350,3,2,2,0
8351,3,3,6,3
8352,1,1,5,0
8353,1,1,3,2
8354,6,6,10,2
8355,0,3,4,0
8356,2,1,6,2
8357,0,0,4,0
8358,0,0,4,1
8359,0,1,6,0
8360,2,1,14,1
8361,0,0,6,2
8362,0,0,1,0
8363,3,0,1,2
8364,1,3,4,0
8365,0,0,2,0
8366,1,0,6,0
8367,4,0,4,2
8368,2,2,4,2
8369,1,2,4,1
8370,1,0,6,2
8371,0,0,6,1
8372,1,2,6,1
8373,6,4,14,3
8374,5,3,10,3
8375,1,3,5,1
8376,0,0,1,0
8377,1,1,3,0
8378,1,0,2,1
8379,0,1,4,1
8380,1,0,2,0
8381,1,1,1,0
8382,4,3,12,0
8383,1,1,5,0
8384,3,4,13,1
8385,2,3,7,2
8386,2,0,4,1
8387,0,0,3,1
8388,2,5,7,1
8389,5,3,12,1
8390,3,4,6,2
8391,0,0,5,0
8392,1,1,6,0
8393,0,1,3,0
8394,0,1,6,0
8395,1,1,2,1
8396,1,1,2,1
8397,1,3,5,1
8398,3,0,3,1
8399,2,2,2,1
8400,1,2,6,3
8401,0,1,4,1
8402,1,1,3,0
8403,1,1,9,3
8404,1,2,1,0
8405,3,2,3,1
8406,4,1,4,3
8407,1,1,6,0
8408,5,3,8,1
8409,0,1,1,2
8410,2,0,2,0
8411,0,0,2,2
8412,1,2,6,1
8413,5,2,12,5
8414,1,1,2,1
8415,4,1,2,1
8416,0,0,4,2
8417,4,1,6,0
8418,0,3,6,0
8419,0,2,6,0
8420,3,2,12,2
8421,1,1,5,1
8422,3,0,4,2
8423,6,4,5,5
8424,3,3,6,0
8425,1,3,4,0
8426,3,3,7,1
8427,0,0,2,2
8428,2,2,3,2
8429,2,2,5,4
8430,0,0,6,0
8431,4,4,13,1
8432,3,0,1,0
8433,2,5,9,1
8434,0,0,5,0
8435,4,2,1,1
8436,1,2,6,2
8437,1,3,2,2
8438,3,0,1,1
8439,2,1,1,0
8440,2,0,2,1
8441,2,2,4,0
8442,4,3,5,0
8443,2,0,3,0
8444,2,1,6,0
8445,2,2,4,1
8446,2,1,3,1
8447,1,0,3,1
8448,2,1,6,0
8449,2,1,6,3
8450,3,0,5,0
8451,3,4,11,1
8452,1,3,4,1
8453,2,1,4,0
8454,3,3,5,2
8455,1,3,4,1
8456,7,2,6,1
8457,0,1,5,0
8458,2,5,9,1
8459,0,0,1,2
8460,0,0,1,1
8461,3,1,5,2
8462,1,3,3,1
8463,0,1,4,0
8464,1,3,1,0
8465,0,1,1,1
8466,2,1,4,0
8467,1,3,3,1
8468,1,0,3,1
8469,0,1,4,0
8470,0,0,6,1
8471,3,0,5,0
8472,0,0,6,0
8473,4,1,6,1
8474,2,1,5,1
8475,0,0,3,1
8476,5,3,13,2
8477,1,2,1,3
8478,3,1,14,2
8479,5,5,6,3
8480,1,2,3,0
8481,3,0,5,3
8482,3,3,7,0
8483,6,4,7,1
8484,1,6,13,2
8485,2,0,2,0
8486,2,1,3,0
8487,0,3,1,0
8488,1,1,1,3
8489,1,2,3,1
8490,1,0,2,2
8491,1,1,3,0
8492,0,0,1,0
8493,1,1,1,1
8494,4,1,5,1
8495,1,0,6,2
8496,4,1,5,0
8497,2,2,2,1
8498,2,0,6,0
8499,4,4,6,2
8500,0,3,6,2
8501,1,3,1,2
8502,3,4,7,2
8503,4,5,11,1
8504,4,2,5,0
8505,1,1,2,2
8506,0,2,2,3
8507,3,3,14,3
8508,0,1,3,0
8509,1,2,3,0
8510,1,2,2,0
8511,1,0,3,1
8512,0,0,4,1
8513,4,2,13,1
8514,4,2,10,4
8515,4,4,10,3
8516,2,3,6,2
8517,3,3,2,0
8518,3,3,14,2
8519,3,2,12,3
8520,1,2,9,2
8521,0,0,5,1
8522,4,1,10,4
8523,0,1,6,0
8524,2,1,4,1
8525,5,5,13,0
8526,2,0,4,0
8527,3,4,5,3
8528,0,0,2,1
8529,1,2,6,3
8530,2,0,5,2
8531,0,1,2,2
8532,2,1,3,2
8533,4,0,3,0
8534,2,1,5,0
8535,4,3,14,4
8536,2,0,4,1
8537,1,0,4,2
8538,3,2,12,4
8539,5,5,14,2
8540,3,4,9,2
8541,4,2,10,1
8542,2,1,6,0
8543,1,0,6,1
8544,3,2,13,2
8545,1,2,6,0
8546,0,0,1,1
8547,0,2,5,0
8548,3,2,5,0
8549,2,1,1,1
8550,1,1,5,0
8551,2,0,2,0
8552,0,1,4,0
8553,0,2,3,1
8554,2,0,2,2
8555,2,3,3,0
8556,1,1,4,0
8557,0,2,2,0
8558,0,3,6,1
8559,2,1,2,0
8560,1,2,4,0
8561,6,3,6,2
8562,0,3,6,1
8563,5,3,6,3
8564,5,3,9,1
8565,0,2,5,3
8566,3,3,7,2
8567,0,1,2,2
8568,2,0,6,1
8569,1,0,4,0
8570,2,0,5,3
8571,1,1,6,0
8572,1,1,3,0
8573,2,1,4,1
8574,0,0,6,0
8575,1,1,4,1
8576,4,4,6,4
8577,0,3,2,0
8578,0,3,3,0
8579,3,2,5,1
8580,1,0,1,1
8581,4,3,9,3
8582,0,3,3,1
8583,1,3,5,0
8584,3,2,1,1
8585,1,1,2,0
8586,1,3,4,0
8587,0,2,3,0
8588,0,1,5,0
8589,1,1,2,0
8590,7,5,5,1
8591,0,0,1,1
8592,0,0,2,1
8593,0,0,5,0
8594,3,0,2,0
8595,0,1,4,1
8596,1,0,5,1
8597,0,0,4,3
8598,3,1,6,1
8599,1,2,3,0
8600,4,5,10,3
8601,2,1,4,2
8602,3,4,9,2
8603,4,3,10,2
8604,0,1,1,0
8605,1,0,3,1
8606,1,0,5,2
8607,1,2,4,0
8608,1,3,6,0
8609,2,3,1,0
8610,5,2,14,5
8611,1,1,3,1
8612,2,2,4,0
8613,6,5,13,2
8614,0,2,4,1
8615,2,2,3,0
8616,6,4,5,3
8617,1,0,6,0
8618,0,0,2,2
8619,0,1,1,0
8620,1,1,6,0
8621,0,0,2,0
8622,0,1,3,1
8623,0,1,6,0
8624,1,3,1,1
8625,0,1,6,1
8626,1,1,5,0
8627,4,3,11,1
8628,3,2,1,3
8629,5,2,13,3
8630,3,2,6,1
8631,2,0,4,2
8632,0,1,6,0
8633,0,1,4,0
8634,1,0,2,2
8635,3,1,5,1
8636,1,0,3,1
8637,0,2,2,0
8638,0,0,2,0
8639,0,0,3,0
8640,0,1,2,0
8641,1,0,4,1
8642,1,0,4,1
8643,4,2,6,2
8644,5,4,10,2
8645,1,3,4,1
8646,1,3,2,1
8647,0,1,6,0
8648,0,1,1,1
8649,8,5,9,3
8650,1,0,5,0
8651,1,0,2,1
8652,8,6,10,2
8653,0,0,6,1
8654,3,3,13,3
8655,1,0,1,0
8656,0,1,2,3
8657,3,0,5,0
8658,3,1,4,0
8659,2,1,3,0
8660,2,1,2,1
8661,1,1,6,0
8662,4,0,2,0
8663,4,2,12,3
8664,1,2,9,1
8665,3,0,3,0
8666,0,1,2,0
8667,0,0,4,0
8668,4,3,11,1
8669,1,1,1,3
8670,1,2,4,0
8671,2,1,3,0
8672,1,1,1,1
8673,3,2,1,0
8674,0,2,5,0
8675,7,3,13,1
8676,7,4,11,3
8677,1,2,2,1
8678,2,3,9,3
8679,2,0,4,1
8680,0,1,4,1
8681,1,0,2,0
8682,0,0,3,0
8683,2,2,1,0
8684,0,0,3,1
8685,0,1,3,2
8686,0,0,1,2
8687,1,1,3,0
8688,1,0,3,0
8689,4,2,14,2
8690,0,1,4,1
8691,1,0,1,0
8692,8,4,6,1
8693,1,0,3,1
8694,1,1,5,1
8695,3,6,9,1
8696,0,0,3,0
8697,1,1,2,1
8698,0,1,4,0
8699,1,3,14,2
8700,4,0,6,1
8701,0,0,2,0
8702,0,2,3,2
8703,0,1,4,2
8704,2,0,4,1
8705,4,4,14,2
8706,0,0,3,2
8707,0,0,1,1
8708,0,0,3,0
8709,0,0,3,0
8710,1,1,3,1
8711,2,2,4,1
8712,1,2,2,1
8713,4,2,10,1
8714,3,1,7,2
8715,3,3,13,1
8716,3,3,8,1
8717,3,0,1,0
8718,0,0,2,0
8719,1,2,4,0
8720,2,0,4,0
8721,0,1,4,0
8722,2,0,5,1
8723,6,6,8,2
8724,2,1,2,1
8725,4,1,6,0
8726,2,0,4,0
8727,0,0,3,1
8728,1,0,4,1
8729,1,0,6,0
8730,0,1,2,0
8731,2,0,4,1
8732,0,0,5,0
8733,1,0,4,2
8734,2,1,2,0
8735,2,0,4,3
8736,4,6,13,2
8737,1,0,3,0
8738,1,2,3,1
8739,1,0,1,0
8740,1,0,6,2
8741,0,0,3,0
8742,0,3,5,2
8743,5,4,8,2
8744,1,0,2,0
8745,0,1,2,0
8746,0,2,4,0
8747,1,1,3,1
8748,7,3,13,2
8749,2,2,6,1
8750,2,3,4,2
8751,4,3,4,0
8752,4,0,1,0
8753,0,1,2,1
8754,0,0,3,1
8755,1,1,6,1
8756,0,0,2,0
8757,1,2,11,1
8758,3,1,2,2
8759,3,3,7,1
8760,3,0,2,0
8761,4,0,2,3
8762,4,1,13,2
8763,1,2,6,1
8764,1,4,14,2
8765,1,2,1,0
8766,6,4,10,2
8767,1,2,3,0
8768,5,2,7,2
8769,4,0,3,2
8770,0,1,2,0
8771,2,1,5,5
8772,1,1,3,0
8773,2,3,3,1
8774,3,2,8,1
8775,3,0,6,2
8776,3,2,2,3
8777,3,4,6,0
8778,0,2,5,1
8779,0,1,1,0
8780,1,3,4,2
8781,2,0,1,1
8782,0,0,4,0
8783,3,0,5,0
8784,2,2,4,0
8785,1,1,4,2
8786,3,2,8,1
8787,1,0,5,2
8788,1,1,5,3
8789,4,5,6,1
8790,4,1,11,4
8791,3,1,10,1
8792,4,0,3,0
8793,2,0,4,0
8794,1,2,5,0
8795,0,1,1,0
8796,1,2,6,0
8797,0,0,1,1
8798,0,1,2,0
8799,0,1,2,0
8800,0,0,2,0
8801,1,1,3,0
8802,1,0,1,3
8803,1,2,4,0
8804,1,1,4,0
8805,4,4,6,1
8806,5,5,9,3
8807,2,1,5,1
8808,3,3,9,2
8809,0,2,5,0
8810,3,1,2,1
8811,1,1,1,0
8812,5,4,11,2
8813,1,3,3,1
8814,3,0,2,0
8815,2,2,5,1
8816,1,1,1,0
8817,1,0,6,0
8818,3,4,9,1
8819,1,3,4,2
8820,0,1,3,1
8821,0,3,1,3
8822,0,2,3,0
8823,5,3,10,2
8824,3,3,6,0
8825,0,0,3,3
8826,3,1,2,0
8827,3,1,7,1
8828,0,1,1,0
8829,0,3,3,0
8830,2,2,13,2
8831,2,4,10,3
8832,1,1,5,3
8833,2,2,1,0
8834,4,1,6,0
8835,0,0,4,0
8836,1,3,2,1
8837,0,1,5,3
8838,4,1,14,4
8839,5,2,11,1
8840,4,0,6,0
8841,2,1,3,0
8842,4,0,4,0
8843,2,1,1,1
8844,0,0,3,0
8845,3,2,4,0
8846,4,2,3,0
8847,1,1,6,0
8848,2,2,5,0
8849,0,1,4,2
8850,0,1,1,1
8851,2,1,4,0
8852,4,3,12,2
8853,4,0,1,1
8854,0,0,2,0
8855,0,1,6,2
8856,1,3,6,0
8857,1,0,5,2
8858,1,1,1,1
8859,2,1,4,1
8860,2,1,3,0
8861,0,0,3,0
8862,0,1,3,0
8863,1,1,1,0
8864,2,2,5,0
8865,1,1,2,0
8866,1,3,3,2
8867,1,0,5,0
8868,0,0,4,0
8869,3,1,2,0
8870,2,3,5,0
8871,0,1,2,1
8872,2,0,5,1
8873,4,0,2,1
8874,4,2,6,1
8875,0,0,4,0
8876,1,2,4,0
8877,1,2,2,2
8878,2,0,3,1
8879,3,3,10,1
8880,2,0,1,0
8881,7,2,13,2
8882,4,2,6,0
8883,3,2,7,3
8884,1,0,6,0
8885,1,0,6,0
8886,3,1,2,1
8887,1,1,4,1
8888,1,1,1,0
8889,0,1,6,2
8890,2,4,10,1
8891,0,0,4,1
8892,1,3,5,0
8893,1,1,3,1
8894,0,0,4,1
8895,6,2,9,2
8896,0,0,2,0
8897,1,3,6,3
8898,0,1,5,2
8899,1,0,5,2
8900,0,1,4,2
8901,1,0,2,0
8902,5,2,5,1
8903,2,0,2,0
8904,2,4,6,3
8905,1,0,5,0
8906,2,1,3,2
8907,0,1,4,0
8908,3,1,6,3
8909,3,0,6,0
8910,2,0,2,1
8911,1,2,6,1
8912,0,0,1,0
8913,0,0,5,0
8914,1,0,5,0
8915,1,1,4,2
8916,0,2,2,1
8917,1,1,6,1
8918,0,0,5,1
8919,1,0,4,1
8920,0,2,4,1
8921,2,3,2,0
8922,1,3,11,3
8923,2,2,1,1
8924,4,4,14,5
8925,2,1,5,0
8926,6,2,10,2
8927,0,1,4,0
8928,0,2,4,0
8929,0,1,1,2
8930,1,2,3,0
8931,1,1,3,1
8932,1,1,5,0
8933,0,1,4,1
8934,2,3,14,3
8935,3,0,3,2
8936,2,5,7,1
8937,1,2,5,0
8938,3,4,10,0
8939,3,0,5,0
8940,2,1,2,0
8941,1,1,5,2
8942,4,1,13,2
8943,1,3,5,1
8944,0,1,4,1
8945,2,2,2,0
8946,1,1,1,0
8947,3,3,8,3
8948,3,1,5,0
8949,5,3,6,1
8950,4,5,12,1
8951,1,2,5,0
8952,3,3,4,0
8953,0,2,3,1
8954,6,3,11,1
8955,3,4,5,5
8956,4,4,14,1
8957,2,2,5,0
8958,3,0,3,0
8959,3,1,3,0
8960,1,3,5,0
8961,5,3,12,1
8962,5,1,5,1
8963,4,3,12,2
8964,0,2,1,3
8965,2,0,6,1
8966,2,0,1,1
8967,1,3,5,2
8968,5,3,5,2
8969,4,3,6,2
8970,1,3,4,1
8971,1,1,6,0
8972,4,3,10,4
8973,0,0,5,0
8974,2,2,4,0
8975,5,6,8,2
8976,1,3,6,1
8977,1,1,6,1
8978,3,1,4,2
8979,3,2,4,0
8980,3,1,2,0
8981,1,0,3,1
8982,0,1,5,2
8983,4,4,13,2
8984,1,1,5,1
8985,3,1,1,2
8986,1,0,6,0
8987,3,0,2,1
8988,5,4,11,1
8989,7,4,9,1
8990,5,4,7,4
8991,2,3,1,1
8992,2,1,4,0
8993,1,3,5,0
8994,2,2,10,2
8995,3,2,4,0
8996,0,3,3,2
8997,2,2,1,0
8998,2,0,2,0
8999,1,1,3,0
9000,2,0,2,0
9001,0,0,2,2
9002,1,3,4,0
9003,2,2,5,1
9004,2,0,6,1
9005,2,2,5,2
9006,7,3,6,0
9007,1,1,5,0
9008,3,0,4,0
9009,1,2,1,0
9010,0,2,2,1
9011,4,1,5,1
9012,1,1,6,2
9013,1,2,5,1
9014,0,2,6,1
9015,3,2,14,1
9016,2,1,1,1
9017,1,1,4,1
9018,0,2,6,2
9019,4,1,12,0
9020,1,2,2,2
9021,4,1,6,0
9022,1,0,5,1
9023,7,3,10,2
9024,4,2,3,0
9025,0,0,3,2
9026,0,3,5,1
9027,1,3,12,0
9028,0,1,1,0
9029,0,1,3,0
9030,3,5,11,1
9031,2,2,3,1
9032,1,0,5,1
9033,3,1,1,0
9034,3,3,7,2
9035,0,0,3,1
9036,3,0,2,0
9037,2,0,3,0
9038,1,1,5,1
9039,2,2,6,1
9040,4,0,4,0
9041,1,2,11,2
9042,2,3,2,1
9043,0,0,6,0
9044,0,2,3,3
9045,0,3,4,0
9046,1,0,5,1
9047,2,1,2,3
9048,4,0,3,1
9049,0,0,3,0
9050,1,3,1,1
9051,2,3,4,1
9052,1,2,2,0
9053,2,0,2,0
9054,3,0,5,0
9055,0,0,3,0
9056,2,0,1,2
9057,0,1,6,0
9058,2,1,6,1
9059,0,2,2,2
9060,0,2,5,1
9061,2,0,1,0
9062,2,2,6,1
9063,4,0,1,1
9064,1,0,3,2
9065,0,1,4,0
9066,2,1,2,1
9067,1,0,2,2
9068,1,2,1,0
9069,4,3,5,2
9070,1,2,2,1
9071,1,1,5,1
9072,1,0,1,1
9073,2,2,3,0
9074,6,2,13,2
9075,0,0,6,1
9076,2,2,2,2
9077,3,3,2,0
9078,2,1,4,1
9079,0,0,6,2
9080,1,3,3,1
9081,2,2,5,1
9082,5,2,14,2
9083,0,0,2,0
9084,3,1,1,1
9085,2,0,2,0
9086,3,6,5,2
9087,4,5,7,3
9088,1,3,2,0
9089,4,3,1,0
9090,1,0,1,0
9091,3,1,3,0
9092,0,0,2,0
9093,4,3,12,2
9094,1,0,4,1
9095,1,2,6,2
9096,5,3,12,3
9097,1,3,2,0
9098,5,1,12,2
9099,2,0,2,1
9100,1,0,6,1
9101,3,2,8,3
9102,0,1,2,0
9103,1,0,1,0
9104,2,3,11,3
9105,0,0,4,2
9106,2,0,4,0
9107,2,0,3,0
9108,1,1,5,0
9109,1,0,6,0
9110,1,1,1,2
9111,2,2,2,1
9112,2,0,2,2
9113,0,1,1,0
9114,3,0,6,1
9115,4,4,13,3
9116,0,0,2,0
9117,1,1,3,2
9118,0,0,4,0
9119,2,0,6,0
9120,0,0,4,2
9121,8,3,6,1
9122,2,3,2,3
9123,1,3,9,1
9124,5,2,5,3
9125,2,0,3,0
9126,3,5,9,3
9127,2,3,3,0
9128,1,2,5,0
9129,5,3,7,2
9130,1,3,6,1
9131,4,1,1,0
9132,2,3,3,2
9133,0,2,1,0
9134,2,0,1,3
9135,3,1,3,2
9136,0,3,1,0
9137,2,1,5,0
9138,1,1,6,0
9139,3,5,11,2
9140,4,2,9,1
9141,0,0,4,0
9142,3,5,12,3
9143,2,2,5,0
9144,3,0,6,1
9145,0,0,3,0
9146,0,0,4,0
9147,0,0,3,0
9148,4,4,10,1
9149,7,2,7,1
9150,4,2,3,1
9151,0,1,1,1
9152,4,0,5,0
9153,2,3,10,2
9154,1,2,6,3
9155,4,3,4,1
9156,2,2,9,3
9157,1,1,8,5
9158,0,2,6,1
9159,1,0,4,0
9160,2,2,2,2
9161,2,6,11,1
9162,1,2,3,1
9163,3,1,5,0
9164,2,3,1,0
9165,0,0,1,1
9166,1,0,4,0
9167,2,1,2,1
9168,3,1,3,2
9169,0,3,4,0
9170,0,1,1,1
9171,5,6,12,2
9172,0,0,2,1
9173,1,3,1,0
9174,2,0,3,2
9175,2,1,2,0
9176,0,0,1,1
9177,1,1,5,0
9178,2,1,4,0
9179,3,0,1,0
9180,1,3,2,1
9181,2,1,4,0
9182,2,0,6,1
9183,1,0,3,1
9184,3,1,3,1
9185,4,5,8,1
9186,6,3,12,1
9187,3,0,2,0
9188,0,0,5,0
9189,5,3,7,1
9190,0,0,4,1
9191,1,3,14,2
9192,0,0,4,2
9193,2,1,5,0
9194,3,1,6,2
9195,4,2,10,2
9196,1,1,5,0
9197,3,1,4,0
9198,5,4,13,3
9199,2,2,6,0
9200,0,0,4,0
9201,3,1,4,0
9202,3,1,6,0
9203,4,1,2,1
9204,0,1,3,1
9205,0,1,3,2
9206,3,3,6,1
9207,3,2,6,0
9208,1,2,2,1
9209,4,1,6,2
9210,5,3,7,2
9211,0,1,2,0
9212,0,0,1,1
9213,6,2,10,2
9214,1,2,4,0
9215,7,1,9,4
9216,0,0,6,1
9217,0,3,1,0
9218,0,0,4,0
9219,0,1,1,1
9220,3,0,1,1
9221,3,0,4,0
9222,3,3,5,1
9223,3,1,3,0
9224,3,2,5,0
9225,2,1,5,1
9226,1,0,4,1
9227,3,0,1,0
9228,2,1,5,2
9229,1,0,3,0
9230,1,0,4,2
9231,1,2,11,3
9232,0,2,2,1
9233,1,1,5,0
9234,2,0,1,0
9235,1,3,2,0
9236,2,1,5,0
9237,2,2,5,0
9238,2,2,4,0
9239,4,2,5,3
9240,1,3,4,0
9241,2,1,4,0
9242,4,2,13,5
9243,1,1,2,2
9244,2,0,6,0
9245,0,1,4,0
9246,7,4,7,1
9247,1,0,2,1
9248,0,0,2,1
9249,1,1,2,3
9250,1,3,2,1
9251,0,0,6,1
9252,3,0,5,1
9253,1,0,6,0
9254,2,0,3,0
9255,2,1,2,3
9256,4,6,11,1
9257,0,0,1,0
9258,6,3,8,1
9259,3,2,1,2
9260,5,2,14,4
9261,3,2,2,0
9262,1,1,1,0
9263,1,1,4,0
9264,2,1,1,3
9265,2,0,2,2
9266,2,6,5,2
9267,2,1,1,1
9268,2,1,3,0
9269,3,1,4,0
9270,1,1,4,0
9271,1,0,5,2
9272,0,0,5,2
9273,2,1,2,1
9274,3,1,5,0
9275,0,3,6,0
9276,2,2,1,1
9277,0,1,3,0
9278,1,0,2,0
9279,0,1,5,1
9280,1,3,2,0
9281,1,2,2,1
9282,1,4,5,1
9283,2,1,5,1
9284,1,0,4,0
9285,2,1,2,0
9286,1,3,3,0
9287,2,2,2,0
9288,0,1,1,1
9289,0,0,1,1
9290,0,2,4,0
9291,3,0,3,1
9292,1,2,11,1
9293,5,6,8,3
9294,4,0,2,0
9295,4,1,1,0
9296,4,3,1,0
9297,2,1,2,0
9298,2,1,6,0
9299,3,0,1,0
9300,2,0,5,1
9301,0,0,4,0
9302,1,0,6,2
9303,1,0,4,0
9304,5,3,14,2
9305,4,6,9,2
9306,3,4,12,2
9307,3,1,3,0
9308,0,0,5,0
9309,0,1,3,0
9310,1,0,1,1
9311,2,0,1,0
9312,1,3,3,0
9313,2,0,4,1
9314,1,3,6,0
9315,2,2,1,1
9316,3,2,1,0
9317,1,1,1,0
9318,0,2,1,1
9319,1,3,6,0
9320,0,2,4,0
9321,3,2,4,1
9322,2,1,3,0
9323,2,1,3,0
9324,0,3,1,0
9325,0,1,2,0
9326,1,1,3,2
9327,3,2,1,0
9328,2,0,1,1
9329,0,1,4,2
9330,0,2,3,2
9331,6,4,11,1
9332,1,0,6,3
9333,1,1,5,0
9334,0,0,5,1
9335,0,2,6,0
9336,1,1,5,2
9337,1,1,3,1
9338,1,0,1,1
9339,6,3,8,2
9340,3,2,6,3
9341,2,2,6,2
9342,2,2,3,0
9343,5,5,8,1
9344,4,0,3,1
9345,1,0,6,0
9346,4,2,6,1
9347,2,0,3,1
9348,0,3,4,0
9349,3,1,5,1
9350,1,1,3,0
9351,2,1,3,1
9352,4,1,4,0
9353,2,0,6,1
9354,3,4,5,1
9355,4,3,6,0
9356,1,0,6,1
9357,2,1,14,1
9358,3,0,3,1
9359,1,0,3,2
9360,0,1,3,1
9361,2,0,3,1
9362,2,1,1,0
9363,1,1,2,2
9364,2,0,2,1
9365,1,0,5,0
9366,3,2,3,1
9367,1,2,2,3
9368,0,3,6,2
9369,1,1,5,0
9370,5,3,5,3
9371,1,2,3,2
9372,3,0,2,0
9373,1,0,2,0
9374,0,0,4,0
9375,2,5,7,1
9376,0,3,1,0
9377,3,4,10,2
9378,2,2,2,2
9379,0,1,4,0
9380,5,3,11,0
9381,5,3,8,2
9382,0,1,4,0
9383,0,0,4,1
9384,2,0,1,0
9385,2,1,2,2
9386,2,0,4,0
9387,2,0,3,0
9388,2,0,3,0
9389,5,3,12,2
9390,0,2,2,0
9391,1,1,4,0
9392,1,0,1,0
9393,4,0,4,1
9394,2,3,5,1
9395,1,0,6,0
9396,3,2,10,2
9397,0,1,1,1
9398,5,3,9,1
9399,0,2,5,0
9400,0,1,4,2
9401,5,2,8,3
9402,1,0,6,2
9403,1,1,4,1
9404,1,2,3,0
9405,1,3,3,0
9406,2,2,6,1
9407,3,0,5,0
9408,0,2,4,0
9409,0,1,6,0
9410,2,0,1,0
9411,1,0,5,1
9412,3,2,14,5
9413,1,1,2,0
9414,2,0,1,0
9415,6,2,9,5
9416,3,4,13,1
9417,0,2,1,0
9418,1,3,2,2
9419,6,5,7,1
9420,4,3,5,1
9421,6,4,9,2
9422,3,4,5,3
9423,4,1,6,3
9424,0,2,4,1
9425,2,1,4,1
9426,7,3,13,2
9427,0,1,6,1
9428,0,1,2,1
9429,4,4,7,1
9430,1,0,5,1
9431,0,2,5,1
9432,1,1,2,2
9433,7,2,8,1
9434,1,1,1,0
9435,0,1,5,1
9436,1,1,3,0
9437,2,0,6,1
9438,4,5,14,4
9439,4,0,2,0
9440,2,2,1,0
9441,1,1,1,2
9442,1,1,1,0
9443,1,2,3,0
9444,0,0,2,0
9445,0,3,3,0
9446,2,3,6,3
9447,0,1,1,0
9448,4,3,8,1
9449,0,0,5,0
9450,1,1,3,0
9451,2,2,3,1
9452,2,2,4,0
9453,0,3,3,1
9454,0,1,6,0
9455,0,3,4,0
9456,3,1,4,1
9457,2,2,6,2
9458,0,1,6,0
9459,0,1,3,1
9460,2,2,1,0
9461,3,1,4,0
9462,2,3,1,1
9463,3,3,6,0
9464,8,2,7,3
9465,3,0,2,1
9466,1,1,2,0
9467,1,2,2,0
9468,0,1,6,0
9469,1,0,4,1
9470,3,0,1,1
9471,7,2,14,1
9472,0,2,5,3
9473,2,1,6,0
9474,3,0,5,1
9475,0,2,6,1
9476,2,3,4,0
9477,6,4,5,3
9478,0,3,4,0
9479,1,0,5,2
9480,0,0,2,3
9481,1,0,4,1
9482,2,0,6,0
9483,4,3,14,2
9484,1,1,4,1
9485,3,4,10,2
9486,1,0,1,1
9487,3,0,1,1
9488,2,0,3,1
9489,0,0,3,1
9490,0,1,1,0
9491,3,2,11,2
9492,1,0,1,1
9493,3,2,12,1
9494,3,3,12,2
9495,4,1,6,1
9496,5,4,12,2
9497,0,0,3,0
9498,5,3,13,1
9499,3,1,6,0
9500,4,2,3,2
9501,1,2,4,0
9502,4,1,5,0
9503,1,1,6,0
9504,2,1,1,1
9505,6,4,9,2
9506,4,3,7,2
9507,1,1,2,1
9508,3,2,10,2
9509,0,0,6,1
9510,4,1,6,2
9511,1,1,6,0
9512,1,1,4,0
9513,0,1,4,1
9514,2,1,5,2
9515,8,5,6,3
9516,2,1,5,1
9517,0,0,2,1
9518,3,1,3,2
9519,4,1,6,3
9520,1,0,3,1
9521,5,5,11,3
9522,1,1,5,1
9523,1,4,13,3
9524,4,3,7,3
9525,2,2,2,0
9526,0,0,6,0
9527,0,0,6,1
9528,4,2,11,4
9529,1,1,4,0
9530,2,0,5,0
9531,2,1,2,0
9532,3,0,1,0
9533,1,3,4,0
9534,4,2,6,2
9535,2,0,3,3
9536,2,0,5,0
9537,2,4,9,2
9538,1,0,2,1
9539,0,3,1,0
9540,2,0,1,0
9541,1,0,5,0
9542,2,0,6,0
9543,4,3,13,1
9544,0,0,6,1
9545,0,0,6,0
9546,0,1,5,0
9547,1,1,3,1
9548,5,2,9,1
9549,0,1,4,1
9550,2,1,4,1
9551,1,0,4,1
9552,2,3,5,1
9553,0,3,3,1
9554,1,1,5,1
9555,1,1,3,2
9556,4,3,5,3
9557,1,0,2,1
9558,3,3,14,0
9559,2,1,6,2
9560,0,0,1,0
9561,1,3,2,0
9562,0,0,4,1
9563,3,3,14,2
9564,3,1,3,0
9565,0,3,3,2
9566,4,0,5,1
9567,6,4,14,3
9568,1,1,2,1
9569,1,3,5,1
9570,5,4,9,2
9571,3,2,6,0
9572,0,1,5,0
9573,1,1,1,1
9574,0,1,5,0
9575,2,0,4,0
9576,0,0,5,1
9577,4,3,12,2
9578,0,3,4,1
9579,1,2,3,2
9580,2,3,3,2
9581,7,3,6,2
9582,3,2,4,0
9583,0,0,5,0
9584,3,2,2,1
9585,0,3,5,1
9586,2,1,5,2
9587,2,3,3,1
9588,0,2,3,0
9589,2,2,2,2
9590,2,1,5,0
9591,1,1,1,2
9592,1,1,2,1
9593,3,0,2,1
9594,1,0,6,2
9595,0,1,2,0
9596,3,3,8,4
9597,2,1,6,0
9598,2,1,1,0
9599,2,1,3,0
9600,4,5,5,2
9601,0,1,2,0
9602,2,3,6,1
9603,1,2,2,0
9604,3,1,6,0
9605,0,0,3,1
9606,0,2,6,0
9607,2,0,1,2
9608,3,2,2,1
9609,0,1,2,0
9610,1,3,2,0
9611,4,3,10,1
9612,0,1,3,0
9613,0,2,6,1
9614,6,6,6,1
9615,3,1,6,0
9616,0,1,5,2
9617,1,0,6,0
9618,2,0,4,2
9619,5,1,5,3
9620,1,1,4,0
9621,1,2,2,0
9622,1,0,6,1
9623,3,2,4,1
9624,0,0,5,0
9625,1,0,2,2
9626,4,0,2,0
9627,2,1,5,0
9628,2,0,2,0
9629,2,1,1,1
9630,0,1,4,0
9631,2,4,5,0
9632,2,0,2,0
9633,3,4,5,3
9634,0,0,2,0
9635,2,2,6,2
9636,4,3,1,1
9637,0,2,5,0
9638,2,3,1,0
9639,3,0,6,2
9640,5,2,7,0
9641,1,1,1,1
9642,4,1,6,1
9643,0,0,5,0
9644,3,2,4,0
9645,2,3,5,2
9646,0,0,5,2
9647,0,0,3,0
9648,1,1,6,1
9649,4,3,12,3
9650,2,2,4,0
9651,3,3,8,2
9652,2,3,2,3
9653,2,1,4,0
9654,3,2,6,2
9655,3,1,3,0
9656,4,5,5,1
9657,1,4,14,3
9658,3,1,4,0
9659,1,1,1,2
9660,5,6,13,1
9661,1,1,3,2
9662,1,1,4,2
9663,1,1,6,2
9664,0,3,2,0
9665,1,1,7,0
9666,2,2,5,0
9667,0,0,2,2
9668,0,1,4,0
9669,2,0,6,0
9670,1,0,2,1
9671,1,0,6,0
9672,2,1,2,2
9673,1,1,3,0
9674,0,0,1,1
9675,2,0,2,0
9676,2,1,9,2
9677,1,0,4,1
9678,1,0,5,0
9679,2,2,6,2
9680,2,3,3,0
9681,1,1,2,0
9682,0,0,1,0
9683,0,0,2,3
9684,0,0,3,1
9685,2,2,5,1
9686,0,0,2,0
9687,3,1,3,2
9688,0,0,5,2
9689,0,2,5,0
9690,2,0,4,1
9691,0,0,5,1
9692,1,2,2,2
9693,2,1,4,2
9694,4,1,5,1
9695,3,2,11,1
9696,0,0,3,0
9697,3,0,2,3
9698,6,3,13,1
9699,1,1,4,0
9700,0,2,6,0
9701,2,1,2,0
9702,3,0,6,0
9703,3,2,4,0
9704,2,0,5,1
9705,0,0,4,1
9706,1,2,2,2
9707,7,3,8,3
9708,4,4,9,1
9709,1,0,2,0
9710,1,1,4,1
9711,2,1,3,0
9712,1,3,1,1
9713,0,1,4,0
9714,2,2,3,1
9715,4,1,1,2
9716,3,2,2,0
9717,1,1,4,0
9718,0,1,3,0
9719,1,1,5,1
9720,0,1,5,0
9721,4,3,12,3
9722,5,3,8,3
9723,3,6,8,1
9724,1,1,1,2
9725,2,1,5,0
9726,1,1,4,1
9727,5,3,14,3
9728,6,2,11,1
9729,3,3,13,4
9730,1,1,6,0
9731,3,1,3,0
9732,1,2,1,0
9733,1,0,3,0
9734,2,3,5,0
9735,3,0,3,2
9736,0,3,5,3
9737,2,3,2,0
9738,1,0,1,0
9739,1,0,1,0
9740,0,1,1,2
9741,3,1,2,0
9742,1,0,3,0
9743,4,4,5,3
9744,1,1,1,0
9745,2,1,6,1
9746,2,1,2,1
9747,1,1,2,0
9748,1,1,5,0
9749,2,0,6,0
9750,0,0,2,0
9751,0,3,6,0
9752,1,1,4,1
9753,1,0,6,0
9754,3,0,1,1
9755,0,3,5,3
9756,4,6,7,4
9757,0,0,5,1
9758,2,1,4,1
9759,1,1,1,0
9760,2,0,5,2
9761,4,1,1,0
9762,1,3,2,3
9763,4,2,13,2
9764,0,3,6,0
9765,2,2,6,1
9766,5,6,7,1
9767,0,1,5,1
9768,0,0,3,0
9769,0,3,1,1
9770,2,2,5,1
9771,0,0,1,1
9772,0,1,1,1
9773,6,5,11,5
9774,6,4,13,3
9775,2,3,1,1
9776,2,3,1,0
9777,5,2,11,1
9778,0,0,5,0
9779,4,1,1,1
9780,0,2,3,0
9781,1,1,2,1
9782,0,2,6,0
9783,1,0,5,0
9784,1,1,6,0
9785,0,1,2,1
9786,0,1,2,0
9787,2,1,1,0
9788,3,3,5,1
9789,0,0,3,1
9790,6,1,14,2
9791,3,1,1,0
9792,1,0,5,0
9793,2,1,3,2
9794,1,1,2,1
9795,3,2,14,2
9796,1,1,2,0
9797,2,0,6,0
9798,2,2,5,1
9799,1,0,3,0
9800,2,0,2,0
9801,3,0,6,1
9802,0,1,4,0
9803,3,1,2,2
9804,0,0,1,0
9805,1,1,3,0
9806,1,0,2,2
9807,2,1,5,0
9808,4,1,14,2
9809,0,2,2,1
9810,1,2,5,1
9811,0,2,3,1
9812,1,1,3,0
9813,1,1,2,1
9814,1,1,3,1
9815,1,0,5,1
9816,1,1,4,0
9817,3,0,5,0
9818,0,2,4,2
9819,2,3,4,0
9820,3,3,6,3
9821,2,0,1,1
9822,0,0,4,1
9823,1,3,5,3
9824,1,1,5,2
9825,0,1,3,1
9826,1,2,3,0
9827,0,1,2,1
9828,6,2,6,2
9829,2,1,2,2
9830,1,1,2,1
9831,1,2,4,2
9832,1,1,2,0
9833,2,1,2,0
9834,4,1,5,1
9835,5,4,11,1
9836,5,6,13,1
9837,4,4,11,2
9838,1,0,6,0
9839,1,1,2,2
9840,3,0,1,1
9841,1,1,5,3
9842,1,2,5,0
9843,2,1,6,0
9844,3,2,3,1
9845,2,0,6,0
9846,3,0,5,1
9847,5,4,9,2
9848,1,2,2,0
9849,0,0,3,0
9850,3,3,2,0
9851,0,0,6,2
9852,1,1,1,0
9853,0,2,2,0
9854,5,2,9,0
9855,0,1,3,0
9856,2,1,6,3
9857,2,0,5,0
9858,0,0,3,0
9859,0,0,2,2
9860,1,0,1,1
9861,2,0,5,0
9862,3,0,2,1
9863,1,3,2,0
9864,1,0,4,1
9865,4,0,1,0
9866,4,3,11,1
9867,2,0,3,1
9868,1,0,5,0
9869,2,1,4,0
9870,1,1,3,0
9871,4,1,6,2
9872,3,5,10,1
9873,6,2,10,2
9874,1,2,6,2
9875,4,0,6,1
9876,0,3,6,1
9877,0,0,4,0
9878,3,0,3,3
9879,1,2,3,2
9880,3,2,2,0
9881,2,1,4,3
9882,3,0,5,0
9883,3,2,7,3
9884,1,3,10,1
9885,2,0,6,0
9886,8,4,6,3
9887,2,3,1,0
9888,3,3,14,2
9889,4,0,3,0
9890,6,4,11,2
9891,0,2,3,1
9892,2,0,5,0
9893,1,3,5,0
9894,1,0,6,2
9895,2,3,14,2
9896,0,0,6,0
9897,2,2,3,1
9898,3,6,7,2
9899,0,0,6,0
9900,1,0,1,0
9901,5,5,13,1
9902,2,2,2,0
9903,0,1,3,1
9904,1,3,4,1
9905,0,0,1,0
9906,0,1,4,3
9907,2,3,6,1
9908,3,2,4,3
9909,0,0,3,2
9910,5,4,9,2
9911,1,0,6,1
9912,3,1,5,1
9913,4,0,2,1
9914,0,3,3,0
9915,3,4,5,2
9916,4,0,2,1
9917,2,3,4,0
9918,2,1,6,0
9919,1,0,3,3
9920,0,3,2,1
9921,0,1,5,1
9922,1,0,5,1
9923,5,4,14,4
9924,3,2,10,2
9925,2,0,5,0
9926,2,0,4,0
9927,0,0,5,1
9928,2,0,4,2
9929,3,0,3,0
9930,2,1,4,1
9931,1,0,4,3
9932,3,0,4,0
9933,1,2,5,0
9934,0,3,6,0
9935,4,2,11,2
9936,1,1,6,1
9937,2,3,7,1
9938,0,1,6,1
9939,7,5,14,3
9940,1,1,5,0
9941,1,2,5,0
9942,2,3,2,1
9943,2,1,6,2
9944,2,0,6,0
9945,1,0,6,0
9946,0,1,3,1
9947,2,0,1,0
9948,2,0,5,0
9949,1,2,3,1
9950,1,2,5,0
9951,1,0,3,0
9952,0,1,5,0
9953,1,4,7,1
9954,1,2,4,0
9955,1,0,2,0
9956,0,1,2,1
9957,1,3,6,0
9958,1,1,3,1
9959,1,0,5,2
9960,1,0,1,3
9961,0,1,3,0
9962,0,3,2,1
9963,0,1,2,0
9964,2,0,5,2
9965,2,0,6,1
9966,3,1,9,2
9967,1,0,4,2
9968,1,1,2,0
9969,2,0,3,0
9970,3,2,1,0
9971,7,3,10,2
9972,0,2,4,0
9973,2,3,2,2
9974,1,0,4,0
9975,2,1,4,1
9976,1,1,1,1
9977,0,1,1,0
9978,3,3,10,5
9979,5,3,13,2
9980,2,1,7,1
9981,0,0,5,2
9982,1,1,4,0
9983,3,1,3,3
9984,1,0,5,0
9985,1,1,1,0
9986,5,4,12,2
9987,1,1,5,2
9988,1,1,2,0
9989,3,0,4,0
9990,0,0,4,0
9991,1,0,5,2
9992,1,0,3,0
9993,2,4,5,1
9994,1,1,2,1
9995,1,0,6,1
9996,1,3,2,0
9997,1,0,1,1
9998,1,3,12,1
9999,2,1,3,0
10000,1,0,6,2
10001,1,0,4,0
10002,1,3,4,2
10003,4,2,5,3
10004,2,2,10,3
10005,4,2,4,1
10006,3,2,6,1
10007,4,4,11,1
10008,0,0,3,1
10009,1,0,3,1
10010,0,0,5,0
10011,2,0,3,1
10012,1,1,3,0
10013,3,1,4,0
10014,0,0,4,0
10015,0,1,3,1
10016,0,0,3,3
10017,1,1,3,0
10018,1,2,6,1
10019,2,6,9,1
10020,2,1,4,0
10021,2,0,4,0
10022,1,4,12,2
10023,0,0,3,1
10024,3,5,14,0
10025,2,0,5,0
10026,0,3,1,0
10027,1,0,6,1
10028,1,0,6,1
10029,0,0,1,0
10030,0,3,6,0
10031,3,0,2,0
10032,1,0,1,0
10033,0,3,5,0
10034,0,0,3,1
10035,2,0,1,1
10036,3,1,1,1
10037,3,3,8,2
10038,1,1,5,2
10039,0,1,5,2
10040,0,1,2,0
10041,0,3,6,3
10042,4,2,8,5
10043,0,0,3,0
10044,3,5,10,4
10045,1,0,2,0
10046,3,1,2,0
10047,6,3,6,3
10048,0,1,3,0
10049,2,0,5,1
10050,2,3,4,1
10051,0,0,3,0
10052,2,3,2,2
10053,1,0,5,0
10054,4,2,12,3
10055,1,1,2,1
10056,1,2,1,0
10057,2,1,3,0
10058,1,0,5,0
10059,6,3,12,2
10060,0,2,6,0
10061,4,1,5,3
10062,1,1,3,0
10063,2,0,4,1
10064,1,0,1,0
10065,3,0,2,0
10066,1,0,6,0
10067,0,0,5,1
10068,4,1,2,2
10069,7,5,12,1
10070,0,2,6,0
10071,3,1,5,2
10072,2,1,2,0
10073,0,0,4,1
10074,1,2,1,0
10075,3,2,2,0
10076,0,0,2,0
10077,0,1,5,0
10078,0,3,1,1
10079,2,3,5,2
10080,0,2,3,2
10081,2,0,5,2
10082,1,2,5,1
10083,5,1,8,1
10084,2,3,6,0
10085,2,2,9,2
10086,3,3,6,1
10087,2,3,2,1
10088,3,2,13,2
10089,0,3,1,1
10090,1,1,6,0
10091,5,3,12,5
10092,5,4,5,1
10093,0,0,2,1
10094,1,1,5,1
10095,2,0,1,0
10096,1,3,3,0
10097,0,3,2,0
10098,1,0,3,2
10099,2,0,3,0
10100,1,0,4,3
10101,1,3,3,0
10102,1,1,1,1
10103,1,1,1,1
10104,1,1,1,1
10105,0,0,3,1
10106,3,0,5,1
10107,1,1,6,1
10108,3,3,2,1
10109,2,0,1,0
10110,1,0,6,1
10111,2,0,5,1
10112,3,2,8,2
10113,1,3,6,1
10114,0,0,2,0
10115,5,2,12,1
10116,4,0,1,3
10117,0,1,2,0
10118,4,5,6,0
10119,4,2,6,2
10120,3,1,2,2
10121,5,3,9,1
10122,1,1,2,0
10123,3,1,2,2
10124,5,5,10,1
10125,2,1,6,0
10126,4,3,9,1
10127,4,6,12,5
10128,6,3,11,1
10129,1,0,5,1
10130,0,1,2,0
10131,1,0,4,3
10132,1,2,6,1
10133,1,0,4,0
10134,1,0,4,0
10135,5,2,7,1
10136,3,0,4,1
10137,6,1,11,2
10138,2,0,4,2
10139,2,0,1,1
10140,4,2,11,1
10141,7,1,7,2
10142,0,2,4,0
10143,2,1,2,3
10144,1,0,4,0
10145,2,0,2,0
10146,1,0,2,2
10147,0,0,1,2
10148,4,3,2,0
10149,0,0,2,0
10150,2,1,2,0
10151,1,0,6,0
10152,1,1,5,0
10153,0,0,6,2
10154,2,2,2,1
10155,4,1,4,0
10156,0,0,5,0
10157,0,0,3,0
10158,0,0,2,1
10159,0,0,5,1
10160,0,2,4,1
10161,0,2,4,0
10162,1,1,10,2
10163,0,0,6,0
10164,3,1,14,2
10165,1,3,4,0
10166,1,0,2,1
10167,6,1,10,2
10168,2,0,3,0
10169,2,0,6,0
10170,4,4,9,1
10171,0,0,2,0
10172,3,0,3,2
10173,0,1,5,0
10174,1,1,2,2
10175,0,1,4,2
10176,1,0,4,0
10177,3,0,5,3
10178,1,1,1,0
10179,1,0,4,1
10180,0,0,3,2
10181,1,2,4,0
10182,3,1,5,2
10183,3,1,2,0
10184,7,4,10,1
10185,0,0,6,0
10186,1,0,4,3
10187,0,0,4,2
10188,4,3,10,2
10189,4,5,10,1
10190,3,1,8,1
10191,3,3,13,2
10192,0,2,6,0
10193,0,0,4,0
10194,1,1,2,1
10195,1,0,5,0
10196,1,1,4,2
10197,4,2,7,4
10198,0,1,3,0
10199,2,0,1,1
10200,3,0,2,0
10201,1,1,4,0
10202,0,1,4,0
10203,0,0,2,2
10204,3,4,7,2
10205,0,1,5,2
10206,3,2,11,2
10207,0,0,3,0
10208,5,2,13,4
10209,1,1,6,2
10210,1,2,2,0
10211,7,2,10,3
10212,1,0,5,1
10213,3,1,4,1
10214,1,1,5,2
10215,1,0,1,0
10216,1,0,2,2
10217,0,1,4,0
10218,2,5,6,4
10219,2,2,2,0
10220,1,1,5,0
10221,7,1,13,2
10222,1,1,1,3
10223,2,2,5,0
10224,0,2,4,1
10225,5,3,12,1
10226,1,0,5,2
10227,0,0,4,2
10228,3,3,5,1
10229,1,0,3,2
10230,2,4,9,1
10231,3,0,4,0
10232,4,4,8,2
10233,1,0,2,0
10234,1,1,4,0
10235,1,0,2,0
10236,2,1,6,0
10237,0,0,5,2
10238,2,2,2,1
10239,0,0,2,0
10240,0,0,6,0
10241,1,0,6,1
10242,5,2,14,0
10243,2,5,13,2
10244,0,0,1,2
10245,0,1,1,0
10246,1,2,6,3
10247,3,3,5,4
10248,1,3,5,0
10249,1,1,4,3
10250,5,1,12,2
10251,0,0,6,2
10252,3,2,6,0
10253,0,2,5,0
10254,2,2,5,1
10255,4,2,3,0
10256,1,1,5,0
10257,0,0,3,0
10258,1,0,5,1
10259,6,4,14,1
10260,2,1,1,0
10261,2,3,6,3
10262,3,1,6,3
10263,5,6,7,1
10264,6,2,12,1
10265,1,0,3,0
10266,0,0,1,1
10267,4,3,9,2
10268,2,0,4,0
10269,0,2,2,1
10270,2,1,4,2
10271,1,1,3,2
10272,0,1,3,3
10273,1,2,5,3
10274,2,1,2,2
10275,1,1,6,1
10276,3,1,3,0
10277,0,0,3,0
10278,2,0,2,2
10279,2,2,2,0
10280,0,0,4,0
10281,3,1,10,2
10282,5,4,11,1
10283,7,3,9,3
10284,7,2,13,3
10285,3,0,2,0
10286,1,2,5,0
10287,2,0,6,0
10288,1,0,1,0
10289,3,5,13,1
10290,0,0,2,0
10291,0,3,4,1
10292,1,3,6,0
10293,2,2,9,1
10294,0,0,1,2
10295,0,3,6,1
10296,2,2,6,2
10297,0,0,3,1
10298,1,2,4,0
10299,2,1,2,1
10300,0,0,5,2
10301,1,2,6,1
10302,2,3,2,2
10303,1,0,6,0
10304,0,0,5,2
10305,0,1,3,1
10306,2,2,6,0
10307,1,0,2,1
10308,0,3,6,3
10309,0,0,3,0
10310,1,6,7,5
10311,0,0,3,1
10312,1,1,4,0
10313,5,3,6,2
10314,1,0,2,2
10315,0,1,2,0
10316,1,3,6,0
10317,4,1,1,1
10318,1,1,3,2
10319,1,1,5,0
10320,1,1,6,1
10321,4,2,5,3
10322,1,1,1,0
10323,2,3,6,1
10324,0,0,4,3
10325,2,3,6,0
10326,2,2,2,1
10327,4,3,7,3
10328,5,4,14,5
10329,0,1,6,0
10330,1,0,6,3
10331,1,0,1,1
10332,1,1,5,1
10333,3,0,4,0
10334,0,0,2,0
10335,3,0,3,0
10336,1,0,2,1
10337,1,1,6,0
10338,0,0,4,0
10339,1,0,2,2
10340,2,1,1,1
10341,3,1,7,2
10342,2,0,4,0
10343,2,1,2,1
10344,2,0,2,0
10345,1,2,3,1
10346,0,0,4,2
10347,0,0,2,2
10348,3,3,3,0
10349,1,1,3,1
10350,2,0,5,2
10351,1,1,3,0
10352,1,1,2,1
10353,6,3,9,2
10354,1,1,4,0
10355,5,3,12,1
10356,0,0,2,2
10357,6,1,6,3
10358,1,0,1,2
10359,1,0,1,1
10360,0,0,2,0
10361,0,1,4,0
10362,0,0,2,2
10363,1,0,5,1
10364,2,1,4,0
10365,1,1,6,0
10366,0,0,3,0
10367,2,0,2,1
10368,1,0,5,0
10369,0,1,6,0
10370,2,0,2,0
10371,2,1,6,0
10372,0,0,5,0
10373,1,1,3,0
10374,2,1,1,1
10375,1,2,5,0
10376,6,3,14,4
10377,2,0,5,2
10378,0,1,3,0
10379,2,0,3,3
10380,2,0,5,2
10381,0,3,4,1
10382,4,0,5,1
10383,0,2,4,0
10384,4,3,5,0
10385,4,3,14,0
10386,2,2,3,0
10387,1,0,4,1
10388,0,0,1,0
10389,3,0,6,1
10390,1,2,4,1
10391,2,2,1,1
10392,1,1,5,3
10393,5,4,6,2
10394,2,2,5,0
10395,1,2,3,0
10396,2,1,3,1
10397,0,0,4,0
10398,0,1,4,0
10399,0,0,1,1
10400,2,1,5,2
10401,2,3,5,0
10402,0,0,2,1
10403,4,3,13,1
10404,0,1,2,0
10405,3,0,2,1
10406,7,3,5,1
10407,4,0,5,0
10408,1,1,4,0
10409,6,4,13,3
10410,0,0,3,0
10411,1,0,2,0
10412,1,1,2,0
10413,0,0,2,2
10414,1,1,1,2
10415,1,1,4,0
10416,2,3,6,0
10417,2,3,4,0
10418,0,3,6,1
10419,4,2,2,1
10420,4,3,11,3
10421,4,5,12,3
10422,2,0,2,1
10423,0,0,6,1
10424,1,1,3,0
10425,0,0,6,0
10426,6,3,8,1
10427,1,1,6,0
10428,1,1,1,1
10429,4,3,14,1
10430,1,1,1,0
10431,0,1,6,0
10432,1,0,6,3
10433,2,1,5,0
10434,1,0,3,1
10435,0,1,2,0
10436,1,3,6,0
10437,5,3,8,4
10438,4,6,14,1
10439,1,3,4,2
10440,0,2,4,0
10441,1,0,4,0
10442,1,3,6,1
10443,2,4,11,1
10444,3,3,11,2
10445,1,0,4,0
10446,1,2,4,0
10447,0,2,6,0
10448,8,3,13,2
10449,0,1,3,0
10450,0,1,1,3
10451,2,0,4,0
10452,3,0,2,1
10453,0,1,1,2
10454,0,0,3,0
10455,2,0,2,0
10456,2,0,5,0
10457,0,3,2,0
10458,3,3,2,0
10459,0,0,6,0
10460,1,3,6,1
10461,1,1,6,1
10462,4,1,4,0
10463,3,1,2,0
10464,2,1,1,1
10465,1,2,1,0
10466,2,2,4,2
10467,1,2,5,0
10468,0,1,5,0
10469,2,1,3,0
10470,0,2,2,0
10471,3,1,4,2
10472,7,4,14,1
10473,5,5,14,2
10474,2,0,4,3
10475,4,4,6,2
10476,1,2,5,1
10477,1,2,5,2
10478,4,2,7,2
10479,0,2,5,3
10480,1,1,6,1
10481,1,1,3,0
10482,1,1,5,0
10483,0,2,5,0
10484,6,2,5,1
10485,1,2,6,0
10486,0,1,2,1
10487,1,0,4,1
10488,1,1,2,0
10489,0,1,3,1
10490,0,3,1,2
10491,0,1,1,0
10492,3,1,3,0
10493,1,1,2,0
10494,1,0,3,0
10495,0,1,4,0
10496,1,0,3,1
10497,1,2,4,2
10498,1,1,3,1
10499,0,0,5,1
10500,5,4,5,1
10501,0,1,3,1
10502,1,0,6,0
10503,2,0,3,1
10504,1,0,3,1
10505,0,3,2,0
10506,0,1,5,0
10507,3,4,13,2
10508,0,1,5,0
10509,1,0,5,0
10510,2,1,6,2
10511,7,3,12,1
10512,4,4,5,3
10513,4,2,8,2
10514,1,0,3,0
10515,0,1,3,2
10516,6,3,14,3
10517,1,1,3,1
10518,6,3,5,1
10519,1,0,6,2
10520,3,4,14,1
10521,4,4,12,2
10522,3,1,6,0
10523,3,3,8,3
10524,1,1,6,0
10525,1,1,4,0
10526,1,1,1,1
10527,1,2,4,0
10528,0,1,5,0
10529,1,2,2,3
10530,7,4,8,2
10531,0,1,4,0
10532,1,3,3,0
10533,3,1,5,1
10534,0,2,4,3
10535,1,0,2,1
10536,1,0,3,0
10537,2,1,5,0
10538,0,3,3,1
10539,0,0,5,0
10540,4,1,5,0
10541,3,1,3,0
10542,2,2,5,0
10543,2,0,5,2
10544,2,2,3,0
10545,5,4,13,1
10546,2,0,3,2
10547,3,3,14,1
10548,3,4,12,1
10549,2,2,6,3
10550,6,4,7,1
10551,2,0,1,0
10552,2,0,1,0
10553,3,3,12,3
10554,1,1,3,1
10555,0,1,3,0
10556,1,0,2,2
10557,2,1,3,1
10558,0,1,6,2
10559,1,1,2,0
10560,1,2,2,0
10561,0,0,1,0
10562,1,2,1,0
10563,0,0,2,2
10564,0,1,2,0
10565,4,1,8,1
10566,1,2,4,1
10567,0,1,3,1
10568,0,1,2,0
10569,1,3,2,1
10570,1,0,4,0
10571,4,1,2,1
10572,3,4,12,3
10573,0,2,2,1
10574,6,4,14,2
10575,1,0,3,1
10576,1,2,2,1
10577,4,3,8,1
10578,1,2,8,3
10579,0,0,3,0
10580,0,0,3,1
10581,0,1,2,0
10582,2,1,5,0
10583,2,0,3,1
10584,5,3,5,4
10585,1,1,3,3
10586,2,0,3,2
10587,5,6,9,1
10588,2,1,2,1
10589,0,3,5,0
10590,5,4,14,3
10591,5,3,5,3
10592,1,1,6,0
10593,8,3,5,2
10594,0,1,5,0
10595,0,1,6,0
10596,7,4,6,3
10597,1,0,4,2
10598,1,0,4,3
10599,0,0,5,0
10600,1,1,3,0
10601,1,1,4,0
10602,6,3,8,1
10603,1,0,1,0
10604,5,1,8,1
10605,2,2,2,0
10606,0,0,2,2
10607,1,0,4,0
10608,2,2,2,1
10609,3,1,1,0
10610,4,0,6,1
10611,1,0,5,1
10612,3,1,1,0
10613,3,0,2,0
10614,3,1,5,0
10615,2,3,3,2
10616,0,0,2,0
10617,1,2,6,1
10618,1,1,2,2
10619,2,0,5,0
10620,3,1,2,0
10621,4,3,7,2
10622,1,1,6,0
10623,1,0,4,1
10624,0,3,1,0
10625,4,3,5,2
10626,4,3,13,4
10627,1,1,2,1
10628,2,4,12,3
10629,2,2,3,2
10630,3,1,5,3
10631,0,0,6,1
10632,1,2,6,2
10633,1,0,4,1
10634,3,4,5,2
10635,1,1,1,2
10636,2,4,11,1
10637,1,3,6,0
10638,2,3,5,1
10639,2,0,2,0
10640,3,2,1,0
10641,4,1,2,1
10642,1,0,3,0
10643,2,3,1,1
10644,3,3,6,1
10645,3,0,2,1
10646,2,1,4,0
10647,4,1,5,1
10648,1,0,2,0
10649,0,3,1,0
10650,6,3,11,2
10651,3,2,9,0
10652,1,0,5,0
10653,1,2,3,0
10654,4,2,5,3
10655,2,1,4,3
10656,2,2,4,0
10657,0,2,2,0
10658,3,3,9,2
10659,0,1,5,2
10660,2,0,1,0
10661,0,1,5,2
10662,1,3,5,2
10663,3,3,8,4
10664,1,2,3,0
10665,2,0,2,3
10666,2,3,5,0
10667,0,2,1,0
10668,7,4,12,2
10669,0,0,6,2
10670,6,3,8,3
10671,1,2,5,2
10672,4,5,10,2
10673,1,0,2,0
10674,0,1,3,1
10675,1,1,1,0
10676,2,1,6,2
10677,6,3,10,3
10678,1,0,1,0
10679,2,0,3,0
10680,1,1,4,0
10681,2,1,1,0
10682,4,0,6,1
10683,1,0,5,1
10684,0,0,4,1
10685,1,0,3,0
10686,3,2,10,3
10687,5,2,5,3
10688,3,1,2,0
10689,5,5,11,1
10690,5,4,11,0
10691,3,1,13,2
10692,3,4,5,5
10693,0,2,6,0
10694,1,0,6,1
10695,0,1,2,2
10696,3,0,3,0
10697,1,0,4,2
10698,4,0,2,0
10699,4,4,5,1
10700,0,3,3,0
10701,0,0,2,0
10702,5,5,11,3
10703,2,5,14,4
10704,1,0,4,0
10705,0,1,5,0
10706,1,2,3,0
10707,3,0,6,3
10708,0,1,5,0
10709,1,3,3,0
10710,5,4,12,2
10711,0,0,5,1
10712,2,0,4,3
10713,0,1,4,1
10714,4,5,9,5
10715,1,1,2,0
10716,1,2,2,1
10717,3,2,6,0
10718,1,2,5,0
10719,0,0,4,2
10720,0,3,3,0
10721,1,0,4,0
10722,1,2,5,1
10723,3,1,6,1
10724,2,1,6,3
10725,3,1,5,0
10726,2,1,3,2
10727,4,3,5,2
10728,1,2,3,0
10729,1,3,4,1
10730,3,0,3,0
10731,1,0,1,0
10732,3,3,3,2
10733,2,2,3,0
10734,3,1,1,0
10735,3,2,9,3
10736,1,0,1,0
10737,4,4,8,1
10738,1,0,2,2
10739,1,0,6,0
10740,0,0,2,0
10741,0,1,3,1
10742,4,3,2,0
10743,2,0,6,1
10744,2,2,11,2
10745,4,3,4,0
10746,2,0,1,0
10747,8,2,8,1
10748,0,0,5,1
10749,2,1,4,0
10750,1,0,3,2
10751,1,0,2,1
10752,7,2,14,5
10753,2,1,4,2
10754,1,0,1,2
10755,3,5,8,2
10756,0,1,6,0
10757,0,1,5,3
10758,1,1,5,1
10759,3,2,11,2
10760,1,0,2,0
10761,0,1,2,0
10762,1,1,3,0
10763,2,3,2,1
10764,3,4,12,2
10765,5,4,6,3
10766,6,5,10,2
10767,0,0,3,0
10768,0,2,5,0
10769,1,2,6,1
10770,0,1,5,1
10771,2,0,5,1
10772,3,1,4,0
10773,2,3,3,0
10774,2,0,6,0
10775,5,2,8,2
10776,6,3,7,3
10777,6,3,14,1
10778,2,2,4,2
10779,6,3,8,1
10780,1,0,4,1
10781,1,0,4,2
10782,1,3,6,2
10783,3,3,6,0
10784,1,1,6,0
10785,0,2,2,0
10786,2,3,5,0
10787,0,0,2,1
10788,1,4,14,1
10789,1,3,4,1
10790,1,1,3,1
10791,0,1,1,1
10792,3,0,6,1
10793,4,3,8,2
10794,4,0,4,0
10795,3,3,9,3
10796,2,0,5,0
10797,3,2,6,1
10798,8,6,14,3
10799,6,3,8,4
10800,2,3,4,0
10801,0,1,2,2
10802,1,0,5,0
10803,7,2,14,1
10804,4,3,7,4
10805,4,3,5,1
10806,2,3,4,0
10807,0,0,2,1
10808,2,2,2,2
10809,1,2,5,0
10810,4,2,5,1
10811,0,0,2,0
10812,1,1,3,0
10813,5,2,9,2
10814,1,0,5,1
10815,4,4,11,4
10816,1,0,5,1
10817,1,0,4,0
10818,3,2,12,2
10819,1,1,4,0
10820,2,0,6,0
10821,2,2,3,0
10822,0,1,2,1
10823,6,3,12,2
10824,4,4,7,2
10825,0,0,2,1
10826,1,0,3,0
10827,3,4,9,1
10828,5,4,6,1
10829,2,1,2,2
10830,6,4,13,1
10831,1,1,6,0
10832,2,2,5,2
10833,6,5,12,3
10834,6,4,9,4
10835,1,2,6,0
10836,1,4,11,3
10837,0,0,6,0
10838,0,1,4,0
10839,4,3,5,2
10840,2,1,6,0
10841,1,0,6,0
10842,0,0,4,0
10843,1,1,2,0
10844,4,0,1,1
10845,2,1,5,3
10846,2,3,13,1
10847,2,1,6,0
10848,1,3,1,1
10849,7,3,11,3
10850,1,1,9,4
10851,3,2,11,3
10852,1,3,6,0
10853,1,3,14,3
10854,4,2,2,0
10855,3,1,5,0
10856,0,0,2,2
10857,6,3,8,4
10858,2,1,1,0
10859,3,2,10,2
10860,1,2,1,0
10861,1,3,6,0
10862,4,3,4,1
10863,4,3,6,1
10864,0,1,1,0
10865,8,2,8,3
10866,3,1,6,2
10867,2,3,2,0
10868,0,1,2,1
10869,2,2,3,1
10870,1,2,5,0
10871,2,1,4,1
10872,2,0,1,1
10873,2,0,2,0
10874,7,3,12,2
10875,3,1,2,1
10876,2,0,4,2
10877,0,3,4,0
10878,1,2,4,3
10879,5,2,9,1
10880,0,1,4,3
10881,4,3,2,1
10882,2,3,5,0
10883,5,3,10,1
10884,4,4,13,2
10885,0,2,1,0
10886,0,1,2,0
10887,0,0,3,0
10888,2,2,1,2
10889,2,0,5,2
10890,1,1,6,0
10891,1,3,5,0
10892,2,2,6,0
10893,1,1,6,0
10894,1,1,2,0
10895,3,1,6,0
10896,4,4,11,2
10897,1,1,4,0
10898,2,0,2,2
10899,1,1,2,1
10900,1,1,5,1
10901,5,3,11,3
10902,2,3,5,0
10903,3,1,4,0
10904,3,1,5,1
10905,0,0,3,1
10906,0,1,1,0
10907,3,4,12,1
10908,1,0,3,0
10909,3,6,8,1
10910,1,2,3,1
10911,3,2,3,0
10912,0,0,4,2
10913,1,0,4,1
10914,5,3,5,2
10915,1,0,1,3
10916,2,2,4,0
10917,2,0,3,1
10918,3,1,6,3
10919,2,0,3,1
10920,2,0,3,3
10921,3,4,13,1
10922,5,4,8,2
10923,2,1,4,0
10924,0,0,3,1
10925,1,1,3,0
10926,3,1,6,2
10927,0,2,4,3
10928,0,2,2,0
10929,0,0,2,0
10930,1,0,5,0
10931,4,1,6,2
10932,3,0,5,1
10933,0,0,2,1
10934,3,1,2,1
10935,0,0,6,0
10936,3,1,3,2
10937,0,1,1,1
10938,1,2,2,1
10939,4,0,3,0
10940,4,2,8,2
10941,1,2,2,0
10942,0,0,2,1
10943,4,1,5,0
10944,4,3,13,2
10945,0,2,1,0
10946,1,3,11,2
10947,2,2,6,0
10948,2,0,3,0
10949,0,0,2,1
10950,4,0,2,1
10951,1,0,2,0
10952,4,0,1,1
10953,1,1,3,1
10954,0,0,5,0
10955,3,6,12,2
10956,1,0,2,0
10957,1,0,3,2
10958,2,1,6,0
10959,3,3,3,2
10960,1,0,1,1
10961,1,0,3,0
10962,1,0,2,0
10963,3,0,6,0
10964,1,0,1,0
10965,3,0,1,2
10966,2,1,2,0
10967,1,1,4,0
10968,1,3,6,2
10969,3,2,7,4
10970,1,1,6,2
10971,1,2,3,0
10972,0,1,3,0
10973,2,0,6,1
10974,0,1,2,2
10975,1,0,6,1
10976,4,1,14,4
10977,2,3,3,0
10978,1,1,3,2
10979,1,1,5,2
10980,0,0,5,1
10981,0,3,5,1
10982,2,2,4,0
10983,2,1,2,3
10984,1,1,3,1
10985,2,3,4,1
10986,1,3,1,0
10987,2,1,2,2
10988,1,1,6,1
10989,6,3,5,1
10990,1,1,6,2
10991,1,2,3,1
10992,2,1,2,0
10993,0,0,4,1
10994,0,1,5,0
10995,0,1,2,0
10996,0,1,1,0
10997,3,0,5,1
10998,1,1,4,1
10999,2,0,1,1
11000,4,3,6,2
11001,0,1,4,0
11002,6,1,10,3
11003,3,0,5,1
11004,0,0,3,0
11005,0,2,2,0
11006,4,4,12,0
11007,4,0,2,2
11008,3,1,2,0
11009,2,0,3,1
11010,4,0,3,2
11011,2,1,5,0
11012,2,3,1,1
11013,0,2,2,0
11014,1,0,1,1
11015,1,1,4,1
11016,2,0,2,0
11017,1,1,4,0
11018,0,0,4,0
11019,0,0,3,1
11020,2,1,6,1
11021,8,2,9,2
11022,1,0,4,2
11023,0,1,5,0
11024,4,0,6,0
11025,0,1,6,1
11026,0,0,5,0
11027,1,2,1,0
11028,3,3,12,3
11029,3,2,11,1
11030,3,3,3,0
11031,0,2,5,0
11032,4,5,8,2
11033,1,0,5,3
11034,1,0,3,2
11035,3,2,7,2
11036,2,0,4,0
11037,3,3,9,2
11038,3,0,6,0
11039,0,1,3,1
11040,2,0,6,2
11041,3,2,10,3
11042,0,1,6,1
11043,3,1,1,1
11044,5,3,9,1
11045,5,5,9,4
11046,0,0,5,0
11047,2,0,6,0
11048,2,1,5,0
11049,2,3,2,1
11050,2,1,4,2
11051,0,1,3,0
11052,4,1,5,0
11053,3,0,2,0
11054,1,2,3,0
11055,2,3,6,2
11056,2,1,6,0
11057,1,1,4,1
11058,2,0,4,3
11059,1,3,5,2
11060,1,0,6,1
11061,0,0,2,1
11062,2,0,1,2
11063,1,0,3,0
11064,1,1,5,0
11065,2,2,7,3
11066,3,0,6,0
11067,0,1,6,3
11068,1,0,2,1
11069,2,1,6,2
11070,1,0,2,0
11071,4,2,11,1
11072,0,1,5,0
11073,1,0,1,0
11074,4,2,1,0
11075,2,2,3,2
11076,1,1,2,2
11077,1,1,1,0
11078,1,1,6,1
11079,0,0,2,2
11080,2,0,4,0
11081,2,1,3,1
11082,1,1,5,1
11083,0,1,5,0
11084,1,0,4,0
11085,1,0,2,1
11086,0,0,3,0
11087,0,1,6,0
11088,2,2,1,0
11089,1,0,6,1
11090,0,0,5,2
11091,1,1,4,0
11092,1,1,3,1
11093,6,2,7,0
11094,4,1,1,3
11095,3,2,13,1
11096,7,4,14,3
11097,1,1,5,3
11098,3,2,14,5
11099,2,3,3,0
11100,0,2,3,0
11101,0,1,1,2
11102,1,2,5,0
11103,0,0,1,1
11104,3,0,5,0
11105,4,2,1,3
11106,1,0,3,1
11107,2,1,3,0
11108,1,0,2,1
11109,2,2,3,0
11110,2,2,6,1
11111,0,1,4,1
11112,3,3,2,1
11113,1,0,5,1
11114,0,3,6,0
11115,0,1,5,0
11116,6,4,9,2
11117,1,2,5,0
11118,1,1,6,0
11119,1,1,4,0
11120,0,1,1,1
11121,0,2,1,0
11122,1,0,5,1
11123,2,1,2,2
11124,0,1,2,0
11125,2,0,6,0
11126,0,0,6,1
11127,2,1,5,0
11128,2,1,3,2
11129,1,1,5,1
11130,2,1,5,0
11131,1,1,6,1
11132,1,1,6,0
11133,2,2,5,2
11134,2,1,4,0
11135,1,0,1,1
11136,0,0,1,2
11137,1,2,4,1
11138,2,0,4,2
11139,0,3,6,1
11140,1,1,5,1
11141,1,2,1,0
11142,1,0,4,0
11143,3,0,3,0
11144,0,1,3,0
11145,0,0,1,0
11146,0,0,4,0
11147,1,2,6,1
11148,0,1,2,0
11149,1,0,5,1
11150,5,1,14,1
11151,1,2,2,0
11152,0,0,6,0
11153,1,0,6,2
11154,4,3,12,1
11155,2,1,1,1
11156,1,2,5,3
11157,0,0,3,2
11158,2,0,3,1
11159,0,1,4,0
11160,3,5,7,3
11161,1,1,2,1
11162,5,2,5,3
11163,0,3,6,1
11164,0,0,1,2
11165,3,2,12,5
11166,0,0,6,0
11167,0,1,6,0
11168,1,1,3,1
11169,1,0,4,2
11170,3,3,5,2
11171,4,1,3,0
11172,1,1,4,1
11173,0,1,5,0
11174,3,2,3,0
11175,1,1,6,0
11176,1,2,1,1
11177,3,2,1,1
11178,1,0,6,3
11179,0,1,3,2
11180,5,4,5,5
11181,0,1,4,1
11182,4,1,2,0
11183,4,1,1,1
11184,6,1,6,2
11185,0,1,6,1
11186,1,1,2,0
11187,1,2,10,2
11188,0,0,1,2
11189,1,1,6,2
11190,1,3,1,0
11191,4,1,1,3
11192,3,0,4,0
11193,3,1,1,1
11194,0,3,3,0
11195,4,1,2,0
11196,1,0,3,0
11197,1,0,3,1
11198,1,0,2,0
11199,1,0,1,1
11200,0,0,1,2
11201,2,2,6,0
11202,0,2,3,2
11203,2,2,5,2
11204,1,1,4,2
11205,1,1,1,1
11206,5,2,8,2
11207,1,0,1,0
11208,1,0,1,2
11209,4,5,8,2
11210,2,4,9,1
11211,3,0,4,0
11212,1,0,1,1
11213,2,2,3,0
11214,5,2,6,2
11215,1,0,3,0
11216,4,0,3,0
11217,5,2,9,4
11218,1,1,1,1
11219,4,2,10,3
11220,2,4,13,2
11221,0,2,6,1
11222,6,4,9,3
11223,1,1,5,2
11224,1,0,1,1
11225,4,1,2,0
11226,2,1,2,1
11227,2,2,6,0
11228,2,0,4,2
11229,1,1,6,0
11230,1,0,4,1
11231,3,3,5,5
11232,2,0,6,1
11233,3,2,10,4
11234,4,2,5,0
11235,1,0,4,1
11236,2,1,4,1
11237,1,0,4,2
11238,1,2,6,0
11239,0,1,2,1
11240,2,0,6,0
11241,3,1,13,1
11242,0,2,3,1
11243,2,0,6,0
11244,1,1,6,1
11245,1,3,11,3
11246,1,3,4,0
11247,0,2,3,1
11248,3,3,12,2
11249,4,1,4,1
11250,2,1,4,1
11251,0,1,2,1
11252,1,1,5,2
11253,0,2,1,1
11254,2,3,4,2
11255,4,0,2,1
11256,1,1,2,1
11257,3,3,2,0
11258,1,0,1,1
11259,5,3,6,1
11260,4,0,5,0
11261,1,1,4,2
11262,3,0,3,0
11263,2,0,1,0
11264,1,0,4,2
11265,0,1,3,0
11266,5,3,11,1
11267,1,2,1,1
11268,2,1,5,0
11269,0,1,4,2
11270,4,3,2,0
11271,8,3,12,3
11272,5,2,6,2
11273,1,2,5,0
11274,1,0,6,2
11275,6,4,13,3
11276,1,1,1,0
11277,1,0,5,1
11278,1,2,1,1
11279,0,1,2,0
11280,1,1,3,0
11281,1,0,3,2
11282,4,2,14,2
11283,0,0,4,0
11284,0,0,6,1
11285,2,0,2,0
11286,5,4,11,2
11287,0,1,5,1
11288,1,0,5,3
11289,2,1,4,0
11290,1,0,2,2
11291,2,0,1,0
11292,0,0,6,0
11293,2,0,2,0
11294,0,1,5,3
11295,0,1,6,2
11296,1,2,6,1
11297,2,0,2,0
11298,3,1,2,0
11299,3,0,4,1
11300,3,1,2,1
11301,2,2,5,2
11302,4,2,6,2
11303,2,0,4,0
11304,1,3,6,1
11305,1,2,3,1
11306,3,1,6,1
11307,6,3,5,3
11308,1,0,3,1
11309,0,1,1,0
11310,2,2,11,1
11311,0,1,3,0
11312,4,1,3,0
11313,1,2,3,0
11314,0,2,3,0
11315,3,4,14,3
11316,3,4,7,1
11317,1,0,1,3
11318,5,4,10,3
11319,1,1,2,2
11320,2,0,4,0
11321,3,3,6,1
11322,5,2,13,1
11323,3,0,4,1
11324,1,0,3,0
11325,6,5,14,2
11326,0,1,1,0
11327,5,3,6,1
11328,1,0,4,1
11329,1,1,1,0
11330,2,2,5,2
11331,4,0,4,0
11332,0,0,5,0
11333,1,0,4,0
11334,2,4,6,1
11335,2,0,2,0
11336,1,0,6,1
11337,0,3,6,2
11338,4,4,7,1
11339,3,1,3,2
11340,3,2,8,1
11341,2,0,5,0
11342,4,4,6,2
11343,1,1,1,1
11344,1,0,4,0
11345,5,2,14,3
11346,1,2,5,0
11347,2,3,5,0
11348,2,0,5,0
11349,0,1,1,1
11350,1,0,6,2
11351,2,0,4,0
11352,3,3,7,2
11353,1,1,5,1
11354,5,5,11,1
11355,0,3,3,1
11356,0,1,1,1
11357,1,3,2,2
11358,0,1,6,0
11359,1,0,6,0
11360,1,0,2,2
11361,1,0,2,1
11362,1,3,5,1
11363,2,1,2,1
11364,2,1,4,2
11365,2,0,3,2
11366,6,4,6,2
11367,1,0,6,0
11368,1,2,5,1
11369,1,0,2,1
11370,5,2,5,2
11371,1,2,3,0
11372,2,2,2,2
11373,4,3,12,2
11374,1,0,1,0
11375,2,1,6,2
11376,1,1,4,0
11377,3,3,13,1
11378,4,0,4,3
11379,1,0,1,0
11380,1,1,2,1
11381,2,0,1,0
11382,1,3,2,1
11383,2,4,7,3
11384,8,4,6,3
11385,0,3,2,2
11386,1,1,4,1
11387,4,6,9,1
11388,0,1,2,0
11389,0,1,4,0
11390,2,3,5,3
11391,2,0,6,0
11392,3,2,6,1
11393,4,0,3,1
11394,4,3,7,3
11395,3,5,9,1
11396,5,4,11,2
11397,3,1,4,1
11398,2,1,4,0
11399,1,2,1,3
11400,0,0,2,0
11401,1,0,2,3
11402,1,3,6,0
11403,3,0,3,0
11404,0,1,4,3
11405,0,1,3,1
11406,0,2,6,1
11407,0,1,2,0
11408,1,1,2,1
11409,0,1,6,1
11410,1,1,4,1
11411,3,5,8,2
11412,1,2,5,2
11413,1,1,4,1
11414,1,3,2,1
11415,1,2,1,1
11416,0,0,6,0
11417,6,3,14,3
11418,0,1,3,2
11419,2,0,2,1
11420,1,0,4,2
11421,1,2,6,1
11422,7,5,14,4
11423,1,0,6,0
11424,1,1,1,0
11425,0,0,3,0
11426,3,3,14,1
11427,5,3,10,1
11428,1,3,1,2
11429,2,0,4,2
11430,3,1,6,1
11431,3,3,4,0
11432,2,0,6,0
11433,5,3,7,3
11434,0,1,3,1
11435,1,0,2,0
11436,3,1,1,1
11437,0,1,6,0
11438,0,0,6,0
11439,1,1,6,0
11440,1,1,6,2
11441,1,2,6,2
11442,1,1,6,0
11443,0,0,4,0
11444,4,4,13,4
11445,0,0,4,2
11446,2,0,4,0
11447,0,0,4,0
11448,4,3,9,3
11449,0,1,1,0
11450,4,3,6,3
11451,1,1,1,2
11452,2,1,5,2
11453,3,4,7,2
11454,0,3,6,3
11455,1,0,5,0
11456,5,2,9,1
11457,0,1,2,1
11458,2,1,4,0
11459,0,0,1,3
11460,2,2,14,1
11461,2,0,6,0
11462,2,4,9,1
11463,0,0,6,0
11464,1,0,4,0
11465,2,1,4,0
11466,5,1,9,4
11467,3,2,4,0
11468,4,3,6,0
11469,1,3,3,1
11470,0,3,1,0
11471,3,0,4,0
11472,1,1,1,1
11473,1,0,1,3
11474,2,0,3,0
11475,3,2,8,3
11476,1,3,3,2
11477,3,0,3,1
11478,4,3,13,1
11479,1,0,5,3
11480,0,3,6,1
11481,1,2,6,1
11482,4,4,8,3
11483,2,0,5,1
11484,8,4,8,1
11485,0,0,5,0
11486,1,0,4,0
11487,0,0,6,0
11488,0,0,6,1
11489,1,0,2,0
11490,0,1,3,1
11491,0,1,5,3
11492,3,1,2,1
11493,5,1,8,3
11494,3,1,5,0
11495,1,0,1,3
11496,3,1,6,2
11497,0,2,3,0
11498,1,1,2,2
11499,1,0,1,0
11500,2,1,6,0
11501,2,2,6,0
11502,0,0,3,2
11503,0,1,3,2
11504,1,1,4,0
11505,1,3,6,2
11506,1,0,5,0
11507,4,1,2,1
11508,0,0,1,0
11509,2,0,4,0
11510,4,4,11,4
11511,3,2,13,0
11512,2,1,2,2
11513,0,1,6,0
11514,0,1,6,1
11515,2,0,3,0
11516,1,2,6,2
11517,4,3,6,4
11518,3,0,5,0
11519,4,0,6,1
11520,0,1,5,2
11521,5,5,14,1
11522,2,0,6,1
11523,0,0,1,1
11524,4,3,9,4
11525,3,3,6,1
11526,1,1,3,0
11527,2,1,6,0
11528,1,3,10,2
11529,2,1,3,0
11530,4,2,5,1
11531,2,2,4,2
11532,0,2,1,2
11533,0,2,4,0
11534,4,1,2,0
11535,0,1,5,1
11536,2,1,4,0
11537,3,1,3,0
11538,0,2,5,0
11539,4,1,8,2
11540,0,0,1,0
11541,3,2,6,0
11542,5,4,9,1
11543,2,3,13,2
11544,0,1,3,0
11545,3,3,7,1
11546,2,0,6,2
11547,1,0,6,0
11548,3,4,10,2
11549,2,2,7,1
11550,5,4,7,5
11551,0,1,1,0
11552,0,0,2,0
11553,1,0,1,1
11554,7,4,10,2
11555,1,0,6,0
11556,3,2,14,1
11557,4,2,6,2
11558,5,2,8,1
11559,1,1,4,1
11560,1,0,6,0
11561,5,3,11,1
11562,5,2,14,3
11563,6,4,8,2
11564,4,2,10,1
11565,2,2,1,0
11566,1,0,4,2
11567,0,1,4,3
11568,1,0,2,2
11569,1,1,6,0
11570,4,0,1,2
11571,0,3,4,1
11572,1,0,1,1
11573,3,1,4,0
11574,0,3,3,2
11575,0,1,2,0
11576,0,1,5,0
11577,3,5,14,4
11578,1,0,6,0
11579,0,0,4,0
11580,4,3,5,3
11581,1,0,1,0
11582,6,2,9,3
11583,0,2,4,1
11584,2,2,3,2
11585,3,2,10,1
11586,1,0,6,1
11587,1,1,1,1
11588,3,1,2,1
11589,0,1,5,1
11590,6,4,10,2
11591,0,3,1,0
11592,1,2,2,2
11593,4,2,13,1
11594,2,3,1,1
11595,0,2,4,1
11596,1,0,1,0
11597,1,2,2,3
11598,0,0,1,0
11599,5,1,14,3
11600,4,1,2,0
11601,3,1,5,0
11602,2,1,6,1
11603,1,0,2,0
11604,0,0,5,0
11605,2,2,3,2
11606,0,1,2,0
11607,1,1,2,1
11608,1,1,2,0
11609,0,0,5,0
11610,3,0,5,2
11611,0,0,5,0
11612,0,0,4,1
11613,0,3,5,0
11614,0,0,1,1
11615,1,1,5,2
11616,2,1,4,1
11617,1,1,1,1
11618,0,0,4,1
11619,2,0,3,0
11620,1,2,4,2
11621,3,1,6,0
11622,6,3,14,3
11623,2,3,12,2
11624,3,1,3,1
11625,5,6,13,2
11626,1,0,5,1
11627,3,0,6,0
11628,1,1,1,3
11629,0,0,3,3
11630,0,1,4,0
11631,0,2,6,1
11632,0,1,6,0
11633,0,1,3,1
11634,2,1,2,0
11635,2,0,6,2
11636,0,0,1,0
11637,1,0,2,0
11638,3,1,2,0
11639,3,4,8,3
11640,2,2,4,0
11641,0,3,2,0
11642,1,0,2,0
11643,1,1,4,0
11644,1,0,6,0
11645,0,0,1,0
11646,0,1,2,0
11647,1,0,2,0
11648,3,3,5,2
11649,0,1,2,2
11650,2,1,5,2
11651,1,1,1,1
11652,5,3,8,1
11653,1,0,3,1
11654,4,4,7,2
11655,2,0,5,0
11656,1,0,3,0
11657,4,5,9,3
11658,1,3,3,2
11659,1,1,5,1
11660,0,1,2,0
11661,4,3,13,2
11662,0,1,3,2
11663,1,0,5,0
11664,3,0,5,3
11665,0,1,4,0
11666,2,1,4,0
11667,5,3,13,1
11668,0,1,5,0
11669,3,2,2,2
11670,0,0,4,0
11671,0,1,5,2
11672,0,2,1,1
11673,0,0,5,0
11674,2,1,2,1
11675,1,1,6,2
11676,4,2,8,4
11677,5,5,12,2
11678,2,0,1,0
11679,3,0,2,2
11680,3,0,5,0
11681,4,5,10,2
11682,0,1,5,0
11683,4,3,11,2
11684,3,2,9,2
11685,0,0,4,2
11686,2,2,3,0
11687,4,5,5,1
11688,2,0,1,0
11689,0,1,1,0
11690,0,1,4,0
11691,7,2,9,2
11692,1,3,6,0
11693,0,0,2,1
11694,8,3,9,5
11695,1,1,6,1
11696,1,0,3,1
11697,1,0,5,1
11698,1,0,4,0
11699,3,0,5,3
11700,0,0,3,2
11701,1,2,6,1
11702,2,3,9,2
11703,1,1,2,2
11704,2,1,2,0
11705,1,1,5,0
11706,1,3,2,2
11707,2,1,6,0
11708,0,1,1,2
11709,0,0,3,1
11710,1,2,1,2
11711,1,0,1,0
11712,2,1,1,0
11713,1,0,2,0
11714,4,3,10,4
11715,0,2,6,1
11716,1,1,6,1
11717,2,2,5,0
11718,2,1,2,1
11719,0,1,6,0
11720,2,2,2,0
11721,5,2,8,4
11722,0,2,1,1
11723,1,1,4,0
11724,4,1,1,0
11725,0,0,1,1
11726,0,0,6,0
11727,1,3,2,0
11728,1,0,3,0
11729,3,3,2,1
11730,5,6,6,2
11731,0,1,5,0
11732,0,1,1,2
11733,1,1,6,3
11734,2,1,2,2
11735,5,2,13,1
11736,4,3,9,0
11737,5,3,6,0
11738,0,0,5,2
11739,8,2,5,3
11740,1,1,2,1
11741,1,1,5,1
11742,2,1,4,3
11743,0,3,1,0
11744,3,1,5,0
11745,0,1,3,0
11746,3,3,13,3
11747,2,0,3,1
11748,0,0,4,1
11749,6,2,7,4
11750,0,1,1,2
11751,1,0,4,0
11752,1,3,3,0
11753,0,2,3,1
11754,2,0,4,0
11755,1,0,4,1
11756,1,1,3,1
11757,1,0,5,1
11758,1,0,4,1
11759,1,0,3,2
11760,3,0,3,3
11761,4,2,5,1
11762,7,4,9,1
11763,6,2,10,1
11764,2,1,4,2
11765,3,1,1,1
11766,2,1,1,0
11767,4,2,7,4
11768,0,3,6,1
11769,1,0,1,0
11770,0,1,6,1
11771,0,0,1,2
11772,1,0,6,0
11773,1,0,4,3
11774,1,0,6,1
11775,3,3,4,0
11776,4,3,12,2
11777,2,1,5,0
11778,2,0,3,0
11779,5,2,6,3
11780,1,1,6,2
11781,1,1,4,0
11782,0,0,5,0
11783,1,0,4,3
11784,6,1,8,5
11785,6,2,7,2
11786,2,0,2,2
11787,1,3,6,0
11788,0,0,3,0
11789,0,1,2,0
11790,0,1,4,0
11791,3,1,3,0
11792,2,3,4,2
11793,0,1,1,0
11794,1,1,5,1
11795,4,6,12,2
11796,0,0,3,0
11797,2,0,5,2
11798,0,1,3,0
11799,1,0,6,1
11800,1,0,6,1
11801,4,5,14,2
11802,2,1,6,0
11803,1,1,4,0
11804,0,2,1,0
11805,2,0,1,0
11806,2,0,6,0
11807,3,0,6,0
11808,1,3,4,1
11809,5,4,11,1
11810,1,3,6,1
11811,5,3,12,1
11812,3,0,3,0
11813,1,0,5,0
11814,0,0,6,1
11815,4,0,4,1
11816,3,2,11,4
11817,0,1,6,0
11818,0,1,4,0
11819,2,2,5,3
11820,4,2,6,2
11821,0,1,3,1
11822,0,1,3,1
11823,2,0,5,1
11824,2,3,3,1
11825,0,2,4,1
11826,1,0,4,0
11827,2,0,2,0
11828,1,0,5,2
11829,6,4,12,3
11830,1,0,6,0
11831,4,3,13,1
11832,2,0,5,0
11833,1,0,2,2
11834,2,0,2,1
11835,0,1,3,0
11836,1,1,3,1
11837,2,2,6,0
11838,4,1,4,1
11839,1,0,1,0
11840,1,0,1,1
11841,4,0,2,1
11842,6,1,7,2
11843,2,1,4,0
11844,0,2,5,0
11845,2,3,1,0
11846,0,2,5,1
11847,0,3,4,0
11848,1,1,5,0
11849,0,0,6,0
11850,3,1,4,0
11851,1,2,3,2
11852,1,0,3,0
11853,1,2,2,0
11854,0,0,4,0
11855,2,0,3,1
11856,1,6,11,1
11857,2,1,1,1
11858,3,2,6,0
11859,0,0,5,3
11860,0,0,5,1
11861,3,5,10,2
11862,0,0,3,1
11863,7,2,8,4
11864,5,4,12,2
11865,2,3,2,0
11866,0,0,2,0
11867,2,0,5,1
11868,0,1,4,0
11869,0,1,5,0
11870,1,1,3,1
11871,5,3,6,3
11872,0,3,3,0
11873,2,2,1,3
11874,1,1,2,0
11875,4,1,2,1
11876,3,1,4,1
11877,3,1,6,0
11878,0,1,4,0
11879,0,1,1,0
11880,1,0,4,0
11881,1,0,4,0
11882,2,1,1,1
11883,2,0,5,0
11884,4,0,1,1
11885,2,0,5,1
11886,0,0,5,1
11887,2,2,1,2
11888,0,2,6,0
11889,1,2,6,0
11890,0,1,3,0
11891,1,1,1,0
11892,0,0,5,2
11893,1,1,2,0
11894,0,0,5,3
11895,4,4,5,2
11896,0,0,4,0
11897,5,4,12,1
11898,0,2,3,0
11899,6,2,11,1
11900,2,3,8,0
11901,1,3,2,2
11902,4,1,8,2
11903,0,0,6,1
11904,2,3,2,0
11905,1,1,5,0
11906,0,1,3,0
11907,1,2,1,1
11908,0,1,1,1
11909,3,3,2,2
11910,2,0,3,0
11911,4,3,2,0
11912,1,2,1,0
11913,5,4,14,1
11914,0,2,2,2
11915,0,0,5,0
11916,5,4,6,1
11917,6,1,6,0
11918,3,1,3,1
11919,1,1,2,2
11920,6,4,7,2
11921,3,3,11,1
11922,0,0,2,1
11923,0,0,4,2
11924,0,3,1,1
11925,0,1,1,0
11926,3,3,3,0
11927,3,1,1,1
11928,0,0,4,0
11929,0,1,2,0
11930,2,0,4,0
11931,2,1,7,2
11932,2,2,6,1
11933,2,0,4,1
11934,1,2,1,1
11935,1,3,5,0
11936,2,0,2,0
11937,2,3,13,5
11938,0,2,5,0
11939,4,6,10,3
11940,6,3,11,1
11941,3,0,1,3
11942,1,0,4,3
11943,6,1,10,3
11944,1,1,1,0
11945,1,2,1,1
11946,0,3,3,2
11947,2,0,6,0
11948,0,2,5,3
11949,4,1,11,2
11950,1,1,1,2
11951,4,0,1,1
11952,1,0,5,3
11953,2,2,5,0
11954,2,0,4,1
11955,3,1,2,1
11956,2,2,5,0
11957,3,3,3,0
11958,8,4,5,3
11959,3,1,1,0
11960,2,0,1,0
11961,0,1,6,0
11962,0,1,5,0
11963,0,0,4,0
11964,0,0,5,0
11965,2,1,5,0
11966,0,0,2,0
11967,5,4,8,4
11968,2,3,1,2
11969,5,3,10,2
11970,4,0,1,0
11971,0,0,2,1
11972,0,0,6,3
11973,1,0,5,1
11974,3,0,3,0
11975,0,2,3,0
11976,4,3,5,1
11977,1,1,6,2
11978,1,0,2,0
11979,1,2,2,2
11980,1,0,3,2
11981,0,0,1,0
11982,4,5,10,4
11983,1,1,2,1
11984,1,0,3,3
11985,1,0,3,0
11986,7,2,14,3
11987,0,0,3,1
11988,2,0,2,0
11989,1,0,6,1
11990,2,0,3,0
11991,2,2,3,0
11992,1,2,6,3
11993,1,2,1,0
11994,1,3,1,1
11995,1,0,3,1
11996,0,0,4,2
11997,3,3,8,3
11998,1,0,4,0
11999,1,4,14,4
12000,1,1,1,0
12001,3,2,4,1
12002,6,5,9,0
12003,0,3,5,0
12004,3,1,1,0
12005,2,1,3,3
12006,0,0,1,1
12007,1,0,4,0
12008,1,1,6,2
12009,1,1,5,3
12010,1,3,2,1
12011,2,1,1,1
12012,2,4,14,3
12013,2,0,3,1
12014,1,1,3,0
12015,4,0,2,0
12016,5,1,11,2
12017,1,0,6,1
12018,0,0,3,0
12019,2,2,5,2
12020,1,2,5,2
12021,1,0,4,1
12022,3,1,1,0
12023,1,1,2,2
12024,1,1,6,3
12025,1,1,3,0
12026,2,1,1,1
12027,1,0,1,0
12028,3,1,3,0
12029,0,1,6,0
12030,0,0,4,2
12031,1,1,3,1
12032,2,3,6,1
12033,0,1,5,0
12034,5,1,13,2
12035,3,1,4,0
12036,1,1,5,3
12037,1,1,1,0
12038,1,2,3,1
12039,0,0,6,1
12040,0,1,6,1
12041,1,0,1,0
12042,1,0,5,0
12043,1,5,10,1
12044,1,2,5,0
12045,2,0,3,1
12046,1,2,5,2
12047,3,1,1,0
12048,1,0,4,0
12049,6,2,12,2
12050,3,2,4,0
12051,0,1,2,1
12052,0,2,5,1
12053,1,3,1,0
12054,3,0,5,0
12055,3,0,4,0
12056,1,0,5,2
12057,6,2,13,1
12058,5,1,10,2
12059,0,1,2,0
12060,2,4,14,2
12061,4,1,2,0
12062,1,1,3,0
12063,1,3,6,1
12064,4,2,5,3
12065,3,3,7,2
12066,8,1,14,0
12067,1,0,3,1
12068,4,2,6,2
12069,3,1,3,0
12070,0,2,2,3
12071,1,0,2,1
12072,2,0,3,0
12073,8,3,12,2
12074,6,4,8,3
12075,0,1,3,0
12076,1,3,2,3
12077,1,0,5,1
12078,0,0,3,1
12079,2,0,6,1
12080,0,2,1,0
12081,0,1,3,3
12082,2,2,6,1
12083,2,5,13,2
12084,1,0,3,0
12085,3,4,10,1
12086,0,0,6,3
12087,2,1,1,0
12088,0,1,2,2
12089,4,1,12,3
12090,0,3,6,2
12091,5,4,5,3
12092,1,1,5,0
12093,0,3,6,0
12094,2,2,3,1
12095,3,2,1,0
12096,3,3,2,1
12097,0,2,5,2
12098,3,1,3,0
12099,7,4,13,3
12100,1,3,6,0
12101,2,0,5,1
12102,0,2,1,0
12103,1,0,3,0
12104,1,1,1,0
12105,5,4,8,1
12106,3,1,4,0
12107,0,0,2,2
12108,4,3,13,1
12109,1,0,6,3
12110,0,0,2,1
12111,1,3,2,0
12112,0,0,6,2
12113,3,0,5,1
12114,5,3,12,1
12115,4,4,5,2
12116,3,2,7,3
12117,3,6,6,1
12118,2,1,2,2
12119,1,0,2,1
12120,1,0,6,1
12121,2,2,6,0
12122,2,2,8,2
12123,0,2,5,2
12124,3,2,8,2
12125,1,0,6,1
12126,1,0,1,1
12127,1,2,6,0
12128,0,1,6,0
12129,1,0,1,0
12130,3,1,8,1
12131,2,3,4,0
12132,0,0,1,0
12133,2,2,6,0
12134,2,1,4,3
12135,2,0,3,0
12136,2,0,6,1
12137,1,1,1,0
12138,4,1,2,1
12139,0,1,5,1
12140,1,1,5,0
12141,0,1,6,2
12142,1,1,1,0
12143,3,2,10,1
12144,1,0,3,1
12145,2,1,4,3
12146,2,2,1,0
12147,2,0,5,1
12148,4,1,4,1
12149,3,5,14,2
12150,1,1,3,0
12151,2,1,4,0
12152,0,3,3,2
12153,0,3,6,1
12154,2,3,8,4
12155,1,3,4,0
12156,4,3,1,0
12157,1,0,5,0
12158,0,0,1,1
12159,6,4,13,1
12160,3,2,8,1
12161,0,0,2,0
12162,1,1,5,0
12163,2,3,6,0
12164,2,0,5,0
12165,1,4,12,1
12166,3,2,3,0
12167,6,5,9,2
12168,1,1,1,2
12169,3,1,2,1
12170,4,4,8,4
12171,3,1,2,1
12172,4,5,11,1
12173,1,0,1,1
12174,2,1,3,3
12175,4,3,7,2
12176,2,0,4,0
12177,1,1,4,0
12178,5,3,7,2
12179,1,2,5,0
12180,1,1,5,1
12181,2,0,5,1
12182,1,0,3,2
12183,0,2,5,2
12184,2,1,5,0
12185,2,0,3,1
12186,0,0,6,0
12187,1,0,1,1
12188,0,0,6,2
12189,0,2,6,3
12190,1,0,3,0
12191,0,1,3,0
12192,4,4,10,2
12193,0,0,4,1
12194,1,1,6,0
12195,0,0,4,2
12196,0,3,5,0
12197,1,2,2,1
12198,0,0,5,1
12199,2,0,3,0
12200,1,2,4,0
12201,0,1,5,0
12202,4,1,3,1
12203,1,1,5,0
12204,2,0,3,0
12205,1,1,1,1
12206,1,1,1,1
12207,0,1,1,0
12208,7,3,7,1
12209,2,0,2,0
12210,1,0,4,0
12211,1,3,6,2
12212,4,5,14,1
12213,2,1,2,2
12214,1,1,5,1
12215,1,0,4,1
12216,5,2,11,2
12217,4,4,13,1
12218,3,1,3,1
12219,2,1,1,0
12220,1,0,1,0
12221,1,1,4,1
12222,1,1,2,2
12223,2,3,3,0
12224,0,0,3,2
12225,0,0,1,0
12226,0,3,2,0
12227,3,4,8,1
12228,0,1,4,0
12229,0,3,4,0
12230,1,1,2,0
12231,0,1,1,1
12232,4,5,8,1
12233,3,4,14,4
12234,4,2,6,0
12235,3,1,2,1
12236,4,2,2,0
12237,6,2,5,3
12238,5,3,6,2
12239,2,1,4,0
12240,0,0,1,0
12241,1,0,6,0
12242,5,1,8,3
12243,0,1,3,0
12244,0,2,2,1
12245,0,1,5,1
12246,2,0,2,1
12247,0,3,6,0
12248,3,3,12,2
12249,1,3,4,0
12250,0,3,4,1
12251,4,1,1,3
12252,1,1,2,0
12253,8,3,7,2
12254,1,2,2,1
12255,0,0,5,1
12256,5,2,10,1
12257,1,2,2,0
12258,1,0,4,1
12259,5,2,5,2
12260,1,1,5,0
12261,0,0,3,0
12262,0,0,4,3
12263,3,0,6,0
12264,0,0,6,0
12265,4,3,12,4
12266,1,3,7,1
12267,3,1,4,0
12268,0,2,6,0
12269,5,3,8,2
12270,4,4,11,1
12271,2,1,5,2
12272,0,3,4,0
12273,1,0,2,2
12274,0,2,4,0
12275,0,2,2,3
12276,2,1,4,1
12277,4,1,6,1
12278,2,3,6,0
12279,0,0,5,0
12280,2,0,2,3
12281,4,1,12,5
12282,2,2,4,0
12283,1,1,1,0
12284,4,2,11,2
12285,1,0,4,1
12286,1,0,6,0
12287,1,0,1,1
12288,1,3,3,0
12289,0,0,5,1
12290,1,1,4,1
12291,1,2,2,0
12292,0,0,2,0
12293,0,1,1,0
12294,1,0,5,0
12295,2,2,3,1
12296,0,1,3,0
12297,2,1,1,0
12298,3,1,5,3
12299,2,0,4,0
12300,1,1,4,1
12301,0,2,2,0
12302,3,1,12,2
12303,6,2,6,2
12304,2,0,4,0
12305,0,0,5,2
12306,1,0,1,1
12307,1,2,5,2
12308,0,1,5,2
12309,2,0,5,3
12310,1,3,3,1
12311,7,1,13,3
12312,1,4,12,1
12313,6,4,10,2
12314,0,3,4,3
12315,2,0,4,0
12316,0,0,5,1
12317,2,1,5,0
12318,2,2,2,0
12319,4,5,9,1
12320,3,2,3,1
12321,2,1,4,1
12322,4,3,7,3
12323,0,0,1,2
12324,2,0,1,1
12325,3,3,14,3
12326,2,4,9,4
12327,2,2,1,0
12328,4,4,5,2
12329,0,1,3,1
12330,1,0,5,0
12331,1,1,2,1
12332,2,5,10,5
12333,0,0,2,0
12334,1,2,5,0
12335,2,0,5,1
12336,1,0,5,1
12337,3,1,6,1
12338,1,0,2,1
12339,4,5,8,3
12340,2,1,3,0
12341,2,0,1,0
12342,3,0,1,0
12343,0,2,5,2
12344,1,1,1,1
12345,1,0,1,1
12346,2,0,1,1
12347,1,1,4,1
12348,3,3,6,0
12349,2,0,2,0
12350,0,1,6,1
12351,0,0,4,2
12352,0,3,2,0
12353,1,1,6,0
12354,1,1,5,1
12355,1,0,6,3
12356,1,0,6,2
12357,0,0,3,0
12358,0,3,5,1
12359,0,0,6,0
12360,1,1,4,3
12361,6,4,12,3
12362,1,0,4,0
12363,1,0,5,1
12364,1,0,2,0
12365,0,0,4,2
12366,0,0,1,0
12367,1,0,3,1
12368,1,1,6,0
12369,0,1,2,2
12370,6,5,12,1
12371,0,1,5,0
12372,1,2,3,2
12373,1,2,3,2
12374,4,0,2,0
12375,3,0,5,0
12376,1,1,4,1
12377,3,5,8,1
12378,0,2,2,0
12379,0,0,1,0
12380,4,5,5,1
12381,5,3,6,1
12382,0,3,1,1
12383,3,2,14,4
12384,1,1,1,1
12385,6,4,8,1
12386,2,1,1,2
12387,3,2,5,1
12388,0,1,1,0
12389,1,3,1,0
12390,1,0,4,0
12391,1,1,2,0
12392,4,0,1,3
12393,1,0,2,3
12394,2,1,6,1
12395,0,2,1,0
12396,1,1,1,1
12397,5,2,6,3
12398,2,0,6,0
12399,1,0,5,0
12400,1,1,6,0
12401,4,4,13,2
12402,1,2,5,0
12403,4,3,4,3
12404,0,0,4,1
12405,4,2,13,2
12406,2,3,2,2
12407,1,0,4,1
12408,2,1,2,1
12409,1,1,6,0
12410,1,0,3,0
12411,1,0,5,0
12412,4,6,10,2
12413,1,1,4,3
12414,0,1,4,1
12415,1,1,6,2
12416,0,1,3,0
12417,3,0,6,1
12418,2,1,6,2
12419,1,2,1,1
12420,3,3,7,3
12421,3,3,8,2
12422,0,2,4,1
12423,1,1,1,3
12424,0,1,4,1
12425,4,0,2,1
12426,2,1,4,0
12427,1,0,3,2
12428,0,1,2,3
12429,1,0,3,0
12430,2,1,3,0
12431,4,3,9,1
12432,4,2,7,2
12433,2,1,2,0
12434,1,1,1,0
12435,1,2,2,1
12436,4,4,7,2
12437,8,4,11,4
12438,2,2,2,0
12439,2,1,3,2
12440,1,1,2,2
12441,3,1,14,1
12442,3,1,2,0
12443,0,0,6,2
12444,1,2,1,0
12445,3,2,3,1
12446,2,0,3,0
12447,0,0,1,2
12448,1,1,1,2
12449,2,1,2,0
12450,4,2,6,2
12451,0,1,5,0
12452,1,1,6,0
12453,2,0,2,0
12454,0,2,1,0
12455,2,1,10,2
12456,2,1,1,0
12457,1,1,4,0
12458,3,0,5,0
12459,1,0,4,0
12460,0,3,1,0
12461,2,1,6,0
12462,1,5,12,2
12463,3,2,1,0
12464,0,0,5,1
12465,2,0,5,1
12466,2,1,2,1
12467,1,2,2,1
12468,0,1,1,0
12469,1,1,5,0
12470,1,0,5,3
12471,1,0,1,0
12472,0,1,3,0
12473,1,1,5,2
12474,0,1,2,0
12475,0,1,2,0
12476,0,3,5,0
12477,0,1,5,1
12478,2,3,3,0
12479,0,0,5,1
12480,1,0,5,0
12481,3,1,5,0
12482,6,5,14,2
12483,0,2,1,0
12484,7,4,5,2
12485,0,1,4,2
12486,3,4,8,1
12487,0,0,2,0
12488,2,1,4,2
12489,2,1,5,2
12490,4,6,11,2
12491,1,1,1,0
12492,1,0,2,0
12493,2,1,6,1
12494,1,0,5,0
12495,4,0,2,0
12496,0,2,1,0
12497,0,1,6,1
12498,1,1,1,0
12499,1,1,2,1
12500,2,1,3,0
12501,1,0,6,1
12502,1,2,6,3
12503,1,3,2,1
12504,2,0,6,0
12505,0,0,5,2
12506,0,1,6,0
12507,1,1,6,2
12508,7,3,5,5
12509,1,3,4,1
12510,0,1,2,2
12511,1,0,3,0
12512,3,2,4,1
12513,4,0,1,2
12514,3,2,6,1
12515,0,0,3,0
12516,1,2,1,1
12517,5,3,9,1
12518,2,2,1,1
12519,4,3,7,3
12520,1,2,5,2
12521,2,0,2,2
12522,2,0,3,0
12523,1,1,5,1
12524,1,1,4,0
12525,6,5,6,1
12526,1,1,6,1
12527,5,5,10,2
12528,0,3,6,1
12529,0,1,4,0
12530,1,3,10,2
12531,1,0,2,1
12532,1,0,1,0
12533,1,1,2,2
12534,0,0,3,2
12535,2,1,2,0
12536,4,1,4,3
12537,2,0,5,0
12538,2,2,3,0
12539,3,0,6,1
12540,1,0,6,1
12541,0,0,5,0
12542,1,1,2,0
12543,0,3,3,2
12544,0,0,3,0
12545,1,3,5,0
12546,2,1,4,0
12547,1,3,3,2
12548,4,2,6,0
12549,1,0,6,0
12550,1,1,4,0
12551,3,1,2,0
12552,3,2,1,0
12553,3,3,10,2
12554,4,1,4,0
12555,0,0,5,1
12556,1,1,1,1
12557,1,3,5,1
12558,2,0,1,0
12559,7,5,11,1
12560,3,0,5,1
12561,1,1,6,0
12562,0,1,6,2
12563,1,1,3,0
12564,1,1,3,0
12565,0,0,6,0
12566,0,2,1,0
12567,0,0,1,2
12568,3,1,2,1
12569,6,2,11,1
12570,5,1,12,5
12571,0,2,1,0
12572,1,0,4,0
12573,1,0,4,2
12574,1,0,6,0
12575,5,3,13,2
12576,3,3,3,0
12577,1,0,1,0
12578,4,3,14,5
12579,0,1,5,1
12580,4,1,2,2
12581,0,1,6,2
12582,3,3,7,1
12583,3,1,2,0
12584,1,3,5,1
12585,0,0,1,0
12586,4,2,4,0
12587,1,1,5,0
12588,3,2,10,2
12589,1,0,1,0
12590,1,3,2,0
12591,8,4,14,2
12592,4,3,7,2
12593,3,0,2,0
12594,0,0,5,0
12595,1,1,3,0
12596,2,3,6,0
12597,3,0,2,2
12598,1,0,5,0
12599,0,0,5,1
12600,2,2,5,1
12601,1,1,6,2
12602,2,0,5,0
12603,1,0,6,1
12604,1,0,5,0
12605,0,0,4,2
12606,3,2,5,1
12607,0,1,5,0
12608,2,0,5,1
12609,3,3,4,1
12610,2,2,4,1
12611,1,2,2,0
12612,2,2,4,0
12613,0,1,1,1
12614,8,2,9,2
12615,5,5,8,5
12616,2,0,5,0
12617,1,0,6,0
12618,1,0,3,1
12619,1,1,3,2
12620,2,1,4,1
12621,2,1,1,3
12622,3,0,6,2
12623,0,3,2,0
12624,4,3,9,2
12625,1,1,2,0
12626,1,2,6,2
12627,7,3,8,2
12628,3,0,1,0
12629,1,0,1,1
12630,1,1,3,0
12631,2,3,5,0
12632,2,1,3,0
12633,4,3,11,4
12634,1,0,1,0
12635,2,0,2,1
12636,2,2,4,0
12637,1,0,5,1
12638,0,3,2,0
12639,1,0,5,1
12640,3,3,10,1
12641,3,5,8,1
12642,0,3,3,3
12643,1,0,1,2
12644,1,2,1,0
12645,3,0,3,2
12646,0,1,5,1
12647,1,2,14,4
12648,1,1,6,0
12649,0,2,5,2
12650,0,0,1,0
12651,3,1,5,0
12652,4,3,7,3
12653,2,0,4,1
12654,1,0,5,0
12655,1,0,3,1
12656,3,0,2,0
12657,1,1,6,0
12658,3,5,13,3
12659,2,0,3,0
12660,0,0,5,2
12661,3,2,10,5
12662,1,1,3,1
12663,4,3,1,0
12664,2,1,1,0
12665,2,3,1,1
12666,1,1,4,0
12667,0,1,1,1
12668,1,0,4,1
12669,4,3,8,1
12670,4,2,1,0
12671,2,1,4,0
12672,1,1,2,1
12673,2,2,6,0
12674,1,2,5,0
12675,0,2,1,1
12676,1,3,4,2
12677,0,1,3,1
12678,0,2,1,2
12679,0,2,4,1
12680,2,2,6,1
12681,0,1,6,0
12682,2,1,4,0
12683,1,1,6,0
12684,2,1,1,1
12685,5,2,14,2
12686,1,1,1,0
12687,5,3,10,1
12688,1,0,5,1
12689,0,0,6,0
12690,3,1,4,0
12691,4,3,3,0
12692,2,1,2,1
12693,0,1,1,0
12694,2,2,2,0
12695,1,0,2,1
12696,1,3,13,3
12697,3,0,1,0
12698,4,3,10,1
12699,2,0,5,0
12700,5,5,6,2
12701,1,1,2,1
12702,1,3,1,3
12703,0,1,6,0
12704,7,4,5,3
12705,0,1,3,1
12706,3,3,5,0
12707,1,2,2,1
12708,4,6,10,1
12709,1,1,5,0
12710,4,2,14,2
12711,5,3,11,3
12712,1,0,3,0
12713,3,1,4,0
12714,2,1,1,2
12715,4,3,5,1
12716,0,2,6,2
12717,2,0,2,0
12718,0,2,1,0
12719,4,2,10,2
12720,1,2,9,2
12721,0,0,1,0
12722,0,2,1,2
12723,6,2,6,0
12724,4,3,4,0
12725,1,1,5,0
12726,0,0,1,2
12727,3,3,9,3
12728,1,0,5,0
12729,1,2,6,2
12730,1,2,8,3
12731,2,3,1,2
12732,3,0,4,1
12733,1,2,5,0
12734,2,0,6,2
12735,1,0,2,0
12736,8,2,14,1
12737,2,1,3,0
12738,0,0,4,0
12739,3,1,6,3
12740,1,0,2,3
12741,1,0,1,0
12742,2,1,6,0
12743,0,1,5,0
12744,0,0,5,0
12745,1,1,5,0
12746,2,3,4,1
12747,1,0,1,2
12748,4,1,6,1
12749,3,0,4,1
12750,2,0,2,0
12751,1,1,3,1
12752,0,1,3,1
12753,0,1,1,3
12754,1,1,2,2
12755,1,2,2,0
12756,0,1,5,1
12757,5,5,5,1
12758,1,1,5,2
12759,5,2,7,4
12760,6,5,7,3
12761,2,1,2,1
12762,2,3,7,2
12763,1,0,5,0
12764,0,0,2,1
12765,1,0,6,0
12766,1,0,4,1
12767,1,0,6,2
12768,0,1,2,0
12769,5,2,14,3
12770,1,1,6,0
12771,1,0,3,2
12772,2,4,14,1
12773,3,0,6,0
12774,4,0,6,1
12775,3,3,3,0
12776,0,3,5,1
12777,1,0,6,0
12778,1,0,2,0
12779,3,0,1,1
12780,2,3,6,0
12781,1,0,3,0
12782,4,1,6,1
12783,3,0,5,3
12784,0,0,2,0
12785,2,0,3,1
12786,2,3,12,2
12787,4,4,5,2
12788,0,0,1,2
12789,0,1,3,0
12790,2,1,5,1
12791,1,1,4,1
12792,1,2,1,1
12793,2,1,6,0
12794,0,1,2,1
12795,3,2,5,1
12796,2,0,6,1
12797,1,3,1,1
12798,1,0,4,0
12799,1,3,6,0
12800,2,0,3,0
12801,4,6,5,1
12802,1,1,3,0
12803,0,0,2,0
12804,0,0,2,1
12805,4,3,10,4
12806,0,0,5,1
12807,4,3,10,3
12808,1,1,4,2
12809,1,2,5,0
12810,5,5,5,2
12811,5,2,8,1
12812,1,2,3,0
12813,1,1,4,1
12814,0,0,1,0
12815,1,0,5,0
12816,1,2,5,3
12817,0,1,5,0
12818,3,4,13,2
12819,0,0,2,1
12820,1,1,6,0
12821,1,1,4,0
12822,2,1,6,1
12823,6,3,11,1
12824,4,1,2,0
12825,1,3,1,0
12826,1,1,5,1
12827,1,1,2,0
12828,4,3,10,1
12829,1,1,4,0
12830,0,3,3,1
12831,0,1,4,0
12832,0,1,6,1
12833,4,0,5,3
12834,6,3,5,1
12835,1,1,3,1
12836,1,0,4,1
12837,0,3,3,2
12838,1,3,5,0
12839,1,1,6,0
12840,1,2,1,2
12841,3,0,1,0
12842,0,0,1,2
12843,2,3,11,2
12844,0,0,6,0
12845,5,2,8,2
12846,1,0,4,0
12847,4,5,14,2
12848,1,2,5,2
12849,0,3,4,0
12850,0,3,1,0
12851,4,6,13,2
12852,0,3,4,0
12853,5,2,14,1
12854,2,0,1,0
12855,7,2,6,2
12856,1,3,3,0
12857,2,3,6,0
12858,1,1,4,0
12859,0,0,5,1
12860,2,3,7,1
12861,3,1,3,2
12862,1,0,6,0
12863,0,3,3,1
12864,1,3,3,1
12865,4,4,5,1
12866,3,4,7,3
12867,1,1,3,1
12868,6,5,7,1
12869,1,1,4,0
12870,6,3,7,3
12871,0,2,5,0
12872,0,1,1,3
12873,2,2,5,0
12874,0,1,6,0
12875,1,0,4,1
12876,0,2,5,2
12877,2,0,4,1
12878,2,4,13,2
12879,0,1,2,1
12880,0,0,6,1
12881,1,0,5,0
12882,1,0,2,0
12883,3,4,13,1
12884,2,1,4,0
12885,5,5,14,2
12886,2,1,2,0
12887,1,1,3,2
12888,3,0,2,0
12889,3,1,2,0
12890,3,0,6,2
12891,0,2,5,0
12892,2,3,5,1
12893,0,1,1,0
12894,3,0,5,0
12895,2,1,1,1
12896,1,0,2,2
12897,1,3,2,1
12898,3,6,6,4
12899,1,0,4,0
12900,4,5,5,2
12901,2,0,1,2
12902,0,3,2,2
12903,0,2,5,0
12904,4,2,6,1
12905,2,3,3,3
12906,0,1,6,1
12907,2,2,9,2
12908,0,1,3,0
12909,4,3,4,0
12910,0,2,4,0
12911,3,3,6,2
12912,5,3,8,2
12913,3,1,1,0
12914,6,4,11,2
12915,2,3,4,1
12916,1,2,3,0
12917,0,0,4,2
12918,0,0,4,1
12919,1,1,6,3
12920,4,3,12,1
12921,0,0,3,1
12922,0,3,1,0
12923,1,0,3,2
12924,1,2,6,0
12925,0,3,5,2
12926,0,3,4,1
12927,0,1,4,2
12928,2,1,6,1
12929,0,0,1,0
12930,1,1,6,0
12931,2,0,1,3
12932,2,2,1,1
12933,4,0,3,2
12934,0,1,5,2
12935,0,1,4,0
12936,4,5,14,2
12937,6,2,11,3
12938,4,0,1,0
12939,0,0,3,0
12940,2,3,8,3
12941,2,1,5,0
12942,1,0,5,0
12943,3,6,7,3
12944,0,0,3,1
12945,0,1,3,1
12946,1,5,14,2
12947,4,2,1,1
12948,6,4,11,3
12949,4,0,6,0
12950,3,3,9,5
12951,3,0,3,2
12952,3,1,4,0
12953,0,1,4,0
12954,1,1,5,0
12955,5,5,12,2
12956,3,0,3,3
12957,0,0,2,0
12958,6,3,12,1
12959,2,2,4,0
12960,1,1,6,1
12961,1,0,1,2
12962,2,3,4,0
12963,0,1,5,0
12964,2,0,4,0
12965,3,2,12,1
12966,0,2,5,0
12967,0,1,5,2
12968,1,0,5,0
12969,3,2,8,2
12970,2,2,6,1
12971,0,1,5,0
12972,2,1,14,3
12973,0,0,6,0
12974,1,1,4,0
12975,1,1,2,0
12976,0,0,3,0
12977,2,1,5,2
12978,1,2,5,0
12979,4,3,13,1
12980,0,1,1,0
12981,2,0,6,1
12982,7,5,8,1
12983,0,3,4,2
12984,0,3,1,0
12985,0,0,6,1
12986,5,3,11,2
12987,1,0,3,0
12988,1,0,1,0
12989,1,3,2,1
12990,1,0,3,0
12991,0,2,2,2
12992,1,2,3,0
12993,2,2,2,1
12994,2,6,12,1
12995,7,2,10,1
12996,0,1,6,0
12997,3,0,1,3
12998,1,4,13,2
12999,2,0,6,0
13000,1,0,1,1
13001,4,3,3,0
13002,2,1,3,0
13003,2,2,6,1
13004,0,1,5,0
13005,1,1,4,1
13006,4,5,9,1
13007,4,4,7,1
13008,1,0,3,1
13009,1,1,2,1
13010,0,2,4,1
13011,3,0,2,1
13012,3,0,3,1
13013,2,0,4,0
13014,2,3,5,0
13015,0,2,4,3
13016,1,2,6,0
13017,4,2,3,0
13018,5,4,6,2
13019,2,0,4,2
13020,0,1,6,0
13021,2,0,4,0
13022,2,0,4,0
13023,4,1,1,0
13024,7,1,9,2
13025,2,1,4,2
13026,3,1,1,2
13027,0,1,3,1
13028,0,3,5,1
13029,5,4,13,1
13030,1,1,4,0
13031,0,0,1,0
13032,3,0,1,2
13033,1,1,3,0
13034,1,1,1,1
13035,0,1,6,0
13036,0,3,6,0
13037,1,0,6,1
13038,0,2,5,1
13039,2,1,2,1
13040,2,0,2,0
13041,0,0,5,0
13042,0,0,1,2
13043,1,0,1,0
13044,0,0,6,2
13045,1,1,5,0
13046,3,1,4,0
13047,2,0,3,1
13048,1,0,5,0
13049,0,0,6,0
13050,2,2,3,0
13051,2,4,5,2
13052,0,3,4,0
13053,3,1,5,1
13054,4,2,9,0
13055,0,0,2,0
13056,0,0,6,0
13057,1,3,2,0
13058,0,2,4,1
13059,0,3,5,2
13060,0,1,5,0
13061,1,1,6,2
13062,1,1,4,0
13063,4,0,1,0
13064,1,0,3,0
13065,4,3,5,2
13066,5,3,12,1
13067,1,1,1,0
13068,0,0,3,1
13069,0,1,1,1
13070,3,2,4,1
13071,1,0,6,1
13072,3,6,8,5
13073,4,3,11,2
13074,1,0,5,0
13075,0,0,2,1
13076,0,3,6,0
13077,7,2,8,2
13078,2,1,3,0
13079,2,1,4,1
13080,2,0,4,1
13081,2,1,2,1
13082,3,1,2,1
13083,2,1,3,1
13084,1,3,5,2
13085,3,3,11,2
13086,1,2,4,0
13087,3,3,13,2
13088,2,0,1,0
13089,6,3,10,2
13090,1,1,4,1
13091,0,0,5,1
13092,0,2,3,0
13093,1,1,2,0
13094,3,0,1,1
13095,1,1,2,0
13096,0,2,3,0
13097,1,0,3,1
13098,1,1,2,0
13099,3,0,4,3
13100,1,2,5,0
13101,5,2,11,1
13102,1,1,5,2
13103,6,3,11,1
13104,2,0,6,0
13105,5,4,6,3
13106,1,2,1,1
13107,1,2,1,2
13108,0,0,6,2
13109,0,0,1,0
13110,1,2,3,0
13111,1,1,1,0
13112,3,1,2,0
13113,4,2,13,1
13114,0,3,2,0
13115,0,0,3,0
13116,0,1,4,1
13117,2,2,5,0
13118,1,0,2,0
13119,0,0,1,1
13120,1,1,1,0
13121,0,1,4,2
13122,4,1,2,0
13123,1,1,2,0
13124,5,2,6,0
13125,1,0,1,0
13126,2,1,5,1
13127,7,5,9,1
13128,2,3,2,0
13129,2,2,3,0
13130,0,0,1,1
13131,2,2,5,1
13132,1,0,4,1
13133,2,1,4,1
13134,3,1,14,1
13135,0,1,5,1
13136,1,3,6,1
13137,5,1,10,2
13138,2,1,3,2
13139,5,3,6,2
13140,4,1,5,0
13141,4,0,2,1
13142,0,3,5,2
13143,1,1,2,1
13144,5,3,7,1
13145,1,2,3,0
13146,2,1,9,2
13147,5,2,10,1
13148,2,1,1,1
13149,2,1,4,0
13150,0,0,3,2
13151,3,1,2,0
13152,2,0,6,2
13153,1,0,3,1
13154,0,1,1,1
13155,1,1,3,2
13156,0,0,5,0
13157,2,1,6,1
13158,4,1,8,4
13159,2,0,2,2
13160,2,3,5,0
13161,2,2,3,3
13162,0,1,2,0
13163,1,1,9,3
13164,2,0,1,1
13165,5,2,13,2
13166,3,3,2,1
13167,1,1,1,1
13168,1,0,3,0
13169,3,4,9,1
13170,4,2,5,1
13171,3,0,1,2
13172,0,2,4,1
13173,2,0,1,1
13174,0,0,6,0
13175,2,1,5,0
13176,0,0,6,0
13177,1,1,6,1
13178,2,1,3,1
13179,3,2,2,1
13180,1,1,3,1
13181,2,2,1,0
13182,1,0,1,1
13183,1,3,3,0
13184,3,0,3,2
13185,2,3,4,2
13186,1,3,2,2
13187,1,1,4,2
13188,3,5,13,1
13189,1,1,6,1
13190,4,3,11,1
13191,0,3,1,1
13192,0,1,3,1
13193,0,0,1,0
13194,3,0,6,0
13195,4,3,10,4
13196,0,1,4,0
13197,2,1,2,1
13198,2,3,13,3
13199,1,2,6,0
13200,2,3,5,1
13201,3,1,1,1
13202,0,0,2,0
13203,0,0,5,0
13204,5,5,6,2
13205,1,3,4,2
13206,1,0,5,0
13207,8,1,8,2
13208,0,1,3,3
13209,2,1,3,1
13210,2,1,5,2
13211,5,4,5,3
13212,1,3,2,1
13213,2,3,5,2
13214,1,1,4,0
13215,1,1,2,0
13216,2,2,3,1
13217,1,1,2,1
13218,5,5,10,1
13219,0,0,6,0
13220,1,0,1,0
13221,1,0,2,1
13222,0,1,3,1
13223,1,0,1,0
13224,1,0,2,2
13225,1,1,2,0
13226,2,1,1,2
13227,1,1,1,2
13228,1,1,3,2
13229,1,2,1,3
13230,1,2,1,1
13231,1,0,5,2
13232,6,1,5,1
13233,0,2,2,0
13234,2,1,3,0
13235,0,1,2,0
13236,4,4,5,3
13237,0,0,1,1
13238,5,3,12,2
13239,0,1,2,1
13240,4,2,6,2
13241,8,4,14,2
13242,0,3,4,2
13243,1,1,5,0
13244,5,4,14,1
13245,3,1,5,0
13246,5,3,14,3
13247,2,1,3,0
13248,1,1,6,1
13249,2,1,6,1
13250,1,0,6,0
13251,2,2,4,0
13252,6,3,12,2
13253,3,0,2,2
13254,6,3,11,2
13255,5,3,6,2
13256,3,5,6,2
13257,2,3,2,0
13258,0,2,4,0
13259,4,0,3,3
13260,2,3,11,1
13261,0,3,4,1
13262,7,4,14,2
13263,1,1,6,1
13264,4,3,5,3
13265,4,6,12,1
13266,1,1,1,0
13267,0,2,5,2
13268,2,1,3,2
13269,0,0,1,0
13270,0,1,5,1
13271,3,1,4,0
13272,0,2,4,0
13273,0,2,3,1
13274,4,1,11,2
13275,0,0,3,0
13276,0,0,3,2
13277,3,1,5,2
13278,1,0,2,0
13279,2,0,6,2
13280,0,2,2,0
13281,0,3,5,1
13282,0,1,3,0
13283,1,2,2,0
13284,0,1,6,1
13285,2,0,5,1
13286,3,0,6,3
13287,5,2,7,2
13288,0,1,1,2
13289,0,3,5,0
13290,0,0,4,3
13291,2,0,6,0
13292,4,1,11,3
13293,1,0,6,0
13294,3,0,6,0
13295,2,1,1,0
13296,1,2,8,1
13297,0,2,6,0
13298,1,0,4,1
13299,3,4,8,4
13300,0,2,2,0
13301,0,0,1,0
13302,1,1,6,0
13303,1,0,4,0
13304,0,0,3,2
13305,3,6,13,2
13306,0,1,1,3
13307,0,1,1,0
13308,2,1,1,2
13309,3,0,3,0
13310,1,2,4,1
13311,0,0,6,0
13312,0,0,2,1
13313,1,0,1,0
13314,8,4,13,4
13315,1,4,6,0
13316,1,2,5,0
13317,0,0,1,0
13318,1,1,2,0
13319,1,6,5,1
13320,1,1,6,0
13321,0,1,2,1
13322,1,0,5,0
13323,1,2,5,2
13324,1,2,3,2
13325,1,0,5,0
13326,2,3,5,1
13327,2,1,5,0
13328,3,2,4,1
13329,4,1,6,1
13330,0,1,4,0
13331,0,2,2,1
13332,1,0,2,0
13333,3,4,13,2
13334,4,1,5,2
13335,0,1,2,3
13336,7,2,9,5
13337,1,3,6,0
13338,1,3,6,1
13339,0,0,1,0
13340,0,3,4,1
13341,0,0,3,1
13342,3,4,7,1
13343,0,1,4,1
13344,4,2,12,4
13345,2,6,10,2
13346,3,1,4,1
13347,0,1,6,0
13348,2,2,5,1
13349,5,2,11,1
13350,2,3,1,1
13351,1,1,3,1
13352,2,0,5,0
13353,1,0,1,0
13354,1,0,6,0
13355,0,0,5,0
13356,5,4,10,4
13357,5,3,7,3
13358,1,0,6,1
13359,2,1,1,0
13360,2,1,6,0
13361,3,0,3,0
13362,0,2,5,2
13363,4,2,10,2
13364,0,2,5,0
13365,1,0,4,0
13366,0,0,3,3
13367,4,6,5,2
13368,0,0,1,1
13369,1,1,5,0
13370,1,1,2,1
13371,2,1,4,1
13372,4,4,10,1
13373,0,2,3,1
13374,0,0,1,1
13375,0,2,6,1
13376,4,4,8,3
13377,4,6,5,0
13378,0,1,6,2
13379,1,1,5,1
13380,3,1,4,0
13381,1,0,6,0
13382,1,1,1,1
13383,1,0,2,0
13384,0,0,6,0
13385,0,0,4,1
13386,0,0,1,0
13387,3,0,2,0
13388,0,0,4,1
13389,3,2,13,1
13390,1,3,1,3
13391,1,0,1,0
13392,0,1,3,0
13393,2,1,4,1
13394,4,0,2,1
13395,0,0,5,1
13396,0,0,5,0
13397,0,0,5,0
13398,4,3,13,2
13399,2,1,1,2
13400,4,2,14,2
13401,1,1,2,1
13402,2,1,2,0
13403,1,1,1,1
13404,4,0,6,1
13405,4,0,5,1
13406,1,2,8,1
13407,5,3,5,1
13408,3,4,11,3
13409,7,2,7,2
13410,2,1,1,1
13411,1,0,5,1
13412,2,1,1,1
13413,3,0,5,2
13414,1,0,6,2
13415,0,1,2,2
13416,2,0,2,0
13417,0,1,5,0
13418,0,0,2,2
13419,2,0,3,0
13420,6,4,7,3
13421,0,0,1,1
13422,1,0,2,1
13423,2,2,6,2
13424,1,2,3,1
13425,2,1,6,1
13426,1,0,4,0
13427,2,0,3,0
13428,4,1,4,1
13429,3,5,13,1
13430,0,3,1,0
13431,4,1,5,3
13432,1,1,5,2
13433,1,1,6,1
13434,3,3,5,2
13435,2,2,4,1
13436,0,2,5,3
13437,2,2,4,1
13438,4,5,13,5
13439,0,2,3,0
13440,0,3,5,0
13441,0,0,6,0
13442,2,3,5,0
13443,0,0,4,1
13444,0,1,2,0
13445,3,1,5,0
13446,1,0,1,0
13447,0,2,5,0
13448,0,1,5,0
13449,1,2,4,0
13450,1,2,4,1
13451,1,0,6,0
13452,2,2,1,0
13453,1,0,6,3
13454,6,2,12,1
13455,2,0,4,1
13456,1,0,3,1
13457,7,4,8,2
13458,1,4,7,1
13459,3,0,2,3
13460,3,1,5,3
13461,3,2,9,2
13462,1,0,3,0
13463,0,0,3,1
13464,0,1,4,0
13465,1,2,2,2
13466,0,0,1,0
13467,1,0,4,2
13468,1,1,4,1
13469,2,1,5,3
13470,1,2,6,0
13471,4,2,2,2
13472,1,3,5,2
13473,0,1,2,1
13474,1,2,6,0
13475,3,4,11,3
13476,2,0,1,0
13477,2,0,5,1
13478,4,2,6,1
13479,1,1,5,0
13480,1,0,5,1
13481,2,3,4,0
13482,1,0,1,2
13483,0,0,3,1
13484,0,0,1,2
13485,4,1,7,3
13486,1,3,4,0
13487,1,0,5,0
13488,0,0,2,0
13489,1,1,2,2
13490,2,1,3,0
13491,0,0,1,0
13492,1,1,4,0
13493,2,1,9,1
13494,2,0,3,0
13495,1,1,2,1
13496,0,0,6,0
13497,2,0,6,0
13498,4,4,13,2
13499,2,0,2,3
13500,0,1,3,0
13501,4,4,12,1
13502,1,3,4,1
13503,2,0,1,0
13504,6,3,8,3
13505,1,0,5,1
13506,5,4,13,3
13507,1,2,5,2
13508,1,0,1,2
13509,0,1,6,1
13510,4,1,3,0
13511,3,0,1,3
13512,2,3,6,0
13513,4,2,13,1
13514,1,0,1,0
13515,2,1,4,0
13516,2,2,2,2
13517,1,0,1,0
13518,0,0,1,2
13519,3,5,7,2
13520,3,5,12,2
13521,1,3,3,1
13522,0,0,3,0
13523,1,0,2,0
13524,3,1,6,0
13525,3,0,3,0
13526,6,2,8,2
13527,2,3,14,3
13528,2,0,1,0
13529,1,3,5,1
13530,4,4,9,3
13531,0,2,2,2
13532,0,0,2,1
13533,0,3,4,1
13534,2,0,5,0
13535,0,1,5,0
13536,2,0,4,0
13537,1,3,5,1
13538,2,0,4,0
13539,3,4,12,2
13540,1,0,2,1
13541,3,2,12,2
13542,2,0,2,2
13543,1,1,5,2
13544,4,4,10,1
13545,0,3,4,1
13546,6,2,11,2
13547,0,0,1,0
13548,2,1,6,0
13549,0,0,2,1
13550,2,0,6,0
13551,3,6,6,1
13552,3,5,6,4
13553,0,3,5,1
13554,0,0,2,2
13555,1,1,6,1
13556,6,3,9,1
13557,2,0,1,1
13558,1,1,6,2
13559,4,4,7,2
13560,1,0,3,0
13561,4,5,6,2
13562,0,1,5,3
13563,1,0,4,0
13564,1,1,6,0
13565,1,1,4,0
13566,7,2,6,1
13567,2,0,6,1
13568,2,0,6,1
13569,2,0,4,1
13570,1,0,2,0
13571,0,2,2,0
13572,2,0,2,1
13573,1,2,2,1
13574,4,1,5,1
13575,1,0,1,2
13576,2,1,5,0
13577,1,1,2,0
13578,4,3,10,3
13579,0,0,5,0
13580,1,1,2,0
13581,1,0,4,0
13582,1,2,6,0
13583,3,0,6,1
13584,4,0,4,0
13585,0,3,6,0
13586,1,0,1,0
13587,0,2,5,0
13588,1,0,2,0
13589,2,2,6,1
13590,2,1,3,1
13591,0,0,6,1
13592,0,0,2,0
13593,3,2,1,1
13594,2,1,1,0
13595,4,1,9,2
13596,0,1,4,2
13597,6,4,12,4
13598,7,3,11,3
13599,4,4,10,2
13600,6,1,6,2
13601,1,3,3,1
13602,0,0,3,0
13603,1,1,4,1
13604,1,1,3,2
13605,7,2,12,1
13606,2,0,6,0
13607,0,0,6,0
13608,0,3,4,0
13609,0,1,6,0
13610,0,3,3,0
13611,3,1,3,3
13612,0,1,2,3
13613,2,3,3,2
13614,0,0,1,0
13615,1,0,1,2
13616,0,1,1,1
13617,1,0,2,1
13618,1,0,5,1
13619,4,2,7,4
13620,0,1,2,1
13621,0,0,5,0
13622,1,0,5,1
13623,2,3,8,1
13624,5,3,14,1
13625,3,0,6,0
13626,2,0,6,0
13627,1,1,5,1
13628,1,0,1,2
13629,3,3,3,0
13630,0,1,6,1
13631,2,1,4,0
13632,3,0,6,2
13633,3,1,3,1
13634,1,1,5,1
13635,0,3,5,1
13636,0,2,3,0
13637,3,2,4,2
13638,0,0,1,1
13639,5,3,9,2
13640,0,0,2,1
13641,1,2,3,1
13642,2,0,5,2
13643,0,0,5,2
13644,1,1,1,1
13645,1,1,5,0
13646,1,3,6,0
13647,3,2,2,2
13648,0,1,6,0
13649,4,2,8,3
13650,1,0,5,0
13651,1,1,2,1
13652,2,1,5,0
13653,1,0,3,0
13654,0,0,5,0
13655,3,1,6,0
13656,1,0,5,1
13657,0,1,6,1
13658,1,1,3,3
13659,3,0,4,0
13660,4,2,6,4
13661,1,2,3,1
13662,1,0,1,0
13663,0,0,3,2
13664,6,3,5,1
13665,0,1,4,0
13666,0,3,1,1
13667,2,1,3,1
13668,0,1,2,0
13669,2,2,5,0
13670,1,0,2,1
13671,0,0,4,1
13672,0,0,3,0
13673,1,0,6,1
13674,4,0,1,0
13675,2,3,13,1
13676,1,0,3,2
13677,3,3,9,1
13678,0,2,5,1
13679,0,1,4,0
13680,1,1,3,3
13681,3,2,1,1
13682,6,3,7,2
13683,4,2,8,1
13684,1,0,2,3
13685,0,0,3,0
13686,1,2,4,0
13687,1,1,4,3
13688,4,1,1,0
13689,0,2,4,1
13690,0,1,5,0
13691,0,3,6,0
13692,2,1,2,1
13693,5,4,14,3
13694,0,0,4,0
13695,6,3,12,3
13696,0,2,6,0
13697,3,1,5,0
13698,0,2,4,1
13699,3,1,3,0
13700,4,0,3,0
13701,2,1,2,0
13702,4,1,1,0
13703,3,2,11,1
13704,1,1,1,1
13705,2,1,4,0
13706,0,0,5,2
13707,1,3,5,1
13708,5,5,9,2
13709,1,1,2,2
13710,0,2,4,2
13711,1,1,2,0
13712,0,3,1,2
13713,0,0,4,2
13714,0,0,1,2
13715,2,1,6,0
13716,2,3,2,1
13717,3,1,3,0
13718,0,0,2,1
13719,1,0,4,0
13720,0,0,4,0
13721,0,0,2,1
13722,1,2,4,1
13723,3,1,5,0
13724,1,0,6,0
13725,1,0,2,1
13726,0,3,5,2
13727,2,2,12,2
13728,1,0,5,0
13729,4,3,5,0
13730,4,3,6,5
13731,1,1,1,0
13732,3,1,3,0
13733,1,2,2,1
13734,2,2,1,0
13735,0,3,5,0
13736,7,4,10,2
13737,0,1,6,0
13738,1,2,1,1
13739,0,2,6,0
13740,2,0,3,0
13741,1,4,8,1
13742,0,1,5,0
13743,1,0,3,2
13744,2,0,6,0
13745,4,0,2,1
13746,1,0,2,2
13747,0,0,6,2
13748,2,3,1,3
13749,6,2,10,3
13750,0,1,2,1
13751,0,1,3,3
13752,1,2,4,2
13753,1,0,1,1
13754,4,0,3,1
13755,2,1,9,1
13756,2,1,3,1
13757,2,1,4,3
13758,0,0,4,1
13759,4,0,5,0
13760,4,3,14,1
13761,2,3,4,0
13762,4,5,7,1
13763,0,1,3,0
13764,1,2,1,1
13765,1,3,14,1
13766,0,0,6,1
13767,0,2,4,2
13768,1,0,5,0
13769,7,6,10,3
13770,1,0,1,1
13771,0,1,3,0
13772,1,1,3,1
13773,3,1,5,0
13774,0,1,5,1
13775,3,0,1,1
13776,2,3,2,0
13777,3,2,3,0
13778,1,3,6,0
13779,4,3,8,1
13780,2,0,4,1
13781,0,2,5,0
13782,1,2,5,1
13783,1,1,2,0
13784,1,0,1,2
13785,3,5,9,2
13786,6,3,5,3
13787,0,0,4,0
13788,1,0,5,0
13789,2,0,4,0
13790,1,2,5,0
13791,1,2,3,2
13792,0,1,5,0
13793,2,0,3,3
13794,3,1,2,0
13795,2,1,1,0
13796,0,1,4,0
13797,2,3,3,0
13798,2,1,1,2
13799,0,1,5,0
13800,5,3,14,3
13801,2,2,6,0
13802,4,2,8,3
13803,1,3,4,0
13804,1,3,6,1
13805,2,1,2,1
13806,2,1,6,0
13807,2,0,2,0
13808,1,1,6,1
13809,0,2,5,3
13810,3,2,6,1
13811,2,1,5,0
13812,0,3,2,2
13813,3,0,2,2
13814,4,1,6,0
13815,1,0,6,0
13816,4,0,4,0
13817,1,0,2,0
13818,1,1,6,0
13819,4,1,10,2
13820,1,0,2,0
13821,0,1,2,1
13822,5,4,12,2
13823,4,3,13,5
13824,2,1,2,0
13825,1,1,4,0
13826,3,0,2,0
13827,3,0,5,0
13828,3,3,10,1
13829,5,1,12,3
13830,2,1,2,1
13831,0,0,5,2
13832,0,1,1,0
13833,4,3,5,0
13834,0,2,1,1
13835,5,3,9,1
13836,4,1,11,2
13837,0,3,6,0
13838,3,6,14,3
13839,0,1,3,3
13840,2,1,4,0
13841,1,0,2,2
13842,1,3,5,1
13843,3,4,6,3
13844,0,1,3,3
13845,0,0,5,0
13846,0,1,1,2
13847,2,0,2,1
13848,3,0,3,0
13849,2,0,5,1
13850,0,1,1,0
13851,1,2,2,0
13852,1,1,2,2
13853,0,2,6,1
13854,0,3,1,0
13855,3,0,1,0
13856,5,2,12,3
13857,6,4,11,2
13858,5,2,9,5
13859,1,5,7,1
13860,1,0,6,2
13861,2,2,5,2
13862,1,1,5,1
13863,0,2,3,0
13864,5,3,13,2
13865,0,1,4,1
13866,1,0,2,0
13867,1,0,6,1
13868,2,0,1,2
13869,1,1,2,0
13870,4,3,5,2
13871,5,2,6,2
13872,3,3,13,1
13873,4,1,3,2
13874,6,6,5,2
13875,0,0,4,1
13876,0,1,4,0
13877,0,0,4,0
13878,1,0,3,0
13879,0,2,4,0
13880,1,1,6,0
13881,1,0,5,1
13882,1,1,5,3
13883,4,1,1,1
13884,0,0,3,2
13885,2,0,5,1
13886,1,1,5,0
13887,1,0,1,1
13888,1,0,2,1
13889,8,2,11,4
13890,0,2,5,0
13891,1,3,5,1
13892,1,2,5,2
13893,5,3,14,1
13894,1,2,1,0
13895,2,0,6,2
13896,4,1,2,0
13897,6,3,12,1
13898,0,1,6,0
13899,0,0,3,0
13900,0,0,1,0
13901,0,0,6,0
13902,0,0,1,1
13903,1,3,2,2
13904,0,2,6,1
13905,1,2,6,1
13906,0,1,5,1
13907,0,2,6,0
13908,2,2,3,0
13909,1,0,6,1
13910,0,0,4,0
13911,1,2,2,0
13912,7,4,13,3
13913,1,0,4,1
13914,3,1,8,1
13915,0,1,3,0
13916,1,2,2,1
13917,1,2,2,2
13918,1,0,4,2
13919,1,3,3,2
13920,2,0,5,0
13921,4,3,8,0
13922,0,1,1,2
13923,6,6,10,2
13924,1,0,5,1
13925,2,2,6,2
13926,2,2,2,0
13927,1,0,2,0
13928,0,1,5,1
13929,1,1,3,2
13930,4,0,6,0
13931,2,1,5,1
13932,2,1,2,0
13933,3,1,2,3
13934,0,1,1,2
13935,2,2,13,1
13936,1,0,3,1
13937,1,1,3,0
13938,1,1,1,0
13939,1,1,2,0
13940,2,0,3,0
13941,1,3,2,0
13942,1,1,3,1
13943,3,4,9,2
13944,3,3,9,3
13945,0,1,6,1
13946,3,3,5,1
13947,1,1,6,0
13948,1,0,2,2
13949,3,0,3,0
13950,0,0,3,1
13951,0,2,5,2
13952,2,0,4,0
13953,1,2,6,2
13954,1,2,5,1
13955,2,1,1,0
13956,1,0,3,2
13957,0,1,4,0
13958,0,0,3,2
13959,1,2,5,3
13960,3,5,10,1
13961,1,1,1,2
13962,3,0,6,0
13963,2,0,6,0
13964,5,5,12,2
13965,7,4,12,2
13966,1,0,4,1
13967,0,0,6,0
13968,0,1,2,1
13969,4,3,5,4
13970,1,0,6,0
13971,0,1,6,2
13972,1,1,1,0
13973,2,0,2,0
13974,5,2,12,5
13975,2,1,6,0
13976,2,1,1,2
13977,1,0,4,1
13978,0,0,2,2
13979,4,0,6,0
13980,2,1,5,1
13981,5,4,13,4
13982,0,1,1,1
13983,1,2,2,0
13984,3,2,1,2
13985,1,2,3,0
13986,1,0,4,0
13987,2,1,2,0
13988,5,5,13,0
13989,0,0,5,1
13990,0,0,6,1
13991,1,0,4,0
13992,0,1,3,1
13993,5,3,8,2
13994,4,2,5,0
13995,0,0,3,0
13996,2,2,2,1
13997,2,2,3,2
13998,1,0,2,1
13999,2,0,5,1
14000,0,1,2,1
14001,1,0,2,1
14002,2,2,3,1
14003,1,1,5,0
14004,0,0,3,1
14005,1,1,3,0
14006,6,1,9,0
14007,0,2,2,0
14008,3,3,1,2
14009,2,0,3,0
14010,3,2,3,0
14011,3,1,6,1
14012,1,1,6,1
14013,3,1,6,2
14014,0,2,3,2
14015,4,3,6,0
14016,1,2,6,0
14017,2,0,1,0
14018,0,1,2,0
14019,7,2,10,0
14020,1,1,6,0
14021,0,1,1,2
14022,1,0,3,0
14023,4,0,4,0
14024,2,1,1,0
14025,0,1,3,1
14026,0,1,3,2
14027,3,2,11,3
14028,0,0,1,0
14029,4,2,12,0
14030,2,0,2,2
14031,1,0,3,1
14032,1,3,3,0
14033,0,1,6,0
14034,4,6,9,3
14035,0,2,1,0
14036,1,3,5,0
14037,2,0,4,0
14038,1,1,1,1
14039,3,5,9,1
14040,0,0,5,1
14041,1,0,5,0
14042,1,0,2,0
14043,0,0,3,1
14044,0,0,1,0
14045,4,1,13,1
14046,8,2,12,3
14047,0,0,6,0
14048,0,1,4,0
14049,0,0,4,0
14050,3,0,2,0
14051,0,0,6,1
14052,1,0,5,1
14053,0,1,4,2
14054,2,4,7,1
14055,5,3,8,1
14056,0,1,1,0
14057,1,0,2,3
14058,1,1,6,0
14059,2,0,1,2
14060,2,1,3,0
14061,2,1,1,1
14062,2,1,4,0
14063,2,3,6,0
14064,1,0,6,1
14065,2,0,5,0
14066,3,3,13,4
14067,4,3,14,1
14068,0,0,4,1
14069,0,1,3,2
14070,1,0,2,2
14071,1,0,6,3
14072,2,2,1,0
14073,0,0,3,1
14074,0,1,3,1
14075,4,0,6,0
14076,1,1,3,0
14077,1,0,6,0
14078,0,1,6,3
14079,2,1,2,0
14080,1,2,2,0
14081,0,0,3,0
14082,2,0,5,2
14083,1,1,1,1
14084,1,0,5,0
14085,1,1,3,0
14086,4,2,11,2
14087,4,0,5,0
14088,2,6,13,1
14089,4,3,13,2
14090,5,4,10,3
14091,3,2,2,2
14092,0,0,4,0
14093,0,2,5,1
14094,5,2,13,1
14095,2,1,6,2
14096,2,0,5,0
14097,2,0,1,0
14098,0,0,3,0
14099,2,0,3,0
14100,2,3,3,2
14101,3,0,6,0
14102,2,1,12,4
14103,2,1,1,0
14104,1,0,2,1
14105,2,0,5,0
14106,1,2,11,1
14107,3,1,10,2
14108,3,4,10,1
14109,2,0,4,1
14110,7,2,13,2
14111,2,1,3,0
14112,1,1,5,0
14113,0,0,3,0
14114,1,1,5,0
14115,4,1,2,0
14116,1,1,1,0
14117,2,3,6,0
14118,5,2,8,1
14119,2,0,1,2
14120,4,5,14,3
14121,1,1,5,0
14122,0,1,4,0
14123,2,0,3,1
14124,1,1,6,3
14125,1,2,5,1
14126,1,2,3,0
14127,0,3,6,3
14128,0,2,3,0
14129,0,0,5,0
14130,3,3,8,0
14131,0,1,5,2
14132,0,1,3,0
14133,3,1,5,2
14134,3,1,5,1
14135,3,2,5,0
14136,3,5,14,3
14137,4,0,1,0
14138,7,2,5,1
14139,0,3,4,3
14140,1,2,6,0
14141,2,1,3,1
14142,7,4,8,1
14143,1,1,4,0
14144,2,1,4,0
14145,8,2,9,2
14146,0,3,2,1
14147,4,3,11,2
14148,2,0,5,2
14149,1,1,4,0
14150,1,1,5,5
14151,0,3,3,0
14152,3,1,11,3
14153,1,1,6,2
14154,1,1,2,0
14155,1,1,5,1
14156,0,0,2,0
14157,1,1,6,0
14158,0,0,1,0
14159,1,1,1,0
14160,0,1,2,0
14161,2,0,3,0
14162,2,1,3,0
14163,2,3,6,1
14164,0,2,2,2
14165,1,0,5,0
14166,1,2,6,2
14167,0,1,4,3
14168,0,1,2,2
14169,3,4,12,2
14170,1,1,6,2
14171,2,0,3,2
14172,3,2,10,2
14173,1,3,1,2
14174,4,1,2,1
14175,2,0,3,2
14176,0,1,2,0
14177,0,1,5,0
14178,5,3,12,1
14179,1,1,6,0
14180,1,0,4,0
14181,1,3,4,0
14182,0,2,2,1
14183,1,1,4,0
14184,2,1,1,0
14185,4,4,9,1
14186,3,1,4,0
14187,1,0,4,1
14188,1,0,3,0
14189,1,1,3,1
14190,3,4,8,3
14191,3,1,6,0
14192,1,3,3,1
14193,0,0,5,0
14194,2,1,3,0
14195,2,3,3,2
14196,4,1,1,0
14197,3,2,5,1
14198,1,1,5,0
14199,1,2,4,3
14200,4,2,7,1
14201,3,2,1,1
14202,3,3,6,0
14203,2,1,3,0
14204,0,2,3,1
14205,0,0,5,1
14206,1,0,3,0
14207,0,1,5,1
14208,2,0,3,2
14209,3,2,7,2
14210,0,1,6,1
14211,1,0,2,3
14212,0,3,5,1
14213,2,0,6,1
14214,0,0,4,1
14215,0,2,6,1
14216,8,4,7,2
14217,1,3,3,0
14218,1,1,6,0
14219,2,3,2,1
14220,7,6,10,2
14221,0,0,6,2
14222,2,0,5,0
14223,0,1,5,1
14224,1,0,3,0
14225,1,2,2,1
14226,2,0,4,0
14227,1,0,6,1
14228,2,0,6,1
14229,1,1,5,3
14230,1,1,6,0
14231,1,0,6,0
14232,3,0,2,2
14233,3,5,14,1
14234,1,1,1,2
14235,0,0,2,0
14236,0,0,5,1
14237,1,1,5,2
14238,1,0,2,1
14239,3,3,13,3
14240,0,1,5,1
14241,0,0,1,0
14242,2,1,3,2
14243,1,0,6,1
14244,6,3,8,0
14245,0,3,1,1
14246,3,3,3,3
14247,5,4,14,1
14248,4,2,13,3
14249,0,1,4,2
14250,3,0,5,1
14251,2,3,2,0
14252,2,1,5,0
14253,1,1,2,1
14254,0,3,6,0
14255,1,3,3,0
14256,1,1,5,0
14257,0,0,4,0
14258,5,2,5,2
14259,1,0,4,0
14260,1,2,2,2
14261,0,2,4,1
14262,3,3,6,2
14263,1,0,3,0
14264,2,2,2,0
14265,1,0,4,1
14266,5,3,7,1
14267,2,1,6,0
14268,1,0,2,0
14269,1,1,4,0
14270,4,3,8,1
14271,1,0,2,0
14272,0,1,4,0
14273,3,1,2,0
14274,0,0,1,0
14275,3,1,5,0
14276,0,2,6,3
14277,3,0,1,0
14278,2,0,2,0
14279,2,1,12,1
14280,0,1,2,0
14281,4,3,12,1
14282,6,3,9,3
14283,1,0,2,0
14284,1,1,5,0
14285,5,6,10,1
14286,2,1,5,1
14287,5,5,7,0
14288,4,3,7,1
14289,3,1,6,2
14290,2,4,10,2
14291,0,0,2,2
14292,1,2,6,0
14293,0,0,3,0
14294,0,0,4,0
14295,5,3,6,1
14296,0,1,6,0
14297,1,1,3,1
14298,2,3,5,2
14299,6,3,13,1
14300,4,3,12,3
14301,3,0,2,0
14302,6,3,10,2
14303,1,2,1,1
14304,1,1,1,2
14305,0,1,4,0
14306,0,0,6,0
14307,1,1,3,1
14308,2,2,1,0
14309,1,0,6,0
14310,0,0,3,2
14311,1,2,2,0
14312,1,5,8,1
14313,1,1,6,0
14314,2,2,2,0
14315,4,1,6,2
14316,0,0,6,2
14317,2,0,3,1
14318,1,2,6,2
14319,0,2,5,0
14320,0,1,3,0
14321,2,2,4,0
14322,4,1,3,0
14323,1,0,1,0
14324,0,1,5,0
14325,1,2,1,0
14326,4,1,8,2
14327,0,2,4,1
14328,4,2,7,3
14329,3,0,3,0
14330,4,0,1,2
14331,0,1,4,0
14332,0,1,4,2
14333,0,1,5,2
14334,3,0,6,0
14335,1,0,6,1
14336,0,0,4,0
14337,1,3,6,3
14338,0,0,6,1
14339,1,1,4,2
14340,1,1,4,1
14341,4,1,1,0
14342,0,1,4,0
14343,4,1,3,0
14344,0,1,6,0
14345,1,3,5,1
14346,4,2,14,1
14347,4,3,13,3
14348,1,0,4,0
14349,0,1,2,1
14350,1,1,1,0
14351,0,0,2,0
14352,1,1,5,2
14353,1,0,5,1
14354,6,3,7,1
14355,2,0,3,0
14356,1,1,3,2
14357,0,2,1,0
14358,1,0,5,1
14359,2,0,4,1
14360,3,0,3,0
14361,1,0,1,2
14362,2,1,3,1
14363,1,1,5,1
14364,3,1,5,1
14365,1,2,3,1
14366,3,0,3,1
14367,1,1,6,0
14368,1,4,8,0
14369,8,6,14,1
14370,1,0,6,0
14371,1,0,2,0
14372,1,1,3,3
14373,1,0,1,1
14374,1,2,1,0
14375,1,1,2,3
14376,0,1,4,0
14377,5,3,7,1
14378,2,1,6,0
14379,1,1,2,0
14380,2,0,4,0
14381,1,0,1,0
14382,2,1,6,0
14383,2,2,5,0
14384,3,0,6,0
14385,2,0,4,3
14386,1,3,8,2
14387,1,1,2,2
14388,4,4,5,2
14389,2,2,11,2
14390,2,0,6,0
14391,2,2,8,3
14392,2,1,5,0
14393,0,1,3,0
14394,2,2,6,0
14395,1,0,3,1
14396,1,1,4,2
14397,2,3,5,0
14398,0,0,1,0
14399,1,0,2,1
14400,7,2,5,1
14401,0,0,4,2
14402,1,0,3,0
14403,1,1,3,0
14404,0,0,4,0
14405,2,0,5,1
14406,4,3,6,5
14407,3,1,5,2
14408,1,2,6,1
14409,4,6,6,4
14410,2,1,5,1
14411,1,1,1,2
14412,4,4,11,3
14413,3,0,4,0
14414,8,4,13,0
14415,3,1,2,2
14416,0,1,1,0
14417,3,0,6,1
14418,4,3,6,1
14419,0,1,6,1
14420,1,0,2,2
14421,0,1,4,2
14422,3,1,6,0
14423,3,0,1,0
14424,0,0,4,1
14425,1,2,3,0
14426,4,1,2,0
14427,5,2,11,2
14428,3,1,1,1
14429,1,0,2,0
14430,0,0,3,0
14431,3,3,10,1
14432,1,0,6,0
14433,3,0,1,1
14434,0,3,3,0
14435,2,3,3,2
14436,0,1,6,1
14437,1,2,3,2
14438,2,1,13,1
14439,1,1,4,1
14440,0,1,6,0
14441,4,1,6,0
14442,7,2,10,2
14443,1,1,2,0
14444,0,0,6,0
14445,2,0,2,0
14446,1,3,5,0
14447,0,0,6,0
14448,2,1,6,3
14449,4,2,6,4
14450,1,0,6,2
14451,1,0,6,1
14452,0,1,6,1
14453,0,1,3,0
14454,0,3,1,0
14455,4,1,6,0
14456,0,0,4,2
14457,1,6,6,1
14458,4,2,13,2
14459,1,1,5,0
14460,0,0,5,2
14461,4,4,12,2
14462,0,0,3,1
14463,2,2,14,1
14464,3,0,3,2
14465,2,0,6,1
14466,1,3,1,1
14467,2,0,2,2
14468,1,2,5,3
14469,1,1,1,0
14470,3,3,4,0
14471,5,4,6,2
14472,0,0,1,0
14473,0,2,6,0
14474,0,1,3,1
14475,0,1,4,1
14476,2,5,11,0
14477,3,1,5,2
14478,4,3,14,2
14479,5,3,7,5
14480,0,1,5,2
14481,2,1,6,0
14482,2,1,2,0
14483,4,5,10,2
14484,2,0,3,2
14485,0,1,1,2
14486,1,1,3,1
14487,1,1,5,1
14488,0,0,2,0
14489,0,0,2,0
14490,4,0,3,0
14491,4,2,6,0
14492,2,1,5,1
14493,2,0,6,1
14494,2,0,2,1
14495,4,0,6,3
14496,0,1,1,0
14497,2,2,9,5
14498,2,1,5,1
14499,0,1,1,0
14500,0,1,2,0
14501,0,0,1,1
14502,1,2,2,1
14503,1,0,2,0
14504,1,1,4,1
14505,3,2,7,3
14506,1,0,4,0
14507,1,0,4,1
14508,2,1,1,0
14509,2,2,3,0
14510,5,6,7,2
14511,2,1,2,0
14512,1,0,3,2
14513,4,3,12,1
14514,0,0,4,0
14515,1,1,1,0
14516,0,1,4,1
14517,1,2,3,0
14518,5,2,9,3
14519,0,3,4,2
14520,5,3,6,3
14521,0,1,6,2
14522,0,2,4,0
14523,0,2,2,0
14524,1,1,2,0
14525,1,0,4,1
14526,1,1,2,0
14527,4,0,3,1
14528,2,0,4,0
14529,6,4,9,4
14530,0,0,5,1
14531,3,0,6,1
14532,2,0,3,2
14533,1,0,4,0
14534,2,1,4,0
14535,2,4,11,1
14536,0,1,3,0
14537,2,0,1,0
14538,3,0,5,2
14539,0,1,4,3
14540,2,3,12,1
14541,0,2,2,0
14542,4,0,6,2
14543,1,2,1,0
14544,5,3,14,1
14545,3,2,5,2
14546,1,1,3,0
14547,1,1,1,0
14548,2,0,4,2
14549,4,2,6,1
14550,5,2,8,1
14551,2,1,2,0
14552,0,1,6,0
14553,1,1,5,1
14554,1,1,5,1
14555,2,1,6,0
14556,1,1,6,0
14557,0,2,3,0
14558,2,2,2,1
14559,1,2,3,1
14560,2,2,3,2
14561,4,5,10,1
14562,0,1,2,1
14563,1,1,5,2
14564,3,3,3,1
14565,2,2,2,1
14566,2,4,14,2
14567,1,0,6,2
14568,1,1,3,1
14569,0,1,5,0
14570,0,0,6,3
14571,3,4,6,1
14572,2,0,4,0
14573,1,1,6,0
14574,1,2,2,2
14575,0,1,1,0
14576,0,1,2,0
14577,1,0,3,2
14578,1,2,5,0
14579,6,6,7,2
14580,1,1,5,0
14581,4,0,5,0
14582,4,5,10,1
14583,7,2,6,3
14584,2,1,6,2
14585,7,2,10,2
14586,1,2,1,2
14587,4,1,3,0
14588,0,0,3,2
14589,4,3,12,2
14590,3,0,4,1
14591,4,1,4,3
14592,1,2,1,0
14593,4,2,8,5
14594,2,2,4,0
14595,5,2,9,3
14596,2,1,4,0
14597,0,1,5,0
14598,3,0,2,0
14599,1,0,2,1
14600,1,1,3,2
14601,0,2,2,2
14602,4,1,13,3
14603,2,1,6,1
14604,0,1,5,1
14605,1,1,3,0
14606,2,0,4,0
14607,5,4,5,2
14608,0,2,3,0
14609,1,0,1,1
14610,3,0,3,0
14611,3,0,5,2
14612,3,2,5,2
14613,1,0,4,2
14614,2,1,12,4
14615,4,4,12,2
14616,2,1,5,2
14617,2,1,6,0
14618,3,1,5,0
14619,1,1,3,0
14620,1,0,3,3
14621,0,0,4,2
14622,2,3,1,1
14623,1,1,1,0
14624,0,0,6,0
14625,0,3,4,1
14626,0,0,2,0
14627,4,3,11,1
14628,0,1,3,0
14629,5,2,14,2
14630,2,2,2,0
14631,1,2,4,0
14632,0,0,2,1
14633,2,1,4,1
14634,0,0,5,2
14635,4,3,10,2
14636,4,5,8,1
14637,1,2,4,1
14638,3,0,2,2
14639,1,3,10,2
14640,1,1,2,2
14641,2,2,1,1
14642,0,2,2,0
14643,2,1,1,0
14644,3,1,5,2
14645,0,1,2,0
14646,0,1,1,0
14647,4,0,1,0
14648,1,0,4,2
14649,0,2,6,1
14650,2,1,4,0
14651,2,0,2,0
14652,1,0,6,1
14653,1,2,2,0
14654,2,0,1,2
14655,4,2,5,1
14656,7,3,11,2
14657,2,3,6,0
14658,3,2,10,1
14659,0,1,5,2
14660,2,1,3,1
14661,1,0,5,2
14662,1,0,6,0
14663,2,1,1,2
14664,4,4,13,3
14665,3,1,1,1
14666,2,1,4,1
14667,1,1,3,1
14668,1,0,4,0
14669,3,0,3,1
14670,2,3,10,2
14671,0,0,3,1
14672,0,1,5,0
14673,0,1,4,1
14674,3,1,5,2
14675,1,0,5,1
14676,2,3,3,0
14677,3,2,3,0
14678,1,2,6,2
14679,3,3,12,1
14680,3,1,3,1
14681,0,1,6,0
14682,2,0,4,0
14683,0,1,1,0
14684,0,0,1,3
14685,4,2,3,0
14686,1,2,1,3
14687,3,1,14,2
14688,1,2,2,1
14689,7,6,6,1
14690,4,5,11,3
14691,4,3,13,3
14692,1,0,6,0
14693,4,0,5,0
14694,0,0,2,1
14695,1,0,5,2
14696,0,2,2,1
14697,0,0,2,1
14698,1,1,1,1
14699,1,1,3,0
14700,2,0,4,0
14701,2,1,2,0
14702,2,1,2,0
14703,0,3,3,0
14704,1,2,1,0
14705,2,0,5,0
14706,2,3,4,0
14707,0,2,5,0
14708,1,1,3,0
14709,0,0,3,2
14710,0,1,2,0
14711,2,3,3,1
14712,2,0,2,0
14713,0,1,3,0
14714,3,3,4,3
14715,2,0,4,0
14716,1,3,2,0
14717,1,1,6,1
14718,4,3,4,3
14719,0,0,1,1
14720,0,0,2,0
14721,5,4,10,2
14722,0,0,3,1
14723,4,0,1,1
14724,0,0,1,0
14725,1,1,1,2
14726,0,2,3,3
14727,2,1,3,0
14728,0,2,1,1
14729,0,0,3,0
14730,5,2,13,2
14731,4,1,6,0
14732,3,0,2,1
14733,3,1,6,1
14734,3,0,6,0
14735,2,0,2,0
14736,1,1,6,1
14737,0,1,5,1
14738,1,3,1,0
14739,1,3,4,0
14740,8,6,9,3
14741,4,3,6,4
14742,3,0,1,0
14743,1,0,6,1
14744,0,1,4,0
14745,0,1,1,0
14746,2,2,6,0
14747,1,1,3,0
14748,1,1,1,0
14749,1,1,3,1
14750,3,4,10,5
14751,1,1,1,0
14752,0,0,2,0
14753,2,1,2,1
14754,1,0,1,0
14755,5,3,9,1
14756,1,1,1,1
14757,1,0,6,1
14758,0,2,2,1
14759,4,3,12,2
14760,1,1,6,2
14761,3,1,5,1
14762,1,0,1,0
14763,1,1,1,0
14764,3,4,9,1
14765,4,1,5,2
14766,0,3,5,2
14767,3,1,6,1
14768,2,0,4,0
14769,0,1,4,0
14770,0,1,1,0
14771,3,2,14,4
14772,0,1,5,0
14773,0,2,5,0
14774,2,0,1,0
14775,4,2,5,0
14776,1,0,1,0
14777,4,0,3,0
14778,2,1,6,1
14779,1,1,1,3
14780,0,2,3,2
14781,4,3,14,1
14782,1,1,5,0
14783,0,0,6,1
14784,4,1,4,0
14785,2,0,6,0
14786,0,2,6,1
14787,1,1,2,2
14788,2,2,8,0
14789,1,0,3,2
14790,4,4,5,3
14791,0,1,2,1
14792,2,2,5,2
14793,1,1,2,0
14794,1,0,3,0
14795,0,1,2,0
14796,0,0,1,1
14797,1,0,6,0
14798,0,1,6,1
14799,2,0,4,0
14800,2,0,5,1
14801,6,3,7,2
14802,1,0,3,0
14803,0,2,1,0
14804,4,6,6,1
14805,1,0,2,0
14806,0,1,3,1
14807,3,2,8,1
14808,1,3,6,0
14809,7,2,11,1
14810,4,3,11,1
14811,0,3,3,0
14812,1,3,4,0
14813,3,2,12,0
14814,2,1,2,0
14815,0,0,4,3
14816,1,0,3,1
14817,2,1,5,2
14818,1,0,6,1
14819,2,0,6,2
14820,1,0,2,0
14821,1,1,4,0
14822,0,2,1,0
14823,1,1,1,0
14824,1,1,6,0
14825,0,0,2,0
14826,3,1,6,1
14827,3,1,5,1
14828,4,4,13,1
14829,7,1,8,3
14830,4,3,10,1
14831,1,2,1,0
14832,4,4,7,3
14833,0,0,2,1
14834,2,3,6,2
14835,3,1,4,0
14836,0,0,3,3
14837,1,0,4,0
14838,2,2,6,1
14839,0,1,5,2
14840,1,0,5,0
14841,0,1,2,0
14842,1,1,2,0
14843,1,1,6,0
14844,7,2,12,2
14845,1,1,4,1
14846,0,1,2,0
14847,2,0,6,0
14848,4,3,12,2
14849,2,0,5,1
14850,1,0,4,1
14851,0,1,5,2
14852,1,0,1,1
14853,2,1,5,0
14854,0,2,2,0
14855,4,1,6,2
14856,5,1,5,1
14857,0,1,5,1
14858,1,3,1,2
14859,2,1,5,1
14860,4,0,5,0
14861,3,2,7,3
14862,1,1,1,3
14863,2,3,3,1
14864,2,0,1,1
14865,2,0,5,0
14866,2,1,1,1
14867,3,4,7,1
14868,3,3,6,4
14869,1,1,4,1
14870,2,0,3,0
14871,0,0,6,0
14872,3,3,13,4
14873,4,2,7,4
14874,1,3,5,0
14875,1,2,6,3
14876,1,1,4,3
14877,0,3,6,1
14878,2,2,11,3
14879,1,1,4,0
14880,2,0,5,0
14881,2,1,4,1
14882,1,1,3,1
14883,2,1,3,0
14884,1,0,3,1
14885,1,1,2,3
14886,0,1,5,1
14887,0,3,2,0
14888,2,0,6,0
14889,2,3,1,1
14890,1,2,4,0
14891,4,5,14,1
14892,4,4,6,1
14893,2,0,2,1
14894,4,5,13,1
14895,1,1,1,0
14896,2,3,9,4
14897,0,0,4,0
14898,2,1,1,3
14899,1,1,5,0
14900,1,4,6,5
14901,2,0,6,1
14902,0,0,6,0
14903,1,2,2,0
14904,3,2,2,0
14905,1,1,1,1
14906,4,0,2,1
14907,3,1,1,1
14908,4,3,9,1
14909,0,0,5,2
14910,2,0,5,0
14911,0,0,4,0
14912,2,3,3,0
14913,0,0,5,0
14914,1,0,3,0
14915,3,2,5,0
14916,1,3,5,0
14917,2,1,6,2
14918,5,2,7,5
14919,0,1,6,3
14920,1,2,3,2
14921,3,2,10,2
14922,1,1,6,0
14923,0,2,1,1
14924,3,0,5,0
14925,2,0,4,1
14926,2,0,3,0
14927,4,4,10,5
14928,2,1,4,1
14929,4,3,11,4
14930,3,1,2,0
14931,5,6,7,1
14932,2,1,6,2
14933,0,1,4,2
14934,0,0,1,0
14935,0,1,3,0
14936,5,3,5,3
14937,2,2,6,1
14938,2,0,4,2
14939,3,1,14,1
14940,3,2,1,2
14941,0,0,3,1
14942,3,0,6,2
14943,3,0,3,0
14944,1,2,1,2
14945,1,2,1,0
14946,0,0,4,2
14947,0,1,2,0
14948,1,0,3,0
14949,1,1,4,0
14950,2,3,4,2
14951,2,0,1,0
14952,0,2,6,2
14953,2,0,5,3
14954,7,3,7,3
14955,0,0,6,0
14956,1,2,6,2
14957,0,0,3,2
14958,1,1,2,0
14959,0,0,2,0
14960,0,0,2,2
14961,6,2,8,1
14962,0,0,2,0
14963,0,0,5,0
14964,3,4,10,1
14965,1,1,3,0
14966,1,0,5,0
14967,3,0,5,0
14968,2,1,3,0
14969,0,3,1,0
14970,0,2,5,1
14971,1,3,1,0
14972,2,1,6,0
14973,2,2,6,0
14974,2,2,7,3
14975,3,0,2,1
14976,1,0,5,0
14977,1,0,3,3
14978,1,3,12,3
14979,1,0,2,0
14980,0,0,1,1
14981,3,0,3,1
14982,1,0,4,0
14983,3,0,2,0
14984,4,2,12,2
14985,1,2,5,0
14986,2,1,2,1
14987,1,1,3,1
14988,0,0,5,2
14989,0,0,6,0
14990,3,2,5,2
14991,0,3,2,0
14992,1,0,5,2
14993,0,3,2,1
14994,2,0,5,1
14995,2,1,2,1
14996,1,3,5,1
14997,1,0,5,2
14998,2,2,5,0
14999,4,4,10,3
15000,4,3,5,1
15001,5,3,13,2
15002,3,1,1,0
15003,0,1,5,1
15004,1,0,4,2
15005,1,0,5,0
15006,6,3,5,2
15007,0,3,5,3
15008,4,2,3,3
15009,2,0,5,2
15010,3,0,3,0
15011,3,0,1,0
15012,0,1,6,1
15013,0,0,3,3
15014,1,1,2,3
15015,4,5,6,1
15016,1,0,1,0
15017,2,2,3,1
15018,0,3,6,0
15019,1,1,6,3
15020,1,1,5,0
15021,6,2,6,4
15022,3,1,2,0
15023,1,0,4,2
15024,4,6,8,1
15025,2,2,5,1
15026,3,3,2,0
15027,0,0,6,1
15028,1,0,3,2
15029,1,1,3,2
15030,0,0,3,0
15031,2,1,6,0
15032,5,2,5,1
15033,0,1,5,3
15034,2,2,6,1
15035,0,1,3,0
15036,0,1,5,0
15037,1,0,2,0
15038,2,1,2,0
15039,2,3,6,1
15040,0,0,1,1
15041,2,0,6,1
15042,2,1,5,0
15043,1,0,6,0
15044,0,0,3,1
15045,3,0,2,0
15046,0,0,1,0
15047,0,1,4,2
15048,1,3,4,2
15049,3,3,1,1
15050,1,2,3,1
15051,2,1,4,0
15052,0,2,1,2
15053,1,2,8,2
15054,0,1,6,0
15055,1,1,1,2
15056,3,4,6,2
15057,1,0,5,0
15058,5,6,6,3
15059,1,1,3,2
15060,1,0,6,0
15061,0,0,1,2
15062,1,2,3,1
15063,0,3,4,0
15064,3,2,5,3
15065,1,1,2,0
15066,0,3,4,0
15067,3,0,3,1
15068,1,2,5,1
15069,3,3,5,0
15070,0,0,5,1
15071,3,3,10,2
15072,1,1,5,0
15073,1,1,2,0
15074,0,0,1,0
15075,2,0,3,0
15076,0,2,2,0
15077,0,3,1,0
15078,4,1,2,0
15079,2,1,4,0
15080,0,3,5,1
15081,3,3,10,2
15082,0,0,5,0
15083,1,3,3,0
15084,6,4,11,2
15085,2,1,4,1
15086,0,0,5,0
15087,0,0,4,1
15088,2,0,3,1
15089,2,2,2,0
15090,0,0,2,0
15091,0,3,4,0
15092,1,2,3,1
15093,2,1,5,1
15094,2,0,1,0
15095,2,1,2,0
15096,4,5,10,2
15097,1,0,3,1
15098,7,3,7,5
15099,2,0,4,1
15100,3,2,4,2
15101,1,1,5,1
15102,0,1,3,0
15103,1,1,3,1
15104,4,0,6,2
15105,0,0,2,0
15106,1,2,6,1
15107,0,3,3,0
15108,6,3,6,0
15109,3,2,3,3
15110,0,2,3,1
15111,1,3,1,0
15112,2,3,6,1
15113,2,2,4,2
15114,5,2,14,1
15115,1,1,4,3
15116,1,0,3,0
15117,0,0,6,2
15118,1,3,6,1
15119,2,3,12,1
15120,1,0,6,1
15121,4,0,5,3
15122,4,2,13,1
15123,0,2,5,2
15124,4,3,13,1
15125,0,0,5,0
15126,1,1,6,0
15127,1,1,4,1
15128,1,1,6,0
15129,2,0,6,2
15130,3,1,3,0
15131,1,0,3,1
15132,0,0,4,1
15133,1,1,2,1
15134,4,0,1,0
15135,0,2,2,0
15136,0,0,3,1
15137,2,0,4,0
15138,1,2,6,1
15139,3,1,2,0
15140,0,1,4,1
15141,0,0,2,1
15142,0,3,2,0
15143,7,2,13,2
15144,0,1,6,0
15145,4,3,14,1
15146,1,0,5,0
15147,0,2,6,1
15148,3,1,1,2
15149,1,0,2,0
15150,4,1,10,4
15151,3,1,4,0
15152,2,2,5,0
15153,3,2,6,2
15154,2,1,6,1
15155,1,0,4,0
15156,0,0,4,0
15157,1,1,6,2
15158,2,0,3,0
15159,2,2,2,1
15160,1,0,4,1
15161,8,4,6,2
15162,1,2,7,1
15163,4,4,6,1
15164,4,3,5,1
15165,1,2,5,0
15166,1,0,4,0
15167,5,3,9,4
15168,3,0,5,0
15169,4,1,3,1
15170,3,2,2,0
15171,2,6,10,3
15172,4,5,12,1
15173,4,0,1,2
15174,1,2,1,0
15175,3,2,1,1
15176,3,3,11,1
15177,3,3,9,2
15178,2,3,2,0
15179,3,1,2,0
15180,0,0,4,1
15181,1,0,5,0
15182,5,2,13,3
15183,1,2,6,0
15184,2,0,2,0
15185,1,0,1,1
15186,0,3,2,1
15187,1,2,6,0
15188,0,0,4,0
15189,2,1,4,0
15190,7,3,11,1
15191,2,2,3,1
15192,4,1,6,0
15193,2,0,5,3
15194,8,4,11,1
15195,1,2,6,2
15196,0,0,3,0
15197,1,0,4,1
15198,1,0,5,1
15199,4,4,9,2
15200,0,0,5,2
15201,4,1,5,1
15202,6,3,10,1
15203,0,1,1,0
15204,3,1,1,3
15205,3,2,2,0
15206,2,1,6,1
15207,2,1,3,0
15208,3,2,1,3
15209,1,1,6,0
15210,1,0,2,0
15211,3,0,5,1
15212,3,0,3,0
15213,0,3,4,0
15214,1,1,5,0
15215,2,3,9,2
15216,0,1,3,0
15217,2,2,1,2
15218,2,1,5,1
15219,0,1,3,0
15220,1,0,2,0
15221,3,3,9,1
15222,0,1,4,0
15223,4,2,10,2
15224,1,3,1,2
15225,2,1,4,1
15226,0,0,3,0
15227,3,0,6,0
15228,2,1,2,0
15229,3,0,5,2
15230,2,0,5,0
15231,8,5,14,3
15232,1,1,3,0
15233,0,1,5,0
15234,6,4,6,2
15235,1,0,6,1
15236,0,3,3,1
15237,3,1,14,2
15238,3,0,2,0
15239,0,0,5,1
15240,0,1,3,1
15241,2,1,2,1
15242,0,1,2,0
15243,0,0,4,1
15244,3,0,2,1
15245,3,2,11,2
15246,1,1,6,2
15247,6,4,7,1
15248,0,1,4,0
15249,1,3,12,2
15250,4,4,13,1
15251,3,4,9,4
15252,0,1,2,1
15253,4,0,5,0
15254,0,2,1,0
15255,0,0,6,1
15256,0,1,1,0
15257,1,1,2,0
15258,4,1,12,1
15259,5,4,7,1
15260,4,2,8,3
15261,0,3,5,1
15262,1,1,2,0
15263,4,3,12,1
15264,0,1,5,1
15265,0,2,6,0
15266,1,0,6,2
15267,1,1,2,2
15268,1,0,3,3
15269,0,0,2,0
15270,1,1,2,1
15271,1,1,1,2
15272,1,0,6,0
15273,1,2,3,2
15274,0,1,5,1
15275,0,3,1,1
15276,0,0,4,1
15277,3,2,6,0
15278,1,2,3,3
15279,0,1,5,2
15280,2,3,4,1
15281,1,1,2,0
15282,0,1,6,1
15283,0,0,6,0
15284,0,1,4,1
15285,0,1,3,0
15286,5,3,6,2
15287,1,0,1,0
15288,5,1,13,3
15289,2,2,7,1
15290,3,3,9,3
15291,0,1,3,1
15292,1,1,4,0
15293,7,5,6,3
15294,0,3,5,1
15295,1,1,5,1
15296,1,3,10,1
15297,0,1,6,1
15298,2,1,1,0
15299,1,0,4,0
15300,8,2,6,1
15301,0,2,5,2
15302,1,2,5,2
15303,1,0,2,0
15304,3,1,5,1
15305,0,0,2,1
15306,5,3,14,0
15307,3,3,11,3
15308,2,1,5,0
15309,0,0,4,1
15310,1,1,5,0
15311,1,0,6,0
15312,0,0,6,0
15313,4,2,5,0
15314,1,1,5,2
15315,1,0,2,1
15316,4,4,11,2
15317,3,2,8,2
15318,4,0,2,2
15319,1,0,2,2
15320,1,3,5,1
15321,1,2,4,3
15322,5,3,5,2
15323,1,2,1,1
15324,4,1,2,0
15325,3,0,4,0
15326,1,1,6,0
15327,2,0,2,2
15328,1,2,1,1
15329,0,1,1,2
15330,5,3,6,0
15331,1,3,1,2
15332,2,0,2,2
15333,1,3,6,0
15334,5,2,12,2
15335,1,3,3,0
15336,2,0,4,2
15337,4,3,5,1
15338,4,4,13,4
15339,5,2,9,2
15340,1,0,2,3
15341,0,0,5,0
15342,1,0,2,1
15343,0,0,6,0
15344,3,0,2,0
15345,3,3,8,1
15346,2,1,2,1
15347,2,2,4,0
15348,0,1,4,1
15349,3,0,1,0
15350,2,2,6,2
15351,5,3,6,1
15352,0,3,3,0
15353,4,0,2,2
15354,2,0,4,2
15355,5,4,14,3
15356,0,0,4,1
15357,3,2,4,2
15358,5,5,12,3
15359,0,0,4,0
15360,1,0,6,0
15361,2,3,1,0
15362,1,0,6,0
15363,6,3,5,1
15364,5,3,9,3
15365,1,2,2,1
15366,2,0,2,0
15367,3,2,3,2
15368,1,0,6,0
15369,1,1,4,0
15370,2,1,6,3
15371,4,3,7,1
15372,4,1,1,1
15373,1,0,2,1
15374,1,1,4,3
15375,1,1,2,1
15376,1,0,2,0
15377,0,0,2,0
15378,0,2,4,3
15379,0,1,2,0
15380,4,1,4,0
15381,0,2,5,0
15382,0,1,3,1
15383,2,1,6,1
15384,3,0,4,0
15385,1,2,5,0
15386,0,2,5,0
15387,7,2,9,0
15388,1,1,2,3
15389,1,2,5,0
15390,1,5,10,1
15391,0,0,5,1
15392,0,1,5,0
15393,2,2,3,0
15394,0,0,6,1
15395,2,1,2,0
15396,2,0,3,0
15397,3,1,3,1
15398,0,3,3,1
15399,2,2,2,0
15400,0,1,6,1
15401,0,1,4,1
15402,5,2,13,1
15403,0,1,6,1
15404,3,0,5,3
15405,2,2,6,1
15406,1,3,2,0
15407,6,3,10,1
15408,4,5,9,2
15409,5,2,12,2
15410,6,4,13,2
15411,0,1,3,3
15412,2,1,3,1
15413,0,3,4,0
15414,2,4,9,3
15415,1,0,1,1
15416,0,0,6,2
15417,4,0,5,0
15418,1,1,6,0
15419,3,3,13,0
15420,0,1,6,0
15421,7,2,11,0
15422,1,1,4,1
15423,1,3,5,0
15424,0,0,1,2
15425,0,0,3,1
15426,2,0,5,0
15427,3,5,5,2
15428,4,1,1,0
15429,1,3,6,0
15430,3,1,4,3
15431,1,1,2,2
15432,1,0,3,1
15433,2,2,5,0
15434,4,1,12,2
15435,5,1,7,3
15436,3,1,2,1
15437,0,1,4,2
15438,1,3,2,2
15439,2,2,1,2
15440,1,1,1,2
15441,5,4,6,5
15442,1,2,1,3
15443,0,1,5,0
15444,1,0,3,0
15445,0,2,6,0
15446,1,0,5,1
15447,3,2,11,2
15448,0,1,3,0
15449,4,6,12,0
15450,2,3,7,1
15451,0,1,5,1
15452,1,3,4,1
15453,1,1,2,0
15454,2,0,2,0
15455,0,0,4,0
15456,2,1,3,0
15457,0,2,4,0
15458,0,0,1,0
15459,0,1,5,0
15460,0,2,5,1
15461,0,1,5,0
15462,1,0,4,1
15463,4,1,6,1
15464,3,1,2,0
15465,3,0,3,0
15466,3,3,6,0
15467,3,1,1,0
15468,2,2,2,0
15469,4,1,2,1
15470,2,0,3,2
15471,4,0,3,0
15472,1,2,5,1
15473,3,1,1,1
15474,8,2,13,1
15475,2,1,6,0
15476,4,2,6,1
15477,1,3,5,2
15478,2,1,4,0
15479,4,5,8,3
15480,2,0,6,0
15481,0,0,6,1
15482,1,0,2,1
15483,2,1,3,0
15484,0,1,1,3
15485,0,1,6,3
15486,1,1,2,0
15487,0,0,3,0
15488,2,1,2,1
15489,0,2,4,0
15490,2,3,4,0
15491,0,1,5,2
15492,4,3,10,4
15493,2,1,6,3
15494,2,0,2,0
15495,4,0,4,1
15496,0,1,2,0
15497,1,2,4,1
15498,1,0,6,1
15499,0,1,4,0
15500,5,3,6,1
15501,0,0,6,0
15502,0,3,6,3
15503,1,2,2,0
15504,2,3,5,2
15505,2,1,10,3
15506,0,1,2,2
15507,1,0,3,0
15508,0,0,6,1
15509,5,4,12,0
15510,1,0,6,3
15511,0,3,6,1
15512,1,3,1,0
15513,0,0,1,0
15514,7,3,8,3
15515,2,3,6,1
15516,2,1,4,2
15517,2,0,6,0
15518,1,0,3,0
15519,0,0,5,2
15520,1,0,5,1
15521,2,1,6,1
15522,1,0,4,1
15523,6,2,8,3
15524,3,3,1,0
15525,0,2,4,1
15526,3,0,1,1
15527,4,6,9,3
15528,2,3,7,1
15529,0,1,1,0
15530,1,0,6,0
15531,3,3,13,3
15532,0,0,6,0
15533,5,3,11,2
15534,2,1,3,0
15535,1,1,2,2
15536,2,3,5,0
15537,7,6,8,4
15538,1,1,3,0
15539,3,1,5,2
15540,6,1,9,4
15541,0,3,5,0
15542,1,1,3,0
15543,2,1,2,1
15544,0,1,5,1
15545,1,1,4,1
15546,0,0,1,1
15547,0,1,1,1
15548,0,0,3,1
15549,1,3,1,0
15550,3,0,5,2
15551,2,0,1,0
15552,6,4,11,0
15553,2,0,4,1
15554,3,0,5,0
15555,0,0,2,0
15556,1,1,6,0
15557,1,4,10,2
15558,4,1,4,0
15559,0,0,3,0
15560,1,1,6,0
15561,0,1,4,2
15562,3,2,9,2
15563,1,0,6,1
15564,2,1,1,0
15565,1,2,5,1
15566,3,4,12,1
15567,0,1,2,0
15568,2,2,4,1
15569,1,3,6,2
15570,1,0,3,0
15571,1,1,5,1
15572,2,1,3,0
15573,0,1,5,0
15574,0,0,4,0
15575,3,3,1,2
15576,1,0,1,0
15577,2,0,5,0
15578,4,1,5,1
15579,2,1,6,2
15580,1,1,4,0
15581,3,2,6,0
15582,1,1,1,2
15583,0,1,4,0
15584,0,0,5,0
15585,2,1,3,2
15586,2,3,14,1
15587,0,2,4,2
15588,4,0,3,0
15589,2,1,1,2
15590,3,4,11,2
15591,3,3,6,3
15592,0,1,4,2
15593,1,1,1,2
15594,2,1,4,0
15595,3,0,4,0
15596,3,3,8,2
15597,0,2,6,1
15598,3,3,6,1
15599,1,2,12,3
15600,0,3,2,0
15601,1,2,3,0
15602,4,3,14,2
15603,1,2,5,3
15604,1,2,11,1
15605,3,0,1,2
15606,2,1,1,0
15607,1,2,6,0
15608,2,2,4,0
15609,0,1,3,1
15610,3,1,4,1
15611,1,2,3,0
15612,0,0,3,0
15613,1,1,3,1
15614,1,3,1,0
15615,0,1,6,0
15616,2,0,4,0
15617,1,0,2,0
15618,3,3,6,2
15619,2,1,6,1
15620,3,0,5,3
15621,1,0,2,0
15622,6,2,7,1
15623,1,1,6,0
15624,3,1,6,0
15625,0,3,2,1
15626,2,1,4,3
15627,1,2,1,3
15628,3,5,7,2
15629,0,0,4,2
15630,1,1,1,0
15631,1,3,2,2
15632,4,2,12,5
15633,4,0,3,1
15634,4,0,4,0
15635,0,2,1,0
15636,1,1,1,1
15637,3,3,9,2
15638,1,1,3,0
15639,6,3,8,1
15640,0,0,1,1
15641,2,0,4,0
15642,1,3,3,2
15643,1,2,6,1
15644,1,1,4,0
15645,2,2,6,1
15646,2,1,3,2
15647,1,1,2,0
15648,1,1,6,0
15649,0,1,6,0
15650,1,0,5,1
15651,0,1,1,0
15652,1,0,2,0
15653,0,2,2,0
15654,1,1,1,0
15655,1,4,5,1
15656,1,2,6,1
15657,1,1,2,2
15658,4,3,10,1
15659,3,0,2,2
15660,0,1,1,0
15661,4,3,6,0
15662,2,1,5,0
15663,2,0,3,0
15664,6,2,12,3
15665,1,2,2,0
15666,0,1,6,1
15667,0,1,1,1
15668,1,0,6,0
15669,3,0,3,1
15670,4,1,1,1
15671,3,3,6,0
15672,1,0,1,0
15673,1,1,3,1
15674,4,3,13,1
15675,1,1,2,2
15676,1,3,6,0
15677,0,0,5,1
15678,0,2,5,0
15679,0,0,3,1
15680,3,0,1,1
15681,2,3,4,0
15682,0,3,3,1
15683,2,1,3,0
15684,2,1,2,2
15685,7,3,11,2
15686,1,1,5,1
15687,3,1,4,2
15688,0,1,5,1
15689,0,1,1,1
15690,2,0,1,1
15691,0,0,2,1
15692,3,2,8,1
15693,1,3,10,2
15694,4,2,2,1
15695,3,2,3,1
15696,1,2,6,0
15697,1,0,4,0
15698,1,1,1,2
15699,3,0,6,0
15700,1,0,3,0
15701,4,4,5,3
15702,3,0,3,2
15703,4,1,9,2
15704,2,0,1,0
15705,1,1,1,1
15706,1,0,6,0
15707,2,0,1,0
15708,1,2,1,0
15709,2,0,2,2
15710,2,0,2,1
15711,5,5,9,1
15712,1,0,3,0
15713,4,4,5,3
15714,3,1,1,1
15715,1,3,4,2
15716,3,1,1,0
15717,6,2,10,3
15718,1,0,1,0
15719,2,3,2,1
15720,0,0,3,0
15721,1,1,2,0
15722,1,2,5,0
15723,2,3,4,0
15724,0,2,3,0
15725,1,1,1,0
15726,4,3,8,2
15727,1,1,2,0
15728,2,0,3,3
15729,2,3,2,2
15730,2,2,6,1
15731,2,0,5,2
15732,3,2,11,2
15733,0,1,1,3
15734,7,4,8,1
15735,3,4,7,1
15736,3,1,4,1
15737,2,2,1,2
15738,1,1,3,1
15739,2,2,2,0
15740,0,0,4,1
15741,1,3,5,1
15742,2,0,3,0
15743,0,3,3,1
15744,2,1,1,2
15745,3,2,6,0
15746,0,0,6,0
15747,0,3,1,0
15748,1,3,6,2
15749,1,1,2,0
15750,1,0,6,1
15751,2,0,4,1
15752,3,0,4,0
15753,4,4,10,3
15754,2,0,2,2
15755,2,0,1,1
15756,5,5,13,1
15757,0,0,4,0
15758,3,0,6,0
15759,0,3,4,0
15760,3,4,5,1
15761,1,0,6,0
15762,0,3,6,1
15763,4,0,1,1
15764,0,3,6,1
15765,4,2,7,2
15766,1,4,8,1
15767,2,0,6,2
15768,0,2,6,0
15769,2,1,5,2
15770,0,1,6,1
15771,0,1,2,0
15772,3,1,13,0
15773,0,0,2,0
15774,1,1,2,3
15775,0,0,5,2
15776,2,1,6,2
15777,2,1,3,2
15778,1,1,4,1
15779,2,1,3,0
15780,1,0,4,2
15781,3,3,3,1
15782,0,1,5,0
15783,1,0,6,0
15784,0,1,6,1
15785,2,3,1,1
15786,2,1,1,0
15787,3,0,1,1
15788,2,0,1,1
15789,4,1,5,3
15790,6,3,8,2
15791,1,0,6,1
15792,0,0,1,1
15793,0,0,2,2
15794,1,1,5,0
15795,1,3,14,1
15796,1,0,6,1
15797,1,0,6,1
15798,1,3,3,1
15799,1,0,4,0
15800,5,6,9,0
15801,1,0,3,0
15802,0,3,5,0
15803,4,3,5,0
15804,0,1,2,0
15805,0,1,2,0
15806,3,2,9,3
15807,2,1,3,1
15808,4,4,9,1
15809,1,0,5,1
15810,1,0,4,0
15811,0,1,6,0
15812,0,2,2,1
15813,0,3,5,0
15814,1,0,3,0
15815,0,1,6,0
15816,1,1,1,1
15817,1,1,6,0
15818,5,1,6,1
15819,2,0,6,2
15820,0,0,2,0
15821,1,1,1,0
15822,2,0,6,0
15823,5,2,13,3
15824,3,2,12,2
15825,1,3,3,0
15826,2,3,6,0
15827,4,5,13,1
15828,5,3,11,2
15829,1,3,5,0
15830,1,0,4,0
15831,1,0,2,0
15832,1,0,4,0
15833,0,1,3,0
15834,4,4,12,1
15835,1,3,4,3
15836,0,1,1,3
15837,0,1,6,1
15838,0,1,5,0
15839,1,0,6,1
15840,1,0,3,1
15841,5,4,7,1
15842,2,0,1,0
15843,0,3,1,1
15844,0,0,6,0
15845,1,2,5,0
15846,4,3,7,0
15847,1,1,1,0
15848,0,0,5,1
15849,0,1,3,1
15850,1,0,3,1
15851,1,3,3,0
15852,2,3,2,0
15853,0,1,4,1
15854,0,1,3,0
15855,2,0,4,0
15856,1,0,5,0
15857,2,1,5,0
15858,2,1,3,1
15859,3,3,10,2
15860,2,1,6,0
15861,3,0,2,1
15862,1,0,4,0
15863,7,3,12,1
15864,0,0,2,2
15865,4,3,4,2
15866,0,0,3,2
15867,4,0,4,0
15868,0,1,6,1
15869,1,0,1,1
15870,3,0,2,2
15871,0,2,3,2
15872,2,1,4,1
15873,4,1,2,0
15874,1,1,3,2
15875,0,3,5,0
15876,4,0,2,2
15877,1,1,4,1
15878,1,1,6,0
15879,2,0,5,3
15880,1,0,1,1
15881,3,0,4,1
15882,3,4,10,3
15883,2,0,6,1
15884,2,1,4,1
15885,1,0,5,3
15886,1,2,1,0
15887,3,2,5,2
15888,0,1,3,0
15889,3,1,3,0
15890,0,3,6,2
15891,1,1,3,0
15892,0,1,3,1
15893,1,1,2,0
15894,3,1,5,2
15895,0,0,1,0
15896,1,0,1,1
15897,2,0,4,0
15898,0,2,6,0
15899,0,0,4,1
15900,1,3,2,1
15901,2,1,5,1
15902,2,0,4,0
15903,4,3,7,3
15904,8,3,6,1
15905,0,1,1,0
15906,3,2,12,2
15907,0,0,1,1
15908,5,4,13,2
15909,0,0,2,1
15910,0,0,2,1
15911,1,0,4,1
15912,3,3,4,0
15913,4,0,6,0
15914,1,0,3,0
15915,5,3,13,2
15916,0,1,3,0
15917,0,3,4,1
15918,3,0,3,2
15919,3,2,1,2
15920,1,3,2,0
15921,3,0,4,1
15922,2,0,1,1
15923,1,0,4,0
15924,0,0,3,0
15925,3,3,8,3
15926,0,1,2,2
15927,1,1,3,0
15928,0,3,5,0
15929,1,0,4,0
15930,1,0,3,0
15931,0,1,3,2
15932,2,2,4,0
15933,2,0,3,1
15934,1,2,2,0
15935,0,2,6,1
15936,3,6,10,1
15937,4,1,13,1
15938,0,0,2,0
15939,6,3,5,2
15940,1,1,1,1
15941,0,0,6,0
15942,0,1,3,1
15943,0,1,3,2
15944,0,3,4,1
15945,1,2,2,3
15946,4,3,8,1
15947,2,1,1,1
15948,6,3,9,3
15949,1,0,4,0
15950,2,1,5,0
15951,2,0,2,2
15952,3,0,3,0
15953,5,3,8,1
15954,1,1,6,0
15955,5,2,13,2
15956,1,0,2,0
15957,2,1,3,0
15958,1,1,4,0
15959,2,1,1,2
15960,0,1,4,1
15961,0,0,2,2
15962,1,1,6,1
15963,0,0,3,0
15964,3,1,4,0
15965,1,1,4,0
15966,1,0,2,0
15967,5,2,8,1
15968,3,3,5,1
15969,6,3,7,1
15970,0,1,2,0
15971,1,0,2,1
15972,1,2,5,0
15973,0,0,2,1
15974,0,0,1,0
15975,6,2,12,1
15976,2,2,5,1
15977,0,0,4,2
15978,2,0,2,3
15979,1,1,2,0
15980,7,3,14,3
15981,8,2,5,1
15982,4,1,3,0
15983,1,1,4,0
15984,0,0,5,0
15985,1,0,6,0
15986,0,2,4,0
15987,3,5,6,2
15988,5,6,13,2
15989,0,0,5,0
15990,3,2,8,2
15991,1,1,6,0
15992,1,3,4,2
15993,6,1,5,1
15994,1,0,6,1
15995,0,0,6,2
15996,3,1,1,3
15997,7,2,12,2
15998,2,1,1,1
15999,1,0,3,1
16000,6,3,9,2
16001,4,3,1,0
16002,5,3,8,2
16003,2,1,2,2
16004,1,0,2,2
16005,1,3,1,0
16006,1,3,5,2
16007,2,0,4,3
16008,1,0,6,0
16009,1,0,4,1
16010,1,0,3,3
16011,3,1,5,2
16012,3,3,10,3
16013,0,2,1,1
16014,1,0,2,2
16015,3,4,8,1
16016,1,3,6,1
16017,0,3,3,2
16018,2,0,5,0
16019,0,1,1,2
16020,4,3,13,2
16021,1,3,7,2
16022,0,0,6,0
16023,3,4,8,2
16024,2,1,6,2
16025,1,0,2,1
16026,2,0,3,1
16027,2,1,2,0
16028,1,1,5,0
16029,2,0,5,1
16030,1,2,11,3
16031,0,2,6,2
16032,6,1,10,0
16033,2,2,5,0
16034,1,3,2,2
16035,2,1,6,0
16036,2,0,5,0
16037,2,0,5,2
16038,1,0,6,0
16039,4,0,2,0
16040,1,3,6,2
16041,0,0,5,1
16042,2,2,2,0
16043,4,1,4,0
16044,2,1,3,1
16045,2,3,11,4
16046,1,3,2,1
16047,4,3,5,3
16048,0,1,2,0
16049,0,1,4,1
16050,5,3,10,4
16051,3,1,1,2
16052,3,0,5,1
16053,7,3,13,2
16054,1,0,5,0
16055,2,1,1,0
16056,4,3,9,2
16057,6,6,14,1
16058,2,2,3,1
16059,1,2,6,0
16060,5,4,7,1
16061,2,0,3,0
16062,0,0,4,2
16063,1,3,1,2
16064,2,0,6,0
16065,1,1,1,1
16066,1,2,5,1
16067,1,2,2,1
16068,3,0,4,0
16069,1,1,6,2
16070,0,2,3,2
16071,1,1,6,1
16072,2,1,3,0
16073,1,0,1,0
16074,1,2,5,0
16075,2,2,5,0
16076,1,1,1,1
16077,2,1,3,1
16078,1,0,3,2
16079,1,0,6,0
16080,4,3,14,1
16081,3,1,13,0
16082,1,0,6,2
16083,1,0,2,1
16084,1,0,1,3
16085,1,0,3,3
16086,2,0,3,0
16087,0,1,2,1
16088,1,2,2,1
16089,1,1,5,0
16090,1,0,5,0
16091,0,0,3,0
16092,1,0,1,0
16093,6,3,8,4
16094,1,1,3,0
16095,1,3,2,0
16096,1,0,1,1
16097,0,0,2,0
16098,5,3,12,1
16099,2,0,5,1
16100,2,0,1,0
16101,2,1,2,0
16102,1,2,6,0
16103,1,0,4,2
16104,2,0,3,2
16105,0,0,3,1
16106,0,2,6,0
16107,1,0,1,0
16108,4,4,13,1
16109,1,2,10,3
16110,1,1,1,1
16111,1,0,2,1
16112,1,2,1,0
16113,2,0,3,2
16114,2,0,1,0
16115,1,0,2,2
16116,2,0,5,0
16117,1,0,1,0
16118,3,0,2,1
16119,0,2,2,2
16120,1,2,12,1
16121,1,1,5,0
16122,4,6,8,1
16123,0,0,6,0
16124,4,0,2,0
16125,3,0,6,0
16126,4,5,8,1
16127,2,2,2,2
16128,0,0,5,2
16129,2,0,1,2
16130,1,2,4,0
16131,7,6,9,0
16132,0,1,3,0
16133,4,0,3,0
16134,4,1,3,0
16135,2,0,1,2
16136,2,1,14,2
16137,1,2,2,0
16138,3,1,3,0
16139,1,1,6,1
16140,4,1,14,1
16141,4,2,5,2
16142,0,3,1,2
16143,0,2,3,1
16144,1,0,2,0
16145,2,3,2,0
16146,1,3,6,0
16147,0,0,2,2
16148,3,2,10,2
16149,0,0,5,2
16150,1,0,1,0
16151,1,0,6,1
16152,2,0,1,3
16153,2,0,1,2
16154,4,5,12,1
16155,0,0,6,0
16156,0,1,4,0
16157,0,1,2,1
16158,1,1,3,1
16159,3,2,6,0
16160,1,0,6,2
16161,0,0,3,0
16162,0,1,5,1
16163,2,0,2,1
16164,2,3,5,0
16165,2,2,14,1
16166,3,1,3,2
16167,1,0,3,1
16168,3,1,9,2
16169,0,1,5,1
16170,0,2,5,0
16171,1,3,1,0
16172,1,3,1,1
16173,0,1,6,0
16174,1,1,3,0
16175,3,1,9,5
16176,3,0,1,3
16177,1,1,6,1
16178,4,3,6,1
16179,1,0,5,0
16180,0,0,6,0
16181,5,2,14,1
16182,3,4,7,2
16183,0,0,3,2
16184,2,1,2,0
16185,1,3,6,2
16186,7,2,12,1
16187,0,2,1,0
16188,1,0,3,1
16189,3,0,3,0
16190,0,1,4,1
16191,8,2,12,2
16192,1,1,5,0
16193,0,0,4,3
16194,0,0,3,0
16195,0,0,5,3
16196,0,0,4,0
16197,0,3,5,0
16198,3,3,2,1
16199,1,1,4,0
16200,1,1,1,0
16201,0,1,5,1
16202,0,0,5,0
16203,1,2,3,0
16204,0,1,2,2
16205,5,5,9,0
16206,3,0,1,0
16207,0,0,2,2
16208,1,2,2,0
16209,0,1,4,2
16210,0,1,3,3
16211,1,0,4,0
16212,1,0,5,2
16213,1,0,5,0
16214,0,1,4,1
16215,3,1,4,1
16216,0,0,4,0
16217,2,1,1,0
16218,2,0,4,1
16219,1,0,1,2
16220,1,0,4,3
16221,2,1,1,0
16222,1,0,4,1
16223,2,5,14,2
16224,0,0,4,2
16225,4,2,5,0
16226,3,0,6,0
16227,5,3,13,1
16228,3,3,3,2
16229,4,2,14,2
16230,3,2,3,0
16231,3,3,4,1
16232,3,0,3,0
16233,4,2,2,0
16234,4,2,10,2
16235,0,3,3,0
16236,1,0,6,0
16237,4,2,7,3
16238,1,2,2,2
16239,2,0,1,0
16240,2,4,10,4
16241,0,1,1,0
16242,0,1,1,1
16243,2,2,1,1
16244,1,0,2,2
16245,0,1,1,0
16246,3,1,6,0
16247,2,4,7,2
16248,1,0,6,0
16249,1,0,5,1
16250,1,2,4,0
16251,4,2,5,0
16252,7,3,7,2
16253,3,4,14,2
16254,1,3,4,2
16255,6,4,9,4
16256,3,2,9,3
16257,0,1,3,1
16258,2,1,5,0
16259,1,0,1,1
16260,1,0,6,0
16261,0,1,6,1
16262,2,0,3,1
16263,0,0,4,1
16264,1,2,6,0
16265,2,2,1,3
16266,3,1,4,0
16267,4,0,3,2
16268,3,0,3,0
16269,4,6,12,1
16270,0,2,4,0
16271,1,0,5,0
16272,1,0,2,0
16273,1,1,3,0
16274,3,0,1,1
16275,1,0,5,3
16276,0,2,4,0
16277,0,0,3,0
16278,5,4,13,2
16279,4,0,4,0
16280,3,0,2,3
16281,3,1,5,1
16282,2,0,1,2
16283,1,1,2,0
16284,0,2,3,0
16285,0,0,5,0
16286,4,2,9,2
16287,6,1,13,3
16288,2,1,6,1
16289,1,2,5,3
16290,4,3,4,3
16291,0,2,2,2
16292,0,0,6,1
16293,1,0,3,0
16294,0,1,4,0
16295,3,0,3,1
16296,3,1,3,0
16297,5,2,13,3
16298,5,3,11,2
16299,3,1,4,1
16300,1,1,5,0
16301,0,1,3,0
16302,4,0,5,0
16303,1,1,1,2
16304,4,2,10,1
16305,3,1,4,2
16306,2,0,3,2
16307,0,1,4,1
16308,3,1,9,3
16309,0,3,2,0
16310,1,2,3,0
16311,2,1,6,0
16312,6,6,14,1
16313,0,0,2,2
16314,3,0,4,0
16315,7,3,11,1
16316,6,3,9,1
16317,0,0,1,1
16318,0,2,3,0
16319,0,2,3,1
16320,1,1,6,0
16321,0,0,6,0
16322,1,0,2,0
16323,2,0,3,0
16324,2,0,3,0
16325,3,2,2,0
16326,2,0,3,0
16327,0,0,2,0
16328,2,3,6,2
16329,4,0,1,1
16330,6,4,6,3
16331,5,2,7,4
16332,0,3,6,2
16333,1,3,5,0
16334,1,3,5,3
16335,2,1,2,0
16336,4,2,9,2
16337,6,6,7,3
16338,0,0,5,0
16339,4,2,8,2
16340,1,0,2,1
16341,0,2,3,2
16342,0,0,4,0
16343,1,0,4,0
16344,3,1,1,1
16345,0,1,5,2
16346,0,1,4,1
16347,1,2,6,1
16348,0,0,6,1
16349,3,6,14,4
16350,2,0,3,0
16351,1,0,3,0
16352,2,1,2,0
16353,1,2,1,0
16354,0,2,6,2
16355,2,0,1,0
16356,1,1,3,3
16357,2,0,1,2
16358,2,0,5,1
16359,2,0,4,2
16360,0,0,1,1
16361,0,1,6,1
16362,0,1,5,0
16363,2,1,2,0
16364,0,1,2,3
16365,0,3,5,3
16366,1,3,6,0
16367,3,0,2,0
16368,1,0,4,0
16369,0,0,2,1
16370,1,1,2,1
16371,4,3,7,1
16372,1,0,1,2
16373,6,5,7,5
16374,5,3,8,2
16375,0,0,3,1
16376,0,0,3,0
16377,1,1,5,3
16378,1,6,8,5
16379,5,5,5,1
16380,0,2,2,0
16381,2,0,4,1
16382,1,1,6,0
16383,0,1,2,3
16384,0,0,4,0
16385,0,0,2,0
16386,1,0,3,0
16387,2,2,2,0
16388,1,0,4,0
16389,1,1,6,1
16390,2,0,2,3
16391,1,3,4,1
16392,1,0,2,0
16393,0,2,3,1
16394,0,1,4,2
16395,1,5,13,2
16396,4,5,8,2
16397,1,0,1,1
16398,5,5,14,2
16399,1,0,1,1
16400,2,1,4,0
16401,4,3,9,2
16402,4,1,14,3
16403,1,0,2,3
16404,3,2,12,1
16405,0,1,3,3
16406,4,0,5,0
16407,3,3,3,0
16408,6,2,6,1
16409,5,4,14,1
16410,1,0,5,1
16411,0,1,4,0
16412,1,2,9,3
16413,1,0,2,1
16414,0,1,3,0
16415,1,0,2,2
16416,0,0,1,1
16417,0,1,3,1
16418,1,2,6,1
16419,0,2,2,0
16420,0,1,6,0
16421,3,2,3,0
16422,2,0,3,1
16423,1,1,5,0
16424,3,0,6,1
16425,1,1,6,1
16426,1,0,5,1
16427,3,0,4,1
16428,2,0,5,2
16429,1,0,2,1
16430,4,1,1,1
16431,4,1,9,2
16432,3,0,4,1
16433,5,3,7,2
16434,2,0,5,2
16435,2,2,7,1
16436,4,4,5,2
16437,3,0,5,0
16438,1,2,5,0
16439,0,1,5,0
16440,5,2,14,2
16441,1,2,2,1
16442,1,1,5,0
16443,4,4,8,2
16444,2,0,1,0
16445,3,3,8,1
16446,0,3,5,2
16447,1,1,1,1
16448,1,2,3,2
16449,0,2,5,1
16450,0,2,3,0
16451,1,0,5,0
16452,0,1,1,0
16453,0,0,6,1
16454,0,0,5,0
16455,1,2,1,2
16456,0,2,6,0
16457,0,0,4,1
16458,0,1,1,0
16459,0,0,1,0
16460,1,1,6,3
16461,3,0,3,0
16462,4,4,12,2
16463,3,3,1,1
16464,0,2,2,2
16465,0,0,5,0
16466,0,1,1,1
16467,1,2,1,0
16468,1,0,1,0
16469,3,2,3,1
16470,0,1,3,0
16471,7,4,9,1
16472,0,1,4,0
16473,1,3,10,0
16474,2,1,5,0
16475,1,0,6,1
16476,1,1,6,0
16477,3,0,6,1
16478,3,4,11,2
16479,0,2,2,0
16480,0,3,2,0
16481,0,1,6,3
16482,1,2,6,0
16483,2,1,5,1
16484,4,3,6,3
16485,2,5,8,2
16486,5,2,11,2
16487,1,2,4,0
16488,0,1,3,2
16489,0,1,5,0
16490,4,0,6,0
16491,0,1,6,3
16492,0,0,3,0
16493,1,1,1,1
16494,6,4,7,1
16495,1,2,2,1
16496,2,3,9,4
16497,0,1,1,3
16498,1,1,3,1
16499,4,5,10,3
16500,0,0,4,1
16501,4,4,6,1
16502,1,0,5,2
16503,0,3,2,0
16504,0,0,4,2
16505,1,3,2,0
16506,1,1,5,0
16507,0,1,6,0
16508,2,1,4,0
16509,0,2,1,1
16510,3,0,6,1
16511,3,2,6,0
16512,3,0,1,1
16513,0,2,4,0
16514,0,1,1,0
16515,0,1,5,0
16516,0,1,3,3
16517,1,1,6,3
16518,0,3,5,0
16519,3,0,2,0
16520,2,4,13,2
16521,2,0,1,1
16522,1,2,4,1
16523,1,1,4,3
16524,0,1,5,1
16525,3,2,5,1
16526,1,0,1,1
16527,0,1,3,0
16528,1,0,6,0
16529,3,0,5,1
16530,1,1,4,0
16531,1,1,3,1
16532,1,1,2,0
16533,6,3,6,2
16534,1,1,3,2
16535,8,2,9,1
16536,0,1,5,3
16537,1,2,5,1
16538,1,0,6,0
16539,0,3,1,0
16540,1,4,13,1
16541,1,1,6,1
16542,4,0,6,0
16543,3,0,5,0
16544,1,2,4,1
16545,4,1,2,2
16546,2,0,2,1
16547,1,1,3,1
16548,1,2,6,0
16549,5,2,5,3
16550,2,6,10,2
16551,1,1,5,0
16552,1,0,4,2
16553,3,1,6,0
16554,1,1,5,0
16555,5,2,10,2
16556,3,1,5,0
16557,0,0,1,3
16558,2,1,6,1
16559,0,0,6,0
16560,1,0,1,0
16561,1,2,4,0
16562,1,2,2,1
16563,3,0,3,1
16564,5,2,9,1
16565,0,3,1,0
16566,0,1,2,1
16567,1,0,6,0
16568,1,2,4,0
16569,5,2,6,2
16570,2,0,3,0
16571,1,0,6,0
16572,1,0,4,3
16573,1,1,3,3
16574,1,2,3,1
16575,3,3,2,2
16576,1,0,3,1
16577,1,1,1,2
16578,1,3,3,0
16579,0,0,6,1
16580,1,2,6,0
16581,1,2,5,0
16582,3,1,3,1
16583,1,0,1,1
16584,7,3,13,2
16585,3,0,2,0
16586,3,1,3,0
16587,1,1,1,0
16588,1,1,6,1
16589,2,3,8,3
16590,2,1,6,1
16591,2,2,5,0
16592,1,1,4,0
16593,4,2,7,2
16594,0,2,6,0
16595,4,3,8,1
16596,7,2,13,5
16597,3,2,3,1
16598,0,3,2,0
16599,0,0,2,0
16600,1,6,5,3
16601,1,2,2,1
16602,2,2,10,2
16603,5,4,5,2
16604,2,3,13,1
16605,5,3,8,1
16606,0,0,2,0
16607,5,3,13,5
16608,1,0,3,1
16609,3,0,5,0
16610,1,2,4,0
16611,2,0,2,0
16612,1,0,2,1
16613,3,2,1,0
16614,1,0,4,0
16615,2,5,8,2
16616,1,2,1,1
16617,2,0,4,1
16618,0,0,5,0
16619,1,0,5,0
16620,4,3,8,3
16621,2,0,5,0
16622,2,1,2,1
16623,2,0,2,0
16624,1,0,5,0
16625,1,2,4,1
16626,0,1,3,0
16627,1,0,2,3
16628,1,2,5,0
16629,3,2,2,0
16630,1,1,3,0
16631,2,3,5,1
16632,0,0,4,0
16633,2,0,2,0
16634,3,3,13,4
16635,0,2,4,0
16636,4,1,2,1
16637,2,2,3,3
16638,5,2,11,4
16639,0,0,5,1
16640,2,2,5,2
16641,0,2,5,3
16642,3,1,12,2
16643,0,0,2,0
16644,0,1,4,2
16645,1,3,6,1
16646,0,0,2,0
16647,2,0,2,2
16648,0,1,4,1
16649,4,0,4,2
16650,7,2,11,1
16651,0,2,4,0
16652,2,2,3,0
16653,0,1,6,0
16654,1,1,1,1
16655,2,3,1,1
16656,7,2,7,2
16657,0,1,5,0
16658,1,1,4,1
16659,2,1,3,1
16660,4,2,7,2
16661,1,1,5,1
16662,3,2,2,1
16663,1,1,6,1
16664,3,3,12,3
16665,7,2,7,0
16666,0,0,6,1
16667,1,1,6,0
16668,0,1,6,0
16669,2,1,3,0
16670,1,0,2,2
16671,4,5,9,1
16672,3,3,1,0
16673,4,2,8,2
16674,3,0,5,1
16675,1,0,6,0
16676,0,1,6,0
16677,3,0,1,1
16678,3,3,6,2
16679,4,5,9,2
16680,0,1,5,2
16681,5,3,12,1
16682,7,3,5,1
16683,0,0,1,1
16684,3,1,6,2
16685,3,3,14,3
16686,0,0,5,0
16687,3,6,11,3
16688,0,1,4,2
16689,1,0,5,1
16690,0,1,3,0
16691,1,2,2,2
16692,6,2,5,2
16693,1,1,6,0
16694,2,0,1,2
16695,1,1,5,0
16696,3,0,4,0
16697,5,3,14,2
16698,1,0,6,1
16699,2,0,3,0
16700,2,2,5,1
16701,1,0,1,0
16702,3,2,13,2
16703,4,1,4,0
16704,1,0,1,1
16705,1,2,1,1
16706,3,4,6,3
16707,3,1,3,0
16708,0,0,3,0
16709,3,2,9,4
16710,2,0,3,0
16711,2,1,6,0
16712,1,0,2,0
16713,0,0,4,2
16714,4,0,2,2
16715,2,3,2,0
16716,4,4,7,2
16717,2,1,3,0
16718,0,0,3,3
16719,0,0,3,0
16720,3,2,5,2
16721,3,1,1,0
16722,1,0,2,0
16723,4,4,6,1
16724,0,0,3,2
16725,0,1,5,1
16726,3,0,3,0
16727,0,0,4,2
16728,4,4,6,1
16729,3,2,9,0
16730,2,0,2,1
16731,2,0,4,0
16732,1,0,4,1
16733,1,0,3,2
16734,1,1,3,0
16735,0,0,2,1
16736,1,0,3,0
16737,2,2,2,0
16738,2,2,1,0
16739,1,0,5,0
16740,2,1,2,0
16741,3,5,7,2
16742,5,2,9,3
16743,0,0,3,2
16744,0,0,6,1
16745,1,0,2,1
16746,2,1,13,3
16747,0,0,3,1
16748,1,1,2,0
16749,3,1,6,0
16750,3,2,1,0
16751,2,1,2,0
16752,1,2,6,1
16753,2,0,2,0
16754,3,2,11,3
16755,0,2,5,0
16756,0,0,5,2
16757,2,1,2,0
16758,4,3,9,2
16759,7,4,10,1
16760,0,0,2,0
16761,1,0,5,0
16762,1,0,2,0
16763,1,1,4,2
16764,0,1,3,2
16765,0,2,5,0
16766,4,3,6,1
16767,4,4,11,2
16768,2,0,3,1
16769,3,1,2,2
16770,4,1,2,0
16771,4,1,2,1
16772,2,0,4,0
16773,0,2,6,1
16774,4,4,8,2
16775,1,0,5,0
16776,1,3,1,1
16777,5,4,7,1
16778,4,2,12,2
16779,2,3,2,2
16780,1,2,2,2
16781,6,3,7,3
16782,3,1,3,0
16783,2,2,6,0
16784,1,1,5,1
16785,1,2,2,1
16786,5,3,11,3
16787,0,0,5,1
16788,0,0,2,0
16789,2,1,3,2
16790,1,2,5,0
16791,0,3,2,1
16792,3,3,6,2
16793,2,0,1,0
16794,1,3,5,0
16795,2,1,2,1
16796,0,1,5,1
16797,1,1,3,0
16798,7,1,6,2
16799,2,3,2,1
16800,4,2,7,3
16801,4,5,14,2
16802,1,0,1,1
16803,1,0,5,1
16804,3,0,1,0
16805,1,0,1,0
16806,5,4,7,3
16807,0,3,3,0
16808,1,2,4,2
16809,0,0,5,1
16810,1,2,5,0
16811,1,3,5,0
16812,3,0,1,3
16813,1,0,2,1
16814,0,0,4,0
16815,1,2,2,0
16816,2,1,5,0
16817,4,3,8,2
16818,0,0,3,0
16819,1,2,6,2
16820,1,0,3,1
16821,5,2,10,2
16822,1,0,6,0
16823,0,0,3,0
16824,3,1,8,1
16825,0,1,3,0
16826,4,4,9,2
16827,5,4,10,3
16828,0,0,5,1
16829,1,2,5,0
16830,1,3,1,0
16831,0,0,4,1
16832,0,1,6,0
16833,6,1,6,3
16834,1,1,4,0
16835,1,0,3,0
16836,0,1,1,1
16837,2,2,8,2
16838,2,0,5,1
16839,5,3,8,2
16840,5,4,14,3
16841,1,3,6,2
16842,2,1,5,1
16843,1,0,3,1
16844,3,0,4,0
16845,2,0,1,0
16846,3,1,2,1
16847,0,0,5,0
16848,0,3,4,0
16849,2,0,6,2
16850,0,1,5,2
16851,2,2,1,1
16852,1,0,5,1
16853,2,1,6,0
16854,2,0,4,0
16855,1,2,14,4
16856,4,2,1,0
16857,2,0,1,0
16858,0,1,3,0
16859,0,1,5,0
16860,2,0,3,0
16861,0,0,6,1
16862,1,3,1,0
16863,2,1,6,2
16864,5,3,14,1
16865,3,0,4,2
16866,3,1,4,0
16867,3,3,8,1
16868,0,0,4,0
16869,1,2,5,2
16870,3,1,3,0
16871,0,0,3,0
16872,1,1,6,0
16873,4,5,14,0
16874,1,1,3,0
16875,2,0,4,0
16876,4,0,1,1
16877,2,0,6,2
16878,1,1,5,0
16879,1,1,5,2
16880,3,5,12,2
16881,3,1,6,2
16882,6,1,5,2
16883,5,3,7,1
16884,1,0,3,1
16885,0,0,5,0
16886,3,0,6,0
16887,0,0,5,0
16888,2,2,6,0
16889,1,1,6,3
16890,2,0,5,1
16891,3,3,12,2
16892,1,0,5,1
16893,6,2,14,1
16894,2,1,4,0
16895,0,1,4,0
16896,3,2,1,1
16897,4,3,2,0
16898,1,0,6,0
16899,2,1,4,0
16900,2,1,3,0
16901,2,1,3,1
16902,1,2,6,1
16903,2,2,5,2
16904,4,0,2,0
16905,1,0,1,0
16906,1,0,4,0
16907,1,1,6,0
16908,3,1,4,1
16909,1,0,6,1
16910,1,1,6,2
16911,0,0,4,1
16912,2,0,2,0
16913,2,1,2,0
16914,3,4,14,0
16915,4,2,1,2
16916,1,1,3,0
16917,2,1,2,0
16918,2,1,3,0
16919,3,1,14,2
16920,2,3,1,1
16921,2,2,1,3
16922,1,3,1,0
16923,2,1,1,2
16924,1,3,1,0
16925,3,2,10,2
16926,2,1,4,1
16927,0,2,6,0
16928,0,1,4,0
16929,2,3,5,0
16930,0,0,6,0
16931,4,0,1,2
16932,4,2,1,0
16933,2,0,2,0
16934,4,0,3,2
16935,3,0,6,0
16936,2,0,2,1
16937,2,3,8,3
16938,3,0,2,0
16939,1,1,9,2
16940,0,0,2,0
16941,1,2,5,1
16942,0,1,3,2
16943,1,1,6,0
16944,6,2,10,2
16945,1,1,4,0
16946,0,2,6,1
16947,3,1,6,0
16948,1,0,4,0
16949,4,1,5,1
16950,1,4,5,3
16951,1,0,6,2
16952,1,2,1,0
16953,0,0,5,0
16954,1,3,4,3
16955,8,2,9,1
16956,2,2,4,3
16957,7,1,11,1
16958,1,3,3,1
16959,1,1,5,0
16960,0,2,3,0
16961,1,1,1,2
16962,3,6,7,2
16963,1,1,1,1
16964,1,0,1,2
16965,2,1,3,2
16966,2,1,1,0
16967,1,2,4,0
16968,4,0,6,1
16969,2,2,11,1
16970,3,3,4,0
16971,4,3,11,1
16972,2,0,1,0
16973,1,1,5,0
16974,0,1,5,0
16975,0,1,2,0
16976,3,1,3,0
16977,0,0,1,0
16978,6,2,5,3
16979,3,1,3,2
16980,4,0,1,3
16981,3,3,12,2
16982,1,2,4,2
16983,3,2,5,0
16984,3,2,5,0
16985,1,2,4,1
16986,1,3,6,0
16987,3,1,3,0
16988,0,0,4,0
16989,1,1,3,0
16990,2,1,1,0
16991,5,1,14,3
16992,0,0,1,1
16993,2,0,3,1
16994,2,4,12,3
16995,0,1,5,1
16996,2,2,3,0
16997,1,0,4,0
16998,4,1,4,1
16999,1,0,1,0
17000,0,1,1,0
17001,2,2,2,1
17002,0,1,5,2
17003,1,1,1,0
17004,0,2,1,1
17005,1,0,1,0
17006,5,4,14,3
17007,6,4,5,3
17008,3,2,5,0
17009,2,0,4,1
17010,7,2,5,3
17011,4,3,12,1
17012,1,2,4,0
17013,3,3,5,1
17014,0,1,5,2
17015,2,0,1,1
17016,0,2,2,0
17017,0,1,1,0
17018,2,0,1,1
17019,1,2,2,2
17020,0,0,5,0
17021,7,4,10,1
17022,1,0,2,0
17023,4,2,6,1
17024,0,3,1,1
17025,2,0,3,3
17026,2,1,1,2
17027,1,1,2,1
17028,4,2,13,0
17029,6,3,11,1
17030,3,3,13,2
17031,2,1,1,0
17032,2,3,6,0
17033,0,1,3,1
17034,1,0,5,1
17035,3,1,4,0
17036,0,1,5,0
17037,2,0,2,1
17038,0,0,2,0
17039,1,1,4,0
17040,5,1,9,3
17041,3,4,6,2
17042,5,3,12,3
17043,2,1,3,1
17044,2,4,8,3
17045,5,3,10,1
17046,1,1,3,0
17047,2,0,2,0
17048,2,1,2,1
17049,2,2,3,1
17050,0,0,3,0
17051,1,1,6,0
17052,0,0,5,1
17053,2,0,3,0
17054,5,4,6,2
17055,3,1,1,0
17056,2,1,2,1
17057,0,1,2,1
17058,6,4,10,3
17059,2,2,2,1
17060,1,1,3,0
17061,2,3,1,0
17062,3,1,3,2
17063,2,3,4,2
17064,1,1,6,0
17065,2,4,11,2
17066,3,1,4,1
17067,2,4,7,2
17068,1,1,6,1
17069,0,3,1,0
17070,7,3,14,2
17071,4,1,6,1
17072,0,1,5,1
17073,1,0,1,1
17074,1,1,6,1
17075,2,0,5,2
17076,4,0,1,0
17077,1,2,3,1
17078,1,1,5,1
17079,1,2,5,1
17080,0,0,1,2
17081,1,1,1,2
17082,1,1,3,0
17083,3,0,3,0
17084,1,0,3,1
17085,1,0,1,0
17086,3,0,1,3
17087,4,2,10,3
17088,3,0,2,0
17089,5,4,9,2
17090,1,0,6,0
17091,2,0,5,2
17092,4,1,3,0
17093,2,1,2,0
17094,3,1,6,2
17095,3,0,3,1
17096,4,2,2,1
17097,0,1,3,1
17098,1,0,5,1
17099,1,0,4,0
17100,1,2,5,0
17101,6,3,12,3
17102,3,0,3,2
17103,0,1,1,1
17104,7,3,6,1
17105,2,1,2,0
17106,1,2,6,1
17107,3,1,6,1
17108,0,0,1,2
17109,1,1,4,2
17110,0,0,2,0
17111,4,3,13,4
17112,5,5,6,1
17113,6,2,10,3
17114,3,0,4,1
17115,4,3,5,1
17116,3,4,5,3
17117,3,2,5,0
17118,1,6,13,2
17119,0,1,2,1
17120,2,1,5,2
17121,2,3,8,3
17122,1,1,1,3
17123,2,0,2,1
17124,6,3,14,2
17125,0,0,3,0
17126,0,0,6,3
17127,2,2,4,0
17128,5,3,12,4
17129,2,3,6,0
17130,2,1,5,0
17131,2,3,3,2
17132,3,1,1,2
17133,5,6,5,2
17134,1,1,3,1
17135,2,1,3,1
17136,4,0,1,0
17137,2,0,2,0
17138,4,0,1,3
17139,0,0,2,0
17140,2,3,9,4
17141,5,1,13,1
17142,0,0,5,2
17143,1,0,6,2
17144,0,0,5,1
17145,0,2,5,3
17146,1,0,5,1
17147,1,0,3,0
17148,7,3,13,3
17149,0,1,1,1
17150,1,2,2,2
17151,2,0,3,1
17152,0,0,5,1
17153,2,1,5,0
17154,2,0,1,1
17155,0,0,5,2
17156,2,1,2,1
17157,5,3,7,1
17158,1,0,3,0
17159,1,1,6,1
17160,1,1,1,2
17161,1,0,4,1
17162,5,5,6,2
17163,1,1,4,0
17164,3,0,4,1
17165,1,0,5,0
17166,1,1,5,0
17167,5,2,7,2
17168,4,6,11,2
17169,1,1,3,0
17170,2,1,5,1
17171,2,1,6,1
17172,4,2,12,2
17173,0,0,4,1
17174,5,4,6,1
17175,3,1,4,2
17176,0,2,4,0
17177,7,3,7,0
17178,1,0,4,2
17179,4,1,1,0
17180,0,0,1,0
17181,1,0,4,1
17182,3,4,13,3
17183,6,2,11,2
17184,1,1,3,1
17185,1,3,6,2
17186,0,2,2,2
17187,1,0,2,0
17188,1,1,2,0
17189,3,1,1,0
17190,5,3,9,1
17191,4,3,6,3
17192,2,2,4,0
17193,3,1,12,1
17194,0,0,1,0
17195,5,3,6,2
17196,3,4,7,2
17197,0,1,2,2
17198,0,2,3,2
17199,4,1,10,1
17200,5,3,12,5
17201,1,1,6,2
17202,0,1,5,0
17203,1,0,4,2
17204,2,2,5,1
17205,2,3,12,1
17206,0,1,4,1
17207,2,2,6,1
17208,0,0,6,0
17209,0,0,2,0
17210,0,1,4,0
17211,8,4,6,4
17212,1,2,6,2
17213,4,1,2,0
17214,0,2,2,0
17215,4,1,4,0
17216,0,0,6,0
17217,2,0,1,1
17218,0,0,1,0
17219,2,0,3,0
17220,0,2,1,0
17221,1,0,1,1
17222,1,1,5,3
17223,3,2,3,1
17224,3,2,10,1
17225,0,1,3,1
17226,2,0,6,1
17227,1,1,6,0
17228,0,2,5,1
17229,0,2,3,0
17230,1,1,1,2
17231,1,0,4,0
17232,2,0,3,3
17233,1,1,5,1
17234,0,0,6,0
17235,0,1,5,2
17236,6,3,14,3
17237,1,0,4,1
17238,0,1,3,0
17239,1,1,5,0
17240,1,1,2,0
17241,0,2,2,0
17242,1,1,1,0
17243,0,1,5,0
17244,4,3,4,2
17245,2,1,1,1
17246,1,1,6,0
17247,3,3,12,1
17248,6,2,12,1
17249,1,0,2,0
17250,4,4,7,5
17251,0,1,2,0
17252,6,2,10,1
17253,1,0,3,1
17254,0,1,4,2
17255,3,3,6,1
17256,1,2,2,1
17257,1,0,4,0
17258,2,1,2,3
17259,0,2,3,0
17260,5,4,10,4
17261,0,2,4,2
17262,1,5,6,1
17263,4,0,5,0
17264,1,3,5,2
17265,1,0,3,0
17266,1,0,1,0
17267,3,0,3,1
17268,3,0,1,0
17269,2,0,1,0
17270,1,3,14,5
17271,2,3,1,0
17272,1,1,3,1
17273,1,0,4,0
17274,3,2,2,0
17275,1,2,4,0
17276,1,1,1,0
17277,2,0,5,0
17278,0,0,4,1
17279,8,2,10,2
17280,3,4,6,2
17281,0,1,5,0
17282,0,0,1,0
17283,0,1,4,2
17284,2,0,1,1
17285,1,1,3,3
17286,1,0,6,0
17287,4,5,7,3
17288,4,1,1,0
17289,0,2,5,0
17290,4,1,2,0
17291,0,2,1,0
17292,1,0,2,0
17293,0,0,5,0
17294,5,3,12,2
17295,0,1,1,2
17296,1,1,2,0
17297,1,1,4,1
17298,1,1,4,3
17299,1,1,5,3
17300,4,3,11,1
17301,4,1,5,0
17302,1,0,3,0
17303,0,0,4,0
17304,0,0,4,0
17305,1,0,4,0
17306,1,1,3,0
17307,1,2,3,2
17308,1,0,5,2
17309,2,0,5,0
17310,1,0,5,2
17311,1,0,3,2
17312,3,0,2,1
17313,2,1,6,1
17314,0,0,6,2
17315,4,2,6,2
17316,2,1,4,1
17317,0,1,1,1
17318,1,0,6,1
17319,2,1,3,0
17320,0,0,1,1
17321,0,2,4,0
17322,2,4,12,2
17323,1,2,3,2
17324,4,2,13,2
17325,0,0,1,2
17326,0,1,3,0
17327,0,1,3,3
17328,1,2,4,0
17329,1,0,4,0
17330,3,1,5,0
17331,2,3,9,1
17332,2,0,3,1
17333,0,0,2,0
17334,4,0,4,0
17335,1,0,6,0
17336,0,1,6,1
17337,2,1,3,0
17338,0,3,3,0
17339,3,1,1,0
17340,1,0,1,0
17341,0,1,1,0
17342,0,0,5,0
17343,0,0,1,0
17344,3,3,11,2
17345,0,0,3,0
17346,2,0,5,0
17347,0,0,3,0
17348,1,1,3,0
17349,0,2,4,0
17350,3,0,3,0
17351,1,1,2,0
17352,7,2,5,0
17353,0,0,5,2
17354,2,0,5,2
17355,0,1,6,0
17356,3,3,4,0
17357,3,1,2,0
17358,5,4,7,2
17359,1,1,2,2
17360,0,1,5,1
17361,1,1,5,0
17362,5,2,5,2
17363,3,1,6,0
17364,0,0,5,1
17365,1,0,6,1
17366,4,0,4,2
17367,4,3,10,1
17368,2,0,2,1
17369,1,0,6,3
17370,6,3,14,4
17371,1,0,6,2
17372,2,2,4,0
17373,0,1,4,0
17374,0,3,4,0
17375,0,0,6,0
17376,1,0,5,2
17377,0,1,4,2
17378,0,3,4,0
17379,0,0,5,0
17380,5,2,9,3
17381,0,1,5,1
17382,3,1,6,2
17383,0,1,5,0
17384,4,0,1,3
17385,4,4,5,1
17386,0,3,2,0
17387,7,4,13,3
17388,0,2,1,0
17389,1,0,6,0
17390,0,1,4,2
17391,1,2,14,2
17392,1,2,2,2
17393,0,0,2,1
17394,3,1,5,0
17395,1,0,6,0
17396,1,0,5,2
17397,0,1,3,2
17398,0,3,4,2
17399,2,3,4,0
17400,7,5,11,2
17401,0,2,2,1
17402,0,3,3,0
17403,0,0,4,0
17404,1,0,2,0
17405,3,3,14,2
17406,4,1,9,2
17407,3,4,5,2
17408,1,3,1,0
17409,1,3,4,0
17410,0,0,4,2
17411,2,6,13,3
17412,1,1,6,2
17413,1,3,6,1
17414,2,0,2,1
17415,3,0,5,1
17416,1,2,6,0
17417,2,1,4,1
17418,1,0,2,0
17419,3,3,6,3
17420,2,2,1,1
17421,2,0,2,0
17422,3,0,6,0
17423,4,1,1,1
17424,0,0,5,0
17425,2,3,12,3
17426,0,0,5,3
17427,1,0,2,0
17428,1,1,6,0
17429,1,1,1,1
17430,2,1,3,0
17431,1,1,2,0
17432,5,5,6,2
17433,5,2,7,1
17434,1,1,2,0
17435,2,1,3,3
17436,1,2,1,0
17437,5,6,5,3
17438,0,0,2,1
17439,1,1,4,2
17440,1,0,5,3
17441,1,1,6,1
17442,6,4,9,3
17443,4,1,5,0
17444,6,4,5,3
17445,1,1,4,1
17446,4,4,13,0
17447,3,3,2,0
17448,1,0,3,1
17449,6,4,9,4
17450,4,3,9,3
17451,3,2,14,1
17452,0,0,2,1
17453,5,3,10,1
17454,1,2,5,0
17455,3,3,1,3
17456,0,0,3,1
17457,1,3,6,0
17458,1,0,2,1
17459,3,1,6,2
17460,0,0,2,1
17461,1,1,3,1
17462,0,1,6,0
17463,2,0,1,0
17464,0,3,1,0
17465,3,1,5,0
17466,2,2,1,1
17467,4,6,9,2
17468,2,0,4,1
17469,1,1,4,0
17470,3,3,13,2
17471,3,3,11,1
17472,0,1,5,2
17473,2,3,10,4
17474,1,1,4,0
17475,2,3,5,2
17476,2,2,4,2
17477,6,2,11,1
17478,3,0,6,2
17479,1,1,4,1
17480,2,1,1,1
17481,1,1,2,0
17482,2,1,5,0
17483,1,0,1,1
17484,4,1,5,1
17485,0,1,4,1
17486,4,4,5,2
17487,2,0,6,0
17488,1,2,1,0
17489,2,1,1,2
17490,4,3,14,2
17491,2,2,8,1
17492,2,3,13,3
17493,0,0,3,0
17494,1,3,6,0
17495,4,3,2,0
17496,0,1,4,1
17497,2,0,5,0
17498,1,2,3,0
17499,2,0,5,0
17500,1,1,5,3
17501,2,0,2,3
17502,1,2,6,1
17503,2,0,6,0
17504,4,3,7,1
17505,5,3,14,2
17506,1,1,1,1
17507,1,0,1,2
17508,0,0,1,1
17509,1,0,5,1
17510,1,0,3,2
17511,2,0,6,0
17512,1,3,4,1
17513,0,0,2,0
17514,1,2,1,2
17515,4,2,8,5
17516,0,0,3,1
17517,3,1,3,2
17518,4,0,1,0
17519,0,3,1,1
17520,0,2,3,2
17521,7,3,10,1
17522,1,2,3,2
17523,0,0,5,1
17524,0,2,3,2
17525,0,1,4,0
17526,4,4,10,2
17527,2,1,2,1
17528,3,1,5,0
17529,1,2,5,2
17530,1,1,1,1
17531,0,1,3,0
17532,8,4,5,2
17533,4,5,13,2
17534,3,2,5,0
17535,0,0,4,2
17536,1,0,6,0
17537,3,0,5,1
17538,3,2,1,1
17539,3,5,9,2
17540,1,1,6,1
17541,3,0,3,2
17542,2,2,6,1
17543,1,1,5,3
17544,2,3,5,0
17545,5,2,12,1
17546,3,0,3,0
17547,6,1,9,2
17548,2,0,1,2
17549,2,1,4,1
17550,3,3,6,0
17551,2,2,1,0
17552,3,3,5,3
17553,1,1,3,0
17554,1,0,4,1
17555,2,0,3,1
17556,5,4,8,2
17557,1,1,2,3
17558,5,4,10,2
17559,1,0,3,0
17560,3,1,6,0
17561,3,3,14,2
17562,2,2,1,0
17563,1,2,4,0
17564,2,0,1,0
17565,0,3,6,3
17566,2,3,2,1
17567,6,4,9,5
17568,3,0,1,0
17569,0,0,1,1
17570,1,3,9,3
17571,0,1,4,0
17572,1,3,4,3
17573,1,0,2,1
17574,5,3,10,2
17575,1,1,5,0
17576,7,3,9,3
17577,0,1,2,0
17578,0,2,1,1
17579,2,3,4,1
17580,1,1,3,0
17581,0,0,1,1
17582,4,0,2,0
17583,3,4,9,4
17584,0,0,3,0
17585,7,2,11,3
17586,6,2,13,2
17587,4,3,13,2
17588,4,4,7,1
17589,1,0,1,1
17590,2,0,6,0
17591,5,4,7,2
17592,6,6,9,2
17593,1,0,3,0
17594,5,3,10,2
17595,6,3,8,2
17596,4,0,1,0
17597,4,0,3,0
17598,5,6,12,3
17599,6,4,10,3
17600,0,0,5,0
17601,0,0,6,1
17602,0,3,1,0
17603,2,0,3,1
17604,3,1,1,1
17605,3,0,3,0
17606,2,1,1,0
17607,2,1,12,1
17608,1,1,5,1
17609,3,2,13,1
17610,0,1,6,0
17611,0,0,6,1
17612,3,2,5,0
17613,0,0,6,0
17614,0,0,4,1
17615,0,0,5,0
17616,2,3,11,3
17617,1,0,6,1
17618,2,0,4,0
17619,0,2,2,0
17620,3,1,5,2
17621,0,0,3,2
17622,0,1,2,2
17623,1,3,3,0
17624,3,0,6,2
17625,4,4,7,0
17626,0,0,6,0
17627,2,0,4,0
17628,0,0,4,0
17629,0,0,6,0
17630,3,3,2,0
17631,0,0,4,0
17632,0,1,2,1
17633,2,1,3,1
17634,0,0,5,0
17635,1,0,6,0
17636,0,1,5,0
17637,3,4,14,1
17638,0,0,1,0
17639,1,2,3,1
17640,1,0,1,0
17641,2,0,6,0
17642,2,1,5,0
17643,2,1,1,0
17644,1,0,6,0
17645,1,3,3,0
17646,1,0,3,0
17647,5,5,10,0
17648,1,1,2,1
17649,3,2,8,2
17650,2,1,1,2
17651,0,0,3,1
17652,1,0,1,0
17653,2,1,5,1
17654,2,1,3,2
17655,2,1,6,0
17656,1,0,6,0
17657,0,0,5,1
17658,0,0,3,1
17659,5,3,10,0
17660,2,3,6,1
17661,0,0,6,0
17662,3,3,5,1
17663,2,0,3,0
17664,1,0,5,1
17665,5,3,5,0
17666,1,0,6,2
17667,1,0,6,2
17668,2,3,2,3
17669,2,1,4,0
17670,0,1,5,0
17671,2,0,5,0
17672,0,0,4,1
17673,1,3,1,1
17674,1,1,1,0
17675,4,4,6,1
17676,3,0,1,2
17677,0,1,4,2
17678,1,0,6,0
17679,2,0,6,0
17680,1,3,3,0
17681,0,1,4,0
17682,0,1,2,0
17683,0,2,1,3
17684,0,0,6,2
17685,3,1,4,1
17686,3,2,2,0
17687,0,0,2,0
17688,4,1,12,1
17689,2,1,1,0
17690,1,0,5,1
17691,5,3,6,3
17692,0,1,2,0
17693,3,0,2,2
17694,2,1,6,1
17695,1,1,1,0
17696,1,3,2,1
17697,2,0,4,0
17698,2,2,6,3
17699,3,3,3,0
17700,3,5,5,2
17701,0,0,6,2
17702,2,0,3,1
17703,0,0,2,0
17704,0,1,2,0
17705,2,2,1,0
17706,0,0,3,2
17707,0,1,6,1
17708,0,0,4,0
17709,1,1,2,2
17710,3,0,3,3
17711,1,2,1,0
17712,1,1,6,0
17713,3,0,3,0
17714,2,0,4,0
17715,2,0,4,1
17716,0,1,4,2
17717,1,0,2,0
17718,0,1,2,0
17719,1,3,1,3
17720,3,2,4,1
17721,0,3,5,0
17722,1,0,3,3
17723,2,1,2,0
17724,2,0,4,2
17725,2,4,12,2
17726,2,0,1,1
17727,0,3,3,1
17728,3,1,2,2
17729,1,1,4,0
17730,0,0,6,1
17731,1,1,1,1
17732,3,0,6,0
17733,2,0,1,0
17734,2,3,8,1
17735,3,2,3,1
17736,6,5,9,2
17737,1,2,1,0
17738,1,0,4,1
17739,3,4,14,4
17740,0,0,2,3
17741,3,2,5,0
17742,3,1,2,1
17743,2,0,2,1
17744,1,0,3,2
17745,4,3,12,3
17746,2,0,3,1
17747,2,4,13,1
17748,0,0,1,3
17749,1,1,6,1
17750,1,1,5,1
17751,0,0,1,2
17752,0,2,2,0
17753,0,0,4,2
17754,0,3,1,1
17755,7,2,8,1
17756,5,3,12,2
17757,5,3,8,2
17758,1,2,6,1
17759,4,3,5,3
17760,1,0,6,1
17761,3,0,2,0
17762,1,0,4,0
17763,2,0,2,0
17764,1,0,4,0
17765,0,1,1,0
17766,1,1,6,2
17767,0,1,4,1
17768,4,3,11,2
17769,1,2,2,0
17770,1,1,5,0
17771,1,1,5,0
17772,8,1,13,0
17773,3,2,6,1
17774,1,1,6,0
17775,5,3,7,1
17776,2,1,1,0
17777,0,2,4,0
17778,4,3,5,4
17779,4,3,9,2
17780,2,1,5,2
17781,1,1,6,1
17782,7,2,6,1
17783,0,0,4,1
17784,1,0,4,1
17785,0,0,2,0
17786,1,1,4,3
17787,0,1,6,0
17788,0,0,5,0
17789,4,5,9,4
17790,6,3,13,2
17791,1,0,6,1
17792,5,3,13,4
17793,2,4,13,3
17794,2,2,6,0
17795,1,2,5,0
17796,1,0,4,1
17797,2,3,4,2
17798,3,1,2,1
17799,1,2,5,0
17800,3,0,3,0
17801,3,4,13,2
17802,0,1,6,0
17803,1,3,5,0
17804,0,1,4,2
17805,3,3,7,2
17806,2,0,3,0
17807,5,3,5,2
17808,0,1,3,0
17809,1,0,4,0
17810,0,1,6,1
17811,2,2,9,2
17812,4,4,6,3
17813,5,4,14,1
17814,7,6,10,0
17815,4,0,6,0
17816,0,0,3,1
17817,1,1,2,2
17818,3,4,11,1
17819,3,0,2,0
17820,3,3,4,0
17821,2,1,5,0
17822,3,0,1,1
17823,0,1,6,0
17824,1,2,6,0
17825,4,4,7,4
17826,0,0,6,0
17827,4,0,3,3
17828,0,0,1,2
17829,2,1,4,0
17830,8,3,11,1
17831,3,0,2,2
17832,2,1,1,0
17833,2,1,2,1
17834,0,0,5,0
17835,3,1,2,1
17836,0,0,4,2
17837,5,2,9,2
17838,1,0,1,1
17839,1,1,4,0
17840,5,4,12,1
17841,1,3,3,1
17842,3,1,1,2
17843,2,0,5,0
17844,2,0,2,0
17845,0,0,2,1
17846,5,6,6,2
17847,4,0,4,1
17848,0,1,2,1
17849,0,1,6,3
17850,6,4,10,3
17851,2,1,4,0
17852,7,3,13,3
17853,2,1,3,0
17854,2,1,1,0
17855,4,1,5,0
17856,3,1,1,0
17857,2,2,2,1
17858,2,0,3,0
17859,2,0,5,0
17860,3,0,4,1
17861,0,0,4,1
17862,2,0,5,0
17863,2,1,6,1
17864,1,0,5,0
17865,1,1,5,0
17866,0,1,2,2
17867,4,1,1,1
17868,1,2,6,0
17869,3,3,11,1
17870,1,0,5,0
17871,2,3,11,2
17872,2,3,5,1
17873,2,1,2,1
17874,0,2,3,1
17875,4,1,3,0
17876,0,1,1,1
17877,2,1,6,1
17878,2,1,6,2
17879,2,0,4,0
17880,4,1,10,1
17881,2,0,4,0
17882,1,3,6,0
17883,2,0,5,0
17884,3,1,4,3
17885,2,4,13,3
17886,1,0,4,0
17887,4,1,4,1
17888,0,1,3,0
17889,1,1,4,2
17890,0,0,6,2
17891,2,0,3,0
17892,4,1,12,0
17893,0,1,2,1
17894,1,0,1,3
17895,3,0,1,1
17896,2,1,4,0
17897,4,5,11,2
17898,3,1,1,1
17899,2,2,5,2
17900,0,1,4,0
17901,0,2,5,0
17902,4,0,6,0
17903,7,3,11,2
17904,1,0,1,2
17905,1,2,4,0
17906,3,0,1,0
17907,1,0,6,0
17908,1,0,4,0
17909,3,1,6,1
17910,1,1,6,1
17911,7,6,11,4
17912,0,0,6,0
17913,1,1,6,2
17914,2,2,3,0
17915,1,0,2,1
17916,2,0,6,1
17917,1,0,1,1
17918,0,0,4,1
17919,0,1,1,1
17920,0,0,3,2
17921,2,0,6,0
17922,1,3,4,2
17923,0,2,6,2
17924,0,0,2,0
17925,1,1,3,0
17926,1,1,3,0
17927,1,1,5,3
17928,1,1,3,0
17929,2,3,1,2
17930,1,0,5,2
17931,1,0,5,0
17932,5,2,9,1
17933,0,3,3,0
17934,3,3,13,4
17935,3,2,4,2
17936,1,1,5,2
17937,2,0,6,0
17938,0,0,2,2
17939,3,3,8,2
17940,4,1,3,1
17941,1,0,2,2
17942,0,0,2,0
17943,5,1,7,1
17944,1,0,1,0
17945,0,1,1,1
17946,0,1,5,1
17947,0,1,4,3
17948,0,0,1,0
17949,4,2,14,1
17950,1,1,4,3
17951,1,1,2,2
17952,4,2,5,3
17953,2,3,3,0
17954,1,1,6,0
17955,1,1,4,1
17956,1,1,2,0
17957,3,1,6,0
17958,1,0,6,2
17959,7,5,14,2
17960,2,1,3,1
17961,0,1,4,0
17962,1,2,6,3
17963,0,2,4,1
17964,3,1,4,2
17965,1,1,1,1
17966,2,2,10,1
17967,2,0,2,1
17968,2,3,5,1
17969,0,0,2,2
17970,3,1,3,0
17971,1,0,4,0
17972,3,0,4,1
17973,5,3,10,2
17974,0,0,4,2
17975,0,0,5,0
17976,3,1,9,2
17977,1,0,5,1
17978,1,3,4,0
17979,0,1,3,3
17980,8,3,12,2
17981,2,1,3,0
17982,2,0,6,0
17983,2,1,6,1
17984,2,0,2,1
17985,1,2,1,1
17986,1,0,4,0
17987,1,0,3,0
17988,0,0,3,1
17989,1,1,6,0
17990,0,3,4,0
17991,0,2,6,0
17992,7,3,7,1
17993,0,2,6,0
17994,3,4,14,2
17995,0,1,6,1
17996,2,1,2,1
17997,3,0,6,0
17998,2,1,1,0
17999,1,1,3,1
18000,0,0,5,1
18001,1,3,2,2
18002,0,0,2,2
18003,1,3,1,0
18004,3,2,2,2
18005,0,1,6,0
18006,1,0,3,1
18007,3,3,10,1
18008,2,1,6,0
18009,2,0,3,0
18010,0,0,5,0
18011,1,0,3,0
18012,0,1,3,1
18013,1,3,2,0
18014,1,1,6,2
18015,2,1,1,1
18016,0,1,1,2
18017,0,2,1,1
18018,0,2,4,0
18019,0,3,3,0
18020,6,3,9,1
18021,2,2,5,0
18022,0,0,2,2
18023,3,0,2,1
18024,5,2,14,2
18025,2,3,5,0
18026,0,0,2,0
18027,1,1,6,1
18028,3,1,2,0
18029,1,4,9,1
18030,1,3,2,0
18031,0,2,5,2
18032,0,0,1,0
18033,1,2,5,1
18034,1,1,1,2
18035,0,1,5,0
18036,0,2,6,1
18037,0,0,4,3
18038,1,0,3,2
18039,0,1,4,0
18040,0,3,5,1
18041,0,1,3,1
18042,2,0,2,0
18043,2,2,5,0
18044,0,3,3,2
18045,1,5,6,2
18046,1,0,4,0
18047,2,0,6,0
18048,1,0,3,1
18049,5,3,12,1
18050,0,1,5,0
18051,1,0,4,3
18052,0,2,3,1
18053,0,1,1,2
18054,0,0,4,1
18055,1,2,8,2
18056,1,1,3,1
18057,0,2,6,1
18058,5,2,14,2
18059,2,0,2,0
18060,3,3,1,0
18061,1,1,6,0
18062,1,0,4,0
18063,5,4,7,2
18064,3,3,12,1
18065,1,2,4,1
18066,4,2,12,3
18067,1,1,3,0
18068,0,3,4,0
18069,3,4,11,2
18070,1,1,3,2
18071,2,0,1,2
18072,1,1,2,0
18073,1,2,4,1
18074,1,2,2,0
18075,4,1,2,1
18076,1,2,3,1
18077,0,1,1,0
18078,1,1,4,0
18079,3,0,1,0
18080,1,0,4,2
18081,1,1,5,2
18082,0,3,6,1
18083,5,4,12,0
18084,2,2,3,1
18085,0,0,4,0
18086,1,1,4,0
18087,2,0,1,0
18088,2,0,5,0
18089,5,1,5,1
18090,2,2,9,1
18091,1,0,2,0
18092,1,0,6,0
18093,3,1,7,0
18094,3,0,3,0
18095,1,1,5,1
18096,2,0,1,1
18097,2,1,3,2
18098,1,0,5,1
18099,3,0,1,0
18100,1,1,5,0
18101,2,0,1,0
18102,1,3,2,1
18103,7,3,10,2
18104,1,2,1,0
18105,4,2,2,0
18106,1,1,3,3
18107,0,2,4,0
18108,0,0,1,1
18109,0,1,3,3
18110,1,3,4,0
18111,1,3,3,2
18112,0,0,4,1
18113,1,0,4,0
18114,0,1,4,0
18115,1,1,1,1
18116,2,0,6,0
18117,1,1,5,1
18118,1,2,1,0
18119,0,1,6,1
18120,0,0,2,0
18121,1,3,3,0
18122,2,0,4,1
18123,4,2,14,0
18124,0,0,5,2
18125,8,3,13,2
18126,0,0,5,0
18127,3,3,6,4
18128,0,0,5,0
18129,1,1,3,1
18130,3,3,7,2
18131,3,0,6,0
18132,0,0,4,0
18133,2,0,6,0
18134,7,2,12,1
18135,0,1,5,2
18136,1,0,1,1
18137,3,4,10,1
18138,2,0,5,1
18139,0,2,4,0
18140,4,1,3,1
18141,2,0,1,2
18142,5,2,14,3
18143,0,1,2,0
18144,3,0,1,3
18145,3,0,2,0
18146,2,0,2,0
18147,1,1,2,1
18148,0,1,3,0
18149,3,3,4,0
18150,1,0,5,3
18151,1,1,1,0
18152,5,1,6,5
18153,3,0,3,1
18154,2,2,5,0
18155,2,0,3,2
18156,1,1,2,0
18157,0,1,4,1
18158,7,4,9,5
18159,1,1,3,0
18160,0,0,4,0
18161,2,1,1,0
18162,3,3,11,1
18163,4,5,8,1
18164,2,0,6,3
18165,1,3,5,0
18166,5,2,13,1
18167,1,2,6,0
18168,3,3,9,1
18169,5,1,5,0
18170,2,0,4,1
18171,0,1,3,0
18172,2,1,5,2
18173,1,2,4,1
18174,1,1,4,1
18175,1,1,6,0
18176,2,0,1,1
18177,4,2,1,1
18178,0,1,6,0
18179,1,1,4,2
18180,1,1,3,0
18181,1,1,5,0
18182,2,1,1,0
18183,0,0,4,1
18184,6,3,8,1
18185,1,1,6,0
18186,0,1,5,0
18187,1,0,2,0
18188,0,0,4,0
18189,0,0,6,1
18190,1,3,1,0
18191,0,2,1,2
18192,0,2,2,0
18193,2,2,5,3
18194,3,2,4,0
18195,1,1,2,0
18196,7,3,5,2
18197,3,6,7,1
18198,1,0,1,3
18199,2,0,5,0
18200,1,1,5,0
18201,2,0,3,0
18202,1,0,3,0
18203,4,0,3,2
18204,3,2,12,2
18205,2,2,5,2
18206,1,1,6,0
18207,0,1,4,0
18208,1,0,6,0
18209,2,0,6,1
18210,2,1,2,1
18211,0,1,5,1
18212,0,1,4,0
18213,1,1,5,1
18214,2,1,3,0
18215,1,3,4,3
18216,0,3,3,0
18217,2,0,2,3
18218,3,1,3,0
18219,0,0,2,0
18220,4,3,8,1
18221,3,4,14,5
18222,2,1,5,2
18223,2,0,6,1
18224,2,3,5,0
18225,1,0,1,0
18226,2,1,3,0
18227,1,0,4,1
18228,4,2,11,0
18229,1,2,3,3
18230,0,0,1,0
18231,1,1,5,0
18232,6,6,9,3
18233,2,1,4,0
18234,2,2,5,1
18235,3,2,9,2
18236,3,0,5,0
18237,2,1,4,1
18238,2,0,4,1
18239,1,1,6,0
18240,2,0,1,0
18241,5,1,12,4
18242,4,5,13,2
18243,0,3,3,0
18244,1,0,5,0
18245,1,0,2,1
18246,0,1,4,2
18247,6,3,6,1
18248,2,1,5,1
18249,0,1,3,0
18250,0,3,5,1
18251,1,1,2,0
18252,3,4,5,3
18253,1,0,3,0
18254,0,0,6,0
18255,3,3,12,5
18256,1,1,2,0
18257,0,0,2,1
18258,1,1,2,0
18259,3,0,5,0
18260,0,0,1,1
18261,5,2,13,4
18262,1,1,2,2
18263,5,4,7,1
18264,3,1,1,0
18265,1,0,4,0
18266,0,1,4,0
18267,1,1,6,2
18268,1,2,2,0
18269,4,2,12,4
18270,1,0,2,0
18271,3,1,3,2
18272,0,1,3,0
18273,1,1,3,2
18274,3,1,5,0
18275,3,3,10,2
18276,3,1,6,2
18277,2,1,1,3
18278,1,1,1,2
18279,2,2,4,3
18280,1,0,1,2
18281,3,1,3,0
18282,1,0,2,2
18283,1,3,3,0
18284,0,2,5,0
18285,2,0,2,1
18286,5,4,11,1
18287,1,3,4,3
18288,2,0,3,1
18289,2,0,6,0
18290,1,1,3,0
18291,2,3,5,0
18292,7,2,14,2
18293,1,1,1,0
18294,0,0,6,1
18295,4,1,9,2
18296,0,1,4,3
18297,3,4,9,1
18298,1,0,6,2
18299,1,1,5,0
18300,1,0,6,2
18301,2,0,3,0
18302,3,2,6,0
18303,3,1,5,0
18304,5,2,10,4
18305,0,0,2,2
18306,1,1,1,3
18307,1,0,3,0
18308,3,2,4,2
18309,2,0,3,0
18310,4,3,9,1
18311,2,0,5,0
18312,2,0,5,3
18313,2,4,13,0
18314,2,0,6,0
18315,0,1,1,1
18316,2,0,4,1
18317,4,0,6,3
18318,1,1,2,0
18319,2,1,2,0
18320,1,0,1,3
18321,0,3,5,0
18322,3,0,4,1
18323,0,0,4,1
18324,1,0,4,0
18325,0,3,1,0
18326,1,3,2,0
18327,4,4,9,2
18328,1,2,2,0
18329,1,3,4,0
18330,2,1,5,0
18331,2,0,3,2
18332,5,3,8,1
18333,0,3,5,2
18334,3,1,4,0
18335,2,3,2,0
18336,1,2,5,1
18337,1,0,3,0
18338,4,0,5,1
18339,0,0,1,1
18340,1,0,5,2
18341,6,4,11,1
18342,0,0,2,0
18343,2,1,6,0
18344,1,0,6,0
18345,4,2,9,0
18346,1,2,3,0
18347,1,2,6,1
18348,2,3,3,2
18349,1,0,5,0
18350,8,3,14,4
18351,4,0,2,2
18352,4,2,5,1
18353,1,0,1,2
18354,2,0,5,0
18355,4,3,2,0
18356,5,1,5,3
18357,4,4,12,1
18358,0,3,2,2
18359,0,0,5,0
18360,2,0,2,0
18361,3,1,5,0
18362,1,0,5,3
18363,0,0,3,1
18364,2,3,6,1
18365,0,0,6,2
18366,0,0,2,1
18367,1,0,5,0
18368,2,0,4,0
18369,0,0,4,1
18370,0,1,2,0
18371,5,4,12,2
18372,2,0,1,2
18373,1,1,5,1
18374,3,3,5,0
18375,1,2,6,0
18376,1,1,3,0
18377,6,1,8,3
18378,2,2,4,0
18379,1,2,2,1
18380,4,1,1,1
18381,4,5,12,2
18382,3,1,4,1
18383,1,0,2,1
18384,1,3,4,1
18385,1,0,6,2
18386,3,1,12,1
18387,0,1,2,1
18388,1,0,6,0
18389,4,0,4,1
18390,0,3,3,0
18391,4,1,2,3
18392,2,2,6,2
18393,2,2,6,0
18394,1,1,2,0
18395,2,2,4,3
18396,0,2,6,0
18397,5,3,6,4
18398,1,0,3,1
18399,1,1,5,2
18400,1,2,1,2
18401,3,0,6,1
18402,1,0,1,0
18403,1,3,1,0
18404,0,2,2,3
18405,1,0,5,1
18406,1,2,2,1
18407,3,2,9,3
18408,4,1,6,1
18409,0,3,3,0
18410,1,2,1,1
18411,0,0,5,1
18412,0,2,5,0
18413,4,0,3,2
18414,1,2,1,1
18415,1,2,6,0
18416,0,0,1,0
18417,4,2,5,1
18418,2,3,6,1
18419,1,0,4,2
18420,1,3,10,2
18421,2,1,3,0
18422,0,0,1,0
18423,1,3,6,2
18424,4,3,5,2
18425,4,2,12,2
18426,2,2,10,3
18427,2,4,12,2
18428,2,0,5,3
18429,1,0,6,0
18430,4,1,5,0
18431,2,0,4,1
18432,3,5,9,1
18433,3,0,5,0
18434,1,0,2,1
18435,1,1,1,0
18436,4,2,9,1
18437,6,3,5,1
18438,1,0,6,1
18439,7,6,12,2
18440,2,0,2,0
18441,1,1,4,1
18442,2,1,4,3
18443,4,5,7,1
18444,1,3,3,1
18445,1,1,2,1
18446,1,0,3,0
18447,2,0,1,1
18448,3,0,3,1
18449,3,0,3,0
18450,2,0,4,3
18451,2,1,5,0
18452,1,3,3,0
18453,2,2,3,1
18454,6,2,5,3
18455,2,0,6,1
18456,0,2,4,2
18457,0,0,6,0
18458,0,0,5,0
18459,0,1,1,0
18460,3,5,10,5
18461,1,1,3,2
18462,3,2,5,3
18463,1,0,2,3
18464,5,3,9,2
18465,1,0,3,0
18466,0,1,3,0
18467,0,1,2,2
18468,1,0,2,2
18469,2,1,1,0
18470,3,0,2,1
18471,2,0,6,2
18472,2,0,6,0
18473,0,1,4,2
18474,2,3,2,0
18475,0,0,5,0
18476,3,0,4,2
18477,1,0,6,0
18478,1,1,1,2
18479,4,3,6,1
18480,1,0,3,0
18481,3,0,5,1
18482,1,0,5,1
18483,0,1,1,0
18484,2,0,4,0
18485,5,1,6,2
18486,3,0,4,2
18487,1,1,1,0
18488,2,1,3,2
18489,0,1,1,1
18490,2,1,1,2
18491,1,0,4,2
18492,1,0,6,1
18493,2,2,3,1
18494,4,3,2,0
18495,5,1,9,2
18496,2,2,4,0
18497,2,1,1,0
18498,1,1,4,0
18499,0,1,3,2
18500,3,3,4,0
18501,4,1,11,2
18502,3,1,12,0
18503,1,0,5,0
18504,2,3,10,1
18505,2,2,1,2
18506,1,0,2,0
18507,2,3,1,1
18508,6,4,5,2
18509,5,4,11,3
18510,1,0,3,2
18511,1,3,5,2
18512,1,2,6,0
18513,1,2,1,0
18514,0,1,2,2
18515,2,0,6,1
18516,0,0,2,0
18517,0,2,4,0
18518,0,0,4,0
18519,0,1,5,3
18520,1,0,1,3
18521,2,0,1,2
18522,1,0,2,0
18523,2,0,3,0
18524,1,0,4,0
18525,2,0,6,2
18526,2,1,5,1
18527,3,2,13,1
18528,3,1,2,0
18529,3,2,1,0
18530,0,3,3,1
18531,0,2,5,1
18532,0,2,2,0
18533,3,1,2,0
18534,0,1,6,0
18535,1,2,2,0
18536,0,2,5,2
18537,4,0,4,3
18538,6,3,10,2
18539,1,0,1,0
18540,1,1,3,1
18541,1,0,3,0
18542,3,2,4,1
18543,1,1,3,0
18544,0,2,2,1
18545,1,1,6,0
18546,3,0,2,2
18547,3,3,7,3
18548,4,5,5,3
18549,0,3,4,0
18550,0,1,2,3
18551,4,0,3,1
18552,0,0,5,2
18553,6,3,7,2
18554,0,3,4,2
18555,6,4,5,2
18556,0,0,3,1
18557,1,2,3,0
18558,0,1,4,2
18559,0,2,3,0
18560,1,0,5,0
18561,2,0,5,1
18562,0,0,4,1
18563,0,1,2,0
18564,6,4,7,2
18565,0,1,2,2
18566,3,1,5,0
18567,0,0,5,1
18568,2,1,2,0
18569,3,0,3,0
18570,1,2,5,0
18571,0,1,4,0
18572,4,1,5,0
18573,2,2,6,0
18574,2,2,4,3
18575,3,3,4,1
18576,1,2,1,1
18577,3,4,5,2
18578,4,0,1,2
18579,2,0,4,0
18580,1,2,4,0
18581,2,1,3,3
18582,2,5,7,2
18583,4,1,5,1
18584,2,1,1,1
18585,4,4,12,3
18586,1,0,2,2
18587,5,2,11,3
18588,0,1,3,0
18589,0,3,6,1
18590,2,0,3,2
18591,2,0,2,1
18592,1,0,1,1
18593,2,2,3,1
18594,0,1,3,1
18595,2,0,2,2
18596,2,1,9,0
18597,5,2,11,0
18598,0,1,3,0
18599,3,0,5,1
18600,2,4,12,3
18601,3,4,8,2
18602,2,0,2,0
18603,0,0,5,0
18604,1,1,6,1
18605,4,3,5,2
18606,1,0,3,0
18607,1,0,5,1
18608,2,1,6,1
18609,0,0,2,0
18610,2,2,5,0
18611,0,1,5,0
18612,1,1,2,0
18613,1,1,1,0
18614,1,0,3,1
18615,4,1,2,0
18616,2,0,6,1
18617,1,1,1,2
18618,1,3,13,2
18619,3,2,6,0
18620,0,1,4,1
18621,3,1,2,0
18622,1,1,1,0
18623,1,2,4,0
18624,0,0,5,1
18625,4,0,3,0
18626,2,2,5,0
18627,5,2,8,1
18628,0,0,2,0
18629,0,0,4,0
18630,3,1,8,3
18631,0,1,2,1
18632,0,1,4,1
18633,0,0,6,0
18634,0,0,1,2
18635,3,2,12,1
18636,0,1,4,0
18637,4,4,6,2
18638,5,2,14,1
18639,1,0,3,0
18640,0,0,5,0
18641,5,5,6,2
18642,1,3,6,2
18643,4,1,3,0
18644,5,4,13,3
18645,2,1,5,1
18646,1,2,5,0
18647,2,2,3,1
18648,2,0,4,0
18649,1,1,4,1
18650,1,3,2,1
18651,1,0,1,0
18652,0,3,6,0
18653,3,3,11,2
18654,1,2,3,0
18655,0,0,5,0
18656,0,3,5,0
18657,0,0,4,1
18658,1,0,1,1
18659,4,0,5,1
18660,5,3,5,3
18661,2,0,3,0
18662,0,1,3,0
18663,0,0,2,0
18664,3,1,2,1
18665,6,3,5,1
18666,5,4,14,3
18667,0,0,1,0
18668,2,1,1,3
18669,3,3,12,2
18670,2,1,6,0
18671,0,0,5,0
18672,4,4,14,4
18673,0,0,3,0
18674,5,4,8,2
18675,1,0,4,1
18676,2,3,6,2
18677,3,1,6,1
18678,3,6,11,1
18679,0,0,2,1
18680,4,2,14,3
18681,2,1,5,3
18682,1,1,2,0
18683,5,2,10,3
18684,4,2,2,0
18685,3,0,3,0
18686,1,0,3,1
18687,1,3,7,2
18688,2,1,1,0
18689,2,3,4,0
18690,2,1,4,1
18691,0,2,1,2
18692,0,0,5,0
18693,3,1,1,2
18694,4,3,13,1
18695,0,0,3,1
18696,2,2,2,0
18697,0,1,2,2
18698,1,1,5,1
18699,5,3,5,1
18700,4,0,1,2
18701,1,1,2,1
18702,2,3,1,1
18703,3,1,3,0
18704,3,1,3,2
18705,0,2,3,0
18706,0,0,2,2
18707,1,1,6,1
18708,0,1,1,1
18709,3,1,5,0
18710,1,2,4,0
18711,2,0,6,0
18712,3,3,5,2
18713,2,1,1,0
18714,5,3,7,3
18715,0,0,6,0
18716,5,2,5,4
18717,2,1,5,0
18718,0,3,3,0
18719,1,1,1,0
18720,0,2,3,2
18721,0,1,2,1
18722,3,2,12,2
18723,1,1,5,0
18724,2,2,6,1
18725,0,1,3,2
18726,2,1,4,0
18727,7,6,5,4
18728,1,1,6,1
18729,1,2,5,1
18730,1,0,2,0
18731,1,0,5,1
18732,1,2,5,1
18733,0,0,5,0
18734,3,1,1,1
18735,2,1,5,0
18736,4,3,1,1
18737,1,3,1,2
18738,0,3,3,2
18739,2,1,4,3
18740,2,2,6,0
18741,0,0,3,1
18742,0,1,6,0
18743,2,0,1,0
18744,0,0,2,2
18745,1,1,4,1
18746,1,1,1,1
18747,5,4,7,3
18748,0,1,6,2
18749,1,0,4,1
18750,3,1,10,2
18751,5,3,8,2
18752,1,1,1,3
18753,4,3,4,2
18754,3,2,2,0
18755,0,0,5,0
18756,0,1,1,0
18757,2,0,6,0
18758,3,3,5,1
18759,2,1,6,0
18760,1,0,2,0
18761,1,0,3,0
18762,1,1,6,3
18763,1,0,4,0
18764,1,1,4,0
18765,0,1,5,0
18766,2,1,6,1
18767,1,0,5,1
18768,3,1,3,2
18769,3,0,4,0
18770,1,1,3,0
18771,0,0,4,3
18772,5,5,11,1
18773,0,1,2,0
18774,2,1,1,0
18775,2,2,6,3
18776,2,0,2,0
18777,4,2,8,1
18778,0,1,1,0
18779,1,3,5,0
18780,1,2,1,1
18781,8,4,10,2
18782,3,2,1,0
18783,1,3,8,1
18784,0,1,3,0
18785,0,0,4,1
18786,0,2,1,2
18787,1,2,1,2
18788,3,4,14,3
18789,1,0,5,0
18790,4,0,6,0
18791,0,0,6,1
18792,1,1,1,0
18793,4,2,1,1
18794,0,1,1,0
18795,4,1,6,2
18796,7,3,14,2
18797,3,1,4,0
18798,1,2,3,0
18799,1,1,6,1
18800,1,0,1,0
18801,1,1,4,0
18802,0,1,3,1
18803,1,0,5,0
18804,3,0,6,0
18805,0,2,1,1
18806,2,1,2,0
18807,3,0,2,2
18808,0,1,2,3
18809,0,2,3,1
18810,0,2,6,0
18811,0,1,2,0
18812,0,0,5,2
18813,0,2,3,0
18814,2,2,1,0
18815,1,0,2,2
18816,6,4,6,2
18817,0,2,5,0
18818,1,0,6,2
18819,7,4,13,1
18820,1,0,4,0
18821,1,1,6,1
18822,0,3,6,0
18823,4,5,8,2
18824,1,0,2,0
18825,0,0,6,0
18826,3,4,11,2
18827,1,0,4,1
18828,1,2,1,0
18829,2,0,3,0
18830,0,0,5,0
18831,1,0,5,1
18832,2,2,3,1
18833,2,0,5,0
18834,1,1,4,0
18835,0,3,2,0
18836,2,0,3,1
18837,1,0,1,2
18838,2,1,5,1
18839,3,2,5,0
18840,0,1,3,3
18841,0,1,1,0
18842,1,3,6,0
18843,2,1,1,0
18844,1,1,5,3
18845,1,0,2,0
18846,1,2,2,0
18847,1,1,5,1
18848,2,0,6,2
18849,0,1,2,3
18850,3,2,4,1
18851,4,0,1,2
18852,0,1,3,0
18853,0,1,4,0
18854,6,2,10,3
18855,1,1,1,1
18856,0,1,5,1
18857,2,1,4,1
18858,0,2,1,0
18859,4,3,10,2
18860,1,0,6,0
18861,0,1,3,0
18862,5,2,6,1
18863,4,0,5,0
18864,3,0,4,0
18865,3,0,6,0
18866,1,0,6,1
18867,0,0,5,3
18868,0,0,1,2
18869,3,1,2,1
18870,2,1,2,0
18871,3,2,1,1
18872,0,1,4,0
18873,3,2,3,0
18874,3,0,3,1
18875,2,1,4,2
18876,0,1,3,2
18877,0,1,5,3
18878,1,3,2,0
18879,2,2,5,0
18880,2,0,2,0
18881,1,1,6,0
18882,0,2,2,2
18883,1,1,4,0
18884,2,4,10,4
18885,1,1,2,1
18886,2,2,4,1
18887,1,1,5,1
18888,2,4,14,2
18889,2,2,4,0
18890,1,0,3,1
18891,2,0,5,2
18892,6,5,13,4
18893,1,0,5,0
18894,3,0,5,0
18895,2,2,10,2
18896,2,0,4,2
18897,0,1,6,1
18898,1,0,6,0
18899,5,3,11,1
18900,0,3,2,1
18901,1,0,5,1
18902,0,3,3,0
18903,0,2,3,0
18904,1,1,2,2
18905,1,1,4,2
18906,1,1,2,2
18907,1,0,6,2
18908,3,2,13,3
18909,0,0,3,0
18910,3,3,14,3
18911,0,0,4,1
18912,2,0,5,3
18913,1,1,6,1
18914,2,3,2,0
18915,7,5,9,1
18916,1,3,3,1
18917,2,0,2,0
18918,1,1,5,0
18919,0,0,1,0
18920,7,1,13,1
18921,4,1,6,0
18922,1,0,6,2
18923,1,0,1,1
18924,0,1,1,0
18925,1,3,4,1
18926,2,1,1,1
18927,2,0,4,0
18928,4,2,14,2
18929,1,1,1,0
18930,7,1,5,2
18931,1,1,5,1
18932,3,0,5,2
18933,0,2,2,0
18934,3,1,3,0
18935,1,0,6,0
18936,4,1,9,1
18937,2,3,3,1
18938,5,3,7,1
18939,2,2,9,0
18940,2,0,4,2
18941,3,5,11,3
18942,5,3,12,3
18943,0,1,3,0
18944,2,2,5,1
18945,3,1,2,2
18946,1,1,5,0
18947,1,1,5,1
18948,0,2,1,0
18949,1,0,4,0
18950,3,4,12,3
18951,1,2,1,1
18952,0,1,4,2
18953,4,5,6,3
18954,1,1,5,0
18955,0,2,2,0
18956,2,1,2,0
18957,3,2,13,1
18958,0,3,4,0
18959,4,2,10,2
18960,4,1,5,1
18961,1,1,5,1
18962,1,0,5,0
18963,2,3,2,1
18964,0,0,2,0
18965,0,2,2,0
18966,1,2,6,0
18967,0,0,1,0
18968,3,1,4,0
18969,4,1,9,1
18970,2,1,1,0
18971,0,2,5,2
18972,0,1,3,1
18973,0,0,6,3
18974,1,0,1,1
18975,1,1,4,0
18976,1,0,3,0
18977,1,0,4,0
18978,2,0,2,1
18979,1,0,6,2
18980,1,0,6,1
18981,2,1,3,0
18982,5,3,11,2
18983,1,1,4,1
18984,2,2,1,1
18985,4,3,11,3
18986,1,1,6,0
18987,1,3,1,0
18988,0,3,5,1
18989,0,1,4,2
18990,0,0,1,2
18991,1,0,2,0
18992,0,0,2,2
18993,1,2,2,1
18994,2,1,4,2
18995,1,0,4,1
18996,2,0,6,2
18997,1,0,3,2
18998,1,0,1,1
18999,1,3,3,2
19000,0,0,2,1
19001,1,0,1,0
19002,3,0,4,2
19003,2,1,4,2
19004,1,2,3,0
19005,1,1,4,0
19006,0,2,4,1
19007,7,3,11,2
19008,4,2,6,1
19009,3,0,2,0
19010,0,3,1,2
19011,1,3,3,0
19012,0,0,2,0
19013,1,1,2,0
19014,2,0,1,1
19015,3,6,13,3
19016,4,0,6,1
19017,4,4,5,1
19018,1,2,2,1
19019,2,1,4,0
19020,2,0,1,2
19021,1,0,2,0
19022,2,0,1,0
19023,1,1,3,1
19024,3,6,8,3
19025,3,2,1,0
19026,1,1,4,0
19027,2,1,5,0
19028,0,3,1,0
19029,0,1,6,0
19030,2,0,4,0
19031,1,2,1,0
19032,2,3,3,0
19033,0,2,6,0
19034,1,1,5,0
19035,1,0,3,2
19036,0,2,6,0
19037,2,0,6,0
19038,1,1,2,2
19039,2,3,13,2
19040,4,1,14,1
19041,2,1,1,0
19042,3,4,13,2
19043,1,3,1,2
19044,5,2,8,1
19045,0,2,5,2
19046,1,1,5,3
19047,5,1,14,2
19048,1,0,2,2
19049,3,3,2,2
19050,3,2,4,1
19051,0,0,6,2
19052,2,3,5,0
19053,2,1,5,0
19054,2,1,3,1
19055,0,0,6,0
19056,2,1,1,1
19057,2,1,5,1
19058,1,2,9,3
19059,1,0,2,0
19060,4,0,4,0
19061,8,4,6,2
19062,3,0,6,0
19063,3,2,11,2
19064,0,1,4,2
19065,2,0,2,0
19066,1,2,4,0
19067,1,1,3,2
19068,2,3,6,1
19069,0,3,3,0
19070,5,2,9,2
19071,1,1,3,1
19072,4,2,8,1
19073,3,1,1,1
19074,0,1,2,1
19075,1,0,6,2
19076,4,2,1,0
19077,2,3,1,1
19078,0,3,4,1
19079,4,6,12,1
19080,3,1,4,0
19081,1,1,14,2
19082,7,2,10,3
19083,1,1,6,1
19084,2,0,1,1
19085,1,0,4,2
19086,2,2,4,1
19087,0,1,2,1
19088,4,0,4,0
19089,1,3,3,1
19090,0,2,5,0
19091,0,1,5,0
19092,0,1,1,2
19093,0,0,6,0
19094,4,2,6,2
19095,1,1,1,3
19096,0,0,4,0
19097,1,0,4,0
19098,5,2,12,3
19099,0,1,6,0
19100,0,0,6,1
19101,2,1,4,3
19102,0,0,4,2
19103,8,3,8,3
19104,0,1,1,0
19105,3,1,3,0
19106,0,1,2,1
19107,5,3,12,2
19108,2,0,4,2
19109,1,3,4,1
19110,0,0,2,0
19111,4,3,13,1
19112,0,2,5,1
19113,1,0,2,1
19114,1,1,5,1
19115,2,1,3,1
19116,1,1,3,1
19117,2,1,6,1
19118,3,0,2,2
19119,5,4,6,2
19120,1,0,5,2
19121,4,0,1,0
19122,0,1,6,0
19123,1,1,3,0
19124,3,0,5,0
19125,1,1,2,2
19126,1,1,6,2
19127,0,0,4,0
19128,4,4,14,2
19129,3,0,6,1
19130,4,4,14,2
19131,0,1,1,2
19132,2,2,4,0
19133,1,2,3,1
19134,3,0,2,0
19135,4,3,4,1
19136,1,0,1,2
19137,4,0,1,1
19138,3,1,3,0
19139,8,3,12,3
19140,0,0,5,0
19141,1,2,4,2
19142,1,0,4,0
19143,1,0,6,1
19144,2,0,3,0
19145,0,0,4,0
19146,2,1,6,1
19147,0,0,3,1
19148,2,1,4,0
19149,0,3,6,1
19150,2,0,4,1
19151,2,5,8,1
19152,3,1,6,1
19153,0,0,4,0
19154,0,3,1,0
19155,2,1,1,1
19156,2,1,4,1
19157,3,1,9,1
19158,1,0,3,0
19159,2,1,2,1
19160,5,4,7,2
19161,4,1,4,0
19162,2,0,2,2
19163,0,2,6,1
19164,3,3,6,0
19165,0,2,2,0
19166,0,1,6,2
19167,2,1,2,1
19168,2,0,1,1
19169,2,2,6,0
19170,1,0,1,0
19171,2,3,3,1
19172,1,3,3,1
19173,5,4,12,1
19174,3,3,2,3
19175,2,0,6,1
19176,0,2,2,0
19177,5,3,11,4
19178,5,2,5,1
19179,1,1,1,0
19180,2,2,3,0
19181,1,0,2,0
19182,2,0,6,2
19183,0,2,2,0
19184,3,3,5,2
19185,4,3,8,3
19186,4,3,5,1
19187,4,4,8,1
19188,1,1,1,1
19189,4,1,3,3
19190,0,0,6,2
19191,1,1,1,2
19192,5,3,11,1
19193,0,1,4,1
19194,1,2,3,1
19195,4,2,6,3
19196,5,3,11,2
19197,1,0,3,1
19198,2,1,6,2
19199,0,1,1,0
19200,2,0,1,0
19201,1,1,2,0
19202,1,0,5,0
19203,2,0,6,2
19204,1,1,4,2
19205,0,1,3,1
19206,0,1,1,1
19207,3,1,1,1
19208,0,1,6,3
19209,2,1,5,0
19210,0,1,1,0
19211,1,1,6,0
19212,2,1,6,0
19213,3,5,9,3
19214,0,0,2,0
19215,2,2,2,0
19216,2,2,6,1
19217,1,2,1,2
19218,0,0,3,0
19219,2,0,5,1
19220,1,0,5,0
19221,0,0,1,0
19222,0,0,5,0
19223,0,3,4,0
19224,1,1,5,2
19225,3,0,3,0
19226,1,2,4,0
19227,3,2,5,1
19228,0,0,6,0
19229,0,0,2,1
19230,2,0,5,1
19231,0,0,6,2
19232,4,1,9,3
19233,0,0,2,0
19234,2,0,5,0
19235,2,1,5,0
19236,0,0,5,0
19237,1,0,5,1
19238,2,0,4,3
19239,0,0,6,2
19240,0,0,5,0
19241,4,2,5,2
19242,1,0,6,0
19243,4,4,12,1
19244,3,2,8,0
19245,3,1,6,3
19246,0,0,3,0
19247,0,1,5,0
19248,1,0,6,1
19249,1,2,3,0
19250,4,0,1,1
19251,1,1,3,0
19252,1,1,6,1
19253,0,1,2,0
19254,7,2,7,2
19255,5,4,7,4
19256,1,0,6,1
19257,1,0,2,1
19258,1,2,1,3
19259,3,3,14,2
19260,1,0,6,1
19261,0,0,6,1
19262,0,0,1,0
19263,1,3,3,0
19264,0,3,2,1
19265,4,6,8,1
19266,0,0,4,1
19267,1,1,5,1
19268,3,4,9,3
19269,1,1,4,0
19270,4,4,5,3
19271,1,0,1,0
19272,0,3,6,1
19273,2,0,1,0
19274,2,1,5,1
19275,2,1,2,2
19276,2,3,4,2
19277,7,3,11,5
19278,2,1,4,0
19279,2,0,6,1
19280,2,1,5,1
19281,1,0,4,0
19282,2,1,6,1
19283,5,2,7,3
19284,0,0,1,0
19285,1,3,1,0
19286,3,0,3,1
19287,2,1,5,0
19288,2,1,2,0
19289,4,5,13,3
19290,3,3,6,0
19291,2,0,3,0
19292,0,3,2,2
19293,3,1,3,0
19294,2,0,1,0
19295,0,2,6,2
19296,4,3,9,2
19297,2,2,6,1
19298,1,0,3,0
19299,1,3,6,0
19300,1,2,1,0
19301,0,2,2,1
19302,3,1,4,1
19303,1,1,6,0
19304,1,2,5,0
19305,2,0,5,0
19306,1,2,1,0
19307,1,1,4,3
19308,0,0,4,0
19309,5,3,5,2
19310,3,4,6,2
19311,2,0,5,0
19312,1,2,1,0
19313,3,3,7,2
19314,3,1,3,0
19315,1,1,1,0
19316,2,1,4,0
19317,1,2,1,0
19318,2,1,1,0
19319,1,2,5,1
19320,4,0,4,0
19321,2,1,3,0
19322,5,3,5,3
19323,1,3,2,1
19324,1,0,1,1
19325,1,2,5,1
19326,1,2,4,1
19327,6,2,8,1
19328,0,1,6,0
19329,7,1,5,3
19330,8,5,6,3
19331,1,0,1,0
19332,2,0,1,2
19333,0,1,5,0
19334,1,1,4,2
19335,2,0,1,0
19336,2,0,4,1
19337,1,2,6,1
19338,1,0,3,0
19339,1,3,2,1
19340,1,1,3,1
19341,0,0,4,0
19342,2,1,1,0
19343,0,1,4,0
19344,1,3,2,1
19345,1,1,1,1
19346,0,0,6,0
19347,1,3,4,0
19348,3,2,12,5
19349,2,1,2,3
19350,1,1,3,0
19351,0,3,2,0
19352,5,2,5,4
19353,0,1,2,0
19354,2,0,5,0
19355,3,1,5,0
19356,1,0,3,3
19357,3,2,4,0
19358,4,2,1,0
19359,0,0,2,2
19360,1,1,4,0
19361,2,3,6,0
19362,0,1,4,0
19363,2,3,3,0
19364,4,2,13,2
19365,2,1,5,1
19366,3,2,14,2
19367,0,0,2,0
19368,2,0,6,0
19369,0,1,1,1
19370,2,0,3,0
19371,0,2,5,0
19372,0,1,2,1
19373,2,4,9,5
19374,6,2,14,2
19375,2,1,6,0
19376,2,1,2,1
19377,1,1,3,0
19378,1,0,5,1
19379,0,1,3,1
19380,4,3,1,2
19381,2,2,3,0
19382,4,2,14,1
19383,3,1,6,3
19384,1,0,4,2
19385,2,3,13,1
19386,1,1,5,0
19387,0,0,3,1
19388,1,0,4,1
19389,3,4,5,2
19390,1,2,6,0
19391,1,1,1,2
19392,4,4,7,2
19393,0,0,3,0
19394,3,2,9,3
19395,1,0,6,0
19396,0,0,4,1
19397,0,0,3,1
19398,0,2,1,0
19399,5,3,10,2
19400,4,6,7,2
19401,2,0,6,1
19402,1,3,5,0
19403,1,0,2,2
19404,3,3,6,0
19405,5,3,7,1
19406,1,0,4,0
19407,0,1,1,1
19408,4,2,11,1
19409,2,4,11,2
19410,2,1,2,0
19411,1,0,4,0
19412,1,1,4,0
19413,1,2,1,3
19414,0,1,6,2
19415,0,1,2,0
19416,1,2,2,0
19417,1,2,4,0
19418,6,4,6,2
19419,1,1,1,0
19420,1,1,2,1
19421,2,0,2,2
19422,0,3,3,1
19423,2,1,2,0
19424,5,6,12,4
19425,2,0,2,2
19426,0,3,6,0
19427,0,1,6,1
19428,7,1,14,2
19429,0,2,2,1
19430,3,3,9,2
19431,6,3,6,2
19432,1,0,1,0
19433,2,0,2,0
19434,3,3,14,1
19435,1,1,1,0
19436,7,2,14,1
19437,4,0,1,0
19438,0,0,5,0
19439,6,2,9,1
19440,4,0,2,0
19441,2,1,4,0
19442,6,4,6,1
19443,5,4,14,1
19444,1,2,4,0
19445,2,4,11,1
19446,1,0,6,0
19447,0,0,6,1
19448,0,1,5,2
19449,2,0,5,2
19450,4,4,13,1
19451,1,0,2,0
19452,0,0,5,0
19453,1,2,3,2
19454,0,0,5,1
19455,1,2,2,1
19456,1,1,3,1
19457,0,1,1,0
19458,1,0,5,0
19459,0,0,5,0
19460,2,4,8,2
19461,0,0,6,3
19462,8,3,7,3
19463,3,0,5,0
19464,2,0,3,2
19465,5,4,14,2
19466,0,0,1,2
19467,4,0,6,2
19468,1,3,3,0
19469,0,0,1,1
19470,1,1,2,1
19471,2,2,2,2
19472,1,0,3,1
19473,3,4,5,1
19474,2,0,5,1
19475,2,1,3,0
19476,0,3,2,0
19477,4,2,3,1
19478,0,0,2,1
19479,1,0,1,0
19480,1,0,6,3
19481,3,1,5,0
19482,1,3,1,0
19483,1,2,4,0
19484,0,2,4,1
19485,0,1,2,0
19486,1,0,3,0
19487,2,1,5,1
19488,2,0,6,0
19489,0,2,5,0
19490,1,0,3,1
19491,0,0,2,2
19492,2,3,6,0
19493,4,3,5,1
19494,1,0,4,2
19495,0,3,5,2
19496,2,3,1,1
19497,7,6,7,3
19498,3,3,9,1
19499,1,0,4,0
19500,1,0,5,1
19501,4,1,7,1
19502,4,3,13,2
19503,2,2,12,1
19504,2,1,1,1
19505,3,2,12,3
19506,3,1,3,0
19507,3,0,1,2
19508,0,1,5,0
19509,2,3,3,1
19510,1,1,2,1
19511,1,1,5,1
19512,5,3,6,2
19513,2,1,5,1
19514,3,1,3,0
19515,1,2,6,0
19516,0,1,5,0
19517,0,2,1,1
19518,0,1,6,2
19519,1,0,6,2
19520,1,0,1,0
19521,1,2,3,0
19522,0,2,2,0
19523,2,0,5,1
19524,1,2,5,3
19525,1,2,4,0
19526,0,2,6,0
19527,0,1,2,1
19528,2,1,2,0
19529,1,1,6,1
19530,0,1,3,2
19531,0,1,2,2
19532,0,0,1,1
19533,0,0,3,0
19534,2,1,1,0
19535,1,0,4,0
19536,0,2,5,0
19537,1,3,3,2
19538,1,2,5,1
19539,1,0,4,1
19540,2,1,6,0
19541,4,1,6,0
19542,6,3,14,1
19543,2,1,2,0
19544,1,0,2,2
19545,5,3,10,5
19546,2,3,2,1
19547,2,0,2,0
19548,2,1,3,0
19549,1,3,1,3
19550,1,3,3,0
19551,0,2,4,0
19552,6,3,9,4
19553,1,0,6,1
19554,2,0,1,1
19555,0,0,3,3
19556,1,2,5,0
19557,3,0,3,1
19558,2,0,6,0
19559,0,2,2,0
19560,2,0,2,0
19561,2,3,1,0
19562,2,1,3,3
19563,4,2,6,0
19564,1,0,4,1
19565,6,4,14,2
19566,3,3,14,2
19567,2,3,3,0
19568,0,0,5,1
19569,5,4,12,1
19570,1,3,2,0
19571,1,0,4,0
19572,0,1,3,3
19573,0,2,4,2
19574,2,1,3,1
19575,1,0,6,1
19576,1,0,6,0
19577,4,3,10,1
19578,4,4,11,1
19579,1,3,6,1
19580,3,3,13,2
19581,3,0,1,0
19582,3,3,1,0
19583,0,1,6,1
19584,3,1,5,0
19585,0,2,1,1
19586,4,0,5,2
19587,0,0,6,1
19588,1,0,5,0
19589,3,2,10,5
19590,3,4,12,0
19591,1,1,4,0
19592,0,1,6,2
19593,2,0,4,0
19594,2,1,1,1
19595,4,3,7,2
19596,0,1,5,1
19597,2,3,14,3
19598,0,1,1,2
19599,1,1,6,0
19600,0,2,4,0
19601,4,0,2,0
19602,3,2,3,2
19603,3,3,5,2
19604,7,3,9,4
19605,1,2,3,0
19606,0,0,3,0
19607,1,2,5,0
19608,2,1,4,0
19609,2,1,1,0
19610,7,1,10,3
19611,0,2,3,2
19612,0,1,6,1
19613,2,0,2,2
19614,1,3,4,0
19615,0,0,3,3
19616,0,1,6,0
19617,1,0,3,0
19618,0,1,1,3
19619,4,2,8,2
19620,0,2,2,0
19621,5,2,13,2
19622,4,0,4,0
19623,3,0,3,1
19624,4,4,8,4
19625,2,3,6,0
19626,0,0,5,0
19627,4,1,2,3
19628,2,0,1,1
19629,4,0,1,0
19630,0,0,4,1
19631,0,0,6,2
19632,3,3,13,1
19633,1,3,4,2
19634,7,5,11,1
19635,1,3,2,1
19636,5,4,7,3
19637,0,0,4,0
19638,2,2,2,0
19639,0,2,5,0
19640,1,1,3,3
19641,0,3,2,0
19642,1,3,5,1
19643,0,2,2,0
19644,0,1,1,2
19645,1,0,4,3
19646,1,1,2,1
19647,1,1,6,2
19648,1,1,3,0
19649,3,2,3,2
19650,5,3,5,1
19651,1,3,6,0
19652,3,0,1,1
19653,0,0,1,0
19654,1,0,6,0
19655,5,3,13,1
19656,1,0,2,0
19657,3,2,6,2
19658,4,4,5,5
19659,0,0,1,0
19660,2,0,2,0
19661,1,2,2,1
19662,2,3,4,2
19663,4,0,4,1
19664,3,0,5,1
19665,1,0,3,0
19666,1,0,6,0
19667,4,2,11,2
19668,4,2,3,3
19669,0,0,1,0
19670,1,1,2,1
19671,3,5,7,1
19672,1,1,3,1
19673,1,0,6,0
19674,4,3,11,5
19675,0,0,4,0
19676,3,1,4,1
19677,0,3,4,1
19678,3,3,2,2
19679,4,1,5,0
19680,2,0,6,1
19681,1,1,3,1
19682,2,3,1,0
19683,0,1,2,1
19684,1,2,1,0
19685,1,1,6,0
19686,0,1,1,1
19687,1,2,5,0
19688,0,0,3,0
19689,3,1,5,0
19690,1,0,6,1
19691,0,0,4,0
19692,1,1,5,0
19693,0,1,3,0
19694,2,1,1,0
19695,2,0,3,0
19696,1,1,3,1
19697,1,1,2,1
19698,3,3,13,1
19699,2,1,6,1
19700,2,2,6,0
19701,2,2,3,0
19702,4,5,14,0
19703,1,2,3,2
19704,1,2,3,0
19705,0,0,4,1
19706,0,3,3,0
19707,4,3,5,1
19708,3,1,13,2
19709,2,0,2,1
19710,5,3,9,1
19711,6,6,12,3
19712,3,0,2,2
19713,1,2,2,2
19714,2,1,1,1
19715,2,1,2,0
19716,2,0,4,0
19717,0,0,4,2
19718,3,2,5,1
19719,2,5,9,3
19720,0,2,4,0
19721,2,0,5,2
19722,1,1,3,0
19723,3,1,4,2
19724,0,1,4,0
19725,2,1,2,0
19726,1,1,3,0
19727,5,3,6,1
19728,3,3,4,1
19729,0,1,5,0
19730,1,0,2,1
19731,2,3,13,1
19732,1,3,6,3
19733,7,4,12,3
19734,0,0,5,0
19735,1,0,2,0
19736,0,0,5,0
19737,1,1,4,1
19738,2,1,5,0
19739,2,1,3,1
19740,1,1,6,1
19741,3,6,6,2
19742,1,1,2,2
19743,4,3,9,4
19744,1,2,6,2
19745,2,3,2,1
19746,4,2,5,2
19747,0,0,3,2
19748,3,4,11,3
19749,3,4,7,1
19750,0,0,5,1
19751,4,4,5,1
19752,1,0,6,3
19753,3,0,3,1
19754,2,1,4,2
19755,0,3,5,0
19756,3,1,4,1
19757,2,1,4,0
19758,3,4,12,2
19759,3,2,4,1
19760,1,3,4,0
19761,8,5,12,1
19762,4,1,8,2
19763,1,0,4,0
19764,2,2,5,3
19765,1,1,6,1
19766,2,3,2,0
19767,1,3,3,3
19768,2,1,11,3
19769,1,1,5,0
19770,0,0,4,0
19771,0,0,4,1
19772,1,1,3,2
19773,0,0,6,1
19774,2,3,5,1
19775,1,1,1,0
19776,1,0,5,2
19777,5,1,8,1
19778,0,2,2,0
19779,2,4,8,2
19780,0,0,2,1
19781,0,0,3,1
19782,3,1,3,2
19783,0,3,1,1
19784,1,0,6,1
19785,0,0,4,1
19786,4,2,8,3
19787,1,1,5,2
19788,1,0,6,0
19789,1,3,3,0
19790,3,1,5,1
19791,4,3,6,2
19792,3,5,9,3
19793,1,1,4,3
19794,4,2,5,0
19795,6,2,5,1
19796,0,0,2,3
19797,3,1,5,0
19798,1,0,2,0
19799,2,2,4,1
19800,0,2,5,0
19801,1,1,2,0
19802,1,0,6,1
19803,1,0,1,0
19804,0,0,6,2
19805,2,2,3,0
19806,2,0,3,0
19807,1,0,4,2
19808,0,0,1,0
19809,1,0,5,1
19810,5,5,5,4
19811,4,0,2,0
19812,3,1,5,1
19813,0,0,6,0
19814,0,1,5,0
19815,2,1,2,3
19816,2,2,1,2
19817,3,1,6,2
19818,4,6,12,3
19819,1,2,3,2
19820,3,2,8,1
19821,1,0,3,1
19822,2,1,6,1
19823,4,0,6,2
19824,2,0,2,0
19825,2,2,14,3
19826,4,0,5,0
19827,3,1,4,3
19828,4,6,10,2
19829,2,0,5,0
19830,1,0,5,2
19831,1,2,5,2
19832,3,0,5,1
19833,1,2,4,2
19834,4,0,5,0
19835,2,0,2,1
19836,1,3,1,2
19837,0,1,5,0
19838,2,2,6,0
19839,3,1,1,0
19840,3,1,1,2
19841,1,0,3,1
19842,0,1,5,2
19843,0,2,1,1
19844,0,1,4,1
19845,2,1,4,0
19846,4,3,6,0
19847,1,0,5,0
19848,0,1,1,0
19849,4,0,6,1
19850,1,6,5,3
19851,0,0,6,0
19852,0,3,1,1
19853,7,2,12,3
19854,4,0,6,3
19855,0,3,5,0
19856,0,1,6,0
19857,1,0,1,1
19858,3,4,14,2
19859,0,3,4,0
19860,1,0,2,1
19861,1,2,4,1
19862,2,1,3,0
19863,1,3,6,3
19864,1,1,3,1
19865,1,1,4,0
19866,2,0,2,0
19867,2,4,14,3
19868,2,1,4,0
19869,5,4,9,2
19870,1,0,5,1
19871,0,1,2,0
19872,0,0,4,0
19873,2,2,3,1
19874,1,0,6,2
19875,3,1,1,1
19876,0,0,2,0
19877,5,6,14,5
19878,0,0,6,0
19879,0,1,4,0
19880,1,1,9,4
19881,0,1,3,0
19882,4,1,7,1
19883,0,1,6,2
19884,0,0,5,0
19885,1,0,1,0
19886,0,3,5,1
19887,0,0,2,0
19888,1,0,3,1
19889,1,2,5,0
19890,1,1,4,1
19891,2,0,2,2
19892,1,1,5,1
19893,1,1,2,0
19894,2,4,6,3
19895,2,2,3,0
19896,4,5,7,1
19897,2,1,3,3
19898,3,6,12,1
19899,3,0,4,0
19900,2,1,1,1
19901,1,2,5,2
19902,2,1,3,1
19903,0,1,2,0
19904,3,4,13,2
19905,1,1,5,2
19906,2,1,5,0
19907,1,1,3,0
19908,1,1,6,2
19909,4,4,11,2
19910,1,1,6,3
19911,4,3,10,3
19912,0,3,6,1
19913,0,1,2,0
19914,3,1,6,2
19915,0,2,6,0
19916,2,1,4,0
19917,2,0,2,3
19918,2,1,4,1
19919,1,1,4,0
19920,0,0,6,1
19921,2,0,5,1
19922,0,3,1,1
19923,0,1,5,3
19924,5,3,7,2
19925,1,1,4,1
19926,1,0,6,0
19927,0,1,1,0
19928,0,2,3,0
19929,1,2,3,1
19930,0,1,4,0
19931,1,1,4,2
19932,3,1,3,1
19933,0,3,2,2
19934,1,0,2,2
19935,0,1,1,0
19936,2,0,2,3
19937,5,3,5,2
19938,0,0,2,1
19939,2,0,4,0
19940,2,3,12,1
19941,1,0,6,3
19942,1,0,2,0
19943,0,0,5,0
19944,2,2,3,0
19945,1,0,4,1
19946,0,0,1,0
19947,0,2,6,3
19948,1,1,3,1
19949,1,3,4,0
19950,2,1,2,0
19951,2,3,4,1
19952,1,1,1,2
19953,0,3,3,1
19954,2,0,6,0
19955,4,2,12,1
19956,5,4,7,0
19957,2,2,6,2
19958,1,0,6,0
19959,1,1,2,1
19960,4,1,4,1
19961,0,0,4,0
19962,2,2,5,1
19963,1,2,2,2
19964,1,2,4,1
19965,1,1,5,1
19966,2,1,5,1
19967,0,0,4,0
19968,0,0,1,0
19969,2,1,1,1
19970,2,1,2,0
19971,4,3,13,2
19972,2,1,2,1
19973,7,3,9,1
19974,0,1,4,1
19975,7,5,10,1
19976,1,1,5,1
19977,1,2,5,1
19978,1,2,6,0
19979,3,2,2,2
19980,4,0,6,0
19981,4,1,6,0
19982,0,1,2,1
19983,5,3,5,3
19984,7,4,12,1
19985,0,0,5,2
19986,0,1,1,0
19987,1,0,2,2
19988,0,3,4,2
19989,2,0,4,1
19990,0,0,5,0
19991,0,2,4,0
19992,1,0,5,0
19993,3,3,5,2
19994,0,0,4,0
19995,5,4,6,2
19996,1,1,3,1
19997,5,1,9,3
19998,5,4,5,1
19999,1,0,6,1
20000,1,0,4,1
20001,2,0,2,1
20002,1,1,6,0
20003,1,1,3,0
20004,0,0,4,2
20005,3,3,2,0
20006,0,2,1,3
20007,1,1,4,0
20008,2,0,3,1
20009,1,2,2,0
20010,6,3,14,2
20011,5,4,8,3
20012,4,2,5,3
20013,4,3,2,3
20014,1,0,6,0
20015,3,3,5,2
20016,3,1,3,1
20017,0,2,1,0
20018,8,2,9,2
20019,2,2,11,1
20020,4,2,8,2
20021,6,3,8,3
20022,7,2,10,5
20023,1,3,4,0
20024,2,0,6,1
20025,1,2,5,0
20026,0,0,2,0
20027,2,0,1,3
20028,1,1,4,0
20029,2,4,14,2
20030,1,1,6,0
20031,0,0,4,1
20032,2,1,6,0
20033,4,3,12,2
20034,1,1,5,1
20035,5,4,12,1
20036,0,1,5,2
20037,0,2,1,0
20038,0,0,5,2
20039,2,1,6,1
20040,1,1,6,0
20041,3,0,6,1
20042,1,2,6,0
20043,4,0,6,1
20044,2,0,2,0
20045,3,0,5,0
20046,1,1,2,0
20047,1,1,5,2
20048,0,1,6,0
20049,0,0,5,1
20050,2,5,12,1
20051,2,1,4,0
20052,2,3,6,2
20053,2,2,4,1
20054,1,3,2,0
20055,0,1,1,1
20056,5,4,12,2
20057,1,0,5,0
20058,1,0,3,0
20059,7,2,11,2
20060,0,1,5,0
20061,4,3,9,2
20062,1,0,1,0
20063,1,3,3,0
20064,4,2,13,4
20065,4,1,8,1
20066,1,0,6,1
20067,8,4,13,4
20068,0,2,6,1
20069,3,2,9,1
20070,0,1,3,3
20071,4,3,6,0
20072,1,0,3,0
20073,5,1,11,2
20074,1,3,6,1
20075,1,2,2,2
20076,1,0,2,0
20077,6,3,11,1
20078,2,0,6,1
20079,2,1,6,0
20080,2,0,2,2
20081,0,1,1,0
20082,0,0,6,1
20083,2,0,4,2
20084,0,0,4,0
20085,1,1,2,0
20086,0,1,4,1
20087,2,1,5,1
20088,3,2,1,0
20089,1,1,5,1
20090,0,1,5,2
20091,1,2,4,1
20092,0,0,5,2
20093,1,1,1,0
20094,0,1,6,1
20095,1,2,4,2
20096,7,1,14,3
20097,6,2,13,1
20098,1,0,4,0
20099,4,1,6,0
20100,0,1,4,1
20101,0,0,2,1
20102,3,0,5,0
20103,2,3,13,2
20104,0,1,1,1
20105,1,1,4,0
20106,1,1,3,3
20107,4,1,13,2
20108,0,0,4,0
20109,2,0,4,0
20110,1,3,2,0
20111,4,1,10,2
20112,1,0,6,1
20113,1,2,5,3
20114,4,2,6,0
20115,5,3,13,1
20116,0,0,1,1
20117,3,0,2,0
20118,4,1,3,0
20119,1,0,6,0
20120,1,1,6,0
20121,0,1,6,0
20122,5,3,14,2
20123,1,0,2,2
20124,6,4,11,1
20125,2,0,2,0
20126,1,3,1,3
20127,1,0,5,0
20128,1,2,5,0
20129,1,0,4,1
20130,0,1,4,1
20131,1,1,2,2
20132,0,1,1,1
20133,2,4,8,4
20134,1,1,4,2
20135,3,3,7,3
20136,1,0,6,1
20137,3,0,2,0
20138,1,0,2,3
20139,0,0,4,0
20140,5,4,12,2
20141,5,4,6,1
20142,0,3,3,0
20143,4,2,11,2
20144,7,3,13,2
20145,1,1,4,0
20146,1,0,2,2
20147,1,1,2,2
20148,4,5,8,2
20149,0,1,5,1
20150,3,3,5,2
20151,3,1,4,2
20152,1,1,1,0
20153,1,0,4,2
20154,2,1,6,1
20155,2,1,2,1
20156,1,1,3,1
20157,1,1,6,0
20158,2,1,3,2
20159,2,3,10,2
20160,0,2,5,1
20161,0,1,3,3
20162,1,1,6,0
20163,6,2,6,2
20164,4,5,10,2
20165,4,1,1,2
20166,4,1,3,3
20167,1,1,6,0
20168,1,0,6,1
20169,0,2,6,1
20170,0,0,3,3
20171,4,1,3,0
20172,0,1,3,1
20173,2,3,2,1
20174,2,1,5,2
20175,2,1,4,0
20176,7,4,6,3
20177,0,1,6,0
20178,2,1,5,2
20179,1,0,1,2
20180,3,1,2,0
20181,4,0,1,3
20182,1,4,6,2
20183,0,0,6,2
20184,4,1,7,4
20185,1,2,5,0
20186,0,1,6,0
20187,2,0,5,1
20188,4,2,14,2
20189,4,1,4,0
20190,7,2,13,0
20191,0,2,3,0
20192,1,0,1,3
20193,0,1,5,0
20194,2,3,4,0
20195,8,5,11,1
20196,2,1,6,1
20197,1,2,2,1
20198,0,2,2,3
20199,1,3,13,1
20200,5,2,8,3
20201,1,1,4,0
20202,1,0,4,0
20203,0,1,3,0
20204,1,0,6,0
20205,2,0,6,0
20206,1,0,5,0
20207,0,1,2,0
20208,3,0,1,0
20209,3,3,9,1
20210,1,0,3,2
20211,1,2,2,1
20212,0,1,5,1
20213,4,1,4,0
20214,3,2,8,2
20215,4,1,9,2
20216,0,2,4,0
20217,1,0,3,1
20218,2,2,4,1
20219,1,2,6,3
20220,4,1,6,1
20221,2,1,2,1
20222,5,3,9,2
20223,1,1,4,1
20224,0,0,1,0
20225,4,2,10,2
20226,1,0,1,0
20227,3,2,7,2
20228,0,3,1,2
20229,4,2,2,0
20230,3,3,8,3
20231,2,0,4,0
20232,2,1,6,0
20233,1,0,2,0
20234,0,3,2,0
20235,0,1,6,1
20236,1,0,5,0
20237,1,0,4,0
20238,1,0,4,0
20239,5,1,10,1
20240,2,1,6,1
20241,0,0,6,0
20242,1,2,1,3
20243,1,3,5,2
20244,1,0,3,1
20245,3,2,8,1
20246,2,0,2,1
20247,0,1,2,1
20248,1,0,4,0
20249,1,0,4,2
20250,2,2,6,1
20251,1,2,2,3
20252,2,2,6,1
20253,1,0,2,1
20254,4,1,14,2
20255,1,1,3,2
20256,4,3,7,1
20257,1,1,1,1
20258,2,2,1,1
20259,0,1,5,0
20260,4,3,13,3
20261,0,2,1,3
20262,2,3,4,0
20263,1,2,4,2
20264,0,0,4,1
20265,5,3,13,1
20266,1,1,4,1
20267,0,1,5,2
20268,1,2,1,0
20269,1,0,2,0
20270,2,2,2,0
20271,1,3,5,0
20272,4,0,1,0
20273,1,0,1,0
20274,0,0,4,0
20275,4,1,5,2
20276,1,1,6,0
20277,7,2,5,2
20278,2,0,4,1
20279,2,3,5,0
20280,1,1,5,2
20281,1,0,4,1
20282,0,1,1,0
20283,1,0,1,0
20284,1,0,3,1
20285,0,0,3,1
20286,1,2,5,0
20287,2,1,2,1
20288,1,1,3,0
20289,1,1,5,0
20290,1,2,2,2
20291,0,1,1,2
20292,1,1,3,0
20293,4,2,3,1
20294,2,2,2,0
20295,3,0,1,2
20296,0,0,1,1
20297,3,1,7,1
20298,2,2,5,0
20299,4,0,6,1
20300,0,2,2,1
20301,5,6,12,2
20302,0,0,1,1
20303,0,0,6,1
20304,2,1,3,2
20305,1,6,9,1
20306,1,2,1,0
20307,0,1,4,1
20308,1,0,5,1
20309,4,2,13,2
20310,1,3,3,1
20311,2,1,2,2
20312,6,4,6,5
20313,0,0,4,2
20314,7,2,10,3
20315,4,3,6,2
20316,3,2,14,2
20317,5,5,8,2
20318,1,0,2,3
20319,0,0,5,0
20320,1,0,2,0
20321,0,3,1,0
20322,4,6,11,2
20323,1,2,1,1
20324,0,0,4,1
20325,5,2,11,2
20326,1,1,2,0
20327,0,1,6,0
20328,1,0,5,0
20329,0,0,4,3
20330,4,1,2,0
20331,0,0,3,0
20332,5,3,8,3
20333,2,2,6,0
20334,1,2,5,2
20335,1,2,6,1
20336,1,0,2,1
20337,4,0,5,3
20338,0,0,5,0
20339,3,0,3,1
20340,2,1,4,0
20341,0,0,6,0
20342,0,2,1,0
20343,1,0,3,0
20344,1,1,5,1
20345,2,0,5,1
20346,0,1,5,2
20347,1,2,6,2
20348,4,2,14,1
20349,0,1,3,0
20350,0,1,4,3
20351,2,5,7,2
20352,2,1,6,0
20353,1,1,4,0
20354,0,1,4,2
20355,1,3,6,0
20356,2,1,1,0
20357,4,1,5,1
20358,0,1,3,0
20359,2,2,3,0
20360,2,5,14,3
20361,0,3,5,2
20362,1,2,4,1
20363,0,0,2,0
20364,1,1,6,1
20365,1,1,6,2
20366,2,1,3,0
20367,1,1,2,2
20368,0,0,6,1
20369,1,2,6,0
20370,1,0,2,1
20371,0,0,3,1
20372,3,0,3,0
20373,1,1,2,1
20374,2,0,6,1
20375,1,0,4,1
20376,3,1,2,1
20377,4,0,4,0
20378,1,1,5,2
20379,0,1,4,1
20380,0,0,2,0
20381,1,0,2,3
20382,1,3,2,0
20383,1,0,5,0
20384,0,0,4,1
20385,0,1,2,2
20386,0,1,2,0
20387,1,3,11,1
20388,0,0,3,0
20389,5,1,7,2
20390,3,2,12,1
20391,1,0,5,1
20392,0,1,6,0
20393,0,2,5,2
20394,2,0,2,1
20395,1,1,3,1
20396,2,1,3,0
20397,1,3,2,1
20398,0,3,2,0
20399,4,1,6,0
20400,1,2,4,1
20401,2,3,2,0
20402,0,1,4,1
20403,1,2,2,0
20404,1,1,2,1
20405,1,1,4,1
20406,1,3,4,0
20407,0,1,2,0
20408,4,4,12,4
20409,1,1,4,0
20410,1,0,5,0
20411,4,2,10,2
20412,4,3,12,2
20413,1,0,1,0
20414,1,0,1,1
20415,1,0,1,0
20416,0,2,5,1
20417,3,3,4,0
20418,0,1,5,0
20419,0,0,1,0
20420,6,5,8,1
20421,1,0,4,0
20422,4,2,4,0
20423,3,2,9,2
20424,2,3,4,0
20425,3,1,6,1
20426,2,2,4,2
20427,3,1,8,2
20428,1,0,1,1
20429,0,1,3,0
20430,1,2,1,3
20431,0,0,4,2
20432,3,4,8,1
20433,1,0,1,0
20434,3,0,1,0
20435,0,0,4,2
20436,1,0,5,2
20437,0,1,3,1
20438,1,3,13,3
20439,0,1,4,1
20440,2,0,4,1
20441,0,0,2,1
20442,1,0,5,1
20443,3,0,1,1
20444,1,0,6,0
20445,1,1,1,1
20446,1,1,1,1
20447,1,1,1,0
20448,1,1,4,0
20449,1,0,3,0
20450,2,1,1,0
20451,4,1,6,0
20452,0,0,1,0
20453,6,4,12,2
20454,3,1,2,0
20455,0,0,3,0
20456,5,2,11,1
20457,5,2,14,1
20458,1,0,2,3
20459,1,1,1,1
20460,0,1,3,2
20461,0,0,6,0
20462,6,5,12,3
20463,1,2,3,1
20464,1,1,2,0
20465,0,1,5,0
20466,1,0,3,1
20467,1,0,4,0
20468,2,0,6,2
20469,1,0,1,0
20470,1,0,6,1
20471,0,0,5,1
20472,1,1,4,1
20473,2,1,4,2
20474,1,3,2,0
20475,1,2,1,0
20476,2,3,3,1
20477,2,4,8,1
20478,0,3,4,1
20479,3,0,5,0
20480,3,2,2,1
20481,0,2,5,2
20482,2,0,3,0
20483,6,4,10,3
20484,0,0,4,2
20485,4,4,10,5
20486,0,2,6,3
20487,1,1,5,2
20488,1,2,5,1
20489,1,1,4,0
20490,0,0,1,1
20491,2,1,2,1
20492,3,1,1,1
20493,2,1,4,0
20494,1,1,3,0
20495,0,2,2,0
20496,3,5,7,3
20497,4,3,9,2
20498,0,1,2,1
20499,2,2,1,0
20500,2,3,8,1
20501,5,2,7,3
20502,1,1,6,1
20503,3,0,1,0
20504,6,3,8,5
20505,0,3,3,1
20506,4,5,11,2
20507,0,1,6,0
20508,1,1,2,1
20509,0,1,6,2
20510,2,0,1,0
20511,0,2,3,1
20512,1,1,1,1
20513,1,1,2,0
20514,6,1,13,1
20515,0,3,6,3
20516,0,0,4,2
20517,5,3,14,5
20518,1,0,4,1
20519,2,1,3,0
20520,1,0,1,3
20521,5,3,7,3
20522,1,3,4,1
20523,0,0,4,1
20524,2,0,4,0
20525,2,1,1,0
20526,2,1,2,1
20527,1,3,3,1
20528,1,0,3,3
20529,2,0,4,0
20530,3,2,4,0
20531,6,3,10,3
20532,3,1,9,2
20533,1,2,1,0
20534,0,0,3,3
20535,1,2,5,0
20536,1,1,2,0
20537,1,0,2,0
20538,3,2,14,2
20539,4,0,1,1
20540,1,0,6,2
20541,1,0,2,1
20542,1,2,9,2
20543,5,2,14,1
20544,2,3,2,0
20545,1,1,2,0
20546,0,3,4,1
20547,4,3,5,0
20548,0,1,3,0
20549,1,1,6,1
20550,1,0,6,1
20551,8,2,8,1
20552,6,1,7,1
20553,3,2,5,2
20554,5,3,9,1
20555,0,1,5,0
20556,1,0,4,0
20557,0,0,3,2
20558,3,3,6,0
20559,6,3,5,5
20560,1,0,6,0
20561,1,1,6,1
20562,4,0,6,0
20563,2,3,4,0
20564,0,1,4,0
20565,2,3,3,0
20566,2,6,9,1
20567,0,2,6,0
20568,1,0,4,0
20569,0,1,6,0
20570,0,0,2,0
20571,1,2,6,3
20572,0,0,6,1
20573,1,1,2,3
20574,1,0,5,2
20575,0,1,1,0
20576,0,0,2,0
20577,1,1,3,0
20578,5,3,5,1
20579,4,3,13,2
20580,2,0,1,3
20581,0,0,2,0
20582,3,6,14,1
20583,0,1,4,0
20584,1,1,6,1
20585,4,2,11,2
20586,0,0,3,2
20587,0,2,6,3
20588,3,2,6,2
20589,1,1,5,2
20590,5,3,10,2
20591,2,1,4,2
20592,1,3,6,2
20593,1,0,5,2
20594,3,3,11,2
20595,0,2,2,0
20596,0,0,4,2
20597,0,0,1,2
20598,0,0,1,0
20599,5,4,12,2
20600,3,2,1,0
20601,1,3,14,1
20602,2,1,5,1
20603,1,3,5,0
20604,1,1,2,0
20605,4,3,2,3
20606,1,0,1,0
20607,0,2,2,1
20608,2,0,6,3
20609,2,1,3,2
20610,3,0,1,0
20611,1,0,1,1
20612,0,2,4,0
20613,4,2,9,1
20614,0,1,2,1
20615,1,0,5,1
20616,4,2,8,2
20617,1,1,3,0
20618,2,0,6,1
20619,1,0,5,0
20620,0,2,4,2
20621,0,1,3,2
20622,1,3,3,3
20623,3,0,3,2
20624,4,2,2,2
20625,1,0,5,0
20626,3,2,1,0
20627,4,2,6,1
20628,2,1,4,0
20629,0,0,1,3
20630,1,1,4,0
20631,1,0,1,3
20632,2,1,1,1
20633,1,0,6,2
20634,1,0,5,0
20635,1,3,5,1
20636,0,0,5,1
20637,0,2,2,0
20638,4,5,6,1
20639,4,0,1,1
20640,0,1,6,0
20641,2,0,2,2
20642,1,1,2,0
20643,0,1,3,1
20644,0,2,3,2
20645,5,6,14,2
20646,3,1,5,3
20647,5,2,13,1
20648,6,3,5,2
20649,0,2,4,0
20650,5,5,9,2
20651,2,0,1,0
20652,1,1,2,2
20653,0,1,2,1
20654,0,1,2,2
20655,0,0,3,0
20656,2,2,3,0
20657,3,3,7,1
20658,2,1,4,2
20659,4,3,6,2
20660,1,0,1,3
20661,2,1,2,0
20662,7,2,9,3
20663,1,0,1,0
20664,1,0,2,1
20665,4,1,6,0
20666,7,4,5,3
20667,3,2,14,3
20668,2,3,1,0
20669,0,1,5,1
20670,3,0,4,3
20671,3,0,6,0
20672,0,0,6,0
20673,0,1,4,2
20674,2,3,1,1
20675,7,3,6,3
20676,2,1,1,0
20677,0,1,3,1
20678,1,0,6,0
20679,0,1,3,0
20680,2,2,12,1
20681,8,4,6,3
20682,5,3,6,2
20683,0,0,6,1
20684,3,4,10,2
20685,0,0,4,0
20686,1,3,2,0
20687,0,2,2,0
20688,2,0,6,1
20689,1,0,5,0
20690,1,1,4,2
20691,5,4,11,2
20692,0,3,2,0
20693,2,1,4,0
20694,3,0,3,0
20695,8,4,14,1
20696,1,1,2,0
20697,0,1,2,1
20698,0,0,3,0
20699,1,1,1,1
20700,1,0,6,1
20701,5,3,9,3
20702,0,0,5,2
20703,0,3,3,2
20704,1,0,1,1
20705,2,3,2,1
20706,2,2,10,2
20707,0,1,5,0
20708,1,0,3,0
20709,3,1,1,2
20710,4,1,3,0
20711,2,3,14,3
20712,2,2,6,0
20713,7,2,5,1
20714,2,1,5,0
20715,2,0,1,0
20716,0,0,2,0
20717,1,1,4,0
20718,0,1,5,1
20719,7,4,8,3
20720,4,2,7,2
20721,0,2,3,0
20722,3,4,12,3
20723,6,5,5,1
20724,1,2,3,0
20725,0,0,4,0
20726,3,5,8,2
20727,0,1,2,0
20728,3,3,14,3
20729,0,2,6,1
20730,3,2,6,1
20731,5,3,14,2
20732,1,1,2,1
20733,2,1,3,2
20734,4,4,11,2
20735,1,2,4,2
20736,1,1,5,0
20737,0,0,5,1
20738,1,1,2,0
20739,3,0,5,0
20740,1,2,5,1
20741,1,2,1,1
20742,1,2,5,0
20743,1,1,2,1
20744,2,1,6,4
20745,1,0,2,1
20746,2,1,3,2
20747,2,0,6,1
20748,0,0,4,0
20749,1,0,6,0
20750,4,2,4,0
20751,2,2,4,0
20752,2,2,1,0
20753,2,0,2,3
20754,4,3,8,2
20755,2,1,2,0
20756,0,1,1,2
20757,4,4,8,1
20758,3,0,4,0
20759,2,2,5,0
20760,0,2,2,0
20761,1,0,4,1
20762,3,1,9,3
20763,3,0,2,1
20764,2,0,2,3
20765,2,0,4,1
20766,0,2,5,0
20767,5,3,5,3
20768,1,1,6,0
20769,0,0,5,2
20770,0,2,5,0
20771,1,1,2,1
20772,0,1,5,1
20773,0,3,2,1
20774,0,0,6,1
20775,0,0,1,1
20776,6,3,10,1
20777,1,1,2,1
20778,1,0,3,3
20779,2,0,4,1
20780,2,0,2,0
20781,7,2,8,1
20782,1,0,6,0
20783,1,0,2,3
20784,0,0,6,1
20785,7,3,11,2
20786,1,2,4,2
20787,1,1,5,0
20788,2,1,1,2
20789,2,4,13,3
20790,4,3,14,0
20791,1,2,4,1
20792,1,6,12,4
20793,2,2,4,1
20794,1,1,1,0
20795,3,0,2,1
20796,1,2,6,0
20797,2,2,3,1
20798,0,2,3,2
20799,4,1,4,2
20800,0,1,3,1
20801,1,3,4,1
20802,1,0,5,0
20803,0,1,1,0
20804,0,0,3,0
20805,1,1,1,1
20806,6,3,8,3
20807,4,4,13,2
20808,1,2,5,2
20809,3,1,1,0
20810,3,0,5,1
20811,4,2,11,3
20812,1,0,2,1
20813,5,2,8,2
20814,1,3,6,1
20815,1,0,6,1
20816,0,1,6,0
20817,3,0,5,3
20818,2,3,5,2
20819,0,1,4,2
20820,2,3,13,2
20821,2,1,4,2
20822,2,0,6,1
20823,1,0,4,1
20824,0,1,4,1
20825,1,2,3,0
20826,8,5,6,2
20827,1,2,5,1
20828,1,0,2,0
20829,1,1,4,2
20830,1,0,1,2
20831,1,0,4,0
20832,1,1,6,0
20833,3,2,8,1
20834,3,1,6,0
20835,0,0,2,1
20836,2,1,6,0
20837,1,0,2,1
20838,2,1,2,3
20839,4,2,5,3
20840,4,0,6,0
20841,2,2,6,1
20842,0,1,6,1
20843,4,1,4,0
20844,2,0,1,1
20845,5,3,5,2
20846,1,3,2,0
20847,4,5,6,2
20848,1,1,5,0
20849,0,0,6,0
20850,1,0,6,0
20851,3,1,2,0
20852,3,1,2,2
20853,0,2,2,2
20854,5,2,7,2
20855,3,3,10,2
20856,0,1,3,0
20857,0,1,4,0
20858,0,0,4,1
20859,4,0,2,2
20860,0,2,4,0
20861,1,1,4,1
20862,2,0,1,0
20863,1,1,4,0
20864,0,0,4,1
20865,5,3,13,1
20866,1,2,4,1
20867,1,1,3,1
20868,1,0,3,1
20869,3,0,1,0
20870,1,1,1,0
20871,3,2,4,1
20872,1,2,3,0
20873,4,5,12,2
20874,0,0,1,0
20875,4,2,5,3
20876,3,1,5,0
20877,3,0,3,1
20878,1,1,4,0
20879,1,1,1,0
20880,2,2,12,1
20881,4,4,13,2
20882,2,0,6,0
20883,3,2,9,2
20884,8,1,10,2
20885,2,0,3,3
20886,7,3,14,2
20887,1,3,5,0
20888,3,5,11,2
20889,0,3,3,3
20890,2,0,1,0
20891,0,2,2,1
20892,0,0,4,0
20893,2,2,5,0
20894,1,0,5,0
20895,3,2,11,4
20896,2,1,3,0
20897,2,1,5,2
20898,5,3,10,4
20899,0,1,5,0
20900,3,0,5,0
20901,3,1,5,3
20902,5,4,13,4
20903,3,1,5,1
20904,0,1,5,1
20905,0,1,4,3
20906,0,0,1,2
20907,2,2,3,2
20908,4,1,1,1
20909,1,1,2,0
20910,3,2,4,0
20911,2,0,1,0
20912,2,1,4,2
20913,2,1,5,0
20914,4,4,11,2
20915,2,0,5,1
20916,1,1,4,1
20917,4,1,2,2
20918,0,1,1,2
20919,1,0,1,1
20920,5,1,11,1
20921,1,0,5,2
20922,1,1,1,1
20923,4,1,6,0
20924,3,0,3,0
20925,0,1,6,0
20926,0,0,1,0
20927,5,3,14,1
20928,3,0,3,0
20929,2,1,5,0
20930,2,1,5,0
20931,2,2,6,1
20932,0,1,1,0
20933,5,3,7,2
20934,2,1,4,2
20935,1,1,6,2
20936,0,0,3,0
20937,0,0,3,0
20938,2,1,5,0
20939,1,0,6,0
20940,1,0,3,1
20941,4,2,14,2
20942,4,2,12,1
20943,7,4,5,1
20944,3,0,1,0
20945,0,1,6,0
20946,4,6,7,2
20947,2,0,1,1
20948,2,2,4,0
20949,1,0,6,0
20950,1,2,3,0
20951,2,1,2,0
20952,0,0,3,0
20953,2,3,6,3
20954,2,0,5,1
20955,4,1,5,0
20956,0,0,6,0
20957,0,1,1,1
20958,4,2,4,3
20959,1,0,4,0
20960,1,0,1,1
20961,3,0,3,0
20962,2,3,3,1
20963,0,0,3,0
20964,2,1,2,0
20965,4,0,5,0
20966,5,3,8,2
20967,4,2,6,0
20968,2,0,4,1
20969,2,2,4,0
20970,1,0,4,1
20971,0,1,6,1
20972,2,2,6,0
20973,0,0,3,1
20974,4,4,5,4
20975,2,0,5,2
20976,1,0,2,1
20977,3,3,1,0
20978,0,3,4,0
20979,5,2,10,4
20980,0,1,5,1
20981,5,3,8,4
20982,0,2,2,2
20983,0,0,4,0
20984,1,0,2,1
20985,7,6,14,1
20986,3,3,2,0
20987,0,2,1,0
20988,1,2,4,0
20989,0,0,5,0
20990,2,1,4,1
20991,0,0,4,1
20992,1,2,6,0
20993,3,0,5,0
20994,7,2,12,2
20995,1,2,4,1
20996,0,2,2,2
20997,1,1,4,0
20998,2,3,8,1
20999,0,1,6,0
21000,3,1,2,1
21001,0,1,6,0
21002,1,0,2,0
21003,1,0,5,2
21004,0,0,5,2
21005,2,1,4,0
21006,1,1,6,3
21007,0,0,1,2
21008,3,4,12,2
21009,0,1,1,3
21010,1,1,6,0
21011,0,1,1,0
21012,2,0,2,0
21013,2,0,6,1
21014,0,2,3,1
21015,2,0,1,0
21016,2,2,9,2
21017,1,0,6,1
21018,4,1,11,1
21019,1,0,3,1
21020,2,0,4,1
21021,2,2,2,0
21022,1,0,1,1
21023,3,3,9,4
21024,2,2,3,0
21025,0,1,3,1
21026,1,0,5,0
21027,3,2,6,2
21028,8,3,10,3
21029,4,0,1,0
21030,0,1,5,2
21031,3,1,4,0
21032,3,1,11,3
21033,8,5,10,0
21034,0,2,3,1
21035,2,1,4,0
21036,1,2,3,0
21037,1,0,3,0
21038,3,2,3,0
21039,1,0,4,0
21040,2,1,4,0
21041,2,0,6,1
21042,4,2,12,2
21043,1,1,5,0
21044,1,1,1,0
21045,3,0,4,0
21046,0,0,1,1
21047,1,2,3,0
21048,0,0,4,1
21049,2,1,4,0
21050,4,3,7,2
21051,1,1,2,0
21052,4,1,5,2
21053,1,0,2,1
21054,0,3,5,0
21055,4,3,6,0
21056,2,0,5,1
21057,1,0,1,0
21058,0,0,2,2
21059,5,4,12,2
21060,2,2,5,0
21061,2,3,2,0
21062,0,2,1,0
21063,4,2,6,1
21064,1,0,5,3
21065,1,3,4,2
21066,1,1,6,1
21067,7,4,14,2
21068,1,1,1,1
21069,0,0,5,0
21070,1,1,1,0
21071,7,4,7,1
21072,2,1,2,1
21073,0,2,1,1
21074,0,0,4,1
21075,2,0,1,0
21076,3,6,10,3
21077,2,4,9,3
21078,2,0,4,0
21079,5,4,12,4
21080,2,1,6,0
21081,0,0,4,0
21082,2,0,1,0
21083,2,1,3,1
21084,6,4,10,3
21085,1,0,3,0
21086,0,2,4,0
21087,1,3,2,1
21088,0,2,2,1
21089,8,2,9,2
21090,4,0,3,2
21091,1,2,2,0
21092,4,3,9,0
21093,2,2,5,3
21094,1,2,1,2
21095,3,5,5,3
21096,0,0,5,0
21097,2,3,1,1
21098,3,0,3,0
21099,0,2,6,2
21100,2,1,5,1
21101,0,1,1,0
21102,2,0,1,1
21103,2,1,3,0
21104,3,4,9,5
21105,0,0,6,0
21106,0,0,2,0
21107,3,0,1,0
21108,3,2,6,1
21109,1,0,3,3
21110,1,3,5,0
21111,0,3,6,0
21112,0,0,6,1
21113,1,0,4,0
21114,3,3,4,0
21115,2,5,7,1
21116,2,3,11,2
21117,5,4,10,3
21118,0,1,5,1
21119,4,1,1,1
21120,4,3,2,0
21121,1,2,6,1
21122,3,5,13,2
21123,2,1,5,1
21124,1,3,6,2
21125,1,1,1,1
21126,2,1,1,0
21127,1,0,6,1
21128,2,0,3,0
21129,4,3,8,2
21130,0,1,2,1
21131,3,3,12,1
21132,4,4,8,1
21133,3,4,10,1
21134,2,2,4,0
21135,0,0,3,2
21136,0,2,5,0
21137,0,1,2,1
21138,4,4,13,0
21139,1,0,1,0
21140,1,3,6,0
21141,2,3,4,0
21142,1,1,4,2
21143,1,3,5,0
21144,3,1,1,0
21145,0,0,2,1
21146,1,1,1,1
21147,1,2,2,0
21148,2,2,3,3
21149,1,2,2,0
21150,1,1,5,0
21151,1,3,5,0
21152,1,0,3,0
21153,0,0,2,1
21154,6,3,7,2
21155,1,1,4,0
21156,0,0,2,1
21157,2,1,6,1
21158,0,1,6,1
21159,1,0,5,0
21160,1,0,4,1
21161,1,1,4,3
21162,2,1,1,1
21163,0,1,3,1
21164,2,0,4,0
21165,1,1,3,0
21166,4,2,6,2
21167,2,1,1,2
21168,0,0,4,0
21169,1,3,5,2
21170,0,0,5,3
21171,1,0,5,0
21172,4,1,1,0
21173,0,1,4,1
21174,0,1,6,0
21175,5,1,11,1
21176,3,4,10,1
21177,2,0,4,0
21178,0,1,5,0
21179,0,3,5,1
21180,2,2,4,1
21181,2,2,12,2
21182,1,1,6,0
21183,2,1,1,0
21184,0,3,6,0
21185,0,0,3,0
21186,3,0,5,2
21187,1,0,6,0
21188,2,0,1,3
21189,4,1,5,0
21190,4,3,10,1
21191,1,0,3,2
21192,0,0,6,1
21193,0,0,3,0
21194,1,1,5,3
21195,0,1,6,0
21196,0,0,2,1
21197,4,3,10,1
21198,0,1,1,1
21199,0,3,1,0
21200,2,1,1,0
21201,7,3,8,0
21202,0,0,5,1
21203,0,3,4,2
21204,0,1,4,2
21205,3,1,1,1
21206,2,1,5,0
21207,1,1,6,0
21208,4,2,1,0
21209,2,1,1,0
21210,2,0,1,0
21211,3,0,2,3
21212,1,0,5,0
21213,0,0,2,1
21214,7,5,9,3
21215,1,1,1,2
21216,1,2,2,3
21217,0,0,4,0
21218,0,1,1,1
21219,4,1,4,1
21220,3,3,6,5
21221,3,1,3,1
21222,4,2,9,1
21223,0,0,4,0
21224,4,0,2,0
21225,2,2,3,1
21226,1,0,1,0
21227,5,3,12,3
21228,7,3,5,2
21229,5,1,8,3
21230,1,0,5,2
21231,0,3,3,0
21232,0,0,3,1
21233,1,0,5,1
21234,0,0,6,0
21235,3,1,3,0
21236,1,2,5,0
21237,7,3,8,4
21238,1,1,4,2
21239,2,1,1,0
21240,2,3,6,0
21241,3,1,3,2
21242,4,0,6,0
21243,1,0,5,1
21244,2,0,2,0
21245,0,2,6,2
21246,5,3,9,2
21247,3,3,8,2
21248,3,2,6,1
21249,3,1,10,2
21250,1,2,4,1
21251,1,0,3,1
21252,1,0,2,2
21253,2,1,5,0
21254,1,0,3,0
21255,0,1,4,1
21256,2,1,6,2
21257,3,1,5,0
21258,0,0,6,0
21259,1,3,5,1
21260,0,2,2,0
21261,0,0,1,0
21262,2,2,6,2
21263,1,1,2,1
21264,0,0,2,0
21265,0,2,5,1
21266,1,0,6,0
21267,1,1,5,0
21268,1,0,3,0
21269,2,2,2,3
21270,1,2,1,0
21271,1,1,6,0
21272,0,0,4,1
21273,1,0,1,1
21274,1,0,2,2
21275,0,1,5,0
21276,1,2,5,2
21277,2,1,3,1
21278,0,2,4,0
21279,7,3,12,1
21280,1,1,6,0
21281,1,0,1,1
21282,4,0,5,0
21283,0,0,1,0
21284,0,0,1,0
21285,0,0,5,1
21286,2,2,2,1
21287,0,2,3,0
21288,1,2,1,1
21289,2,0,5,2
21290,3,2,6,3
21291,3,2,9,1
21292,0,1,1,1
21293,0,3,5,0
21294,2,3,1,0
21295,1,1,3,0
21296,2,2,6,0
21297,0,3,5,1
21298,3,1,7,1
21299,2,1,4,2
21300,5,3,13,3
21301,3,3,13,4
21302,0,0,1,3
21303,4,1,6,0
21304,0,0,5,1
21305,1,1,4,0
21306,1,1,1,0
21307,1,1,5,0
21308,2,1,4,2
21309,0,2,2,1
21310,2,2,14,4
21311,4,2,1,0
21312,1,0,5,0
21313,3,3,1,0
21314,0,0,6,1
21315,4,2,4,1
21316,2,1,5,3
21317,0,1,1,1
21318,2,0,6,0
21319,0,1,1,0
21320,0,0,4,0
21321,4,0,4,0
21322,0,3,5,0
21323,3,0,2,2
21324,0,1,1,0
21325,5,2,12,1
21326,2,0,5,0
21327,2,1,6,1
21328,3,2,5,2
21329,1,2,2,0
21330,2,1,2,0
21331,2,1,3,1
21332,1,3,6,0
21333,3,2,9,1
21334,2,1,2,3
21335,1,1,5,0
21336,1,0,2,3
21337,2,2,6,1
21338,1,1,6,0
21339,6,1,10,1
21340,3,5,9,2
21341,4,2,13,1
21342,1,0,4,1
21343,4,0,5,0
21344,4,1,6,0
21345,2,0,6,1
21346,1,1,4,1
21347,1,1,2,2
21348,2,0,6,2
21349,1,1,2,0
21350,2,0,4,3
21351,3,3,1,0
21352,1,0,4,2
21353,0,1,2,0
21354,1,3,5,0
21355,1,1,3,2
21356,2,1,2,0
21357,2,1,6,1
21358,1,3,6,2
21359,3,3,12,1
21360,0,2,4,0
21361,0,1,1,0
21362,1,1,1,0
21363,5,6,12,2
21364,2,5,13,4
21365,2,0,5,1
21366,4,3,12,0
21367,3,0,1,0
21368,3,1,5,1
21369,2,1,5,0
21370,1,0,3,0
21371,1,3,6,2
21372,0,0,4,0
21373,4,3,11,2
21374,1,0,5,0
21375,1,0,2,0
21376,1,0,2,0
21377,0,0,4,1
21378,1,1,6,0
21379,2,3,5,0
21380,1,3,2,0
21381,0,2,3,0
21382,2,2,4,0
21383,0,0,6,1
21384,4,2,3,0
21385,1,0,5,0
21386,1,1,5,1
21387,0,3,4,3
21388,0,0,2,2
21389,2,2,6,1
21390,1,1,4,2
21391,3,3,12,3
21392,4,1,1,0
21393,2,1,5,0
21394,1,1,2,0
21395,0,0,4,1
21396,0,0,6,1
21397,1,1,5,1
21398,3,1,2,3
21399,1,3,2,0
21400,1,1,4,0
21401,1,1,6,2
21402,1,2,4,0
21403,5,2,11,1
21404,2,3,4,0
21405,3,0,1,0
21406,1,3,2,1
21407,3,1,1,2
21408,0,0,2,1
21409,3,1,6,1
21410,3,0,5,0
21411,2,0,3,1
21412,4,3,13,1
21413,4,4,13,1
21414,1,0,4,0
21415,1,2,1,3
21416,1,0,1,2
21417,3,3,8,1
21418,0,1,3,0
21419,3,5,8,3
21420,0,1,1,2
21421,2,0,1,2
21422,1,2,3,0
21423,1,1,3,1
21424,0,0,2,0
21425,0,0,4,0
21426,1,3,5,0
21427,0,1,6,1
21428,2,1,1,0
21429,2,3,3,0
21430,0,0,4,1
21431,1,1,4,1
21432,2,0,1,2
21433,3,1,3,3
21434,3,3,6,1
21435,8,3,13,5
21436,3,1,1,0
21437,0,1,4,2
21438,0,0,5,1
21439,3,2,5,2
21440,0,0,1,0
21441,2,1,4,0
21442,2,3,2,1
21443,1,0,1,0
21444,0,1,4,1
21445,3,2,2,0
21446,1,0,1,0
21447,7,3,8,1
21448,1,1,3,1
21449,2,0,3,1
21450,0,1,2,0
21451,2,0,3,0
21452,1,2,1,0
21453,2,0,1,1
21454,0,0,6,1
21455,0,1,5,1
21456,1,2,1,1
21457,3,3,8,1
21458,1,1,5,1
21459,1,0,1,0
21460,1,0,5,0
21461,7,3,11,1
21462,4,2,5,1
21463,3,6,11,3
21464,1,2,5,3
21465,0,2,2,1
21466,4,4,11,2
21467,3,2,14,1
21468,2,5,13,5
21469,0,2,1,1
21470,2,0,1,0
21471,1,1,4,1
21472,4,3,4,1
21473,2,3,1,0
21474,2,3,4,0
21475,1,0,5,1
21476,2,0,6,0
21477,0,3,4,2
21478,0,0,4,2
21479,1,1,8,3
21480,6,5,11,2
21481,3,2,2,1
21482,2,2,2,0
21483,1,0,4,2
21484,4,1,2,3
21485,2,4,12,1
21486,1,0,6,2
21487,1,1,1,0
21488,2,1,5,0
21489,1,1,2,0
21490,0,0,1,0
21491,0,0,1,1
21492,2,2,3,0
21493,2,2,2,1
21494,5,3,5,3
21495,4,2,9,2
21496,0,3,4,3
21497,3,3,12,2
21498,1,2,1,2
21499,1,0,3,0
21500,1,1,5,0
21501,2,3,14,1
21502,1,1,4,0
21503,1,1,1,1
21504,3,0,4,1
21505,2,0,1,1
21506,0,1,3,0
21507,7,3,12,2
21508,2,1,5,0
21509,2,1,6,1
21510,3,3,8,1
21511,6,2,6,3
21512,0,1,5,0
21513,2,3,9,1
21514,1,0,3,0
21515,3,0,4,1
21516,1,1,6,2
21517,3,2,13,1
21518,1,0,5,3
21519,2,0,1,2
21520,1,0,1,2
21521,1,3,3,0
21522,0,1,4,0
21523,6,2,5,3
21524,0,0,3,0
21525,1,0,3,1
21526,1,0,4,0
21527,1,0,1,1
21528,4,3,6,2
21529,1,0,4,0
21530,5,2,13,1
21531,1,1,1,2
21532,2,0,5,0
21533,1,1,4,0
21534,1,1,6,0
21535,1,0,6,1
21536,3,0,6,1
21537,2,1,5,1
21538,4,1,2,0
21539,1,2,6,0
21540,0,0,4,0
21541,6,2,14,1
21542,2,3,4,0
21543,2,3,5,1
21544,0,0,2,0
21545,2,1,2,0
21546,2,1,1,0
21547,0,2,5,2
21548,2,2,5,1
21549,0,2,4,0
21550,3,2,2,2
21551,4,2,8,2
21552,3,2,14,3
21553,1,3,4,1
21554,2,3,1,1
21555,1,1,5,0
21556,2,1,13,1
21557,0,1,4,1
21558,0,0,4,0
21559,1,1,5,0
21560,3,2,13,1
21561,5,3,11,1
21562,5,2,5,0
21563,0,1,2,0
21564,1,1,5,0
21565,2,0,1,0
21566,0,2,1,0
21567,0,1,6,1
21568,1,0,4,1
21569,0,1,2,0
21570,1,0,6,1
21571,1,1,6,2
21572,0,1,1,1
21573,4,1,2,0
21574,3,1,12,1
21575,2,2,6,1
21576,2,3,4,2
21577,2,1,4,1
21578,1,2,3,1
21579,1,0,2,0
21580,4,3,8,2
21581,1,0,1,3
21582,7,2,11,0
21583,6,2,8,1
21584,3,3,3,0
21585,2,0,2,0
21586,0,1,5,0
21587,4,1,4,0
21588,1,1,5,0
21589,0,0,6,0
21590,6,4,14,2
21591,3,3,12,3
21592,2,1,2,1
21593,2,3,5,1
21594,4,0,4,0
21595,0,1,1,1
21596,0,0,2,1
21597,1,2,2,0
21598,8,3,11,2
21599,5,3,13,2
21600,4,3,5,1
21601,1,2,6,2
21602,0,0,5,1
21603,0,1,2,1
21604,1,0,2,0
21605,1,1,1,0
21606,0,0,6,0
21607,2,1,6,0
21608,0,1,3,0
21609,4,0,4,0
21610,2,1,4,0
21611,3,2,3,0
21612,2,2,4,3
21613,5,4,13,2
21614,1,1,3,0
21615,2,0,6,0
21616,0,0,3,0
21617,4,0,6,2
21618,1,0,6,1
21619,2,0,4,0
21620,1,2,4,0
21621,1,3,4,1
21622,1,2,5,1
21623,4,0,1,1
21624,5,3,7,3
21625,2,0,4,0
21626,2,0,4,0
21627,7,3,8,2
21628,2,3,10,3
21629,0,0,5,0
21630,1,0,5,2
21631,3,1,6,1
21632,0,0,3,1
21633,0,3,1,1
21634,1,0,6,0
21635,1,1,5,2
21636,0,1,5,0
21637,2,3,6,0
21638,1,0,3,0
21639,1,1,6,1
21640,3,1,4,0
21641,0,0,2,0
21642,1,0,6,0
21643,1,3,5,4
21644,3,0,3,0
21645,4,0,3,1
21646,1,0,3,1
21647,4,1,1,0
21648,0,1,5,1
21649,6,3,6,1
21650,1,1,3,0
21651,3,0,2,2
21652,0,0,2,0
21653,0,0,4,1
21654,2,0,2,0
21655,4,3,10,1
21656,3,1,5,0
21657,1,1,6,0
21658,1,2,1,0
21659,0,1,3,0
21660,2,0,1,2
21661,6,1,6,2
21662,1,3,3,0
21663,3,2,6,4
21664,0,3,1,1
21665,0,0,6,0
21666,0,1,3,0
21667,1,0,3,0
21668,2,0,4,1
21669,2,3,1,1
21670,3,2,4,0
21671,1,1,2,2
21672,1,0,2,0
21673,0,1,3,0
21674,2,1,9,1
21675,0,1,2,0
21676,2,1,4,2
21677,2,3,2,1
21678,3,0,1,0
21679,1,1,6,1
21680,0,1,2,0
21681,2,2,14,1
21682,1,0,1,1
21683,3,6,6,3
21684,0,2,5,1
21685,1,3,5,0
21686,3,2,2,3
21687,4,4,9,1
21688,1,3,6,0
21689,1,1,3,0
21690,1,1,1,0
21691,1,3,6,0
21692,3,2,6,1
21693,0,0,5,2
21694,2,1,3,0
21695,2,0,6,0
21696,2,1,3,2
21697,0,1,2,0
21698,0,1,2,1
21699,2,0,6,0
21700,1,3,5,2
21701,2,2,10,2
21702,1,3,6,0
21703,2,0,6,2
21704,1,0,4,2
21705,1,0,4,0
21706,1,2,6,2
21707,1,0,5,0
21708,0,1,2,0
21709,5,3,14,4
21710,4,1,5,2
21711,0,0,3,0
21712,4,1,6,2
21713,1,0,4,0
21714,1,1,3,0
21715,2,0,4,1
21716,2,0,6,0
21717,0,3,5,2
21718,1,1,3,0
21719,2,1,5,1
21720,0,0,4,1
21721,1,2,5,0
21722,0,1,6,3
21723,2,3,5,2
21724,1,3,1,0
21725,0,0,2,0
21726,2,0,6,0
21727,1,0,4,2
21728,2,0,4,1
21729,0,0,1,0
21730,5,2,9,4
21731,3,4,7,3
21732,4,3,6,1
21733,1,3,5,0
21734,1,2,8,4
21735,3,3,5,3
21736,3,0,4,2
21737,4,1,6,1
21738,8,4,6,3
21739,4,0,6,1
21740,3,2,8,1
21741,0,2,3,1
21742,2,1,2,0
21743,1,3,3,0
21744,0,1,1,2
21745,0,2,4,1
21746,2,1,1,0
21747,2,2,3,0
21748,4,3,6,2
21749,1,3,6,2
21750,2,3,4,1
21751,1,0,6,1
21752,0,0,1,0
21753,4,3,11,1
21754,0,1,1,0
21755,0,3,6,0
21756,2,1,1,1
21757,1,3,1,1
21758,0,0,5,2
21759,1,0,4,1
21760,0,0,1,0
21761,3,2,3,0
21762,1,1,3,1
21763,1,0,3,0
21764,2,1,2,0
21765,1,0,5,2
21766,1,0,3,1
21767,1,0,2,0
21768,1,1,2,0
21769,0,1,5,1
21770,1,1,1,0
21771,0,1,6,3
21772,1,1,1,2
21773,1,2,1,0
21774,2,3,4,0
21775,0,2,1,0
21776,0,1,4,0
21777,1,1,4,0
21778,0,0,4,0
21779,1,0,2,1
21780,1,0,2,1
21781,0,3,2,0
21782,2,0,5,0
21783,2,1,3,2
21784,3,0,3,2
21785,1,1,5,0
21786,2,1,3,0
21787,4,2,5,0
21788,2,2,2,1
21789,1,1,4,1
21790,1,1,1,1
21791,4,1,13,0
21792,6,1,7,2
21793,3,4,5,2
21794,0,1,5,0
21795,0,2,2,0
21796,0,2,6,0
21797,5,2,13,1
21798,4,1,5,0
21799,7,6,11,3
21800,1,2,2,2
21801,3,4,8,3
21802,2,0,1,1
21803,1,1,1,1
21804,1,0,1,3
21805,1,1,6,2
21806,0,2,1,1
21807,4,1,5,0
21808,3,1,6,0
21809,1,3,4,3
21810,2,1,3,2
21811,0,2,4,3
21812,2,3,1,1
21813,3,4,14,3
21814,0,0,2,0
21815,1,1,2,0
21816,1,0,6,2
21817,0,2,2,1
21818,4,2,12,2
21819,0,2,5,1
21820,1,3,14,1
21821,1,0,6,0
21822,0,0,2,0
21823,2,0,2,0
21824,2,0,4,0
21825,1,1,6,1
21826,1,0,6,1
21827,1,5,5,0
21828,2,1,3,1
21829,1,0,6,1
21830,0,0,3,0
21831,3,1,3,1
21832,1,0,1,1
21833,3,1,3,0
21834,1,2,4,0
21835,2,1,4,2
21836,2,0,5,2
21837,2,1,2,0
21838,1,0,2,0
21839,1,1,3,0
21840,3,0,2,0
21841,4,3,11,3
21842,1,1,6,1
21843,1,0,5,2
21844,1,1,2,0
21845,3,1,4,0
21846,0,0,5,1
21847,1,1,6,1
21848,1,0,6,1
21849,3,2,5,2
21850,2,0,2,0
21851,3,1,3,0
21852,1,0,5,0
21853,1,1,2,0
21854,1,0,2,2
21855,0,2,1,0
21856,0,1,4,2
21857,4,4,10,2
21858,0,1,4,0
21859,2,0,3,1
21860,1,1,1,0
21861,3,0,1,0
21862,0,0,1,2
21863,6,5,6,0
21864,0,1,4,1
21865,1,0,3,2
21866,1,0,3,2
21867,1,1,5,1
21868,3,1,6,1
21869,1,0,3,0
21870,2,2,6,0
21871,0,0,1,0
21872,0,1,1,0
21873,1,0,2,2
21874,2,1,5,2
21875,7,5,8,5
21876,3,1,3,2
21877,2,1,1,1
21878,0,2,5,2
21879,1,3,1,2
21880,2,3,1,1
21881,3,1,2,0
21882,2,2,4,2
21883,0,1,5,1
21884,1,1,1,1
21885,0,3,6,1
21886,0,3,3,1
21887,3,1,6,1
21888,1,3,6,2
21889,0,0,2,2
21890,1,0,6,1
21891,1,0,2,1
21892,2,2,2,2
21893,3,1,1,1
21894,1,1,6,1
21895,1,0,6,1
21896,4,3,9,3
21897,2,1,5,1
21898,1,1,3,0
21899,0,1,1,1
21900,0,0,6,0
21901,0,2,6,0
21902,1,1,5,0
21903,3,1,2,2
21904,1,2,3,0
21905,1,3,4,0
21906,4,3,6,0
21907,1,1,1,0
21908,1,0,2,0
21909,1,0,2,1
21910,0,0,1,1
21911,0,0,3,0
21912,0,1,2,1
21913,1,2,2,1
21914,2,0,3,2
21915,2,0,6,0
21916,4,1,7,2
21917,0,2,4,1
21918,4,2,14,1
21919,3,4,11,2
21920,4,2,9,0
21921,2,2,12,4
21922,4,1,1,1
21923,3,1,2,2
21924,3,0,3,0
21925,1,0,2,1
21926,1,0,1,1
21927,4,2,10,2
21928,1,1,4,1
21929,4,1,4,2
21930,1,4,11,2
21931,0,1,1,2
21932,1,0,1,3
21933,4,3,13,2
21934,5,2,6,2
21935,1,0,3,0
21936,5,4,6,2
21937,5,4,8,0
21938,1,0,5,0
21939,6,4,8,1
21940,3,0,6,1
21941,0,3,6,1
21942,2,1,3,1
21943,6,3,10,1
21944,0,0,4,1
21945,2,0,4,0
21946,0,0,3,0
21947,4,0,3,1
21948,4,0,4,1
21949,1,0,1,2
21950,3,3,3,1
21951,6,2,7,3
21952,0,0,4,0
21953,1,0,2,0
21954,3,3,7,3
21955,1,1,3,1
21956,1,3,1,2
21957,0,1,1,0
21958,4,4,12,3
21959,1,0,4,0
21960,0,0,2,2
21961,4,0,3,0
21962,2,1,5,1
21963,1,0,3,2
21964,0,1,3,2
21965,2,0,4,2
21966,1,3,5,0
21967,0,1,1,0
21968,2,0,6,0
21969,2,0,4,0
21970,6,6,6,5
21971,0,3,4,3
21972,2,2,3,2
21973,1,2,4,1
21974,1,1,10,4
21975,2,0,4,2
21976,1,1,4,0
21977,1,0,4,0
21978,3,0,1,1
21979,1,0,1,1
21980,1,1,2,1
21981,1,0,5,2
21982,1,3,1,0
21983,0,0,6,1
21984,4,2,6,0
21985,1,0,2,0
21986,3,3,10,2
21987,3,0,5,0
21988,0,1,2,0
21989,3,0,2,0
21990,4,2,9,1
21991,4,4,6,2
21992,1,1,5,0
21993,4,2,12,2
21994,0,0,5,0
21995,1,3,7,3
21996,5,4,14,2
21997,3,3,6,2
21998,0,0,2,0
21999,4,2,5,4
22000,2,0,2,1
22001,1,3,6,3
22002,1,0,4,1
22003,0,2,5,0
22004,2,0,3,2
22005,1,0,2,1
22006,4,1,4,1
22007,1,2,2,1
22008,2,1,1,0
22009,1,1,1,0
22010,3,0,2,1
22011,0,1,2,1
22012,8,2,8,2
22013,1,0,4,0
22014,2,6,9,0
22015,2,1,4,1
22016,0,0,5,0
22017,3,0,5,0
22018,1,2,6,1
22019,1,1,2,0
22020,2,1,1,0
22021,0,0,3,1
22022,1,2,5,0
22023,0,1,5,0
22024,1,0,6,1
22025,2,0,6,0
22026,0,1,6,1
22027,4,5,12,0
22028,1,3,6,3
22029,4,1,8,3
22030,1,1,5,3
22031,1,1,6,2
22032,2,0,1,1
22033,5,2,11,3
22034,0,1,1,1
22035,0,0,6,0
22036,5,4,5,4
22037,2,3,3,0
22038,2,3,12,1
22039,0,1,4,1
22040,0,1,5,0
22041,0,1,6,0
22042,4,2,4,2
22043,0,0,4,0
22044,2,0,5,2
22045,1,1,2,2
22046,1,1,1,0
22047,0,1,3,0
22048,3,3,5,1
22049,0,0,3,3
22050,1,3,1,1
22051,2,2,4,2
22052,0,0,4,0
22053,1,0,5,1
22054,2,1,3,0
22055,2,0,6,0
22056,4,2,5,1
22057,3,0,6,1
22058,1,0,1,0
22059,0,0,4,1
22060,4,1,10,2
22061,1,1,4,0
22062,3,0,6,0
22063,0,3,3,1
22064,3,2,12,1
22065,3,1,4,0
22066,3,0,2,1
22067,1,0,6,1
22068,4,1,1,2
22069,1,3,6,0
22070,4,1,6,2
22071,2,2,5,1
22072,0,0,6,0
22073,1,0,3,0
22074,2,0,5,1
22075,0,1,1,2
22076,0,0,6,0
22077,2,0,1,0
22078,2,0,4,0
22079,5,3,5,1
22080,1,1,5,1
22081,3,4,6,3
22082,1,1,1,2
22083,1,1,1,0
22084,5,3,8,3
22085,0,0,5,0
22086,0,2,6,0
22087,1,0,3,2
22088,0,1,1,1
22089,1,1,1,0
22090,2,2,5,2
22091,1,0,6,1
22092,5,2,6,2
22093,0,0,2,0
22094,0,1,3,0
22095,2,0,1,1
22096,4,5,8,3
22097,0,0,2,2
22098,3,3,13,2
22099,1,1,4,0
22100,1,0,5,1
22101,1,1,2,1
22102,0,0,3,2
22103,1,0,3,0
22104,0,0,5,0
22105,2,1,2,0
22106,2,1,5,0
22107,3,1,3,2
22108,0,2,4,0
22109,0,3,4,2
22110,0,1,1,1
22111,1,3,1,0
22112,2,3,9,3
22113,2,2,2,1
22114,1,1,4,1
22115,1,1,6,1
22116,2,0,2,0
22117,5,2,14,4
22118,0,0,3,0
22119,1,0,6,1
22120,0,0,4,0
22121,5,2,7,1
22122,1,1,1,0
22123,0,0,4,0
22124,4,5,11,2
22125,1,2,1,1
22126,2,0,1,2
22127,0,0,5,0
22128,8,2,12,1
22129,1,0,2,2
22130,3,1,5,0
22131,4,5,10,4
22132,2,1,3,1
22133,2,3,7,3
22134,0,1,4,0
22135,1,0,1,1
22136,0,0,6,0
22137,0,0,1,0
22138,0,1,6,0
22139,0,0,5,1
22140,1,3,1,2
22141,1,0,1,0
22142,1,0,2,0
22143,3,0,1,0
22144,0,2,4,0
22145,1,3,6,2
22146,4,3,7,0
22147,1,2,3,1
22148,6,6,5,2
22149,2,1,3,0
22150,0,1,5,0
22151,1,0,1,0
22152,4,3,4,0
22153,3,3,5,2
22154,1,1,3,0
22155,0,1,6,0
22156,2,0,4,1
22157,3,2,6,0
22158,2,0,2,3
22159,0,1,4,0
22160,1,2,3,2
22161,1,1,3,0
22162,0,3,3,0
22163,1,1,2,1
22164,2,2,5,2
22165,0,2,4,0
22166,1,1,4,0
22167,0,1,6,1
22168,1,2,4,1
22169,2,3,2,3
22170,2,2,2,1
22171,1,1,3,1
22172,0,3,1,2
22173,1,1,4,0
22174,1,0,4,0
22175,2,0,3,1
22176,2,0,2,1
22177,0,2,4,1
22178,3,1,2,0
22179,4,1,6,0
22180,0,1,5,0
22181,0,2,2,1
22182,0,2,6,0
22183,1,1,1,0
22184,1,1,3,1
22185,0,1,5,0
22186,2,1,6,0
22187,1,2,6,4
22188,2,1,5,2
22189,1,1,1,1
22190,2,1,1,0
22191,0,0,3,0
22192,0,1,1,2
22193,0,0,3,2
22194,0,1,1,0
22195,7,5,12,0
22196,2,0,4,2
22197,6,2,13,2
22198,2,2,1,2
22199,2,0,6,3
22200,2,0,4,1
22201,2,0,2,0
22202,2,2,5,1
22203,2,3,2,1
22204,0,1,6,2
22205,0,1,6,0
22206,0,1,5,1
22207,5,3,7,2
22208,2,6,7,1
22209,0,0,4,1
22210,1,1,6,0
22211,0,0,4,0
22212,1,2,2,0
22213,1,0,3,2
22214,3,1,4,1
22215,3,1,5,2
22216,4,4,11,1
22217,0,0,6,0
22218,1,1,1,1
22219,1,1,5,2
22220,0,1,3,1
22221,1,0,1,0
22222,8,3,6,1
22223,3,0,1,2
22224,0,2,1,1
22225,1,3,4,2
22226,4,1,3,0
22227,3,1,2,1
22228,4,2,13,2
22229,0,1,2,0
22230,1,1,2,0
22231,2,1,6,0
22232,1,0,6,1
22233,3,2,1,2
22234,1,1,2,1
22235,0,0,1,0
22236,1,3,5,2
22237,3,0,5,2
22238,1,1,6,0
22239,1,5,14,5
22240,0,2,1,1
22241,1,2,3,2
22242,0,0,5,2
22243,1,3,3,0
22244,0,2,2,2
22245,0,0,3,1
22246,1,0,5,1
22247,2,0,1,1
22248,1,0,3,2
22249,4,1,7,3
22250,0,2,5,3
22251,1,1,1,1
22252,5,4,10,2
22253,1,3,2,3
22254,2,0,4,0
22255,2,2,7,2
22256,2,0,5,1
22257,2,3,5,0
22258,1,0,2,1
22259,4,1,6,2
22260,0,0,2,2
22261,1,1,6,0
22262,2,0,4,2
22263,0,1,3,0
22264,2,1,6,1
22265,1,1,2,0
22266,3,3,1,0
22267,1,0,5,1
22268,3,0,3,1
22269,1,1,1,3
22270,1,0,4,1
22271,5,2,8,4
22272,1,0,2,2
22273,0,1,5,1
22274,1,2,5,1
22275,4,1,6,2
22276,3,3,3,0
22277,1,0,6,0
22278,2,0,2,3
22279,2,1,1,1
22280,1,2,4,0
22281,1,0,4,0
22282,1,0,4,0
22283,3,0,4,1
22284,2,1,12,1
22285,4,3,5,2
22286,1,1,2,0
22287,0,1,5,1
22288,2,2,6,0
22289,3,4,10,1
22290,3,1,4,1
22291,1,2,4,0
22292,1,0,6,1
22293,2,0,5,0
22294,0,0,6,0
22295,1,2,2,1
22296,1,1,2,2
22297,2,2,2,1
22298,2,0,1,0
22299,4,0,1,0
22300,1,1,4,0
22301,2,2,3,0
22302,1,2,4,1
22303,1,0,5,0
22304,0,2,3,0
22305,1,0,4,2
22306,0,2,4,1
22307,2,3,12,1
22308,1,1,3,2
22309,0,0,5,1
22310,4,3,2,0
22311,2,1,4,0
22312,4,1,5,1
22313,2,0,4,0
22314,3,2,4,3
22315,4,2,2,0
22316,4,2,13,4
22317,1,0,1,1
22318,1,0,3,0
22319,1,3,5,2
22320,0,2,3,1
22321,0,3,2,1
22322,1,4,7,4
22323,0,0,2,1
22324,4,4,14,1
22325,1,0,6,0
22326,0,1,2,2
22327,1,1,6,1
22328,0,1,6,0
22329,2,0,4,0
22330,3,2,4,1
22331,1,0,1,1
22332,1,0,5,0
22333,1,0,6,0
22334,3,1,2,1
22335,2,1,6,1
22336,1,0,4,1
22337,1,2,5,0
22338,2,0,1,1
22339,3,1,4,1
22340,5,4,13,3
22341,0,0,1,2
22342,2,0,2,0
22343,1,0,2,3
22344,0,0,5,0
22345,0,0,2,0
22346,0,0,3,0
22347,0,0,4,2
22348,1,2,6,1
22349,2,3,11,1
22350,0,2,6,0
22351,1,1,1,3
22352,0,2,6,0
22353,2,0,2,0
22354,2,2,5,2
22355,2,1,5,2
22356,6,3,12,2
22357,3,0,2,0
22358,1,1,3,0
22359,0,0,3,0
22360,2,3,5,0
22361,2,0,6,0
22362,5,2,5,3
22363,0,0,4,1
22364,2,0,2,0
22365,1,0,5,1
22366,3,3,12,4
22367,0,0,4,0
22368,2,0,1,0
22369,2,3,7,2
22370,4,4,11,1
22371,4,2,5,1
22372,5,1,11,2
22373,1,3,1,2
22374,0,2,5,1
22375,2,1,5,0
22376,1,1,5,1
22377,2,0,4,1
22378,1,0,2,1
22379,0,0,2,0
22380,1,0,4,1
22381,0,0,2,1
22382,2,3,9,2
22383,2,0,4,0
22384,1,0,4,0
22385,8,6,5,2
22386,5,4,11,2
22387,0,1,5,0
22388,1,1,3,0
22389,2,2,10,2
22390,5,2,13,1
22391,2,1,5,2
22392,3,0,1,0
22393,4,2,1,0
22394,2,1,2,0
22395,1,0,1,0
22396,3,1,2,0
22397,3,1,2,0
22398,1,2,5,0
22399,2,3,4,0
22400,1,1,3,1
22401,1,2,1,0
22402,3,2,5,0
22403,1,1,1,0
22404,0,1,5,0
22405,1,1,1,1
22406,1,2,2,0
22407,2,2,5,2
22408,2,2,1,0
22409,0,0,6,1
22410,3,1,6,0
22411,2,1,3,0
22412,3,2,6,1
22413,1,2,3,1
22414,3,0,5,1
22415,5,3,10,2
22416,5,2,5,1
22417,8,2,9,3
22418,0,0,2,3
22419,0,0,1,0
22420,0,1,2,0
22421,0,0,5,0
22422,2,0,2,0
22423,1,1,5,0
22424,0,1,6,0
22425,1,1,6,0
22426,1,0,6,2
22427,3,3,3,2
22428,0,2,6,0
22429,2,0,5,1
22430,1,1,5,1
22431,0,3,2,3
22432,1,1,4,0
22433,1,1,1,0
22434,2,1,2,3
22435,0,2,5,0
22436,3,2,13,2
22437,3,1,4,0
22438,0,0,2,0
22439,4,2,12,2
22440,3,3,11,4
22441,2,1,6,1
22442,3,3,14,2
22443,4,2,10,2
22444,2,2,3,1
22445,3,0,3,0
22446,1,0,1,0
22447,0,0,5,2
22448,1,1,4,2
22449,0,0,5,0
22450,2,3,3,0
22451,4,2,14,1
22452,3,3,10,2
22453,1,1,2,0
22454,1,0,5,0
22455,2,2,1,0
22456,0,3,1,0
22457,7,3,5,1
22458,3,1,1,0
22459,0,1,5,0
22460,2,0,6,2
22461,0,1,1,0
22462,3,0,4,2
22463,1,3,4,0
22464,0,0,2,0
22465,3,1,6,0
22466,0,0,4,0
22467,0,0,2,1
22468,8,3,14,3
22469,2,1,4,0
22470,2,1,1,0
22471,1,0,4,2
22472,1,3,6,1
22473,0,3,2,0
22474,1,1,1,0
22475,0,0,3,0
22476,0,1,5,1
22477,1,0,5,1
22478,2,1,4,1
22479,3,1,2,2
22480,1,1,6,2
22481,8,1,13,3
22482,2,0,2,1
22483,2,0,4,0
22484,3,3,11,1
22485,2,1,6,0
22486,1,0,2,0
22487,0,1,6,0
22488,1,2,3,2
22489,2,1,6,0
22490,2,0,3,0
22491,1,0,4,0
22492,0,1,6,0
22493,3,1,1,0
22494,2,0,2,0
22495,1,0,1,1
22496,1,0,2,0
22497,0,0,3,0
22498,0,0,4,1
22499,5,2,12,3
22500,3,1,3,0
22501,1,0,4,2
22502,3,1,6,1
22503,2,1,5,0
22504,1,1,3,1
22505,2,0,4,0
22506,2,4,13,1
22507,1,0,4,0
22508,5,3,11,1
22509,1,0,1,0
22510,2,1,3,0
22511,1,0,6,0
22512,3,1,2,0
22513,1,0,6,0
22514,4,3,7,3
22515,6,2,10,1
22516,2,0,1,0
22517,3,1,4,1
22518,1,1,4,1
22519,2,1,3,0
22520,1,1,1,1
22521,0,0,3,1
22522,0,1,5,0
22523,1,1,3,0
22524,0,3,1,2
22525,5,2,5,3
22526,4,2,6,0
22527,1,2,2,0
22528,2,0,1,1
22529,1,0,4,0
22530,0,2,2,1
22531,2,1,5,1
22532,1,1,5,1
22533,2,0,2,1
22534,6,1,11,2
22535,4,3,8,4
22536,1,1,2,0
22537,1,0,6,1
22538,1,1,1,3
22539,1,0,2,1
22540,1,0,3,1
22541,4,2,11,0
22542,2,2,11,3
22543,1,1,3,2
22544,0,2,3,0
22545,2,0,6,1
22546,1,2,6,0
22547,2,1,6,2
22548,3,1,1,2
22549,0,0,5,0
22550,7,3,6,1
22551,1,0,4,1
22552,0,0,2,0
22553,2,0,1,2
22554,7,5,7,0
22555,0,1,6,0
22556,1,0,5,1
22557,0,3,3,2
22558,1,0,3,3
22559,1,0,1,1
22560,1,0,1,1
22561,0,1,3,1
22562,1,1,1,0
22563,4,3,10,4
22564,0,0,5,0
22565,3,3,3,0
22566,1,2,6,2
22567,1,0,6,0
22568,3,2,4,2
22569,2,2,1,1
22570,1,0,5,0
22571,6,2,13,2
22572,5,3,5,2
22573,0,1,2,0
22574,4,2,5,3
22575,1,0,4,1
22576,0,1,2,0
22577,0,1,2,0
22578,3,0,3,0
22579,1,3,4,0
22580,0,0,1,0
22581,0,1,4,2
22582,4,1,9,3
22583,3,0,6,0
22584,5,3,8,2
22585,4,2,6,1
22586,1,3,1,0
22587,0,0,6,0
22588,0,0,1,0
22589,3,1,4,0
22590,1,1,3,0
22591,4,0,5,0
22592,1,0,2,0
22593,3,1,1,1
22594,2,0,3,0
22595,3,3,9,2
22596,0,0,1,1
22597,3,2,2,0
22598,1,0,1,2
22599,1,0,3,3
22600,3,0,6,0
22601,3,1,1,1
22602,2,0,3,0
22603,0,1,3,1
22604,2,1,4,2
22605,0,0,5,0
22606,0,3,2,2
22607,4,1,6,0
22608,2,1,4,2
22609,4,2,5,1
22610,2,1,6,1
22611,1,1,1,1
22612,3,0,2,1
22613,0,0,4,1
22614,0,1,6,2
22615,1,2,1,0
22616,0,0,2,0
22617,5,3,10,2
22618,5,3,11,1
22619,8,4,6,3
22620,1,2,1,0
22621,2,3,5,0
22622,1,0,4,0
22623,8,1,6,2
22624,0,1,3,0
22625,1,2,1,0
22626,0,1,1,1
22627,1,0,2,1
22628,3,0,4,1
22629,1,2,1,2
22630,4,3,9,0
22631,3,1,2,3
22632,4,2,9,0
22633,0,0,1,1
22634,2,2,2,1
22635,0,0,3,1
22636,5,4,13,1
22637,1,0,6,1
22638,2,1,6,0
22639,3,3,2,0
22640,1,0,6,0
22641,3,4,8,2
22642,2,0,1,1
22643,3,2,8,3
22644,4,1,2,1
22645,4,2,4,1
22646,3,1,1,0
22647,0,0,6,1
22648,1,0,1,0
22649,3,0,3,1
22650,2,0,6,2
22651,0,2,5,1
22652,1,2,2,0
22653,2,2,10,5
22654,1,1,3,1
22655,2,1,1,1
22656,3,1,2,2
22657,0,0,4,0
22658,4,3,13,3
22659,1,0,5,1
22660,1,2,6,1
22661,1,0,3,0
22662,4,3,11,3
22663,0,2,3,0
22664,2,1,6,1
22665,2,2,7,1
22666,0,1,5,0
22667,2,3,1,0
22668,4,2,3,0
22669,2,2,1,1
22670,0,2,5,0
22671,0,0,4,2
22672,2,1,3,1
22673,1,3,4,0
22674,3,1,2,0
22675,2,1,6,1
22676,0,2,3,0
22677,0,1,5,1
22678,4,2,5,0
22679,4,0,5,1
22680,3,0,2,0
22681,1,0,3,2
22682,4,1,13,1
22683,3,4,12,3
22684,0,0,1,0
22685,1,0,4,2
22686,0,1,6,0
22687,1,1,5,0
22688,1,1,2,1
22689,0,1,6,0
22690,2,3,5,2
22691,2,1,6,1
22692,3,4,9,2
22693,3,0,3,1
22694,1,3,5,1
22695,4,3,5,1
22696,1,0,1,3
22697,6,4,5,3
22698,1,0,6,0
22699,2,3,11,3
22700,0,1,5,0
22701,0,0,3,1
22702,1,1,6,1
22703,2,2,4,0
22704,0,0,4,2
22705,0,1,5,3
22706,0,1,6,0
22707,4,0,3,0
22708,4,3,5,1
22709,2,1,6,0
22710,0,1,1,1
22711,1,3,8,0
22712,2,4,7,1
22713,1,3,2,1
22714,3,2,10,1
22715,3,2,14,2
22716,1,2,5,1
22717,3,0,1,2
22718,2,0,2,1
22719,0,1,2,0
22720,1,0,2,0
22721,0,1,2,2
22722,0,2,2,0
22723,0,0,5,0
22724,6,4,8,2
22725,0,0,5,1
22726,1,0,6,0
22727,0,1,3,1
22728,0,2,5,0
22729,2,3,6,0
22730,1,0,3,2
22731,0,3,6,0
22732,4,1,12,1
22733,4,2,5,0
22734,1,0,3,0
22735,3,1,5,2
22736,2,1,8,3
22737,1,2,2,0
22738,4,1,6,0
22739,1,0,2,1
22740,0,0,6,1
22741,4,0,4,2
22742,1,0,4,0
22743,1,0,5,0
22744,1,1,2,0
22745,3,1,5,1
22746,2,1,2,0
22747,3,0,4,1
22748,1,2,2,1
22749,1,0,4,1
22750,1,1,2,1
22751,0,0,1,0
22752,1,2,4,0
22753,7,3,7,2
22754,1,3,3,0
22755,5,2,5,3
22756,4,0,6,0
22757,0,0,6,1
22758,5,2,7,2
22759,1,3,4,1
22760,1,1,2,1
22761,1,0,1,2
22762,0,1,3,0
22763,1,1,1,0
22764,3,2,5,1
22765,2,1,13,3
22766,2,3,1,1
22767,0,1,4,0
22768,1,0,3,0
22769,0,0,1,1
22770,3,1,6,0
22771,3,0,2,0
22772,3,1,1,1
22773,0,0,2,0
22774,1,3,1,1
22775,1,0,1,1
22776,0,1,2,1
22777,1,0,2,1
22778,0,2,1,0
22779,1,1,5,0
22780,1,3,5,1
22781,1,1,3,0
22782,2,1,6,2
22783,1,0,5,2
22784,0,0,1,1
22785,2,0,1,1
22786,4,0,6,0
22787,0,1,6,2
22788,4,1,5,0
22789,1,0,3,1
22790,3,1,1,1
22791,4,0,1,2
22792,4,4,10,2
22793,2,1,2,3
22794,2,0,3,0
22795,0,1,6,0
22796,1,0,6,0
22797,1,0,5,0
22798,0,1,1,2
22799,4,4,7,1
22800,3,3,3,1
22801,1,3,2,1
22802,1,2,6,0
22803,1,5,6,2
22804,0,1,4,3
22805,2,0,5,3
22806,0,0,2,0
22807,2,0,4,2
22808,0,0,5,0
22809,4,4,9,1
22810,4,2,10,2
22811,4,0,1,0
22812,1,3,2,2
22813,0,0,3,1
22814,1,2,3,0
22815,0,3,2,1
22816,3,1,6,2
22817,5,3,11,2
22818,1,4,13,1
22819,2,3,6,0
22820,1,3,2,1
22821,0,0,6,0
22822,1,0,4,1
22823,0,1,6,0
22824,1,0,1,1
22825,2,3,3,1
22826,1,0,2,0
22827,3,3,10,2
22828,2,0,4,0
22829,1,0,4,0
22830,3,3,10,2
22831,1,0,3,0
22832,4,2,4,0
22833,1,0,1,2
22834,0,0,2,0
22835,1,1,3,1
22836,4,1,5,2
22837,4,1,6,2
22838,1,1,3,0
22839,4,3,13,2
22840,0,1,2,1
22841,0,0,5,2
22842,3,1,6,0
22843,0,1,3,0
22844,0,2,1,1
22845,1,2,2,0
22846,1,1,4,0
22847,4,2,1,0
22848,2,3,11,0
22849,2,1,1,1
22850,0,0,3,1
22851,2,0,3,1
22852,1,2,1,2
22853,2,3,5,0
22854,1,2,1,0
22855,1,3,5,2
22856,0,0,3,1
22857,1,2,4,2
22858,1,1,3,2
22859,3,4,6,1
22860,2,1,5,0
22861,0,1,1,0
22862,0,1,2,0
22863,0,1,1,3
22864,3,2,4,3
22865,1,0,6,2
22866,3,2,2,0
22867,2,0,4,0
22868,0,1,5,0
22869,0,0,5,0
22870,0,0,5,2
22871,0,1,2,2
22872,8,4,8,2
22873,0,3,2,0
22874,2,0,2,0
22875,3,1,10,2
22876,2,0,1,1
22877,3,4,7,4
22878,2,1,5,2
22879,2,0,1,2
22880,3,0,3,0
22881,0,0,3,0
22882,0,0,4,0
22883,0,0,1,2
22884,2,0,2,2
22885,7,2,5,1
22886,7,3,11,1
22887,3,0,3,2
22888,4,0,6,0
22889,2,1,4,1
22890,1,0,5,0
22891,0,3,2,0
22892,4,4,7,4
22893,0,3,5,0
22894,1,1,2,2
22895,0,0,1,1
22896,1,5,12,4
22897,6,5,14,1
22898,4,0,1,0
22899,3,3,3,0
22900,1,0,2,0
22901,1,1,6,0
22902,1,1,3,0
22903,1,0,6,0
22904,0,1,2,0
22905,1,0,5,1
22906,0,3,6,1
22907,2,2,3,0
22908,1,1,5,0
22909,1,3,6,1
22910,1,0,3,0
22911,4,3,1,0
22912,1,1,1,3
22913,0,0,5,0
22914,2,2,5,1
22915,5,3,11,1
22916,4,1,2,3
22917,1,1,2,2
22918,3,0,4,0
22919,1,0,3,1
22920,1,0,5,1
22921,0,0,2,0
22922,1,1,1,1
22923,3,1,4,0
22924,1,0,3,1
22925,0,3,2,0
22926,1,2,4,0
22927,5,1,14,1
22928,0,3,4,1
22929,1,0,3,0
22930,3,1,6,0
22931,0,2,5,2
22932,0,3,2,0
22933,0,1,6,0
22934,2,0,1,0
22935,0,2,1,2
22936,0,0,3,1
22937,1,1,2,0
22938,0,0,3,0
22939,1,1,4,1
22940,2,0,3,2
22941,0,0,1,0
22942,4,3,6,3
22943,0,0,2,2
22944,1,1,4,1
22945,2,0,5,0
22946,1,3,4,0
22947,4,2,5,0
22948,1,0,5,1
22949,2,0,2,0
22950,1,2,4,0
22951,0,2,3,0
22952,0,0,1,1
22953,2,2,3,0
22954,2,2,12,1
22955,2,0,6,0
22956,2,3,6,1
22957,1,0,6,0
22958,0,1,6,0
22959,1,2,1,1
22960,0,0,1,2
22961,0,2,6,0
22962,3,1,5,2
22963,1,2,5,0
22964,3,2,9,2
22965,1,2,5,2
22966,0,3,6,2
22967,3,2,9,1
22968,0,0,1,0
22969,2,4,6,0
22970,1,0,1,0
22971,1,1,2,1
22972,0,0,2,0
22973,0,3,1,0
22974,0,0,3,1
22975,6,3,9,2
22976,1,0,4,1
22977,2,1,3,2
22978,0,1,6,0
22979,1,1,5,2
22980,2,0,2,1
22981,1,2,14,1
22982,0,0,4,2
22983,1,1,3,1
22984,1,0,6,1
22985,5,1,11,1
22986,1,1,4,0
22987,1,3,4,0
22988,4,1,13,3
22989,3,1,4,0
22990,1,3,7,2
22991,4,0,6,1
22992,1,1,3,0
22993,3,3,14,3
22994,0,0,1,2
22995,0,2,3,0
22996,1,1,5,1
22997,0,0,2,0
22998,0,1,2,1
22999,5,3,8,2
23000,1,0,3,0
23001,1,0,2,1
23002,6,3,7,0
23003,0,1,5,1
23004,1,5,13,3
23005,2,3,2,2
23006,0,0,1,0
23007,0,1,4,0
23008,2,1,4,0
23009,2,1,2,1
23010,3,3,3,2
23011,1,1,2,1
23012,3,1,5,0
23013,1,0,6,2
23014,1,0,3,0
23015,3,0,1,2
23016,1,0,6,1
23017,2,0,3,1
23018,0,0,1,3
23019,2,1,2,1
23020,0,0,1,0
23021,0,3,5,0
23022,2,2,13,3
23023,0,0,5,1
23024,2,5,6,3
23025,3,0,6,1
23026,4,1,6,0
23027,1,3,5,3
23028,0,0,5,0
23029,0,2,2,0
23030,1,0,5,1
23031,5,3,8,1
23032,1,3,2,1
23033,3,0,6,0
23034,2,0,1,3
23035,1,1,6,0
23036,0,0,5,0
23037,3,3,5,1
23038,0,1,6,0
23039,0,2,4,1
23040,2,1,1,0
23041,4,0,1,2
23042,4,4,10,3
23043,5,2,12,2
23044,2,0,5,1
23045,1,3,1,0
23046,3,4,12,4
23047,1,0,2,1
23048,2,1,2,0
23049,3,3,9,2
23050,0,1,5,0
23051,1,0,3,0
23052,0,0,4,0
23053,7,4,10,1
23054,2,1,2,0
23055,0,3,2,2
23056,2,1,4,0
23057,0,2,2,0
23058,1,0,3,1
23059,3,1,4,2
23060,0,2,4,0
23061,2,0,2,0
23062,0,0,5,0
23063,2,0,4,1
23064,0,3,4,0
23065,1,3,1,0
23066,0,2,1,1
23067,1,1,3,0
23068,1,0,2,0
23069,2,6,6,2
23070,0,2,2,0
23071,0,1,2,0
23072,3,1,4,0
23073,2,1,3,0
23074,6,5,12,4
23075,1,3,2,0
23076,0,0,1,0
23077,0,3,6,0
23078,6,5,12,2
23079,1,3,6,0
23080,0,0,6,0
23081,1,0,5,1
23082,1,0,3,2
23083,5,5,7,3
23084,2,1,6,1
23085,1,0,3,2
23086,4,3,3,3
23087,1,1,6,0
23088,0,0,2,1
23089,0,0,2,0
23090,4,2,9,1
23091,0,3,2,0
23092,1,1,5,2
23093,1,0,2,0
23094,1,3,3,0
23095,1,3,3,0
23096,4,1,6,2
23097,1,0,5,1
23098,1,0,2,0
23099,2,0,4,0
23100,2,1,1,0
23101,2,2,8,5
23102,1,0,2,2
23103,7,5,6,0
23104,1,2,7,3
23105,5,6,14,1
23106,2,1,1,1
23107,0,1,3,1
23108,6,3,7,2
23109,5,2,14,2
23110,0,3,5,2
23111,3,2,4,0
23112,1,0,1,1
23113,5,2,13,2
23114,0,1,5,0
23115,4,0,2,1
23116,1,3,5,1
23117,4,2,6,0
23118,0,1,2,2
23119,3,1,6,1
23120,1,1,3,1
23121,3,0,1,1
23122,0,1,4,1
23123,1,1,1,2
23124,2,0,5,1
23125,2,2,1,1
23126,3,1,1,2
23127,6,3,9,3
23128,0,1,1,0
23129,2,0,1,0
23130,1,1,2,1
23131,3,1,6,0
23132,2,0,3,0
23133,0,0,4,0
23134,1,0,4,1
23135,1,0,2,1
23136,0,1,6,1
23137,2,1,3,1
23138,5,1,13,2
23139,2,0,2,0
23140,7,3,13,1
23141,1,0,5,0
23142,1,1,1,0
23143,1,1,1,0
23144,4,0,4,1
23145,2,1,1,0
23146,2,0,6,0
23147,2,3,8,2
23148,1,1,1,1
23149,2,0,1,0
23150,3,2,8,1
23151,0,2,5,0
23152,1,0,4,0
23153,2,1,1,1
23154,3,0,1,0
23155,0,0,4,0
23156,5,5,10,2
23157,0,3,4,1
23158,0,0,1,0
23159,0,2,6,0
23160,2,2,5,5
23161,1,0,3,0
23162,0,3,4,0
23163,0,0,4,0
23164,4,3,5,4
23165,0,0,4,1
23166,0,0,2,2
23167,6,1,12,1
23168,0,0,5,1
23169,0,1,4,0
23170,1,1,4,2
23171,3,2,9,2
23172,0,0,3,1
23173,0,2,5,1
23174,0,0,6,0
23175,1,2,2,1
23176,2,0,3,0
23177,1,1,4,1
23178,2,0,2,0
23179,1,1,4,1
23180,0,1,4,1
23181,3,0,1,1
23182,3,0,4,2
23183,1,1,1,1
23184,1,0,6,2
23185,2,0,1,0
23186,1,0,5,0
23187,0,0,3,0
23188,2,0,1,0
23189,2,2,2,2
23190,1,2,6,0
23191,1,1,1,2
23192,1,2,1,0
23193,1,3,3,0
23194,2,0,6,2
23195,2,1,6,1
23196,3,1,1,0
23197,1,0,5,2
23198,1,0,3,0
23199,2,5,13,4
23200,1,0,5,3
23201,0,0,5,1
23202,1,1,5,0
23203,0,0,2,1
23204,4,2,4,0
23205,0,2,2,0
23206,1,1,2,0
23207,0,2,3,1
23208,6,3,13,5
23209,3,1,13,1
23210,0,2,5,0
23211,1,0,3,1
23212,0,1,3,1
23213,7,2,5,3
23214,0,2,1,3
23215,1,0,4,0
23216,0,3,4,0
23217,1,0,6,0
23218,2,1,5,1
23219,4,3,1,0
23220,1,0,4,0
23221,1,1,1,0
23222,1,0,4,1
23223,0,2,5,0
23224,1,1,2,1
23225,5,4,9,3
23226,5,2,14,2
23227,3,3,5,2
23228,0,3,3,1
23229,0,2,3,1
23230,2,2,2,1
23231,1,0,5,2
23232,0,0,1,0
23233,4,4,14,2
23234,0,2,6,3
23235,5,2,13,4
23236,2,0,6,0
23237,0,1,6,0
23238,3,1,9,2
23239,0,3,6,0
23240,1,2,3,0
23241,0,0,4,0
23242,4,4,13,1
23243,3,3,11,3
23244,1,3,5,2
23245,2,2,2,0
23246,3,0,3,1
23247,2,3,4,1
23248,3,3,8,2
23249,1,0,1,1
23250,0,1,4,0
23251,2,0,1,0
23252,2,0,5,0
23253,4,3,12,1
23254,7,3,7,0
23255,5,2,10,4
23256,0,0,4,0
23257,2,1,2,0
23258,1,0,5,1
23259,4,1,5,0
23260,1,2,4,0
23261,2,1,6,1
23262,1,2,4,0
23263,1,3,7,2
23264,2,0,3,1
23265,2,1,5,1
23266,0,1,5,0
23267,4,2,14,2
23268,3,2,1,2
23269,0,0,3,0
23270,8,3,5,3
23271,0,0,4,1
23272,0,0,2,0
23273,3,0,6,1
23274,3,3,13,5
23275,1,2,5,0
23276,1,3,3,2
23277,2,1,2,1
23278,5,2,11,1
23279,0,1,2,1
23280,4,3,2,0
23281,1,0,2,0
23282,1,0,5,0
23283,3,0,1,0
23284,1,3,5,0
23285,2,1,6,0
23286,1,1,3,0
23287,0,1,5,0
23288,1,0,3,1
23289,3,0,1,3
23290,3,0,1,0
23291,5,2,6,3
23292,1,2,5,1
23293,4,4,8,2
23294,0,1,3,1
23295,5,2,10,1
23296,3,0,2,1
23297,4,0,2,0
23298,0,0,6,2
23299,7,3,10,1
23300,0,1,5,1
23301,1,1,4,0
23302,4,0,2,0
23303,0,0,1,0
23304,4,4,11,1
23305,0,1,3,1
23306,1,0,4,1
23307,4,3,13,2
23308,0,1,4,0
23309,1,1,2,1
23310,2,1,3,3
23311,0,3,4,0
23312,2,4,11,2
23313,1,0,5,1
23314,6,2,14,2
23315,1,2,3,0
23316,3,3,13,1
23317,1,1,1,0
23318,1,0,1,2
23319,2,5,6,1
23320,1,0,2,1
23321,3,1,1,1
23322,4,3,3,1
23323,1,1,2,0
23324,0,0,6,2
23325,4,4,10,0
23326,2,0,6,0
23327,3,0,6,2
23328,6,4,7,2
23329,1,1,1,1
23330,3,4,11,1
23331,2,0,6,2
23332,4,5,10,3
23333,0,0,6,1
23334,3,0,3,0
23335,1,3,6,0
23336,2,2,4,0
23337,2,0,2,0
23338,8,3,11,3
23339,2,0,2,1
23340,8,5,8,3
23341,1,1,4,0
23342,2,1,1,3
23343,3,6,14,2
23344,7,4,13,1
23345,6,4,11,4
23346,1,2,6,0
23347,0,2,3,1
23348,2,1,2,0
23349,5,1,13,1
23350,5,4,10,3
23351,0,0,1,0
23352,1,1,5,1
23353,2,2,14,1
23354,0,1,6,0
23355,5,2,9,1
23356,3,0,4,1
23357,2,1,5,1
23358,1,2,4,0
23359,1,3,3,0
23360,2,0,4,0
23361,0,0,4,0
23362,0,0,1,0
23363,2,3,5,1
23364,2,0,3,0
23365,1,2,1,1
23366,3,4,6,2
23367,3,0,1,0
23368,1,0,2,2
23369,1,2,2,1
23370,1,1,11,1
23371,2,2,3,0
23372,2,0,3,1
23373,3,1,5,2
23374,2,0,6,0
23375,2,3,6,1
23376,1,0,6,1
23377,1,1,3,1
23378,0,1,6,0
23379,0,1,3,0
23380,1,0,3,1
23381,1,1,5,1
23382,2,1,4,0
23383,1,2,3,0
23384,4,3,9,1
23385,1,1,1,0
23386,1,0,3,0
23387,5,1,8,2
23388,3,1,6,1
23389,8,2,6,3
23390,0,0,4,0
23391,3,0,6,1
23392,3,1,5,1
23393,0,0,6,2
23394,2,1,1,1
23395,0,2,2,0
23396,3,0,6,0
23397,2,0,5,0
23398,4,1,1,0
23399,0,1,6,2
23400,2,4,13,2
23401,0,0,3,0
23402,3,3,8,3
23403,4,1,4,1
23404,2,2,3,1
23405,0,0,3,0
23406,0,3,3,2
23407,2,0,1,0
23408,3,0,3,0
23409,1,2,3,2
23410,3,1,5,3
23411,1,2,1,2
23412,1,1,2,0
23413,1,3,5,0
23414,1,0,2,1
23415,6,6,8,2
23416,1,1,1,0
23417,2,1,4,3
23418,2,0,1,0
23419,0,0,4,2
23420,1,0,1,0
23421,4,1,5,1
23422,1,0,4,1
23423,2,0,4,1
23424,2,0,2,1
23425,3,1,6,1
23426,0,0,4,1
23427,1,0,3,1
23428,3,0,3,0
23429,0,2,1,1
23430,2,1,1,0
23431,3,3,10,1
23432,2,1,2,0
23433,5,6,9,4
23434,1,0,4,1
23435,3,1,3,2
23436,1,1,4,1
23437,1,2,5,1
23438,4,3,7,2
23439,0,1,6,0
23440,2,0,1,0
23441,1,1,1,0
23442,0,3,5,3
23443,4,3,5,2
23444,0,0,3,0
23445,3,1,1,0
23446,0,1,3,2
23447,2,2,6,0
23448,3,1,6,0
23449,5,3,8,1
23450,1,0,4,0
23451,6,3,9,1
23452,1,0,5,1
23453,0,1,6,3
23454,0,1,1,1
23455,7,3,7,2
23456,2,1,6,0
23457,3,0,2,1
23458,1,1,6,1
23459,4,0,3,0
23460,4,3,5,1
23461,3,3,13,1
23462,1,2,2,0
23463,1,1,2,0
23464,0,1,6,0
23465,1,0,5,1
23466,0,2,2,0
23467,1,2,3,1
23468,4,4,5,2
23469,6,6,11,0
23470,0,1,4,0
23471,2,2,2,0
23472,1,1,6,0
23473,1,0,6,1
23474,2,0,4,1
23475,3,2,6,1
23476,0,2,3,0
23477,1,0,5,1
23478,2,0,4,1
23479,0,0,2,0
23480,1,0,2,0
23481,3,3,4,0
23482,1,0,5,2
23483,1,0,1,1
23484,3,1,5,0
23485,1,3,6,1
23486,1,2,5,3
23487,1,1,6,1
23488,1,1,5,1
23489,1,1,2,0
23490,0,1,5,1
23491,0,1,3,0
23492,5,4,9,3
23493,1,2,3,0
23494,0,1,1,1
23495,2,0,6,1
23496,0,2,1,0
23497,0,2,1,1
23498,2,1,6,1
23499,2,2,3,2
23500,1,3,4,0
23501,0,3,4,0
23502,2,0,3,0
23503,3,2,5,1
23504,0,1,4,2
23505,0,0,2,0
23506,2,3,6,2
23507,1,1,4,0
23508,1,1,3,0
23509,1,3,2,0
23510,0,3,6,1
23511,0,1,2,1
23512,0,0,6,0
23513,0,3,4,1
23514,4,3,6,0
23515,0,1,2,3
23516,1,0,2,0
23517,0,1,5,0
23518,2,0,4,1
23519,2,0,1,1
23520,2,0,5,1
23521,5,3,12,3
23522,3,3,6,0
23523,1,0,3,0
23524,0,0,4,0
23525,1,0,4,0
23526,2,2,2,0
23527,1,2,2,0
23528,2,0,3,0
23529,0,1,3,0
23530,0,3,4,0
23531,2,3,14,3
23532,2,2,1,2
23533,1,0,3,1
23534,2,0,5,0
23535,4,2,12,2
23536,1,2,5,0
23537,3,1,5,0
23538,1,1,5,0
23539,0,1,5,0
23540,0,2,5,2
23541,4,4,9,2
23542,0,3,5,1
23543,3,3,2,0
23544,1,1,6,3
23545,6,2,13,2
23546,3,1,2,1
23547,2,1,3,2
23548,0,0,3,1
23549,5,6,13,2
23550,4,1,3,0
23551,2,0,5,1
23552,6,3,6,0
23553,1,0,5,0
23554,2,6,7,1
23555,2,2,1,0
23556,0,0,1,0
23557,0,0,6,0
23558,1,0,1,1
23559,3,1,4,1
23560,5,6,10,1
23561,3,1,1,1
23562,0,1,1,2
23563,1,1,2,0
23564,2,1,6,1
23565,2,3,1,2
23566,1,1,4,2
23567,2,1,4,2
23568,0,0,6,0
23569,2,2,8,4
23570,1,3,1,1
23571,2,1,1,0
23572,1,0,6,0
23573,0,1,1,1
23574,6,3,9,2
23575,2,3,1,2
23576,0,1,3,0
23577,6,5,11,2
23578,2,2,11,2
23579,2,3,1,0
23580,0,1,6,3
23581,3,0,3,0
23582,1,1,4,1
23583,0,2,4,1
23584,0,3,2,1
23585,3,1,2,1
23586,4,5,10,2
23587,5,3,10,2
23588,3,1,10,1
23589,0,0,6,0
23590,5,3,11,1
23591,2,0,2,0
23592,2,0,1,0
23593,0,0,5,0
23594,3,0,3,3
23595,2,2,1,0
23596,6,5,6,3
23597,2,0,3,1
23598,1,0,2,0
23599,4,2,4,2
23600,2,2,3,0
23601,1,0,4,0
23602,1,0,4,0
23603,2,1,4,1
23604,2,0,1,1
23605,3,2,8,3
23606,3,0,5,0
23607,1,0,2,1
23608,0,0,6,1
23609,1,2,3,2
23610,5,4,10,1
23611,3,1,9,0
23612,1,3,5,3
23613,0,1,1,1
23614,0,2,3,0
23615,4,1,14,2
23616,1,1,6,1
23617,2,2,1,1
23618,1,1,5,1
23619,7,3,5,2
23620,0,1,3,0
23621,1,1,1,1
23622,3,3,11,2
23623,2,0,1,2
23624,0,1,6,0
23625,4,3,7,5
23626,0,0,5,0
23627,2,1,6,0
23628,4,0,1,1
23629,4,4,12,1
23630,3,0,1,1
23631,3,0,2,0
23632,3,1,14,4
23633,3,5,13,3
23634,1,2,6,3
23635,2,2,13,1
23636,0,3,3,0
23637,1,0,2,0
23638,0,0,4,0
23639,0,0,5,1
23640,6,1,13,2
23641,1,1,2,1
23642,0,1,6,1
23643,1,1,6,0
23644,1,3,4,0
23645,1,0,4,0
23646,1,0,2,1
23647,2,0,1,0
23648,1,2,5,2
23649,1,2,6,1
23650,1,1,6,0
23651,4,2,8,5
23652,3,3,6,2
23653,3,2,4,0
23654,4,3,6,3
23655,2,1,5,0
23656,0,1,3,0
23657,2,2,4,0
23658,0,1,3,1
23659,2,4,11,1
23660,4,2,9,4
23661,5,4,6,2
23662,3,0,6,0
23663,1,1,3,1
23664,1,0,1,1
23665,0,1,6,0
23666,1,0,3,0
23667,0,0,1,0
23668,2,3,3,3
23669,3,0,6,0
23670,1,1,2,1
23671,0,0,1,0
23672,1,4,10,2
23673,2,1,3,2
23674,1,1,1,1
23675,0,1,3,2
23676,1,1,1,0
23677,1,0,6,0
23678,5,3,8,1
23679,1,0,5,0
23680,0,2,4,2
23681,2,2,4,0
23682,0,0,6,0
23683,1,1,1,3
23684,0,1,3,0
23685,1,1,1,0
23686,1,3,4,0
23687,3,1,3,1
23688,0,2,1,1
23689,0,2,3,0
23690,0,2,5,0
23691,4,3,12,1
23692,1,0,1,1
23693,3,0,4,0
23694,1,2,3,1
23695,1,1,3,1
23696,0,1,1,0
23697,1,1,4,0
23698,4,3,11,2
23699,1,2,3,0
23700,0,3,2,0
23701,1,0,2,1
23702,1,1,4,0
23703,1,2,5,2
23704,5,2,8,1
23705,1,0,1,0
23706,0,1,1,1
23707,5,5,7,1
23708,0,1,4,1
23709,1,1,4,0
23710,2,3,2,0
23711,3,3,1,1
23712,1,3,5,0
23713,0,0,6,0
23714,4,0,3,3
23715,2,2,5,1
23716,2,0,5,0
23717,3,5,5,2
23718,1,3,1,1
23719,1,0,2,2
23720,7,2,8,3
23721,5,2,13,3
23722,0,2,3,2
23723,1,3,5,0
23724,3,1,5,0
23725,4,2,6,2
23726,4,1,2,0
23727,1,0,5,0
23728,1,1,4,0
23729,0,1,1,1
23730,0,1,3,1
23731,1,1,1,2
23732,1,2,5,1
23733,1,2,6,3
23734,2,0,3,0
23735,1,3,5,1
23736,3,1,5,0
23737,2,1,1,1
23738,1,0,4,0
23739,1,2,1,0
23740,0,3,2,0
23741,0,2,4,0
23742,1,2,1,2
23743,4,3,7,1
23744,3,0,4,0
23745,0,0,6,1
23746,1,2,6,1
23747,1,1,1,0
23748,2,1,4,0
23749,2,0,1,0
23750,1,1,5,0
23751,1,3,5,1
23752,0,1,4,1
23753,3,0,4,1
23754,0,0,5,1
23755,1,2,3,0
23756,2,1,5,0
23757,1,0,2,1
23758,1,3,1,2
23759,2,0,1,0
23760,2,0,3,0
23761,2,3,1,2
23762,1,1,4,0
23763,1,1,4,1
23764,3,0,6,2
23765,0,0,6,2
23766,0,1,3,0
23767,4,2,14,2
23768,2,4,14,1
23769,0,0,3,0
23770,2,2,5,0
23771,0,0,3,1
23772,2,0,3,1
23773,2,0,2,0
23774,4,0,6,0
23775,4,1,6,0
23776,1,1,4,0
23777,2,2,13,1
23778,3,1,5,0
23779,4,6,10,2
23780,2,1,2,1
23781,2,3,12,1
23782,2,0,5,1
23783,1,1,4,2
23784,2,0,5,0
23785,1,0,1,3
23786,1,0,2,0
23787,2,0,2,1
23788,3,3,6,1
23789,0,3,6,0
23790,2,0,3,0
23791,1,1,4,0
23792,0,0,6,0
23793,1,3,4,1
23794,3,0,1,0
23795,2,0,4,1
23796,0,2,5,0
23797,5,1,10,3
23798,2,0,3,1
23799,0,0,5,0
23800,3,0,5,3
23801,1,0,1,0
23802,5,5,6,2
23803,2,3,1,1
23804,2,1,3,0
23805,3,0,2,2
23806,0,1,2,2
23807,1,0,3,1
23808,2,3,4,2
23809,1,0,1,0
23810,6,4,12,2
23811,2,0,1,1
23812,0,2,1,1
23813,6,3,12,3
23814,2,0,6,2
23815,1,1,4,2
23816,1,0,1,2
23817,1,1,3,0
23818,0,3,5,0
23819,2,1,2,0
23820,1,1,5,0
23821,3,2,2,0
23822,1,1,5,1
23823,2,3,5,1
23824,1,1,2,2
23825,2,0,1,0
23826,2,0,1,0
23827,2,0,1,2
23828,0,2,5,1
23829,1,1,4,3
23830,2,0,3,0
23831,3,2,2,0
23832,0,0,5,1
23833,3,3,13,1
23834,0,2,3,0
23835,8,1,10,3
23836,1,0,6,0
23837,0,2,5,0
23838,4,1,5,2
23839,1,1,4,0
23840,2,0,1,0
23841,0,2,1,1
23842,1,2,2,0
23843,2,3,4,0
23844,1,3,2,2
23845,0,2,2,1
23846,0,1,3,2
23847,1,0,3,1
23848,8,4,13,1
23849,0,2,6,0
23850,4,3,11,2
23851,0,0,3,0
23852,1,0,6,1
23853,1,2,3,0
23854,0,2,1,1
23855,2,0,1,0
23856,0,1,4,0
23857,4,1,1,2
23858,1,0,3,2
23859,1,1,4,0
23860,7,2,5,2
23861,2,1,6,0
23862,1,0,5,1
23863,1,1,1,0
23864,0,3,3,1
23865,4,6,14,3
23866,3,2,5,2
23867,0,1,5,0
23868,3,0,5,3
23869,1,2,2,3
23870,3,0,4,0
23871,4,3,12,1
23872,2,3,8,5
23873,2,0,4,0
23874,1,0,3,1
23875,0,1,6,1
23876,3,2,5,0
23877,0,0,6,0
23878,2,0,3,0
23879,0,2,1,1
23880,0,0,5,0
23881,1,1,1,1
23882,2,1,2,1
23883,1,0,1,2
23884,2,1,1,2
23885,0,0,2,0
23886,1,3,3,0
23887,2,1,2,2
23888,0,3,6,1
23889,1,1,2,0
23890,0,1,1,1
23891,4,3,11,3
23892,2,2,6,0
23893,1,0,6,0
23894,4,0,2,0
23895,2,4,5,1
23896,1,1,6,1
23897,1,1,1,0
23898,2,0,2,1
23899,6,2,9,3
23900,3,1,4,0
23901,8,2,8,4
23902,5,4,9,4
23903,0,1,4,0
23904,2,0,6,1
23905,6,1,10,1
23906,2,2,9,1
23907,3,2,3,1
23908,0,0,3,0
23909,1,0,6,0
23910,0,1,1,2
23911,1,0,4,1
23912,1,3,4,0
23913,3,0,4,1
23914,1,0,4,0
23915,6,1,9,4
23916,2,2,5,2
23917,3,0,2,0
23918,2,0,1,1
23919,1,2,5,3
23920,6,4,9,3
23921,0,0,5,1
23922,4,2,9,2
23923,2,1,4,2
23924,0,1,6,1
23925,3,0,5,1
23926,4,3,14,3
23927,0,1,4,0
23928,0,2,2,0
23929,1,0,4,0
23930,4,2,4,0
23931,4,4,6,1
23932,1,1,4,1
23933,3,2,3,0
23934,3,1,1,1
23935,4,3,9,0
23936,3,0,4,1
23937,0,2,5,3
23938,0,1,4,1
23939,1,0,6,1
23940,4,5,13,0
23941,0,2,2,1
23942,0,2,5,1
23943,2,1,5,0
23944,3,2,5,0
23945,2,1,4,0
23946,3,2,1,0
23947,1,3,1,1
23948,3,4,7,2
23949,0,0,6,2
23950,2,2,6,2
23951,3,2,6,2
23952,1,1,4,0
23953,1,0,4,1
23954,3,0,6,0
23955,3,1,6,2
23956,1,1,3,1
23957,5,3,14,2
23958,4,0,6,1
23959,4,1,6,2
23960,4,2,6,2
23961,4,3,3,2
23962,3,1,3,3
23963,1,3,1,1
23964,0,0,6,0
23965,1,1,2,1
23966,2,1,1,0
23967,3,1,4,0
23968,4,1,4,1
23969,1,0,4,1
23970,3,1,6,0
23971,1,1,2,1
23972,0,2,3,3
23973,1,0,6,1
23974,0,0,2,2
23975,0,0,1,1
23976,3,1,13,2
23977,2,1,2,2
23978,4,6,12,2
23979,2,0,4,1
23980,1,0,2,1
23981,4,0,3,0
23982,2,0,2,3
23983,4,3,10,2
23984,3,3,7,3
23985,1,3,2,0
23986,1,0,1,0
23987,0,0,6,0
23988,3,1,2,1
23989,3,0,4,0
23990,5,2,14,1
23991,0,0,5,0
23992,1,1,1,2
23993,3,2,12,1
23994,2,0,3,0
23995,4,3,4,1
23996,7,3,14,2
23997,0,2,5,3
23998,6,4,8,1
23999,2,0,1,1
24000,0,1,6,1
24001,2,0,4,0
24002,0,1,6,1
24003,3,0,3,0
24004,0,0,6,0
24005,0,0,1,1
24006,0,0,6,1
24007,3,1,3,0
24008,5,4,6,1
24009,1,0,1,0
24010,0,0,4,0
24011,1,1,3,3
24012,2,2,6,0
24013,1,0,5,1
24014,0,0,2,2
24015,1,3,6,2
24016,1,0,2,0
24017,1,0,2,2
24018,0,0,5,0
24019,5,5,8,2
24020,0,1,5,3
24021,3,3,6,0
24022,3,2,11,1
24023,1,3,5,1
24024,2,3,5,0
24025,3,0,2,0
24026,0,0,5,2
24027,1,2,6,0
24028,2,0,2,1
24029,2,0,1,0
24030,4,0,1,0
24031,4,1,1,1
24032,0,1,4,1
24033,2,1,4,1
24034,1,3,2,2
24035,5,3,11,1
24036,4,1,6,0
24037,2,0,1,1
24038,3,1,4,2
24039,3,5,9,4
24040,5,2,9,3
24041,6,3,6,4
24042,2,0,5,2
24043,3,1,1,0
24044,2,1,3,2
24045,2,0,6,1
24046,1,1,1,0
24047,0,0,1,1
24048,0,1,5,0
24049,1,2,5,1
24050,2,0,4,0
24051,2,0,1,1
24052,1,5,6,2
24053,0,2,5,2
24054,2,1,4,0
24055,1,0,4,1
24056,3,1,7,2
24057,1,3,1,1
24058,2,1,3,1
24059,6,2,13,3
24060,2,2,3,0
24061,1,0,3,0
24062,3,0,6,0
24063,1,1,3,2
24064,4,6,11,2
24065,1,1,4,3
24066,0,0,5,2
24067,1,3,10,2
24068,4,1,6,0
24069,6,2,14,2
24070,2,1,6,0
24071,0,0,3,0
24072,1,1,2,2
24073,2,3,7,2
24074,2,0,1,1
24075,0,0,6,1
24076,2,2,2,1
24077,0,2,4,0
24078,0,2,2,0
24079,0,0,2,1
24080,4,0,5,0
24081,4,5,14,5
24082,6,5,7,2
24083,2,0,1,0
24084,1,1,4,0
24085,1,0,2,0
24086,2,0,1,3
24087,1,0,4,0
24088,4,2,7,2
24089,0,0,2,1
24090,1,0,1,0
24091,1,2,11,2
24092,2,1,6,0
24093,1,0,3,1
24094,2,1,4,1
24095,1,1,1,1
24096,6,3,8,2
24097,2,1,5,1
24098,2,2,5,2
24099,0,0,2,0
24100,3,4,8,1
24101,0,1,6,0
24102,4,3,8,0
24103,1,1,5,0
24104,2,3,6,1
24105,3,0,4,0
24106,1,3,5,2
24107,3,3,5,1
24108,0,2,2,0
24109,4,3,3,0
24110,0,2,6,1
24111,2,0,3,1
24112,4,5,14,3
24113,2,0,6,2
24114,1,0,5,1
24115,1,1,2,1
24116,1,2,6,0
24117,2,2,1,1
24118,0,3,1,3
24119,1,0,2,0
24120,0,0,6,0
24121,1,2,4,0
24122,1,1,3,0
24123,2,0,1,1
24124,3,0,1,3
24125,2,1,4,1
24126,2,1,2,0
24127,4,2,8,2
24128,3,1,5,2
24129,1,2,2,1
24130,0,3,2,0
24131,0,0,5,1
24132,2,0,1,0
24133,0,2,6,1
24134,0,3,1,1
24135,0,2,6,1
24136,6,3,10,2
24137,0,0,6,1
24138,0,3,2,0
24139,2,0,3,0
24140,1,4,11,1
24141,1,0,3,0
24142,1,1,2,3
24143,0,0,6,0
24144,1,1,6,3
24145,0,0,3,1
24146,1,2,3,1
24147,1,0,1,1
24148,4,1,3,1
24149,3,0,6,0
24150,1,1,1,3
24151,2,0,6,0
24152,2,1,6,1
24153,2,1,3,2
24154,0,2,2,3
24155,2,0,2,1
24156,0,1,5,2
24157,1,1,5,0
24158,0,1,6,2
24159,1,0,5,0
24160,0,2,1,2
24161,2,0,3,0
24162,1,0,6,1
24163,2,5,14,4
24164,6,4,11,3
24165,1,1,4,3
24166,1,0,6,1
24167,2,0,5,0
24168,0,3,6,0
24169,1,0,6,0
24170,1,4,12,1
24171,1,1,3,0
24172,0,1,5,0
24173,0,1,1,0
24174,0,0,4,0
24175,0,1,6,1
24176,3,1,1,0
24177,5,2,11,2
24178,2,0,3,0
24179,0,1,6,1
24180,1,2,5,0
24181,4,3,14,4
24182,2,1,9,1
24183,0,1,2,0
24184,1,2,3,0
24185,0,2,6,1
24186,3,1,6,0
24187,1,0,5,0
24188,0,1,1,0
24189,1,1,3,0
24190,4,2,8,3
24191,2,1,3,1
24192,3,3,11,3
24193,4,4,10,1
24194,5,2,5,3
24195,2,1,6,1
24196,0,0,1,2
24197,1,0,5,0
24198,5,4,13,2
24199,0,0,2,0
24200,2,0,2,0
24201,1,2,4,2
24202,3,0,6,0
24203,1,1,2,1
24204,1,0,1,0
24205,2,2,1,0
24206,3,6,7,3
24207,2,2,6,0
24208,0,1,6,2
24209,1,0,3,1
24210,5,4,14,1
24211,4,3,9,2
24212,2,0,4,0
24213,2,0,5,0
24214,0,2,1,0
24215,0,0,1,0
24216,0,0,1,3
24217,2,0,2,0
24218,4,2,14,2
24219,1,1,5,1
24220,1,3,1,0
24221,3,2,4,1
24222,0,2,4,1
24223,4,2,5,3
24224,0,0,5,2
24225,2,1,6,3
24226,7,4,11,2
24227,1,1,3,1
24228,2,1,3,1
24229,0,2,2,0
24230,6,2,14,1
24231,2,1,1,0
24232,0,0,5,1
24233,0,1,5,1
24234,1,1,6,3
24235,0,1,4,3
24236,1,0,3,1
24237,1,0,6,1
24238,1,0,5,0
24239,1,0,2,1
24240,1,1,4,1
24241,5,2,6,0
24242,1,1,1,2
24243,3,3,10,3
24244,0,1,6,2
24245,4,2,11,2
24246,2,1,3,1
24247,4,2,7,3
24248,2,2,1,1
24249,1,0,3,0
24250,1,0,1,1
24251,2,0,4,0
24252,5,3,13,2
24253,1,1,2,0
24254,0,0,6,1
24255,1,0,5,0
24256,5,2,10,2
24257,1,1,6,1
24258,1,1,3,0
24259,1,0,6,2
24260,3,4,8,2
24261,1,1,3,0
24262,1,1,2,0
24263,7,4,10,3
24264,0,2,3,0
24265,0,0,6,1
24266,2,1,5,0
24267,8,4,14,3
24268,3,1,3,3
24269,3,2,5,0
24270,1,0,2,2
24271,2,0,1,0
24272,3,2,3,0
24273,2,1,2,0
24274,3,1,1,1
24275,1,2,1,1
24276,1,0,6,2
24277,2,2,2,0
24278,1,0,2,0
24279,1,0,3,0
24280,3,0,2,2
24281,1,1,2,0
24282,2,0,6,1
24283,2,0,3,2
24284,1,0,3,1
24285,2,2,3,0
24286,1,0,5,0
24287,2,0,6,0
24288,1,0,5,2
24289,3,1,3,0
24290,3,3,6,1
24291,0,0,2,2
24292,1,3,4,1
24293,0,1,2,3
24294,1,0,3,0
24295,1,0,1,2
24296,2,1,3,2
24297,0,0,5,0
24298,4,0,2,0
24299,3,0,3,0
24300,3,3,6,2
24301,4,5,10,1
24302,0,2,2,1
24303,4,3,13,1
24304,1,0,5,1
24305,5,2,8,2
24306,2,6,9,2
24307,2,2,6,0
24308,0,2,4,0
24309,1,1,3,1
24310,3,0,5,0
24311,1,0,5,0
24312,2,1,2,0
24313,4,3,13,1
24314,3,0,4,3
24315,0,1,4,1
24316,6,2,14,5
24317,3,1,4,1
24318,7,4,10,5
24319,5,3,12,3
24320,1,0,2,3
24321,3,4,11,2
24322,0,0,1,0
24323,1,1,1,1
24324,1,0,4,0
24325,1,2,5,0
24326,4,2,7,1
24327,0,0,1,0
24328,1,0,5,0
24329,4,2,12,2
24330,2,3,4,2
24331,0,0,4,2
24332,1,1,3,0
24333,0,3,4,0
24334,0,0,1,0
24335,4,1,6,0
24336,1,3,2,1
24337,1,1,5,1
24338,0,1,4,3
24339,1,1,5,1
24340,6,6,11,1
24341,2,0,1,1
24342,0,0,1,0
24343,0,0,1,0
24344,3,1,4,3
24345,1,1,2,1
24346,0,0,3,0
24347,1,1,5,3
24348,1,3,5,0
24349,1,2,2,0
24350,4,3,13,4
24351,1,0,3,0
24352,8,4,8,2
24353,3,6,8,2
24354,0,1,5,1
24355,0,2,5,0
24356,1,0,2,0
24357,0,1,3,1
24358,3,1,4,1
24359,3,4,11,3
24360,7,4,11,2
24361,1,0,6,0
24362,0,1,4,1
24363,5,1,5,5
24364,2,0,4,1
24365,1,0,5,0
24366,2,3,3,0
24367,1,2,5,0
24368,3,2,6,0
24369,0,0,6,0
24370,1,0,3,0
24371,4,3,14,1
24372,2,2,4,1
24373,0,1,5,2
24374,5,3,9,1
24375,0,0,2,1
24376,3,1,1,1
24377,4,1,6,0
24378,0,1,5,1
24379,1,3,3,0
24380,2,0,3,1
24381,1,0,1,1
24382,3,3,13,2
24383,2,1,5,2
24384,1,0,1,1
24385,1,3,1,0
24386,1,0,2,2
24387,3,4,7,1
24388,1,0,5,3
24389,4,2,6,0
24390,1,0,3,0
24391,2,1,6,1
24392,3,1,6,1
24393,2,1,1,2
24394,0,0,6,1
24395,2,3,6,2
24396,2,1,5,2
24397,0,1,1,2
24398,0,2,5,1
24399,6,2,11,2
24400,1,4,11,1
24401,3,2,5,3
24402,1,0,1,1
24403,1,0,2,3
24404,2,0,3,0
24405,3,0,4,1
24406,1,1,1,1
24407,2,1,5,1
24408,1,0,4,0
24409,8,3,7,3
24410,0,1,6,0
24411,2,0,3,0
24412,3,0,6,1
24413,2,3,4,0
24414,1,1,1,0
24415,3,0,4,0
24416,0,1,2,0
24417,0,1,1,2
24418,1,2,6,3
24419,3,1,3,0
24420,0,0,5,1
24421,0,1,1,0
24422,1,2,4,0
24423,2,0,6,1
24424,0,1,4,0
24425,2,1,2,3
24426,1,3,3,0
24427,4,3,14,4
24428,1,1,2,1
24429,2,0,5,1
24430,5,2,8,2
24431,4,1,5,1
24432,1,0,3,2
24433,2,3,5,1
24434,0,0,6,0
24435,2,2,2,3
24436,0,2,6,0
24437,4,5,5,1
24438,1,1,4,2
24439,1,0,6,0
24440,1,0,3,0
24441,1,1,1,1
24442,5,4,9,2
24443,1,1,1,2
24444,1,1,3,2
24445,1,1,6,1
24446,4,2,4,1
24447,7,2,12,0
24448,0,0,3,0
24449,0,1,6,0
24450,0,0,4,2
24451,5,3,14,1
24452,2,2,6,0
24453,0,3,4,0
24454,3,3,5,1
24455,1,1,1,1
24456,0,1,5,0
24457,0,2,6,1
24458,3,1,1,3
24459,0,0,5,1
24460,0,0,4,1
24461,3,3,2,2
24462,4,3,5,1
24463,0,0,2,0
24464,1,0,4,0
24465,0,3,4,2
24466,1,1,1,1
24467,4,3,1,0
24468,0,2,6,0
24469,3,2,7,2
24470,4,2,7,2
24471,0,1,3,0
24472,2,1,4,1
24473,1,2,1,0
24474,2,0,5,2
24475,2,0,6,1
24476,0,0,1,0
24477,1,2,5,0
24478,0,3,2,0
24479,2,0,1,2
24480,4,1,5,0
24481,1,0,4,0
24482,2,1,3,1
24483,2,0,5,0
24484,3,3,13,1
24485,1,1,3,1
24486,0,3,4,0
24487,1,1,5,3
24488,4,3,10,3
24489,3,0,6,3
24490,0,1,2,0
24491,0,1,5,0
24492,2,2,2,2
24493,3,3,2,0
24494,3,4,6,1
24495,1,0,2,3
24496,5,2,7,2
24497,0,2,6,1
24498,3,0,3,0
24499,1,2,6,0
24500,2,0,1,0
24501,0,2,3,0
24502,2,1,6,2
24503,1,0,4,0
24504,2,3,2,1
24505,1,3,1,1
24506,0,1,6,2
24507,1,0,5,2
24508,1,3,5,3
24509,1,1,4,2
24510,1,2,4,0
24511,2,2,4,0
24512,2,2,2,0
24513,2,0,4,2
24514,1,0,2,0
24515,1,1,6,0
24516,1,1,1,3
24517,1,0,3,1
24518,0,0,2,1
24519,1,0,6,0
24520,0,0,5,2
24521,0,0,1,0
24522,2,3,5,1
24523,0,2,5,1
24524,3,2,5,1
24525,2,2,1,0
24526,0,0,2,0
24527,3,2,6,0
24528,2,3,5,1
24529,3,0,5,1
24530,0,0,2,1
24531,0,0,5,0
24532,2,0,4,0
24533,0,1,2,1
24534,2,0,5,3
24535,2,0,1,2
24536,0,1,1,0
24537,1,1,3,0
24538,5,5,13,1
24539,6,5,7,1
24540,0,1,4,2
24541,1,3,6,1
24542,0,0,2,0
24543,4,1,4,0
24544,2,1,4,0
24545,5,2,10,1
24546,0,1,1,2
24547,1,2,2,0
24548,1,1,1,1
24549,1,0,2,3
24550,0,2,6,2
24551,1,2,6,1
24552,0,1,1,2
24553,0,2,6,0
24554,0,0,1,0
24555,4,3,14,2
24556,4,3,14,1
24557,0,0,1,2
24558,3,0,3,2
24559,1,1,4,0
24560,1,0,6,0
24561,1,0,6,0
24562,4,3,7,1
24563,0,1,2,0
24564,4,3,2,0
24565,2,0,1,2
24566,3,2,5,0
24567,2,0,4,2
24568,1,2,6,0
24569,3,1,4,0
24570,1,0,4,0
24571,0,1,3,2
24572,1,3,2,2
24573,0,1,2,0
24574,0,0,5,2
24575,1,2,3,2
24576,0,0,5,1
24577,2,2,3,0
24578,2,1,3,0
24579,1,3,5,1
24580,7,5,7,3
24581,3,0,5,0
24582,1,0,2,0
24583,2,0,1,2
24584,2,3,2,0
24585,2,0,1,2
24586,3,1,3,1
24587,0,0,3,0
24588,2,1,3,1
24589,0,2,1,2
24590,0,0,6,2
24591,4,2,4,1
24592,4,4,8,2
24593,3,0,5,2
24594,2,0,4,0
24595,0,1,6,1
24596,1,1,4,0
24597,2,0,6,0
24598,3,1,4,0
24599,0,1,3,1
24600,1,3,6,0
24601,1,0,2,1
24602,1,2,5,0
24603,1,0,1,2
24604,0,0,5,0
24605,1,2,5,1
24606,3,1,2,0
24607,0,0,4,1
24608,1,0,3,1
24609,4,4,6,1
24610,1,1,6,2
24611,1,0,1,2
24612,2,2,3,0
24613,1,1,1,2
24614,3,0,1,1
24615,0,0,5,1
24616,5,3,13,4
24617,0,0,5,1
24618,1,0,4,0
24619,1,1,2,0
24620,3,5,7,3
24621,4,0,5,0
24622,0,2,4,0
24623,1,1,6,0
24624,0,1,2,1
24625,1,0,6,2
24626,1,1,3,1
24627,4,2,7,2
24628,0,0,5,0
24629,2,4,11,1
24630,3,0,6,0
24631,2,1,4,0
24632,0,1,1,2
24633,0,2,6,0
24634,1,1,6,1
24635,1,3,6,0
24636,1,0,3,1
24637,1,3,5,2
24638,2,2,5,0
24639,2,0,1,1
24640,2,2,5,0
24641,3,2,5,0
24642,0,2,6,2
24643,4,2,11,2
24644,0,0,4,2
24645,2,1,1,3
24646,1,1,6,2
24647,0,0,4,0
24648,1,2,1,0
24649,0,0,3,1
24650,1,2,6,0
24651,1,0,3,0
24652,1,1,3,1
24653,3,2,5,0
24654,1,0,4,0
24655,2,3,6,1
24656,3,0,3,1
24657,1,0,1,0
24658,1,1,2,2
24659,4,1,4,3
24660,1,1,6,1
24661,2,2,4,2
24662,1,0,3,0
24663,0,1,2,0
24664,0,0,6,0
24665,1,1,4,0
24666,1,3,5,2
24667,0,0,4,0
24668,1,0,1,0
24669,4,1,6,2
24670,7,3,8,4
24671,2,3,4,2
24672,2,0,4,2
24673,1,0,3,3
24674,2,2,3,0
24675,3,1,4,1
24676,4,2,11,2
24677,2,1,1,0
24678,1,1,5,0
24679,4,6,13,2
24680,1,1,3,1
24681,4,1,5,0
24682,3,0,5,0
24683,4,3,6,2
24684,1,1,2,1
24685,1,2,2,0
24686,1,0,3,1
24687,0,2,3,0
24688,1,1,3,0
24689,1,3,5,0
24690,1,0,6,2
24691,1,0,1,0
24692,1,2,5,0
24693,3,2,1,0
24694,4,0,3,3
24695,3,2,12,3
24696,1,2,6,1
24697,0,1,3,1
24698,1,0,1,1
24699,4,1,2,0
24700,0,0,1,0
24701,0,3,1,0
24702,0,1,5,0
24703,1,3,8,2
24704,3,3,10,1
24705,1,0,5,1
24706,0,1,3,1
24707,0,2,2,0
24708,0,1,3,2
24709,0,1,3,0
24710,3,0,6,1
24711,4,6,12,1
24712,7,3,5,2
24713,6,6,5,3
24714,2,3,13,2
24715,2,1,2,3
24716,5,4,8,5
24717,3,1,3,0
24718,0,1,4,2
24719,0,0,2,0
24720,3,3,10,2
24721,1,1,1,0
24722,0,1,5,0
24723,1,0,3,1
24724,0,0,6,0
24725,0,0,5,1
24726,2,0,1,0
24727,4,6,13,5
24728,4,0,5,0
24729,2,3,5,1
24730,0,1,4,1
24731,4,0,6,2
24732,1,3,1,0
24733,3,0,5,0
24734,0,1,4,0
24735,5,4,5,2
24736,6,3,12,3
24737,3,0,4,1
24738,7,3,5,1
24739,1,1,2,1
24740,4,3,10,2
24741,0,0,2,3
24742,0,2,6,1
24743,1,1,3,0
24744,4,6,10,3
24745,1,3,3,2
24746,0,1,6,0
24747,2,1,6,1
24748,1,3,2,0
24749,2,1,3,1
24750,1,1,1,1
24751,1,0,3,0
24752,2,2,6,0
24753,3,1,11,1
24754,0,1,6,0
24755,1,0,5,2
24756,3,3,7,4
24757,1,3,5,0
24758,0,0,1,0
24759,8,4,13,2
24760,4,2,11,2
24761,1,0,3,0
24762,4,1,5,2
24763,4,0,3,1
24764,1,1,4,2
24765,1,3,4,1
24766,0,0,5,2
24767,0,0,4,3
24768,2,1,5,0
24769,0,1,3,1
24770,2,3,5,2
24771,1,1,2,0
24772,3,0,2,3
24773,1,3,10,2
24774,4,2,14,0
24775,3,0,4,0
24776,3,2,6,3
24777,0,0,2,1
24778,3,1,6,0
24779,0,0,1,1
24780,1,0,3,0
24781,2,1,1,0
24782,3,1,5,1
24783,4,0,5,1
24784,1,0,4,1
24785,1,0,5,0
24786,4,1,6,2
24787,1,1,6,0
24788,5,4,7,4
24789,5,4,12,4
24790,1,2,6,2
24791,1,1,6,1
24792,3,1,10,1
24793,3,0,3,1
24794,0,3,4,1
24795,2,0,6,0
24796,1,1,6,0
24797,1,1,6,0
24798,0,0,3,3
24799,1,2,6,2
24800,2,0,4,0
24801,1,2,3,0
24802,1,0,6,0
24803,2,0,5,1
24804,2,2,8,2
24805,0,2,5,1
24806,0,0,5,0
24807,7,2,8,2
24808,3,1,4,1
24809,4,1,11,2
24810,3,3,4,3
24811,2,3,6,1
24812,5,3,9,1
24813,1,1,3,1
24814,2,1,4,2
24815,2,1,4,1
24816,3,3,5,0
24817,1,2,1,0
24818,0,0,4,0
24819,6,3,14,2
24820,1,2,4,0
24821,1,0,5,0
24822,1,0,5,2
24823,0,1,5,0
24824,6,4,14,1
24825,5,3,7,3
24826,1,3,4,0
24827,2,1,4,1
24828,0,1,4,1
24829,0,0,2,0
24830,1,0,3,0
24831,1,0,1,0
24832,2,2,4,2
24833,1,1,3,1
24834,2,2,7,1
24835,0,1,6,2
24836,1,3,13,2
24837,0,2,6,0
24838,4,1,3,1
24839,1,1,1,0
24840,1,0,3,1
24841,1,2,2,0
24842,5,3,13,2
24843,0,2,2,2
24844,1,0,1,1
24845,1,3,3,2
24846,1,0,4,0
24847,1,1,2,0
24848,1,0,1,0
24849,1,2,1,0
24850,0,1,4,0
24851,4,4,14,3
24852,2,0,1,1
24853,1,2,1,1
24854,0,0,5,0
24855,2,2,1,2
24856,0,1,1,1
24857,4,1,4,1
24858,1,2,5,1
24859,1,0,5,2
24860,2,5,13,1
24861,1,0,6,3
24862,3,0,1,2
24863,6,1,5,3
24864,7,2,5,3
24865,1,1,6,0
24866,1,0,4,1
24867,5,6,13,1
24868,2,0,2,1
24869,4,0,3,2
24870,0,1,6,0
24871,1,1,6,0
24872,0,1,3,0
24873,1,1,3,2
24874,1,0,4,0
24875,2,3,2,0
24876,0,0,5,0
24877,2,0,1,1
24878,3,2,11,0
24879,4,3,7,1
24880,4,2,3,0
24881,0,1,3,0
24882,1,2,1,0
24883,6,2,12,4
24884,2,1,4,2
24885,1,1,3,1
24886,3,0,2,1
24887,1,1,2,0
24888,1,2,5,0
24889,3,2,4,3
24890,0,2,2,3
24891,0,0,1,1
24892,2,0,5,0
24893,6,4,13,0
24894,2,3,6,1
24895,2,0,1,0
24896,0,1,2,3
24897,2,1,1,0
24898,0,1,4,1
24899,0,0,4,0
24900,1,1,6,2
24901,0,0,3,0
24902,0,1,6,0
24903,2,0,1,3
24904,3,2,3,0
24905,0,0,1,1
24906,6,3,5,3
24907,3,0,2,1
24908,1,0,2,1
24909,0,1,3,1
24910,1,2,4,0
24911,3,0,2,1
24912,1,3,3,0
24913,3,5,6,1
24914,0,3,2,0
24915,1,0,6,0
24916,0,2,3,0
24917,2,2,3,2
24918,0,0,3,0
24919,0,0,2,1
24920,0,1,4,1
24921,2,2,1,2
24922,0,1,2,2
24923,0,0,3,1
24924,8,4,12,2
24925,1,0,3,1
24926,0,0,4,2
24927,0,1,4,1
24928,1,2,4,0
24929,0,1,1,1
24930,2,2,5,1
24931,0,3,2,0
24932,1,2,6,2
24933,2,1,6,0
24934,1,1,2,0
24935,2,0,2,2
24936,1,0,5,1
24937,2,3,5,0
24938,4,3,7,1
24939,1,2,3,0
24940,2,1,4,2
24941,5,2,11,1
24942,0,0,6,1
24943,3,0,5,0
24944,1,1,3,1
24945,2,2,2,1
24946,0,2,5,1
24947,4,4,7,2
24948,2,1,5,2
24949,0,0,5,0
24950,1,1,3,2
24951,2,1,6,0
24952,3,0,3,0
24953,2,2,1,0
24954,4,4,7,1
24955,2,1,6,1
24956,1,1,6,0
24957,3,1,6,0
24958,1,1,5,1
24959,4,3,3,0
24960,0,1,4,0
24961,1,2,2,0
24962,7,3,9,1
24963,1,0,4,1
24964,2,0,2,1
24965,2,3,5,0
24966,2,2,3,0
24967,1,0,5,0
24968,4,1,13,1
24969,2,3,2,0
24970,1,0,5,0
24971,0,1,1,1
24972,1,2,1,2
24973,2,2,5,2
24974,3,3,5,0
24975,2,0,2,0
24976,1,0,1,1
24977,0,0,6,2
24978,0,1,4,0
24979,1,0,5,0
24980,1,0,2,0
24981,1,0,1,0
24982,1,1,3,3
24983,2,1,4,2
24984,4,3,2,0
24985,5,2,11,2
24986,1,0,6,0
24987,0,0,3,0
24988,5,2,12,1
24989,0,2,6,3
24990,6,1,9,3
24991,6,3,10,1
24992,0,1,4,2
24993,3,0,5,1
24994,1,1,4,0
24995,0,2,2,0
24996,1,0,5,0
24997,1,1,5,1
24998,0,3,2,2
24999,2,2,6,2
25000,0,0,2,1
25001,2,1,3,3
25002,1,2,6,2
25003,1,3,1,1
25004,0,1,1,0
25005,3,2,6,1
25006,0,0,5,2
25007,5,1,9,5
25008,3,5,7,2
25009,2,1,1,1
25010,0,1,4,2
25011,1,1,5,0
25012,0,1,5,0
25013,3,1,1,0
25014,1,0,3,1
25015,2,0,3,0
25016,1,0,4,0
25017,2,2,13,4
25018,3,1,1,2
25019,0,0,3,2
25020,7,3,13,2
25021,1,2,2,2
25022,1,0,4,0
25023,0,1,2,1
25024,0,3,5,0
25025,1,0,4,2
25026,1,1,4,0
25027,1,1,1,0
25028,0,0,5,1
25029,3,3,12,1
25030,0,0,3,0
25031,0,2,1,0
25032,3,1,4,0
25033,0,0,1,1
25034,1,0,5,1
25035,1,3,4,0
25036,2,2,2,2
25037,1,1,5,0
25038,5,3,10,2
25039,3,0,4,0
25040,0,1,4,0
25041,5,2,11,1
25042,7,4,9,1
25043,5,4,10,1
25044,1,3,4,0
25045,1,0,1,2
25046,3,2,3,1
25047,0,1,1,0
25048,2,0,1,1
25049,1,0,4,3
25050,7,4,9,2
25051,0,0,2,0
25052,2,3,3,0
25053,0,0,4,1
25054,3,1,3,2
25055,0,1,1,0
25056,0,2,5,0
25057,0,0,6,1
25058,0,1,4,0
25059,4,2,6,1
25060,0,0,2,0
25061,2,1,9,1
25062,2,2,2,1
25063,3,1,5,0
25064,0,0,3,2
25065,3,3,8,2
25066,5,6,9,2
25067,4,2,7,4
25068,1,0,2,0
25069,1,1,5,2
25070,0,2,3,1
25071,2,0,4,0
25072,0,0,2,0
25073,4,4,5,2
25074,2,0,1,2
25075,4,2,13,2
25076,7,2,10,1
25077,0,1,5,0
25078,0,0,5,0
25079,2,0,4,1
25080,3,3,5,2
25081,0,1,5,1
25082,1,1,5,1
25083,3,2,2,0
25084,3,2,1,0
25085,2,0,2,1
25086,1,1,3,0
25087,1,1,1,0
25088,1,0,4,2
25089,0,0,3,1
25090,0,1,4,3
25091,2,1,5,0
25092,0,0,5,0
25093,2,1,2,1
25094,3,3,5,2
25095,0,1,5,2
25096,0,1,1,1
25097,2,1,6,2
25098,0,3,5,0
25099,2,2,1,0
25100,3,0,1,0
25101,3,4,7,1
25102,3,0,2,1
25103,4,2,5,0
25104,1,1,1,2
25105,1,0,3,0
25106,2,2,1,3
25107,0,1,5,2
25108,1,3,14,2
25109,3,1,5,1
25110,1,3,1,1
25111,8,4,5,3
25112,1,3,2,0
25113,1,2,6,0
25114,1,3,2,1
25115,3,1,2,0
25116,1,1,5,1
25117,0,1,1,0
25118,3,3,13,1
25119,0,0,3,1
25120,1,1,2,1
25121,0,2,1,0
25122,4,3,6,0
25123,1,0,1,0
25124,1,0,1,0
25125,1,2,4,1
25126,1,1,5,0
25127,1,0,5,0
25128,2,1,4,0
25129,4,1,1,1
25130,0,3,3,3
25131,1,1,4,0
25132,3,3,2,1
25133,5,2,8,1
25134,4,3,5,2
25135,1,1,1,0
25136,4,1,3,0
25137,1,0,4,0
25138,3,3,11,2
25139,4,2,1,0
25140,0,0,2,0
25141,0,0,2,0
25142,0,2,4,1
25143,3,2,13,2
25144,1,2,5,0
25145,3,3,2,0
25146,2,1,2,0
25147,1,0,3,0
25148,3,0,2,0
25149,0,2,6,3
25150,1,2,5,0
25151,0,1,2,1
25152,0,0,2,0
25153,0,3,6,0
25154,0,3,1,0
25155,1,1,1,1
25156,2,0,3,0
25157,1,1,3,0
25158,2,0,3,2
25159,1,0,2,0
25160,1,1,1,3
25161,2,0,4,1
25162,4,3,14,1
25163,0,2,3,2
25164,2,3,1,1
25165,2,0,3,2
25166,0,0,2,1
25167,2,1,5,0
25168,2,0,4,0
25169,2,1,3,0
25170,1,1,2,0
25171,2,0,1,1
25172,6,2,9,5
25173,1,2,2,0
25174,1,2,6,0
25175,1,3,5,1
25176,1,0,2,0
25177,0,1,5,1
25178,5,2,10,2
25179,0,2,5,3
25180,7,3,5,0
25181,4,2,3,1
25182,0,0,2,0
25183,0,1,3,0
25184,1,2,13,2
25185,1,0,2,0
25186,1,1,2,3
25187,1,1,4,2
25188,0,0,5,2
25189,1,0,1,0
25190,1,2,6,0
25191,2,2,11,2
25192,7,4,8,3
25193,1,3,2,0
25194,1,0,2,2
25195,3,1,1,2
25196,0,0,4,2
25197,3,2,13,2
25198,1,3,6,1
25199,1,0,2,2
25200,3,2,8,3
25201,2,0,4,0
25202,3,0,6,0
25203,1,3,2,3
25204,1,0,6,0
25205,1,1,3,3
25206,1,0,2,1
25207,6,3,5,1
25208,1,3,2,1
25209,4,3,6,5
25210,1,2,2,1
25211,2,3,4,3
25212,6,4,13,2
25213,7,3,12,1
25214,0,0,4,1
25215,0,1,5,2
25216,1,0,5,0
25217,2,1,5,2
25218,0,1,5,1
25219,2,1,5,0
25220,0,1,2,0
25221,1,0,5,2
25222,1,0,5,1
25223,7,4,7,1
25224,1,1,6,0
25225,3,1,2,1
25226,0,0,2,0
25227,1,0,5,1
25228,0,2,6,0
25229,3,0,6,0
25230,4,2,10,4
25231,2,3,5,0
25232,2,3,4,1
25233,2,0,4,0
25234,2,1,3,2
25235,4,2,1,0
25236,1,0,5,0
25237,1,1,2,1
25238,4,3,1,1
25239,3,2,4,2
25240,5,5,14,1
25241,2,6,13,2
25242,1,0,1,0
25243,0,0,6,1
25244,2,2,5,0
25245,6,2,6,2
25246,0,3,6,1
25247,6,4,8,3
25248,0,1,2,0
25249,0,0,5,0
25250,0,0,4,0
25251,0,2,5,0
25252,2,2,6,0
25253,3,1,6,1
25254,1,0,6,0
25255,3,2,2,2
25256,1,0,1,2
25257,3,3,6,1
25258,7,2,7,3
25259,1,0,3,0
25260,2,2,5,0
25261,0,1,3,3
25262,1,1,5,0
25263,4,1,7,2
25264,1,1,3,1
25265,0,0,6,2
25266,0,0,1,0
25267,1,1,1,3
25268,4,1,11,0
25269,1,1,2,2
25270,0,1,1,1
25271,0,1,1,0
25272,0,1,4,2
25273,1,0,3,1
25274,0,2,3,1
25275,2,4,13,1
25276,0,0,4,1
25277,3,0,3,0
25278,3,0,4,2
25279,3,1,1,2
25280,0,2,3,3
25281,7,2,8,3
25282,2,1,6,0
25283,1,0,3,0
25284,0,0,4,0
25285,3,1,2,1
25286,2,0,6,0
25287,0,2,3,0
25288,2,3,11,4
25289,1,2,3,0
25290,0,0,1,0
25291,2,1,1,0
25292,3,3,1,1
25293,0,3,5,0
25294,1,0,1,1
25295,1,0,5,2
25296,4,2,9,3
25297,3,3,13,3
25298,2,1,1,0
25299,0,1,2,2
25300,1,0,2,1
25301,1,0,2,1
25302,0,3,5,0
25303,2,0,6,0
25304,2,2,1,2
25305,3,0,6,0
25306,3,2,3,1
25307,2,2,5,1
25308,2,1,5,0
25309,0,1,1,0
25310,2,1,4,2
25311,3,5,6,1
25312,2,3,10,3
25313,1,0,5,1
25314,5,3,7,2
25315,7,4,7,3
25316,0,1,4,3
25317,1,2,4,2
25318,1,2,5,0
25319,4,2,8,0
25320,0,2,6,2
25321,0,1,2,1
25322,1,0,5,0
25323,1,2,2,0
25324,2,1,6,2
25325,0,0,3,0
25326,1,1,4,0
25327,0,1,1,2
25328,0,0,4,0
25329,0,2,2,0
25330,5,2,14,1
25331,4,2,1,0
25332,3,4,13,3
25333,1,0,6,0
25334,0,1,6,0
25335,3,2,5,1
25336,1,0,5,0
25337,0,0,2,0
25338,4,2,12,1
25339,0,1,3,0
25340,0,2,1,3
25341,4,4,13,1
25342,5,2,12,2
25343,2,1,5,1
25344,3,0,3,0
25345,0,1,5,0
25346,3,1,5,3
25347,3,4,7,2
25348,1,3,2,2
25349,2,1,2,0
25350,1,0,3,1
25351,1,0,1,1
25352,3,2,9,0
25353,2,3,2,0
25354,0,0,2,1
25355,1,0,5,0
25356,1,1,4,1
25357,5,3,6,4
25358,0,0,3,0
25359,0,1,4,0
25360,4,0,2,0
25361,1,0,5,2
25362,1,0,4,0
25363,0,3,4,3
25364,0,0,1,2
25365,5,3,14,0
25366,0,0,2,0
25367,1,2,4,1
25368,2,0,6,0
25369,2,1,5,1
25370,1,1,1,2
25371,2,2,4,3
25372,4,1,6,1
25373,6,3,6,1
25374,1,0,2,0
25375,4,0,6,0
25376,2,0,6,0
25377,3,2,13,2
25378,2,0,2,1
25379,7,2,7,2
25380,3,5,11,2
25381,0,3,5,0
25382,3,0,6,1
25383,1,2,3,0
25384,0,2,4,0
25385,2,0,1,0
25386,0,0,2,0
25387,1,1,4,1
25388,4,4,11,2
25389,2,2,5,0
25390,0,0,6,0
25391,3,6,10,2
25392,4,0,2,1
25393,0,1,3,3
25394,0,1,5,0
25395,2,0,1,0
25396,0,2,1,0
25397,3,3,6,3
25398,0,1,2,2
25399,2,1,4,0
25400,2,0,4,2
25401,4,4,7,2
25402,0,1,2,2
25403,3,0,2,2
25404,1,1,13,4
25405,2,1,1,2
25406,1,1,2,2
25407,3,0,5,3
25408,2,1,3,0
25409,2,0,2,0
25410,1,3,2,1
25411,2,0,4,0
25412,5,2,5,2
25413,0,0,2,0
25414,1,1,6,2
25415,3,3,11,1
25416,2,0,5,3
25417,2,1,6,0
25418,2,0,4,1
25419,0,0,3,0
25420,0,0,3,1
25421,7,3,5,3
25422,0,0,1,1
25423,4,1,2,1
25424,2,1,4,0
25425,2,3,4,2
25426,0,1,6,1
25427,3,0,2,0
25428,1,0,3,1
25429,2,1,6,1
25430,4,4,10,2
25431,2,0,1,3
25432,1,0,6,2
25433,1,1,2,1
25434,0,1,5,2
25435,1,2,4,0
25436,6,3,5,2
25437,1,0,4,0
25438,2,1,1,1
25439,4,0,2,2
25440,1,2,2,1
25441,2,1,6,0
25442,0,0,1,1
25443,3,2,7,1
25444,1,0,3,0
25445,0,0,4,1
25446,5,2,8,3
25447,2,1,2,0
25448,1,0,6,0
25449,2,1,5,0
25450,0,1,6,0
25451,3,1,6,1
25452,1,2,2,0
25453,1,0,2,0
25454,2,1,2,0
25455,2,0,6,0
25456,1,1,5,2
25457,0,0,3,2
25458,3,4,7,1
25459,2,1,2,2
25460,6,2,8,2
25461,0,0,1,1
25462,1,2,2,2
25463,0,0,5,2
25464,0,1,4,0
25465,5,4,11,2
25466,1,0,3,0
25467,3,2,3,3
25468,2,0,2,0
25469,1,0,2,2
25470,0,0,4,0
25471,1,0,2,0
25472,0,1,4,1
25473,0,2,1,3
25474,4,2,6,2
25475,0,0,4,2
25476,1,1,2,0
25477,0,1,1,1
25478,2,3,6,0
25479,0,0,5,3
25480,0,3,2,0
25481,0,1,1,0
25482,3,0,3,2
25483,1,0,4,1
25484,2,1,6,1
25485,1,0,1,0
25486,3,0,4,2
25487,0,0,3,1
25488,1,1,3,2
25489,7,3,12,3
25490,0,0,6,1
25491,4,0,3,0
25492,0,0,5,0
25493,2,0,4,0
25494,1,1,1,1
25495,1,2,2,1
25496,1,1,1,0
25497,7,6,9,3
25498,0,2,3,0
25499,1,3,3,0
25500,2,0,1,0
25501,4,0,2,0
25502,4,3,2,0
25503,1,0,4,1
25504,0,0,2,2
25505,3,2,11,4
25506,1,1,2,2
25507,3,3,14,1
25508,2,0,1,2
25509,0,0,5,1
25510,2,1,5,0
25511,1,1,6,0
25512,2,0,4,0
25513,1,4,8,2
25514,4,2,7,5
25515,1,1,4,0
25516,3,1,2,0
25517,0,2,5,2
25518,2,0,4,2
25519,1,2,2,2
25520,5,2,6,1
25521,1,1,3,0
25522,2,2,6,2
25523,1,0,5,2
25524,2,2,2,0
25525,0,0,3,3
25526,1,0,3,0
25527,4,0,1,1
25528,5,3,14,1
25529,1,0,4,1
25530,3,0,5,1
25531,2,2,6,1
25532,0,0,4,3
25533,0,0,6,1
25534,1,0,1,1
25535,0,2,4,1
25536,2,0,1,2
25537,0,2,5,0
25538,3,1,1,1
25539,1,3,6,1
25540,3,0,5,0
25541,2,0,5,1
25542,3,1,1,0
25543,0,0,6,0
25544,1,0,6,0
25545,0,1,2,0
25546,1,0,2,0
25547,1,0,1,0
25548,3,1,1,1
25549,4,3,4,1
25550,0,1,4,0
25551,0,2,3,1
25552,0,1,1,2
25553,1,2,5,1
25554,3,3,13,2
25555,0,1,3,0
25556,3,1,6,0
25557,2,0,2,0
25558,2,0,6,1
25559,1,0,6,1
25560,2,3,6,0
25561,5,1,8,3
25562,4,0,1,0
25563,8,2,6,1
25564,0,1,5,0
25565,0,1,6,0
25566,2,3,4,0
25567,0,3,2,1
25568,0,1,1,2
25569,0,1,1,0
25570,0,3,3,0
25571,1,0,2,0
25572,1,2,3,1
25573,1,3,6,0
25574,0,1,6,1
25575,0,0,5,1
25576,1,1,1,0
25577,1,1,5,1
25578,7,6,8,0
25579,0,3,3,1
25580,2,0,5,0
25581,3,2,5,0
25582,0,1,1,1
25583,2,0,4,0
25584,0,1,4,0
25585,1,2,6,0
25586,0,2,4,0
25587,1,1,2,1
25588,3,5,13,2
25589,4,0,5,0
25590,2,1,6,0
25591,1,0,1,0
25592,2,5,8,1
25593,1,0,3,3
25594,3,1,6,0
25595,0,2,5,0
25596,3,0,1,3
25597,0,1,5,1
25598,0,1,6,2
25599,2,0,1,0
25600,4,1,3,1
25601,2,2,6,2
25602,1,2,1,1
25603,0,0,2,0
25604,2,1,2,0
25605,3,6,8,5
25606,0,1,6,1
25607,2,1,4,0
25608,3,4,12,3
25609,2,3,2,0
25610,6,6,5,2
25611,4,3,14,1
25612,1,0,1,1
25613,1,0,2,0
25614,2,0,2,0
25615,0,0,2,2
25616,0,0,1,1
25617,1,0,2,0
25618,3,3,4,2
25619,1,0,4,0
25620,2,0,5,1
25621,2,1,2,0
25622,2,1,3,0
25623,0,1,3,0
25624,1,0,1,2
25625,1,0,3,3
25626,4,0,2,0
25627,1,1,2,0
25628,1,0,6,1
25629,2,0,2,2
25630,1,0,5,1
25631,0,1,4,0
25632,3,2,6,2
25633,3,1,4,1
25634,0,1,6,3
25635,2,1,10,2
25636,3,0,4,0
25637,3,1,3,1
25638,1,2,6,1
25639,2,3,10,1
25640,4,0,6,1
25641,3,4,5,2
25642,7,4,13,4
25643,0,0,6,0
25644,1,1,6,0
25645,1,0,1,1
25646,5,2,10,2
25647,2,0,1,1
25648,0,1,3,0
25649,1,1,3,0
25650,4,4,11,3
25651,3,0,2,2
25652,2,1,3,1
25653,0,0,1,0
25654,1,0,3,2
25655,2,2,3,1
25656,0,1,4,2
25657,3,5,10,2
25658,5,3,8,2
25659,0,0,6,1
25660,1,1,5,0
25661,2,2,5,3
25662,3,2,12,1
25663,2,3,5,2
25664,2,1,5,0
25665,2,2,5,2
25666,5,2,9,3
25667,0,1,5,0
25668,0,0,1,0
25669,7,4,11,3
25670,1,1,3,1
25671,1,2,5,0
25672,2,1,5,0
25673,4,2,3,1
25674,2,1,6,2
25675,4,2,5,0
25676,0,0,2,0
25677,7,4,5,1
25678,1,0,2,2
25679,1,3,3,0
25680,0,0,3,0
25681,0,1,5,0
25682,1,3,5,3
25683,0,1,5,0
25684,2,0,2,0
25685,0,0,6,1
25686,1,0,6,2
25687,4,6,7,4
25688,3,3,14,1
25689,5,2,7,2
25690,4,0,2,0
25691,0,0,4,2
25692,2,1,3,0
25693,2,0,5,1
25694,1,2,14,3
25695,1,0,5,0
25696,1,2,5,0
25697,2,0,1,1
25698,4,3,1,1
25699,1,2,3,0
25700,0,0,1,2
25701,6,2,13,1
25702,3,0,4,0
25703,4,0,4,0
25704,3,1,6,1
25705,2,0,4,1
25706,0,1,3,0
25707,0,0,3,1
25708,1,0,5,0
25709,3,1,9,1
25710,2,3,4,0
25711,4,2,7,1
25712,0,2,2,1
25713,3,1,6,2
25714,4,3,11,2
25715,2,0,2,2
25716,1,1,1,2
25717,0,1,1,3
25718,3,1,4,0
25719,0,3,3,1
25720,1,0,1,0
25721,1,0,1,1
25722,1,0,1,1
25723,1,3,4,0
25724,0,0,2,1
25725,2,1,2,0
25726,1,0,4,1
25727,1,0,5,1
25728,2,0,5,0
25729,0,1,3,0
25730,0,2,5,1
25731,4,1,10,4
25732,1,1,6,0
25733,0,0,5,0
25734,1,0,6,1
25735,1,0,2,0
25736,5,3,9,3
25737,2,1,6,0
25738,1,1,4,1
25739,1,1,3,1
25740,2,1,4,0
25741,5,1,5,2
25742,1,0,1,1
25743,0,3,3,1
25744,1,2,1,0
25745,6,4,14,2
25746,4,2,1,0
25747,2,1,4,1
25748,4,0,6,1
25749,0,0,2,2
25750,2,2,1,0
25751,5,3,11,2
25752,0,1,3,1
25753,4,3,6,2
25754,4,0,2,3
25755,3,1,5,1
25756,1,0,5,1
25757,1,1,4,0
25758,0,1,6,0
25759,5,3,10,1
25760,1,3,6,2
25761,4,0,1,1
25762,1,0,5,1
25763,3,1,3,0
25764,1,2,3,1
25765,1,0,1,0
25766,0,0,5,0
25767,0,0,3,1
25768,1,2,3,0
25769,2,0,5,3
25770,1,0,3,1
25771,3,2,3,0
25772,2,1,1,1
25773,2,0,3,1
25774,2,0,6,0
25775,0,0,2,0
25776,2,3,10,1
25777,1,0,6,0
25778,0,0,4,0
25779,4,3,9,3
25780,1,1,1,0
25781,0,1,1,0
25782,1,0,1,1
25783,2,1,2,0
25784,1,0,5,0
25785,0,1,4,2
25786,1,0,6,2
25787,1,1,3,3
25788,3,0,4,0
25789,0,1,2,1
25790,5,3,10,2
25791,2,3,1,0
25792,8,6,8,3
25793,0,0,4,1
25794,1,2,5,0
25795,2,1,2,0
25796,1,0,4,2
25797,2,0,2,1
25798,4,4,10,2
25799,6,2,14,3
25800,2,0,6,3
25801,0,0,4,1
25802,2,0,6,1
25803,1,2,3,0
25804,3,2,12,2
25805,3,6,14,2
25806,2,0,3,0
25807,5,3,7,4
25808,5,1,9,3
25809,1,4,7,3
25810,0,0,5,0
25811,6,2,12,2
25812,5,4,10,2
25813,0,0,1,0
25814,1,3,10,1
25815,0,0,3,2
25816,0,1,6,1
25817,3,1,3,2
25818,1,3,13,4
25819,0,0,4,0
25820,1,2,3,0
25821,2,2,2,3
25822,0,1,4,2
25823,0,0,4,0
25824,0,3,2,1
25825,2,5,11,1
25826,1,0,2,1
25827,0,2,1,0
25828,0,1,5,1
25829,8,1,14,1
25830,0,0,4,0
25831,3,0,1,2
25832,1,2,2,2
25833,6,4,6,3
25834,0,1,3,0
25835,1,0,4,2
25836,2,2,6,1
25837,0,1,6,0
25838,2,0,2,0
25839,0,1,1,1
25840,2,0,5,0
25841,1,0,1,1
25842,0,0,4,0
25843,1,1,2,0
25844,1,0,1,0
25845,4,0,1,2
25846,1,2,3,0
25847,5,4,9,1
25848,3,0,6,1
25849,2,1,5,0
25850,4,2,5,2
25851,4,3,10,2
25852,1,2,3,1
25853,5,2,12,1
25854,7,3,13,1
25855,2,2,11,1
25856,0,0,2,0
25857,2,0,6,0
25858,6,3,7,3
25859,0,0,2,0
25860,1,1,6,0
25861,2,2,5,1
25862,0,1,1,0
25863,0,1,4,1
25864,4,1,13,1
25865,0,3,4,2
25866,7,3,11,3
25867,2,1,6,1
25868,2,0,1,2
25869,4,5,12,2
25870,0,2,3,0
25871,0,3,6,3
25872,3,0,2,2
25873,2,2,1,0
25874,5,2,11,3
25875,4,0,4,0
25876,4,2,5,2
25877,0,0,3,1
25878,1,1,1,1
25879,2,4,13,0
25880,2,0,2,1
25881,3,5,8,2
25882,2,0,4,2
25883,0,0,5,0
25884,0,1,4,1
25885,0,0,1,0
25886,3,1,3,2
25887,2,1,5,1
25888,5,5,8,4
25889,3,0,2,3
25890,3,1,3,1
25891,4,2,13,1
25892,0,1,6,0
25893,5,2,9,4
25894,1,0,3,3
25895,3,2,6,3
25896,1,0,6,0
25897,0,0,4,0
25898,1,1,2,0
25899,6,2,10,2
25900,0,0,5,1
25901,0,1,3,1
25902,1,1,6,0
25903,0,0,1,0
25904,1,2,2,0
25905,2,5,11,3
25906,3,1,1,1
25907,1,2,6,2
25908,4,3,9,2
25909,5,1,13,2
25910,4,3,13,2
25911,3,1,6,0
25912,6,3,14,3
25913,0,2,3,0
25914,2,1,6,0
25915,8,3,10,3
25916,2,0,3,0
25917,3,5,5,0
25918,4,0,2,0
25919,2,3,5,1
25920,2,2,12,2
25921,4,1,1,1
25922,3,0,3,1
25923,1,0,3,1
25924,1,0,4,0
25925,0,0,1,0
25926,1,2,5,0
25927,1,0,1,0
25928,1,0,4,1
25929,1,2,6,3
25930,3,4,12,3
25931,3,0,3,1
25932,0,1,2,0
25933,2,0,3,0
25934,3,3,4,1
25935,3,1,4,0
25936,4,6,12,2
25937,1,2,1,0
25938,1,0,4,0
25939,2,1,2,1
25940,1,0,6,1
25941,1,1,4,0
25942,4,4,9,2
25943,5,2,13,2
25944,6,1,9,3
25945,1,0,3,1
25946,1,1,2,0
25947,7,3,10,2
25948,1,2,6,0
25949,0,2,1,1
25950,3,1,1,0
25951,1,2,1,2
25952,1,0,4,2
25953,5,2,10,2
25954,0,1,5,0
25955,3,1,2,0
25956,1,0,1,0
25957,2,2,7,3
25958,1,3,4,0
25959,4,0,4,0
25960,1,0,1,0
25961,0,1,4,1
25962,0,0,4,1
25963,2,0,5,0
25964,1,1,4,1
25965,1,2,1,2
25966,0,1,5,1
25967,2,2,5,0
25968,4,0,6,0
25969,1,0,6,2
25970,1,3,1,2
25971,3,2,4,1
25972,0,0,5,1
25973,3,2,11,3
25974,4,2,7,2
25975,2,1,2,0
25976,1,2,4,1
25977,1,1,5,1
25978,1,2,4,0
25979,2,3,1,2
25980,2,3,6,0
25981,1,1,5,2
25982,4,3,9,1
25983,0,1,1,2
25984,5,2,8,1
25985,3,1,1,1
25986,3,0,3,0
25987,0,1,1,0
25988,2,1,1,0
25989,3,0,1,1
25990,1,1,5,1
25991,0,0,4,1
25992,0,2,5,1
25993,1,3,2,1
25994,6,4,10,2
25995,3,0,3,0
25996,1,0,5,0
25997,1,0,4,0
25998,0,0,1,1
25999,2,0,3,0
26000,6,3,12,2
26001,1,0,6,1
26002,4,0,4,0
26003,2,3,5,1
26004,1,2,2,0
26005,1,1,4,2
26006,2,0,5,0
26007,2,2,1,0
26008,3,0,4,1
26009,2,1,4,2
26010,1,0,4,1
26011,1,1,1,0
26012,5,3,7,2
26013,4,0,4,3
26014,2,1,6,3
26015,0,0,4,1
26016,1,2,5,0
26017,3,3,13,1
26018,1,1,5,1
26019,4,0,2,0
26020,2,0,6,1
26021,1,0,4,1
26022,0,0,5,1
26023,2,0,1,0
26024,0,1,1,0
26025,0,1,5,0
26026,4,5,13,2
26027,3,5,10,1
26028,0,1,4,0
26029,1,2,6,0
26030,0,2,1,3
26031,4,0,2,1
26032,2,4,10,2
26033,2,1,6,1
26034,2,0,1,0
26035,3,1,6,1
26036,0,1,3,1
26037,1,0,6,0
26038,1,0,6,1
26039,1,0,2,1
26040,1,0,3,0
26041,3,1,4,0
26042,2,0,5,1
26043,1,2,3,2
26044,0,1,3,0
26045,1,0,5,3
26046,1,2,4,0
26047,5,1,12,1
26048,5,1,7,5
26049,1,1,4,1
26050,4,2,6,1
26051,6,2,6,3
26052,2,1,4,2
26053,1,1,3,0
26054,2,3,7,1
26055,1,1,5,0
26056,4,1,3,0
26057,3,1,1,0
26058,1,1,4,0
26059,0,1,6,0
26060,5,1,13,1
26061,6,3,11,1
26062,3,1,6,2
26063,0,2,4,0
26064,1,1,6,2
26065,5,6,6,3
26066,2,0,6,0
26067,3,1,2,0
26068,1,1,1,0
26069,2,0,6,2
26070,0,0,4,0
26071,3,2,1,1
26072,2,2,1,0
26073,3,3,5,3
26074,2,0,3,0
26075,7,4,14,4
26076,2,4,14,2
26077,1,1,4,2
26078,2,1,3,1
26079,1,1,2,2
26080,2,2,2,0
26081,0,1,4,1
26082,2,3,2,1
26083,2,2,6,1
26084,5,2,7,2
26085,1,2,5,0
26086,0,1,1,1
26087,0,1,4,0
26088,5,3,11,3
26089,1,1,6,0
26090,0,1,2,0
26091,4,4,14,1
26092,3,1,1,3
26093,0,3,4,0
26094,1,0,6,0
26095,3,2,4,0
26096,1,1,5,0
26097,1,1,2,2
26098,2,2,2,0
26099,3,0,5,0
26100,2,0,3,0
26101,3,2,4,2
26102,2,0,5,3
26103,3,3,14,2
26104,1,0,3,0
26105,0,2,4,1
26106,1,1,4,0
26107,0,1,2,0
26108,2,1,2,2
26109,1,0,5,2
26110,1,0,3,0
26111,1,2,6,0
26112,0,1,3,2
26113,1,1,1,2
26114,1,2,4,0
26115,6,6,11,4
26116,0,1,4,0
26117,7,4,7,2
26118,3,3,2,0
26119,3,0,6,1
26120,1,0,1,0
26121,1,1,5,1
26122,0,0,2,2
26123,0,0,5,0
26124,2,0,2,1
26125,1,1,1,1
26126,1,0,2,1
26127,5,4,5,2
26128,3,1,6,0
26129,3,0,1,2
26130,1,0,1,1
26131,1,0,5,0
26132,5,3,7,2
26133,5,4,10,2
26134,0,3,1,1
26135,1,2,6,2
26136,2,0,5,0
26137,0,2,5,0
26138,0,0,2,1
26139,4,2,8,1
26140,5,4,9,2
26141,2,1,2,1
26142,2,2,5,0
26143,3,5,11,2
26144,2,1,1,2
26145,0,0,4,3
26146,4,0,3,0
26147,4,1,11,1
26148,1,0,3,2
26149,1,0,6,0
26150,3,0,4,0
26151,0,0,1,0
26152,4,2,14,1
26153,3,3,6,1
26154,1,0,6,0
26155,0,1,3,1
26156,2,2,7,3
26157,1,2,4,0
26158,3,3,3,3
26159,5,3,13,2
26160,2,1,3,1
26161,1,3,3,0
26162,1,1,3,0
26163,5,5,5,3
26164,0,1,1,1
26165,1,0,4,0
26166,1,2,2,0
26167,6,3,14,4
26168,0,2,1,1
26169,1,1,3,2
26170,0,0,5,3
26171,0,2,4,1
26172,1,2,5,0
26173,1,1,4,0
26174,2,1,4,2
26175,0,1,3,0
26176,3,5,10,2
26177,1,0,1,0
26178,1,2,5,0
26179,2,1,3,2
26180,2,3,5,2
26181,2,2,5,1
26182,1,2,1,1
26183,8,4,7,1
26184,4,2,13,2
26185,1,1,4,1
26186,3,0,1,2
26187,5,3,7,2
26188,2,1,3,0
26189,1,1,5,0
26190,3,5,7,2
26191,0,2,3,1
26192,1,1,1,1
26193,0,1,3,0
26194,3,2,1,0
26195,0,0,6,0
26196,1,0,5,0
26197,0,1,3,3
26198,0,1,5,1
26199,1,2,4,1
26200,2,3,11,2
26201,0,3,2,0
26202,0,1,1,1
26203,2,1,4,0
26204,5,3,12,1
26205,1,1,6,2
26206,3,2,3,0
26207,4,4,9,1
26208,1,0,3,0
26209,1,1,1,1
26210,1,0,1,2
26211,2,0,4,0
26212,2,4,9,1
26213,2,4,10,1
26214,4,2,8,1
26215,1,1,6,0
26216,0,0,3,1
26217,3,4,14,1
26218,1,0,1,1
26219,2,3,3,1
26220,5,3,10,0
26221,1,1,5,0
26222,4,5,6,3
26223,8,4,14,2
26224,4,0,4,1
26225,2,0,6,1
26226,5,5,12,2
26227,3,0,1,1
26228,0,0,5,1
26229,1,1,1,2
26230,1,0,4,0
26231,2,0,4,0
26232,1,1,2,1
26233,3,1,5,0
26234,1,0,5,0
26235,5,2,13,2
26236,4,2,4,0
26237,1,1,3,0
26238,0,2,4,1
26239,5,3,9,2
26240,0,0,6,1
26241,5,3,9,2
26242,2,1,1,1
26243,3,3,3,0
26244,0,3,3,1
26245,1,1,1,2
26246,2,0,5,3
26247,1,2,5,0
26248,2,1,5,0
26249,0,2,3,0
26250,1,0,6,0
26251,4,1,6,0
26252,3,2,3,1
26253,2,3,4,0
26254,2,2,5,2
26255,3,0,6,3
26256,1,0,2,0
26257,1,1,2,2
26258,1,0,2,0
26259,0,0,6,1
26260,2,0,6,1
26261,2,1,5,0
26262,0,1,2,0
26263,5,4,6,1
26264,5,4,14,3
26265,2,3,2,0
26266,1,0,2,0
26267,1,3,2,0
26268,4,3,7,2
26269,1,2,1,1
26270,1,2,5,1
26271,6,2,9,3
26272,6,2,14,5
26273,1,0,4,0
26274,1,0,3,2
26275,0,0,3,1
26276,8,2,8,2
26277,2,0,5,0
26278,0,0,6,0
26279,0,0,2,2
26280,6,3,11,1
26281,2,0,6,2
26282,6,5,9,3
26283,3,0,4,0
26284,0,1,5,1
26285,0,1,2,0
26286,1,1,1,0
26287,0,3,4,0
26288,3,0,1,0
26289,2,0,3,0
26290,0,0,2,2
26291,0,1,3,0
26292,2,2,1,0
26293,1,3,1,0
26294,0,1,5,0
26295,2,0,2,2
26296,1,1,2,1
26297,1,0,4,0
26298,1,2,2,0
26299,3,2,10,2
26300,1,0,4,1
26301,4,6,7,1
26302,4,2,9,2
26303,2,0,4,0
26304,0,3,5,1
26305,1,0,5,3
26306,1,1,3,1
26307,1,0,1,2
26308,0,1,4,1
26309,4,1,4,1
26310,1,1,1,1
26311,4,3,7,3
26312,3,1,1,0
26313,3,1,5,0
26314,1,0,1,1
26315,2,1,5,0
26316,1,1,1,0
26317,1,1,5,0
26318,1,0,6,3
26319,0,0,5,1
26320,0,0,4,3
26321,6,3,7,1
26322,3,0,1,2
26323,1,2,6,0
26324,2,1,4,1
26325,3,3,4,2
26326,0,1,1,0
26327,4,0,4,2
26328,1,0,5,2
26329,1,2,3,1
26330,0,0,3,2
26331,6,5,10,1
26332,1,0,5,0
26333,0,0,1,2
26334,1,1,2,0
26335,2,0,1,1
26336,0,2,5,0
26337,1,2,4,1
26338,3,1,1,0
26339,0,2,3,2
26340,0,0,5,1
26341,2,2,3,0
26342,0,0,1,2
26343,4,1,13,4
26344,1,3,2,0
26345,7,4,7,3
26346,4,2,3,0
26347,1,0,5,0
26348,2,0,5,0
26349,1,1,4,3
26350,2,1,2,1
26351,1,2,2,1
26352,0,1,1,0
26353,1,1,3,2
26354,1,0,3,1
26355,3,6,13,1
26356,0,1,2,0
26357,0,2,5,0
26358,1,0,2,1
26359,0,0,2,2
26360,3,0,6,1
26361,0,1,3,3
26362,1,0,2,2
26363,1,3,2,1
26364,1,2,1,0
26365,7,6,13,1
26366,3,0,5,1
26367,1,0,1,0
26368,1,1,3,1
26369,0,0,6,1
26370,2,0,3,1
26371,5,5,10,1
26372,3,0,3,0
26373,2,3,5,1
26374,2,1,5,1
26375,0,0,1,1
26376,3,0,2,1
26377,3,1,6,1
26378,1,2,6,1
26379,0,2,5,1
26380,3,1,3,1
26381,3,1,4,1
26382,2,3,3,1
26383,1,3,10,1
26384,1,0,3,2
26385,3,0,4,1
26386,7,1,10,3
26387,0,2,6,3
26388,0,0,5,1
26389,0,3,1,1
26390,3,2,3,0
26391,3,3,7,2
26392,1,0,2,0
26393,2,1,2,1
26394,1,2,5,0
26395,3,2,7,3
26396,0,1,5,1
26397,0,0,5,0
26398,3,1,1,0
26399,0,1,3,0
26400,1,3,1,3
26401,4,3,11,2
26402,0,1,5,0
26403,1,2,1,1
26404,0,3,6,1
26405,1,3,4,1
26406,1,0,2,0
26407,2,0,5,0
26408,3,3,6,3
26409,0,1,4,0
26410,2,0,6,0
26411,1,1,6,3
26412,4,0,2,0
26413,1,0,4,0
26414,3,2,10,3
26415,1,1,4,1
26416,2,0,4,1
26417,0,0,1,2
26418,1,1,4,1
26419,1,0,2,1
26420,4,0,4,0
26421,2,2,1,0
26422,4,4,9,2
26423,1,1,4,1
26424,3,1,5,0
26425,4,5,14,1
26426,1,0,3,1
26427,2,1,2,3
26428,4,0,1,2
26429,4,2,2,0
26430,1,1,6,2
26431,3,6,11,2
26432,0,1,2,3
26433,1,0,6,0
26434,2,0,1,0
26435,0,3,1,1
26436,0,2,4,1
26437,1,0,2,0
26438,1,1,2,0
26439,0,1,5,0
26440,0,0,2,1
26441,1,2,6,0
26442,2,0,6,1
26443,1,1,6,2
26444,0,1,5,1
26445,1,1,5,1
26446,2,1,5,0
26447,8,3,7,1
26448,2,1,3,1
26449,4,0,5,0
26450,4,3,5,1
26451,1,0,3,0
26452,2,2,7,1
26453,6,5,10,3
26454,3,0,6,0
26455,3,3,12,2
26456,0,2,4,0
26457,0,1,2,0
26458,2,2,1,2
26459,1,0,5,0
26460,3,1,6,1
26461,4,6,11,1
26462,1,2,4,1
26463,2,0,4,1
26464,3,0,1,0
26465,2,1,3,0
26466,3,1,3,2
26467,2,2,4,1
26468,1,0,3,0
26469,0,0,2,1
26470,0,1,4,0
26471,2,0,6,0
26472,0,1,5,0
26473,6,2,12,1
26474,3,1,3,0
26475,1,2,4,0
26476,1,0,2,0
26477,3,1,5,0
26478,2,0,4,0
26479,4,5,12,1
26480,3,0,4,0
26481,8,4,11,2
26482,1,0,3,0
26483,3,4,14,2
26484,2,5,7,2
26485,0,1,4,2
26486,3,0,6,1
26487,1,1,3,1
26488,2,1,5,1
26489,1,1,5,1
26490,3,2,12,1
26491,0,0,1,0
26492,4,3,9,2
26493,0,1,1,1
26494,6,4,14,2
26495,4,5,10,2
26496,1,0,5,0
26497,0,1,3,0
26498,0,3,4,1
26499,0,0,6,1
26500,2,0,2,3
26501,4,3,2,1
26502,2,0,2,0
26503,1,1,2,0
26504,1,2,1,0
26505,0,1,3,0
26506,1,3,1,0
26507,4,0,4,1
26508,0,1,3,0
26509,1,1,3,0
26510,5,3,9,0
26511,2,3,4,1
26512,0,2,2,0
26513,1,0,5,1
26514,1,2,6,1
26515,3,2,6,1
26516,0,3,1,0
26517,0,0,2,2
26518,2,3,5,0
26519,3,0,4,0
26520,0,0,2,1
26521,3,4,12,2
26522,0,1,2,2
26523,0,1,5,1
26524,3,0,1,0
26525,0,1,6,2
26526,2,0,5,1
26527,3,3,8,2
26528,0,0,1,0
26529,1,1,4,1
26530,0,0,2,1
26531,3,3,5,0
26532,0,0,6,0
26533,2,0,2,1
26534,3,6,11,2
26535,1,1,6,0
26536,1,0,6,1
26537,1,0,1,1
26538,3,5,9,2
26539,1,0,1,1
26540,2,3,5,2
26541,0,1,1,1
26542,2,0,6,2
26543,2,0,4,0
26544,4,2,12,3
26545,1,1,2,1
26546,6,2,5,1
26547,1,0,6,0
26548,1,0,6,2
26549,2,1,6,1
26550,0,0,1,0
26551,1,1,3,0
26552,4,2,1,3
26553,2,1,2,0
26554,2,2,1,0
26555,3,2,11,3
26556,1,1,3,1
26557,0,0,1,1
26558,3,2,10,2
26559,0,0,5,0
26560,4,1,1,1
26561,2,0,3,1
26562,3,3,6,3
26563,3,1,1,0
26564,0,3,3,1
26565,4,1,3,0
26566,3,4,14,4
26567,1,2,2,3
26568,1,0,5,0
26569,2,2,3,2
26570,0,1,6,1
26571,2,1,1,1
26572,5,2,14,1
26573,1,0,1,0
26574,1,2,5,2
26575,0,3,1,0
26576,0,0,6,0
26577,0,0,1,1
26578,0,0,4,0
26579,4,0,1,2
26580,1,0,3,1
26581,3,2,6,1
26582,1,2,2,2
26583,5,2,12,2
26584,3,2,2,2
26585,4,1,4,3
26586,0,0,3,2
26587,2,1,3,1
26588,4,3,14,3
26589,2,2,5,0
26590,2,0,4,1
26591,2,3,7,1
26592,0,1,4,0
26593,0,0,4,3
26594,0,3,1,0
26595,0,0,2,0
26596,5,6,9,3
26597,0,0,5,2
26598,1,6,5,3
26599,0,1,5,1
26600,0,0,3,0
26601,1,1,5,0
26602,0,1,6,0
26603,3,1,5,0
26604,1,0,6,0
26605,0,1,4,0
26606,0,3,4,0
26607,0,1,3,1
26608,2,3,9,3
26609,2,3,3,0
26610,2,2,3,1
26611,2,0,3,0
26612,1,3,6,1
26613,1,1,2,0
26614,0,1,6,1
26615,1,3,1,0
26616,0,2,4,0
26617,0,3,1,0
26618,2,0,2,1
26619,5,5,5,2
26620,8,2,8,1
26621,2,2,1,0
26622,4,0,1,0
26623,8,3,13,2
26624,0,0,6,0
26625,2,0,2,1
26626,0,0,5,0
26627,3,1,6,0
26628,1,2,5,0
26629,0,2,5,0
26630,1,0,3,0
26631,0,0,5,1
26632,1,2,3,0
26633,5,2,11,3
26634,2,1,4,0
26635,0,3,2,3
26636,3,4,8,2
26637,5,3,5,2
26638,2,1,2,0
26639,1,1,4,1
26640,0,0,6,0
26641,3,2,6,0
26642,7,4,7,1
26643,5,4,7,1
26644,2,0,3,0
26645,7,3,10,2
26646,3,2,5,1
26647,0,1,6,1
26648,3,2,3,1
26649,2,0,1,2
26650,3,6,10,5
26651,5,5,11,1
26652,3,2,5,2
26653,0,0,4,3
26654,2,1,1,0
26655,5,4,11,2
26656,1,0,6,1
26657,3,3,7,3
26658,1,1,5,0
26659,3,3,5,3
26660,1,3,6,1
26661,3,0,5,1
26662,2,0,4,0
26663,1,2,4,3
26664,0,0,4,0
26665,0,1,5,2
26666,1,1,1,1
26667,2,3,6,1
26668,1,2,3,1
26669,5,3,5,3
26670,2,0,2,0
26671,0,0,3,1
26672,0,1,1,0
26673,0,0,3,0
26674,0,0,6,1
26675,4,4,14,1
26676,0,1,3,2
26677,0,1,5,0
26678,5,3,7,1
26679,0,0,1,1
26680,0,0,6,2
26681,1,1,2,0
26682,1,0,6,0
26683,1,1,4,0
26684,0,0,3,1
26685,7,1,8,0
26686,0,0,5,0
26687,1,0,1,0
26688,1,0,5,1
26689,6,4,6,2
26690,2,3,6,1
26691,6,4,6,2
26692,4,2,14,3
26693,3,0,4,2
26694,0,1,4,0
26695,2,0,1,3
26696,2,2,1,1
26697,2,1,3,1
26698,1,1,6,0
26699,3,3,13,4
26700,3,2,8,2
26701,0,1,3,1
26702,3,0,2,0
26703,5,3,6,2
26704,1,1,6,0
26705,5,4,6,1
26706,2,3,2,0
26707,1,0,3,1
26708,1,1,1,0
26709,3,2,11,3
26710,3,2,6,0
26711,3,3,14,1
26712,0,1,6,0
26713,2,0,5,0
26714,8,3,10,2
26715,2,0,6,0
26716,0,0,6,0
26717,1,2,1,2
26718,2,4,8,4
26719,4,5,12,2
26720,0,3,5,2
26721,1,1,1,1
26722,1,1,2,0
26723,0,2,2,1
26724,8,5,14,2
26725,0,2,6,0
26726,1,1,2,2
26727,2,0,3,0
26728,2,0,5,1
26729,5,3,9,2
26730,3,0,1,0
26731,3,0,2,0
26732,0,2,2,0
26733,3,5,5,2
26734,4,4,13,2
26735,5,5,8,1
26736,4,3,8,1
26737,1,0,6,1
26738,3,0,4,0
26739,1,0,5,1
26740,0,1,2,1
26741,2,3,3,0
26742,1,1,6,2
26743,3,0,3,0
26744,4,2,5,1
26745,0,1,1,1
26746,2,0,5,1
26747,1,1,1,1
26748,0,0,3,0
26749,1,1,4,0
26750,2,1,6,0
26751,1,3,2,0
26752,0,0,6,3
26753,1,0,1,0
26754,1,1,2,0
26755,0,0,1,1
26756,1,0,3,0
26757,0,3,1,1
26758,0,2,4,2
26759,0,0,6,2
26760,6,3,13,1
26761,2,3,6,0
26762,1,0,4,0
26763,3,0,2,1
26764,0,1,1,0
26765,4,1,2,2
26766,2,0,6,0
26767,1,1,2,0
26768,2,1,5,0
26769,3,2,1,0
26770,3,0,1,0
26771,1,0,6,0
26772,1,1,6,0
26773,2,0,1,1
26774,2,1,4,2
26775,4,2,3,2
26776,2,0,1,0
26777,3,2,9,2
26778,1,0,1,1
26779,5,2,7,3
26780,2,0,5,0
26781,2,2,4,0
26782,3,0,4,1
26783,3,0,3,3
26784,2,0,2,0
26785,2,1,4,1
26786,4,3,6,0
26787,1,1,5,0
26788,1,0,1,3
26789,5,2,7,3
26790,1,2,1,3
26791,1,0,3,1
26792,1,0,6,0
26793,3,0,5,0
26794,0,2,3,0
26795,2,1,4,0
26796,2,0,3,2
26797,1,1,3,0
26798,4,3,12,2
26799,2,3,6,1
26800,0,2,5,3
26801,1,2,4,0
26802,1,0,6,0
26803,1,3,6,0
26804,3,0,4,0
26805,1,2,1,0
26806,0,1,3,0
26807,1,1,5,2
26808,1,1,2,2
26809,0,2,5,2
26810,0,1,4,3
26811,1,3,1,2
26812,0,0,4,2
26813,0,0,1,0
26814,0,1,2,1
26815,0,1,5,0
26816,1,0,1,1
26817,1,1,4,0
26818,2,1,5,0
26819,0,2,5,2
26820,0,1,5,1
26821,2,3,10,0
26822,0,1,1,0
26823,3,2,12,1
26824,2,0,4,0
26825,1,0,6,0
26826,0,1,5,0
26827,0,0,4,0
26828,1,0,2,1
26829,5,3,10,4
26830,5,3,12,2
26831,0,3,4,1
26832,4,1,8,1
26833,1,0,5,0
26834,0,0,6,1
26835,1,1,2,2
26836,2,5,14,3
26837,3,2,6,2
26838,3,2,14,1
26839,0,3,1,2
26840,0,2,1,0
26841,2,2,5,0
26842,0,0,3,1
26843,0,1,6,2
26844,3,1,3,2
26845,0,0,1,0
26846,1,3,5,1
26847,0,0,3,1
26848,1,0,5,1
26849,3,2,6,0
26850,2,1,3,2
26851,4,4,8,2
26852,1,1,6,1
26853,1,1,1,0
26854,1,0,6,0
26855,6,5,7,1
26856,0,1,4,2
26857,1,0,4,0
26858,2,0,3,0
26859,4,0,3,1
26860,2,3,6,0
26861,2,2,3,2
26862,1,1,6,0
26863,1,2,1,1
26864,1,0,5,2
26865,1,2,5,0
26866,0,1,5,2
26867,2,1,6,2
26868,2,1,5,1
26869,0,0,5,2
26870,4,4,13,3
26871,1,3,6,0
26872,1,1,4,0
26873,3,0,5,0
26874,1,1,2,0
26875,3,5,14,3
26876,4,0,6,2
26877,2,0,2,2
26878,0,1,6,0
26879,0,2,6,1
26880,3,4,11,1
26881,6,3,13,2
26882,2,1,5,1
26883,0,1,3,0
26884,0,1,1,1
26885,1,0,2,0
26886,0,0,6,0
26887,1,1,2,3
26888,2,0,3,1
26889,8,4,11,3
26890,2,0,6,1
26891,0,3,6,1
26892,0,0,5,2
26893,1,1,6,0
26894,4,3,7,0
26895,3,2,1,2
26896,2,5,10,3
26897,1,1,6,0
26898,3,4,6,1
26899,2,0,6,0
26900,1,1,5,0
26901,0,0,5,0
26902,4,0,4,3
26903,6,1,10,3
26904,2,0,2,3
26905,1,0,1,1
26906,0,3,6,0
26907,1,2,3,0
26908,2,1,6,1
26909,5,3,13,2
26910,2,1,5,2
26911,7,3,12,1
26912,4,2,3,1
26913,4,3,11,1
26914,3,4,14,2
26915,3,4,10,2
26916,2,1,4,1
26917,2,0,3,0
26918,1,1,4,0
26919,2,0,6,3
26920,0,0,3,0
26921,1,1,1,0
26922,0,0,6,2
26923,1,0,3,0
26924,1,0,1,3
26925,4,0,4,3
26926,1,2,6,0
26927,3,0,1,0
26928,0,1,3,0
26929,1,0,6,2
26930,2,0,2,0
26931,2,0,2,1
26932,2,1,3,0
26933,4,2,12,2
26934,3,1,2,2
26935,1,2,5,0
26936,1,0,5,0
26937,1,0,5,3
26938,1,1,1,0
26939,1,0,3,0
26940,2,2,4,1
26941,2,0,1,0
26942,1,0,3,0
26943,4,1,1,1
26944,1,1,2,0
26945,0,2,2,0
26946,0,0,3,2
26947,4,5,11,2
26948,0,0,1,2
26949,3,1,14,2
26950,0,3,4,0
26951,0,1,5,0
26952,1,2,1,0
26953,3,0,1,0
26954,0,1,6,2
26955,3,2,1,1
26956,0,2,6,3
26957,1,2,3,0
26958,0,0,5,2
26959,6,3,10,2
26960,5,3,10,3
26961,1,0,5,0
26962,4,2,6,1
26963,0,1,5,0
26964,1,0,5,0
26965,8,2,11,1
26966,2,0,1,1
26967,3,2,4,0
26968,3,1,5,3
26969,1,0,5,1
26970,0,1,1,0
26971,3,2,11,2
26972,8,4,5,1
26973,4,1,4,2
26974,0,0,4,1
26975,2,1,6,1
26976,0,1,5,2
26977,1,2,7,4
26978,1,0,6,0
26979,2,2,6,1
26980,0,1,5,0
26981,2,1,1,2
26982,0,1,4,1
26983,1,0,5,0
26984,1,1,3,1
26985,1,1,2,0
26986,0,0,1,0
26987,1,0,4,0
26988,3,3,13,3
26989,0,3,2,3
26990,1,0,4,0
26991,5,2,7,1
26992,1,1,4,0
26993,2,0,3,0
26994,1,0,2,0
26995,2,4,14,3
26996,1,1,1,2
26997,5,4,12,3
26998,2,2,5,1
26999,1,1,5,1
27000,3,5,14,2
27001,1,1,2,0
27002,0,3,6,0
27003,7,4,13,1
27004,2,0,1,1
27005,1,0,5,0
27006,6,2,14,2
27007,1,1,4,0
27008,3,1,9,1
27009,0,1,2,2
27010,1,0,1,0
27011,1,0,1,1
27012,3,2,10,4
27013,0,0,1,1
27014,0,0,2,1
27015,4,1,4,0
27016,1,2,6,3
27017,1,0,2,0
27018,2,3,5,1
27019,2,0,1,2
27020,2,3,10,1
27021,0,2,1,1
27022,0,1,4,1
27023,3,0,5,0
27024,4,3,1,0
27025,3,1,3,0
27026,1,1,6,1
27027,0,2,1,1
27028,3,0,2,0
27029,1,1,4,1
27030,0,2,5,3
27031,1,0,2,0
27032,2,0,3,0
27033,3,1,4,1
27034,0,3,3,0
27035,0,0,1,1
27036,5,2,9,1
27037,3,1,1,1
27038,0,0,3,3
27039,5,2,13,3
27040,1,2,6,0
27041,4,3,8,3
27042,1,0,3,2
27043,2,2,3,0
27044,3,0,2,0
27045,3,0,6,0
27046,1,2,6,3
27047,5,2,12,4
27048,1,2,2,2
27049,2,0,4,0
27050,2,1,5,0
27051,2,1,1,1
27052,1,2,2,0
27053,0,1,2,0
27054,3,6,12,1
27055,3,0,2,0
27056,0,2,4,2
27057,0,1,4,1
27058,3,1,6,1
27059,1,2,5,0
27060,4,3,5,0
27061,1,1,3,0
27062,3,1,8,3
27063,0,0,2,0
27064,2,1,6,0
27065,7,1,6,3
27066,2,2,6,3
27067,0,1,1,0
27068,6,3,7,1
27069,1,0,2,1
27070,0,1,3,1
27071,2,1,5,1
27072,1,3,5,0
27073,1,2,6,0
27074,1,0,5,0
27075,0,0,4,1
27076,0,0,2,0
27077,3,0,1,0
27078,1,0,1,0
27079,3,2,9,2
27080,1,1,4,1
27081,2,1,2,2
27082,0,1,5,1
27083,1,1,5,0
27084,2,2,4,2
27085,4,1,6,0
27086,0,3,4,0
27087,4,4,10,4
27088,0,1,2,0
27089,3,3,11,1
27090,4,3,4,0
27091,4,3,8,2
27092,0,1,4,0
27093,0,2,6,0
27094,5,3,12,5
27095,1,1,6,1
27096,0,0,3,0
27097,2,2,4,3
27098,1,2,6,1
27099,1,2,3,0
27100,2,2,2,1
27101,1,1,5,0
27102,0,1,3,0
27103,0,0,1,2
27104,1,3,2,2
27105,0,1,4,0
27106,3,0,1,1
27107,1,1,5,0
27108,1,0,5,0
27109,2,0,3,1
27110,0,1,4,2
27111,1,2,1,0
27112,6,3,5,3
27113,4,3,6,1
27114,2,2,6,0
27115,4,1,3,2
27116,3,1,2,1
27117,1,0,1,2
27118,2,0,3,1
27119,1,0,5,0
27120,1,0,5,1
27121,4,1,3,0
27122,1,1,4,0
27123,2,1,5,1
27124,2,0,5,2
27125,2,3,5,0
27126,2,2,8,3
27127,1,1,5,0
27128,3,1,6,4
27129,2,1,6,1
27130,1,3,1,1
27131,1,0,4,1
27132,4,2,2,0
27133,0,1,2,1
27134,2,1,6,1
27135,1,1,1,1
27136,4,1,11,2
27137,4,0,6,0
27138,0,2,2,1
27139,0,1,4,2
27140,0,0,6,0
27141,3,0,3,0
27142,1,0,4,1
27143,1,1,1,1
27144,1,3,2,2
27145,7,3,12,1
27146,2,1,4,3
27147,1,1,2,3
27148,5,3,13,4
27149,0,1,1,0
27150,0,0,4,0
27151,4,3,7,3
27152,2,0,4,2
27153,3,1,3,0
27154,0,1,6,0
27155,1,1,11,2
27156,1,1,2,1
27157,0,1,1,1
27158,2,3,1,1
27159,0,0,4,0
27160,0,0,6,1
27161,4,4,13,0
27162,0,0,1,3
27163,4,2,14,1
27164,1,3,1,1
27165,1,2,6,2
27166,0,1,3,1
27167,1,2,4,2
27168,7,3,8,1
27169,1,2,1,2
27170,0,0,6,1
27171,0,2,4,1
27172,2,0,6,0
27173,1,2,5,2
27174,0,1,5,0
27175,2,0,5,2
27176,5,4,14,2
27177,1,0,4,1
27178,2,0,4,0
27179,2,0,5,0
27180,1,3,1,0
27181,3,3,5,2
27182,3,0,2,1
27183,2,1,6,1
27184,2,2,2,0
27185,1,0,6,3
27186,5,1,7,2
27187,3,2,1,1
27188,0,0,1,2
27189,0,0,5,0
27190,7,2,6,3
27191,0,1,1,2
27192,2,1,3,1
27193,4,3,8,4
27194,0,1,1,3
27195,1,0,1,0
27196,1,0,2,0
27197,1,1,4,0
27198,2,3,6,1
27199,2,1,5,0
27200,5,3,7,4
27201,1,1,5,1
27202,3,3,7,1
27203,4,1,1,0
27204,2,0,2,3
27205,1,2,5,0
27206,3,0,5,0
27207,3,5,11,2
27208,2,3,2,3
27209,2,2,2,0
27210,1,0,5,1
27211,2,2,1,0
27212,7,6,14,0
27213,0,1,1,1
27214,1,2,1,0
27215,1,0,6,0
27216,2,1,4,0
27217,1,3,2,2
27218,5,5,14,3
27219,2,0,5,2
27220,1,1,5,1
27221,2,3,2,1
27222,0,0,6,2
27223,0,3,1,2
27224,2,4,14,2
27225,0,2,6,1
27226,1,1,4,1
27227,5,4,6,3
27228,0,1,3,0
27229,2,1,4,0
27230,1,1,5,1
27231,1,1,5,0
27232,1,1,2,2
27233,4,4,7,2
27234,3,0,3,0
27235,0,0,2,1
27236,0,0,6,1
27237,2,2,6,0
27238,0,0,2,2
27239,0,0,1,2
27240,0,2,6,2
27241,4,1,8,1
27242,1,1,5,0
27243,3,2,4,0
27244,3,1,1,2
27245,2,2,2,0
27246,2,0,6,1
27247,2,0,1,0
27248,2,3,4,0
27249,1,2,6,1
27250,1,1,2,2
27251,4,0,3,1
27252,0,2,4,1
27253,1,1,1,2
27254,4,1,3,2
27255,3,3,5,1
27256,1,1,3,2
27257,1,3,6,0
27258,1,1,2,1
27259,2,2,1,0
27260,1,3,5,1
27261,1,0,2,0
27262,0,2,5,2
27263,1,3,4,1
27264,1,2,3,1
27265,0,0,4,3
27266,0,0,6,0
27267,1,2,5,0
27268,0,0,2,0
27269,2,1,3,2
27270,3,6,8,3
27271,8,3,10,2
27272,4,2,5,1
27273,1,0,2,1
27274,1,0,3,2
27275,1,3,2,2
27276,3,2,6,0
27277,0,0,6,0
27278,2,1,3,0
27279,3,3,2,1
27280,1,1,1,1
27281,0,0,3,1
27282,3,0,5,0
27283,3,4,5,4
27284,1,1,2,0
27285,1,1,4,1
27286,1,0,1,2
27287,1,2,4,0
27288,0,1,1,0
27289,2,0,2,1
27290,1,0,3,3
27291,0,2,1,0
27292,0,1,1,0
27293,1,2,1,0
27294,5,3,5,3
27295,0,1,6,2
27296,7,2,11,1
27297,4,1,2,0
27298,0,0,1,0
27299,3,1,3,0
27300,3,0,2,2
27301,1,1,5,1
27302,1,0,5,1
27303,0,1,5,1
27304,5,2,13,2
27305,6,1,12,3
27306,2,0,2,0
27307,4,3,13,0
27308,2,1,2,0
27309,1,3,3,2
27310,4,3,6,3
27311,0,0,6,2
27312,0,1,3,2
27313,2,0,4,1
27314,1,1,2,1
27315,0,0,5,0
27316,0,1,3,1
27317,2,3,6,0
27318,0,0,3,1
27319,0,0,1,0
27320,6,2,13,5
27321,0,1,1,0
27322,3,2,1,3
27323,0,2,2,0
27324,0,3,5,0
27325,5,3,9,4
27326,2,3,2,1
27327,1,0,1,1
27328,0,3,3,1
27329,0,0,2,0
27330,3,1,4,1
27331,3,1,1,1
27332,2,4,7,4
27333,0,1,5,0
27334,3,0,3,0
27335,2,0,1,0
27336,3,1,4,3
27337,0,2,4,0
27338,0,3,4,0
27339,1,1,5,2
27340,1,1,5,1
27341,3,1,5,0
27342,0,3,1,0
27343,4,0,5,3
27344,3,3,7,4
27345,1,0,6,0
27346,0,0,5,0
27347,1,1,5,1
27348,1,0,3,1
27349,0,1,6,0
27350,0,1,2,0
27351,1,1,6,0
27352,3,0,3,0
27353,4,3,14,2
27354,0,0,5,2
27355,0,0,1,0
27356,4,4,10,1
27357,1,1,2,0
27358,2,0,6,2
27359,4,2,8,2
27360,1,0,3,1
27361,0,3,1,1
27362,2,0,6,1
27363,0,1,1,0
27364,1,2,4,2
27365,0,1,6,2
27366,4,2,5,1
27367,2,0,2,0
27368,1,0,2,1
27369,0,1,5,0
27370,4,0,2,2
27371,1,1,4,1
27372,1,1,5,3
27373,4,3,4,1
27374,1,0,4,0
27375,0,2,4,0
27376,0,1,5,1
27377,0,0,5,0
27378,1,0,4,0
27379,2,0,4,1
27380,2,3,6,2
27381,2,1,4,3
27382,6,2,12,3
27383,1,0,4,1
27384,4,3,9,2
27385,1,0,4,1
27386,0,0,6,0
27387,2,1,4,0
27388,1,3,3,1
27389,2,2,2,0
27390,0,0,1,1
27391,0,2,2,0
27392,2,2,1,0
27393,0,1,3,0
27394,1,1,6,0
27395,1,1,5,1
27396,3,3,6,0
27397,1,1,6,1
27398,2,2,3,0
27399,4,3,13,2
27400,4,2,14,3
27401,1,1,5,2
27402,2,0,1,0
27403,2,1,6,0
27404,2,0,3,1
27405,0,1,1,3
27406,2,0,5,2
27407,1,3,1,1
27408,4,2,11,2
27409,1,1,5,0
27410,4,3,7,1
27411,1,1,1,0
27412,1,0,6,0
27413,0,3,6,0
27414,1,1,5,1
27415,0,3,3,0
27416,1,1,4,0
27417,1,2,4,2
27418,4,3,9,3
27419,1,1,4,0
27420,3,0,1,2
27421,1,0,3,1
27422,7,4,5,1
27423,4,4,10,1
27424,1,0,6,0
27425,7,3,10,2
27426,1,1,2,2
27427,0,2,1,0
27428,0,1,5,2
27429,1,0,2,1
27430,2,3,4,0
27431,1,5,10,1
27432,5,2,10,2
27433,0,1,1,1
27434,4,3,8,3
27435,1,0,6,0
27436,1,3,3,1
27437,4,4,11,3
27438,1,0,1,0
27439,1,0,1,0
27440,0,1,1,1
27441,4,6,11,1
27442,1,1,5,0
27443,1,0,6,0
27444,1,2,1,0
27445,2,2,2,2
27446,0,0,3,0
27447,0,0,3,0
27448,2,3,4,1
27449,0,1,6,0
27450,2,0,4,0
27451,1,1,4,1
27452,3,1,5,1
27453,4,0,5,1
27454,2,0,1,0
27455,3,3,10,2
27456,0,1,5,2
27457,0,1,6,0
27458,0,1,2,0
27459,0,3,3,1
27460,3,1,5,1
27461,1,0,6,0
27462,0,1,4,1
27463,1,2,1,1
27464,5,3,7,2
27465,2,2,1,0
27466,3,0,1,1
27467,0,3,6,0
27468,1,0,4,0
27469,1,1,5,1
27470,1,3,2,0
27471,4,2,4,2
27472,1,0,5,2
27473,0,3,2,0
27474,1,0,2,0
27475,1,1,1,0
27476,7,3,12,2
27477,4,2,5,0
27478,0,2,5,0
27479,2,0,6,0
27480,1,1,5,0
27481,1,0,1,1
27482,3,1,1,2
27483,1,0,2,1
27484,0,0,5,0
27485,4,4,6,1
27486,1,0,2,0
27487,1,1,3,1
27488,2,3,5,0
27489,0,1,5,2
27490,3,1,3,2
27491,2,3,10,1
27492,0,0,2,1
27493,0,1,6,0
27494,1,0,5,2
27495,2,2,1,1
27496,3,4,13,2
27497,2,0,2,0
27498,3,5,12,3
27499,2,1,6,0
27500,1,1,5,2
27501,1,0,3,1
27502,4,0,5,1
27503,1,2,4,0
27504,1,1,4,1
27505,7,3,7,1
27506,1,1,2,1
27507,2,6,8,1
27508,5,2,12,1
27509,3,0,1,0
27510,3,0,6,0
27511,1,1,5,0
27512,1,1,1,0
27513,2,1,6,3
27514,2,0,6,2
27515,7,4,6,3
27516,2,0,4,0
27517,0,1,6,0
27518,0,1,6,1
27519,0,0,6,0
27520,1,0,5,2
27521,2,2,5,0
27522,1,0,6,0
27523,0,1,3,0
27524,0,0,3,0
27525,0,2,5,0
27526,1,1,6,1
27527,4,0,5,0
27528,1,3,1,0
27529,1,1,3,0
27530,0,2,3,0
27531,1,0,5,0
27532,3,0,5,2
27533,1,0,4,1
27534,0,1,4,1
27535,3,1,5,3
27536,1,1,6,1
27537,1,2,4,0
27538,1,2,2,0
27539,4,2,11,2
27540,6,3,8,3
27541,2,2,2,0
27542,1,1,6,1
27543,1,2,2,0
27544,4,3,12,4
27545,2,3,5,0
27546,2,0,4,0
27547,1,1,1,1
27548,1,0,2,0
27549,1,1,6,1
27550,4,1,7,2
27551,1,0,2,2
27552,0,1,2,0
27553,5,3,8,3
27554,0,0,1,0
27555,3,1,3,1
27556,1,1,5,0
27557,3,2,13,3
27558,3,3,5,1
27559,2,3,10,2
27560,1,2,2,1
27561,2,0,6,2
27562,4,0,1,2
27563,3,1,5,0
27564,0,2,1,0
27565,0,0,3,1
27566,5,5,13,2
27567,0,0,3,2
27568,1,2,5,0
27569,2,3,5,1
27570,1,3,2,1
27571,2,1,6,0
27572,0,1,5,0
27573,4,2,12,0
27574,1,2,3,0
27575,6,4,6,4
27576,7,1,8,1
27577,2,1,2,2
27578,1,0,3,3
27579,0,1,6,1
27580,1,1,5,1
27581,0,3,6,0
27582,0,0,2,0
27583,1,1,5,1
27584,2,1,5,1
27585,1,0,4,2
27586,1,1,6,0
27587,0,3,5,0
27588,4,2,6,1
27589,1,0,5,1
27590,4,1,12,1
27591,0,0,1,2
27592,0,0,2,1
27593,8,2,11,2
27594,1,0,4,1
27595,1,1,2,0
27596,0,1,3,2
27597,2,0,4,0
27598,3,2,4,2
27599,7,5,11,0
27600,2,1,3,1
27601,3,3,4,0
27602,7,4,7,2
27603,1,0,4,0
27604,1,0,6,2
27605,1,1,3,0
27606,6,2,8,1
27607,5,3,14,1
27608,4,2,11,2
27609,1,0,5,0
27610,1,0,3,2
27611,0,0,2,0
27612,1,3,3,0
27613,7,6,14,3
27614,1,1,5,3
27615,1,0,2,1
27616,1,0,1,1
27617,6,5,14,2
27618,1,0,2,1
27619,2,0,2,2
27620,0,1,5,1
27621,0,3,2,2
27622,0,0,2,0
27623,0,0,4,1
27624,1,0,1,0
27625,5,3,6,2
27626,1,1,6,0
27627,2,0,3,1
27628,0,1,2,0
27629,2,1,5,0
27630,1,1,5,0
27631,1,0,1,0
27632,0,1,1,1
27633,0,3,2,0
27634,0,0,5,1
27635,1,1,4,0
27636,2,0,3,1
27637,2,0,5,0
27638,4,1,3,0
27639,0,0,1,2
27640,1,0,2,0
27641,3,4,12,2
27642,4,2,5,1
27643,5,4,5,3
27644,1,1,3,1
27645,1,0,4,1
27646,3,3,11,2
27647,2,0,2,3
27648,0,0,3,1
27649,4,0,6,0
27650,0,0,1,0
27651,1,0,1,0
27652,1,0,1,0
27653,2,0,3,1
27654,1,0,2,0
27655,4,3,10,0
27656,0,1,6,0
27657,4,5,6,3
27658,0,2,2,1
27659,2,1,5,0
27660,3,0,3,1
27661,4,1,14,3
27662,0,0,4,0
27663,0,0,3,0
27664,1,1,1,1
27665,2,2,2,0
27666,2,3,11,0
27667,1,1,2,0
27668,1,0,4,2
27669,0,1,2,1
27670,0,2,2,1
27671,0,2,6,2
27672,2,0,6,0
27673,0,0,6,1
27674,5,3,14,3
27675,1,2,4,1
27676,3,1,5,0
27677,1,0,4,2
27678,2,2,6,0
27679,1,0,6,0
27680,4,2,12,1
27681,4,2,10,0
27682,5,2,14,0
27683,2,0,5,0
27684,0,0,3,3
27685,4,1,5,2
27686,3,3,10,2
27687,2,6,10,3
27688,0,2,4,1
27689,1,2,3,1
27690,0,1,5,1
27691,2,3,5,3
27692,0,2,2,0
27693,0,1,6,2
27694,2,0,6,0
27695,0,3,5,1
27696,2,1,1,3
27697,1,1,4,0
27698,6,2,11,1
27699,1,1,1,1
27700,4,0,6,0
27701,2,2,5,2
27702,2,1,6,3
27703,5,5,13,2
27704,1,0,3,2
27705,2,0,4,1
27706,2,1,5,3
27707,0,1,4,0
27708,2,1,3,0
27709,0,1,3,0
27710,1,1,2,0
27711,1,3,1,2
27712,0,0,2,0
27713,2,0,5,2
27714,0,0,1,0
27715,4,3,3,1
27716,2,2,4,1
27717,1,2,2,0
27718,0,0,5,0
27719,1,1,5,0
27720,1,3,6,1
27721,1,0,2,0
27722,0,3,6,0
27723,4,3,7,2
27724,6,3,10,4
27725,1,0,4,3
27726,5,1,12,4
27727,2,1,2,1
27728,1,0,1,1
27729,0,1,6,0
27730,4,0,6,0
27731,1,2,2,1
27732,1,5,10,3
27733,6,6,7,5
27734,2,2,3,0
27735,1,1,6,1
27736,0,1,5,1
27737,2,3,6,4
27738,4,2,12,2
27739,2,3,5,0
27740,4,4,11,1
27741,0,1,1,1
27742,0,0,6,0
27743,3,3,7,1
27744,4,6,7,1
27745,3,1,13,2
27746,3,2,3,3
27747,2,2,6,1
27748,0,2,5,1
27749,1,1,2,3
27750,1,1,6,3
27751,3,0,1,1
27752,3,3,8,5
27753,1,2,6,0
27754,3,2,7,0
27755,0,1,5,0
27756,3,2,5,2
27757,0,2,2,0
27758,7,5,10,2
27759,0,0,5,0
27760,2,2,14,1
27761,3,1,5,0
27762,4,2,3,1
27763,4,3,14,3
27764,3,0,4,0
27765,1,1,1,0
27766,0,0,5,1
27767,2,3,5,1
27768,0,0,1,1
27769,0,3,1,1
27770,4,0,4,0
27771,1,0,4,0
27772,0,0,2,3
27773,4,0,1,1
27774,1,2,5,3
27775,1,0,4,1
27776,1,3,3,0
27777,1,0,2,2
27778,1,1,4,1
27779,4,3,10,2
27780,0,2,3,0
27781,3,2,3,0
27782,1,1,6,0
27783,3,3,1,0
27784,0,0,5,0
27785,4,2,10,1
27786,1,0,6,2
27787,4,0,4,0
27788,1,2,2,0
27789,0,0,5,0
27790,2,1,5,1
27791,1,0,5,0
27792,3,1,2,0
27793,2,0,3,0
27794,2,2,2,3
27795,3,3,9,2
27796,1,1,1,0
27797,0,2,3,0
27798,0,2,1,1
27799,2,2,6,1
27800,1,1,2,0
27801,1,3,3,0
27802,0,1,2,2
27803,0,0,6,2
27804,0,2,3,0
27805,3,0,1,1
27806,0,0,2,1
27807,1,1,3,2
27808,3,0,3,1
27809,0,3,6,0
27810,2,1,1,0
27811,6,4,6,4
27812,2,2,4,0
27813,1,0,1,0
27814,2,1,2,1
27815,2,2,4,1
27816,1,4,11,3
27817,3,2,2,0
27818,2,2,5,0
27819,1,0,3,1
27820,4,1,6,2
27821,0,2,4,1
27822,3,0,1,0
27823,1,1,5,2
27824,0,1,4,1
27825,2,2,2,1
27826,0,2,2,0
27827,2,0,3,1
27828,1,0,1,0
27829,2,1,2,0
27830,1,0,4,0
27831,1,4,7,3
27832,0,0,6,0
27833,0,0,5,0
27834,1,2,4,2
27835,1,0,3,1
27836,1,0,3,1
27837,3,0,6,0
27838,0,2,1,0
27839,1,2,5,0
27840,5,3,6,2
27841,4,2,1,2
27842,3,2,8,1
27843,1,1,1,1
27844,1,1,4,0
27845,0,1,5,0
27846,1,1,6,2
27847,2,3,5,1
27848,2,2,4,0
27849,4,0,4,0
27850,1,1,1,0
27851,3,3,5,2
27852,3,3,9,1
27853,1,0,5,0
27854,4,2,11,2
27855,4,1,2,3
27856,3,1,5,0
27857,2,0,5,2
27858,0,0,6,1
27859,0,0,3,0
27860,1,0,5,2
27861,0,1,3,0
27862,1,0,3,0
27863,2,0,6,1
27864,1,0,4,0
27865,0,0,4,1
27866,1,0,2,1
27867,0,0,1,1
27868,2,1,6,0
27869,0,1,2,0
27870,1,1,2,0
27871,1,1,6,1
27872,3,2,6,0
27873,1,0,6,0
27874,4,1,5,1
27875,2,2,4,1
27876,2,1,5,0
27877,0,0,4,2
27878,0,2,5,0
27879,0,0,5,0
27880,5,2,6,3
27881,3,2,2,0
27882,3,3,5,2
27883,2,3,3,1
27884,5,3,14,1
27885,1,1,5,1
27886,0,1,2,0
27887,3,3,6,1
27888,2,0,3,2
27889,1,1,5,0
27890,0,0,6,1
27891,1,1,3,0
27892,1,0,5,0
27893,1,1,1,0
27894,4,0,5,2
27895,4,1,8,4
27896,5,1,10,3
27897,2,2,2,1
27898,0,2,6,1
27899,0,1,4,2
27900,0,2,6,0
27901,4,1,3,1
27902,4,3,5,0
27903,1,0,5,2
27904,1,0,6,2
27905,0,2,6,0
27906,3,1,3,2
27907,3,0,3,1
27908,1,1,2,0
27909,1,0,3,0
27910,5,1,5,3
27911,1,0,3,0
27912,2,2,4,1
27913,0,1,2,1
27914,1,2,1,0
27915,0,1,4,0
27916,4,0,2,3
27917,1,1,4,0
27918,7,3,14,2
27919,6,2,9,1
27920,2,1,5,2
27921,0,2,5,1
27922,0,1,5,0
27923,3,5,14,4
27924,6,4,11,1
27925,1,4,8,3
27926,0,1,5,0
27927,5,3,8,2
27928,2,0,1,0
27929,0,0,1,0
27930,4,0,3,2
27931,1,3,4,0
27932,1,0,1,2
27933,0,0,1,0
27934,4,3,8,1
27935,1,0,6,1
27936,1,3,1,1
27937,2,0,1,0
27938,1,3,5,0
27939,3,1,3,1
27940,0,1,1,0
27941,2,0,1,0
27942,0,0,1,2
27943,1,2,2,2
27944,2,0,6,0
27945,1,0,1,0
27946,7,4,12,3
27947,3,0,4,2
27948,7,3,10,4
27949,0,1,6,0
27950,1,2,5,1
27951,2,2,3,0
27952,3,2,6,2
27953,1,0,4,1
27954,2,3,1,0
27955,0,2,6,0
27956,4,0,2,0
27957,1,1,1,2
27958,3,4,14,2
27959,0,1,6,1
27960,1,0,3,1
27961,1,0,1,0
27962,0,1,6,3
27963,1,2,5,2
27964,0,0,5,1
27965,0,0,1,1
27966,1,0,4,1
27967,0,0,2,2
27968,1,2,2,1
27969,5,2,10,1
27970,1,0,6,3
27971,0,1,4,2
27972,0,1,5,0
27973,8,2,13,3
27974,0,1,5,0
27975,2,0,5,0
27976,2,1,4,0
27977,2,1,5,0
27978,0,1,3,3
27979,2,1,3,1
27980,2,0,3,0
27981,1,0,3,2
27982,3,0,5,0
27983,3,0,3,2
27984,2,0,1,0
27985,1,1,5,2
27986,0,1,1,2
27987,1,3,3,0
27988,0,1,6,1
27989,0,0,3,3
27990,0,1,6,0
27991,2,2,1,2
27992,1,1,4,1
27993,1,0,1,0
27994,0,0,2,0
27995,1,3,6,3
27996,1,1,3,0
27997,2,2,3,0
27998,3,1,2,1
27999,1,1,1,1
28000,1,0,5,1
28001,1,1,5,0
28002,0,2,6,0
28003,1,0,6,1
28004,1,3,3,1
28005,0,0,2,2
28006,1,0,3,2
28007,0,2,6,0
28008,1,0,3,0
28009,1,1,6,0
28010,1,1,4,0
28011,1,3,11,1
28012,2,0,1,1
28013,0,2,4,0
28014,0,3,4,2
28015,4,3,11,3
28016,5,3,9,1
28017,5,3,7,0
28018,0,0,4,2
28019,4,2,5,0
28020,3,4,11,3
28021,0,3,1,0
28022,1,1,1,0
28023,2,0,6,2
28024,3,1,3,1
28025,0,2,3,0
28026,3,0,4,0
28027,3,0,5,0
28028,1,2,3,0
28029,3,0,4,1
28030,1,1,1,1
28031,3,4,6,2
28032,3,1,6,0
28033,0,0,6,0
28034,2,0,5,1
28035,1,1,3,0
28036,1,1,1,0
28037,1,1,5,1
28038,3,0,3,0
28039,0,0,5,2
28040,1,1,4,1
28041,3,0,2,2
28042,0,1,2,2
28043,3,1,1,3
28044,4,5,10,2
28045,2,1,4,0
28046,0,1,4,0
28047,3,0,4,0
28048,2,0,2,0
28049,4,4,7,1
28050,4,3,8,1
28051,0,1,4,1
28052,2,1,6,1
28053,1,0,6,0
28054,1,0,5,1
28055,0,3,3,0
28056,1,3,3,3
28057,0,1,5,2
28058,1,0,4,0
28059,2,3,8,1
28060,0,2,2,3
28061,4,3,7,2
28062,3,3,3,1
28063,0,0,4,1
28064,2,1,6,3
28065,1,3,3,3
28066,1,1,3,0
28067,1,0,3,0
28068,1,6,10,2
28069,5,5,9,1
28070,0,1,4,1
28071,0,2,3,3
28072,3,1,4,0
28073,0,1,1,1
28074,2,1,2,1
28075,6,2,9,2
28076,3,0,2,0
28077,0,1,5,1
28078,3,2,5,0
28079,0,1,2,0
28080,2,2,5,0
28081,2,2,5,1
28082,1,0,5,0
28083,1,3,5,4
28084,2,0,5,0
28085,1,1,5,2
28086,4,1,14,2
28087,2,0,1,1
28088,0,1,6,1
28089,1,3,2,2
28090,2,0,5,1
28091,7,4,9,3
28092,1,0,5,0
28093,5,3,10,3
28094,0,1,3,0
28095,1,1,4,0
28096,4,2,3,1
28097,0,0,6,0
28098,0,1,6,1
28099,0,0,3,1
28100,2,0,4,2
28101,2,1,1,1
28102,0,0,3,0
28103,2,0,5,1
28104,2,1,6,1
28105,1,0,3,2
28106,2,0,6,2
28107,1,0,4,0
28108,4,0,1,1
28109,1,2,4,1
28110,4,3,5,1
28111,0,1,3,0
28112,0,0,5,1
28113,3,5,9,3
28114,1,1,2,0
28115,2,0,3,2
28116,4,1,6,0
28117,3,0,6,1
28118,1,2,1,0
28119,1,1,2,0
28120,2,0,1,1
28121,1,2,3,3
28122,1,0,3,0
28123,1,0,1,1
28124,2,0,5,2
28125,1,2,6,0
28126,4,0,4,1
28127,5,1,9,3
28128,1,1,4,2
28129,0,2,3,0
28130,1,0,1,0
28131,1,2,2,0
28132,3,3,6,3
28133,2,1,5,1
28134,6,4,7,2
28135,3,0,6,0
28136,0,1,4,2
28137,0,0,4,0
28138,2,6,7,2
28139,0,1,3,0
28140,2,0,5,1
28141,4,2,14,1
28142,5,4,7,2
28143,4,5,6,1
28144,0,3,2,1
28145,0,1,5,1
28146,1,1,6,1
28147,2,2,6,1
28148,2,3,3,2
28149,5,3,14,0
28150,4,1,12,2
28151,0,0,3,0
28152,1,3,5,0
28153,2,1,3,1
28154,3,4,13,3
28155,0,2,2,0
28156,0,0,5,1
28157,4,1,5,1
28158,0,2,4,1
28159,1,0,3,1
28160,3,2,4,1
28161,4,2,9,2
28162,1,1,4,0
28163,1,3,14,1
28164,2,0,4,2
28165,3,1,2,1
28166,5,1,14,2
28167,0,0,4,0
28168,0,0,6,0
28169,4,0,6,0
28170,4,1,3,0
28171,4,1,4,2
28172,2,2,5,1
28173,1,1,3,0
28174,2,1,6,2
28175,0,0,3,3
28176,1,0,6,0
28177,1,3,5,3
28178,1,0,1,1
28179,4,1,4,0
28180,4,2,12,1
28181,2,1,2,0
28182,1,0,6,1
28183,3,0,4,2
28184,3,1,5,2
28185,0,1,3,1
28186,1,3,3,1
28187,1,2,2,0
28188,4,1,9,2
28189,0,1,4,0
28190,0,1,3,1
28191,3,2,5,0
28192,2,0,4,2
28193,1,1,6,0
28194,0,0,1,0
28195,2,3,3,3
28196,1,1,3,0
28197,4,0,2,0
28198,2,0,6,0
28199,0,1,6,1
28200,1,1,6,0
28201,4,2,2,1
28202,0,1,4,2
28203,1,1,4,1
28204,1,0,2,2
28205,1,1,4,1
28206,8,2,14,0
28207,5,2,14,4
28208,3,0,3,0
28209,1,0,2,0
28210,0,2,2,1
28211,3,1,1,0
28212,0,0,2,2
28213,1,3,7,3
28214,3,4,10,2
28215,0,1,1,3
28216,6,4,12,4
28217,1,0,3,1
28218,4,3,5,1
28219,0,2,1,0
28220,1,0,2,1
28221,3,1,5,1
28222,1,0,4,2
28223,3,0,6,2
28224,0,0,4,3
28225,2,3,4,0
28226,2,1,6,0
28227,0,2,2,0
28228,4,2,10,5
28229,1,3,13,3
28230,1,0,4,2
28231,7,2,7,3
28232,3,1,6,0
28233,0,2,3,0
28234,3,1,5,0
28235,2,1,5,2
28236,0,1,6,1
28237,3,3,9,0
28238,1,1,5,2
28239,0,3,2,1
28240,1,1,4,0
28241,1,0,5,1
28242,1,0,5,0
28243,1,1,3,0
28244,0,0,1,0
28245,0,1,2,1
28246,0,2,2,2
28247,1,0,2,2
28248,3,2,1,0
28249,3,1,12,0
28250,0,1,1,0
28251,2,3,9,3
28252,2,1,4,1
28253,2,0,4,0
28254,1,0,6,0
28255,4,2,6,2
28256,3,1,2,0
28257,4,2,12,3
28258,1,3,3,1
28259,2,1,3,0
28260,0,0,3,0
28261,3,0,3,2
28262,3,0,1,0
28263,1,2,3,0
28264,1,1,3,0
28265,0,2,3,0
28266,0,1,3,0
28267,4,5,7,3
28268,6,5,11,0
28269,0,0,1,2
28270,1,0,3,0
28271,3,1,1,1
28272,1,2,6,2
28273,0,1,3,0
28274,2,1,4,2
28275,1,1,5,0
28276,2,1,4,0
28277,0,1,5,3
28278,5,2,9,1
28279,0,1,2,0
28280,3,4,13,1
28281,0,3,1,0
28282,1,1,1,0
28283,0,0,4,0
28284,5,5,14,4
28285,1,1,3,0
28286,2,0,4,0
28287,0,1,4,0
28288,3,4,12,4
28289,1,1,2,2
28290,4,3,6,3
28291,0,1,2,1
28292,0,0,3,1
28293,2,1,6,0
28294,0,0,6,0
28295,4,4,11,2
28296,1,0,2,0
28297,1,1,3,0
28298,1,2,4,0
28299,2,0,1,1
28300,3,0,2,0
28301,2,0,3,0
28302,2,2,2,1
28303,1,1,6,2
28304,4,1,2,2
28305,2,1,4,1
28306,0,1,6,0
28307,2,3,1,0
28308,6,4,6,2
28309,2,0,3,0
28310,2,1,6,1
28311,0,1,2,1
28312,0,1,4,0
28313,2,2,5,0
28314,1,0,1,0
28315,0,1,4,0
28316,2,1,2,0
28317,3,1,3,0
28318,3,2,3,1
28319,0,0,2,1
28320,2,6,14,1
28321,2,2,7,1
28322,0,1,3,2
28323,1,3,6,0
28324,0,2,2,3
28325,0,0,3,0
28326,5,5,10,3
28327,7,2,14,2
28328,0,0,4,0
28329,3,0,2,1
28330,2,1,9,1
28331,1,1,6,0
28332,1,0,2,1
28333,0,3,5,1
28334,2,2,6,0
28335,3,0,2,0
28336,1,4,7,2
28337,1,1,5,0
28338,1,1,4,1
28339,1,1,1,0
28340,3,5,6,1
28341,0,2,2,0
28342,2,0,1,0
28343,2,0,2,1
28344,4,2,8,2
28345,1,1,2,0
28346,2,1,3,2
28347,5,2,5,2
28348,6,3,9,3
28349,2,0,1,0
28350,0,2,4,0
28351,0,1,4,0
28352,2,1,4,3
28353,2,3,8,2
28354,3,3,2,0
28355,0,0,3,0
28356,1,0,6,0
28357,0,0,6,0
28358,3,0,3,1
28359,1,0,4,2
28360,1,1,6,1
28361,3,0,2,1
28362,4,1,5,0
28363,0,1,6,1
28364,2,0,3,0
28365,0,1,5,0
28366,4,3,10,1
28367,0,1,5,0
28368,0,0,1,2
28369,1,1,2,1
28370,1,0,5,0
28371,1,0,6,0
28372,2,1,3,1
28373,2,2,3,0
28374,1,1,2,1
28375,2,0,1,0
28376,1,0,3,1
28377,5,3,13,3
28378,0,1,2,0
28379,1,1,1,2
28380,0,1,1,0
28381,1,0,2,0
28382,0,0,3,0
28383,1,1,6,0
28384,0,1,1,2
28385,0,0,4,0
28386,1,0,4,0
28387,4,3,5,1
28388,2,0,4,2
28389,5,4,13,1
28390,3,1,2,2
28391,3,2,6,0
28392,2,0,2,0
28393,0,2,3,2
28394,1,1,1,0
28395,1,1,2,2
28396,3,0,2,2
28397,2,1,1,0
28398,1,2,6,3
28399,3,3,10,1
28400,3,1,2,1
28401,1,0,4,0
28402,4,1,2,0
28403,2,2,4,0
28404,1,2,1,2
28405,1,3,5,2
28406,1,0,3,1
28407,4,5,6,3
28408,0,1,6,0
28409,6,4,7,2
28410,1,3,5,0
28411,3,1,3,1
28412,0,0,5,1
28413,3,2,5,0
28414,0,0,6,1
28415,0,1,6,2
28416,0,2,5,0
28417,0,1,4,0
28418,3,1,5,0
28419,2,2,3,0
28420,3,0,1,2
28421,1,0,6,0
28422,1,1,6,0
28423,1,1,6,0
28424,1,2,4,1
28425,4,0,1,0
28426,0,1,1,1
28427,2,0,2,1
28428,4,3,8,1
28429,0,0,1,0
28430,3,2,1,0
28431,0,0,3,0
28432,1,2,1,0
28433,0,0,1,0
28434,1,2,3,0
28435,1,0,4,0
28436,0,0,3,0
28437,1,2,5,0
28438,2,3,6,2
28439,3,1,11,2
28440,6,5,8,1
28441,3,0,4,2
28442,2,0,1,0
28443,0,3,2,2
28444,0,1,4,0
28445,1,1,3,0
28446,3,0,3,0
28447,0,1,2,1
28448,0,2,6,0
28449,2,0,3,0
28450,4,4,7,1
28451,0,3,1,0
28452,1,0,6,1
28453,0,1,5,2
28454,6,2,8,1
28455,0,1,3,1
28456,3,0,4,1
28457,4,1,4,1
28458,1,0,1,0
28459,2,1,1,1
28460,0,0,3,0
28461,2,0,1,1
28462,1,0,4,0
28463,0,1,6,0
28464,7,2,10,3
28465,2,0,1,0
28466,2,0,6,0
28467,2,1,2,0
28468,1,3,10,3
28469,0,0,4,1
28470,1,1,2,0
28471,0,0,6,0
28472,0,0,5,0
28473,1,1,3,0
28474,1,2,2,1
28475,3,0,1,0
28476,2,2,6,1
28477,0,0,2,1
28478,4,1,2,0
28479,0,1,6,2
28480,1,1,6,0
28481,0,1,1,1
28482,5,3,7,3
28483,1,1,1,0
28484,3,2,11,3
28485,0,1,4,0
28486,0,1,3,2
28487,3,2,6,0
28488,1,2,5,2
28489,3,0,1,0
28490,1,3,4,0
28491,4,3,8,1
28492,1,0,5,2
28493,0,0,5,0
28494,1,1,4,0
28495,1,3,5,0
28496,0,0,2,1
28497,1,3,2,2
28498,4,2,12,1
28499,8,3,8,2
28500,2,1,3,1
28501,1,0,3,1
28502,2,1,4,1
28503,2,4,6,1
28504,0,1,5,0
28505,3,1,3,1
28506,0,0,2,2
28507,3,3,9,2
28508,2,0,1,1
28509,0,0,3,0
28510,2,2,3,0
28511,4,1,4,2
28512,2,0,4,1
28513,1,0,3,0
28514,1,1,5,0
28515,0,0,2,0
28516,3,0,2,1
28517,1,1,4,3
28518,0,0,5,0
28519,2,1,6,1
28520,5,4,10,1
28521,1,2,3,1
28522,3,2,4,0
28523,1,1,6,0
28524,0,3,6,1
28525,1,0,2,1
28526,0,0,3,2
28527,3,1,3,1
28528,0,1,1,0
28529,4,4,7,1
28530,0,0,3,0
28531,6,4,12,1
28532,1,1,5,0
28533,1,2,1,3
28534,0,0,3,0
28535,2,2,6,0
28536,0,1,2,1
28537,2,3,2,2
28538,1,0,3,1
28539,5,3,6,2
28540,1,1,5,0
28541,0,1,2,0
28542,1,1,3,0
28543,2,1,3,0
28544,4,1,2,0
28545,7,2,7,1
28546,0,1,5,0
28547,1,0,3,0
28548,3,4,12,2
28549,3,4,12,2
28550,1,1,3,1
28551,2,4,13,1
28552,3,6,14,0
28553,0,1,5,3
28554,1,0,3,0
28555,1,4,10,1
28556,1,1,5,0
28557,3,2,14,4
28558,2,0,2,2
28559,2,1,4,2
28560,2,0,4,0
28561,1,2,1,1
28562,4,1,4,1
28563,0,2,3,0
28564,0,0,6,1
28565,0,0,1,0
28566,1,0,5,3
28567,0,0,3,2
28568,4,1,4,0
28569,0,1,5,0
28570,4,2,12,2
28571,2,1,8,2
28572,1,3,6,0
28573,0,1,4,1
28574,2,0,1,1
28575,1,0,2,2
28576,0,2,3,1
28577,6,1,12,3
28578,0,0,1,2
28579,0,1,6,1
28580,1,3,3,0
28581,6,4,11,3
28582,3,2,14,3
28583,1,1,6,0
28584,2,3,3,0
28585,0,1,5,1
28586,0,1,4,2
28587,2,1,2,0
28588,0,2,2,0
28589,1,2,2,0
28590,1,0,5,1
28591,6,1,6,2
28592,0,3,3,3
28593,1,3,4,1
28594,1,0,6,0
28595,2,3,2,0
28596,0,1,5,2
28597,2,0,4,2
28598,1,2,5,0
28599,2,0,2,0
28600,4,1,4,0
28601,4,0,1,0
28602,1,0,2,1
28603,2,0,3,2
28604,0,2,3,1
28605,0,3,2,0
28606,0,0,6,1
28607,1,3,6,2
28608,0,0,5,0
28609,1,0,4,3
28610,1,2,14,2
28611,4,1,5,2
28612,4,4,6,4
28613,0,0,1,2
28614,0,0,4,2
28615,4,1,3,0
28616,4,2,10,4
28617,0,1,6,1
28618,0,3,2,0
28619,1,3,1,0
28620,6,2,12,1
28621,3,0,2,0
28622,1,1,4,2
28623,1,1,3,0
28624,0,0,6,1
28625,1,2,8,1
28626,2,2,5,1
28627,3,1,5,0
28628,2,0,2,1
28629,0,1,1,3
28630,1,2,5,0
28631,1,0,1,0
28632,1,1,2,3
28633,7,4,10,2
28634,3,0,4,0
28635,0,0,2,1
28636,5,2,10,1
28637,2,1,1,0
28638,1,0,6,0
28639,0,1,1,3
28640,4,1,4,0
28641,3,1,1,2
28642,0,3,1,0
28643,4,3,14,2
28644,1,0,4,0
28645,6,2,13,2
28646,0,0,1,0
28647,4,0,5,0
28648,1,0,3,2
28649,1,3,1,1
28650,1,0,4,0
28651,1,1,4,0
28652,1,0,6,3
28653,3,3,9,3
28654,7,4,13,1
28655,2,1,5,0
28656,4,0,1,2
28657,2,1,3,2
28658,0,0,6,0
28659,1,0,3,0
28660,1,1,3,0
28661,2,1,6,0
28662,0,1,5,0
28663,1,2,6,0
28664,6,3,12,3
28665,4,2,13,2
28666,2,2,14,4
28667,3,3,10,1
28668,2,2,3,0
28669,0,1,1,2
28670,0,1,6,0
28671,2,1,3,0
28672,1,1,1,1
28673,2,0,5,1
28674,1,0,5,3
28675,0,0,6,1
28676,5,3,14,1
28677,4,3,11,2
28678,0,3,1,1
28679,1,1,1,2
28680,2,2,4,0
28681,4,0,5,1
28682,3,1,2,2
28683,1,0,1,0
28684,0,0,1,0
28685,1,1,6,2
28686,2,2,14,3
28687,0,0,5,0
28688,8,3,10,3
28689,2,0,1,1
28690,5,5,11,1
28691,1,0,1,0
28692,4,2,11,3
28693,0,0,3,0
28694,1,0,4,0
28695,2,0,2,0
28696,5,5,5,2
28697,1,0,6,0
28698,2,1,6,2
28699,3,3,2,0
28700,0,1,5,2
28701,1,0,5,1
28702,3,2,3,2
28703,1,2,1,1
28704,3,0,2,1
28705,5,2,8,3
28706,4,2,11,2
28707,0,1,4,0
28708,1,0,4,2
28709,3,4,14,1
28710,1,0,2,0
28711,1,0,1,2
28712,1,2,5,0
28713,2,1,3,2
28714,5,3,9,2
28715,0,3,2,0
28716,0,1,2,0
28717,1,0,1,0
28718,3,0,3,1
28719,2,4,9,2
28720,3,0,4,0
28721,3,2,2,1
28722,1,0,2,1
28723,0,1,4,0
28724,6,2,13,2
28725,3,0,4,1
28726,2,0,5,0
28727,2,0,3,0
28728,1,1,1,1
28729,3,5,11,4
28730,2,3,6,0
28731,1,1,5,3
28732,4,3,5,0
28733,1,0,4,2
28734,1,0,6,0
28735,1,0,2,2
28736,1,0,2,1
28737,0,3,1,1
28738,2,0,3,0
28739,1,0,2,0
28740,3,0,1,1
28741,1,1,1,0
28742,0,0,4,0
28743,2,1,3,2
28744,3,2,14,3
28745,2,0,1,0
28746,3,0,4,0
28747,2,2,1,1
28748,0,1,3,0
28749,1,1,6,0
28750,2,0,6,0
28751,2,1,1,1
28752,4,0,5,1
28753,0,0,1,0
28754,0,0,4,1
28755,2,1,6,3
28756,5,2,7,3
28757,3,0,6,0
28758,2,4,10,1
28759,3,2,1,0
28760,0,3,4,1
28761,3,3,5,0
28762,1,0,5,0
28763,2,0,2,1
28764,0,2,4,0
28765,4,2,4,0
28766,0,0,2,1
28767,1,2,4,0
28768,0,0,5,3
28769,1,0,4,0
28770,1,3,5,2
28771,4,0,3,0
28772,4,3,11,4
28773,4,4,6,2
28774,0,1,5,1
28775,3,5,11,1
28776,0,0,2,0
28777,0,1,5,0
28778,1,0,4,0
28779,2,4,10,1
28780,2,2,5,2
28781,0,1,3,0
28782,2,0,6,1
28783,4,2,12,2
28784,5,4,13,1
28785,1,0,5,2
28786,1,0,1,1
28787,0,1,1,0
28788,3,3,4,2
28789,1,0,4,0
28790,2,0,3,0
28791,1,2,5,2
28792,4,2,2,0
28793,2,0,5,0
28794,4,3,7,1
28795,1,1,2,0
28796,1,0,6,0
28797,2,2,5,0
28798,2,0,3,0
28799,1,0,2,0
28800,3,1,1,0
28801,2,0,2,0
28802,0,0,2,0
28803,1,1,2,1
28804,7,6,13,3
28805,3,0,6,1
28806,1,0,2,2
28807,0,1,4,0
28808,1,1,4,2
28809,2,2,4,1
28810,1,2,3,0
28811,1,1,6,1
28812,1,2,5,0
28813,2,0,4,1
28814,2,1,6,1
28815,1,2,2,0
28816,2,0,1,2
28817,2,0,3,0
28818,3,1,5,0
28819,2,0,5,0
28820,0,2,1,2
28821,1,2,6,1
28822,1,3,3,1
28823,1,0,6,1
28824,2,0,3,0
28825,2,0,6,0
28826,0,2,1,1
28827,0,2,4,0
28828,0,1,4,3
28829,1,0,2,2
28830,2,2,2,0
28831,4,3,5,0
28832,1,1,6,1
28833,2,0,5,1
28834,0,0,6,1
28835,0,1,3,1
28836,1,3,1,1
28837,0,0,3,2
28838,2,2,5,1
28839,0,2,2,2
28840,2,3,6,0
28841,3,3,11,1
28842,5,3,10,1
28843,4,6,9,3
28844,1,1,5,0
28845,1,3,13,1
28846,2,0,2,0
28847,0,3,1,2
28848,2,4,5,2
28849,0,1,5,2
28850,0,0,4,1
28851,2,0,3,0
28852,1,0,4,1
28853,3,0,6,3
28854,2,0,4,1
28855,3,1,5,2
28856,1,2,13,3
28857,5,4,8,2
28858,1,3,4,1
28859,1,1,1,2
28860,0,0,1,1
28861,1,0,6,0
28862,2,1,3,1
28863,1,3,5,0
28864,2,0,1,1
28865,1,0,4,0
28866,3,1,1,1
28867,0,0,3,1
28868,2,0,2,0
28869,1,1,4,1
28870,0,1,6,1
28871,0,1,5,1
28872,3,1,6,0
28873,2,4,14,1
28874,0,0,3,1
28875,5,6,14,2
28876,0,0,4,3
28877,4,1,10,1
28878,3,5,11,2
28879,1,1,6,0
28880,1,0,1,0
28881,0,2,3,1
28882,1,3,3,0
28883,4,1,5,2
28884,0,0,1,3
28885,5,2,13,2
28886,1,2,5,2
28887,1,2,6,2
28888,1,1,1,0
28889,1,1,6,0
28890,2,1,2,0
28891,0,2,5,0
28892,6,6,7,4
28893,0,0,6,2
28894,1,3,4,0
28895,1,2,6,2
28896,2,0,5,0
28897,1,2,2,0
28898,0,2,6,0
28899,1,1,6,0
28900,0,0,5,0
28901,1,1,1,2
28902,1,0,2,1
28903,0,1,4,2
28904,2,1,1,0
28905,1,1,5,1
28906,5,6,5,3
28907,4,3,7,1
28908,4,1,5,4
28909,2,0,5,1
28910,0,0,4,2
28911,5,1,7,2
28912,2,3,14,0
28913,1,1,5,0
28914,2,3,6,0
28915,7,3,5,1
28916,2,0,5,0
28917,4,1,10,3
28918,5,3,11,1
28919,4,1,5,0
28920,0,2,1,0
28921,0,0,5,0
28922,1,2,2,1
28923,0,2,5,3
28924,1,1,2,2
28925,1,3,6,3
28926,2,0,1,0
28927,1,0,5,2
28928,1,5,13,2
28929,3,0,1,2
28930,4,2,1,3
28931,4,4,5,1
28932,1,0,3,0
28933,0,0,1,1
28934,1,2,6,0
28935,4,2,14,4
28936,7,3,10,3
28937,0,1,1,2
28938,0,0,4,0
28939,0,1,2,2
28940,1,0,5,0
28941,1,1,6,0
28942,1,1,2,0
28943,0,2,5,1
28944,1,3,3,3
28945,1,2,1,1
28946,2,3,5,2
28947,0,2,5,0
28948,0,1,4,0
28949,0,1,3,0
28950,2,0,5,2
28951,0,1,4,1
28952,1,0,3,0
28953,0,3,3,2
28954,4,2,3,0
28955,0,2,2,1
28956,1,0,4,1
28957,2,2,2,0
28958,1,1,5,0
28959,0,0,6,2
28960,0,0,6,3
28961,0,1,1,2
28962,1,0,1,0
28963,0,1,1,0
28964,2,0,4,2
28965,0,2,2,2
28966,4,3,9,2
28967,6,2,9,4
28968,7,3,5,1
28969,7,2,11,2
28970,3,1,1,0
28971,0,2,1,3
28972,0,2,1,2
28973,1,1,4,1
28974,0,0,1,0
28975,2,2,3,1
28976,1,1,2,1
28977,8,2,7,5
28978,2,0,5,3
28979,1,1,1,0
28980,0,1,1,2
28981,0,1,3,0
28982,2,3,4,2
28983,3,5,13,3
28984,3,2,7,1
28985,1,3,12,1
28986,5,3,10,2
28987,4,2,8,0
28988,4,3,12,2
28989,3,2,14,0
28990,1,0,4,1
28991,4,1,12,0
28992,0,0,6,1
28993,2,0,2,1
28994,0,2,5,2
28995,1,0,1,2
28996,0,0,3,0
28997,2,1,4,0
28998,3,2,14,4
28999,1,1,2,2
29000,0,0,3,1
29001,1,0,2,0
29002,0,0,4,0
29003,0,1,1,0
29004,3,1,6,2
29005,1,1,4,0
29006,1,0,2,0
29007,1,0,2,0
29008,2,2,10,1
29009,0,2,5,1
29010,1,1,6,0
29011,0,0,1,3
29012,1,1,3,1
29013,2,2,5,1
29014,1,0,2,0
29015,2,1,3,0
29016,4,2,2,0
29017,0,3,2,1
29018,1,0,4,1
29019,2,0,2,2
29020,2,3,6,3
29021,3,1,1,1
29022,2,3,5,1
29023,0,0,4,2
29024,0,1,6,0
29025,4,2,11,2
29026,2,5,10,1
29027,1,2,6,0
29028,1,0,5,0
29029,5,1,5,2
29030,5,2,5,1
29031,0,0,6,0
29032,1,1,2,0
29033,3,0,4,0
29034,3,0,3,2
29035,6,2,14,5
29036,0,2,2,1
29037,2,0,5,0
29038,0,3,4,2
29039,2,0,1,1
29040,3,4,7,3
29041,4,3,8,0
29042,3,3,6,1
29043,2,1,2,0
29044,2,3,1,1
29045,1,1,1,2
29046,2,1,1,1
29047,2,0,4,0
29048,3,2,6,1
29049,4,2,14,1
29050,0,1,4,0
29051,6,2,6,1
29052,1,3,2,2
29053,1,3,6,1
29054,3,4,13,3
29055,0,0,6,0
29056,1,3,4,1
29057,0,0,6,1
29058,2,1,5,2
29059,0,1,4,1
29060,4,2,14,1
29061,6,4,14,3
29062,3,0,6,0
29063,1,0,5,0
29064,1,3,5,1
29065,3,2,2,0
29066,0,2,3,0
29067,0,1,3,0
29068,0,1,3,2
29069,1,0,6,0
29070,0,0,6,2
29071,0,1,5,1
29072,1,4,10,2
29073,0,1,6,2
29074,1,0,3,1
29075,4,6,6,1
29076,4,4,10,2
29077,2,1,7,0
29078,1,0,6,0
29079,3,3,3,0
29080,0,2,1,0
29081,2,0,6,0
29082,5,3,7,2
29083,1,0,6,2
29084,1,0,5,0
29085,0,1,4,0
29086,1,3,2,0
29087,1,3,3,2
29088,0,1,1,1
29089,5,1,5,1
29090,1,1,5,1
29091,2,2,4,3
29092,1,0,4,2
29093,3,3,10,2
29094,0,0,3,0
29095,5,2,11,0
29096,1,2,2,0
29097,5,2,7,3
29098,4,0,6,0
29099,0,2,4,1
29100,3,2,11,2
29101,4,3,6,0
29102,1,0,4,0
29103,0,0,6,0
29104,1,0,6,0
29105,2,1,5,0
29106,0,0,5,1
29107,0,0,4,0
29108,4,3,11,2
29109,7,3,11,2
29110,2,0,6,2
29111,0,2,5,1
29112,1,0,6,0
29113,1,3,2,0
29114,1,0,5,0
29115,1,2,4,2
29116,1,1,6,1
29117,0,0,2,0
29118,3,1,1,0
29119,0,0,1,1
29120,1,0,2,0
29121,1,0,1,0
29122,2,1,1,1
29123,0,0,3,1
29124,3,0,6,0
29125,1,2,2,2
29126,1,0,1,1
29127,1,1,1,0
29128,2,2,13,2
29129,8,4,5,1
29130,5,2,10,3
29131,1,3,2,0
29132,0,1,6,0
29133,1,0,4,1
29134,3,1,2,2
29135,1,0,1,1
29136,1,0,6,1
29137,0,1,1,1
29138,0,0,2,0
29139,1,1,5,1
29140,2,2,2,0
29141,2,1,6,0
29142,2,1,4,1
29143,0,1,6,0
29144,4,0,1,0
29145,2,0,3,0
29146,1,0,2,0
29147,3,1,1,3
29148,1,0,1,3
29149,3,3,14,1
29150,2,0,1,0
29151,4,0,3,2
29152,7,2,5,3
29153,2,2,4,0
29154,1,2,4,1
29155,2,0,5,1
29156,1,1,4,1
29157,3,0,1,1
29158,7,6,11,2
29159,2,0,2,1
29160,2,0,1,1
29161,0,1,1,2
29162,4,1,6,0
29163,2,3,1,1
29164,0,1,3,0
29165,0,0,3,0
29166,5,4,11,0
29167,4,1,10,2
29168,2,3,3,0
29169,0,0,3,0
29170,4,4,5,2
29171,1,0,6,1
29172,1,0,3,0
29173,1,2,1,3
29174,1,0,1,0
29175,5,6,10,2
29176,1,1,6,0
29177,0,2,6,2
29178,1,1,2,1
29179,2,0,1,0
29180,0,1,1,0
29181,2,0,3,0
29182,3,2,2,2
29183,2,0,6,1
29184,2,2,1,0
29185,1,0,1,0
29186,2,1,1,2
29187,0,0,5,0
29188,1,0,4,3
29189,1,0,4,0
29190,1,2,6,0
29191,2,2,1,1
29192,0,1,2,1
29193,0,0,2,0
29194,4,4,10,1
29195,3,2,5,0
29196,0,0,6,0
29197,3,0,3,1
29198,1,2,4,2
29199,0,2,2,0
29200,4,4,5,1
29201,2,0,1,2
29202,1,2,5,1
29203,0,1,2,0
29204,0,1,5,1
29205,3,0,2,2
29206,3,0,3,1
29207,0,1,2,0
29208,1,2,2,1
29209,1,1,4,2
29210,0,1,4,1
29211,1,1,2,2
29212,0,1,2,1
29213,4,5,7,4
29214,0,0,6,0
29215,1,0,6,2
29216,0,1,3,0
29217,0,1,5,3
29218,1,0,2,1
29219,4,6,14,2
29220,0,0,4,0
29221,0,0,4,1
29222,2,2,1,2
29223,3,4,10,2
29224,4,2,10,2
29225,1,1,1,0
29226,1,0,2,1
29227,0,1,3,1
29228,4,3,11,3
29229,2,1,2,1
29230,1,1,5,1
29231,1,1,1,0
29232,2,2,7,3
29233,1,0,6,0
29234,4,4,12,1
29235,1,3,5,0
29236,1,1,3,0
29237,2,0,3,0
29238,1,0,4,0
29239,2,1,1,1
29240,3,1,2,3
29241,4,2,11,3
29242,1,1,3,1
29243,3,1,2,0
29244,2,3,4,1
29245,3,3,11,3
29246,2,0,3,0
29247,1,1,5,3
29248,3,0,5,2
29249,0,1,6,0
29250,0,1,6,2
29251,4,4,8,4
29252,3,0,6,0
29253,4,0,2,2
29254,2,0,6,0
29255,1,2,6,2
29256,3,1,1,0
29257,1,3,3,2
29258,2,2,4,3
29259,1,2,3,1
29260,4,1,1,2
29261,1,0,5,0
29262,1,1,4,0
29263,2,0,1,0
29264,5,3,7,1
29265,0,0,1,0
29266,3,0,3,1
29267,4,1,3,0
29268,2,1,6,0
29269,0,2,5,0
29270,4,3,2,0
29271,4,4,14,1
29272,6,1,14,1
29273,1,0,1,0
29274,3,0,6,1
29275,2,3,6,0
29276,1,3,6,2
29277,4,0,2,0
29278,3,1,2,0
29279,7,3,13,2
29280,0,0,1,1
29281,2,1,3,1
29282,2,0,4,0
29283,5,4,13,1
29284,2,3,6,1
29285,0,0,4,0
29286,1,0,3,1
29287,0,0,1,0
29288,2,0,1,3
29289,0,0,3,2
29290,1,2,2,1
29291,2,0,1,0
29292,2,0,6,2
29293,1,2,6,3
29294,1,0,4,1
29295,4,1,7,1
29296,1,0,6,3
29297,2,2,3,0
29298,0,0,1,1
29299,1,1,6,0
29300,2,1,1,1
29301,0,1,1,1
29302,3,0,6,2
29303,2,1,2,3
29304,4,0,6,2
29305,4,3,13,1
29306,4,1,2,2
29307,1,2,3,2
29308,0,2,1,0
29309,2,2,1,3
29310,3,4,11,0
29311,7,2,12,1
29312,0,2,4,0
29313,0,0,1,2
29314,4,1,4,0
29315,1,0,2,0
29316,1,0,6,2
29317,2,1,6,0
29318,2,3,6,0
29319,1,0,4,2
29320,5,2,7,1
29321,2,0,4,1
29322,4,0,2,0
29323,2,2,3,1
29324,2,2,2,0
29325,4,4,7,2
29326,4,5,9,1
29327,2,5,8,2
29328,0,2,5,2
29329,3,3,9,2
29330,3,1,5,1
29331,3,1,6,1
29332,2,1,4,1
29333,0,1,1,0
29334,3,0,5,0
29335,4,4,7,2
29336,1,2,1,1
29337,3,0,3,0
29338,5,3,13,2
29339,2,3,2,0
29340,3,2,5,2
29341,1,0,5,0
29342,0,1,2,0
29343,0,0,1,0
29344,0,0,3,1
29345,1,0,2,3
29346,2,2,4,2
29347,3,2,4,0
29348,0,0,6,3
29349,3,6,10,3
29350,1,1,3,0
29351,1,1,1,2
29352,1,1,2,2
29353,4,3,6,3
29354,0,1,1,0
29355,3,0,6,0
29356,1,1,6,1
29357,1,0,5,0
29358,4,2,9,1
29359,1,0,6,0
29360,1,1,5,0
29361,2,0,5,0
29362,2,1,2,1
29363,2,3,4,0
29364,3,3,9,2
29365,1,1,4,0
29366,1,2,3,0
29367,4,2,9,2
29368,5,3,9,1
29369,1,1,3,0
29370,3,1,5,0
29371,3,0,4,1
29372,0,1,1,1
29373,3,0,1,0
29374,5,5,10,1
29375,3,1,2,0
29376,1,2,5,0
29377,2,2,2,1
29378,2,3,6,1
29379,0,2,5,0
29380,0,1,4,0
29381,3,3,1,0
29382,6,5,13,1
29383,0,1,4,1
29384,2,0,5,1
29385,3,2,5,0
29386,0,3,6,1
29387,5,4,13,5
29388,2,2,3,1
29389,0,1,6,0
29390,1,1,2,1
29391,0,0,1,1
29392,1,0,5,0
29393,4,3,14,2
29394,3,0,5,1
29395,1,1,2,1
29396,2,2,2,2
29397,1,0,6,2
29398,0,0,2,3
29399,2,0,2,1
29400,0,1,3,0
29401,1,0,5,0
29402,0,0,5,0
29403,2,0,3,0
29404,1,0,5,0
29405,1,5,14,1
29406,0,0,1,1
29407,1,0,2,0
29408,1,3,4,1
29409,1,2,3,1
29410,0,2,2,1
29411,4,2,14,1
29412,3,1,4,0
29413,3,1,5,0
29414,1,0,3,1
29415,1,0,3,1
29416,4,3,3,0
29417,2,6,9,2
29418,1,3,2,1
29419,2,0,6,1
29420,0,0,4,2
29421,1,1,1,0
29422,2,1,14,2
29423,4,0,4,2
29424,1,3,3,1
29425,5,5,5,2
29426,0,1,1,0
29427,4,1,7,3
29428,3,0,2,0
29429,1,0,3,0
29430,1,3,1,0
29431,3,3,5,2
29432,1,2,6,0
29433,1,3,9,1
29434,1,0,6,2
29435,3,0,1,1
29436,2,0,2,0
29437,1,2,5,2
29438,0,0,4,0
29439,3,2,4,1
29440,2,1,4,2
29441,0,0,6,1
29442,1,3,3,0
29443,0,1,6,0
29444,1,0,5,0
29445,1,2,4,2
29446,0,0,4,0
29447,4,2,5,0
29448,2,1,6,1
29449,1,0,1,1
29450,0,2,3,1
29451,2,1,1,0
29452,2,0,3,0
29453,6,3,12,2
29454,1,0,6,1
29455,1,3,2,0
29456,1,3,3,2
29457,1,0,3,0
29458,1,1,5,2
29459,0,1,2,0
29460,2,4,7,1
29461,0,0,1,0
29462,1,0,5,1
29463,1,1,6,0
29464,3,0,1,0
29465,2,4,12,2
29466,1,0,2,1
29467,2,3,5,0
29468,4,3,14,1
29469,6,3,6,1
29470,3,3,4,0
29471,4,1,12,2
29472,4,2,1,2
29473,6,2,6,2
29474,2,0,1,1
29475,3,2,2,1
29476,2,2,5,2
29477,2,0,3,0
29478,2,1,5,1
29479,0,1,4,0
29480,5,4,13,2
29481,4,3,13,3
29482,6,3,10,4
29483,0,2,6,1
29484,1,2,1,2
29485,1,1,6,0
29486,1,1,1,0
29487,2,1,6,2
29488,1,0,1,1
29489,1,3,3,0
29490,0,0,3,0
29491,1,0,6,0
29492,0,1,4,0
29493,2,0,2,1
29494,2,0,6,0
29495,0,1,5,0
29496,3,1,5,0
29497,4,1,2,0
29498,2,3,9,2
29499,3,3,10,2
29500,5,4,11,3
29501,1,1,4,2
29502,3,3,7,1
29503,1,3,4,0
29504,0,1,5,0
29505,3,2,5,1
29506,5,3,6,3
29507,0,0,6,0
29508,2,1,1,0
29509,1,1,5,0
29510,1,0,1,0
29511,0,0,5,0
29512,3,1,6,2
29513,4,0,5,1
29514,1,0,4,2
29515,2,0,1,0
29516,5,4,10,3
29517,4,3,5,3
29518,4,2,12,1
29519,2,1,5,0
29520,3,2,6,1
29521,1,0,6,0
29522,3,1,3,1
29523,1,3,13,1
29524,0,1,5,0
29525,3,0,1,1
29526,0,0,5,0
29527,1,0,1,2
29528,0,0,2,1
29529,3,6,8,2
29530,2,2,14,3
29531,1,0,4,3
29532,2,3,5,0
29533,0,0,6,0
29534,5,2,7,0
29535,2,1,6,0
29536,0,0,2,0
29537,3,0,3,0
29538,0,2,1,0
29539,1,0,6,2
29540,6,1,5,4
29541,1,2,6,0
29542,1,0,5,0
29543,1,2,4,0
29544,1,0,3,0
29545,1,0,1,0
29546,0,3,3,1
29547,2,0,3,1
29548,1,1,3,0
29549,0,1,6,2
29550,3,0,4,0
29551,1,3,5,1
29552,3,1,4,0
29553,1,3,6,0
29554,1,0,3,0
29555,4,0,4,1
29556,2,0,1,1
29557,6,4,6,1
29558,1,0,3,1
29559,2,2,2,1
29560,2,1,4,1
29561,2,1,4,1
29562,1,1,1,1
29563,2,0,4,2
29564,1,1,1,0
29565,1,1,4,0
29566,1,0,2,0
29567,2,3,3,2
29568,0,1,1,0
29569,2,0,4,0
29570,3,3,11,1
29571,6,5,13,3
29572,1,0,5,1
29573,3,0,5,1
29574,4,2,3,1
29575,1,0,2,0
29576,2,1,13,3
29577,3,1,3,0
29578,0,3,6,1
29579,1,3,3,0
29580,0,2,3,1
29581,0,1,4,2
29582,2,2,1,0
29583,0,0,2,0
29584,1,3,1,1
29585,3,1,5,1
29586,1,1,4,0
29587,0,0,2,0
29588,5,3,10,2
29589,1,0,1,3
29590,2,3,2,0
29591,1,3,1,2
29592,2,1,5,1
29593,2,1,4,1
29594,0,0,2,1
29595,1,2,3,0
29596,0,0,4,0
29597,2,0,4,0
29598,4,2,9,2
29599,2,0,1,1
29600,2,0,1,0
29601,1,2,4,0
29602,2,1,1,0
29603,6,2,11,2
29604,0,0,4,0
29605,1,1,6,2
29606,1,2,1,0
29607,3,0,1,0
29608,1,1,2,0
29609,0,2,3,0
29610,4,2,7,1
29611,6,6,9,2
29612,1,0,1,1
29613,4,1,9,3
29614,0,2,5,1
29615,2,1,10,1
29616,2,2,3,1
29617,4,2,2,2
29618,2,0,2,0
29619,1,1,5,0
29620,1,2,1,0
29621,2,0,1,3
29622,2,3,2,0
29623,0,2,6,0
29624,1,0,1,0
29625,4,0,5,1
29626,3,1,4,1
29627,2,1,3,0
29628,0,1,1,2
29629,1,0,5,0
29630,4,6,5,2
29631,2,1,1,0
29632,6,6,5,1
29633,1,2,6,2
29634,2,1,4,1
29635,0,1,3,1
29636,4,3,6,1
29637,2,0,3,0
29638,0,0,1,1
29639,0,2,3,1
29640,2,3,5,0
29641,0,0,3,0
29642,1,2,3,2
29643,1,0,6,0
29644,1,0,1,1
29645,3,1,1,0
29646,2,0,3,1
29647,1,0,5,1
29648,3,0,3,1
29649,0,0,2,3
29650,2,3,8,2
29651,1,3,2,1
29652,2,1,5,0
29653,0,1,1,0
29654,4,2,6,2
29655,0,0,6,2
29656,1,0,3,0
29657,0,1,2,0
29658,4,0,2,0
29659,5,3,8,1
29660,1,0,3,0
29661,2,0,6,0
29662,3,0,2,0
29663,0,2,1,2
29664,2,3,8,1
29665,0,1,1,0
29666,1,2,4,1
29667,0,1,2,2
29668,0,1,2,1
29669,1,0,3,0
29670,4,2,5,3
29671,0,2,3,2
29672,0,1,2,2
29673,1,0,3,3
29674,2,2,3,1
29675,3,3,7,1
29676,6,5,8,1
29677,1,2,5,0
29678,7,2,5,2
29679,0,0,6,1
29680,0,0,1,1
29681,0,2,6,0
29682,0,2,2,1
29683,0,3,4,0
29684,7,5,6,1
29685,1,2,3,0
29686,4,1,2,0
29687,4,2,5,0
29688,2,1,3,0
29689,1,1,3,0
29690,1,3,12,2
29691,5,6,8,2
29692,4,0,2,0
29693,4,4,5,1
29694,3,3,5,1
29695,0,2,3,0
29696,5,3,10,1
29697,1,0,2,0
29698,1,1,4,0
29699,4,3,6,1
29700,2,0,1,0
29701,3,1,4,3
29702,7,2,11,3
29703,2,0,4,2
29704,0,1,3,0
29705,0,0,3,1
29706,1,1,3,0
29707,1,1,4,0
29708,1,0,4,0
29709,1,1,5,0
29710,0,0,6,3
29711,1,3,3,1
29712,2,1,3,1
29713,3,2,2,1
29714,2,1,5,1
29715,1,2,2,1
29716,2,0,1,2
29717,0,1,3,2
29718,1,0,1,0
29719,1,0,6,0
29720,4,4,7,1
29721,0,2,4,1
29722,1,0,5,1
29723,0,0,2,0
29724,4,2,5,3
29725,2,3,3,0
29726,0,0,4,0
29727,3,0,5,1
29728,3,3,8,1
29729,0,0,3,0
29730,1,0,3,1
29731,1,0,5,0
29732,1,1,5,1
29733,2,1,2,0
29734,0,1,3,0
29735,0,0,4,2
29736,0,0,4,0
29737,0,2,5,1
29738,3,1,1,0
29739,1,3,6,0
29740,0,0,3,2
29741,1,4,9,4
29742,1,2,6,1
29743,0,0,1,0
29744,8,2,7,3
29745,3,1,6,2
29746,2,1,1,0
29747,4,1,12,2
29748,0,0,3,0
29749,4,4,7,2
29750,2,3,6,1
29751,5,2,8,1
29752,2,1,5,1
29753,2,1,1,3
29754,3,1,1,0
29755,2,2,1,1
29756,0,0,1,1
29757,1,1,1,1
29758,1,1,2,1
29759,1,0,3,3
29760,4,3,6,3
29761,1,0,1,0
29762,2,0,2,0
29763,3,1,6,1
29764,2,2,3,1
29765,0,0,3,2
29766,5,2,8,2
29767,4,2,12,2
29768,0,0,3,0
29769,3,0,1,0
29770,0,1,1,0
29771,4,3,2,0
29772,6,4,14,5
29773,1,0,2,2
29774,4,2,12,0
29775,3,0,1,0
29776,0,1,1,0
29777,0,1,2,0
29778,2,0,3,0
29779,0,0,6,0
29780,7,2,12,3
29781,2,3,1,3
29782,0,0,6,2
29783,0,0,2,0
29784,0,2,5,3
29785,2,1,4,1
29786,1,0,1,0
29787,1,3,2,1
29788,3,0,4,0
29789,2,0,6,0
29790,1,2,6,0
29791,5,4,12,3
29792,0,1,6,0
29793,0,0,6,0
29794,3,2,9,2
29795,2,1,1,2
29796,5,3,14,1
29797,5,2,8,2
29798,2,3,4,0
29799,2,0,2,3
29800,8,3,10,1
29801,1,1,2,2
29802,2,3,1,0
29803,1,1,4,0
29804,1,1,6,1
29805,2,1,2,2
29806,3,1,9,3
29807,3,3,2,0
29808,0,1,4,1
29809,0,2,1,1
29810,8,4,7,3
29811,2,1,2,0
29812,2,1,1,1
29813,1,0,1,0
29814,0,0,5,1
29815,1,0,3,0
29816,1,0,2,0
29817,3,0,6,0
29818,1,2,5,3
29819,4,0,3,0
29820,4,4,9,3
29821,4,1,3,1
29822,0,3,4,0
29823,1,0,4,2
29824,1,3,1,0
29825,8,2,12,2
29826,3,1,2,0
29827,2,1,1,1
29828,1,0,6,3
29829,5,5,13,3
29830,5,2,14,1
29831,2,3,11,3
29832,4,0,5,0
29833,1,0,4,1
29834,0,0,3,0
29835,2,1,5,0
29836,2,0,2,1
29837,6,3,10,1
29838,0,2,5,0
29839,5,4,10,2
29840,0,1,1,1
29841,1,0,3,0
29842,3,2,4,1
29843,4,3,7,1
29844,4,3,13,2
29845,0,1,5,0
29846,0,0,1,2
29847,0,3,6,2
29848,2,0,6,2
29849,1,3,1,2
29850,1,0,5,0
29851,1,2,1,1
29852,1,2,5,0
29853,0,3,6,0
29854,4,2,1,0
29855,6,3,5,2
29856,4,4,9,1
29857,0,1,3,0
29858,0,1,5,1
29859,5,1,7,1
29860,1,0,4,1
29861,6,1,6,5
29862,0,2,3,0
29863,3,2,10,1
29864,3,4,13,1
29865,0,0,1,0
29866,4,1,5,1
29867,1,1,2,1
29868,0,3,3,2
29869,2,3,2,0
29870,3,2,8,1
29871,2,1,6,0
29872,7,4,9,2
29873,4,0,6,0
29874,1,1,5,0
29875,2,1,1,1
29876,3,3,14,2
29877,1,0,6,0
29878,1,0,6,1
29879,0,1,3,0
29880,4,2,3,2
29881,4,4,6,1
29882,4,0,1,3
29883,0,2,1,2
29884,0,1,6,1
29885,1,0,2,1
29886,1,2,1,2
29887,0,1,3,0
29888,1,1,1,2
29889,4,3,12,5
29890,1,1,6,0
29891,1,2,3,1
29892,4,2,9,1
29893,1,0,1,0
29894,1,0,3,0
29895,2,1,2,0
29896,1,0,4,1
29897,0,0,3,2
29898,4,6,8,3
29899,2,0,5,0
29900,1,2,1,0
29901,1,0,3,2
29902,2,1,3,1
29903,4,0,4,0
29904,4,4,14,2
29905,5,2,12,2
29906,1,0,3,2
29907,1,0,1,0
29908,0,0,4,0
29909,5,3,10,2
29910,2,3,1,0
29911,1,2,6,1
29912,2,0,4,3
29913,3,3,5,1
29914,0,2,1,1
29915,1,3,3,0
29916,4,2,11,1
29917,4,2,3,0
29918,7,2,7,2
29919,3,2,6,0
29920,4,3,14,3
29921,2,1,1,2
29922,1,0,6,0
29923,4,3,12,2
29924,2,0,2,0
29925,1,0,3,1
29926,2,1,2,2
29927,2,0,1,1
29928,4,0,6,0
29929,1,0,6,0
29930,0,0,5,1
29931,4,1,3,0
29932,0,0,3,1
29933,0,2,1,2
29934,2,3,12,2
29935,3,0,2,0
29936,2,3,11,3
29937,1,1,4,1
29938,1,0,3,1
29939,1,2,2,0
29940,5,2,11,5
29941,3,1,1,0
29942,1,0,4,0
29943,1,0,6,0
29944,6,2,7,3
29945,0,1,5,0
29946,1,1,6,3
29947,1,3,6,0
29948,2,1,2,0
29949,0,0,2,0
29950,5,1,8,2
29951,0,0,2,1
29952,1,3,2,1
29953,3,1,2,0
29954,1,0,3,1
29955,2,0,3,0
29956,1,0,6,1
29957,6,5,11,0
29958,2,1,3,0
29959,2,2,1,0
29960,0,3,6,0
29961,1,1,6,0
29962,1,0,5,3
29963,1,0,3,0
29964,0,0,6,0
29965,1,3,5,0
29966,0,1,3,0
29967,1,0,2,1
29968,7,3,10,3
29969,1,2,5,0
29970,4,1,3,0
29971,1,0,1,0
29972,2,0,3,1
29973,0,1,3,0
29974,2,2,2,0
29975,0,0,5,1
29976,2,3,5,4
29977,3,0,2,0
29978,1,1,1,2
29979,0,1,5,0
29980,1,1,6,1
29981,1,3,6,0
29982,3,1,6,1
29983,0,2,3,2
29984,0,2,3,1
29985,5,4,9,2
29986,2,1,2,3
29987,3,1,5,2
29988,1,1,6,0
29989,0,2,6,0
29990,1,0,5,1
29991,1,1,6,2
29992,0,1,5,0
29993,2,0,4,0
29994,3,1,1,0
29995,1,0,1,2
29996,0,1,6,0
29997,5,5,11,4
29998,1,2,2,0
29999,0,1,6,0
30000,0,1,2,1
30001,0,1,3,1
30002,1,1,6,2
30003,6,4,8,2
30004,2,1,4,2
30005,2,1,5,0
30006,8,6,13,3
30007,0,0,3,0
30008,1,0,4,2
30009,2,2,6,2
30010,5,3,14,5
30011,1,4,10,3
30012,2,0,2,0
30013,2,1,3,2
30014,1,0,5,1
30015,3,5,11,2
30016,4,3,12,2
30017,1,0,2,0
30018,0,1,1,2
30019,3,0,1,0
30020,2,0,2,1
30021,1,0,6,2
30022,0,0,2,2
30023,3,5,8,2
30024,3,4,6,3
30025,0,0,2,0
30026,2,2,5,5
30027,2,2,6,1
30028,1,0,1,0
30029,3,4,11,2
30030,0,1,4,2
30031,4,4,12,2
30032,1,2,4,1
30033,1,0,2,1
30034,1,1,4,0
30035,1,3,9,1
30036,3,0,3,1
30037,1,1,6,0
30038,2,3,2,2
30039,7,4,14,1
30040,2,3,3,0
30041,4,2,12,3
30042,1,0,4,0
30043,1,2,3,1
30044,3,0,2,0
30045,1,1,1,0
30046,2,1,6,0
30047,2,0,5,1
30048,4,3,9,2
30049,0,2,3,2
30050,1,2,3,0
30051,0,3,6,2
30052,1,1,5,1
30053,2,2,8,1
30054,1,1,4,0
30055,2,0,2,0
30056,1,1,1,0
30057,1,0,1,0
30058,1,3,5,0
30059,0,2,4,1
30060,0,0,1,2
30061,0,0,2,0
30062,0,0,5,1
30063,2,0,5,1
30064,5,3,6,3
30065,2,1,1,1
30066,0,1,1,1
30067,7,3,10,2
30068,0,0,6,0
30069,1,0,5,1
30070,1,1,4,0
30071,0,3,2,0
30072,3,3,2,2
30073,0,3,4,0
30074,0,3,5,1
30075,2,4,13,3
30076,1,2,4,1
30077,7,2,7,1
30078,3,0,5,0
30079,4,4,5,2
30080,0,1,5,1
30081,1,0,5,1
30082,0,1,1,2
30083,1,3,2,0
30084,1,0,5,1
30085,2,0,4,2
30086,0,3,2,1
30087,0,0,2,0
30088,0,2,3,1
30089,4,2,7,2
30090,2,3,11,2
30091,0,1,1,1
30092,2,3,5,0
30093,3,3,5,0
30094,2,0,2,1
30095,0,2,3,1
30096,2,1,3,0
30097,0,0,4,1
30098,1,0,4,2
30099,7,2,14,2
30100,2,1,1,0
30101,2,1,4,1
30102,1,0,6,0
30103,3,0,4,0
30104,0,2,5,1
30105,2,2,6,3
30106,1,1,3,1
30107,5,6,8,3
30108,4,2,5,2
30109,2,3,2,0
30110,0,2,4,1
30111,4,1,2,2
30112,0,2,2,0
30113,2,4,14,1
30114,1,1,1,0
30115,0,0,1,1
30116,4,6,14,2
30117,4,3,5,2
30118,2,1,2,0
30119,2,0,2,0
30120,2,0,6,1
30121,1,1,2,0
30122,2,2,5,0
30123,1,2,3,0
30124,0,0,1,1
30125,0,3,3,1
30126,1,0,5,1
30127,0,0,5,1
30128,3,0,3,1
30129,3,1,3,1
30130,0,0,6,2
30131,1,0,6,0
30132,2,0,1,0
30133,2,2,3,1
30134,6,3,10,2
30135,2,1,6,0
30136,2,2,6,2
30137,0,0,1,2
30138,2,0,1,0
30139,4,1,3,0
30140,2,0,4,0
30141,3,2,1,2
30142,2,1,2,1
30143,2,1,7,2
30144,0,1,3,1
30145,4,2,3,1
30146,1,3,4,0
30147,0,0,6,1
30148,3,2,4,0
30149,0,1,2,0
30150,1,1,12,2
30151,1,1,2,0
30152,4,0,2,1
30153,1,0,3,1
30154,3,0,5,1
30155,1,0,3,2
30156,2,1,1,0
30157,0,2,3,0
30158,3,1,6,2
30159,4,3,14,3
30160,1,0,3,1
30161,2,1,4,0
30162,2,0,4,1
30163,0,0,1,1
30164,0,2,6,1
30165,0,2,2,1
30166,2,3,5,0
30167,0,1,6,0
30168,1,0,1,0
30169,2,0,2,0
30170,1,0,3,1
30171,2,2,6,0
30172,0,1,2,0
30173,1,0,4,1
30174,0,0,5,1
30175,0,0,4,1
30176,3,4,11,3
30177,4,1,1,1
30178,6,2,14,2
30179,3,1,3,1
30180,3,3,14,3
30181,4,0,4,1
30182,3,6,6,3
30183,2,1,1,0
30184,2,0,6,0
30185,5,3,5,2
30186,0,1,3,0
30187,0,0,4,2
30188,1,2,4,0
30189,0,1,2,1
30190,1,0,2,0
30191,1,2,3,0
30192,5,5,8,2
30193,2,2,5,3
30194,0,1,4,1
30195,4,0,2,2
30196,0,3,5,2
30197,1,3,1,0
30198,1,0,1,0
30199,2,4,6,2
30200,5,3,13,2
30201,2,0,6,2
30202,1,6,11,2
30203,2,0,3,1
30204,1,0,4,0
30205,0,2,5,0
30206,0,2,4,0
30207,3,0,2,2
30208,3,2,4,0
30209,5,5,8,4
30210,3,1,2,0
30211,1,0,3,0
30212,0,1,1,1
30213,3,0,1,0
30214,3,1,2,0
30215,2,1,4,0
30216,0,2,4,0
30217,0,0,1,1
30218,0,1,2,0
30219,0,0,3,0
30220,3,1,4,2
30221,3,4,13,1
30222,2,3,3,0
30223,2,2,7,2
30224,0,1,6,1
30225,1,0,3,2
30226,3,1,6,0
30227,4,4,6,0
30228,0,2,2,1
30229,3,0,6,3
30230,1,3,5,1
30231,0,2,2,2
30232,0,1,3,0
30233,4,2,5,1
30234,1,2,6,1
30235,2,1,4,1
30236,2,0,4,2
30237,1,3,4,0
30238,5,3,11,2
30239,0,0,6,0
30240,1,2,3,1
30241,0,0,4,0
30242,1,0,4,1
30243,0,2,5,0
30244,2,1,1,0
30245,0,1,3,0
30246,1,1,5,0
30247,2,1,4,1
30248,1,2,2,0
30249,0,1,2,0
30250,0,2,4,0
30251,1,0,3,0
30252,0,0,6,3
30253,2,0,2,0
30254,6,2,14,1
30255,1,3,4,1
30256,5,4,5,2
30257,4,0,1,1
30258,1,0,5,0
30259,1,3,2,1
30260,3,2,13,1
30261,1,1,2,0
30262,0,0,4,0
30263,4,3,4,1
30264,0,1,2,0
30265,2,0,2,0
30266,3,1,4,1
30267,1,1,5,1
30268,4,1,4,2
30269,3,1,1,0
30270,3,1,1,0
30271,0,0,2,3
30272,1,0,6,3
30273,1,0,6,1
30274,0,0,2,0
30275,0,2,4,0
30276,1,3,2,2
30277,0,1,6,0
30278,1,2,3,0
30279,0,1,6,0
30280,1,0,6,0
30281,0,0,6,1
30282,0,1,6,0
30283,2,0,1,1
30284,0,0,2,0
30285,1,1,4,0
30286,0,0,3,0
30287,0,2,1,1
30288,2,3,4,0
30289,0,1,4,1
30290,1,1,3,2
30291,2,0,4,2
30292,0,0,2,1
30293,1,1,5,1
30294,2,1,5,0
30295,1,1,2,0
30296,3,1,2,0
30297,1,0,4,0
30298,4,1,1,2
30299,1,0,5,1
30300,1,1,3,0
30301,2,1,2,0
30302,2,0,1,1
30303,3,1,2,0
30304,1,1,3,0
30305,1,2,5,1
30306,1,0,5,1
30307,0,3,2,0
30308,0,2,2,0
30309,2,0,4,1
30310,1,1,3,1
30311,2,3,5,0
30312,1,1,4,2
30313,3,1,3,0
30314,1,0,5,1
30315,3,4,10,1
30316,1,1,3,0
30317,2,1,4,0
30318,4,2,3,0
30319,1,0,1,1
30320,2,2,5,0
30321,4,2,2,2
30322,1,2,3,0
30323,3,2,6,1
30324,2,0,5,1
30325,2,1,4,1
30326,2,1,6,0
30327,0,0,3,1
30328,3,4,6,4
30329,0,1,3,0
30330,0,1,3,0
30331,3,2,1,0
30332,1,1,2,1
30333,4,2,8,2
30334,3,0,2,0
30335,1,3,5,0
30336,3,1,5,2
30337,0,1,2,2
30338,2,1,5,1
30339,2,1,5,0
30340,4,3,6,3
30341,1,1,2,2
30342,2,2,5,2
30343,4,3,9,2
30344,1,2,14,2
30345,5,2,11,2
30346,1,1,5,0
30347,3,0,1,0
30348,2,0,3,1
30349,4,1,1,0
30350,1,0,4,0
30351,2,1,6,1
30352,0,0,3,2
30353,1,0,2,0
30354,4,4,5,2
30355,0,1,5,1
30356,4,1,11,1
30357,1,1,4,0
30358,1,1,3,0
30359,3,1,10,2
30360,1,5,12,1
30361,0,0,5,2
30362,0,0,6,0
30363,3,0,1,2
30364,0,0,3,0
30365,0,0,1,1
30366,5,3,7,3
30367,3,1,1,0
30368,2,0,4,1
30369,0,1,6,0
30370,1,0,2,0
30371,0,1,2,0
30372,2,0,3,0
30373,7,4,6,2
30374,0,1,3,1
30375,4,3,10,1
30376,0,1,6,1
30377,2,1,3,0
30378,0,0,5,2
30379,1,1,5,1
30380,1,5,7,5
30381,0,1,2,0
30382,4,2,11,1
30383,0,1,3,0
30384,2,0,5,1
30385,3,0,5,2
30386,4,2,7,1
30387,1,2,6,0
30388,0,1,5,0
30389,3,2,13,3
30390,4,2,6,1
30391,0,0,5,1
30392,3,2,2,1
30393,0,0,2,0
30394,3,1,4,2
30395,7,5,7,2
30396,3,3,3,0
30397,4,4,10,2
30398,1,0,4,0
30399,0,1,3,0
30400,4,2,1,0
30401,4,1,4,1
30402,0,1,5,0
30403,1,0,5,2
30404,0,1,4,0
30405,0,1,3,0
30406,3,0,6,0
30407,7,3,6,3
30408,1,1,3,1
30409,0,0,3,2
30410,1,0,2,0
30411,1,2,6,0
30412,0,0,4,1
30413,0,0,6,1
30414,2,3,2,0
30415,0,0,1,0
30416,4,1,10,2
30417,2,1,3,0
30418,0,1,6,1
30419,1,1,2,0
30420,2,2,2,0
30421,0,1,1,0
30422,3,2,2,1
30423,4,2,3,3
30424,3,1,6,0
30425,0,0,4,1
30426,1,0,6,1
30427,1,2,11,3
30428,1,3,2,1
30429,2,1,3,0
30430,2,1,6,0
30431,1,2,1,1
30432,5,2,6,2
30433,2,3,4,1
30434,3,3,4,1
30435,4,4,10,3
30436,1,0,4,1
30437,3,3,5,0
30438,3,3,3,3
30439,1,0,1,0
30440,1,2,1,0
30441,4,0,1,0
30442,0,1,5,0
30443,2,0,4,0
30444,2,2,3,2
30445,0,1,5,0
30446,4,0,6,0
30447,1,0,2,0
30448,2,1,6,1
30449,0,0,2,1
30450,4,3,3,1
30451,2,2,5,0
30452,3,2,10,2
30453,1,0,1,0
30454,0,1,2,0
30455,1,0,1,0
30456,0,1,2,0
30457,2,1,4,1
30458,3,5,11,1
30459,4,2,5,2
30460,1,1,5,2
30461,2,1,6,0
30462,0,0,6,0
30463,2,0,3,3
30464,1,3,6,0
30465,2,1,6,1
30466,2,1,5,0
30467,2,0,2,3
30468,4,2,3,0
30469,1,1,2,1
30470,1,3,2,1
30471,2,2,1,0
30472,1,2,2,0
30473,1,2,6,1
30474,1,1,5,1
30475,1,1,1,1
30476,0,0,6,0
30477,3,2,5,1
30478,0,0,4,0
30479,4,5,9,1
30480,1,3,1,2
30481,2,0,5,0
30482,2,2,2,0
30483,3,0,2,0
30484,2,3,1,0
30485,3,2,10,2
30486,2,2,1,1
30487,4,0,3,1
30488,1,0,3,0
30489,0,0,3,0
30490,1,1,1,1
30491,2,1,6,0
30492,0,2,1,0
30493,2,1,5,0
30494,0,0,1,1
30495,4,2,11,1
30496,0,1,6,0
30497,2,2,5,3
30498,4,6,10,0
30499,0,2,6,0
30500,2,2,2,2
30501,2,3,1,0
30502,3,2,6,2
30503,3,0,4,2
30504,1,0,1,0
30505,5,2,14,1
30506,3,0,1,3
30507,1,0,4,0
30508,0,2,2,2
30509,1,3,6,0
30510,1,1,5,0
30511,3,3,7,3
30512,5,2,10,1
30513,1,0,3,0
30514,0,2,1,0
30515,1,0,1,0
30516,1,2,2,2
30517,2,3,4,2
30518,0,0,3,0
30519,2,1,4,2
30520,1,0,4,0
30521,2,3,1,0
30522,3,1,1,1
30523,0,0,2,0
30524,2,2,6,2
30525,3,3,13,1
30526,1,1,4,2
30527,3,3,6,1
30528,4,2,4,0
30529,2,1,5,0
30530,0,0,5,0
30531,2,2,1,0
30532,2,0,3,0
30533,3,2,6,1
30534,0,1,4,0
30535,3,0,2,0
30536,1,1,2,0
30537,2,3,4,2
30538,0,1,4,1
30539,2,2,1,1
30540,0,1,5,0
30541,0,1,3,0
30542,0,1,1,0
30543,0,1,2,1
30544,1,0,5,1
30545,1,0,4,0
30546,2,2,5,1
30547,0,1,1,1
30548,4,5,8,2
30549,0,0,5,2
30550,3,1,6,2
30551,6,4,7,2
30552,5,3,11,1
30553,4,2,14,2
30554,5,2,13,1
30555,2,1,1,0
30556,2,1,6,2
30557,4,3,4,0
30558,2,1,4,0
30559,1,3,5,1
30560,3,2,4,3
30561,1,2,4,1
30562,2,0,6,0
30563,0,1,1,1
30564,1,0,1,0
30565,0,0,1,0
30566,2,2,3,1
30567,1,0,6,0
30568,1,3,4,0
30569,3,3,8,5
30570,1,0,6,0
30571,4,4,9,1
30572,0,1,6,0
30573,0,2,1,0
30574,3,1,4,3
30575,0,0,2,2
30576,2,0,3,1
30577,3,1,3,1
30578,2,0,4,2
30579,1,1,6,3
30580,1,1,6,1
30581,1,0,3,0
30582,3,0,2,2
30583,1,0,3,2
30584,1,3,6,0
30585,1,1,3,0
30586,1,1,2,1
30587,1,3,6,1
30588,3,3,3,1
30589,1,1,3,0
30590,1,1,1,0
30591,0,0,1,1
30592,5,3,7,1
30593,1,0,4,0
30594,0,1,5,0
30595,0,2,1,0
30596,1,0,3,1
30597,0,0,1,0
30598,0,1,5,1
30599,4,0,3,0
30600,2,0,3,1
30601,4,0,2,0
30602,5,3,7,3
30603,4,3,12,1
30604,2,0,5,0
30605,4,0,3,1
30606,4,3,9,3
30607,2,2,2,1
30608,2,5,14,2
30609,0,0,1,0
30610,0,1,1,0
30611,1,0,6,2
30612,2,1,1,1
30613,2,2,6,1
30614,6,2,9,0
30615,2,0,1,1
30616,2,3,14,1
30617,3,0,6,0
30618,3,1,2,0
30619,1,2,3,1
30620,1,0,1,1
30621,0,0,5,0
30622,2,3,3,1
30623,0,2,4,1
30624,1,2,3,0
30625,0,1,2,0
30626,1,3,5,3
30627,0,0,3,1
30628,4,5,5,0
30629,1,1,5,0
30630,4,2,10,3
30631,0,3,5,0
30632,2,3,1,1
30633,2,1,2,0
30634,1,1,5,0
30635,1,2,6,2
30636,2,0,5,0
30637,0,1,4,1
30638,1,0,4,0
30639,2,0,2,0
30640,2,3,1,0
30641,2,0,4,0
30642,2,1,5,1
30643,1,0,4,2
30644,1,0,6,0
30645,1,1,2,1
30646,2,0,3,0
30647,0,1,5,3
30648,0,3,1,1
30649,3,1,2,0
30650,0,0,3,1
30651,0,1,6,0
30652,3,0,3,0
30653,2,1,1,1
30654,2,1,1,0
30655,2,0,2,1
30656,5,2,8,1
30657,2,1,6,0
30658,1,1,2,2
30659,0,2,2,2
30660,2,2,2,1
30661,5,2,6,1
30662,0,0,4,0
30663,1,3,1,1
30664,0,0,4,0
30665,1,2,5,0
30666,4,0,4,1
30667,1,0,2,1
30668,1,0,2,1
30669,0,3,3,0
30670,1,1,1,2
30671,1,0,2,3
30672,4,1,2,0
30673,3,2,10,2
30674,4,1,8,3
30675,0,0,3,2
30676,2,0,2,1
30677,0,3,5,1
30678,1,3,3,0
30679,3,2,14,2
30680,0,3,3,0
30681,1,3,4,0
30682,0,2,3,2
30683,2,2,5,3
30684,1,0,1,0
30685,2,2,2,0
30686,1,0,1,0
30687,1,0,2,3
30688,2,1,6,0
30689,1,1,3,1
30690,1,0,2,1
30691,4,4,13,1
30692,0,0,5,0
30693,2,2,4,2
30694,3,1,4,1
30695,4,2,4,0
30696,1,0,4,0
30697,4,0,3,0
30698,1,2,3,0
30699,3,3,11,2
30700,2,2,2,3
30701,1,1,4,1
30702,2,1,9,5
30703,1,1,4,0
30704,5,4,7,1
30705,1,3,4,1
30706,4,0,4,0
30707,0,1,1,2
30708,2,2,3,2
30709,0,0,4,0
30710,1,2,5,0
30711,0,1,6,2
30712,2,2,3,2
30713,6,4,9,2
30714,4,3,6,2
30715,2,0,5,0
30716,0,2,3,0
30717,0,0,2,2
30718,4,3,10,2
30719,5,2,5,2
30720,5,3,8,1
30721,1,3,2,0
30722,0,1,4,1
30723,1,2,4,0
30724,1,1,1,1
30725,2,2,3,2
30726,1,0,6,1
30727,2,1,1,1
30728,1,2,1,1
30729,1,2,10,3
30730,5,5,9,1
30731,0,1,3,3
30732,5,5,6,2
30733,3,2,2,0
30734,0,3,2,0
30735,1,0,4,0
30736,1,0,5,2
30737,0,1,3,0
30738,0,1,6,1
30739,2,0,3,0
30740,5,5,14,3
30741,1,2,6,0
30742,3,3,1,0
30743,0,0,3,1
30744,1,5,8,1
30745,3,1,5,0
30746,1,2,2,2
30747,2,2,2,1
30748,1,0,4,0
30749,0,2,2,1
30750,2,1,1,0
30751,1,2,1,0
30752,0,1,5,1
30753,0,0,2,0
30754,1,2,5,1
30755,1,0,2,1
30756,2,0,1,1
30757,1,1,6,2
30758,3,0,5,1
30759,0,1,3,2
30760,6,1,5,2
30761,1,1,6,0
30762,0,1,4,2
30763,1,1,6,2
30764,0,3,6,0
30765,4,4,10,3
30766,2,3,1,0
30767,2,2,3,0
30768,1,0,3,1
30769,2,2,2,0
30770,4,5,14,3
30771,4,1,6,0
30772,3,0,5,1
30773,3,1,3,1
30774,1,0,4,2
30775,0,1,3,1
30776,2,0,2,1
30777,3,3,13,1
30778,2,0,2,0
30779,4,3,6,0
30780,2,1,2,0
30781,4,0,1,0
30782,0,1,2,0
30783,1,0,5,0
30784,2,2,4,0
30785,1,0,4,2
30786,0,0,5,1
30787,1,0,6,1
30788,3,4,11,1
30789,0,0,4,1
30790,0,1,1,3
30791,1,1,5,0
30792,1,0,1,0
30793,1,3,6,2
30794,4,3,7,2
30795,1,0,5,0
30796,0,1,3,3
30797,3,1,4,1
30798,3,2,12,0
30799,2,1,5,0
30800,3,2,4,1
30801,0,0,4,3
30802,0,1,6,2
30803,3,1,3,2
30804,0,0,2,0
30805,0,1,1,3
30806,2,3,3,2
30807,5,3,11,2
30808,0,1,6,0
30809,2,1,2,0
30810,1,0,3,0
30811,2,2,14,2
30812,2,1,5,1
30813,3,5,12,5
30814,4,3,6,2
30815,2,1,5,0
30816,0,2,2,0
30817,7,5,8,3
30818,7,3,5,2
30819,0,1,1,2
30820,2,2,5,3
30821,1,2,6,0
30822,0,1,6,1
30823,1,3,2,1
30824,2,0,5,1
30825,0,1,3,1
30826,3,3,6,1
30827,7,5,7,2
30828,4,2,7,4
30829,0,2,1,1
30830,0,2,2,2
30831,0,1,3,0
30832,7,2,6,1
30833,3,2,13,1
30834,2,1,4,0
30835,4,3,11,1
30836,4,1,4,0
30837,1,0,5,0
30838,2,1,4,1
30839,4,4,13,2
30840,2,0,4,0
30841,0,1,1,1
30842,1,1,2,0
30843,0,1,6,1
30844,3,0,4,1
30845,3,1,14,0
30846,1,0,5,0
30847,2,2,4,0
30848,2,5,6,1
30849,4,4,9,2
30850,3,1,1,0
30851,3,3,6,0
30852,1,0,4,1
30853,1,0,2,0
30854,0,1,1,1
30855,0,0,6,2
30856,4,0,3,2
30857,0,1,6,2
30858,7,5,8,2
30859,1,0,5,0
30860,3,0,4,0
30861,1,0,5,0
30862,4,5,9,3
30863,8,5,12,3
30864,1,2,4,0
30865,2,3,1,0
30866,4,0,5,1
30867,1,1,4,0
30868,4,4,14,2
30869,2,0,4,1
30870,0,1,4,1
30871,2,3,13,1
30872,0,1,5,3
30873,1,0,3,1
30874,1,1,3,0
30875,5,1,13,1
30876,2,0,6,1
30877,1,2,6,0
30878,4,2,14,3
30879,3,2,14,2
30880,2,1,1,0
30881,0,0,3,0
30882,4,3,13,2
30883,4,3,8,2
30884,4,5,10,2
30885,0,0,6,2
30886,6,5,14,2
30887,1,0,4,0
30888,1,0,6,2
30889,2,3,5,2
30890,0,3,1,1
30891,1,2,4,2
30892,4,2,14,2
30893,0,0,5,1
30894,0,0,3,0
30895,1,1,6,0
30896,1,1,5,1
30897,4,3,13,2
30898,0,3,2,1
30899,1,0,6,1
30900,0,0,1,1
30901,5,4,5,1
30902,4,3,7,2
30903,2,3,3,1
30904,2,1,5,1
30905,1,0,3,0
30906,3,2,8,2
30907,3,1,3,0
30908,6,1,11,3
30909,1,1,5,0
30910,1,1,6,0
30911,0,0,6,0
30912,5,1,6,2
30913,0,0,6,0
30914,1,1,5,0
30915,1,3,6,1
30916,2,1,4,0
30917,0,0,3,0
30918,1,0,1,0
30919,0,1,4,0
30920,2,0,5,1
30921,5,6,9,1
30922,2,2,5,1
30923,1,1,2,0
30924,2,1,1,0
30925,1,0,3,1
30926,1,2,3,1
30927,0,1,2,1
30928,2,3,9,1
30929,0,0,5,3
30930,1,2,4,3
30931,2,0,3,2
30932,2,1,5,1
30933,2,1,5,0
30934,1,3,5,2
30935,6,3,11,2
30936,3,2,13,2
30937,0,0,4,2
30938,4,2,7,1
30939,3,3,8,3
30940,2,3,13,2
30941,2,0,5,0
30942,0,0,5,0
30943,7,2,11,3
30944,0,1,1,0
30945,4,5,5,2
30946,3,4,6,0
30947,1,2,1,0
30948,1,2,3,0
30949,0,1,3,0
30950,1,2,5,1
30951,1,1,4,2
30952,0,2,2,0
30953,3,0,3,3
30954,2,0,6,0
30955,0,1,3,2
30956,2,0,2,0
30957,1,1,1,2
30958,0,1,5,1
30959,4,2,10,1
30960,0,0,2,3
30961,1,3,4,1
30962,2,3,12,3
30963,1,3,4,0
30964,4,3,2,1
30965,1,2,5,1
30966,4,6,6,2
30967,0,0,3,1
30968,1,0,1,3
30969,0,1,3,2
30970,1,0,4,0
30971,2,4,7,2
30972,0,0,1,1
30973,3,0,4,0
30974,2,1,5,0
30975,6,4,7,2
30976,2,0,5,0
30977,4,0,1,1
30978,2,0,1,1
30979,2,1,1,0
30980,1,2,4,2
30981,2,0,4,0
30982,0,3,1,1
30983,0,1,3,2
30984,1,1,2,1
30985,4,3,9,3
30986,1,2,6,0
30987,2,0,6,0
30988,0,1,1,0
30989,3,1,1,1
30990,1,3,3,0
30991,1,2,1,2
30992,3,0,1,1
30993,0,1,4,0
30994,1,0,1,1
30995,0,2,1,0
30996,3,3,3,0
30997,7,4,13,2
30998,3,2,4,1
30999,1,0,6,1
31000,3,1,5,1
31001,1,2,5,2
31002,2,1,5,0
31003,1,1,6,1
31004,2,0,1,2
31005,2,0,2,0
31006,2,1,4,2
31007,4,0,3,2
31008,3,0,1,0
31009,0,0,5,1
31010,1,0,5,0
31011,2,2,4,1
31012,4,1,6,0
31013,2,3,5,0
31014,2,4,5,4
31015,2,2,4,1
31016,0,2,6,0
31017,1,0,6,0
31018,1,1,6,2
31019,0,3,4,0
31020,4,4,5,2
31021,2,3,1,0
31022,1,2,2,0
31023,2,2,4,1
31024,0,0,2,1
31025,2,2,2,0
31026,1,0,5,3
31027,3,3,3,1
31028,2,0,1,0
31029,3,1,4,0
31030,1,1,2,3
31031,3,1,3,0
31032,0,2,5,0
31033,0,0,1,3
31034,0,0,4,0
31035,3,3,3,0
31036,0,1,2,1
31037,0,1,5,1
31038,2,0,4,0
31039,1,0,4,1
31040,0,1,1,1
31041,1,0,6,0
31042,5,5,12,1
31043,1,3,2,2
31044,3,1,5,1
31045,0,0,5,0
31046,4,6,8,3
31047,0,2,2,2
31048,1,1,6,0
31049,2,2,5,1
31050,0,0,1,1
31051,0,0,5,1
31052,0,3,5,0
31053,0,2,3,0
31054,2,0,5,0
31055,1,0,5,3
31056,4,2,5,2
31057,2,0,2,1
31058,4,2,5,2
31059,0,1,5,1
31060,0,1,5,0
31061,3,0,2,0
31062,2,3,11,2
31063,0,0,6,0
31064,0,1,2,0
31065,0,0,1,0
31066,2,1,6,0
31067,3,2,4,0
31068,8,1,7,1
31069,2,1,6,2
31070,1,0,5,1
31071,2,1,5,0
31072,2,6,9,1
31073,2,0,2,0
31074,1,2,4,2
31075,2,0,6,0
31076,1,3,1,2
31077,3,5,11,3
31078,6,4,8,3
31079,2,1,3,0
31080,1,0,3,1
31081,3,0,6,1
31082,0,0,2,2
31083,1,1,6,1
31084,2,1,2,1
31085,0,2,1,1
31086,1,0,3,1
31087,4,0,6,1
31088,2,1,11,0
31089,1,1,4,1
31090,1,3,4,3
31091,2,1,3,2
31092,4,3,12,1
31093,1,3,6,1
31094,0,0,3,1
31095,0,0,6,0
31096,1,0,6,0
31097,1,1,5,0
31098,2,0,6,0
31099,2,4,5,2
31100,1,1,3,3
31101,0,1,1,0
31102,1,2,2,1
31103,0,3,2,1
31104,2,1,10,2
31105,1,0,4,0
31106,0,2,1,2
31107,2,1,1,1
31108,1,1,6,3
31109,1,2,1,0
31110,2,4,7,1
31111,1,2,4,0
31112,2,0,5,0
31113,1,1,2,0
31114,1,0,1,2
31115,0,3,6,0
31116,0,0,6,0
31117,0,1,3,2
31118,2,2,4,0
31119,1,1,4,0
31120,0,0,5,0
31121,6,2,14,1
31122,4,2,12,2
31123,2,1,6,0
31124,2,3,5,2
31125,1,2,3,1
31126,2,3,7,1
31127,0,1,6,0
31128,0,1,6,1
31129,0,0,6,3
31130,1,6,10,2
31131,0,1,5,1
31132,2,0,5,0
31133,1,0,3,2
31134,2,0,1,1
31135,2,1,2,0
31136,4,2,9,2
31137,0,0,4,1
31138,0,0,1,2
31139,2,0,5,0
31140,1,0,5,1
31141,4,2,1,0
31142,1,1,1,2
31143,5,3,11,1
31144,1,1,2,0
31145,1,1,1,0
31146,0,1,5,0
31147,1,2,4,2
31148,7,3,8,0
31149,6,2,13,1
31150,3,0,6,1
31151,3,3,12,2
31152,3,0,5,1
31153,2,0,1,0
31154,1,0,6,0
31155,5,4,5,3
31156,7,5,8,1
31157,1,1,2,0
31158,4,2,5,3
31159,0,2,3,2
31160,2,0,4,0
31161,0,2,6,0
31162,0,0,2,1
31163,2,1,4,1
31164,1,1,5,0
31165,1,1,3,0
31166,0,1,5,0
31167,0,1,5,0
31168,0,1,3,0
31169,1,1,5,3
31170,0,1,2,0
31171,1,1,3,0
31172,0,2,4,1
31173,1,0,1,1
31174,1,1,4,0
31175,1,1,2,2
31176,0,1,6,1
31177,1,0,3,0
31178,3,0,4,1
31179,6,3,6,1
31180,3,0,3,0
31181,5,5,8,3
31182,1,2,2,0
31183,3,3,3,1
31184,2,0,4,0
31185,2,1,1,0
31186,1,3,3,1
31187,0,0,1,3
31188,0,1,4,1
31189,4,2,6,2
31190,1,1,6,0
31191,2,0,5,2
31192,2,0,1,3
31193,1,1,6,1
31194,1,1,5,0
31195,0,0,5,0
31196,1,2,1,0
31197,2,0,2,0
31198,3,1,1,1
31199,2,1,2,1
31200,3,2,5,0
31201,0,1,4,1
31202,5,6,14,3
31203,3,5,5,1
31204,4,3,14,1
31205,0,1,2,1
31206,7,2,14,5
31207,2,1,3,1
31208,0,0,6,0
31209,2,3,9,1
31210,1,1,3,0
31211,3,0,3,0
31212,0,0,2,3
31213,1,0,4,0
31214,0,3,4,1
31215,1,2,2,0
31216,2,0,4,1
31217,3,2,14,1
31218,2,2,2,1
31219,1,1,5,0
31220,2,1,1,1
31221,2,4,6,0
31222,3,4,5,2
31223,1,3,4,0
31224,0,2,3,1
31225,1,0,1,0
31226,2,1,6,0
31227,1,1,3,2
31228,3,1,1,1
31229,2,1,3,3
31230,1,2,1,0
31231,1,1,2,1
31232,1,2,4,1
31233,1,4,10,3
31234,3,4,8,1
31235,7,3,13,1
31236,0,1,2,0
31237,2,0,2,3
31238,4,4,12,3
31239,1,1,4,1
31240,0,0,6,0
31241,4,0,2,1
31242,1,1,2,1
31243,1,0,5,0
31244,1,1,2,0
31245,0,0,2,1
31246,3,2,5,0
31247,5,4,13,3
31248,0,3,3,2
31249,2,0,2,1
31250,3,1,5,0
31251,2,0,3,2
31252,3,0,2,1
31253,2,4,14,1
31254,2,2,2,0
31255,0,1,3,1
31256,2,0,6,0
31257,2,0,5,0
31258,8,5,10,2
31259,1,2,1,0
31260,2,1,6,1
31261,1,2,2,1
31262,1,1,4,1
31263,3,2,5,1
31264,1,1,3,3
31265,0,2,3,0
31266,0,0,2,1
31267,2,1,4,1
31268,2,0,5,2
31269,1,0,5,2
31270,3,1,2,0
31271,5,2,12,1
31272,0,0,3,0
31273,3,2,5,1
31274,0,2,1,0
31275,0,1,2,1
31276,1,0,5,0
31277,2,0,2,1
31278,1,0,6,3
31279,2,1,4,0
31280,1,1,1,2
31281,3,2,11,2
31282,7,1,12,2
31283,1,2,4,1
31284,3,3,10,3
31285,3,4,12,3
31286,3,1,4,1
31287,3,1,4,1
31288,1,3,3,1
31289,2,0,2,2
31290,6,4,10,2
31291,3,0,4,3
31292,2,0,3,0
31293,2,2,3,0
31294,3,1,1,3
31295,2,0,2,0
31296,0,0,3,1
31297,3,1,6,1
31298,3,0,6,0
31299,0,0,1,2
31300,1,2,6,1
31301,3,0,5,1
31302,0,1,6,1
31303,1,0,4,0
31304,0,1,3,0
31305,1,0,2,0
31306,1,1,4,3
31307,2,0,3,1
31308,0,1,1,0
31309,0,0,3,0
31310,4,2,13,2
31311,2,1,5,0
31312,2,3,6,2
31313,0,0,4,0
31314,1,1,3,1
31315,7,5,9,2
31316,1,1,6,0
31317,7,3,5,3
31318,1,1,5,1
31319,3,0,4,2
31320,1,2,2,0
31321,4,4,9,3
31322,1,1,5,2
31323,0,0,1,0
31324,2,3,11,2
31325,5,4,5,1
31326,6,6,14,1
31327,2,1,1,1
31328,1,1,5,0
31329,3,3,14,4
31330,0,1,5,0
31331,4,5,9,2
31332,4,2,5,2
31333,4,2,14,3
31334,1,2,1,0
31335,2,1,6,1
31336,1,0,5,1
31337,1,1,2,0
31338,2,3,4,0
31339,6,3,13,0
31340,1,0,5,0
31341,6,4,8,1
31342,0,0,2,2
31343,3,1,12,2
31344,0,0,4,0
31345,5,4,9,2
31346,1,1,5,1
31347,1,0,3,0
31348,3,3,1,2
31349,0,0,3,0
31350,5,3,14,4
31351,7,4,12,0
31352,0,2,3,0
31353,1,3,2,0
31354,2,0,6,0
31355,3,0,3,1
31356,2,0,3,0
31357,2,2,5,1
31358,1,0,5,1
31359,2,0,4,2
31360,3,1,3,0
31361,2,0,3,2
31362,1,1,4,1
31363,1,2,6,0
31364,2,0,6,0
31365,1,0,4,3
31366,2,2,5,1
31367,2,1,5,0
31368,1,2,3,0
31369,2,5,8,2
31370,3,2,7,0
31371,1,1,1,0
31372,0,2,5,1
31373,1,1,3,2
31374,3,1,8,2
31375,3,0,1,0
31376,0,2,4,3
31377,0,1,2,0
31378,4,1,2,2
31379,4,3,5,2
31380,0,0,6,2
31381,1,1,6,2
31382,1,3,3,1
31383,3,2,8,2
31384,3,2,2,0
31385,2,0,3,1
31386,7,1,6,0
31387,2,1,3,0
31388,2,1,2,0
31389,1,1,6,0
31390,0,0,5,0
31391,2,1,2,0
31392,1,2,2,1
31393,0,0,3,2
31394,1,1,2,0
31395,0,1,2,2
31396,2,0,6,1
31397,1,1,6,0
31398,2,2,2,1
31399,8,3,14,2
31400,7,3,13,3
31401,1,1,4,0
31402,0,0,4,1
31403,1,0,5,0
31404,4,5,12,3
31405,4,1,6,5
31406,2,0,2,0
31407,2,2,5,1
31408,2,0,2,1
31409,1,0,1,0
31410,2,0,6,3
31411,4,3,8,3
31412,2,2,4,1
31413,1,1,3,1
31414,1,0,5,1
31415,1,1,2,3
31416,6,2,8,2
31417,2,1,5,1
31418,0,0,6,3
31419,0,0,1,2
31420,1,0,1,1
31421,0,0,6,0
31422,3,0,4,0
31423,0,1,4,0
31424,1,0,2,0
31425,0,0,5,0
31426,1,2,4,1
31427,0,3,1,1
31428,4,4,7,3
31429,4,1,4,1
31430,3,1,5,3
31431,0,0,2,0
31432,1,0,5,2
31433,4,0,1,3
31434,4,6,10,1
31435,4,3,13,2
31436,1,2,4,0
31437,1,1,1,2
31438,3,0,6,1
31439,2,0,3,2
31440,1,0,3,0
31441,1,1,1,2
31442,0,3,6,3
31443,4,5,9,2
31444,1,1,2,0
31445,1,1,1,2
31446,0,0,2,1
31447,1,0,3,2
31448,0,1,5,0
31449,1,0,2,0
31450,1,1,1,0
31451,1,1,6,1
31452,3,1,4,0
31453,1,0,1,0
31454,3,0,6,1
31455,1,0,3,0
31456,6,3,12,5
31457,0,0,5,1
31458,3,3,14,4
31459,2,0,5,0
31460,2,3,6,0
31461,1,1,5,1
31462,2,0,6,0
31463,0,3,4,1
31464,4,0,3,0
31465,4,1,5,3
31466,2,0,2,0
31467,4,0,5,0
31468,7,4,10,2
31469,3,3,6,0
31470,1,0,2,1
31471,0,0,2,2
31472,0,0,2,0
31473,0,1,5,0
31474,4,4,10,2
31475,0,2,5,0
31476,2,2,2,3
31477,1,2,3,1
31478,1,0,6,0
31479,2,1,2,0
31480,0,0,3,0
31481,0,2,5,0
31482,3,3,2,1
31483,2,2,10,3
31484,3,0,2,2
31485,3,4,6,2
31486,4,4,12,1
31487,1,1,2,0
31488,4,6,9,2
31489,0,1,1,3
31490,2,0,4,1
31491,2,0,1,0
31492,0,1,4,2
31493,1,3,9,2
31494,0,0,6,0
31495,0,0,5,1
31496,1,3,6,1
31497,0,0,6,0
31498,6,2,8,1
31499,1,0,3,0
31500,4,3,8,2
31501,3,2,4,1
31502,0,2,5,0
31503,0,1,2,1
31504,0,1,5,0
31505,1,0,2,0
31506,8,1,10,1
31507,2,0,3,1
31508,2,0,4,1
31509,0,0,5,0
31510,0,1,6,0
31511,5,1,7,1
31512,2,1,4,0
31513,0,1,2,0
31514,1,0,3,1
31515,0,1,3,1
31516,0,3,1,2
31517,0,3,3,0
31518,0,0,3,1
31519,0,1,5,0
31520,1,1,3,0
31521,1,0,3,0
31522,3,0,3,0
31523,1,1,1,0
31524,1,1,1,0
31525,1,3,1,0
31526,1,0,5,0
31527,1,0,6,0
31528,0,0,6,0
31529,4,0,4,2
31530,2,5,14,4
31531,2,1,5,0
31532,1,1,2,1
31533,1,1,4,0
31534,5,6,5,5
31535,1,0,5,0
31536,0,0,3,1
31537,2,0,2,0
31538,3,1,3,2
31539,1,0,5,0
31540,1,1,3,1
31541,0,1,3,0
31542,1,1,2,2
31543,3,2,1,0
31544,2,2,3,0
31545,4,0,3,2
31546,3,6,9,0
31547,1,2,2,1
31548,2,1,2,0
31549,1,1,5,0
31550,6,3,10,1
31551,1,1,6,0
31552,2,0,1,0
31553,1,0,4,2
31554,5,1,7,4
31555,3,1,6,0
31556,3,2,2,1
31557,3,3,14,3
31558,0,2,4,1
31559,1,1,1,0
31560,3,1,3,1
31561,2,3,1,2
31562,1,3,3,1
31563,1,1,6,2
31564,1,0,5,0
31565,2,5,10,2
31566,1,0,2,2
31567,1,1,3,0
31568,3,0,4,0
31569,0,1,3,0
31570,2,3,13,3
31571,2,2,7,4
31572,3,0,2,1
31573,6,4,9,2
31574,0,0,1,0
31575,0,2,6,2
31576,3,1,5,1
31577,2,1,6,2
31578,1,1,2,2
31579,0,1,4,2
31580,0,0,6,1
31581,2,0,1,0
31582,7,2,11,3
31583,1,1,3,0
31584,4,4,6,3
31585,5,2,11,3
31586,0,1,6,0
31587,1,1,5,0
31588,1,2,1,0
31589,1,1,5,0
31590,0,1,6,2
31591,0,2,6,3
31592,0,0,5,3
31593,0,0,4,3
31594,3,0,5,2
31595,3,2,13,2
31596,3,2,6,2
31597,1,1,2,1
31598,2,0,2,2
31599,0,0,3,0
31600,3,1,4,1
31601,0,1,6,2
31602,0,1,4,0
31603,2,1,2,0
31604,8,4,12,2
31605,4,2,12,2
31606,1,0,1,0
31607,1,0,2,0
31608,0,2,6,0
31609,2,2,5,1
31610,4,1,6,2
31611,5,3,11,2
31612,2,0,1,0
31613,4,3,5,2
31614,0,2,2,0
31615,4,3,11,2
31616,4,5,7,4
31617,0,0,1,0
31618,1,1,6,3
31619,1,0,4,0
31620,1,3,3,1
31621,1,0,3,3
31622,1,0,5,0
31623,1,1,6,1
31624,0,0,1,2
31625,0,0,2,0
31626,2,1,1,1
31627,1,0,6,1
31628,4,1,8,3
31629,6,3,12,0
31630,3,2,5,0
31631,2,1,1,0
31632,0,2,4,1
31633,2,0,6,0
31634,0,0,5,0
31635,4,2,5,0
31636,1,1,2,0
31637,0,1,1,2
31638,0,1,1,1
31639,1,0,1,0
31640,2,1,1,1
31641,5,4,8,0
31642,5,1,12,2
31643,0,0,3,0
31644,2,2,4,0
31645,2,0,4,2
31646,1,0,3,3
31647,0,3,4,0
31648,0,3,3,0
31649,1,2,3,0
31650,1,0,5,1
31651,4,1,13,2
31652,0,0,4,0
31653,2,0,3,0
31654,2,0,2,0
31655,1,1,3,3
31656,2,1,2,0
31657,0,0,2,3
31658,0,1,6,0
31659,7,5,14,2
31660,1,1,6,1
31661,8,5,11,1
31662,0,3,3,0
31663,3,3,12,2
31664,3,0,1,0
31665,1,0,4,0
31666,0,1,3,2
31667,1,2,3,2
31668,0,1,1,3
31669,0,0,6,0
31670,5,3,9,4
31671,0,0,4,2
31672,3,1,6,0
31673,3,3,8,0
31674,7,2,11,2
31675,0,0,6,0
31676,0,3,1,1
31677,0,0,1,1
31678,1,1,2,0
31679,1,1,5,2
31680,5,3,9,2
31681,1,0,1,0
31682,0,3,2,1
31683,3,2,13,3
31684,1,0,5,2
31685,1,0,4,0
31686,0,1,1,0
31687,1,0,1,0
31688,1,0,1,0
31689,2,0,2,2
31690,2,0,4,0
31691,2,1,5,0
31692,1,1,1,0
31693,1,3,6,1
31694,1,2,6,2
31695,1,0,5,1
31696,1,2,6,1
31697,3,2,14,1
31698,4,2,4,2
31699,1,0,6,1
31700,2,3,4,1
31701,1,0,1,0
31702,1,1,3,1
31703,0,1,1,0
31704,1,2,2,3
31705,1,2,1,0
31706,8,4,8,2
31707,0,1,2,0
31708,0,2,6,0
31709,0,0,4,0
31710,0,3,5,0
31711,5,2,12,1
31712,2,2,13,3
31713,4,0,5,1
31714,2,1,2,0
31715,4,1,3,1
31716,1,0,2,0
31717,0,1,5,1
31718,7,5,9,3
31719,0,2,6,1
31720,3,3,3,0
31721,1,1,1,0
31722,4,0,4,1
31723,0,1,2,2
31724,0,0,2,1
31725,0,1,1,0
31726,1,2,6,0
31727,1,0,6,1
31728,2,0,4,1
31729,5,4,12,2
31730,1,2,5,1
31731,4,1,5,2
31732,2,1,1,0
31733,2,0,3,2
31734,0,1,6,0
31735,0,1,2,0
31736,7,3,14,2
31737,1,0,4,0
31738,4,1,5,3
31739,1,0,4,0
31740,2,1,2,1
31741,0,3,2,1
31742,0,1,4,2
31743,0,1,1,1
31744,2,3,6,0
31745,0,0,4,2
31746,0,1,2,1
31747,2,3,1,1
31748,8,4,12,3
31749,0,0,2,0
31750,3,1,6,0
31751,2,1,6,0
31752,3,3,10,2
31753,0,0,2,0
31754,3,1,2,0
31755,0,0,3,1
31756,1,1,2,0
31757,2,1,4,0
31758,2,0,5,0
31759,2,3,2,0
31760,0,1,4,2
31761,0,3,4,0
31762,3,2,3,1
31763,3,1,5,1
31764,2,0,3,1
31765,1,3,1,0
31766,3,1,5,1
31767,2,2,9,1
31768,3,1,6,0
31769,0,1,6,2
31770,2,1,2,1
31771,1,0,2,1
31772,7,3,7,2
31773,0,1,1,1
31774,0,0,2,0
31775,3,3,10,2
31776,1,3,5,2
31777,1,1,2,1
31778,2,1,6,0
31779,2,0,1,1
31780,1,1,5,0
31781,2,2,3,0
31782,2,0,6,1
31783,2,2,3,2
31784,3,0,4,1
31785,1,2,2,0
31786,2,2,5,0
31787,1,0,5,0
31788,0,0,2,1
31789,1,3,4,1
31790,1,3,6,1
31791,1,1,5,0
31792,3,0,6,0
31793,0,0,5,0
31794,6,4,8,3
31795,4,0,2,0
31796,0,0,6,0
31797,1,1,6,3
31798,3,1,6,2
31799,1,1,5,0
31800,2,3,9,2
31801,2,0,1,0
31802,1,0,5,0
31803,2,1,3,1
31804,8,4,12,1
31805,1,1,4,0
31806,2,3,5,0
31807,2,4,10,0
31808,4,2,12,3
31809,1,0,4,0
31810,1,1,3,3
31811,0,1,2,1
31812,0,1,3,0
31813,1,2,2,0
31814,6,3,10,3
31815,7,4,8,3
31816,0,0,4,0
31817,1,0,6,0
31818,2,3,5,0
31819,3,2,4,1
31820,1,3,4,0
31821,1,2,1,1
31822,0,3,2,0
31823,1,0,3,0
31824,3,0,6,1
31825,1,3,1,0
31826,7,5,6,5
31827,2,1,5,1
31828,3,2,13,2
31829,3,1,6,3
31830,2,1,1,0
31831,4,1,5,1
31832,4,3,4,0
31833,4,3,13,2
31834,3,1,4,1
31835,4,0,6,0
31836,4,2,7,3
31837,0,1,2,2
31838,2,0,2,0
31839,3,0,4,1
31840,3,1,5,0
31841,0,1,5,0
31842,0,1,6,0
31843,7,4,14,2
31844,2,0,6,0
31845,2,0,4,1
31846,0,2,2,1
31847,0,2,1,0
31848,5,3,5,2
31849,4,3,12,2
31850,3,3,10,1
31851,1,1,2,0
31852,0,0,6,2
31853,1,0,3,0
31854,2,0,6,0
31855,0,0,4,1
31856,4,3,13,2
31857,3,2,11,3
31858,0,3,6,2
31859,0,2,2,1
31860,2,1,1,0
31861,4,1,1,1
31862,0,0,4,1
31863,3,3,6,3
31864,1,1,4,2
31865,3,0,1,0
31866,0,1,3,1
31867,0,1,2,1
31868,2,0,3,0
31869,0,2,4,0
31870,0,0,6,0
31871,0,3,2,2
31872,2,4,12,2
31873,0,3,2,2
31874,2,2,1,2
31875,1,2,4,0
31876,2,0,6,1
31877,0,1,2,0
31878,2,2,14,1
31879,3,0,5,2
31880,0,2,1,0
31881,3,1,3,0
31882,0,1,5,1
31883,4,0,4,0
31884,7,2,7,1
31885,3,0,1,0
31886,1,2,4,0
31887,1,1,5,0
31888,7,3,11,0
31889,4,1,3,2
31890,6,5,6,2
31891,0,1,3,1
31892,0,0,6,0
31893,3,0,5,0
31894,1,1,5,1
31895,2,0,6,1
31896,5,3,7,2
31897,0,3,2,3
31898,1,1,2,1
31899,1,1,5,0
31900,1,0,2,2
31901,0,0,4,0
31902,0,1,4,0
31903,3,0,2,2
31904,1,0,3,1
31905,3,1,3,1
31906,3,3,9,2
31907,0,1,3,0
31908,3,3,7,4
31909,0,0,3,2
31910,6,4,11,1
31911,1,1,2,0
31912,0,0,1,0
31913,2,0,1,0
31914,5,1,7,2
31915,2,3,3,0
31916,1,2,2,3
31917,2,3,6,1
31918,1,1,2,0
31919,1,3,8,1
31920,0,1,4,1
31921,0,1,3,1
31922,3,2,9,3
31923,5,2,5,5
31924,2,2,5,2
31925,2,1,2,1
31926,4,1,8,1
31927,0,3,1,0
31928,3,0,2,3
31929,4,4,13,2
31930,0,0,1,0
31931,0,3,5,1
31932,0,0,2,1
31933,2,1,5,0
31934,3,4,12,4
31935,4,4,10,2
31936,4,2,3,0
31937,1,2,1,2
31938,1,0,6,1
31939,0,0,3,0
31940,3,3,14,1
31941,4,1,14,5
31942,3,0,6,0
31943,2,3,2,0
31944,0,0,4,0
31945,1,2,5,0
31946,2,3,12,2
31947,1,0,6,1
31948,2,0,6,0
31949,1,0,5,0
31950,1,1,3,1
31951,6,3,8,4
31952,0,3,1,0
31953,1,1,5,3
31954,1,0,6,0
31955,3,0,6,2
31956,3,4,13,1
31957,1,0,6,0
31958,0,0,1,0
31959,5,1,8,1
31960,0,0,3,1
31961,1,1,3,0
31962,3,0,4,0
31963,0,0,1,0
31964,1,1,2,1
31965,3,4,5,2
31966,1,0,5,0
31967,1,2,6,0
31968,2,1,6,1
31969,3,2,5,1
31970,0,0,2,1
31971,7,1,14,2
31972,5,3,11,1
31973,1,1,1,0
31974,3,1,5,2
31975,1,0,6,2
31976,0,2,4,1
31977,2,1,5,0
31978,0,0,4,0
31979,2,2,6,0
31980,4,1,6,3
31981,0,1,1,0
31982,3,2,5,1
31983,4,0,3,3
31984,2,0,4,0
31985,1,0,2,0
31986,2,2,12,1
31987,1,1,5,1
31988,2,2,2,1
31989,0,1,3,1
31990,1,1,4,2
31991,0,3,3,0
31992,2,0,1,0
31993,1,3,5,0
31994,1,3,2,0
31995,1,1,3,1
31996,1,1,1,1
31997,2,0,3,0
31998,1,0,6,3
31999,1,1,2,1
32000,1,2,5,1
32001,0,3,3,1
32002,2,1,3,1
32003,1,0,1,0
32004,1,3,4,0
32005,2,2,3,1
32006,2,2,6,1
32007,3,3,5,2
32008,2,1,2,3
32009,4,1,2,2
32010,3,1,4,1
32011,1,0,5,0
32012,0,1,6,0
32013,4,2,13,3
32014,1,0,6,0
32015,0,2,5,2
32016,0,2,4,0
32017,3,1,3,3
32018,4,3,6,3
32019,2,1,4,0
32020,0,1,5,1
32021,1,2,3,0
32022,0,0,4,1
32023,0,0,4,1
32024,5,2,6,3
32025,0,0,3,0
32026,2,0,3,1
32027,0,0,3,0
32028,3,4,6,2
32029,0,2,2,0
32030,0,0,4,0
32031,1,3,6,1
32032,2,1,5,0
32033,5,3,11,3
32034,2,0,1,0
32035,1,0,6,0
32036,1,3,1,2
32037,0,1,1,0
32038,0,1,4,0
32039,2,1,6,0
32040,1,0,6,0
32041,1,4,5,0
32042,7,4,9,2
32043,6,2,14,2
32044,3,0,3,0
32045,0,0,1,0
32046,0,0,6,0
32047,3,2,2,0
32048,1,2,2,1
32049,2,0,1,2
32050,0,1,1,0
32051,0,2,4,1
32052,1,1,6,0
32053,0,1,6,0
32054,0,0,3,0
32055,0,0,2,1
32056,2,1,1,3
32057,0,1,5,0
32058,3,1,3,0
32059,2,1,1,1
32060,0,0,1,2
32061,0,2,2,0
32062,1,0,2,0
32063,1,1,4,2
32064,1,2,6,1
32065,4,1,13,2
32066,0,0,4,2
32067,3,5,5,2
32068,0,0,4,1
32069,1,1,2,0
32070,1,2,4,1
32071,3,4,10,5
32072,2,0,6,0
32073,2,1,3,3
32074,1,1,6,0
32075,1,0,5,2
32076,0,3,6,0
32077,2,1,3,2
32078,4,0,1,1
32079,2,1,1,0
32080,5,4,13,1
32081,0,1,1,0
32082,1,4,11,5
32083,2,4,9,4
32084,3,0,5,1
32085,4,5,14,3
32086,1,2,4,1
32087,3,3,6,1
32088,1,1,1,0
32089,1,1,5,0
32090,4,5,7,1
32091,0,0,6,0
32092,0,1,1,0
32093,1,0,6,1
32094,0,0,3,0
32095,0,1,2,0
32096,2,0,2,0
32097,0,2,2,1
32098,2,1,5,2
32099,0,1,3,0
32100,0,2,5,2
32101,1,0,4,0
32102,2,2,8,3
32103,0,1,4,1
32104,1,1,2,1
32105,0,1,3,0
32106,3,1,13,0
32107,2,1,4,0
32108,4,0,6,0
32109,2,0,2,1
32110,8,5,10,2
32111,1,1,1,0
32112,0,1,3,0
32113,7,6,5,0
32114,0,1,2,0
32115,1,1,5,0
32116,3,1,4,0
32117,5,3,10,2
32118,2,2,3,1
32119,0,3,2,0
32120,1,1,2,1
32121,0,3,4,0
32122,0,1,2,3
32123,3,3,1,0
32124,1,0,2,1
32125,2,0,1,0
32126,0,1,2,2
32127,1,1,6,1
32128,0,2,6,0
32129,3,0,1,0
32130,1,1,3,2
32131,0,2,6,2
32132,3,2,12,1
32133,2,2,6,0
32134,0,0,3,0
32135,6,4,11,2
32136,1,0,1,0
32137,4,1,2,1
32138,2,1,6,0
32139,3,2,4,0
32140,3,1,2,0
32141,1,1,1,0
32142,4,5,6,2
32143,2,1,6,2
32144,1,0,5,0
32145,4,0,1,3
32146,1,2,3,0
32147,4,4,12,1
32148,5,4,11,2
32149,2,2,3,3
32150,1,1,2,0
32151,0,0,6,0
32152,1,0,3,0
32153,1,1,6,0
32154,0,1,2,3
32155,3,2,5,5
32156,2,1,3,2
32157,3,3,11,2
32158,2,1,3,0
32159,4,6,5,5
32160,4,4,5,1
32161,0,1,1,1
32162,4,6,12,1
32163,4,1,1,2
32164,0,0,6,1
32165,2,1,5,0
32166,0,1,3,2
32167,0,0,1,0
32168,1,0,3,1
32169,1,3,3,0
32170,0,1,1,1
32171,0,0,3,0
32172,2,0,3,2
32173,2,0,2,1
32174,2,1,3,0
32175,2,2,5,0
32176,1,1,1,0
32177,1,1,2,0
32178,5,5,10,2
32179,1,2,1,0
32180,1,0,3,3
32181,3,0,3,0
32182,4,2,4,0
32183,5,3,9,2
32184,1,3,5,1
32185,2,0,3,0
32186,7,2,7,1
32187,6,3,13,3
32188,4,4,8,1
32189,0,0,2,0
32190,2,1,4,0
32191,2,0,2,0
32192,2,1,5,0
32193,2,0,2,0
32194,2,2,7,4
32195,2,1,6,0
32196,3,1,6,0
32197,5,3,7,2
32198,0,0,4,2
32199,2,4,5,2
32200,1,1,4,0
32201,2,0,2,1
32202,3,2,1,0
32203,2,0,2,0
32204,1,1,5,2
32205,0,1,6,1
32206,2,0,3,0
32207,1,3,4,2
32208,0,0,1,0
32209,2,1,4,1
32210,0,0,3,1
32211,0,3,5,2
32212,1,1,6,1
32213,2,0,3,3
32214,5,1,6,1
32215,1,0,1,1
32216,3,0,3,0
32217,1,0,1,1
32218,2,3,1,1
32219,3,1,6,0
32220,0,0,1,1
32221,4,4,10,2
32222,4,4,11,2
32223,7,2,12,1
32224,1,2,2,0
32225,0,1,5,1
32226,1,1,6,0
32227,2,2,1,2
32228,1,0,3,0
32229,0,0,2,0
32230,0,0,4,0
32231,2,0,3,0
32232,0,0,3,2
32233,5,6,6,2
32234,2,1,2,1
32235,3,0,4,1
32236,0,0,4,1
32237,0,2,1,1
32238,3,1,3,0
32239,0,1,2,0
32240,5,5,14,3
32241,3,1,2,0
32242,3,0,1,0
32243,5,5,13,1
32244,2,3,3,0
32245,4,0,4,0
32246,1,0,1,1
32247,4,2,5,3
32248,4,0,1,1
32249,2,2,5,1
32250,0,2,4,2
32251,2,2,4,1
32252,3,0,1,0
32253,2,2,8,2
32254,1,0,3,0
32255,1,0,6,1
32256,1,0,2,2
32257,1,2,4,1
32258,0,1,4,1
32259,0,1,5,0
32260,1,1,1,2
32261,1,2,6,2
32262,1,0,3,1
32263,1,3,1,1
32264,1,2,1,1
32265,1,1,2,0
32266,1,3,2,0
32267,5,1,11,2
32268,3,2,5,0
32269,1,0,1,0
32270,2,2,4,0
32271,0,0,1,1
32272,4,0,3,0
32273,1,0,1,2
32274,0,3,4,0
32275,3,1,2,0
32276,0,2,2,0
32277,3,3,4,3
32278,3,5,7,1
32279,2,0,1,0
32280,0,1,1,2
32281,4,2,9,2
32282,6,3,13,2
32283,0,3,3,1
32284,2,0,5,0
32285,0,1,4,1
32286,0,1,3,0
32287,3,1,1,0
32288,0,0,1,0
32289,3,4,8,3
32290,1,1,6,0
32291,1,1,6,0
32292,2,0,4,2
32293,4,2,11,1
32294,1,1,2,0
32295,1,0,5,3
32296,1,1,3,0
32297,1,1,3,0
32298,0,1,3,1
32299,1,0,5,1
32300,0,1,6,0
32301,1,1,5,1
32302,3,1,5,1
32303,5,4,10,1
32304,0,0,4,0
32305,4,2,2,1
32306,1,3,5,3
32307,1,1,5,0
32308,0,2,2,0
32309,2,0,4,1
32310,2,2,1,2
32311,1,0,3,0
32312,4,2,7,2
32313,4,2,2,0
32314,2,1,1,0
32315,0,2,3,0
32316,3,0,3,0
32317,0,0,2,0
32318,2,0,2,2
32319,1,2,3,1
32320,2,1,6,0
32321,5,3,6,1
32322,4,0,6,0
32323,0,1,2,0
32324,1,2,2,0
32325,1,1,4,2
32326,0,0,1,2
32327,1,0,6,0
32328,0,2,1,1
32329,1,3,9,2
32330,1,1,4,0
32331,1,0,4,0
32332,2,1,1,0
32333,4,1,5,1
32334,1,2,6,1
32335,1,1,1,0
32336,7,4,9,1
32337,2,0,6,1
32338,3,2,13,2
32339,4,3,11,2
32340,0,0,4,0
32341,1,1,3,0
32342,0,1,3,1
32343,3,1,4,1
32344,1,1,4,0
32345,1,0,3,1
32346,1,0,4,1
32347,0,1,4,0
32348,1,0,3,1
32349,3,3,7,5
32350,1,0,2,1
32351,1,0,2,0
32352,2,0,5,0
32353,4,4,8,1
32354,1,0,6,0
32355,1,1,4,1
32356,1,0,3,1
32357,3,2,1,0
32358,2,1,3,0
32359,3,1,10,2
32360,1,1,4,0
32361,7,3,9,1
32362,1,0,1,1
32363,2,1,3,0
32364,5,3,12,2
32365,1,1,3,0
32366,1,1,4,0
32367,2,0,4,0
32368,1,1,1,0
32369,0,0,5,0
32370,2,1,1,1
32371,1,2,11,2
32372,3,5,14,2
32373,0,1,5,0
32374,3,0,3,0
32375,3,1,4,1
32376,0,2,3,1
32377,0,1,1,0
32378,4,2,9,1
32379,1,1,4,1
32380,1,0,2,3
32381,1,0,2,1
32382,1,1,4,1
32383,0,1,6,0
32384,3,1,2,1
32385,3,1,5,1
32386,5,1,14,1
32387,4,0,3,0
32388,4,3,5,0
32389,1,1,6,1
32390,1,0,1,0
32391,1,2,5,2
32392,3,0,6,2
32393,1,0,6,0
32394,8,1,13,3
32395,1,3,6,1
32396,4,3,9,1
32397,1,0,2,1
32398,2,3,3,0
32399,0,0,3,0
32400,1,1,4,1
32401,3,6,6,1
32402,1,1,5,0
32403,2,0,5,0
32404,2,0,1,0
32405,1,2,6,0
32406,1,3,5,1
32407,1,0,1,0
32408,1,1,3,1
32409,4,0,3,0
32410,0,0,5,0
32411,1,3,3,0
32412,0,0,6,2
32413,1,1,1,0
32414,0,0,4,0
32415,1,0,2,0
32416,4,2,5,0
32417,0,1,4,0
32418,6,1,7,4
32419,0,1,2,2
32420,1,0,6,1
32421,0,0,2,0
32422,0,1,3,1
32423,0,0,5,1
32424,5,2,9,2
32425,2,1,3,0
32426,3,1,3,0
32427,0,1,4,1
32428,1,1,5,0
32429,3,3,10,2
32430,3,2,5,1
32431,1,0,1,0
32432,4,0,4,1
32433,7,5,5,2
32434,2,0,4,0
32435,0,2,6,0
32436,0,2,4,1
32437,0,1,1,1
32438,2,1,6,0
32439,0,2,4,2
32440,1,0,4,0
32441,3,6,7,5
32442,1,0,4,1
32443,0,0,5,0
32444,0,1,5,1
32445,0,2,3,0
32446,1,2,4,2
32447,1,3,3,0
32448,3,2,4,1
32449,4,3,8,2
32450,0,1,2,0
32451,5,5,13,2
32452,1,0,6,2
32453,1,1,4,3
32454,2,4,6,0
32455,1,1,5,3
32456,3,1,10,1
32457,0,0,3,1
32458,2,1,6,2
32459,1,1,4,0
32460,4,0,2,2
32461,1,1,5,0
32462,4,0,2,0
32463,1,1,1,1
32464,1,0,3,1
32465,4,4,6,2
32466,0,2,3,0
32467,1,6,5,1
32468,0,2,2,0
32469,0,2,3,0
32470,2,0,4,1
32471,1,3,6,1
32472,1,1,3,1
32473,1,2,6,0
32474,6,1,6,1
32475,0,0,4,1
32476,0,2,5,2
32477,2,0,3,1
32478,1,0,3,0
32479,1,0,6,1
32480,1,2,6,1
32481,1,1,2,1
32482,1,0,6,0
32483,1,0,4,0
32484,0,3,3,1
32485,2,0,4,2
32486,5,1,6,2
32487,2,2,6,0
32488,1,1,3,0
32489,0,0,6,0
32490,0,2,2,0
32491,2,2,4,1
32492,0,2,5,0
32493,0,0,4,0
32494,3,1,5,0
32495,2,3,5,0
32496,0,3,5,1
32497,0,1,2,2
32498,1,0,3,0
32499,1,1,1,0
32500,1,0,6,0
32501,0,1,5,0
32502,1,3,4,0
32503,1,0,1,1
32504,1,2,1,3
32505,4,4,9,1
32506,2,3,14,1
32507,0,3,2,0
32508,1,0,4,0
32509,2,2,2,3
32510,0,1,6,2
32511,0,1,2,0
32512,3,1,8,2
32513,3,1,1,1
32514,0,0,5,1
32515,1,3,6,1
32516,6,2,7,2
32517,0,1,3,0
32518,1,0,4,1
32519,0,0,6,2
32520,1,0,4,0
32521,2,1,6,0
32522,4,0,2,2
32523,0,0,4,1
32524,5,2,14,1
32525,3,3,4,1
32526,1,0,6,0
32527,2,6,6,0
32528,8,4,5,1
32529,1,1,1,0
32530,3,1,2,0
32531,8,3,12,2
32532,0,0,3,1
32533,3,4,12,2
32534,0,1,6,1
32535,6,3,10,1
32536,0,0,2,1
32537,3,3,6,0
32538,5,5,9,2
32539,2,0,1,1
32540,1,2,6,2
32541,1,2,3,2
32542,1,0,4,1
32543,6,4,7,1
32544,1,1,4,0
32545,4,2,1,1
32546,3,3,2,0
32547,2,0,3,1
32548,0,0,3,2
32549,0,0,3,3
32550,0,0,5,0
32551,1,3,6,0
32552,4,1,4,1
32553,1,1,5,0
32554,1,0,3,0
32555,1,3,2,0
32556,2,2,4,2
32557,1,2,2,0
32558,0,1,6,0
32559,4,5,10,1
32560,2,3,2,0
32561,6,4,7,2
32562,1,2,2,0
32563,2,0,3,2
32564,1,0,5,2
32565,0,0,4,0
32566,0,1,6,0
32567,0,1,5,0
32568,1,1,5,0
32569,4,1,8,2
32570,0,1,1,1
32571,1,0,3,0
32572,0,0,6,2
32573,0,0,2,0
32574,1,2,1,1
32575,2,0,4,0
32576,1,0,4,1
32577,2,0,4,0
32578,3,0,1,0
32579,0,0,3,0
32580,3,1,1,0
32581,0,0,1,0
32582,1,3,2,0
32583,1,1,3,0
32584,3,1,3,1
32585,3,0,3,0
32586,4,6,11,2
32587,0,1,5,3
32588,1,3,5,0
32589,1,0,6,2
32590,2,0,2,0
32591,2,2,5,3
32592,3,0,1,1
32593,1,0,1,0
32594,4,0,4,2
32595,2,0,2,0
32596,1,0,2,2
32597,2,1,13,1
32598,0,0,4,0
32599,0,1,1,0
32600,2,0,5,1
32601,5,6,13,2
32602,5,6,7,2
32603,2,1,6,0
32604,4,4,14,5
32605,6,3,10,1
32606,2,2,2,2
32607,3,0,5,0
32608,2,5,11,0
32609,0,1,2,1
32610,1,1,2,1
32611,6,4,6,3
32612,3,1,2,3
32613,0,3,1,1
32614,6,3,7,1
32615,1,3,6,0
32616,0,0,2,2
32617,7,3,12,2
32618,0,0,4,2
32619,0,0,5,0
32620,1,3,2,0
32621,5,4,6,1
32622,1,0,3,1
32623,0,2,3,1
32624,1,1,1,2
32625,2,3,6,0
32626,0,0,5,1
32627,1,1,4,0
32628,0,1,2,0
32629,0,0,2,3
32630,0,0,5,1
32631,2,2,3,0
32632,3,0,1,1
32633,1,1,4,0
32634,2,1,4,1
32635,1,0,1,0
32636,1,1,4,3
32637,2,0,3,0
32638,0,1,6,0
32639,2,3,4,0
32640,2,1,1,0
32641,1,1,3,1
32642,0,0,5,1
32643,0,0,3,2
32644,1,0,4,2
32645,2,1,1,1
32646,0,1,5,0
32647,0,2,1,2
32648,2,2,1,0
32649,0,0,5,0
32650,0,1,5,0
32651,2,3,4,0
32652,1,0,5,0
32653,0,3,6,1
32654,1,1,1,0
32655,3,1,1,0
32656,1,0,2,0
32657,1,3,5,0
32658,0,1,4,0
32659,4,0,6,1
32660,2,0,1,2
32661,6,4,12,2
32662,0,0,1,0
32663,1,2,3,1
32664,0,1,2,0
32665,4,2,6,0
32666,4,0,1,2
32667,3,3,7,2
32668,0,1,5,3
32669,0,1,5,1
32670,2,2,4,0
32671,2,1,4,0
32672,1,3,1,2
32673,3,5,13,3
32674,2,0,2,3
32675,4,1,12,2
32676,0,1,2,0
32677,3,0,6,0
32678,0,2,3,2
32679,2,1,5,0
32680,1,3,6,0
32681,1,1,3,0
32682,0,0,5,0
32683,4,1,6,0
32684,0,2,1,0
32685,3,1,6,0
32686,0,2,6,1
32687,2,1,5,2
32688,4,1,6,0
32689,2,1,2,0
32690,3,3,14,3
32691,2,3,3,0
32692,0,1,1,1
32693,2,1,6,2
32694,2,2,2,1
32695,2,2,2,0
32696,1,0,3,1
32697,1,0,3,1
32698,3,2,5,2
32699,0,1,3,0
32700,1,2,3,0
32701,2,0,2,0
32702,1,1,1,0
32703,6,2,11,3
32704,7,4,12,2
32705,2,0,2,2
32706,1,1,2,0
32707,3,1,2,1
32708,1,0,2,0
32709,0,2,5,1
32710,0,0,6,3
32711,1,1,5,1
32712,2,0,1,1
32713,1,2,2,2
32714,2,1,3,1
32715,1,1,5,2
32716,2,4,7,2
32717,8,3,5,1
32718,2,1,5,2
32719,0,0,1,1
32720,0,0,6,2
32721,1,1,1,0
32722,2,0,2,1
32723,2,1,1,2
32724,1,0,3,0
32725,1,1,3,2
32726,0,1,5,1
32727,1,1,1,3
32728,0,1,3,0
32729,1,0,4,1
32730,0,0,5,0
32731,3,1,6,1
32732,2,2,10,1
32733,0,0,4,1
32734,0,1,5,0
32735,2,2,4,1
32736,2,0,6,0
32737,2,3,5,0
32738,2,4,12,2
32739,4,3,6,2
32740,0,1,3,2
32741,0,1,1,0
32742,1,0,3,1
32743,1,0,5,1
32744,1,1,6,0
32745,1,0,5,2
32746,2,2,4,0
32747,1,0,5,0
32748,1,1,1,1
32749,0,1,1,0
32750,6,3,6,0
32751,0,0,5,2
32752,3,1,1,1
32753,0,0,4,0
32754,0,2,4,2
32755,3,1,4,1
32756,1,3,3,0
32757,0,3,1,0
32758,0,2,4,1
32759,1,0,4,1
32760,4,4,11,2
32761,0,0,1,0
32762,7,2,6,3
32763,0,0,2,0
32764,3,3,2,2
32765,0,0,5,0
32766,0,0,4,0
32767,0,0,4,3
32768,1,1,5,0
32769,1,0,5,0
32770,2,0,4,1
32771,2,0,4,0
32772,3,1,4,1
32773,1,0,4,0
32774,0,0,5,0
32775,1,2,5,2
32776,1,2,2,0
32777,1,0,1,0
32778,6,6,14,1
32779,1,1,5,0
32780,1,1,6,2
32781,5,3,6,2
32782,6,3,7,1
32783,0,0,4,1
32784,0,0,6,1
32785,0,0,3,0
32786,0,1,2,3
32787,3,1,3,1
32788,2,0,3,0
32789,2,1,4,1
32790,5,2,7,1
32791,1,0,5,0
32792,5,5,13,1
32793,2,3,1,1
32794,0,3,2,0
32795,0,2,5,3
32796,2,0,2,3
32797,3,2,3,2
32798,3,0,5,2
32799,2,1,6,1
32800,3,1,5,0
32801,0,2,4,0
32802,5,5,9,1
32803,2,4,13,3
32804,5,3,13,1
32805,1,1,2,0
32806,0,1,2,0
32807,2,2,1,0
32808,1,1,3,0
32809,1,0,3,1
32810,1,1,4,1
32811,4,3,3,2
32812,2,3,2,3
32813,0,0,6,3
32814,0,1,4,1
32815,1,0,5,0
32816,2,2,6,0
32817,1,1,3,0
32818,1,2,4,1
32819,5,2,5,2
32820,1,2,3,1
32821,0,2,1,0
32822,0,1,1,2
32823,1,0,3,1
32824,3,4,13,1
32825,0,0,3,0
32826,2,2,6,0
32827,4,4,7,2
32828,4,3,10,2
32829,0,0,3,1
32830,2,0,6,0
32831,3,0,5,1
32832,0,0,6,0
32833,0,0,1,1
32834,1,1,6,0
32835,0,0,4,2
32836,6,5,14,1
32837,1,0,2,0
32838,0,1,4,0
32839,2,3,3,0
32840,1,0,1,0
32841,0,0,6,1
32842,0,0,2,0
32843,0,0,2,2
32844,0,1,4,0
32845,4,2,7,4
32846,4,5,9,1
32847,2,2,4,1
32848,3,0,1,0
32849,0,2,5,1
32850,4,3,11,1
32851,0,0,3,2
32852,0,0,2,2
32853,3,1,3,1
32854,0,0,1,0
32855,3,1,4,2
32856,0,1,2,0
32857,4,5,7,1
32858,5,6,10,2
32859,0,1,2,0
32860,2,0,2,2
32861,2,1,2,2
32862,2,1,5,0
32863,1,2,5,0
32864,3,1,5,2
32865,0,1,1,0
32866,2,0,3,1
32867,0,0,6,1
32868,1,1,2,0
32869,3,1,6,3
32870,2,2,2,0
32871,1,1,2,0
32872,2,2,8,3
32873,0,2,6,0
32874,1,3,6,0
32875,5,2,13,2
32876,2,0,6,1
32877,1,0,1,1
32878,1,0,6,0
32879,2,3,4,0
32880,1,2,1,0
32881,4,3,13,1
32882,3,1,5,2
32883,1,2,4,0
32884,0,1,1,0
32885,2,1,3,1
32886,3,1,6,1
32887,2,1,1,0
32888,0,0,5,0
32889,2,0,5,0
32890,0,1,2,1
32891,1,1,5,1
32892,3,0,3,0
32893,1,0,6,1
32894,1,2,13,1
32895,3,0,1,1
32896,1,0,5,1
32897,0,0,6,0
32898,3,0,1,1
32899,1,0,3,1
32900,4,4,12,3
32901,1,1,3,2
32902,1,2,2,0
32903,0,3,4,3
32904,2,2,2,1
32905,1,1,3,0
32906,1,3,5,3
32907,1,2,6,0
32908,3,4,7,1
32909,0,2,6,1
32910,1,1,2,1
32911,4,2,9,2
32912,2,0,6,1
32913,0,1,2,0
32914,0,0,6,2
32915,5,3,9,2
32916,4,4,7,2
32917,3,0,6,2
32918,4,0,6,0
32919,2,3,5,1
32920,1,3,10,4
32921,5,3,12,2
32922,1,1,4,1
32923,0,0,1,0
32924,3,4,11,3
32925,5,2,8,3
32926,4,2,14,3
32927,6,2,11,1
32928,1,1,2,3
32929,2,2,4,3
32930,4,4,14,4
32931,4,0,6,0
32932,3,0,6,0
32933,0,3,1,1
32934,2,3,3,1
32935,2,0,5,0
32936,1,0,1,2
32937,3,2,7,2
32938,5,2,5,4
32939,2,2,5,0
32940,1,3,1,1
32941,0,1,3,1
32942,1,0,4,0
32943,2,0,2,1
32944,1,1,3,0
32945,2,0,6,0
32946,1,1,6,0
32947,0,2,5,1
32948,1,1,3,1
32949,4,0,2,0
32950,3,2,5,1
32951,2,0,5,0
32952,1,3,6,1
32953,3,1,4,2
32954,0,1,6,0
32955,2,0,6,1
32956,1,0,1,0
32957,1,1,5,0
32958,2,0,3,1
32959,1,1,5,3
32960,0,0,5,0
32961,1,1,2,0
32962,4,1,2,1
32963,0,0,4,1
32964,3,0,5,0
32965,0,0,6,0
32966,2,0,1,0
32967,1,3,1,1
32968,1,0,1,0
32969,7,3,5,2
32970,0,0,5,2
32971,0,1,1,0
32972,1,0,2,2
32973,1,3,3,1
32974,0,2,1,3
32975,1,1,3,0
32976,1,0,3,0
32977,0,1,5,1
32978,2,3,1,0
32979,5,5,12,2
32980,2,1,6,1
32981,3,0,5,0
32982,0,1,2,1
32983,0,0,6,1
32984,7,2,14,1
32985,1,0,2,1
32986,4,1,2,0
32987,1,2,6,1
32988,2,1,4,0
32989,2,0,3,2
32990,0,0,4,0
32991,2,0,3,2
32992,2,1,3,0
32993,3,5,8,2
32994,1,0,1,0
32995,3,1,6,0
32996,2,0,6,2
32997,2,0,1,1
32998,1,2,1,1
32999,3,2,2,0
33000,3,2,4,0
33001,0,2,2,2
33002,5,2,11,2
33003,1,0,5,3
33004,1,0,5,1
33005,0,1,4,0
33006,3,3,14,5
33007,0,3,4,1
33008,1,2,2,1
33009,4,6,8,5
33010,6,3,6,3
33011,1,3,1,0
33012,1,2,3,1
33013,4,1,4,1
33014,0,2,5,1
33015,0,0,3,0
33016,4,6,14,4
33017,3,4,6,1
33018,7,3,8,1
33019,2,2,5,2
33020,2,1,2,0
33021,2,1,6,0
33022,1,1,5,1
33023,1,0,5,0
33024,2,0,4,1
33025,0,0,2,0
33026,3,5,6,3
33027,1,0,1,0
33028,6,1,12,2
33029,1,1,2,0
33030,0,0,4,1
33031,1,2,2,1
33032,0,0,3,1
33033,1,1,5,1
33034,3,0,1,0
33035,2,1,6,0
33036,1,3,3,3
33037,2,0,4,1
33038,2,1,5,0
33039,3,0,1,0
33040,1,0,2,1
33041,2,0,5,0
33042,1,3,1,0
33043,0,0,5,0
33044,1,0,2,1
33045,4,1,3,0
33046,4,3,11,1
33047,3,1,2,2
33048,3,2,3,0
33049,0,0,5,1
33050,0,0,1,2
33051,0,2,2,1
33052,4,2,14,2
33053,2,0,3,0
33054,3,3,8,3
33055,1,1,1,3
33056,1,0,1,0
33057,0,1,2,0
33058,0,0,5,0
33059,0,1,2,0
33060,2,0,4,1
33061,0,0,3,2
33062,5,6,14,3
33063,1,4,11,1
33064,2,2,2,1
33065,3,1,4,0
33066,2,1,5,1
33067,3,2,11,2
33068,2,0,3,0
33069,2,1,3,1
33070,1,2,2,0
33071,3,3,10,3
33072,2,0,5,1
33073,3,1,6,0
33074,4,3,9,1
33075,1,0,4,0
33076,2,2,1,0
33077,1,2,5,0
33078,3,1,6,2
33079,2,1,6,1
33080,4,4,9,3
33081,4,3,10,2
33082,1,1,5,0
33083,2,1,5,0
33084,7,3,9,4
33085,2,1,6,3
33086,1,2,5,0
33087,1,0,3,0
33088,2,1,1,1
33089,2,1,5,0
33090,1,2,9,1
33091,0,1,1,1
33092,7,3,8,2
33093,0,0,5,2
33094,1,1,5,0
33095,0,3,6,0
33096,2,0,1,0
33097,1,0,5,0
33098,0,0,5,1
33099,1,0,4,0
33100,1,3,4,1
33101,3,3,6,3
33102,0,2,5,3
33103,1,2,6,0
33104,1,0,6,0
33105,2,2,6,1
33106,1,1,4,2
33107,2,1,3,1
33108,1,0,2,0
33109,0,0,1,0
33110,1,1,1,1
33111,0,0,4,0
33112,4,1,3,1
33113,2,0,3,0
33114,1,1,1,3
33115,2,1,1,2
33116,1,0,5,2
33117,4,1,5,0
33118,1,0,6,1
33119,0,1,2,0
33120,2,0,4,0
33121,3,4,8,2
33122,0,1,2,0
33123,2,0,5,0
33124,4,1,8,1
33125,1,0,6,1
33126,1,3,5,1
33127,1,0,1,3
33128,0,2,4,0
33129,2,2,4,0
33130,1,0,3,0
33131,3,3,9,0
33132,1,0,4,0
33133,2,1,3,3
33134,1,2,5,1
33135,2,4,10,2
33136,2,0,4,3
33137,1,0,1,2
33138,2,2,1,0
33139,0,1,2,0
33140,2,1,5,0
33141,1,3,1,0
33142,1,1,2,0
33143,2,0,2,0
33144,1,2,3,0
33145,4,2,14,2
33146,3,3,6,1
33147,4,1,3,1
33148,0,1,3,3
33149,1,0,2,1
33150,0,0,6,0
33151,2,0,6,1
33152,2,2,6,0
33153,0,2,2,1
33154,0,1,5,0
33155,4,5,7,0
33156,2,1,1,1
33157,1,0,6,0
33158,4,2,8,2
33159,0,1,4,0
33160,3,0,5,1
33161,2,0,4,0
33162,2,2,14,4
33163,2,1,3,0
33164,0,0,3,1
33165,2,2,6,0
33166,1,1,4,1
33167,0,1,2,2
33168,4,0,4,0
33169,2,1,6,0
33170,4,2,6,3
33171,2,3,6,3
33172,0,2,5,3
33173,6,1,7,2
33174,1,1,2,1
33175,0,0,6,0
33176,8,3,10,2
33177,3,2,2,0
33178,3,2,8,2
33179,5,5,7,1
33180,1,1,6,3
33181,7,5,14,1
33182,1,0,3,1
33183,2,0,6,0
33184,2,0,2,0
33185,3,3,14,2
33186,0,2,3,1
33187,1,1,3,2
33188,6,4,13,2
33189,2,3,4,2
33190,1,0,5,3
33191,0,1,2,1
33192,7,4,11,0
33193,0,0,6,1
33194,3,3,5,3
33195,1,2,6,1
33196,1,1,2,0
33197,4,1,4,0
33198,3,1,1,1
33199,1,1,3,2
33200,4,4,14,2
33201,6,4,12,3
33202,1,1,5,2
33203,1,3,6,1
33204,1,0,5,0
33205,0,3,6,2
33206,1,0,5,2
33207,6,2,13,5
33208,3,1,1,1
33209,2,0,2,1
33210,5,3,6,3
33211,2,1,4,0
33212,7,6,12,2
33213,2,1,1,1
33214,1,2,1,0
33215,0,3,5,1
33216,1,2,5,1
33217,4,2,3,3
33218,2,0,5,0
33219,1,3,2,2
33220,4,2,6,1
33221,2,2,14,3
33222,3,3,7,1
33223,1,1,5,0
33224,1,2,6,0
33225,2,0,2,0
33226,1,4,14,3
33227,3,0,4,1
33228,4,1,2,1
33229,2,0,3,0
33230,1,1,5,1
33231,2,6,5,0
33232,3,2,5,0
33233,0,1,2,0
33234,5,6,5,1
33235,1,1,1,2
33236,1,3,3,0
33237,2,5,10,3
33238,5,1,12,1
33239,1,0,3,1
33240,1,1,6,1
33241,3,0,5,0
33242,2,0,3,1
33243,3,3,2,2
33244,0,2,2,1
33245,4,5,6,3
33246,0,1,5,2
33247,1,0,3,0
33248,0,0,1,1
33249,0,0,1,0
33250,6,3,8,3
33251,0,1,6,0
33252,1,2,6,3
33253,1,1,3,0
33254,4,3,12,4
33255,3,1,6,0
33256,3,5,14,2
33257,1,1,1,2
33258,6,5,5,4
33259,4,4,8,1
33260,5,2,9,2
33261,1,1,6,0
33262,2,1,5,2
33263,0,3,1,0
33264,0,0,5,0
33265,2,2,4,2
33266,0,1,4,0
33267,1,3,4,0
33268,3,5,7,1
33269,1,0,1,3
33270,0,3,5,1
33271,7,2,14,2
33272,0,2,6,0
33273,6,3,9,1
33274,7,3,5,5
33275,0,0,2,0
33276,3,3,7,2
33277,2,0,3,1
33278,1,1,4,1
33279,0,1,1,1
33280,2,1,3,0
33281,3,0,4,1
33282,6,4,13,1
33283,4,3,5,3
33284,3,1,6,2
33285,2,1,1,0
33286,0,0,6,1
33287,0,0,5,2
33288,1,3,4,1
33289,1,0,5,0
33290,1,1,6,2
33291,6,1,10,2
33292,0,1,1,0
33293,0,1,1,0
33294,3,1,2,0
33295,1,0,3,0
33296,0,0,5,3
33297,3,3,8,3
33298,3,1,7,2
33299,4,2,5,3
33300,2,1,6,0
33301,2,0,6,1
33302,3,0,6,0
33303,7,4,8,2
33304,0,0,1,2
33305,3,1,6,0
33306,0,0,2,0
33307,1,0,4,1
33308,2,1,4,1
33309,0,1,4,0
33310,0,0,5,1
33311,0,3,5,0
33312,3,0,6,0
33313,2,0,4,0
33314,1,0,1,0
33315,0,0,4,3
33316,1,3,11,1
33317,2,1,3,2
33318,5,4,6,0
33319,3,0,6,0
33320,1,2,10,5
33321,0,3,4,1
33322,0,1,4,0
33323,2,6,8,3
33324,1,2,3,2
33325,2,3,6,1
33326,7,4,13,2
33327,1,0,3,0
33328,2,0,6,0
33329,3,1,4,0
33330,4,3,9,2
33331,4,3,12,0
33332,3,1,3,0
33333,3,0,6,1
33334,1,1,3,1
33335,3,0,5,2
33336,5,4,10,1
33337,0,1,1,0
33338,0,0,5,1
33339,1,0,1,2
33340,1,1,2,1
33341,0,1,4,0
33342,0,0,3,1
33343,3,0,6,2
33344,5,2,9,2
33345,4,0,6,2
33346,0,0,4,0
33347,3,2,9,3
33348,1,0,4,1
33349,1,1,6,0
33350,2,1,1,2
33351,6,1,10,2
33352,1,0,6,1
33353,3,5,7,5
33354,0,0,2,3
33355,0,0,3,0
33356,1,1,4,1
33357,1,1,6,0
33358,2,2,12,1
33359,5,4,11,3
33360,3,1,9,2
33361,0,1,6,0
33362,3,2,5,0
33363,4,2,2,0
33364,2,1,3,1
33365,2,0,4,3
33366,2,1,1,0
33367,1,0,3,0
33368,0,0,3,2
33369,3,3,4,0
33370,1,1,5,1
33371,7,5,6,2
33372,1,0,4,0
33373,1,0,2,0
33374,4,3,12,3
33375,1,2,3,2
33376,1,1,1,0
33377,0,2,2,3
33378,1,1,1,0
33379,8,3,7,2
33380,1,0,2,0
33381,0,0,5,0
33382,4,0,5,1
33383,6,3,5,3
33384,1,0,2,2
33385,1,2,3,0
33386,4,1,9,1
33387,1,0,1,0
33388,1,2,1,0
33389,1,0,5,0
33390,1,0,6,0
33391,1,0,1,3
33392,0,2,5,0
33393,5,3,7,1
33394,0,0,5,0
33395,3,0,6,2
33396,2,0,5,0
33397,0,0,1,0
33398,3,1,1,1
33399,1,1,4,3
33400,1,0,1,1
33401,6,1,13,1
33402,2,0,4,0
33403,4,5,14,2
33404,1,0,1,2
33405,2,0,2,0
33406,1,5,8,2
33407,0,1,2,0
33408,1,0,1,0
33409,2,1,5,1
33410,1,2,5,1
33411,2,1,4,1
33412,1,1,4,1
33413,5,1,9,0
33414,3,0,4,0
33415,1,1,2,0
33416,4,2,13,2
33417,1,0,4,1
33418,0,0,6,0
33419,1,2,3,1
33420,2,2,4,0
33421,2,1,7,1
33422,0,0,6,0
33423,4,0,1,0
33424,1,0,1,0
33425,3,0,1,0
33426,0,3,4,2
33427,3,1,14,4
33428,1,2,4,0
33429,4,3,7,3
33430,2,1,3,1
33431,4,1,12,5
33432,0,0,2,1
33433,1,0,1,0
33434,0,0,5,0
33435,2,2,4,1
33436,3,0,1,3
33437,1,2,3,0
33438,1,1,2,0
33439,1,1,4,0
33440,3,2,13,2
33441,0,0,4,3
33442,2,0,3,3
33443,0,1,1,0
33444,2,0,5,3
33445,3,3,6,3
33446,7,2,14,1
33447,7,1,12,4
33448,4,2,8,5
33449,0,0,3,0
33450,3,3,4,0
33451,3,0,5,2
33452,4,1,5,0
33453,0,2,3,0
33454,2,1,2,2
33455,5,3,11,5
33456,4,2,6,4
33457,4,3,13,2
33458,2,2,2,1
33459,1,2,2,1
33460,1,1,5,2
33461,1,1,1,2
33462,1,3,1,1
33463,1,2,6,0
33464,1,0,2,0
33465,2,0,2,0
33466,3,0,1,2
33467,4,6,11,2
33468,1,1,6,2
33469,2,0,4,1
33470,2,4,7,1
33471,5,5,6,1
33472,6,2,6,2
33473,1,2,6,1
33474,2,0,5,0
33475,4,3,10,2
33476,1,2,1,0
33477,1,0,6,0
33478,1,0,6,0
33479,1,0,6,0
33480,0,0,5,1
33481,1,0,1,2
33482,4,1,1,0
33483,1,1,2,2
33484,0,0,2,1
33485,2,1,4,1
33486,1,1,5,0
33487,0,0,2,0
33488,0,1,3,0
33489,3,1,4,0
33490,0,1,2,1
33491,5,3,12,3
33492,5,3,10,2
33493,0,1,4,3
33494,0,0,5,0
33495,4,3,5,3
33496,5,4,5,2
33497,1,0,5,0
33498,1,1,6,1
33499,1,1,2,2
33500,0,2,5,0
33501,0,1,1,1
33502,0,1,1,1
33503,1,0,3,2
33504,0,0,6,0
33505,0,1,5,2
33506,6,5,12,2
33507,1,0,2,1
33508,3,4,7,2
33509,0,1,6,1
33510,0,0,4,1
33511,1,0,3,2
33512,4,1,2,1
33513,1,1,1,2
33514,1,0,4,0
33515,2,2,2,2
33516,5,3,5,3
33517,2,2,2,0
33518,1,1,4,3
33519,3,0,5,0
33520,0,1,5,1
33521,2,0,3,1
33522,2,0,2,0
33523,1,0,1,1
33524,2,3,3,0
33525,0,3,1,0
33526,1,0,1,1
33527,0,2,2,1
33528,0,0,6,0
33529,3,3,4,0
33530,1,2,11,3
33531,2,1,6,1
33532,2,0,6,1
33533,2,2,8,2
33534,3,1,5,0
33535,3,0,3,0
33536,1,2,3,1
33537,1,1,4,0
33538,1,2,3,0
33539,1,0,2,0
33540,3,2,13,5
33541,5,3,6,4
33542,3,3,4,3
33543,2,1,1,0
33544,0,1,2,0
33545,2,0,5,0
33546,0,0,3,1
33547,5,3,8,5
33548,0,1,5,3
33549,1,1,5,0
33550,2,2,9,3
33551,0,2,5,3
33552,1,0,3,1
33553,0,1,2,0
33554,2,3,4,0
33555,1,0,3,0
33556,3,6,9,2
33557,0,2,1,2
33558,1,1,6,0
33559,5,1,10,3
33560,0,2,2,0
33561,0,1,5,0
33562,4,1,1,0
33563,2,3,2,1
33564,3,3,7,3
33565,4,1,6,2
33566,3,1,13,3
33567,3,1,4,1
33568,1,1,5,1
33569,2,0,6,0
33570,2,1,5,0
33571,2,1,1,1
33572,2,0,5,1
33573,1,0,5,1
33574,0,1,1,0
33575,1,1,5,0
33576,1,0,6,0
33577,0,0,2,2
33578,0,0,4,1
33579,2,1,4,1
33580,2,1,12,3
33581,7,5,11,3
33582,1,3,6,1
33583,1,2,6,1
33584,2,0,6,0
33585,0,0,3,0
33586,7,3,10,1
33587,5,5,5,3
33588,0,0,6,2
33589,1,0,6,2
33590,2,4,11,5
33591,0,0,2,1
33592,0,0,2,1
33593,7,2,9,1
33594,5,2,11,2
33595,0,1,4,2
33596,2,1,3,2
33597,0,1,6,0
33598,4,2,13,1
33599,5,2,11,2
33600,0,2,6,0
33601,0,2,4,1
33602,0,0,5,0
33603,1,0,3,0
33604,2,1,2,0
33605,0,2,1,0
33606,7,3,14,0
33607,3,0,2,1
33608,1,1,5,2
33609,4,4,14,0
33610,2,1,5,2
33611,3,2,7,1
33612,0,2,6,0
33613,2,0,5,0
33614,3,1,1,0
33615,0,1,6,0
33616,2,0,1,0
33617,1,1,6,0
33618,0,1,6,0
33619,1,0,4,0
33620,0,1,5,0
33621,2,3,5,0
33622,3,2,6,1
33623,1,0,6,2
33624,1,1,3,2
33625,6,4,12,1
33626,4,0,6,0
33627,1,0,4,1
33628,2,0,2,2
33629,1,2,3,1
33630,1,0,5,0
33631,3,1,2,0
33632,1,4,7,3
33633,3,0,4,0
33634,5,3,12,2
33635,0,2,6,0
33636,2,0,6,0
33637,1,1,2,0
33638,3,2,4,1
33639,1,1,1,1
33640,0,1,1,0
33641,6,4,13,1
33642,3,3,12,4
33643,2,1,2,0
33644,3,1,2,0
33645,1,1,6,0
33646,3,0,3,0
33647,2,1,6,1
33648,1,1,1,1
33649,4,4,10,2
33650,2,0,5,0
33651,1,1,6,0
33652,0,1,4,1
33653,0,0,1,0
33654,0,2,3,1
33655,0,0,4,0
33656,0,1,6,1
33657,4,1,2,0
33658,2,6,11,1
33659,2,1,3,0
33660,1,0,3,0
33661,1,1,2,1
33662,1,1,1,1
33663,3,3,9,2
33664,2,1,5,2
33665,2,0,4,2
33666,4,4,6,1
33667,4,6,5,2
33668,0,0,3,2
33669,3,0,4,2
33670,1,0,5,1
33671,0,2,3,0
33672,1,1,1,0
33673,0,0,6,3
33674,0,0,3,2
33675,3,2,11,2
33676,1,1,1,0
33677,0,0,3,1
33678,2,1,6,0
33679,3,3,2,1
33680,2,5,6,1
33681,2,0,1,0
33682,2,1,3,0
33683,1,1,2,0
33684,8,4,6,3
33685,1,2,6,2
33686,2,1,8,3
33687,8,5,6,1
33688,0,1,3,0
33689,3,1,1,1
33690,2,2,1,0
33691,0,0,4,0
33692,1,2,2,1
33693,4,4,13,3
33694,0,1,1,0
33695,3,2,3,0
33696,1,0,3,1
33697,0,2,4,1
33698,1,0,5,2
33699,2,3,6,0
33700,0,3,1,1
33701,2,1,3,3
33702,0,0,2,2
33703,4,6,10,2
33704,6,4,13,2
33705,2,4,5,1
33706,1,3,4,1
33707,2,1,5,3
33708,3,1,6,1
33709,2,0,3,0
33710,1,0,4,1
33711,7,3,9,2
33712,1,2,3,0
33713,1,1,1,0
33714,0,0,4,1
33715,3,5,14,1
33716,0,0,5,0
33717,0,1,3,1
33718,3,2,6,0
33719,1,0,6,2
33720,3,1,1,0
33721,0,0,4,1
33722,1,1,3,1
33723,5,3,6,2
33724,0,1,3,0
33725,3,2,5,0
33726,0,3,3,0
33727,3,4,9,5
33728,1,3,2,1
33729,0,3,5,1
33730,6,2,11,4
33731,0,1,1,1
33732,2,1,4,1
33733,0,0,1,0
33734,4,4,12,2
33735,5,2,13,2
33736,2,0,5,0
33737,0,1,3,0
33738,6,3,10,2
33739,5,4,7,1
33740,1,4,12,1
33741,0,1,5,1
33742,1,1,3,0
33743,0,0,2,2
33744,2,3,2,2
33745,1,0,4,2
33746,4,4,9,2
33747,0,0,2,0
33748,0,2,4,0
33749,3,1,5,1
33750,0,3,2,0
33751,1,0,4,1
33752,1,0,5,0
33753,1,1,1,1
33754,2,0,2,2
33755,0,0,3,1
33756,2,0,3,2
33757,1,0,1,0
33758,7,4,13,1
33759,3,2,10,2
33760,0,1,6,3
33761,1,2,5,0
33762,1,0,6,2
33763,1,0,5,0
33764,4,0,2,1
33765,0,0,1,1
33766,1,2,4,0
33767,1,1,4,1
33768,5,1,6,1
33769,0,0,3,0
33770,0,1,2,1
33771,3,1,5,0
33772,0,1,2,0
33773,4,5,12,4
33774,4,1,4,0
33775,1,0,1,0
33776,0,1,3,0
33777,1,2,6,1
33778,1,2,6,0
33779,1,2,6,0
33780,4,4,5,1
33781,0,3,1,1
33782,1,0,3,0
33783,1,2,3,0
33784,0,0,1,0
33785,0,1,3,1
33786,2,1,2,1
33787,1,1,5,0
33788,3,3,3,3
33789,1,1,3,1
33790,0,3,2,3
33791,1,4,13,2
33792,1,0,5,0
33793,1,2,3,0
33794,2,0,4,0
33795,1,0,2,2
33796,1,0,1,1
33797,2,0,2,3
33798,0,0,2,2
33799,2,1,1,1
33800,2,2,1,0
33801,5,5,8,2
33802,0,1,5,0
33803,0,0,3,2
33804,3,1,3,0
33805,2,3,2,1
33806,1,2,2,0
33807,4,1,4,0
33808,2,1,4,1
33809,0,1,4,0
33810,0,1,1,3
33811,1,0,1,0
33812,1,2,4,0
33813,0,2,3,1
33814,0,2,3,1
33815,8,4,7,3
33816,1,2,3,0
33817,4,0,1,0
33818,3,2,10,3
33819,1,0,2,0
33820,5,4,6,2
33821,3,1,6,1
33822,6,1,7,3
33823,2,1,3,0
33824,2,1,5,0
33825,3,4,7,2
33826,2,0,1,0
33827,1,1,9,1
33828,2,2,5,0
33829,0,0,2,2
33830,2,3,2,0
33831,2,1,6,0
33832,3,0,4,2
33833,2,2,6,1
33834,4,3,1,3
33835,0,2,1,1
33836,3,2,12,3
33837,0,2,4,2
33838,3,3,5,2
33839,0,3,5,0
33840,8,1,9,1
33841,4,1,2,2
33842,4,3,9,3
33843,0,2,6,0
33844,1,2,14,3
33845,6,1,9,4
33846,4,5,5,5
33847,1,1,1,0
33848,2,0,5,0
33849,1,1,2,0
33850,1,2,4,0
33851,4,2,6,1
33852,2,2,12,0
33853,3,0,1,1
33854,4,0,2,0
33855,1,1,4,0
33856,0,1,2,1
33857,4,0,3,0
33858,1,3,1,1
33859,7,2,14,2
33860,1,2,6,0
33861,3,3,1,0
33862,1,1,3,0
33863,4,1,12,4
33864,0,0,3,1
33865,3,1,3,3
33866,3,1,4,1
33867,3,5,7,3
33868,1,0,2,0
33869,6,2,13,1
33870,1,1,2,2
33871,1,2,4,3
33872,3,0,6,1
33873,0,0,3,0
33874,1,1,5,1
33875,0,0,5,0
33876,3,4,5,1
33877,1,0,6,2
33878,2,0,3,0
33879,3,4,6,1
33880,8,5,11,1
33881,1,0,5,0
33882,0,3,1,0
33883,0,2,4,0
33884,1,1,6,3
33885,2,1,2,0
33886,2,0,4,1
33887,0,2,2,0
33888,5,3,14,2
33889,3,1,5,0
33890,3,3,7,0
33891,0,1,3,0
33892,0,0,4,0
33893,2,3,5,0
33894,1,1,1,3
33895,0,0,3,1
33896,0,1,2,2
33897,4,6,6,2
33898,0,0,4,0
33899,3,2,8,1
33900,2,0,3,1
33901,2,1,2,1
33902,0,1,1,1
33903,1,0,5,0
33904,3,6,6,1
33905,0,2,2,2
33906,1,0,4,2
33907,1,0,4,3
33908,2,0,1,1
33909,1,3,3,2
33910,0,2,2,0
33911,0,0,5,2
33912,1,3,3,0
33913,3,2,3,0
33914,2,3,6,2
33915,1,1,6,0
33916,4,4,8,4
33917,2,3,6,2
33918,2,3,4,0
33919,1,0,2,0
33920,2,1,6,0
33921,1,3,4,1
33922,2,1,2,1
33923,4,3,9,3
33924,1,0,4,1
33925,1,1,3,0
33926,1,1,5,1
33927,1,1,3,1
33928,2,0,6,0
33929,1,1,1,0
33930,2,2,6,0
33931,4,1,6,2
33932,4,2,9,2
33933,0,0,6,2
33934,3,2,1,0
33935,1,0,6,0
33936,4,4,8,2
33937,2,3,6,1
33938,8,2,12,2
33939,3,2,5,4
33940,0,3,4,3
33941,1,0,3,2
33942,0,3,6,2
33943,3,0,6,0
33944,1,0,2,0
33945,5,3,6,2
33946,1,3,4,2
33947,2,1,3,1
33948,2,2,13,2
33949,2,2,12,1
33950,2,0,2,0
33951,4,3,11,2
33952,1,0,6,0
33953,1,1,2,0
33954,1,1,2,1
33955,1,1,1,1
33956,3,0,3,1
33957,6,3,6,3
33958,1,0,3,0
33959,5,3,12,1
33960,3,3,3,2
33961,3,3,11,1
33962,0,1,5,0
33963,1,2,2,0
33964,1,1,2,3
33965,4,1,9,3
33966,0,2,3,0
33967,0,0,5,1
33968,2,0,4,1
33969,0,0,6,1
33970,0,2,6,0
33971,4,2,6,2
33972,4,2,10,3
33973,2,2,4,1
33974,6,3,9,2
33975,1,0,1,0
33976,2,1,3,0
33977,7,1,12,1
33978,3,2,6,0
33979,8,5,12,2
33980,2,0,4,0
33981,5,2,7,3
33982,2,0,2,0
33983,2,1,2,2
33984,3,2,14,1
33985,0,0,4,2
33986,1,3,5,0
33987,0,2,3,2
33988,5,4,7,2
33989,1,3,5,0
33990,2,0,3,1
33991,3,0,2,1
33992,0,1,3,0
33993,4,3,9,3
33994,1,1,3,2
33995,0,2,4,0
33996,0,1,5,0
33997,0,1,6,0
33998,0,0,6,0
33999,1,0,1,1
34000,5,6,12,2
34001,2,2,3,1
34002,0,3,6,2
34003,5,4,11,4
34004,0,0,1,0
34005,3,0,3,2
34006,1,1,2,1
34007,0,0,1,0
34008,1,2,2,2
34009,4,2,4,0
34010,3,3,7,3
34011,4,0,3,3
34012,1,2,5,1
34013,4,2,2,2
34014,0,1,1,0
34015,1,1,5,1
34016,1,1,1,1
34017,1,1,5,0
34018,1,1,2,0
34019,1,0,4,1
34020,2,0,2,0
34021,4,0,6,1
34022,1,0,3,0
34023,3,1,2,1
34024,3,0,2,1
34025,0,0,6,0
34026,5,1,13,5
34027,3,3,7,2
34028,1,2,6,1
34029,0,3,4,0
34030,2,2,5,2
34031,5,5,6,1
34032,0,2,5,0
34033,1,1,5,0
34034,2,0,1,0
34035,0,0,2,1
34036,1,2,2,0
34037,2,0,2,0
34038,0,1,1,0
34039,0,0,1,1
34040,1,0,6,0
34041,1,0,1,0
34042,1,1,1,0
34043,1,1,1,1
34044,3,1,6,0
34045,0,0,6,0
34046,1,1,5,0
34047,0,0,2,0
34048,1,0,2,0
34049,0,2,2,1
34050,1,0,2,1
34051,2,0,5,1
34052,1,0,4,0
34053,1,0,4,1
34054,2,1,2,0
34055,2,0,6,0
34056,1,0,5,0
34057,1,0,2,0
34058,0,1,5,0
34059,2,4,8,2
34060,6,1,14,3
34061,2,0,2,2
34062,0,0,6,1
34063,1,3,1,0
34064,3,2,1,2
34065,1,1,4,1
34066,0,0,2,2
34067,1,2,4,0
34068,0,1,3,1
34069,1,2,3,2
34070,1,2,3,0
34071,0,2,3,0
34072,7,2,10,3
34073,4,0,6,2
34074,2,2,4,2
34075,2,4,6,0
34076,1,0,6,1
34077,1,1,6,0
34078,2,1,2,0
34079,0,2,1,1
34080,4,4,7,2
34081,1,1,1,0
34082,1,1,4,0
34083,0,1,5,0
34084,0,0,2,1
34085,1,1,1,1
34086,5,2,5,2
34087,5,2,6,2
34088,0,0,2,1
34089,1,1,5,1
34090,3,0,3,0
34091,0,0,4,2
34092,5,3,14,1
34093,4,2,5,0
34094,5,3,14,2
34095,0,0,6,1
34096,2,2,7,2
34097,2,0,3,1
34098,3,0,1,0
34099,0,3,3,0
34100,0,0,5,0
34101,1,0,5,3
34102,0,3,1,3
34103,1,3,6,0
34104,2,0,1,1
34105,0,1,1,0
34106,3,2,5,0
34107,2,0,1,1
34108,0,0,1,2
34109,1,1,3,0
34110,1,1,4,2
34111,0,1,5,2
34112,2,0,4,1
34113,1,3,6,0
34114,0,0,1,1
34115,2,1,1,1
34116,7,5,7,1
34117,2,2,6,0
34118,1,2,7,2
34119,1,0,1,0
34120,4,2,2,2
34121,3,0,1,2
34122,1,2,2,0
34123,1,0,6,0
34124,1,0,3,0
34125,6,3,11,5
34126,0,0,3,0
34127,1,0,3,0
34128,2,0,3,1
34129,3,0,3,0
34130,0,1,4,2
34131,0,1,1,0
34132,3,1,6,0
34133,0,1,3,0
34134,0,0,5,0
34135,2,0,5,0
34136,0,1,3,3
34137,3,0,2,0
34138,2,4,12,1
34139,5,6,5,2
34140,1,0,5,0
34141,8,3,10,2
34142,0,2,4,1
34143,1,0,6,0
34144,0,1,3,1
34145,1,3,1,0
34146,5,3,6,5
34147,0,3,4,0
34148,1,1,3,1
34149,0,0,4,0
34150,3,2,3,0
34151,3,6,13,5
34152,0,0,6,0
34153,0,2,2,0
34154,4,0,1,1
34155,2,1,5,1
34156,0,1,2,1
34157,1,2,6,0
34158,1,0,1,2
34159,0,0,5,3
34160,0,0,2,0
34161,7,2,7,2
34162,0,1,1,0
34163,1,3,5,2
34164,3,0,3,0
34165,1,1,4,2
34166,2,2,8,3
34167,2,1,1,1
34168,3,0,2,1
34169,0,3,6,1
34170,1,0,6,2
34171,3,4,7,3
34172,1,0,5,0
34173,6,3,10,1
34174,0,2,3,1
34175,7,3,10,2
34176,0,0,1,0
34177,7,2,10,0
34178,2,2,4,0
34179,1,2,5,0
34180,3,1,3,0
34181,4,3,8,1
34182,1,0,4,0
34183,1,3,3,1
34184,1,0,6,0
34185,0,3,3,0
34186,1,2,2,0
34187,1,3,3,2
34188,0,2,2,2
34189,3,2,6,2
34190,0,3,2,0
34191,3,0,4,1
34192,0,1,2,0
34193,1,0,6,0
34194,3,0,4,0
34195,2,1,6,1
34196,1,1,1,1
34197,3,5,6,3
34198,2,0,4,0
34199,4,1,9,3
34200,0,3,6,1
34201,3,1,5,1
34202,2,0,1,2
34203,0,0,6,0
34204,1,0,4,0
34205,4,3,7,2
34206,0,2,4,1
34207,0,2,3,0
34208,4,0,6,0
34209,1,0,3,3
34210,3,0,5,0
34211,2,0,3,0
34212,3,2,6,1
34213,1,0,4,0
34214,2,4,9,2
34215,1,0,5,1
34216,0,2,1,2
34217,2,0,3,0
34218,2,1,5,0
34219,0,0,4,1
34220,4,3,14,2
34221,1,3,3,0
34222,6,2,14,1
34223,2,2,1,0
34224,1,1,1,0
34225,1,3,3,0
34226,4,2,12,5
34227,0,2,4,1
34228,0,0,1,0
34229,2,4,14,3
34230,4,1,6,2
34231,3,3,3,0
34232,0,2,2,1
34233,0,1,1,0
34234,1,0,1,1
34235,1,2,2,0
34236,0,0,3,2
34237,2,3,1,0
34238,1,0,2,0
34239,3,2,4,0
34240,2,1,1,0
34241,2,0,6,0
34242,0,1,6,0
34243,2,0,2,0
34244,3,4,6,3
34245,0,1,1,1
34246,1,1,3,0
34247,4,3,12,0
34248,2,2,5,1
34249,4,4,9,3
34250,1,2,3,1
34251,3,0,4,0
34252,0,0,3,0
34253,1,0,2,1
34254,4,1,1,0
34255,1,0,3,1
34256,0,1,2,3
34257,0,1,3,1
34258,0,0,6,1
34259,2,4,12,3
34260,0,0,5,2
34261,0,1,4,0
34262,5,2,5,1
34263,3,0,6,1
34264,1,1,1,0
34265,4,3,13,1
34266,2,1,6,0
34267,3,3,11,3
34268,4,0,6,1
34269,2,4,5,1
34270,2,2,2,2
34271,4,1,4,0
34272,3,1,4,0
34273,4,1,2,0
34274,3,0,5,0
34275,0,1,3,1
34276,1,1,1,1
34277,1,1,1,0
34278,4,2,1,3
34279,0,1,4,1
34280,3,5,5,2
34281,1,5,13,2
34282,2,3,5,3
34283,5,3,9,2
34284,4,2,1,1
34285,1,1,1,0
34286,1,1,2,0
34287,0,1,3,2
34288,1,0,3,0
34289,2,1,1,0
34290,1,1,2,1
34291,1,2,5,0
34292,5,4,6,1
34293,4,5,9,2
34294,1,1,5,1
34295,2,2,2,1
34296,1,1,1,0
34297,0,1,4,0
34298,2,0,2,1
34299,0,1,5,3
34300,1,1,2,1
34301,1,1,1,0
34302,1,0,1,0
34303,1,0,2,0
34304,1,0,6,2
34305,0,1,3,3
34306,0,0,5,0
34307,4,1,5,2
34308,0,2,5,0
34309,2,1,6,2
34310,2,1,6,0
34311,1,0,4,0
34312,3,3,8,2
34313,2,0,2,0
34314,0,3,5,0
34315,0,1,5,1
34316,2,0,1,0
34317,1,3,6,1
34318,2,0,3,0
34319,2,1,3,2
34320,2,1,6,5
34321,2,6,8,2
34322,1,0,4,1
34323,1,0,1,0
34324,0,1,1,0
34325,1,1,6,0
34326,1,2,6,1
34327,1,0,6,2
34328,0,2,6,0
34329,2,3,6,2
34330,4,4,12,2
34331,1,0,5,2
34332,0,0,6,0
34333,1,0,4,1
34334,2,0,6,1
34335,1,1,6,0
34336,1,1,2,1
34337,3,3,1,1
34338,1,0,4,1
34339,6,3,6,2
34340,0,0,4,0
34341,3,0,4,1
34342,2,1,5,1
34343,3,1,2,0
34344,1,1,5,0
34345,1,0,1,0
34346,2,1,5,1
34347,0,0,1,1
34348,2,0,5,1
34349,6,3,12,2
34350,0,2,3,1
34351,2,4,5,3
34352,2,2,6,0
34353,0,0,4,0
34354,1,0,1,0
34355,2,0,3,0
34356,1,0,5,0
34357,1,0,3,0
34358,1,1,4,2
34359,0,0,1,1
34360,4,0,2,2
34361,0,1,2,0
34362,0,2,6,0
34363,0,1,2,1
34364,0,1,2,0
34365,6,6,8,2
34366,2,1,2,1
34367,1,1,4,2
34368,1,0,4,1
34369,3,0,5,1
34370,0,1,1,1
34371,1,0,3,0
34372,1,0,3,2
34373,3,1,3,1
34374,1,1,2,1
34375,0,0,4,1
34376,0,1,4,2
34377,1,1,1,0
34378,2,3,1,1
34379,1,1,6,1
34380,0,2,4,2
34381,0,1,5,0
34382,1,0,6,2
34383,0,0,5,1
34384,2,4,14,3
34385,2,2,3,1
34386,5,6,5,4
34387,0,1,2,0
34388,4,2,4,0
34389,5,4,11,1
34390,2,2,3,2
34391,2,0,3,1
34392,1,0,1,1
34393,1,3,4,2
34394,0,1,1,0
34395,2,1,2,3
34396,0,1,5,0
34397,3,3,2,0
34398,0,1,1,0
34399,3,0,2,0
34400,1,0,4,0
34401,3,0,4,1
34402,3,1,3,1
34403,4,2,12,1
34404,3,3,2,0
34405,4,2,14,2
34406,0,1,6,2
34407,2,1,2,3
34408,1,0,6,1
34409,1,1,3,0
34410,2,1,5,1
34411,1,0,5,2
34412,1,2,1,0
34413,3,1,1,0
34414,4,3,8,3
34415,2,0,4,0
34416,3,3,4,0
34417,2,0,3,2
34418,5,2,11,1
34419,4,3,7,1
34420,1,0,3,1
34421,2,0,2,0
34422,3,0,3,1
34423,2,1,4,0
34424,5,6,14,2
34425,1,0,4,0
34426,0,0,6,1
34427,2,0,5,0
34428,0,0,6,0
34429,0,0,4,1
34430,3,1,2,1
34431,1,1,5,0
34432,0,1,1,0
34433,3,3,6,2
34434,1,4,13,1
34435,1,0,5,1
34436,1,2,5,0
34437,1,0,5,0
34438,0,1,5,0
34439,2,2,4,0
34440,0,1,3,0
34441,2,2,3,0
34442,1,0,1,0
34443,0,0,6,0
34444,1,0,1,1
34445,4,4,12,2
34446,7,2,10,2
34447,3,5,11,2
34448,3,1,14,2
34449,4,3,12,1
34450,1,0,5,0
34451,1,0,3,1
34452,4,2,11,2
34453,1,0,6,3
34454,0,1,4,0
34455,0,1,2,2
34456,1,1,4,1
34457,0,1,3,0
34458,4,2,7,1
34459,4,1,2,2
34460,2,0,6,0
34461,2,0,4,0
34462,7,2,7,1
34463,1,1,1,2
34464,0,1,5,0
34465,2,2,1,2
34466,0,1,4,2
34467,0,2,3,1
34468,5,3,11,3
34469,2,0,3,2
34470,4,1,4,2
34471,4,2,1,0
34472,2,1,4,0
34473,0,1,5,1
34474,1,1,4,2
34475,0,3,4,0
34476,2,1,6,1
34477,1,0,5,0
34478,2,3,6,1
34479,3,0,2,0
34480,2,0,4,2
34481,0,1,2,1
34482,0,3,4,0
34483,2,0,2,0
34484,2,0,4,0
34485,4,0,2,1
34486,1,0,1,0
34487,1,1,3,0
34488,1,2,6,2
34489,0,2,3,0
34490,3,3,9,1
34491,3,1,1,1
34492,1,1,2,0
34493,5,1,12,5
34494,0,0,5,0
34495,0,0,5,1
34496,2,3,10,1
34497,2,2,5,0
34498,4,2,5,2
34499,7,3,14,1
34500,0,0,1,0
34501,2,1,6,1
34502,2,3,2,1
34503,0,1,1,1
34504,2,0,3,0
34505,2,2,3,0
34506,0,2,5,3
34507,0,0,6,1
34508,4,1,1,1
34509,0,0,3,1
34510,1,0,1,2
34511,0,1,5,0
34512,3,2,3,1
34513,7,4,10,0
34514,7,4,14,2
34515,4,2,7,2
34516,1,2,3,3
34517,0,1,1,2
34518,2,0,4,1
34519,4,4,8,0
34520,2,0,1,1
34521,2,0,4,0
34522,3,0,5,0
34523,1,0,4,0
34524,2,1,1,0
34525,3,0,1,0
34526,3,0,4,1
34527,0,1,3,0
34528,3,2,3,2
34529,1,0,3,0
34530,0,1,6,0
34531,2,0,2,2
34532,2,0,4,2
34533,0,0,4,3
34534,0,0,4,1
34535,4,3,7,4
34536,2,1,5,3
34537,3,5,11,1
34538,3,4,5,5
34539,2,0,4,0
34540,0,0,5,1
34541,1,1,2,1
34542,3,0,4,1
34543,1,3,5,0
34544,1,0,2,0
34545,1,1,3,2
34546,5,2,14,2
34547,0,2,4,2
34548,2,3,1,0
34549,0,1,1,0
34550,3,0,3,0
34551,0,1,6,1
34552,1,3,5,1
34553,2,0,3,1
34554,2,1,3,1
34555,7,1,9,1
34556,4,1,3,2
34557,0,1,4,0
34558,1,0,5,0
34559,2,0,1,0
34560,4,3,14,2
34561,1,0,4,0
34562,7,3,13,2
34563,4,1,1,0
34564,0,1,3,2
34565,2,2,6,1
34566,4,5,9,3
34567,1,1,4,2
34568,2,0,2,1
34569,0,0,5,0
34570,0,2,5,0
34571,1,0,4,0
34572,0,1,1,1
34573,0,0,4,0
34574,2,3,1,0
34575,2,0,6,1
34576,2,0,1,2
34577,1,1,5,0
34578,3,2,6,1
34579,2,1,4,2
34580,4,5,8,1
34581,4,1,5,0
34582,1,0,5,1
34583,1,2,2,2
34584,2,2,6,1
34585,1,1,6,1
34586,1,3,1,0
34587,1,2,2,1
34588,4,3,11,3
34589,0,0,4,1
34590,1,2,5,1
34591,1,0,6,2
34592,0,1,1,0
34593,0,0,3,0
34594,6,2,8,1
34595,4,3,1,0
34596,4,1,2,0
34597,3,0,6,1
34598,1,0,6,0
34599,1,3,6,2
34600,1,1,5,0
34601,1,5,14,2
34602,0,3,1,0
34603,3,1,6,1
34604,0,1,1,2
34605,0,0,4,0
34606,1,1,2,2
34607,0,2,4,0
34608,3,2,14,1
34609,2,1,6,1
34610,1,2,3,1
34611,1,0,4,0
34612,5,4,12,2
34613,0,0,3,0
34614,3,0,3,1
34615,0,3,1,1
34616,3,1,5,0
34617,0,0,1,1
34618,1,0,6,2
34619,4,3,9,2
34620,1,1,3,1
34621,0,1,5,0
34622,6,2,7,1
34623,0,2,2,1
34624,1,1,4,0
34625,1,3,3,1
34626,3,0,1,1
34627,4,1,4,1
34628,3,2,4,2
34629,0,2,5,0
34630,3,1,2,0
34631,3,3,5,0
34632,4,2,3,0
34633,0,3,3,1
34634,1,1,6,1
34635,0,1,2,0
34636,1,0,4,0
34637,1,1,6,2
34638,0,1,4,1
34639,0,1,2,2
34640,2,2,5,1
34641,1,2,6,0
34642,2,1,3,1
34643,1,0,2,0
34644,7,3,11,3
34645,5,2,11,3
34646,0,3,3,1
34647,1,0,3,0
34648,1,1,3,1
34649,1,0,1,1
34650,2,0,5,0
34651,3,0,4,1
34652,4,2,8,2
34653,2,2,14,1
34654,2,3,11,1
34655,2,0,6,1
34656,1,0,2,0
34657,2,1,4,1
34658,0,1,2,0
34659,3,2,10,5
34660,5,3,7,3
34661,0,2,2,0
34662,1,0,1,0
34663,4,2,14,2
34664,2,1,3,0
34665,0,0,2,1
34666,0,3,3,0
34667,2,0,6,0
34668,2,1,5,0
34669,1,4,11,2
34670,4,3,9,0
34671,0,1,2,0
34672,0,0,3,0
34673,1,0,4,0
34674,0,0,5,1
34675,1,1,4,1
34676,0,0,1,0
34677,0,1,6,1
34678,4,3,10,2
34679,2,1,5,2
34680,4,0,4,1
34681,4,0,1,3
34682,1,3,2,0
34683,4,2,13,4
34684,3,3,3,0
34685,3,0,1,1
34686,2,1,6,0
34687,5,4,14,2
34688,4,2,2,0
34689,1,0,1,0
34690,2,0,3,1
34691,3,3,8,3
34692,3,4,7,1
34693,2,0,4,0
34694,3,0,6,0
34695,4,0,4,1
34696,2,1,2,0
34697,0,1,3,2
34698,2,2,5,1
34699,0,0,2,0
34700,0,2,5,0
34701,1,1,1,0
34702,2,0,3,1
34703,4,3,9,1
34704,1,0,5,0
34705,1,1,5,0
34706,1,1,2,1
34707,1,1,2,0
34708,0,2,2,0
34709,1,0,6,1
34710,3,4,12,2
34711,6,4,14,1
34712,5,3,10,2
34713,0,0,2,0
34714,1,2,5,0
34715,1,0,6,3
34716,6,6,7,2
34717,2,0,6,0
34718,1,1,5,0
34719,4,2,3,0
34720,0,1,5,2
34721,0,1,6,2
34722,1,1,6,1
34723,3,3,4,0
34724,0,0,6,0
34725,6,1,5,1
34726,1,0,2,0
34727,4,1,6,2
34728,1,2,4,0
34729,1,0,5,0
34730,2,0,3,0
34731,0,0,4,1
34732,3,2,6,2
34733,1,3,4,0
34734,0,1,1,1
34735,4,5,7,1
34736,3,1,3,3
34737,4,2,3,3
34738,1,2,3,2
34739,3,0,3,0
34740,0,3,1,2
34741,4,1,6,0
34742,0,1,6,1
34743,2,0,1,0
34744,3,3,6,2
34745,2,1,2,2
34746,0,0,4,1
34747,1,0,4,0
34748,0,1,3,0
34749,1,3,1,0
34750,0,2,2,0
34751,1,3,2,0
34752,1,2,2,0
34753,0,0,3,1
34754,2,1,3,0
34755,1,2,2,3
34756,7,3,7,3
34757,4,3,6,5
34758,1,1,5,0
34759,1,0,2,1
34760,1,2,3,1
34761,1,1,6,0
34762,2,4,8,2
34763,0,0,2,1
34764,1,0,5,0
34765,1,0,1,1
34766,3,3,5,2
34767,6,4,6,1
34768,0,1,2,0
34769,4,4,5,1
34770,3,0,1,0
34771,2,2,12,3
34772,3,1,4,1
34773,3,1,7,4
34774,2,1,2,1
34775,4,2,2,1
34776,1,1,6,1
34777,1,0,4,1
34778,3,0,3,3
34779,1,0,5,1
34780,0,0,2,1
34781,0,1,6,0
34782,3,3,7,1
34783,1,0,6,0
34784,4,3,13,1
34785,0,0,3,2
34786,8,3,10,2
34787,1,0,2,1
34788,3,0,1,0
34789,1,2,1,2
34790,1,3,4,1
34791,3,2,2,1
34792,1,0,2,2
34793,4,2,10,2
34794,0,1,1,2
34795,2,3,4,2
34796,6,5,8,2
34797,1,0,4,0
34798,0,0,5,1
34799,0,1,3,0
34800,1,0,1,1
34801,5,3,5,4
34802,1,2,5,1
34803,5,6,6,2
34804,0,2,5,1
34805,0,1,4,0
34806,1,2,6,0
34807,1,1,4,1
34808,1,2,4,0
34809,3,2,1,1
34810,0,1,6,0
34811,0,0,2,0
34812,0,2,1,0
34813,7,2,10,1
34814,1,0,5,3
34815,3,2,9,2
34816,1,0,6,0
34817,0,1,5,0
34818,1,1,5,0
34819,0,2,5,0
34820,4,0,2,1
34821,1,3,6,0
34822,1,0,1,1
34823,1,1,1,3
34824,2,3,4,0
34825,4,3,8,3
34826,1,0,1,0
34827,0,1,2,0
34828,1,1,3,2
34829,0,0,5,1
34830,0,1,6,3
34831,1,0,4,2
34832,2,0,2,1
34833,3,3,10,2
34834,1,0,4,0
34835,0,1,1,3
34836,4,6,14,2
34837,1,2,4,1
34838,1,2,2,0
34839,0,1,4,0
34840,3,4,14,1
34841,1,0,6,0
34842,1,0,2,0
34843,1,1,4,1
34844,0,2,3,3
34845,1,2,6,0
34846,4,3,4,1
34847,0,0,3,1
34848,4,5,11,4
34849,2,0,2,1
34850,0,0,5,0
34851,4,0,6,3
34852,1,0,6,0
34853,7,4,5,2
34854,0,1,2,1
34855,2,0,2,0
34856,1,0,4,0
34857,4,3,10,2
34858,0,0,3,1
34859,2,2,2,1
34860,2,0,3,1
34861,1,3,6,0
34862,1,0,6,2
34863,4,2,5,2
34864,1,2,1,0
34865,1,2,2,0
34866,2,1,5,2
34867,1,1,3,0
34868,1,3,6,1
34869,2,0,5,0
34870,6,5,8,0
34871,4,1,2,0
34872,0,0,6,0
34873,0,2,2,1
34874,0,1,4,0
34875,1,1,3,2
34876,1,1,4,0
34877,2,1,3,0
34878,1,1,6,0
34879,1,3,6,0
34880,2,1,2,0
34881,3,0,4,0
34882,1,2,1,3
34883,2,1,1,0
34884,1,0,6,0
34885,5,4,5,2
34886,1,0,5,0
34887,0,1,4,1
34888,0,2,6,0
34889,3,1,4,1
34890,3,0,1,1
34891,1,0,4,0
34892,1,3,4,1
34893,6,2,5,0
34894,3,1,3,3
34895,1,0,3,0
34896,1,0,4,0
34897,0,2,3,0
34898,3,4,6,1
34899,2,1,5,0
34900,4,0,3,0
34901,0,3,1,3
34902,0,0,5,0
34903,4,2,12,2
34904,1,2,2,0
34905,1,0,1,0
34906,0,3,6,1
34907,3,2,1,1
34908,5,6,5,2
34909,1,2,5,1
34910,3,0,4,0
34911,1,1,4,1
34912,0,0,5,1
34913,3,1,2,0
34914,1,1,3,0
34915,0,3,5,2
34916,6,4,5,2
34917,0,3,1,2
34918,1,1,4,1
34919,0,1,4,2
34920,1,0,6,0
34921,0,1,3,0
34922,1,0,5,0
34923,4,0,3,1
34924,1,0,4,1
34925,3,2,10,1
34926,4,0,1,1
34927,1,1,4,3
34928,0,1,4,0
34929,1,0,2,0
34930,2,0,4,0
34931,4,1,3,0
34932,2,1,4,1
34933,1,0,4,1
34934,1,3,1,0
34935,6,2,10,3
34936,2,2,3,0
34937,0,1,5,0
34938,2,0,3,2
34939,6,1,11,4
34940,1,1,6,2
34941,0,0,6,2
34942,4,1,6,2
34943,0,0,5,0
34944,1,0,6,2
34945,2,1,6,3
34946,1,2,2,1
34947,0,1,3,1
34948,3,2,8,3
34949,2,1,5,0
34950,3,1,1,1
34951,1,1,2,1
34952,1,0,6,0
34953,2,0,5,0
34954,2,0,3,3
34955,0,1,1,0
34956,2,0,5,0
34957,2,3,2,1
34958,0,0,2,3
34959,2,0,2,0
34960,1,2,1,0
34961,3,3,3,1
34962,3,1,4,0
34963,2,1,5,0
34964,1,0,5,2
34965,3,3,6,4
34966,3,0,3,0
34967,3,3,14,3
34968,1,1,6,0
34969,1,3,1,1
34970,0,1,5,1
34971,1,0,4,1
34972,1,2,1,2
34973,6,2,8,1
34974,1,0,1,0
34975,4,4,5,3
34976,2,1,2,0
34977,0,2,6,3
34978,0,0,1,0
34979,3,2,14,2
34980,3,0,2,0
34981,2,1,4,1
34982,1,2,4,3
34983,0,0,6,0
34984,0,1,3,0
34985,0,3,3,0
34986,0,2,5,1
34987,3,1,2,0
34988,2,0,4,2
34989,0,1,3,2
34990,3,0,2,0
34991,0,1,3,0
34992,7,2,7,2
34993,0,0,4,1
34994,0,1,5,0
34995,0,1,4,1
34996,2,1,3,0
34997,1,0,5,1
34998,0,1,4,1
34999,1,2,3,0
35000,1,0,4,0
35001,2,2,3,2
35002,3,0,3,0
35003,1,2,6,1
35004,0,0,1,2
35005,1,3,1,0
35006,7,3,10,2
35007,5,5,11,3
35008,2,0,5,1
35009,3,0,1,1
35010,0,0,3,0
35011,4,4,14,1
35012,0,0,1,0
35013,2,1,4,0
35014,1,1,1,0
35015,1,1,6,0
35016,0,1,5,1
35017,2,1,2,0
35018,1,0,4,0
35019,1,0,2,0
35020,1,3,13,2
35021,0,3,1,1
35022,1,0,6,3
35023,0,2,5,0
35024,1,0,5,3
35025,4,1,8,1
35026,4,0,4,1
35027,4,0,4,1
35028,2,0,3,0
35029,0,3,3,0
35030,2,3,5,2
35031,4,3,3,2
35032,4,3,11,2
35033,0,0,1,1
35034,2,0,3,0
35035,0,2,3,0
35036,3,3,9,2
35037,1,3,6,0
35038,7,1,6,2
35039,2,3,2,0
35040,4,4,10,0
35041,3,3,11,1
35042,3,1,4,2
35043,3,2,2,2
35044,0,0,1,1
35045,3,1,4,0
35046,4,1,1,0
35047,0,1,2,0
35048,1,1,3,1
35049,2,0,5,0
35050,1,0,5,0
35051,0,2,6,0
35052,0,0,1,0
35053,3,3,10,1
35054,1,0,6,1
35055,8,1,8,4
35056,2,1,5,0
35057,1,0,5,1
35058,2,0,1,1
35059,2,2,5,1
35060,0,0,1,1
35061,3,3,2,0
35062,5,3,8,2
35063,1,1,3,0
35064,1,0,4,0
35065,0,1,3,1
35066,3,5,5,3
35067,1,1,2,1
35068,0,0,2,1
35069,0,0,5,2
35070,1,2,6,0
35071,3,4,5,2
35072,1,2,5,0
35073,0,0,1,0
35074,1,2,3,0
35075,0,1,3,0
35076,0,1,2,1
35077,3,0,6,1
35078,1,2,1,1
35079,0,0,1,1
35080,1,2,6,0
35081,0,3,1,0
35082,2,0,1,0
35083,6,2,13,2
35084,1,0,2,0
35085,5,3,13,1
35086,3,0,2,2
35087,1,2,3,2
35088,1,3,3,1
35089,4,3,6,1
35090,1,0,3,3
35091,0,0,2,1
35092,3,1,5,2
35093,2,2,3,1
35094,2,3,3,2
35095,3,0,6,2
35096,1,0,3,1
35097,4,0,2,0
35098,3,1,4,0
35099,1,1,2,1
35100,6,2,8,0
35101,3,3,13,1
35102,2,2,4,0
35103,1,1,6,0
35104,1,2,6,1
35105,5,2,12,1
35106,0,0,6,1
35107,5,2,7,1
35108,1,0,5,0
35109,6,6,9,1
35110,1,0,2,0
35111,3,0,6,0
35112,3,1,13,1
35113,0,1,3,3
35114,1,1,1,1
35115,7,3,12,1
35116,5,4,13,3
35117,1,0,4,1
35118,0,1,2,3
35119,0,1,1,0
35120,0,1,5,0
35121,2,1,6,1
35122,0,0,1,0
35123,5,4,9,2
35124,1,0,1,0
35125,6,1,14,1
35126,1,1,5,0
35127,2,0,3,1
35128,0,0,2,0
35129,5,2,12,3
35130,1,1,4,0
35131,2,0,6,0
35132,1,1,2,2
35133,2,0,1,1
35134,1,1,1,3
35135,0,1,4,1
35136,1,3,11,2
35137,2,5,11,3
35138,1,1,6,1
35139,0,0,1,2
35140,2,1,3,0
35141,1,2,4,2
35142,4,0,5,0
35143,0,0,5,0
35144,1,2,3,2
35145,1,1,4,1
35146,1,0,3,0
35147,2,0,2,1
35148,7,3,9,2
35149,1,2,4,2
35150,1,0,2,2
35151,4,0,2,1
35152,1,1,5,1
35153,1,1,2,2
35154,2,1,1,0
35155,1,1,5,0
35156,1,1,1,0
35157,1,1,1,1
35158,4,3,3,1
35159,3,1,9,0
35160,4,2,2,1
35161,1,0,6,0
35162,1,0,2,2
35163,1,1,5,0
35164,0,0,2,1
35165,1,0,6,1
35166,0,0,6,0
35167,0,1,4,0
35168,0,0,4,0
35169,0,0,3,0
35170,0,0,5,0
35171,3,3,13,2
35172,0,3,4,0
35173,7,2,5,1
35174,0,2,5,0
35175,6,3,12,1
35176,1,1,5,1
35177,0,0,3,1
35178,0,2,5,0
35179,0,1,1,0
35180,0,0,4,0
35181,2,1,4,2
35182,1,1,4,0
35183,2,2,2,1
35184,1,3,6,2
35185,5,3,12,0
35186,1,0,6,1
35187,0,1,2,0
35188,6,3,5,1
35189,1,1,4,2
35190,5,3,10,1
35191,1,1,4,0
35192,6,3,5,2
35193,0,0,1,0
35194,1,3,4,1
35195,1,0,1,0
35196,1,1,4,0
35197,0,3,3,0
35198,1,0,3,0
35199,0,0,4,0
35200,1,0,5,1
35201,1,1,6,2
35202,4,0,1,0
35203,3,1,5,0
35204,0,0,4,1
35205,0,0,6,3
35206,0,1,4,0
35207,1,2,3,2
35208,5,2,9,1
35209,4,2,2,0
35210,1,0,5,0
35211,1,2,6,0
35212,4,6,14,1
35213,3,0,5,0
35214,7,4,7,2
35215,1,2,3,2
35216,0,2,6,1
35217,1,0,2,1
35218,2,0,3,2
35219,1,0,5,2
35220,7,3,12,3
35221,3,2,8,3
35222,1,0,4,2
35223,1,0,3,0
35224,1,1,3,0
35225,2,1,1,1
35226,0,0,3,1
35227,0,0,4,0
35228,3,0,1,1
35229,3,1,4,0
35230,0,1,3,1
35231,1,1,2,0
35232,2,1,4,2
35233,3,1,4,2
35234,2,0,3,1
35235,4,3,11,1
35236,0,1,4,1
35237,1,0,6,0
35238,2,3,8,3
35239,1,0,4,0
35240,0,0,4,2
35241,2,0,4,0
35242,3,2,4,0
35243,0,3,6,0
35244,3,3,11,2
35245,4,1,5,3
35246,0,2,2,1
35247,2,1,6,1
35248,2,1,5,1
35249,1,0,2,0
35250,1,3,5,0
35251,2,0,3,0
35252,3,1,4,1
35253,3,0,5,1
35254,1,1,6,0
35255,1,5,13,3
35256,0,1,6,0
35257,1,0,5,1
35258,3,2,2,0
35259,2,2,2,1
35260,2,2,6,0
35261,2,1,5,3
35262,1,1,4,0
35263,2,0,6,0
35264,1,1,1,0
35265,4,3,8,2
35266,5,3,11,5
35267,1,0,3,2
35268,3,0,6,1
35269,2,2,13,2
35270,3,0,2,0
35271,4,4,5,2
35272,0,3,3,2
35273,1,0,4,1
35274,1,3,2,1
35275,7,4,8,3
35276,3,2,3,1
35277,2,0,6,1
35278,0,0,4,0
35279,2,0,3,3
35280,3,4,11,3
35281,2,0,1,0
35282,5,1,6,2
35283,1,1,1,0
35284,1,0,2,2
35285,1,1,1,1
35286,3,1,6,0
35287,6,2,10,2
35288,1,0,4,0
35289,1,2,4,2
35290,1,0,2,1
35291,1,1,3,0
35292,2,4,11,1
35293,1,2,3,1
35294,1,2,4,1
35295,2,1,6,0
35296,4,2,9,2
35297,1,0,2,0
35298,1,1,1,0
35299,2,0,1,0
35300,1,1,6,2
35301,0,0,4,1
35302,1,2,5,0
35303,0,1,4,0
35304,1,1,5,2
35305,3,5,9,3
35306,4,0,2,0
35307,0,3,3,1
35308,4,3,12,2
35309,4,4,9,1
35310,4,6,8,3
35311,0,0,5,3
35312,1,0,3,1
35313,2,0,6,0
35314,3,2,3,0
35315,1,2,6,2
35316,0,2,2,1
35317,1,1,2,2
35318,0,1,5,0
35319,0,0,2,1
35320,6,5,13,2
35321,1,0,1,1
35322,1,2,6,1
35323,0,1,5,0
35324,3,1,5,0
35325,2,1,1,1
35326,5,3,9,2
35327,0,1,4,0
35328,2,0,5,0
35329,1,1,2,0
35330,0,3,5,0
35331,0,0,4,1
35332,2,2,1,2
35333,1,1,4,0
35334,3,0,1,3
35335,3,3,4,0
35336,1,0,3,0
35337,0,2,3,1
35338,0,1,4,1
35339,1,2,5,2
35340,4,0,1,1
35341,5,5,10,4
35342,0,1,2,1
35343,1,2,2,1
35344,1,0,6,0
35345,8,3,13,2
35346,1,1,4,0
35347,0,3,1,0
35348,3,0,4,0
35349,3,2,5,0
35350,2,1,1,0
35351,2,0,2,0
35352,1,0,3,0
35353,1,0,2,1
35354,0,1,4,0
35355,0,0,5,2
35356,1,0,2,1
35357,2,1,2,0
35358,0,2,6,1
35359,0,1,4,1
35360,4,4,13,2
35361,2,1,5,1
35362,1,0,4,1
35363,6,3,12,3
35364,1,1,4,0
35365,1,1,6,2
35366,1,1,5,0
35367,0,0,1,3
35368,2,2,6,0
35369,2,0,4,1
35370,1,1,1,0
35371,0,1,4,0
35372,3,0,5,1
35373,0,0,6,0
35374,2,0,2,0
35375,1,2,5,0
35376,1,0,1,1
35377,1,2,12,2
35378,1,2,6,0
35379,0,1,3,0
35380,1,0,3,1
35381,1,0,1,1
35382,3,0,5,1
35383,1,1,2,0
35384,0,2,2,0
35385,6,4,9,3
35386,0,0,1,2
35387,1,2,1,0
35388,1,2,1,1
35389,1,2,4,0
35390,1,1,4,0
35391,0,0,1,2
35392,1,1,2,0
35393,0,0,5,1
35394,1,0,1,0
35395,0,0,3,0
35396,1,0,1,0
35397,2,1,5,0
35398,2,2,6,1
35399,1,1,6,0
35400,0,2,1,2
35401,2,1,6,3
35402,0,0,2,0
35403,3,0,2,0
35404,4,4,5,1
35405,0,3,4,0
35406,1,0,6,0
35407,0,1,2,1
35408,0,1,6,2
35409,0,3,6,1
35410,0,1,5,0
35411,3,3,4,0
35412,1,2,2,0
35413,1,5,5,2
35414,2,1,6,0
35415,0,0,1,3
35416,4,2,9,4
35417,4,2,5,0
35418,1,0,4,1
35419,8,3,5,2
35420,3,0,6,1
35421,2,3,2,0
35422,0,0,5,0
35423,1,3,6,1
35424,0,1,1,1
35425,4,3,13,3
35426,2,1,5,0
35427,0,1,3,0
35428,2,3,4,0
35429,0,1,5,3
35430,0,1,6,0
35431,0,0,4,1
35432,0,0,5,0
35433,2,0,1,1
35434,4,4,13,1
35435,0,1,5,1
35436,0,0,3,2
35437,5,2,10,2
35438,0,3,1,0
35439,3,0,2,0
35440,0,1,5,1
35441,1,1,6,2
35442,0,3,6,0
35443,4,1,6,1
35444,4,2,5,0
35445,3,0,5,0
35446,2,1,2,3
35447,0,2,5,1
35448,0,1,2,0
35449,2,0,5,2
35450,0,1,4,1
35451,0,1,3,1
35452,1,1,1,0
35453,1,1,2,0
35454,2,3,1,2
35455,7,2,13,2
35456,2,1,1,0
35457,1,4,6,2
35458,1,2,6,1
35459,2,1,3,0
35460,2,0,4,0
35461,1,2,3,1
35462,3,2,2,1
35463,1,1,1,2
35464,4,2,14,2
35465,1,2,2,2
35466,1,0,3,1
35467,4,1,6,2
35468,2,1,5,1
35469,2,0,3,0
35470,3,2,5,1
35471,1,0,5,0
35472,1,0,6,2
35473,0,1,2,1
35474,1,0,6,0
35475,3,4,13,3
35476,1,1,5,0
35477,1,2,3,0
35478,3,0,6,3
35479,2,2,3,1
35480,0,0,6,0
35481,1,1,6,2
35482,1,0,4,0
35483,0,0,5,0
35484,1,0,3,1
35485,3,1,1,1
35486,0,0,5,0
35487,2,3,4,1
35488,1,2,6,0
35489,1,4,8,2
35490,2,5,12,1
35491,2,0,5,1
35492,0,0,5,0
35493,3,3,14,2
35494,0,0,3,3
35495,4,2,14,1
35496,1,1,2,0
35497,0,2,4,3
35498,5,2,5,0
35499,1,2,3,0
35500,0,1,6,1
35501,4,2,4,0
35502,4,0,1,0
35503,1,2,2,1
35504,3,0,2,1
35505,0,2,1,2
35506,0,3,1,1
35507,4,1,2,0
35508,0,1,5,1
35509,0,0,6,0
35510,0,1,5,1
35511,0,0,2,0
35512,1,2,1,1
35513,1,1,3,1
35514,1,0,4,0
35515,0,1,6,1
35516,0,0,6,1
35517,0,0,3,1
35518,0,3,5,3
35519,1,1,2,1
35520,0,2,4,0
35521,2,1,2,1
35522,0,1,6,2
35523,0,0,3,0
35524,2,0,3,1
35525,0,1,2,1
35526,1,1,4,1
35527,4,0,1,2
35528,1,0,1,2
35529,1,0,6,2
35530,0,1,4,0
35531,0,3,1,1
35532,3,4,10,3
35533,3,2,6,2
35534,0,0,6,2
35535,2,3,3,3
35536,0,1,1,0
35537,2,1,6,1
35538,2,0,4,2
35539,0,0,3,0
35540,4,2,5,0
35541,1,1,6,0
35542,1,1,3,1
35543,2,0,2,1
35544,0,3,4,0
35545,1,1,5,2
35546,3,1,5,0
35547,1,1,4,0
35548,1,1,6,0
35549,0,0,4,1
35550,4,1,3,0
35551,2,3,6,3
35552,1,0,6,0
35553,3,3,13,1
35554,1,0,6,0
35555,2,0,2,1
35556,1,1,2,2
35557,0,3,4,0
35558,6,5,13,3
35559,0,2,3,3
35560,0,2,1,0
35561,0,0,3,0
35562,0,2,3,1
35563,0,0,4,1
35564,1,0,4,0
35565,0,0,6,0
35566,1,2,4,1
35567,0,2,2,1
35568,4,1,2,1
35569,1,1,6,1
35570,3,2,9,0
35571,1,1,3,0
35572,4,4,10,3
35573,4,2,9,2
35574,2,1,1,1
35575,3,2,5,0
35576,0,1,6,1
35577,1,0,3,0
35578,2,1,5,1
35579,3,5,11,1
35580,1,1,2,0
35581,2,2,5,2
35582,1,0,2,1
35583,0,0,6,3
35584,1,1,6,2
35585,1,1,1,2
35586,3,4,11,4
35587,1,1,4,0
35588,3,2,5,3
35589,3,2,1,0
35590,2,0,3,0
35591,0,1,6,0
35592,4,5,7,2
35593,3,2,14,0
35594,1,1,5,0
35595,1,1,4,0
35596,1,1,5,1
35597,0,1,1,0
35598,1,0,1,0
35599,3,0,3,0
35600,0,0,5,0
35601,2,1,6,3
35602,1,4,12,3
35603,2,1,6,0
35604,2,2,1,2
35605,0,1,1,1
35606,0,0,1,1
35607,1,1,4,3
35608,3,0,1,1
35609,3,1,4,0
35610,1,1,4,0
35611,0,1,5,2
35612,1,1,5,0
35613,1,0,2,0
35614,1,1,1,0
35615,1,1,3,0
35616,2,0,1,2
35617,3,1,2,2
35618,0,1,5,0
35619,0,0,2,2
35620,0,0,2,0
35621,0,2,1,2
35622,0,1,1,0
35623,1,3,13,2
35624,2,0,3,0
35625,1,1,4,2
35626,0,1,5,1
35627,4,0,1,0
35628,3,4,6,4
35629,1,1,3,1
35630,0,1,3,0
35631,2,4,7,3
35632,4,1,3,0
35633,1,2,5,3
35634,1,0,1,1
35635,3,0,4,2
35636,2,2,7,1
35637,4,0,3,1
35638,0,2,2,0
35639,0,1,1,1
35640,2,0,1,2
35641,7,1,5,0
35642,0,2,1,0
35643,4,2,13,2
35644,1,1,2,0
35645,1,1,3,1
35646,5,2,7,1
35647,4,3,5,1
35648,4,5,6,1
35649,1,0,5,0
35650,0,2,6,0
35651,1,2,5,3
35652,1,0,2,1
35653,4,0,4,0
35654,8,2,13,2
35655,7,2,12,0
35656,0,0,3,0
35657,2,1,6,0
35658,3,3,6,1
35659,2,0,3,1
35660,4,3,12,2
35661,5,3,5,2
35662,1,0,6,1
35663,4,0,1,2
35664,2,1,3,0
35665,2,1,2,0
35666,1,1,6,0
35667,3,4,9,2
35668,3,2,2,1
35669,4,0,6,2
35670,1,0,2,1
35671,1,2,6,0
35672,1,2,4,0
35673,4,6,14,1
35674,0,1,5,0
35675,4,5,9,2
35676,3,2,5,2
35677,1,0,2,0
35678,1,0,3,0
35679,1,1,5,0
35680,2,0,2,0
35681,1,1,1,0
35682,0,0,6,1
35683,0,1,4,1
35684,0,0,6,1
35685,4,3,10,2
35686,1,0,4,0
35687,2,2,1,1
35688,1,0,5,0
35689,4,5,8,3
35690,2,2,3,0
35691,0,1,4,1
35692,1,1,2,1
35693,1,0,4,1
35694,0,1,1,1
35695,1,1,5,1
35696,2,0,2,3
35697,4,4,12,1
35698,2,1,6,2
35699,2,1,4,1
35700,3,2,1,0
35701,4,3,3,2
35702,2,1,6,2
35703,3,1,3,1
35704,0,3,3,1
35705,2,2,2,0
35706,1,0,6,3
35707,3,2,9,1
35708,4,0,6,0
35709,0,0,1,0
35710,0,0,5,1
35711,1,1,5,1
35712,1,1,2,2
35713,0,1,5,0
35714,1,3,1,2
35715,1,1,6,0
35716,1,1,1,1
35717,4,3,3,0
35718,0,1,5,0
35719,3,0,5,2
35720,2,0,2,1
35721,1,0,4,1
35722,0,2,2,1
35723,0,2,5,1
35724,0,0,3,1
35725,2,2,2,2
35726,1,1,5,0
35727,1,0,6,1
35728,1,2,6,0
35729,3,1,2,2
35730,3,1,6,0
35731,2,0,2,0
35732,1,0,6,0
35733,0,0,6,1
35734,3,4,11,3
35735,1,1,3,0
35736,3,4,7,3
35737,2,0,6,2
35738,6,3,6,0
35739,2,1,5,1
35740,0,1,4,3
35741,5,6,7,5
35742,1,0,2,0
35743,3,1,3,0
35744,0,1,6,1
35745,0,3,5,2
35746,2,2,3,0
35747,4,1,7,1
35748,0,1,2,1
35749,1,2,5,0
35750,0,1,2,0
35751,2,2,2,0
35752,0,3,1,3
35753,4,4,8,2
35754,2,2,6,1
35755,0,3,4,1
35756,1,0,3,1
35757,0,0,5,1
35758,1,1,3,1
35759,1,0,5,0
35760,1,2,5,3
35761,2,0,3,0
35762,1,1,3,0
35763,5,2,11,1
35764,0,2,1,1
35765,0,0,4,1
35766,2,1,5,3
35767,1,1,1,0
35768,0,0,5,1
35769,4,1,5,1
35770,2,0,6,0
35771,2,1,2,1
35772,2,0,3,2
35773,0,0,6,2
35774,0,0,5,0
35775,1,0,4,0
35776,2,0,4,1
35777,1,1,3,0
35778,2,2,4,3
35779,4,0,2,0
35780,0,0,3,1
35781,0,0,2,1
35782,1,2,5,0
35783,0,0,3,1
35784,2,3,1,2
35785,1,2,2,0
35786,2,0,2,3
35787,2,2,3,3
35788,4,3,7,3
35789,1,1,1,0
35790,1,0,2,1
35791,0,1,2,0
35792,0,2,3,0
35793,2,0,5,2
35794,3,1,10,2
35795,0,1,4,0
35796,0,2,2,0
35797,1,1,3,1
35798,5,1,14,3
35799,1,0,5,0
35800,0,1,4,2
35801,0,0,4,1
35802,3,5,14,1
35803,7,3,5,3
35804,0,2,1,2
35805,2,3,2,2
35806,2,2,4,2
35807,3,1,3,0
35808,1,1,6,2
35809,2,1,6,0
35810,2,0,4,2
35811,1,2,1,2
35812,2,3,2,1
35813,3,0,3,0
35814,4,2,6,0
35815,3,0,5,0
35816,1,1,3,2
35817,6,2,13,2
35818,1,0,3,1
35819,3,3,9,2
35820,3,0,3,2
35821,0,1,2,0
35822,2,2,4,1
35823,0,1,5,0
35824,4,2,6,2
35825,0,0,3,3
35826,1,0,2,0
35827,2,5,12,0
35828,0,1,1,0
35829,1,0,4,1
35830,2,2,1,0
35831,4,4,14,4
35832,3,2,1,2
35833,3,4,6,2
35834,1,1,1,0
35835,0,1,5,0
35836,1,0,4,0
35837,0,3,4,0
35838,2,1,3,0
35839,1,1,4,1
35840,0,0,5,2
35841,1,1,3,0
35842,3,0,1,1
35843,0,0,3,0
35844,3,3,5,4
35845,6,6,9,2
35846,1,2,2,0
35847,1,3,1,0
35848,0,0,6,0
35849,0,0,6,0
35850,2,0,2,1
35851,0,0,5,0
35852,2,1,2,0
35853,1,1,6,0
35854,1,1,1,0
35855,2,2,5,0
35856,6,2,5,2
35857,0,1,6,0
35858,4,1,5,0
35859,0,0,2,3
35860,1,0,6,0
35861,1,3,5,0
35862,0,3,6,1
35863,0,0,4,2
35864,0,2,6,1
35865,0,0,1,0
35866,1,1,5,0
35867,5,3,9,2
35868,2,1,1,0
35869,1,2,3,2
35870,2,1,2,0
35871,1,0,6,2
35872,0,2,3,0
35873,4,1,6,1
35874,6,4,5,1
35875,0,0,1,0
35876,0,3,6,1
35877,4,0,4,1
35878,2,3,2,0
35879,3,4,8,2
35880,5,1,12,2
35881,1,0,1,1
35882,4,2,14,2
35883,2,1,2,2
35884,2,1,5,0
35885,0,2,5,3
35886,4,1,2,1
35887,3,1,6,0
35888,0,1,3,2
35889,1,0,1,2
35890,1,0,2,0
35891,5,5,13,2
35892,1,0,5,2
35893,1,0,1,1
35894,3,2,3,1
35895,4,5,12,2
35896,3,3,7,1
35897,3,6,12,2
35898,0,1,6,0
35899,1,0,6,0
35900,5,2,14,2
35901,1,0,1,1
35902,2,0,6,1
35903,4,3,8,1
35904,2,0,5,2
35905,4,4,10,3
35906,3,2,10,0
35907,3,1,4,3
35908,4,4,12,2
35909,2,2,2,0
35910,2,0,2,0
35911,0,2,6,0
35912,3,0,6,1
35913,0,0,2,3
35914,1,0,5,0
35915,5,2,12,4
35916,1,2,3,3
35917,5,3,7,3
35918,0,0,1,2
35919,3,4,9,2
35920,1,1,3,0
35921,2,1,1,0
35922,0,0,3,0
35923,1,2,3,0
35924,2,1,2,1
35925,0,1,2,0
35926,0,0,6,3
35927,0,3,4,0
35928,1,0,4,0
35929,3,1,1,1
35930,0,1,3,2
35931,3,3,11,3
35932,0,0,4,1
35933,2,1,3,0
35934,0,0,5,2
35935,3,1,2,1
35936,1,2,3,2
35937,1,0,5,0
35938,0,2,6,0
35939,0,1,3,1
35940,1,2,6,1
35941,4,4,9,4
35942,1,0,2,3
35943,1,1,1,0
35944,1,3,3,2
35945,4,3,2,1
35946,0,0,3,0
35947,1,0,2,0
35948,3,0,2,0
35949,0,1,1,2
35950,5,2,13,2
35951,0,0,1,2
35952,3,2,2,1
35953,3,0,6,1
35954,0,1,3,0
35955,0,1,5,2
35956,2,1,3,1
35957,0,0,6,0
35958,0,2,4,0
35959,3,2,1,0
35960,2,1,6,0
35961,0,2,1,0
35962,1,0,4,1
35963,0,0,5,0
35964,2,1,3,1
35965,0,1,6,0
35966,3,0,2,0
35967,0,0,2,0
35968,2,0,3,1
35969,3,2,6,1
35970,5,4,7,1
35971,1,0,3,0
35972,4,1,5,2
35973,5,3,8,3
35974,3,0,5,3
35975,7,6,5,1
35976,5,1,5,2
35977,1,1,1,1
35978,5,4,10,2
35979,1,1,5,2
35980,1,0,1,2
35981,2,0,4,1
35982,1,1,4,3
35983,0,1,4,1
35984,2,2,6,0
35985,1,1,2,1
35986,1,0,2,1
35987,2,0,3,0
35988,2,1,6,0
35989,1,1,3,0
35990,5,3,8,2
35991,0,0,4,2
35992,2,0,4,1
35993,1,0,5,2
35994,4,3,13,2
35995,3,4,6,1
35996,2,1,5,0
35997,0,3,2,1
35998,0,0,5,0
35999,2,2,3,1
36000,0,0,3,1
36001,0,0,1,0
36002,1,0,6,2
36003,1,1,6,0
36004,3,3,11,3
36005,6,3,9,1
36006,4,2,4,1
36007,3,2,6,0
36008,1,2,4,2
36009,3,0,5,1
36010,3,1,4,2
36011,0,1,3,2
36012,3,1,2,2
36013,1,0,1,0
36014,1,0,2,0
36015,0,2,1,0
36016,4,3,14,3
36017,4,6,10,5
36018,0,1,4,0
36019,1,0,4,3
36020,4,3,2,1
36021,0,1,2,1
36022,1,0,3,2
36023,0,1,1,0
36024,1,1,1,0
36025,2,2,7,4
36026,4,0,6,1
36027,3,3,11,1
36028,1,1,1,0
36029,1,0,3,1
36030,4,0,3,2
36031,1,0,3,0
36032,3,0,3,0
36033,0,0,5,0
36034,1,3,6,2
36035,4,3,13,2
36036,2,2,6,1
36037,4,2,7,1
36038,0,3,3,0
36039,0,1,2,0
36040,2,0,3,1
36041,4,2,12,5
36042,2,0,4,0
36043,0,0,6,2
36044,2,1,3,0
36045,3,1,2,3
36046,1,0,6,0
36047,1,1,4,1
36048,1,1,2,0
36049,1,3,13,1
36050,2,0,5,0
36051,1,1,2,1
36052,0,2,4,1
36053,1,0,2,1
36054,1,2,3,2
36055,1,1,4,2
36056,0,0,3,1
36057,4,2,12,5
36058,1,2,4,1
36059,2,2,5,0
36060,0,3,6,0
36061,1,2,2,0
36062,4,1,13,3
36063,1,1,2,2
36064,1,1,5,0
36065,4,2,2,0
36066,4,0,1,1
36067,2,1,4,1
36068,0,1,1,2
36069,2,0,4,0
36070,1,0,4,0
36071,1,0,2,2
36072,2,0,5,3
36073,2,2,4,2
36074,1,1,9,1
36075,4,1,2,2
36076,0,1,1,0
36077,3,1,1,0
36078,2,1,2,1
36079,2,0,5,0
36080,2,2,2,2
36081,1,0,4,2
36082,5,6,13,1
36083,1,0,3,0
36084,0,3,3,2
36085,4,1,6,0
36086,1,3,2,1
36087,1,1,3,1
36088,1,0,5,3
36089,0,3,2,0
36090,1,1,1,0
36091,3,1,4,2
36092,0,0,3,1
36093,1,2,5,1
36094,1,2,4,0
36095,4,0,4,0
36096,1,1,1,0
36097,4,2,10,3
36098,2,0,4,3
36099,6,4,13,3
36100,1,0,5,1
36101,0,1,4,2
36102,0,1,6,2
36103,1,1,4,2
36104,1,1,3,1
36105,4,6,5,5
36106,2,1,4,0
36107,7,3,11,1
36108,2,4,12,0
36109,1,3,6,2
36110,0,1,1,1
36111,2,0,1,0
36112,4,2,9,1
36113,2,3,6,0
36114,4,1,1,2
36115,3,1,14,3
36116,1,0,6,1
36117,3,4,8,2
36118,2,0,5,1
36119,2,0,4,0
36120,4,5,6,4
36121,6,5,7,2
36122,0,1,1,0
36123,2,1,5,0
36124,4,1,2,1
36125,7,1,8,3
36126,4,4,6,4
36127,0,0,2,2
36128,1,0,5,0
36129,1,0,2,1
36130,7,2,14,2
36131,1,0,1,0
36132,1,1,6,0
36133,3,0,3,1
36134,0,0,2,0
36135,1,0,5,1
36136,1,1,3,2
36137,3,2,14,3
36138,2,1,4,0
36139,1,1,6,1
36140,2,3,2,0
36141,1,1,4,3
36142,2,3,13,4
36143,5,4,8,1
36144,3,2,7,2
36145,3,1,12,2
36146,0,0,5,1
36147,4,0,6,1
36148,1,0,5,2
36149,0,1,2,2
36150,0,1,5,1
36151,3,4,9,2
36152,5,4,10,1
36153,0,0,4,2
36154,3,3,14,1
36155,1,0,3,1
36156,2,1,2,1
36157,1,2,5,3
36158,3,0,4,1
36159,1,2,1,1
36160,0,1,5,0
36161,3,0,3,1
36162,0,0,2,0
36163,1,1,3,0
36164,4,3,6,0
36165,5,3,7,3
36166,2,0,6,0
36167,0,1,3,0
36168,1,0,3,0
36169,2,1,3,3
36170,0,0,6,0
36171,2,1,1,1
36172,7,2,6,2
36173,3,0,6,0
36174,3,1,1,1
36175,0,0,5,0
36176,2,3,6,1
36177,1,1,3,0
36178,5,4,7,2
36179,4,2,8,2
36180,5,4,6,3
36181,3,6,6,1
36182,4,1,14,1
36183,0,0,1,1
36184,1,2,1,0
36185,2,0,3,0
36186,4,5,14,0
36187,1,0,6,0
36188,5,2,6,1
36189,1,0,1,0
36190,3,6,7,2
36191,4,0,6,2
36192,0,1,2,1
36193,2,1,2,0
36194,1,2,3,0
36195,1,2,5,0
36196,3,0,3,0
36197,0,0,2,0
36198,1,5,6,3
36199,8,4,13,2
36200,2,5,13,2
36201,1,0,1,1
36202,1,2,1,0
36203,0,0,2,0
36204,1,1,6,0
36205,3,3,3,0
36206,3,3,9,3
36207,0,0,6,1
36208,1,0,5,2
36209,2,3,1,1
36210,2,0,6,0
36211,3,3,8,0
36212,0,2,3,0
36213,2,1,6,0
36214,4,4,6,2
36215,4,1,7,2
36216,0,1,1,0
36217,2,0,4,0
36218,2,0,2,0
36219,5,3,6,1
36220,1,1,4,2
36221,4,3,10,1
36222,1,1,4,2
36223,2,1,3,2
36224,3,0,1,0
36225,1,1,4,0
36226,1,1,2,2
36227,2,3,6,2
36228,2,0,3,0
36229,3,3,6,2
36230,2,0,3,0
36231,0,2,6,3
36232,3,1,6,0
36233,1,1,5,1
36234,1,1,2,1
36235,0,1,5,2
36236,0,0,4,1
36237,1,1,4,0
36238,3,1,9,2
36239,1,2,6,0
36240,1,2,4,1
36241,0,3,3,0
36242,3,6,8,0
36243,1,0,3,2
36244,3,3,12,2
36245,1,0,1,0
36246,3,3,6,1
36247,8,3,6,3
36248,0,3,6,0
36249,1,0,1,0
36250,5,4,7,3
36251,1,0,1,0
36252,1,2,1,0
36253,2,0,1,1
36254,1,1,2,0
36255,1,0,5,2
36256,3,3,2,1
36257,0,3,2,0
36258,7,3,12,2
36259,1,0,5,0
36260,0,1,4,1
36261,4,0,1,1
36262,6,2,12,2
36263,1,1,1,0
36264,1,0,1,0
36265,0,2,1,3
36266,3,4,8,0
36267,1,1,6,2
36268,2,0,6,1
36269,8,3,6,5
36270,0,1,5,0
36271,0,2,4,1
36272,1,2,6,1
36273,2,4,14,2
36274,2,1,5,0
36275,1,1,5,1
36276,1,1,5,1
36277,0,1,3,0
36278,2,1,1,0
36279,1,0,3,1
36280,0,1,3,0
36281,3,2,8,4
36282,1,2,4,1
36283,1,3,1,1
36284,1,3,5,0
36285,0,0,6,1
36286,2,1,6,1
36287,2,0,2,1
36288,1,0,5,0
36289,3,3,12,2
36290,3,0,6,0
36291,2,2,2,0
36292,0,3,2,0
36293,1,0,2,1
36294,2,1,5,1
36295,0,1,4,1
36296,1,1,3,0
36297,2,3,12,2
36298,3,3,6,4
36299,0,1,6,0
36300,8,4,6,4
36301,0,0,4,0
36302,1,3,5,0
36303,3,0,6,0
36304,1,1,3,2
36305,1,1,5,2
36306,1,1,3,0
36307,2,1,4,0
36308,0,1,4,0
36309,4,2,7,1
36310,1,0,6,0
36311,0,0,3,1
36312,2,4,12,1
36313,3,1,5,1
36314,0,2,2,2
36315,0,0,1,0
36316,6,3,14,2
36317,6,1,13,3
36318,1,0,1,2
36319,0,2,3,0
36320,1,1,3,0
36321,1,2,1,1
36322,5,3,7,0
36323,1,1,4,1
36324,1,1,6,0
36325,0,1,4,2
36326,1,0,6,0
36327,0,1,6,0
36328,2,1,3,2
36329,3,1,4,1
36330,3,3,1,1
36331,0,1,2,1
36332,1,0,5,1
36333,1,3,1,0
36334,1,4,9,1
36335,1,2,7,2
36336,8,4,9,1
36337,1,2,2,0
36338,1,0,4,0
36339,2,2,3,1
36340,7,2,8,1
36341,0,2,3,1
36342,0,1,3,0
36343,1,0,2,1
36344,2,1,6,1
36345,0,3,3,0
36346,1,1,1,0
36347,0,3,6,0
36348,1,1,4,1
36349,2,1,5,1
36350,0,0,1,1
36351,1,1,3,0
36352,1,2,9,3
36353,1,3,5,0
36354,2,0,6,1
36355,0,0,6,0
36356,5,4,7,2
36357,1,0,4,1
36358,0,1,4,0
36359,0,3,3,0
36360,1,0,1,0
36361,0,0,6,0
36362,4,1,14,1
36363,1,0,3,0
36364,3,0,4,0
36365,1,1,6,0
36366,0,0,6,0
36367,5,6,8,3
36368,2,0,1,0
36369,1,0,5,0
36370,2,3,5,2
36371,2,1,4,0
36372,2,3,8,2
36373,2,1,6,1
36374,0,0,4,1
36375,1,0,3,1
36376,0,2,5,0
36377,3,3,5,0
36378,2,0,3,0
36379,2,0,2,0
36380,2,1,2,1
36381,0,0,5,1
36382,0,0,3,1
36383,1,0,2,3
36384,2,2,4,0
36385,1,1,5,1
36386,3,1,5,0
36387,1,1,8,1
36388,4,1,1,1
36389,2,0,2,1
36390,3,1,4,1
36391,6,3,7,1
36392,2,0,2,2
36393,1,0,3,0
36394,1,2,4,2
36395,2,1,3,1
36396,4,3,10,1
36397,0,2,3,0
36398,3,2,4,2
36399,3,0,2,2
36400,1,1,6,1
36401,0,1,5,0
36402,1,2,7,4
36403,8,3,10,2
36404,1,1,2,0
36405,0,1,6,1
36406,1,3,5,1
36407,4,1,6,0
36408,3,1,3,1
36409,3,5,5,2
36410,3,2,5,3
36411,0,1,5,1
36412,1,0,2,1
36413,4,0,1,0
36414,2,3,5,0
36415,5,5,7,1
36416,2,0,4,0
36417,0,1,3,1
36418,0,0,2,1
36419,3,1,3,0
36420,0,0,2,0
36421,1,3,4,2
36422,1,0,5,1
36423,1,1,2,1
36424,4,1,4,1
36425,1,1,4,0
36426,0,0,4,0
36427,3,1,2,1
36428,1,0,5,0
36429,1,0,3,0
36430,4,3,2,1
36431,0,0,1,0
36432,2,0,4,2
36433,4,2,5,0
36434,2,2,4,1
36435,3,2,5,0
36436,3,3,13,1
36437,3,3,13,3
36438,0,2,2,2
36439,1,3,6,0
36440,0,2,2,0
36441,0,0,1,1
36442,2,1,2,0
36443,2,0,3,0
36444,4,0,6,0
36445,2,0,3,2
36446,3,1,5,0
36447,0,0,6,1
36448,2,0,3,0
36449,3,0,6,0
36450,0,0,4,1
36451,1,3,6,0
36452,0,0,6,1
36453,5,5,10,2
36454,3,3,5,0
36455,3,1,3,1
36456,1,0,2,0
36457,1,0,1,0
36458,0,1,3,1
36459,0,0,5,0
36460,5,1,14,1
36461,8,5,11,1
36462,4,4,13,1
36463,0,1,3,1
36464,2,2,1,0
36465,1,2,6,0
36466,1,0,2,0
36467,8,4,11,1
36468,1,0,2,0
36469,1,3,6,3
36470,2,0,6,0
36471,1,1,4,1
36472,2,1,5,1
36473,2,2,6,0
36474,2,2,2,0
36475,0,1,2,1
36476,0,2,3,1
36477,5,6,11,2
36478,4,3,10,5
36479,1,0,3,2
36480,2,1,2,1
36481,1,0,4,1
36482,0,0,6,0
36483,2,0,6,0
36484,4,1,4,0
36485,0,0,2,0
36486,1,0,2,1
36487,1,2,3,0
36488,3,1,11,5
36489,1,2,2,1
36490,2,3,3,2
36491,1,2,4,2
36492,2,3,4,0
36493,2,0,1,3
36494,1,0,1,0
36495,4,2,2,1
36496,1,3,3,1
36497,1,2,5,0
36498,1,1,2,0
36499,3,4,6,1
36500,5,6,11,2
36501,1,0,5,0
36502,1,2,2,0
36503,1,0,1,0
36504,3,1,6,1
36505,3,4,6,1
36506,3,5,6,3
36507,2,6,8,4
36508,1,1,5,0
36509,0,0,4,0
36510,4,2,9,1
36511,1,1,5,1
36512,1,0,5,0
36513,1,2,3,0
36514,1,2,1,0
36515,3,0,1,1
36516,0,1,2,0
36517,0,1,1,2
36518,1,1,4,1
36519,2,1,9,3
36520,0,3,4,0
36521,3,2,7,3
36522,1,0,2,1
36523,5,3,12,1
36524,3,3,11,2
36525,1,0,5,0
36526,0,0,4,1
36527,3,0,4,3
36528,6,1,11,1
36529,1,2,1,0
36530,0,0,2,0
36531,3,0,6,2
36532,1,2,3,1
36533,0,0,3,0
36534,7,4,11,2
36535,0,1,5,0
36536,4,3,7,2
36537,2,0,4,3
36538,1,2,2,2
36539,2,0,1,1
36540,1,0,3,2
36541,1,1,6,1
36542,4,4,5,3
36543,8,2,6,2
36544,1,1,3,0
36545,1,2,5,3
36546,2,2,6,1
36547,0,0,6,0
36548,3,1,3,1
36549,3,1,2,0
36550,0,1,2,0
36551,7,5,13,3
36552,2,1,4,2
36553,2,2,2,3
36554,1,1,3,2
36555,0,1,1,0
36556,2,2,2,0
36557,0,0,6,0
36558,1,3,5,1
36559,1,0,6,0
36560,1,0,4,1
36561,0,0,2,1
36562,4,2,11,2
36563,2,0,5,2
36564,3,2,4,0
36565,0,0,1,1
36566,3,3,3,1
36567,0,1,2,1
36568,1,0,3,2
36569,0,0,1,1
36570,4,3,6,5
36571,0,1,2,2
36572,0,0,6,1
36573,2,0,2,0
36574,3,1,12,1
36575,5,3,10,2
36576,0,2,6,0
36577,1,5,13,1
36578,4,4,5,0
36579,1,0,1,1
36580,3,2,3,0
36581,0,0,1,0
36582,4,3,6,0
36583,3,0,1,2
36584,1,0,3,0
36585,0,1,3,1
36586,5,2,12,3
36587,2,1,1,0
36588,1,3,1,0
36589,0,2,4,0
36590,8,2,7,3
36591,0,0,3,0
36592,2,2,1,0
36593,3,5,12,2
36594,0,1,4,1
36595,4,4,6,1
36596,1,2,4,1
36597,0,1,5,2
36598,0,0,3,2
36599,3,4,11,2
36600,1,1,4,0
36601,0,1,5,0
36602,5,2,9,3
36603,4,1,6,2
36604,1,1,2,0
36605,0,0,5,0
36606,1,1,6,1
36607,0,0,6,1
36608,3,3,14,1
36609,1,2,5,1
36610,1,1,5,0
36611,0,1,4,3
36612,1,1,4,0
36613,0,2,5,1
36614,3,0,4,0
36615,3,1,3,0
36616,1,1,6,0
36617,0,0,6,0
36618,1,0,3,0
36619,3,2,13,0
36620,0,2,3,0
36621,4,5,5,1
36622,0,1,2,0
36623,0,2,6,1
36624,4,1,4,0
36625,0,0,1,0
36626,0,1,1,1
36627,3,0,1,1
36628,3,1,5,1
36629,1,1,8,2
36630,0,1,4,0
36631,2,1,2,1
36632,1,0,2,0
36633,1,3,6,1
36634,3,0,4,2
36635,4,3,8,3
36636,0,2,4,0
36637,1,0,6,1
36638,2,1,5,1
36639,6,3,5,3
36640,0,2,5,0
36641,2,2,5,0
36642,5,1,5,1
36643,0,3,4,0
36644,0,0,3,2
36645,2,3,1,1
36646,3,2,11,1
36647,2,0,3,1
36648,1,0,4,1
36649,2,6,13,1
36650,1,0,6,2
36651,1,0,3,0
36652,2,3,4,2
36653,2,0,4,0
36654,1,3,5,0
36655,1,1,2,3
36656,3,3,11,4
36657,4,2,12,1
36658,4,3,1,0
36659,1,1,2,2
36660,0,2,5,2
36661,1,1,4,2
36662,1,0,2,0
36663,0,1,6,2
36664,1,0,6,2
36665,2,2,4,0
36666,2,2,12,1
36667,1,2,1,0
36668,0,0,6,3
36669,1,1,6,0
36670,0,0,5,2
36671,0,2,5,1
36672,4,1,6,4
36673,3,1,2,0
36674,1,1,6,1
36675,0,1,1,0
36676,2,3,3,0
36677,1,1,5,3
36678,0,3,4,3
36679,1,1,2,2
36680,1,1,3,1
36681,0,0,4,0
36682,3,2,8,3
36683,4,4,13,5
36684,1,1,3,0
36685,7,3,14,4
36686,0,2,2,0
36687,4,6,7,2
36688,1,0,5,1
36689,1,1,1,3
36690,3,1,3,1
36691,1,0,6,2
36692,0,0,2,0
36693,0,0,1,0
36694,3,1,5,0
36695,5,1,14,4
36696,3,0,6,1
36697,2,2,9,2
36698,1,1,2,1
36699,0,0,2,2
36700,0,1,1,0
36701,2,0,5,0
36702,1,2,4,2
36703,6,3,14,2
36704,0,2,6,0
36705,0,0,3,0
36706,0,0,2,0
36707,6,4,10,1
36708,3,4,11,3
36709,0,3,5,0
36710,0,1,1,2
36711,2,1,2,0
36712,0,1,6,0
36713,0,0,6,2
36714,1,3,1,0
36715,0,1,5,0
36716,5,3,5,1
36717,0,1,6,2
36718,0,2,2,1
36719,1,1,3,0
36720,0,0,3,0
36721,3,3,1,1
36722,4,1,13,2
36723,5,6,5,1
36724,0,0,5,1
36725,0,2,1,0
36726,1,1,2,2
36727,1,1,5,1
36728,1,0,4,1
36729,0,0,5,0
36730,1,1,2,0
36731,5,3,14,2
36732,0,0,1,1
36733,2,1,5,0
36734,0,2,1,2
36735,0,1,2,2
36736,1,2,5,0
36737,1,0,4,1
36738,6,3,11,1
36739,3,1,4,2
36740,2,0,2,1
36741,4,0,5,0
36742,5,4,14,1
36743,0,0,5,1
36744,3,2,7,2
36745,0,1,6,0
36746,1,3,12,1
36747,0,0,2,0
36748,1,0,4,1
36749,5,2,10,1
36750,0,2,4,0
36751,2,2,2,2
36752,0,2,5,1
36753,6,5,7,2
36754,0,2,1,1
36755,1,2,4,3
36756,1,1,2,0
36757,7,6,10,2
36758,6,5,8,4
36759,3,2,13,2
36760,4,3,6,1
36761,3,4,13,1
36762,4,3,3,1
36763,3,0,2,0
36764,4,2,9,1
36765,0,0,5,2
36766,2,3,1,0
36767,0,1,4,0
36768,0,2,6,0
36769,4,1,9,1
36770,4,1,2,0
36771,0,0,3,2
36772,3,2,5,2
36773,1,1,2,0
36774,2,0,4,0
36775,2,1,4,2
36776,2,3,3,0
36777,4,4,6,1
36778,0,0,2,0
36779,0,1,5,0
36780,4,3,7,2
36781,3,3,9,2
36782,4,1,4,2
36783,1,3,1,0
36784,3,3,3,0
36785,0,0,2,2
36786,0,1,5,0
36787,0,0,4,0
36788,1,2,3,0
36789,3,1,4,0
36790,0,0,5,2
36791,3,0,6,2
36792,0,1,2,0
36793,1,0,2,1
36794,1,2,1,1
36795,0,0,2,0
36796,2,1,2,1
36797,3,1,3,3
36798,2,2,4,0
36799,6,2,11,1
36800,1,1,4,0
36801,2,0,6,0
36802,0,2,2,0
36803,5,2,5,1
36804,4,1,10,1
36805,0,1,3,0
36806,0,0,1,1
36807,2,0,6,2
36808,0,2,5,0
36809,0,1,5,0
36810,1,1,6,1
36811,4,3,4,1
36812,1,0,2,1
36813,4,2,6,2
36814,1,1,1,0
36815,3,4,5,1
36816,1,2,6,1
36817,4,0,3,0
36818,3,2,4,0
36819,3,0,2,0
36820,6,4,8,2
36821,0,1,6,0
36822,1,0,3,0
36823,3,2,8,3
36824,2,3,4,1
36825,0,2,2,0
36826,1,3,4,1
36827,0,2,4,0
36828,0,0,3,0
36829,0,2,6,1
36830,2,0,1,0
36831,6,4,10,4
36832,0,0,3,0
36833,0,2,4,1
36834,3,4,5,3
36835,3,2,13,1
36836,0,2,2,2
36837,3,2,5,3
36838,3,0,6,1
36839,5,2,9,2
36840,2,1,4,1
36841,2,0,2,1
36842,1,1,6,0
36843,1,2,1,0
36844,0,0,3,3
36845,3,2,2,2
36846,1,1,2,0
36847,0,0,3,2
36848,2,2,13,2
36849,0,1,2,2
36850,0,2,3,0
36851,1,1,4,0
36852,4,5,7,2
36853,1,0,5,0
36854,7,6,6,1
36855,0,0,2,0
36856,0,1,4,0
36857,0,3,4,0
36858,3,1,11,2
36859,0,1,6,0
36860,1,0,4,1
36861,2,0,2,1
36862,0,0,3,1
36863,4,4,10,4
36864,4,3,13,2
36865,0,1,6,0
36866,1,1,2,1
36867,0,1,5,1
36868,1,2,4,2
36869,2,1,6,0
36870,1,0,3,0
36871,1,2,2,0
36872,1,1,2,0
36873,2,0,6,2
36874,1,1,2,0
36875,1,1,1,0
36876,0,1,2,1
36877,1,0,1,0
36878,6,3,6,3
36879,1,3,1,0
36880,3,0,3,0
36881,1,3,1,0
36882,4,2,6,2
36883,2,0,3,0
36884,1,1,1,0
36885,1,0,2,0
36886,0,0,2,0
36887,2,2,2,0
36888,2,2,5,0
36889,1,0,6,1
36890,0,0,4,0
36891,1,1,3,2
36892,1,1,1,0
36893,3,4,8,2
36894,2,1,2,1
36895,2,2,3,1
36896,2,1,1,1
36897,3,1,8,1
36898,3,2,12,2
36899,2,0,3,0
36900,1,0,1,0
36901,4,2,4,0
36902,2,0,4,0
36903,3,3,2,1
36904,1,1,5,2
36905,0,1,3,0
36906,0,3,2,2
36907,0,1,3,0
36908,1,4,12,3
36909,8,1,10,0
36910,0,2,6,1
36911,4,3,2,1
36912,0,1,2,2
36913,1,2,6,3
36914,3,2,11,2
36915,4,0,6,3
36916,1,2,5,2
36917,0,3,2,0
36918,1,1,3,0
36919,0,0,5,0
36920,0,0,4,0
36921,1,1,2,3
36922,4,2,11,3
36923,2,0,2,0
36924,4,0,2,1
36925,1,1,5,0
36926,1,1,1,3
36927,4,0,6,0
36928,0,2,4,0
36929,4,0,6,0
36930,2,0,4,3
36931,1,1,1,0
36932,0,0,1,0
36933,0,2,2,1
36934,2,3,3,0
36935,1,1,4,0
36936,0,0,1,1
36937,2,0,5,0
36938,5,3,9,4
36939,3,1,1,1
36940,4,0,2,0
36941,2,0,6,0
36942,7,3,12,1
36943,5,4,8,2
36944,1,0,6,1
36945,4,5,10,1
36946,0,0,3,3
36947,0,0,5,0
36948,0,1,2,3
36949,2,1,4,0
36950,3,5,14,2
36951,0,0,5,1
36952,0,2,1,1
36953,1,1,5,0
36954,0,2,6,0
36955,2,3,1,0
36956,1,2,4,2
36957,7,2,12,4
36958,1,1,4,0
36959,2,3,3,0
36960,2,2,3,0
36961,0,0,5,2
36962,1,2,6,1
36963,3,0,2,0
36964,1,1,6,1
36965,0,0,3,0
36966,2,1,1,0
36967,4,1,6,1
36968,6,1,5,0
36969,3,0,1,3
36970,1,1,4,0
36971,4,5,13,1
36972,4,1,1,1
36973,2,0,5,0
36974,1,1,4,0
36975,1,0,2,0
36976,1,1,3,0
36977,5,4,13,2
36978,0,0,3,0
36979,0,1,6,1
36980,0,1,5,2
36981,0,1,4,1
36982,3,0,1,1
36983,0,0,2,0
36984,2,0,1,0
36985,1,1,5,2
36986,1,1,4,2
36987,3,1,2,0
36988,3,2,3,0
36989,1,1,4,2
36990,2,1,2,1
36991,1,1,5,2
36992,0,0,6,0
36993,1,0,1,1
36994,4,0,3,1
36995,1,1,1,0
36996,3,1,5,0
36997,1,0,2,0
36998,0,0,3,1
36999,1,0,6,0
37000,0,2,3,0
37001,1,0,1,1
37002,0,3,5,1
37003,1,0,5,3
37004,0,0,2,1
37005,1,0,6,3
37006,7,2,9,2
37007,4,5,13,2
37008,3,0,1,1
37009,0,0,3,1
37010,1,0,6,3
37011,2,0,3,1
37012,3,2,11,2
37013,2,0,2,0
37014,0,3,2,1
37015,0,1,5,0
37016,0,2,2,1
37017,0,1,4,0
37018,2,0,4,0
37019,4,6,9,1
37020,5,1,8,1
37021,0,1,4,0
37022,0,0,5,0
37023,0,0,4,1
37024,1,2,2,1
37025,0,3,3,0
37026,2,1,2,0
37027,1,0,4,0
37028,0,1,1,1
37029,1,1,4,0
37030,4,3,8,3
37031,4,3,4,1
37032,2,0,4,0
37033,4,3,6,2
37034,4,5,5,4
37035,2,0,2,0
37036,1,0,3,0
37037,2,0,3,1
37038,0,1,6,1
37039,0,1,2,0
37040,2,0,5,0
37041,3,2,2,1
37042,1,0,2,1
37043,4,1,5,0
37044,0,1,2,1
37045,2,2,1,0
37046,1,1,5,1
37047,3,0,2,1
37048,0,1,6,2
37049,0,0,3,1
37050,0,1,1,0
37051,1,1,2,1
37052,6,5,5,1
37053,0,3,6,1
37054,2,5,10,2
37055,1,3,1,0
37056,4,1,5,0
37057,0,0,5,1
37058,1,1,4,0
37059,4,3,10,2
37060,4,3,14,1
37061,1,1,4,0
37062,3,1,4,0
37063,2,2,4,0
37064,5,3,11,2
37065,1,0,4,1
37066,3,0,5,0
37067,0,2,3,1
37068,4,3,8,2
37069,0,0,6,2
37070,2,2,6,1
37071,7,2,11,2
37072,3,4,6,1
37073,2,1,4,0
37074,1,1,5,0
37075,1,0,4,2
37076,0,0,3,0
37077,3,3,4,0
37078,1,2,5,0
37079,0,1,2,2
37080,0,1,2,0
37081,0,1,4,2
37082,2,1,1,3
37083,2,1,1,1
37084,2,2,5,3
37085,3,0,4,0
37086,2,2,6,0
37087,3,0,6,0
37088,2,1,3,1
37089,1,0,2,0
37090,1,2,4,0
37091,2,0,3,1
37092,2,3,3,3
37093,8,3,13,2
37094,0,0,6,3
37095,0,1,4,0
37096,8,5,11,0
37097,2,1,4,0
37098,0,1,1,1
37099,0,0,4,0
37100,8,2,7,2
37101,1,2,3,1
37102,0,3,2,0
37103,1,1,5,0
37104,0,0,5,0
37105,0,0,3,1
37106,0,1,2,0
37107,3,2,8,0
37108,1,1,4,2
37109,1,2,9,2
37110,1,2,1,2
37111,0,1,3,0
37112,7,4,8,1
37113,0,3,3,2
37114,4,3,1,1
37115,1,0,3,1
37116,4,1,2,2
37117,1,0,2,1
37118,1,0,6,0
37119,1,1,3,1
37120,1,0,2,0
37121,2,6,9,3
37122,0,3,1,0
37123,0,0,1,0
37124,4,6,6,4
37125,3,1,9,4
37126,1,0,6,1
37127,1,1,6,1
37128,0,2,6,0
37129,1,0,5,1
37130,1,0,1,3
37131,1,0,4,0
37132,2,0,2,0
37133,0,0,6,0
37134,0,0,5,2
37135,0,2,4,1
37136,1,0,6,1
37137,2,0,3,0
37138,1,2,3,1
37139,0,0,4,0
37140,1,3,4,0
37141,1,0,6,0
37142,4,5,11,1
37143,3,1,1,2
37144,0,0,4,0
37145,4,0,2,1
37146,1,0,1,0
37147,1,1,3,1
37148,1,0,1,1
37149,0,0,1,0
37150,1,1,2,2
37151,0,0,2,0
37152,0,0,5,0
37153,1,1,3,2
37154,1,1,4,2
37155,4,0,1,0
37156,0,1,2,2
37157,1,0,5,0
37158,1,2,1,0
37159,0,1,4,0
37160,1,1,3,0
37161,0,3,5,2
37162,1,0,2,0
37163,1,1,3,0
37164,0,1,1,0
37165,4,5,7,3
37166,2,2,3,1
37167,1,1,5,0
37168,1,0,1,0
37169,1,2,3,1
37170,0,0,2,0
37171,0,0,6,0
37172,1,1,3,0
37173,2,1,2,0
37174,0,0,5,1
37175,0,0,1,0
37176,0,0,3,3
37177,0,0,6,3
37178,3,0,6,0
37179,0,1,5,0
37180,3,2,6,0
37181,1,1,5,3
37182,2,1,6,0
37183,2,2,4,0
37184,2,0,6,1
37185,3,2,10,3
37186,2,1,1,0
37187,0,1,5,0
37188,3,2,5,1
37189,1,1,4,1
37190,2,0,4,0
37191,1,0,3,0
37192,0,0,5,2
37193,0,1,4,2
37194,1,0,6,0
37195,5,3,13,3
37196,1,1,4,1
37197,3,1,3,0
37198,2,1,4,0
37199,4,0,5,1
37200,0,0,5,1
37201,1,0,3,1
37202,0,0,2,1
37203,2,1,2,1
37204,2,2,2,0
37205,1,1,6,3
37206,2,3,8,1
37207,6,2,13,2
37208,2,0,5,0
37209,1,3,6,1
37210,3,0,3,1
37211,4,2,1,0
37212,1,0,6,2
37213,4,2,8,2
37214,1,1,2,0
37215,2,0,2,0
37216,1,1,6,1
37217,2,1,6,0
37218,0,0,3,0
37219,2,2,4,0
37220,0,1,4,0
37221,0,0,2,0
37222,1,2,3,0
37223,0,1,5,0
37224,2,3,6,1
37225,1,0,1,0
37226,0,0,1,0
37227,1,0,1,0
37228,0,1,6,1
37229,3,0,3,0
37230,0,1,1,1
37231,1,0,3,0
37232,1,1,4,0
37233,0,3,2,3
37234,0,0,2,2
37235,4,0,1,1
37236,3,3,13,2
37237,0,3,5,2
37238,4,0,5,0
37239,3,0,3,2
37240,1,4,8,3
37241,7,3,11,1
37242,8,2,8,2
37243,1,2,7,1
37244,2,0,1,2
37245,0,0,6,0
37246,1,0,5,1
37247,3,1,5,0
37248,2,0,4,2
37249,0,3,6,2
37250,1,2,3,0
37251,0,0,1,1
37252,1,0,5,2
37253,2,0,4,1
37254,0,0,5,1
37255,2,1,1,0
37256,0,1,2,0
37257,3,4,10,1
37258,1,1,6,0
37259,3,0,4,0
37260,2,2,4,0
37261,2,1,2,0
37262,0,1,5,0
37263,1,0,1,0
37264,3,2,6,2
37265,2,1,4,0
37266,1,0,3,1
37267,2,0,1,2
37268,2,1,1,0
37269,4,3,12,2
37270,2,0,4,0
37271,4,2,10,3
37272,0,2,4,1
37273,4,3,6,2
37274,3,1,3,0
37275,1,0,1,1
37276,3,2,9,2
37277,3,6,6,1
37278,1,0,2,1
37279,5,5,8,3
37280,2,1,1,0
37281,1,2,6,0
37282,2,0,1,1
37283,2,1,4,0
37284,1,1,2,0
37285,0,1,5,0
37286,5,3,13,2
37287,0,2,6,0
37288,0,3,3,1
37289,4,1,2,0
37290,5,2,12,2
37291,0,2,4,0
37292,2,1,5,0
37293,5,3,12,1
37294,1,2,2,1
37295,1,4,10,1
37296,3,0,1,1
37297,3,1,1,2
37298,1,0,2,2
37299,0,2,6,3
37300,6,3,7,1
37301,1,1,3,0
37302,5,2,11,2
37303,3,0,4,0
37304,1,0,1,0
37305,1,1,1,0
37306,2,0,3,1
37307,5,5,12,1
37308,0,0,1,0
37309,2,3,2,2
37310,0,1,4,0
37311,0,1,4,1
37312,4,1,10,4
37313,1,0,4,0
37314,2,1,6,1
37315,3,3,9,3
37316,1,2,4,2
37317,7,3,5,3
37318,4,6,10,1
37319,2,0,2,0
37320,5,2,12,5
37321,1,2,1,0
37322,3,0,3,1
37323,5,2,7,2
37324,3,1,2,0
37325,2,0,5,1
37326,1,1,1,0
37327,4,4,5,2
37328,2,1,1,0
37329,1,1,4,0
37330,2,2,2,2
37331,0,0,3,1
37332,0,3,5,1
37333,1,1,5,3
37334,2,1,6,0
37335,0,0,5,2
37336,1,1,5,0
37337,1,1,5,1
37338,0,0,3,0
37339,0,1,6,0
37340,3,2,12,2
37341,0,1,3,0
37342,1,1,2,0
37343,2,2,1,1
37344,1,0,5,1
37345,0,1,6,1
37346,1,0,4,0
37347,2,0,2,0
37348,2,2,1,1
37349,0,2,5,0
37350,1,2,3,0
37351,4,1,1,0
37352,1,1,4,0
37353,1,0,1,0
37354,0,1,3,0
37355,4,3,13,2
37356,1,1,6,1
37357,0,2,5,0
37358,2,1,5,1
37359,1,1,1,1
37360,0,2,3,3
37361,3,1,6,0
37362,1,0,4,1
37363,8,3,5,1
37364,0,1,2,0
37365,2,2,2,1
37366,0,1,2,0
37367,3,1,6,2
37368,3,2,1,0
37369,2,1,1,0
37370,3,0,2,2
37371,0,1,3,2
37372,1,3,4,2
37373,1,1,5,1
37374,2,1,2,2
37375,2,2,1,0
37376,1,0,4,1
37377,4,5,9,1
37378,1,3,5,2
37379,0,1,5,0
37380,4,3,12,1
37381,2,1,5,1
37382,1,3,5,0
37383,0,0,4,0
37384,0,1,5,1
37385,4,3,10,3
37386,2,2,1,1
37387,2,0,3,0
37388,2,1,2,0
37389,0,1,5,0
37390,5,4,5,2
37391,2,0,6,2
37392,8,6,7,1
37393,0,0,1,0
37394,1,0,6,1
37395,3,4,7,2
37396,1,2,1,0
37397,2,2,4,2
37398,1,0,2,0
37399,1,2,5,0
37400,1,1,4,2
37401,0,1,4,1
37402,1,0,3,1
37403,1,1,4,3
37404,1,3,1,0
37405,3,4,14,2
37406,1,1,6,0
37407,2,0,5,1
37408,6,4,5,0
37409,1,1,5,0
37410,0,0,4,2
37411,2,2,4,0
37412,1,3,5,1
37413,2,2,2,1
37414,5,6,7,2
37415,1,3,1,1
37416,0,1,2,0
37417,0,0,5,3
37418,0,0,2,0
37419,0,1,6,0
37420,0,3,2,1
37421,0,1,5,2
37422,0,1,6,1
37423,1,3,5,0
37424,6,3,10,2
37425,0,0,4,0
37426,0,0,5,2
37427,4,1,5,1
37428,1,0,4,0
37429,4,1,1,0
37430,0,1,3,0
37431,1,0,6,1
37432,1,3,3,2
37433,2,0,6,0
37434,5,3,13,2
37435,2,1,2,3
37436,0,2,6,1
37437,0,0,3,1
37438,4,0,6,0
37439,0,0,6,3
37440,0,2,2,0
37441,0,2,5,0
37442,1,2,5,0
37443,0,1,4,1
37444,1,1,5,1
37445,1,1,4,2
37446,4,5,5,4
37447,0,1,4,0
37448,0,0,4,1
37449,0,1,3,0
37450,4,2,3,3
37451,1,0,2,3
37452,0,1,2,1
37453,3,0,4,0
37454,3,1,4,0
37455,2,0,5,2
37456,1,1,6,0
37457,3,0,4,1
37458,0,3,3,1
37459,0,0,2,0
37460,2,2,1,0
37461,5,2,6,1
37462,4,3,6,0
37463,2,3,3,0
37464,0,3,5,0
37465,0,1,5,0
37466,7,5,12,2
37467,0,3,6,0
37468,2,0,4,0
37469,6,1,5,2
37470,1,0,4,1
37471,0,1,6,0
37472,1,1,3,1
37473,2,0,4,2
37474,0,0,3,1
37475,1,2,1,2
37476,3,1,2,0
37477,2,0,1,0
37478,1,2,2,2
37479,1,1,1,0
37480,2,3,5,1
37481,4,2,5,2
37482,1,0,5,3
37483,0,2,1,0
37484,1,0,6,3
37485,2,2,6,1
37486,2,1,2,3
37487,1,1,2,0
37488,1,1,5,0
37489,2,1,1,0
37490,1,1,3,0
37491,2,1,3,0
37492,1,0,1,2
37493,4,3,12,2
37494,1,0,6,0
37495,4,2,9,2
37496,1,1,1,1
37497,2,1,4,0
37498,1,1,1,0
37499,0,1,5,0
37500,0,0,6,0
37501,1,1,2,0
37502,4,2,7,3
37503,1,0,1,0
37504,1,0,1,1
37505,2,1,5,0
37506,1,1,4,0
37507,1,0,3,0
37508,0,1,4,0
37509,2,1,5,2
37510,1,1,6,0
37511,4,0,1,0
37512,1,2,3,0
37513,2,1,5,0
37514,4,4,14,1
37515,1,1,4,0
37516,0,0,1,0
37517,3,3,3,1
37518,1,2,4,1
37519,4,5,6,3
37520,8,5,11,3
37521,3,2,6,0
37522,4,3,13,3
37523,0,1,6,1
37524,3,0,5,1
37525,3,1,1,0
37526,0,0,5,1
37527,1,1,6,3
37528,2,3,1,0
37529,2,3,12,2
37530,0,1,2,1
37531,4,3,11,1
37532,1,1,1,0
37533,0,0,4,0
37534,1,1,6,0
37535,3,3,8,1
37536,1,1,11,1
37537,2,0,1,2
37538,2,1,4,0
37539,2,1,2,1
37540,3,3,14,2
37541,1,1,5,2
37542,1,1,3,0
37543,6,4,12,2
37544,2,2,6,1
37545,0,3,4,0
37546,0,0,2,0
37547,0,1,4,1
37548,1,0,6,1
37549,4,0,6,0
37550,1,1,1,2
37551,4,2,12,4
37552,5,3,5,3
37553,0,1,5,0
37554,0,1,6,0
37555,3,3,8,3
37556,4,3,10,0
37557,0,1,2,0
37558,1,1,6,0
37559,1,2,2,2
37560,0,1,4,0
37561,1,3,4,1
37562,1,3,1,1
37563,1,0,1,0
37564,0,0,3,1
37565,2,2,6,0
37566,0,0,6,0
37567,1,0,6,1
37568,4,5,6,3
37569,0,1,4,0
37570,1,2,5,2
37571,1,1,3,0
37572,1,0,2,0
37573,3,3,13,2
37574,3,3,3,2
37575,2,0,2,1
37576,4,0,5,2
37577,0,1,4,0
37578,1,1,6,0
37579,1,2,3,0
37580,0,2,5,0
37581,2,4,8,1
37582,1,1,5,1
37583,1,1,4,1
37584,2,1,1,3
37585,2,3,12,3
37586,0,2,2,3
37587,4,1,11,3
37588,2,2,9,2
37589,0,0,2,0
37590,0,1,3,0
37591,1,0,6,2
37592,1,1,6,2
37593,1,0,3,2
37594,1,1,5,2
37595,1,2,4,0
37596,2,1,6,1
37597,0,1,6,0
37598,1,0,5,0
37599,1,0,6,0
37600,2,1,1,2
37601,2,3,4,1
37602,0,2,5,0
37603,2,0,3,2
37604,1,0,1,0
37605,1,0,6,1
37606,1,1,1,0
37607,2,2,5,1
37608,2,2,6,3
37609,1,0,1,0
37610,1,0,1,1
37611,0,0,6,2
37612,1,0,5,1
37613,8,3,9,0
37614,2,3,4,0
37615,0,1,5,0
37616,1,1,6,0
37617,3,0,1,0
37618,1,0,1,0
37619,0,1,5,0
37620,3,2,11,3
37621,1,0,2,0
37622,0,0,1,2
37623,1,0,3,0
37624,4,2,12,3
37625,0,2,1,0
37626,2,0,4,2
37627,7,2,12,1
37628,4,2,9,2
37629,6,4,12,2
37630,0,2,1,1
37631,1,2,1,3
37632,2,2,5,1
37633,0,0,6,0
37634,1,1,4,1
37635,0,3,1,2
37636,1,0,5,1
37637,2,1,2,1
37638,1,1,6,0
37639,2,0,1,0
37640,0,2,5,0
37641,1,1,1,0
37642,1,0,5,0
37643,2,2,6,1
37644,0,1,1,0
37645,4,3,8,3
37646,0,0,3,0
37647,3,2,14,1
37648,1,0,5,0
37649,0,1,6,0
37650,5,5,10,4
37651,1,1,1,0
37652,1,1,1,0
37653,1,1,3,2
37654,0,1,2,2
37655,6,5,13,2
37656,4,2,12,2
37657,2,1,5,1
37658,2,1,1,1
37659,0,2,5,1
37660,2,0,6,1
37661,0,0,5,1
37662,0,1,5,0
37663,3,2,6,2
37664,4,4,10,3
37665,0,1,6,0
37666,3,3,1,3
37667,3,0,1,2
37668,1,1,6,0
37669,0,0,1,1
37670,2,1,5,1
37671,2,2,5,0
37672,3,2,5,1
37673,2,0,5,0
37674,5,2,7,2
37675,7,3,14,2
37676,4,3,2,0
37677,0,1,3,0
37678,2,2,6,0
37679,1,1,5,1
37680,0,1,5,0
37681,1,0,3,1
37682,1,0,4,0
37683,0,0,2,1
37684,6,5,13,4
37685,3,2,2,0
37686,0,2,5,0
37687,2,4,12,2
37688,4,0,2,2
37689,3,3,9,2
37690,7,4,14,4
37691,1,2,6,0
37692,0,1,4,0
37693,2,0,1,1
37694,0,1,1,0
37695,0,3,5,0
37696,0,1,2,0
37697,5,3,14,1
37698,2,0,3,1
37699,1,3,3,1
37700,1,2,4,0
37701,1,0,5,0
37702,1,1,6,0
37703,2,3,13,1
37704,3,1,1,2
37705,0,2,3,1
37706,2,0,3,1
37707,0,1,2,3
37708,0,1,5,0
37709,5,3,10,2
37710,2,3,4,1
37711,2,1,1,0
37712,1,0,6,1
37713,3,1,2,0
37714,2,2,6,1
37715,2,0,3,1
37716,2,2,1,0
37717,1,2,3,0
37718,6,3,5,1
37719,2,2,6,0
37720,2,1,4,0
37721,1,0,2,2
37722,1,0,1,1
37723,2,1,6,2
37724,1,0,1,0
37725,3,1,5,1
37726,4,2,9,3
37727,1,1,2,2
37728,0,0,4,0
37729,7,4,8,1
37730,2,0,1,0
37731,1,3,1,0
37732,1,1,2,0
37733,0,1,6,1
37734,2,1,2,0
37735,2,5,5,1
37736,1,2,1,1
37737,1,1,1,2
37738,0,1,5,0
37739,3,0,3,0
37740,1,1,3,2
37741,2,0,5,0
37742,2,0,4,0
37743,1,1,3,0
37744,0,0,5,1
37745,1,2,4,1
37746,0,0,6,0
37747,1,1,2,1
37748,1,2,5,0
37749,1,2,4,0
37750,1,1,5,1
37751,2,2,6,1
37752,0,0,6,0
37753,4,3,13,3
37754,0,0,4,2
37755,2,5,7,2
37756,0,2,3,0
37757,2,3,11,2
37758,2,3,6,0
37759,0,0,2,1
37760,1,2,3,0
37761,1,0,3,1
37762,0,0,4,3
37763,1,0,5,0
37764,1,1,5,0
37765,1,1,3,2
37766,4,2,11,3
37767,1,2,4,0
37768,1,2,2,2
37769,0,0,2,0
37770,3,1,2,2
37771,0,0,2,0
37772,2,2,4,1
37773,0,1,2,2
37774,5,2,9,3
37775,2,0,6,0
37776,1,0,3,3
37777,0,1,1,0
37778,1,3,4,1
37779,0,0,1,0
37780,0,0,5,1
37781,1,0,2,1
37782,1,1,4,0
37783,2,1,9,2
37784,2,1,3,0
37785,0,0,2,0
37786,2,1,1,1
37787,1,0,1,0
37788,0,0,5,1
37789,1,2,4,0
37790,1,1,5,0
37791,1,2,5,1
37792,4,2,12,2
37793,1,3,9,1
37794,2,3,1,1
37795,1,3,6,1
37796,1,1,6,0
37797,2,2,6,2
37798,1,2,1,3
37799,1,1,6,0
37800,0,0,5,0
37801,1,3,1,2
37802,4,1,13,1
37803,1,1,3,0
37804,3,3,2,0
37805,1,0,5,3
37806,0,3,5,1
37807,0,2,6,2
37808,0,1,4,2
37809,1,0,6,3
37810,1,2,5,2
37811,8,3,12,1
37812,2,1,3,0
37813,0,2,4,1
37814,6,2,11,0
37815,1,1,5,1
37816,2,0,2,2
37817,0,1,6,1
37818,1,1,3,0
37819,3,3,10,1
37820,4,1,1,2
37821,0,1,2,0
37822,0,2,4,1
37823,0,0,2,0
37824,0,0,1,0
37825,0,1,2,2
37826,3,0,4,3
37827,3,4,7,3
37828,3,2,3,2
37829,4,4,8,2
37830,1,3,1,2
37831,5,2,9,3
37832,6,2,5,1
37833,1,1,3,0
37834,1,0,4,3
37835,4,1,13,1
37836,5,3,14,1
37837,0,3,6,3
37838,0,1,6,0
37839,0,2,2,3
37840,4,1,1,0
37841,0,3,6,1
37842,1,2,1,1
37843,1,1,1,1
37844,0,1,5,0
37845,1,1,3,0
37846,3,3,5,0
37847,3,1,3,0
37848,3,3,1,0
37849,3,1,4,1
37850,2,0,6,2
37851,4,0,4,1
37852,4,1,9,2
37853,1,0,2,0
37854,2,0,1,1
37855,3,0,3,0
37856,3,1,4,0
37857,1,0,6,1
37858,3,0,4,0
37859,7,2,7,2
37860,0,0,4,1
37861,1,3,5,1
37862,3,2,3,1
37863,2,1,1,1
37864,1,0,5,2
37865,0,1,2,0
37866,4,1,4,0
37867,4,1,13,2
37868,5,3,7,4
37869,2,0,4,0
37870,0,0,3,0
37871,1,0,4,1
37872,3,0,6,2
37873,1,0,2,0
37874,1,1,6,2
37875,0,3,4,3
37876,2,0,3,0
37877,0,1,4,2
37878,1,3,4,0
37879,6,4,14,4
37880,4,6,10,2
37881,0,1,1,0
37882,0,0,3,0
37883,3,1,1,1
37884,3,1,1,1
37885,2,3,4,3
37886,3,1,1,0
37887,0,3,4,1
37888,2,0,1,1
37889,2,3,4,0
37890,3,2,8,4
37891,2,1,3,0
37892,2,1,3,0
37893,1,0,2,0
37894,1,1,1,3
37895,2,1,3,0
37896,0,0,1,2
37897,5,2,13,2
37898,1,1,3,0
37899,7,4,14,1
37900,1,1,5,0
37901,2,1,4,0
37902,4,2,6,2
37903,1,1,1,0
37904,0,1,3,1
37905,4,4,10,1
37906,1,0,6,3
37907,3,1,2,1
37908,1,1,4,0
37909,7,2,8,0
37910,2,2,5,2
37911,1,1,2,0
37912,0,2,3,2
37913,7,6,8,3
37914,3,0,5,1
37915,1,1,3,0
37916,5,2,5,3
37917,1,0,6,0
37918,1,0,5,1
37919,1,0,6,0
37920,3,3,14,2
37921,0,1,3,0
37922,0,1,1,2
37923,4,0,3,2
37924,1,1,2,1
37925,3,1,3,3
37926,0,0,3,1
37927,2,0,5,1
37928,1,1,6,0
37929,4,1,3,1
37930,0,1,5,1
37931,3,2,5,0
37932,3,0,3,2
37933,1,0,1,0
37934,1,1,1,0
37935,0,1,3,0
37936,1,3,6,2
37937,0,0,2,0
37938,6,4,14,1
37939,6,3,5,2
37940,7,4,12,1
37941,1,2,4,1
37942,0,1,3,1
37943,1,0,6,1
37944,0,1,2,0
37945,3,1,2,2
37946,4,4,12,3
37947,0,0,3,0
37948,4,3,9,3
37949,0,1,5,1
37950,1,0,1,1
37951,0,0,2,1
37952,0,1,4,0
37953,1,1,6,0
37954,1,2,3,0
37955,1,0,4,3
37956,0,0,6,0
37957,1,2,2,2
37958,1,0,3,2
37959,0,2,4,0
37960,5,2,9,4
37961,2,1,2,0
37962,2,2,4,0
37963,1,0,6,0
37964,8,5,7,3
37965,4,0,2,0
37966,1,1,1,0
37967,4,0,4,0
37968,1,2,6,3
37969,0,3,5,3
37970,5,4,9,1
37971,0,2,1,1
37972,1,0,6,0
37973,0,1,1,0
37974,0,1,1,1
37975,4,0,1,2
37976,2,1,1,1
37977,2,1,5,1
37978,3,0,1,0
37979,0,3,6,3
37980,2,2,2,2
37981,0,0,2,0
37982,1,1,3,1
37983,1,0,3,0
37984,4,2,8,2
37985,0,0,2,0
37986,2,1,4,0
37987,2,0,1,1
37988,3,5,6,0
37989,4,1,1,1
37990,1,0,5,1
37991,0,3,1,0
37992,0,0,5,0
37993,2,0,5,3
37994,0,3,4,0
37995,2,0,4,1
37996,0,2,1,2
37997,3,2,2,1
37998,0,2,2,0
37999,0,0,3,0
38000,0,2,6,1
38001,1,0,6,0
38002,0,3,6,0
38003,3,1,6,1
38004,0,0,5,1
38005,7,2,14,1
38006,4,1,3,1
38007,2,0,4,3
38008,1,0,1,1
38009,0,2,6,1
38010,4,0,4,1
38011,1,2,14,1
38012,2,0,1,1
38013,4,4,13,2
38014,3,3,7,1
38015,0,0,5,0
38016,2,1,6,0
38017,1,2,2,0
38018,0,0,3,0
38019,1,0,1,1
38020,1,0,6,0
38021,5,4,9,1
38022,0,1,6,0
38023,6,4,9,1
38024,0,1,4,0
38025,0,1,1,0
38026,2,1,2,3
38027,4,3,5,2
38028,0,0,1,0
38029,2,0,2,1
38030,3,2,4,0
38031,1,0,3,0
38032,0,1,5,0
38033,0,0,1,2
38034,2,3,9,1
38035,1,0,4,1
38036,7,5,10,4
38037,4,0,4,0
38038,4,4,14,1
38039,7,1,10,2
38040,3,0,5,1
38041,2,0,3,0
38042,2,0,1,2
38043,0,0,6,0
38044,0,0,2,0
38045,2,2,5,4
38046,1,1,6,0
38047,1,0,1,2
38048,1,0,1,2
38049,2,0,2,1
38050,5,3,12,1
38051,2,3,2,0
38052,0,2,5,0
38053,0,3,6,1
38054,0,2,4,3
38055,0,1,2,2
38056,0,0,5,3
38057,1,0,2,0
38058,4,2,14,3
38059,3,0,4,2
38060,0,0,1,0
38061,1,2,4,1
38062,1,2,5,0
38063,1,1,3,2
38064,0,3,5,0
38065,1,1,6,1
38066,0,1,3,0
38067,4,1,4,0
38068,1,3,3,2
38069,0,1,3,1
38070,0,2,3,0
38071,2,1,1,0
38072,2,1,5,0
38073,2,0,6,1
38074,0,3,6,2
38075,2,0,1,1
38076,1,2,3,0
38077,0,1,5,2
38078,3,3,11,4
38079,1,0,5,2
38080,2,0,4,2
38081,4,2,6,1
38082,5,2,5,2
38083,6,3,12,3
38084,2,2,2,0
38085,0,0,6,2
38086,1,0,3,1
38087,2,1,2,1
38088,0,3,4,0
38089,2,2,6,1
38090,0,2,6,0
38091,0,3,5,0
38092,1,2,4,0
38093,1,0,1,0
38094,0,0,1,1
38095,5,2,7,1
38096,1,0,2,0
38097,3,0,2,2
38098,1,1,6,1
38099,1,1,4,3
38100,2,0,3,0
38101,5,2,10,1
38102,1,3,4,0
38103,1,0,6,1
38104,2,1,3,0
38105,0,0,5,0
38106,3,2,1,0
38107,2,2,5,2
38108,1,0,3,0
38109,0,0,5,0
38110,2,0,4,0
38111,2,1,1,3
38112,5,2,7,1
38113,0,2,5,0
38114,0,3,5,1
38115,0,0,4,3
38116,0,0,3,0
38117,3,0,4,0
38118,0,0,2,0
38119,1,2,6,0
38120,3,1,5,3
38121,1,1,3,2
38122,2,0,2,0
38123,2,1,5,0
38124,0,1,1,1
38125,1,0,3,0
38126,0,2,5,0
38127,4,5,8,5
38128,1,0,2,1
38129,3,3,10,3
38130,1,3,5,0
38131,0,3,5,1
38132,1,0,6,1
38133,4,3,14,0
38134,3,2,3,1
38135,0,1,2,1
38136,1,0,2,0
38137,2,3,6,2
38138,1,0,6,2
38139,4,5,10,2
38140,2,0,5,0
38141,0,2,2,0
38142,0,1,6,0
38143,2,0,3,1
38144,1,2,2,3
38145,7,5,9,3
38146,4,2,5,4
38147,3,1,5,2
38148,0,1,2,0
38149,2,3,10,1
38150,1,0,5,1
38151,1,1,3,0
38152,0,0,3,0
38153,0,1,2,0
38154,2,0,4,1
38155,1,1,4,1
38156,1,0,2,0
38157,4,1,3,1
38158,4,2,5,2
38159,2,0,5,2
38160,0,0,1,2
38161,1,3,4,0
38162,3,0,5,0
38163,0,0,1,2
38164,2,1,1,2
38165,0,1,4,1
38166,2,2,3,3
38167,2,1,6,0
38168,0,1,5,1
38169,4,0,2,1
38170,1,1,11,3
38171,1,1,5,3
38172,2,0,3,0
38173,1,0,5,1
38174,0,0,2,1
38175,0,1,4,0
38176,0,2,5,0
38177,4,1,3,0
38178,7,2,11,2
38179,3,1,1,1
38180,4,3,8,1
38181,2,0,5,1
38182,0,1,2,0
38183,0,1,5,0
38184,1,0,2,0
38185,1,1,5,0
38186,1,1,6,1
38187,4,0,2,3
38188,4,5,6,1
38189,2,1,3,0
38190,0,2,4,1
38191,0,3,6,1
38192,0,0,6,1
38193,1,2,2,1
38194,0,0,4,2
38195,0,2,6,0
38196,1,2,3,2
38197,0,0,6,2
38198,0,1,2,0
38199,0,0,5,0
38200,1,2,2,0
38201,0,1,4,0
38202,4,1,14,3
38203,3,1,5,0
38204,1,3,2,1
38205,0,0,3,2
38206,3,1,2,1
38207,2,4,6,2
38208,4,4,13,3
38209,3,0,6,0
38210,2,1,6,2
38211,1,1,5,0
38212,1,1,2,0
38213,2,0,5,0
38214,1,3,3,0
38215,0,1,5,0
38216,1,1,1,0
38217,4,6,12,1
38218,4,6,9,2
38219,1,3,5,0
38220,0,0,4,0
38221,0,0,1,0
38222,0,0,1,1
38223,2,0,2,1
38224,2,0,4,3
38225,4,3,8,2
38226,1,2,1,0
38227,2,1,4,1
38228,2,2,5,0
38229,3,3,6,0
38230,0,0,1,1
38231,0,1,2,0
38232,1,0,4,0
38233,2,1,1,0
38234,4,0,4,1
38235,4,1,1,2
38236,0,0,3,2
38237,3,0,5,2
38238,5,4,9,1
38239,3,1,6,3
38240,0,1,1,2
38241,1,0,2,2
38242,3,0,3,0
38243,3,4,13,0
38244,1,1,3,0
38245,4,3,10,3
38246,0,0,3,1
38247,4,1,6,1
38248,3,5,8,1
38249,4,0,6,2
38250,0,0,6,1
38251,3,1,3,1
38252,3,3,6,1
38253,1,2,5,0
38254,1,0,1,0
38255,1,0,5,0
38256,5,3,12,0
38257,6,3,5,3
38258,0,0,3,0
38259,2,0,5,0
38260,1,0,1,0
38261,4,5,8,2
38262,3,4,12,1
38263,3,3,13,2
38264,1,0,5,2
38265,3,2,3,1
38266,1,3,1,1
38267,0,3,2,1
38268,0,2,1,1
38269,1,0,6,2
38270,1,4,9,5
38271,1,0,3,2
38272,0,1,4,0
38273,1,2,4,0
38274,1,1,4,0
38275,0,2,2,3
38276,1,1,2,0
38277,2,2,4,1
38278,0,3,6,1
38279,2,0,6,0
38280,3,0,1,1
38281,0,0,5,0
38282,5,6,9,1
38283,1,0,4,0
38284,4,5,7,1
38285,1,0,5,0
38286,3,3,6,3
38287,1,0,3,1
38288,1,2,1,1
38289,0,1,1,3
38290,1,1,3,3
38291,2,1,4,1
38292,3,3,4,0
38293,1,1,3,3
38294,3,0,2,2
38295,4,1,1,1
38296,0,1,1,1
38297,1,0,6,0
38298,0,0,2,2
38299,2,2,5,2
38300,0,3,5,0
38301,3,2,9,2
38302,1,1,2,0
38303,3,5,9,2
38304,2,1,1,0
38305,6,4,13,1
38306,1,0,4,0
38307,2,1,5,2
38308,3,0,6,0
38309,1,1,6,1
38310,2,1,4,0
38311,3,2,1,2
38312,1,0,6,0
38313,2,2,6,1
38314,2,1,5,1
38315,7,1,13,2
38316,1,0,3,0
38317,1,2,3,0
38318,0,1,5,1
38319,0,0,5,0
38320,6,2,13,2
38321,0,1,5,0
38322,3,2,5,2
38323,0,1,4,2
38324,0,3,4,0
38325,2,1,1,1
38326,0,1,5,1
38327,4,4,7,3
38328,1,0,1,0
38329,1,1,2,3
38330,3,2,6,0
38331,1,2,5,1
38332,2,1,5,1
38333,1,3,1,0
38334,1,0,5,1
38335,1,0,2,1
38336,4,1,6,1
38337,1,3,5,0
38338,1,1,4,2
38339,1,1,2,0
38340,1,0,2,2
38341,4,2,6,3
38342,2,0,1,0
38343,3,0,4,0
38344,1,1,3,1
38345,1,3,3,1
38346,3,4,10,3
38347,2,0,2,1
38348,1,0,2,1
38349,1,1,1,0
38350,0,2,3,1
38351,0,0,2,0
38352,1,1,1,1
38353,3,3,8,3
38354,1,3,2,2
38355,5,4,11,1
38356,0,1,3,1
38357,0,2,6,2
38358,1,1,6,2
38359,1,0,4,0
38360,4,4,11,1
38361,2,0,1,0
38362,0,0,5,0
38363,5,3,14,1
38364,2,0,1,0
38365,2,2,7,1
38366,1,2,3,0
38367,2,0,2,3
38368,0,0,4,0
38369,1,0,6,1
38370,3,0,5,0
38371,4,2,5,2
38372,5,3,11,0
38373,1,0,1,1
38374,3,2,1,0
38375,1,3,6,0
38376,4,0,2,0
38377,1,2,6,1
38378,2,2,1,0
38379,4,4,5,3
38380,4,0,4,0
38381,0,1,3,0
38382,1,0,2,2
38383,0,0,2,0
38384,2,1,3,0
38385,2,2,13,1
38386,6,4,5,1
38387,3,4,9,2
38388,1,2,1,2
38389,1,2,6,0
38390,0,0,6,2
38391,1,0,1,0
38392,0,3,6,1
38393,0,1,2,0
38394,1,0,1,1
38395,0,2,6,2
38396,0,0,3,0
38397,1,1,3,2
38398,1,1,1,0
38399,1,2,3,0
38400,3,0,1,0
38401,2,3,12,3
38402,1,1,2,1
38403,1,3,4,1
38404,5,1,6,2
38405,3,1,6,3
38406,2,1,4,0
38407,5,2,8,1
38408,1,0,4,1
38409,4,1,10,0
38410,1,1,1,0
38411,0,1,4,0
38412,3,0,1,0
38413,0,1,4,0
38414,1,2,4,0
38415,1,2,5,0
38416,0,3,3,1
38417,3,2,7,3
38418,3,0,6,1
38419,3,3,12,1
38420,0,2,3,2
38421,2,1,4,0
38422,5,2,6,2
38423,0,0,2,0
38424,0,0,6,1
38425,1,0,2,1
38426,1,1,3,0
38427,1,2,4,0
38428,5,3,7,4
38429,1,0,2,1
38430,1,1,6,0
38431,0,0,6,0
38432,0,0,2,0
38433,3,3,12,2
38434,3,0,1,0
38435,1,1,6,1
38436,1,0,6,0
38437,1,2,6,1
38438,1,0,4,0
38439,5,4,8,2
38440,3,0,3,0
38441,2,1,3,0
38442,2,3,2,0
38443,2,1,1,0
38444,3,2,3,2
38445,0,1,3,1
38446,0,3,4,0
38447,2,0,4,0
38448,3,1,1,0
38449,2,0,5,1
38450,0,1,6,3
38451,4,5,8,2
38452,2,3,1,0
38453,1,2,4,0
38454,3,1,3,3
38455,0,1,2,2
38456,2,1,5,1
38457,0,0,4,0
38458,5,3,10,1
38459,1,0,1,0
38460,5,2,13,1
38461,0,0,4,0
38462,0,0,2,0
38463,1,1,5,0
38464,1,0,6,0
38465,5,5,9,4
38466,1,0,3,0
38467,1,0,2,1
38468,1,0,6,0
38469,0,0,5,0
38470,0,0,4,0
38471,0,0,1,1
38472,1,2,1,1
38473,0,0,6,1
38474,6,4,8,2
38475,2,0,6,3
38476,5,3,9,1
38477,3,2,7,2
38478,0,1,3,0
38479,4,1,5,1
38480,5,5,7,2
38481,1,3,2,0
38482,2,2,5,1
38483,3,0,5,2
38484,2,2,6,1
38485,2,0,3,0
38486,3,1,5,1
38487,0,1,1,0
38488,5,3,12,3
38489,0,2,1,1
38490,1,1,1,1
38491,3,0,1,1
38492,3,0,2,0
38493,3,2,9,4
38494,0,2,4,2
38495,7,5,13,3
38496,0,1,5,2
38497,1,0,3,0
38498,1,0,2,1
38499,1,1,1,3
38500,1,1,4,1
38501,1,1,4,0
38502,0,0,1,0
38503,4,2,5,0
38504,4,2,11,1
38505,0,0,6,1
38506,1,0,6,2
38507,3,2,6,1
38508,4,5,11,3
38509,1,2,5,0
38510,4,6,9,3
38511,0,1,4,2
38512,0,0,3,0
38513,0,3,5,1
38514,4,2,6,2
38515,3,3,10,0
38516,5,6,13,3
38517,1,0,2,0
38518,3,2,6,2
38519,1,0,4,3
38520,6,3,11,4
38521,0,0,2,0
38522,1,3,6,2
38523,3,0,4,0
38524,0,1,3,1
38525,1,1,2,1
38526,0,1,2,0
38527,1,1,4,0
38528,1,1,1,0
38529,1,1,2,0
38530,0,1,1,1
38531,2,1,3,1
38532,0,0,1,1
38533,1,2,1,2
38534,2,1,1,0
38535,0,1,3,0
38536,2,1,3,0
38537,3,1,4,0
38538,1,0,5,1
38539,3,2,9,1
38540,1,0,6,0
38541,0,3,3,0
38542,1,0,6,2
38543,2,0,6,0
38544,2,0,4,2
38545,1,2,4,1
38546,1,0,1,1
38547,2,2,4,0
38548,2,5,9,2
38549,0,0,1,1
38550,6,1,8,1
38551,3,0,6,2
38552,0,3,3,0
38553,0,1,6,0
38554,0,2,5,1
38555,4,1,6,1
38556,0,0,6,1
38557,3,0,3,0
38558,0,1,6,0
38559,3,0,6,2
38560,3,2,13,1
38561,2,0,5,1
38562,2,1,1,0
38563,1,1,2,0
38564,1,0,3,1
38565,1,0,2,1
38566,6,6,8,2
38567,4,3,6,3
38568,1,0,1,0
38569,1,1,5,2
38570,0,1,6,2
38571,0,1,1,0
38572,2,4,7,1
38573,1,0,6,1
38574,1,1,6,0
38575,2,2,1,0
38576,3,2,11,2
38577,3,3,9,1
38578,0,3,5,2
38579,0,2,6,2
38580,1,0,3,0
38581,2,1,5,0
38582,0,2,6,1
38583,4,2,8,2
38584,5,4,6,2
38585,3,0,1,2
38586,1,1,3,2
38587,5,6,12,4
38588,3,3,9,1
38589,1,1,1,1
38590,5,3,11,2
38591,0,1,1,1
38592,0,1,4,0
38593,1,0,1,3
38594,1,1,3,1
38595,2,2,2,2
38596,0,0,2,1
38597,1,2,3,3
38598,1,0,1,0
38599,1,1,4,0
38600,2,2,6,3
38601,3,1,5,1
38602,0,0,4,0
38603,1,0,3,0
38604,1,1,5,0
38605,3,2,10,2
38606,2,1,2,2
38607,5,4,12,1
38608,0,3,4,2
38609,4,1,5,2
38610,8,2,9,0
38611,1,0,6,0
38612,4,5,10,0
38613,1,1,4,0
38614,1,0,6,1
38615,2,1,4,1
38616,2,1,6,1
38617,1,3,5,0
38618,4,0,4,1
38619,1,0,4,1
38620,2,0,5,0
38621,0,1,4,0
38622,0,2,6,0
38623,2,1,3,0
38624,3,6,10,2
38625,2,0,6,1
38626,1,3,6,1
38627,1,2,4,1
38628,0,1,4,0
38629,3,4,12,2
38630,1,2,1,0
38631,0,2,1,0
38632,6,2,13,1
38633,0,3,4,2
38634,2,0,3,0
38635,2,0,6,1
38636,4,1,6,3
38637,0,1,6,0
38638,0,0,4,1
38639,1,0,4,0
38640,1,1,1,0
38641,2,3,6,1
38642,1,1,4,0
38643,1,2,3,0
38644,1,2,5,2
38645,3,0,2,1
38646,0,0,5,0
38647,0,0,5,0
38648,7,5,14,2
38649,1,0,4,2
38650,2,1,1,0
38651,0,0,5,3
38652,1,1,3,2
38653,3,0,2,2
38654,8,2,9,2
38655,0,1,3,1
38656,4,4,11,2
38657,3,3,1,2
38658,7,3,12,2
38659,0,1,1,1
38660,2,4,10,1
38661,3,0,5,1
38662,3,0,3,0
38663,3,3,13,3
38664,1,1,5,0
38665,0,0,1,0
38666,2,0,4,1
38667,2,3,3,2
38668,1,0,6,1
38669,4,2,12,4
38670,1,0,5,1
38671,3,0,2,0
38672,0,1,1,2
38673,1,1,4,0
38674,2,1,3,0
38675,4,2,13,3
38676,3,3,13,1
38677,3,3,4,0
38678,1,0,5,0
38679,4,5,12,2
38680,1,2,1,0
38681,4,2,5,2
38682,0,1,3,0
38683,2,2,4,1
38684,1,1,6,0
38685,4,1,2,0
38686,3,0,1,1
38687,6,1,12,3
38688,4,3,8,0
38689,4,1,6,0
38690,1,1,4,2
38691,0,2,4,0
38692,3,0,1,2
38693,0,1,3,1
38694,2,2,2,2
38695,0,0,3,1
38696,0,0,3,0
38697,3,1,4,1
38698,2,0,6,1
38699,5,2,13,2
38700,7,2,12,3
38701,3,2,1,0
38702,1,0,5,2
38703,3,2,7,2
38704,1,1,2,1
38705,2,1,4,0
38706,1,0,2,0
38707,3,1,5,1
38708,1,1,2,0
38709,7,2,13,3
38710,0,1,6,0
38711,5,3,10,1
38712,1,2,5,0
38713,8,6,8,2
38714,1,0,6,2
38715,1,1,2,2
38716,6,6,6,1
38717,1,2,4,1
38718,0,0,5,0
38719,4,1,8,2
38720,2,0,6,0
38721,0,2,5,0
38722,2,5,8,4
38723,3,3,2,0
38724,4,2,13,0
38725,2,1,1,1
38726,2,2,6,2
38727,2,0,2,2
38728,2,0,2,0
38729,1,2,1,0
38730,1,0,3,0
38731,3,2,1,3
38732,0,0,6,1
38733,5,5,13,2
38734,1,2,1,0
38735,2,2,2,0
38736,4,1,4,1
38737,1,1,5,0
38738,1,1,3,0
38739,2,1,4,1
38740,2,0,1,0
38741,0,0,5,0
38742,3,1,6,0
38743,3,0,5,1
38744,5,3,14,1
38745,0,0,5,2
38746,1,0,1,1
38747,2,3,1,0
38748,3,2,1,0
38749,1,0,5,1
38750,0,1,4,1
38751,3,3,13,1
38752,1,3,4,0
38753,3,3,4,1
38754,1,1,3,0
38755,0,1,6,0
38756,3,0,6,1
38757,2,3,8,5
38758,6,2,11,1
38759,0,0,4,0
38760,0,1,5,2
38761,1,1,2,0
38762,0,0,3,1
38763,2,0,1,0
38764,0,2,5,0
38765,2,0,6,0
38766,2,1,3,0
38767,1,1,2,0
38768,2,0,6,2
38769,0,1,6,2
38770,2,0,2,3
38771,4,1,2,0
38772,3,2,2,0
38773,1,1,1,3
38774,6,5,9,1
38775,2,2,3,2
38776,1,1,2,1
38777,0,1,3,1
38778,1,1,4,0
38779,4,0,6,1
38780,2,1,1,1
38781,0,1,2,0
38782,1,2,3,0
38783,1,0,4,0
38784,3,1,6,0
38785,0,2,1,0
38786,2,1,4,0
38787,1,0,5,0
38788,1,3,2,1
38789,3,0,6,1
38790,3,4,5,2
38791,1,0,1,2
38792,1,1,4,0
38793,1,0,1,3
38794,2,2,6,0
38795,2,0,2,0
38796,1,1,1,2
38797,3,1,1,0
38798,1,1,1,0
38799,3,1,5,1
38800,1,1,2,0
38801,4,5,7,1
38802,4,3,11,1
38803,3,0,6,1
38804,5,3,6,3
38805,1,2,6,1
38806,1,2,5,0
38807,1,0,6,2
38808,1,2,3,0
38809,3,3,8,2
38810,2,0,4,0
38811,1,2,5,0
38812,0,1,4,1
38813,2,0,4,0
38814,4,2,3,1
38815,0,0,1,1
38816,2,0,4,0
38817,1,3,4,1
38818,0,1,3,2
38819,1,1,2,0
38820,2,1,6,0
38821,1,0,6,1
38822,2,1,6,0
38823,4,1,5,5
38824,2,1,6,1
38825,0,2,3,0
38826,2,2,4,0
38827,3,3,2,0
38828,3,0,3,2
38829,3,1,10,2
38830,3,3,7,1
38831,2,5,7,4
38832,4,4,6,2
38833,6,2,12,2
38834,2,1,1,0
38835,7,1,7,1
38836,1,3,6,1
38837,0,1,1,2
38838,0,2,4,1
38839,1,0,6,0
38840,2,0,2,0
38841,4,0,5,3
38842,2,0,1,0
38843,2,0,1,0
38844,2,2,6,3
38845,1,0,6,0
38846,3,4,5,2
38847,1,2,3,2
38848,3,3,11,2
38849,4,0,5,1
38850,1,3,5,2
38851,4,4,14,0
38852,3,0,2,0
38853,0,3,5,2
38854,0,1,2,1
38855,3,1,4,1
38856,4,0,4,1
38857,4,6,7,2
38858,0,3,3,0
38859,1,2,3,1
38860,5,2,14,3
38861,1,1,6,1
38862,6,5,9,1
38863,1,3,3,0
38864,1,0,5,1
38865,5,4,5,2
38866,1,0,1,0
38867,0,3,5,0
38868,1,0,5,1
38869,3,1,3,0
38870,0,3,4,2
38871,1,1,14,2
38872,2,1,1,1
38873,1,1,4,0
38874,1,1,6,2
38875,1,1,4,1
38876,0,3,5,1
38877,1,1,2,1
38878,4,3,6,2
38879,2,1,4,0
38880,4,2,8,3
38881,1,0,5,0
38882,1,0,5,0
38883,2,0,3,1
38884,0,0,5,1
38885,2,0,2,0
38886,4,0,1,1
38887,8,3,8,1
38888,3,0,1,3
38889,0,0,5,1
38890,3,1,6,0
38891,2,1,5,1
38892,3,2,13,3
38893,0,1,1,2
38894,2,0,5,3
38895,1,0,6,0
38896,1,0,2,2
38897,1,0,6,0
38898,1,3,4,0
38899,0,2,2,0
38900,1,0,1,1
38901,2,1,1,1
38902,1,0,2,0
38903,1,0,6,2
38904,1,0,4,1
38905,3,3,5,1
38906,3,3,6,2
38907,2,0,5,0
38908,6,2,8,2
38909,2,0,6,0
38910,0,0,4,2
38911,0,0,5,0
38912,0,0,3,0
38913,1,1,4,3
38914,1,1,3,3
38915,3,1,6,0
38916,3,1,2,1
38917,0,1,4,0
38918,2,3,2,1
38919,1,3,1,0
38920,0,1,4,0
38921,0,1,4,2
38922,0,1,4,1
38923,1,0,3,1
38924,0,0,1,2
38925,1,1,2,2
38926,1,1,5,1
38927,0,3,3,0
38928,2,2,2,0
38929,0,0,2,0
38930,0,1,2,0
38931,3,4,9,1
38932,0,1,4,1
38933,1,1,2,0
38934,4,3,12,2
38935,1,3,5,0
38936,7,1,14,3
38937,2,1,3,2
38938,3,1,3,0
38939,1,1,3,2
38940,1,3,3,3
38941,1,0,3,0
38942,3,0,3,0
38943,0,1,4,0
38944,0,0,1,1
38945,0,0,2,0
38946,6,2,13,2
38947,2,0,3,1
38948,0,0,5,0
38949,0,2,3,1
38950,3,0,1,0
38951,0,1,4,0
38952,1,0,5,1
38953,3,2,13,1
38954,3,1,5,1
38955,2,1,6,0
38956,1,1,3,0
38957,2,3,7,0
38958,0,0,6,0
38959,3,1,6,1
38960,1,2,4,1
38961,1,1,4,0
38962,1,1,4,0
38963,3,1,2,2
38964,1,2,4,3
38965,3,0,4,0
38966,0,1,1,1
38967,7,6,8,1
38968,1,1,3,0
38969,5,2,9,2
38970,0,0,6,0
38971,1,1,4,0
38972,1,2,6,1
38973,0,1,2,1
38974,3,1,4,0
38975,2,3,6,5
38976,2,1,4,0
38977,6,4,7,1
38978,6,4,14,1
38979,2,1,6,0
38980,0,3,4,1
38981,0,1,5,0
38982,0,0,6,0
38983,1,2,4,2
38984,0,1,3,2
38985,2,0,3,0
38986,0,0,3,0
38987,5,1,11,2
38988,1,1,1,0
38989,1,2,4,2
38990,2,2,4,1
38991,1,1,2,0
38992,2,0,1,0
38993,5,2,9,2
38994,1,3,1,1
38995,5,2,6,2
38996,0,0,3,2
38997,1,1,1,3
38998,0,0,4,0
38999,1,0,6,1
39000,0,1,5,0
39001,2,3,2,0
39002,4,3,7,1
39003,7,4,13,1
39004,0,1,2,2
39005,3,0,6,2
39006,2,1,1,0
39007,3,0,4,1
39008,4,2,8,3
39009,3,1,4,1
39010,0,0,5,2
39011,0,1,4,0
39012,0,0,1,0
39013,1,0,1,3
39014,7,2,11,1
39015,2,1,4,0
39016,0,0,5,0
39017,1,0,1,2
39018,0,2,3,0
39019,4,0,1,0
39020,1,3,2,0
39021,0,1,3,0
39022,5,1,9,2
39023,0,0,2,1
39024,1,1,4,3
39025,0,0,4,0
39026,0,0,6,0
39027,1,3,6,0
39028,1,1,3,0
39029,1,0,3,0
39030,3,3,10,1
39031,2,1,1,0
39032,1,0,6,1
39033,5,4,8,1
39034,2,3,1,0
39035,1,1,1,0
39036,6,3,10,5
39037,0,0,5,0
39038,2,2,5,1
39039,1,1,4,0
39040,1,1,5,3
39041,6,3,5,1
39042,0,1,2,0
39043,3,1,6,2
39044,0,1,4,0
39045,7,4,14,2
39046,4,4,10,3
39047,1,1,6,1
39048,5,3,11,2
39049,4,1,5,2
39050,5,2,6,1
39051,3,2,6,2
39052,0,0,2,0
39053,2,1,4,1
39054,5,1,12,5
39055,2,1,5,0
39056,5,5,9,3
39057,0,0,1,1
39058,5,4,12,3
39059,2,0,4,2
39060,0,0,1,0
39061,1,1,3,1
39062,2,3,6,1
39063,2,1,3,0
39064,2,4,6,3
39065,1,1,3,2
39066,1,1,4,2
39067,3,0,2,0
39068,1,3,5,0
39069,1,1,6,0
39070,2,1,1,0
39071,0,0,1,3
39072,3,2,9,4
39073,2,1,3,0
39074,2,1,3,0
39075,2,1,1,0
39076,1,0,1,1
39077,1,0,3,0
39078,5,4,9,0
39079,0,0,2,0
39080,3,0,4,1
39081,0,1,5,1
39082,3,1,2,1
39083,0,3,4,0
39084,3,0,5,0
39085,1,1,5,3
39086,2,3,4,0
39087,0,1,5,2
39088,2,1,6,2
39089,0,0,3,0
39090,4,2,6,1
39091,1,2,2,3
39092,3,0,5,1
39093,7,1,12,2
39094,0,2,2,0
39095,1,1,1,1
39096,1,1,1,0
39097,5,3,12,2
39098,0,0,2,1
39099,0,0,3,0
39100,0,0,2,1
39101,4,0,4,0
39102,1,4,6,3
39103,0,2,2,0
39104,4,3,9,2
39105,1,0,5,1
39106,5,3,6,3
39107,0,1,4,0
39108,1,2,5,0
39109,8,3,5,1
39110,4,2,6,3
39111,1,0,3,0
39112,1,0,2,1
39113,2,1,2,0
39114,2,1,4,1
39115,0,0,4,0
39116,0,1,6,3
39117,3,0,5,2
39118,0,3,4,0
39119,1,2,5,3
39120,1,0,6,1
39121,1,0,2,1
39122,3,1,5,3
39123,2,0,5,0
39124,1,3,4,2
39125,0,1,2,0
39126,8,5,14,3
39127,4,2,6,1
39128,1,2,4,1
39129,0,2,1,3
39130,0,1,6,0
39131,0,0,3,1
39132,2,1,5,1
39133,4,1,6,3
39134,1,0,1,0
39135,1,1,4,2
39136,1,0,4,2
39137,1,0,2,1
39138,5,4,6,2
39139,2,4,5,1
39140,1,0,3,0
39141,0,1,4,2
39142,3,1,3,1
39143,1,1,5,1
39144,0,1,2,0
39145,4,1,11,2
39146,0,1,5,1
39147,0,1,5,0
39148,1,1,2,0
39149,1,0,1,1
39150,1,1,6,0
39151,3,2,3,0
39152,1,0,6,0
39153,0,0,6,0
39154,0,1,1,0
39155,1,1,3,2
39156,5,3,7,2
39157,4,1,2,1
39158,7,3,14,3
39159,5,1,11,2
39160,4,0,4,1
39161,1,2,2,2
39162,3,0,3,1
39163,4,1,14,0
39164,1,0,1,0
39165,1,0,3,2
39166,2,3,4,0
39167,1,0,2,0
39168,0,0,5,1
39169,0,1,6,2
39170,5,3,5,2
39171,1,1,4,0
39172,1,0,5,0
39173,4,2,8,1
39174,0,0,2,2
39175,3,2,3,0
39176,3,0,6,0
39177,0,2,1,1
39178,4,0,5,3
39179,0,0,6,0
39180,0,3,6,0
39181,0,2,6,0
39182,0,1,3,3
39183,2,3,7,4
39184,0,2,4,1
39185,2,0,2,0
39186,1,1,5,0
39187,0,1,6,1
39188,0,1,2,2
39189,3,4,12,4
39190,3,3,5,1
39191,1,4,5,1
39192,1,0,1,2
39193,0,2,5,0
39194,4,3,1,1
39195,1,0,3,1
39196,7,5,10,1
39197,3,1,11,0
39198,1,3,5,1
39199,0,1,6,0
39200,3,0,6,1
39201,2,0,5,0
39202,0,0,6,2
39203,1,3,4,1
39204,1,0,5,0
39205,1,0,6,0
39206,1,0,1,0
39207,1,1,5,0
39208,1,3,6,0
39209,2,0,2,0
39210,3,0,4,1
39211,3,1,2,0
39212,6,3,11,3
39213,1,1,8,2
39214,1,1,3,0
39215,0,3,1,0
39216,7,4,11,2
39217,3,0,2,0
39218,1,3,5,1
39219,5,3,6,2
39220,2,0,1,3
39221,1,3,3,0
39222,0,1,2,1
39223,0,0,6,0
39224,0,1,3,1
39225,0,0,2,0
39226,3,4,5,1
39227,2,3,4,0
39228,4,2,11,2
39229,2,1,5,1
39230,3,0,3,2
39231,3,3,3,3
39232,6,4,11,1
39233,1,1,4,0
39234,1,2,3,2
39235,0,0,5,1
39236,3,0,2,0
39237,2,0,2,0
39238,2,1,2,0
39239,0,0,5,0
39240,4,4,13,2
39241,5,3,8,4
39242,1,1,2,1
39243,1,0,3,1
39244,1,1,6,0
39245,2,3,2,1
39246,0,2,1,0
39247,1,1,5,0
39248,4,1,6,1
39249,0,1,1,2
39250,1,3,6,2
39251,3,0,3,1
39252,1,0,2,1
39253,0,3,4,2
39254,0,2,5,0
39255,0,2,3,1
39256,0,2,4,1
39257,1,0,1,0
39258,3,0,2,0
39259,0,0,4,0
39260,0,0,1,0
39261,1,0,6,0
39262,0,1,5,0
39263,2,1,2,0
39264,1,1,2,2
39265,4,3,9,3
39266,2,0,5,0
39267,1,3,1,0
39268,3,1,4,0
39269,1,1,5,0
39270,0,0,5,1
39271,3,2,6,0
39272,0,3,2,1
39273,1,0,6,1
39274,0,3,3,1
39275,1,0,2,0
39276,1,1,6,1
39277,0,1,5,0
39278,1,2,1,0
39279,2,0,2,0
39280,5,5,7,1
39281,1,4,9,1
39282,2,2,4,0
39283,3,1,2,0
39284,1,1,2,1
39285,1,0,5,0
39286,3,0,1,1
39287,0,1,3,2
39288,3,0,6,0
39289,3,1,3,0
39290,1,1,5,1
39291,0,0,1,0
39292,1,1,3,0
39293,8,3,6,4
39294,0,1,6,0
39295,0,1,2,0
39296,2,3,2,0
39297,0,1,3,2
39298,0,0,4,1
39299,1,0,2,1
39300,3,1,3,2
39301,1,0,2,3
39302,2,1,6,0
39303,0,0,4,1
39304,6,2,6,2
39305,1,0,1,3
39306,0,1,2,0
39307,5,2,11,3
39308,1,0,5,0
39309,2,0,2,1
39310,0,1,5,1
39311,7,3,11,1
39312,0,0,1,1
39313,3,0,2,2
39314,2,2,5,2
39315,4,0,4,1
39316,0,2,4,0
39317,6,1,10,3
39318,1,2,5,0
39319,4,2,9,2
39320,1,3,3,1
39321,1,0,4,0
39322,1,0,2,0
39323,1,1,1,3
39324,1,0,4,1
39325,3,3,8,1
39326,3,1,2,0
39327,1,0,5,1
39328,2,1,2,0
39329,2,2,2,2
39330,1,2,6,0
39331,0,0,5,0
39332,1,3,6,0
39333,0,2,6,0
39334,2,0,6,1
39335,5,2,12,3
39336,2,2,3,0
39337,2,0,1,1
39338,3,2,4,0
39339,3,4,12,2
39340,0,1,3,0
39341,0,0,1,2
39342,0,0,3,0
39343,0,0,3,1
39344,3,1,6,0
39345,0,1,3,0
39346,0,2,5,3
39347,0,1,3,0
39348,1,0,5,1
39349,1,0,6,1
39350,2,3,4,0
39351,4,3,12,2
39352,0,1,6,3
39353,4,2,6,0
39354,0,1,6,1
39355,2,0,6,2
39356,5,2,13,1
39357,4,4,7,1
39358,1,0,4,0
39359,3,0,6,3
39360,4,1,2,0
39361,3,2,5,1
39362,2,3,2,0
39363,0,1,5,0
39364,3,2,13,2
39365,1,2,1,1
39366,0,1,2,2
39367,2,0,1,1
39368,2,1,3,1
39369,1,0,1,1
39370,6,1,14,2
39371,3,0,2,0
39372,1,2,1,0
39373,3,0,4,2
39374,0,1,4,0
39375,1,0,3,0
39376,0,1,4,0
39377,2,2,3,0
39378,1,1,4,1
39379,5,3,14,1
39380,4,2,13,2
39381,3,3,4,1
39382,4,0,5,0
39383,0,1,5,0
39384,1,1,6,1
39385,5,3,7,2
39386,6,3,8,2
39387,1,0,5,0
39388,0,1,5,0
39389,4,4,5,1
39390,0,0,3,0
39391,3,2,1,0
39392,7,6,11,1
39393,2,1,2,1
39394,0,1,3,2
39395,0,1,3,1
39396,2,1,2,1
39397,0,2,2,0
39398,3,0,2,0
39399,2,0,4,0
39400,4,3,14,2
39401,1,0,1,3
39402,2,0,3,2
39403,1,0,5,1
39404,3,2,2,0
39405,1,1,5,0
39406,2,1,2,0
39407,1,2,6,2
39408,2,1,6,2
39409,0,3,5,3
39410,4,4,7,2
39411,1,0,2,1
39412,2,0,1,2
39413,1,1,1,2
39414,1,0,5,0
39415,0,0,4,0
39416,2,1,5,0
39417,1,0,6,0
39418,2,2,4,1
39419,1,1,2,1
39420,1,0,3,0
39421,1,0,5,3
39422,3,0,3,0
39423,2,0,4,0
39424,0,3,2,2
39425,0,0,5,1
39426,0,0,5,1
39427,2,4,6,2
39428,2,0,1,0
39429,7,3,13,1
39430,4,4,12,1
39431,4,3,4,1
39432,4,5,13,4
39433,0,0,4,1
39434,0,1,4,1
39435,3,0,1,0
39436,0,3,3,1
39437,0,0,4,0
39438,8,4,14,2
39439,0,2,5,0
39440,2,3,9,2
39441,5,4,7,3
39442,3,1,4,0
39443,0,1,6,0
39444,1,0,1,1
39445,0,0,3,0
39446,3,3,5,0
39447,0,1,6,0
39448,1,0,5,1
39449,1,1,5,0
39450,0,0,5,2
39451,1,0,6,0
39452,4,3,5,1
39453,1,2,2,1
39454,2,0,2,1
39455,4,4,7,0
39456,2,1,3,2
39457,0,1,2,1
39458,2,1,4,0
39459,2,2,3,0
39460,4,4,5,2
39461,2,1,6,1
39462,3,1,5,1
39463,3,1,4,0
39464,1,0,6,1
39465,5,3,9,1
39466,2,0,4,2
39467,1,1,2,0
39468,3,0,6,0
39469,1,2,5,0
39470,0,3,6,1
39471,5,1,9,4
39472,3,0,6,0
39473,0,1,1,0
39474,1,0,4,0
39475,2,3,10,2
39476,2,1,2,2
39477,6,4,13,3
39478,1,0,3,2
39479,2,3,5,1
39480,3,1,3,0
39481,4,1,3,0
39482,3,0,4,1
39483,1,0,2,0
39484,2,1,5,0
39485,4,2,12,3
39486,2,0,3,0
39487,1,2,3,0
39488,2,2,11,1
39489,3,4,11,2
39490,2,3,1,2
39491,0,0,4,0
39492,0,0,6,0
39493,1,0,5,0
39494,1,1,5,0
39495,1,3,6,0
39496,2,2,2,0
39497,2,0,3,1
39498,2,2,5,2
39499,3,4,5,1
39500,1,3,3,2
39501,2,2,6,3
39502,1,1,3,1
39503,2,1,6,2
39504,0,0,4,3
39505,2,3,4,2
39506,2,0,4,2
39507,1,1,6,0
39508,1,3,3,1
39509,1,3,4,0
39510,0,0,5,0
39511,0,1,4,0
39512,1,2,6,0
39513,4,4,7,2
39514,1,3,5,0
39515,2,0,6,1
39516,0,2,5,0
39517,3,1,6,0
39518,2,1,6,0
39519,1,0,4,1
39520,2,0,6,0
39521,0,3,1,1
39522,2,0,3,0
39523,0,0,1,0
39524,3,2,6,1
39525,3,1,3,0
39526,0,0,5,1
39527,2,1,6,2
39528,1,1,5,0
39529,7,3,8,2
39530,1,1,2,0
39531,0,0,3,2
39532,1,3,6,1
39533,1,0,3,1
39534,1,3,6,1
39535,5,2,9,2
39536,1,1,2,0
39537,1,1,4,3
39538,3,1,1,0
39539,7,6,7,4
39540,3,2,4,1
39541,1,1,3,0
39542,0,0,5,0
39543,0,0,3,2
39544,3,3,6,1
39545,1,0,4,0
39546,1,1,4,0
39547,1,2,5,0
39548,4,4,12,2
39549,1,2,3,0
39550,2,0,3,0
39551,0,1,2,1
39552,1,0,2,1
39553,1,0,2,1
39554,0,0,4,0
39555,1,0,5,2
39556,1,1,3,0
39557,1,3,2,2
39558,0,1,1,0
39559,1,0,5,2
39560,1,1,3,0
39561,1,3,1,1
39562,5,4,10,1
39563,1,1,3,1
39564,3,4,12,3
39565,7,2,12,2
39566,4,1,6,0
39567,0,0,3,0
39568,3,2,10,2
39569,3,2,1,0
39570,2,0,3,1
39571,1,1,5,0
39572,0,1,4,0
39573,0,1,1,1
39574,4,0,5,0
39575,1,5,13,1
39576,3,1,1,3
39577,0,0,5,0
39578,5,2,7,2
39579,1,1,4,0
39580,0,1,4,0
39581,1,0,6,0
39582,0,0,1,2
39583,2,2,3,1
39584,7,2,9,5
39585,0,1,1,0
39586,0,0,1,0
39587,1,0,2,3
39588,0,1,3,1
39589,2,0,3,0
39590,0,1,4,0
39591,1,1,3,2
39592,2,2,3,2
39593,1,1,1,3
39594,0,1,4,0
39595,2,0,4,0
39596,1,1,1,2
39597,0,2,4,2
39598,4,0,2,3
39599,1,0,3,1
39600,3,3,13,3
39601,2,0,2,0
39602,5,3,9,1
39603,0,1,4,1
39604,0,0,1,0
39605,1,0,1,0
39606,0,1,1,1
39607,1,1,4,1
39608,3,3,5,2
39609,2,1,4,2
39610,2,0,1,2
39611,2,2,5,1
39612,1,1,4,1
39613,0,1,5,0
39614,3,4,10,3
39615,1,0,4,2
39616,2,1,1,0
39617,1,1,6,0
39618,3,0,3,0
39619,2,1,3,0
39620,0,2,2,0
39621,3,1,4,0
39622,2,2,5,0
39623,4,3,6,1
39624,1,0,4,1
39625,1,3,6,0
39626,2,1,6,2
39627,1,1,6,1
39628,4,1,3,0
39629,2,1,4,1
39630,1,1,6,0
39631,1,1,3,2
39632,0,3,3,0
39633,2,0,5,0
39634,1,1,6,1
39635,2,0,5,0
39636,2,0,1,0
39637,1,5,9,1
39638,4,3,13,3
39639,0,1,4,2
39640,0,0,1,0
39641,0,0,3,0
39642,0,1,2,1
39643,3,1,3,0
39644,2,1,5,0
39645,2,0,1,0
39646,2,0,3,1
39647,0,3,2,0
39648,4,2,6,0
39649,0,1,1,1
39650,4,2,8,1
39651,2,2,3,0
39652,5,4,14,2
39653,0,2,3,1
39654,1,0,5,1
39655,0,2,1,0
39656,3,3,9,2
39657,0,0,5,1
39658,0,0,6,1
39659,4,0,3,0
39660,0,2,1,2
39661,0,1,1,0
39662,0,1,4,2
39663,0,0,6,2
39664,0,0,4,1
39665,3,1,6,2
39666,1,0,5,0
39667,0,0,4,1
39668,1,1,2,2
39669,1,1,3,0
39670,1,0,2,3
39671,1,1,4,0
39672,3,1,4,0
39673,1,0,5,0
39674,3,4,5,3
39675,3,3,5,0
39676,0,2,3,0
39677,2,0,6,0
39678,1,5,14,3
39679,0,2,1,1
39680,4,3,9,1
39681,1,0,6,0
39682,5,2,10,4
39683,1,0,4,0
39684,3,1,6,0
39685,1,2,2,1
39686,2,1,3,1
39687,8,3,10,2
39688,0,3,5,0
39689,0,1,4,0
39690,2,3,1,0
39691,0,1,1,3
39692,1,3,2,3
39693,0,0,2,2
39694,1,3,1,2
39695,1,0,5,1
39696,2,0,5,0
39697,0,1,3,1
39698,1,1,6,2
39699,1,3,3,2
39700,1,0,4,0
39701,2,1,5,1
39702,1,0,1,0
39703,0,0,4,1
39704,1,0,6,0
39705,0,0,1,1
39706,0,2,2,0
39707,4,0,4,0
39708,1,2,4,1
39709,5,3,6,1
39710,0,1,4,0
39711,6,4,14,1
39712,0,1,1,0
39713,3,1,2,0
39714,0,0,2,0
39715,0,2,6,2
39716,2,1,5,0
39717,1,0,3,0
39718,3,0,3,0
39719,1,3,9,1
39720,2,1,3,0
39721,2,1,3,1
39722,1,0,2,1
39723,2,1,6,1
39724,1,3,6,1
39725,6,4,5,3
39726,2,2,2,1
39727,1,2,4,1
39728,2,2,3,2
39729,2,2,3,1
39730,1,0,1,0
39731,1,1,1,2
39732,0,1,5,0
39733,0,1,3,0
39734,1,2,5,0
39735,1,2,2,1
39736,0,0,5,2
39737,1,1,2,1
39738,1,2,5,1
39739,5,4,12,3
39740,5,3,6,0
39741,2,0,4,1
39742,3,4,5,1
39743,4,0,3,1
39744,1,0,5,0
39745,2,1,5,0
39746,3,3,5,2
39747,4,3,14,3
39748,1,1,6,1
39749,4,4,5,1
39750,5,2,6,1
39751,1,0,5,0
39752,1,1,6,1
39753,0,1,1,1
39754,0,1,2,2
39755,3,0,5,2
39756,4,2,10,2
39757,1,1,2,2
39758,1,3,4,2
39759,2,0,1,1
39760,0,0,2,0
39761,2,3,6,0
39762,1,1,2,2
39763,4,4,12,2
39764,1,0,2,0
39765,2,1,4,0
39766,5,3,9,1
39767,1,0,1,1
39768,2,0,4,1
39769,3,3,5,3
39770,1,3,2,2
39771,3,4,9,1
39772,3,1,5,1
39773,0,2,5,0
39774,3,2,8,2
39775,5,3,12,1
39776,2,0,3,0
39777,0,2,6,0
39778,4,4,9,3
39779,0,1,1,1
39780,3,2,6,4
39781,1,0,3,2
39782,1,0,6,1
39783,1,0,3,0
39784,0,1,5,1
39785,0,0,1,0
39786,0,0,3,2
39787,3,5,9,1
39788,2,2,4,1
39789,0,1,1,0
39790,2,2,3,0
39791,1,1,4,1
39792,3,2,13,3
39793,4,2,14,2
39794,2,0,2,0
39795,2,2,6,0
39796,1,1,2,1
39797,1,0,5,0
39798,2,0,1,0
39799,2,2,5,0
39800,1,0,6,0
39801,0,3,5,2
39802,1,1,2,0
39803,1,1,3,0
39804,2,0,2,1
39805,2,2,3,1
39806,1,0,2,0
39807,0,2,6,2
39808,0,1,5,0
39809,3,1,3,0
39810,6,2,13,0
39811,4,4,14,3
39812,0,0,6,0
39813,2,1,2,1
39814,2,1,3,2
39815,2,1,2,0
39816,5,5,7,2
39817,4,0,2,1
39818,3,2,4,3
39819,2,0,3,2
39820,5,5,5,1
39821,1,2,2,1
39822,1,0,2,2
39823,5,1,9,2
39824,1,1,3,3
39825,1,0,4,0
39826,7,4,7,2
39827,3,1,2,2
39828,0,3,3,0
39829,1,1,6,1
39830,0,0,3,1
39831,2,2,6,2
39832,1,0,4,0
39833,2,1,3,0
39834,1,3,2,0
39835,4,2,3,0
39836,1,1,2,0
39837,2,3,13,1
39838,1,1,6,1
39839,0,1,6,0
39840,3,1,8,2
39841,1,1,4,0
39842,1,4,13,1
39843,3,2,8,1
39844,1,2,1,1
39845,0,0,5,1
39846,1,3,3,1
39847,3,0,4,2
39848,1,1,2,0
39849,0,0,6,1
39850,5,6,11,1
39851,3,0,2,2
39852,6,3,13,1
39853,3,1,4,0
39854,1,2,6,0
39855,0,0,5,1
39856,4,2,1,2
39857,6,4,11,0
39858,0,0,1,0
39859,3,2,5,2
39860,0,1,5,0
39861,2,2,6,0
39862,4,2,5,0
39863,0,0,5,0
39864,3,2,2,3
39865,4,4,12,1
39866,1,1,5,2
39867,0,3,3,0
39868,5,3,8,1
39869,4,3,8,0
39870,1,0,4,2
39871,0,0,5,1
39872,3,0,3,1
39873,2,1,5,0
39874,7,3,7,2
39875,1,1,10,2
39876,1,0,6,0
39877,3,1,2,0
39878,1,0,3,3
39879,0,1,2,0
39880,2,0,3,0
39881,0,0,1,1
39882,2,1,4,2
39883,1,0,3,0
39884,2,0,3,2
39885,3,0,2,3
39886,8,3,12,2
39887,3,1,1,1
39888,1,2,6,1
39889,5,3,12,2
39890,0,2,2,1
39891,1,1,1,0
39892,4,2,1,0
39893,8,2,8,3
39894,1,1,6,2
39895,1,2,2,0
39896,1,1,1,0
39897,3,3,1,1
39898,1,0,4,0
39899,3,1,2,1
39900,5,2,5,2
39901,2,1,2,0
39902,1,1,5,0
39903,1,2,1,1
39904,1,0,1,0
39905,2,0,2,1
39906,1,1,6,1
39907,0,0,5,1
39908,1,0,3,0
39909,4,0,1,2
39910,1,2,4,1
39911,3,1,3,1
39912,0,0,4,0
39913,2,3,4,1
39914,0,1,5,0
39915,0,1,2,0
39916,0,1,1,0
39917,3,1,13,3
39918,2,1,5,0
39919,1,0,5,1
39920,2,1,3,1
39921,0,2,5,0
39922,1,1,1,1
39923,5,2,9,2
39924,0,1,5,1
39925,1,3,3,2
39926,1,0,3,2
39927,1,1,2,1
39928,1,2,5,0
39929,4,0,6,2
39930,5,6,8,3
39931,4,1,4,2
39932,2,3,5,2
39933,4,4,5,3
39934,0,3,5,1
39935,0,0,6,0
39936,5,1,11,2
39937,0,1,4,1
39938,3,1,2,0
39939,4,5,8,3
39940,2,0,5,0
39941,3,1,7,1
39942,0,1,2,2
39943,1,1,3,1
39944,4,0,6,2
39945,1,0,1,1
39946,2,2,2,1
39947,4,1,4,0
39948,1,0,1,1
39949,3,0,6,0
39950,4,0,4,1
39951,1,0,1,2
39952,5,3,13,3
39953,3,5,13,1
39954,2,4,8,3
39955,1,0,2,0
39956,0,0,3,0
39957,4,3,6,3
39958,1,2,4,3
39959,3,0,2,2
39960,1,2,4,0
39961,7,3,10,2
39962,2,0,5,0
39963,3,1,12,2
39964,1,1,2,1
39965,1,2,3,2
39966,2,1,6,0
39967,1,0,4,1
39968,0,3,4,0
39969,6,5,12,1
39970,1,2,2,0
39971,8,4,11,3
39972,8,2,13,2
39973,3,1,3,0
39974,4,3,11,1
39975,1,0,5,1
39976,1,2,1,1
39977,0,2,6,0
39978,0,3,3,0
39979,0,0,3,1
39980,1,0,3,1
39981,1,0,5,1
39982,1,2,4,0
39983,0,3,3,0
39984,1,1,4,0
39985,1,0,3,0
39986,0,1,1,0
39987,0,2,4,1
39988,4,1,5,3
39989,1,0,4,1
39990,1,2,6,0
39991,0,0,4,0
39992,0,0,6,0
39993,1,1,6,0
39994,0,0,1,0
39995,3,0,4,2
39996,0,1,2,2
39997,1,0,1,0
39998,2,1,6,0
39999,3,3,6,0
40000,1,1,5,3
40001,1,2,2,1
40002,1,0,2,0
40003,3,5,7,0
40004,1,0,1,3
40005,1,3,2,1
40006,4,4,12,5
40007,3,1,3,0
40008,1,1,5,2
40009,5,2,12,3
40010,1,0,5,2
40011,1,0,1,1
40012,0,0,4,0
40013,1,2,6,0
40014,0,0,2,0
40015,0,1,1,0
40016,1,1,5,3
40017,1,0,1,2
40018,0,1,5,1
40019,1,0,3,1
40020,3,3,2,0
40021,1,2,4,2
40022,0,0,1,1
40023,2,2,8,1
40024,5,2,8,3
40025,0,1,5,1
40026,1,1,1,2
40027,0,3,4,1
40028,6,4,11,1
40029,1,1,3,0
40030,5,4,13,3
40031,0,0,4,3
40032,2,2,3,1
40033,0,0,3,0
40034,0,3,5,1
40035,3,6,14,1
40036,0,1,1,0
40037,0,0,5,2
40038,0,0,4,0
40039,0,1,5,2
40040,1,0,6,0
40041,2,1,4,0
40042,6,4,14,2
40043,0,0,6,0
40044,3,0,4,1
40045,4,3,9,1
40046,2,1,1,0
40047,4,1,3,2
40048,1,1,1,1
40049,2,2,5,0
40050,1,1,3,0
40051,0,1,3,0
40052,3,0,1,3
40053,3,4,6,2
40054,1,1,2,1
40055,3,2,6,0
40056,3,1,6,2
40057,1,0,6,0
40058,1,0,1,0
40059,2,2,4,0
40060,1,0,3,0
40061,0,1,5,0
40062,1,3,5,0
40063,3,0,5,2
40064,1,1,3,2
40065,1,0,5,0
40066,4,1,10,3
40067,2,0,5,1
40068,1,0,4,0
40069,2,0,4,0
40070,1,4,14,2
40071,1,0,2,0
40072,3,3,5,2
40073,0,0,3,2
40074,0,1,6,1
40075,3,0,3,1
40076,7,2,5,3
40077,6,5,10,2
40078,0,0,1,1
40079,1,0,2,2
40080,6,3,8,2
40081,3,1,5,1
40082,2,4,5,1
40083,3,1,5,1
40084,1,0,5,3
40085,3,0,6,1
40086,1,0,2,1
40087,1,0,5,0
40088,5,4,6,3
40089,0,0,6,1
40090,1,0,5,0
40091,0,1,5,2
40092,0,0,2,0
40093,7,3,12,2
40094,1,3,5,0
40095,0,1,2,0
40096,1,2,6,1
40097,1,0,1,1
40098,2,0,1,0
40099,1,0,6,0
40100,2,0,2,0
40101,0,0,6,1
40102,0,0,1,0
40103,2,1,2,1
40104,1,1,1,0
40105,2,0,1,0
40106,3,0,2,2
40107,2,3,14,2
40108,4,4,8,3
40109,0,3,2,1
40110,0,0,1,0
40111,1,0,1,0
40112,1,1,4,1
40113,1,0,2,0
40114,0,0,5,3
40115,1,0,4,0
40116,1,0,6,0
40117,0,1,5,1
40118,0,1,5,0
40119,1,2,5,0
40120,0,0,4,1
40121,3,2,10,2
40122,3,2,4,0
40123,4,1,4,0
40124,0,2,1,2
40125,0,1,6,0
40126,3,0,4,0
40127,2,3,4,1
40128,1,0,1,0
40129,5,5,14,3
40130,0,3,6,1
40131,2,3,4,2
40132,6,2,10,0
40133,1,1,3,0
40134,2,1,4,0
40135,5,3,9,2
40136,4,2,7,3
40137,2,2,4,1
40138,0,0,3,0
40139,0,0,3,1
40140,3,2,3,0
40141,6,2,13,1
40142,4,4,10,0
40143,2,0,3,1
40144,0,0,3,0
40145,2,0,3,1
40146,1,0,3,2
40147,2,3,1,1
40148,0,1,6,1
40149,2,1,1,0
40150,3,1,1,0
40151,1,0,3,0
40152,1,0,2,1
40153,2,4,7,2
40154,3,1,4,0
40155,6,2,12,1
40156,1,1,1,1
40157,0,0,1,0
40158,1,0,4,0
40159,1,0,4,0
40160,2,0,2,1
40161,1,0,6,0
40162,1,1,3,2
40163,4,2,5,1
40164,0,0,5,0
40165,4,3,6,2
40166,1,2,5,2
40167,1,1,2,0
40168,2,3,2,1
40169,0,0,1,0
40170,0,0,3,0
40171,0,0,3,0
40172,0,1,1,1
40173,5,3,6,1
40174,4,0,3,0
40175,1,1,2,0
40176,2,0,4,1
40177,0,0,5,0
40178,3,0,4,0
40179,1,0,5,1
40180,3,0,2,1
40181,1,0,5,0
40182,1,0,4,0
40183,4,2,6,2
40184,1,1,3,0
40185,4,0,4,0
40186,2,0,6,3
40187,0,1,4,0
40188,5,4,14,1
40189,0,0,3,3
40190,1,2,4,0
40191,2,3,6,1
40192,2,1,3,0
40193,0,0,4,2
40194,3,0,3,2
40195,3,1,2,2
40196,1,0,4,0
40197,5,1,7,1
40198,5,4,12,2
40199,1,0,2,0
40200,6,1,10,4
40201,1,1,4,0
40202,0,1,2,1
40203,6,3,9,0
40204,3,0,3,0
40205,0,0,6,0
40206,1,0,5,2
40207,2,0,5,1
40208,2,1,3,0
40209,5,2,8,3
40210,1,1,3,1
40211,2,0,6,0
40212,2,3,2,1
40213,1,2,2,1
40214,1,1,4,1
40215,1,0,1,0
40216,0,2,3,0
40217,1,2,2,1
40218,2,3,5,1
40219,4,4,6,1
40220,4,0,3,0
40221,2,1,2,0
40222,0,2,3,2
40223,2,0,5,0
40224,1,0,6,0
40225,1,1,5,1
40226,2,0,4,1
40227,4,1,4,1
40228,2,0,2,0
40229,1,0,4,1
40230,4,3,9,1
40231,3,1,6,0
40232,0,3,3,0
40233,0,2,4,0
40234,2,4,10,2
40235,3,1,4,0
40236,2,0,4,3
40237,1,0,2,0
40238,1,1,1,0
40239,4,3,9,3
40240,0,1,2,2
40241,1,2,6,0
40242,1,0,3,0
40243,2,2,5,0
40244,0,0,2,1
40245,1,2,4,0
40246,1,2,12,2
40247,4,2,8,0
40248,0,1,4,2
40249,0,1,1,1
40250,0,1,3,1
40251,4,1,6,0
40252,2,0,1,0
40253,0,0,1,2
40254,6,2,7,1
40255,1,1,1,1
40256,6,4,13,2
40257,5,3,13,2
40258,3,4,10,5
40259,1,0,6,0
40260,0,1,3,0
40261,1,1,5,0
40262,1,1,4,3
40263,1,1,5,2
40264,0,2,3,1
40265,0,3,2,1
40266,2,2,10,2
40267,0,1,1,0
40268,1,2,6,1
40269,0,1,4,2
40270,4,6,12,4
40271,2,2,5,1
40272,3,1,1,0
40273,2,1,3,1
40274,0,0,1,1
40275,2,1,5,0
40276,0,1,4,0
40277,0,1,5,0
40278,0,0,4,2
40279,0,2,2,1
40280,3,0,5,0
40281,0,0,3,0
40282,0,0,2,0
40283,4,0,4,1
40284,2,0,6,3
40285,0,1,2,1
40286,1,0,2,1
40287,3,0,2,1
40288,0,0,6,1
40289,1,1,3,1
40290,1,2,4,1
40291,0,3,5,2
40292,2,0,1,1
40293,3,1,6,0
40294,1,1,5,1
40295,1,1,3,1
40296,1,0,1,1
40297,2,1,6,0
40298,0,3,4,1
40299,1,3,4,3
40300,1,0,5,1
40301,1,0,2,1
40302,0,2,1,1
40303,0,1,3,0
40304,7,3,5,4
40305,1,2,5,0
40306,0,0,6,0
40307,4,2,11,2
40308,4,1,9,3
40309,2,3,3,1
40310,6,6,12,1
40311,0,2,6,1
40312,0,2,4,0
40313,2,2,5,0
40314,3,2,5,1
40315,0,0,1,0
40316,0,2,3,1
40317,2,1,5,0
40318,0,0,5,2
40319,0,3,2,1
40320,0,2,6,1
40321,0,3,1,1
40322,3,0,4,2
40323,0,2,6,0
40324,1,0,2,1
40325,3,1,6,0
40326,0,3,2,0
40327,2,3,6,1
40328,2,2,3,0
40329,1,1,2,0
40330,0,1,5,2
40331,3,4,6,2
40332,0,1,2,2
40333,3,0,5,1
40334,1,1,5,1
40335,7,2,8,1
40336,4,2,5,2
40337,0,1,6,1
40338,0,1,3,0
40339,2,0,6,0
40340,1,1,5,0
40341,0,0,4,0
40342,1,2,4,1
40343,2,0,4,0
40344,2,1,6,3
40345,1,0,1,0
40346,3,1,5,2
40347,2,1,3,2
40348,0,0,2,1
40349,4,4,12,2
40350,1,2,5,0
40351,2,1,6,0
40352,1,0,1,0
40353,1,1,3,0
40354,4,3,7,3
40355,4,0,1,0
40356,2,2,5,0
40357,2,1,2,2
40358,1,2,3,0
40359,4,0,3,3
40360,0,0,1,3
40361,2,2,4,2
40362,6,1,13,4
40363,0,1,5,1
40364,2,1,5,0
40365,0,2,6,0
40366,2,0,1,0
40367,0,0,3,1
40368,0,1,1,2
40369,3,0,1,0
40370,1,0,6,3
40371,2,1,3,1
40372,1,1,4,2
40373,1,1,2,1
40374,0,2,3,1
40375,1,0,4,1
40376,1,0,4,0
40377,4,2,4,0
40378,4,2,10,1
40379,2,1,4,3
40380,3,0,3,2
40381,2,0,2,0
40382,2,0,5,2
40383,2,0,1,0
40384,0,2,3,0
40385,3,2,5,3
40386,0,0,4,3
40387,1,3,5,3
40388,0,0,1,1
40389,2,0,6,1
40390,0,1,1,2
40391,3,3,9,1
40392,2,0,6,1
40393,1,0,1,0
40394,4,1,3,0
40395,1,0,1,0
40396,3,3,6,0
40397,6,1,10,2
40398,0,1,5,0
40399,1,0,2,0
40400,4,2,13,2
40401,2,2,2,0
40402,1,3,4,2
40403,2,0,5,2
40404,2,1,3,0
40405,3,4,7,3
40406,2,1,3,0
40407,1,3,4,0
40408,0,1,5,1
40409,4,2,11,1
40410,2,0,1,0
40411,3,2,9,4
40412,4,2,5,3
40413,3,1,3,0
40414,1,1,4,0
40415,5,2,11,3
40416,3,2,4,2
40417,1,1,1,0
40418,1,1,5,1
40419,1,0,3,0
40420,3,0,6,0
40421,7,4,12,1
40422,0,0,5,0
40423,3,1,6,2
40424,0,3,5,1
40425,0,1,1,0
40426,0,1,6,0
40427,3,4,12,0
40428,2,2,1,1
40429,1,0,2,0
40430,3,3,5,3
40431,3,2,2,0
40432,7,3,5,1
40433,2,0,2,1
40434,1,2,14,2
40435,2,1,3,1
40436,1,0,4,0
40437,0,0,3,1
40438,5,5,9,4
40439,0,1,6,0
40440,3,1,1,0
40441,0,1,1,1
40442,1,0,6,0
40443,2,0,2,2
40444,3,0,2,0
40445,8,4,12,2
40446,4,1,1,0
40447,0,2,3,2
40448,6,3,11,5
40449,1,2,1,0
40450,1,2,6,1
40451,2,0,3,0
40452,1,1,3,2
40453,2,0,1,0
40454,3,0,1,0
40455,2,0,6,1
40456,4,4,5,3
40457,1,1,6,1
40458,2,2,14,3
40459,2,2,6,2
40460,1,2,1,0
40461,0,1,3,2
40462,1,3,3,0
40463,7,1,5,3
40464,1,0,6,0
40465,4,3,7,1
40466,4,3,2,0
40467,0,0,1,0
40468,1,1,3,0
40469,3,1,3,3
40470,0,2,1,1
40471,3,2,6,1
40472,4,4,5,1
40473,1,1,2,0
40474,1,1,3,1
40475,2,2,1,0
40476,5,4,6,2
40477,2,3,6,0
40478,4,2,5,0
40479,2,0,2,0
40480,1,1,6,1
40481,2,1,4,3
40482,0,3,2,0
40483,6,3,10,1
40484,1,1,1,2
40485,1,1,5,0
40486,0,3,3,0
40487,1,2,4,0
40488,2,1,3,0
40489,2,0,1,2
40490,1,1,1,2
40491,3,0,4,2
40492,0,3,6,0
40493,3,2,6,3
40494,3,0,3,0
40495,1,0,3,0
40496,1,1,3,2
40497,0,3,5,1
40498,1,1,4,1
40499,1,1,2,0
40500,0,1,3,3
40501,2,0,4,0
40502,1,0,1,0
40503,2,1,3,1
40504,1,0,4,1
40505,1,1,1,0
40506,0,2,2,2
40507,0,2,3,0
40508,3,1,4,2
40509,1,1,6,1
40510,0,0,5,1
40511,1,3,5,1
40512,1,1,4,1
40513,0,0,4,0
40514,3,2,10,2
40515,1,2,2,1
40516,2,1,6,1
40517,2,1,6,1
40518,1,1,3,1
40519,1,5,10,2
40520,3,3,5,2
40521,3,2,5,1
40522,4,2,6,1
40523,1,0,2,1
40524,1,1,2,1
40525,1,1,4,1
40526,3,4,8,2
40527,2,3,3,1
40528,0,1,5,2
40529,4,0,4,2
40530,2,0,1,0
40531,2,0,5,0
40532,1,0,5,1
40533,7,5,6,0
40534,5,4,13,1
40535,5,3,6,1
40536,0,2,6,0
40537,1,2,6,0
40538,0,2,3,1
40539,2,3,6,2
40540,4,3,7,4
40541,2,0,4,0
40542,7,3,8,1
40543,2,2,5,0
40544,0,0,1,0
40545,0,1,1,1
40546,1,1,9,3
40547,0,0,3,0
40548,1,0,3,0
40549,5,2,14,2
40550,4,3,8,1
40551,1,3,6,1
40552,3,2,8,3
40553,3,1,1,1
40554,3,2,11,2
40555,2,0,3,0
40556,5,2,11,1
40557,1,1,1,0
40558,2,0,3,1
40559,1,0,1,3
40560,4,3,10,1
40561,3,2,2,2
40562,4,2,11,3
40563,4,1,6,0
40564,1,1,6,0
40565,5,3,11,2
40566,3,4,9,0
40567,4,0,3,3
40568,2,0,2,1
40569,1,0,1,0
40570,2,3,9,2
40571,0,1,3,1
40572,1,1,1,0
40573,1,2,6,2
40574,3,1,6,1
40575,0,1,2,0
40576,3,0,1,0
40577,0,0,1,0
40578,5,4,10,1
40579,2,1,3,2
40580,0,0,3,0
40581,0,1,4,1
40582,5,5,13,1
40583,5,2,7,2
40584,2,2,6,0
40585,1,0,3,0
40586,0,3,1,1
40587,0,1,1,0
40588,0,1,5,0
40589,4,3,10,4
40590,0,3,2,2
40591,3,1,5,2
40592,3,3,5,2
40593,1,0,2,0
40594,3,0,4,0
40595,1,1,2,0
40596,0,0,6,0
40597,1,0,5,0
40598,1,1,2,1
40599,1,0,6,0
40600,5,3,9,2
40601,2,0,3,0
40602,0,0,4,1
40603,3,3,3,1
40604,2,4,13,1
40605,6,3,13,2
40606,1,1,3,2
40607,2,0,1,1
40608,1,1,3,0
40609,1,0,6,1
40610,3,0,4,1
40611,1,1,4,0
40612,4,4,13,2
40613,2,2,6,0
40614,2,2,3,0
40615,1,3,6,3
40616,0,0,3,0
40617,4,0,5,1
40618,1,3,3,2
40619,0,0,4,0
40620,0,0,6,0
40621,1,3,11,2
40622,4,2,14,1
40623,1,1,1,0
40624,1,2,4,0
40625,0,3,5,2
40626,2,0,1,0
40627,8,4,9,2
40628,2,2,5,1
40629,4,1,1,1
40630,1,2,4,1
40631,1,1,3,2
40632,0,0,2,0
40633,2,3,2,2
40634,3,1,3,0
40635,2,2,2,1
40636,0,0,4,3
40637,1,0,1,1
40638,4,1,2,0
40639,1,1,1,0
40640,0,3,6,0
40641,1,1,2,0
40642,0,1,1,0
40643,0,0,5,2
40644,2,3,5,0
40645,2,0,6,0
40646,2,0,1,0
40647,1,2,7,2
40648,3,4,7,2
40649,0,1,1,0
40650,0,0,4,1
40651,0,1,6,0
40652,3,1,3,1
40653,1,1,5,1
40654,4,2,7,1
40655,1,2,1,2
40656,1,3,6,0
40657,3,2,10,1
40658,1,2,5,1
40659,6,2,7,4
40660,1,1,4,1
40661,3,4,8,1
40662,1,2,2,1
40663,2,0,2,0
40664,1,1,7,2
40665,1,0,2,0
40666,2,0,2,1
40667,2,3,13,1
40668,1,0,4,0
40669,0,1,4,1
40670,3,0,1,0
40671,3,2,9,2
40672,1,0,3,2
40673,5,5,12,4
40674,1,1,4,0
40675,0,0,6,1
40676,1,0,4,1
40677,2,0,4,3
40678,0,0,5,0
40679,0,0,5,2
40680,0,1,1,0
40681,0,0,1,0
40682,4,3,3,1
40683,3,1,3,0
40684,1,0,3,1
40685,3,5,10,2
40686,1,0,3,1
40687,1,0,5,1
40688,3,6,13,3
40689,0,1,6,0
40690,4,4,6,1
40691,0,1,5,1
40692,2,3,1,0
40693,3,0,6,3
40694,2,1,1,2
40695,1,2,6,0
40696,3,0,6,0
40697,0,0,5,1
40698,0,1,6,0
40699,2,2,2,0
40700,0,0,6,0
40701,2,0,3,1
40702,1,1,3,3
40703,0,0,5,2
40704,2,0,3,0
40705,0,1,4,0
40706,1,2,4,1
40707,1,1,5,2
40708,1,0,2,0
40709,0,1,6,1
40710,8,2,13,4
40711,0,1,5,1
40712,0,1,2,1
40713,2,0,1,0
40714,0,2,5,0
40715,0,0,1,2
40716,3,1,4,3
40717,0,0,6,0
40718,4,1,5,0
40719,2,2,3,0
40720,3,1,1,0
40721,4,0,4,0
40722,4,2,10,4
40723,0,2,1,1
40724,1,1,4,3
40725,3,1,5,1
40726,1,0,4,1
40727,8,3,12,2
40728,0,0,1,0
40729,1,0,5,0
40730,5,5,5,0
40731,0,0,3,0
40732,5,2,14,1
40733,1,1,1,1
40734,4,5,6,2
40735,8,5,7,2
40736,0,3,1,0
40737,2,2,5,1
40738,2,2,5,0
40739,1,0,4,1
40740,2,1,4,1
40741,5,3,8,2
40742,0,0,6,1
40743,2,3,5,2
40744,2,0,4,2
40745,0,1,2,2
40746,6,3,12,3
40747,2,0,4,0
40748,3,2,2,1
40749,8,3,13,5
40750,1,0,2,0
40751,1,4,6,1
40752,3,2,12,3
40753,0,1,1,0
40754,2,0,2,0
40755,2,4,12,2
40756,2,1,2,1
40757,6,5,12,3
40758,5,2,14,1
40759,6,4,10,2
40760,2,0,1,0
40761,5,5,5,2
40762,0,1,2,3
40763,3,2,11,2
40764,3,2,6,3
40765,2,2,4,2
40766,2,2,4,0
40767,2,0,3,0
40768,0,1,4,1
40769,2,1,4,1
40770,5,3,12,0
40771,4,3,3,2
40772,2,1,5,1
40773,4,2,10,1
40774,0,1,6,3
40775,1,2,1,1
40776,2,0,4,1
40777,0,0,6,1
40778,0,1,5,0
40779,1,0,3,0
40780,0,2,2,1
40781,1,0,4,1
40782,1,2,5,2
40783,1,0,3,0
40784,4,0,4,2
40785,2,0,4,1
40786,2,1,2,2
40787,4,3,3,0
40788,1,1,4,0
40789,2,0,2,2
40790,4,0,4,2
40791,1,1,3,0
40792,7,3,14,2
40793,0,0,6,0
40794,4,6,8,1
40795,4,4,9,2
40796,4,2,3,1
40797,0,3,5,0
40798,4,0,2,1
40799,2,2,2,2
40800,4,0,1,2
40801,5,3,8,2
40802,0,0,6,0
40803,6,3,6,2
40804,1,3,4,1
40805,1,3,5,0
40806,1,3,5,0
40807,0,0,1,1
40808,4,1,4,0
40809,2,1,1,1
40810,7,5,6,2
40811,0,0,5,1
40812,1,1,2,0
40813,0,1,2,0
40814,2,0,3,1
40815,1,3,2,1
40816,2,3,9,2
40817,1,6,12,1
40818,0,0,3,0
40819,4,1,5,3
40820,2,2,3,1
40821,2,2,6,0
40822,0,0,1,2
40823,1,0,2,0
40824,1,3,3,0
40825,1,0,1,0
40826,1,2,4,0
40827,1,0,1,2
40828,3,1,4,0
40829,2,3,10,3
40830,1,1,4,0
40831,1,1,6,0
40832,0,1,5,3
40833,4,2,13,3
40834,0,1,4,2
40835,1,1,6,1
40836,1,1,1,0
40837,1,1,5,0
40838,0,2,6,1
40839,2,3,5,1
40840,1,2,2,2
40841,2,2,1,3
40842,3,3,2,1
40843,1,3,3,0
40844,2,1,5,0
40845,1,0,5,0
40846,1,0,4,0
40847,1,0,6,0
40848,2,1,1,0
40849,0,1,6,1
40850,0,3,1,2
40851,0,0,5,2
40852,2,6,12,4
40853,1,1,1,1
40854,0,3,1,3
40855,1,1,7,1
40856,0,3,6,1
40857,1,1,5,1
40858,2,3,4,1
40859,4,0,5,2
40860,6,5,13,2
40861,5,1,8,4
40862,2,0,5,1
40863,1,3,6,0
40864,2,3,2,1
40865,1,1,4,1
40866,2,0,4,1
40867,0,1,3,0
40868,2,2,6,1
40869,1,3,4,2
40870,0,0,1,0
40871,0,1,1,0
40872,1,0,6,1
40873,1,0,5,1
40874,3,1,6,2
40875,2,2,5,0
40876,5,3,12,1
40877,1,1,3,2
40878,0,3,3,1
40879,1,0,2,1
40880,2,0,4,0
40881,2,1,3,0
40882,2,4,12,4
40883,5,2,9,1
40884,2,2,1,0
40885,1,0,4,1
40886,1,1,1,1
40887,3,0,4,0
40888,0,2,5,0
40889,4,2,3,0
40890,5,4,11,1
40891,0,0,2,0
40892,0,1,5,0
40893,2,1,2,0
40894,1,0,1,1
40895,0,0,6,0
40896,0,0,5,1
40897,1,1,1,1
40898,1,0,2,2
40899,4,1,3,0
40900,0,2,3,0
40901,4,0,6,2
40902,0,2,1,1
40903,2,0,2,1
40904,6,3,10,2
40905,1,1,5,2
40906,2,0,4,0
40907,2,0,3,2
40908,5,3,7,4
40909,1,0,4,2
40910,2,0,3,1
40911,0,1,1,0
40912,0,0,2,1
40913,4,1,6,1
40914,1,2,2,0
40915,0,0,1,0
40916,1,0,6,1
40917,1,1,5,2
40918,3,1,4,0
40919,4,5,11,3
40920,5,2,8,1
40921,0,0,3,1
40922,3,0,4,0
40923,2,1,1,1
40924,1,3,5,0
40925,1,0,1,0
40926,2,1,3,0
40927,2,0,3,0
40928,3,1,2,0
40929,2,2,5,1
40930,1,1,3,1
40931,3,2,6,2
40932,2,1,5,1
40933,3,3,3,0
40934,0,2,3,1
40935,2,2,2,0
40936,0,1,2,1
40937,8,2,5,1
40938,0,0,4,1
40939,3,1,1,0
40940,0,0,1,1
40941,0,0,4,0
40942,1,2,1,0
40943,2,2,4,1
40944,5,6,8,1
40945,2,0,4,1
40946,5,5,8,3
40947,0,1,4,1
40948,5,2,12,0
40949,7,1,13,2
40950,6,3,14,3
40951,0,0,4,1
40952,1,1,2,0
40953,1,2,6,0
40954,3,6,9,3
40955,0,0,5,0
40956,7,1,14,1
40957,1,0,6,2
40958,3,0,6,1
40959,5,6,13,3
40960,0,2,4,0
40961,2,0,4,2
40962,5,4,7,0
40963,2,1,2,0
40964,2,0,6,0
40965,0,1,5,3
40966,7,6,14,2
40967,2,1,4,0
40968,4,1,3,0
40969,0,2,6,3
40970,0,0,3,1
40971,1,1,2,1
40972,3,4,13,1
40973,6,5,9,2
40974,2,1,4,0
40975,2,0,5,1
40976,6,4,13,0
40977,3,0,5,2
40978,0,0,3,2
40979,0,1,5,2
40980,0,0,1,0
40981,0,0,3,2
40982,2,0,5,1
40983,1,1,1,1
40984,0,0,3,3
40985,0,2,2,0
40986,4,1,14,2
40987,3,2,8,1
40988,2,3,4,0
40989,2,1,2,0
40990,2,3,8,1
40991,3,2,8,3
40992,0,0,3,0
40993,1,2,4,2
40994,1,3,6,0
40995,1,0,3,0
40996,2,5,6,2
40997,2,5,12,1
40998,2,0,1,1
40999,5,4,5,2
41000,0,1,5,0
41001,2,1,6,2
41002,0,0,5,3
41003,0,1,4,1
41004,2,2,5,0
41005,1,0,2,0
41006,0,1,1,0
41007,5,4,13,2
41008,1,0,5,0
41009,1,1,2,0
41010,2,1,6,0
41011,1,1,4,0
41012,0,0,5,2
41013,1,1,5,0
41014,0,2,4,0
41015,0,1,2,2
41016,4,0,6,1
41017,1,1,5,0
41018,0,1,3,1
41019,2,0,1,0
41020,4,4,13,3
41021,8,1,10,2
41022,1,0,4,0
41023,0,1,3,0
41024,1,1,5,0
41025,3,3,6,1
41026,2,3,5,1
41027,3,1,4,0
41028,4,4,7,1
41029,2,0,4,2
41030,0,0,1,3
41031,1,0,4,1
41032,1,1,5,1
41033,0,0,2,0
41034,1,1,3,0
41035,4,3,11,3
41036,1,0,1,1
41037,1,2,5,1
41038,0,0,3,3
41039,0,2,4,1
41040,4,3,12,4
41041,0,1,3,0
41042,1,1,6,0
41043,1,1,1,0
41044,6,3,9,4
41045,1,3,5,0
41046,1,0,4,0
41047,0,1,1,0
41048,2,2,5,1
41049,0,3,2,0
41050,2,0,6,0
41051,2,2,3,1
41052,4,2,14,1
41053,1,3,4,0
41054,1,3,3,0
41055,3,3,7,2
41056,0,1,1,1
41057,1,2,4,0
41058,3,1,5,2
41059,2,1,8,1
41060,0,2,2,1
41061,2,1,1,0
41062,3,1,2,2
41063,0,2,2,0
41064,1,0,3,0
41065,1,0,6,0
41066,1,1,3,0
41067,6,4,9,1
41068,2,0,3,0
41069,0,0,1,2
41070,3,3,10,4
41071,0,2,2,1
41072,3,2,4,0
41073,1,3,4,0
41074,2,0,2,1
41075,3,2,2,1
41076,3,0,2,0
41077,0,1,3,0
41078,0,1,4,1
41079,8,4,5,0
41080,0,1,3,2
41081,2,2,1,2
41082,2,0,1,3
41083,1,3,1,3
41084,1,1,2,3
41085,0,2,6,2
41086,0,0,1,0
41087,4,3,12,1
41088,0,0,6,0
41089,3,0,3,1
41090,3,3,8,0
41091,1,1,1,1
41092,0,1,2,0
41093,5,1,9,4
41094,2,0,6,1
41095,2,1,2,1
41096,0,0,4,0
41097,3,1,5,0
41098,0,0,1,0
41099,2,1,1,1
41100,4,3,13,2
41101,4,3,1,0
41102,3,1,2,1
41103,1,0,3,0
41104,4,3,10,3
41105,2,2,6,0
41106,2,0,2,0
41107,0,3,1,0
41108,2,0,4,2
41109,1,3,2,0
41110,2,3,4,2
41111,3,1,1,1
41112,0,0,1,1
41113,3,5,9,1
41114,2,0,3,0
41115,1,0,2,0
41116,3,2,7,1
41117,2,5,9,2
41118,3,1,9,2
41119,4,0,2,0
41120,6,2,9,1
41121,3,2,10,1
41122,1,0,5,0
41123,2,1,4,0
41124,3,1,14,1
41125,1,0,3,0
41126,1,0,2,0
41127,2,0,1,0
41128,0,0,5,0
41129,2,0,6,0
41130,5,4,7,0
41131,5,3,14,2
41132,0,0,2,0
41133,1,1,6,1
41134,1,1,1,0
41135,0,2,1,1
41136,4,0,4,1
41137,5,1,10,3
41138,4,3,4,1
41139,1,1,1,0
41140,1,2,5,1
41141,0,0,6,0
41142,1,1,1,1
41143,1,2,1,1
41144,2,0,2,0
41145,1,2,5,0
41146,0,2,1,0
41147,0,2,6,3
41148,2,0,2,2
41149,1,2,5,3
41150,1,0,4,0
41151,1,1,3,1
41152,1,0,4,1
41153,1,1,3,1
41154,3,0,3,0
41155,3,1,3,0
41156,2,2,3,0
41157,2,0,1,1
41158,2,1,6,0
41159,0,1,1,0
41160,4,2,5,1
41161,0,1,6,0
41162,0,1,5,0
41163,1,2,5,1
41164,0,0,4,1
41165,2,1,3,2
41166,5,3,6,1
41167,5,2,7,2
41168,0,1,5,2
41169,0,1,4,0
41170,3,1,4,2
41171,3,0,3,0
41172,5,2,9,1
41173,1,1,6,0
41174,2,0,2,1
41175,1,1,4,1
41176,2,5,9,3
41177,0,1,2,1
41178,5,2,14,2
41179,0,0,4,1
41180,3,1,3,2
41181,2,2,11,1
41182,3,3,5,5
41183,1,0,4,0
41184,1,3,5,1
41185,6,3,8,2
41186,5,4,9,1
41187,2,0,6,0
41188,7,5,14,4
41189,0,1,3,0
41190,4,0,6,0
41191,3,0,3,1
41192,3,0,1,2
41193,2,0,5,0
41194,3,1,6,0
41195,0,0,3,1
41196,3,1,14,3
41197,2,0,2,1
41198,1,0,1,0
41199,2,2,4,0
41200,2,0,4,0
41201,4,1,7,2
41202,1,1,1,1
41203,3,1,3,1
41204,1,0,4,1
41205,2,1,3,0
41206,0,1,3,0
41207,4,6,8,2
41208,1,3,6,0
41209,1,0,2,2
41210,0,2,4,0
41211,4,3,3,0
41212,3,2,7,2
41213,2,1,2,0
41214,2,0,2,1
41215,4,0,5,1
41216,0,0,5,2
41217,2,6,8,3
41218,3,3,9,2
41219,1,2,3,0
41220,2,3,3,0
41221,1,1,3,2
41222,0,1,3,0
41223,0,0,4,1
41224,1,0,4,0
41225,4,4,14,3
41226,0,1,6,0
41227,5,2,5,3
41228,2,0,6,1
41229,1,1,3,2
41230,2,1,3,0
41231,1,1,4,0
41232,3,1,4,3
41233,2,1,6,0
41234,2,0,2,2
41235,4,2,13,2
41236,2,1,5,0
41237,0,0,4,0
41238,0,2,4,0
41239,1,0,3,1
41240,1,1,1,0
41241,2,1,2,0
41242,2,1,1,2
41243,0,1,1,1
41244,1,1,5,2
41245,2,1,4,1
41246,3,0,5,1
41247,5,2,7,2
41248,4,2,10,1
41249,7,3,7,3
41250,1,0,3,1
41251,1,3,4,2
41252,0,3,3,1
41253,0,1,3,1
41254,6,3,10,2
41255,3,3,9,2
41256,3,0,4,3
41257,1,1,3,1
41258,0,1,1,0
41259,0,0,3,0
41260,6,2,9,3
41261,7,2,13,3
41262,1,1,1,0
41263,1,0,2,1
41264,0,1,1,0
41265,1,0,1,1
41266,2,1,6,0
41267,0,1,4,0
41268,2,3,11,2
41269,0,1,1,2
41270,1,0,1,0
41271,0,1,4,1
41272,2,0,3,0
41273,2,0,2,2
41274,0,1,1,1
41275,2,1,2,0
41276,0,0,3,1
41277,2,1,6,0
41278,1,1,5,2
41279,4,1,7,1
41280,2,2,6,0
41281,0,1,4,0
41282,0,0,4,3
41283,1,1,5,0
41284,1,0,2,0
41285,1,3,5,0
41286,3,2,13,0
41287,4,3,10,1
41288,0,0,3,1
41289,1,1,4,0
41290,1,0,6,0
41291,0,1,2,0
41292,0,0,6,2
41293,1,0,1,0
41294,1,2,5,0
41295,0,1,6,2
41296,1,0,6,0
41297,3,4,7,4
41298,0,2,1,3
41299,1,0,6,0
41300,2,0,6,2
41301,1,1,10,3
41302,1,1,1,0
41303,0,0,3,0
41304,2,1,4,0
41305,1,0,6,2
41306,0,1,4,2
41307,1,0,5,3
41308,3,4,14,1
41309,2,2,6,3
41310,6,3,10,3
41311,0,0,1,1
41312,0,2,6,0
41313,2,0,3,0
41314,0,0,5,1
41315,0,2,2,1
41316,3,0,5,1
41317,5,3,5,3
41318,4,4,6,1
41319,2,3,8,1
41320,1,0,3,1
41321,0,1,6,0
41322,0,1,5,1
41323,3,1,5,0
41324,1,0,6,2
41325,1,1,4,0
41326,3,3,4,0
41327,0,0,1,0
41328,0,1,6,0
41329,1,1,3,1
41330,3,0,1,3
41331,2,2,6,1
41332,3,2,5,0
41333,0,3,2,2
41334,1,2,1,1
41335,0,0,5,0
41336,0,0,3,0
41337,1,0,1,2
41338,3,3,8,2
41339,0,0,6,0
41340,5,5,7,1
41341,0,0,3,1
41342,3,0,1,1
41343,1,0,2,0
41344,0,1,3,2
41345,1,3,1,0
41346,3,5,6,2
41347,3,1,2,0
41348,1,2,5,0
41349,0,1,3,2
41350,7,3,11,2
41351,0,0,5,1
41352,3,3,1,0
41353,2,0,1,0
41354,1,0,6,0
41355,4,1,6,3
41356,2,1,2,1
41357,2,0,1,2
41358,3,1,2,0
41359,4,1,3,0
41360,3,3,8,2
41361,4,2,9,1
41362,6,3,10,2
41363,1,2,4,0
41364,3,3,13,2
41365,4,2,5,2
41366,4,2,11,3
41367,2,1,4,0
41368,0,1,5,0
41369,2,0,6,0
41370,3,1,5,0
41371,0,2,4,1
41372,5,2,11,2
41373,4,4,11,1
41374,1,1,5,2
41375,0,1,3,2
41376,3,0,4,1
41377,1,0,3,0
41378,3,3,8,3
41379,0,1,6,0
41380,4,1,5,3
41381,3,1,6,0
41382,0,3,1,0
41383,1,2,4,1
41384,0,2,5,0
41385,1,3,9,1
41386,2,3,8,2
41387,0,1,2,1
41388,1,3,3,0
41389,0,0,6,0
41390,1,1,2,2
41391,1,0,6,0
41392,3,3,12,2
41393,4,0,1,2
41394,3,2,12,3
41395,3,0,2,0
41396,3,1,6,0
41397,1,2,2,1
41398,1,3,6,1
41399,3,0,4,0
41400,0,2,4,0
41401,0,0,3,0
41402,0,2,4,0
41403,0,2,4,0
41404,5,1,5,3
41405,0,1,6,0
41406,3,3,13,2
41407,1,0,6,1
41408,4,4,6,1
41409,1,2,3,1
41410,0,0,6,0
41411,3,3,6,1
41412,2,1,6,3
41413,1,1,2,0
41414,0,1,5,0
41415,0,2,6,2
41416,1,3,5,2
41417,2,2,2,0
41418,1,0,3,0
41419,6,3,11,2
41420,3,3,3,0
41421,0,1,4,1
41422,1,0,1,1
41423,0,0,1,3
41424,2,3,2,1
41425,1,0,2,0
41426,1,0,1,3
41427,1,0,3,0
41428,0,2,3,2
41429,3,2,6,0
41430,3,0,3,0
41431,4,2,8,2
41432,0,3,3,2
41433,4,2,3,1
41434,0,0,6,0
41435,2,1,4,1
41436,2,3,1,0
41437,2,0,5,2
41438,0,3,3,2
41439,0,0,2,0
41440,5,2,11,1
41441,1,2,2,2
41442,2,0,4,1
41443,2,0,6,2
41444,1,1,3,1
41445,4,3,13,4
41446,0,1,5,0
41447,2,2,5,0
41448,1,0,6,0
41449,1,1,2,1
41450,4,2,8,1
41451,0,0,6,0
41452,3,0,1,3
41453,5,6,6,3
41454,4,3,8,1
41455,3,1,5,0
41456,2,2,5,0
41457,2,3,2,3
41458,5,3,13,2
41459,1,0,6,0
41460,0,2,2,2
41461,0,1,4,0
41462,1,1,4,0
41463,5,2,14,2
41464,0,2,5,0
41465,2,3,3,0
41466,2,2,2,1
41467,1,1,4,1
41468,2,2,5,1
41469,3,0,6,0
41470,0,3,6,0
41471,2,0,6,0
41472,5,2,8,3
41473,7,2,12,1
41474,3,1,1,0
41475,4,2,3,1
41476,1,1,4,0
41477,1,1,5,1
41478,1,0,5,0
41479,2,2,1,0
41480,0,1,5,0
41481,1,0,4,2
41482,1,0,3,0
41483,3,1,6,1
41484,0,1,6,1
41485,1,0,4,0
41486,2,3,3,2
41487,0,1,4,1
41488,1,0,6,2
41489,1,3,1,2
41490,4,1,2,1
41491,1,0,2,1
41492,2,1,5,1
41493,0,3,2,2
41494,0,2,4,1
41495,0,2,1,1
41496,3,2,1,1
41497,2,1,5,0
41498,1,0,2,0
41499,3,4,14,1
41500,1,2,6,0
41501,2,0,4,1
41502,0,0,6,3
41503,3,0,4,0
41504,3,4,7,1
41505,4,0,2,0
41506,2,0,4,0
41507,4,4,13,0
41508,0,1,2,1
41509,4,1,5,3
41510,1,1,3,3
41511,1,0,5,2
41512,1,0,6,0
41513,0,0,4,0
41514,4,0,1,2
41515,0,0,3,2
41516,5,4,14,3
41517,2,2,3,0
41518,1,2,3,1
41519,4,1,5,1
41520,7,1,14,4
41521,3,1,10,1
41522,2,0,5,0
41523,0,3,3,1
41524,1,0,3,1
41525,0,0,4,1
41526,2,0,3,2
41527,0,0,3,1
41528,4,0,5,1
41529,1,1,3,1
41530,0,2,6,1
41531,5,6,13,3
41532,0,1,5,0
41533,2,0,4,1
41534,0,1,2,2
41535,0,3,1,2
41536,2,2,6,1
41537,1,0,5,1
41538,3,6,12,3
41539,1,0,5,3
41540,4,3,8,2
41541,0,0,1,0
41542,1,1,6,0
41543,0,0,5,0
41544,1,0,4,2
41545,1,1,6,0
41546,3,2,4,3
41547,0,2,3,1
41548,3,3,5,2
41549,0,0,2,0
41550,2,3,7,4
41551,1,2,1,2
41552,2,1,3,0
41553,1,0,5,0
41554,1,1,2,3
41555,1,0,2,1
41556,4,1,6,0
41557,4,5,8,4
41558,0,1,6,0
41559,1,2,6,0
41560,3,1,1,0
41561,2,0,5,0
41562,1,1,1,0
41563,1,0,5,0
41564,6,4,12,5
41565,3,5,14,1
41566,3,5,12,2
41567,1,1,4,0
41568,2,1,6,0
41569,3,3,5,1
41570,2,3,5,2
41571,1,4,6,1
41572,2,1,2,2
41573,0,3,4,0
41574,1,0,6,0
41575,1,0,6,2
41576,1,0,3,0
41577,0,0,3,1
41578,1,6,13,4
41579,0,1,3,0
41580,4,2,8,3
41581,8,3,10,0
41582,5,3,14,2
41583,1,1,3,0
41584,0,0,6,2
41585,1,0,2,1
41586,2,1,5,3
41587,0,1,1,0
41588,1,0,6,2
41589,4,4,10,2
41590,2,1,6,0
41591,3,1,7,3
41592,1,0,4,0
41593,1,2,5,1
41594,2,5,12,1
41595,3,2,13,2
41596,0,0,3,1
41597,1,2,6,2
41598,3,2,3,0
41599,1,1,4,1
41600,1,0,2,1
41601,0,2,4,1
41602,1,0,1,0
41603,3,1,5,1
41604,2,0,3,1
41605,4,4,12,2
41606,0,1,6,1
41607,6,5,11,3
41608,2,0,3,1
41609,1,3,1,0
41610,0,1,5,0
41611,1,1,2,0
41612,1,3,14,4
41613,2,0,2,0
41614,1,1,1,1
41615,1,0,5,2
41616,4,2,7,1
41617,3,5,6,2
41618,1,1,1,0
41619,1,4,7,2
41620,2,3,14,2
41621,1,0,6,0
41622,4,4,7,4
41623,0,0,5,1
41624,5,3,11,2
41625,4,2,8,2
41626,1,0,5,0
41627,1,0,1,0
41628,4,2,7,3
41629,2,1,3,1
41630,2,0,1,0
41631,3,1,5,0
41632,2,2,13,2
41633,1,1,6,1
41634,0,1,2,0
41635,0,1,6,1
41636,2,2,11,1
41637,5,2,8,1
41638,0,1,2,0
41639,5,3,9,3
41640,3,0,5,0
41641,0,0,2,1
41642,4,2,11,2
41643,5,2,5,2
41644,0,2,6,0
41645,2,1,4,0
41646,2,1,6,0
41647,3,2,2,1
41648,2,0,4,2
41649,1,2,6,0
41650,1,1,4,0
41651,1,0,3,0
41652,2,0,4,1
41653,0,0,3,1
41654,1,1,4,1
41655,2,2,7,0
41656,1,1,3,0
41657,0,2,6,0
41658,5,6,11,1
41659,2,1,1,0
41660,2,0,5,0
41661,3,1,2,0
41662,3,1,4,1
41663,2,3,6,0
41664,0,1,1,1
41665,3,1,2,0
41666,3,0,1,0
41667,1,0,3,0
41668,0,1,5,0
41669,1,2,4,1
41670,2,0,2,3
41671,4,6,6,2
41672,0,0,5,0
41673,1,2,2,1
41674,0,0,3,1
41675,1,0,2,0
41676,1,0,2,1
41677,1,2,3,0
41678,0,1,2,1
41679,1,0,1,1
41680,6,4,9,2
41681,1,1,3,1
41682,1,0,4,2
41683,2,2,6,0
41684,3,3,10,2
41685,1,1,6,0
41686,0,1,6,1
41687,0,0,6,1
41688,2,0,4,0
41689,2,0,3,0
41690,0,0,1,2
41691,3,4,13,2
41692,0,1,6,1
41693,1,1,3,0
41694,4,3,12,5
41695,1,0,4,1
41696,2,0,4,1
41697,0,1,4,0
41698,2,2,1,0
41699,4,6,7,3
41700,2,3,1,0
41701,0,3,2,0
41702,1,1,5,3
41703,3,4,12,2
41704,0,2,5,0
41705,1,0,6,2
41706,2,0,4,0
41707,2,2,5,0
41708,3,2,12,0
41709,0,1,4,0
41710,0,0,4,0
41711,1,0,1,1
41712,3,0,6,0
41713,3,2,3,3
41714,1,2,6,0
41715,3,0,4,0
41716,3,2,9,3
41717,1,2,3,1
41718,3,1,2,2
41719,2,0,3,0
41720,1,0,4,2
41721,5,1,13,2
41722,5,4,9,1
41723,0,1,6,1
41724,2,0,6,0
41725,1,1,2,0
41726,3,1,6,2
41727,0,1,1,0
41728,4,2,9,4
41729,2,2,2,2
41730,0,1,1,1
41731,4,2,3,0
41732,0,3,1,1
41733,1,1,3,0
41734,3,0,6,1
41735,1,2,4,1
41736,2,0,1,0
41737,0,1,2,0
41738,1,1,6,1
41739,6,4,10,3
41740,1,1,4,2
41741,1,2,5,1
41742,1,2,2,0
41743,0,3,4,0
41744,5,6,6,0
41745,4,1,1,1
41746,2,1,2,1
41747,1,3,5,0
41748,3,2,14,2
41749,0,0,5,2
41750,0,1,6,0
41751,1,0,6,2
41752,2,1,3,2
41753,1,1,1,0
41754,3,0,6,0
41755,2,0,4,1
41756,1,0,5,1
41757,1,1,2,2
41758,8,3,14,3
41759,0,1,2,0
41760,7,5,5,1
41761,1,1,5,0
41762,2,1,4,0
41763,1,0,4,0
41764,3,1,1,0
41765,0,0,2,1
41766,2,5,10,2
41767,2,0,6,1
41768,2,0,3,0
41769,0,0,3,0
41770,1,1,5,1
41771,0,3,5,1
41772,3,0,3,0
41773,3,5,9,1
41774,5,2,5,1
41775,0,0,4,1
41776,5,4,11,3
41777,2,1,3,0
41778,2,1,4,1
41779,2,3,5,1
41780,5,6,11,2
41781,0,2,2,2
41782,2,0,6,0
41783,1,0,1,0
41784,0,0,6,2
41785,5,3,5,2
41786,3,2,13,3
41787,4,0,4,3
41788,2,1,3,0
41789,1,0,2,2
41790,0,1,6,0
41791,6,1,12,2
41792,0,1,3,1
41793,1,1,3,2
41794,3,0,6,1
41795,0,0,6,0
41796,2,2,1,3
41797,1,1,5,0
41798,2,1,5,0
41799,4,0,6,0
41800,1,0,2,0
41801,2,0,2,1
41802,5,3,12,4
41803,3,4,10,3
41804,0,1,1,0
41805,7,4,9,1
41806,3,6,6,2
41807,2,0,1,2
41808,0,1,1,1
41809,0,1,6,2
41810,4,0,1,2
41811,1,1,3,0
41812,2,1,4,1
41813,3,0,4,0
41814,0,3,3,0
41815,1,1,6,2
41816,6,2,12,3
41817,4,2,5,1
41818,2,0,1,2
41819,1,0,4,0
41820,1,1,2,2
41821,0,1,3,3
41822,5,2,10,1
41823,1,1,1,0
41824,1,0,1,1
41825,2,0,2,1
41826,1,0,2,1
41827,4,2,4,2
41828,0,0,1,1
41829,0,0,3,1
41830,7,2,14,4
41831,1,0,5,0
41832,1,0,5,2
41833,1,0,1,0
41834,4,4,6,1
41835,2,0,3,1
41836,5,3,6,2
41837,0,1,5,0
41838,1,0,4,0
41839,1,3,5,2
41840,2,0,6,2
41841,0,1,1,2
41842,7,3,12,2
41843,0,1,3,0
41844,4,4,12,1
41845,1,2,6,1
41846,1,3,2,0
41847,2,2,2,0
41848,1,0,1,2
41849,1,0,2,0
41850,2,0,6,1
41851,0,3,3,0
41852,1,2,10,1
41853,0,0,4,0
41854,5,3,12,5
41855,0,0,1,0
41856,2,3,1,0
41857,1,2,3,0
41858,1,0,4,1
41859,1,0,6,1
41860,3,0,3,0
41861,0,1,4,2
41862,1,0,2,2
41863,0,1,4,2
41864,4,1,6,1
41865,2,1,4,1
41866,1,0,3,1
41867,1,1,4,0
41868,0,1,2,0
41869,5,4,13,4
41870,0,0,2,0
41871,4,3,4,2
41872,5,4,13,1
41873,2,0,1,0
41874,3,0,3,0
41875,7,3,10,3
41876,2,1,3,1
41877,3,4,12,2
41878,1,0,6,0
41879,3,1,5,1
41880,1,0,1,0
41881,2,0,3,2
41882,2,3,5,1
41883,3,1,5,0
41884,0,3,5,0
41885,1,2,3,0
41886,1,0,2,0
41887,1,2,5,3
41888,2,0,1,0
41889,3,2,6,1
41890,0,0,2,0
41891,0,0,1,0
41892,0,1,3,0
41893,2,0,3,1
41894,0,1,6,2
41895,1,2,1,0
41896,1,1,5,2
41897,3,2,3,0
41898,0,0,1,0
41899,1,2,4,2
41900,4,0,1,0
41901,4,3,9,3
41902,4,4,5,5
41903,2,0,2,0
41904,1,0,6,2
41905,1,2,6,1
41906,0,0,5,0
41907,1,3,6,0
41908,3,0,3,1
41909,3,1,8,5
41910,1,3,3,1
41911,1,3,1,2
41912,1,1,1,0
41913,6,4,7,2
41914,0,2,1,0
41915,0,1,5,0
41916,8,4,12,5
41917,0,1,5,1
41918,1,0,4,0
41919,1,1,3,0
41920,1,1,3,0
41921,0,2,4,2
41922,0,1,5,1
41923,6,5,11,0
41924,0,1,6,0
41925,2,0,2,2
41926,3,5,7,1
41927,0,1,5,0
41928,2,1,14,2
41929,0,1,4,0
41930,1,1,3,1
41931,0,0,4,0
41932,1,3,1,1
41933,1,1,4,0
41934,0,3,4,2
41935,1,2,3,0
41936,7,4,12,1
41937,2,3,3,3
41938,6,3,11,4
41939,2,1,2,0
41940,5,3,8,3
41941,1,0,5,0
41942,5,3,7,2
41943,0,1,6,0
41944,0,0,5,0
41945,1,0,3,0
41946,2,0,3,0
41947,2,1,1,0
41948,2,0,1,0
41949,4,4,12,2
41950,3,0,4,3
41951,4,4,10,2
41952,4,3,12,2
41953,0,1,1,0
41954,1,0,1,1
41955,0,3,5,2
41956,4,2,5,1
41957,2,3,6,3
41958,0,1,4,0
41959,2,1,5,2
41960,0,0,3,3
41961,4,1,6,0
41962,1,0,2,3
41963,2,1,5,1
41964,0,1,2,1
41965,6,3,14,4
41966,0,0,4,1
41967,1,0,1,0
41968,1,3,1,0
41969,0,0,6,0
41970,2,1,4,0
41971,1,2,5,1
41972,0,1,5,1
41973,2,1,4,1
41974,1,1,5,1
41975,1,1,1,0
41976,6,3,14,1
41977,2,3,10,1
41978,1,0,6,1
41979,1,1,3,0
41980,1,1,3,3
41981,2,1,2,1
41982,1,1,5,0
41983,1,1,5,1
41984,1,1,1,1
41985,1,3,1,0
41986,1,3,2,1
41987,3,2,5,1
41988,0,3,4,0
41989,1,1,1,1
41990,4,4,10,0
41991,1,1,1,0
41992,1,3,13,1
41993,2,0,6,2
41994,0,0,3,3
41995,3,0,5,0
41996,4,2,6,0
41997,2,1,2,3
41998,7,4,6,1
41999,7,3,5,2
42000,2,3,11,4
42001,2,3,2,3
42002,1,1,4,2
42003,0,0,3,0
42004,3,3,7,3
42005,4,2,4,0
42006,1,1,5,0
42007,1,0,6,1
42008,2,0,2,1
42009,3,1,4,0
42010,1,0,3,0
42011,0,0,6,0
42012,1,2,4,0
42013,3,0,1,0
42014,1,1,4,3
42015,0,1,3,1
42016,2,2,6,0
42017,4,3,11,2
42018,0,1,6,1
42019,2,4,8,2
42020,4,0,3,1
42021,3,1,6,4
42022,6,6,9,3
42023,0,1,4,0
42024,1,0,2,2
42025,0,3,3,0
42026,4,3,6,4
42027,1,3,6,0
42028,2,0,5,2
42029,2,2,1,1
42030,0,2,2,1
42031,1,0,1,0
42032,0,0,6,2
42033,1,0,5,0
42034,2,1,6,1
42035,0,1,1,0
42036,1,1,4,0
42037,1,0,2,0
42038,0,0,5,2
42039,1,0,3,0
42040,1,0,4,0
42041,1,1,4,1
42042,2,6,6,3
42043,1,1,2,0
42044,2,0,5,1
42045,0,1,2,1
42046,0,2,1,0
42047,0,3,6,2
42048,2,1,3,0
42049,1,0,1,0
42050,2,1,5,0
42051,2,3,6,0
42052,1,2,2,3
42053,4,2,11,2
42054,3,0,1,0
42055,2,1,3,2
42056,2,3,5,1
42057,3,4,14,2
42058,0,1,5,2
42059,7,5,13,0
42060,3,5,12,2
42061,2,0,1,1
42062,3,2,5,1
42063,4,1,7,2
42064,0,0,1,2
42065,3,4,8,1
42066,2,1,2,0
42067,3,2,5,0
42068,5,2,14,3
42069,7,4,13,3
42070,1,0,5,1
42071,3,3,13,1
42072,0,0,6,0
42073,5,2,14,3
42074,0,1,6,2
42075,1,0,5,1
42076,1,1,3,2
42077,3,2,2,1
42078,1,1,1,1
42079,5,4,10,3
42080,2,1,5,0
42081,1,2,2,0
42082,4,2,6,1
42083,3,4,9,1
42084,1,2,3,1
42085,4,3,14,2
42086,0,1,5,0
42087,2,1,5,1
42088,2,3,5,0
42089,2,3,1,2
42090,0,0,2,0
42091,1,1,2,1
42092,2,3,5,1
42093,6,3,13,2
42094,0,0,3,1
42095,0,1,3,0
42096,1,3,6,1
42097,2,3,2,2
42098,1,1,4,0
42099,1,1,3,0
42100,2,2,6,1
42101,3,1,2,1
42102,3,2,5,0
42103,0,1,6,1
42104,2,2,6,1
42105,2,0,2,0
42106,2,0,4,1
42107,0,2,4,0
42108,1,1,6,0
42109,1,0,5,3
42110,2,2,5,1
42111,5,1,9,1
42112,1,3,1,1
42113,2,2,4,1
42114,4,1,7,1
42115,1,0,4,0
42116,0,2,6,0
42117,7,4,14,2
42118,0,3,5,0
42119,5,1,9,1
42120,3,3,6,1
42121,3,0,5,0
42122,3,4,8,3
42123,4,3,14,1
42124,1,1,5,0
42125,1,0,3,0
42126,1,2,2,0
42127,2,1,5,0
42128,0,0,2,1
42129,3,2,6,1
42130,7,3,9,1
42131,1,1,4,0
42132,1,1,3,1
42133,6,2,8,2
42134,2,4,5,1
42135,2,3,2,3
42136,2,2,6,4
42137,2,0,5,2
42138,2,0,5,2
42139,0,3,4,2
42140,2,2,3,0
42141,2,1,6,1
42142,0,1,3,0
42143,0,0,2,0
42144,0,0,3,0
42145,1,2,2,2
42146,1,0,2,1
42147,5,2,7,2
42148,0,1,2,1
42149,0,0,2,0
42150,2,0,1,1
42151,0,1,1,1
42152,1,1,5,0
42153,0,1,6,0
42154,0,3,2,1
42155,0,0,3,0
42156,0,2,3,0
42157,2,1,5,2
42158,2,2,6,0
42159,2,0,1,1
42160,0,0,2,1
42161,6,2,12,1
42162,6,3,6,0
42163,2,0,4,3
42164,3,0,4,2
42165,3,0,6,0
42166,0,1,4,0
42167,1,0,4,0
42168,0,0,3,1
42169,4,1,3,1
42170,5,2,6,0
42171,0,0,5,1
42172,0,1,1,0
42173,4,0,5,3
42174,3,0,5,2
42175,0,1,3,0
42176,3,1,4,0
42177,1,0,5,1
42178,2,3,14,1
42179,3,2,5,1
42180,4,2,4,0
42181,1,0,5,1
42182,4,1,6,0
42183,1,0,1,1
42184,4,3,5,1
42185,0,0,5,0
42186,0,0,3,2
42187,1,0,2,1
42188,0,0,2,0
42189,3,3,5,1
42190,0,2,4,2
42191,5,5,14,3
42192,0,0,2,2
42193,3,1,1,0
42194,0,2,1,0
42195,4,3,1,1
42196,1,1,2,0
42197,2,1,4,0
42198,0,0,4,1
42199,1,0,3,3
42200,6,4,14,2
42201,0,0,4,2
42202,1,0,5,0
42203,2,0,6,0
42204,1,1,3,0
42205,7,1,10,2
42206,0,0,6,1
42207,1,1,6,1
42208,0,2,2,0
42209,0,2,2,2
42210,3,4,6,2
42211,3,0,2,2
42212,1,3,5,2
42213,6,3,6,2
42214,1,0,3,2
42215,1,1,6,2
42216,1,0,3,0
42217,0,1,1,0
42218,0,3,5,0
42219,2,0,5,1
42220,1,0,2,0
42221,1,1,5,1
42222,2,1,4,2
42223,1,0,4,0
42224,2,1,6,0
42225,1,2,1,2
42226,0,0,4,1
42227,1,1,2,1
42228,3,1,7,2
42229,1,1,5,1
42230,0,0,3,0
42231,2,0,4,1
42232,6,2,9,1
42233,2,0,3,0
42234,3,0,5,1
42235,2,0,1,0
42236,8,2,8,1
42237,1,0,5,1
42238,0,2,5,2
42239,1,2,3,2
42240,0,2,6,2
42241,0,1,5,3
42242,1,1,3,0
42243,0,1,2,0
42244,0,1,5,1
42245,1,3,5,2
42246,3,0,6,2
42247,1,0,5,0
42248,0,1,5,0
42249,0,0,3,1
42250,1,2,2,2
42251,2,0,1,0
42252,0,0,5,0
42253,0,0,1,3
42254,0,0,4,0
42255,5,5,14,1
42256,0,0,5,0
42257,0,3,6,1
42258,3,1,3,1
42259,2,3,6,3
42260,2,1,5,0
42261,4,3,14,3
42262,7,2,9,2
42263,0,1,1,0
42264,1,0,6,1
42265,1,1,1,1
42266,1,1,2,0
42267,1,1,4,0
42268,0,0,2,1
42269,0,1,6,1
42270,2,2,3,2
42271,7,3,5,2
42272,1,2,1,3
42273,0,2,2,0
42274,1,2,4,0
42275,5,4,7,3
42276,2,2,10,3
42277,1,0,4,0
42278,3,4,14,0
42279,4,3,5,2
42280,2,1,4,1
42281,0,2,5,0
42282,1,0,2,1
42283,0,1,6,1
42284,1,0,2,1
42285,1,3,4,2
42286,2,1,4,0
42287,2,0,2,0
42288,1,0,2,0
42289,1,2,6,1
42290,1,0,5,3
42291,1,1,1,0
42292,0,0,6,2
42293,3,0,5,1
42294,3,0,1,0
42295,1,1,1,1
42296,3,0,2,0
42297,6,1,10,1
42298,0,2,2,1
42299,1,1,5,0
42300,3,2,4,1
42301,0,0,5,2
42302,4,3,6,2
42303,1,2,5,0
42304,2,2,5,1
42305,0,1,6,1
42306,2,2,10,3
42307,1,0,2,1
42308,0,2,2,0
42309,0,2,2,0
42310,1,0,2,0
42311,1,0,6,1
42312,0,1,3,1
42313,4,4,11,1
42314,0,0,3,1
42315,2,3,2,3
42316,0,0,4,0
42317,0,3,5,0
42318,2,1,2,0
42319,4,0,4,0
42320,1,1,2,0
42321,2,1,4,1
42322,1,1,2,1
42323,0,0,3,1
42324,1,0,1,0
42325,0,0,6,0
42326,1,3,6,1
42327,1,0,5,0
42328,1,0,3,3
42329,0,1,1,0
42330,2,2,4,1
42331,1,1,2,1
42332,1,1,3,0
42333,5,4,13,1
42334,2,2,1,0
42335,3,3,5,0
42336,2,0,2,0
42337,2,0,5,2
42338,4,2,14,4
42339,3,3,12,1
42340,0,0,2,3
42341,0,1,5,0
42342,0,2,4,2
42343,1,0,4,1
42344,3,0,3,0
42345,4,2,13,3
42346,1,1,3,0
42347,0,0,4,2
42348,1,0,1,0
42349,3,1,6,0
42350,3,0,4,2
42351,4,3,14,3
42352,0,0,1,3
42353,0,2,5,2
42354,2,0,4,1
42355,0,1,4,1
42356,4,3,13,2
42357,1,1,5,0
42358,0,1,5,0
42359,0,0,4,1
42360,1,0,2,1
42361,1,1,2,1
42362,1,1,2,0
42363,2,0,3,0
42364,2,2,6,1
42365,0,1,1,0
42366,0,1,5,0
42367,5,3,6,2
42368,8,1,7,3
42369,0,0,3,1
42370,1,0,6,3
42371,0,0,6,0
42372,0,2,2,2
42373,1,1,5,0
42374,0,0,1,0
42375,2,4,11,2
42376,0,1,5,0
42377,1,0,4,1
42378,3,3,7,3
42379,5,5,7,2
42380,1,1,2,0
42381,1,3,6,1
42382,0,0,3,0
42383,4,0,1,0
42384,0,0,1,1
42385,0,0,3,0
42386,4,0,4,0
42387,1,1,13,2
42388,0,2,1,1
42389,0,0,1,0
42390,0,0,1,1
42391,0,0,6,2
42392,1,0,4,3
42393,3,1,8,2
42394,0,2,3,1
42395,1,2,4,0
42396,1,2,4,2
42397,1,3,3,0
42398,0,1,4,0
42399,1,1,6,0
42400,0,3,4,0
42401,0,0,6,0
42402,0,1,3,0
42403,5,3,13,5
42404,3,3,12,2
42405,1,3,3,0
42406,1,1,4,0
42407,1,1,6,1
42408,3,2,7,3
42409,0,0,2,1
42410,0,0,6,1
42411,0,0,3,1
42412,2,1,6,0
42413,3,1,3,0
42414,2,0,1,1
42415,0,0,1,0
42416,4,1,7,1
42417,0,0,3,1
42418,4,2,12,2
42419,3,2,10,1
42420,4,2,4,0
42421,4,1,2,0
42422,0,1,2,0
42423,2,0,5,0
42424,2,1,1,0
42425,1,1,5,3
42426,0,2,6,3
42427,2,3,5,1
42428,0,3,2,0
42429,1,0,6,1
42430,1,0,1,0
42431,2,0,2,0
42432,3,5,11,1
42433,4,1,5,0
42434,0,2,6,2
42435,1,0,3,1
42436,3,5,10,1
42437,2,3,2,2
42438,1,0,1,1
42439,5,3,12,2
42440,0,3,6,0
42441,1,0,4,2
42442,2,0,5,1
42443,2,0,6,0
42444,2,0,5,0
42445,4,3,11,1
42446,0,3,6,0
42447,1,2,6,0
42448,1,0,3,0
42449,5,2,10,2
42450,1,1,5,0
42451,0,0,6,1
42452,1,0,1,0
42453,2,1,2,1
42454,2,2,2,0
42455,1,1,1,0
42456,2,1,2,0
42457,3,2,4,0
42458,3,0,5,2
42459,5,3,12,1
42460,1,0,4,1
42461,1,2,1,0
42462,3,0,5,0
42463,1,1,6,0
42464,3,0,3,1
42465,4,1,13,1
42466,0,0,2,1
42467,0,0,4,0
42468,2,1,3,3
42469,4,3,14,2
42470,0,0,5,3
42471,2,2,6,0
42472,2,0,3,1
42473,1,3,2,1
42474,0,0,2,0
42475,0,2,6,0
42476,1,2,1,0
42477,0,1,5,0
42478,1,0,2,0
42479,0,2,5,0
42480,1,0,4,0
42481,1,0,6,0
42482,0,1,4,2
42483,1,1,2,0
42484,1,2,3,2
42485,3,1,3,1
42486,2,0,2,0
42487,2,0,2,1
42488,4,3,10,3
42489,1,3,3,0
42490,1,1,6,0
42491,4,0,3,0
42492,7,2,7,4
42493,2,1,3,0
42494,1,3,1,3
42495,3,1,6,0
42496,6,5,8,1
42497,2,1,6,1
42498,2,1,6,0
42499,1,1,4,0
42500,1,1,4,1
42501,0,0,5,0
42502,1,0,2,0
42503,2,0,3,0
42504,3,0,5,0
42505,0,0,2,3
42506,0,2,4,0
42507,0,3,3,0
42508,6,4,7,3
42509,1,0,4,0
42510,1,1,2,1
42511,0,3,4,0
42512,1,0,3,2
42513,0,1,5,1
42514,1,1,6,1
42515,1,0,2,2
42516,3,1,2,2
42517,2,0,1,0
42518,5,2,11,2
42519,6,4,10,1
42520,0,1,3,1
42521,2,1,2,1
42522,2,0,6,1
42523,1,0,6,1
42524,0,0,5,0
42525,6,1,13,0
42526,6,4,11,1
42527,2,1,3,2
42528,1,0,6,2
42529,1,0,6,0
42530,3,0,1,0
42531,1,3,3,0
42532,1,0,5,0
42533,2,1,3,1
42534,1,0,6,0
42535,1,2,5,2
42536,2,1,2,0
42537,0,1,6,1
42538,4,2,5,1
42539,1,0,5,1
42540,4,2,13,2
42541,2,1,4,0
42542,1,0,2,0
42543,1,1,4,0
42544,0,1,4,0
42545,0,3,1,1
42546,1,2,4,1
42547,0,2,3,2
42548,3,4,11,2
42549,0,2,5,1
42550,2,0,5,0
42551,2,0,5,1
42552,1,3,1,1
42553,0,0,3,0
42554,3,3,11,2
42555,3,0,3,3
42556,0,2,3,2
42557,4,3,2,0
42558,0,2,5,1
42559,0,1,2,1
42560,2,1,2,2
42561,5,1,6,1
42562,1,0,1,0
42563,1,2,1,1
42564,3,1,13,2
42565,6,2,12,1
42566,2,1,1,0
42567,0,0,6,0
42568,2,3,12,1
42569,1,1,3,2
42570,4,1,5,0
42571,0,2,1,1
42572,2,3,6,1
42573,0,0,6,1
42574,1,4,12,1
42575,3,3,8,0
42576,2,1,1,0
42577,2,1,4,2
42578,2,1,5,2
42579,6,5,13,2
42580,1,1,4,2
42581,5,2,12,3
42582,0,0,6,2
42583,0,1,3,1
42584,0,1,3,2
42585,3,0,4,3
42586,0,2,3,2
42587,1,0,4,1
42588,1,1,3,1
42589,4,1,10,0
42590,0,0,4,1
42591,0,1,4,3
42592,0,2,1,0
42593,5,1,9,1
42594,4,2,14,3
42595,3,2,1,0
42596,1,2,3,0
42597,0,0,3,2
42598,0,0,1,0
42599,1,1,4,1
42600,1,2,5,0
42601,2,1,6,2
42602,2,2,3,2
42603,1,1,5,0
42604,0,1,1,1
42605,3,2,6,1
42606,1,0,3,0
42607,0,1,3,2
42608,1,1,2,0
42609,0,1,3,0
42610,2,0,5,0
42611,0,0,6,0
42612,1,0,2,0
42613,1,2,5,1
42614,5,3,11,2
42615,0,0,3,0
42616,1,1,4,0
42617,1,3,3,0
42618,2,5,11,2
42619,4,0,4,1
42620,1,0,4,0
42621,7,2,12,1
42622,0,1,4,0
42623,2,0,4,1
42624,0,0,2,1
42625,7,2,9,3
42626,0,1,6,1
42627,0,0,3,0
42628,2,1,4,0
42629,0,2,3,1
42630,1,0,1,0
42631,0,0,2,0
42632,3,3,7,2
42633,1,3,6,2
42634,3,0,6,0
42635,1,3,2,0
42636,1,0,1,0
42637,2,0,5,1
42638,2,3,6,1
42639,3,4,5,3
42640,3,2,8,4
42641,4,1,14,3
42642,0,1,2,1
42643,7,3,8,1
42644,1,0,6,0
42645,0,3,6,0
42646,1,1,1,1
42647,1,1,3,1
42648,0,0,6,0
42649,1,1,4,0
42650,1,2,3,0
42651,1,2,1,0
42652,3,3,8,2
42653,5,3,7,1
42654,3,3,5,0
42655,1,0,1,2
42656,1,0,1,1
42657,3,1,9,2
42658,0,0,6,0
42659,1,1,1,0
42660,3,1,1,0
42661,0,1,2,0
42662,1,1,3,1
42663,0,2,4,0
42664,1,2,2,0
42665,4,4,9,4
42666,1,1,5,0
42667,1,0,4,0
42668,0,0,1,0
42669,2,1,3,0
42670,1,1,5,2
42671,1,1,5,1
42672,1,0,1,0
42673,4,0,6,0
42674,0,1,1,1
42675,4,5,12,1
42676,2,0,5,0
42677,1,1,6,0
42678,1,2,3,1
42679,3,0,6,0
42680,3,1,5,1
42681,1,0,2,1
42682,3,1,6,1
42683,1,2,6,1
42684,4,4,12,2
42685,2,0,6,1
42686,3,3,5,2
42687,2,0,3,1
42688,3,1,6,0
42689,1,0,1,0
42690,0,1,2,0
42691,2,1,1,0
42692,5,3,10,1
42693,2,2,4,2
42694,1,0,2,1
42695,0,1,1,0
42696,1,2,1,0
42697,0,2,3,0
42698,2,1,5,0
42699,1,1,1,0
42700,1,1,4,1
42701,0,3,2,2
42702,2,0,5,1
42703,4,1,5,0
42704,1,0,4,0
42705,2,1,4,1
42706,1,0,2,0
42707,0,2,3,0
42708,1,0,3,1
42709,0,0,1,1
42710,1,1,4,0
42711,3,0,5,2
42712,0,1,2,0
42713,3,0,6,1
42714,0,0,4,1
42715,1,0,4,2
42716,1,1,6,1
42717,4,0,6,0
42718,0,0,1,3
42719,5,4,13,2
42720,4,1,4,0
42721,1,1,1,1
42722,4,0,2,0
42723,1,0,1,0
42724,1,1,6,0
42725,1,1,1,0
42726,1,0,2,1
42727,6,3,12,3
42728,0,1,1,0
42729,0,0,4,2
42730,1,0,2,0
42731,2,0,5,0
42732,0,0,2,3
42733,2,1,1,0
42734,3,3,6,1
42735,4,1,6,1
42736,1,1,2,1
42737,0,3,3,1
42738,3,0,2,2
42739,2,2,5,0
42740,1,1,4,1
42741,1,0,1,0
42742,1,0,1,2
42743,0,0,6,0
42744,1,0,4,0
42745,3,3,8,0
42746,0,1,5,0
42747,3,2,6,0
42748,4,1,5,0
42749,4,1,6,4
42750,7,2,6,1
42751,2,1,1,1
42752,0,3,4,2
42753,0,1,6,1
42754,0,0,3,2
42755,2,6,11,2
42756,1,1,1,0
42757,3,1,6,0
42758,0,0,3,0
42759,4,4,9,3
42760,1,3,2,0
42761,2,3,8,3
42762,3,2,3,1
42763,0,3,1,1
42764,2,1,4,0
42765,0,2,5,1
42766,0,3,6,0
42767,2,0,1,3
42768,5,2,11,3
42769,0,0,1,1
42770,2,3,12,2
42771,1,3,4,0
42772,1,1,2,1
42773,0,3,6,1
42774,0,2,2,1
42775,1,3,6,0
42776,2,0,3,0
42777,2,3,4,0
42778,4,0,2,3
42779,3,2,9,1
42780,0,0,1,2
42781,0,0,3,2
42782,2,0,2,0
42783,0,0,3,0
42784,1,0,1,0
42785,1,1,2,0
42786,0,0,3,1
42787,8,2,13,1
42788,3,2,2,0
42789,7,4,12,1
42790,2,2,2,1
42791,1,2,2,0
42792,8,2,7,1
42793,1,2,2,0
42794,7,3,12,3
42795,1,0,3,1
42796,0,2,4,0
42797,0,0,2,0
42798,2,0,3,1
42799,2,0,6,2
42800,4,2,14,2
42801,2,0,4,0
42802,4,3,12,2
42803,2,1,3,0
42804,1,0,6,0
42805,0,1,3,0
42806,1,1,4,2
42807,5,4,7,2
42808,1,0,1,1
42809,2,3,5,0
42810,2,2,4,0
42811,0,0,2,0
42812,2,1,5,1
42813,3,5,12,3
42814,1,0,5,0
42815,2,1,6,2
42816,3,1,2,1
42817,4,0,6,1
42818,2,1,6,0
42819,1,1,5,2
42820,2,0,3,1
42821,4,5,13,2
42822,1,0,4,1
42823,1,2,1,2
42824,5,3,7,1
42825,5,2,7,4
42826,3,4,9,2
42827,1,0,5,0
42828,3,0,2,0
42829,0,0,3,1
42830,2,1,4,0
42831,6,3,13,2
42832,6,2,12,1
42833,2,2,4,1
42834,1,0,1,0
42835,3,5,13,3
42836,2,0,3,0
42837,0,2,4,1
42838,0,0,3,1
42839,1,4,9,3
42840,0,3,4,3
42841,3,2,2,1
42842,1,4,14,3
42843,0,0,4,0
42844,1,2,2,2
42845,3,3,8,2
42846,3,0,4,1
42847,0,0,2,2
42848,4,4,6,2
42849,3,0,1,1
42850,2,1,1,3
42851,1,1,3,0
42852,4,3,9,4
42853,0,3,6,2
42854,1,2,2,0
42855,0,1,3,1
42856,1,2,6,2
42857,0,0,2,1
42858,2,3,1,1
42859,0,0,2,2
42860,5,2,13,2
42861,1,3,6,1
42862,3,1,1,1
42863,1,0,2,0
42864,1,1,1,1
42865,8,5,11,2
42866,0,0,3,0
42867,5,4,11,2
42868,0,0,2,0
42869,4,1,13,2
42870,0,1,6,1
42871,3,3,1,0
42872,1,0,2,3
42873,2,2,5,0
42874,2,0,3,3
42875,1,0,1,0
42876,1,2,3,3
42877,0,0,5,0
42878,6,2,5,2
42879,0,0,4,2
42880,3,1,5,1
42881,1,2,1,1
42882,0,1,3,0
42883,1,1,1,0
42884,1,0,2,2
42885,0,0,3,0
42886,0,2,1,1
42887,4,3,7,0
42888,8,3,12,1
42889,1,1,5,0
42890,1,3,2,0
42891,1,2,6,3
42892,5,4,10,2
42893,6,4,14,1
42894,1,0,1,0
42895,5,5,9,3
42896,1,1,4,2
42897,1,1,1,0
42898,2,1,6,2
42899,0,2,6,3
42900,2,2,10,3
42901,2,0,5,1
42902,0,3,2,2
42903,3,1,6,1
42904,1,1,7,0
42905,5,2,7,1
42906,0,0,5,1
42907,0,1,4,0
42908,0,2,5,0
42909,0,0,4,0
42910,3,0,5,2
42911,2,3,4,0
42912,1,0,2,1
42913,3,2,3,1
42914,3,1,3,0
42915,0,0,1,3
42916,0,1,4,3
42917,1,1,1,0
42918,1,0,6,0
42919,3,2,1,0
42920,2,0,6,1
42921,1,0,4,0
42922,4,1,4,0
42923,1,1,4,1
42924,0,1,5,1
42925,1,0,1,0
42926,0,2,4,0
42927,1,3,4,1
42928,3,4,12,1
42929,1,2,6,2
42930,2,2,2,2
42931,3,0,5,0
42932,2,2,1,2
42933,2,0,5,0
42934,2,1,5,1
42935,2,3,5,0
42936,1,0,4,2
42937,8,3,13,5
42938,2,1,2,1
42939,1,0,5,0
42940,2,1,2,2
42941,2,2,4,0
42942,1,3,4,1
42943,4,0,6,0
42944,1,1,2,1
42945,1,1,5,0
42946,0,0,1,1
42947,0,0,3,1
42948,1,0,5,0
42949,4,4,10,0
42950,1,1,4,0
42951,1,3,5,1
42952,1,0,6,0
42953,1,3,13,1
42954,1,0,3,0
42955,0,0,6,1
42956,1,1,6,0
42957,3,2,14,1
42958,1,1,4,1
42959,0,0,3,0
42960,4,5,12,2
42961,2,1,3,0
42962,1,1,6,2
42963,1,3,3,0
42964,3,0,2,0
42965,2,1,4,0
42966,2,0,2,1
42967,2,3,1,0
42968,0,0,6,1
42969,0,1,2,0
42970,1,3,4,0
42971,0,0,3,0
42972,0,0,2,0
42973,1,2,3,0
42974,4,0,5,2
42975,4,4,12,2
42976,0,0,2,0
42977,0,2,1,2
42978,7,6,7,1
42979,2,1,4,0
42980,3,2,2,0
42981,4,2,1,2
42982,0,0,6,0
42983,0,1,1,0
42984,4,5,10,3
42985,6,2,11,2
42986,0,1,6,1
42987,0,1,3,0
42988,3,0,4,1
42989,5,4,11,1
42990,3,2,2,3
42991,2,1,4,0
42992,1,2,6,1
42993,0,0,3,0
42994,3,2,14,3
42995,3,1,1,1
42996,1,1,4,2
42997,0,3,3,1
42998,1,0,2,0
42999,1,1,2,0
43000,0,1,1,0
43001,0,1,4,0
43002,0,2,6,1
43003,1,1,2,1
43004,6,3,8,3
43005,7,5,13,2
43006,0,0,5,0
43007,5,3,13,2
43008,2,0,6,2
43009,2,1,3,3
43010,1,1,4,0
43011,3,0,3,0
43012,4,3,5,0
43013,0,0,1,1
43014,1,2,1,0
43015,3,0,5,0
43016,3,2,1,1
43017,8,3,11,2
43018,1,3,4,2
43019,1,1,4,0
43020,1,0,2,0
43021,1,1,6,1
43022,2,3,2,1
43023,1,1,2,2
43024,1,1,2,0
43025,1,0,2,0
43026,3,3,4,0
43027,2,0,1,2
43028,3,1,4,1
43029,2,1,4,2
43030,2,3,4,0
43031,2,0,5,0
43032,0,0,3,0
43033,1,0,2,1
43034,1,1,3,1
43035,5,2,8,1
43036,1,1,1,1
43037,4,2,8,3
43038,4,0,5,0
43039,4,1,14,3
43040,4,2,9,2
43041,4,4,10,0
43042,1,3,3,1
43043,2,1,2,2
43044,2,1,1,2
43045,0,0,5,1
43046,3,2,13,1
43047,2,2,1,0
43048,3,2,11,3
43049,1,1,5,1
43050,1,1,2,0
43051,3,3,3,0
43052,2,1,5,0
43053,0,1,1,1
43054,2,1,1,1
43055,0,0,3,2
43056,2,1,4,0
43057,1,0,3,2
43058,0,0,6,1
43059,4,0,3,2
43060,1,0,2,2
43061,1,0,6,0
43062,0,1,3,2
43063,6,2,8,3
43064,3,3,6,1
43065,2,0,4,1
43066,1,0,1,0
43067,0,1,2,2
43068,1,0,6,1
43069,2,1,4,2
43070,6,6,8,4
43071,4,1,5,2
43072,2,0,6,0
43073,7,6,14,2
43074,3,5,7,1
43075,1,2,6,2
43076,0,0,2,2
43077,2,1,4,2
43078,6,3,10,2
43079,3,0,6,0
43080,1,1,5,0
43081,3,1,1,1
43082,3,1,6,0
43083,1,1,4,0
43084,2,0,2,0
43085,0,3,4,3
43086,0,1,3,2
43087,5,4,9,5
43088,2,0,2,2
43089,2,1,3,3
43090,2,3,2,0
43091,0,1,5,2
43092,2,1,4,0
43093,4,0,6,0
43094,2,5,9,2
43095,1,0,5,2
43096,3,5,12,2
43097,1,2,3,1
43098,2,3,4,1
43099,1,3,1,0
43100,2,0,4,3
43101,0,1,1,1
43102,3,2,1,0
43103,1,0,6,0
43104,6,5,5,2
43105,3,6,5,2
43106,0,0,1,1
43107,1,1,5,2
43108,1,0,2,0
43109,1,1,4,3
43110,0,0,2,0
43111,1,0,5,0
43112,2,2,3,0
43113,0,2,6,2
43114,1,2,2,0
43115,1,0,4,3
43116,3,3,14,1
43117,4,3,6,1
43118,0,0,4,0
43119,1,1,1,0
43120,2,0,1,0
43121,0,3,1,1
43122,1,1,4,3
43123,3,0,6,0
43124,0,0,5,0
43125,1,1,4,1
43126,3,2,5,0
43127,4,3,14,0
43128,1,0,4,2
43129,2,0,6,0
43130,4,4,5,2
43131,0,0,1,1
43132,1,1,3,0
43133,0,1,1,2
43134,1,2,4,1
43135,0,1,2,1
43136,4,3,13,2
43137,2,2,3,0
43138,1,1,2,0
43139,2,2,7,1
43140,1,1,3,0
43141,1,1,5,0
43142,6,2,6,0
43143,2,1,10,2
43144,1,1,3,0
43145,3,3,5,3
43146,0,0,3,1
43147,3,1,3,0
43148,1,3,4,0
43149,0,0,2,0
43150,0,2,2,0
43151,0,3,1,1
43152,2,0,3,0
43153,1,3,6,0
43154,4,2,14,2
43155,6,2,9,3
43156,1,1,5,0
43157,0,0,5,0
43158,5,6,5,2
43159,1,0,2,0
43160,0,1,6,0
43161,3,1,10,3
43162,4,3,9,3
43163,3,2,5,1
43164,4,0,6,1
43165,4,4,9,1
43166,4,4,13,1
43167,3,2,1,1
43168,2,1,4,0
43169,1,3,2,0
43170,1,0,2,0
43171,3,1,3,1
43172,5,1,5,1
43173,4,5,7,1
43174,1,1,5,3
43175,3,0,1,0
43176,1,0,5,1
43177,0,0,4,0
43178,2,0,2,0
43179,1,0,1,1
43180,2,2,6,0
43181,0,1,2,0
43182,3,5,5,4
43183,0,1,1,0
43184,0,0,1,0
43185,2,2,14,2
43186,3,3,1,1
43187,1,1,3,0
43188,2,0,1,0
43189,2,1,5,1
43190,2,1,4,1
43191,7,2,11,4
43192,3,2,7,1
43193,3,4,13,3
43194,4,5,14,3
43195,3,1,6,5
43196,2,2,10,1
43197,4,0,4,1
43198,5,4,8,2
43199,3,2,11,3
43200,1,3,6,2
43201,2,1,8,2
43202,1,0,1,2
43203,0,0,2,0
43204,5,3,8,2
43205,0,0,6,1
43206,1,3,3,0
43207,4,6,8,1
43208,4,2,6,2
43209,0,1,1,0
43210,5,2,13,3
43211,4,0,1,0
43212,0,1,4,3
43213,7,4,10,2
43214,6,4,12,3
43215,3,1,1,0
43216,4,2,14,3
43217,2,2,4,0
43218,1,1,1,1
43219,2,1,3,0
43220,1,0,3,2
43221,3,0,6,1
43222,4,2,5,3
43223,0,2,1,2
43224,5,3,6,2
43225,1,2,7,2
43226,1,2,2,0
43227,4,1,2,0
43228,0,1,2,0
43229,1,2,4,1
43230,1,0,3,1
43231,0,2,1,2
43232,2,2,6,0
43233,1,1,2,1
43234,2,0,4,2
43235,2,1,3,1
43236,1,2,5,3
43237,3,2,1,0
43238,1,0,4,0
43239,3,3,6,1
43240,2,2,3,0
43241,1,1,4,0
43242,3,2,10,2
43243,1,0,1,0
43244,2,1,1,0
43245,0,1,1,3
43246,1,0,6,3
43247,2,0,3,0
43248,0,0,6,1
43249,1,5,11,3
43250,0,1,4,1
43251,2,2,4,0
43252,6,4,6,3
43253,1,2,4,0
43254,1,2,2,0
43255,0,0,2,1
43256,1,0,5,0
43257,3,3,8,2
43258,4,0,5,3
43259,0,0,5,3
43260,0,2,3,0
43261,1,1,1,0
43262,7,5,14,1
43263,1,1,5,0
43264,3,3,5,0
43265,0,1,1,0
43266,1,0,3,0
43267,3,1,6,1
43268,0,0,1,3
43269,0,2,6,0
43270,2,0,4,2
43271,1,1,2,2
43272,1,2,3,3
43273,1,3,2,0
43274,1,3,3,0
43275,0,0,4,0
43276,1,1,4,2
43277,1,1,5,0
43278,2,3,1,1
43279,2,0,4,0
43280,1,2,5,1
43281,4,2,9,2
43282,4,5,7,3
43283,0,1,2,0
43284,2,1,4,1
43285,3,0,3,0
43286,1,1,4,0
43287,2,1,3,0
43288,1,0,6,0
43289,2,1,4,1
43290,1,1,2,1
43291,0,0,1,0
43292,1,0,2,0
43293,4,3,7,2
43294,3,0,5,0
43295,0,0,2,0
43296,2,1,10,2
43297,0,0,5,0
43298,6,4,11,1
43299,3,0,4,1
43300,6,2,7,5
43301,2,1,5,0
43302,3,0,6,2
43303,1,2,4,0
43304,1,2,1,1
43305,0,0,3,1
43306,1,1,3,1
43307,1,2,2,1
43308,5,2,12,3
43309,0,0,5,1
43310,3,0,4,1
43311,2,0,5,0
43312,4,2,4,0
43313,0,1,5,0
43314,0,1,1,0
43315,1,1,5,0
43316,1,3,6,2
43317,3,3,11,1
43318,8,3,9,2
43319,0,0,6,0
43320,6,5,10,1
43321,2,0,5,1
43322,0,3,5,2
43323,1,1,1,0
43324,0,0,4,3
43325,1,1,2,0
43326,5,2,10,1
43327,1,1,6,3
43328,1,3,2,0
43329,0,3,3,2
43330,2,1,2,1
43331,5,4,9,2
43332,2,1,6,0
43333,1,2,1,1
43334,6,4,6,2
43335,0,0,4,0
43336,2,0,5,1
43337,2,4,5,1
43338,3,5,7,3
43339,0,2,4,1
43340,1,1,5,1
43341,3,2,13,2
43342,1,0,6,0
43343,1,3,5,1
43344,0,2,1,2
43345,0,0,4,1
43346,1,1,2,0
43347,4,3,5,2
43348,1,1,4,0
43349,4,0,3,0
43350,1,2,4,0
43351,1,1,4,0
43352,0,1,1,0
43353,3,1,5,0
43354,2,3,5,3
43355,1,0,2,1
43356,0,0,3,0
43357,0,1,4,1
43358,2,1,6,0
43359,2,2,3,2
43360,1,1,2,1
43361,1,1,6,3
43362,1,0,2,0
43363,4,5,8,3
43364,3,2,13,1
43365,1,2,4,1
43366,5,3,14,1
43367,1,2,4,2
43368,0,0,6,0
43369,2,1,3,1
43370,0,0,4,1
43371,0,3,4,2
43372,2,1,6,0
43373,0,0,5,0
43374,3,3,2,0
43375,1,1,6,0
43376,3,1,1,0
43377,1,1,5,2
43378,1,3,5,0
43379,0,2,4,2
43380,0,1,1,3
43381,2,2,3,2
43382,6,4,11,1
43383,2,0,1,1
43384,7,4,8,2
43385,1,0,4,0
43386,1,2,5,0
43387,1,2,5,0
43388,5,3,9,2
43389,1,2,1,0
43390,5,2,12,2
43391,3,2,14,2
43392,1,0,4,0
43393,2,0,3,2
43394,0,2,5,0
43395,1,1,3,2
43396,3,1,4,0
43397,1,1,3,0
43398,0,1,3,1
43399,0,1,6,1
43400,3,2,6,2
43401,1,0,2,0
43402,0,1,6,0
43403,3,3,14,2
43404,1,0,3,2
43405,4,4,12,1
43406,1,0,6,2
43407,0,0,1,0
43408,1,1,6,0
43409,4,1,14,2
43410,0,3,1,0
43411,0,1,3,3
43412,6,4,10,0
43413,2,1,6,0
43414,1,0,3,3
43415,2,0,4,2
43416,1,1,3,0
43417,1,0,1,1
43418,1,0,5,2
43419,2,3,2,0
43420,1,0,3,0
43421,3,0,5,0
43422,4,0,2,0
43423,1,1,4,0
43424,0,2,6,0
43425,1,2,6,2
43426,0,1,2,1
43427,6,3,9,2
43428,5,3,14,3
43429,6,4,12,1
43430,3,0,5,0
43431,1,2,5,0
43432,2,1,3,2
43433,2,2,7,1
43434,1,0,5,1
43435,3,2,6,1
43436,8,4,7,3
43437,2,3,6,0
43438,2,1,6,0
43439,2,0,4,0
43440,0,0,3,2
43441,0,1,2,0
43442,2,1,2,0
43443,0,0,1,0
43444,0,2,3,2
43445,2,3,8,0
43446,4,3,4,0
43447,1,2,3,1
43448,0,0,5,0
43449,0,1,6,1
43450,1,0,1,1
43451,1,0,4,0
43452,2,3,3,1
43453,2,0,2,1
43454,5,6,14,2
43455,3,3,6,1
43456,2,0,2,0
43457,2,1,5,1
43458,1,0,5,1
43459,3,1,1,3
43460,5,6,9,3
43461,0,3,1,0
43462,1,3,6,1
43463,2,1,4,0
43464,1,0,3,0
43465,2,2,1,2
43466,3,6,5,2
43467,1,1,2,0
43468,0,1,2,1
43469,1,0,4,0
43470,0,1,1,0
43471,3,0,5,3
43472,1,3,5,0
43473,3,4,5,2
43474,0,1,6,0
43475,0,2,1,0
43476,5,5,5,1
43477,2,1,4,2
43478,0,0,1,0
43479,2,3,5,1
43480,3,0,1,0
43481,0,0,5,1
43482,3,2,5,2
43483,0,2,5,3
43484,1,0,2,0
43485,5,1,7,1
43486,2,0,5,1
43487,1,3,4,1
43488,1,0,5,3
43489,4,1,3,1
43490,5,5,7,1
43491,0,1,3,0
43492,2,0,3,0
43493,1,1,3,1
43494,1,3,4,1
43495,0,1,4,3
43496,2,2,10,1
43497,1,1,1,0
43498,0,0,5,2
43499,2,0,6,0
43500,1,0,6,1
43501,4,2,5,1
43502,1,2,2,1
43503,1,0,2,2
43504,4,0,6,1
43505,1,0,6,0
43506,4,3,13,1
43507,2,3,1,0
43508,2,0,4,0
43509,0,3,2,1
43510,1,1,1,3
43511,2,2,14,0
43512,1,3,1,1
43513,7,3,12,1
43514,6,3,6,2
43515,1,0,3,0
43516,1,0,1,0
43517,1,1,1,1
43518,8,4,7,1
43519,4,1,1,1
43520,1,2,1,2
43521,0,0,3,2
43522,2,1,6,1
43523,0,1,1,0
43524,1,3,4,1
43525,2,1,1,3
43526,1,1,3,2
43527,1,0,1,0
43528,1,3,2,1
43529,5,2,8,1
43530,1,0,5,3
43531,2,0,1,1
43532,2,0,3,1
43533,2,3,9,3
43534,1,1,3,1
43535,2,0,5,3
43536,0,1,1,0
43537,0,0,2,0
43538,0,0,5,1
43539,1,0,2,1
43540,1,3,4,1
43541,5,2,5,1
43542,1,0,6,0
43543,0,3,3,1
43544,1,2,5,0
43545,2,0,2,0
43546,3,1,3,0
43547,4,2,13,0
43548,1,2,1,0
43549,2,1,1,3
43550,5,3,10,1
43551,2,1,1,0
43552,1,0,4,1
43553,1,1,1,3
43554,2,0,2,0
43555,0,3,6,1
43556,2,1,6,0
43557,0,0,2,0
43558,2,0,3,1
43559,2,0,4,0
43560,1,0,2,2
43561,3,2,2,3
43562,2,3,3,0
43563,1,0,1,1
43564,5,2,10,2
43565,1,3,8,5
43566,4,1,1,2
43567,0,1,6,0
43568,2,1,4,0
43569,3,4,7,1
43570,2,1,2,0
43571,1,0,2,0
43572,0,1,5,0
43573,1,2,1,1
43574,4,1,4,0
43575,3,0,1,0
43576,4,6,8,1
43577,1,2,5,0
43578,0,1,1,1
43579,4,2,11,0
43580,5,2,12,2
43581,3,0,3,3
43582,0,1,1,2
43583,1,1,4,0
43584,3,0,4,1
43585,1,0,5,1
43586,0,1,4,0
43587,0,0,6,0
43588,1,3,4,0
43589,1,4,5,1
43590,1,1,1,0
43591,0,1,5,0
43592,3,0,6,0
43593,8,4,6,0
43594,2,1,11,1
43595,1,2,2,2
43596,2,0,3,0
43597,2,0,6,0
43598,3,3,1,1
43599,1,1,5,1
43600,0,1,2,3
43601,4,3,12,4
43602,1,1,4,0
43603,2,0,3,1
43604,1,0,4,0
43605,3,2,10,4
43606,0,3,5,0
43607,4,2,6,2
43608,1,1,2,2
43609,0,0,1,0
43610,0,2,3,1
43611,1,2,6,0
43612,1,0,5,0
43613,0,0,5,0
43614,3,0,5,0
43615,4,3,5,3
43616,6,3,6,3
43617,1,2,1,0
43618,6,3,10,3
43619,6,3,5,1
43620,3,2,6,4
43621,1,0,3,0
43622,4,4,8,0
43623,3,0,6,0
43624,2,1,5,2
43625,0,1,6,1
43626,4,1,1,2
43627,5,3,8,0
43628,0,0,6,0
43629,0,1,3,0
43630,1,1,1,0
43631,3,1,5,0
43632,4,1,2,0
43633,0,1,6,1
43634,0,1,6,2
43635,0,0,2,1
43636,2,1,6,2
43637,1,3,14,1
43638,1,0,2,1
43639,1,0,5,0
43640,0,0,4,1
43641,7,3,13,1
43642,2,2,6,0
43643,4,6,7,2
43644,1,0,6,2
43645,1,0,3,0
43646,2,0,3,0
43647,0,0,2,0
43648,1,3,5,0
43649,1,3,4,2
43650,0,1,1,0
43651,1,1,4,0
43652,2,0,2,0
43653,2,1,2,2
43654,1,3,4,2
43655,1,0,6,1
43656,0,3,1,1
43657,2,1,3,0
43658,0,2,1,1
43659,1,1,1,0
43660,3,2,2,3
43661,0,2,1,0
43662,0,3,2,0
43663,1,0,3,0
43664,5,3,14,3
43665,1,0,1,0
43666,1,1,6,1
43667,0,1,5,1
43668,0,3,4,1
43669,0,2,2,1
43670,2,3,3,0
43671,3,1,3,3
43672,0,0,1,3
43673,7,1,12,2
43674,2,1,5,0
43675,0,2,1,0
43676,2,3,10,3
43677,0,0,2,1
43678,3,5,8,2
43679,4,3,1,0
43680,5,3,7,5
43681,1,1,6,1
43682,3,3,3,1
43683,4,1,2,1
43684,0,1,5,3
43685,4,2,6,1
43686,1,1,5,3
43687,1,1,5,0
43688,4,1,1,0
43689,1,0,3,0
43690,4,2,6,0
43691,0,0,1,2
43692,2,0,3,0
43693,6,3,10,2
43694,2,2,9,3
43695,3,0,6,2
43696,3,0,1,0
43697,2,2,5,0
43698,0,1,4,0
43699,1,1,1,0
43700,0,2,4,2
43701,1,2,1,0
43702,2,2,14,1
43703,1,1,3,3
43704,4,1,11,1
43705,5,2,6,3
43706,3,2,3,0
43707,3,1,3,1
43708,2,3,6,3
43709,3,0,6,0
43710,0,0,4,1
43711,0,1,4,0
43712,1,0,4,3
43713,0,0,3,0
43714,4,0,6,1
43715,2,1,4,1
43716,7,2,7,0
43717,1,0,4,0
43718,3,3,12,2
43719,3,0,3,1
43720,0,1,1,1
43721,1,0,2,1
43722,1,0,3,0
43723,2,1,5,0
43724,2,0,2,1
43725,1,1,1,0
43726,1,2,3,1
43727,0,1,1,2
43728,1,2,6,1
43729,2,1,1,0
43730,1,0,1,0
43731,3,2,2,1
43732,2,1,1,0
43733,0,0,4,1
43734,2,1,4,3
43735,0,2,6,1
43736,6,2,11,2
43737,3,2,10,3
43738,0,3,4,2
43739,1,3,4,0
43740,3,0,3,0
43741,3,2,5,1
43742,1,0,1,0
43743,1,0,1,0
43744,1,0,1,0
43745,1,1,2,2
43746,1,2,2,0
43747,2,3,9,4
43748,5,3,9,1
43749,4,2,1,1
43750,0,0,5,0
43751,2,3,5,0
43752,2,0,4,1
43753,1,3,2,0
43754,2,0,1,0
43755,0,3,1,0
43756,1,1,1,0
43757,7,3,13,3
43758,2,0,5,2
43759,1,1,2,0
43760,2,2,4,1
43761,2,0,6,2
43762,0,1,6,0
43763,0,1,4,1
43764,1,2,5,1
43765,1,1,3,0
43766,1,1,3,0
43767,0,1,3,0
43768,0,1,2,0
43769,0,0,5,0
43770,0,0,3,0
43771,0,1,5,0
43772,3,0,3,1
43773,0,1,3,0
43774,3,3,12,0
43775,1,1,3,2
43776,1,1,5,2
43777,4,0,6,0
43778,2,1,6,1
43779,0,0,2,2
43780,3,0,2,0
43781,2,0,2,1
43782,1,1,6,0
43783,7,4,10,3
43784,0,3,4,1
43785,2,0,4,0
43786,1,1,4,0
43787,3,2,9,4
43788,0,3,4,1
43789,4,4,9,1
43790,1,2,5,3
43791,3,5,7,2
43792,4,1,5,1
43793,2,2,6,1
43794,3,2,2,2
43795,4,0,4,1
43796,3,1,5,2
43797,2,1,2,0
43798,0,3,2,0
43799,4,4,14,2
43800,1,3,5,0
43801,3,3,3,2
43802,1,0,2,0
43803,2,0,5,0
43804,8,4,13,3
43805,0,0,4,2
43806,1,0,4,2
43807,0,1,3,0
43808,2,1,2,0
43809,1,2,2,1
43810,2,0,6,1
43811,1,1,1,2
43812,2,0,3,0
43813,0,0,4,0
43814,2,0,1,0
43815,3,2,2,0
43816,2,2,13,3
43817,4,0,3,1
43818,1,0,5,0
43819,0,0,5,2
43820,4,3,13,4
43821,0,1,6,0
43822,0,1,5,1
43823,0,1,3,0
43824,0,0,3,3
43825,1,0,1,1
43826,2,1,4,2
43827,1,0,5,1
43828,1,2,4,1
43829,1,1,3,2
43830,1,1,3,0
43831,2,0,2,1
43832,1,1,2,3
43833,3,2,2,0
43834,2,0,5,0
43835,1,0,4,1
43836,0,0,6,0
43837,1,1,11,3
43838,0,0,1,0
43839,0,2,2,2
43840,0,0,6,1
43841,1,1,2,0
43842,1,1,3,0
43843,3,0,5,0
43844,2,1,5,1
43845,2,0,5,0
43846,1,1,4,0
43847,4,1,4,0
43848,1,0,3,1
43849,2,1,6,0
43850,1,1,4,2
43851,1,0,2,0
43852,1,0,1,1
43853,1,3,5,1
43854,1,2,2,0
43855,0,0,6,1
43856,4,2,4,0
43857,0,1,6,2
43858,1,2,6,1
43859,1,1,3,1
43860,0,0,2,0
43861,1,1,6,1
43862,0,0,2,0
43863,2,1,2,0
43864,1,2,6,2
43865,1,1,1,3
43866,4,3,10,2
43867,5,2,5,1
43868,4,3,10,4
43869,0,0,4,1
43870,1,2,6,0
43871,1,0,2,0
43872,1,2,6,2
43873,1,0,3,0
43874,2,3,7,3
43875,4,3,7,3
43876,6,2,8,5
43877,2,1,4,1
43878,2,3,5,2
43879,4,0,4,0
43880,0,1,2,1
43881,3,1,13,2
43882,1,1,1,1
43883,2,3,3,0
43884,1,1,4,0
43885,3,0,1,3
43886,2,1,6,0
43887,2,1,4,1
43888,1,2,6,0
43889,4,2,11,3
43890,1,1,3,1
43891,2,3,8,2
43892,2,0,1,0
43893,0,0,3,1
43894,5,5,5,0
43895,4,1,1,2
43896,0,3,1,0
43897,1,1,6,3
43898,0,2,2,0
43899,4,0,1,3
43900,0,2,5,0
43901,1,0,6,0
43902,2,0,2,0
43903,2,3,13,0
43904,0,0,6,1
43905,1,1,3,0
43906,4,1,1,2
43907,1,2,5,2
43908,0,1,3,1
43909,2,0,6,2
43910,4,5,11,2
43911,3,3,10,2
43912,2,1,1,0
43913,3,2,5,0
43914,0,1,4,0
43915,0,1,1,0
43916,1,0,2,1
43917,3,1,1,2
43918,2,1,5,0
43919,0,2,4,0
43920,2,0,6,2
43921,1,1,4,0
43922,2,0,2,0
43923,1,2,5,0
43924,0,2,5,1
43925,1,0,1,0
43926,0,1,2,0
43927,0,1,6,0
43928,2,0,3,3
43929,0,2,2,0
43930,1,1,1,0
43931,1,0,4,0
43932,0,0,5,0
43933,3,2,4,0
43934,6,3,5,2
43935,0,2,6,1
43936,0,0,4,2
43937,2,1,1,1
43938,4,4,14,2
43939,0,0,3,1
43940,0,0,1,0
43941,3,4,8,1
43942,4,3,11,1
43943,1,0,6,0
43944,2,2,1,2
43945,8,4,7,3
43946,0,1,5,2
43947,2,1,2,0
43948,1,0,5,2
43949,2,0,6,0
43950,0,0,3,0
43951,4,0,6,0
43952,4,3,10,1
43953,0,0,1,0
43954,1,1,4,0
43955,0,0,6,0
43956,0,1,1,0
43957,2,3,2,0
43958,3,1,2,2
43959,4,1,4,0
43960,1,3,6,0
43961,1,0,1,2
43962,1,1,5,1
43963,4,1,9,1
43964,6,3,11,2
43965,1,1,3,0
43966,0,0,5,0
43967,2,1,5,0
43968,0,0,5,1
43969,2,0,4,2
43970,3,0,3,0
43971,2,1,6,0
43972,2,0,5,0
43973,8,4,6,3
43974,2,1,5,0
43975,0,1,2,0
43976,0,0,4,1
43977,0,1,6,1
43978,2,4,13,1
43979,1,2,10,5
43980,2,1,4,1
43981,0,0,4,0
43982,4,0,6,1
43983,0,0,5,1
43984,3,0,5,0
43985,1,0,2,0
43986,1,2,4,1
43987,2,2,4,0
43988,1,3,1,0
43989,2,1,1,2
43990,0,1,5,0
43991,1,1,4,1
43992,1,0,3,0
43993,0,0,3,1
43994,0,1,4,0
43995,1,1,3,0
43996,0,3,2,0
43997,1,1,6,1
43998,7,4,8,4
43999,2,2,1,0
44000,1,0,1,1
44001,1,0,4,1
44002,1,0,5,3
44003,2,1,2,1
44004,1,1,6,0
44005,0,1,2,1
44006,1,2,5,0
44007,1,0,3,1
44008,7,1,9,1
44009,1,1,4,2
44010,5,5,7,1
44011,0,1,6,0
44012,2,0,1,0
44013,1,1,6,2
44014,3,3,7,1
44015,0,0,4,1
44016,6,2,8,1
44017,1,0,5,3
44018,1,1,4,1
44019,5,1,8,1
44020,2,0,2,1
44021,0,1,5,0
44022,1,1,3,1
44023,0,1,5,1
44024,4,5,10,1
44025,4,1,2,1
44026,1,3,3,0
44027,0,1,5,1
44028,5,4,6,3
44029,1,2,3,0
44030,4,0,4,1
44031,4,1,3,1
44032,0,0,2,0
44033,0,3,3,1
44034,2,0,1,2
44035,1,1,3,0
44036,2,1,4,1
44037,2,1,4,2
44038,1,0,1,1
44039,1,1,5,0
44040,2,0,3,1
44041,1,2,6,0
44042,3,1,11,0
44043,8,5,13,4
44044,6,5,12,2
44045,7,2,14,1
44046,2,2,1,0
44047,2,1,1,0
44048,1,3,3,1
44049,1,1,4,0
44050,2,1,1,0
44051,2,5,14,2
44052,0,0,4,1
44053,3,2,2,0
44054,7,2,13,3
44055,5,3,8,1
44056,2,1,3,1
44057,1,0,1,0
44058,0,2,1,1
44059,1,1,3,2
44060,1,0,3,0
44061,0,0,2,0
44062,1,1,1,0
44063,1,3,3,1
44064,1,0,6,0
44065,0,2,3,1
44066,0,0,1,2
44067,2,0,4,1
44068,2,0,3,0
44069,3,0,1,0
44070,4,3,13,1
44071,0,0,5,0
44072,2,2,3,0
44073,1,0,2,0
44074,1,1,5,0
44075,2,1,5,3
44076,4,4,8,1
44077,0,1,5,1
44078,1,0,6,2
44079,1,2,1,1
44080,2,0,2,3
44081,2,2,13,1
44082,1,1,5,0
44083,1,0,1,0
44084,5,3,14,2
44085,3,1,7,2
44086,3,6,7,4
44087,2,5,14,4
44088,2,0,5,0
44089,0,1,6,0
44090,0,1,4,2
44091,0,1,6,0
44092,3,0,2,1
44093,2,2,1,1
44094,1,0,5,0
44095,5,4,12,2
44096,2,1,5,1
44097,1,1,5,0
44098,2,1,5,0
44099,1,0,4,0
44100,5,2,11,2
44101,2,0,3,0
44102,0,1,1,1
44103,0,0,6,0
44104,2,3,4,1
44105,0,3,1,0
44106,0,1,5,1
44107,0,2,6,2
44108,2,0,4,1
44109,1,0,4,0
44110,1,0,1,1
44111,8,4,6,2
44112,1,4,10,3
44113,2,0,1,1
44114,3,1,4,1
44115,4,4,6,2
44116,2,3,9,0
44117,0,2,3,0
44118,5,4,10,1
44119,0,0,1,2
44120,0,0,3,1
44121,3,3,8,1
44122,2,1,4,1
44123,0,2,6,1
44124,4,3,8,0
44125,2,4,12,1
44126,0,2,3,0
44127,3,1,3,1
44128,0,0,6,0
44129,0,0,6,3
44130,1,0,2,1
44131,3,0,4,1
44132,0,0,4,1
44133,0,1,6,0
44134,1,0,5,1
44135,0,0,5,1
44136,0,0,6,0
44137,4,3,13,3
44138,2,2,3,0
44139,2,2,1,1
44140,1,3,6,0
44141,2,0,6,1
44142,2,1,6,2
44143,1,3,2,0
44144,2,0,5,0
44145,1,2,5,2
44146,1,1,4,2
44147,0,1,1,1
44148,3,0,1,1
44149,1,1,5,1
44150,0,1,6,0
44151,5,3,8,4
44152,1,1,5,0
44153,1,0,2,0
44154,1,1,2,0
44155,0,0,3,0
44156,3,1,5,1
44157,1,1,1,2
44158,5,5,6,1
44159,1,1,5,0
44160,0,0,4,1
44161,0,0,2,1
44162,2,0,4,2
44163,1,3,3,1
44164,3,2,1,0
44165,4,3,13,0
44166,1,0,6,2
44167,2,0,2,0
44168,3,2,4,1
44169,5,2,10,1
44170,2,3,1,0
44171,1,1,3,1
44172,2,2,6,3
44173,1,2,6,1
44174,2,1,4,0
44175,0,3,2,0
44176,3,1,3,0
44177,0,0,2,1
44178,2,3,5,1
44179,0,1,1,2
44180,2,0,6,0
44181,1,1,6,1
44182,1,1,4,0
44183,1,1,3,3
44184,0,1,6,0
44185,5,5,9,2
44186,2,0,5,0
44187,0,2,4,1
44188,2,0,2,0
44189,3,2,3,1
44190,0,0,6,2
44191,1,2,4,1
44192,1,2,3,2
44193,0,1,1,0
44194,3,0,2,0
44195,4,2,5,0
44196,2,1,6,0
44197,4,1,5,3
44198,1,0,6,2
44199,0,0,4,0
44200,1,2,2,1
44201,3,4,7,1
44202,2,0,6,1
44203,0,0,1,0
44204,1,3,2,0
44205,0,0,4,3
44206,0,0,6,2
44207,1,1,3,0
44208,0,0,5,0
44209,3,2,6,1
44210,1,1,2,0
44211,3,6,11,3
44212,1,0,2,0
44213,1,0,3,0
44214,0,1,5,0
44215,2,3,4,0
44216,1,1,6,1
44217,2,2,10,1
44218,3,0,6,0
44219,0,1,2,0
44220,1,1,1,0
44221,0,1,5,3
44222,0,2,4,1
44223,5,4,13,2
44224,3,1,4,1
44225,4,1,2,0
44226,2,0,2,0
44227,1,2,5,1
44228,3,2,1,2
44229,2,2,6,0
44230,3,1,3,0
44231,3,6,7,2
44232,1,0,3,1
44233,2,0,6,0
44234,1,1,1,2
44235,3,0,2,0
44236,2,2,5,0
44237,1,1,4,2
44238,2,2,5,0
44239,2,0,5,2
44240,3,3,4,0
44241,0,0,2,1
44242,4,3,4,1
44243,1,0,3,0
44244,1,0,5,0
44245,5,4,12,2
44246,3,1,11,1
44247,4,2,3,1
44248,2,1,5,0
44249,2,0,4,0
44250,1,0,3,1
44251,8,3,10,1
44252,0,1,1,1
44253,2,0,3,1
44254,1,2,2,0
44255,3,0,3,0
44256,0,2,5,2
44257,3,0,3,0
44258,3,4,5,3
44259,0,3,1,1
44260,1,0,6,1
44261,0,0,1,0
44262,1,0,2,1
44263,0,0,5,0
44264,3,0,3,1
44265,0,0,3,0
44266,2,1,2,0
44267,4,4,9,1
44268,2,2,3,0
44269,0,3,3,0
44270,1,1,4,2
44271,0,0,1,1
44272,5,4,5,2
44273,2,0,5,0
44274,2,0,6,0
44275,1,1,6,0
44276,0,1,3,0
44277,2,2,4,1
44278,3,2,4,0
44279,4,4,6,2
44280,1,1,5,1
44281,0,0,4,0
44282,3,3,5,0
44283,5,4,5,1
44284,2,0,2,1
44285,3,1,11,2
44286,2,0,5,0
44287,3,3,6,1
44288,6,2,10,3
44289,4,3,7,1
44290,2,0,4,2
44291,1,3,3,0
44292,3,0,6,0
44293,1,1,2,0
44294,3,3,6,0
44295,0,0,4,0
44296,1,2,1,0
44297,0,2,2,1
44298,0,0,3,0
44299,1,2,5,0
44300,1,0,6,1
44301,3,2,5,1
44302,2,1,4,2
44303,5,4,14,3
44304,2,1,4,0
44305,1,0,5,0
44306,1,1,3,0
44307,0,1,2,0
44308,2,1,5,1
44309,1,1,6,1
44310,2,3,7,5
44311,2,4,6,3
44312,1,0,4,0
44313,5,4,10,3
44314,1,1,5,0
44315,0,0,6,1
44316,2,1,1,3
44317,7,5,12,3
44318,1,1,2,1
44319,3,0,6,0
44320,1,2,3,0
44321,2,0,6,3
44322,2,3,3,0
44323,1,0,6,2
44324,1,2,1,1
44325,2,2,1,0
44326,1,1,6,1
44327,6,2,5,2
44328,2,1,1,0
44329,0,0,4,1
44330,2,0,3,1
44331,0,0,1,1
44332,2,1,2,1
44333,0,1,5,0
44334,3,6,7,1
44335,2,0,6,1
44336,0,1,2,2
44337,2,0,3,0
44338,4,1,3,2
44339,1,1,2,1
44340,4,2,6,1
44341,4,3,8,0
44342,0,1,6,0
44343,3,4,11,2
44344,3,2,10,3
44345,1,1,2,2
44346,0,2,6,2
44347,2,3,3,2
44348,3,1,2,0
44349,4,2,14,1
44350,1,1,1,0
44351,1,0,2,1
44352,1,0,4,1
44353,4,4,9,3
44354,0,0,1,0
44355,1,0,1,2
44356,1,0,2,1
44357,0,1,5,0
44358,0,0,1,1
44359,3,1,11,2
44360,3,2,1,0
44361,1,3,5,2
44362,0,0,2,0
44363,0,0,6,0
44364,1,2,1,0
44365,0,1,6,0
44366,1,2,11,2
44367,1,3,6,0
44368,2,0,3,0
44369,2,0,5,0
44370,5,3,13,1
44371,0,0,4,0
44372,4,3,6,0
44373,2,5,6,2
44374,0,3,1,1
44375,1,2,3,2
44376,1,1,5,0
44377,1,1,5,0
44378,3,1,1,0
44379,2,5,5,2
44380,2,1,3,0
44381,1,1,3,1
44382,0,0,5,0
44383,1,1,5,2
44384,3,2,11,0
44385,6,2,8,3
44386,2,0,1,2
44387,3,2,4,3
44388,5,4,10,2
44389,7,3,11,2
44390,0,1,6,3
44391,1,0,5,0
44392,0,1,2,1
44393,2,0,3,0
44394,2,1,4,0
44395,0,1,6,0
44396,1,1,2,0
44397,1,0,1,0
44398,4,1,4,0
44399,4,2,6,2
44400,4,2,7,3
44401,0,1,6,0
44402,3,0,1,0
44403,3,4,12,2
44404,0,1,2,3
44405,4,3,5,1
44406,5,3,11,0
44407,2,3,2,0
44408,1,2,5,1
44409,1,2,3,0
44410,2,1,4,1
44411,4,1,6,3
44412,5,2,12,3
44413,0,1,6,0
44414,1,0,3,0
44415,0,3,4,0
44416,1,0,6,0
44417,4,4,13,2
44418,2,3,2,2
44419,2,0,6,3
44420,4,3,13,3
44421,2,2,11,2
44422,0,2,4,1
44423,1,2,4,1
44424,1,0,6,2
44425,2,0,6,0
44426,7,2,8,3
44427,1,1,5,1
44428,1,1,5,1
44429,3,0,1,0
44430,3,0,6,0
44431,0,0,4,3
44432,0,3,4,1
44433,3,2,4,0
44434,2,1,12,2
44435,2,3,2,1
44436,1,1,6,0
44437,0,0,5,0
44438,0,3,3,0
44439,1,1,6,1
44440,3,1,5,2
44441,3,0,3,0
44442,2,2,6,0
44443,0,3,5,2
44444,1,1,6,1
44445,1,0,3,2
44446,0,0,1,1
44447,2,1,1,1
44448,4,5,7,3
44449,4,3,11,1
44450,1,0,4,1
44451,2,0,2,0
44452,3,0,2,1
44453,3,1,4,0
44454,1,0,3,1
44455,3,0,4,1
44456,1,0,3,0
44457,3,0,5,1
44458,1,2,6,1
44459,0,3,5,0
44460,4,3,6,5
44461,0,1,3,0
44462,1,1,4,1
44463,1,0,6,0
44464,0,0,2,0
44465,1,0,1,0
44466,0,0,3,1
44467,4,5,13,1
44468,1,0,6,1
44469,2,1,3,1
44470,1,1,2,1
44471,2,5,9,2
44472,3,0,5,2
44473,2,1,3,3
44474,1,1,1,0
44475,3,1,6,1
44476,4,1,2,2
44477,1,1,6,1
44478,1,1,3,0
44479,0,1,2,0
44480,0,1,3,1
44481,1,0,2,0
44482,4,0,6,0
44483,1,0,1,1
44484,1,2,2,1
44485,2,1,5,0
44486,2,1,6,0
44487,1,0,6,0
44488,1,3,6,3
44489,1,2,1,2
44490,0,2,2,1
44491,1,1,2,0
44492,1,1,3,0
44493,5,3,13,2
44494,1,1,4,0
44495,5,2,7,4
44496,4,2,1,2
44497,2,1,1,0
44498,5,2,13,2
44499,6,1,12,1
44500,2,0,4,1
44501,4,0,5,3
44502,2,0,3,0
44503,2,4,14,2
44504,0,0,6,0
44505,1,1,5,0
44506,4,3,5,5
44507,0,0,3,0
44508,1,0,2,2
44509,1,0,3,0
44510,3,4,10,1
44511,2,3,5,1
44512,3,4,9,1
44513,1,1,1,0
44514,4,1,3,0
44515,4,4,7,2
44516,5,2,6,1
44517,7,3,8,3
44518,2,1,3,2
44519,0,0,5,1
44520,0,3,5,1
44521,3,0,1,2
44522,0,1,5,1
44523,2,2,1,0
44524,4,3,6,3
44525,2,3,6,0
44526,2,1,6,3
44527,0,0,4,0
44528,1,0,5,0
44529,0,0,1,2
44530,1,0,4,0
44531,0,1,3,0
44532,0,0,2,2
44533,1,1,4,0
44534,2,0,6,0
44535,0,0,3,2
44536,0,2,4,3
44537,1,2,5,1
44538,2,1,2,0
44539,0,3,4,2
44540,3,6,11,2
44541,1,0,6,1
44542,1,1,1,3
44543,1,0,5,0
44544,1,2,4,2
44545,4,3,6,2
44546,3,3,8,1
44547,4,0,1,3
44548,0,2,6,2
44549,4,1,2,0
44550,0,1,1,1
44551,0,3,3,0
44552,2,0,4,0
44553,1,2,2,0
44554,0,2,1,1
44555,2,2,1,2
44556,0,0,1,0
44557,2,0,1,0
44558,0,1,4,2
44559,3,3,7,1
44560,1,1,4,1
44561,1,0,6,1
44562,0,0,1,2
44563,4,2,7,2
44564,2,3,14,2
44565,2,0,5,3
44566,3,2,9,1
44567,3,4,13,1
44568,0,0,5,0
44569,0,2,4,0
44570,3,0,1,1
44571,6,4,9,2
44572,0,1,4,2
44573,2,1,1,1
44574,0,1,2,0
44575,0,1,1,1
44576,1,0,4,1
44577,1,1,6,0
44578,0,0,3,2
44579,8,1,7,2
44580,3,2,14,2
44581,2,3,2,0
44582,2,2,1,1
44583,1,1,2,0
44584,3,1,3,0
44585,3,1,1,1
44586,4,4,13,1
44587,4,0,6,2
44588,1,0,2,0
44589,0,1,6,2
44590,6,1,8,2
44591,1,1,3,1
44592,1,3,5,0
44593,2,1,1,1
44594,0,0,3,3
44595,1,0,5,0
44596,1,3,5,0
44597,4,2,9,0
44598,0,1,2,0
44599,4,2,5,0
44600,4,0,1,2
44601,1,2,3,0
44602,0,3,2,0
44603,3,3,6,0
44604,3,2,3,0
44605,1,0,3,3
44606,4,3,10,1
44607,0,2,5,1
44608,0,2,1,2
44609,1,1,3,0
44610,0,3,3,2
44611,0,2,4,0
44612,7,2,11,0
44613,0,0,5,1
44614,2,1,5,0
44615,5,2,9,3
44616,1,0,5,0
44617,2,2,6,1
44618,5,2,8,2
44619,1,2,4,0
44620,1,1,5,2
44621,2,1,5,1
44622,1,1,5,0
44623,2,3,4,0
44624,2,0,3,0
44625,0,1,4,1
44626,1,0,1,1
44627,4,2,14,2
44628,0,1,2,2
44629,4,3,7,2
44630,0,3,3,1
44631,0,0,2,1
44632,2,3,1,0
44633,0,1,4,1
44634,0,0,4,2
44635,4,2,2,0
44636,5,3,9,3
44637,1,0,3,2
44638,4,0,3,0
44639,0,0,4,0
44640,3,1,5,0
44641,1,2,5,0
44642,1,2,1,1
44643,1,2,6,0
44644,3,2,7,5
44645,4,1,5,0
44646,1,5,6,2
44647,1,0,6,3
44648,0,0,3,2
44649,1,1,5,0
44650,6,1,7,2
44651,2,0,3,0
44652,1,2,4,0
44653,1,1,11,4
44654,1,0,3,1
44655,1,3,5,2
44656,4,4,8,2
44657,0,0,4,0
44658,1,2,4,0
44659,0,1,5,3
44660,0,0,6,0
44661,1,3,5,1
44662,0,3,1,2
44663,0,0,2,1
44664,2,1,2,2
44665,8,3,13,3
44666,4,1,4,0
44667,1,0,2,1
44668,2,3,6,0
44669,3,3,14,1
44670,1,1,6,1
44671,0,0,3,1
44672,0,1,5,0
44673,0,0,1,0
44674,1,3,1,0
44675,0,1,2,1
44676,1,1,4,1
44677,3,1,2,1
44678,0,1,1,1
44679,3,2,6,2
44680,3,4,7,3
44681,0,1,1,0
44682,2,1,2,0
44683,0,2,6,2
44684,0,0,1,3
44685,4,0,4,2
44686,2,0,2,0
44687,6,3,12,2
44688,3,2,3,0
44689,0,1,3,0
44690,1,0,1,0
44691,4,2,13,3
44692,3,0,1,0
44693,1,0,4,2
44694,1,1,6,1
44695,7,6,12,1
44696,2,0,3,1
44697,1,1,5,0
44698,1,0,3,0
44699,3,2,6,0
44700,1,2,3,0
44701,1,1,6,1
44702,2,0,2,0
44703,1,2,1,1
44704,0,0,4,2
44705,2,0,1,1
44706,0,1,6,2
44707,4,5,5,2
44708,1,0,3,3
44709,1,2,6,0
44710,8,2,7,1
44711,1,1,3,0
44712,1,1,2,2
44713,1,0,6,2
44714,1,0,4,3
44715,1,1,2,0
44716,4,2,7,1
44717,1,0,5,1
44718,5,4,9,1
44719,2,3,3,1
44720,1,2,1,0
44721,6,2,14,3
44722,0,0,1,0
44723,1,1,1,1
44724,0,0,6,0
44725,0,1,4,1
44726,2,0,5,0
44727,0,1,6,1
44728,3,1,1,2
44729,3,0,5,0
44730,4,0,4,2
44731,2,1,1,0
44732,1,2,3,1
44733,4,3,11,1
44734,0,2,6,2
44735,1,1,3,1
44736,1,0,5,0
44737,1,1,6,2
44738,5,2,8,1
44739,1,0,2,1
44740,0,0,6,0
44741,0,2,1,1
44742,3,4,9,1
44743,2,1,2,0
44744,5,3,8,3
44745,0,1,1,0
44746,0,1,4,0
44747,2,1,2,3
44748,1,2,3,3
44749,1,0,6,0
44750,2,1,3,0
44751,0,0,4,2
44752,0,0,5,1
44753,1,1,2,1
44754,0,3,6,0
44755,4,1,6,2
44756,0,1,6,0
44757,1,1,3,0
44758,2,0,5,1
44759,0,3,3,1
44760,2,1,1,1
44761,0,1,3,2
44762,1,1,4,0
44763,5,3,11,1
44764,2,1,3,3
44765,2,1,3,1
44766,0,2,2,0
44767,3,1,2,1
44768,0,1,4,0
44769,0,0,5,1
44770,0,1,3,0
44771,1,1,4,1
44772,2,0,1,0
44773,6,5,13,2
44774,2,4,8,1
44775,2,0,4,0
44776,4,0,2,3
44777,0,0,1,0
44778,0,2,6,3
44779,0,0,5,3
44780,6,5,11,2
44781,5,2,9,2
44782,4,0,1,2
44783,3,0,3,0
44784,3,1,1,1
44785,1,1,2,0
44786,2,2,2,0
44787,1,4,9,1
44788,1,2,6,0
44789,0,3,5,1
44790,1,3,1,0
44791,3,0,5,1
44792,1,3,14,1
44793,1,2,2,0
44794,8,1,5,3
44795,0,2,3,0
44796,4,3,6,2
44797,0,1,1,0
44798,2,4,7,1
44799,0,3,4,1
44800,3,3,10,1
44801,0,0,4,1
44802,3,1,11,3
44803,0,2,4,0
44804,0,0,4,0
44805,3,1,6,1
44806,1,0,2,0
44807,3,1,5,0
44808,0,0,5,3
44809,1,2,3,1
44810,2,0,4,1
44811,0,2,2,0
44812,3,3,9,3
44813,0,0,3,3
44814,0,0,5,1
44815,4,4,13,2
44816,1,0,1,0
44817,3,3,5,3
44818,3,2,6,1
44819,1,0,5,0
44820,2,2,5,0
44821,3,1,1,1
44822,3,1,1,1
44823,0,1,2,0
44824,6,3,12,4
44825,0,0,1,0
44826,0,3,6,0
44827,0,1,2,0
44828,1,1,6,0
44829,1,0,4,1
44830,0,1,6,1
44831,1,0,1,1
44832,1,0,4,3
44833,1,1,2,0
44834,3,2,2,0
44835,0,1,4,1
44836,0,3,5,1
44837,2,0,1,0
44838,4,4,14,2
44839,2,3,4,1
44840,1,0,1,1
44841,0,3,6,1
44842,0,1,6,1
44843,4,1,6,2
44844,1,1,5,0
44845,3,0,6,2
44846,0,2,2,1
44847,1,0,2,0
44848,1,1,5,1
44849,1,1,4,0
44850,3,1,5,0
44851,4,2,10,3
44852,2,0,2,0
44853,1,0,1,0
44854,1,3,1,1
44855,1,1,1,0
44856,1,2,6,0
44857,1,1,3,1
44858,1,1,6,1
44859,1,0,2,0
44860,1,2,1,0
44861,6,4,10,2
44862,0,0,5,3
44863,2,1,3,0
44864,1,0,1,0
44865,1,1,4,1
44866,7,6,6,1
44867,2,0,1,1
44868,4,3,14,1
44869,2,0,6,0
44870,0,2,4,2
44871,2,3,2,0
44872,0,0,6,0
44873,4,3,9,1
44874,2,0,2,0
44875,1,1,2,3
44876,3,1,3,1
44877,2,0,3,2
44878,3,0,4,0
44879,2,3,5,1
44880,4,1,12,4
44881,4,0,1,0
44882,2,1,3,2
44883,1,0,5,0
44884,1,1,4,1
44885,1,0,4,0
44886,0,2,6,1
44887,2,0,5,0
44888,1,3,6,2
44889,0,1,1,2
44890,1,1,6,0
44891,1,2,4,1
44892,2,2,4,0
44893,3,3,14,2
44894,3,0,5,3
44895,0,0,2,1
44896,2,0,1,0
44897,5,2,11,3
44898,1,0,4,1
44899,0,0,6,1
44900,1,0,2,1
44901,3,1,1,0
44902,1,1,4,2
44903,0,0,5,0
44904,2,2,11,2
44905,1,1,1,2
44906,5,1,14,2
44907,0,0,6,1
44908,4,0,4,2
44909,0,3,5,0
44910,0,0,6,2
44911,2,1,5,2
44912,2,0,2,1
44913,1,2,4,0
44914,5,6,10,1
44915,4,0,1,0
44916,0,1,6,0
44917,0,1,4,0
44918,2,1,4,0
44919,1,3,1,1
44920,0,3,4,0
44921,6,2,12,3
44922,1,0,5,0
44923,1,0,6,1
44924,3,3,4,1
44925,7,2,7,5
44926,0,0,6,0
44927,4,0,3,0
44928,5,3,9,2
44929,1,0,3,0
44930,3,0,4,3
44931,4,6,12,1
44932,0,1,1,1
44933,0,3,6,0
44934,0,1,2,1
44935,4,2,6,0
44936,3,4,8,2
44937,2,1,2,0
44938,2,0,1,0
44939,1,0,3,0
44940,5,1,14,4
44941,3,3,11,3
44942,2,5,5,3
44943,1,1,3,0
44944,1,0,4,0
44945,0,3,5,2
44946,1,1,6,0
44947,3,0,1,0
44948,0,0,3,0
44949,3,3,9,1
44950,4,5,11,1
44951,0,1,3,0
44952,1,0,5,0
44953,3,3,14,2
44954,2,3,13,2
44955,0,2,5,1
44956,0,0,4,0
44957,1,2,4,1
44958,2,1,3,0
44959,0,3,6,0
44960,0,0,6,1
44961,3,3,4,1
44962,1,0,2,1
44963,0,2,3,0
44964,1,3,2,0
44965,0,3,1,2
44966,2,1,2,1
44967,3,1,5,2
44968,2,2,3,0
44969,0,0,4,0
44970,3,1,5,1
44971,3,0,3,2
44972,2,2,5,1
44973,2,4,9,4
44974,1,0,2,2
44975,2,3,4,0
44976,0,0,5,1
44977,1,2,5,0
44978,3,0,6,2
44979,0,1,6,1
44980,0,0,2,0
44981,0,0,3,2
44982,1,3,11,2
44983,5,4,5,2
44984,3,5,14,2
44985,5,3,8,1
44986,5,2,7,4
44987,1,1,1,1
44988,2,1,1,0
44989,0,1,2,0
44990,3,3,12,4
44991,1,1,1,0
44992,0,1,6,1
44993,3,0,6,2
44994,2,0,2,0
44995,1,3,11,3
44996,1,1,3,1
44997,1,0,3,1
44998,0,3,4,2
44999,1,0,4,2
45000,2,1,3,1
45001,1,2,5,1
45002,6,6,9,5
45003,1,0,6,0
45004,1,0,2,2
45005,7,1,6,3
45006,2,2,8,2
45007,2,1,3,2
45008,0,1,2,2
45009,3,4,8,1
45010,0,0,4,3
45011,5,4,6,2
45012,4,3,10,2
45013,0,1,2,2
45014,0,2,1,2
45015,3,1,3,1
45016,5,6,5,2
45017,2,5,11,1
45018,0,3,1,0
45019,1,3,2,0
45020,4,1,5,0
45021,1,0,1,2
45022,1,1,4,2
45023,0,1,6,2
45024,7,5,8,2
45025,6,5,7,1
45026,4,3,7,3
45027,2,0,6,0
45028,2,0,1,0
45029,0,0,2,0
45030,1,3,4,0
45031,1,0,3,1
45032,4,3,5,0
45033,2,1,4,0
45034,2,1,6,1
45035,3,3,9,1
45036,3,4,5,2
45037,4,2,10,0
45038,2,1,1,1
45039,0,2,5,0
45040,1,1,6,2
45041,3,1,3,0
45042,5,3,9,4
45043,1,0,3,2
45044,1,1,4,1
45045,0,1,6,1
45046,8,2,11,1
45047,2,0,4,0
45048,5,2,13,2
45049,1,0,4,1
45050,3,0,2,1
45051,0,0,2,0
45052,0,1,5,1
45053,0,2,3,3
45054,1,1,3,0
45055,0,1,4,0
45056,2,2,2,2
45057,1,2,5,0
45058,0,0,4,1
45059,2,0,3,2
45060,3,0,2,1
45061,1,0,2,1
45062,0,1,6,2
45063,0,0,6,0
45064,2,2,4,0
45065,0,0,4,0
45066,1,2,6,3
45067,0,0,6,1
45068,2,2,6,0
45069,3,3,11,1
45070,0,0,6,0
45071,1,2,6,1
45072,0,0,6,1
45073,0,3,6,0
45074,5,3,11,2
45075,2,0,5,0
45076,0,3,4,1
45077,1,1,3,1
45078,3,2,2,0
45079,1,1,6,1
45080,1,0,5,2
45081,2,0,2,0
45082,1,1,1,0
45083,2,3,2,1
45084,1,1,3,1
45085,4,3,5,1
45086,1,2,2,0
45087,6,5,14,1
45088,5,2,7,2
45089,1,0,1,1
45090,1,0,5,0
45091,1,0,6,1
45092,3,0,2,2
45093,2,2,1,0
45094,0,1,4,0
45095,0,2,2,0
45096,3,0,1,0
45097,6,2,13,3
45098,0,2,5,0
45099,5,2,11,4
45100,4,2,12,3
45101,3,2,4,2
45102,5,2,9,0
45103,4,2,14,5
45104,0,1,2,2
45105,2,2,8,3
45106,3,4,13,1
45107,8,2,7,2
45108,1,1,2,2
45109,1,0,2,0
45110,0,0,1,0
45111,5,3,6,2
45112,0,0,4,0
45113,0,0,5,1
45114,0,1,6,2
45115,1,0,1,0
45116,1,1,4,3
45117,0,0,5,1
45118,2,3,2,0
45119,1,0,4,1
45120,2,2,1,2
45121,0,1,1,2
45122,2,0,3,1
45123,2,1,1,1
45124,4,4,9,2
45125,1,0,6,0
45126,5,4,12,3
45127,3,0,4,0
45128,3,2,2,0
45129,1,0,3,1
45130,4,1,12,1
45131,2,0,1,0
45132,1,2,3,3
45133,1,3,7,3
45134,2,0,6,0
45135,2,3,12,1
45136,0,1,1,1
45137,2,1,5,3
45138,1,1,6,2
45139,2,0,6,3
45140,2,1,6,0
45141,1,0,4,0
45142,0,0,5,0
45143,3,1,1,3
45144,0,1,5,3
45145,4,3,12,3
45146,3,1,2,1
45147,1,1,3,0
45148,0,2,6,0
45149,5,3,5,3
45150,1,1,7,2
45151,0,0,4,1
45152,1,1,1,1
45153,4,4,8,2
45154,2,0,4,0
45155,0,0,3,0
45156,1,2,2,0
45157,3,2,9,2
45158,1,0,5,1
45159,2,0,6,0
45160,5,3,6,1
45161,3,2,8,2
45162,2,0,1,0
45163,0,3,3,0
45164,1,0,5,0
45165,2,0,1,0
45166,0,0,2,0
45167,1,0,4,2
45168,0,0,4,1
45169,0,1,3,1
45170,4,1,5,0
45171,4,3,6,1
45172,1,1,4,3
45173,3,2,8,2
45174,0,1,2,1
45175,1,1,2,0
45176,2,1,1,0
45177,0,3,2,1
45178,5,3,12,2
45179,2,0,5,1
45180,2,1,3,0
45181,2,0,3,1
45182,1,0,5,2
45183,0,3,4,1
45184,0,1,2,0
45185,1,1,2,2
45186,0,2,4,0
45187,0,0,4,3
45188,2,0,4,0
45189,0,1,6,1
45190,0,0,1,2
45191,1,2,1,0
45192,1,3,2,3
45193,0,2,5,1
45194,1,0,6,1
45195,4,0,5,1
45196,0,2,4,3
45197,1,2,3,2
45198,3,2,8,3
45199,2,3,6,0
45200,4,4,10,2
45201,4,1,11,1
45202,2,5,6,2
45203,2,2,1,0
45204,3,3,2,1
45205,3,2,3,1
45206,1,0,5,2
45207,1,0,2,1
45208,3,2,4,0
45209,3,4,14,2
45210,0,0,6,1
45211,0,0,3,0
45212,2,0,2,1
45213,1,2,3,1
45214,1,0,2,2
45215,3,6,9,2
45216,3,3,6,2
45217,1,2,5,1
45218,2,2,4,0
45219,8,2,13,1
45220,2,1,5,1
45221,4,0,3,1
45222,1,1,5,1
45223,1,1,2,1
45224,5,5,6,4
45225,2,0,2,0
45226,1,0,2,0
45227,0,1,6,0
45228,2,1,1,1
45229,0,0,6,0
45230,3,0,4,1
45231,5,4,14,2
45232,2,0,3,1
45233,3,4,9,3
45234,1,3,4,2
45235,1,0,1,0
45236,2,5,10,1
45237,1,1,2,0
45238,3,4,6,0
45239,5,1,8,3
45240,1,0,3,0
45241,2,0,1,0
45242,2,1,1,0
45243,2,1,2,0
45244,2,1,4,0
45245,2,1,5,1
45246,1,1,4,1
45247,0,0,6,0
45248,1,2,6,0
45249,2,0,1,0
45250,1,0,5,0
45251,0,3,6,2
45252,1,0,4,1
45253,0,0,3,0
45254,1,1,3,1
45255,1,5,12,3
45256,4,0,5,1
45257,2,1,2,2
45258,1,2,4,2
45259,1,1,5,0
45260,4,1,6,0
45261,4,3,11,3
45262,1,0,1,0
45263,3,0,6,0
45264,0,1,6,0
45265,4,1,6,0
45266,1,2,5,1
45267,1,1,5,0
45268,0,2,4,1
45269,0,2,5,2
45270,0,0,1,1
45271,2,1,5,0
45272,1,1,3,0
45273,4,3,10,3
45274,1,0,1,1
45275,1,2,6,1
45276,1,2,1,0
45277,1,0,2,2
45278,4,2,8,2
45279,1,2,1,0
45280,1,1,6,1
45281,0,0,2,0
45282,2,1,3,2
45283,3,3,3,0
45284,3,1,6,1
45285,1,1,1,1
45286,0,1,5,1
45287,4,0,5,0
45288,1,1,3,1
45289,0,2,1,3
45290,2,4,7,2
45291,1,1,3,1
45292,3,3,10,2
45293,1,0,2,0
45294,1,2,6,0
45295,4,0,4,0
45296,3,1,4,1
45297,5,2,10,1
45298,0,3,1,0
45299,7,3,11,1
45300,8,4,9,4
45301,0,2,2,3
45302,1,1,5,2
45303,3,4,13,2
45304,2,1,1,3
45305,0,3,2,1
45306,0,1,2,0
45307,3,1,5,0
45308,0,3,6,1
45309,0,0,4,1
45310,2,1,1,0
45311,5,5,13,1
45312,2,3,2,3
45313,0,2,3,1
45314,0,1,4,2
45315,0,0,1,2
45316,3,1,6,1
45317,1,2,1,0
45318,2,3,1,3
45319,0,2,6,0
45320,2,0,6,3
45321,2,3,14,3
45322,0,1,2,1
45323,1,0,1,1
45324,1,2,3,0
45325,0,1,3,2
45326,1,2,5,0
45327,0,0,2,0
45328,2,1,3,0
45329,1,1,3,1
45330,0,2,1,0
45331,1,0,3,0
45332,3,1,4,0
45333,1,0,3,2
45334,5,4,14,1
45335,0,1,2,2
45336,1,1,4,0
45337,0,0,1,0
45338,7,2,13,2
45339,2,0,4,0
45340,1,1,4,0
45341,2,1,2,1
45342,2,0,1,0
45343,1,2,6,0
45344,1,3,2,0
45345,1,0,6,1
45346,2,2,5,5
45347,0,0,5,0
45348,0,2,1,0
45349,4,2,12,5
45350,3,1,13,3
45351,0,0,3,0
45352,2,6,6,3
45353,0,0,1,2
45354,1,2,5,1
45355,4,0,5,0
45356,1,0,6,1
45357,1,1,5,0
45358,4,4,13,1
45359,1,3,4,0
45360,0,1,4,1
45361,1,2,4,0
45362,2,0,4,0
45363,0,1,4,2
45364,0,0,1,1
45365,1,1,1,0
45366,0,3,3,2
45367,2,2,6,1
45368,3,0,5,1
45369,1,3,4,0
45370,1,2,3,2
45371,2,2,1,3
45372,1,0,3,0
45373,3,5,8,2
45374,4,4,6,1
45375,3,1,6,0
45376,0,1,6,1
45377,2,1,9,2
45378,1,0,4,0
45379,0,1,6,2
45380,1,1,3,0
45381,0,0,4,0
45382,0,0,4,2
45383,1,3,2,0
45384,1,0,3,1
45385,2,2,3,0
45386,2,1,1,1
45387,1,0,6,1
45388,3,0,5,1
45389,1,1,4,2
45390,2,1,3,2
45391,0,0,2,0
45392,1,0,6,2
45393,2,0,1,1
45394,0,0,5,2
45395,5,3,7,2
45396,0,0,5,2
45397,2,2,2,2
45398,1,3,5,0
45399,0,0,5,0
45400,3,3,2,0
45401,1,1,2,2
45402,2,1,2,0
45403,1,1,4,0
45404,0,2,3,0
45405,0,0,2,0
45406,1,0,2,0
45407,0,0,4,0
45408,0,0,3,0
45409,6,4,10,2
45410,3,2,4,0
45411,0,2,4,3
45412,2,1,4,1
45413,6,1,14,2
45414,2,2,4,0
45415,3,2,4,2
45416,0,0,1,1
45417,2,1,1,2
45418,2,2,5,0
45419,2,1,5,0
45420,0,0,1,0
45421,1,2,5,2
45422,1,0,6,1
45423,1,0,3,2
45424,1,1,1,0
45425,0,0,6,0
45426,2,0,3,2
45427,2,2,1,0
45428,0,0,2,1
45429,1,3,6,0
45430,0,2,5,1
45431,1,0,6,1
45432,4,0,6,0
45433,1,1,5,2
45434,5,3,7,0
45435,4,0,5,0
45436,4,0,6,0
45437,1,0,1,1
45438,1,1,4,1
45439,1,0,4,0
45440,1,3,9,1
45441,0,0,5,0
45442,2,1,2,0
45443,0,1,2,1
45444,1,0,2,0
45445,3,0,5,0
45446,2,0,6,1
45447,1,1,1,0
45448,0,0,5,1
45449,5,4,14,2
45450,1,0,1,1
45451,7,3,14,3
45452,4,5,9,0
45453,0,0,4,1
45454,0,0,5,0
45455,4,1,13,2
45456,3,0,5,3
45457,1,2,2,0
45458,3,4,7,2
45459,1,3,2,1
45460,2,2,3,1
45461,7,2,14,1
45462,0,1,5,0
45463,0,1,2,0
45464,2,1,2,0
45465,6,4,6,2
45466,5,3,8,0
45467,2,0,1,0
45468,1,3,1,1
45469,1,0,6,0
45470,0,0,2,1
45471,4,5,13,3
45472,3,1,5,2
45473,0,0,6,1
45474,0,1,4,1
45475,2,0,6,0
45476,1,0,5,1
45477,2,1,4,0
45478,1,1,1,0
45479,0,1,1,0
45480,0,3,4,0
45481,2,0,2,0
45482,1,1,4,0
45483,3,0,2,0
45484,1,2,1,1
45485,5,1,6,4
45486,2,1,4,3
45487,0,0,2,0
45488,2,1,6,0
45489,1,2,4,1
45490,0,0,3,2
45491,2,3,4,2
45492,2,2,4,1
45493,4,2,7,5
45494,5,3,6,2
45495,2,1,6,0
45496,0,0,2,1
45497,2,2,4,0
45498,0,0,3,1
45499,3,5,8,4
45500,3,5,10,2
45501,1,0,5,0
45502,0,0,6,0
45503,4,3,8,3
45504,5,3,12,2
45505,0,0,5,0
45506,2,0,6,1
45507,4,2,8,3
45508,0,0,2,2
45509,3,2,11,4
45510,0,1,1,0
45511,7,3,13,1
45512,0,1,4,0
45513,1,1,4,3
45514,0,0,4,0
45515,0,0,3,2
45516,0,2,6,2
45517,1,0,2,0
45518,1,1,7,1
45519,4,0,6,0
45520,1,1,1,0
45521,1,1,3,1
45522,5,3,8,1
45523,0,1,5,0
45524,4,2,10,4
45525,2,1,4,0
45526,1,0,4,0
45527,2,3,13,4
45528,0,0,6,2
45529,0,1,6,1
45530,0,1,4,0
45531,3,0,2,1
45532,3,3,3,0
45533,0,0,6,0
45534,2,1,3,0
45535,1,2,6,2
45536,0,0,3,1
45537,0,0,4,0
45538,0,0,5,0
45539,2,1,4,0
45540,3,0,1,1
45541,4,3,11,2
45542,6,1,6,2
45543,2,0,2,2
45544,3,0,3,1
45545,3,1,4,0
45546,3,2,11,1
45547,3,1,5,0
45548,1,0,5,2
45549,2,2,2,2
45550,3,0,3,0
45551,3,0,4,0
45552,0,1,1,0
45553,5,2,13,1
45554,2,2,11,2
45555,1,1,1,0
45556,4,3,5,1
45557,2,1,4,1
45558,3,0,1,1
45559,1,1,2,2
45560,0,1,1,1
45561,3,0,6,1
45562,0,1,1,0
45563,0,0,5,0
45564,1,0,3,0
45565,0,1,1,2
45566,6,5,6,5
45567,0,1,2,0
45568,4,3,14,1
45569,1,1,2,0
45570,1,3,2,1
45571,1,2,6,2
45572,1,0,2,0
45573,1,2,5,0
45574,1,1,4,0
45575,1,0,3,0
45576,0,1,3,1
45577,1,1,5,1
45578,5,4,5,5
45579,2,2,1,2
45580,2,3,6,0
45581,2,0,1,0
45582,0,0,2,1
45583,3,2,6,2
45584,2,1,4,1
45585,3,0,2,2
45586,0,1,5,0
45587,2,3,3,0
45588,1,0,3,0
45589,3,3,11,2
45590,0,0,6,0
45591,1,3,5,1
45592,0,1,1,2
45593,0,0,6,1
45594,3,2,4,1
45595,4,0,3,2
45596,2,3,4,0
45597,6,2,13,2
45598,1,0,6,1
45599,4,1,1,0
45600,1,5,9,0
45601,4,2,5,3
45602,4,0,2,0
45603,2,3,7,2
45604,0,0,5,0
45605,0,0,2,2
45606,3,0,3,0
45607,5,4,5,2
45608,2,2,5,0
45609,1,1,6,0
45610,4,2,12,2
45611,1,3,3,0
45612,1,0,6,0
45613,1,2,6,0
45614,1,0,1,0
45615,3,0,4,0
45616,2,1,6,0
45617,5,3,14,2
45618,1,0,6,0
45619,2,0,6,1
45620,1,2,1,0
45621,3,2,1,0
45622,3,5,12,1
45623,1,1,2,0
45624,1,0,5,0
45625,0,2,5,1
45626,1,1,4,1
45627,7,3,9,0
45628,1,1,3,0
45629,3,2,4,1
45630,0,1,2,0
45631,2,0,1,0
45632,2,0,2,3
45633,2,4,10,2
45634,2,0,2,1
45635,4,0,6,0
45636,1,0,1,0
45637,3,0,5,0
45638,2,0,4,2
45639,4,1,6,1
45640,1,1,1,3
45641,0,3,6,0
45642,5,1,7,1
45643,0,2,3,1
45644,1,1,6,1
45645,2,3,5,1
45646,4,0,2,3
45647,7,3,6,2
45648,1,1,1,0
45649,1,1,6,1
45650,3,3,3,0
45651,0,2,3,1
45652,5,1,6,2
45653,2,0,5,1
45654,3,1,2,0
45655,3,1,5,1
45656,0,3,5,0
45657,4,6,13,1
45658,0,0,4,1
45659,3,1,1,1
45660,2,2,4,0
45661,3,3,1,3
45662,1,1,6,0
45663,0,0,4,0
45664,5,6,6,2
45665,0,0,6,1
45666,5,3,5,2
45667,0,0,3,1
45668,1,1,5,2
45669,3,2,1,0
45670,6,2,13,5
45671,3,1,4,0
45672,0,1,2,2
45673,2,3,5,3
45674,5,2,11,2
45675,1,1,4,1
45676,2,3,6,0
45677,0,0,1,0
45678,3,2,10,2
45679,0,1,1,0
45680,1,1,2,0
45681,2,0,3,1
45682,2,0,2,0
45683,4,1,1,0
45684,0,3,3,1
45685,2,2,8,5
45686,3,2,5,0
45687,0,0,4,0
45688,1,1,1,0
45689,6,3,12,3
45690,1,4,6,2
45691,1,0,1,1
45692,4,4,14,3
45693,4,2,2,0
45694,3,1,6,0
45695,0,1,6,1
45696,1,1,6,2
45697,1,0,2,0
45698,0,0,4,1
45699,5,3,13,2
45700,2,0,2,1
45701,1,0,1,0
45702,6,2,6,3
45703,1,0,2,3
45704,3,2,3,1
45705,0,3,6,1
45706,5,3,10,0
45707,1,0,1,0
45708,0,1,3,1
45709,1,0,4,0
45710,1,0,3,0
45711,1,3,4,0
45712,1,0,4,1
45713,1,2,3,0
45714,2,1,3,0
45715,0,1,4,0
45716,3,0,1,0
45717,0,3,6,2
45718,2,2,4,0
45719,1,1,3,0
45720,4,3,9,3
45721,3,4,10,2
45722,4,3,5,1
45723,6,3,6,2
45724,1,0,4,0
45725,0,1,3,0
45726,2,1,4,3
45727,1,1,5,1
45728,3,4,13,1
45729,1,3,6,3
45730,2,1,4,3
45731,1,1,1,0
45732,1,5,10,1
45733,4,0,5,1
45734,3,1,4,1
45735,0,3,2,3
45736,0,0,3,1
45737,2,4,7,3
45738,0,1,1,2
45739,3,1,6,2
45740,0,1,6,0
45741,4,4,6,4
45742,4,4,9,2
45743,1,1,3,0
45744,5,3,12,1
45745,1,1,3,0
45746,2,0,2,0
45747,1,1,5,0
45748,1,3,7,1
45749,0,0,5,0
45750,2,1,4,0
45751,3,3,5,0
45752,1,2,5,1
45753,5,1,12,2
45754,0,0,5,0
45755,6,2,12,3
45756,2,1,5,0
45757,5,4,7,4
45758,3,1,12,1
45759,1,0,4,1
45760,5,3,6,2
45761,3,1,5,1
45762,3,0,5,2
45763,0,3,3,0
45764,2,2,2,0
45765,2,1,5,0
45766,5,1,14,1
45767,2,0,3,0
45768,1,1,1,1
45769,3,2,3,0
45770,1,2,6,1
45771,4,5,6,1
45772,2,0,2,0
45773,2,0,5,0
45774,5,3,13,1
45775,1,1,4,2
45776,2,0,3,0
45777,3,0,6,1
45778,6,4,7,1
45779,1,1,3,0
45780,1,1,1,2
45781,2,1,1,1
45782,1,0,5,2
45783,4,0,1,2
45784,1,2,4,1
45785,7,4,12,1
45786,2,1,14,2
45787,1,2,3,3
45788,0,1,3,1
45789,1,1,3,1
45790,0,1,5,2
45791,0,1,4,2
45792,3,0,4,1
45793,1,0,4,0
45794,0,1,5,0
45795,1,0,1,0
45796,2,1,5,3
45797,2,0,6,0
45798,1,1,6,0
45799,0,1,4,1
45800,2,3,6,1
45801,1,3,3,0
45802,2,3,13,1
45803,4,0,2,0
45804,4,1,5,1
45805,3,2,6,1
45806,3,2,7,5
45807,0,2,6,0
45808,3,0,3,2
45809,1,1,2,0
45810,1,3,4,0
45811,2,0,1,0
45812,2,0,4,0
45813,0,3,6,0
45814,3,0,6,0
45815,2,2,4,0
45816,1,0,2,1
45817,1,0,5,0
45818,0,0,5,0
45819,4,4,12,1
45820,2,1,2,0
45821,2,0,3,1
45822,0,1,5,0
45823,0,1,1,1
45824,0,0,1,2
45825,1,1,5,3
45826,5,3,12,1
45827,3,0,3,0
45828,2,3,11,1
45829,3,1,8,0
45830,1,3,2,0
45831,2,2,5,0
45832,2,1,6,1
45833,1,2,5,1
45834,0,1,1,1
45835,0,0,2,0
45836,3,1,6,1
45837,2,2,5,1
45838,2,0,6,0
45839,2,1,2,0
45840,2,3,6,2
45841,1,1,3,1
45842,0,1,4,0
45843,2,1,1,0
45844,2,0,4,0
45845,1,0,3,1
45846,2,2,5,1
45847,2,0,3,1
45848,1,1,2,1
45849,2,0,1,0
45850,1,0,3,1
45851,2,1,2,2
45852,3,2,3,0
45853,0,0,1,0
45854,2,1,4,1
45855,0,3,1,0
45856,2,1,4,1
45857,1,0,3,1
45858,2,0,4,0
45859,1,1,1,2
45860,2,0,6,2
45861,0,0,6,2
45862,0,0,6,1
45863,1,3,3,2
45864,0,1,6,1
45865,2,0,5,0
45866,1,3,5,2
45867,1,1,2,2
45868,1,0,6,0
45869,3,1,11,3
45870,0,0,3,0
45871,5,3,11,1
45872,5,3,12,1
45873,1,0,2,2
45874,1,0,6,1
45875,4,4,8,1
45876,0,0,2,0
45877,2,2,4,0
45878,3,2,12,2
45879,1,2,5,0
45880,1,1,1,0
45881,2,0,4,1
45882,4,1,3,3
45883,1,1,2,0
45884,5,5,13,3
45885,6,1,9,1
45886,1,1,1,0
45887,1,0,3,0
45888,2,0,1,0
45889,0,1,3,0
45890,3,1,4,1
45891,2,0,6,0
45892,4,2,7,1
45893,0,1,2,0
45894,1,1,6,1
45895,4,0,1,1
45896,5,4,9,3
45897,2,1,1,0
45898,3,3,3,1
45899,1,1,2,0
45900,2,1,3,1
45901,4,1,5,0
45902,3,0,2,0
45903,1,1,2,0
45904,4,1,1,0
45905,1,1,4,2
45906,4,0,3,2
45907,2,1,14,3
45908,5,4,6,1
45909,2,0,5,0
45910,1,2,2,1
45911,0,0,3,3
45912,1,1,4,0
45913,2,4,6,3
45914,0,1,2,1
45915,1,1,1,0
45916,3,1,4,0
45917,5,3,5,1
45918,1,1,1,1
45919,4,3,6,1
45920,2,1,2,0
45921,0,3,6,0
45922,3,1,4,0
45923,0,1,4,0
45924,0,1,1,2
45925,1,1,1,0
45926,1,0,2,2
45927,6,4,8,3
45928,0,3,2,1
45929,4,1,5,3
45930,0,1,1,3
45931,4,3,6,2
45932,2,1,1,2
45933,0,2,3,0
45934,0,1,4,1
45935,2,0,1,1
45936,1,0,5,3
45937,6,3,13,2
45938,2,3,9,3
45939,1,0,6,1
45940,5,3,6,1
45941,3,2,13,2
45942,0,3,4,0
45943,1,1,3,1
45944,3,2,3,3
45945,4,1,2,0
45946,1,0,4,0
45947,1,1,6,2
45948,6,3,7,1
45949,0,0,4,0
45950,1,2,2,2
45951,4,3,12,2
45952,2,1,2,0
45953,2,0,6,2
45954,4,3,3,0
45955,3,2,5,1
45956,2,1,2,1
45957,2,2,3,0
45958,1,1,5,0
45959,0,0,3,2
45960,0,3,6,1
45961,0,2,4,2
45962,4,1,1,0
45963,1,0,2,1
45964,2,2,6,0
45965,5,3,14,1
45966,4,2,5,0
45967,2,0,2,2
45968,1,0,2,0
45969,5,2,9,2
45970,4,2,7,3
45971,1,0,1,1
45972,2,1,6,0
45973,1,1,3,0
45974,3,2,3,0
45975,2,5,13,1
45976,2,0,6,1
45977,0,0,4,1
45978,2,0,3,1
45979,2,5,14,2
45980,3,0,1,0
45981,1,0,6,0
45982,5,3,7,3
45983,0,1,4,0
45984,2,1,4,0
45985,3,2,5,2
45986,1,1,5,0
45987,1,0,1,1
45988,0,0,5,0
45989,4,0,4,0
45990,3,2,8,1
45991,3,3,1,0
45992,1,0,6,1
45993,1,2,1,1
45994,0,1,4,2
45995,1,3,3,0
45996,2,1,6,2
45997,0,1,3,1
45998,0,2,1,0
45999,7,1,11,2
46000,4,1,10,0
46001,2,2,4,1
46002,2,2,6,0
46003,3,2,13,2
46004,1,0,3,2
46005,3,0,1,0
46006,2,0,3,0
46007,3,0,2,1
46008,0,2,4,0
46009,4,2,3,0
46010,1,2,1,0
46011,3,2,7,0
46012,1,2,6,0
46013,0,0,5,2
46014,3,2,6,1
46015,4,3,7,1
46016,1,1,6,2
46017,3,0,4,0
46018,3,4,14,2
46019,3,3,10,1
46020,1,1,3,0
46021,0,0,2,2
46022,3,1,3,1
46023,1,0,2,1
46024,2,1,1,0
46025,1,1,1,1
46026,1,1,6,1
46027,3,2,10,4
46028,4,6,6,1
46029,0,2,1,0
46030,4,1,6,1
46031,1,0,3,2
46032,2,0,2,3
46033,2,3,8,3
46034,4,3,8,3
46035,1,2,2,1
46036,1,1,4,0
46037,6,4,10,1
46038,2,0,2,0
46039,6,5,6,1
46040,4,0,2,1
46041,1,1,5,1
46042,0,0,3,0
46043,1,0,3,2
46044,4,2,9,3
46045,0,1,3,1
46046,0,1,6,0
46047,3,0,1,2
46048,2,2,2,0
46049,0,2,2,1
46050,6,4,8,1
46051,4,2,5,2
46052,0,2,2,0
46053,0,3,3,0
46054,0,1,3,2
46055,0,3,4,0
46056,2,0,4,0
46057,4,0,6,1
46058,0,0,2,2
46059,1,1,1,0
46060,3,1,3,2
46061,1,1,6,2
46062,1,1,2,1
46063,2,1,3,0
46064,1,0,1,3
46065,1,0,3,0
46066,2,3,5,0
46067,1,0,1,0
46068,0,2,2,2
46069,4,0,5,0
46070,1,0,4,2
46071,1,0,5,1
46072,2,1,4,0
46073,0,0,1,1
46074,1,1,5,1
46075,1,0,4,0
46076,1,1,3,0
46077,0,1,4,0
46078,0,1,3,1
46079,2,3,13,2
46080,0,1,2,1
46081,1,2,5,1
46082,8,1,14,1
46083,1,1,2,3
46084,1,0,6,0
46085,2,0,2,2
46086,3,2,8,3
46087,1,0,1,0
46088,0,3,2,0
46089,4,3,6,1
46090,3,5,7,1
46091,2,2,2,0
46092,1,1,5,0
46093,3,2,12,2
46094,1,3,2,2
46095,3,1,1,0
46096,0,0,5,1
46097,1,2,2,1
46098,7,4,14,3
46099,2,1,4,0
46100,2,1,2,1
46101,0,0,1,0
46102,3,0,5,0
46103,0,0,3,0
46104,1,2,4,0
46105,3,2,14,3
46106,5,4,11,2
46107,1,0,4,2
46108,2,0,5,1
46109,1,0,5,0
46110,0,2,1,2
46111,5,2,14,1
46112,3,2,4,1
46113,4,3,14,3
46114,3,0,3,0
46115,3,2,6,0
46116,2,3,2,0
46117,0,0,4,1
46118,3,0,5,0
46119,4,0,1,2
46120,1,1,2,0
46121,1,0,2,1
46122,6,3,12,2
46123,1,1,2,0
46124,1,0,6,0
46125,5,2,10,5
46126,2,0,1,1
46127,1,2,1,0
46128,5,4,11,0
46129,1,1,4,0
46130,2,0,2,1
46131,1,2,5,0
46132,0,2,3,0
46133,1,0,2,3
46134,5,1,9,1
46135,3,1,5,1
46136,0,0,4,2
46137,4,0,3,0
46138,1,1,1,0
46139,1,0,2,1
46140,0,0,1,1
46141,1,0,3,0
46142,4,0,5,1
46143,2,1,2,1
46144,5,1,14,4
46145,1,0,4,0
46146,2,3,5,1
46147,2,3,6,1
46148,1,1,2,2
46149,4,2,6,2
46150,0,0,2,1
46151,4,4,7,4
46152,3,0,2,0
46153,1,1,4,0
46154,0,1,3,0
46155,2,0,2,0
46156,5,3,14,2
46157,0,0,3,0
46158,4,3,12,1
46159,1,2,4,0
46160,0,0,5,1
46161,4,5,10,1
46162,2,2,3,0
46163,3,1,3,0
46164,1,0,2,0
46165,3,1,1,3
46166,0,0,6,0
46167,4,1,4,0
46168,1,0,3,0
46169,4,1,5,0
46170,2,0,1,1
46171,1,0,3,1
46172,0,1,5,0
46173,2,1,3,1
46174,0,0,6,3
46175,1,1,3,0
46176,2,1,4,1
46177,3,0,1,0
46178,1,0,5,1
46179,1,2,6,0
46180,1,1,6,2
46181,0,1,2,1
46182,4,3,4,1
46183,0,1,4,1
46184,2,1,2,0
46185,0,3,6,1
46186,0,0,3,1
46187,0,1,1,1
46188,4,0,5,2
46189,1,4,11,1
46190,4,3,7,3
46191,2,1,1,1
46192,0,1,4,0
46193,1,0,4,1
46194,0,0,4,1
46195,0,0,3,0
46196,5,2,10,1
46197,0,0,4,0
46198,0,1,4,1
46199,2,0,3,3
46200,0,3,4,0
46201,2,1,5,0
46202,2,3,6,1
46203,0,1,3,0
46204,3,1,2,0
46205,0,2,5,0
46206,8,2,10,3
46207,1,2,9,2
46208,3,2,13,1
46209,2,0,2,1
46210,2,1,5,0
46211,2,0,1,1
46212,1,1,2,0
46213,0,0,5,0
46214,3,2,6,0
46215,1,0,5,0
46216,5,4,12,3
46217,1,1,2,0
46218,0,0,1,0
46219,0,0,4,0
46220,0,1,1,2
46221,2,3,2,0
46222,1,1,1,0
46223,2,1,3,2
46224,1,3,2,1
46225,1,2,3,0
46226,3,0,4,3
46227,0,0,3,2
46228,0,2,6,3
46229,2,0,2,0
46230,2,3,3,0
46231,3,1,3,2
46232,0,0,3,0
46233,0,0,5,1
46234,5,3,8,1
46235,0,0,2,0
46236,1,1,1,1
46237,2,2,3,1
46238,7,2,14,2
46239,1,0,6,1
46240,0,2,6,0
46241,0,1,4,0
46242,2,2,1,3
46243,1,0,3,0
46244,3,0,6,3
46245,0,2,2,0
46246,3,0,4,0
46247,1,3,5,0
46248,1,1,6,2
46249,1,1,4,0
46250,4,3,11,3
46251,1,1,3,2
46252,1,0,6,0
46253,2,0,5,1
46254,4,1,5,1
46255,3,2,5,0
46256,1,1,4,0
46257,1,0,6,0
46258,3,3,12,2
46259,2,0,6,1
46260,3,2,2,0
46261,1,0,3,2
46262,3,1,2,3
46263,0,1,2,0
46264,1,4,8,1
46265,0,0,3,0
46266,4,1,4,1
46267,2,5,7,2
46268,1,4,8,2
46269,1,0,2,0
46270,4,1,2,1
46271,4,2,4,3
46272,1,2,5,3
46273,1,1,4,2
46274,1,1,3,2
46275,1,0,5,2
46276,1,0,6,0
46277,1,0,2,0
46278,2,1,5,0
46279,5,1,12,3
46280,0,1,3,1
46281,0,1,2,1
46282,1,0,5,2
46283,5,4,11,3
46284,1,0,3,1
46285,0,3,5,1
46286,2,0,2,2
46287,7,3,6,2
46288,1,1,5,1
46289,0,3,2,1
46290,2,4,14,3
46291,1,1,6,1
46292,1,0,5,1
46293,1,0,2,1
46294,1,0,4,2
46295,1,2,1,0
46296,4,0,6,0
46297,0,1,4,2
46298,0,3,6,1
46299,2,0,2,0
46300,3,5,9,2
46301,1,1,1,0
46302,0,0,3,0
46303,2,2,4,3
46304,0,1,1,3
46305,3,0,3,0
46306,2,0,6,1
46307,0,0,2,1
46308,2,1,6,2
46309,0,0,2,0
46310,1,3,1,1
46311,2,0,6,2
46312,2,3,1,1
46313,0,2,2,0
46314,1,1,1,0
46315,2,2,1,0
46316,1,1,4,1
46317,3,4,9,1
46318,1,3,2,0
46319,5,3,10,2
46320,4,0,4,0
46321,2,3,2,0
46322,0,0,4,2
46323,4,0,5,0
46324,1,0,3,1
46325,2,1,1,1
46326,3,3,1,0
46327,3,3,12,2
46328,1,0,5,2
46329,0,1,6,0
46330,0,0,2,0
46331,1,1,4,1
46332,0,0,2,1
46333,1,1,4,0
46334,2,1,2,2
46335,4,0,4,1
46336,2,0,2,2
46337,0,2,4,1
46338,1,3,2,1
46339,3,0,6,0
46340,1,1,4,0
46341,4,1,5,0
46342,1,1,2,1
46343,2,1,5,0
46344,2,0,4,0
46345,0,0,2,1
46346,3,6,8,5
46347,2,1,3,0
46348,1,0,1,0
46349,6,2,9,1
46350,0,0,4,0
46351,0,2,5,1
46352,1,2,5,2
46353,0,0,3,2
46354,2,0,5,2
46355,1,3,6,3
46356,0,1,5,1
46357,7,3,8,2
46358,2,2,8,1
46359,1,3,6,0
46360,6,4,14,1
46361,2,3,4,3
46362,1,1,6,1
46363,1,2,3,0
46364,1,0,4,0
46365,1,0,3,2
46366,1,0,4,0
46367,1,0,2,1
46368,0,0,3,0
46369,3,2,1,0
46370,2,1,13,1
46371,2,0,2,0
46372,2,0,1,0
46373,3,2,2,0
46374,2,0,2,0
46375,5,6,6,3
46376,5,3,7,4
46377,3,1,4,1
46378,1,2,10,1
46379,1,2,3,1
46380,4,4,14,4
46381,3,2,6,0
46382,1,1,4,1
46383,1,0,5,0
46384,2,2,1,0
46385,0,1,2,1
46386,2,0,3,1
46387,4,3,9,1
46388,1,0,4,1
46389,1,0,3,0
46390,1,1,3,0
46391,0,1,2,0
46392,0,0,6,0
46393,2,1,4,0
46394,0,0,2,1
46395,4,3,9,1
46396,0,1,1,0
46397,4,3,9,4
46398,4,0,2,0
46399,3,0,2,0
46400,0,1,4,1
46401,3,3,12,2
46402,2,3,6,1
46403,1,0,3,2
46404,1,0,3,0
46405,1,2,6,1
46406,0,2,5,3
46407,0,2,3,0
46408,3,2,10,2
46409,0,0,2,1
46410,0,2,5,1
46411,3,1,3,0
46412,0,0,3,0
46413,3,3,2,0
46414,3,0,3,0
46415,4,0,5,0
46416,1,1,6,0
46417,0,0,2,0
46418,3,2,6,2
46419,1,0,4,2
46420,2,1,2,0
46421,4,1,2,1
46422,3,2,14,2
46423,8,1,6,0
46424,2,0,6,1
46425,1,1,4,2
46426,0,0,2,1
46427,3,1,5,1
46428,0,1,5,1
46429,0,1,6,2
46430,0,2,2,2
46431,4,3,8,3
46432,0,0,3,0
46433,4,1,3,3
46434,7,3,8,1
46435,6,3,6,1
46436,2,1,1,2
46437,1,1,6,0
46438,1,3,2,1
46439,1,0,6,3
46440,4,6,14,2
46441,0,0,1,0
46442,2,1,5,0
46443,1,0,3,0
46444,0,1,6,0
46445,1,1,6,0
46446,1,2,1,0
46447,3,1,3,3
46448,0,0,2,0
46449,1,0,5,0
46450,1,1,2,0
46451,5,4,8,2
46452,0,1,2,0
46453,1,0,5,0
46454,3,3,8,2
46455,1,3,10,2
46456,2,0,6,1
46457,5,3,11,4
46458,3,1,5,0
46459,2,1,6,2
46460,2,2,1,0
46461,0,0,3,2
46462,0,1,3,0
46463,1,0,5,0
46464,2,0,1,2
46465,0,0,2,0
46466,4,1,5,1
46467,2,5,13,3
46468,1,0,4,2
46469,2,0,3,0
46470,8,2,9,1
46471,1,0,2,0
46472,1,1,4,1
46473,5,4,14,2
46474,1,1,4,0
46475,2,1,4,0
46476,4,1,5,1
46477,0,0,4,0
46478,0,0,4,0
46479,1,2,6,0
46480,3,2,4,1
46481,0,1,5,1
46482,1,1,1,0
46483,2,0,2,0
46484,0,0,1,1
46485,2,2,1,0
46486,1,0,3,1
46487,1,2,5,1
46488,0,2,4,3
46489,1,1,4,2
46490,1,0,6,0
46491,3,1,3,0
46492,1,0,3,1
46493,1,2,3,1
46494,2,0,2,0
46495,0,3,5,1
46496,5,1,13,2
46497,3,0,5,0
46498,1,0,4,0
46499,1,1,4,1
46500,2,1,6,0
46501,4,1,2,1
46502,3,1,6,0
46503,2,0,1,1
46504,5,4,12,2
46505,2,2,3,1
46506,4,1,3,2
46507,2,0,5,2
46508,0,2,1,1
46509,1,0,2,0
46510,2,4,5,1
46511,2,1,5,1
46512,0,1,5,2
46513,1,1,3,0
46514,2,0,1,0
46515,1,0,1,0
46516,1,1,2,1
46517,5,2,5,1
46518,4,3,7,3
46519,1,0,1,0
46520,6,3,6,4
46521,4,4,12,2
46522,2,2,6,0
46523,3,3,4,0
46524,2,3,3,1
46525,1,0,2,1
46526,2,1,2,1
46527,0,0,5,1
46528,0,0,4,0
46529,0,1,5,0
46530,2,2,1,2
46531,1,1,3,0
46532,3,3,7,2
46533,3,3,11,1
46534,3,2,12,2
46535,0,0,3,3
46536,0,1,3,0
46537,2,1,6,0
46538,2,2,2,3
46539,1,1,6,3
46540,3,2,6,3
46541,1,0,4,0
46542,3,3,14,1
46543,1,0,6,0
46544,0,0,2,2
46545,5,5,12,1
46546,1,0,3,0
46547,3,1,6,0
46548,0,1,4,0
46549,0,1,6,0
46550,0,2,2,2
46551,1,0,4,0
46552,2,0,4,0
46553,1,0,6,2
46554,2,0,5,0
46555,1,0,3,1
46556,0,0,5,0
46557,0,1,1,0
46558,1,2,5,5
46559,1,1,9,3
46560,2,0,5,0
46561,3,3,9,3
46562,1,1,6,0
46563,2,0,6,1
46564,1,2,6,2
46565,3,1,8,3
46566,1,1,4,0
46567,0,2,3,0
46568,1,1,3,0
46569,1,1,4,2
46570,0,2,1,1
46571,1,0,2,2
46572,0,0,5,0
46573,0,1,2,3
46574,0,2,4,3
46575,4,4,11,3
46576,2,0,3,2
46577,3,1,1,0
46578,2,0,1,0
46579,2,2,6,3
46580,0,1,5,0
46581,2,2,5,1
46582,1,1,5,0
46583,8,3,5,3
46584,1,0,4,0
46585,0,1,2,0
46586,1,0,6,1
46587,3,4,7,2
46588,2,0,6,1
46589,0,2,3,1
46590,0,3,1,0
46591,0,1,5,2
46592,1,2,2,1
46593,0,0,6,2
46594,0,2,1,0
46595,1,0,5,2
46596,0,0,1,3
46597,0,2,5,1
46598,1,2,1,0
46599,0,2,2,0
46600,1,0,2,0
46601,2,0,2,1
46602,1,0,2,1
46603,1,1,2,0
46604,2,3,3,0
46605,3,0,4,1
46606,1,0,4,1
46607,2,0,3,0
46608,0,3,6,0
46609,7,3,6,2
46610,2,0,4,0
46611,1,2,3,1
46612,2,2,6,3
46613,2,0,2,0
46614,0,2,1,1
46615,1,1,2,0
46616,5,3,14,3
46617,4,1,1,0
46618,4,2,6,1
46619,0,1,3,3
46620,0,0,4,2
46621,0,0,1,3
46622,1,0,4,2
46623,3,1,5,0
46624,0,1,4,0
46625,4,1,4,2
46626,0,2,5,1
46627,2,2,6,0
46628,2,3,6,3
46629,4,5,11,1
46630,0,0,5,1
46631,1,0,5,0
46632,2,1,5,2
46633,1,1,2,0
46634,0,0,4,1
46635,1,0,3,0
46636,4,3,12,1
46637,1,0,1,3
46638,4,6,10,2
46639,0,1,1,0
46640,5,2,11,1
46641,0,0,6,3
46642,1,2,6,0
46643,0,1,1,0
46644,1,1,3,2
46645,5,6,9,3
46646,1,0,2,0
46647,6,4,10,1
46648,3,5,12,4
46649,1,1,6,1
46650,0,0,6,0
46651,0,2,5,0
46652,2,3,1,0
46653,1,2,6,1
46654,0,2,4,2
46655,2,0,6,1
46656,2,2,14,1
46657,2,0,2,3
46658,0,2,1,0
46659,2,0,2,1
46660,2,0,3,1
46661,2,2,1,1
46662,3,0,2,1
46663,7,4,11,3
46664,0,0,6,0
46665,1,2,9,2
46666,0,1,1,0
46667,1,1,3,0
46668,3,3,5,2
46669,3,5,11,3
46670,2,5,8,3
46671,4,2,2,2
46672,1,1,4,0
46673,1,2,5,1
46674,1,0,4,0
46675,3,3,1,1
46676,2,0,6,0
46677,0,1,3,2
46678,0,2,5,0
46679,1,0,4,0
46680,2,1,1,1
46681,2,2,3,0
46682,0,1,2,1
46683,0,0,3,0
46684,2,3,6,0
46685,1,0,6,1
46686,2,0,5,1
46687,1,0,2,0
46688,0,0,2,0
46689,1,1,4,0
46690,1,0,2,1
46691,2,2,6,0
46692,1,1,5,0
46693,2,2,6,1
46694,0,2,1,0
46695,2,1,2,0
46696,3,1,1,1
46697,2,2,3,0
46698,0,0,6,1
46699,1,1,5,1
46700,1,1,7,1
46701,1,2,4,0
46702,1,1,6,1
46703,2,1,5,0
46704,1,3,13,2
46705,2,2,11,0
46706,1,0,5,0
46707,4,5,7,5
46708,0,0,4,0
46709,5,4,7,4
46710,1,1,6,1
46711,1,1,3,1
46712,2,0,5,2
46713,0,0,1,0
46714,1,2,2,1
46715,1,0,5,0
46716,2,1,1,1
46717,0,1,5,1
46718,0,1,3,0
46719,3,1,6,0
46720,1,3,1,0
46721,4,3,13,2
46722,3,0,5,0
46723,2,2,3,2
46724,1,1,5,0
46725,1,4,6,3
46726,3,3,12,1
46727,3,3,14,3
46728,4,4,11,2
46729,4,1,4,0
46730,0,2,4,1
46731,0,0,1,2
46732,2,1,2,0
46733,4,2,10,2
46734,6,1,10,1
46735,2,0,2,0
46736,3,1,4,0
46737,3,2,14,5
46738,0,0,5,0
46739,1,1,3,1
46740,0,2,2,1
46741,2,0,3,0
46742,1,0,3,2
46743,4,0,6,1
46744,1,0,3,0
46745,2,2,1,0
46746,3,3,9,2
46747,1,3,1,1
46748,0,1,4,0
46749,3,1,5,0
46750,0,1,4,0
46751,1,2,11,2
46752,1,0,2,0
46753,3,3,5,0
46754,3,1,7,1
46755,4,1,4,1
46756,2,1,4,3
46757,1,0,2,2
46758,1,2,4,0
46759,2,2,2,1
46760,1,0,3,0
46761,5,2,14,2
46762,0,0,4,1
46763,7,2,7,2
46764,1,0,6,3
46765,1,1,5,1
46766,2,1,5,1
46767,0,0,2,0
46768,7,1,7,3
46769,2,1,5,0
46770,4,2,13,3
46771,4,3,6,3
46772,6,4,5,3
46773,1,0,4,2
46774,0,1,1,1
46775,1,0,2,0
46776,1,1,4,0
46777,2,2,6,2
46778,2,2,2,1
46779,4,4,6,3
46780,0,1,2,0
46781,4,5,6,3
46782,2,3,12,4
46783,4,3,11,2
46784,1,0,2,0
46785,4,0,3,1
46786,2,3,8,2
46787,0,2,2,0
46788,1,1,5,1
46789,0,0,1,1
46790,2,1,5,0
46791,2,1,5,2
46792,3,2,1,1
46793,2,4,8,2
46794,4,3,6,1
46795,2,1,1,0
46796,5,4,7,3
46797,5,2,12,3
46798,2,2,1,1
46799,1,0,6,0
46800,1,0,6,0
46801,1,0,5,0
46802,2,1,4,0
46803,0,0,5,1
46804,2,2,4,1
46805,3,0,6,0
46806,0,1,4,2
46807,2,6,10,2
46808,1,1,5,0
46809,2,0,4,0
46810,2,5,10,3
46811,0,1,2,0
46812,4,5,8,1
46813,0,0,3,2
46814,0,2,2,0
46815,3,4,12,1
46816,1,3,4,0
46817,3,1,10,3
46818,1,0,3,0
46819,2,0,4,0
46820,0,0,3,0
46821,1,1,10,3
46822,1,0,5,0
46823,6,6,5,2
46824,2,0,4,1
46825,3,1,2,1
46826,0,3,3,1
46827,1,1,1,1
46828,1,3,2,0
46829,2,0,5,1
46830,1,2,1,2
46831,2,3,5,1
46832,0,0,6,0
46833,1,1,5,1
46834,3,3,2,3
46835,1,1,2,0
46836,4,3,14,3
46837,0,1,2,0
46838,3,6,14,5
46839,1,3,1,0
46840,8,3,6,4
46841,1,0,3,0
46842,0,1,5,0
46843,1,1,4,0
46844,1,4,5,1
46845,2,1,2,1
46846,3,2,6,3
46847,2,2,2,0
46848,0,3,4,3
46849,0,0,2,2
46850,2,1,2,0
46851,2,1,5,3
46852,3,1,10,2
46853,1,2,3,0
46854,5,3,9,1
46855,0,0,3,0
46856,0,2,3,2
46857,1,0,5,0
46858,2,1,3,3
46859,3,3,4,0
46860,1,3,1,1
46861,1,3,6,0
46862,0,2,3,1
46863,1,1,2,2
46864,0,1,1,2
46865,1,2,1,1
46866,2,2,1,0
46867,1,1,4,0
46868,1,1,2,0
46869,2,3,6,2
46870,1,1,1,2
46871,1,1,4,0
46872,2,0,1,2
46873,0,0,6,1
46874,5,3,14,3
46875,0,0,3,2
46876,2,1,4,1
46877,0,1,1,0
46878,1,1,6,1
46879,1,1,1,2
46880,1,1,6,0
46881,2,1,6,1
46882,0,3,1,3
46883,1,3,5,2
46884,1,3,1,0
46885,1,0,5,1
46886,4,1,3,1
46887,2,1,6,1
46888,7,4,5,1
46889,3,0,4,1
46890,0,0,5,0
46891,3,0,4,0
46892,4,1,4,1
46893,0,3,5,0
46894,1,3,9,2
46895,0,2,4,0
46896,2,1,1,0
46897,1,1,3,1
46898,4,1,6,0
46899,1,0,6,1
46900,1,1,5,1
46901,1,3,1,0
46902,1,0,4,1
46903,4,1,11,3
46904,0,3,1,1
46905,2,1,4,2
46906,3,0,5,1
46907,3,1,3,1
46908,2,0,6,0
46909,2,3,5,1
46910,5,1,7,1
46911,1,0,6,2
46912,0,0,6,1
46913,1,0,5,0
46914,3,2,11,1
46915,5,3,12,4
46916,6,2,6,0
46917,2,0,2,1
46918,3,2,4,0
46919,0,0,1,3
46920,4,1,12,1
46921,1,0,1,1
46922,0,0,4,1
46923,1,2,6,1
46924,0,1,2,0
46925,0,0,5,0
46926,1,0,3,3
46927,8,4,9,1
46928,1,0,6,1
46929,0,0,1,1
46930,1,1,5,0
46931,1,1,3,2
46932,1,1,4,3
46933,4,6,8,2
46934,4,1,6,3
46935,0,0,3,0
46936,0,0,6,0
46937,1,4,9,3
46938,0,2,2,0
46939,1,0,1,0
46940,1,0,2,3
46941,1,2,2,1
46942,2,2,12,4
46943,0,3,4,0
46944,2,0,2,2
46945,1,0,5,3
46946,0,2,3,1
46947,2,1,1,1
46948,4,1,2,0
46949,1,0,6,0
46950,3,1,4,0
46951,1,1,3,1
46952,2,2,13,2
46953,3,0,4,0
46954,0,1,4,0
46955,0,0,4,3
46956,2,2,7,2
46957,0,1,6,0
46958,1,3,6,1
46959,2,2,2,0
46960,2,1,3,0
46961,3,3,13,3
46962,0,0,3,0
46963,4,3,5,2
46964,1,0,5,2
46965,3,0,3,1
46966,0,0,3,0
46967,1,3,1,1
46968,2,2,11,2
46969,0,0,4,1
46970,5,1,9,3
46971,5,2,13,1
46972,3,3,7,4
46973,0,1,4,0
46974,2,1,14,2
46975,0,2,4,0
46976,0,0,6,2
46977,0,0,5,0
46978,0,3,6,0
46979,1,1,5,0
46980,4,3,4,3
46981,1,0,5,0
46982,1,3,5,2
46983,1,0,1,0
46984,0,2,6,1
46985,3,2,2,0
46986,0,1,6,0
46987,1,3,3,0
46988,2,1,4,0
46989,1,1,3,1
46990,1,3,5,3
46991,1,0,1,0
46992,2,1,5,0
46993,4,3,8,1
46994,2,0,6,1
46995,1,1,4,0
46996,1,0,3,1
46997,0,1,4,3
46998,0,1,5,0
46999,3,2,3,1
47000,3,4,9,1
47001,2,2,6,1
47002,0,1,6,1
47003,2,0,4,0
47004,3,3,8,2
47005,0,0,1,1
47006,1,1,2,3
47007,2,3,6,1
47008,3,2,2,0
47009,1,0,1,1
47010,6,2,12,3
47011,0,2,1,0
47012,2,0,4,0
47013,2,1,4,2
47014,4,0,3,0
47015,0,0,4,1
47016,3,2,1,0
47017,0,0,6,1
47018,0,1,1,1
47019,4,1,5,1
47020,1,1,5,1
47021,0,1,1,0
47022,0,0,4,0
47023,2,1,5,0
47024,6,6,8,2
47025,0,1,3,0
47026,3,2,7,0
47027,1,0,4,0
47028,1,2,6,1
47029,1,1,6,0
47030,1,1,6,1
47031,0,0,3,0
47032,7,1,14,3
47033,1,1,3,0
47034,2,0,5,0
47035,0,1,6,0
47036,1,0,6,0
47037,5,2,6,2
47038,1,0,3,0
47039,1,0,4,1
47040,4,0,3,3
47041,0,0,3,0
47042,5,2,14,3
47043,1,1,5,0
47044,0,0,5,0
47045,0,0,1,0
47046,1,0,4,0
47047,1,2,4,2
47048,0,0,1,2
47049,4,2,11,3
47050,2,0,4,2
47051,3,2,6,1
47052,8,3,11,0
47053,0,0,6,0
47054,2,1,6,1
47055,1,1,4,0
47056,4,0,2,0
47057,5,2,13,3
47058,1,2,6,0
47059,4,3,1,0
47060,2,1,6,0
47061,1,2,6,0
47062,2,2,6,0
47063,3,2,5,0
47064,2,0,5,3
47065,2,0,2,2
47066,3,1,2,1
47067,3,3,12,3
47068,1,1,4,0
47069,2,3,5,0
47070,4,0,4,2
47071,3,1,3,0
47072,3,0,5,0
47073,1,1,2,2
47074,1,0,2,0
47075,0,1,5,1
47076,1,2,1,0
47077,2,0,2,1
47078,1,0,6,2
47079,3,2,2,0
47080,0,0,2,0
47081,5,3,5,1
47082,5,3,10,1
47083,2,2,6,0
47084,0,1,3,1
47085,0,0,1,0
47086,1,1,6,2
47087,5,2,10,1
47088,3,4,8,1
47089,4,0,2,0
47090,0,2,3,3
47091,3,3,8,1
47092,3,4,5,1
47093,1,0,3,1
47094,0,1,1,0
47095,3,1,1,0
47096,0,0,2,0
47097,0,0,5,2
47098,1,0,3,1
47099,1,3,1,0
47100,2,0,5,2
47101,2,0,4,2
47102,1,0,5,0
47103,1,0,2,0
47104,1,0,3,0
47105,2,0,6,0
47106,2,1,6,0
47107,2,0,2,3
47108,2,0,2,0
47109,1,0,1,0
47110,1,0,3,1
47111,3,1,4,0
47112,2,0,5,0
47113,2,1,3,2
47114,4,2,12,3
47115,0,0,3,0
47116,3,3,6,0
47117,2,0,3,1
47118,4,5,10,3
47119,1,0,4,0
47120,5,3,14,1
47121,3,3,10,1
47122,1,0,1,1
47123,5,1,12,1
47124,1,2,5,0
47125,0,0,1,0
47126,0,0,5,0
47127,2,0,1,0
47128,5,3,14,3
47129,0,0,4,1
47130,1,0,5,1
47131,4,2,12,3
47132,1,1,2,0
47133,3,2,1,1
47134,4,1,4,0
47135,2,3,6,1
47136,1,1,1,3
47137,4,0,2,1
47138,4,3,10,1
47139,2,1,2,1
47140,6,5,11,1
47141,0,1,1,0
47142,2,3,3,0
47143,5,2,5,2
47144,0,2,4,0
47145,0,1,2,1
47146,1,1,2,0
47147,1,0,5,0
47148,0,0,1,0
47149,2,2,1,1
47150,0,1,6,0
47151,3,0,2,3
47152,2,6,10,1
47153,1,0,6,1
47154,3,3,1,1
47155,3,1,14,2
47156,0,1,3,2
47157,0,0,3,2
47158,0,1,5,0
47159,3,2,9,2
47160,1,0,6,0
47161,7,1,6,1
47162,2,1,9,0
47163,1,0,1,1
47164,1,1,1,0
47165,0,1,5,1
47166,1,2,1,0
47167,0,1,2,1
47168,0,1,4,1
47169,4,3,8,2
47170,6,3,9,2
47171,1,0,3,1
47172,0,1,6,0
47173,1,1,5,2
47174,5,3,9,3
47175,5,2,8,2
47176,2,0,4,1
47177,2,1,2,0
47178,1,2,1,3
47179,2,2,6,2
47180,4,0,3,0
47181,1,0,5,0
47182,3,0,4,1
47183,0,0,6,1
47184,1,0,6,0
47185,3,1,3,0
47186,3,0,5,2
47187,4,6,12,1
47188,2,2,5,0
47189,2,3,2,2
47190,3,2,14,2
47191,3,2,4,0
47192,0,1,3,0
47193,2,2,5,0
47194,3,0,5,0
47195,1,0,1,2
47196,1,2,2,0
47197,1,1,6,1
47198,4,0,6,1
47199,2,3,1,0
47200,2,1,4,0
47201,7,5,12,2
47202,3,2,8,2
47203,1,1,1,0
47204,4,1,1,3
47205,3,2,4,1
47206,1,0,3,0
47207,1,3,3,1
47208,3,3,7,1
47209,2,1,5,0
47210,1,1,2,0
47211,1,3,6,3
47212,0,1,5,1
47213,3,2,6,0
47214,3,1,2,1
47215,7,4,6,1
47216,2,0,3,0
47217,5,5,7,3
47218,2,2,5,0
47219,2,4,9,3
47220,4,0,6,0
47221,3,1,4,0
47222,2,0,5,1
47223,4,4,10,3
47224,3,1,6,0
47225,1,1,4,0
47226,4,3,10,1
47227,3,1,3,3
47228,1,3,4,1
47229,0,2,3,0
47230,2,1,1,0
47231,0,1,5,2
47232,2,0,4,1
47233,2,0,1,2
47234,4,3,5,2
47235,1,1,3,0
47236,5,5,6,0
47237,3,2,9,1
47238,0,0,6,3
47239,2,1,2,2
47240,0,0,5,1
47241,4,4,10,1
47242,1,0,4,0
47243,2,0,2,2
47244,3,6,12,1
47245,1,3,5,0
47246,0,0,5,1
47247,0,0,2,3
47248,1,0,6,1
47249,6,1,7,3
47250,0,0,2,1
47251,1,1,5,1
47252,3,1,3,0
47253,2,0,2,3
47254,2,1,1,2
47255,1,1,2,0
47256,1,1,2,1
47257,3,1,1,0
47258,0,0,1,2
47259,2,1,6,2
47260,4,0,6,1
47261,2,0,4,0
47262,3,0,6,1
47263,2,0,6,1
47264,0,2,6,0
47265,0,2,1,2
47266,0,0,6,0
47267,1,0,2,3
47268,2,0,5,0
47269,0,2,5,3
47270,0,3,2,0
47271,4,1,5,1
47272,3,1,3,1
47273,1,0,4,0
47274,2,0,5,2
47275,0,0,6,0
47276,2,1,6,0
47277,2,0,1,1
47278,1,1,4,1
47279,1,1,3,0
47280,1,1,3,0
47281,3,0,1,2
47282,0,1,4,2
47283,2,0,6,0
47284,0,2,3,1
47285,1,3,1,2
47286,1,1,3,2
47287,1,1,3,0
47288,2,2,5,0
47289,1,1,6,0
47290,4,2,2,0
47291,7,1,14,1
47292,1,0,5,0
47293,1,0,3,0
47294,0,1,2,0
47295,2,0,5,0
47296,7,4,6,1
47297,3,3,10,5
47298,5,2,12,3
47299,1,0,1,1
47300,0,1,4,0
47301,0,2,5,0
47302,2,1,4,0
47303,2,4,6,1
47304,1,0,2,2
47305,0,3,2,0
47306,0,0,1,0
47307,0,1,4,0
47308,1,1,1,0
47309,1,1,3,0
47310,0,1,6,2
47311,2,2,3,1
47312,2,1,6,2
47313,0,0,1,0
47314,0,3,4,0
47315,0,0,5,0
47316,3,0,5,2
47317,1,1,1,0
47318,2,1,3,0
47319,0,0,5,3
47320,1,3,4,1
47321,1,2,2,0
47322,2,1,1,1
47323,3,3,2,1
47324,3,1,5,0
47325,5,2,7,4
47326,1,0,1,0
47327,0,0,1,1
47328,1,0,1,0
47329,6,3,11,3
47330,3,0,5,0
47331,0,1,5,0
47332,2,3,6,0
47333,2,0,3,2
47334,1,1,2,1
47335,1,3,6,2
47336,1,2,2,0
47337,4,2,2,0
47338,1,0,1,0
47339,5,4,7,1
47340,4,0,1,0
47341,1,1,5,0
47342,2,0,6,0
47343,3,0,1,0
47344,7,4,9,3
47345,4,1,3,0
47346,1,0,3,1
47347,2,3,8,2
47348,0,2,2,0
47349,3,3,4,1
47350,6,5,12,2
47351,0,1,3,0
47352,1,2,4,0
47353,4,0,5,1
47354,8,4,13,1
47355,7,3,9,2
47356,2,3,3,1
47357,1,1,4,2
47358,4,1,1,2
47359,1,3,4,0
47360,0,1,6,0
47361,1,1,6,1
47362,2,1,6,0
47363,4,0,5,0
47364,2,0,1,0
47365,0,1,5,0
47366,7,5,6,2
47367,0,0,4,0
47368,1,2,2,1
47369,3,2,1,0
47370,0,3,2,0
47371,1,1,4,1
47372,0,3,5,3
47373,1,1,2,0
47374,1,1,3,0
47375,2,0,5,1
47376,6,2,14,1
47377,4,1,2,0
47378,2,2,4,2
47379,3,3,11,3
47380,2,0,5,2
47381,1,0,2,2
47382,2,1,6,0
47383,1,0,6,1
47384,0,1,4,0
47385,5,1,6,2
47386,4,4,10,1
47387,0,2,1,1
47388,1,0,5,0
47389,1,3,6,0
47390,1,1,6,0
47391,1,0,2,0
47392,1,3,13,2
47393,3,2,9,4
47394,2,3,6,4
47395,2,2,3,1
47396,4,1,5,1
47397,0,3,6,3
47398,0,1,2,0
47399,5,4,14,2
47400,1,0,5,0
47401,1,0,6,0
47402,0,1,2,1
47403,1,3,5,0
47404,2,2,4,1
47405,1,1,4,1
47406,1,3,3,1
47407,2,1,1,3
47408,8,3,6,3
47409,1,2,3,0
47410,0,3,1,0
47411,7,2,7,1
47412,1,1,5,0
47413,1,2,2,1
47414,2,2,13,1
47415,0,1,6,1
47416,3,3,14,1
47417,1,1,3,1
47418,1,0,3,2
47419,3,1,1,0
47420,3,3,1,2
47421,4,1,10,1
47422,2,0,5,1
47423,2,0,1,1
47424,1,0,6,0
47425,1,2,2,1
47426,5,3,11,1
47427,6,4,12,3
47428,1,0,2,1
47429,2,0,4,2
47430,2,0,1,1
47431,2,1,3,0
47432,3,0,5,1
47433,2,2,4,0
47434,1,0,3,0
47435,4,2,7,2
47436,4,3,8,2
47437,5,2,14,1
47438,0,1,6,0
47439,1,3,4,3
47440,0,0,5,0
47441,1,0,4,2
47442,0,1,1,0
47443,0,1,5,1
47444,0,0,1,0
47445,0,2,4,0
47446,3,3,1,2
47447,3,0,6,1
47448,0,1,5,0
47449,8,2,9,3
47450,1,3,5,1
47451,0,0,2,3
47452,2,1,2,1
47453,1,0,2,1
47454,3,1,3,0
47455,2,2,7,1
47456,2,2,4,2
47457,0,0,4,1
47458,2,2,5,2
47459,3,1,4,0
47460,0,0,2,0
47461,1,0,4,0
47462,1,0,5,3
47463,4,1,4,2
47464,2,1,6,1
47465,3,1,5,1
47466,0,3,6,1
47467,0,0,3,1
47468,3,3,10,2
47469,2,0,4,3
47470,2,0,2,0
47471,1,0,5,2
47472,0,0,4,0
47473,8,3,12,2
47474,1,1,5,0
47475,1,2,2,1
47476,3,3,2,0
47477,4,2,11,1
47478,1,0,5,3
47479,0,3,4,1
47480,4,6,5,2
47481,5,3,10,4
47482,1,0,5,2
47483,0,0,2,3
47484,1,1,1,0
47485,1,0,2,0
47486,1,0,1,0
47487,2,2,1,1
47488,3,1,5,0
47489,1,3,6,0
47490,1,2,6,2
47491,4,3,13,5
47492,7,2,14,1
47493,3,4,10,1
47494,2,1,2,2
47495,4,5,6,2
47496,4,3,11,4
47497,1,1,1,0
47498,0,0,1,3
47499,1,1,4,0
47500,2,0,3,0
47501,6,4,10,3
47502,2,0,1,3
47503,2,1,6,0
47504,2,3,5,2
47505,1,1,2,1
47506,4,3,9,3
47507,5,1,11,2
47508,2,5,12,3
47509,1,2,6,0
47510,5,3,10,2
47511,3,0,2,3
47512,2,3,2,1
47513,2,1,3,0
47514,0,0,3,2
47515,3,2,11,2
47516,4,3,6,2
47517,0,2,2,0
47518,0,0,4,0
47519,0,0,5,0
47520,2,4,13,4
47521,0,1,5,0
47522,2,1,4,1
47523,6,3,5,5
47524,2,1,4,1
47525,3,2,2,1
47526,1,1,4,0
47527,5,4,10,4
47528,0,0,5,0
47529,0,1,1,1
47530,2,0,1,0
47531,0,1,5,1
47532,2,0,4,0
47533,0,2,1,2
47534,1,1,4,0
47535,1,1,2,3
47536,1,0,6,1
47537,0,0,5,2
47538,1,0,5,1
47539,1,0,3,0
47540,1,0,5,3
47541,2,1,1,1
47542,1,1,6,0
47543,0,0,5,2
47544,1,0,1,0
47545,1,1,6,0
47546,1,0,3,2
47547,2,0,6,0
47548,0,2,3,0
47549,4,1,5,3
47550,2,0,1,2
47551,2,4,9,2
47552,1,1,4,0
47553,4,1,4,1
47554,6,3,12,2
47555,1,2,6,0
47556,2,0,1,0
47557,4,0,6,0
47558,5,3,6,1
47559,2,2,4,1
47560,3,1,6,1
47561,1,3,6,0
47562,2,1,5,0
47563,0,0,1,2
47564,2,0,4,1
47565,2,3,1,0
47566,4,4,14,1
47567,6,3,13,1
47568,1,0,6,1
47569,2,0,1,0
47570,2,0,5,2
47571,4,0,2,2
47572,0,2,5,0
47573,1,2,3,0
47574,7,4,8,1
47575,2,1,3,0
47576,3,2,9,3
47577,8,4,5,3
47578,1,1,11,1
47579,3,3,7,2
47580,1,0,5,1
47581,1,2,6,1
47582,0,0,2,0
47583,0,3,3,1
47584,1,1,2,1
47585,1,2,5,0
47586,3,0,2,0
47587,3,1,8,1
47588,1,2,5,1
47589,2,0,3,2
47590,1,1,1,1
47591,1,0,5,1
47592,3,0,1,2
47593,0,0,3,2
47594,0,2,1,0
47595,3,1,6,2
47596,2,1,4,0
47597,2,2,6,1
47598,3,1,1,0
47599,0,0,4,1
47600,1,3,10,4
47601,5,4,14,3
47602,0,0,1,0
47603,4,2,10,2
47604,0,3,3,0
47605,1,1,5,2
47606,3,2,4,0
47607,4,1,2,0
47608,2,4,9,3
47609,1,0,5,1
47610,3,2,6,1
47611,2,0,4,1
47612,1,1,5,2
47613,0,1,6,1
47614,8,3,13,1
47615,1,1,6,0
47616,2,0,3,1
47617,5,6,9,2
47618,1,0,2,0
47619,1,3,5,1
47620,8,3,6,2
47621,1,2,1,0
47622,0,0,5,0
47623,6,4,6,2
47624,2,2,4,0
47625,1,0,6,0
47626,0,0,6,0
47627,0,2,2,2
47628,5,4,9,2
47629,1,1,1,0
47630,0,1,2,1
47631,0,1,6,0
47632,2,1,2,0
47633,2,3,4,0
47634,1,0,6,1
47635,4,2,7,1
47636,5,5,9,3
47637,5,4,9,1
47638,1,0,4,3
47639,1,1,6,0
47640,0,1,6,1
47641,2,2,1,0
47642,2,2,6,2
47643,4,2,3,0
47644,1,0,2,1
47645,6,4,13,1
47646,5,2,13,0
47647,1,1,4,0
47648,3,1,2,0
47649,3,0,1,0
47650,4,2,5,2
47651,2,2,1,0
47652,0,0,2,2
47653,4,3,7,2
47654,1,1,1,0
47655,3,4,7,4
47656,3,0,1,1
47657,5,2,13,0
47658,4,1,3,3
47659,1,0,1,1
47660,2,3,1,0
47661,2,0,2,3
47662,4,3,11,3
47663,3,3,5,0
47664,4,1,4,1
47665,4,3,9,1
47666,0,1,3,0
47667,1,1,5,0
47668,7,4,11,1
47669,1,0,6,3
47670,1,2,6,1
47671,3,3,5,1
47672,1,2,5,1
47673,2,0,6,0
47674,2,2,3,0
47675,2,0,2,0
47676,0,2,2,1
47677,2,0,1,2
47678,3,2,1,1
47679,2,1,2,0
47680,2,1,2,0
47681,3,2,12,2
47682,4,2,1,0
47683,5,2,13,2
47684,0,0,2,1
47685,7,4,6,0
47686,1,0,2,0
47687,2,0,2,1
47688,2,0,3,1
47689,1,1,6,0
47690,8,4,12,1
47691,2,1,5,0
47692,4,2,2,0
47693,2,5,13,3
47694,1,1,6,0
47695,2,2,4,2
47696,6,1,7,2
47697,3,4,5,2
47698,4,1,1,2
47699,0,2,1,0
47700,4,3,10,0
47701,0,0,6,2
47702,5,5,12,1
47703,2,3,5,0
47704,1,2,5,0
47705,2,1,8,3
47706,3,3,13,2
47707,2,0,4,1
47708,2,2,9,3
47709,2,0,4,0
47710,2,3,2,2
47711,0,0,5,0
47712,3,1,1,1
47713,1,0,2,0
47714,0,2,4,1
47715,1,3,3,0
47716,2,1,5,0
47717,0,0,2,1
47718,3,3,14,2
47719,1,2,1,1
47720,1,1,6,0
47721,2,2,5,0
47722,3,4,9,3
47723,2,0,4,2
47724,0,3,3,0
47725,3,0,6,0
47726,2,0,5,0
47727,7,4,13,1
47728,4,3,11,3
47729,6,2,7,2
47730,2,1,2,0
47731,0,2,1,0
47732,4,0,2,0
47733,1,0,6,1
47734,1,1,6,1
47735,1,1,5,0
47736,5,2,5,1
47737,2,0,5,2
47738,1,0,5,1
47739,1,1,6,0
47740,3,0,6,1
47741,2,0,2,1
47742,0,3,5,0
47743,0,2,2,0
47744,3,1,3,0
47745,3,1,6,2
47746,3,4,8,2
47747,2,1,4,1
47748,0,1,5,0
47749,1,0,3,1
47750,0,0,2,1
47751,4,2,10,2
47752,4,3,11,3
47753,2,0,4,1
47754,1,2,5,0
47755,1,0,1,0
47756,1,2,6,0
47757,2,1,6,0
47758,1,0,6,0
47759,1,0,5,0
47760,1,1,5,0
47761,0,0,1,0
47762,3,3,2,0
47763,0,0,1,0
47764,2,2,1,0
47765,0,1,6,0
47766,4,3,5,2
47767,0,0,4,0
47768,0,3,5,2
47769,0,0,1,3
47770,2,1,6,0
47771,1,1,4,0
47772,0,0,1,2
47773,4,3,14,2
47774,2,0,1,3
47775,1,1,6,0
47776,0,1,2,2
47777,1,3,2,1
47778,2,3,12,1
47779,6,1,7,1
47780,2,2,5,0
47781,0,1,6,2
47782,1,0,2,1
47783,1,1,2,0
47784,3,4,9,1
47785,3,3,2,1
47786,1,1,2,1
47787,2,0,1,0
47788,1,0,3,1
47789,0,1,5,0
47790,4,4,5,2
47791,3,2,4,0
47792,1,0,3,1
47793,1,3,6,0
47794,2,0,3,2
47795,4,2,5,2
47796,1,0,4,0
47797,3,1,2,2
47798,1,3,3,0
47799,0,1,6,0
47800,0,0,5,0
47801,1,1,1,1
47802,5,3,11,2
47803,8,4,10,4
47804,1,2,2,0
47805,1,0,1,0
47806,7,3,13,2
47807,1,0,2,0
47808,1,1,3,2
47809,1,2,4,0
47810,7,4,12,3
47811,1,1,2,0
47812,4,2,13,0
47813,0,0,3,1
47814,1,0,3,0
47815,7,5,7,2
47816,3,1,1,1
47817,0,1,4,3
47818,4,0,3,2
47819,1,3,3,0
47820,1,1,1,1
47821,0,0,1,0
47822,2,1,1,2
47823,3,3,8,1
47824,4,4,14,2
47825,0,0,5,0
47826,1,3,6,2
47827,2,1,4,0
47828,4,3,5,0
47829,2,1,4,1
47830,1,0,5,0
47831,1,0,2,0
47832,4,4,9,2
47833,1,2,8,1
47834,3,0,6,0
47835,4,1,6,1
47836,0,0,6,1
47837,0,1,3,0
47838,5,6,12,1
47839,7,3,9,2
47840,1,0,3,1
47841,4,1,13,3
47842,4,2,6,2
47843,5,2,7,2
47844,1,0,2,0
47845,7,2,14,3
47846,0,1,6,0
47847,2,2,4,1
47848,1,2,3,0
47849,0,1,1,0
47850,1,1,6,0
47851,4,1,10,2
47852,0,3,2,0
47853,1,0,4,1
47854,2,1,4,1
47855,4,5,13,1
47856,2,4,7,1
47857,8,5,9,1
47858,3,1,1,2
47859,4,3,6,2
47860,7,1,14,1
47861,4,1,9,2
47862,3,2,3,1
47863,2,4,6,2
47864,2,1,3,0
47865,5,3,5,2
47866,2,1,1,0
47867,5,2,7,1
47868,1,1,12,1
47869,0,1,5,0
47870,1,0,1,0
47871,2,0,2,0
47872,0,1,4,0
47873,5,2,8,2
47874,1,0,4,0
47875,2,1,1,1
47876,3,0,5,0
47877,2,1,5,0
47878,0,1,3,1
47879,1,1,5,0
47880,2,2,3,2
47881,1,0,4,0
47882,0,0,5,1
47883,2,0,5,0
47884,1,3,2,1
47885,0,0,6,0
47886,2,1,5,0
47887,0,3,3,0
47888,0,1,1,1
47889,1,1,3,1
47890,1,0,6,0
47891,1,3,3,0
47892,2,0,2,0
47893,2,0,2,1
47894,1,5,14,2
47895,1,1,1,0
47896,2,2,6,0
47897,1,0,3,1
47898,0,1,1,1
47899,6,3,7,1
47900,0,2,1,1
47901,4,3,13,2
47902,2,1,6,0
47903,4,3,5,1
47904,1,0,5,0
47905,3,1,10,3
47906,2,3,5,0
47907,0,0,5,0
47908,1,0,6,2
47909,2,2,5,0
47910,7,4,7,3
47911,5,2,8,1
47912,1,1,1,0
47913,0,2,4,1
47914,1,2,13,1
47915,2,0,4,0
47916,1,3,6,2
47917,6,2,9,3
47918,4,5,14,1
47919,0,0,6,0
47920,2,1,2,0
47921,0,0,4,0
47922,3,0,6,1
47923,0,1,5,2
47924,2,2,6,1
47925,2,0,1,3
47926,1,0,3,1
47927,0,1,5,0
47928,3,0,2,3
47929,0,0,3,0
47930,3,1,4,0
47931,1,0,5,0
47932,4,0,4,1
47933,4,4,5,2
47934,2,2,1,0
47935,6,2,12,1
47936,2,0,5,0
47937,4,2,2,0
47938,1,0,1,0
47939,2,1,5,0
47940,1,0,1,1
47941,0,2,4,0
47942,0,1,5,2
47943,1,3,13,4
47944,2,2,4,0
47945,0,1,6,1
47946,0,0,3,0
47947,3,4,9,1
47948,0,1,4,0
47949,1,1,2,0
47950,1,0,1,0
47951,1,0,6,0
47952,0,0,5,1
47953,5,3,13,1
47954,2,2,5,1
47955,1,2,3,0
47956,7,3,7,1
47957,0,1,4,0
47958,3,4,11,2
47959,1,2,1,1
47960,6,4,12,3
47961,0,0,6,0
47962,2,1,2,2
47963,1,2,1,1
47964,1,0,3,1
47965,0,1,6,0
47966,2,3,5,0
47967,0,1,3,0
47968,0,0,3,1
47969,0,1,1,2
47970,1,1,4,0
47971,2,1,1,0
47972,1,2,1,0
47973,0,1,3,0
47974,1,1,1,2
47975,0,0,2,0
47976,4,0,6,2
47977,0,0,1,1
47978,2,0,1,0
47979,4,0,2,2
47980,0,0,5,0
47981,1,1,3,1
47982,2,1,5,1
47983,1,0,1,1
47984,3,0,6,0
47985,3,0,1,0
47986,0,2,1,0
47987,3,2,14,1
47988,0,0,5,0
47989,1,1,1,1
47990,1,1,4,1
47991,2,1,6,2
47992,1,0,3,0
47993,3,3,6,5
47994,1,1,3,1
47995,2,0,6,2
47996,3,2,6,0
47997,2,1,5,0
47998,3,0,1,1
47999,3,0,5,1
48000,4,5,13,3
48001,0,1,6,0
48002,2,1,5,2
48003,0,0,3,2
48004,1,2,3,1
48005,3,0,1,0
48006,2,3,10,3
48007,4,1,11,1
48008,0,1,3,0
48009,1,1,1,2
48010,1,1,4,1
48011,2,3,5,2
48012,0,0,5,0
48013,2,1,1,0
48014,1,1,3,0
48015,0,2,1,2
48016,6,4,14,2
48017,0,1,3,0
48018,1,3,6,2
48019,3,0,4,0
48020,4,6,5,4
48021,1,2,6,0
48022,6,3,5,2
48023,1,1,4,1
48024,5,4,13,1
48025,0,0,1,1
48026,1,2,3,3
48027,1,0,2,0
48028,4,3,8,1
48029,2,1,3,2
48030,0,1,3,0
48031,6,5,13,2
48032,3,3,12,1
48033,1,1,3,0
48034,3,3,9,1
48035,1,2,6,1
48036,4,4,12,4
48037,1,2,6,2
48038,1,1,2,0
48039,0,1,5,2
48040,0,1,2,0
48041,1,3,2,0
48042,1,0,3,1
48043,7,3,5,1
48044,4,1,4,2
48045,2,1,3,0
48046,2,1,1,1
48047,3,3,5,0
48048,0,3,2,1
48049,1,3,6,0
48050,1,2,6,0
48051,1,1,1,0
48052,4,3,10,2
48053,6,4,14,3
48054,2,0,4,0
48055,1,0,2,2
48056,2,0,4,0
48057,3,0,6,1
48058,1,0,3,0
48059,1,1,4,0
48060,1,3,1,0
48061,1,1,1,1
48062,1,2,4,1
48063,0,2,5,0
48064,1,1,4,0
48065,3,2,12,1
48066,1,0,2,0
48067,1,1,3,3
48068,2,1,4,2
48069,0,3,1,1
48070,4,1,3,1
48071,2,0,4,0
48072,6,5,7,3
48073,0,0,4,0
48074,0,1,3,2
48075,0,0,1,1
48076,2,0,3,3
48077,1,4,5,3
48078,1,0,4,0
48079,0,1,5,2
48080,2,3,6,1
48081,0,1,1,0
48082,0,1,3,0
48083,2,1,2,0
48084,0,0,6,2
48085,4,6,9,2
48086,0,1,3,2
48087,1,2,6,0
48088,2,1,1,0
48089,1,0,5,0
48090,3,6,11,1
48091,0,0,4,1
48092,1,0,1,0
48093,0,1,3,0
48094,1,3,1,1
48095,0,1,6,1
48096,1,0,6,0
48097,2,3,4,2
48098,1,0,2,1
48099,3,0,6,3
48100,1,1,5,1
48101,1,1,2,0
48102,0,0,5,0
48103,1,3,6,1
48104,3,1,6,0
48105,4,0,1,0
48106,0,1,5,1
48107,4,3,13,2
48108,3,1,5,1
48109,0,2,1,0
48110,2,1,6,0
48111,0,0,5,1
48112,5,1,12,1
48113,0,1,4,1
48114,0,0,3,1
48115,0,0,4,0
48116,3,2,4,1
48117,0,0,6,2
48118,5,4,5,2
48119,0,1,4,0
48120,3,1,5,2
48121,1,1,6,0
48122,0,3,1,2
48123,6,3,13,1
48124,5,2,12,2
48125,0,2,6,0
48126,1,0,5,3
48127,1,0,2,0
48128,4,1,2,1
48129,3,0,5,2
48130,5,2,6,2
48131,1,2,4,0
48132,3,1,4,1
48133,2,1,2,0
48134,3,3,4,2
48135,0,2,1,1
48136,5,3,7,2
48137,1,0,2,0
48138,1,1,2,0
48139,3,0,2,1
48140,2,3,5,2
48141,3,0,5,1
48142,0,2,4,3
48143,0,1,1,0
48144,6,4,13,1
48145,2,1,1,1
48146,0,0,4,3
48147,0,2,6,0
48148,2,0,1,1
48149,6,3,14,1
48150,5,2,6,2
48151,1,1,3,1
48152,1,1,6,0
48153,0,1,4,1
48154,0,1,1,0
48155,1,0,6,1
48156,3,0,4,0
48157,1,0,2,0
48158,4,2,9,2
48159,2,0,6,1
48160,0,2,3,2
48161,0,0,4,0
48162,2,1,1,1
48163,2,2,10,0
48164,4,3,13,5
48165,2,3,2,0
48166,4,4,10,1
48167,1,1,3,1
48168,1,3,4,0
48169,0,0,6,0
48170,3,4,12,0
48171,1,0,2,1
48172,3,1,6,1
48173,2,3,4,0
48174,2,1,1,1
48175,1,2,2,0
48176,1,0,3,0
48177,0,0,6,0
48178,0,1,5,0
48179,1,2,2,3
48180,5,2,7,1
48181,0,0,5,2
48182,1,0,2,1
48183,2,2,2,2
48184,8,4,9,2
48185,1,0,3,3
48186,1,0,3,3
48187,0,3,1,2
48188,1,1,5,0
48189,5,4,14,0
48190,4,1,1,3
48191,5,2,11,4
48192,1,0,5,0
48193,1,0,5,0
48194,1,2,3,0
48195,3,2,6,0
48196,3,3,8,1
48197,1,0,4,0
48198,2,1,5,2
48199,1,1,5,2
48200,0,1,2,0
48201,1,1,3,0
48202,0,1,3,0
48203,1,0,4,1
48204,2,3,4,3
48205,1,1,5,2
48206,1,1,2,0
48207,0,1,3,0
48208,0,2,3,0
48209,3,2,13,5
48210,1,1,2,2
48211,2,0,5,0
48212,5,2,7,4
48213,0,0,4,1
48214,0,1,5,0
48215,1,0,2,1
48216,0,1,1,0
48217,1,0,4,1
48218,5,3,11,2
48219,2,1,1,2
48220,2,1,5,1
48221,2,1,6,1
48222,0,0,1,0
48223,0,1,1,0
48224,2,2,4,1
48225,1,1,3,1
48226,0,0,6,3
48227,1,1,6,2
48228,2,1,6,0
48229,1,1,3,2
48230,2,1,5,2
48231,1,3,2,0
48232,1,0,6,0
48233,7,3,7,4
48234,3,0,3,0
48235,3,0,5,1
48236,4,1,5,0
48237,1,1,6,1
48238,1,2,1,2
48239,3,1,5,0
48240,4,0,5,1
48241,0,0,4,1
48242,0,0,4,0
48243,1,0,2,0
48244,1,1,5,2
48245,1,2,4,0
48246,0,0,3,0
48247,3,0,2,0
48248,7,3,13,2
48249,3,0,6,0
48250,3,0,2,0
48251,4,1,3,0
48252,1,1,1,0
48253,0,1,6,1
48254,3,3,13,4
48255,0,1,4,2
48256,3,0,6,0
48257,0,3,4,1
48258,2,2,2,1
48259,1,0,5,0
48260,5,3,13,2
48261,4,3,6,0
48262,1,2,6,1
48263,3,5,7,3
48264,5,4,6,3
48265,4,3,11,1
48266,4,3,4,2
48267,0,3,2,1
48268,4,1,12,3
48269,2,0,6,1
48270,0,1,6,2
48271,0,1,3,1
48272,1,1,6,1
48273,2,1,2,0
48274,1,2,1,2
48275,5,2,11,2
48276,7,2,7,2
48277,1,2,4,0
48278,2,4,14,1
48279,0,2,5,0
48280,4,1,6,1
48281,4,3,6,3
48282,1,2,1,1
48283,1,1,6,1
48284,2,0,4,0
48285,1,0,5,2
48286,2,0,1,2
48287,1,3,12,2
48288,0,0,4,0
48289,3,0,5,0
48290,0,0,5,0
48291,7,5,9,0
48292,0,0,2,1
48293,0,1,2,2
48294,4,2,9,2
48295,1,1,2,0
48296,1,0,3,3
48297,0,1,5,1
48298,4,4,11,2
48299,0,2,5,1
48300,4,2,11,3
48301,1,2,1,1
48302,3,0,4,2
48303,2,0,6,1
48304,1,0,6,1
48305,1,1,2,0
48306,2,1,4,2
48307,3,1,5,2
48308,1,0,2,0
48309,4,2,11,1
48310,2,1,4,0
48311,1,3,6,1
48312,0,1,3,1
48313,1,1,6,3
48314,3,3,2,1
48315,3,1,10,2
48316,2,1,1,2
48317,4,3,8,2
48318,1,1,6,0
48319,3,1,5,2
48320,0,2,5,0
48321,1,0,5,1
48322,1,0,5,0
48323,3,4,13,2
48324,4,2,2,0
48325,0,0,1,1
48326,1,3,5,1
48327,1,1,4,0
48328,0,3,2,0
48329,0,1,5,1
48330,3,2,3,0
48331,1,0,1,2
48332,2,3,2,0
48333,1,1,1,0
48334,3,2,14,2
48335,2,3,6,1
48336,5,3,6,0
48337,0,2,4,2
48338,2,0,5,0
48339,3,2,8,5
48340,1,1,2,1
48341,1,1,4,0
48342,1,3,3,2
48343,0,0,4,0
48344,3,0,4,3
48345,1,2,3,1
48346,2,0,3,2
48347,4,1,2,0
48348,4,0,2,0
48349,2,0,4,0
48350,1,0,1,3
48351,1,0,6,0
48352,3,0,3,2
48353,4,1,6,0
48354,1,0,2,1
48355,1,1,6,0
48356,7,2,11,2
48357,3,3,5,1
48358,8,2,7,5
48359,1,2,2,2
48360,2,1,5,2
48361,3,5,14,4
48362,2,1,2,0
48363,1,3,6,0
48364,0,0,2,1
48365,0,0,3,2
48366,1,0,3,0
48367,0,1,6,0
48368,7,2,10,2
48369,1,3,6,0
48370,1,1,2,1
48371,1,0,2,0
48372,1,2,3,3
48373,0,2,1,0
48374,0,1,4,3
48375,1,0,2,0
48376,1,2,4,0
48377,5,5,11,2
48378,4,3,14,1
48379,2,4,7,1
48380,5,3,10,3
48381,1,0,1,2
48382,0,0,4,1
48383,3,2,5,2
48384,3,0,5,2
48385,5,4,8,1
48386,4,0,6,0
48387,0,2,1,0
48388,2,3,7,2
48389,1,0,1,1
48390,3,4,10,2
48391,3,0,6,0
48392,1,3,4,0
48393,1,2,5,0
48394,6,3,10,3
48395,5,5,6,2
48396,2,2,5,1
48397,1,1,1,1
48398,5,2,11,2
48399,2,2,3,0
48400,4,2,5,5
48401,3,4,14,5
48402,2,0,2,3
48403,1,0,5,1
48404,2,1,3,2
48405,0,2,3,0
48406,2,0,5,0
48407,0,1,4,0
48408,1,1,2,1
48409,3,1,3,0
48410,2,0,3,1
48411,0,0,6,0
48412,3,1,1,0
48413,4,3,3,0
48414,0,1,2,0
48415,7,5,14,5
48416,0,1,4,0
48417,7,4,7,3
48418,2,2,1,0
48419,4,3,6,0
48420,4,0,2,0
48421,1,1,3,1
48422,0,0,3,1
48423,3,1,2,3
48424,0,1,3,0
48425,7,2,8,1
48426,3,2,4,0
48427,3,1,3,1
48428,0,2,3,1
48429,1,1,4,1
48430,3,0,5,0
48431,0,3,3,1
48432,1,0,5,0
48433,1,1,2,0
48434,5,4,8,2
48435,0,2,6,2
48436,1,0,3,0
48437,2,1,6,0
48438,6,2,12,3
48439,3,3,6,2
48440,3,0,5,0
48441,1,0,5,0
48442,1,1,2,0
48443,4,2,9,1
48444,0,0,6,0
48445,1,0,2,0
48446,4,6,9,3
48447,0,0,4,1
48448,3,2,1,0
48449,1,1,4,1
48450,3,1,2,0
48451,4,5,10,2
48452,0,0,3,0
48453,3,1,2,1
48454,8,4,5,2
48455,2,1,5,1
48456,0,2,1,0
48457,4,1,4,0
48458,1,1,5,0
48459,5,2,12,1
48460,0,1,6,0
48461,7,3,5,2
48462,0,0,4,0
48463,1,1,3,0
48464,6,3,6,2
48465,2,3,10,1
48466,0,0,4,2
48467,1,1,1,2
48468,0,1,5,1
48469,4,1,6,2
48470,1,2,3,0
48471,0,0,1,0
48472,2,0,5,0
48473,1,5,13,1
48474,4,5,6,2
48475,2,1,2,1
48476,3,0,6,2
48477,1,1,5,0
48478,0,0,4,1
48479,0,0,5,1
48480,4,1,5,0
48481,4,3,1,0
48482,2,1,3,1
48483,4,6,14,2
48484,2,2,6,1
48485,1,0,3,0
48486,2,1,2,3
48487,4,2,9,1
48488,1,0,5,0
48489,2,0,3,1
48490,3,4,7,1
48491,0,3,4,0
48492,2,0,5,3
48493,2,1,2,3
48494,0,2,4,3
48495,2,2,1,0
48496,1,1,2,0
48497,4,2,11,5
48498,1,1,6,2
48499,5,2,12,2
48500,0,3,2,0
48501,0,2,1,0
48502,2,1,6,0
48503,3,1,2,3
48504,5,3,9,1
48505,1,2,4,0
48506,2,0,5,0
48507,0,0,1,1
48508,3,3,13,2
48509,1,2,4,0
48510,0,3,1,0
48511,3,0,4,1
48512,8,2,8,2
48513,0,0,2,0
48514,1,0,4,1
48515,0,0,3,0
48516,2,2,2,0
48517,1,1,6,2
48518,3,2,5,0
48519,3,0,4,0
48520,4,4,10,2
48521,4,3,13,0
48522,3,0,2,0
48523,1,0,1,0
48524,1,1,3,0
48525,6,1,11,2
48526,3,2,6,0
48527,1,2,6,0
48528,1,0,3,1
48529,1,1,1,0
48530,0,0,1,0
48531,1,2,6,0
48532,0,0,5,1
48533,0,2,6,2
48534,0,0,3,2
48535,0,0,3,0
48536,0,0,4,0
48537,2,3,5,0
48538,4,0,2,2
48539,1,1,1,0
48540,1,0,3,2
48541,3,0,3,1
48542,1,1,5,2
48543,0,3,2,1
48544,2,1,3,2
48545,2,3,6,0
48546,2,0,2,0
48547,3,2,13,2
48548,1,1,5,0
48549,0,1,4,0
48550,1,0,6,0
48551,1,3,1,0
48552,2,5,11,3
48553,2,3,4,0
48554,0,0,5,1
48555,4,2,7,1
48556,4,1,5,1
48557,3,0,2,0
48558,1,2,3,2
48559,3,1,9,2
48560,2,3,2,0
48561,3,1,12,0
48562,0,2,2,0
48563,0,0,2,0
48564,2,1,2,0
48565,1,2,4,1
48566,0,3,2,2
48567,3,0,2,1
48568,0,0,2,1
48569,0,1,4,0
48570,0,3,2,3
48571,1,1,3,1
48572,1,1,5,0
48573,4,1,2,1
48574,3,0,5,2
48575,1,0,2,3
48576,0,0,4,1
48577,1,0,2,1
48578,2,2,5,0
48579,0,1,3,1
48580,2,0,2,1
48581,1,0,3,1
48582,1,0,3,3
48583,2,0,2,2
48584,0,2,1,1
48585,3,0,1,0
48586,2,0,4,0
48587,4,0,4,0
48588,0,0,6,3
48589,3,3,8,3
48590,2,2,2,0
48591,0,1,3,2
48592,0,0,5,0
48593,0,0,2,3
48594,2,5,12,1
48595,3,1,6,2
48596,1,0,5,1
48597,0,3,2,2
48598,0,1,6,1
48599,1,0,2,0
48600,2,4,13,4
48601,4,4,12,2
48602,3,1,1,1
48603,2,0,3,1
48604,0,2,1,0
48605,2,0,3,0
48606,6,4,13,1
48607,0,1,6,2
48608,2,1,2,0
48609,1,3,2,2
48610,1,0,5,1
48611,0,0,3,0
48612,1,2,5,0
48613,4,0,1,0
48614,5,3,10,3
48615,3,0,4,0
48616,0,0,3,1
48617,2,3,5,0
48618,3,0,6,0
48619,1,0,3,0
48620,0,1,6,1
48621,1,2,3,1
48622,5,3,8,2
48623,2,4,12,1
48624,0,1,2,1
48625,0,0,3,0
48626,3,1,1,1
48627,1,1,1,0
48628,1,0,5,0
48629,0,1,1,1
48630,0,0,6,0
48631,1,3,6,0
48632,0,0,2,1
48633,1,1,2,0
48634,5,3,6,2
48635,2,2,4,0
48636,2,3,4,2
48637,1,2,1,0
48638,1,1,2,0
48639,3,1,4,0
48640,8,2,7,1
48641,0,0,2,2
48642,0,3,3,2
48643,0,3,6,2
48644,1,2,4,2
48645,1,1,2,1
48646,1,0,4,1
48647,1,1,5,1
48648,0,3,3,1
48649,5,5,5,1
48650,2,0,2,2
48651,0,0,3,1
48652,1,2,1,0
48653,2,3,3,3
48654,2,2,2,0
48655,1,0,3,0
48656,3,0,4,1
48657,2,2,5,0
48658,1,3,5,0
48659,3,1,2,1
48660,1,1,5,1
48661,1,1,3,0
48662,1,2,5,1
48663,6,4,9,1
48664,1,3,5,2
48665,3,2,9,2
48666,0,3,2,2
48667,2,1,1,0
48668,2,1,5,2
48669,1,1,5,1
48670,1,2,5,1
48671,0,2,2,0
48672,3,6,14,2
48673,1,2,4,0
48674,6,2,7,3
48675,0,2,3,1
48676,0,2,5,3
48677,1,1,4,0
48678,0,0,3,1
48679,1,3,2,0
48680,4,3,12,2
48681,7,3,13,3
48682,0,0,2,0
48683,3,1,5,0
48684,0,2,2,0
48685,2,0,4,0
48686,3,2,9,1
48687,0,3,5,2
48688,3,1,1,0
48689,1,3,3,1
48690,3,0,5,0
48691,0,0,4,0
48692,1,0,3,0
48693,2,0,2,1
48694,3,0,4,1
48695,4,2,1,0
48696,2,3,1,0
48697,0,2,4,0
48698,1,0,3,0
48699,2,0,3,1
48700,1,0,4,2
48701,2,0,4,1
48702,1,3,5,0
48703,2,1,3,0
48704,0,0,3,0
48705,3,2,13,5
48706,2,1,2,0
48707,3,1,3,0
48708,0,1,6,1
48709,2,1,3,0
48710,4,1,3,0
48711,0,0,3,0
48712,2,1,2,2
48713,1,0,5,0
48714,0,1,6,1
48715,0,0,5,0
48716,1,2,1,1
48717,1,1,4,2
48718,2,2,3,1
48719,5,5,6,2
48720,3,5,11,0
48721,2,1,5,2
48722,4,3,10,2
48723,1,0,2,1
48724,6,4,11,2
48725,4,2,6,3
48726,4,1,2,1
48727,0,1,5,0
48728,1,1,3,0
48729,4,1,3,0
48730,1,1,1,0
48731,2,2,6,0
48732,1,0,4,0
48733,0,2,3,1
48734,2,1,1,0
48735,4,4,5,3
48736,1,0,2,0
48737,1,0,5,0
48738,1,0,2,1
48739,1,4,12,2
48740,2,1,4,0
48741,3,0,4,0
48742,1,0,1,0
48743,6,3,12,2
48744,2,2,12,3
48745,2,3,6,0
48746,0,2,2,1
48747,6,2,13,2
48748,0,2,5,0
48749,0,0,5,1
48750,3,0,5,1
48751,7,2,11,1
48752,1,0,2,0
48753,3,1,5,1
48754,1,0,2,1
48755,3,1,5,1
48756,7,3,10,0
48757,4,5,11,3
48758,4,3,7,0
48759,1,0,1,1
48760,0,0,2,1
48761,0,0,6,0
48762,2,0,5,0
48763,1,2,3,2
48764,0,1,6,0
48765,1,0,6,0
48766,4,1,5,0
48767,1,0,5,1
48768,5,3,14,4
48769,3,0,1,1
48770,2,0,1,0
48771,2,0,6,0
48772,0,1,1,0
48773,2,0,1,0
48774,1,2,6,1
48775,2,1,6,0
48776,2,1,5,2
48777,8,3,14,1
48778,1,1,1,0
48779,2,1,4,0
48780,3,4,7,1
48781,5,4,7,3
48782,1,0,3,0
48783,1,2,6,2
48784,4,2,8,2
48785,1,1,6,0
48786,1,1,3,1
48787,3,3,8,1
48788,1,0,1,0
48789,2,3,12,1
48790,1,0,2,1
48791,2,0,3,0
48792,3,0,4,1
48793,2,2,2,0
48794,1,1,2,1
48795,1,1,3,1
48796,1,1,2,1
48797,1,1,4,1
48798,0,1,3,0
48799,0,0,1,0
48800,0,0,4,0
48801,0,3,6,0
48802,1,1,6,0
48803,0,1,2,3
48804,2,1,5,0
48805,1,3,6,0
48806,5,2,10,1
48807,0,1,4,1
48808,2,1,3,0
48809,4,3,9,2
48810,3,1,6,1
48811,2,0,6,0
48812,3,3,1,0
48813,0,1,2,0
48814,0,3,6,2
48815,0,1,6,2
48816,4,0,5,1
48817,1,1,2,0
48818,4,2,13,2
48819,3,1,1,1
48820,1,2,2,0
48821,0,0,2,0
48822,2,0,6,0
48823,1,0,5,1
48824,3,3,8,2
48825,1,3,1,0
48826,1,0,2,2
48827,1,1,3,2
48828,1,0,2,3
48829,3,2,9,1
48830,0,1,2,1
48831,2,2,5,2
48832,4,3,10,2
48833,0,1,6,0
48834,4,3,4,0
48835,1,1,3,0
48836,0,0,2,1
48837,0,0,3,3
48838,0,3,3,1
48839,4,4,9,2
48840,0,0,1,3
48841,1,3,6,2
48842,2,0,5,0
48843,1,1,4,0
48844,3,2,8,3
48845,1,3,5,1
48846,1,1,2,0
48847,1,3,1,3
48848,1,0,4,1
48849,1,0,4,3
48850,1,3,2,1
48851,1,2,1,0
48852,3,0,4,2
48853,6,3,13,2
48854,3,1,2,2
48855,4,0,6,0
48856,5,2,6,1
48857,0,1,5,0
48858,0,2,2,0
48859,3,2,14,2
48860,1,1,5,0
48861,2,3,5,0
48862,8,2,10,4
48863,0,1,6,0
48864,4,4,5,1
48865,1,1,3,0
48866,1,0,3,3
48867,3,1,2,1
48868,2,0,5,1
48869,3,0,5,2
48870,0,0,6,2
48871,3,3,3,3
48872,1,1,1,0
48873,1,0,2,0
48874,0,1,5,0
48875,4,1,10,1
48876,1,2,2,1
48877,2,1,6,0
48878,0,2,5,2
48879,1,1,4,1
48880,2,1,2,0
48881,2,0,1,1
48882,0,2,5,2
48883,0,1,3,1
48884,1,2,5,1
48885,1,2,5,0
48886,3,3,10,2
48887,4,0,5,2
48888,1,0,2,0
48889,0,0,1,0
48890,1,1,1,0
48891,5,2,13,1
48892,1,1,5,0
48893,1,3,1,2
48894,0,2,6,0
48895,1,2,4,0
48896,2,2,3,1
48897,1,0,3,2
48898,2,2,3,1
48899,4,2,7,3
48900,2,0,1,1
48901,1,1,4,1
48902,0,1,4,0
48903,4,2,13,2
48904,3,1,3,1
48905,3,0,5,0
48906,1,1,4,1
48907,2,0,4,1
48908,0,1,5,0
48909,0,1,2,0
48910,2,1,5,0
48911,1,1,3,3
48912,3,0,2,0
48913,2,0,1,2
48914,6,4,8,1
48915,0,0,1,1
48916,4,2,12,4
48917,1,0,5,1
48918,1,0,3,0
48919,5,3,6,0
48920,2,4,10,1
48921,0,0,1,0
48922,2,1,7,2
48923,3,0,3,0
48924,1,1,3,1
48925,0,0,2,1
48926,2,2,2,2
48927,0,1,3,0
48928,0,0,4,0
48929,1,0,2,3
48930,0,1,4,0
48931,1,4,12,4
48932,4,1,6,2
48933,3,4,5,0
48934,0,1,2,0
48935,0,1,5,0
48936,2,1,3,1
48937,0,0,6,1
48938,3,2,9,2
48939,1,1,3,1
48940,0,1,1,3
48941,7,4,14,2
48942,1,0,6,2
48943,0,1,4,0
48944,1,0,1,1
48945,4,3,9,2
48946,0,1,1,0
48947,0,2,6,0
48948,4,2,1,0
48949,4,2,10,2
48950,2,1,6,1
48951,0,0,2,0
48952,1,1,2,0
48953,0,1,5,0
48954,0,0,5,0
48955,3,1,3,2
48956,0,1,2,0
48957,2,0,6,0
48958,0,0,4,0
48959,2,1,3,0
48960,4,3,9,3
48961,3,0,4,1
48962,0,3,4,2
48963,0,0,2,2
48964,0,0,5,1
48965,1,2,6,0
48966,1,1,2,1
48967,1,3,5,2
48968,1,2,3,0
48969,0,1,5,1
48970,7,5,10,1
48971,3,0,5,0
48972,0,3,3,2
48973,1,0,3,0
48974,5,5,5,2
48975,0,0,4,0
48976,2,0,1,2
48977,5,3,9,1
48978,1,2,1,1
48979,2,1,4,0
48980,5,3,13,1
48981,6,4,7,3
48982,6,3,8,1
48983,1,1,4,1
48984,0,1,2,0
48985,6,2,7,2
48986,1,2,1,3
48987,7,1,8,1
48988,4,1,4,1
48989,3,0,5,0
48990,1,0,6,1
48991,1,3,5,0
48992,0,0,2,2
48993,6,4,6,1
48994,1,0,5,0
48995,2,1,2,2
48996,3,0,6,0
48997,1,0,2,1
48998,3,3,7,2
48999,4,4,5,3
49000,2,1,1,0
49001,1,3,3,0
49002,4,0,4,1
49003,3,5,6,2
49004,1,0,1,1
49005,6,2,14,3
49006,1,3,3,1
49007,1,0,2,2
49008,0,3,1,1
49009,3,2,5,2
49010,1,2,4,0
49011,1,0,3,1
49012,3,0,3,2
49013,3,1,5,0
49014,4,4,6,3
49015,4,3,4,2
49016,4,2,9,2
49017,4,3,5,2
49018,1,0,1,1
49019,2,0,3,0
49020,3,3,5,3
49021,1,0,5,3
49022,1,3,6,0
49023,4,2,8,2
49024,4,6,14,2
49025,0,3,6,1
49026,2,0,4,1
49027,0,1,4,1
49028,2,2,5,1
49029,1,3,3,0
49030,0,0,6,0
49031,0,3,3,1
49032,0,1,6,0
49033,1,0,6,0
49034,1,0,2,0
49035,6,2,5,3
49036,0,0,1,2
49037,0,2,2,0
49038,0,3,4,2
49039,4,2,12,2
49040,4,3,5,1
49041,0,3,4,2
49042,3,1,2,1
49043,2,0,3,0
49044,5,2,10,1
49045,3,1,5,1
49046,1,2,3,0
49047,1,1,2,1
49048,2,3,3,0
49049,0,0,4,1
49050,2,1,3,3
49051,1,0,6,0
49052,3,4,6,1
49053,0,0,4,0
49054,2,2,6,0
49055,2,1,5,0
49056,1,3,4,1
49057,1,1,5,1
49058,2,0,5,0
49059,3,6,7,5
49060,3,0,4,3
49061,3,0,2,0
49062,3,0,2,0
49063,4,0,6,1
49064,1,0,4,1
49065,3,3,4,1
49066,1,2,2,1
49067,6,2,14,2
49068,0,1,3,1
49069,5,4,8,2
49070,3,0,2,0
49071,1,1,6,0
49072,7,3,11,1
49073,2,3,4,0
49074,3,3,13,3
49075,3,0,3,1
49076,0,1,6,0
49077,0,1,6,2
49078,2,0,6,1
49079,2,0,5,0
49080,0,3,3,0
49081,1,1,6,1
49082,3,3,2,0
49083,2,0,6,1
49084,7,1,11,3
49085,4,4,14,1
49086,0,0,2,1
49087,0,1,2,1
49088,1,0,3,0
49089,0,0,2,3
49090,1,2,1,1
49091,3,3,6,0
49092,1,1,3,1
49093,2,0,6,0
49094,4,0,3,0
49095,2,0,4,0
49096,1,0,5,3
49097,1,1,2,1
49098,4,2,9,2
49099,1,1,4,0
49100,2,0,2,0
49101,0,3,2,1
49102,2,0,4,0
49103,5,2,13,1
49104,2,0,3,3
49105,1,2,5,0
49106,0,1,4,0
49107,0,2,5,0
49108,0,1,2,2
49109,1,0,6,1
49110,1,2,4,0
49111,4,3,5,2
49112,0,3,6,1
49113,2,3,10,1
49114,0,2,5,3
49115,2,1,3,0
49116,3,3,14,4
49117,5,5,11,3
49118,1,1,4,0
49119,4,2,5,1
49120,1,1,6,0
49121,2,3,6,2
49122,3,0,1,1
49123,1,0,5,1
49124,1,1,5,0
49125,1,0,3,1
49126,6,5,12,3
49127,2,0,1,1
49128,0,0,4,0
49129,1,2,3,0
49130,0,3,3,0
49131,5,3,5,5
49132,2,1,5,3
49133,0,0,6,0
49134,0,0,2,1
49135,0,0,2,0
49136,0,0,1,0
49137,3,2,10,1
49138,1,1,5,0
49139,2,1,4,1
49140,6,3,5,1
49141,3,2,3,3
49142,6,1,6,3
49143,5,2,7,2
49144,5,4,12,3
49145,2,2,4,3
49146,4,2,8,2
49147,5,4,5,2
49148,3,6,8,2
49149,4,0,1,1
49150,1,1,3,3
49151,3,1,3,0
49152,2,0,6,1
49153,1,1,2,0
49154,3,2,13,1
49155,0,0,1,0
49156,2,1,3,1
49157,0,1,3,1
49158,5,3,13,1
49159,5,4,7,0
49160,2,1,7,4
49161,2,4,7,3
49162,1,1,3,0
49163,1,1,3,0
49164,1,2,6,0
49165,3,3,9,3
49166,4,1,6,0
49167,4,0,3,1
49168,0,0,6,3
49169,3,3,8,1
49170,2,0,6,0
49171,1,1,2,1
49172,0,0,3,1
49173,1,1,3,2
49174,0,0,6,0
49175,5,4,9,2
49176,2,2,1,1
49177,1,3,5,1
49178,0,1,2,0
49179,3,0,4,1
49180,1,2,4,2
49181,1,2,4,0
49182,4,3,2,1
49183,3,0,1,0
49184,1,2,5,0
49185,2,0,4,0
49186,2,0,4,0
49187,2,0,2,0
49188,0,0,6,2
49189,3,0,3,2
49190,1,1,2,1
49191,2,0,6,0
49192,1,2,2,3
49193,0,0,2,0
49194,0,0,4,3
49195,1,1,3,0
49196,0,3,6,0
49197,0,0,1,0
49198,2,0,3,1
49199,5,4,13,1
49200,0,2,1,1
49201,2,3,4,0
49202,1,3,4,1
49203,1,2,4,0
49204,1,1,3,0
49205,3,2,5,0
49206,0,2,6,1
49207,0,0,1,0
49208,2,1,5,2
49209,0,3,3,0
49210,0,3,3,1
49211,0,1,1,1
49212,1,0,1,1
49213,1,2,1,0
49214,1,0,6,1
49215,3,1,6,1
49216,0,3,1,0
49217,2,0,6,0
49218,4,0,6,2
49219,4,1,2,0
49220,2,0,4,0
49221,1,0,2,1
49222,2,0,6,2
49223,1,1,2,2
49224,0,1,3,0
49225,0,0,4,1
49226,5,5,7,1
49227,0,1,6,0
49228,2,6,12,2
49229,1,3,6,2
49230,1,0,1,0
49231,2,0,2,0
49232,1,0,6,0
49233,2,1,3,0
49234,0,3,6,2
49235,2,1,4,1
49236,1,3,6,1
49237,1,1,5,0
49238,3,1,3,3
49239,7,2,5,1
49240,1,1,4,0
49241,0,1,5,0
49242,2,1,2,2
49243,1,0,6,0
49244,1,3,4,0
49245,2,0,3,1
49246,0,1,3,1
49247,2,0,4,0
49248,0,3,2,0
49249,3,1,14,2
49250,0,3,1,1
49251,3,2,5,0
49252,4,6,5,1
49253,0,3,2,0
49254,0,2,6,0
49255,0,0,6,2
49256,0,1,5,0
49257,0,2,3,0
49258,1,0,5,1
49259,0,0,3,0
49260,0,0,3,0
49261,2,1,2,0
49262,2,0,3,1
49263,1,1,4,0
49264,2,2,1,2
49265,4,0,5,2
49266,1,2,6,1
49267,1,0,2,2
49268,1,1,1,0
49269,2,2,6,0
49270,1,2,5,1
49271,0,0,1,0
49272,2,1,2,0
49273,0,0,3,2
49274,0,1,3,1
49275,1,3,4,0
49276,7,3,5,1
49277,1,0,1,0
49278,1,1,1,0
49279,1,3,6,0
49280,0,1,4,0
49281,2,3,1,0
49282,0,1,1,0
49283,2,3,6,0
49284,4,0,2,2
49285,1,0,6,1
49286,2,5,11,2
49287,1,2,3,0
49288,4,3,10,3
49289,0,1,5,0
49290,6,3,13,1
49291,2,1,12,3
49292,1,5,9,2
49293,3,4,7,1
49294,0,0,2,1
49295,1,1,5,2
49296,0,0,2,1
49297,1,2,2,1
49298,3,3,14,3
49299,1,0,2,0
49300,0,2,6,3
49301,1,1,6,1
49302,0,1,4,1
49303,1,1,4,0
49304,2,2,5,1
49305,1,1,5,0
49306,0,0,2,0
49307,0,1,6,2
49308,1,1,1,1
49309,3,1,4,0
49310,2,6,8,2
49311,4,3,13,1
49312,6,5,8,4
49313,1,0,1,2
49314,6,4,5,3
49315,2,3,1,1
49316,4,2,7,0
49317,2,4,6,3
49318,2,2,6,0
49319,1,2,6,2
49320,2,0,2,1
49321,1,4,14,1
49322,0,1,3,0
49323,3,3,12,4
49324,0,0,5,0
49325,1,1,6,3
49326,1,1,2,0
49327,2,0,5,0
49328,7,2,9,3
49329,4,4,10,3
49330,0,2,6,0
49331,1,0,5,2
49332,1,0,2,2
49333,1,0,2,0
49334,1,1,5,0
49335,2,1,6,2
49336,1,0,3,1
49337,2,1,6,3
49338,2,0,4,0
49339,0,0,3,0
49340,8,5,13,1
49341,0,2,2,0
49342,0,1,2,2
49343,3,0,6,1
49344,1,3,4,0
49345,1,1,5,0
49346,4,4,6,2
49347,4,4,13,1
49348,2,2,3,0
49349,2,0,6,0
49350,0,1,3,0
49351,2,3,5,0
49352,2,1,5,0
49353,1,2,1,0
49354,0,1,2,1
49355,2,1,6,2
49356,0,0,3,0
49357,2,1,1,0
49358,3,1,2,1
49359,4,0,1,0
49360,0,1,6,0
49361,0,0,2,0
49362,3,0,3,0
49363,1,1,5,0
49364,1,1,3,3
49365,5,6,9,2
49366,1,0,2,0
49367,1,2,3,1
49368,1,1,6,1
49369,3,4,11,2
49370,2,2,2,0
49371,0,3,5,3
49372,1,1,3,0
49373,1,1,4,3
49374,4,0,3,0
49375,5,3,5,5
49376,3,1,12,2
49377,0,1,4,0
49378,5,3,6,1
49379,1,0,1,1
49380,1,2,1,0
49381,1,1,5,0
49382,0,0,4,0
49383,0,2,4,0
49384,1,2,6,0
49385,0,3,1,1
49386,4,2,6,1
49387,3,2,6,2
49388,3,2,5,0
49389,3,0,1,3
49390,3,1,2,0
49391,0,0,5,0
49392,3,2,5,1
49393,7,3,9,2
49394,4,5,14,4
49395,0,0,6,1
49396,2,0,6,1
49397,0,2,3,0
49398,1,1,5,2
49399,1,0,3,0
49400,1,0,1,0
49401,1,2,6,3
49402,1,2,3,1
49403,3,0,2,1
49404,3,0,2,0
49405,0,0,3,2
49406,1,0,6,0
49407,1,2,2,1
49408,2,1,5,0
49409,0,1,2,1
49410,1,0,2,0
49411,4,3,14,2
49412,0,0,1,0
49413,1,1,2,0
49414,1,0,5,1
49415,3,0,1,0
49416,5,3,10,0
49417,0,1,2,1
49418,1,0,1,0
49419,3,0,1,0
49420,2,0,4,2
49421,5,2,10,3
49422,4,2,4,1
49423,3,3,5,3
49424,7,2,9,1
49425,0,2,4,1
49426,0,0,1,2
49427,0,1,6,1
49428,1,2,5,0
49429,1,1,6,1
49430,2,0,4,2
49431,3,1,5,0
49432,1,0,6,0
49433,2,3,3,0
49434,1,0,5,0
49435,1,0,6,0
49436,5,6,12,1
49437,2,0,4,0
49438,1,0,2,0
49439,7,3,11,1
49440,0,1,5,0
49441,0,2,5,1
49442,0,2,1,0
49443,0,1,4,3
49444,0,0,1,0
49445,1,3,3,1
49446,0,1,5,0
49447,0,0,3,1
49448,2,1,3,1
49449,3,0,3,1
49450,4,5,12,2
49451,2,3,1,2
49452,0,2,4,0
49453,0,1,3,1
49454,3,3,1,3
49455,0,2,3,0
49456,6,3,8,3
49457,1,1,1,0
49458,1,2,5,2
49459,4,4,8,2
49460,2,1,3,1
49461,0,0,1,0
49462,0,1,3,1
49463,2,0,4,0
49464,0,1,6,0
49465,1,1,2,0
49466,5,2,9,2
49467,7,1,12,3
49468,1,0,3,0
49469,0,0,4,3
49470,0,1,1,0
49471,0,0,5,0
49472,3,1,6,0
49473,3,1,2,0
49474,1,2,4,0
49475,1,3,6,1
49476,1,0,4,3
49477,0,0,3,0
49478,2,0,2,2
49479,4,2,8,1
49480,3,1,2,1
49481,6,2,6,0
49482,2,1,5,2
49483,4,0,3,0
49484,3,0,2,2
49485,1,3,4,3
49486,2,3,6,1
49487,2,1,5,1
49488,8,3,7,1
49489,2,2,5,0
49490,1,0,5,0
49491,0,0,6,0
49492,1,0,4,1
49493,3,0,1,0
49494,2,5,13,1
49495,1,1,3,2
49496,1,0,6,0
49497,2,1,2,0
49498,1,1,1,0
49499,4,1,1,0
49500,4,3,7,3
49501,1,0,6,0
49502,0,3,1,0
49503,1,1,6,1
49504,0,1,4,1
49505,0,0,2,0
49506,4,3,5,1
49507,1,1,3,0
49508,3,0,5,1
49509,3,1,4,3
49510,2,0,2,0
49511,1,2,3,0
49512,1,2,3,1
49513,0,2,2,2
49514,2,3,10,1
49515,3,3,4,0
49516,1,5,5,2
49517,4,2,3,0
49518,0,1,6,1
49519,3,2,5,3
49520,3,1,1,0
49521,0,1,4,0
49522,0,1,3,0
49523,2,1,5,2
49524,2,1,4,1
49525,3,1,3,1
49526,2,2,4,1
49527,1,3,2,0
49528,5,2,13,2
49529,1,0,4,2
49530,2,0,1,0
49531,3,2,13,2
49532,4,1,8,2
49533,0,0,2,0
49534,3,1,6,2
49535,1,4,13,2
49536,4,1,14,4
49537,0,1,4,0
49538,1,1,4,3
49539,0,0,3,0
49540,3,2,6,2
49541,0,1,4,0
49542,2,0,4,0
49543,0,1,2,1
49544,4,0,6,1
49545,1,0,3,0
49546,1,3,1,0
49547,4,0,2,1
49548,1,0,4,0
49549,8,5,6,3
49550,1,3,5,0
49551,0,3,4,0
49552,0,1,2,0
49553,0,0,6,1
49554,0,0,1,0
49555,1,1,5,0
49556,2,2,10,1
49557,5,4,8,3
49558,3,1,5,1
49559,2,0,5,0
49560,0,1,5,3
49561,0,0,6,1
49562,2,2,1,0
49563,3,2,3,0
49564,3,4,11,1
49565,1,0,5,0
49566,8,4,13,2
49567,2,0,4,1
49568,3,1,3,1
49569,3,0,5,0
49570,1,0,6,1
49571,2,1,3,0
49572,2,4,6,2
49573,0,1,6,2
49574,0,1,2,1
49575,0,1,2,0
49576,1,1,1,0
49577,1,2,6,0
49578,1,1,5,1
49579,2,5,13,2
49580,1,0,1,0
49581,2,0,3,0
49582,0,2,1,0
49583,5,2,7,2
49584,0,1,6,1
49585,5,4,11,2
49586,1,0,6,1
49587,1,3,2,0
49588,1,2,5,0
49589,2,0,3,0
49590,4,3,4,0
49591,0,0,5,0
49592,0,3,4,0
49593,2,0,2,1
49594,0,1,2,0
49595,0,1,6,2
49596,3,1,3,2
49597,0,1,5,2
49598,0,1,5,0
49599,4,2,9,4
49600,0,1,2,0
49601,0,0,6,0
49602,4,2,1,0
49603,4,3,6,1
49604,3,0,2,2
49605,6,2,6,2
49606,1,1,5,2
49607,5,3,9,2
49608,1,1,1,1
49609,1,1,5,2
49610,1,1,3,0
49611,1,0,5,0
49612,0,1,6,0
49613,3,2,4,1
49614,2,1,4,0
49615,1,3,4,2
49616,1,0,1,0
49617,5,3,5,2
49618,0,1,1,0
49619,5,3,7,1
49620,1,0,6,0
49621,0,3,2,1
49622,4,2,2,0
49623,1,0,1,1
49624,0,2,1,0
49625,1,3,8,1
49626,1,0,1,1
49627,0,1,1,1
49628,0,0,6,0
49629,0,0,3,1
49630,4,2,5,1
49631,3,1,10,4
49632,0,1,2,0
49633,3,2,2,1
49634,1,1,5,1
49635,1,0,1,1
49636,1,1,6,1
49637,0,1,6,0
49638,3,2,10,4
49639,0,2,3,0
49640,4,0,2,0
49641,0,0,1,0
49642,1,3,2,0
49643,1,0,4,1
49644,1,1,3,2
49645,2,0,6,0
49646,4,2,12,1
49647,3,0,6,2
49648,8,2,10,1
49649,3,1,11,1
49650,0,1,3,0
49651,1,0,4,0
49652,1,0,4,3
49653,2,2,5,0
49654,1,0,1,0
49655,4,3,9,1
49656,0,0,1,2
49657,1,2,6,0
49658,1,0,4,0
49659,2,1,5,0
49660,5,3,8,2
49661,4,4,5,0
49662,1,2,1,0
49663,1,2,4,2
49664,3,0,2,0
49665,2,0,2,2
49666,0,2,5,2
49667,1,0,2,0
49668,1,1,2,0
49669,5,4,12,1
49670,3,3,1,1
49671,7,4,10,1
49672,2,2,1,0
49673,0,1,2,0
49674,1,1,1,0
49675,0,2,3,0
49676,2,3,2,0
49677,0,1,6,0
49678,4,3,13,3
49679,2,1,3,1
49680,6,5,13,4
49681,1,1,3,0
49682,2,3,7,2
49683,0,0,1,0
49684,0,1,2,1
49685,0,3,1,0
49686,2,1,4,0
49687,5,4,12,2
49688,2,1,4,0
49689,1,1,2,0
49690,0,1,3,1
49691,4,0,3,1
49692,6,2,11,1
49693,2,0,4,0
49694,1,1,1,0
49695,1,2,1,0
49696,3,0,3,0
49697,1,3,4,2
49698,0,1,1,1
49699,1,3,4,2
49700,1,0,5,0
49701,1,0,5,2
49702,0,1,6,0
49703,3,3,11,2
49704,0,0,4,0
49705,1,2,1,2
49706,2,1,6,0
49707,6,5,13,2
49708,1,1,3,0
49709,6,2,5,2
49710,1,1,6,1
49711,4,0,1,1
49712,4,4,11,1
49713,0,1,4,0
49714,2,2,6,1
49715,1,0,1,2
49716,1,0,6,2
49717,0,0,3,0
49718,4,4,11,4
49719,3,0,6,0
49720,1,2,2,3
49721,4,1,4,3
49722,3,1,3,1
49723,2,0,5,0
49724,5,2,11,1
49725,3,2,1,1
49726,4,3,7,4
49727,2,2,5,0
49728,2,1,4,2
49729,3,3,11,1
49730,4,3,11,3
49731,0,1,6,0
49732,7,2,14,1
49733,0,0,3,1
49734,1,0,6,2
49735,3,3,12,2
49736,0,1,3,0
49737,0,0,6,0
49738,2,0,1,0
49739,3,0,6,1
49740,0,1,5,2
49741,3,1,5,0
49742,0,0,4,0
49743,2,0,3,2
49744,1,3,3,0
49745,7,3,14,2
49746,0,1,1,0
49747,1,0,5,1
49748,1,0,6,1
49749,0,2,3,1
49750,0,0,3,0
49751,1,0,3,0
49752,1,3,4,0
49753,2,0,2,0
49754,0,0,4,1
49755,0,0,4,0
49756,1,2,3,2
49757,6,3,9,2
49758,2,0,3,3
49759,3,3,3,1
49760,4,4,13,2
49761,0,1,5,0
49762,4,0,5,0
49763,1,1,1,2
49764,0,0,5,0
49765,0,1,1,0
49766,2,1,2,0
49767,0,2,1,0
49768,3,1,6,0
49769,0,0,4,2
49770,1,1,2,1
49771,1,2,1,0
49772,3,4,11,1
49773,2,3,2,1
49774,1,0,4,1
49775,2,0,3,0
49776,0,0,3,0
49777,2,1,4,1
49778,4,3,13,3
49779,0,2,6,1
49780,1,0,4,1
49781,1,0,5,0
49782,1,2,5,0
49783,2,3,4,0
49784,4,3,8,2
49785,0,3,5,2
49786,0,0,4,0
49787,0,0,5,2
49788,7,5,12,4
49789,0,1,4,0
49790,1,0,3,1
49791,3,0,3,0
49792,4,2,8,0
49793,3,1,3,1
49794,5,4,8,4
49795,2,2,1,0
49796,1,1,4,0
49797,1,0,4,1
49798,0,1,4,0
49799,1,0,3,0
49800,1,0,4,1
49801,8,3,10,1
49802,1,2,5,1
49803,2,0,2,0
49804,2,1,2,0
49805,3,2,10,3
49806,1,2,2,2
49807,1,1,1,0
49808,2,0,4,0
49809,4,3,7,2
49810,1,0,2,1
49811,2,2,3,0
49812,2,0,4,0
49813,1,1,5,0
49814,1,0,6,1
49815,2,2,1,0
49816,1,3,6,0
49817,4,2,2,1
49818,0,0,2,0
49819,0,0,3,0
49820,0,0,3,1
49821,1,1,6,2
49822,1,2,5,0
49823,1,1,4,0
49824,0,0,2,0
49825,0,0,6,0
49826,1,3,5,0
49827,4,5,8,2
49828,1,0,6,1
49829,2,1,3,1
49830,4,5,7,2
49831,4,3,12,2
49832,0,1,5,0
49833,4,3,10,1
49834,1,0,2,0
49835,1,1,5,0
49836,4,1,4,1
49837,1,0,3,0
49838,1,0,2,3
49839,3,4,6,2
49840,1,2,2,0
49841,0,0,2,0
49842,0,3,3,1
49843,4,0,4,0
49844,3,1,5,0
49845,5,2,12,0
49846,3,1,6,0
49847,0,2,5,0
49848,0,2,4,1
49849,2,2,4,1
49850,1,0,1,0
49851,3,2,6,0
49852,2,0,4,2
49853,0,1,1,1
49854,0,0,4,2
49855,3,1,13,1
49856,0,1,4,2
49857,1,2,6,0
49858,1,1,6,0
49859,5,6,13,1
49860,0,3,6,0
49861,1,1,3,0
49862,0,3,2,0
49863,0,0,4,0
49864,0,1,3,0
49865,2,1,2,0
49866,0,2,2,1
49867,2,0,5,2
49868,4,5,13,1
49869,2,0,5,2
49870,0,0,6,0
49871,2,1,2,3
49872,0,0,2,0
49873,0,1,3,0
49874,2,1,6,2
49875,3,1,6,0
49876,4,4,11,0
49877,3,1,5,0
49878,2,0,3,0
49879,2,1,5,0
49880,0,1,3,0
49881,1,3,5,4
49882,0,2,4,2
49883,0,2,2,2
49884,4,6,11,2
49885,0,3,2,0
49886,1,0,1,0
49887,1,1,1,3
49888,0,0,6,0
49889,1,1,2,0
49890,2,3,3,1
49891,0,2,2,0
49892,2,1,3,1
49893,0,0,3,0
49894,4,4,7,1
49895,2,1,3,2
49896,0,2,1,0
49897,6,3,13,2
49898,2,1,2,0
49899,7,4,8,1
49900,4,4,13,5
49901,4,3,13,2
49902,1,0,4,2
49903,3,3,8,3
49904,1,1,2,1
49905,1,1,5,1
49906,4,4,12,3
49907,0,0,5,0
49908,1,0,1,0
49909,0,0,2,2
49910,2,0,3,0
49911,2,3,14,3
49912,2,1,3,2
49913,2,6,14,2
49914,2,1,5,0
49915,3,3,6,0
49916,0,1,2,0
49917,0,1,4,0
49918,0,2,2,0
49919,0,2,6,0
49920,3,1,13,2
49921,6,2,8,3
49922,2,1,4,1
49923,3,0,1,1
49924,6,3,7,1
49925,3,1,4,1
49926,2,3,4,0
49927,1,1,6,0
49928,2,0,2,0
49929,1,3,9,2
49930,5,4,9,1
49931,1,2,4,0
49932,3,3,8,3
49933,4,3,9,0
49934,1,1,5,0
49935,5,1,13,2
49936,0,1,1,1
49937,3,2,5,5
49938,0,0,6,0
49939,1,3,5,0
49940,2,1,3,2
49941,1,0,6,0
49942,5,4,6,1
49943,2,0,6,1
49944,0,1,2,1
49945,3,2,6,1
49946,1,0,4,0
49947,2,1,6,1
49948,0,1,4,2
49949,1,2,1,3
49950,4,0,3,0
49951,0,0,4,1
49952,3,0,1,0
49953,1,2,4,0
49954,0,3,2,1
49955,0,1,1,2
49956,0,0,4,1
49957,0,1,6,2
49958,3,2,8,2
49959,3,2,4,0
49960,2,0,6,1
49961,2,1,1,0
49962,6,3,12,3
49963,2,0,1,0
49964,1,0,4,0
49965,0,1,1,1
49966,4,2,7,3
49967,2,1,4,0
49968,1,1,4,1
49969,0,1,3,2
49970,2,0,1,2
49971,0,0,6,0
49972,1,0,2,0
49973,1,0,5,2
49974,4,0,2,0
49975,2,2,6,0
49976,1,0,2,1
49977,1,1,5,0
49978,1,1,5,0
49979,7,6,10,2
49980,2,1,6,0
49981,1,2,8,3
49982,2,2,2,2
49983,3,0,3,3
49984,1,0,6,1
49985,1,1,5,2
49986,2,2,3,0
49987,5,2,12,3
49988,0,1,6,1
49989,2,1,2,3
49990,1,1,4,3
49991,4,1,3,0
49992,3,1,3,0
49993,1,0,6,2
49994,0,0,2,0
49995,0,0,2,0
49996,0,2,2,1
49997,3,3,6,3
49998,2,1,2,2
49999,4,0,2,1
50000,4,1,6,0
